Data,Zona,Contrato,Valor
20/10/2025,PT,FPB D Tu21Oct-25,38.38
20/10/2025,PT,FPB D We22Oct-25,35.83
20/10/2025,PT,FPB D Th23Oct-25,38.76
20/10/2025,PT,FPB D Fr24Oct-25,78.83
20/10/2025,PT,FPB D Sa25Oct-25,41.84
20/10/2025,PT,FPB D Su26Oct-25,37.20
20/10/2025,PT,FPB Wk44-25,73.65
20/10/2025,PT,FPB Wk45-25,74.55
20/10/2025,PT,FPB Wk46-25,74.55
20/10/2025,PT,FPB Wk47-25,74.55
20/10/2025,PT,FPB M Nov-25,74.55
20/10/2025,PT,FPB M Dec-25,72.55
20/10/2025,PT,FPB M Jan-26,75.75
20/10/2025,PT,FPB M Feb-26,73.55
20/10/2025,PT,FPB M Mar-26,46.21
20/10/2025,PT,FPB M Apr-26,29.96
20/10/2025,PT,FPB Q1-26,64.90
20/10/2025,PT,FPB Q2-26,41.80
20/10/2025,PT,FPB Q3-26,68.30
20/10/2025,PT,FPB Q4-26,75.02
20/10/2025,PT,FPB Q1-27,65.46
20/10/2025,PT,FPB Q2-27,36.77
20/10/2025,PT,FPB Q3-27,65.59
20/10/2025,PT,FPB YR-26,62.55
20/10/2025,PT,FPB YR-27,59.90
20/10/2025,PT,FPB YR-28,59.85
20/10/2025,PT,FPB YR-29,59.65
20/10/2025,PT,FPB YR-30,59.35
20/10/2025,PT,FPB YR-31,59.35
20/10/2025,PT,FPB YR-32,59.35
20/10/2025,PT,FPB YR-33,59.20
20/10/2025,PT,FPB YR-34,59.20
20/10/2025,PT,FPB YR-35,59.20
20/10/2025,ES,FTB D Tu21Oct-25,38.36
20/10/2025,ES,FTB D We22Oct-25,35.50
20/10/2025,ES,FTB D Th23Oct-25,38.43
20/10/2025,ES,FTB D Fr24Oct-25,78.50
20/10/2025,ES,FTB D Sa25Oct-25,41.51
20/10/2025,ES,FTB D Su26Oct-25,36.87
20/10/2025,ES,FTB Wk44-25,73.00
20/10/2025,ES,FTB Wk45-25,73.90
20/10/2025,ES,FTB Wk46-25,73.90
20/10/2025,ES,FTB Wk47-25,73.90
20/10/2025,ES,FTB M Nov-25,73.90
20/10/2025,ES,FTB M Dec-25,71.90
20/10/2025,ES,FTB M Jan-26,74.45
20/10/2025,ES,FTB M Feb-26,72.25
20/10/2025,ES,FTB M Mar-26,44.91
20/10/2025,ES,FTB M Apr-26,28.66
20/10/2025,ES,FTB Q1-26,63.60
20/10/2025,ES,FTB Q2-26,40.50
20/10/2025,ES,FTB Q3-26,67.00
20/10/2025,ES,FTB Q4-26,73.72
20/10/2025,ES,FTB Q1-27,64.46
20/10/2025,ES,FTB Q2-27,35.77
20/10/2025,ES,FTB Q3-27,64.59
20/10/2025,ES,FTB YR-26,61.25
20/10/2025,ES,FTB YR-27,58.90
20/10/2025,ES,FTB YR-28,58.85
20/10/2025,ES,FTB YR-29,58.65
20/10/2025,ES,FTB YR-30,58.35
20/10/2025,ES,FTB YR-31,58.35
20/10/2025,ES,FTB YR-32,58.35
20/10/2025,ES,FTB YR-33,58.20
20/10/2025,ES,FTB YR-34,58.20
20/10/2025,ES,FTB YR-35,58.20
21/10/2025,PT,FPB D We22Oct-25,27.98
21/10/2025,PT,FPB D Th23Oct-25,28.38
21/10/2025,PT,FPB D Fr24Oct-25,83.38
21/10/2025,PT,FPB D Sa25Oct-25,37.04
21/10/2025,PT,FPB D Su26Oct-25,32.40
21/10/2025,PT,FPB Wk44-25,68.25
21/10/2025,PT,FPB Wk45-25,70.25
21/10/2025,PT,FPB Wk46-25,73.25
21/10/2025,PT,FPB Wk47-25,73.25
21/10/2025,PT,FPB M Nov-25,73.25
21/10/2025,PT,FPB M Dec-25,72.20
21/10/2025,PT,FPB M Jan-26,76.65
21/10/2025,PT,FPB M Feb-26,74.40
21/10/2025,PT,FPB M Mar-26,46.43
21/10/2025,PT,FPB M Apr-26,30.29
21/10/2025,PT,FPB Q1-26,65.55
21/10/2025,PT,FPB Q2-26,42.13
21/10/2025,PT,FPB Q3-26,68.43
21/10/2025,PT,FPB Q4-26,74.92
21/10/2025,PT,FPB Q1-27,65.16
21/10/2025,PT,FPB Q2-27,36.47
21/10/2025,PT,FPB Q3-27,65.29
21/10/2025,PT,FPB YR-26,62.80
21/10/2025,PT,FPB YR-27,59.60
21/10/2025,PT,FPB YR-28,60.20
21/10/2025,PT,FPB YR-29,59.65
21/10/2025,PT,FPB YR-30,59.35
21/10/2025,PT,FPB YR-31,59.35
21/10/2025,PT,FPB YR-32,59.35
21/10/2025,PT,FPB YR-33,59.20
21/10/2025,PT,FPB YR-34,59.20
21/10/2025,PT,FPB YR-35,59.20
21/10/2025,ES,FTB D We22Oct-25,27.51
21/10/2025,ES,FTB D Th23Oct-25,28.00
21/10/2025,ES,FTB D Fr24Oct-25,83.00
21/10/2025,ES,FTB D Sa25Oct-25,36.66
21/10/2025,ES,FTB D Su26Oct-25,32.02
21/10/2025,ES,FTB Wk44-25,68.00
21/10/2025,ES,FTB Wk45-25,70.00
21/10/2025,ES,FTB Wk46-25,73.00
21/10/2025,ES,FTB Wk47-25,73.00
21/10/2025,ES,FTB M Nov-25,73.00
21/10/2025,ES,FTB M Dec-25,72.00
21/10/2025,ES,FTB M Jan-26,75.35
21/10/2025,ES,FTB M Feb-26,73.10
21/10/2025,ES,FTB M Mar-26,45.13
21/10/2025,ES,FTB M Apr-26,28.99
21/10/2025,ES,FTB Q1-26,64.25
21/10/2025,ES,FTB Q2-26,40.83
21/10/2025,ES,FTB Q3-26,67.13
21/10/2025,ES,FTB Q4-26,73.62
21/10/2025,ES,FTB Q1-27,64.16
21/10/2025,ES,FTB Q2-27,35.47
21/10/2025,ES,FTB Q3-27,64.29
21/10/2025,ES,FTB YR-26,61.50
21/10/2025,ES,FTB YR-27,58.60
21/10/2025,ES,FTB YR-28,59.20
21/10/2025,ES,FTB YR-29,58.65
21/10/2025,ES,FTB YR-30,58.35
21/10/2025,ES,FTB YR-31,58.35
21/10/2025,ES,FTB YR-32,58.35
21/10/2025,ES,FTB YR-33,58.20
21/10/2025,ES,FTB YR-34,58.20
21/10/2025,ES,FTB YR-35,58.20
22/10/2025,PT,FPB D Th23Oct-25,25.06
22/10/2025,PT,FPB D Fr24Oct-25,85.65
22/10/2025,PT,FPB D Sa25Oct-25,36.83
22/10/2025,PT,FPB D Su26Oct-25,32.18
22/10/2025,PT,FPB Wk44-25,62.25
22/10/2025,PT,FPB Wk45-25,67.25
22/10/2025,PT,FPB Wk46-25,71.60
22/10/2025,PT,FPB Wk47-25,71.60
22/10/2025,PT,FPB M Nov-25,71.60
22/10/2025,PT,FPB M Dec-25,71.95
22/10/2025,PT,FPB M Jan-26,76.05
22/10/2025,PT,FPB M Feb-26,74.00
22/10/2025,PT,FPB M Mar-26,48.00
22/10/2025,PT,FPB M Apr-26,30.61
22/10/2025,PT,FPB Q1-26,65.76
22/10/2025,PT,FPB Q2-26,42.45
22/10/2025,PT,FPB Q3-26,68.60
22/10/2025,PT,FPB Q4-26,75.02
22/10/2025,PT,FPB Q1-27,65.06
22/10/2025,PT,FPB Q2-27,36.37
22/10/2025,PT,FPB Q3-27,65.19
22/10/2025,PT,FPB YR-26,63.00
22/10/2025,PT,FPB YR-27,59.50
22/10/2025,PT,FPB YR-28,60.00
22/10/2025,PT,FPB YR-29,59.65
22/10/2025,PT,FPB YR-30,59.35
22/10/2025,PT,FPB YR-31,59.35
22/10/2025,PT,FPB YR-32,59.35
22/10/2025,PT,FPB YR-33,59.20
22/10/2025,PT,FPB YR-34,59.20
22/10/2025,PT,FPB YR-35,59.20
22/10/2025,ES,FTB D Th23Oct-25,23.59
22/10/2025,ES,FTB D Fr24Oct-25,85.00
22/10/2025,ES,FTB D Sa25Oct-25,36.18
22/10/2025,ES,FTB D Su26Oct-25,31.53
22/10/2025,ES,FTB Wk44-25,62.00
22/10/2025,ES,FTB Wk45-25,67.00
22/10/2025,ES,FTB Wk46-25,71.35
22/10/2025,ES,FTB Wk47-25,71.35
22/10/2025,ES,FTB M Nov-25,71.35
22/10/2025,ES,FTB M Dec-25,71.75
22/10/2025,ES,FTB M Jan-26,74.75
22/10/2025,ES,FTB M Feb-26,72.70
22/10/2025,ES,FTB M Mar-26,46.70
22/10/2025,ES,FTB M Apr-26,29.31
22/10/2025,ES,FTB Q1-26,64.46
22/10/2025,ES,FTB Q2-26,41.15
22/10/2025,ES,FTB Q3-26,67.30
22/10/2025,ES,FTB Q4-26,73.72
22/10/2025,ES,FTB Q1-27,64.06
22/10/2025,ES,FTB Q2-27,35.37
22/10/2025,ES,FTB Q3-27,64.19
22/10/2025,ES,FTB YR-26,61.70
22/10/2025,ES,FTB YR-27,58.50
22/10/2025,ES,FTB YR-28,59.00
22/10/2025,ES,FTB YR-29,58.65
22/10/2025,ES,FTB YR-30,58.35
22/10/2025,ES,FTB YR-31,58.35
22/10/2025,ES,FTB YR-32,58.35
22/10/2025,ES,FTB YR-33,58.20
22/10/2025,ES,FTB YR-34,58.20
22/10/2025,ES,FTB YR-35,58.20
23/10/2025,PT,FPB D Fr24Oct-25,95.93
23/10/2025,PT,FPB D Sa25Oct-25,65.38
23/10/2025,PT,FPB D Su26Oct-25,57.46
23/10/2025,PT,FPB Wk44-25,57.25
23/10/2025,PT,FPB Wk45-25,64.90
23/10/2025,PT,FPB Wk46-25,69.25
23/10/2025,PT,FPB Wk47-25,69.25
23/10/2025,PT,FPB M Nov-25,69.25
23/10/2025,PT,FPB M Dec-25,71.50
23/10/2025,PT,FPB M Jan-26,76.90
23/10/2025,PT,FPB M Feb-26,73.95
23/10/2025,PT,FPB M Mar-26,49.49
23/10/2025,PT,FPB M Apr-26,30.86
23/10/2025,PT,FPB Q1-26,66.55
23/10/2025,PT,FPB Q2-26,42.70
23/10/2025,PT,FPB Q3-26,68.40
23/10/2025,PT,FPB Q4-26,75.00
23/10/2025,PT,FPB Q1-27,65.31
23/10/2025,PT,FPB Q2-27,36.62
23/10/2025,PT,FPB Q3-27,65.44
23/10/2025,PT,FPB YR-26,63.20
23/10/2025,PT,FPB YR-27,59.75
23/10/2025,PT,FPB YR-28,60.00
23/10/2025,PT,FPB YR-29,59.65
23/10/2025,PT,FPB YR-30,59.35
23/10/2025,PT,FPB YR-31,59.35
23/10/2025,PT,FPB YR-32,59.35
23/10/2025,PT,FPB YR-33,59.20
23/10/2025,PT,FPB YR-34,59.20
23/10/2025,PT,FPB YR-35,59.20
23/10/2025,ES,FTB D Fr24Oct-25,91.83
23/10/2025,ES,FTB D Sa25Oct-25,64.04
23/10/2025,ES,FTB D Su26Oct-25,56.12
23/10/2025,ES,FTB Wk44-25,57.00
23/10/2025,ES,FTB Wk45-25,64.65
23/10/2025,ES,FTB Wk46-25,69.00
23/10/2025,ES,FTB Wk47-25,69.00
23/10/2025,ES,FTB M Nov-25,69.00
23/10/2025,ES,FTB M Dec-25,71.30
23/10/2025,ES,FTB M Jan-26,75.60
23/10/2025,ES,FTB M Feb-26,72.65
23/10/2025,ES,FTB M Mar-26,48.19
23/10/2025,ES,FTB M Apr-26,29.56
23/10/2025,ES,FTB Q1-26,65.25
23/10/2025,ES,FTB Q2-26,41.40
23/10/2025,ES,FTB Q3-26,67.10
23/10/2025,ES,FTB Q4-26,73.70
23/10/2025,ES,FTB Q1-27,64.31
23/10/2025,ES,FTB Q2-27,35.62
23/10/2025,ES,FTB Q3-27,64.44
23/10/2025,ES,FTB YR-26,61.90
23/10/2025,ES,FTB YR-27,58.75
23/10/2025,ES,FTB YR-28,59.00
23/10/2025,ES,FTB YR-29,58.65
23/10/2025,ES,FTB YR-30,58.35
23/10/2025,ES,FTB YR-31,58.35
23/10/2025,ES,FTB YR-32,58.35
23/10/2025,ES,FTB YR-33,58.20
23/10/2025,ES,FTB YR-34,58.20
23/10/2025,ES,FTB YR-35,58.20
24/10/2025,PT,FPB D Sa25Oct-25,81.70
24/10/2025,PT,FPB D Su26Oct-25,50.54
24/10/2025,PT,FPB D Mo27Oct-25,56.12
24/10/2025,PT,FPB D Tu28Oct-25,57.53
24/10/2025,PT,FPB D We29Oct-25,56.84
24/10/2025,PT,FPB D Th30Oct-25,57.25
24/10/2025,PT,FPB D Fr31Oct-25,55.95
24/10/2025,PT,FPB D Sa01Nov-25,50.06
24/10/2025,PT,FPB D Su02Nov-25,46.00
24/10/2025,PT,FPB Wk44-25,54.25
24/10/2025,PT,FPB Wk45-25,48.75
24/10/2025,PT,FPB Wk46-25,66.15
24/10/2025,PT,FPB Wk47-25,66.15
24/10/2025,PT,FPB M Nov-25,66.15
24/10/2025,PT,FPB M Dec-25,69.40
24/10/2025,PT,FPB M Jan-26,75.55
24/10/2025,PT,FPB M Feb-26,73.55
24/10/2025,PT,FPB M Mar-26,49.90
24/10/2025,PT,FPB M Apr-26,30.16
24/10/2025,PT,FPB Q1-26,66.10
24/10/2025,PT,FPB Q2-26,42.00
24/10/2025,PT,FPB Q3-26,68.40
24/10/2025,PT,FPB Q4-26,74.54
24/10/2025,PT,FPB Q1-27,64.96
24/10/2025,PT,FPB Q2-27,36.27
24/10/2025,PT,FPB Q3-27,65.09
24/10/2025,PT,FPB YR-26,62.80
24/10/2025,PT,FPB YR-27,59.40
24/10/2025,PT,FPB YR-28,59.75
24/10/2025,PT,FPB YR-29,59.65
24/10/2025,PT,FPB YR-30,59.35
24/10/2025,PT,FPB YR-31,59.35
24/10/2025,PT,FPB YR-32,59.35
24/10/2025,PT,FPB YR-33,59.20
24/10/2025,PT,FPB YR-34,59.20
24/10/2025,PT,FPB YR-35,59.20
24/10/2025,ES,FTB D Sa25Oct-25,80.90
24/10/2025,ES,FTB D Su26Oct-25,49.74
24/10/2025,ES,FTB D Mo27Oct-25,55.87
24/10/2025,ES,FTB D Tu28Oct-25,57.63
24/10/2025,ES,FTB D We29Oct-25,56.84
24/10/2025,ES,FTB D Th30Oct-25,56.91
24/10/2025,ES,FTB D Fr31Oct-25,55.73
24/10/2025,ES,FTB D Sa01Nov-25,49.79
24/10/2025,ES,FTB D Su02Nov-25,45.23
24/10/2025,ES,FTB Wk44-25,54.00
24/10/2025,ES,FTB Wk45-25,48.50
24/10/2025,ES,FTB Wk46-25,65.90
24/10/2025,ES,FTB Wk47-25,65.90
24/10/2025,ES,FTB M Nov-25,65.90
24/10/2025,ES,FTB M Dec-25,69.20
24/10/2025,ES,FTB M Jan-26,74.25
24/10/2025,ES,FTB M Feb-26,72.25
24/10/2025,ES,FTB M Mar-26,48.60
24/10/2025,ES,FTB M Apr-26,28.86
24/10/2025,ES,FTB Q1-26,64.80
24/10/2025,ES,FTB Q2-26,40.70
24/10/2025,ES,FTB Q3-26,67.10
24/10/2025,ES,FTB Q4-26,73.24
24/10/2025,ES,FTB Q1-27,63.96
24/10/2025,ES,FTB Q2-27,35.27
24/10/2025,ES,FTB Q3-27,64.09
24/10/2025,ES,FTB YR-26,61.50
24/10/2025,ES,FTB YR-27,58.40
24/10/2025,ES,FTB YR-28,58.75
24/10/2025,ES,FTB YR-29,58.65
24/10/2025,ES,FTB YR-30,58.35
24/10/2025,ES,FTB YR-31,58.35
24/10/2025,ES,FTB YR-32,58.35
24/10/2025,ES,FTB YR-33,58.20
24/10/2025,ES,FTB YR-34,58.20
24/10/2025,ES,FTB YR-35,58.20
27/10/2025,PT,FPB D Tu28Oct-25,101.52
27/10/2025,PT,FPB D We29Oct-25,95.71
27/10/2025,PT,FPB D Th30Oct-25,70.00
27/10/2025,PT,FPB D Fr31Oct-25,70.00
27/10/2025,PT,FPB D Sa01Nov-25,28.87
27/10/2025,PT,FPB D Su02Nov-25,27.13
27/10/2025,PT,FPB Wk45-25,49.33
27/10/2025,PT,FPB Wk46-25,74.57
27/10/2025,PT,FPB Wk47-25,74.57
27/10/2025,PT,FPB Wk48-25,74.57
27/10/2025,PT,FPB M Nov-25,65.58
27/10/2025,PT,FPB M Dec-25,69.79
27/10/2025,PT,FPB M Jan-26,75.13
27/10/2025,PT,FPB M Feb-26,72.75
27/10/2025,PT,FPB M Mar-26,49.33
27/10/2025,PT,FPB M Apr-26,30.91
27/10/2025,PT,FPB Q1-26,65.51
27/10/2025,PT,FPB Q2-26,42.83
27/10/2025,PT,FPB Q3-26,69.75
27/10/2025,PT,FPB Q4-26,75.64
27/10/2025,PT,FPB Q1-27,65.51
27/10/2025,PT,FPB Q2-27,36.82
27/10/2025,PT,FPB Q3-27,65.64
27/10/2025,PT,FPB YR-26,63.48
27/10/2025,PT,FPB YR-27,59.95
27/10/2025,PT,FPB YR-28,60.10
27/10/2025,PT,FPB YR-29,60.00
27/10/2025,PT,FPB YR-30,59.70
27/10/2025,PT,FPB YR-31,59.70
27/10/2025,PT,FPB YR-32,59.70
27/10/2025,PT,FPB YR-33,59.55
27/10/2025,PT,FPB YR-34,59.55
27/10/2025,PT,FPB YR-35,59.55
27/10/2025,ES,FTB D Tu28Oct-25,101.52
27/10/2025,ES,FTB D We29Oct-25,95.71
27/10/2025,ES,FTB D Th30Oct-25,70.00
27/10/2025,ES,FTB D Fr31Oct-25,70.00
27/10/2025,ES,FTB D Sa01Nov-25,28.87
27/10/2025,ES,FTB D Su02Nov-25,27.13
27/10/2025,ES,FTB Wk45-25,50.00
27/10/2025,ES,FTB Wk46-25,76.10
27/10/2025,ES,FTB Wk47-25,76.10
27/10/2025,ES,FTB Wk48-25,76.10
27/10/2025,ES,FTB M Nov-25,66.80
27/10/2025,ES,FTB M Dec-25,68.79
27/10/2025,ES,FTB M Jan-26,73.50
27/10/2025,ES,FTB M Feb-26,71.13
27/10/2025,ES,FTB M Mar-26,47.75
27/10/2025,ES,FTB M Apr-26,28.41
27/10/2025,ES,FTB Q1-26,63.90
27/10/2025,ES,FTB Q2-26,40.25
27/10/2025,ES,FTB Q3-26,67.40
27/10/2025,ES,FTB Q4-26,73.28
27/10/2025,ES,FTB Q1-27,64.01
27/10/2025,ES,FTB Q2-27,35.32
27/10/2025,ES,FTB Q3-27,64.14
27/10/2025,ES,FTB YR-26,61.25
27/10/2025,ES,FTB YR-27,58.45
27/10/2025,ES,FTB YR-28,58.60
27/10/2025,ES,FTB YR-29,58.50
27/10/2025,ES,FTB YR-30,58.20
27/10/2025,ES,FTB YR-31,58.20
27/10/2025,ES,FTB YR-32,58.20
27/10/2025,ES,FTB YR-33,58.05
27/10/2025,ES,FTB YR-34,58.05
27/10/2025,ES,FTB YR-35,58.05
28/10/2025,PT,FPB D We29Oct-25,104.74
28/10/2025,PT,FPB D Th30Oct-25,85.08
28/10/2025,PT,FPB D Fr31Oct-25,70.08
28/10/2025,PT,FPB D Sa01Nov-25,51.92
28/10/2025,PT,FPB D Su02Nov-25,49.24
28/10/2025,PT,FPB Wk45-25,68.33
28/10/2025,PT,FPB Wk46-25,74.30
28/10/2025,PT,FPB Wk47-25,78.32
28/10/2025,PT,FPB Wk48-25,78.32
28/10/2025,PT,FPB M Nov-25,73.20
28/10/2025,PT,FPB M Dec-25,71.25
28/10/2025,PT,FPB M Jan-26,75.54
28/10/2025,PT,FPB M Feb-26,72.98
28/10/2025,PT,FPB M Mar-26,49.41
28/10/2025,PT,FPB M Apr-26,30.11
28/10/2025,PT,FPB Q1-26,65.75
28/10/2025,PT,FPB Q2-26,42.34
28/10/2025,PT,FPB Q3-26,70.09
28/10/2025,PT,FPB Q4-26,76.35
28/10/2025,PT,FPB Q1-27,65.31
28/10/2025,PT,FPB Q2-27,36.62
28/10/2025,PT,FPB Q3-27,65.44
28/10/2025,PT,FPB YR-26,63.68
28/10/2025,PT,FPB YR-27,59.75
28/10/2025,PT,FPB YR-28,59.90
28/10/2025,PT,FPB YR-29,59.80
28/10/2025,PT,FPB YR-30,59.50
28/10/2025,PT,FPB YR-31,59.50
28/10/2025,PT,FPB YR-32,59.50
28/10/2025,PT,FPB YR-33,59.35
28/10/2025,PT,FPB YR-34,59.35
28/10/2025,PT,FPB YR-35,59.35
28/10/2025,ES,FTB D We29Oct-25,104.49
28/10/2025,ES,FTB D Th30Oct-25,85.00
28/10/2025,ES,FTB D Fr31Oct-25,70.00
28/10/2025,ES,FTB D Sa01Nov-25,51.84
28/10/2025,ES,FTB D Su02Nov-25,49.16
28/10/2025,ES,FTB Wk45-25,68.00
28/10/2025,ES,FTB Wk46-25,73.00
28/10/2025,ES,FTB Wk47-25,77.00
28/10/2025,ES,FTB Wk48-25,77.00
28/10/2025,ES,FTB M Nov-25,72.20
28/10/2025,ES,FTB M Dec-25,70.25
28/10/2025,ES,FTB M Jan-26,74.20
28/10/2025,ES,FTB M Feb-26,71.67
28/10/2025,ES,FTB M Mar-26,48.31
28/10/2025,ES,FTB M Apr-26,28.61
28/10/2025,ES,FTB Q1-26,64.50
28/10/2025,ES,FTB Q2-26,40.45
28/10/2025,ES,FTB Q3-26,67.20
28/10/2025,ES,FTB Q4-26,73.40
28/10/2025,ES,FTB Q1-27,63.81
28/10/2025,ES,FTB Q2-27,35.12
28/10/2025,ES,FTB Q3-27,63.94
28/10/2025,ES,FTB YR-26,61.43
28/10/2025,ES,FTB YR-27,58.25
28/10/2025,ES,FTB YR-28,58.40
28/10/2025,ES,FTB YR-29,58.30
28/10/2025,ES,FTB YR-30,58.00
28/10/2025,ES,FTB YR-31,58.00
28/10/2025,ES,FTB YR-32,58.00
28/10/2025,ES,FTB YR-33,57.85
28/10/2025,ES,FTB YR-34,57.85
28/10/2025,ES,FTB YR-35,57.85
29/10/2025,PT,FPB D Th30Oct-25,90.92
29/10/2025,PT,FPB D Fr31Oct-25,60.48
29/10/2025,PT,FPB D Sa01Nov-25,45.22
29/10/2025,PT,FPB D Su02Nov-25,42.74
29/10/2025,PT,FPB Wk45-25,75.93
29/10/2025,PT,FPB Wk46-25,74.10
29/10/2025,PT,FPB Wk47-25,80.22
29/10/2025,PT,FPB Wk48-25,80.68
29/10/2025,PT,FPB M Nov-25,75.48
29/10/2025,PT,FPB M Dec-25,72.00
29/10/2025,PT,FPB M Jan-26,76.68
29/10/2025,PT,FPB M Feb-26,73.65
29/10/2025,PT,FPB M Mar-26,49.14
29/10/2025,PT,FPB M Apr-26,30.66
29/10/2025,PT,FPB Q1-26,66.26
29/10/2025,PT,FPB Q2-26,42.01
29/10/2025,PT,FPB Q3-26,71.51
29/10/2025,PT,FPB Q4-26,77.81
29/10/2025,PT,FPB Q1-27,65.34
29/10/2025,PT,FPB Q2-27,36.65
29/10/2025,PT,FPB Q3-27,65.47
29/10/2025,PT,FPB YR-26,64.45
29/10/2025,PT,FPB YR-27,59.78
29/10/2025,PT,FPB YR-28,59.93
29/10/2025,PT,FPB YR-29,59.43
29/10/2025,PT,FPB YR-30,59.13
29/10/2025,PT,FPB YR-31,59.13
29/10/2025,PT,FPB YR-32,59.13
29/10/2025,PT,FPB YR-33,58.98
29/10/2025,PT,FPB YR-34,58.98
29/10/2025,PT,FPB YR-35,58.98
29/10/2025,ES,FTB D Th30Oct-25,89.26
29/10/2025,ES,FTB D Fr31Oct-25,60.00
29/10/2025,ES,FTB D Sa01Nov-25,44.74
29/10/2025,ES,FTB D Su02Nov-25,42.26
29/10/2025,ES,FTB Wk45-25,75.85
29/10/2025,ES,FTB Wk46-25,74.00
29/10/2025,ES,FTB Wk47-25,80.20
29/10/2025,ES,FTB Wk48-25,80.66
29/10/2025,ES,FTB M Nov-25,75.40
29/10/2025,ES,FTB M Dec-25,71.00
29/10/2025,ES,FTB M Jan-26,75.75
29/10/2025,ES,FTB M Feb-26,72.70
29/10/2025,ES,FTB M Mar-26,48.00
29/10/2025,ES,FTB M Apr-26,28.91
29/10/2025,ES,FTB Q1-26,65.25
29/10/2025,ES,FTB Q2-26,40.75
29/10/2025,ES,FTB Q3-26,68.21
29/10/2025,ES,FTB Q4-26,74.42
29/10/2025,ES,FTB Q1-27,64.21
29/10/2025,ES,FTB Q2-27,35.52
29/10/2025,ES,FTB Q3-27,64.34
29/10/2025,ES,FTB YR-26,62.20
29/10/2025,ES,FTB YR-27,58.65
29/10/2025,ES,FTB YR-28,58.80
29/10/2025,ES,FTB YR-29,58.30
29/10/2025,ES,FTB YR-30,58.00
29/10/2025,ES,FTB YR-31,58.00
29/10/2025,ES,FTB YR-32,58.00
29/10/2025,ES,FTB YR-33,57.85
29/10/2025,ES,FTB YR-34,57.85
29/10/2025,ES,FTB YR-35,57.85
30/10/2025,PT,FPB D Fr31Oct-25,55.79
30/10/2025,PT,FPB D Sa01Nov-25,45.13
30/10/2025,PT,FPB D Su02Nov-25,42.63
30/10/2025,PT,FPB Wk45-25,76.15
30/10/2025,PT,FPB Wk46-25,75.54
30/10/2025,PT,FPB Wk47-25,79.18
30/10/2025,PT,FPB Wk48-25,80.17
30/10/2025,PT,FPB M Nov-25,75.50
30/10/2025,PT,FPB M Dec-25,71.35
30/10/2025,PT,FPB M Jan-26,76.26
30/10/2025,PT,FPB M Feb-26,73.65
30/10/2025,PT,FPB M Mar-26,49.34
30/10/2025,PT,FPB M Apr-26,29.42
30/10/2025,PT,FPB Q1-26,66.18
30/10/2025,PT,FPB Q2-26,41.62
30/10/2025,PT,FPB Q3-26,70.39
30/10/2025,PT,FPB Q4-26,76.81
30/10/2025,PT,FPB Q1-27,65.24
30/10/2025,PT,FPB Q2-27,36.55
30/10/2025,PT,FPB Q3-27,65.37
30/10/2025,PT,FPB YR-26,63.80
30/10/2025,PT,FPB YR-27,59.68
30/10/2025,PT,FPB YR-28,59.73
30/10/2025,PT,FPB YR-29,59.43
30/10/2025,PT,FPB YR-30,59.13
30/10/2025,PT,FPB YR-31,59.13
30/10/2025,PT,FPB YR-32,59.13
30/10/2025,PT,FPB YR-33,58.98
30/10/2025,PT,FPB YR-34,58.98
30/10/2025,PT,FPB YR-35,58.98
30/10/2025,ES,FTB D Fr31Oct-25,55.79
30/10/2025,ES,FTB D Sa01Nov-25,44.75
30/10/2025,ES,FTB D Su02Nov-25,42.25
30/10/2025,ES,FTB Wk45-25,75.10
30/10/2025,ES,FTB Wk46-25,74.50
30/10/2025,ES,FTB Wk47-25,78.13
30/10/2025,ES,FTB Wk48-25,79.12
30/10/2025,ES,FTB M Nov-25,74.50
30/10/2025,ES,FTB M Dec-25,70.35
30/10/2025,ES,FTB M Jan-26,74.59
30/10/2025,ES,FTB M Feb-26,72.00
30/10/2025,ES,FTB M Mar-26,47.90
30/10/2025,ES,FTB M Apr-26,28.16
30/10/2025,ES,FTB Q1-26,64.60
30/10/2025,ES,FTB Q2-26,40.00
30/10/2025,ES,FTB Q3-26,67.53
30/10/2025,ES,FTB Q4-26,73.90
30/10/2025,ES,FTB Q1-27,64.11
30/10/2025,ES,FTB Q2-27,35.42
30/10/2025,ES,FTB Q3-27,64.24
30/10/2025,ES,FTB YR-26,61.55
30/10/2025,ES,FTB YR-27,58.55
30/10/2025,ES,FTB YR-28,58.60
30/10/2025,ES,FTB YR-29,58.30
30/10/2025,ES,FTB YR-30,58.00
30/10/2025,ES,FTB YR-31,58.00
30/10/2025,ES,FTB YR-32,58.00
30/10/2025,ES,FTB YR-33,57.85
30/10/2025,ES,FTB YR-34,57.85
30/10/2025,ES,FTB YR-35,57.85
31/10/2025,PT,FPB D Sa01Nov-25,45.58
31/10/2025,PT,FPB D Su02Nov-25,32.68
31/10/2025,PT,FPB D Mo03Nov-25,69.37
31/10/2025,PT,FPB D Tu04Nov-25,71.12
31/10/2025,PT,FPB D We05Nov-25,70.25
31/10/2025,PT,FPB D Th06Nov-25,70.76
31/10/2025,PT,FPB D Fr07Nov-25,69.16
31/10/2025,PT,FPB D Sa08Nov-25,61.89
31/10/2025,PT,FPB D Su09Nov-25,56.86
31/10/2025,PT,FPB Wk45-25,67.06
31/10/2025,PT,FPB Wk46-25,74.32
31/10/2025,PT,FPB Wk47-25,78.57
31/10/2025,PT,FPB Wk48-25,79.58
31/10/2025,PT,FPB M Nov-25,72.50
31/10/2025,PT,FPB M Dec-25,70.50
31/10/2025,PT,FPB M Jan-26,75.89
31/10/2025,PT,FPB M Feb-26,73.06
31/10/2025,PT,FPB M Mar-26,49.08
31/10/2025,PT,FPB M Apr-26,29.32
31/10/2025,PT,FPB Q1-26,65.78
31/10/2025,PT,FPB Q2-26,41.52
31/10/2025,PT,FPB Q3-26,69.68
31/10/2025,PT,FPB Q4-26,76.23
31/10/2025,PT,FPB Q1-27,65.04
31/10/2025,PT,FPB Q2-27,36.35
31/10/2025,PT,FPB Q3-27,65.17
31/10/2025,PT,FPB YR-26,63.35
31/10/2025,PT,FPB YR-27,59.48
31/10/2025,PT,FPB YR-28,59.48
31/10/2025,PT,FPB YR-29,59.43
31/10/2025,PT,FPB YR-30,59.13
31/10/2025,PT,FPB YR-31,59.13
31/10/2025,PT,FPB YR-32,59.13
31/10/2025,PT,FPB YR-33,58.98
31/10/2025,PT,FPB YR-34,58.98
31/10/2025,PT,FPB YR-35,58.98
31/10/2025,ES,FTB D Sa01Nov-25,45.58
31/10/2025,ES,FTB D Su02Nov-25,32.68
31/10/2025,ES,FTB D Mo03Nov-25,68.28
31/10/2025,ES,FTB D Tu04Nov-25,70.43
31/10/2025,ES,FTB D We05Nov-25,69.47
31/10/2025,ES,FTB D Th06Nov-25,69.56
31/10/2025,ES,FTB D Fr07Nov-25,68.12
31/10/2025,ES,FTB D Sa08Nov-25,60.85
31/10/2025,ES,FTB D Su09Nov-25,55.28
31/10/2025,ES,FTB Wk45-25,66.00
31/10/2025,ES,FTB Wk46-25,73.25
31/10/2025,ES,FTB Wk47-25,77.50
31/10/2025,ES,FTB Wk48-25,78.50
31/10/2025,ES,FTB M Nov-25,71.50
31/10/2025,ES,FTB M Dec-25,69.50
31/10/2025,ES,FTB M Jan-26,74.22
31/10/2025,ES,FTB M Feb-26,71.41
31/10/2025,ES,FTB M Mar-26,47.64
31/10/2025,ES,FTB M Apr-26,28.06
31/10/2025,ES,FTB Q1-26,64.20
31/10/2025,ES,FTB Q2-26,39.90
31/10/2025,ES,FTB Q3-26,66.82
31/10/2025,ES,FTB Q4-26,73.31
31/10/2025,ES,FTB Q1-27,63.91
31/10/2025,ES,FTB Q2-27,35.22
31/10/2025,ES,FTB Q3-27,64.04
31/10/2025,ES,FTB YR-26,61.10
31/10/2025,ES,FTB YR-27,58.35
31/10/2025,ES,FTB YR-28,58.35
31/10/2025,ES,FTB YR-29,58.30
31/10/2025,ES,FTB YR-30,58.00
31/10/2025,ES,FTB YR-31,58.00
31/10/2025,ES,FTB YR-32,58.00
31/10/2025,ES,FTB YR-33,57.85
31/10/2025,ES,FTB YR-34,57.85
31/10/2025,ES,FTB YR-35,57.85
03/11/2025,PT,FPB D Tu04Nov-25,49.44
03/11/2025,PT,FPB D We05Nov-25,25.06
03/11/2025,PT,FPB D Th06Nov-25,40.06
03/11/2025,PT,FPB D Fr07Nov-25,38.62
03/11/2025,PT,FPB D Sa08Nov-25,30.77
03/11/2025,PT,FPB D Su09Nov-25,26.37
03/11/2025,PT,FPB Wk46-25,70.00
03/11/2025,PT,FPB Wk47-25,81.00
03/11/2025,PT,FPB Wk48-25,82.00
03/11/2025,PT,FPB Wk49-25,71.75
03/11/2025,PT,FPB M Dec-25,71.75
03/11/2025,PT,FPB M Jan-26,76.99
03/11/2025,PT,FPB M Feb-26,73.81
03/11/2025,PT,FPB M Mar-26,50.23
03/11/2025,PT,FPB M Apr-26,29.50
03/11/2025,PT,FPB M May-26,19.09
03/11/2025,PT,FPB Q1-26,66.79
03/11/2025,PT,FPB Q2-26,42.23
03/11/2025,PT,FPB Q3-26,70.33
03/11/2025,PT,FPB Q4-26,76.28
03/11/2025,PT,FPB Q1-27,65.24
03/11/2025,PT,FPB Q2-27,36.55
03/11/2025,PT,FPB Q3-27,65.37
03/11/2025,PT,FPB YR-26,63.95
03/11/2025,PT,FPB YR-27,59.68
03/11/2025,PT,FPB YR-28,59.68
03/11/2025,PT,FPB YR-29,59.43
03/11/2025,PT,FPB YR-30,59.13
03/11/2025,PT,FPB YR-31,59.13
03/11/2025,PT,FPB YR-32,59.13
03/11/2025,PT,FPB YR-33,58.98
03/11/2025,PT,FPB YR-34,58.98
03/11/2025,PT,FPB YR-35,58.98
03/11/2025,ES,FTB D Tu04Nov-25,49.44
03/11/2025,ES,FTB D We05Nov-25,25.00
03/11/2025,ES,FTB D Th06Nov-25,40.00
03/11/2025,ES,FTB D Fr07Nov-25,38.56
03/11/2025,ES,FTB D Sa08Nov-25,30.71
03/11/2025,ES,FTB D Su09Nov-25,26.31
03/11/2025,ES,FTB Wk46-25,69.00
03/11/2025,ES,FTB Wk47-25,80.00
03/11/2025,ES,FTB Wk48-25,81.00
03/11/2025,ES,FTB Wk49-25,70.75
03/11/2025,ES,FTB M Dec-25,70.75
03/11/2025,ES,FTB M Jan-26,75.31
03/11/2025,ES,FTB M Feb-26,72.16
03/11/2025,ES,FTB M Mar-26,48.79
03/11/2025,ES,FTB M Apr-26,28.24
03/11/2025,ES,FTB M May-26,17.83
03/11/2025,ES,FTB Q1-26,65.20
03/11/2025,ES,FTB Q2-26,40.60
03/11/2025,ES,FTB Q3-26,67.47
03/11/2025,ES,FTB Q4-26,73.37
03/11/2025,ES,FTB Q1-27,64.11
03/11/2025,ES,FTB Q2-27,35.42
03/11/2025,ES,FTB Q3-27,64.24
03/11/2025,ES,FTB YR-26,61.70
03/11/2025,ES,FTB YR-27,58.55
03/11/2025,ES,FTB YR-28,58.55
03/11/2025,ES,FTB YR-29,58.30
03/11/2025,ES,FTB YR-30,58.00
03/11/2025,ES,FTB YR-31,58.00
03/11/2025,ES,FTB YR-32,58.00
03/11/2025,ES,FTB YR-33,57.85
03/11/2025,ES,FTB YR-34,57.85
03/11/2025,ES,FTB YR-35,57.85
04/11/2025,PT,FPB D We05Nov-25,27.75
04/11/2025,PT,FPB D Th06Nov-25,50.54
04/11/2025,PT,FPB D Fr07Nov-25,49.10
04/11/2025,PT,FPB D Sa08Nov-25,30.50
04/11/2025,PT,FPB D Su09Nov-25,26.60
04/11/2025,PT,FPB Wk46-25,77.00
04/11/2025,PT,FPB Wk47-25,79.00
04/11/2025,PT,FPB Wk48-25,81.00
04/11/2025,PT,FPB Wk49-25,73.00
04/11/2025,PT,FPB M Dec-25,73.00
04/11/2025,PT,FPB M Jan-26,77.67
04/11/2025,PT,FPB M Feb-26,74.65
04/11/2025,PT,FPB M Mar-26,51.11
04/11/2025,PT,FPB M Apr-26,29.95
04/11/2025,PT,FPB M May-26,19.54
04/11/2025,PT,FPB Q1-26,67.59
04/11/2025,PT,FPB Q2-26,42.68
04/11/2025,PT,FPB Q3-26,71.16
04/11/2025,PT,FPB Q4-26,76.40
04/11/2025,PT,FPB Q1-27,65.31
04/11/2025,PT,FPB Q2-27,36.62
04/11/2025,PT,FPB Q3-27,65.44
04/11/2025,PT,FPB YR-26,64.50
04/11/2025,PT,FPB YR-27,59.75
04/11/2025,PT,FPB YR-28,59.80
04/11/2025,PT,FPB YR-29,59.55
04/11/2025,PT,FPB YR-30,59.25
04/11/2025,PT,FPB YR-31,59.25
04/11/2025,PT,FPB YR-32,59.25
04/11/2025,PT,FPB YR-33,59.10
04/11/2025,PT,FPB YR-34,59.10
04/11/2025,PT,FPB YR-35,59.10
04/11/2025,ES,FTB D We05Nov-25,27.75
04/11/2025,ES,FTB D Th06Nov-25,50.50
04/11/2025,ES,FTB D Fr07Nov-25,49.06
04/11/2025,ES,FTB D Sa08Nov-25,30.46
04/11/2025,ES,FTB D Su09Nov-25,26.56
04/11/2025,ES,FTB Wk46-25,76.00
04/11/2025,ES,FTB Wk47-25,78.00
04/11/2025,ES,FTB Wk48-25,80.00
04/11/2025,ES,FTB Wk49-25,72.00
04/11/2025,ES,FTB M Dec-25,72.00
04/11/2025,ES,FTB M Jan-26,76.00
04/11/2025,ES,FTB M Feb-26,73.00
04/11/2025,ES,FTB M Mar-26,49.66
04/11/2025,ES,FTB M Apr-26,28.69
04/11/2025,ES,FTB M May-26,18.28
04/11/2025,ES,FTB Q1-26,66.00
04/11/2025,ES,FTB Q2-26,41.05
04/11/2025,ES,FTB Q3-26,68.30
04/11/2025,ES,FTB Q4-26,73.50
04/11/2025,ES,FTB Q1-27,64.06
04/11/2025,ES,FTB Q2-27,35.37
04/11/2025,ES,FTB Q3-27,64.19
04/11/2025,ES,FTB YR-26,62.25
04/11/2025,ES,FTB YR-27,58.50
04/11/2025,ES,FTB YR-28,58.55
04/11/2025,ES,FTB YR-29,58.30
04/11/2025,ES,FTB YR-30,58.00
04/11/2025,ES,FTB YR-31,58.00
04/11/2025,ES,FTB YR-32,58.00
04/11/2025,ES,FTB YR-33,57.85
04/11/2025,ES,FTB YR-34,57.85
04/11/2025,ES,FTB YR-35,57.85
05/11/2025,PT,FPB D Th06Nov-25,41.24
05/11/2025,PT,FPB D Fr07Nov-25,78.28
05/11/2025,PT,FPB D Sa08Nov-25,53.41
05/11/2025,PT,FPB D Su09Nov-25,47.15
05/11/2025,PT,FPB Wk46-25,62.75
05/11/2025,PT,FPB Wk47-25,73.00
05/11/2025,PT,FPB Wk48-25,75.00
05/11/2025,PT,FPB Wk49-25,70.55
05/11/2025,PT,FPB M Dec-25,70.55
05/11/2025,PT,FPB M Jan-26,76.48
05/11/2025,PT,FPB M Feb-26,73.90
05/11/2025,PT,FPB M Mar-26,50.08
05/11/2025,PT,FPB M Apr-26,29.19
05/11/2025,PT,FPB M May-26,18.92
05/11/2025,PT,FPB Q1-26,66.59
05/11/2025,PT,FPB Q2-26,41.82
05/11/2025,PT,FPB Q3-26,70.50
05/11/2025,PT,FPB Q4-26,75.91
05/11/2025,PT,FPB Q1-27,65.21
05/11/2025,PT,FPB Q2-27,36.52
05/11/2025,PT,FPB Q3-27,65.34
05/11/2025,PT,FPB YR-26,63.75
05/11/2025,PT,FPB YR-27,59.65
05/11/2025,PT,FPB YR-28,60.05
05/11/2025,PT,FPB YR-29,59.55
05/11/2025,PT,FPB YR-30,59.25
05/11/2025,PT,FPB YR-31,59.25
05/11/2025,PT,FPB YR-32,59.25
05/11/2025,PT,FPB YR-33,59.10
05/11/2025,PT,FPB YR-34,59.10
05/11/2025,PT,FPB YR-35,59.10
05/11/2025,ES,FTB D Th06Nov-25,40.25
05/11/2025,ES,FTB D Fr07Nov-25,78.00
05/11/2025,ES,FTB D Sa08Nov-25,53.13
05/11/2025,ES,FTB D Su09Nov-25,46.87
05/11/2025,ES,FTB Wk46-25,61.75
05/11/2025,ES,FTB Wk47-25,72.00
05/11/2025,ES,FTB Wk48-25,74.00
05/11/2025,ES,FTB Wk49-25,69.55
05/11/2025,ES,FTB M Dec-25,69.55
05/11/2025,ES,FTB M Jan-26,74.80
05/11/2025,ES,FTB M Feb-26,72.25
05/11/2025,ES,FTB M Mar-26,48.63
05/11/2025,ES,FTB M Apr-26,27.93
05/11/2025,ES,FTB M May-26,17.66
05/11/2025,ES,FTB Q1-26,65.00
05/11/2025,ES,FTB Q2-26,40.20
05/11/2025,ES,FTB Q3-26,67.64
05/11/2025,ES,FTB Q4-26,73.00
05/11/2025,ES,FTB Q1-27,63.96
05/11/2025,ES,FTB Q2-27,35.27
05/11/2025,ES,FTB Q3-27,64.09
05/11/2025,ES,FTB YR-26,61.50
05/11/2025,ES,FTB YR-27,58.40
05/11/2025,ES,FTB YR-28,58.80
05/11/2025,ES,FTB YR-29,58.30
05/11/2025,ES,FTB YR-30,58.00
05/11/2025,ES,FTB YR-31,58.00
05/11/2025,ES,FTB YR-32,58.00
05/11/2025,ES,FTB YR-33,57.85
05/11/2025,ES,FTB YR-34,57.85
05/11/2025,ES,FTB YR-35,57.85
06/11/2025,PT,FPB D Fr07Nov-25,68.22
06/11/2025,PT,FPB D Sa08Nov-25,51.89
06/11/2025,PT,FPB D Su09Nov-25,45.55
06/11/2025,PT,FPB Wk46-25,55.15
06/11/2025,PT,FPB Wk47-25,67.00
06/11/2025,PT,FPB Wk48-25,75.00
06/11/2025,PT,FPB Wk49-25,69.35
06/11/2025,PT,FPB M Dec-25,69.35
06/11/2025,PT,FPB M Jan-26,75.90
06/11/2025,PT,FPB M Feb-26,72.77
06/11/2025,PT,FPB M Mar-26,50.25
06/11/2025,PT,FPB M Apr-26,29.01
06/11/2025,PT,FPB M May-26,18.80
06/11/2025,PT,FPB Q1-26,66.10
06/11/2025,PT,FPB Q2-26,41.56
06/11/2025,PT,FPB Q3-26,69.98
06/11/2025,PT,FPB Q4-26,75.69
06/11/2025,PT,FPB Q1-27,65.06
06/11/2025,PT,FPB Q2-27,36.37
06/11/2025,PT,FPB Q3-27,65.19
06/11/2025,PT,FPB YR-26,63.38
06/11/2025,PT,FPB YR-27,59.50
06/11/2025,PT,FPB YR-28,60.05
06/11/2025,PT,FPB YR-29,59.55
06/11/2025,PT,FPB YR-30,59.25
06/11/2025,PT,FPB YR-31,59.25
06/11/2025,PT,FPB YR-32,59.25
06/11/2025,PT,FPB YR-33,59.10
06/11/2025,PT,FPB YR-34,59.10
06/11/2025,PT,FPB YR-35,59.10
06/11/2025,ES,FTB D Fr07Nov-25,68.22
06/11/2025,ES,FTB D Sa08Nov-25,51.67
06/11/2025,ES,FTB D Su09Nov-25,45.33
06/11/2025,ES,FTB Wk46-25,54.15
06/11/2025,ES,FTB Wk47-25,66.00
06/11/2025,ES,FTB Wk48-25,74.00
06/11/2025,ES,FTB Wk49-25,68.35
06/11/2025,ES,FTB M Dec-25,68.35
06/11/2025,ES,FTB M Jan-26,74.10
06/11/2025,ES,FTB M Feb-26,71.00
06/11/2025,ES,FTB M Mar-26,48.72
06/11/2025,ES,FTB M Apr-26,30.00
06/11/2025,ES,FTB M May-26,20.66
06/11/2025,ES,FTB Q1-26,64.40
06/11/2025,ES,FTB Q2-26,40.30
06/11/2025,ES,FTB Q3-26,67.00
06/11/2025,ES,FTB Q4-26,72.65
06/11/2025,ES,FTB Q1-27,63.81
06/11/2025,ES,FTB Q2-27,35.12
06/11/2025,ES,FTB Q3-27,63.94
06/11/2025,ES,FTB YR-26,61.13
06/11/2025,ES,FTB YR-27,58.25
06/11/2025,ES,FTB YR-28,58.80
06/11/2025,ES,FTB YR-29,58.30
06/11/2025,ES,FTB YR-30,58.00
06/11/2025,ES,FTB YR-31,58.00
06/11/2025,ES,FTB YR-32,58.00
06/11/2025,ES,FTB YR-33,57.85
06/11/2025,ES,FTB YR-34,57.85
06/11/2025,ES,FTB YR-35,57.85
07/11/2025,PT,FPB D Sa08Nov-25,44.73
07/11/2025,PT,FPB D Su09Nov-25,48.89
07/11/2025,PT,FPB D Mo10Nov-25,47.33
07/11/2025,PT,FPB D Tu11Nov-25,48.52
07/11/2025,PT,FPB D We12Nov-25,47.93
07/11/2025,PT,FPB D Th13Nov-25,48.28
07/11/2025,PT,FPB D Fr14Nov-25,47.19
07/11/2025,PT,FPB D Sa15Nov-25,42.22
07/11/2025,PT,FPB D Su16Nov-25,38.79
07/11/2025,PT,FPB Wk46-25,45.75
07/11/2025,PT,FPB Wk47-25,59.50
07/11/2025,PT,FPB Wk48-25,70.00
07/11/2025,PT,FPB Wk49-25,67.00
07/11/2025,PT,FPB M Dec-25,67.00
07/11/2025,PT,FPB M Jan-26,74.36
07/11/2025,PT,FPB M Feb-26,71.91
07/11/2025,PT,FPB M Mar-26,50.34
07/11/2025,PT,FPB M Apr-26,30.93
07/11/2025,PT,FPB M May-26,29.51
07/11/2025,PT,FPB Q1-26,65.33
07/11/2025,PT,FPB Q2-26,41.47
07/11/2025,PT,FPB Q3-26,69.61
07/11/2025,PT,FPB Q4-26,75.16
07/11/2025,PT,FPB Q1-27,65.16
07/11/2025,PT,FPB Q2-27,36.47
07/11/2025,PT,FPB Q3-27,65.29
07/11/2025,PT,FPB YR-26,62.94
07/11/2025,PT,FPB YR-27,59.60
07/11/2025,PT,FPB YR-28,60.15
07/11/2025,PT,FPB YR-29,60.10
07/11/2025,PT,FPB YR-30,59.80
07/11/2025,PT,FPB YR-31,59.80
07/11/2025,PT,FPB YR-32,59.80
07/11/2025,PT,FPB YR-33,59.65
07/11/2025,PT,FPB YR-34,59.65
07/11/2025,PT,FPB YR-35,59.65
07/11/2025,ES,FTB D Sa08Nov-25,41.17
07/11/2025,ES,FTB D Su09Nov-25,45.33
07/11/2025,ES,FTB D Mo10Nov-25,46.30
07/11/2025,ES,FTB D Tu11Nov-25,47.76
07/11/2025,ES,FTB D We12Nov-25,47.11
07/11/2025,ES,FTB D Th13Nov-25,47.17
07/11/2025,ES,FTB D Fr14Nov-25,46.19
07/11/2025,ES,FTB D Sa15Nov-25,41.26
07/11/2025,ES,FTB D Su16Nov-25,37.48
07/11/2025,ES,FTB Wk46-25,44.75
07/11/2025,ES,FTB Wk47-25,58.50
07/11/2025,ES,FTB Wk48-25,69.00
07/11/2025,ES,FTB Wk49-25,66.00
07/11/2025,ES,FTB M Dec-25,66.00
07/11/2025,ES,FTB M Jan-26,72.70
07/11/2025,ES,FTB M Feb-26,70.27
07/11/2025,ES,FTB M Mar-26,48.89
07/11/2025,ES,FTB M Apr-26,29.67
07/11/2025,ES,FTB M May-26,28.25
07/11/2025,ES,FTB Q1-26,63.75
07/11/2025,ES,FTB Q2-26,39.85
07/11/2025,ES,FTB Q3-26,66.75
07/11/2025,ES,FTB Q4-26,72.25
07/11/2025,ES,FTB Q1-27,63.91
07/11/2025,ES,FTB Q2-27,35.22
07/11/2025,ES,FTB Q3-27,64.04
07/11/2025,ES,FTB YR-26,60.69
07/11/2025,ES,FTB YR-27,58.35
07/11/2025,ES,FTB YR-28,58.90
07/11/2025,ES,FTB YR-29,58.85
07/11/2025,ES,FTB YR-30,58.55
07/11/2025,ES,FTB YR-31,58.55
07/11/2025,ES,FTB YR-32,58.55
07/11/2025,ES,FTB YR-33,58.40
07/11/2025,ES,FTB YR-34,58.40
07/11/2025,ES,FTB YR-35,58.40
10/11/2025,PT,FPB D Tu11Nov-25,66.88
10/11/2025,PT,FPB D We12Nov-25,30.00
10/11/2025,PT,FPB D Th13Nov-25,59.64
10/11/2025,PT,FPB D Fr14Nov-25,58.66
10/11/2025,PT,FPB D Sa15Nov-25,53.73
10/11/2025,PT,FPB D Su16Nov-25,49.95
10/11/2025,PT,FPB Wk47-25,69.50
10/11/2025,PT,FPB Wk48-25,69.75
10/11/2025,PT,FPB Wk49-25,67.50
10/11/2025,PT,FPB Wk50-25,67.50
10/11/2025,PT,FPB M Dec-25,67.50
10/11/2025,PT,FPB M Jan-26,73.46
10/11/2025,PT,FPB M Feb-26,70.93
10/11/2025,PT,FPB M Mar-26,49.95
10/11/2025,PT,FPB M Apr-26,30.63
10/11/2025,PT,FPB M May-26,29.11
10/11/2025,PT,FPB Q1-26,64.58
10/11/2025,PT,FPB Q2-26,41.07
10/11/2025,PT,FPB Q3-26,68.56
10/11/2025,PT,FPB Q4-26,74.88
10/11/2025,PT,FPB Q1-27,65.06
10/11/2025,PT,FPB Q2-27,36.37
10/11/2025,PT,FPB Q3-27,65.19
10/11/2025,PT,FPB YR-26,62.32
10/11/2025,PT,FPB YR-27,59.50
10/11/2025,PT,FPB YR-28,59.95
10/11/2025,PT,FPB YR-29,60.10
10/11/2025,PT,FPB YR-30,59.80
10/11/2025,PT,FPB YR-31,59.80
10/11/2025,PT,FPB YR-32,59.80
10/11/2025,PT,FPB YR-33,59.65
10/11/2025,PT,FPB YR-34,59.65
10/11/2025,PT,FPB YR-35,59.65
10/11/2025,ES,FTB D Tu11Nov-25,66.88
10/11/2025,ES,FTB D We12Nov-25,30.00
10/11/2025,ES,FTB D Th13Nov-25,59.64
10/11/2025,ES,FTB D Fr14Nov-25,58.66
10/11/2025,ES,FTB D Sa15Nov-25,53.73
10/11/2025,ES,FTB D Su16Nov-25,49.95
10/11/2025,ES,FTB Wk47-25,68.50
10/11/2025,ES,FTB Wk48-25,68.75
10/11/2025,ES,FTB Wk49-25,66.50
10/11/2025,ES,FTB Wk50-25,66.50
10/11/2025,ES,FTB M Dec-25,66.50
10/11/2025,ES,FTB M Jan-26,71.80
10/11/2025,ES,FTB M Feb-26,69.29
10/11/2025,ES,FTB M Mar-26,48.50
10/11/2025,ES,FTB M Apr-26,29.37
10/11/2025,ES,FTB M May-26,27.85
10/11/2025,ES,FTB Q1-26,63.00
10/11/2025,ES,FTB Q2-26,39.45
10/11/2025,ES,FTB Q3-26,65.70
10/11/2025,ES,FTB Q4-26,71.97
10/11/2025,ES,FTB Q1-27,63.81
10/11/2025,ES,FTB Q2-27,35.12
10/11/2025,ES,FTB Q3-27,63.94
10/11/2025,ES,FTB YR-26,60.07
10/11/2025,ES,FTB YR-27,58.25
10/11/2025,ES,FTB YR-28,58.70
10/11/2025,ES,FTB YR-29,58.85
10/11/2025,ES,FTB YR-30,58.55
10/11/2025,ES,FTB YR-31,58.55
10/11/2025,ES,FTB YR-32,58.55
10/11/2025,ES,FTB YR-33,58.40
10/11/2025,ES,FTB YR-34,58.40
10/11/2025,ES,FTB YR-35,58.40
11/11/2025,PT,FPB D We12Nov-25,27.78
11/11/2025,PT,FPB D Th13Nov-25,58.90
11/11/2025,PT,FPB D Fr14Nov-25,57.92
11/11/2025,PT,FPB D Sa15Nov-25,52.99
11/11/2025,PT,FPB D Su16Nov-25,49.21
11/11/2025,PT,FPB Wk47-25,74.00
11/11/2025,PT,FPB Wk48-25,70.75
11/11/2025,PT,FPB Wk49-25,69.35
11/11/2025,PT,FPB Wk50-25,69.35
11/11/2025,PT,FPB M Dec-25,69.35
11/11/2025,PT,FPB M Jan-26,74.17
11/11/2025,PT,FPB M Feb-26,71.14
11/11/2025,PT,FPB M Mar-26,50.96
11/11/2025,PT,FPB M Apr-26,30.52
11/11/2025,PT,FPB M May-26,28.96
11/11/2025,PT,FPB Q1-26,65.24
11/11/2025,PT,FPB Q2-26,40.92
11/11/2025,PT,FPB Q3-26,68.70
11/11/2025,PT,FPB Q4-26,74.57
11/11/2025,PT,FPB Q1-27,65.21
11/11/2025,PT,FPB Q2-27,36.52
11/11/2025,PT,FPB Q3-27,65.34
11/11/2025,PT,FPB YR-26,62.40
11/11/2025,PT,FPB YR-27,59.65
11/11/2025,PT,FPB YR-28,59.95
11/11/2025,PT,FPB YR-29,60.10
11/11/2025,PT,FPB YR-30,59.80
11/11/2025,PT,FPB YR-31,59.80
11/11/2025,PT,FPB YR-32,59.80
11/11/2025,PT,FPB YR-33,59.65
11/11/2025,PT,FPB YR-34,59.65
11/11/2025,PT,FPB YR-35,59.65
11/11/2025,ES,FTB D We12Nov-25,27.78
11/11/2025,ES,FTB D Th13Nov-25,58.90
11/11/2025,ES,FTB D Fr14Nov-25,57.92
11/11/2025,ES,FTB D Sa15Nov-25,52.99
11/11/2025,ES,FTB D Su16Nov-25,49.21
11/11/2025,ES,FTB Wk47-25,73.00
11/11/2025,ES,FTB Wk48-25,69.75
11/11/2025,ES,FTB Wk49-25,68.35
11/11/2025,ES,FTB Wk50-25,68.35
11/11/2025,ES,FTB M Dec-25,68.35
11/11/2025,ES,FTB M Jan-26,72.50
11/11/2025,ES,FTB M Feb-26,69.50
11/11/2025,ES,FTB M Mar-26,49.50
11/11/2025,ES,FTB M Apr-26,29.26
11/11/2025,ES,FTB M May-26,27.70
11/11/2025,ES,FTB Q1-26,63.65
11/11/2025,ES,FTB Q2-26,39.30
11/11/2025,ES,FTB Q3-26,65.84
11/11/2025,ES,FTB Q4-26,71.66
11/11/2025,ES,FTB Q1-27,63.96
11/11/2025,ES,FTB Q2-27,35.27
11/11/2025,ES,FTB Q3-27,64.09
11/11/2025,ES,FTB YR-26,60.15
11/11/2025,ES,FTB YR-27,58.40
11/11/2025,ES,FTB YR-28,58.70
11/11/2025,ES,FTB YR-29,58.85
11/11/2025,ES,FTB YR-30,58.55
11/11/2025,ES,FTB YR-31,58.55
11/11/2025,ES,FTB YR-32,58.55
11/11/2025,ES,FTB YR-33,58.40
11/11/2025,ES,FTB YR-34,58.40
11/11/2025,ES,FTB YR-35,58.40
12/11/2025,PT,FPB D Th13Nov-25,31.90
12/11/2025,PT,FPB D Fr14Nov-25,38.00
12/11/2025,PT,FPB D Sa15Nov-25,43.60
12/11/2025,PT,FPB D Su16Nov-25,39.82
12/11/2025,PT,FPB Wk47-25,80.25
12/11/2025,PT,FPB Wk48-25,72.75
12/11/2025,PT,FPB Wk49-25,70.30
12/11/2025,PT,FPB Wk50-25,70.30
12/11/2025,PT,FPB M Dec-25,70.30
12/11/2025,PT,FPB M Jan-26,74.23
12/11/2025,PT,FPB M Feb-26,71.21
12/11/2025,PT,FPB M Mar-26,50.98
12/11/2025,PT,FPB M Apr-26,30.86
12/11/2025,PT,FPB M May-26,29.41
12/11/2025,PT,FPB Q1-26,65.29
12/11/2025,PT,FPB Q2-26,41.38
12/11/2025,PT,FPB Q3-26,69.11
12/11/2025,PT,FPB Q4-26,74.76
12/11/2025,PT,FPB Q1-27,64.75
12/11/2025,PT,FPB Q2-27,36.57
12/11/2025,PT,FPB Q3-27,65.39
12/11/2025,PT,FPB YR-26,62.68
12/11/2025,PT,FPB YR-27,59.70
12/11/2025,PT,FPB YR-28,59.95
12/11/2025,PT,FPB YR-29,59.75
12/11/2025,PT,FPB YR-30,59.75
12/11/2025,PT,FPB YR-31,59.75
12/11/2025,PT,FPB YR-32,59.75
12/11/2025,PT,FPB YR-33,59.60
12/11/2025,PT,FPB YR-34,59.60
12/11/2025,PT,FPB YR-35,59.60
12/11/2025,ES,FTB D Th13Nov-25,31.90
12/11/2025,ES,FTB D Fr14Nov-25,38.00
12/11/2025,ES,FTB D Sa15Nov-25,43.60
12/11/2025,ES,FTB D Su16Nov-25,39.82
12/11/2025,ES,FTB Wk47-25,79.25
12/11/2025,ES,FTB Wk48-25,71.75
12/11/2025,ES,FTB Wk49-25,69.30
12/11/2025,ES,FTB Wk50-25,69.30
12/11/2025,ES,FTB M Dec-25,69.30
12/11/2025,ES,FTB M Jan-26,72.56
12/11/2025,ES,FTB M Feb-26,69.57
12/11/2025,ES,FTB M Mar-26,49.52
12/11/2025,ES,FTB M Apr-26,29.60
12/11/2025,ES,FTB M May-26,28.15
12/11/2025,ES,FTB Q1-26,63.70
12/11/2025,ES,FTB Q2-26,39.75
12/11/2025,ES,FTB Q3-26,66.25
12/11/2025,ES,FTB Q4-26,71.85
12/11/2025,ES,FTB Q1-27,63.50
12/11/2025,ES,FTB Q2-27,35.32
12/11/2025,ES,FTB Q3-27,64.14
12/11/2025,ES,FTB YR-26,60.43
12/11/2025,ES,FTB YR-27,58.45
12/11/2025,ES,FTB YR-28,58.70
12/11/2025,ES,FTB YR-29,58.50
12/11/2025,ES,FTB YR-30,58.50
12/11/2025,ES,FTB YR-31,58.50
12/11/2025,ES,FTB YR-32,58.50
12/11/2025,ES,FTB YR-33,58.35
12/11/2025,ES,FTB YR-34,58.35
12/11/2025,ES,FTB YR-35,58.35
13/11/2025,PT,FPB D Fr14Nov-25,29.39
13/11/2025,PT,FPB D Sa15Nov-25,41.88
13/11/2025,PT,FPB D Su16Nov-25,38.10
13/11/2025,PT,FPB M Dec-25,69.50
13/11/2025,PT,FPB M Jan-26,74.40
13/11/2025,PT,FPB M Feb-26,71.12
13/11/2025,PT,FPB M Mar-26,51.21
13/11/2025,PT,FPB M Apr-26,30.86
13/11/2025,PT,FPB M May-26,29.41
13/11/2025,PT,FPB Q1-26,65.40
13/11/2025,PT,FPB Q2-26,41.38
13/11/2025,PT,FPB Q3-26,68.61
13/11/2025,PT,FPB Q4-26,74.45
13/11/2025,PT,FPB Q1-27,64.80
13/11/2025,PT,FPB Q2-27,36.62
13/11/2025,PT,FPB Q3-27,65.44
13/11/2025,PT,FPB YR-26,62.50
13/11/2025,PT,FPB YR-27,59.75
13/11/2025,PT,FPB YR-28,59.50
13/11/2025,PT,FPB YR-29,59.50
13/11/2025,PT,FPB YR-30,59.50
13/11/2025,PT,FPB YR-31,59.50
13/11/2025,PT,FPB YR-32,59.50
13/11/2025,PT,FPB YR-33,59.35
13/11/2025,PT,FPB YR-34,59.35
13/11/2025,PT,FPB YR-35,59.35
13/11/2025,ES,FTB D Fr14Nov-25,29.39
13/11/2025,ES,FTB D Sa15Nov-25,41.88
13/11/2025,ES,FTB D Su16Nov-25,38.10
13/11/2025,ES,FTB M Dec-25,68.50
13/11/2025,ES,FTB M Jan-26,72.73
13/11/2025,ES,FTB M Feb-26,69.48
13/11/2025,ES,FTB M Mar-26,49.75
13/11/2025,ES,FTB M Apr-26,29.60
13/11/2025,ES,FTB M May-26,28.15
13/11/2025,ES,FTB Q1-26,63.81
13/11/2025,ES,FTB Q2-26,39.75
13/11/2025,ES,FTB Q3-26,65.75
13/11/2025,ES,FTB Q4-26,71.54
13/11/2025,ES,FTB Q1-27,63.55
13/11/2025,ES,FTB Q2-27,35.37
13/11/2025,ES,FTB Q3-27,64.19
13/11/2025,ES,FTB YR-26,60.25
13/11/2025,ES,FTB YR-27,58.50
13/11/2025,ES,FTB YR-28,58.25
13/11/2025,ES,FTB YR-29,58.25
13/11/2025,ES,FTB YR-30,58.25
13/11/2025,ES,FTB YR-31,58.25
13/11/2025,ES,FTB YR-32,58.25
13/11/2025,ES,FTB YR-33,58.10
13/11/2025,ES,FTB YR-34,58.10
13/11/2025,ES,FTB YR-35,58.10
14/11/2025,PT,FPB D Sa15Nov-25,31.46
14/11/2025,PT,FPB D Su16Nov-25,38.10
14/11/2025,PT,FPB D Mo17Nov-25,80.85
14/11/2025,PT,FPB D Tu18Nov-25,82.88
14/11/2025,PT,FPB D We19Nov-25,81.88
14/11/2025,PT,FPB D Th20Nov-25,82.47
14/11/2025,PT,FPB D Fr21Nov-25,80.61
14/11/2025,PT,FPB D Sa22Nov-25,72.12
14/11/2025,PT,FPB D Su23Nov-25,66.26
14/11/2025,PT,FPB Wk47-25,78.15
14/11/2025,PT,FPB Wk48-25,73.00
14/11/2025,PT,FPB Wk49-25,70.85
14/11/2025,PT,FPB Wk50-25,70.85
14/11/2025,PT,FPB M Dec-25,70.85
14/11/2025,PT,FPB M Jan-26,75.41
14/11/2025,PT,FPB M Feb-26,71.79
14/11/2025,PT,FPB M Mar-26,51.74
14/11/2025,PT,FPB M Apr-26,31.23
14/11/2025,PT,FPB M May-26,29.91
14/11/2025,PT,FPB Q1-26,66.14
14/11/2025,PT,FPB Q2-26,41.87
14/11/2025,PT,FPB Q3-26,69.36
14/11/2025,PT,FPB Q4-26,74.66
14/11/2025,PT,FPB Q1-27,65.20
14/11/2025,PT,FPB Q2-27,37.02
14/11/2025,PT,FPB Q3-27,65.84
14/11/2025,PT,FPB YR-26,63.05
14/11/2025,PT,FPB YR-27,60.15
14/11/2025,PT,FPB YR-28,59.90
14/11/2025,PT,FPB YR-29,59.50
14/11/2025,PT,FPB YR-30,59.50
14/11/2025,PT,FPB YR-31,59.50
14/11/2025,PT,FPB YR-32,59.50
14/11/2025,PT,FPB YR-33,59.35
14/11/2025,PT,FPB YR-34,59.35
14/11/2025,PT,FPB YR-35,59.35
14/11/2025,ES,FTB D Sa15Nov-25,31.46
14/11/2025,ES,FTB D Su16Nov-25,38.10
14/11/2025,ES,FTB D Mo17Nov-25,77.00
14/11/2025,ES,FTB D Tu18Nov-25,79.00
14/11/2025,ES,FTB D We19Nov-25,82.53
14/11/2025,ES,FTB D Th20Nov-25,82.63
14/11/2025,ES,FTB D Fr21Nov-25,80.93
14/11/2025,ES,FTB D Sa22Nov-25,72.29
14/11/2025,ES,FTB D Su23Nov-25,65.67
14/11/2025,ES,FTB Wk47-25,77.15
14/11/2025,ES,FTB Wk48-25,72.00
14/11/2025,ES,FTB Wk49-25,69.85
14/11/2025,ES,FTB Wk50-25,69.85
14/11/2025,ES,FTB M Dec-25,69.85
14/11/2025,ES,FTB M Jan-26,73.74
14/11/2025,ES,FTB M Feb-26,70.15
14/11/2025,ES,FTB M Mar-26,50.28
14/11/2025,ES,FTB M Apr-26,29.97
14/11/2025,ES,FTB M May-26,28.65
14/11/2025,ES,FTB Q1-26,64.55
14/11/2025,ES,FTB Q2-26,40.25
14/11/2025,ES,FTB Q3-26,66.51
14/11/2025,ES,FTB Q4-26,71.76
14/11/2025,ES,FTB Q1-27,63.95
14/11/2025,ES,FTB Q2-27,35.77
14/11/2025,ES,FTB Q3-27,64.59
14/11/2025,ES,FTB YR-26,60.80
14/11/2025,ES,FTB YR-27,58.90
14/11/2025,ES,FTB YR-28,58.65
14/11/2025,ES,FTB YR-29,58.25
14/11/2025,ES,FTB YR-30,58.25
14/11/2025,ES,FTB YR-31,58.25
14/11/2025,ES,FTB YR-32,58.25
14/11/2025,ES,FTB YR-33,58.10
14/11/2025,ES,FTB YR-34,58.10
14/11/2025,ES,FTB YR-35,58.10
17/11/2025,PT,FPB D Tu18Nov-25,79.38
17/11/2025,PT,FPB D We19Nov-25,83.83
17/11/2025,PT,FPB D Th20Nov-25,83.93
17/11/2025,PT,FPB D Fr21Nov-25,67.15
17/11/2025,PT,FPB D Sa22Nov-25,63.20
17/11/2025,PT,FPB D Su23Nov-25,57.10
17/11/2025,PT,FPB Wk48-25,74.50
17/11/2025,PT,FPB Wk49-25,76.00
17/11/2025,PT,FPB Wk50-25,68.85
17/11/2025,PT,FPB Wk51-25,68.85
17/11/2025,PT,FPB M Dec-25,68.85
17/11/2025,PT,FPB M Jan-26,74.36
17/11/2025,PT,FPB M Feb-26,71.01
17/11/2025,PT,FPB M Mar-26,50.95
17/11/2025,PT,FPB M Apr-26,31.47
17/11/2025,PT,FPB M May-26,30.15
17/11/2025,PT,FPB Q1-26,65.26
17/11/2025,PT,FPB Q2-26,41.75
17/11/2025,PT,FPB Q3-26,69.42
17/11/2025,PT,FPB Q4-26,74.12
17/11/2025,PT,FPB Q1-27,65.00
17/11/2025,PT,FPB Q2-27,36.82
17/11/2025,PT,FPB Q3-27,65.64
17/11/2025,PT,FPB YR-26,62.68
17/11/2025,PT,FPB YR-27,59.95
17/11/2025,PT,FPB YR-28,60.00
17/11/2025,PT,FPB YR-29,59.60
17/11/2025,PT,FPB YR-30,59.50
17/11/2025,PT,FPB YR-31,59.50
17/11/2025,PT,FPB YR-32,59.50
17/11/2025,PT,FPB YR-33,59.35
17/11/2025,PT,FPB YR-34,59.35
17/11/2025,PT,FPB YR-35,59.35
17/11/2025,ES,FTB D Tu18Nov-25,79.08
17/11/2025,ES,FTB D We19Nov-25,83.68
17/11/2025,ES,FTB D Th20Nov-25,83.78
17/11/2025,ES,FTB D Fr21Nov-25,67.00
17/11/2025,ES,FTB D Sa22Nov-25,63.05
17/11/2025,ES,FTB D Su23Nov-25,56.95
17/11/2025,ES,FTB Wk48-25,73.50
17/11/2025,ES,FTB Wk49-25,75.00
17/11/2025,ES,FTB Wk50-25,67.85
17/11/2025,ES,FTB Wk51-25,67.85
17/11/2025,ES,FTB M Dec-25,67.85
17/11/2025,ES,FTB M Jan-26,73.10
17/11/2025,ES,FTB M Feb-26,69.75
17/11/2025,ES,FTB M Mar-26,49.69
17/11/2025,ES,FTB M Apr-26,29.97
17/11/2025,ES,FTB M May-26,28.65
17/11/2025,ES,FTB Q1-26,64.00
17/11/2025,ES,FTB Q2-26,40.25
17/11/2025,ES,FTB Q3-26,66.45
17/11/2025,ES,FTB Q4-26,71.15
17/11/2025,ES,FTB Q1-27,63.75
17/11/2025,ES,FTB Q2-27,35.57
17/11/2025,ES,FTB Q3-27,64.39
17/11/2025,ES,FTB YR-26,60.50
17/11/2025,ES,FTB YR-27,58.70
17/11/2025,ES,FTB YR-28,58.75
17/11/2025,ES,FTB YR-29,58.35
17/11/2025,ES,FTB YR-30,58.25
17/11/2025,ES,FTB YR-31,58.25
17/11/2025,ES,FTB YR-32,58.25
17/11/2025,ES,FTB YR-33,58.10
17/11/2025,ES,FTB YR-34,58.10
17/11/2025,ES,FTB YR-35,58.10
18/11/2025,PT,FPB D We19Nov-25,100.16
18/11/2025,PT,FPB D Th20Nov-25,82.10
18/11/2025,PT,FPB D Fr21Nov-25,67.10
18/11/2025,PT,FPB D Sa22Nov-25,52.34
18/11/2025,PT,FPB D Su23Nov-25,47.86
18/11/2025,PT,FPB Wk48-25,71.05
18/11/2025,PT,FPB Wk49-25,77.00
18/11/2025,PT,FPB Wk50-25,69.00
18/11/2025,PT,FPB Wk51-25,69.00
18/11/2025,PT,FPB M Dec-25,69.00
18/11/2025,PT,FPB M Jan-26,73.95
18/11/2025,PT,FPB M Feb-26,71.08
18/11/2025,PT,FPB M Mar-26,50.25
18/11/2025,PT,FPB M Apr-26,31.51
18/11/2025,PT,FPB M May-26,30.20
18/11/2025,PT,FPB Q1-26,64.90
18/11/2025,PT,FPB Q2-26,41.80
18/11/2025,PT,FPB Q3-26,69.03
18/11/2025,PT,FPB Q4-26,74.80
18/11/2025,PT,FPB Q1-27,65.05
18/11/2025,PT,FPB Q2-27,36.87
18/11/2025,PT,FPB Q3-27,65.69
18/11/2025,PT,FPB YR-26,62.68
18/11/2025,PT,FPB YR-27,60.00
18/11/2025,PT,FPB YR-28,60.05
18/11/2025,PT,FPB YR-29,59.65
18/11/2025,PT,FPB YR-30,59.50
18/11/2025,PT,FPB YR-31,59.50
18/11/2025,PT,FPB YR-32,59.50
18/11/2025,PT,FPB YR-33,59.35
18/11/2025,PT,FPB YR-34,59.35
18/11/2025,PT,FPB YR-35,59.35
18/11/2025,ES,FTB D We19Nov-25,100.16
18/11/2025,ES,FTB D Th20Nov-25,82.00
18/11/2025,ES,FTB D Fr21Nov-25,67.00
18/11/2025,ES,FTB D Sa22Nov-25,52.24
18/11/2025,ES,FTB D Su23Nov-25,47.76
18/11/2025,ES,FTB Wk48-25,70.05
18/11/2025,ES,FTB Wk49-25,76.00
18/11/2025,ES,FTB Wk50-25,68.00
18/11/2025,ES,FTB Wk51-25,68.00
18/11/2025,ES,FTB M Dec-25,68.00
18/11/2025,ES,FTB M Jan-26,72.70
18/11/2025,ES,FTB M Feb-26,69.83
18/11/2025,ES,FTB M Mar-26,49.00
18/11/2025,ES,FTB M Apr-26,30.01
18/11/2025,ES,FTB M May-26,28.70
18/11/2025,ES,FTB Q1-26,63.65
18/11/2025,ES,FTB Q2-26,40.30
18/11/2025,ES,FTB Q3-26,66.07
18/11/2025,ES,FTB Q4-26,71.83
18/11/2025,ES,FTB Q1-27,63.80
18/11/2025,ES,FTB Q2-27,35.62
18/11/2025,ES,FTB Q3-27,64.44
18/11/2025,ES,FTB YR-26,60.50
18/11/2025,ES,FTB YR-27,58.75
18/11/2025,ES,FTB YR-28,58.80
18/11/2025,ES,FTB YR-29,58.40
18/11/2025,ES,FTB YR-30,58.25
18/11/2025,ES,FTB YR-31,58.25
18/11/2025,ES,FTB YR-32,58.25
18/11/2025,ES,FTB YR-33,58.10
18/11/2025,ES,FTB YR-34,58.10
18/11/2025,ES,FTB YR-35,58.10
19/11/2025,PT,FPB D Th20Nov-25,84.53
19/11/2025,PT,FPB D Fr21Nov-25,67.07
19/11/2025,PT,FPB D Sa22Nov-25,52.29
19/11/2025,PT,FPB D Su23Nov-25,47.85
19/11/2025,PT,FPB Wk48-25,74.00
19/11/2025,PT,FPB Wk49-25,76.00
19/11/2025,PT,FPB Wk50-25,67.00
19/11/2025,PT,FPB Wk51-25,67.00
19/11/2025,PT,FPB M Dec-25,67.00
19/11/2025,PT,FPB M Jan-26,72.36
19/11/2025,PT,FPB M Feb-26,69.76
19/11/2025,PT,FPB M Mar-26,50.31
19/11/2025,PT,FPB M Apr-26,30.61
19/11/2025,PT,FPB M May-26,29.35
19/11/2025,PT,FPB Q1-26,63.96
19/11/2025,PT,FPB Q2-26,40.93
19/11/2025,PT,FPB Q3-26,66.15
19/11/2025,PT,FPB Q4-26,72.81
19/11/2025,PT,FPB Q1-27,64.95
19/11/2025,PT,FPB Q2-27,36.77
19/11/2025,PT,FPB Q3-27,65.59
19/11/2025,PT,FPB YR-26,61.00
19/11/2025,PT,FPB YR-27,59.90
19/11/2025,PT,FPB YR-28,59.55
19/11/2025,PT,FPB YR-29,59.01
19/11/2025,PT,FPB YR-30,58.86
19/11/2025,PT,FPB YR-31,58.86
19/11/2025,PT,FPB YR-32,58.86
19/11/2025,PT,FPB YR-33,58.71
19/11/2025,PT,FPB YR-34,58.71
19/11/2025,PT,FPB YR-35,58.71
19/11/2025,ES,FTB D Th20Nov-25,84.54
19/11/2025,ES,FTB D Fr21Nov-25,67.00
19/11/2025,ES,FTB D Sa22Nov-25,52.22
19/11/2025,ES,FTB D Su23Nov-25,47.78
19/11/2025,ES,FTB Wk48-25,73.00
19/11/2025,ES,FTB Wk49-25,75.00
19/11/2025,ES,FTB Wk50-25,66.00
19/11/2025,ES,FTB Wk51-25,66.00
19/11/2025,ES,FTB M Dec-25,66.00
19/11/2025,ES,FTB M Jan-26,71.50
19/11/2025,ES,FTB M Feb-26,68.90
19/11/2025,ES,FTB M Mar-26,49.44
19/11/2025,ES,FTB M Apr-26,30.16
19/11/2025,ES,FTB M May-26,28.90
19/11/2025,ES,FTB Q1-26,63.10
19/11/2025,ES,FTB Q2-26,40.50
19/11/2025,ES,FTB Q3-26,65.59
19/11/2025,ES,FTB Q4-26,72.25
19/11/2025,ES,FTB Q1-27,63.70
19/11/2025,ES,FTB Q2-27,35.52
19/11/2025,ES,FTB Q3-27,64.34
19/11/2025,ES,FTB YR-26,60.40
19/11/2025,ES,FTB YR-27,58.65
19/11/2025,ES,FTB YR-28,58.30
19/11/2025,ES,FTB YR-29,57.76
19/11/2025,ES,FTB YR-30,57.61
19/11/2025,ES,FTB YR-31,57.61
19/11/2025,ES,FTB YR-32,57.61
19/11/2025,ES,FTB YR-33,57.46
19/11/2025,ES,FTB YR-34,57.46
19/11/2025,ES,FTB YR-35,57.46
20/11/2025,PT,FPB D Fr21Nov-25,63.54
20/11/2025,PT,FPB D Sa22Nov-25,50.56
20/11/2025,PT,FPB D Su23Nov-25,46.02
20/11/2025,PT,FPB Wk48-25,72.00
20/11/2025,PT,FPB Wk49-25,77.10
20/11/2025,PT,FPB Wk50-25,73.00
20/11/2025,PT,FPB Wk51-25,68.10
20/11/2025,PT,FPB M Dec-25,68.10
20/11/2025,PT,FPB M Jan-26,71.80
20/11/2025,PT,FPB M Feb-26,69.99
20/11/2025,PT,FPB M Mar-26,50.95
20/11/2025,PT,FPB M Apr-26,30.68
20/11/2025,PT,FPB M May-26,29.45
20/11/2025,PT,FPB Q1-26,64.06
20/11/2025,PT,FPB Q2-26,41.03
20/11/2025,PT,FPB Q3-26,66.13
20/11/2025,PT,FPB Q4-26,72.63
20/11/2025,PT,FPB Q1-27,65.30
20/11/2025,PT,FPB Q2-27,37.12
20/11/2025,PT,FPB Q3-27,65.94
20/11/2025,PT,FPB YR-26,61.00
20/11/2025,PT,FPB YR-27,60.25
20/11/2025,PT,FPB YR-28,59.55
20/11/2025,PT,FPB YR-29,59.01
20/11/2025,PT,FPB YR-30,58.86
20/11/2025,PT,FPB YR-31,58.86
20/11/2025,PT,FPB YR-32,58.86
20/11/2025,PT,FPB YR-33,58.71
20/11/2025,PT,FPB YR-34,58.71
20/11/2025,PT,FPB YR-35,58.71
20/11/2025,ES,FTB D Fr21Nov-25,60.14
20/11/2025,ES,FTB D Sa22Nov-25,49.82
20/11/2025,ES,FTB D Su23Nov-25,45.28
20/11/2025,ES,FTB Wk48-25,71.00
20/11/2025,ES,FTB Wk49-25,76.10
20/11/2025,ES,FTB Wk50-25,72.00
20/11/2025,ES,FTB Wk51-25,67.10
20/11/2025,ES,FTB M Dec-25,67.10
20/11/2025,ES,FTB M Jan-26,70.94
20/11/2025,ES,FTB M Feb-26,69.13
20/11/2025,ES,FTB M Mar-26,50.08
20/11/2025,ES,FTB M Apr-26,30.23
20/11/2025,ES,FTB M May-26,29.00
20/11/2025,ES,FTB Q1-26,63.20
20/11/2025,ES,FTB Q2-26,40.60
20/11/2025,ES,FTB Q3-26,65.57
20/11/2025,ES,FTB Q4-26,72.07
20/11/2025,ES,FTB Q1-27,64.05
20/11/2025,ES,FTB Q2-27,35.87
20/11/2025,ES,FTB Q3-27,64.69
20/11/2025,ES,FTB YR-26,60.40
20/11/2025,ES,FTB YR-27,59.00
20/11/2025,ES,FTB YR-28,58.30
20/11/2025,ES,FTB YR-29,57.76
20/11/2025,ES,FTB YR-30,57.61
20/11/2025,ES,FTB YR-31,57.61
20/11/2025,ES,FTB YR-32,57.61
20/11/2025,ES,FTB YR-33,57.46
20/11/2025,ES,FTB YR-34,57.46
20/11/2025,ES,FTB YR-35,57.46
21/11/2025,PT,FPB D Sa22Nov-25,59.07
21/11/2025,PT,FPB D Su23Nov-25,30.43
21/11/2025,PT,FPB D Mo24Nov-25,69.83
21/11/2025,PT,FPB D Tu25Nov-25,71.58
21/11/2025,PT,FPB D We26Nov-25,70.72
21/11/2025,PT,FPB D Th27Nov-25,71.23
21/11/2025,PT,FPB D Fr28Nov-25,69.62
21/11/2025,PT,FPB D Sa29Nov-25,62.29
21/11/2025,PT,FPB D Su30Nov-25,57.23
21/11/2025,PT,FPB Wk48-25,67.50
21/11/2025,PT,FPB Wk49-25,74.50
21/11/2025,PT,FPB Wk50-25,70.60
21/11/2025,PT,FPB Wk51-25,65.70
21/11/2025,PT,FPB M Dec-25,65.70
21/11/2025,PT,FPB M Jan-26,70.90
21/11/2025,PT,FPB M Feb-26,68.48
21/11/2025,PT,FPB M Mar-26,50.02
21/11/2025,PT,FPB M Apr-26,30.34
21/11/2025,PT,FPB M May-26,29.00
21/11/2025,PT,FPB Q1-26,62.96
21/11/2025,PT,FPB Q2-26,40.58
21/11/2025,PT,FPB Q3-26,65.18
21/11/2025,PT,FPB Q4-26,71.53
21/11/2025,PT,FPB Q1-27,64.40
21/11/2025,PT,FPB Q2-27,36.22
21/11/2025,PT,FPB Q3-27,65.04
21/11/2025,PT,FPB YR-26,60.10
21/11/2025,PT,FPB YR-27,59.35
21/11/2025,PT,FPB YR-28,59.75
21/11/2025,PT,FPB YR-29,59.21
21/11/2025,PT,FPB YR-30,58.86
21/11/2025,PT,FPB YR-31,58.81
21/11/2025,PT,FPB YR-32,58.81
21/11/2025,PT,FPB YR-33,58.66
21/11/2025,PT,FPB YR-34,58.66
21/11/2025,PT,FPB YR-35,58.66
21/11/2025,ES,FTB D Sa22Nov-25,59.07
21/11/2025,ES,FTB D Su23Nov-25,30.43
21/11/2025,ES,FTB D Mo24Nov-25,68.80
21/11/2025,ES,FTB D Tu25Nov-25,70.97
21/11/2025,ES,FTB D We26Nov-25,70.00
21/11/2025,ES,FTB D Th27Nov-25,70.09
21/11/2025,ES,FTB D Fr28Nov-25,68.64
21/11/2025,ES,FTB D Sa29Nov-25,61.31
21/11/2025,ES,FTB D Su30Nov-25,55.70
21/11/2025,ES,FTB Wk48-25,66.50
21/11/2025,ES,FTB Wk49-25,73.50
21/11/2025,ES,FTB Wk50-25,69.60
21/11/2025,ES,FTB Wk51-25,64.70
21/11/2025,ES,FTB M Dec-25,64.70
21/11/2025,ES,FTB M Jan-26,70.05
21/11/2025,ES,FTB M Feb-26,67.62
21/11/2025,ES,FTB M Mar-26,49.15
21/11/2025,ES,FTB M Apr-26,29.89
21/11/2025,ES,FTB M May-26,28.55
21/11/2025,ES,FTB Q1-26,62.10
21/11/2025,ES,FTB Q2-26,40.15
21/11/2025,ES,FTB Q3-26,64.62
21/11/2025,ES,FTB Q4-26,70.97
21/11/2025,ES,FTB Q1-27,63.15
21/11/2025,ES,FTB Q2-27,34.97
21/11/2025,ES,FTB Q3-27,63.79
21/11/2025,ES,FTB YR-26,59.50
21/11/2025,ES,FTB YR-27,58.10
21/11/2025,ES,FTB YR-28,58.50
21/11/2025,ES,FTB YR-29,57.96
21/11/2025,ES,FTB YR-30,57.61
21/11/2025,ES,FTB YR-31,57.56
21/11/2025,ES,FTB YR-32,57.56
21/11/2025,ES,FTB YR-33,57.41
21/11/2025,ES,FTB YR-34,57.41
21/11/2025,ES,FTB YR-35,57.41
24/11/2025,PT,FPB D Tu25Nov-25,48.17
24/11/2025,PT,FPB D We26Nov-25,70.00
24/11/2025,PT,FPB D Th27Nov-25,90.00
24/11/2025,PT,FPB D Fr28Nov-25,95.00
24/11/2025,PT,FPB D Sa29Nov-25,53.48
24/11/2025,PT,FPB D Su30Nov-25,48.52
24/11/2025,PT,FPB Wk49-25,65.00
24/11/2025,PT,FPB Wk50-25,69.55
24/11/2025,PT,FPB Wk51-25,71.00
24/11/2025,PT,FPB Wk52-25,64.65
24/11/2025,PT,FPB M Dec-25,64.65
24/11/2025,PT,FPB M Jan-26,69.46
24/11/2025,PT,FPB M Feb-26,65.51
24/11/2025,PT,FPB M Mar-26,48.05
24/11/2025,PT,FPB M Apr-26,29.86
24/11/2025,PT,FPB M May-26,28.35
24/11/2025,PT,FPB Q1-26,60.86
24/11/2025,PT,FPB Q2-26,39.92
24/11/2025,PT,FPB Q3-26,64.22
24/11/2025,PT,FPB Q4-26,69.83
24/11/2025,PT,FPB Q1-27,63.75
24/11/2025,PT,FPB Q2-27,35.57
24/11/2025,PT,FPB Q3-27,64.39
24/11/2025,PT,FPB YR-26,58.75
24/11/2025,PT,FPB YR-27,58.70
24/11/2025,PT,FPB YR-28,59.10
24/11/2025,PT,FPB YR-29,59.21
24/11/2025,PT,FPB YR-30,58.86
24/11/2025,PT,FPB YR-31,58.81
24/11/2025,PT,FPB YR-32,58.81
24/11/2025,PT,FPB YR-33,58.66
24/11/2025,PT,FPB YR-34,58.66
24/11/2025,PT,FPB YR-35,58.66
24/11/2025,ES,FTB D Tu25Nov-25,48.17
24/11/2025,ES,FTB D We26Nov-25,70.00
24/11/2025,ES,FTB D Th27Nov-25,90.00
24/11/2025,ES,FTB D Fr28Nov-25,95.00
24/11/2025,ES,FTB D Sa29Nov-25,53.48
24/11/2025,ES,FTB D Su30Nov-25,48.52
24/11/2025,ES,FTB Wk49-25,64.00
24/11/2025,ES,FTB Wk50-25,68.55
24/11/2025,ES,FTB Wk51-25,70.00
24/11/2025,ES,FTB Wk52-25,63.65
24/11/2025,ES,FTB M Dec-25,63.65
24/11/2025,ES,FTB M Jan-26,68.60
24/11/2025,ES,FTB M Feb-26,64.65
24/11/2025,ES,FTB M Mar-26,47.18
24/11/2025,ES,FTB M Apr-26,29.41
24/11/2025,ES,FTB M May-26,27.90
24/11/2025,ES,FTB Q1-26,60.00
24/11/2025,ES,FTB Q2-26,39.50
24/11/2025,ES,FTB Q3-26,63.66
24/11/2025,ES,FTB Q4-26,69.28
24/11/2025,ES,FTB Q1-27,62.50
24/11/2025,ES,FTB Q2-27,34.32
24/11/2025,ES,FTB Q3-27,63.14
24/11/2025,ES,FTB YR-26,58.15
24/11/2025,ES,FTB YR-27,57.45
24/11/2025,ES,FTB YR-28,57.85
24/11/2025,ES,FTB YR-29,57.96
24/11/2025,ES,FTB YR-30,57.61
24/11/2025,ES,FTB YR-31,57.56
24/11/2025,ES,FTB YR-32,57.56
24/11/2025,ES,FTB YR-33,57.41
24/11/2025,ES,FTB YR-34,57.41
24/11/2025,ES,FTB YR-35,57.41
25/11/2025,PT,FPB D We26Nov-25,73.67
25/11/2025,PT,FPB D Th27Nov-25,91.49
25/11/2025,PT,FPB D Fr28Nov-25,94.49
25/11/2025,PT,FPB D Sa29Nov-25,55.24
25/11/2025,PT,FPB D Su30Nov-25,49.74
25/11/2025,PT,FPB Wk49-25,65.50
25/11/2025,PT,FPB Wk50-25,69.80
25/11/2025,PT,FPB Wk51-25,71.25
25/11/2025,PT,FPB Wk52-25,64.90
25/11/2025,PT,FPB M Dec-25,64.90
25/11/2025,PT,FPB M Jan-26,68.25
25/11/2025,PT,FPB M Feb-26,65.06
25/11/2025,PT,FPB M Mar-26,48.79
25/11/2025,PT,FPB M Apr-26,29.34
25/11/2025,PT,FPB M May-26,27.65
25/11/2025,PT,FPB Q1-26,60.56
25/11/2025,PT,FPB Q2-26,39.22
25/11/2025,PT,FPB Q3-26,62.27
25/11/2025,PT,FPB Q4-26,69.40
25/11/2025,PT,FPB Q1-27,64.75
25/11/2025,PT,FPB Q2-27,35.57
25/11/2025,PT,FPB Q3-27,63.99
25/11/2025,PT,FPB YR-26,57.90
25/11/2025,PT,FPB YR-27,58.30
25/11/2025,PT,FPB YR-28,58.70
25/11/2025,PT,FPB YR-29,58.35
25/11/2025,PT,FPB YR-30,58.00
25/11/2025,PT,FPB YR-31,57.95
25/11/2025,PT,FPB YR-32,57.95
25/11/2025,PT,FPB YR-33,57.80
25/11/2025,PT,FPB YR-34,57.80
25/11/2025,PT,FPB YR-35,57.80
25/11/2025,ES,FTB D We26Nov-25,69.21
25/11/2025,ES,FTB D Th27Nov-25,90.00
25/11/2025,ES,FTB D Fr28Nov-25,93.00
25/11/2025,ES,FTB D Sa29Nov-25,53.75
25/11/2025,ES,FTB D Su30Nov-25,48.25
25/11/2025,ES,FTB Wk49-25,64.50
25/11/2025,ES,FTB Wk50-25,68.80
25/11/2025,ES,FTB Wk51-25,70.25
25/11/2025,ES,FTB Wk52-25,63.90
25/11/2025,ES,FTB M Dec-25,63.90
25/11/2025,ES,FTB M Jan-26,67.40
25/11/2025,ES,FTB M Feb-26,64.20
25/11/2025,ES,FTB M Mar-26,47.92
25/11/2025,ES,FTB M Apr-26,28.89
25/11/2025,ES,FTB M May-26,27.20
25/11/2025,ES,FTB Q1-26,59.70
25/11/2025,ES,FTB Q2-26,38.80
25/11/2025,ES,FTB Q3-26,61.71
25/11/2025,ES,FTB Q4-26,68.84
25/11/2025,ES,FTB Q1-27,63.50
25/11/2025,ES,FTB Q2-27,34.32
25/11/2025,ES,FTB Q3-27,62.74
25/11/2025,ES,FTB YR-26,57.30
25/11/2025,ES,FTB YR-27,57.05
25/11/2025,ES,FTB YR-28,57.45
25/11/2025,ES,FTB YR-29,57.10
25/11/2025,ES,FTB YR-30,56.75
25/11/2025,ES,FTB YR-31,56.70
25/11/2025,ES,FTB YR-32,56.70
25/11/2025,ES,FTB YR-33,56.55
25/11/2025,ES,FTB YR-34,56.55
25/11/2025,ES,FTB YR-35,56.55
26/11/2025,PT,FPB D Th27Nov-25,86.02
26/11/2025,PT,FPB D Fr28Nov-25,94.12
26/11/2025,PT,FPB D Sa29Nov-25,54.99
26/11/2025,PT,FPB D Su30Nov-25,49.25
26/11/2025,PT,FPB Wk49-25,59.00
26/11/2025,PT,FPB Wk50-25,68.30
26/11/2025,PT,FPB Wk51-25,70.80
26/11/2025,PT,FPB Wk52-25,63.40
26/11/2025,PT,FPB M Dec-25,63.40
26/11/2025,PT,FPB M Jan-26,67.77
26/11/2025,PT,FPB M Feb-26,64.72
26/11/2025,PT,FPB M Mar-26,47.63
26/11/2025,PT,FPB M Apr-26,29.41
26/11/2025,PT,FPB M May-26,27.75
26/11/2025,PT,FPB Q1-26,59.89
26/11/2025,PT,FPB Q2-26,39.51
26/11/2025,PT,FPB Q3-26,61.85
26/11/2025,PT,FPB Q4-26,68.79
26/11/2025,PT,FPB Q1-27,63.39
26/11/2025,PT,FPB Q2-27,34.21
26/11/2025,PT,FPB Q3-27,62.63
26/11/2025,PT,FPB YR-26,57.55
26/11/2025,PT,FPB YR-27,57.65
26/11/2025,PT,FPB YR-28,58.05
26/11/2025,PT,FPB YR-29,57.70
26/11/2025,PT,FPB YR-30,57.35
26/11/2025,PT,FPB YR-31,57.30
26/11/2025,PT,FPB YR-32,57.30
26/11/2025,PT,FPB YR-33,57.15
26/11/2025,PT,FPB YR-34,57.15
26/11/2025,PT,FPB YR-35,57.15
26/11/2025,ES,FTB D Th27Nov-25,86.02
26/11/2025,ES,FTB D Fr28Nov-25,93.00
26/11/2025,ES,FTB D Sa29Nov-25,53.87
26/11/2025,ES,FTB D Su30Nov-25,48.13
26/11/2025,ES,FTB Wk49-25,58.00
26/11/2025,ES,FTB Wk50-25,67.30
26/11/2025,ES,FTB Wk51-25,69.80
26/11/2025,ES,FTB Wk52-25,62.40
26/11/2025,ES,FTB M Dec-25,62.40
26/11/2025,ES,FTB M Jan-26,66.60
26/11/2025,ES,FTB M Feb-26,63.56
26/11/2025,ES,FTB M Mar-26,46.54
26/11/2025,ES,FTB M Apr-26,28.96
26/11/2025,ES,FTB M May-26,27.30
26/11/2025,ES,FTB Q1-26,58.75
26/11/2025,ES,FTB Q2-26,38.90
26/11/2025,ES,FTB Q3-26,60.45
26/11/2025,ES,FTB Q4-26,67.36
26/11/2025,ES,FTB Q1-27,62.14
26/11/2025,ES,FTB Q2-27,32.96
26/11/2025,ES,FTB Q3-27,61.38
26/11/2025,ES,FTB YR-26,56.40
26/11/2025,ES,FTB YR-27,56.40
26/11/2025,ES,FTB YR-28,56.80
26/11/2025,ES,FTB YR-29,56.45
26/11/2025,ES,FTB YR-30,56.10
26/11/2025,ES,FTB YR-31,56.05
26/11/2025,ES,FTB YR-32,56.05
26/11/2025,ES,FTB YR-33,55.90
26/11/2025,ES,FTB YR-34,55.90
26/11/2025,ES,FTB YR-35,55.90
27/11/2025,PT,FPB D Fr28Nov-25,98.73
27/11/2025,PT,FPB D Sa29Nov-25,54.37
27/11/2025,PT,FPB D Su30Nov-25,49.41
27/11/2025,PT,FPB Wk49-25,61.20
27/11/2025,PT,FPB Wk50-25,67.50
27/11/2025,PT,FPB Wk51-25,70.90
27/11/2025,PT,FPB Wk52-25,63.50
27/11/2025,PT,FPB M Dec-25,63.50
27/11/2025,PT,FPB M Jan-26,66.62
27/11/2025,PT,FPB M Feb-26,63.66
27/11/2025,PT,FPB M Mar-26,49.02
27/11/2025,PT,FPB M Apr-26,29.67
27/11/2025,PT,FPB M May-26,28.10
27/11/2025,PT,FPB Q1-26,59.64
27/11/2025,PT,FPB Q2-26,39.86
27/11/2025,PT,FPB Q3-26,62.64
27/11/2025,PT,FPB Q4-26,69.09
27/11/2025,PT,FPB Q1-27,63.39
27/11/2025,PT,FPB Q2-27,33.68
27/11/2025,PT,FPB Q3-27,61.65
27/11/2025,PT,FPB YR-26,57.85
27/11/2025,PT,FPB YR-27,56.75
27/11/2025,PT,FPB YR-28,56.25
27/11/2025,PT,FPB YR-29,55.90
27/11/2025,PT,FPB YR-30,55.55
27/11/2025,PT,FPB YR-31,55.50
27/11/2025,PT,FPB YR-32,55.50
27/11/2025,PT,FPB YR-33,55.35
27/11/2025,PT,FPB YR-34,55.35
27/11/2025,PT,FPB YR-35,55.35
27/11/2025,ES,FTB D Fr28Nov-25,98.73
27/11/2025,ES,FTB D Sa29Nov-25,53.48
27/11/2025,ES,FTB D Su30Nov-25,48.52
27/11/2025,ES,FTB Wk49-25,60.20
27/11/2025,ES,FTB Wk50-25,66.50
27/11/2025,ES,FTB Wk51-25,69.90
27/11/2025,ES,FTB Wk52-25,62.50
27/11/2025,ES,FTB M Dec-25,62.50
27/11/2025,ES,FTB M Jan-26,65.45
27/11/2025,ES,FTB M Feb-26,62.50
27/11/2025,ES,FTB M Mar-26,47.92
27/11/2025,ES,FTB M Apr-26,29.22
27/11/2025,ES,FTB M May-26,27.65
27/11/2025,ES,FTB Q1-26,58.50
27/11/2025,ES,FTB Q2-26,39.25
27/11/2025,ES,FTB Q3-26,61.24
27/11/2025,ES,FTB Q4-26,67.66
27/11/2025,ES,FTB Q1-27,62.14
27/11/2025,ES,FTB Q2-27,32.43
27/11/2025,ES,FTB Q3-27,60.40
27/11/2025,ES,FTB YR-26,56.70
27/11/2025,ES,FTB YR-27,55.50
27/11/2025,ES,FTB YR-28,55.00
27/11/2025,ES,FTB YR-29,54.65
27/11/2025,ES,FTB YR-30,54.30
27/11/2025,ES,FTB YR-31,54.25
27/11/2025,ES,FTB YR-32,54.25
27/11/2025,ES,FTB YR-33,54.10
27/11/2025,ES,FTB YR-34,54.10
27/11/2025,ES,FTB YR-35,54.10
28/11/2025,PT,FPB D Sa29Nov-25,82.23
28/11/2025,PT,FPB D Su30Nov-25,48.53
28/11/2025,PT,FPB D Mo01Dec-25,70.87
28/11/2025,PT,FPB D Tu02Dec-25,72.64
28/11/2025,PT,FPB D We03Dec-25,71.77
28/11/2025,PT,FPB D Th04Dec-25,72.28
28/11/2025,PT,FPB D Fr05Dec-25,70.65
28/11/2025,PT,FPB D Sa06Dec-25,63.21
28/11/2025,PT,FPB D Su07Dec-25,58.08
28/11/2025,PT,FPB Wk49-25,68.50
28/11/2025,PT,FPB Wk50-25,66.75
28/11/2025,PT,FPB Wk51-25,66.75
28/11/2025,PT,FPB Wk52-25,59.35
28/11/2025,PT,FPB M Dec-25,63.85
28/11/2025,PT,FPB M Jan-26,68.27
28/11/2025,PT,FPB M Feb-26,64.36
28/11/2025,PT,FPB M Mar-26,48.47
28/11/2025,PT,FPB M Apr-26,29.56
28/11/2025,PT,FPB M May-26,27.95
28/11/2025,PT,FPB Q1-26,60.24
28/11/2025,PT,FPB Q2-26,39.71
28/11/2025,PT,FPB Q3-26,62.59
28/11/2025,PT,FPB Q4-26,69.89
28/11/2025,PT,FPB Q1-27,63.75
28/11/2025,PT,FPB Q2-27,34.68
28/11/2025,PT,FPB Q3-27,62.65
28/11/2025,PT,FPB YR-26,58.15
28/11/2025,PT,FPB YR-27,57.75
28/11/2025,PT,FPB YR-28,56.75
28/11/2025,PT,FPB YR-29,56.40
28/11/2025,PT,FPB YR-30,56.05
28/11/2025,PT,FPB YR-31,56.00
28/11/2025,PT,FPB YR-32,56.00
28/11/2025,PT,FPB YR-33,55.85
28/11/2025,PT,FPB YR-34,55.85
28/11/2025,PT,FPB YR-35,55.85
28/11/2025,ES,FTB D Sa29Nov-25,82.23
28/11/2025,ES,FTB D Su30Nov-25,48.53
28/11/2025,ES,FTB D Mo01Dec-25,69.83
28/11/2025,ES,FTB D Tu02Dec-25,72.04
28/11/2025,ES,FTB D We03Dec-25,71.05
28/11/2025,ES,FTB D Th04Dec-25,71.14
28/11/2025,ES,FTB D Fr05Dec-25,69.67
28/11/2025,ES,FTB D Sa06Dec-25,62.23
28/11/2025,ES,FTB D Su07Dec-25,56.53
28/11/2025,ES,FTB Wk49-25,67.50
28/11/2025,ES,FTB Wk50-25,65.75
28/11/2025,ES,FTB Wk51-25,65.75
28/11/2025,ES,FTB Wk52-25,58.35
28/11/2025,ES,FTB M Dec-25,62.85
28/11/2025,ES,FTB M Jan-26,67.10
28/11/2025,ES,FTB M Feb-26,63.20
28/11/2025,ES,FTB M Mar-26,47.38
28/11/2025,ES,FTB M Apr-26,29.11
28/11/2025,ES,FTB M May-26,27.50
28/11/2025,ES,FTB Q1-26,59.10
28/11/2025,ES,FTB Q2-26,39.10
28/11/2025,ES,FTB Q3-26,61.19
28/11/2025,ES,FTB Q4-26,68.46
28/11/2025,ES,FTB Q1-27,62.50
28/11/2025,ES,FTB Q2-27,33.43
28/11/2025,ES,FTB Q3-27,61.40
28/11/2025,ES,FTB YR-26,57.00
28/11/2025,ES,FTB YR-27,56.50
28/11/2025,ES,FTB YR-28,55.50
28/11/2025,ES,FTB YR-29,55.15
28/11/2025,ES,FTB YR-30,54.80
28/11/2025,ES,FTB YR-31,54.75
28/11/2025,ES,FTB YR-32,54.75
28/11/2025,ES,FTB YR-33,54.60
28/11/2025,ES,FTB YR-34,54.60
28/11/2025,ES,FTB YR-35,54.60
01/12/2025,PT,FPB D Tu02Dec-25,88.65
01/12/2025,PT,FPB D We03Dec-25,71.05
01/12/2025,PT,FPB D Th04Dec-25,71.14
01/12/2025,PT,FPB D Fr05Dec-25,69.67
01/12/2025,PT,FPB D Sa06Dec-25,31.09
01/12/2025,PT,FPB D Su07Dec-25,28.91
01/12/2025,PT,FPB Wk50-25,58.00
01/12/2025,PT,FPB Wk51-25,66.00
01/12/2025,PT,FPB Wk52-25,58.60
01/12/2025,PT,FPB Wk01-26,66.71
01/12/2025,PT,FPB M Jan-26,66.57
01/12/2025,PT,FPB M Feb-26,63.33
01/12/2025,PT,FPB M Mar-26,48.35
01/12/2025,PT,FPB M Apr-26,32.09
01/12/2025,PT,FPB M May-26,32.74
01/12/2025,PT,FPB M Jun-26,48.62
01/12/2025,PT,FPB Q1-26,59.29
01/12/2025,PT,FPB Q2-26,37.76
01/12/2025,PT,FPB Q3-26,62.19
01/12/2025,PT,FPB Q4-26,69.79
01/12/2025,PT,FPB Q1-27,62.64
01/12/2025,PT,FPB Q2-27,34.09
01/12/2025,PT,FPB Q3-27,61.56
01/12/2025,PT,FPB YR-26,57.30
01/12/2025,PT,FPB YR-27,56.75
01/12/2025,PT,FPB YR-28,56.30
01/12/2025,PT,FPB YR-29,56.18
01/12/2025,PT,FPB YR-30,56.05
01/12/2025,PT,FPB YR-31,56.00
01/12/2025,PT,FPB YR-32,56.00
01/12/2025,PT,FPB YR-33,55.85
01/12/2025,PT,FPB YR-34,55.85
01/12/2025,PT,FPB YR-35,55.85
01/12/2025,ES,FTB D Tu02Dec-25,88.65
01/12/2025,ES,FTB D We03Dec-25,71.05
01/12/2025,ES,FTB D Th04Dec-25,71.14
01/12/2025,ES,FTB D Fr05Dec-25,69.67
01/12/2025,ES,FTB D Sa06Dec-25,31.09
01/12/2025,ES,FTB D Su07Dec-25,28.91
01/12/2025,ES,FTB Wk50-25,57.00
01/12/2025,ES,FTB Wk51-25,65.00
01/12/2025,ES,FTB Wk52-25,57.60
01/12/2025,ES,FTB Wk01-26,65.81
01/12/2025,ES,FTB M Jan-26,65.40
01/12/2025,ES,FTB M Feb-26,62.17
01/12/2025,ES,FTB M Mar-26,47.25
01/12/2025,ES,FTB M Apr-26,31.50
01/12/2025,ES,FTB M May-26,32.15
01/12/2025,ES,FTB M Jun-26,47.97
01/12/2025,ES,FTB Q1-26,58.15
01/12/2025,ES,FTB Q2-26,37.15
01/12/2025,ES,FTB Q3-26,60.78
01/12/2025,ES,FTB Q4-26,68.35
01/12/2025,ES,FTB Q1-27,61.39
01/12/2025,ES,FTB Q2-27,32.84
01/12/2025,ES,FTB Q3-27,60.31
01/12/2025,ES,FTB YR-26,56.15
01/12/2025,ES,FTB YR-27,55.50
01/12/2025,ES,FTB YR-28,55.05
01/12/2025,ES,FTB YR-29,54.93
01/12/2025,ES,FTB YR-30,54.80
01/12/2025,ES,FTB YR-31,54.75
01/12/2025,ES,FTB YR-32,54.75
01/12/2025,ES,FTB YR-33,54.60
01/12/2025,ES,FTB YR-34,54.60
01/12/2025,ES,FTB YR-35,54.60
02/12/2025,PT,FPB D We03Dec-25,70.42
02/12/2025,PT,FPB D Th04Dec-25,54.00
02/12/2025,PT,FPB D Fr05Dec-25,49.00
02/12/2025,PT,FPB D Sa06Dec-25,24.37
02/12/2025,PT,FPB D Su07Dec-25,22.13
02/12/2025,PT,FPB Wk50-25,45.75
02/12/2025,PT,FPB Wk51-25,57.00
02/12/2025,PT,FPB Wk52-25,43.00
02/12/2025,PT,FPB Wk01-26,54.71
02/12/2025,PT,FPB M Jan-26,66.02
02/12/2025,PT,FPB M Feb-26,62.16
02/12/2025,PT,FPB M Mar-26,47.92
02/12/2025,PT,FPB M Apr-26,31.58
02/12/2025,PT,FPB M May-26,31.11
02/12/2025,PT,FPB M Jun-26,46.84
02/12/2025,PT,FPB Q1-26,58.59
02/12/2025,PT,FPB Q2-26,36.45
02/12/2025,PT,FPB Q3-26,62.51
02/12/2025,PT,FPB Q4-26,70.05
02/12/2025,PT,FPB Q1-27,63.75
02/12/2025,PT,FPB Q2-27,33.94
02/12/2025,PT,FPB Q3-27,61.29
02/12/2025,PT,FPB YR-26,56.95
02/12/2025,PT,FPB YR-27,56.50
02/12/2025,PT,FPB YR-28,56.25
02/12/2025,PT,FPB YR-29,56.60
02/12/2025,PT,FPB YR-30,56.60
02/12/2025,PT,FPB YR-31,56.60
02/12/2025,PT,FPB YR-32,56.60
02/12/2025,PT,FPB YR-33,56.60
02/12/2025,PT,FPB YR-34,56.60
02/12/2025,PT,FPB YR-35,56.60
02/12/2025,ES,FTB D We03Dec-25,70.42
02/12/2025,ES,FTB D Th04Dec-25,54.00
02/12/2025,ES,FTB D Fr05Dec-25,49.00
02/12/2025,ES,FTB D Sa06Dec-25,24.37
02/12/2025,ES,FTB D Su07Dec-25,22.13
02/12/2025,ES,FTB Wk50-25,44.75
02/12/2025,ES,FTB Wk51-25,56.00
02/12/2025,ES,FTB Wk52-25,42.00
02/12/2025,ES,FTB Wk01-26,53.81
02/12/2025,ES,FTB M Jan-26,64.85
02/12/2025,ES,FTB M Feb-26,61.01
02/12/2025,ES,FTB M Mar-26,46.82
02/12/2025,ES,FTB M Apr-26,31.00
02/12/2025,ES,FTB M May-26,30.53
02/12/2025,ES,FTB M Jun-26,46.19
02/12/2025,ES,FTB Q1-26,57.45
02/12/2025,ES,FTB Q2-26,35.85
02/12/2025,ES,FTB Q3-26,61.10
02/12/2025,ES,FTB Q4-26,68.61
02/12/2025,ES,FTB Q1-27,62.50
02/12/2025,ES,FTB Q2-27,32.69
02/12/2025,ES,FTB Q3-27,60.04
02/12/2025,ES,FTB YR-26,55.80
02/12/2025,ES,FTB YR-27,55.25
02/12/2025,ES,FTB YR-28,55.00
02/12/2025,ES,FTB YR-29,55.35
02/12/2025,ES,FTB YR-30,55.35
02/12/2025,ES,FTB YR-31,55.35
02/12/2025,ES,FTB YR-32,55.35
02/12/2025,ES,FTB YR-33,55.35
02/12/2025,ES,FTB YR-34,55.35
02/12/2025,ES,FTB YR-35,55.35
03/12/2025,PT,FPB D Th04Dec-25,64.77
03/12/2025,PT,FPB D Fr05Dec-25,67.50
03/12/2025,PT,FPB D Sa06Dec-25,27.14
03/12/2025,PT,FPB D Su07Dec-25,24.86
03/12/2025,PT,FPB Wk50-25,55.05
03/12/2025,PT,FPB Wk51-25,59.50
03/12/2025,PT,FPB Wk52-25,44.50
03/12/2025,PT,FPB Wk01-26,56.30
03/12/2025,PT,FPB M Jan-26,67.40
03/12/2025,PT,FPB M Feb-26,61.95
03/12/2025,PT,FPB M Mar-26,48.94
03/12/2025,PT,FPB M Apr-26,31.20
03/12/2025,PT,FPB M May-26,31.45
03/12/2025,PT,FPB M Jun-26,46.26
03/12/2025,PT,FPB Q1-26,59.35
03/12/2025,PT,FPB Q2-26,36.25
03/12/2025,PT,FPB Q3-26,62.25
03/12/2025,PT,FPB Q4-26,71.56
03/12/2025,PT,FPB Q1-27,64.60
03/12/2025,PT,FPB Q2-27,33.94
03/12/2025,PT,FPB Q3-27,61.29
03/12/2025,PT,FPB YR-26,57.40
03/12/2025,PT,FPB YR-27,56.50
03/12/2025,PT,FPB YR-28,56.25
03/12/2025,PT,FPB YR-29,56.50
03/12/2025,PT,FPB YR-30,56.50
03/12/2025,PT,FPB YR-31,56.50
03/12/2025,PT,FPB YR-32,56.50
03/12/2025,PT,FPB YR-33,56.50
03/12/2025,PT,FPB YR-34,56.50
03/12/2025,PT,FPB YR-35,56.50
03/12/2025,ES,FTB D Th04Dec-25,64.77
03/12/2025,ES,FTB D Fr05Dec-25,67.50
03/12/2025,ES,FTB D Sa06Dec-25,27.14
03/12/2025,ES,FTB D Su07Dec-25,24.86
03/12/2025,ES,FTB Wk50-25,54.05
03/12/2025,ES,FTB Wk51-25,58.50
03/12/2025,ES,FTB Wk52-25,43.50
03/12/2025,ES,FTB Wk01-26,55.40
03/12/2025,ES,FTB M Jan-26,66.50
03/12/2025,ES,FTB M Feb-26,61.05
03/12/2025,ES,FTB M Mar-26,48.04
03/12/2025,ES,FTB M Apr-26,30.75
03/12/2025,ES,FTB M May-26,31.00
03/12/2025,ES,FTB M Jun-26,45.81
03/12/2025,ES,FTB Q1-26,58.45
03/12/2025,ES,FTB Q2-26,35.80
03/12/2025,ES,FTB Q3-26,61.10
03/12/2025,ES,FTB Q4-26,69.47
03/12/2025,ES,FTB Q1-27,63.35
03/12/2025,ES,FTB Q2-27,32.69
03/12/2025,ES,FTB Q3-27,60.04
03/12/2025,ES,FTB YR-26,56.25
03/12/2025,ES,FTB YR-27,55.25
03/12/2025,ES,FTB YR-28,55.00
03/12/2025,ES,FTB YR-29,55.25
03/12/2025,ES,FTB YR-30,55.25
03/12/2025,ES,FTB YR-31,55.25
03/12/2025,ES,FTB YR-32,55.25
03/12/2025,ES,FTB YR-33,55.25
03/12/2025,ES,FTB YR-34,55.25
03/12/2025,ES,FTB YR-35,55.25
04/12/2025,PT,FPB D Fr05Dec-25,70.62
04/12/2025,PT,FPB D Sa06Dec-25,23.99
04/12/2025,PT,FPB D Su07Dec-25,22.01
04/12/2025,PT,FPB Wk50-25,57.85
04/12/2025,PT,FPB Wk51-25,57.85
04/12/2025,PT,FPB Wk52-25,42.85
04/12/2025,PT,FPB Wk01-26,55.15
04/12/2025,PT,FPB M Jan-26,66.55
04/12/2025,PT,FPB M Feb-26,59.86
04/12/2025,PT,FPB M Mar-26,47.91
04/12/2025,PT,FPB M Apr-26,31.36
04/12/2025,PT,FPB M May-26,30.15
04/12/2025,PT,FPB M Jun-26,48.20
04/12/2025,PT,FPB Q1-26,58.05
04/12/2025,PT,FPB Q2-26,36.50
04/12/2025,PT,FPB Q3-26,61.94
04/12/2025,PT,FPB Q4-26,70.31
04/12/2025,PT,FPB Q1-27,64.35
04/12/2025,PT,FPB Q2-27,33.69
04/12/2025,PT,FPB Q3-27,61.04
04/12/2025,PT,FPB YR-26,56.75
04/12/2025,PT,FPB YR-27,56.25
04/12/2025,PT,FPB YR-28,56.25
04/12/2025,PT,FPB YR-29,56.25
04/12/2025,PT,FPB YR-30,56.45
04/12/2025,PT,FPB YR-31,56.45
04/12/2025,PT,FPB YR-32,56.45
04/12/2025,PT,FPB YR-33,56.45
04/12/2025,PT,FPB YR-34,56.45
04/12/2025,PT,FPB YR-35,56.45
04/12/2025,ES,FTB D Fr05Dec-25,70.61
04/12/2025,ES,FTB D Sa06Dec-25,23.99
04/12/2025,ES,FTB D Su07Dec-25,22.01
04/12/2025,ES,FTB Wk50-25,57.50
04/12/2025,ES,FTB Wk51-25,57.50
04/12/2025,ES,FTB Wk52-25,42.50
04/12/2025,ES,FTB Wk01-26,54.80
04/12/2025,ES,FTB M Jan-26,66.20
04/12/2025,ES,FTB M Feb-26,59.51
04/12/2025,ES,FTB M Mar-26,47.56
04/12/2025,ES,FTB M Apr-26,30.66
04/12/2025,ES,FTB M May-26,29.45
04/12/2025,ES,FTB M Jun-26,47.50
04/12/2025,ES,FTB Q1-26,57.70
04/12/2025,ES,FTB Q2-26,35.80
04/12/2025,ES,FTB Q3-26,60.79
04/12/2025,ES,FTB Q4-26,68.93
04/12/2025,ES,FTB Q1-27,63.10
04/12/2025,ES,FTB Q2-27,32.44
04/12/2025,ES,FTB Q3-27,59.79
04/12/2025,ES,FTB YR-26,55.85
04/12/2025,ES,FTB YR-27,55.00
04/12/2025,ES,FTB YR-28,55.00
04/12/2025,ES,FTB YR-29,55.00
04/12/2025,ES,FTB YR-30,55.20
04/12/2025,ES,FTB YR-31,55.20
04/12/2025,ES,FTB YR-32,55.20
04/12/2025,ES,FTB YR-33,55.20
04/12/2025,ES,FTB YR-34,55.20
04/12/2025,ES,FTB YR-35,55.20
05/12/2025,PT,FPB D Sa06Dec-25,33.07
05/12/2025,PT,FPB D Su07Dec-25,26.93
05/12/2025,PT,FPB D Mo08Dec-25,65.54
05/12/2025,PT,FPB D Tu09Dec-25,67.18
05/12/2025,PT,FPB D We10Dec-25,66.37
05/12/2025,PT,FPB D Th11Dec-25,66.85
05/12/2025,PT,FPB D Fr12Dec-25,65.34
05/12/2025,PT,FPB D Sa13Dec-25,58.46
05/12/2025,PT,FPB D Su14Dec-25,53.71
05/12/2025,PT,FPB Wk50-25,63.35
05/12/2025,PT,FPB Wk51-25,55.10
05/12/2025,PT,FPB Wk52-25,44.35
05/12/2025,PT,FPB Wk01-26,56.02
05/12/2025,PT,FPB M Jan-26,67.10
05/12/2025,PT,FPB M Feb-26,60.20
05/12/2025,PT,FPB M Mar-26,48.44
05/12/2025,PT,FPB M Apr-26,31.02
05/12/2025,PT,FPB M May-26,30.79
05/12/2025,PT,FPB M Jun-26,49.04
05/12/2025,PT,FPB Q1-26,58.53
05/12/2025,PT,FPB Q2-26,36.88
05/12/2025,PT,FPB Q3-26,61.94
05/12/2025,PT,FPB Q4-26,69.67
05/12/2025,PT,FPB Q1-27,64.10
05/12/2025,PT,FPB Q2-27,33.69
05/12/2025,PT,FPB Q3-27,61.04
05/12/2025,PT,FPB YR-26,56.80
05/12/2025,PT,FPB YR-27,56.25
05/12/2025,PT,FPB YR-28,56.25
05/12/2025,PT,FPB YR-29,56.25
05/12/2025,PT,FPB YR-30,56.45
05/12/2025,PT,FPB YR-31,56.45
05/12/2025,PT,FPB YR-32,56.45
05/12/2025,PT,FPB YR-33,56.45
05/12/2025,PT,FPB YR-34,56.45
05/12/2025,PT,FPB YR-35,56.45
05/12/2025,ES,FTB D Sa06Dec-25,33.07
05/12/2025,ES,FTB D Su07Dec-25,26.93
05/12/2025,ES,FTB D Mo08Dec-25,65.18
05/12/2025,ES,FTB D Tu09Dec-25,67.23
05/12/2025,ES,FTB D We10Dec-25,66.32
05/12/2025,ES,FTB D Th11Dec-25,66.40
05/12/2025,ES,FTB D Fr12Dec-25,65.02
05/12/2025,ES,FTB D Sa13Dec-25,58.09
05/12/2025,ES,FTB D Su14Dec-25,52.76
05/12/2025,ES,FTB Wk50-25,63.00
05/12/2025,ES,FTB Wk51-25,54.75
05/12/2025,ES,FTB Wk52-25,44.00
05/12/2025,ES,FTB Wk01-26,55.67
05/12/2025,ES,FTB M Jan-26,66.60
05/12/2025,ES,FTB M Feb-26,59.72
05/12/2025,ES,FTB M Mar-26,47.98
05/12/2025,ES,FTB M Apr-26,30.25
05/12/2025,ES,FTB M May-26,30.02
05/12/2025,ES,FTB M Jun-26,48.23
05/12/2025,ES,FTB Q1-26,58.05
05/12/2025,ES,FTB Q2-26,36.10
05/12/2025,ES,FTB Q3-26,60.65
05/12/2025,ES,FTB Q4-26,68.62
05/12/2025,ES,FTB Q1-27,62.85
05/12/2025,ES,FTB Q2-27,32.44
05/12/2025,ES,FTB Q3-27,59.79
05/12/2025,ES,FTB YR-26,55.90
05/12/2025,ES,FTB YR-27,55.00
05/12/2025,ES,FTB YR-28,55.00
05/12/2025,ES,FTB YR-29,55.00
05/12/2025,ES,FTB YR-30,55.20
05/12/2025,ES,FTB YR-31,55.20
05/12/2025,ES,FTB YR-32,55.20
05/12/2025,ES,FTB YR-33,55.20
05/12/2025,ES,FTB YR-34,55.20
05/12/2025,ES,FTB YR-35,55.20
08/12/2025,PT,FPB D Tu09Dec-25,63.17
08/12/2025,PT,FPB D We10Dec-25,98.50
08/12/2025,PT,FPB D Th11Dec-25,72.49
08/12/2025,PT,FPB D Fr12Dec-25,71.11
08/12/2025,PT,FPB D Sa13Dec-25,64.18
08/12/2025,PT,FPB D Su14Dec-25,58.85
08/12/2025,PT,FPB Wk51-25,62.85
08/12/2025,PT,FPB Wk52-25,44.35
08/12/2025,PT,FPB Wk01-26,56.25
08/12/2025,PT,FPB Wk02-26,67.35
08/12/2025,PT,FPB M Jan-26,67.49
08/12/2025,PT,FPB M Feb-26,59.77
08/12/2025,PT,FPB M Mar-26,48.41
08/12/2025,PT,FPB M Apr-26,31.22
08/12/2025,PT,FPB M May-26,30.99
08/12/2025,PT,FPB M Jun-26,49.24
08/12/2025,PT,FPB Q1-26,58.52
08/12/2025,PT,FPB Q2-26,37.08
08/12/2025,PT,FPB Q3-26,62.61
08/12/2025,PT,FPB Q4-26,70.19
08/12/2025,PT,FPB Q1-27,64.20
08/12/2025,PT,FPB Q2-27,33.79
08/12/2025,PT,FPB Q3-27,61.14
08/12/2025,PT,FPB YR-26,57.15
08/12/2025,PT,FPB YR-27,56.35
08/12/2025,PT,FPB YR-28,56.25
08/12/2025,PT,FPB YR-29,56.25
08/12/2025,PT,FPB YR-30,56.45
08/12/2025,PT,FPB YR-31,56.45
08/12/2025,PT,FPB YR-32,56.45
08/12/2025,PT,FPB YR-33,56.45
08/12/2025,PT,FPB YR-34,56.45
08/12/2025,PT,FPB YR-35,56.45
08/12/2025,ES,FTB D Tu09Dec-25,63.17
08/12/2025,ES,FTB D We10Dec-25,98.50
08/12/2025,ES,FTB D Th11Dec-25,72.49
08/12/2025,ES,FTB D Fr12Dec-25,71.11
08/12/2025,ES,FTB D Sa13Dec-25,64.18
08/12/2025,ES,FTB D Su14Dec-25,58.85
08/12/2025,ES,FTB Wk51-25,62.50
08/12/2025,ES,FTB Wk52-25,44.00
08/12/2025,ES,FTB Wk01-26,55.90
08/12/2025,ES,FTB Wk02-26,67.00
08/12/2025,ES,FTB M Jan-26,67.00
08/12/2025,ES,FTB M Feb-26,59.30
08/12/2025,ES,FTB M Mar-26,47.96
08/12/2025,ES,FTB M Apr-26,30.45
08/12/2025,ES,FTB M May-26,30.22
08/12/2025,ES,FTB M Jun-26,48.43
08/12/2025,ES,FTB Q1-26,58.05
08/12/2025,ES,FTB Q2-26,36.30
08/12/2025,ES,FTB Q3-26,61.33
08/12/2025,ES,FTB Q4-26,69.14
08/12/2025,ES,FTB Q1-27,62.95
08/12/2025,ES,FTB Q2-27,32.54
08/12/2025,ES,FTB Q3-27,59.89
08/12/2025,ES,FTB YR-26,56.25
08/12/2025,ES,FTB YR-27,55.10
08/12/2025,ES,FTB YR-28,55.00
08/12/2025,ES,FTB YR-29,55.00
08/12/2025,ES,FTB YR-30,55.20
08/12/2025,ES,FTB YR-31,55.20
08/12/2025,ES,FTB YR-32,55.20
08/12/2025,ES,FTB YR-33,55.20
08/12/2025,ES,FTB YR-34,55.20
08/12/2025,ES,FTB YR-35,55.20
09/12/2025,PT,FPB D We10Dec-25,103.01
09/12/2025,PT,FPB D Th11Dec-25,88.00
09/12/2025,PT,FPB D Fr12Dec-25,76.11
09/12/2025,PT,FPB D Sa13Dec-25,69.68
09/12/2025,PT,FPB D Su14Dec-25,64.32
09/12/2025,PT,FPB Wk51-25,67.35
09/12/2025,PT,FPB Wk52-25,48.85
09/12/2025,PT,FPB Wk01-26,58.89
09/12/2025,PT,FPB Wk02-26,68.60
09/12/2025,PT,FPB M Jan-26,68.75
09/12/2025,PT,FPB M Feb-26,59.49
09/12/2025,PT,FPB M Mar-26,49.47
09/12/2025,PT,FPB M Apr-26,31.97
09/12/2025,PT,FPB M May-26,31.06
09/12/2025,PT,FPB M Jun-26,51.75
09/12/2025,PT,FPB Q1-26,59.23
09/12/2025,PT,FPB Q2-26,38.18
09/12/2025,PT,FPB Q3-26,62.53
09/12/2025,PT,FPB Q4-26,69.49
09/12/2025,PT,FPB Q1-27,64.30
09/12/2025,PT,FPB Q2-27,33.89
09/12/2025,PT,FPB Q3-27,61.24
09/12/2025,PT,FPB YR-26,57.40
09/12/2025,PT,FPB YR-27,56.45
09/12/2025,PT,FPB YR-28,56.60
09/12/2025,PT,FPB YR-29,56.55
09/12/2025,PT,FPB YR-30,56.55
09/12/2025,PT,FPB YR-31,56.55
09/12/2025,PT,FPB YR-32,56.55
09/12/2025,PT,FPB YR-33,56.55
09/12/2025,PT,FPB YR-34,56.55
09/12/2025,PT,FPB YR-35,56.55
09/12/2025,ES,FTB D We10Dec-25,103.01
09/12/2025,ES,FTB D Th11Dec-25,88.00
09/12/2025,ES,FTB D Fr12Dec-25,76.11
09/12/2025,ES,FTB D Sa13Dec-25,69.68
09/12/2025,ES,FTB D Su14Dec-25,64.32
09/12/2025,ES,FTB Wk51-25,67.00
09/12/2025,ES,FTB Wk52-25,48.50
09/12/2025,ES,FTB Wk01-26,58.54
09/12/2025,ES,FTB Wk02-26,68.25
09/12/2025,ES,FTB M Jan-26,68.25
09/12/2025,ES,FTB M Feb-26,59.01
09/12/2025,ES,FTB M Mar-26,49.01
09/12/2025,ES,FTB M Apr-26,31.20
09/12/2025,ES,FTB M May-26,30.29
09/12/2025,ES,FTB M Jun-26,50.94
09/12/2025,ES,FTB Q1-26,58.75
09/12/2025,ES,FTB Q2-26,37.40
09/12/2025,ES,FTB Q3-26,61.25
09/12/2025,ES,FTB Q4-26,68.44
09/12/2025,ES,FTB Q1-27,63.05
09/12/2025,ES,FTB Q2-27,32.64
09/12/2025,ES,FTB Q3-27,59.99
09/12/2025,ES,FTB YR-26,56.50
09/12/2025,ES,FTB YR-27,55.20
09/12/2025,ES,FTB YR-28,55.35
09/12/2025,ES,FTB YR-29,55.30
09/12/2025,ES,FTB YR-30,55.30
09/12/2025,ES,FTB YR-31,55.30
09/12/2025,ES,FTB YR-32,55.30
09/12/2025,ES,FTB YR-33,55.30
09/12/2025,ES,FTB YR-34,55.30
09/12/2025,ES,FTB YR-35,55.30
10/12/2025,PT,FPB D Th11Dec-25,96.19
10/12/2025,PT,FPB D Fr12Dec-25,90.00
10/12/2025,PT,FPB D Sa13Dec-25,68.48
10/12/2025,PT,FPB D Su14Dec-25,63.52
10/12/2025,PT,FPB Wk51-25,68.35
10/12/2025,PT,FPB Wk52-25,52.35
10/12/2025,PT,FPB Wk01-26,59.53
10/12/2025,PT,FPB Wk02-26,67.10
10/12/2025,PT,FPB M Jan-26,67.25
10/12/2025,PT,FPB M Feb-26,58.58
10/12/2025,PT,FPB M Mar-26,49.17
10/12/2025,PT,FPB M Apr-26,31.27
10/12/2025,PT,FPB M May-26,30.77
10/12/2025,PT,FPB M Jun-26,51.54
10/12/2025,PT,FPB Q1-26,58.33
10/12/2025,PT,FPB Q2-26,37.78
10/12/2025,PT,FPB Q3-26,62.64
10/12/2025,PT,FPB Q4-26,69.07
10/12/2025,PT,FPB Q1-27,63.65
10/12/2025,PT,FPB Q2-27,33.24
10/12/2025,PT,FPB Q3-27,60.59
10/12/2025,PT,FPB YR-26,57.00
10/12/2025,PT,FPB YR-27,55.80
10/12/2025,PT,FPB YR-28,56.50
10/12/2025,PT,FPB YR-29,56.45
10/12/2025,PT,FPB YR-30,56.40
10/12/2025,PT,FPB YR-31,56.40
10/12/2025,PT,FPB YR-32,56.40
10/12/2025,PT,FPB YR-33,56.40
10/12/2025,PT,FPB YR-34,56.40
10/12/2025,PT,FPB YR-35,56.40
10/12/2025,ES,FTB D Th11Dec-25,96.19
10/12/2025,ES,FTB D Fr12Dec-25,90.00
10/12/2025,ES,FTB D Sa13Dec-25,68.48
10/12/2025,ES,FTB D Su14Dec-25,63.52
10/12/2025,ES,FTB Wk51-25,68.00
10/12/2025,ES,FTB Wk52-25,52.00
10/12/2025,ES,FTB Wk01-26,59.18
10/12/2025,ES,FTB Wk02-26,66.75
10/12/2025,ES,FTB M Jan-26,66.75
10/12/2025,ES,FTB M Feb-26,58.10
10/12/2025,ES,FTB M Mar-26,48.71
10/12/2025,ES,FTB M Apr-26,30.50
10/12/2025,ES,FTB M May-26,30.00
10/12/2025,ES,FTB M Jun-26,50.73
10/12/2025,ES,FTB Q1-26,57.85
10/12/2025,ES,FTB Q2-26,37.00
10/12/2025,ES,FTB Q3-26,61.35
10/12/2025,ES,FTB Q4-26,68.02
10/12/2025,ES,FTB Q1-27,62.40
10/12/2025,ES,FTB Q2-27,31.99
10/12/2025,ES,FTB Q3-27,59.34
10/12/2025,ES,FTB YR-26,56.10
10/12/2025,ES,FTB YR-27,54.55
10/12/2025,ES,FTB YR-28,55.25
10/12/2025,ES,FTB YR-29,55.20
10/12/2025,ES,FTB YR-30,55.15
10/12/2025,ES,FTB YR-31,55.15
10/12/2025,ES,FTB YR-32,55.15
10/12/2025,ES,FTB YR-33,55.15
10/12/2025,ES,FTB YR-34,55.15
10/12/2025,ES,FTB YR-35,55.15
11/12/2025,PT,FPB D Fr12Dec-25,97.19
11/12/2025,PT,FPB D Sa13Dec-25,76.21
11/12/2025,PT,FPB D Su14Dec-25,70.79
11/12/2025,PT,FPB Wk51-25,76.10
11/12/2025,PT,FPB Wk52-25,60.10
11/12/2025,PT,FPB Wk01-26,63.48
11/12/2025,PT,FPB Wk02-26,68.20
11/12/2025,PT,FPB M Jan-26,68.35
11/12/2025,PT,FPB M Feb-26,58.34
11/12/2025,PT,FPB M Mar-26,49.01
11/12/2025,PT,FPB M Apr-26,30.97
11/12/2025,PT,FPB M May-26,30.47
11/12/2025,PT,FPB M Jun-26,51.24
11/12/2025,PT,FPB Q1-26,58.58
11/12/2025,PT,FPB Q2-26,37.48
11/12/2025,PT,FPB Q3-26,62.11
11/12/2025,PT,FPB Q4-26,68.66
11/12/2025,PT,FPB Q1-27,63.98
11/12/2025,PT,FPB Q2-27,33.22
11/12/2025,PT,FPB Q3-27,60.57
11/12/2025,PT,FPB YR-26,56.75
11/12/2025,PT,FPB YR-27,55.78
11/12/2025,PT,FPB YR-28,56.58
11/12/2025,PT,FPB YR-29,56.43
11/12/2025,PT,FPB YR-30,56.43
11/12/2025,PT,FPB YR-31,56.43
11/12/2025,PT,FPB YR-32,56.43
11/12/2025,PT,FPB YR-33,56.43
11/12/2025,PT,FPB YR-34,56.43
11/12/2025,PT,FPB YR-35,56.43
11/12/2025,ES,FTB D Fr12Dec-25,97.19
11/12/2025,ES,FTB D Sa13Dec-25,76.21
11/12/2025,ES,FTB D Su14Dec-25,70.79
11/12/2025,ES,FTB Wk51-25,75.75
11/12/2025,ES,FTB Wk52-25,59.75
11/12/2025,ES,FTB Wk01-26,63.13
11/12/2025,ES,FTB Wk02-26,67.85
11/12/2025,ES,FTB M Jan-26,67.85
11/12/2025,ES,FTB M Feb-26,57.86
11/12/2025,ES,FTB M Mar-26,48.55
11/12/2025,ES,FTB M Apr-26,30.20
11/12/2025,ES,FTB M May-26,29.70
11/12/2025,ES,FTB M Jun-26,50.43
11/12/2025,ES,FTB Q1-26,58.10
11/12/2025,ES,FTB Q2-26,36.70
11/12/2025,ES,FTB Q3-26,60.82
11/12/2025,ES,FTB Q4-26,67.61
11/12/2025,ES,FTB Q1-27,62.85
11/12/2025,ES,FTB Q2-27,32.09
11/12/2025,ES,FTB Q3-27,59.44
11/12/2025,ES,FTB YR-26,55.85
11/12/2025,ES,FTB YR-27,54.65
11/12/2025,ES,FTB YR-28,55.45
11/12/2025,ES,FTB YR-29,55.30
11/12/2025,ES,FTB YR-30,55.30
11/12/2025,ES,FTB YR-31,55.30
11/12/2025,ES,FTB YR-32,55.30
11/12/2025,ES,FTB YR-33,55.30
11/12/2025,ES,FTB YR-34,55.30
11/12/2025,ES,FTB YR-35,55.30
12/12/2025,PT,FPB D Sa13Dec-25,79.20
12/12/2025,PT,FPB D Su14Dec-25,67.80
12/12/2025,PT,FPB D Mo15Dec-25,78.47
12/12/2025,PT,FPB D Tu16Dec-25,80.44
12/12/2025,PT,FPB D We17Dec-25,79.47
12/12/2025,PT,FPB D Th18Dec-25,80.04
12/12/2025,PT,FPB D Fr19Dec-25,78.23
12/12/2025,PT,FPB D Sa20Dec-25,69.99
12/12/2025,PT,FPB D Su21Dec-25,64.31
12/12/2025,PT,FPB Wk51-25,75.85
12/12/2025,PT,FPB Wk52-25,58.35
12/12/2025,PT,FPB Wk01-26,62.96
12/12/2025,PT,FPB Wk02-26,68.60
12/12/2025,PT,FPB M Jan-26,68.91
12/12/2025,PT,FPB M Feb-26,59.58
12/12/2025,PT,FPB M Mar-26,50.06
12/12/2025,PT,FPB M Apr-26,31.14
12/12/2025,PT,FPB M May-26,31.07
12/12/2025,PT,FPB M Jun-26,52.23
12/12/2025,PT,FPB Q1-26,59.52
12/12/2025,PT,FPB Q2-26,38.07
12/12/2025,PT,FPB Q3-26,62.59
12/12/2025,PT,FPB Q4-26,69.37
12/12/2025,PT,FPB Q1-27,63.90
12/12/2025,PT,FPB Q2-27,33.54
12/12/2025,PT,FPB Q3-27,60.89
12/12/2025,PT,FPB YR-26,57.43
12/12/2025,PT,FPB YR-27,56.10
12/12/2025,PT,FPB YR-28,56.55
12/12/2025,PT,FPB YR-29,56.40
12/12/2025,PT,FPB YR-30,56.40
12/12/2025,PT,FPB YR-31,56.40
12/12/2025,PT,FPB YR-32,56.40
12/12/2025,PT,FPB YR-33,56.40
12/12/2025,PT,FPB YR-34,56.40
12/12/2025,PT,FPB YR-35,56.40
12/12/2025,ES,FTB D Sa13Dec-25,79.20
12/12/2025,ES,FTB D Su14Dec-25,67.80
12/12/2025,ES,FTB D Mo15Dec-25,78.11
12/12/2025,ES,FTB D Tu16Dec-25,80.57
12/12/2025,ES,FTB D We17Dec-25,79.47
12/12/2025,ES,FTB D Th18Dec-25,79.58
12/12/2025,ES,FTB D Fr19Dec-25,77.92
12/12/2025,ES,FTB D Sa20Dec-25,69.61
12/12/2025,ES,FTB D Su21Dec-25,63.23
12/12/2025,ES,FTB Wk51-25,75.50
12/12/2025,ES,FTB Wk52-25,58.00
12/12/2025,ES,FTB Wk01-26,62.61
12/12/2025,ES,FTB Wk02-26,68.25
12/12/2025,ES,FTB M Jan-26,68.25
12/12/2025,ES,FTB M Feb-26,58.96
12/12/2025,ES,FTB M Mar-26,49.48
12/12/2025,ES,FTB M Apr-26,30.30
12/12/2025,ES,FTB M May-26,30.23
12/12/2025,ES,FTB M Jun-26,51.30
12/12/2025,ES,FTB Q1-26,58.90
12/12/2025,ES,FTB Q2-26,37.20
12/12/2025,ES,FTB Q3-26,61.25
12/12/2025,ES,FTB Q4-26,68.00
12/12/2025,ES,FTB Q1-27,62.80
12/12/2025,ES,FTB Q2-27,32.44
12/12/2025,ES,FTB Q3-27,59.79
12/12/2025,ES,FTB YR-26,56.38
12/12/2025,ES,FTB YR-27,55.00
12/12/2025,ES,FTB YR-28,55.45
12/12/2025,ES,FTB YR-29,55.30
12/12/2025,ES,FTB YR-30,55.30
12/12/2025,ES,FTB YR-31,55.30
12/12/2025,ES,FTB YR-32,55.30
12/12/2025,ES,FTB YR-33,55.30
12/12/2025,ES,FTB YR-34,55.30
12/12/2025,ES,FTB YR-35,55.30
15/12/2025,PT,FPB D Tu16Dec-25,94.53
15/12/2025,PT,FPB D We17Dec-25,93.63
15/12/2025,PT,FPB D Th18Dec-25,93.74
15/12/2025,PT,FPB D Fr19Dec-25,92.08
15/12/2025,PT,FPB D Sa20Dec-25,67.57
15/12/2025,PT,FPB D Su21Dec-25,62.43
15/12/2025,PT,FPB Wk52-25,62.35
15/12/2025,PT,FPB Wk01-26,64.85
15/12/2025,PT,FPB Wk02-26,68.90
15/12/2025,PT,FPB Wk03-26,68.90
15/12/2025,PT,FPB M Jan-26,69.21
15/12/2025,PT,FPB M Feb-26,60.82
15/12/2025,PT,FPB M Mar-26,48.93
15/12/2025,PT,FPB M Apr-26,31.64
15/12/2025,PT,FPB M May-26,31.59
15/12/2025,PT,FPB M Jun-26,53.17
15/12/2025,PT,FPB Q1-26,59.62
15/12/2025,PT,FPB Q2-26,38.72
15/12/2025,PT,FPB Q3-26,63.33
15/12/2025,PT,FPB Q4-26,69.27
15/12/2025,PT,FPB Q1-27,65.10
15/12/2025,PT,FPB Q2-27,33.49
15/12/2025,PT,FPB Q3-27,60.84
15/12/2025,PT,FPB YR-26,57.78
15/12/2025,PT,FPB YR-27,56.05
15/12/2025,PT,FPB YR-28,56.55
15/12/2025,PT,FPB YR-29,56.40
15/12/2025,PT,FPB YR-30,56.40
15/12/2025,PT,FPB YR-31,56.40
15/12/2025,PT,FPB YR-32,56.40
15/12/2025,PT,FPB YR-33,56.40
15/12/2025,PT,FPB YR-34,56.40
15/12/2025,PT,FPB YR-35,56.40
15/12/2025,ES,FTB D Tu16Dec-25,94.53
15/12/2025,ES,FTB D We17Dec-25,93.63
15/12/2025,ES,FTB D Th18Dec-25,93.74
15/12/2025,ES,FTB D Fr19Dec-25,92.08
15/12/2025,ES,FTB D Sa20Dec-25,67.57
15/12/2025,ES,FTB D Su21Dec-25,62.43
15/12/2025,ES,FTB Wk52-25,62.00
15/12/2025,ES,FTB Wk01-26,64.50
15/12/2025,ES,FTB Wk02-26,68.55
15/12/2025,ES,FTB Wk03-26,68.55
15/12/2025,ES,FTB M Jan-26,68.55
15/12/2025,ES,FTB M Feb-26,60.19
15/12/2025,ES,FTB M Mar-26,48.36
15/12/2025,ES,FTB M Apr-26,30.80
15/12/2025,ES,FTB M May-26,30.75
15/12/2025,ES,FTB M Jun-26,52.24
15/12/2025,ES,FTB Q1-26,59.00
15/12/2025,ES,FTB Q2-26,37.85
15/12/2025,ES,FTB Q3-26,62.00
15/12/2025,ES,FTB Q4-26,67.91
15/12/2025,ES,FTB Q1-27,64.00
15/12/2025,ES,FTB Q2-27,32.39
15/12/2025,ES,FTB Q3-27,59.74
15/12/2025,ES,FTB YR-26,56.73
15/12/2025,ES,FTB YR-27,54.95
15/12/2025,ES,FTB YR-28,55.45
15/12/2025,ES,FTB YR-29,55.30
15/12/2025,ES,FTB YR-30,55.30
15/12/2025,ES,FTB YR-31,55.30
15/12/2025,ES,FTB YR-32,55.30
15/12/2025,ES,FTB YR-33,55.30
15/12/2025,ES,FTB YR-34,55.30
15/12/2025,ES,FTB YR-35,55.30
16/12/2025,PT,FPB D We17Dec-25,101.41
16/12/2025,PT,FPB D Th18Dec-25,79.00
16/12/2025,PT,FPB D Fr19Dec-25,77.34
16/12/2025,PT,FPB D Sa20Dec-25,77.10
16/12/2025,PT,FPB D Su21Dec-25,70.90
16/12/2025,PT,FPB Wk52-25,65.60
16/12/2025,PT,FPB Wk01-26,66.41
16/12/2025,PT,FPB Wk02-26,69.20
16/12/2025,PT,FPB Wk03-26,69.20
16/12/2025,PT,FPB M Jan-26,69.51
16/12/2025,PT,FPB M Feb-26,60.52
16/12/2025,PT,FPB M Mar-26,47.88
16/12/2025,PT,FPB M Apr-26,31.95
16/12/2025,PT,FPB M May-26,32.38
16/12/2025,PT,FPB M Jun-26,53.44
16/12/2025,PT,FPB Q1-26,59.27
16/12/2025,PT,FPB Q2-26,39.18
16/12/2025,PT,FPB Q3-26,63.44
16/12/2025,PT,FPB Q4-26,68.55
16/12/2025,PT,FPB Q1-27,65.15
16/12/2025,PT,FPB Q2-27,33.54
16/12/2025,PT,FPB Q3-27,60.89
16/12/2025,PT,FPB YR-26,57.65
16/12/2025,PT,FPB YR-27,56.10
16/12/2025,PT,FPB YR-28,56.90
16/12/2025,PT,FPB YR-29,56.40
16/12/2025,PT,FPB YR-30,56.40
16/12/2025,PT,FPB YR-31,56.40
16/12/2025,PT,FPB YR-32,56.40
16/12/2025,PT,FPB YR-33,56.40
16/12/2025,PT,FPB YR-34,56.40
16/12/2025,PT,FPB YR-35,56.40
16/12/2025,ES,FTB D We17Dec-25,101.41
16/12/2025,ES,FTB D Th18Dec-25,79.00
16/12/2025,ES,FTB D Fr19Dec-25,77.34
16/12/2025,ES,FTB D Sa20Dec-25,77.10
16/12/2025,ES,FTB D Su21Dec-25,70.90
16/12/2025,ES,FTB Wk52-25,65.25
16/12/2025,ES,FTB Wk01-26,66.06
16/12/2025,ES,FTB Wk02-26,68.85
16/12/2025,ES,FTB Wk03-26,68.85
16/12/2025,ES,FTB M Jan-26,68.85
16/12/2025,ES,FTB M Feb-26,59.90
16/12/2025,ES,FTB M Mar-26,47.31
16/12/2025,ES,FTB M Apr-26,31.10
16/12/2025,ES,FTB M May-26,31.53
16/12/2025,ES,FTB M Jun-26,52.50
16/12/2025,ES,FTB Q1-26,58.65
16/12/2025,ES,FTB Q2-26,38.30
16/12/2025,ES,FTB Q3-26,62.10
16/12/2025,ES,FTB Q4-26,67.19
16/12/2025,ES,FTB Q1-27,64.05
16/12/2025,ES,FTB Q2-27,32.44
16/12/2025,ES,FTB Q3-27,59.79
16/12/2025,ES,FTB YR-26,56.60
16/12/2025,ES,FTB YR-27,55.00
16/12/2025,ES,FTB YR-28,55.80
16/12/2025,ES,FTB YR-29,55.30
16/12/2025,ES,FTB YR-30,55.30
16/12/2025,ES,FTB YR-31,55.30
16/12/2025,ES,FTB YR-32,55.30
16/12/2025,ES,FTB YR-33,55.30
16/12/2025,ES,FTB YR-34,55.30
16/12/2025,ES,FTB YR-35,55.30
17/12/2025,PT,FPB D Th18Dec-25,85.05
17/12/2025,PT,FPB D Fr19Dec-25,101.00
17/12/2025,PT,FPB D Sa20Dec-25,76.87
17/12/2025,PT,FPB D Su21Dec-25,71.13
17/12/2025,PT,FPB Wk52-25,69.60
17/12/2025,PT,FPB Wk01-26,68.52
17/12/2025,PT,FPB Wk02-26,69.75
17/12/2025,PT,FPB Wk03-26,69.75
17/12/2025,PT,FPB M Jan-26,69.75
17/12/2025,PT,FPB M Feb-26,59.81
17/12/2025,PT,FPB M Mar-26,47.07
17/12/2025,PT,FPB M Apr-26,33.09
17/12/2025,PT,FPB M May-26,32.34
17/12/2025,PT,FPB M Jun-26,52.43
17/12/2025,PT,FPB Q1-26,58.85
17/12/2025,PT,FPB Q2-26,39.21
17/12/2025,PT,FPB Q3-26,64.04
17/12/2025,PT,FPB Q4-26,68.85
17/12/2025,PT,FPB Q1-27,64.85
17/12/2025,PT,FPB Q2-27,33.39
17/12/2025,PT,FPB Q3-27,61.14
17/12/2025,PT,FPB YR-26,57.78
17/12/2025,PT,FPB YR-27,56.35
17/12/2025,PT,FPB YR-28,57.15
17/12/2025,PT,FPB YR-29,56.65
17/12/2025,PT,FPB YR-30,56.40
17/12/2025,PT,FPB YR-31,56.40
17/12/2025,PT,FPB YR-32,56.40
17/12/2025,PT,FPB YR-33,56.40
17/12/2025,PT,FPB YR-34,56.40
17/12/2025,PT,FPB YR-35,56.40
17/12/2025,ES,FTB D Th18Dec-25,85.05
17/12/2025,ES,FTB D Fr19Dec-25,101.00
17/12/2025,ES,FTB D Sa20Dec-25,76.87
17/12/2025,ES,FTB D Su21Dec-25,71.13
17/12/2025,ES,FTB Wk52-25,69.25
17/12/2025,ES,FTB Wk01-26,67.97
17/12/2025,ES,FTB Wk02-26,69.20
17/12/2025,ES,FTB Wk03-26,69.20
17/12/2025,ES,FTB M Jan-26,69.20
17/12/2025,ES,FTB M Feb-26,59.26
17/12/2025,ES,FTB M Mar-26,46.52
17/12/2025,ES,FTB M Apr-26,32.38
17/12/2025,ES,FTB M May-26,31.63
17/12/2025,ES,FTB M Jun-26,51.71
17/12/2025,ES,FTB Q1-26,58.30
17/12/2025,ES,FTB Q2-26,38.50
17/12/2025,ES,FTB Q3-26,62.35
17/12/2025,ES,FTB Q4-26,67.15
17/12/2025,ES,FTB Q1-27,64.30
17/12/2025,ES,FTB Q2-27,32.69
17/12/2025,ES,FTB Q3-27,60.04
17/12/2025,ES,FTB YR-26,56.62
17/12/2025,ES,FTB YR-27,55.25
17/12/2025,ES,FTB YR-28,56.05
17/12/2025,ES,FTB YR-29,55.55
17/12/2025,ES,FTB YR-30,55.30
17/12/2025,ES,FTB YR-31,55.30
17/12/2025,ES,FTB YR-32,55.30
17/12/2025,ES,FTB YR-33,55.30
17/12/2025,ES,FTB YR-34,55.30
17/12/2025,ES,FTB YR-35,55.30
18/12/2025,PT,FPB D Fr19Dec-25,102.76
18/12/2025,PT,FPB D Sa20Dec-25,76.86
18/12/2025,PT,FPB D Su21Dec-25,71.14
18/12/2025,PT,FPB Wk52-25,65.35
18/12/2025,PT,FPB Wk01-26,66.70
18/12/2025,PT,FPB Wk02-26,69.75
18/12/2025,PT,FPB Wk03-26,69.75
18/12/2025,PT,FPB M Jan-26,69.74
18/12/2025,PT,FPB M Feb-26,59.84
18/12/2025,PT,FPB M Mar-26,46.44
18/12/2025,PT,FPB M Apr-26,32.44
18/12/2025,PT,FPB M May-26,32.15
18/12/2025,PT,FPB M Jun-26,52.30
18/12/2025,PT,FPB Q1-26,58.64
18/12/2025,PT,FPB Q2-26,38.89
18/12/2025,PT,FPB Q3-26,63.71
18/12/2025,PT,FPB Q4-26,68.77
18/12/2025,PT,FPB Q1-27,64.30
18/12/2025,PT,FPB Q2-27,32.84
18/12/2025,PT,FPB Q3-27,60.59
18/12/2025,PT,FPB YR-26,57.55
18/12/2025,PT,FPB YR-27,55.80
18/12/2025,PT,FPB YR-28,57.37
18/12/2025,PT,FPB YR-29,56.92
18/12/2025,PT,FPB YR-30,56.66
18/12/2025,PT,FPB YR-31,56.40
18/12/2025,PT,FPB YR-32,56.40
18/12/2025,PT,FPB YR-33,56.40
18/12/2025,PT,FPB YR-34,56.40
18/12/2025,PT,FPB YR-35,56.40
18/12/2025,ES,FTB D Fr19Dec-25,102.76
18/12/2025,ES,FTB D Sa20Dec-25,76.86
18/12/2025,ES,FTB D Su21Dec-25,71.14
18/12/2025,ES,FTB Wk52-25,65.00
18/12/2025,ES,FTB Wk01-26,66.15
18/12/2025,ES,FTB Wk02-26,69.20
18/12/2025,ES,FTB Wk03-26,69.20
18/12/2025,ES,FTB M Jan-26,69.20
18/12/2025,ES,FTB M Feb-26,59.30
18/12/2025,ES,FTB M Mar-26,45.90
18/12/2025,ES,FTB M Apr-26,31.75
18/12/2025,ES,FTB M May-26,31.46
18/12/2025,ES,FTB M Jun-26,51.62
18/12/2025,ES,FTB Q1-26,58.10
18/12/2025,ES,FTB Q2-26,38.20
18/12/2025,ES,FTB Q3-26,62.04
18/12/2025,ES,FTB Q4-26,67.10
18/12/2025,ES,FTB Q1-27,63.75
18/12/2025,ES,FTB Q2-27,32.14
18/12/2025,ES,FTB Q3-27,59.49
18/12/2025,ES,FTB YR-26,56.40
18/12/2025,ES,FTB YR-27,54.70
18/12/2025,ES,FTB YR-28,56.27
18/12/2025,ES,FTB YR-29,55.82
18/12/2025,ES,FTB YR-30,55.56
18/12/2025,ES,FTB YR-31,55.30
18/12/2025,ES,FTB YR-32,55.30
18/12/2025,ES,FTB YR-33,55.30
18/12/2025,ES,FTB YR-34,55.30
18/12/2025,ES,FTB YR-35,55.30
19/12/2025,PT,FPB D Sa20Dec-25,70.77
19/12/2025,PT,FPB D Su21Dec-25,71.15
19/12/2025,PT,FPB D Mo22Dec-25,68.64
19/12/2025,PT,FPB D Tu23Dec-25,70.36
19/12/2025,PT,FPB D We24Dec-25,69.51
19/12/2025,PT,FPB D Th25Dec-25,70.02
19/12/2025,PT,FPB D Fr26Dec-25,68.43
19/12/2025,PT,FPB D Sa27Dec-25,61.23
19/12/2025,PT,FPB D Su28Dec-25,56.25
19/12/2025,PT,FPB Wk52-25,66.35
19/12/2025,PT,FPB Wk01-26,67.87
19/12/2025,PT,FPB Wk02-26,71.05
19/12/2025,PT,FPB Wk03-26,71.05
19/12/2025,PT,FPB M Jan-26,71.05
19/12/2025,PT,FPB M Feb-26,59.53
19/12/2025,PT,FPB M Mar-26,46.89
19/12/2025,PT,FPB M Apr-26,32.09
19/12/2025,PT,FPB M May-26,31.49
19/12/2025,PT,FPB M Jun-26,53.67
19/12/2025,PT,FPB Q1-26,59.15
19/12/2025,PT,FPB Q2-26,39.00
19/12/2025,PT,FPB Q3-26,64.18
19/12/2025,PT,FPB Q4-26,69.18
19/12/2025,PT,FPB Q1-27,64.30
19/12/2025,PT,FPB Q2-27,32.99
19/12/2025,PT,FPB Q3-27,60.74
19/12/2025,PT,FPB YR-26,57.92
19/12/2025,PT,FPB YR-27,55.95
19/12/2025,PT,FPB YR-28,56.40
19/12/2025,PT,FPB YR-29,56.40
19/12/2025,PT,FPB YR-30,56.40
19/12/2025,PT,FPB YR-31,56.40
19/12/2025,PT,FPB YR-32,56.40
19/12/2025,PT,FPB YR-33,56.40
19/12/2025,PT,FPB YR-34,56.40
19/12/2025,PT,FPB YR-35,56.40
19/12/2025,ES,FTB D Sa20Dec-25,70.77
19/12/2025,ES,FTB D Su21Dec-25,71.15
19/12/2025,ES,FTB D Mo22Dec-25,68.28
19/12/2025,ES,FTB D Tu23Dec-25,70.43
19/12/2025,ES,FTB D We24Dec-25,69.47
19/12/2025,ES,FTB D Th25Dec-25,69.56
19/12/2025,ES,FTB D Fr26Dec-25,68.12
19/12/2025,ES,FTB D Sa27Dec-25,60.85
19/12/2025,ES,FTB D Su28Dec-25,55.28
19/12/2025,ES,FTB Wk52-25,66.00
19/12/2025,ES,FTB Wk01-26,67.32
19/12/2025,ES,FTB Wk02-26,70.50
19/12/2025,ES,FTB Wk03-26,70.50
19/12/2025,ES,FTB M Jan-26,70.50
19/12/2025,ES,FTB M Feb-26,58.98
19/12/2025,ES,FTB M Mar-26,46.34
19/12/2025,ES,FTB M Apr-26,31.39
19/12/2025,ES,FTB M May-26,30.79
19/12/2025,ES,FTB M Jun-26,52.97
19/12/2025,ES,FTB Q1-26,58.60
19/12/2025,ES,FTB Q2-26,38.30
19/12/2025,ES,FTB Q3-26,62.50
19/12/2025,ES,FTB Q4-26,67.50
19/12/2025,ES,FTB Q1-27,63.75
19/12/2025,ES,FTB Q2-27,32.29
19/12/2025,ES,FTB Q3-27,59.64
19/12/2025,ES,FTB YR-26,56.77
19/12/2025,ES,FTB YR-27,54.85
19/12/2025,ES,FTB YR-28,55.30
19/12/2025,ES,FTB YR-29,55.30
19/12/2025,ES,FTB YR-30,55.30
19/12/2025,ES,FTB YR-31,55.30
19/12/2025,ES,FTB YR-32,55.30
19/12/2025,ES,FTB YR-33,55.30
19/12/2025,ES,FTB YR-34,55.30
19/12/2025,ES,FTB YR-35,55.30
22/12/2025,PT,FPB D Tu23Dec-25,77.91
22/12/2025,PT,FPB D We24Dec-25,69.47
22/12/2025,PT,FPB D Th25Dec-25,69.56
22/12/2025,PT,FPB D Fr26Dec-25,73.02
22/12/2025,PT,FPB D Sa27Dec-25,65.75
22/12/2025,PT,FPB D Su28Dec-25,60.18
22/12/2025,PT,FPB Wk01-26,67.97
22/12/2025,PT,FPB Wk02-26,71.15
22/12/2025,PT,FPB Wk03-26,71.15
22/12/2025,PT,FPB Wk04-26,71.15
22/12/2025,PT,FPB M Jan-26,71.14
22/12/2025,PT,FPB M Feb-26,59.64
22/12/2025,PT,FPB M Mar-26,47.54
22/12/2025,PT,FPB M Apr-26,32.15
22/12/2025,PT,FPB M May-26,30.86
22/12/2025,PT,FPB M Jun-26,52.90
22/12/2025,PT,FPB Q1-26,59.44
22/12/2025,PT,FPB Q2-26,38.55
22/12/2025,PT,FPB Q3-26,63.17
22/12/2025,PT,FPB Q4-26,68.67
22/12/2025,PT,FPB Q1-27,64.00
22/12/2025,PT,FPB Q2-27,32.69
22/12/2025,PT,FPB Q3-27,60.44
22/12/2025,PT,FPB YR-26,57.50
22/12/2025,PT,FPB YR-27,55.65
22/12/2025,PT,FPB YR-28,56.40
22/12/2025,PT,FPB YR-29,56.40
22/12/2025,PT,FPB YR-30,56.40
22/12/2025,PT,FPB YR-31,56.40
22/12/2025,PT,FPB YR-32,56.40
22/12/2025,PT,FPB YR-33,56.40
22/12/2025,PT,FPB YR-34,56.40
22/12/2025,PT,FPB YR-35,56.40
22/12/2025,ES,FTB D Tu23Dec-25,77.91
22/12/2025,ES,FTB D We24Dec-25,69.47
22/12/2025,ES,FTB D Th25Dec-25,69.56
22/12/2025,ES,FTB D Fr26Dec-25,73.02
22/12/2025,ES,FTB D Sa27Dec-25,65.75
22/12/2025,ES,FTB D Su28Dec-25,60.18
22/12/2025,ES,FTB Wk01-26,67.42
22/12/2025,ES,FTB Wk02-26,70.60
22/12/2025,ES,FTB Wk03-26,70.60
22/12/2025,ES,FTB Wk04-26,70.60
22/12/2025,ES,FTB M Jan-26,70.60
22/12/2025,ES,FTB M Feb-26,59.10
22/12/2025,ES,FTB M Mar-26,47.00
22/12/2025,ES,FTB M Apr-26,31.45
22/12/2025,ES,FTB M May-26,30.16
22/12/2025,ES,FTB M Jun-26,52.20
22/12/2025,ES,FTB Q1-26,58.90
22/12/2025,ES,FTB Q2-26,37.85
22/12/2025,ES,FTB Q3-26,61.50
22/12/2025,ES,FTB Q4-26,67.00
22/12/2025,ES,FTB Q1-27,63.45
22/12/2025,ES,FTB Q2-27,31.99
22/12/2025,ES,FTB Q3-27,59.34
22/12/2025,ES,FTB YR-26,56.35
22/12/2025,ES,FTB YR-27,54.55
22/12/2025,ES,FTB YR-28,55.30
22/12/2025,ES,FTB YR-29,55.30
22/12/2025,ES,FTB YR-30,55.30
22/12/2025,ES,FTB YR-31,55.30
22/12/2025,ES,FTB YR-32,55.30
22/12/2025,ES,FTB YR-33,55.30
22/12/2025,ES,FTB YR-34,55.30
22/12/2025,ES,FTB YR-35,55.30
23/12/2025,PT,FPB D We24Dec-25,40.64
23/12/2025,PT,FPB D Th25Dec-25,63.22
23/12/2025,PT,FPB D Fr26Dec-25,73.02
23/12/2025,PT,FPB D Sa27Dec-25,65.75
23/12/2025,PT,FPB D Su28Dec-25,60.19
23/12/2025,PT,FPB Wk01-26,70.55
23/12/2025,PT,FPB Wk02-26,73.55
23/12/2025,PT,FPB Wk03-26,73.55
23/12/2025,PT,FPB Wk04-26,73.55
23/12/2025,PT,FPB M Jan-26,73.54
23/12/2025,PT,FPB M Feb-26,60.17
23/12/2025,PT,FPB M Mar-26,47.71
23/12/2025,PT,FPB M Apr-26,31.80
23/12/2025,PT,FPB M May-26,31.26
23/12/2025,PT,FPB M Jun-26,53.44
23/12/2025,PT,FPB Q1-26,60.49
23/12/2025,PT,FPB Q2-26,38.75
23/12/2025,PT,FPB Q3-26,62.64
23/12/2025,PT,FPB Q4-26,68.77
23/12/2025,PT,FPB Q1-27,63.70
23/12/2025,PT,FPB Q2-27,32.39
23/12/2025,PT,FPB Q3-27,60.14
23/12/2025,PT,FPB YR-26,57.70
23/12/2025,PT,FPB YR-27,55.35
23/12/2025,PT,FPB YR-28,56.58
23/12/2025,PT,FPB YR-29,56.58
23/12/2025,PT,FPB YR-30,56.58
23/12/2025,PT,FPB YR-31,56.58
23/12/2025,PT,FPB YR-32,56.58
23/12/2025,PT,FPB YR-33,56.58
23/12/2025,PT,FPB YR-34,56.58
23/12/2025,PT,FPB YR-35,56.58
23/12/2025,ES,FTB D We24Dec-25,40.64
23/12/2025,ES,FTB D Th25Dec-25,63.22
23/12/2025,ES,FTB D Fr26Dec-25,73.02
23/12/2025,ES,FTB D Sa27Dec-25,65.75
23/12/2025,ES,FTB D Su28Dec-25,60.19
23/12/2025,ES,FTB Wk01-26,70.00
23/12/2025,ES,FTB Wk02-26,73.00
23/12/2025,ES,FTB Wk03-26,73.00
23/12/2025,ES,FTB Wk04-26,73.00
23/12/2025,ES,FTB M Jan-26,73.00
23/12/2025,ES,FTB M Feb-26,59.63
23/12/2025,ES,FTB M Mar-26,47.17
23/12/2025,ES,FTB M Apr-26,31.10
23/12/2025,ES,FTB M May-26,30.56
23/12/2025,ES,FTB M Jun-26,52.74
23/12/2025,ES,FTB Q1-26,59.95
23/12/2025,ES,FTB Q2-26,38.05
23/12/2025,ES,FTB Q3-26,60.97
23/12/2025,ES,FTB Q4-26,67.10
23/12/2025,ES,FTB Q1-27,63.15
23/12/2025,ES,FTB Q2-27,31.69
23/12/2025,ES,FTB Q3-27,59.04
23/12/2025,ES,FTB YR-26,56.55
23/12/2025,ES,FTB YR-27,54.25
23/12/2025,ES,FTB YR-28,55.48
23/12/2025,ES,FTB YR-29,55.48
23/12/2025,ES,FTB YR-30,55.48
23/12/2025,ES,FTB YR-31,55.48
23/12/2025,ES,FTB YR-32,55.48
23/12/2025,ES,FTB YR-33,55.48
23/12/2025,ES,FTB YR-34,55.48
23/12/2025,ES,FTB YR-35,55.48
24/12/2025,PT,FPB D Th25Dec-25,48.70
24/12/2025,PT,FPB D Fr26Dec-25,73.02
24/12/2025,PT,FPB D Sa27Dec-25,65.75
24/12/2025,PT,FPB D Su28Dec-25,60.19
24/12/2025,PT,FPB D Mo29Dec-25,85.46
24/12/2025,PT,FPB D Tu30Dec-25,87.60
24/12/2025,PT,FPB D We31Dec-25,40.64
24/12/2025,PT,FPB D Th01Jan-26,48.70
24/12/2025,PT,FPB D Fr02Jan-26,85.20
24/12/2025,PT,FPB D Sa03Jan-26,76.22
24/12/2025,PT,FPB D Su04Jan-26,70.04
24/12/2025,PT,FPB Wk01-26,70.55
24/12/2025,PT,FPB Wk02-26,73.55
24/12/2025,PT,FPB Wk03-26,73.55
24/12/2025,PT,FPB Wk04-26,73.55
24/12/2025,PT,FPB M Jan-26,73.54
24/12/2025,PT,FPB M Feb-26,61.08
24/12/2025,PT,FPB M Mar-26,48.43
24/12/2025,PT,FPB M Apr-26,32.13
24/12/2025,PT,FPB M May-26,31.59
24/12/2025,PT,FPB M Jun-26,53.77
24/12/2025,PT,FPB Q1-26,61.02
24/12/2025,PT,FPB Q2-26,39.08
24/12/2025,PT,FPB Q3-26,63.18
24/12/2025,PT,FPB Q4-26,69.36
24/12/2025,PT,FPB Q1-27,63.70
24/12/2025,PT,FPB Q2-27,32.39
24/12/2025,PT,FPB Q3-27,60.14
24/12/2025,PT,FPB YR-26,58.20
24/12/2025,PT,FPB YR-27,55.35
24/12/2025,PT,FPB YR-28,56.58
24/12/2025,PT,FPB YR-29,56.58
24/12/2025,PT,FPB YR-30,56.58
24/12/2025,PT,FPB YR-31,56.58
24/12/2025,PT,FPB YR-32,56.58
24/12/2025,PT,FPB YR-33,56.58
24/12/2025,PT,FPB YR-34,56.58
24/12/2025,PT,FPB YR-35,56.58
24/12/2025,ES,FTB D Th25Dec-25,48.70
24/12/2025,ES,FTB D Fr26Dec-25,73.02
24/12/2025,ES,FTB D Sa27Dec-25,65.75
24/12/2025,ES,FTB D Su28Dec-25,60.19
24/12/2025,ES,FTB D Mo29Dec-25,84.71
24/12/2025,ES,FTB D Tu30Dec-25,87.37
24/12/2025,ES,FTB D We31Dec-25,40.64
24/12/2025,ES,FTB D Th01Jan-26,48.70
24/12/2025,ES,FTB D Fr02Jan-26,84.51
24/12/2025,ES,FTB D Sa03Jan-26,75.49
24/12/2025,ES,FTB D Su04Jan-26,68.58
24/12/2025,ES,FTB Wk01-26,70.00
24/12/2025,ES,FTB Wk02-26,73.00
24/12/2025,ES,FTB Wk03-26,73.00
24/12/2025,ES,FTB Wk04-26,73.00
24/12/2025,ES,FTB M Jan-26,73.00
24/12/2025,ES,FTB M Feb-26,60.54
24/12/2025,ES,FTB M Mar-26,47.89
24/12/2025,ES,FTB M Apr-26,31.44
24/12/2025,ES,FTB M May-26,30.90
24/12/2025,ES,FTB M Jun-26,53.08
24/12/2025,ES,FTB Q1-26,60.48
24/12/2025,ES,FTB Q2-26,38.39
24/12/2025,ES,FTB Q3-26,61.51
24/12/2025,ES,FTB Q4-26,67.69
24/12/2025,ES,FTB Q1-27,63.15
24/12/2025,ES,FTB Q2-27,31.69
24/12/2025,ES,FTB Q3-27,59.04
24/12/2025,ES,FTB YR-26,57.05
24/12/2025,ES,FTB YR-27,54.25
24/12/2025,ES,FTB YR-28,55.48
24/12/2025,ES,FTB YR-29,55.48
24/12/2025,ES,FTB YR-30,55.48
24/12/2025,ES,FTB YR-31,55.48
24/12/2025,ES,FTB YR-32,55.48
24/12/2025,ES,FTB YR-33,55.48
24/12/2025,ES,FTB YR-34,55.48
24/12/2025,ES,FTB YR-35,55.48
29/12/2025,PT,FPB D Tu30Dec-25,91.23
29/12/2025,PT,FPB D We31Dec-25,40.64
29/12/2025,PT,FPB D Th01Jan-26,48.70
29/12/2025,PT,FPB D Fr02Jan-26,97.69
29/12/2025,PT,FPB D Sa03Jan-26,88.67
29/12/2025,PT,FPB D Su04Jan-26,81.76
29/12/2025,PT,FPB Wk02-26,70.55
29/12/2025,PT,FPB Wk03-26,71.30
29/12/2025,PT,FPB Wk04-26,71.30
29/12/2025,PT,FPB Wk05-26,71.30
29/12/2025,PT,FPB M Jan-26,72.46
29/12/2025,PT,FPB M Feb-26,62.32
29/12/2025,PT,FPB M Mar-26,49.30
29/12/2025,PT,FPB M Apr-26,32.68
29/12/2025,PT,FPB M May-26,32.13
29/12/2025,PT,FPB M Jun-26,54.67
29/12/2025,PT,FPB Q1-26,61.33
29/12/2025,PT,FPB Q2-26,39.74
29/12/2025,PT,FPB Q3-26,63.97
29/12/2025,PT,FPB Q4-26,70.00
29/12/2025,PT,FPB Q1-27,63.70
29/12/2025,PT,FPB Q2-27,32.39
29/12/2025,PT,FPB Q3-27,60.14
29/12/2025,PT,FPB YR-26,58.80
29/12/2025,PT,FPB YR-27,55.35
29/12/2025,PT,FPB YR-28,56.58
29/12/2025,PT,FPB YR-29,56.58
29/12/2025,PT,FPB YR-30,56.58
29/12/2025,PT,FPB YR-31,56.58
29/12/2025,PT,FPB YR-32,56.58
29/12/2025,PT,FPB YR-33,56.58
29/12/2025,PT,FPB YR-34,56.58
29/12/2025,PT,FPB YR-35,56.58
29/12/2025,ES,FTB D Tu30Dec-25,91.23
29/12/2025,ES,FTB D We31Dec-25,40.64
29/12/2025,ES,FTB D Th01Jan-26,48.70
29/12/2025,ES,FTB D Fr02Jan-26,97.69
29/12/2025,ES,FTB D Sa03Jan-26,88.67
29/12/2025,ES,FTB D Su04Jan-26,81.76
29/12/2025,ES,FTB Wk02-26,70.00
29/12/2025,ES,FTB Wk03-26,70.75
29/12/2025,ES,FTB Wk04-26,70.75
29/12/2025,ES,FTB Wk05-26,70.75
29/12/2025,ES,FTB M Jan-26,70.75
29/12/2025,ES,FTB M Feb-26,60.77
29/12/2025,ES,FTB M Mar-26,47.96
29/12/2025,ES,FTB M Apr-26,31.45
29/12/2025,ES,FTB M May-26,30.91
29/12/2025,ES,FTB M Jun-26,53.09
29/12/2025,ES,FTB Q1-26,59.80
29/12/2025,ES,FTB Q2-26,38.40
29/12/2025,ES,FTB Q3-26,61.27
29/12/2025,ES,FTB Q4-26,67.20
29/12/2025,ES,FTB Q1-27,63.15
29/12/2025,ES,FTB Q2-27,31.69
29/12/2025,ES,FTB Q3-27,59.04
29/12/2025,ES,FTB YR-26,56.70
29/12/2025,ES,FTB YR-27,54.25
29/12/2025,ES,FTB YR-28,55.48
29/12/2025,ES,FTB YR-29,55.48
29/12/2025,ES,FTB YR-30,55.48
29/12/2025,ES,FTB YR-31,55.48
29/12/2025,ES,FTB YR-32,55.48
29/12/2025,ES,FTB YR-33,55.48
29/12/2025,ES,FTB YR-34,55.48
29/12/2025,ES,FTB YR-35,55.48
30/12/2025,PT,FPB D We31Dec-25,97.82
30/12/2025,PT,FPB D Th01Jan-26,48.70
30/12/2025,PT,FPB D Fr02Jan-26,112.35
30/12/2025,PT,FPB D Sa03Jan-26,103.33
30/12/2025,PT,FPB D Su04Jan-26,96.42
30/12/2025,PT,FPB Wk02-26,70.80
30/12/2025,PT,FPB Wk03-26,71.55
30/12/2025,PT,FPB Wk04-26,71.55
30/12/2025,PT,FPB Wk05-26,71.43
30/12/2025,PT,FPB M Jan-26,71.55
30/12/2025,PT,FPB M Feb-26,60.70
30/12/2025,PT,FPB M Mar-26,48.05
30/12/2025,PT,FPB M Apr-26,31.95
30/12/2025,PT,FPB M May-26,31.41
30/12/2025,PT,FPB M Jun-26,53.59
30/12/2025,PT,FPB Q2-26,38.90
30/12/2025,PT,FPB Q3-26,62.28
30/12/2025,PT,FPB Q4-26,67.68
30/12/2025,PT,FPB Q1-27,61.40
30/12/2025,PT,FPB Q2-27,32.04
30/12/2025,PT,FPB Q3-27,59.79
30/12/2025,PT,FPB YR-27,55.00
30/12/2025,PT,FPB YR-28,55.10
30/12/2025,PT,FPB YR-29,56.58
30/12/2025,PT,FPB YR-30,56.58
30/12/2025,PT,FPB YR-31,56.58
30/12/2025,PT,FPB YR-32,56.58
30/12/2025,PT,FPB YR-33,56.58
30/12/2025,PT,FPB YR-34,56.58
30/12/2025,PT,FPB YR-35,56.58
30/12/2025,ES,FTB D We31Dec-25,97.82
30/12/2025,ES,FTB D Th01Jan-26,48.70
30/12/2025,ES,FTB D Fr02Jan-26,112.35
30/12/2025,ES,FTB D Sa03Jan-26,103.33
30/12/2025,ES,FTB D Su04Jan-26,96.42
30/12/2025,ES,FTB Wk02-26,70.25
30/12/2025,ES,FTB Wk03-26,71.00
30/12/2025,ES,FTB Wk04-26,71.00
30/12/2025,ES,FTB Wk05-26,70.88
30/12/2025,ES,FTB M Jan-26,71.00
30/12/2025,ES,FTB M Feb-26,60.15
30/12/2025,ES,FTB M Mar-26,47.50
30/12/2025,ES,FTB M Apr-26,31.25
30/12/2025,ES,FTB M May-26,30.71
30/12/2025,ES,FTB M Jun-26,52.89
30/12/2025,ES,FTB Q2-26,38.20
30/12/2025,ES,FTB Q3-26,60.60
30/12/2025,ES,FTB Q4-26,66.00
30/12/2025,ES,FTB Q1-27,60.85
30/12/2025,ES,FTB Q2-27,31.34
30/12/2025,ES,FTB Q3-27,58.69
30/12/2025,ES,FTB YR-27,53.90
30/12/2025,ES,FTB YR-28,54.00
30/12/2025,ES,FTB YR-29,55.48
30/12/2025,ES,FTB YR-30,55.48
30/12/2025,ES,FTB YR-31,55.48
30/12/2025,ES,FTB YR-32,55.48
30/12/2025,ES,FTB YR-33,55.48
30/12/2025,ES,FTB YR-34,55.48
30/12/2025,ES,FTB YR-35,55.48
31/12/2025,PT,FPB D Th01Jan-26,81.87
31/12/2025,PT,FPB D Fr02Jan-26,113.69
31/12/2025,PT,FPB D Sa03Jan-26,104.67
31/12/2025,PT,FPB D Su04Jan-26,97.76
31/12/2025,PT,FPB Wk02-26,71.06
31/12/2025,PT,FPB Wk03-26,71.81
31/12/2025,PT,FPB Wk04-26,71.81
31/12/2025,PT,FPB Wk05-26,71.65
31/12/2025,PT,FPB M Jan-26,71.81
31/12/2025,PT,FPB M Feb-26,60.70
31/12/2025,PT,FPB M Mar-26,47.31
31/12/2025,PT,FPB M Apr-26,31.95
31/12/2025,PT,FPB M May-26,31.41
31/12/2025,PT,FPB M Jun-26,53.59
31/12/2025,PT,FPB Q2-26,38.90
31/12/2025,PT,FPB Q3-26,62.28
31/12/2025,PT,FPB Q4-26,67.68
31/12/2025,PT,FPB Q1-27,61.40
31/12/2025,PT,FPB Q2-27,32.04
31/12/2025,PT,FPB Q3-27,59.79
31/12/2025,PT,FPB YR-27,55.00
31/12/2025,PT,FPB YR-28,55.10
31/12/2025,PT,FPB YR-29,56.58
31/12/2025,PT,FPB YR-30,56.58
31/12/2025,PT,FPB YR-31,56.58
31/12/2025,PT,FPB YR-32,56.58
31/12/2025,PT,FPB YR-33,56.58
31/12/2025,PT,FPB YR-34,56.58
31/12/2025,PT,FPB YR-35,56.58
31/12/2025,ES,FTB D Th01Jan-26,81.87
31/12/2025,ES,FTB D Fr02Jan-26,113.69
31/12/2025,ES,FTB D Sa03Jan-26,104.67
31/12/2025,ES,FTB D Su04Jan-26,97.76
31/12/2025,ES,FTB Wk02-26,70.51
31/12/2025,ES,FTB Wk03-26,71.26
31/12/2025,ES,FTB Wk04-26,71.26
31/12/2025,ES,FTB Wk05-26,71.10
31/12/2025,ES,FTB M Jan-26,71.26
31/12/2025,ES,FTB M Feb-26,60.15
31/12/2025,ES,FTB M Mar-26,46.76
31/12/2025,ES,FTB M Apr-26,31.25
31/12/2025,ES,FTB M May-26,30.71
31/12/2025,ES,FTB M Jun-26,52.89
31/12/2025,ES,FTB Q2-26,38.20
31/12/2025,ES,FTB Q3-26,60.60
31/12/2025,ES,FTB Q4-26,66.00
31/12/2025,ES,FTB Q1-27,60.85
31/12/2025,ES,FTB Q2-27,31.34
31/12/2025,ES,FTB Q3-27,58.69
31/12/2025,ES,FTB YR-27,53.90
31/12/2025,ES,FTB YR-28,54.00
31/12/2025,ES,FTB YR-29,55.48
31/12/2025,ES,FTB YR-30,55.48
31/12/2025,ES,FTB YR-31,55.48
31/12/2025,ES,FTB YR-32,55.48
31/12/2025,ES,FTB YR-33,55.48
31/12/2025,ES,FTB YR-34,55.48
31/12/2025,ES,FTB YR-35,55.48
