dia,data_iso,periodo,intervalo,data_utc,consumo_mwh,erc_total_eur,erc_total_eur_mwh,rt_pdbf_eur,rt_pdbf_eur_mwh,rt_pdvd_eur,rt_pdvd_eur_mwh,rt_phf_eur,rt_phf_eur_mwh,banda_afrr_eur,banda_afrr_eur_mwh,banda_mfrr_eur,banda_mfrr_eur_mwh,outros_eur,outros_eur_mwh
01/07/2026,2026-07-01,1,[23:00-23:15[,2026-06-30 22:00,1704.49,9310.565,5.462,5283.617,3.1,,,,,515.2,0.302,3970.892,2.33,-459.143,-0.269
01/07/2026,2026-07-01,2,[23:15-23:30[,2026-06-30 22:15,1681.812,7603.596,4.521,5230.025,3.11,,,,,515.2,0.306,4270.243,2.539,-2411.872,-1.434
01/07/2026,2026-07-01,3,[23:30-23:45[,2026-06-30 22:30,1646.287,7149.818,4.343,6230.114,3.784,,,,,662.4,0.402,4304.633,2.615,-4047.33,-2.458
01/07/2026,2026-07-01,4,[23:45-00:00[,2026-06-30 22:45,1584.069,14441.019,9.116,6711.829,4.237,,,,,1904.4,1.202,3607.555,2.277,2217.236,1.4
01/07/2026,2026-07-01,5,[00:00-00:15[,2026-06-30 23:00,1573.609,5309.746,3.374,5365.603,3.41,,,,,678.4,0.431,4328.643,2.751,-5062.9,-3.217
01/07/2026,2026-07-01,6,[00:15-00:30[,2026-06-30 23:15,1553.643,5926.035,3.814,5552.338,3.574,,,,,678.4,0.437,4335.714,2.791,-4640.417,-2.987
01/07/2026,2026-07-01,7,[00:30-00:45[,2026-06-30 23:30,1516.626,10127.681,6.678,5689.017,3.751,,,421.087,0.278,678.4,0.447,4240.178,2.796,-900.999,-0.594
01/07/2026,2026-07-01,8,[00:45-01:00[,2026-06-30 23:45,1491.874,12457.1,8.35,6079.959,4.075,,,2196.187,1.472,678.4,0.455,4110.935,2.756,-608.38,-0.408
01/07/2026,2026-07-01,9,[01:00-01:15[,2026-07-01 00:00,1470.138,11451.955,7.79,5632.351,3.831,,,,,654.08,0.445,4067.944,2.767,1097.581,0.747
01/07/2026,2026-07-01,10,[01:15-01:30[,2026-07-01 00:15,1454.6,7976.168,5.483,6241.555,4.291,,,,,654.08,0.45,4180.918,2.874,-3100.385,-2.131
01/07/2026,2026-07-01,11,[01:30-01:45[,2026-07-01 00:30,1423.86,11016.563,7.737,6947.683,4.879,,,,,2218.205,1.558,4086.144,2.87,-2235.469,-1.57
01/07/2026,2026-07-01,12,[01:45-02:00[,2026-07-01 00:45,1408.95,13740.901,9.753,7248.042,5.144,,,,,2543.2,1.805,4196.496,2.978,-246.837,-0.175
01/07/2026,2026-07-01,13,[02:00-02:15[,2026-07-01 01:00,1405.611,15457.357,10.997,7382.232,5.252,,,,,2770,1.971,4305.672,3.063,999.454,0.711
01/07/2026,2026-07-01,14,[02:15-02:30[,2026-07-01 01:15,1361.139,13933.711,10.237,7381.945,5.423,,,,,2770,2.035,3538.234,2.599,243.533,0.179
01/07/2026,2026-07-01,15,[02:30-02:45[,2026-07-01 01:30,1350.26,13758.003,10.189,7461.36,5.526,,,,,2991.6,2.216,3308.016,2.45,-2.973,-0.002
01/07/2026,2026-07-01,16,[02:45-03:00[,2026-07-01 01:45,1341.104,12906.441,9.624,7492.3,5.587,,,,,3047,2.272,3243.742,2.419,-876.601,-0.654
01/07/2026,2026-07-01,17,[03:00-03:15[,2026-07-01 02:00,1328.263,13830.505,10.412,7675.238,5.778,,,624.039,0.47,3494.4,2.631,3033.512,2.284,-996.683,-0.75
01/07/2026,2026-07-01,18,[03:15-03:30[,2026-07-01 02:15,1322.34,13026.73,9.851,8096.598,6.123,,,,,4313.4,3.262,3125.266,2.363,-2508.533,-1.897
01/07/2026,2026-07-01,19,[03:30-03:45[,2026-07-01 02:30,1308.551,14411.53,11.013,8055.975,6.156,,,,,4204.2,3.213,2897.447,2.214,-746.092,-0.57
01/07/2026,2026-07-01,20,[03:45-04:00[,2026-07-01 02:45,1311.074,15465.017,11.796,8255.79,6.297,,,,,4695.6,3.581,3164.848,2.414,-651.221,-0.497
01/07/2026,2026-07-01,21,[04:00-04:15[,2026-07-01 03:00,1328.063,17904.61,13.482,7673.015,5.778,,,,,3596.8,2.708,4216.219,3.175,2418.576,1.821
01/07/2026,2026-07-01,22,[04:15-04:30[,2026-07-01 03:15,1310.195,16448.891,12.555,7551.583,5.764,,,,,3259.6,2.488,3994.998,3.049,1642.711,1.254
01/07/2026,2026-07-01,23,[04:30-04:45[,2026-07-01 03:30,1317.439,14982.069,11.372,7600.669,5.769,,,,,3372,2.56,4072.871,3.092,-63.471,-0.048
01/07/2026,2026-07-01,24,[04:45-05:00[,2026-07-01 03:45,1297.086,13789.051,10.631,7462.88,5.754,,,,,3034.8,2.34,3576.173,2.757,-284.801,-0.22
01/07/2026,2026-07-01,25,[05:00-05:15[,2026-07-01 04:00,1319.055,14212.476,10.775,7325.048,5.553,,,,,2716.8,2.06,4149.697,3.146,20.932,0.016
01/07/2026,2026-07-01,26,[05:15-05:30[,2026-07-01 04:15,1332.451,11176.814,8.388,6390.048,4.796,,,,,475.2,0.357,4214.622,3.163,96.945,0.073
01/07/2026,2026-07-01,27,[05:30-05:45[,2026-07-01 04:30,1314.24,9258.272,7.045,6106.525,4.646,,,,,475.2,0.362,3525.917,2.683,-849.37,-0.646
01/07/2026,2026-07-01,28,[05:45-06:00[,2026-07-01 04:45,1329.229,9563.579,7.195,5536.263,4.165,,,,,475.2,0.358,4212.184,3.169,-660.067,-0.497
01/07/2026,2026-07-01,29,[06:00-06:15[,2026-07-01 05:00,1368.035,10894.982,7.964,5235.676,3.827,,,,,524.8,0.384,4282.032,3.13,852.474,0.623
01/07/2026,2026-07-01,30,[06:15-06:30[,2026-07-01 05:15,1367.314,9519.247,6.962,5292.209,3.871,,,,,524.8,0.384,3689.695,2.698,12.543,0.009
01/07/2026,2026-07-01,31,[06:30-06:45[,2026-07-01 05:30,1402.04,11022.674,7.862,6170.327,4.401,,,,,524.8,0.374,4285.727,3.057,41.821,0.03
01/07/2026,2026-07-01,32,[06:45-07:00[,2026-07-01 05:45,1427.832,16745.591,11.728,7300.399,5.113,,,,,3144,2.202,4150.93,2.907,2150.262,1.506
01/07/2026,2026-07-01,33,[07:00-07:15[,2026-07-01 06:00,1470.611,14855.436,10.102,7195.086,4.893,,,,,3395,2.309,4254.357,2.893,10.993,0.007
01/07/2026,2026-07-01,34,[07:15-07:30[,2026-07-01 06:15,1501.558,23273.127,15.499,9370.703,6.241,,,,,9146.2,6.091,4278.228,2.849,477.996,0.318
01/07/2026,2026-07-01,35,[07:30-07:45[,2026-07-01 06:30,1526.362,27154.971,17.791,12580.622,8.242,,,,,15528.8,10.174,3973.383,2.603,-4927.834,-3.228
01/07/2026,2026-07-01,36,[07:45-08:00[,2026-07-01 06:45,1551.496,34111.517,21.986,13213.917,8.517,,,,,16844.8,10.857,4254.314,2.742,-201.513,-0.13
01/07/2026,2026-07-01,37,[08:00-08:15[,2026-07-01 07:00,1619.543,34504.019,21.305,13797.668,8.519,,,,,15842.5,9.782,4206.677,2.597,657.174,0.406
01/07/2026,2026-07-01,38,[08:15-08:30[,2026-07-01 07:15,1657.087,35702.621,21.545,15295.813,9.231,,,2961.212,1.787,15251.16,9.204,4058.184,2.449,-1863.748,-1.125
01/07/2026,2026-07-01,39,[08:30-08:45[,2026-07-01 07:30,1673.737,33563.637,20.053,15504.084,9.263,,,,,15111.26,9.028,3888.572,2.323,-940.279,-0.562
01/07/2026,2026-07-01,40,[08:45-09:00[,2026-07-01 07:45,1684.894,35882.071,21.296,15452.043,9.171,,,,,15341.63,9.105,3925.764,2.33,1162.635,0.69
01/07/2026,2026-07-01,41,[09:00-09:15[,2026-07-01 08:00,1719.551,34126.896,19.846,15404.672,8.959,,,,,15319.32,8.909,3844.357,2.236,-441.453,-0.257
01/07/2026,2026-07-01,42,[09:15-09:30[,2026-07-01 08:15,1697.978,33171.27,19.536,15697.307,9.245,,,,,15516.92,9.138,3175.805,1.87,-1218.761,-0.718
01/07/2026,2026-07-01,43,[09:30-09:45[,2026-07-01 08:30,1704.475,33130.77,19.438,15664.549,9.19,,,,,12221,7.17,3648.829,2.141,1596.393,0.937
01/07/2026,2026-07-01,44,[09:45-10:00[,2026-07-01 08:45,1707.704,29197.598,17.098,15671.119,9.177,,,,,11552,6.765,3902.799,2.285,-1928.32,-1.129
01/07/2026,2026-07-01,45,[10:00-10:15[,2026-07-01 09:00,1684.704,23816.462,14.137,15556.381,9.234,,,,,11547.6,6.854,3685.854,2.188,-6973.372,-4.139
01/07/2026,2026-07-01,46,[10:15-10:30[,2026-07-01 09:15,1697.61,24631.943,14.51,15543.557,9.156,,,,,12219.4,7.198,3776.456,2.225,-6907.469,-4.069
01/07/2026,2026-07-01,47,[10:30-10:45[,2026-07-01 09:30,1702.277,26737.32,15.707,15538.8,9.128,,,,,11384.4,6.688,3751.017,2.204,-3936.896,-2.313
01/07/2026,2026-07-01,48,[10:45-11:00[,2026-07-01 09:45,1694.941,24600.211,14.514,15537.935,9.167,,,,,11396.9,6.724,3529.58,2.082,-5864.204,-3.46
01/07/2026,2026-07-01,49,[11:00-11:15[,2026-07-01 10:00,1707.8,30677.998,17.963,15528.289,9.093,,,,,11517.5,6.744,3718.325,2.177,-86.117,-0.05
01/07/2026,2026-07-01,50,[11:15-11:30[,2026-07-01 10:15,1711.33,27291.216,15.947,15526.142,9.073,,,,,11520,6.732,3657.042,2.137,-3411.969,-1.994
01/07/2026,2026-07-01,51,[11:30-11:45[,2026-07-01 10:30,1716.919,30873.287,17.982,15523.34,9.041,,,,,11520,6.71,3635.934,2.118,194.013,0.113
01/07/2026,2026-07-01,52,[11:45-12:00[,2026-07-01 10:45,1711.406,29706.617,17.358,15518.816,9.068,,,,,11522.5,6.733,3115.221,1.82,-449.919,-0.263
01/07/2026,2026-07-01,53,[12:00-12:15[,2026-07-01 11:00,1705.091,29763.639,17.456,15514.637,9.099,,,,,11227.5,6.585,3432.61,2.013,-411.108,-0.241
01/07/2026,2026-07-01,54,[12:15-12:30[,2026-07-01 11:15,1712.411,30543.354,17.836,15510.854,9.058,,,,,11227.5,6.557,3579.654,2.09,225.347,0.132
01/07/2026,2026-07-01,55,[12:30-12:45[,2026-07-01 11:30,1677.657,29342.606,17.49,15513.535,9.247,,,,,11227.5,6.692,2897.072,1.727,-295.5,-0.176
01/07/2026,2026-07-01,56,[12:45-13:00[,2026-07-01 11:45,1680.583,28115.752,16.73,15517.875,9.234,,,,,11227.5,6.681,3583.436,2.132,-2213.059,-1.317
01/07/2026,2026-07-01,57,[13:00-13:15[,2026-07-01 12:00,1688.591,28921.617,17.128,15514.005,9.188,,,,,11195.8,6.63,3552.738,2.104,-1340.927,-0.794
01/07/2026,2026-07-01,58,[13:15-13:30[,2026-07-01 12:15,1676.524,28425.722,16.955,15512.654,9.253,,,,,11195.8,6.678,3394.137,2.025,-1676.869,-1
01/07/2026,2026-07-01,59,[13:30-13:45[,2026-07-01 12:30,1690.689,27231.005,16.106,15514.879,9.177,,,,,11195.8,6.622,3567.621,2.11,-3047.295,-1.802
01/07/2026,2026-07-01,60,[13:45-14:00[,2026-07-01 12:45,1695.714,27467.569,16.198,15519.835,9.152,,,,,11195.8,6.602,3405.09,2.008,-2653.156,-1.565
01/07/2026,2026-07-01,61,[14:00-14:15[,2026-07-01 13:00,1722.717,30639.849,17.786,15536.868,9.019,,,,,11195.9,6.499,3607.78,2.094,299.302,0.174
01/07/2026,2026-07-01,62,[14:15-14:30[,2026-07-01 13:15,1726.32,29759.012,17.238,15538.759,9.001,,,,,11195.9,6.485,3108.327,1.801,-83.974,-0.049
01/07/2026,2026-07-01,63,[14:30-14:45[,2026-07-01 13:30,1742.545,31407.253,18.024,15547.237,8.922,,,1622.732,0.931,11195.9,6.425,3375.129,1.937,-333.745,-0.192
01/07/2026,2026-07-01,64,[14:45-15:00[,2026-07-01 13:45,1755.786,31664.46,18.034,15551.492,8.857,,,1620.901,0.923,11195.9,6.377,3633.731,2.07,-337.563,-0.192
01/07/2026,2026-07-01,65,[15:00-15:15[,2026-07-01 14:00,1742.415,34925.011,20.044,15534.405,8.915,,,1278.983,0.734,16124.55,9.254,3171.579,1.82,-1184.507,-0.68
01/07/2026,2026-07-01,66,[15:15-15:30[,2026-07-01 14:15,1752.046,35869.253,20.473,15596.91,8.902,,,1278.983,0.73,16091.75,9.185,3431.269,1.958,-529.659,-0.302
01/07/2026,2026-07-01,67,[15:30-15:45[,2026-07-01 14:30,1765.614,36639.257,20.752,15597.592,8.834,,,1278.983,0.724,16091.75,9.114,3492.006,1.978,178.925,0.101
01/07/2026,2026-07-01,68,[15:45-16:00[,2026-07-01 14:45,1753.327,35493.978,20.244,15600.394,8.898,,,1278.983,0.729,16064.36,9.162,3072.265,1.752,-522.024,-0.298
01/07/2026,2026-07-01,69,[16:00-16:15[,2026-07-01 15:00,1765.947,42875.494,24.279,15603.443,8.836,,,2649.629,1.5,21030.2,11.909,3493.499,1.978,98.723,0.056
01/07/2026,2026-07-01,70,[16:15-16:30[,2026-07-01 15:15,1785.359,42665.775,23.898,15606.829,8.742,,,2649.629,1.484,21030.2,11.779,3481.716,1.95,-102.599,-0.057
01/07/2026,2026-07-01,71,[16:30-16:45[,2026-07-01 15:30,1784.477,41911.218,23.487,15476.39,8.673,,,2649.629,1.485,21136.3,11.845,3230.453,1.81,-581.553,-0.326
01/07/2026,2026-07-01,72,[16:45-17:00[,2026-07-01 15:45,1804.148,43257.168,23.977,15326.974,8.495,,,2649.629,1.469,21127.4,11.71,3749.1,2.078,404.065,0.224
01/07/2026,2026-07-01,73,[17:00-17:15[,2026-07-01 16:00,1808.387,43897.086,24.274,15503.1,8.573,,,2552.834,1.412,21639.1,11.966,3717.419,2.056,484.633,0.268
01/07/2026,2026-07-01,74,[17:15-17:30[,2026-07-01 16:15,1804.942,42238.362,23.402,15323.717,8.49,,,4828.084,2.675,21538,11.933,3104.244,1.72,-2555.683,-1.416
01/07/2026,2026-07-01,75,[17:30-17:45[,2026-07-01 16:30,1806.531,41836.383,23.158,15363.901,8.505,,,4828.084,2.673,21838,12.088,2889.322,1.599,-3082.924,-1.707
01/07/2026,2026-07-01,76,[17:45-18:00[,2026-07-01 16:45,1819.885,38654.219,21.24,15264.908,8.388,,,5313.14,2.919,21300,11.704,2708.976,1.489,-5932.805,-3.26
01/07/2026,2026-07-01,77,[18:00-18:15[,2026-07-01 17:00,1830.172,43988.445,24.035,15429.795,8.431,,,,,21766.4,11.893,2829.554,1.546,3962.696,2.165
01/07/2026,2026-07-01,78,[18:15-18:30[,2026-07-01 17:15,1855.94,44273.661,23.855,15138.994,8.157,,,,,21331.5,11.494,2892.971,1.559,4910.196,2.646
01/07/2026,2026-07-01,79,[18:30-18:45[,2026-07-01 17:30,1879.914,41161.393,21.895,13618.478,7.244,,,,,18602,9.895,2809.658,1.495,6131.257,3.261
01/07/2026,2026-07-01,80,[18:45-19:00[,2026-07-01 17:45,1920.072,36828.363,19.181,11988.373,6.244,,,,,16401,8.542,2927.956,1.525,5511.034,2.87
01/07/2026,2026-07-01,81,[19:00-19:15[,2026-07-01 18:00,1935.909,29567.769,15.273,12096.574,6.249,,,,,15039.6,7.769,2623.875,1.355,-192.28,-0.099
01/07/2026,2026-07-01,82,[19:15-19:30[,2026-07-01 18:15,1981.38,17325.423,8.744,9906.394,5,,,,,9543.2,4.816,2897.55,1.462,-5021.72,-2.534
01/07/2026,2026-07-01,83,[19:30-19:45[,2026-07-01 18:30,2008.33,19281.369,9.601,8934.368,4.449,,,,,5179.2,2.579,2757.014,1.373,2410.787,1.2
01/07/2026,2026-07-01,84,[19:45-20:00[,2026-07-01 18:45,2020.395,8481.986,4.198,7823.862,3.872,,,,,3208.5,1.588,1918.905,0.95,-4469.281,-2.212
01/07/2026,2026-07-01,85,[20:00-20:15[,2026-07-01 19:00,2033.259,11811.819,5.809,7795.351,3.834,,,,,3011,1.481,1947.452,0.958,-941.984,-0.463
01/07/2026,2026-07-01,86,[20:15-20:30[,2026-07-01 19:15,2031.616,4706.719,2.317,6949.19,3.421,,,,,1208.9,0.595,1928.926,0.949,-5380.297,-2.648
01/07/2026,2026-07-01,87,[20:30-20:45[,2026-07-01 19:30,2016.741,4854.1,2.407,6199.309,3.074,,,,,871.5,0.432,1937.16,0.961,-4153.869,-2.06
01/07/2026,2026-07-01,88,[20:45-21:00[,2026-07-01 19:45,2003.193,5817.236,2.904,6381.795,3.186,,,,,871.5,0.435,1899.234,0.948,-3335.293,-1.665
01/07/2026,2026-07-01,89,[21:00-21:15[,2026-07-01 20:00,1994.899,10101.878,5.064,6267.231,3.142,,,,,1003.2,0.503,1910.881,0.958,920.567,0.461
01/07/2026,2026-07-01,90,[21:15-21:30[,2026-07-01 20:15,2005.372,9787.24,4.881,6516.303,3.249,,,,,1125.6,0.561,1886.492,0.941,258.845,0.129
01/07/2026,2026-07-01,91,[21:30-21:45[,2026-07-01 20:30,1997.416,13363.653,6.69,7265,3.637,,,,,1588.25,0.795,1889.387,0.946,2621.017,1.312
01/07/2026,2026-07-01,92,[21:45-22:00[,2026-07-01 20:45,1972.666,11397.298,5.778,7995.269,4.053,,,,,3225.55,1.635,1927.059,0.977,-1750.58,-0.887
01/07/2026,2026-07-01,93,[22:00-22:15[,2026-07-01 21:00,1939.528,11597.622,5.98,8285.104,4.272,,,,,4163.5,2.147,1854.11,0.956,-2705.092,-1.395
01/07/2026,2026-07-01,94,[22:15-22:30[,2026-07-01 21:15,1904.497,6751.746,3.545,8796.218,4.619,,,,,5177.4,2.719,1902.14,0.999,-9124.012,-4.791
01/07/2026,2026-07-01,95,[22:30-22:45[,2026-07-01 21:30,1863.993,9394.896,5.04,9024.251,4.841,,,,,5221,2.801,1954.77,1.049,-6805.125,-3.651
01/07/2026,2026-07-01,96,[22:45-23:00[,2026-07-01 21:45,1829.613,17434.41,9.529,9449.225,5.165,,,,,5526.1,3.02,2747.757,1.502,-288.671,-0.158
02/07/2026,2026-07-02,1,[23:00-23:15[,2026-07-01 22:00,1786.007,12204.322,6.833,6876.673,3.85,,,,,481.6,0.27,2825.897,1.582,2020.152,1.131
02/07/2026,2026-07-02,2,[23:15-23:30[,2026-07-01 22:15,1746.354,9750.542,5.583,7811.423,4.473,,,,,481.6,0.276,2841.028,1.627,-1383.509,-0.792
02/07/2026,2026-07-02,3,[23:30-23:45[,2026-07-01 22:30,1701.599,13015.559,7.649,8891.423,5.225,,,,,2095.5,1.231,2553.813,1.501,-525.177,-0.309
02/07/2026,2026-07-02,4,[23:45-00:00[,2026-07-01 22:45,1659.279,17103.235,10.308,9211.11,5.551,,,,,2532.6,1.526,2885.767,1.739,2473.758,1.491
02/07/2026,2026-07-02,5,[00:00-00:15[,2026-07-01 23:00,1645.451,13556.883,8.239,8567.048,5.207,,,,,1276.8,0.776,3939.883,2.394,-226.848,-0.138
02/07/2026,2026-07-02,6,[00:15-00:30[,2026-07-01 23:15,1603.064,16083.504,10.033,9152.048,5.709,,,,,2556,1.594,3488.199,2.176,887.257,0.553
02/07/2026,2026-07-02,7,[00:30-00:45[,2026-07-01 23:30,1566.631,16819.851,10.736,9996.759,6.381,,,,,3466.8,2.213,2927.868,1.869,428.424,0.273
02/07/2026,2026-07-02,8,[00:45-01:00[,2026-07-01 23:45,1533.336,17664.539,11.52,10207.829,6.657,,,,,4173,2.722,3027.562,1.974,256.148,0.167
02/07/2026,2026-07-02,9,[01:00-01:15[,2026-07-02 00:00,1536.98,15144.234,9.853,9153.923,5.956,,,,,2328,1.515,4197.279,2.731,-534.967,-0.348
02/07/2026,2026-07-02,10,[01:15-01:30[,2026-07-02 00:15,1508.832,16240.778,10.764,9883.889,6.551,,,,,2793.6,1.851,4205.788,2.787,-642.5,-0.426
02/07/2026,2026-07-02,11,[01:30-01:45[,2026-07-02 00:30,1472.852,16726.164,11.356,8661.043,5.88,,,,,3841.2,2.608,3529.981,2.397,693.941,0.471
02/07/2026,2026-07-02,12,[01:45-02:00[,2026-07-02 00:45,1469.988,19702.039,13.403,10492.414,7.138,,,,,4597.8,3.128,4212.454,2.866,399.371,0.272
02/07/2026,2026-07-02,13,[02:00-02:15[,2026-07-02 01:00,1455.03,20731.649,14.248,10842.87,7.452,,,,,5412.6,3.72,4073.537,2.8,402.643,0.277
02/07/2026,2026-07-02,14,[02:15-02:30[,2026-07-02 01:15,1430.969,22517.753,15.736,11191.74,7.821,,,,,6305.4,4.406,4031.656,2.817,988.957,0.691
02/07/2026,2026-07-02,15,[02:30-02:45[,2026-07-02 01:30,1423.911,21956.929,15.42,11215.625,7.877,,,,,6361.2,4.467,4160.628,2.922,219.476,0.154
02/07/2026,2026-07-02,16,[02:45-03:00[,2026-07-02 01:45,1414.494,22269.113,15.744,11376.183,8.043,,,,,6807.6,4.813,3946.736,2.79,138.594,0.098
02/07/2026,2026-07-02,17,[03:00-03:15[,2026-07-02 02:00,1400.253,21791.623,15.563,11398.73,8.14,,,,,5720,4.085,3961.954,2.829,710.938,0.508
02/07/2026,2026-07-02,18,[03:15-03:30[,2026-07-02 02:15,1393.622,22152.248,15.895,11711.355,8.404,,,,,6403.2,4.595,3962.1,2.843,75.593,0.054
02/07/2026,2026-07-02,19,[03:30-03:45[,2026-07-02 02:30,1392.847,20487.437,14.709,11623.543,8.345,,,,,5936,4.262,4089.904,2.936,-1162.009,-0.834
02/07/2026,2026-07-02,20,[03:45-04:00[,2026-07-02 02:45,1382.249,22248.302,16.096,11644.618,8.424,,,,,6373.2,4.611,4083.442,2.954,147.043,0.106
02/07/2026,2026-07-02,21,[04:00-04:15[,2026-07-02 03:00,1364.226,22025.729,16.145,11542.053,8.461,,,,,6213,4.554,3889.707,2.851,380.97,0.279
02/07/2026,2026-07-02,22,[04:15-04:30[,2026-07-02 03:15,1366.519,21499.232,15.733,11393.685,8.338,,,,,5928,4.338,4094.492,2.996,83.056,0.061
02/07/2026,2026-07-02,23,[04:30-04:45[,2026-07-02 03:30,1369.736,22939.623,16.747,11364.124,8.297,,,,,6905.2,5.041,3968.144,2.897,702.155,0.513
02/07/2026,2026-07-02,24,[04:45-05:00[,2026-07-02 03:45,1353.379,19979.65,14.763,10818.014,7.993,,,,,5490.2,4.057,3797.298,2.806,-125.862,-0.093
02/07/2026,2026-07-02,25,[05:00-05:15[,2026-07-02 04:00,1374.279,24003.301,17.466,11334.152,8.247,,,,,6897,5.019,4335.579,3.155,1436.57,1.045
02/07/2026,2026-07-02,26,[05:15-05:30[,2026-07-02 04:15,1377.521,22008.688,15.977,10694.572,7.764,,,,,5187,3.765,4034.273,2.929,2092.842,1.519
02/07/2026,2026-07-02,27,[05:30-05:45[,2026-07-02 04:30,1385.576,19984.922,14.424,10685.295,7.712,,,,,5130,3.702,4357.108,3.145,-187.481,-0.135
02/07/2026,2026-07-02,28,[05:45-06:00[,2026-07-02 04:45,1368.886,18656.685,13.629,10289.206,7.516,,,,,3990,2.915,4024.617,2.94,352.862,0.258
02/07/2026,2026-07-02,29,[06:00-06:15[,2026-07-02 05:00,1403.157,13793.582,9.83,8049.264,5.737,,,,,1764,1.257,4199.746,2.993,-219.428,-0.156
02/07/2026,2026-07-02,30,[06:15-06:30[,2026-07-02 05:15,1435.002,14603,10.176,8125.687,5.662,,,,,2268,1.58,4365.51,3.042,-156.198,-0.109
02/07/2026,2026-07-02,31,[06:30-06:45[,2026-07-02 05:30,1439.427,15578.691,10.823,8222.096,5.712,,,,,3591,2.495,3956.843,2.749,-191.248,-0.133
02/07/2026,2026-07-02,32,[06:45-07:00[,2026-07-02 05:45,1472.733,22920.28,15.563,9956.511,6.761,,,,,6111,4.149,4252.827,2.888,2599.941,1.765
02/07/2026,2026-07-02,33,[07:00-07:15[,2026-07-02 06:00,1527.735,15956.168,10.444,8156.426,5.339,,,,,3060,2.003,4108.452,2.689,631.29,0.413
02/07/2026,2026-07-02,34,[07:15-07:30[,2026-07-02 06:15,1542.224,21513.909,13.95,11343.736,7.355,,,,,14143.2,9.171,3919.955,2.542,-7892.982,-5.118
02/07/2026,2026-07-02,35,[07:30-07:45[,2026-07-02 06:30,1571.954,33605.146,21.378,12904.846,8.209,,,,,16533.6,10.518,4099.728,2.608,66.972,0.043
02/07/2026,2026-07-02,36,[07:45-08:00[,2026-07-02 06:45,1599.537,43813.887,27.392,15064.591,9.418,,,,,18656,11.663,4000.333,2.501,6092.962,3.809
02/07/2026,2026-07-02,37,[08:00-08:15[,2026-07-02 07:00,1666.552,68274.542,40.968,14050.713,8.431,,,2073.75,1.244,17181.3,10.309,4151.894,2.491,30816.886,18.491
02/07/2026,2026-07-02,38,[08:15-08:30[,2026-07-02 07:15,1695.945,35067.436,20.677,15706.226,9.261,,,11582.197,6.829,13933.5,8.216,3770.32,2.223,-9924.807,-5.852
02/07/2026,2026-07-02,39,[08:30-08:45[,2026-07-02 07:30,1724.622,56683.394,32.867,15938.23,9.242,,,17373.287,10.074,19731.6,11.441,4004.027,2.322,-363.75,-0.211
02/07/2026,2026-07-02,40,[08:45-09:00[,2026-07-02 07:45,1750.723,45967.986,26.257,16098.647,9.195,,,8249.085,4.712,20196.7,11.536,4128.576,2.358,-2705.021,-1.545
02/07/2026,2026-07-02,41,[09:00-09:15[,2026-07-02 08:00,1754.83,40669.794,23.176,16176.509,9.218,,,,,20884.8,11.901,3616.196,2.061,-7.711,-0.004
02/07/2026,2026-07-02,42,[09:15-09:30[,2026-07-02 08:15,1747.01,40182.257,23.001,16186.973,9.266,,,,,21075.5,12.064,2788.456,1.596,131.328,0.075
02/07/2026,2026-07-02,43,[09:30-09:45[,2026-07-02 08:30,1745.577,39874.968,22.843,16190.607,9.275,,,,,21167,12.126,2512.438,1.439,4.923,0.003
02/07/2026,2026-07-02,44,[09:45-10:00[,2026-07-02 08:45,1731.13,39314.219,22.71,16213.974,9.366,,,,,21228,12.263,1998.096,1.154,-125.85,-0.073
02/07/2026,2026-07-02,45,[10:00-10:15[,2026-07-02 09:00,1725.291,39676.477,22.997,16216.115,9.399,,,,,21289,12.339,2210.586,1.281,-39.224,-0.023
02/07/2026,2026-07-02,46,[10:15-10:30[,2026-07-02 09:15,1754.52,40663.543,23.176,16209.399,9.239,,,,,21106,12.03,3425.612,1.952,-77.469,-0.044
02/07/2026,2026-07-02,47,[10:30-10:45[,2026-07-02 09:30,1747.117,40861.689,23.388,16204.474,9.275,,,1266.12,0.725,21136.5,12.098,3007.593,1.721,-752.997,-0.431
02/07/2026,2026-07-02,48,[10:45-11:00[,2026-07-02 09:45,1765.112,40295.623,22.829,16199.293,9.177,,,2454.608,1.391,21167,11.992,3488.147,1.976,-3013.425,-1.707
02/07/2026,2026-07-02,49,[11:00-11:15[,2026-07-02 10:00,1749.027,39439.604,22.549,16193.74,9.259,,,2454.608,1.403,21432,12.254,2368.561,1.354,-3009.304,-1.721
02/07/2026,2026-07-02,50,[11:15-11:30[,2026-07-02 10:15,1777.206,40699.29,22.901,16190.37,9.11,,,2454.608,1.381,21462.4,12.076,3322.11,1.869,-2730.197,-1.536
02/07/2026,2026-07-02,51,[11:30-11:45[,2026-07-02 10:30,1789.955,42246.315,23.602,16187.541,9.044,,,2454.608,1.371,21492.8,12.007,3425.709,1.914,-1314.342,-0.734
02/07/2026,2026-07-02,52,[11:45-12:00[,2026-07-02 10:45,1787.676,41188.434,23.04,16185.344,9.054,,,2454.608,1.373,21857.6,12.227,3296.118,1.844,-2605.236,-1.457
02/07/2026,2026-07-02,53,[12:00-12:15[,2026-07-02 11:00,1777.364,34286.442,19.291,16183.985,9.106,,,500.61,0.282,14329.68,8.062,3462.449,1.948,-190.283,-0.107
02/07/2026,2026-07-02,54,[12:15-12:30[,2026-07-02 11:15,1774.644,33685.425,18.982,16181.868,9.118,,,,,14329.68,8.075,3416.529,1.925,-242.653,-0.137
02/07/2026,2026-07-02,55,[12:30-12:45[,2026-07-02 11:30,1758.92,33500.16,19.046,16181.594,9.2,,,924.55,0.526,14329.68,8.147,3158.769,1.796,-1094.433,-0.622
02/07/2026,2026-07-02,56,[12:45-13:00[,2026-07-02 11:45,1748.236,33314.232,19.056,16181.343,9.256,,,890.725,0.509,14329.68,8.197,3174.272,1.816,-1261.788,-0.722
02/07/2026,2026-07-02,57,[13:00-13:15[,2026-07-02 12:00,1747.258,31764.897,18.18,16177.29,9.259,,,,,14394.18,8.238,3277.99,1.876,-2084.562,-1.193
02/07/2026,2026-07-02,58,[13:15-13:30[,2026-07-02 12:15,1765.827,33221.673,18.814,16177.979,9.162,,,,,14375.22,8.141,3402.075,1.927,-733.601,-0.415
02/07/2026,2026-07-02,59,[13:30-13:45[,2026-07-02 12:30,1769.821,32955.508,18.621,16178.772,9.141,,,,,14375.22,8.122,3350.132,1.893,-948.616,-0.536
02/07/2026,2026-07-02,60,[13:45-14:00[,2026-07-02 12:45,1783.442,33319.557,18.683,16179.792,9.072,,,,,14394.18,8.071,3326.794,1.865,-581.209,-0.326
02/07/2026,2026-07-02,61,[14:00-14:15[,2026-07-02 13:00,1805.857,36171.465,20.03,16180.559,8.96,,,2429.962,1.346,14363.28,7.954,3597.557,1.992,-399.892,-0.221
02/07/2026,2026-07-02,62,[14:15-14:30[,2026-07-02 13:15,1806.96,34724.751,19.217,16181.645,8.955,,,1698.015,0.94,13997.76,7.747,3332.956,1.845,-485.625,-0.269
02/07/2026,2026-07-02,63,[14:30-14:45[,2026-07-02 13:30,1826.663,33769.353,18.487,16182.846,8.859,,,487.05,0.267,13957.2,7.641,3583.968,1.962,-441.711,-0.242
02/07/2026,2026-07-02,64,[14:45-15:00[,2026-07-02 13:45,1829.128,34144.446,18.667,16184.49,8.848,,,,,13957.2,7.631,3408.769,1.864,593.987,0.325
02/07/2026,2026-07-02,65,[15:00-15:15[,2026-07-02 14:00,1808.682,36291.902,20.065,16186.373,8.949,,,1636.949,0.905,14581.44,8.062,2269.34,1.255,1617.799,0.894
02/07/2026,2026-07-02,66,[15:15-15:30[,2026-07-02 14:15,1821.137,33891.9,18.61,16188.994,8.889,,,699.05,0.384,14571.6,8.001,2572.073,1.412,-139.817,-0.077
02/07/2026,2026-07-02,67,[15:30-15:45[,2026-07-02 14:30,1826.419,33584.774,18.388,16191.758,8.865,,,699.05,0.383,14571.6,7.978,2526.996,1.384,-404.629,-0.222
02/07/2026,2026-07-02,68,[15:45-16:00[,2026-07-02 14:45,1807.115,31886.707,17.645,16195.736,8.962,,,699.05,0.387,14518.6,8.034,1465.867,0.811,-992.546,-0.549
02/07/2026,2026-07-02,69,[16:00-16:15[,2026-07-02 15:00,1812.093,41052.74,22.655,16199.046,8.939,,,4207.003,2.322,19530.8,10.778,1353.136,0.747,-237.244,-0.131
02/07/2026,2026-07-02,70,[16:15-16:30[,2026-07-02 15:15,1828.081,41714.233,22.819,16202.753,8.863,,,4821.703,2.638,19530.8,10.684,1435.972,0.786,-276.995,-0.152
02/07/2026,2026-07-02,71,[16:30-16:45[,2026-07-02 15:30,1834.479,41218.858,22.469,16175.575,8.818,,,4821.703,2.628,19159,10.444,1424.41,0.776,-361.829,-0.197
02/07/2026,2026-07-02,72,[16:45-17:00[,2026-07-02 15:45,1840.948,34104.982,18.526,16142.746,8.769,,,4821.703,2.619,13855.9,7.527,1361.84,0.74,-2077.207,-1.128
02/07/2026,2026-07-02,73,[17:00-17:15[,2026-07-02 16:00,1838.564,35700.593,19.418,15885.994,8.64,,,4671.558,2.541,19222.2,10.455,1580.155,0.859,-5659.313,-3.078
02/07/2026,2026-07-02,74,[17:15-17:30[,2026-07-02 16:15,1849.068,38423.294,20.78,15901.608,8.6,,,4821.703,2.608,20084.6,10.862,1595.264,0.863,-3979.88,-2.152
02/07/2026,2026-07-02,75,[17:30-17:45[,2026-07-02 16:30,1861.087,35532.434,19.092,15889.571,8.538,,,4499.766,2.418,19741.8,10.608,1613.488,0.867,-6212.191,-3.338
02/07/2026,2026-07-02,76,[17:45-18:00[,2026-07-02 16:45,1881.428,38822.045,20.634,15873.115,8.437,,,5882.953,3.127,19496,10.362,1806.542,0.96,-4236.564,-2.252
02/07/2026,2026-07-02,77,[18:00-18:15[,2026-07-02 17:00,1890.649,30656.726,16.215,15962.356,8.443,,,,,13542.48,7.163,1835.109,0.971,-683.219,-0.361
02/07/2026,2026-07-02,78,[18:15-18:30[,2026-07-02 17:15,1917.993,28775.107,15.003,15813.116,8.245,,,,,13465.92,7.021,1969.908,1.027,-2473.837,-1.29
02/07/2026,2026-07-02,79,[18:30-18:45[,2026-07-02 17:30,1948.203,30715.304,15.766,15744.416,8.082,,,,,13328.34,6.841,2012.061,1.033,-369.513,-0.19
02/07/2026,2026-07-02,80,[18:45-19:00[,2026-07-02 17:45,1984.704,18830.457,9.488,12990.741,6.545,,,,,16218,8.171,2028.595,1.022,-12406.879,-6.251
02/07/2026,2026-07-02,81,[19:00-19:15[,2026-07-02 18:00,2015.177,29712.676,14.744,12842.296,6.373,,,,,14731.2,7.31,2154.295,1.069,-15.115,-0.008
02/07/2026,2026-07-02,82,[19:15-19:30[,2026-07-02 18:15,2052.791,15519.482,7.56,10905.554,5.313,,,,,6640.2,3.235,2192.662,1.068,-4218.934,-2.055
02/07/2026,2026-07-02,83,[19:30-19:45[,2026-07-02 18:30,2090.987,4709.704,2.252,8640.629,4.132,,,,,2176.2,1.041,2250.284,1.076,-8357.409,-3.997
02/07/2026,2026-07-02,84,[19:45-20:00[,2026-07-02 18:45,2112.169,10950.935,5.185,6549.491,3.101,,,1476.508,0.699,425.6,0.201,2256.864,1.069,242.472,0.115
02/07/2026,2026-07-02,85,[20:00-20:15[,2026-07-02 19:00,2122.774,2202.719,1.038,7321.826,3.449,,,2522.415,1.188,511.2,0.241,2223.397,1.047,-10376.12,-4.888
02/07/2026,2026-07-02,86,[20:15-20:30[,2026-07-02 19:15,2121.991,-3370.43,-1.588,6307.841,2.973,,,-110.085,-0.052,454.4,0.214,2263.017,1.066,-12285.603,-5.79
02/07/2026,2026-07-02,87,[20:30-20:45[,2026-07-02 19:30,2120.275,1861.41,0.878,5635.509,2.658,,,-599.735,-0.283,454.4,0.214,2279.946,1.075,-5908.709,-2.787
02/07/2026,2026-07-02,88,[20:45-21:00[,2026-07-02 19:45,2112.592,6535.102,3.093,5534.363,2.62,,,-599.735,-0.284,454.4,0.215,2317.913,1.097,-1171.839,-0.555
02/07/2026,2026-07-02,89,[21:00-21:15[,2026-07-02 20:00,2100.167,1542.298,0.734,6087.509,2.899,,,,,924,0.44,2319.035,1.104,-7788.246,-3.708
02/07/2026,2026-07-02,90,[21:15-21:30[,2026-07-02 20:15,2104.89,1745.694,0.829,6410.237,3.045,,,,,924,0.439,2286.494,1.086,-7875.037,-3.741
02/07/2026,2026-07-02,91,[21:30-21:45[,2026-07-02 20:30,2095.864,1498.883,0.715,6783.312,3.237,,,,,924,0.441,2252.772,1.075,-8461.201,-4.037
02/07/2026,2026-07-02,92,[21:45-22:00[,2026-07-02 20:45,2061.274,2397.417,1.163,7160.088,3.474,,,,,924,0.448,2255.438,1.094,-7942.109,-3.853
02/07/2026,2026-07-02,93,[22:00-22:15[,2026-07-02 21:00,2021.094,7741.085,3.83,6624.732,3.278,,,,,975,0.482,2271.397,1.124,-2130.044,-1.054
02/07/2026,2026-07-02,94,[22:15-22:30[,2026-07-02 21:15,1984.63,9136.297,4.604,7379.478,3.718,,,,,1300,0.655,2202.094,1.11,-1745.276,-0.879
02/07/2026,2026-07-02,95,[22:30-22:45[,2026-07-02 21:30,1952.877,9020.712,4.619,7727.338,3.957,,,,,1625,0.832,2278.059,1.167,-2609.684,-1.336
02/07/2026,2026-07-02,96,[22:45-23:00[,2026-07-02 21:45,1909.068,11545.641,6.048,7802.338,4.087,,,,,1690,0.885,2251.765,1.18,-198.462,-0.104
03/07/2026,2026-07-03,1,[23:00-23:15[,2026-07-02 22:00,1878.665,18536.775,9.867,8043.062,4.281,,,,,3216,1.712,3109.307,1.655,4168.407,2.219
03/07/2026,2026-07-03,2,[23:15-23:30[,2026-07-02 22:15,1841.395,4645.588,2.523,8559.787,4.649,,,,,5092,2.765,3218.28,1.748,-12224.478,-6.639
03/07/2026,2026-07-03,3,[23:30-23:45[,2026-07-02 22:30,1808.095,7510.901,4.154,8724.189,4.825,,,,,5628,3.113,3262.712,1.805,-10104,-5.588
03/07/2026,2026-07-03,4,[23:45-00:00[,2026-07-02 22:45,1761.334,21264.78,12.073,9131.778,5.185,,,,,6097,3.462,2981.313,1.693,3054.689,1.734
03/07/2026,2026-07-03,5,[00:00-00:15[,2026-07-02 23:00,1748.41,9660.08,5.525,9638.006,5.512,,,,,5075.17,2.903,4377.65,2.504,-9430.746,-5.394
03/07/2026,2026-07-03,6,[00:15-00:30[,2026-07-02 23:15,1724.384,11376.465,6.597,9987.046,5.792,,,,,5959.6,3.456,4501.462,2.61,-9071.643,-5.261
03/07/2026,2026-07-03,7,[00:30-00:45[,2026-07-02 23:30,1694.099,19644.243,11.596,10013.173,5.911,,,,,6086.4,3.593,4219.133,2.49,-674.463,-0.398
03/07/2026,2026-07-03,8,[00:45-01:00[,2026-07-02 23:45,1668.874,20854.7,12.496,10039.608,6.016,,,,,6213.2,3.723,4446.69,2.664,155.202,0.093
03/07/2026,2026-07-03,9,[01:00-01:15[,2026-07-03 00:00,1648.226,20774.781,12.604,10012.594,6.075,,,,,5856,3.553,4389.832,2.663,516.355,0.313
03/07/2026,2026-07-03,10,[01:15-01:30[,2026-07-03 00:15,1627.929,18857.44,11.584,10038.721,6.167,,,,,5978,3.672,4436.554,2.725,-1595.835,-0.98
03/07/2026,2026-07-03,11,[01:30-01:45[,2026-07-03 00:30,1611.842,17830.624,11.062,9137.381,5.669,,,,,6174,3.83,4501.311,2.793,-1982.069,-1.23
03/07/2026,2026-07-03,12,[01:45-02:00[,2026-07-03 00:45,1569.774,20573.191,13.106,10033.107,6.391,,,,,6291.6,4.008,4157.246,2.648,91.239,0.058
03/07/2026,2026-07-03,13,[02:00-02:15[,2026-07-03 01:00,1562.989,18890.36,12.086,8527.675,5.456,,,,,5470.8,3.5,4510.407,2.886,381.478,0.244
03/07/2026,2026-07-03,14,[02:15-02:30[,2026-07-03 01:15,1537.117,19044.863,12.39,8779.103,5.711,,,,,5978.4,3.889,4491.459,2.922,-204.099,-0.133
03/07/2026,2026-07-03,15,[02:30-02:45[,2026-07-03 01:30,1498.538,20116.629,13.424,9089.453,6.066,,,,,5978.4,3.989,4035.85,2.693,1012.927,0.676
03/07/2026,2026-07-03,16,[02:45-03:00[,2026-07-03 01:45,1494.72,20519.102,13.728,9369.165,6.268,,,,,6034.8,4.037,4505.245,3.014,609.892,0.408
03/07/2026,2026-07-03,17,[03:00-03:15[,2026-07-03 02:00,1489.213,16631.534,11.168,8789.502,5.902,,,,,7394.8,4.966,4399.626,2.954,-3952.394,-2.654
03/07/2026,2026-07-03,18,[03:15-03:30[,2026-07-03 02:15,1469.398,21641.231,14.728,9078.354,6.178,,,,,7394.8,5.033,4492.191,3.057,675.886,0.46
03/07/2026,2026-07-03,19,[03:30-03:45[,2026-07-03 02:30,1440.962,21945.4,15.23,8749.838,6.072,,,,,7448,5.169,4454.05,3.091,1293.513,0.898
03/07/2026,2026-07-03,20,[03:45-04:00[,2026-07-03 02:45,1428.247,24769.301,17.342,8740.488,6.12,,,,,7448,5.215,4333.083,3.034,4247.73,2.974
03/07/2026,2026-07-03,21,[04:00-04:15[,2026-07-03 03:00,1430.027,25784.293,18.031,8752.438,6.12,,,,,7926.8,5.543,4345.44,3.039,4759.616,3.328
03/07/2026,2026-07-03,22,[04:15-04:30[,2026-07-03 03:15,1407.716,25557.826,18.156,10060.718,7.147,,,,,7509.6,5.335,4061.399,2.885,3926.109,2.789
03/07/2026,2026-07-03,23,[04:30-04:45[,2026-07-03 03:30,1416.385,24255.21,17.125,10045.011,7.092,,,,,5586,3.944,4312.914,3.045,4311.286,3.044
03/07/2026,2026-07-03,24,[04:45-05:00[,2026-07-03 03:45,1420.463,24688.362,17.381,10018.383,7.053,,,,,5472,3.852,4380.754,3.084,4817.225,3.391
03/07/2026,2026-07-03,25,[05:00-05:15[,2026-07-03 04:00,1412.751,21630.88,15.311,8994.626,6.367,,,,,4468.8,3.163,4266.32,3.02,3901.134,2.761
03/07/2026,2026-07-03,26,[05:15-05:30[,2026-07-03 04:15,1421.631,20383.312,14.338,8392.797,5.904,,,,,3217.5,2.263,4399.113,3.094,4373.903,3.077
03/07/2026,2026-07-03,27,[05:30-05:45[,2026-07-03 04:30,1423.275,20248.981,14.227,8272.47,5.812,,,,,2841.6,1.997,4275.286,3.004,4859.625,3.414
03/07/2026,2026-07-03,28,[05:45-06:00[,2026-07-03 04:45,1432.506,20555.002,14.349,7954.945,5.553,,,,,2607.42,1.82,4430.725,3.093,5561.912,3.883
03/07/2026,2026-07-03,29,[06:00-06:15[,2026-07-03 05:00,1445.61,19056.816,13.183,8360.283,5.783,,,,,3974.15,2.749,4122.249,2.852,2600.134,1.799
03/07/2026,2026-07-03,30,[06:15-06:30[,2026-07-03 05:15,1467.452,19941.413,13.589,8644.563,5.891,,,,,4010.75,2.733,4243.834,2.892,3042.265,2.073
03/07/2026,2026-07-03,31,[06:30-06:45[,2026-07-03 05:30,1496.182,22206.738,14.842,8629.239,5.768,,,,,5959.6,3.983,4324.147,2.89,3293.752,2.201
03/07/2026,2026-07-03,32,[06:45-07:00[,2026-07-03 05:45,1499.077,26314.355,17.554,10462.869,6.98,,,,,8812.6,5.879,3717.925,2.48,3320.961,2.215
03/07/2026,2026-07-03,33,[07:00-07:15[,2026-07-03 06:00,1560.825,33377.24,21.384,10690.609,6.849,,,,,10338.15,6.624,4301.053,2.756,8047.428,5.156
03/07/2026,2026-07-03,34,[07:15-07:30[,2026-07-03 06:15,1598.929,37445.01,23.419,12937.105,8.091,,,,,14468.4,9.049,4297.499,2.688,5742.006,3.591
03/07/2026,2026-07-03,35,[07:30-07:45[,2026-07-03 06:30,1617.329,37699.346,23.31,14054.57,8.69,,,,,17212.8,10.643,4106.56,2.539,2325.416,1.438
03/07/2026,2026-07-03,36,[07:45-08:00[,2026-07-03 06:45,1634.02,42794.334,26.19,15935.846,9.753,,,,,21545.9,13.186,3839.311,2.35,1473.277,0.902
03/07/2026,2026-07-03,37,[08:00-08:15[,2026-07-03 07:00,1712.652,42819.138,25.002,15972.425,9.326,,,,,21757,12.704,4012.48,2.343,1077.234,0.629
03/07/2026,2026-07-03,38,[08:15-08:30[,2026-07-03 07:15,1757.106,41896.577,23.844,15985.788,9.098,,,,,21949.2,12.492,3857.012,2.195,104.577,0.06
03/07/2026,2026-07-03,39,[08:30-08:45[,2026-07-03 07:30,1774.551,40792.757,22.988,15988.665,9.01,,,,,21671.1,12.212,3099.003,1.746,33.99,0.019
03/07/2026,2026-07-03,40,[08:45-09:00[,2026-07-03 07:45,1780.125,37612.941,21.129,15982.899,8.979,,,,,21732.9,12.209,2443.374,1.373,-2546.232,-1.43
03/07/2026,2026-07-03,41,[09:00-09:15[,2026-07-03 08:00,1807.844,40235.809,22.256,16003.148,8.852,,,,,21812.7,12.066,2530.775,1.4,-110.814,-0.061
03/07/2026,2026-07-03,42,[09:15-09:30[,2026-07-03 08:15,1822.358,40245.552,22.084,15999.68,8.78,,,,,21874.5,12.003,2517.884,1.382,-146.512,-0.08
03/07/2026,2026-07-03,43,[09:30-09:45[,2026-07-03 08:30,1810.994,39668.906,21.904,15979.882,8.824,,,,,21905.4,12.096,2129.083,1.176,-345.459,-0.191
03/07/2026,2026-07-03,44,[09:45-10:00[,2026-07-03 08:45,1823.559,35229.335,19.319,15951.187,8.747,,,,,16585.62,9.095,2518.372,1.381,174.156,0.096
03/07/2026,2026-07-03,45,[10:00-10:15[,2026-07-03 09:00,1814.596,35120.222,19.354,15957.526,8.794,,,,,16619.71,9.159,2317.054,1.277,225.933,0.125
03/07/2026,2026-07-03,46,[10:15-10:30[,2026-07-03 09:15,1851.147,34859.559,18.831,15952.443,8.618,,,,,16121.4,8.709,3581.989,1.935,-796.273,-0.43
03/07/2026,2026-07-03,47,[10:30-10:45[,2026-07-03 09:30,1858.032,33597.606,18.082,15950.809,8.585,,,,,16254.96,8.748,3417.02,1.839,-2025.183,-1.09
03/07/2026,2026-07-03,48,[10:45-11:00[,2026-07-03 09:45,1862.75,35260.107,18.929,15945.8,8.56,,,,,15850.7,8.509,3302.627,1.773,160.98,0.086
03/07/2026,2026-07-03,49,[11:00-11:15[,2026-07-03 10:00,1863.38,35686.39,19.151,15939.862,8.554,,,,,16487.86,8.848,3016.16,1.619,242.509,0.13
03/07/2026,2026-07-03,50,[11:15-11:30[,2026-07-03 10:15,1885.095,35419.398,18.789,15938.442,8.455,,,,,15979.44,8.477,3362.756,1.784,138.761,0.074
03/07/2026,2026-07-03,51,[11:30-11:45[,2026-07-03 10:30,1889.475,35418.204,18.745,15937.19,8.435,,,,,16011.66,8.474,3344.732,1.77,124.622,0.066
03/07/2026,2026-07-03,52,[11:45-12:00[,2026-07-03 10:45,1894.119,35610.663,18.801,15937.165,8.414,,,,,16074.78,8.487,3514.02,1.855,84.698,0.045
03/07/2026,2026-07-03,53,[12:00-12:15[,2026-07-03 11:00,1855.801,33794.719,18.21,15939.699,8.589,,,,,15528.48,8.368,2182.533,1.176,144.007,0.078
03/07/2026,2026-07-03,54,[12:15-12:30[,2026-07-03 11:15,1883.329,32241.74,17.12,15939.188,8.463,,,,,15543.6,8.253,3482.114,1.849,-2723.163,-1.446
03/07/2026,2026-07-03,55,[12:30-12:45[,2026-07-03 11:30,1872.637,30415.791,16.242,15939.737,8.512,,,,,15558.72,8.308,3520.883,1.88,-4603.548,-2.458
03/07/2026,2026-07-03,56,[12:45-13:00[,2026-07-03 11:45,1856.183,34284.276,18.47,15940.225,8.588,,,,,15573.84,8.39,3465.259,1.867,-695.048,-0.374
03/07/2026,2026-07-03,57,[13:00-13:15[,2026-07-03 12:00,1845.722,33675.815,18.245,15940.647,8.637,,,,,15573.84,8.438,3344.144,1.812,-1182.815,-0.641
03/07/2026,2026-07-03,58,[13:15-13:30[,2026-07-03 12:15,1842.005,34634.193,18.802,15941.606,8.654,,,,,15573.84,8.455,3313.06,1.799,-194.313,-0.105
03/07/2026,2026-07-03,59,[13:30-13:45[,2026-07-03 12:30,1864.811,34436.709,18.467,15942.202,8.549,,,,,15573.84,8.351,3476.147,1.864,-555.48,-0.298
03/07/2026,2026-07-03,60,[13:45-14:00[,2026-07-03 12:45,1861.141,34196.14,18.374,15943.408,8.566,,,,,15558.72,8.36,3130.133,1.682,-436.122,-0.234
03/07/2026,2026-07-03,61,[14:00-14:15[,2026-07-03 13:00,1888.949,33956.503,17.976,15941.787,8.44,,,,,15045.95,7.965,3458.535,1.831,-489.769,-0.259
03/07/2026,2026-07-03,62,[14:15-14:30[,2026-07-03 13:15,1911.906,31494.625,16.473,15941.581,8.338,,,,,11761.1,6.152,3652.359,1.91,139.585,0.073
03/07/2026,2026-07-03,63,[14:30-14:45[,2026-07-03 13:30,1902.831,30690.532,16.129,15942.658,8.378,,,,,11761.1,6.181,2812.407,1.478,174.367,0.092
03/07/2026,2026-07-03,64,[14:45-15:00[,2026-07-03 13:45,1897.067,29919.26,15.771,15939.055,8.402,,,,,11720.2,6.178,2528.926,1.333,-268.92,-0.142
03/07/2026,2026-07-03,65,[15:00-15:15[,2026-07-03 14:00,1899.705,36599.365,19.266,15933.835,8.388,,,2772.45,1.459,15373.64,8.093,2554.247,1.345,-34.808,-0.018
03/07/2026,2026-07-03,66,[15:15-15:30[,2026-07-03 14:15,1891.599,35337.064,18.681,15941.074,8.427,,,5804.296,3.068,15306.9,8.092,2229.378,1.179,-3944.584,-2.085
03/07/2026,2026-07-03,67,[15:30-15:45[,2026-07-03 14:30,1898.636,39786.854,20.955,15936.702,8.394,,,6020.858,3.171,15532.98,8.181,2495.882,1.315,-199.567,-0.105
03/07/2026,2026-07-03,68,[15:45-16:00[,2026-07-03 14:45,1896.117,39841.087,21.012,15929.208,8.401,,,6015.26,3.172,15351.6,8.096,2468.764,1.302,76.256,0.04
03/07/2026,2026-07-03,69,[16:00-16:15[,2026-07-03 15:00,1889.78,40779.986,21.579,15931.144,8.43,,,7449.136,3.942,16433.21,8.696,2247.347,1.189,-1280.851,-0.678
03/07/2026,2026-07-03,70,[16:15-16:30[,2026-07-03 15:15,1905.879,41338.561,21.69,15928.166,8.357,,,7529.896,3.951,16333.87,8.57,2545.448,1.336,-998.818,-0.524
03/07/2026,2026-07-03,71,[16:30-16:45[,2026-07-03 15:30,1900.783,40600.695,21.36,15928.775,8.38,,,7609.251,4.003,16810.65,8.844,2163.934,1.138,-1911.915,-1.006
03/07/2026,2026-07-03,72,[16:45-17:00[,2026-07-03 15:45,1914.321,35262.363,18.42,15909.194,8.311,,,7628.036,3.985,16606.69,8.675,2782.446,1.453,-7664.003,-4.004
03/07/2026,2026-07-03,73,[17:00-17:15[,2026-07-03 16:00,1923.224,46000.658,23.919,15931.22,8.284,,,2774.655,1.443,23270,12.099,3486.973,1.813,537.81,0.28
03/07/2026,2026-07-03,74,[17:15-17:30[,2026-07-03 16:15,1932.796,48031.654,24.851,15971.713,8.264,,,5191.562,2.686,23270,12.04,3536.564,1.83,61.816,0.032
03/07/2026,2026-07-03,75,[17:30-17:45[,2026-07-03 16:30,1939.754,67102.307,34.593,15926.584,8.211,,,7681.175,3.96,23126.8,11.923,3678.13,1.896,16689.618,8.604
03/07/2026,2026-07-03,76,[17:45-18:00[,2026-07-03 16:45,1928.391,28975.721,15.026,15932.176,8.262,,,5771.678,2.993,23126.8,11.993,3201.087,1.66,-19056.02,-9.882
03/07/2026,2026-07-03,77,[18:00-18:15[,2026-07-03 17:00,1940.462,31448.818,16.207,15779.783,8.132,,,6277.332,3.235,13174.7,6.789,3946.646,2.034,-7729.642,-3.983
03/07/2026,2026-07-03,78,[18:15-18:30[,2026-07-03 17:15,1965.956,33279.733,16.928,15588.963,7.929,,,6391.457,3.251,16233.06,8.257,3981.132,2.025,-8914.879,-4.535
03/07/2026,2026-07-03,79,[18:30-18:45[,2026-07-03 17:30,1979.848,28275.434,14.282,13428.508,6.783,,,,,19706.4,9.953,3224.921,1.629,-8084.394,-4.083
03/07/2026,2026-07-03,80,[18:45-19:00[,2026-07-03 17:45,1984.733,30215.939,15.224,12553.514,6.325,,,,,18564,9.353,2387.45,1.203,-3289.025,-1.657
03/07/2026,2026-07-03,81,[19:00-19:15[,2026-07-03 18:00,1995.767,30040.319,15.052,12222.881,6.124,,,,,14375.3,7.203,2067.867,1.036,1374.272,0.689
03/07/2026,2026-07-03,82,[19:15-19:30[,2026-07-03 18:15,2019.165,12398.502,6.14,8683.548,4.301,,,,,3905.25,1.934,2193.84,1.087,-2384.136,-1.181
03/07/2026,2026-07-03,83,[19:30-19:45[,2026-07-03 18:30,2056.111,9860.576,4.796,7163.919,3.484,10089.71,4.907,,,985.7,0.479,3242.305,1.577,-11621.058,-5.652
03/07/2026,2026-07-03,84,[19:45-20:00[,2026-07-03 18:45,2081.702,8616.605,4.139,5475.471,2.63,10089.71,4.847,,,588.6,0.283,3407.182,1.637,-10944.359,-5.257
03/07/2026,2026-07-03,85,[20:00-20:15[,2026-07-03 19:00,2090.752,12903.118,6.172,6349.893,3.037,10089.71,4.826,,,1126.8,0.539,3285.064,1.571,-7948.349,-3.802
03/07/2026,2026-07-03,86,[20:15-20:30[,2026-07-03 19:15,2061.433,13338.519,6.471,5813.163,2.82,10089.71,4.895,,,563.4,0.273,2494.817,1.21,-5622.571,-2.728
03/07/2026,2026-07-03,87,[20:30-20:45[,2026-07-03 19:30,2069.756,8060.353,3.894,6076.23,2.936,10089.71,4.875,,,563.4,0.272,3350.887,1.619,-12019.875,-5.807
03/07/2026,2026-07-03,88,[20:45-21:00[,2026-07-03 19:45,2066.197,16030.236,7.758,6428.673,3.111,10089.71,4.883,,,563.4,0.273,3400.695,1.646,-4452.243,-2.155
03/07/2026,2026-07-03,89,[21:00-21:15[,2026-07-03 20:00,2040.174,13206.149,6.473,5818.134,2.852,10089.71,4.946,,,612,0.3,3091.501,1.515,-6405.196,-3.14
03/07/2026,2026-07-03,90,[21:15-21:30[,2026-07-03 20:15,2049.009,13891.968,6.78,6202.739,3.027,10089.71,4.924,,,612,0.299,3231.616,1.577,-6244.097,-3.047
03/07/2026,2026-07-03,91,[21:30-21:45[,2026-07-03 20:30,2038.787,14518.193,7.121,6399.051,3.139,10089.71,4.949,,,612,0.3,3231.689,1.585,-5814.257,-2.852
03/07/2026,2026-07-03,92,[21:45-22:00[,2026-07-03 20:45,2006.297,13329.209,6.644,6765.55,3.372,10089.71,5.029,,,612,0.305,3242.916,1.616,-7380.968,-3.679
03/07/2026,2026-07-03,93,[22:00-22:15[,2026-07-03 21:00,1972.386,17619.348,8.933,6886.746,3.492,10089.71,5.115,,,601.2,0.305,3072.691,1.558,-3030.999,-1.537
03/07/2026,2026-07-03,94,[22:15-22:30[,2026-07-03 21:15,1942.519,13718.194,7.062,7402.324,3.811,10089.71,5.194,,,601.2,0.309,3218.351,1.657,-7593.39,-3.909
03/07/2026,2026-07-03,95,[22:30-22:45[,2026-07-03 21:30,1917.679,17559.923,9.157,7608.101,3.967,10089.71,5.261,,,601.2,0.314,3207.178,1.672,-3946.267,-2.058
03/07/2026,2026-07-03,96,[22:45-23:00[,2026-07-03 21:45,1865.434,14666.803,7.862,7847.145,4.207,10089.71,5.409,,,601.2,0.322,3034.42,1.627,-6905.672,-3.702
04/07/2026,2026-07-04,1,[23:00-23:15[,2026-07-03 22:00,1845.98,16767.398,9.083,5787.14,3.135,10089.71,5.466,,,5713.06,3.095,3993.579,2.163,-8816.091,-4.776
04/07/2026,2026-07-04,2,[23:15-23:30[,2026-07-03 22:15,1809.211,15148.628,8.373,6320.898,3.494,10089.71,5.577,,,5694.01,3.147,4194.175,2.318,-11150.164,-6.163
04/07/2026,2026-07-04,3,[23:30-23:45[,2026-07-03 22:30,1769.614,20804.699,11.757,6782.494,3.833,1744.912,0.986,,,6572,3.714,4175.803,2.36,1529.49,0.864
04/07/2026,2026-07-04,4,[23:45-00:00[,2026-07-03 22:45,1727.044,16858.12,9.761,6843.963,3.963,,,,,6605,3.824,3882.521,2.248,-473.364,-0.274
04/07/2026,2026-07-04,5,[00:00-00:15[,2026-07-03 23:00,1693.169,12531.067,7.401,6946.265,4.103,,,,,2784,1.644,3995.443,2.36,-1194.641,-0.706
04/07/2026,2026-07-04,6,[00:15-00:30[,2026-07-03 23:15,1663.371,14604.184,8.78,7135.015,4.289,,,,,4118,2.476,3969.632,2.386,-618.463,-0.372
04/07/2026,2026-07-04,7,[00:30-00:45[,2026-07-03 23:30,1636.331,15674.475,9.579,7277.333,4.447,,,,,5133,3.137,3802.579,2.324,-538.437,-0.329
04/07/2026,2026-07-04,8,[00:45-01:00[,2026-07-03 23:45,1611.083,10614.674,6.589,7456.875,4.628,,,,,5075,3.15,3930.758,2.44,-5847.959,-3.63
04/07/2026,2026-07-04,9,[01:00-01:15[,2026-07-04 00:00,1583.248,15267.652,9.643,7846.008,4.956,,,,,4172,2.635,3854.973,2.435,-605.328,-0.382
04/07/2026,2026-07-04,10,[01:15-01:30[,2026-07-04 00:15,1568.643,16946.429,10.803,8265.652,5.269,,,,,4124.8,2.63,3924.363,2.502,631.614,0.403
04/07/2026,2026-07-04,11,[01:30-01:45[,2026-07-04 00:30,1545.257,16723.715,10.823,8556.44,5.537,,,,,4191.9,2.713,3962.324,2.564,13.051,0.008
04/07/2026,2026-07-04,12,[01:45-02:00[,2026-07-04 00:45,1512.048,16422.913,10.861,8909.065,5.892,,,,,4060.7,2.686,3784.397,2.503,-331.249,-0.219
04/07/2026,2026-07-04,13,[02:00-02:15[,2026-07-04 01:00,1503.139,15872.098,10.559,8989.431,5.98,,,,,3923.3,2.61,3924.875,2.611,-965.508,-0.642
04/07/2026,2026-07-04,14,[02:15-02:30[,2026-07-04 01:15,1478.061,17000.671,11.502,9010.935,6.096,,,,,3953.52,2.675,3753.072,2.539,283.144,0.192
04/07/2026,2026-07-04,15,[02:30-02:45[,2026-07-04 01:30,1463.128,16967.066,11.596,8527.356,5.828,,,,,3991.27,2.728,3913.374,2.675,535.067,0.366
04/07/2026,2026-07-04,16,[02:45-03:00[,2026-07-04 01:45,1458.111,16443.704,11.277,8827.977,6.054,,,,,3991.27,2.737,3985.282,2.733,-360.825,-0.247
04/07/2026,2026-07-04,17,[03:00-03:15[,2026-07-04 02:00,1440.658,17026.13,11.818,8530.595,5.921,,,,,3967.57,2.754,3859.773,2.679,668.193,0.464
04/07/2026,2026-07-04,18,[03:15-03:30[,2026-07-04 02:15,1416.763,13389.122,9.451,8826.455,6.23,,,,,3967.57,2.8,3635.969,2.566,-3040.872,-2.146
04/07/2026,2026-07-04,19,[03:30-03:45[,2026-07-04 02:30,1415.562,13007.655,9.189,9104.816,6.432,,,,,4032.6,2.849,3966.01,2.802,-4095.771,-2.893
04/07/2026,2026-07-04,20,[03:45-04:00[,2026-07-04 02:45,1405.064,11879.282,8.455,9130.691,6.498,,,,,4007.7,2.852,3770.588,2.684,-5029.697,-3.58
04/07/2026,2026-07-04,21,[04:00-04:15[,2026-07-04 03:00,1389.55,12420.215,8.938,9242.451,6.651,,,,,4162.8,2.996,3906.16,2.811,-4891.195,-3.52
04/07/2026,2026-07-04,22,[04:15-04:30[,2026-07-04 03:15,1383.024,16704.425,12.078,9118.512,6.593,,,,,4159.5,3.008,3698.406,2.674,-271.993,-0.197
04/07/2026,2026-07-04,23,[04:30-04:45[,2026-07-04 03:30,1386.114,15780.459,11.385,8773.349,6.329,,,,,4109.77,2.965,3830.909,2.764,-933.569,-0.674
04/07/2026,2026-07-04,24,[04:45-05:00[,2026-07-04 03:45,1366.357,13687.545,10.018,9141.198,6.69,,,,,4186.2,3.064,3644.068,2.667,-3283.922,-2.403
04/07/2026,2026-07-04,25,[05:00-05:15[,2026-07-04 04:00,1367.955,14136.861,10.334,8513.123,6.223,,,,,4107.26,3.002,3688.688,2.696,-2172.209,-1.588
04/07/2026,2026-07-04,26,[05:15-05:30[,2026-07-04 04:15,1380.115,13924.663,10.089,8419.6,6.101,,,,,4063.9,2.945,3859.63,2.797,-2418.468,-1.752
04/07/2026,2026-07-04,27,[05:30-05:45[,2026-07-04 04:30,1358.16,16119.337,11.869,7739.913,5.699,,,,,4191.9,3.086,3733.056,2.749,454.469,0.335
04/07/2026,2026-07-04,28,[05:45-06:00[,2026-07-04 04:45,1354.26,14895.181,10.999,7842.1,5.791,,,,,4191.9,3.095,3874.843,2.861,-1013.663,-0.748
04/07/2026,2026-07-04,29,[06:00-06:15[,2026-07-04 05:00,1357.943,11341.842,8.352,7485.85,5.513,,,,,4607.2,3.393,3844.683,2.831,-4595.891,-3.384
04/07/2026,2026-07-04,30,[06:15-06:30[,2026-07-04 05:15,1343.608,13376.202,9.955,8445.85,6.286,,,,,4787.3,3.563,3721.53,2.77,-3578.478,-2.663
04/07/2026,2026-07-04,31,[06:30-06:45[,2026-07-04 05:30,1357.714,15053.547,11.087,10447.985,7.695,,,,,5464.7,4.025,3860.206,2.843,-4719.345,-3.476
04/07/2026,2026-07-04,32,[06:45-07:00[,2026-07-04 05:45,1363.689,18615.326,13.651,13484.989,9.889,,,,,5375.7,3.942,3650.538,2.677,-3895.901,-2.857
04/07/2026,2026-07-04,33,[07:00-07:15[,2026-07-04 06:00,1382.164,17746.429,12.84,13468.728,9.745,,,,,5435.3,3.932,3533.516,2.557,-4691.115,-3.394
04/07/2026,2026-07-04,34,[07:15-07:30[,2026-07-04 06:15,1407.35,23684.539,16.829,14207.889,10.095,,,,,10106.9,7.182,3830.994,2.722,-4461.244,-3.17
04/07/2026,2026-07-04,35,[07:30-07:45[,2026-07-04 06:30,1415.299,32001.271,22.611,15483.953,10.94,,,,,15061.6,10.642,3761.349,2.658,-2305.631,-1.629
04/07/2026,2026-07-04,36,[07:45-08:00[,2026-07-04 06:45,1419.758,31502.289,22.188,15624.212,11.005,,,,,15876,11.182,3821.352,2.692,-3819.275,-2.69
04/07/2026,2026-07-04,37,[08:00-08:15[,2026-07-04 07:00,1437.804,34123.016,23.733,15626.064,10.868,,,,,14740,10.252,3617.822,2.516,139.13,0.097
04/07/2026,2026-07-04,38,[08:15-08:30[,2026-07-04 07:15,1467.602,34426.923,23.458,15629.307,10.65,,,,,14959.4,10.193,3744.726,2.552,93.49,0.064
04/07/2026,2026-07-04,39,[08:30-08:45[,2026-07-04 07:30,1469.445,35024.421,23.835,15629.541,10.636,,,,,15873.6,10.802,3689.441,2.511,-168.161,-0.114
04/07/2026,2026-07-04,40,[08:45-09:00[,2026-07-04 07:45,1466.918,34890.799,23.785,15629.999,10.655,,,,,15764.3,10.747,3410.405,2.325,86.095,0.059
04/07/2026,2026-07-04,41,[09:00-09:15[,2026-07-04 08:00,1504.039,36198.337,24.067,15629.998,10.392,,,,,16121.4,10.719,3570.311,2.374,876.627,0.583
04/07/2026,2026-07-04,42,[09:15-09:30[,2026-07-04 08:15,1498.575,35038.091,23.381,15629.998,10.43,,,,,16149.1,10.776,3202.535,2.137,56.458,0.038
04/07/2026,2026-07-04,43,[09:30-09:45[,2026-07-04 08:30,1519.661,35309.915,23.235,15629.449,10.285,,,,,16204.5,10.663,3472.219,2.285,3.747,0.002
04/07/2026,2026-07-04,44,[09:45-10:00[,2026-07-04 08:45,1514.304,34422.7,22.732,15631.81,10.323,,,,,16261,10.738,2616.756,1.728,-86.866,-0.057
04/07/2026,2026-07-04,45,[10:00-10:15[,2026-07-04 09:00,1534.529,34630.926,22.568,15634.025,10.188,,,,,16429.8,10.707,2718.312,1.771,-151.211,-0.099
04/07/2026,2026-07-04,46,[10:15-10:30[,2026-07-04 09:15,1549.208,34923.983,22.543,15634.706,10.092,,,,,16457.6,10.623,2830.407,1.827,1.27,0.001
04/07/2026,2026-07-04,47,[10:30-10:45[,2026-07-04 09:30,1562.859,35498.857,22.714,15688.886,10.039,,,,,16515,10.567,3226.994,2.065,67.978,0.043
04/07/2026,2026-07-04,48,[10:45-11:00[,2026-07-04 09:45,1574.472,35592.202,22.606,15688.886,9.965,,,,,16572.6,10.526,3402.67,2.161,-71.954,-0.046
04/07/2026,2026-07-04,49,[11:00-11:15[,2026-07-04 10:00,1586.044,35911.589,22.642,15688.886,9.892,,,,,17115.2,10.791,3367.016,2.123,-259.513,-0.164
04/07/2026,2026-07-04,50,[11:15-11:30[,2026-07-04 10:15,1592.567,35696.931,22.415,15688.886,9.851,,,,,17143.6,10.765,3165.062,1.987,-300.617,-0.189
04/07/2026,2026-07-04,51,[11:30-11:45[,2026-07-04 10:30,1602.539,35144.07,21.93,15686.598,9.789,,,,,16260.7,10.147,3339.042,2.084,-142.27,-0.089
04/07/2026,2026-07-04,52,[11:45-12:00[,2026-07-04 10:45,1612.018,35319.768,21.91,15685.836,9.731,,,,,16316,10.121,3347.622,2.077,-29.69,-0.018
04/07/2026,2026-07-04,53,[12:00-12:15[,2026-07-04 11:00,1628.034,31683.71,19.461,15678.211,9.63,,,,,13564.44,8.332,3109.49,1.91,-668.43,-0.411
04/07/2026,2026-07-04,54,[12:15-12:30[,2026-07-04 11:15,1626.427,31706.885,19.495,15666.592,9.633,,,,,13577.2,8.348,3132.411,1.926,-669.318,-0.412
04/07/2026,2026-07-04,55,[12:30-12:45[,2026-07-04 11:30,1630.024,33110.695,20.313,15665.012,9.61,,,1298.648,0.797,13595.6,8.341,3141.973,1.928,-590.538,-0.362
04/07/2026,2026-07-04,56,[12:45-13:00[,2026-07-04 11:45,1626.658,34364.228,21.126,15665.006,9.63,,,2164.413,1.331,13614,8.369,3246.609,1.996,-325.8,-0.2
04/07/2026,2026-07-04,57,[13:00-13:15[,2026-07-04 12:00,1604.605,33975.553,21.174,15665.006,9.763,,,2172.798,1.354,13213.9,8.235,3168.837,1.975,-244.987,-0.153
04/07/2026,2026-07-04,58,[13:15-13:30[,2026-07-04 12:15,1606.152,33445.19,20.823,15665.006,9.753,,,2172.798,1.353,13213.9,8.227,3247.609,2.022,-854.123,-0.532
04/07/2026,2026-07-04,59,[13:30-13:45[,2026-07-04 12:30,1599.955,36565.032,22.854,15665.01,9.791,,,5396.455,3.373,13058.4,8.162,3245.077,2.028,-799.91,-0.5
04/07/2026,2026-07-04,60,[13:45-14:00[,2026-07-04 12:45,1584.681,36692.542,23.155,15665.01,9.885,,,5396.455,3.405,13058.4,8.24,3023.593,1.908,-450.915,-0.285
04/07/2026,2026-07-04,61,[14:00-14:15[,2026-07-04 13:00,1582.91,35357.222,22.337,15665.014,9.896,,,4701.813,2.97,12531,7.916,3041.233,1.921,-581.838,-0.368
04/07/2026,2026-07-04,62,[14:15-14:30[,2026-07-04 13:15,1589.131,36447.294,22.935,15665.014,9.858,,,4701.813,2.959,13075,8.228,3158.575,1.988,-153.107,-0.096
04/07/2026,2026-07-04,63,[14:30-14:45[,2026-07-04 13:30,1592.51,36572.27,22.965,15665.022,9.837,,,4701.813,2.952,13056.6,8.199,3231.314,2.029,-82.478,-0.052
04/07/2026,2026-07-04,64,[14:45-15:00[,2026-07-04 13:45,1578.799,36099.684,22.865,15666.605,9.923,,,4701.813,2.978,13019.8,8.247,2962.163,1.876,-250.697,-0.159
04/07/2026,2026-07-04,65,[15:00-15:15[,2026-07-04 14:00,1587.92,29157.801,18.362,15678.211,9.873,,,435.746,0.274,13462.86,8.478,3059.786,1.927,-3478.802,-2.191
04/07/2026,2026-07-04,66,[15:15-15:30[,2026-07-04 14:15,1596.479,30678.307,19.216,15635.114,9.793,,,131.875,0.083,13340.1,8.356,3119.503,1.954,-1548.285,-0.97
04/07/2026,2026-07-04,67,[15:30-15:45[,2026-07-04 14:30,1594.496,30762.677,19.293,15634.35,9.805,,,179.35,0.112,13275.6,8.326,3012.153,1.889,-1338.775,-0.84
04/07/2026,2026-07-04,68,[15:45-16:00[,2026-07-04 14:45,1598.059,32329.049,20.23,15633.6,9.783,,,229.463,0.144,15901.1,9.95,3108.492,1.945,-2543.606,-1.592
04/07/2026,2026-07-04,69,[16:00-16:15[,2026-07-04 15:00,1604.819,32702.248,20.378,15633.65,9.742,,,306.075,0.191,16970.5,10.575,3045.514,1.898,-3253.49,-2.027
04/07/2026,2026-07-04,70,[16:15-16:30[,2026-07-04 15:15,1593.422,35661.411,22.38,15631.359,9.81,,,360.938,0.227,16970.5,10.65,2584.325,1.622,114.29,0.072
04/07/2026,2026-07-04,71,[16:30-16:45[,2026-07-04 15:30,1608.742,37965.803,23.6,15626.743,9.714,,,687.225,0.427,16594.8,10.315,2907.867,1.808,2149.168,1.336
04/07/2026,2026-07-04,72,[16:45-17:00[,2026-07-04 15:45,1620.793,34340.096,21.187,15626.137,9.641,,,1478.46,0.912,16536.9,10.203,3003.125,1.853,-2304.526,-1.422
04/07/2026,2026-07-04,73,[17:00-17:15[,2026-07-04 16:00,1626.612,35154.298,21.612,15625.636,9.606,,,4744.343,2.917,17622.5,10.834,2855.596,1.756,-5693.777,-3.5
04/07/2026,2026-07-04,74,[17:15-17:30[,2026-07-04 16:15,1643.243,35037.887,21.322,15627.586,9.51,,,,,17511.7,10.657,3204.941,1.95,-1306.34,-0.795
04/07/2026,2026-07-04,75,[17:30-17:45[,2026-07-04 16:30,1658.769,35374.412,21.326,15622.853,9.418,,,,,17307.9,10.434,2996.82,1.807,-553.161,-0.333
04/07/2026,2026-07-04,76,[17:45-18:00[,2026-07-04 16:45,1684.179,34173.134,20.291,15302.746,9.086,,,,,16299.6,9.678,3409.779,2.025,-838.99,-0.498
04/07/2026,2026-07-04,77,[18:00-18:15[,2026-07-04 17:00,1699.952,35941.509,21.143,15351.591,9.031,,,,,15970.1,9.394,3327.788,1.958,1292.03,0.76
04/07/2026,2026-07-04,78,[18:15-18:30[,2026-07-04 17:15,1718.05,27329.094,15.907,14460.689,8.417,,,-352.097,-0.205,13206,7.687,3333.707,1.94,-3319.205,-1.932
04/07/2026,2026-07-04,79,[18:30-18:45[,2026-07-04 17:30,1739.73,22335.39,12.838,12463.689,7.164,,,,,6571,3.777,3280.202,1.885,20.499,0.012
04/07/2026,2026-07-04,80,[18:45-19:00[,2026-07-04 17:45,1772.082,18829.162,10.625,10374.737,5.855,,,,,6492,3.663,3526.271,1.99,-1563.846,-0.882
04/07/2026,2026-07-04,81,[19:00-19:15[,2026-07-04 18:00,1795.973,19181.411,10.68,10295.855,5.733,,,,,5024.5,2.798,3511.588,1.955,349.469,0.195
04/07/2026,2026-07-04,82,[19:15-19:30[,2026-07-04 18:15,1816.883,8824.451,4.857,7737.215,4.259,,,,,4383.6,2.413,3532.932,1.945,-6829.295,-3.759
04/07/2026,2026-07-04,83,[19:30-19:45[,2026-07-04 18:30,1827.267,3926.446,2.149,7056.459,3.862,,,,,3825.4,2.094,2841.74,1.555,-9797.152,-5.362
04/07/2026,2026-07-04,84,[19:45-20:00[,2026-07-04 18:45,1827.464,10111.346,5.533,6191.147,3.388,,,,,2517.1,1.377,2398.807,1.313,-995.707,-0.545
04/07/2026,2026-07-04,85,[20:00-20:15[,2026-07-04 19:00,1818.531,13216.311,7.268,6643.574,3.653,,,,,3142.8,1.728,1973.108,1.085,1456.829,0.801
04/07/2026,2026-07-04,86,[20:15-20:30[,2026-07-04 19:15,1814.021,8086.779,4.458,6403.88,3.53,,,,,3112.6,1.716,1478.687,0.815,-2908.388,-1.603
04/07/2026,2026-07-04,87,[20:30-20:45[,2026-07-04 19:30,1811.861,12545.319,6.924,6260.25,3.455,,,,,3287.2,1.814,1371.378,0.757,1626.491,0.898
04/07/2026,2026-07-04,88,[20:45-21:00[,2026-07-04 19:45,1801.09,14684.755,8.153,6062.428,3.366,,,,,3578.2,1.987,1299.902,0.722,3744.225,2.079
04/07/2026,2026-07-04,89,[21:00-21:15[,2026-07-04 20:00,1796.516,12796.509,7.123,5505.195,3.064,,,,,8389.6,4.67,1353.344,0.753,-2451.63,-1.365
04/07/2026,2026-07-04,90,[21:15-21:30[,2026-07-04 20:15,1821.247,14981.51,8.226,5648.098,3.101,,,,,8051.8,4.421,2393.764,1.314,-1112.152,-0.611
04/07/2026,2026-07-04,91,[21:30-21:45[,2026-07-04 20:30,1814.671,4150.834,2.287,5574.035,3.072,,,,,5814.46,3.204,2396.634,1.321,-9634.295,-5.309
04/07/2026,2026-07-04,92,[21:45-22:00[,2026-07-04 20:45,1794.807,10302.089,5.74,6399.973,3.566,,,,,5569.86,3.103,2402.873,1.339,-4070.616,-2.268
04/07/2026,2026-07-04,93,[22:00-22:15[,2026-07-04 21:00,1761.913,8414.519,4.776,6829.563,3.876,,,,,6966.5,3.954,2092.88,1.188,-7474.423,-4.242
04/07/2026,2026-07-04,94,[22:15-22:30[,2026-07-04 21:15,1752.453,12798.453,7.303,7174.461,4.094,,,,,6827.2,3.896,2542.663,1.451,-3745.871,-2.138
04/07/2026,2026-07-04,95,[22:30-22:45[,2026-07-04 21:30,1726.426,16855.194,9.763,7201.363,4.171,,,,,7169,4.153,2778.199,1.609,-293.369,-0.17
04/07/2026,2026-07-04,96,[22:45-23:00[,2026-07-04 21:45,1690.195,16573.538,9.806,7224.398,4.274,,,,,6398.5,3.786,2294.859,1.358,655.781,0.388
05/07/2026,2026-07-05,1,[23:00-23:15[,2026-07-04 22:00,1672.448,8964.074,5.36,6177.742,3.694,,,,,749.1,0.448,2530.089,1.513,-492.857,-0.295
05/07/2026,2026-07-05,2,[23:15-23:30[,2026-07-04 22:15,1646.517,10009.93,6.079,6542.701,3.974,,,,,763.4,0.464,2898.254,1.76,-194.425,-0.118
05/07/2026,2026-07-05,3,[23:30-23:45[,2026-07-04 22:30,1619.686,11067.316,6.833,6835.865,4.22,,,,,902.2,0.557,3396.409,2.097,-67.158,-0.041
05/07/2026,2026-07-05,4,[23:45-00:00[,2026-07-04 22:45,1598.533,6607.133,4.133,6973.1,4.362,,,,,1249.2,0.781,3475.303,2.174,-5090.469,-3.184
05/07/2026,2026-07-05,5,[00:00-00:15[,2026-07-04 23:00,1565.112,11633.048,7.433,6893.171,4.404,,,,,996,0.636,3403.813,2.175,340.065,0.217
05/07/2026,2026-07-05,6,[00:15-00:30[,2026-07-04 23:15,1531.616,17083.142,11.154,7115.233,4.646,,,,,1195.2,0.78,3165.303,2.067,5607.406,3.661
05/07/2026,2026-07-05,7,[00:30-00:45[,2026-07-04 23:30,1496.693,11278.673,7.536,7142.95,4.772,,,,,1062.4,0.71,2788.206,1.863,285.116,0.19
05/07/2026,2026-07-05,8,[00:45-01:00[,2026-07-04 23:45,1483.941,14499.28,9.771,7237.925,4.878,,,,,1062.4,0.716,3511.615,2.366,2687.339,1.811
05/07/2026,2026-07-05,9,[01:00-01:15[,2026-07-05 00:00,1463.591,6280.746,4.291,6890.313,4.708,,,,,966.4,0.66,3686.386,2.519,-5262.353,-3.596
05/07/2026,2026-07-05,10,[01:15-01:30[,2026-07-05 00:15,1433.29,10821.195,7.55,6982.841,4.872,,,,,1087.2,0.759,3621.669,2.527,-870.515,-0.607
05/07/2026,2026-07-05,11,[01:30-01:45[,2026-07-05 00:30,1411.264,13210.154,9.361,6980.813,4.946,,,,,1147.6,0.813,3698.045,2.62,1383.697,0.98
05/07/2026,2026-07-05,12,[01:45-02:00[,2026-07-05 00:45,1395.512,10987.636,7.874,7048.839,5.051,,,,,1268.4,0.909,3703.662,2.654,-1033.264,-0.74
05/07/2026,2026-07-05,13,[02:00-02:15[,2026-07-05 01:00,1368.446,10245.066,7.487,6928.059,5.063,,,,,1094.4,0.8,3429.706,2.506,-1207.099,-0.882
05/07/2026,2026-07-05,14,[02:15-02:30[,2026-07-05 01:15,1354.026,11086.251,8.188,6942.72,5.127,,,,,1094.4,0.808,3515.82,2.597,-466.689,-0.345
05/07/2026,2026-07-05,15,[02:30-02:45[,2026-07-05 01:30,1336.144,11641.99,8.713,6918.89,5.178,,,,,1209.6,0.905,3458.074,2.588,55.426,0.041
05/07/2026,2026-07-05,16,[02:45-03:00[,2026-07-05 01:45,1328.525,9473.047,7.13,6916.207,5.206,,,,,1324.8,0.997,3501.781,2.636,-2269.741,-1.708
05/07/2026,2026-07-05,17,[03:00-03:15[,2026-07-05 02:00,1316.636,11694.333,8.882,6970.123,5.294,,,,,1192.8,0.906,3491.657,2.652,39.753,0.03
05/07/2026,2026-07-05,18,[03:15-03:30[,2026-07-05 02:15,1303.363,10798.222,8.285,6968.206,5.346,,,,,1476.8,1.133,3487.607,2.676,-1134.392,-0.87
05/07/2026,2026-07-05,19,[03:30-03:45[,2026-07-05 02:30,1297.652,8980.066,6.92,6953.576,5.359,,,,,1192.8,0.919,3637.434,2.803,-2803.744,-2.161
05/07/2026,2026-07-05,20,[03:45-04:00[,2026-07-05 02:45,1281.49,10823.828,8.446,6951.237,5.424,,,,,1476.8,1.152,3435.996,2.681,-1040.205,-0.812
05/07/2026,2026-07-05,21,[04:00-04:15[,2026-07-05 03:00,1275.945,11994.024,9.4,6908.159,5.414,,,,,1289.2,1.01,3417.564,2.678,379.101,0.297
05/07/2026,2026-07-05,22,[04:15-04:30[,2026-07-05 03:15,1277.353,11305.652,8.851,6866.436,5.376,,,,,1289.2,1.009,3592.052,2.812,-442.036,-0.346
05/07/2026,2026-07-05,23,[04:30-04:45[,2026-07-05 03:30,1259.544,10495.655,8.333,6815.168,5.411,,,,,1113.4,0.884,3446.339,2.736,-879.252,-0.698
05/07/2026,2026-07-05,24,[04:45-05:00[,2026-07-05 03:45,1266.649,10908.938,8.612,6802.415,5.37,,,,,703.2,0.555,3602.578,2.844,-199.255,-0.157
05/07/2026,2026-07-05,25,[05:00-05:15[,2026-07-05 04:00,1271.25,12446.001,9.79,6669.077,5.246,,,,,1113.4,0.876,3610.728,2.84,1052.796,0.828
05/07/2026,2026-07-05,26,[05:15-05:30[,2026-07-05 04:15,1249.812,12368.38,9.896,6601.66,5.282,,,,,1523.6,1.219,3150.661,2.521,1092.459,0.874
05/07/2026,2026-07-05,27,[05:30-05:45[,2026-07-05 04:30,1263.103,9414.741,7.454,6613.765,5.236,,,,,1230.6,0.974,3723.788,2.948,-2153.412,-1.705
05/07/2026,2026-07-05,28,[05:45-06:00[,2026-07-05 04:45,1251.083,9575.357,7.654,6670.404,5.332,,,,,1406.4,1.124,3424.933,2.738,-1926.379,-1.54
05/07/2026,2026-07-05,29,[06:00-06:15[,2026-07-05 05:00,1245.093,37387.067,30.028,7052.926,5.665,,,,,22792,18.305,3640.784,2.924,3901.357,3.133
05/07/2026,2026-07-05,30,[06:15-06:30[,2026-07-05 05:15,1242.278,37450.899,30.147,7908.362,6.366,,,,,22792,18.347,3651.96,2.94,3098.577,2.494
05/07/2026,2026-07-05,31,[06:30-06:45[,2026-07-05 05:30,1234.402,35710.367,28.929,8852.888,7.172,,,,,22792,18.464,3462.226,2.805,603.254,0.489
05/07/2026,2026-07-05,32,[06:45-07:00[,2026-07-05 05:45,1233.888,40332.506,32.687,10615.173,8.603,,,,,23680,19.191,3609.947,2.926,2427.387,1.967
05/07/2026,2026-07-05,33,[07:00-07:15[,2026-07-05 06:00,1255.467,25774.143,20.53,10912.386,8.692,,,,,10690.4,8.515,3673.194,2.926,498.163,0.397
05/07/2026,2026-07-05,34,[07:15-07:30[,2026-07-05 06:15,1263.656,26079.572,20.638,14148.096,11.196,,,,,9567.3,7.571,3718.872,2.943,-1354.697,-1.072
05/07/2026,2026-07-05,35,[07:30-07:45[,2026-07-05 06:30,1274.618,31380.778,24.62,15769.369,12.372,,,,,10507.1,8.243,3721.086,2.919,1383.223,1.085
05/07/2026,2026-07-05,36,[07:45-08:00[,2026-07-05 06:45,1281.523,29873.784,23.311,16212.587,12.651,,,,,7595,5.927,3360.125,2.622,2706.072,2.112
05/07/2026,2026-07-05,37,[08:00-08:15[,2026-07-05 07:00,1314.854,22815.7,17.352,16218.713,12.335,,,,,3025,2.301,3609.125,2.745,-37.138,-0.028
05/07/2026,2026-07-05,38,[08:15-08:30[,2026-07-05 07:15,1314.433,22156.385,16.856,16218.87,12.339,,,,,2860,2.176,3343.695,2.544,-266.18,-0.203
05/07/2026,2026-07-05,39,[08:30-08:45[,2026-07-05 07:30,1321.247,16695.539,12.636,16218.87,12.275,,,,,2764.25,2.092,3180.196,2.407,-5467.777,-4.138
05/07/2026,2026-07-05,40,[08:45-09:00[,2026-07-05 07:45,1344.697,22689.477,16.873,16219.376,12.062,,,,,2805,2.086,3537.23,2.631,127.871,0.095
05/07/2026,2026-07-05,41,[09:00-09:15[,2026-07-05 08:00,1356.304,22163.266,16.341,16219.006,11.958,,,,,3304.25,2.436,3201.192,2.36,-561.182,-0.414
05/07/2026,2026-07-05,42,[09:15-09:30[,2026-07-05 08:15,1361.954,22136.644,16.254,16218.591,11.908,,,,,3347.25,2.458,2482.038,1.822,88.765,0.065
05/07/2026,2026-07-05,43,[09:30-09:45[,2026-07-05 08:30,1382.4,21823.197,15.786,16218.694,11.732,,,,,3054,2.209,2864.624,2.072,-314.12,-0.227
05/07/2026,2026-07-05,44,[09:45-10:00[,2026-07-05 08:45,1410.748,22340.699,15.836,16217.194,11.495,,,,,3077,2.181,3151.929,2.234,-105.424,-0.075
05/07/2026,2026-07-05,45,[10:00-10:15[,2026-07-05 09:00,1448.061,22401.753,15.47,16217.271,11.199,,,,,3100,2.141,3213.09,2.219,-128.608,-0.089
05/07/2026,2026-07-05,46,[10:15-10:30[,2026-07-05 09:15,1444.939,22209.616,15.371,16216.775,11.223,,,,,3046,2.108,2918.043,2.019,28.798,0.02
05/07/2026,2026-07-05,47,[10:30-10:45[,2026-07-05 09:30,1456.197,21864.635,15.015,16217.491,11.137,,,,,3051,2.095,2777.673,1.907,-181.528,-0.125
05/07/2026,2026-07-05,48,[10:45-11:00[,2026-07-05 09:45,1473.044,21933.78,14.89,16216.908,11.009,,,,,3056,2.075,2888.216,1.961,-227.345,-0.154
05/07/2026,2026-07-05,49,[11:00-11:15[,2026-07-05 10:00,1474.318,21905.76,14.858,16214.763,10.998,,,,,3407.25,2.311,2629.009,1.783,-345.262,-0.234
05/07/2026,2026-07-05,50,[11:15-11:30[,2026-07-05 10:15,1501.818,22098.215,14.714,16214.478,10.797,,,,,3426.5,2.282,2797.68,1.863,-340.443,-0.227
05/07/2026,2026-07-05,51,[11:30-11:45[,2026-07-05 10:30,1520.865,22426.379,14.746,16214.153,10.661,,,,,3504.5,2.304,2797.28,1.839,-89.553,-0.059
05/07/2026,2026-07-05,52,[11:45-12:00[,2026-07-05 10:45,1525.346,20380.814,13.361,16214.747,10.63,,,,,3438.25,2.254,2627.776,1.723,-1899.96,-1.246
05/07/2026,2026-07-05,53,[12:00-12:15[,2026-07-05 11:00,1545.584,21782.147,14.093,16216.401,10.492,,,,,2884.5,1.866,2749.442,1.779,-68.196,-0.044
05/07/2026,2026-07-05,54,[12:15-12:30[,2026-07-05 11:15,1543.815,14678.922,9.508,16217.899,10.505,,,,,2884.5,1.868,2656.118,1.72,-7079.595,-4.586
05/07/2026,2026-07-05,55,[12:30-12:45[,2026-07-05 11:30,1548.852,17344.073,11.198,16214.701,10.469,,,,,2889.25,1.865,2803.408,1.81,-4563.286,-2.946
05/07/2026,2026-07-05,56,[12:45-13:00[,2026-07-05 11:45,1546.228,21690.549,14.028,16214.9,10.487,,,,,2889.25,1.869,2881.268,1.863,-294.869,-0.191
05/07/2026,2026-07-05,57,[13:00-13:15[,2026-07-05 12:00,1527.511,22268.071,14.578,16211.387,10.613,,,578.462,0.379,2871,1.88,2506.005,1.641,101.217,0.066
05/07/2026,2026-07-05,58,[13:15-13:30[,2026-07-05 12:15,1529.287,23021.093,15.053,16211.584,10.601,,,3121.386,2.041,2871,1.877,2834.738,1.854,-2017.615,-1.319
05/07/2026,2026-07-05,59,[13:30-13:45[,2026-07-05 12:30,1508.664,26076.882,17.285,16211.453,10.746,,,4819.237,3.194,2871,1.903,2310.986,1.532,-135.794,-0.09
05/07/2026,2026-07-05,60,[13:45-14:00[,2026-07-05 12:45,1516.329,22275.621,14.69,16211.816,10.691,,,,,2871,1.893,2831.379,1.867,361.427,0.238
05/07/2026,2026-07-05,61,[14:00-14:15[,2026-07-05 13:00,1517.656,18270.469,12.039,16211.556,10.682,,,5535.21,3.647,2853,1.88,2864.481,1.887,-9193.779,-6.058
05/07/2026,2026-07-05,62,[14:15-14:30[,2026-07-05 13:15,1494.173,18605.032,12.452,16211.905,10.85,,,5051.405,3.381,2848.25,1.906,2215.305,1.483,-7721.833,-5.168
05/07/2026,2026-07-05,63,[14:30-14:45[,2026-07-05 13:30,1503.151,17908.997,11.914,16211.908,10.785,,,5060.42,3.367,2848.25,1.895,2960.66,1.97,-9172.24,-6.102
05/07/2026,2026-07-05,64,[14:45-15:00[,2026-07-05 13:45,1502.95,20802.423,13.841,16211.791,10.787,,,5655.466,3.763,2848.25,1.895,2877.447,1.915,-6790.531,-4.518
05/07/2026,2026-07-05,65,[15:00-15:15[,2026-07-05 14:00,1493.766,18120.362,12.131,16211.245,10.853,,,5388.96,3.608,2875.25,1.925,2529.888,1.694,-8884.982,-5.948
05/07/2026,2026-07-05,66,[15:15-15:30[,2026-07-05 14:15,1510.017,20222.28,13.392,16211.227,10.736,,,5347.37,3.541,2870.5,1.901,3022.203,2.001,-7229.019,-4.787
05/07/2026,2026-07-05,67,[15:30-15:45[,2026-07-05 14:30,1504.647,26888.034,17.87,16210.869,10.774,,,5279.7,3.509,2870.5,1.908,2853.27,1.896,-326.306,-0.217
05/07/2026,2026-07-05,68,[15:45-16:00[,2026-07-05 14:45,1494.407,23269.243,15.571,16210.864,10.848,,,5289.465,3.54,2870.5,1.921,2760.663,1.847,-3862.249,-2.584
05/07/2026,2026-07-05,69,[16:00-16:15[,2026-07-05 15:00,1509.453,16595.577,10.994,16209.936,10.739,,,3489.32,2.312,3379,2.239,3113.916,2.063,-9596.595,-6.358
05/07/2026,2026-07-05,70,[16:15-16:30[,2026-07-05 15:15,1509.735,12702.217,8.414,16207.814,10.736,,,3440.04,2.279,3356.5,2.223,2890.297,1.914,-13192.434,-8.738
05/07/2026,2026-07-05,71,[16:30-16:45[,2026-07-05 15:30,1521.733,14138.291,9.291,16200.158,10.646,,,3599.41,2.365,3406.25,2.238,3095.972,2.035,-12163.499,-7.993
05/07/2026,2026-07-05,72,[16:45-17:00[,2026-07-05 15:45,1536.266,14016.093,9.123,16202.435,10.547,,,3545.52,2.308,3647.5,2.374,3041.367,1.98,-12420.729,-8.085
05/07/2026,2026-07-05,73,[17:00-17:15[,2026-07-05 16:00,1545.389,22356.107,14.466,16205.388,10.486,,,6943.229,4.493,12616,8.164,3448.293,2.231,-16856.802,-10.908
05/07/2026,2026-07-05,74,[17:15-17:30[,2026-07-05 16:15,1574.826,29668.718,18.839,15965.111,10.138,,,5699.239,3.619,11762,7.469,3651.752,2.319,-7409.383,-4.705
05/07/2026,2026-07-05,75,[17:30-17:45[,2026-07-05 16:30,1581.268,36155.802,22.865,15037.695,9.51,,,,,19872,12.567,3508.775,2.219,-2262.668,-1.431
05/07/2026,2026-07-05,76,[17:45-18:00[,2026-07-05 16:45,1605.19,33758.397,21.031,13777.605,8.583,,,,,19872,12.38,3709.614,2.311,-3600.821,-2.243
05/07/2026,2026-07-05,77,[18:00-18:15[,2026-07-05 17:00,1634.578,19415.42,11.878,12702.973,7.771,,,,,8129.5,4.973,3666.802,2.243,-5083.854,-3.11
05/07/2026,2026-07-05,78,[18:15-18:30[,2026-07-05 17:15,1640.471,21971.037,13.393,10052.484,6.128,,,,,10161.6,6.194,3545.827,2.161,-1788.873,-1.09
05/07/2026,2026-07-05,79,[18:30-18:45[,2026-07-05 17:30,1664.597,19821.386,11.908,7822.97,4.7,,,,,11623.2,6.983,3616.794,2.173,-3241.578,-1.947
05/07/2026,2026-07-05,80,[18:45-19:00[,2026-07-05 17:45,1695.607,6761.927,3.988,6267.003,3.696,,,,,4524,2.668,3718.261,2.193,-7747.337,-4.569
05/07/2026,2026-07-05,81,[19:00-19:15[,2026-07-05 18:00,1720.729,25773.286,14.978,7301.015,4.243,16352,9.503,,,2959.6,1.72,3799.291,2.208,-4638.62,-2.696
05/07/2026,2026-07-05,82,[19:15-19:30[,2026-07-05 18:15,1749.641,26898.117,15.374,5998.394,3.428,16352,9.346,,,3817.8,2.182,3825.239,2.186,-3095.316,-1.769
05/07/2026,2026-07-05,83,[19:30-19:45[,2026-07-05 18:30,1754.677,12724.957,7.252,5389.588,3.072,25301,14.419,,,1295.7,0.738,3290.645,1.875,-22551.975,-12.852
05/07/2026,2026-07-05,84,[19:45-20:00[,2026-07-05 18:45,1778.451,8410.205,4.729,1918.363,1.079,25301,14.226,,,1357.4,0.763,2936.831,1.651,-23103.39,-12.991
05/07/2026,2026-07-05,85,[20:00-20:15[,2026-07-05 19:00,1790.278,9302.369,5.196,1989.589,1.111,34828.912,19.454,,,1980,1.106,2510.765,1.402,-32006.897,-17.878
05/07/2026,2026-07-05,86,[20:15-20:30[,2026-07-05 19:15,1792.814,-1049.715,-0.586,1715.245,0.957,34828.912,19.427,,,1285.2,0.717,1937.813,1.081,-40816.885,-22.767
05/07/2026,2026-07-05,87,[20:30-20:45[,2026-07-05 19:30,1797.415,1435.985,0.799,1543.023,0.858,34828.912,19.377,,,1285.2,0.715,1923.08,1.07,-38144.23,-21.222
05/07/2026,2026-07-05,88,[20:45-21:00[,2026-07-05 19:45,1797.116,4470.141,2.487,1401.027,0.78,34828.912,19.38,,,1285.2,0.715,1830.521,1.019,-34875.518,-19.406
05/07/2026,2026-07-05,89,[21:00-21:15[,2026-07-05 20:00,1802.939,4892.521,2.714,1682.66,0.933,34828.912,19.318,,,1425.6,0.791,1454.039,0.806,-34498.689,-19.135
05/07/2026,2026-07-05,90,[21:15-21:30[,2026-07-05 20:15,1814.663,4398.114,2.424,1682.715,0.927,34828.912,19.193,,,1425.6,0.786,1388.813,0.765,-34927.925,-19.248
05/07/2026,2026-07-05,91,[21:30-21:45[,2026-07-05 20:30,1813.014,4049.039,2.233,1682.715,0.928,34828.912,19.211,,,1101.6,0.608,1369.734,0.756,-34933.922,-19.268
05/07/2026,2026-07-05,92,[21:45-22:00[,2026-07-05 20:45,1793.85,4637.384,2.585,1745.102,0.973,34828.912,19.416,,,1101.6,0.614,1413.736,0.788,-34451.966,-19.206
05/07/2026,2026-07-05,93,[22:00-22:15[,2026-07-05 21:00,1788.101,6044.407,3.38,1843.59,1.031,34828.912,19.478,,,1488,0.832,1450.524,0.811,-33566.618,-18.772
05/07/2026,2026-07-05,94,[22:15-22:30[,2026-07-05 21:15,1790.66,2252.439,1.258,1921.09,1.073,34828.912,19.45,,,1266.5,0.707,2867.163,1.601,-38631.225,-21.574
05/07/2026,2026-07-05,95,[22:30-22:45[,2026-07-05 21:30,1760.667,4807.028,2.73,2000.886,1.136,34828.912,19.782,,,1114.5,0.633,3143.237,1.785,-36280.508,-20.606
05/07/2026,2026-07-05,96,[22:45-23:00[,2026-07-05 21:45,1730.062,7002.271,4.047,2188.695,1.265,34828.912,20.132,,,819.5,0.474,3332.582,1.926,-34167.418,-19.749
06/07/2026,2026-07-06,1,[23:00-23:15[,2026-07-05 22:00,1688.746,66657.895,39.472,,,99941.569,59.181,,,1526.4,0.904,2889.135,1.711,-37699.209,-22.324
06/07/2026,2026-07-06,2,[23:15-23:30[,2026-07-05 22:15,1648.937,68051.027,41.27,,,94563.979,57.348,,,1017.6,0.617,2483.467,1.506,-30014.019,-18.202
06/07/2026,2026-07-06,3,[23:30-23:45[,2026-07-05 22:30,1620.81,10410.303,6.423,,,31061.439,19.164,,,1464,0.903,2529.938,1.561,-24645.074,-15.205
06/07/2026,2026-07-06,4,[23:45-00:00[,2026-07-05 22:45,1598.257,7673.064,4.801,,,25624.922,16.033,,,1081.2,0.676,2867.257,1.794,-21900.314,-13.703
06/07/2026,2026-07-06,5,[00:00-00:15[,2026-07-05 23:00,1581.203,1386.617,0.877,,,16789.658,10.618,,,1020,0.645,3085.689,1.951,-19508.73,-12.338
06/07/2026,2026-07-06,6,[00:15-00:30[,2026-07-05 23:15,1538.587,90.797,0.059,,,16521.258,10.738,,,1262.8,0.821,2940.568,1.911,-20633.828,-13.411
06/07/2026,2026-07-06,7,[00:30-00:45[,2026-07-05 23:30,1517.212,-876.596,-0.578,,,16521.258,10.889,,,1262.8,0.832,3038.155,2.002,-21698.808,-14.302
06/07/2026,2026-07-06,8,[00:45-01:00[,2026-07-05 23:45,1496.629,4360.711,2.914,,,16521.258,11.039,,,1320.2,0.882,3053.866,2.04,-16534.613,-11.048
06/07/2026,2026-07-06,9,[01:00-01:15[,2026-07-06 00:00,1465.64,-2288.771,-1.562,,,15179.738,10.357,,,1142.4,0.779,3067.799,2.093,-21678.707,-14.791
06/07/2026,2026-07-06,10,[01:15-01:30[,2026-07-06 00:15,1443.367,-1125.057,-0.779,,,15179.738,10.517,,,1142.4,0.791,3066.418,2.124,-20513.613,-14.212
06/07/2026,2026-07-06,11,[01:30-01:45[,2026-07-06 00:30,1428.279,-2605.808,-1.824,,,15179.738,10.628,,,1142.4,0.8,3105.022,2.174,-22032.967,-15.426
06/07/2026,2026-07-06,12,[01:45-02:00[,2026-07-06 00:45,1400.339,-383.566,-0.274,,,15179.738,10.84,,,1142.4,0.816,2975.753,2.125,-19681.457,-14.055
06/07/2026,2026-07-06,13,[02:00-02:15[,2026-07-06 01:00,1370.229,4534.324,3.309,,,20000.825,14.597,,,1150,0.839,2336.9,1.705,-18953.401,-13.832
06/07/2026,2026-07-06,14,[02:15-02:30[,2026-07-06 01:15,1385.81,6799.779,4.907,,,20000.825,14.433,,,1050,0.758,3807.951,2.748,-18058.997,-13.031
06/07/2026,2026-07-06,15,[02:30-02:45[,2026-07-06 01:30,1381.557,7137.304,5.166,,,20000.825,14.477,,,936,0.677,4064.283,2.942,-17863.805,-12.93
06/07/2026,2026-07-06,16,[02:45-03:00[,2026-07-06 01:45,1367.22,6859.056,5.017,,,20000.825,14.629,,,1040,0.761,4005.11,2.929,-18186.879,-13.302
06/07/2026,2026-07-06,17,[03:00-03:15[,2026-07-06 02:00,1339.268,5130.011,3.83,,,20000.825,14.934,,,925.2,0.691,3200.362,2.39,-18996.376,-14.184
06/07/2026,2026-07-06,18,[03:15-03:30[,2026-07-06 02:15,1346.032,6072.61,4.511,,,20000.825,14.859,,,925.2,0.687,3994.966,2.968,-18848.381,-14.003
06/07/2026,2026-07-06,19,[03:30-03:45[,2026-07-06 02:30,1345.222,5237.614,3.893,,,20000.825,14.868,,,925.2,0.688,4010.727,2.981,-19699.137,-14.644
06/07/2026,2026-07-06,20,[03:45-04:00[,2026-07-06 02:45,1323.813,12244.669,9.25,,,20000.825,15.108,,,1028,0.777,3891.7,2.94,-12675.857,-9.575
06/07/2026,2026-07-06,21,[04:00-04:15[,2026-07-06 03:00,1328.678,12642.792,9.515,,,20000.825,15.053,,,633.6,0.477,3973.39,2.99,-11965.023,-9.005
06/07/2026,2026-07-06,22,[04:15-04:30[,2026-07-06 03:15,1322.828,11438.13,8.647,,,20000.825,15.12,,,633.6,0.479,3726.253,2.817,-12922.548,-9.769
06/07/2026,2026-07-06,23,[04:30-04:45[,2026-07-06 03:30,1326.443,12784.912,9.638,,,20000.825,15.079,,,633.6,0.478,3875.874,2.922,-11725.387,-8.84
06/07/2026,2026-07-06,24,[04:45-05:00[,2026-07-06 03:45,1317.086,13247.655,10.058,,,20000.825,15.186,,,1056,0.802,3739.893,2.84,-11549.063,-8.769
06/07/2026,2026-07-06,25,[05:00-05:15[,2026-07-06 04:00,1333.735,6263.947,4.697,,,20000.825,14.996,,,1879.2,1.409,3837.149,2.877,-19453.227,-14.586
06/07/2026,2026-07-06,26,[05:15-05:30[,2026-07-06 04:15,1346.953,4638.252,3.444,,,11319.075,8.403,,,691.6,0.513,4074.003,3.025,-11446.425,-8.498
06/07/2026,2026-07-06,27,[05:30-05:45[,2026-07-06 04:30,1331.955,2736.099,2.054,,,11319.075,8.498,,,798,0.599,3633.99,2.728,-13014.966,-9.771
06/07/2026,2026-07-06,28,[05:45-06:00[,2026-07-06 04:45,1345.63,6003.032,4.461,,,11319.075,8.412,,,1433.6,1.065,3997.674,2.971,-10747.318,-7.987
06/07/2026,2026-07-06,29,[06:00-06:15[,2026-07-06 05:00,1388.123,4570.237,3.292,,,11319.075,8.154,,,2364,1.703,3987.164,2.872,-13100.003,-9.437
06/07/2026,2026-07-06,30,[06:15-06:30[,2026-07-06 05:15,1407.603,5181.135,3.681,,,11319.075,8.041,,,3306,2.349,3941.54,2.8,-13385.48,-9.509
06/07/2026,2026-07-06,31,[06:30-06:45[,2026-07-06 05:30,1422.739,7242.799,5.091,,,15214.024,10.693,,,3300.2,2.32,3732.88,2.624,-15004.304,-10.546
06/07/2026,2026-07-06,32,[06:45-07:00[,2026-07-06 05:45,1455.621,9942.992,6.831,,,20000.825,13.74,,,3015.7,2.072,4021.36,2.763,-17094.893,-11.744
06/07/2026,2026-07-06,33,[07:00-07:15[,2026-07-06 06:00,1507.789,5496.45,3.645,,,20000.825,13.265,,,5640,3.741,3766.597,2.498,-23910.973,-15.858
06/07/2026,2026-07-06,34,[07:15-07:30[,2026-07-06 06:15,1529.825,23601.836,15.428,,,20000.825,13.074,,,9986.6,6.528,3548.697,2.32,-9934.286,-6.494
06/07/2026,2026-07-06,35,[07:30-07:45[,2026-07-06 06:30,1549.696,18932.638,12.217,,,20000.825,12.906,,,8491.6,5.48,2625.977,1.695,-12185.764,-7.863
06/07/2026,2026-07-06,36,[07:45-08:00[,2026-07-06 06:45,1599.077,21195.557,13.255,,,20000.825,12.508,,,7116.2,4.45,2963.082,1.853,-8884.549,-5.556
06/07/2026,2026-07-06,37,[08:00-08:15[,2026-07-06 07:00,1676.16,11948.735,7.129,,,20000.825,11.933,,,5265,3.141,2894.109,1.727,-16211.199,-9.672
06/07/2026,2026-07-06,38,[08:15-08:30[,2026-07-06 07:15,1723.086,23889.033,13.864,,,20000.825,11.608,,,8472,4.917,2736.351,1.588,-7320.143,-4.248
06/07/2026,2026-07-06,39,[08:30-08:45[,2026-07-06 07:30,1785.678,17977.963,10.068,,,20000.825,11.201,,,8437.9,4.725,3826.654,2.143,-14287.416,-8.001
06/07/2026,2026-07-06,40,[08:45-09:00[,2026-07-06 07:45,1812.276,16308.824,8.999,,,20000.825,11.036,,,9241.1,5.099,3935.753,2.172,-16868.854,-9.308
06/07/2026,2026-07-06,41,[09:00-09:15[,2026-07-06 08:00,1855.623,17339.805,9.344,,,20000.825,10.778,,,8695.4,4.686,3764.24,2.029,-15120.66,-8.149
06/07/2026,2026-07-06,42,[09:15-09:30[,2026-07-06 08:15,1863.561,18784.541,10.08,,,20000.825,10.733,,,9518,5.107,3593.612,1.928,-14327.896,-7.688
06/07/2026,2026-07-06,43,[09:30-09:45[,2026-07-06 08:30,1863.599,18663.878,10.015,,,20000.825,10.732,,,9719.2,5.215,3601.397,1.932,-14657.545,-7.865
06/07/2026,2026-07-06,44,[09:45-10:00[,2026-07-06 08:45,1872.103,21265.659,11.359,,,20000.825,10.684,,,10687.6,5.709,3764.489,2.011,-13187.255,-7.044
06/07/2026,2026-07-06,45,[10:00-10:15[,2026-07-06 09:00,1851.629,9719.037,5.249,,,20000.825,10.802,,,10442,5.639,3636.606,1.964,-24360.393,-13.156
06/07/2026,2026-07-06,46,[10:15-10:30[,2026-07-06 09:15,1856.022,14312.307,7.711,,,20000.825,10.776,,,10442,5.626,3574.979,1.926,-19705.497,-10.617
06/07/2026,2026-07-06,47,[10:30-10:45[,2026-07-06 09:30,1866.747,19661.157,10.532,,,20000.825,10.714,,,10735.8,5.751,3737.845,2.002,-14813.313,-7.935
06/07/2026,2026-07-06,48,[10:45-11:00[,2026-07-06 09:45,1854.798,15083.171,8.132,,,20000.825,10.783,,,10753.7,5.798,3527.993,1.902,-19199.348,-10.351
06/07/2026,2026-07-06,49,[11:00-11:15[,2026-07-06 10:00,1852.907,18060.722,9.747,,,20000.825,10.794,,,11053.8,5.966,2929.489,1.581,-15923.392,-8.594
06/07/2026,2026-07-06,50,[11:15-11:30[,2026-07-06 10:15,1877.099,21783.31,11.605,,,20000.825,10.655,,,11115.9,5.922,3553.195,1.893,-12886.61,-6.865
06/07/2026,2026-07-06,51,[11:30-11:45[,2026-07-06 10:30,1879.936,21448.75,11.409,,,20000.825,10.639,,,10866.6,5.78,3405.262,1.811,-12823.937,-6.821
06/07/2026,2026-07-06,52,[11:45-12:00[,2026-07-06 10:45,1879.892,21807.897,11.601,,,20000.825,10.639,,,10884.5,5.79,3539.648,1.883,-12617.076,-6.712
06/07/2026,2026-07-06,53,[12:00-12:15[,2026-07-06 11:00,1857.122,20919.271,11.264,,,20000.825,10.77,,,10780.8,5.805,3278.456,1.765,-13140.81,-7.076
06/07/2026,2026-07-06,54,[12:15-12:30[,2026-07-06 11:15,1863.586,21355.704,11.459,,,20000.825,10.732,,,10799,5.795,3422.83,1.837,-12866.951,-6.904
06/07/2026,2026-07-06,55,[12:30-12:45[,2026-07-06 11:30,1840.602,21756.641,11.82,,,20000.825,10.866,,,10799,5.867,3429.263,1.863,-12472.447,-6.776
06/07/2026,2026-07-06,56,[12:45-13:00[,2026-07-06 11:45,1810.728,20981.88,11.588,,,20000.825,11.046,,,10799,5.964,2925.097,1.615,-12743.042,-7.038
06/07/2026,2026-07-06,57,[13:00-13:15[,2026-07-06 12:00,1819.143,22273.635,12.244,,,20000.825,10.995,,,10823.4,5.95,3457.156,1.9,-12007.746,-6.601
06/07/2026,2026-07-06,58,[13:15-13:30[,2026-07-06 12:15,1817.731,22159.344,12.191,,,20000.825,11.003,,,10823.4,5.954,3433.38,1.889,-12098.261,-6.656
06/07/2026,2026-07-06,59,[13:30-13:45[,2026-07-06 12:30,1814.257,21849.013,12.043,,,20000.825,11.024,,,10396.2,5.73,3069.093,1.692,-11617.104,-6.403
06/07/2026,2026-07-06,60,[13:45-14:00[,2026-07-06 12:45,1825.191,20779.836,11.385,,,20000.825,10.958,,,10396.2,5.696,3388.931,1.857,-13006.12,-7.126
06/07/2026,2026-07-06,61,[14:00-14:15[,2026-07-06 13:00,1833.61,24356.33,13.283,,,20000.825,10.908,,,10805.1,5.893,2829.481,1.543,-9279.076,-5.061
06/07/2026,2026-07-06,62,[14:15-14:30[,2026-07-06 13:15,1847.584,24716.97,13.378,,,20000.825,10.825,,,10805.1,5.848,3329.639,1.802,-9418.594,-5.098
06/07/2026,2026-07-06,63,[14:30-14:45[,2026-07-06 13:30,1837.878,23681.141,12.885,,,20000.825,10.883,,,10805.1,5.879,2498.68,1.36,-9623.464,-5.236
06/07/2026,2026-07-06,64,[14:45-15:00[,2026-07-06 13:45,1830.905,23595.471,12.887,,,20000.825,10.924,,,10805.1,5.902,2156.335,1.178,-9366.788,-5.116
06/07/2026,2026-07-06,65,[15:00-15:15[,2026-07-06 14:00,1855.22,25916.714,13.97,,,20000.825,10.781,,,10817.2,5.831,3420.606,1.844,-8321.917,-4.486
06/07/2026,2026-07-06,66,[15:15-15:30[,2026-07-06 14:15,1862.389,25177.487,13.519,,,20000.825,10.739,,,10817.2,5.808,3294.384,1.769,-8934.923,-4.798
06/07/2026,2026-07-06,67,[15:30-15:45[,2026-07-06 14:30,1838.45,24036.359,13.074,,,20000.825,10.879,,,10817.2,5.884,2416.926,1.315,-9198.592,-5.003
06/07/2026,2026-07-06,68,[15:45-16:00[,2026-07-06 14:45,1841.99,23853.418,12.95,,,20000.825,10.858,,,10799,5.863,2270.713,1.233,-9217.12,-5.004
06/07/2026,2026-07-06,69,[16:00-16:15[,2026-07-06 15:00,1840.505,35953.186,19.534,,,20000.825,10.867,2800.175,1.521,21434,11.646,2374.922,1.29,-10656.736,-5.79
06/07/2026,2026-07-06,70,[16:15-16:30[,2026-07-06 15:15,1855.651,35846.033,19.317,,,20000.825,10.778,2800.175,1.509,21434,11.551,2443.271,1.317,-10832.237,-5.837
06/07/2026,2026-07-06,71,[16:30-16:45[,2026-07-06 15:30,1863.652,22852.231,12.262,,,20000.825,10.732,2800.175,1.503,11304,6.066,2503.731,1.343,-13756.501,-7.381
06/07/2026,2026-07-06,72,[16:45-17:00[,2026-07-06 15:45,1861.131,24358.754,13.088,,,20000.825,10.747,2800.175,1.505,11268,6.054,2293.962,1.233,-12004.208,-6.45
06/07/2026,2026-07-06,73,[17:00-17:15[,2026-07-06 16:00,1855.979,23359.75,12.586,,,20000.825,10.776,,,6709.5,3.615,2452.885,1.322,-5803.46,-3.127
06/07/2026,2026-07-06,74,[17:15-17:30[,2026-07-06 16:15,1838.107,22274.198,12.118,,,20000.825,10.881,,,6019.8,3.275,1728.285,0.94,-5474.712,-2.978
06/07/2026,2026-07-06,75,[17:30-17:45[,2026-07-06 16:30,1831.977,17332.892,9.461,,,20000.825,10.918,,,4776.1,2.607,1578.256,0.862,-9022.289,-4.925
06/07/2026,2026-07-06,76,[17:45-18:00[,2026-07-06 16:45,1850.259,16686.189,9.018,,,20000.825,10.81,,,3328.5,1.799,1550.644,0.838,-8193.78,-4.428
06/07/2026,2026-07-06,77,[18:00-18:15[,2026-07-06 17:00,1852.411,17337.859,9.36,,,20000.825,10.797,,,4557.5,2.46,1445.397,0.78,-8665.863,-4.678
06/07/2026,2026-07-06,78,[18:15-18:30[,2026-07-06 17:15,1876.168,14107.494,7.519,,,20000.825,10.66,1.979,0.001,3264,1.74,1415.056,0.754,-10574.366,-5.636
06/07/2026,2026-07-06,79,[18:30-18:45[,2026-07-06 17:30,1905.493,5287.057,2.775,,,20000.825,10.496,,,3659.4,1.92,1400.746,0.735,-19773.914,-10.377
06/07/2026,2026-07-06,80,[18:45-19:00[,2026-07-06 17:45,1941.433,-4465.896,-2.3,,,11319.075,5.83,,,4032,2.077,1326.737,0.683,-21143.708,-10.891
06/07/2026,2026-07-06,81,[19:00-19:15[,2026-07-06 18:00,1966.118,27473.445,13.973,,,41881.738,21.302,,,4833.2,2.458,1343.955,0.684,-20585.448,-10.47
06/07/2026,2026-07-06,82,[19:15-19:30[,2026-07-06 18:15,1987.364,15529.589,7.814,,,33199.988,16.706,,,3758.7,1.891,1292.416,0.65,-22721.515,-11.433
06/07/2026,2026-07-06,83,[19:30-19:45[,2026-07-06 18:30,2008.83,20217.886,10.065,,,33199.988,16.527,,,3870.9,1.927,1458.435,0.726,-18311.437,-9.115
06/07/2026,2026-07-06,84,[19:45-20:00[,2026-07-06 18:45,2014.055,19160.495,9.513,,,33199.988,16.484,,,6058.8,3.008,1486.812,0.738,-21585.104,-10.717
06/07/2026,2026-07-06,85,[20:00-20:15[,2026-07-06 19:00,1982.696,24903.038,12.56,,,33199.988,16.745,,,3174.7,1.601,1563.653,0.789,-13035.303,-6.575
06/07/2026,2026-07-06,86,[20:15-20:30[,2026-07-06 19:15,1946.982,25732.403,13.217,,,33199.988,17.052,,,3474.2,1.784,1570.082,0.806,-12511.867,-6.426
06/07/2026,2026-07-06,87,[20:30-20:45[,2026-07-06 19:30,1915.173,25115.018,13.114,,,33199.988,17.335,,,3300,1.723,1456.224,0.76,-12841.194,-6.705
06/07/2026,2026-07-06,88,[20:45-21:00[,2026-07-06 19:45,1902.324,26489.678,13.925,,,33199.988,17.452,,,4066.4,2.138,1495.218,0.786,-12271.927,-6.451
06/07/2026,2026-07-06,89,[21:00-21:15[,2026-07-06 20:00,1914.565,25223.466,13.175,,,33199.988,17.341,,,2980.8,1.557,1677.426,0.876,-12634.748,-6.599
06/07/2026,2026-07-06,90,[21:15-21:30[,2026-07-06 20:15,1896.29,25038.389,13.204,,,33199.988,17.508,,,2648.6,1.397,1757.244,0.927,-12567.442,-6.627
06/07/2026,2026-07-06,91,[21:30-21:45[,2026-07-06 20:30,1864.703,26553.954,14.24,,,33199.988,17.804,,,2531.1,1.357,1667.312,0.894,-10844.445,-5.816
06/07/2026,2026-07-06,92,[21:45-22:00[,2026-07-06 20:45,1823.94,27025.518,14.817,,,33199.988,18.202,,,2325.6,1.275,1719.991,0.943,-10220.06,-5.603
06/07/2026,2026-07-06,93,[22:00-22:15[,2026-07-06 21:00,1809.201,26217.231,14.491,,,33199.988,18.351,,,3488.4,1.928,1750.692,0.968,-12221.848,-6.755
06/07/2026,2026-07-06,94,[22:15-22:30[,2026-07-06 21:15,1815.389,26314.852,14.495,,,33199.988,18.288,,,2120.4,1.168,1848.311,1.018,-10853.846,-5.979
06/07/2026,2026-07-06,95,[22:30-22:45[,2026-07-06 21:30,1797.97,24605.584,13.685,,,33199.988,18.465,,,1372,0.763,1813.24,1.008,-11779.644,-6.552
06/07/2026,2026-07-06,96,[22:45-23:00[,2026-07-06 21:45,1767.18,22420.773,12.687,,,33199.988,18.787,,,1097.6,0.621,1793.398,1.015,-13670.212,-7.736
07/07/2026,2026-07-07,1,[23:00-23:15[,2026-07-06 22:00,1731.931,7274.213,4.2,1796.55,1.037,,,,,4866.4,2.81,1660.99,0.959,-1049.727,-0.606
07/07/2026,2026-07-07,2,[23:15-23:30[,2026-07-06 22:15,1693.057,6515.455,3.848,1808.113,1.068,,,,,4834.8,2.856,1720.94,1.016,-1848.397,-1.092
07/07/2026,2026-07-07,3,[23:30-23:45[,2026-07-06 22:30,1653.431,9609.218,5.812,1876.65,1.135,,,,,4898,2.962,1755.449,1.062,1079.119,0.653
07/07/2026,2026-07-07,4,[23:45-00:00[,2026-07-06 22:45,1617.535,9496.177,5.871,1946.544,1.203,,,,,4613.6,2.852,1831.58,1.132,1104.453,0.683
07/07/2026,2026-07-07,5,[00:00-00:15[,2026-07-06 23:00,1582.06,5286.533,3.342,1914.434,1.21,,,,,2576.1,1.628,1820.801,1.151,-1024.802,-0.648
07/07/2026,2026-07-07,6,[00:15-00:30[,2026-07-06 23:15,1554.367,7240.996,4.658,1988.534,1.279,,,,,2577.6,1.658,1798.675,1.157,876.187,0.564
07/07/2026,2026-07-07,7,[00:30-00:45[,2026-07-06 23:30,1527.855,6577.972,4.305,2052.763,1.344,,,,,2577.6,1.687,1760.202,1.152,187.406,0.123
07/07/2026,2026-07-07,8,[00:45-01:00[,2026-07-06 23:45,1503.396,5600.58,3.725,2049.129,1.363,,,,,2678.7,1.782,1828.815,1.216,-956.064,-0.636
07/07/2026,2026-07-07,9,[01:00-01:15[,2026-07-07 00:00,1480.522,5008.704,3.383,2023.267,1.367,,,,,2601.5,1.757,1683.145,1.137,-1299.207,-0.878
07/07/2026,2026-07-07,10,[01:15-01:30[,2026-07-07 00:15,1458.477,5711.708,3.916,2067.717,1.418,,,,,2571,1.763,1726.232,1.184,-653.241,-0.448
07/07/2026,2026-07-07,11,[01:30-01:45[,2026-07-07 00:30,1437.726,7713.67,5.365,2122.088,1.476,,,,,2604.1,1.811,1805.958,1.256,1181.525,0.822
07/07/2026,2026-07-07,12,[01:45-02:00[,2026-07-07 00:45,1419.407,5300.338,3.734,2234.2,1.574,,,,,2663.8,1.877,1810.217,1.275,-1407.879,-0.992
07/07/2026,2026-07-07,13,[02:00-02:15[,2026-07-07 01:00,1403.287,6879.481,4.902,2173.213,1.549,,,,,2688,1.916,1797.309,1.281,220.96,0.157
07/07/2026,2026-07-07,14,[02:15-02:30[,2026-07-07 01:15,1389.662,6565.097,4.724,2234.2,1.608,,,,,2604,1.874,1737.817,1.251,-10.921,-0.008
07/07/2026,2026-07-07,15,[02:30-02:45[,2026-07-07 01:30,1376.598,7408.415,5.382,2224.338,1.616,,,,,2632,1.912,1809.884,1.315,742.193,0.539
07/07/2026,2026-07-07,16,[02:45-03:00[,2026-07-07 01:45,1359.073,8871.611,6.528,2234.075,1.644,,,,,2688,1.978,1624.224,1.195,2325.313,1.711
07/07/2026,2026-07-07,17,[03:00-03:15[,2026-07-07 02:00,1354.264,5446.796,4.022,2234.075,1.65,,,,,2119.2,1.565,1776.427,1.312,-682.907,-0.504
07/07/2026,2026-07-07,18,[03:15-03:30[,2026-07-07 02:15,1337.967,6296.883,4.706,2234.075,1.67,,,,,2318.4,1.733,1802.201,1.347,-57.794,-0.043
07/07/2026,2026-07-07,19,[03:30-03:45[,2026-07-07 02:30,1318.926,5963.184,4.521,2233.95,1.694,,,,,2575.2,1.952,1627.337,1.234,-473.303,-0.359
07/07/2026,2026-07-07,20,[03:45-04:00[,2026-07-07 02:45,1314.844,5820.69,4.427,2233.95,1.699,,,,,2546.4,1.937,1701.643,1.294,-661.303,-0.503
07/07/2026,2026-07-07,21,[04:00-04:15[,2026-07-07 03:00,1313.362,5599.341,4.263,2233.513,1.701,,,,,2612.8,1.989,1702.699,1.296,-949.671,-0.723
07/07/2026,2026-07-07,22,[04:15-04:30[,2026-07-07 03:15,1311.337,5693.632,4.342,2233.513,1.703,,,,,2649.4,2.02,1683.688,1.284,-872.969,-0.666
07/07/2026,2026-07-07,23,[04:30-04:45[,2026-07-07 03:30,1307.725,5329.617,4.075,2051.949,1.569,,,,,2470.8,1.889,1601.114,1.224,-794.246,-0.607
07/07/2026,2026-07-07,24,[04:45-05:00[,2026-07-07 03:45,1310.048,3621.025,2.764,2005.518,1.531,,,,,2811.6,2.146,1898.649,1.449,-3094.742,-2.362
07/07/2026,2026-07-07,25,[05:00-05:15[,2026-07-07 04:00,1318.094,5625.885,4.268,2076.388,1.575,,,,,2347.8,1.781,1909.823,1.449,-708.126,-0.537
07/07/2026,2026-07-07,26,[05:15-05:30[,2026-07-07 04:15,1322.778,3422.766,2.588,1987.467,1.502,,,,,2199.6,1.663,1876.157,1.418,-2640.457,-1.996
07/07/2026,2026-07-07,27,[05:30-05:45[,2026-07-07 04:30,1332.119,1667.578,1.252,1893.85,1.422,,,,,2200.9,1.652,1878.233,1.41,-4305.405,-3.232
07/07/2026,2026-07-07,28,[05:45-06:00[,2026-07-07 04:45,1333.166,6692.427,5.02,1843.828,1.383,,,,,2256.8,1.693,1836.988,1.378,754.811,0.566
07/07/2026,2026-07-07,29,[06:00-06:15[,2026-07-07 05:00,1379.559,5173.431,3.75,1735.85,1.258,,,,,3851.4,2.792,3001.651,2.176,-3415.471,-2.476
07/07/2026,2026-07-07,30,[06:15-06:30[,2026-07-07 05:15,1395.797,5706.392,4.088,1734.697,1.243,,,,,4306.7,3.085,3033.525,2.173,-3368.53,-2.413
07/07/2026,2026-07-07,31,[06:30-06:45[,2026-07-07 05:30,1416.647,8220.668,5.803,1821.571,1.286,,,,,4781.3,3.375,3047.605,2.151,-1429.808,-1.009
07/07/2026,2026-07-07,32,[06:45-07:00[,2026-07-07 05:45,1429.421,13240.908,9.263,2165.911,1.515,,,,,4816.5,3.37,2608.45,1.825,3650.047,2.554
07/07/2026,2026-07-07,33,[07:00-07:15[,2026-07-07 06:00,1480.234,7404.174,5.002,1964.877,1.327,,,,,6507.2,4.396,2595.236,1.753,-3663.14,-2.475
07/07/2026,2026-07-07,34,[07:15-07:30[,2026-07-07 06:15,1528.638,2612.46,1.709,2261.999,1.48,,,,,4987.6,3.263,3028.971,1.981,-7666.109,-5.015
07/07/2026,2026-07-07,35,[07:30-07:45[,2026-07-07 06:30,1568.108,10488.101,6.688,2600.044,1.658,3240.05,2.066,2750,1.754,3942,2.514,3019.722,1.926,-5063.716,-3.229
07/07/2026,2026-07-07,36,[07:45-08:00[,2026-07-07 06:45,1608.424,17168.754,10.674,4326.859,2.69,7952.85,4.944,,,4270.5,2.655,3673.853,2.284,-3055.308,-1.9
07/07/2026,2026-07-07,37,[08:00-08:15[,2026-07-07 07:00,1695.426,25757.86,15.193,2572.099,1.517,9425.6,5.559,,,10040.8,5.922,3959.017,2.335,-239.657,-0.141
07/07/2026,2026-07-07,38,[08:15-08:30[,2026-07-07 07:15,1753.874,54489.479,31.068,3927.4,2.239,10603.8,6.046,,,9826.6,5.603,3995.707,2.278,26135.972,14.902
07/07/2026,2026-07-07,39,[08:30-08:45[,2026-07-07 07:30,1779.64,53218.435,29.904,4139.513,2.326,10603.8,5.958,,,9796,5.504,3701.517,2.08,24977.605,14.035
07/07/2026,2026-07-07,40,[08:45-09:00[,2026-07-07 07:45,1788.892,57485.565,32.135,5402.425,3.02,10603.8,5.928,,,9906,5.538,3899.472,2.18,27673.868,15.47
07/07/2026,2026-07-07,41,[09:00-09:15[,2026-07-07 08:00,1825.303,53396.661,29.254,3923.85,2.15,10603.8,5.809,,,10664.1,5.842,3859.066,2.114,24345.846,13.338
07/07/2026,2026-07-07,42,[09:15-09:30[,2026-07-07 08:15,1821.346,53262.645,29.244,4167.913,2.288,10603.8,5.822,,,10749.2,5.902,3819.473,2.097,23922.26,13.134
07/07/2026,2026-07-07,43,[09:30-09:45[,2026-07-07 08:30,1807.377,53909.83,29.828,4426.175,2.449,10603.8,5.867,,,10780,5.964,3735.261,2.067,24364.593,13.481
07/07/2026,2026-07-07,44,[09:45-10:00[,2026-07-07 08:45,1792.491,56986.371,31.792,5553.3,3.098,10603.8,5.916,,,11075.8,6.179,3740.495,2.087,26012.977,14.512
07/07/2026,2026-07-07,45,[10:00-10:15[,2026-07-07 09:00,1774.015,71820.725,40.485,5553.3,3.13,10603.8,5.977,,,11484,6.473,3771.297,2.126,40408.329,22.778
07/07/2026,2026-07-07,46,[10:15-10:30[,2026-07-07 09:15,1767.765,70135.044,39.674,5571.938,3.152,10603.8,5.998,,,11236.5,6.356,3685.564,2.085,39037.243,22.083
07/07/2026,2026-07-07,47,[10:30-10:45[,2026-07-07 09:30,1744.355,69534.786,39.863,5571.938,3.194,10603.8,6.079,,,11935,6.842,3387.776,1.942,38036.273,21.805
07/07/2026,2026-07-07,48,[10:45-11:00[,2026-07-07 09:45,1749.051,71936.018,41.129,5590.575,3.196,10603.8,6.063,,,11882.5,6.794,3712.819,2.123,40146.324,22.953
07/07/2026,2026-07-07,49,[11:00-11:15[,2026-07-07 10:00,1748.628,71951.915,41.148,5590.575,3.197,10603.8,6.064,,,12161.6,6.955,3425.125,1.959,40170.815,22.973
07/07/2026,2026-07-07,50,[11:15-11:30[,2026-07-07 10:15,1743.351,72523.758,41.6,5612.763,3.22,10603.8,6.082,,,12179.2,6.986,3571.039,2.048,40556.957,23.264
07/07/2026,2026-07-07,51,[11:30-11:45[,2026-07-07 10:30,1750.115,71412.691,40.805,5612.763,3.207,10603.8,6.059,,,11986.9,6.849,3630.233,2.074,39578.995,22.615
07/07/2026,2026-07-07,52,[11:45-12:00[,2026-07-07 10:45,1746.483,71218.404,40.778,5612.763,3.214,10603.8,6.072,,,11986.9,6.863,3365.274,1.927,39649.667,22.703
07/07/2026,2026-07-07,53,[12:00-12:15[,2026-07-07 11:00,1726.855,71058.521,41.149,5845.288,3.385,10603.8,6.141,,,12101.5,7.008,3386.152,1.961,39121.781,22.655
07/07/2026,2026-07-07,54,[12:15-12:30[,2026-07-07 11:15,1734.115,68374.617,39.429,5845.288,3.371,10603.8,6.115,,,12101.5,6.978,3547.977,2.046,36276.052,20.919
07/07/2026,2026-07-07,55,[12:30-12:45[,2026-07-07 11:30,1703.838,62694.316,36.796,6147.081,3.608,10603.8,6.223,,,12101.5,7.102,3410.015,2.001,30431.92,17.861
07/07/2026,2026-07-07,56,[12:45-13:00[,2026-07-07 11:45,1683.072,55895.927,33.211,6147.469,3.653,10603.8,6.3,,,12101.5,7.19,3464.514,2.058,23578.644,14.009
07/07/2026,2026-07-07,57,[13:00-13:15[,2026-07-07 12:00,1675.967,49673.317,29.639,6151.128,3.67,10603.8,6.327,,,11864.2,7.079,3352.538,2,17701.65,10.562
07/07/2026,2026-07-07,58,[13:15-13:30[,2026-07-07 12:15,1676.116,44414.262,26.498,6162.393,3.677,10603.8,6.326,,,11864.2,7.078,3516.281,2.098,12267.588,7.319
07/07/2026,2026-07-07,59,[13:30-13:45[,2026-07-07 12:30,1700.186,53348.499,31.378,6163.778,3.625,10603.8,6.237,,,12396.6,7.291,3594.034,2.114,20590.287,12.111
07/07/2026,2026-07-07,60,[13:45-14:00[,2026-07-07 12:45,1683.636,53668.081,31.876,6173.693,3.667,10603.8,6.298,,,12204.9,7.249,2995.208,1.779,21690.479,12.883
07/07/2026,2026-07-07,61,[14:00-14:15[,2026-07-07 13:00,1720.904,72470.49,42.112,6332.719,3.68,10603.8,6.162,,,12243.2,7.114,3565.627,2.072,39725.145,23.084
07/07/2026,2026-07-07,62,[14:15-14:30[,2026-07-07 13:15,1738.403,69804.109,40.154,6332.725,3.643,10603.8,6.1,,,12210.4,7.024,3560.89,2.048,37096.295,21.339
07/07/2026,2026-07-07,63,[14:30-14:45[,2026-07-07 13:30,1734.743,73340.19,42.277,6332.767,3.651,10603.8,6.113,,,12210.4,7.039,3179.168,1.833,41014.055,23.643
07/07/2026,2026-07-07,64,[14:45-15:00[,2026-07-07 13:45,1739.392,70476.865,40.518,6332.823,3.641,10603.8,6.096,,,12144.8,6.982,3241.256,1.863,38154.186,21.935
07/07/2026,2026-07-07,65,[15:00-15:15[,2026-07-07 14:00,1749.853,72857.389,41.636,6342.786,3.625,10603.8,6.06,,,12512.8,7.151,3443.782,1.968,39954.221,22.833
07/07/2026,2026-07-07,66,[15:15-15:30[,2026-07-07 14:15,1750.41,73612.363,42.054,6339.381,3.622,10603.8,6.058,,,12130,6.93,3390.532,1.937,41148.65,23.508
07/07/2026,2026-07-07,67,[15:30-15:45[,2026-07-07 14:30,1736.442,72813.542,41.933,6336.105,3.649,10603.8,6.107,,,11086,6.384,3146.815,1.812,41640.822,23.981
07/07/2026,2026-07-07,68,[15:45-16:00[,2026-07-07 14:45,1746.602,64426.859,36.887,6291.91,3.602,10603.8,6.071,,,11790.1,6.75,3388.699,1.94,32352.35,18.523
07/07/2026,2026-07-07,69,[16:00-16:15[,2026-07-07 15:00,1756.838,75680.87,43.078,6285.838,3.578,10603.8,6.036,,,12388.8,7.052,3555.577,2.024,42846.855,24.389
07/07/2026,2026-07-07,70,[16:15-16:30[,2026-07-07 15:15,1771.432,76156.094,42.991,6273.719,3.542,10603.8,5.986,,,12301.5,6.944,3598.099,2.031,43378.977,24.488
07/07/2026,2026-07-07,71,[16:30-16:45[,2026-07-07 15:30,1768.581,75318.395,42.587,6271.056,3.546,10603.8,5.996,,,12301.5,6.956,3297.788,1.865,42844.252,24.225
07/07/2026,2026-07-07,72,[16:45-17:00[,2026-07-07 15:45,1783.364,71407.644,40.041,6219.429,3.487,10603.8,5.946,,,12162.5,6.82,3641.411,2.042,38780.505,21.746
07/07/2026,2026-07-07,73,[17:00-17:15[,2026-07-07 16:00,1771.063,50704.5,28.629,6267.854,3.539,9425.6,5.322,,,12142.2,6.856,3084.29,1.741,19784.556,11.171
07/07/2026,2026-07-07,74,[17:15-17:30[,2026-07-07 16:15,1756.108,38398.109,21.865,5845.288,3.329,7952.85,4.529,,,11387.6,6.485,2317.711,1.32,10894.661,6.204
07/07/2026,2026-07-07,75,[17:30-17:45[,2026-07-07 16:30,1772.634,19279.635,10.876,4905.425,2.767,6480.1,3.656,,,9878.4,5.573,2571.179,1.45,-4555.47,-2.57
07/07/2026,2026-07-07,76,[17:45-18:00[,2026-07-07 16:45,1786.942,26037.195,14.571,3128.232,1.751,6480.1,3.626,,,8369.2,4.684,2536.534,1.419,5523.129,3.091
07/07/2026,2026-07-07,77,[18:00-18:15[,2026-07-07 17:00,1776.611,20588.69,11.589,5759.177,3.242,4801.165,2.702,,,8831.2,4.971,2112.073,1.189,-914.925,-0.515
07/07/2026,2026-07-07,78,[18:15-18:30[,2026-07-07 17:15,1806.257,10703.3,5.926,4576.39,2.534,3888.06,2.153,,,5312,2.941,2234.738,1.237,-5307.888,-2.939
07/07/2026,2026-07-07,79,[18:30-18:45[,2026-07-07 17:30,1840.175,11688.835,6.352,2716.511,1.476,3829.15,2.081,,,4382.4,2.382,2454.65,1.334,-1693.876,-0.92
07/07/2026,2026-07-07,80,[18:45-19:00[,2026-07-07 17:45,1854.983,5537.177,2.985,2384.036,1.285,1620.025,0.873,,,4913.6,2.649,1872.105,1.009,-5252.589,-2.832
07/07/2026,2026-07-07,81,[19:00-19:15[,2026-07-07 18:00,1874.43,12435.496,6.634,3080.17,1.643,5845.438,3.119,,,2725.7,1.454,1480.902,0.79,-696.714,-0.372
07/07/2026,2026-07-07,82,[19:15-19:30[,2026-07-07 18:15,1910.265,11342.19,5.937,2534.01,1.327,5845.438,3.06,,,3794.4,1.986,1478.487,0.774,-2310.145,-1.209
07/07/2026,2026-07-07,83,[19:30-19:45[,2026-07-07 18:30,1942.619,6257.585,3.221,2245.933,1.156,5845.438,3.009,,,3180.6,1.637,1560.093,0.803,-6574.479,-3.384
07/07/2026,2026-07-07,84,[19:45-20:00[,2026-07-07 18:45,1967.337,4873.065,2.477,2015.825,1.025,5845.438,2.971,,,3152.7,1.603,1683.025,0.855,-7823.922,-3.977
07/07/2026,2026-07-07,85,[20:00-20:15[,2026-07-07 19:00,1963.495,8075.904,4.113,1997.616,1.017,5845.438,2.977,,,3576,1.821,1635.936,0.833,-4979.085,-2.536
07/07/2026,2026-07-07,86,[20:15-20:30[,2026-07-07 19:15,1957.775,8441.749,4.312,1924.284,0.983,5845.438,2.986,,,3522.9,1.799,1543.284,0.788,-4394.156,-2.244
07/07/2026,2026-07-07,87,[20:30-20:45[,2026-07-07 19:30,1943.98,5768.3,2.967,1936.358,0.996,5845.438,3.007,,,3278,1.686,1539.748,0.792,-6831.244,-3.514
07/07/2026,2026-07-07,88,[20:45-21:00[,2026-07-07 19:45,1929.29,10997.133,5.7,1940.826,1.006,5845.438,3.03,,,4052.8,2.101,1572.468,0.815,-2414.398,-1.251
07/07/2026,2026-07-07,89,[21:00-21:15[,2026-07-07 20:00,1921.534,9917.715,5.161,1944.17,1.012,5845.438,3.042,,,4866.6,2.533,1580.148,0.822,-4318.64,-2.247
07/07/2026,2026-07-07,90,[21:15-21:30[,2026-07-07 20:15,1932.453,8838.953,4.574,1945.25,1.007,5845.438,3.025,,,4572.9,2.366,1621.201,0.839,-5145.835,-2.663
07/07/2026,2026-07-07,91,[21:30-21:45[,2026-07-07 20:30,1924.992,6659.424,3.459,1946.2,1.011,5845.438,3.037,,,3235.5,1.681,1614.5,0.839,-5982.213,-3.108
07/07/2026,2026-07-07,92,[21:45-22:00[,2026-07-07 20:45,1896.823,6916.956,3.647,1947.475,1.027,5845.438,3.082,,,2717.6,1.433,1609.523,0.849,-5203.08,-2.743
07/07/2026,2026-07-07,93,[22:00-22:15[,2026-07-07 21:00,1866.821,7522.92,4.03,1979.125,1.06,5845.438,3.131,,,2652.8,1.421,1583.441,0.848,-4537.883,-2.431
07/07/2026,2026-07-07,94,[22:15-22:30[,2026-07-07 21:15,1832.822,7029.096,3.835,1947.245,1.062,5845.438,3.189,,,2235.2,1.22,1626.493,0.887,-4625.279,-2.524
07/07/2026,2026-07-07,95,[22:30-22:45[,2026-07-07 21:30,1801.839,9200.689,5.106,2000.713,1.11,5845.438,3.244,,,1887.2,1.047,1635.802,0.908,-2168.463,-1.203
07/07/2026,2026-07-07,96,[22:45-23:00[,2026-07-07 21:45,1761.884,7474.762,4.242,1996.088,1.133,5845.438,3.318,,,1887.2,1.071,1622.11,0.921,-3876.073,-2.2
08/07/2026,2026-07-08,1,[23:00-23:15[,2026-07-07 22:00,1720.547,6742.439,3.919,546.85,0.318,1568.84,0.912,,,3370.1,1.959,1623.66,0.944,-367.011,-0.213
08/07/2026,2026-07-08,2,[23:15-23:30[,2026-07-07 22:15,1677.523,2092.527,1.247,546.85,0.326,,,,,3370.1,2.009,1664.77,0.992,-3489.194,-2.08
08/07/2026,2026-07-08,3,[23:30-23:45[,2026-07-07 22:30,1634.433,2365.724,1.447,546.85,0.335,,,,,3370.1,2.062,1670.54,1.022,-3221.766,-1.971
08/07/2026,2026-07-08,4,[23:45-00:00[,2026-07-07 22:45,1589.714,6170.074,3.881,652.638,0.411,,,,,3370.1,2.12,1670.308,1.051,477.029,0.3
08/07/2026,2026-07-08,5,[00:00-00:15[,2026-07-07 23:00,1560.129,1276.475,0.818,546.85,0.351,,,,,3234.2,2.073,1605.737,1.029,-4110.312,-2.635
08/07/2026,2026-07-08,6,[00:15-00:30[,2026-07-07 23:15,1535.158,2381.236,1.551,546.85,0.356,,,,,3234.2,2.107,1665.602,1.085,-3065.416,-1.997
08/07/2026,2026-07-08,7,[00:30-00:45[,2026-07-07 23:30,1507.396,2565.868,1.702,611.563,0.406,,,,,3234.2,2.146,1575.799,1.045,-2855.694,-1.894
08/07/2026,2026-07-08,8,[00:45-01:00[,2026-07-07 23:45,1483.473,1873.764,1.263,670.463,0.452,,,,,3234.2,2.18,1566.959,1.056,-3597.858,-2.425
08/07/2026,2026-07-08,9,[01:00-01:15[,2026-07-08 00:00,1456.764,5409.753,3.714,631.713,0.434,,,,,2951,2.026,1559.289,1.07,267.751,0.184
08/07/2026,2026-07-08,10,[01:15-01:30[,2026-07-08 00:15,1436.489,6042.753,4.207,708.663,0.493,,,,,2951,2.054,1638.692,1.141,744.399,0.518
08/07/2026,2026-07-08,11,[01:30-01:45[,2026-07-08 00:30,1412.381,5363.658,3.798,631.163,0.447,,,,,2875.1,2.036,1655.957,1.172,201.438,0.143
08/07/2026,2026-07-08,12,[01:45-02:00[,2026-07-08 00:45,1393.91,5576.871,4.001,652.088,0.468,,,,,2875.1,2.063,1649.905,1.184,399.778,0.287
08/07/2026,2026-07-08,13,[02:00-02:15[,2026-07-08 01:00,1380.75,5323.463,3.855,631.163,0.457,,,,,2582.4,1.87,1651.403,1.196,458.497,0.332
08/07/2026,2026-07-08,14,[02:15-02:30[,2026-07-08 01:15,1367.915,5504.766,4.024,651.538,0.476,,,,,2582.4,1.888,1654.77,1.21,616.058,0.45
08/07/2026,2026-07-08,15,[02:30-02:45[,2026-07-08 01:30,1357.841,4825.395,3.554,652.7,0.481,,,,,2582.4,1.902,1652.383,1.217,-62.088,-0.046
08/07/2026,2026-07-08,16,[02:45-03:00[,2026-07-08 01:45,1342.862,5727.904,4.265,651.538,0.485,,,,,2582.4,1.923,1658.934,1.235,835.032,0.622
08/07/2026,2026-07-08,17,[03:00-03:15[,2026-07-08 02:00,1335.945,3985.053,2.983,630.613,0.472,,,,,3029.1,2.267,1600.52,1.198,-1275.179,-0.955
08/07/2026,2026-07-08,18,[03:15-03:30[,2026-07-08 02:15,1324.235,3561.767,2.69,630.063,0.476,,,,,3029.1,2.287,1624.12,1.226,-1721.516,-1.3
08/07/2026,2026-07-08,19,[03:30-03:45[,2026-07-08 02:30,1318.654,-3404.9,-2.582,607.588,0.461,,,,,3056.7,2.318,1666.886,1.264,-8736.074,-6.625
08/07/2026,2026-07-08,20,[03:45-04:00[,2026-07-08 02:45,1310.954,-219.051,-0.167,606.038,0.462,,,,,3056.7,2.332,1591.149,1.214,-5472.937,-4.175
08/07/2026,2026-07-08,21,[04:00-04:15[,2026-07-08 03:00,1308.289,4573.668,3.496,545.2,0.417,,,,,3188.9,2.437,1641.434,1.255,-801.866,-0.613
08/07/2026,2026-07-08,22,[04:15-04:30[,2026-07-08 03:15,1302.97,4925.798,3.78,545.2,0.418,,,,,3188.9,2.447,1563.191,1.2,-371.493,-0.285
08/07/2026,2026-07-08,23,[04:30-04:45[,2026-07-08 03:30,1298.837,5573.224,4.291,545.2,0.42,,,,,3188.9,2.455,1548.612,1.192,290.512,0.224
08/07/2026,2026-07-08,24,[04:45-05:00[,2026-07-08 03:45,1299.873,7296.038,5.613,544.65,0.419,,,,,3188.9,2.453,1652.841,1.272,1909.646,1.469
08/07/2026,2026-07-08,25,[05:00-05:15[,2026-07-08 04:00,1311.887,6226.312,4.746,544.65,0.415,,,,,3204,2.442,1660.566,1.266,817.096,0.623
08/07/2026,2026-07-08,26,[05:15-05:30[,2026-07-08 04:15,1314.11,5107.088,3.886,544.65,0.414,,,,,3204,2.438,1653.401,1.258,-294.964,-0.224
08/07/2026,2026-07-08,27,[05:30-05:45[,2026-07-08 04:30,1317.436,5176.73,3.929,544.65,0.413,,,,,3204,2.432,1654.628,1.256,-226.548,-0.172
08/07/2026,2026-07-08,28,[05:45-06:00[,2026-07-08 04:45,1313.651,6636.247,5.052,544.65,0.415,,,,,3204,2.439,1645.36,1.253,1242.237,0.946
08/07/2026,2026-07-08,29,[06:00-06:15[,2026-07-08 05:00,1341.108,5673.46,4.23,544.343,0.406,,,,,3331.3,2.484,1648.909,1.23,148.908,0.111
08/07/2026,2026-07-08,30,[06:15-06:30[,2026-07-08 05:15,1358.396,2331.984,1.717,544.588,0.401,,,,,3331.3,2.452,1669.792,1.229,-3213.696,-2.366
08/07/2026,2026-07-08,31,[06:30-06:45[,2026-07-08 05:30,1378.79,6599.591,4.787,543.96,0.395,,,,,3414.1,2.476,1656.018,1.201,985.513,0.715
08/07/2026,2026-07-08,32,[06:45-07:00[,2026-07-08 05:45,1401.924,4869.966,3.474,542.939,0.387,,,,,3414.1,2.435,1663.778,1.187,-750.851,-0.536
08/07/2026,2026-07-08,33,[07:00-07:15[,2026-07-08 06:00,1450.595,6562.837,4.524,538.958,0.372,,,,,3693.8,2.546,1686.014,1.162,644.066,0.444
08/07/2026,2026-07-08,34,[07:15-07:30[,2026-07-08 06:15,1495.522,6330.378,4.233,660.241,0.441,,,,,3698.4,2.473,2507.344,1.677,-535.607,-0.358
08/07/2026,2026-07-08,35,[07:30-07:45[,2026-07-08 06:30,1542.553,18431.156,11.948,1003.868,0.651,,,,,3380.9,2.192,3854.955,2.499,10191.433,6.607
08/07/2026,2026-07-08,36,[07:45-08:00[,2026-07-08 06:45,1577.379,51006.092,32.336,1518.613,0.963,10444.123,6.621,,,10579.6,6.707,3723.401,2.36,24740.355,15.684
08/07/2026,2026-07-08,37,[08:00-08:15[,2026-07-08 07:00,1650.216,46244.984,28.024,4376.8,2.652,12234.023,7.414,,,10482.9,6.352,3552.005,2.152,15599.257,9.453
08/07/2026,2026-07-08,38,[08:15-08:30[,2026-07-08 07:15,1686.577,61822.564,36.656,5611.488,3.327,15813.823,9.376,,,10254.9,6.08,3152.35,1.869,26990.003,16.003
08/07/2026,2026-07-08,39,[08:30-08:45[,2026-07-08 07:30,1706.486,66790.624,39.139,5624.613,3.296,16708.773,9.791,,,10150.5,5.948,2782.056,1.63,31524.683,18.473
08/07/2026,2026-07-08,40,[08:45-09:00[,2026-07-08 07:45,1730.375,63284.654,36.573,5869.3,3.392,20288.573,11.725,10406.55,6.014,10196.1,5.892,3621.179,2.093,12902.952,7.457
08/07/2026,2026-07-08,41,[09:00-09:15[,2026-07-08 08:00,1763.195,66970.135,37.982,5622.738,3.189,20288.573,11.507,,,10706.7,6.072,3679.822,2.087,26672.303,15.127
08/07/2026,2026-07-08,42,[09:15-09:30[,2026-07-08 08:15,1753.738,77135.242,43.983,5703.363,3.252,20288.573,11.569,,,10706.7,6.105,3435.012,1.959,37001.595,21.099
08/07/2026,2026-07-08,43,[09:30-09:45[,2026-07-08 08:30,1747.33,78768.892,45.08,6142.113,3.515,20288.573,11.611,,,11549.2,6.61,3369.596,1.928,37419.411,21.415
08/07/2026,2026-07-08,44,[09:45-10:00[,2026-07-08 08:45,1744.02,75915.301,43.529,6969.613,3.996,20288.573,11.633,,,11549.2,6.622,3583.55,2.055,33524.365,19.222
08/07/2026,2026-07-08,45,[10:00-10:15[,2026-07-08 09:00,1725.167,61065.055,35.397,6798.363,3.941,20288.573,11.76,,,11466,6.646,3283.264,1.903,19228.855,11.146
08/07/2026,2026-07-08,46,[10:15-10:30[,2026-07-08 09:15,1710.348,71951.467,42.068,6892.113,4.03,20288.573,11.862,,,11466,6.704,2942.953,1.721,30361.829,17.752
08/07/2026,2026-07-08,47,[10:30-10:45[,2026-07-08 09:30,1713.317,67028.809,39.122,6933.363,4.047,20288.573,11.842,,,11466,6.692,3343.435,1.951,24997.439,14.59
08/07/2026,2026-07-08,48,[10:45-11:00[,2026-07-08 09:45,1708.417,59354.229,34.742,6933.363,4.058,20288.573,11.876,,,11466,6.711,3403.087,1.992,17263.206,10.105
08/07/2026,2026-07-08,49,[11:00-11:15[,2026-07-08 10:00,1713.421,72197.132,42.136,6933.363,4.047,20510.29,11.97,,,12702.4,7.413,3366.13,1.965,28684.95,16.741
08/07/2026,2026-07-08,50,[11:15-11:30[,2026-07-08 10:15,1691.343,55033.578,32.538,6933.363,4.099,20510.29,12.127,,,12474.4,7.375,2400.001,1.419,12715.525,7.518
08/07/2026,2026-07-08,51,[11:30-11:45[,2026-07-08 10:30,1719.179,65265.299,37.963,6933.363,4.033,20510.29,11.93,,,11537.6,6.711,3338.679,1.942,22945.369,13.347
08/07/2026,2026-07-08,52,[11:45-12:00[,2026-07-08 10:45,1726.695,64345.023,37.265,6933.363,4.015,20510.29,11.878,,,11537.6,6.682,3267.042,1.892,22096.729,12.797
08/07/2026,2026-07-08,53,[12:00-12:15[,2026-07-08 11:00,1711.083,60998.02,35.649,6933.363,4.052,20510.29,11.987,,,11231.6,6.564,2989.083,1.747,19333.684,11.299
08/07/2026,2026-07-08,54,[12:15-12:30[,2026-07-08 11:15,1694.176,50820.639,29.997,7138.675,4.214,20510.29,12.106,,,11246.8,6.639,2468.096,1.457,9456.778,5.582
08/07/2026,2026-07-08,55,[12:30-12:45[,2026-07-08 11:30,1684.467,54696.142,32.471,7138.675,4.238,20510.29,12.176,,,11262,6.686,3229.005,1.917,12556.172,7.454
08/07/2026,2026-07-08,56,[12:45-13:00[,2026-07-08 11:45,1685.996,60022.17,35.6,7164.925,4.25,20510.29,12.165,,,11277.2,6.689,3328.641,1.974,17741.115,10.523
08/07/2026,2026-07-08,57,[13:00-13:15[,2026-07-08 12:00,1687.439,61680.439,36.553,7198.125,4.266,20510.29,12.155,,,10911.48,6.466,3199.576,1.896,19860.968,11.77
08/07/2026,2026-07-08,58,[13:15-13:30[,2026-07-08 12:15,1656.476,63940.607,38.6,7195.225,4.344,20510.29,12.382,,,10810.46,6.526,1796.689,1.085,23627.944,14.264
08/07/2026,2026-07-08,59,[13:30-13:45[,2026-07-08 12:30,1691.499,61660.678,36.453,7183.725,4.247,20510.29,12.126,,,10865.6,6.424,2717.53,1.607,20383.534,12.051
08/07/2026,2026-07-08,60,[13:45-14:00[,2026-07-08 12:45,1703.356,62891.436,36.922,7180.875,4.216,20510.29,12.041,,,11063.2,6.495,3215.933,1.888,20921.138,12.282
08/07/2026,2026-07-08,61,[14:00-14:15[,2026-07-08 13:00,1709,44212.923,25.871,7160.475,4.19,20510.29,12.001,,,11209.2,6.559,2361.735,1.382,2971.224,1.739
08/07/2026,2026-07-08,62,[14:15-14:30[,2026-07-08 13:15,1718.067,44300.845,25.785,7149.825,4.162,20510.29,11.938,,,11239.6,6.542,2368.041,1.378,3033.089,1.765
08/07/2026,2026-07-08,63,[14:30-14:45[,2026-07-08 13:30,1715.138,44160.002,25.747,7156.725,4.173,20510.29,11.958,,,11072.4,6.456,2290.961,1.336,3129.626,1.825
08/07/2026,2026-07-08,64,[14:45-15:00[,2026-07-08 13:45,1714.267,44285.261,25.833,7173.675,4.185,20510.29,11.964,,,11057.2,6.45,2309.832,1.347,3234.264,1.887
08/07/2026,2026-07-08,65,[15:00-15:15[,2026-07-08 14:00,1713.064,45144.518,26.353,7162.525,4.181,20510.29,11.973,,,11341.6,6.621,2332.749,1.362,3797.355,2.217
08/07/2026,2026-07-08,66,[15:15-15:30[,2026-07-08 14:15,1711.077,44296.682,25.888,7162.075,4.186,20510.29,11.987,,,11204.8,6.548,2100.195,1.227,3319.322,1.94
08/07/2026,2026-07-08,67,[15:30-15:45[,2026-07-08 14:30,1718.808,44116.25,25.667,7153.925,4.162,20510.29,11.933,,,10826.08,6.299,2283.352,1.328,3342.604,1.945
08/07/2026,2026-07-08,68,[15:45-16:00[,2026-07-08 14:45,1733.974,44242.141,25.515,7138.675,4.117,20510.29,11.828,,,10364.5,5.977,2374.118,1.369,3854.558,2.223
08/07/2026,2026-07-08,69,[16:00-16:15[,2026-07-08 15:00,1729.741,46933.266,27.133,7179.625,4.151,20510.29,11.857,,,13012.8,7.523,2412.95,1.395,3817.602,2.207
08/07/2026,2026-07-08,70,[16:15-16:30[,2026-07-08 15:15,1742.183,46109.933,26.467,7156.175,4.108,20510.29,11.773,,,12997.6,7.461,2397.061,1.376,3048.807,1.75
08/07/2026,2026-07-08,71,[16:30-16:45[,2026-07-08 15:30,1761.239,42511.819,24.137,7138.675,4.053,20510.29,11.645,,,11628.8,6.603,2408.876,1.368,825.178,0.469
08/07/2026,2026-07-08,72,[16:45-17:00[,2026-07-08 15:45,1756.003,31744.807,18.078,6892.113,3.925,20510.29,11.68,,,11628.8,6.622,2435.297,1.387,-9721.692,-5.536
08/07/2026,2026-07-08,73,[17:00-17:15[,2026-07-08 16:00,1753.748,36213.241,20.649,6933.363,3.953,20510.29,11.695,,,11749.6,6.7,2472.022,1.41,-5452.033,-3.109
08/07/2026,2026-07-08,74,[17:15-17:30[,2026-07-08 16:15,1759.169,34487.167,19.604,6582.738,3.742,20510.29,11.659,,,11749.6,6.679,2372.361,1.349,-6727.821,-3.824
08/07/2026,2026-07-08,75,[17:30-17:45[,2026-07-08 16:30,1753.718,32207.724,18.365,5767.113,3.289,20510.29,11.695,,,10894.6,6.212,1859.089,1.06,-6823.367,-3.891
08/07/2026,2026-07-08,76,[17:45-18:00[,2026-07-08 16:45,1784.078,31731.526,17.786,4642.113,2.602,20510.29,11.496,,,10894.6,6.107,2373.334,1.33,-6688.809,-3.749
08/07/2026,2026-07-08,77,[18:00-18:15[,2026-07-08 17:00,1788.95,30920.771,17.284,1518.613,0.849,20510.29,11.465,,,10643.7,5.95,2443.924,1.366,-4195.755,-2.345
08/07/2026,2026-07-08,78,[18:15-18:30[,2026-07-08 17:15,1804.655,26084.44,14.454,1037.338,0.575,20510.29,11.365,,,7274.9,4.031,2381.703,1.32,-5119.79,-2.837
08/07/2026,2026-07-08,79,[18:30-18:45[,2026-07-08 17:30,1839.485,21547.924,11.714,995.199,0.541,20510.29,11.15,,,4772.6,2.595,2555.944,1.389,-7286.108,-3.961
08/07/2026,2026-07-08,80,[18:45-19:00[,2026-07-08 17:45,1873.083,15487.604,8.269,555.598,0.297,20510.29,10.95,,,3834.5,2.047,2738.956,1.462,-12151.739,-6.488
08/07/2026,2026-07-08,81,[19:00-19:15[,2026-07-08 18:00,1883.899,36542.126,19.397,835.063,0.443,35413.79,18.798,,,3051.1,1.62,1820.803,0.967,-4578.63,-2.43
08/07/2026,2026-07-08,82,[19:15-19:30[,2026-07-08 18:15,1910.965,26728.635,13.987,560.17,0.293,35413.79,18.532,,,2597.7,1.359,1651.784,0.864,-13494.808,-7.062
08/07/2026,2026-07-08,83,[19:30-19:45[,2026-07-08 18:30,1935.77,31176.141,16.105,560.65,0.29,35413.79,18.294,,,2597.7,1.342,1674.2,0.865,-9070.199,-4.686
08/07/2026,2026-07-08,84,[19:45-20:00[,2026-07-08 18:45,1952.381,21814.328,11.173,560.65,0.287,35413.79,18.139,,,2350.15,1.204,1660.885,0.851,-18171.147,-9.307
08/07/2026,2026-07-08,85,[20:00-20:15[,2026-07-08 19:00,1954.675,26524.117,13.57,560.65,0.287,35413.79,18.117,,,2716.4,1.39,1616.418,0.827,-13783.141,-7.051
08/07/2026,2026-07-08,86,[20:15-20:30[,2026-07-08 19:15,1944.545,25718.649,13.226,560.65,0.288,35413.79,18.212,,,2874.8,1.478,1689.942,0.869,-14820.532,-7.622
08/07/2026,2026-07-08,87,[20:30-20:45[,2026-07-08 19:30,1931.885,25573.645,13.238,560.65,0.29,35413.79,18.331,,,2874.8,1.488,1707.006,0.884,-14982.601,-7.755
08/07/2026,2026-07-08,88,[20:45-21:00[,2026-07-08 19:45,1915.375,25203.107,13.158,560.35,0.293,35413.79,18.489,,,2850.4,1.488,1676.668,0.875,-15298.1,-7.987
08/07/2026,2026-07-08,89,[21:00-21:15[,2026-07-08 20:00,1908.254,26027.198,13.639,561.2,0.294,35413.79,18.558,,,3313.8,1.737,1640.523,0.86,-14902.114,-7.809
08/07/2026,2026-07-08,90,[21:15-21:30[,2026-07-08 20:15,1913.838,25913.843,13.54,561.2,0.293,35413.79,18.504,,,3118.6,1.63,1651.437,0.863,-14831.183,-7.749
08/07/2026,2026-07-08,91,[21:30-21:45[,2026-07-08 20:30,1902.077,24215.107,12.731,561.2,0.295,35413.79,18.618,,,3124.7,1.643,1654.618,0.87,-16539.2,-8.695
08/07/2026,2026-07-08,92,[21:45-22:00[,2026-07-08 20:45,1871.334,28219.372,15.08,561.2,0.3,35413.79,18.924,,,3124.7,1.67,1655.78,0.885,-12536.098,-6.699
08/07/2026,2026-07-08,93,[22:00-22:15[,2026-07-08 21:00,1837.899,26665.597,14.509,561.75,0.306,35413.79,19.269,,,3451.7,1.878,1656.808,0.901,-14418.45,-7.845
08/07/2026,2026-07-08,94,[22:15-22:30[,2026-07-08 21:15,1803.268,28817.28,15.981,561.75,0.312,35413.79,19.639,,,3857.3,2.139,1623.385,0.9,-12638.945,-7.009
08/07/2026,2026-07-08,95,[22:30-22:45[,2026-07-08 21:30,1771.241,27948.612,15.779,561.75,0.317,35413.79,19.994,,,3857.3,2.178,1634.963,0.923,-13519.19,-7.633
08/07/2026,2026-07-08,96,[22:45-23:00[,2026-07-08 21:45,1730.254,23033.484,13.312,561.75,0.325,35413.79,20.467,,,3857.3,2.229,1655.403,0.957,-18454.759,-10.666
09/07/2026,2026-07-09,1,[23:00-23:15[,2026-07-08 22:00,1689.775,61895.575,36.629,699.463,0.414,58078.926,34.371,,,3355,1.985,1644.532,0.973,-1882.347,-1.114
09/07/2026,2026-07-09,2,[23:15-23:30[,2026-07-08 22:15,1654.824,48858.278,29.525,699.463,0.423,46760.514,28.257,,,3355,2.027,1651.087,0.998,-3607.786,-2.18
09/07/2026,2026-07-09,3,[23:30-23:45[,2026-07-08 22:30,1617.853,7123.134,4.403,699.471,0.432,1837.861,1.136,,,3355,2.074,1633.113,1.009,-402.311,-0.249
09/07/2026,2026-07-09,4,[23:45-00:00[,2026-07-08 22:45,1578.948,4126.428,2.613,747.133,0.473,1837.861,1.164,,,3355,2.125,1607.664,1.018,-3421.23,-2.167
09/07/2026,2026-07-09,5,[00:00-00:15[,2026-07-08 23:00,1545.363,4664.282,3.018,699.471,0.453,,,,,3168,2.05,1589.461,1.029,-792.65,-0.513
09/07/2026,2026-07-09,6,[00:15-00:30[,2026-07-08 23:15,1520.231,3757.954,2.472,699.471,0.46,,,,,3168,2.084,1620.461,1.066,-1729.978,-1.138
09/07/2026,2026-07-09,7,[00:30-00:45[,2026-07-08 23:30,1496.021,3516.433,2.351,699.471,0.468,,,,,3168,2.118,1623.427,1.085,-1974.465,-1.32
09/07/2026,2026-07-09,8,[00:45-01:00[,2026-07-08 23:45,1468.477,5294.905,3.606,756.821,0.515,,,,,3168,2.157,1617.463,1.101,-247.38,-0.168
09/07/2026,2026-07-09,9,[01:00-01:15[,2026-07-09 00:00,1446.809,4111.325,2.842,699.471,0.483,,,,,2871,1.984,1617.347,1.118,-1076.493,-0.744
09/07/2026,2026-07-09,10,[01:15-01:30[,2026-07-09 00:15,1419.547,3807.987,2.683,709.933,0.5,,,,,2871,2.022,1605.912,1.131,-1378.858,-0.971
09/07/2026,2026-07-09,11,[01:30-01:45[,2026-07-09 00:30,1395.652,4274.818,3.063,699.471,0.501,,,,,2871,2.057,1606.148,1.151,-901.8,-0.646
09/07/2026,2026-07-09,12,[01:45-02:00[,2026-07-09 00:45,1378.252,4222.581,3.064,741.321,0.538,,,,,2871,2.083,1584.984,1.15,-974.724,-0.707
09/07/2026,2026-07-09,13,[02:00-02:15[,2026-07-09 01:00,1364.106,3436.903,2.52,699.471,0.513,,,,,2981,2.185,1502.148,1.101,-1745.716,-1.28
09/07/2026,2026-07-09,14,[02:15-02:30[,2026-07-09 01:15,1350.082,4690.095,3.474,699.471,0.518,,,,,2981,2.208,1611.33,1.194,-601.706,-0.446
09/07/2026,2026-07-09,15,[02:30-02:45[,2026-07-09 01:30,1340.724,3923.774,2.927,699.471,0.522,,,,,2981,2.223,1604.856,1.197,-1361.553,-1.016
09/07/2026,2026-07-09,16,[02:45-03:00[,2026-07-09 01:45,1329.495,4851.574,3.649,699.471,0.526,,,,,2981,2.242,1601.193,1.204,-430.089,-0.323
09/07/2026,2026-07-09,17,[03:00-03:15[,2026-07-09 02:00,1325.511,4679.513,3.53,699.471,0.528,,,,,2948,2.224,1596.802,1.205,-564.76,-0.426
09/07/2026,2026-07-09,18,[03:15-03:30[,2026-07-09 02:15,1315.678,4349.117,3.306,756.821,0.575,,,,,2948,2.241,1598.354,1.215,-954.058,-0.725
09/07/2026,2026-07-09,19,[03:30-03:45[,2026-07-09 02:30,1311.183,4269.757,3.256,756.821,0.577,,,,,2948,2.248,1604.138,1.223,-1039.202,-0.793
09/07/2026,2026-07-09,20,[03:45-04:00[,2026-07-09 02:45,1303.223,4090.234,3.139,756.821,0.581,,,,,2948,2.262,1613.018,1.238,-1227.605,-0.942
09/07/2026,2026-07-09,21,[04:00-04:15[,2026-07-09 03:00,1297.626,4812.767,3.709,756.821,0.583,,,,,3102,2.391,1643.62,1.267,-689.674,-0.531
09/07/2026,2026-07-09,22,[04:15-04:30[,2026-07-09 03:15,1291.666,5832.141,4.515,756.821,0.586,,,,,3102,2.402,1573.945,1.219,399.375,0.309
09/07/2026,2026-07-09,23,[04:30-04:45[,2026-07-09 03:30,1288.213,5384.376,4.18,701.796,0.545,,,,,3102,2.408,1582.627,1.229,-2.047,-0.002
09/07/2026,2026-07-09,24,[04:45-05:00[,2026-07-09 03:45,1286.99,5159.007,4.009,699.471,0.543,,,,,3102,2.41,1628.097,1.265,-270.56,-0.21
09/07/2026,2026-07-09,25,[05:00-05:15[,2026-07-09 04:00,1312.073,5973.869,4.553,940.108,0.717,,,,,3028.4,2.308,2423.655,1.847,-418.295,-0.319
09/07/2026,2026-07-09,26,[05:15-05:30[,2026-07-09 04:15,1320.42,5508.45,4.172,924.221,0.7,,,,,3028.4,2.294,2595.429,1.966,-1039.6,-0.787
09/07/2026,2026-07-09,27,[05:30-05:45[,2026-07-09 04:30,1325.587,6430.613,4.851,868.421,0.655,,,,,2953.6,2.228,2659.106,2.006,-50.514,-0.038
09/07/2026,2026-07-09,28,[05:45-06:00[,2026-07-09 04:45,1325.816,6829.046,5.151,855.246,0.645,,,,,2953.6,2.228,2399.166,1.81,621.034,0.468
09/07/2026,2026-07-09,29,[06:00-06:15[,2026-07-09 05:00,1355.283,4378.566,3.231,699.471,0.516,,,,,3255.2,2.402,2701.016,1.993,-2277.121,-1.68
09/07/2026,2026-07-09,30,[06:15-06:30[,2026-07-09 05:15,1380.963,3127.829,2.265,699.463,0.507,,,,,3255.2,2.357,2710.397,1.963,-3537.231,-2.561
09/07/2026,2026-07-09,31,[06:30-06:45[,2026-07-09 05:30,1395.111,6305.201,4.519,699.471,0.501,,,,,3255.2,2.333,2532.627,1.815,-182.097,-0.131
09/07/2026,2026-07-09,32,[06:45-07:00[,2026-07-09 05:45,1428.13,6848.156,4.795,895.546,0.627,,,,,3255.2,2.279,2702.935,1.893,-5.525,-0.004
09/07/2026,2026-07-09,33,[07:00-07:15[,2026-07-09 06:00,1477.803,6036.579,4.085,699.463,0.473,,,,,3630,2.456,2707.965,1.832,-1000.85,-0.677
09/07/2026,2026-07-09,34,[07:15-07:30[,2026-07-09 06:15,1510.102,6638.589,4.396,814.946,0.54,,,,,3630,2.404,2613.846,1.731,-420.202,-0.278
09/07/2026,2026-07-09,35,[07:30-07:45[,2026-07-09 06:30,1545.278,9665.344,6.255,1583.275,1.025,,,,,4483.2,2.901,2699.181,1.747,899.687,0.582
09/07/2026,2026-07-09,36,[07:45-08:00[,2026-07-09 06:45,1578.05,9865.169,6.251,5170.468,3.276,,,,,4489.5,2.845,2564.531,1.625,-2359.33,-1.495
09/07/2026,2026-07-09,37,[08:00-08:15[,2026-07-09 07:00,1658.479,7994.241,4.82,3140.518,1.894,,,,,4242.6,2.558,2721.329,1.641,-2110.206,-1.272
09/07/2026,2026-07-09,38,[08:15-08:30[,2026-07-09 07:15,1714.719,11090.745,6.468,4543.305,2.65,,,,,5608.4,3.271,2728.234,1.591,-1789.194,-1.043
09/07/2026,2026-07-09,39,[08:30-08:45[,2026-07-09 07:30,1735.505,20691.461,11.922,7196.76,4.147,,,,,12484.8,7.194,2472.598,1.425,-1462.697,-0.843
09/07/2026,2026-07-09,40,[08:45-09:00[,2026-07-09 07:45,1766.342,24628.529,13.943,7976.621,4.516,,,,,12193.2,6.903,2697.099,1.527,1761.61,0.997
09/07/2026,2026-07-09,41,[09:00-09:15[,2026-07-09 08:00,1784.232,44585.291,24.989,7403.918,4.15,,,,,13779.2,7.723,2594.241,1.454,20807.932,11.662
09/07/2026,2026-07-09,42,[09:15-09:30[,2026-07-09 08:15,1781.046,49085.891,27.56,7839.483,4.402,,,,,14131.8,7.935,2603.016,1.462,24511.591,13.762
09/07/2026,2026-07-09,43,[09:30-09:45[,2026-07-09 08:30,1773.549,48693.683,27.456,8339.471,4.702,,,,,12031.08,6.784,2600.804,1.466,25722.329,14.503
09/07/2026,2026-07-09,44,[09:45-10:00[,2026-07-09 08:45,1754.099,43864.39,25.007,9275.885,5.288,,,,,11686.2,6.662,2427.829,1.384,20474.476,11.672
09/07/2026,2026-07-09,45,[10:00-10:15[,2026-07-09 09:00,1747.541,40237.977,23.025,7996.983,4.576,,,,,11720.7,6.707,2597.984,1.487,17922.31,10.256
09/07/2026,2026-07-09,46,[10:15-10:30[,2026-07-09 09:15,1752.846,34293.103,19.564,7997.152,4.562,,,,,11760,6.709,2581.963,1.473,11953.988,6.82
09/07/2026,2026-07-09,47,[10:30-10:45[,2026-07-09 09:30,1747.561,43097.317,24.661,8001.297,4.579,,,,,11773.1,6.737,2543.672,1.456,20779.248,11.89
09/07/2026,2026-07-09,48,[10:45-11:00[,2026-07-09 09:45,1743.528,43054.924,24.694,8572.708,4.917,,,,,12146.4,6.967,2580.56,1.48,19755.256,11.331
09/07/2026,2026-07-09,49,[11:00-11:15[,2026-07-09 10:00,1738.236,40570.946,23.34,8573.646,4.932,,,,,12247.2,7.046,2426.339,1.396,17323.761,9.966
09/07/2026,2026-07-09,50,[11:15-11:30[,2026-07-09 10:15,1739.483,40370.948,23.209,8620.521,4.956,,,,,12322.32,7.084,2540.33,1.46,16887.778,9.709
09/07/2026,2026-07-09,51,[11:30-11:45[,2026-07-09 10:30,1736.24,39646.273,22.835,8620.521,4.965,,,,,12485.4,7.191,2550.037,1.469,15990.315,9.21
09/07/2026,2026-07-09,52,[11:45-12:00[,2026-07-09 10:45,1728.893,30805.591,17.818,9275.924,5.365,,,,,12115.15,7.007,2403.592,1.39,7010.925,4.055
09/07/2026,2026-07-09,53,[12:00-12:15[,2026-07-09 11:00,1708.237,28098.394,16.449,8786.071,5.143,,,,,11260,6.592,2390.804,1.4,5661.519,3.314
09/07/2026,2026-07-09,54,[12:15-12:30[,2026-07-09 11:15,1703.676,28588.557,16.781,9441.5,5.542,,,,,10923.82,6.412,2265.816,1.33,5957.422,3.497
09/07/2026,2026-07-09,55,[12:30-12:45[,2026-07-09 11:30,1674.345,26765.987,15.986,10144.57,6.059,,,,,10405.91,6.215,2251.141,1.344,3964.366,2.368
09/07/2026,2026-07-09,56,[12:45-13:00[,2026-07-09 11:45,1663.587,24982.319,15.017,10144.57,6.098,,,,,10652.21,6.403,2287.661,1.375,1897.878,1.141
09/07/2026,2026-07-09,57,[13:00-13:15[,2026-07-09 12:00,1650.475,21534.816,13.048,10342.52,6.266,,,,,10033.35,6.079,1843.54,1.117,-684.594,-0.415
09/07/2026,2026-07-09,58,[13:15-13:30[,2026-07-09 12:15,1651.141,24091.913,14.591,10342.681,6.264,,,,,9913.56,6.004,2027.976,1.228,1807.696,1.095
09/07/2026,2026-07-09,59,[13:30-13:45[,2026-07-09 12:30,1658.966,22414.468,13.511,11452.346,6.903,,,,,8771.54,5.287,1973.683,1.19,216.898,0.131
09/07/2026,2026-07-09,60,[13:45-14:00[,2026-07-09 12:45,1657.197,25425.197,15.342,11452.346,6.911,,,,,8940.94,5.395,1899.632,1.146,3132.278,1.89
09/07/2026,2026-07-09,61,[14:00-14:15[,2026-07-09 13:00,1663.371,18002.871,10.823,8307.283,4.994,,,,,8061.2,4.846,2063.75,1.241,-429.362,-0.258
09/07/2026,2026-07-09,62,[14:15-14:30[,2026-07-09 13:15,1672.728,19293.425,11.534,8282.426,4.951,,,,,8074.3,4.827,1844.556,1.103,1092.142,0.653
09/07/2026,2026-07-09,63,[14:30-14:45[,2026-07-09 13:30,1680.417,17686.384,10.525,8302.161,4.941,,,,,8074.3,4.805,2046.68,1.218,-736.758,-0.438
09/07/2026,2026-07-09,64,[14:45-15:00[,2026-07-09 13:45,1676.67,15625.055,9.319,8478.458,5.057,,,,,8028.01,4.788,2016.62,1.203,-2898.033,-1.728
09/07/2026,2026-07-09,65,[15:00-15:15[,2026-07-09 14:00,1661.935,19946.558,12.002,8738.258,5.258,,,,,7924.2,4.768,979.514,0.589,2304.585,1.387
09/07/2026,2026-07-09,66,[15:15-15:30[,2026-07-09 14:15,1660.994,20000.549,12.041,8738.258,5.261,,,,,7628.59,4.593,1042.794,0.628,2590.906,1.56
09/07/2026,2026-07-09,67,[15:30-15:45[,2026-07-09 14:30,1658.34,17475.891,10.538,8738.258,5.269,,,,,7411.4,4.469,1044.756,0.63,281.477,0.17
09/07/2026,2026-07-09,68,[15:45-16:00[,2026-07-09 14:45,1651.485,17788.032,10.771,8304.634,5.029,,,,,6899.46,4.178,1064.756,0.645,1519.183,0.92
09/07/2026,2026-07-09,69,[16:00-16:15[,2026-07-09 15:00,1640.357,20480.832,12.486,8285.918,5.051,,,,,9840.8,5.999,1065.47,0.65,1288.644,0.786
09/07/2026,2026-07-09,70,[16:15-16:30[,2026-07-09 15:15,1659.438,20132.565,12.132,7962.558,4.798,,,,,10144.8,6.113,1015.906,0.612,1009.301,0.608
09/07/2026,2026-07-09,71,[16:30-16:45[,2026-07-09 15:30,1669.819,23219.234,13.905,7897.776,4.73,,,,,9885,5.92,1075.422,0.644,4361.036,2.612
09/07/2026,2026-07-09,72,[16:45-17:00[,2026-07-09 15:45,1674.685,17690.817,10.564,7830.88,4.676,,,,,9313.2,5.561,1134.994,0.678,-588.257,-0.351
09/07/2026,2026-07-09,73,[17:00-17:15[,2026-07-09 16:00,1664.946,19066.606,11.452,7741.949,4.65,,,,,11106.5,6.671,1180.245,0.709,-962.087,-0.578
09/07/2026,2026-07-09,74,[17:15-17:30[,2026-07-09 16:15,1671.207,18148.278,10.859,7358.752,4.403,,,,,12754.8,7.632,1185.305,0.709,-3150.579,-1.885
09/07/2026,2026-07-09,75,[17:30-17:45[,2026-07-09 16:30,1682.457,15225.424,9.05,6934.215,4.121,,,,,10582.1,6.29,1210.931,0.72,-3501.822,-2.081
09/07/2026,2026-07-09,76,[17:45-18:00[,2026-07-09 16:45,1683.926,14520.58,8.623,6618.93,3.931,,,,,9586.1,5.693,1226.485,0.728,-2910.936,-1.729
09/07/2026,2026-07-09,77,[18:00-18:15[,2026-07-09 17:00,1685.539,29222.63,17.337,6942.876,4.119,9069.93,5.381,,,10979.5,6.514,1204.205,0.714,1026.119,0.609
09/07/2026,2026-07-09,78,[18:15-18:30[,2026-07-09 17:15,1708.224,22167.519,12.977,4836.458,2.831,9069.93,5.31,,,6096.1,3.569,1242.627,0.727,922.403,0.54
09/07/2026,2026-07-09,79,[18:30-18:45[,2026-07-09 17:30,1736.848,17397.232,10.017,1527.41,0.879,9069.93,5.222,,,3439.4,1.98,1280.418,0.737,2080.073,1.198
09/07/2026,2026-07-09,80,[18:45-19:00[,2026-07-09 17:45,1767.344,16466.609,9.317,931.196,0.527,9069.93,5.132,-35.19,-0.02,4129.17,2.336,1310.038,0.741,1061.465,0.601
09/07/2026,2026-07-09,81,[19:00-19:15[,2026-07-09 18:00,1790.014,24439.584,13.653,1221.409,0.682,21263.097,11.879,-27.913,-0.016,3250.845,1.816,1412.525,0.789,-2680.379,-1.497
09/07/2026,2026-07-09,82,[19:15-19:30[,2026-07-09 18:15,1821.08,22133.826,12.154,949.983,0.522,21263.097,11.676,-361.956,-0.199,3171.095,1.741,1435.135,0.788,-4323.528,-2.374
09/07/2026,2026-07-09,83,[19:30-19:45[,2026-07-09 18:30,1845.302,23634.604,12.808,711.196,0.385,21263.097,11.523,,,3115.89,1.689,1494.602,0.81,-2950.181,-1.599
09/07/2026,2026-07-09,84,[19:45-20:00[,2026-07-09 18:45,1858.012,17688.388,9.52,331.189,0.178,21263.097,11.444,1990.474,1.071,3253.687,1.751,1458.227,0.785,-10608.285,-5.709
09/07/2026,2026-07-09,85,[20:00-20:15[,2026-07-09 19:00,1856.771,18818.455,10.135,491.943,0.265,21263.097,11.452,-807.868,-0.435,3208.895,1.728,1431.222,0.771,-6768.835,-3.645
09/07/2026,2026-07-09,86,[20:15-20:30[,2026-07-09 19:15,1849.279,19831.091,10.724,289.265,0.156,21263.097,11.498,-1253.928,-0.678,3439.551,1.86,1361.503,0.736,-5268.397,-2.849
09/07/2026,2026-07-09,87,[20:30-20:45[,2026-07-09 19:30,1838.798,19166.904,10.424,297.5,0.162,21263.097,11.564,-1283.905,-0.698,3439.551,1.871,1385.814,0.754,-5935.153,-3.228
09/07/2026,2026-07-09,88,[20:45-21:00[,2026-07-09 19:45,1829.246,31488.493,17.214,404.358,0.221,21263.097,11.624,-1283.905,-0.702,3324.223,1.817,1457.729,0.797,6322.991,3.457
09/07/2026,2026-07-09,89,[21:00-21:15[,2026-07-09 20:00,1828.509,22550.466,12.333,44.721,0.024,21263.097,11.629,,,3483.2,1.905,1460.811,0.799,-3701.363,-2.024
09/07/2026,2026-07-09,90,[21:15-21:30[,2026-07-09 20:15,1835.263,25563.889,13.929,404.708,0.221,21263.097,11.586,,,3416.6,1.862,1402.762,0.764,-923.278,-0.503
09/07/2026,2026-07-09,91,[21:30-21:45[,2026-07-09 20:30,1818.565,22355.631,12.293,323.333,0.178,21263.097,11.692,,,3416.6,1.879,1409.126,0.775,-4056.525,-2.231
09/07/2026,2026-07-09,92,[21:45-22:00[,2026-07-09 20:45,1787.292,26234.894,14.679,683.296,0.382,21263.097,11.897,,,3178.64,1.778,1421.844,0.796,-311.983,-0.175
09/07/2026,2026-07-09,93,[22:00-22:15[,2026-07-09 21:00,1761.714,24702.447,14.022,646.508,0.367,21263.097,12.07,,,3356.36,1.905,1353.226,0.768,-1916.744,-1.088
09/07/2026,2026-07-09,94,[22:15-22:30[,2026-07-09 21:15,1731.277,25143.277,14.523,903.223,0.522,21263.097,12.282,,,3158.4,1.824,1392.91,0.805,-1574.354,-0.909
09/07/2026,2026-07-09,95,[22:30-22:45[,2026-07-09 21:30,1691.364,22444.168,13.27,918.698,0.543,21263.097,12.572,,,3158.4,1.867,1398.968,0.827,-4294.996,-2.539
09/07/2026,2026-07-09,96,[22:45-23:00[,2026-07-09 21:45,1656.504,24766.211,14.951,757.208,0.457,21263.097,12.836,,,3158.4,1.907,1476.653,0.891,-1889.147,-1.14
10/07/2026,2026-07-10,1,[23:00-23:15[,2026-07-09 22:00,1622.058,12002.716,7.4,379.372,0.234,13139.483,8.101,,,2641.4,1.628,1544.553,0.952,-5702.091,-3.515
10/07/2026,2026-07-10,2,[23:15-23:30[,2026-07-09 22:15,1590.95,4666.438,2.933,379.372,0.238,4989.383,3.136,,,2641.4,1.66,1550.066,0.974,-4893.783,-3.076
10/07/2026,2026-07-10,3,[23:30-23:45[,2026-07-09 22:30,1557.176,945.137,0.607,379.505,0.244,,,,,2641.4,1.696,1528.765,0.982,-3604.533,-2.315
10/07/2026,2026-07-10,4,[23:45-00:00[,2026-07-09 22:45,1520.024,3325.585,2.188,379.505,0.25,,,,,2641.4,1.738,1454.453,0.957,-1149.773,-0.756
10/07/2026,2026-07-10,5,[00:00-00:15[,2026-07-09 23:00,1493.069,-278.075,-0.186,379.505,0.254,,,,,2238,1.499,1453.212,0.973,-4348.791,-2.913
10/07/2026,2026-07-10,6,[00:15-00:30[,2026-07-09 23:15,1470.435,533.413,0.363,386.868,0.263,,,,,2238,1.522,1500.956,1.021,-3592.41,-2.443
10/07/2026,2026-07-10,7,[00:30-00:45[,2026-07-09 23:30,1443.678,-2133.108,-1.478,485.426,0.336,,,,,2238,1.55,1537.783,1.065,-6394.316,-4.429
10/07/2026,2026-07-10,8,[00:45-01:00[,2026-07-09 23:45,1415.482,-328.718,-0.232,567.576,0.401,,,,,2238,1.581,1548.318,1.094,-4682.612,-3.308
10/07/2026,2026-07-10,9,[01:00-01:15[,2026-07-10 00:00,1398.233,11460.238,8.196,379.638,0.272,,,,,9552,6.831,1547.792,1.107,-19.192,-0.014
10/07/2026,2026-07-10,10,[01:15-01:30[,2026-07-10 00:15,1377.277,9832.492,7.139,379.638,0.276,,,,,9552,6.935,1540.465,1.118,-1639.611,-1.19
10/07/2026,2026-07-10,11,[01:30-01:45[,2026-07-10 00:30,1357.921,5249.646,3.866,379.638,0.28,,,,,2069,1.524,1489.522,1.097,1311.486,0.966
10/07/2026,2026-07-10,12,[01:45-02:00[,2026-07-10 00:45,1342.924,5689.785,4.237,379.638,0.283,,,,,2069,1.541,1568.822,1.168,1672.325,1.245
10/07/2026,2026-07-10,13,[02:00-02:15[,2026-07-10 01:00,1329.011,12056.296,9.072,379.505,0.286,,,,,9389.2,7.065,1542.006,1.16,745.585,0.561
10/07/2026,2026-07-10,14,[02:15-02:30[,2026-07-10 01:15,1316.081,12330.704,9.369,379.505,0.288,,,,,9389.2,7.134,1575.722,1.197,986.278,0.749
10/07/2026,2026-07-10,15,[02:30-02:45[,2026-07-10 01:30,1300.367,14178.588,10.904,379.505,0.292,,,,,9389.2,7.22,1492.15,1.147,2917.733,2.244
10/07/2026,2026-07-10,16,[02:45-03:00[,2026-07-10 01:45,1295.248,11626.87,8.977,379.372,0.293,,,,,9389.2,7.249,1548.212,1.195,310.086,0.239
10/07/2026,2026-07-10,17,[03:00-03:15[,2026-07-10 02:00,1283.962,9806.247,7.637,379.372,0.295,,,,,9431,7.345,1530.51,1.192,-1534.635,-1.195
10/07/2026,2026-07-10,18,[03:15-03:30[,2026-07-10 02:15,1276.886,12992.395,10.175,379.239,0.297,,,,,9431,7.386,1581.28,1.238,1600.876,1.254
10/07/2026,2026-07-10,19,[03:30-03:45[,2026-07-10 02:30,1271.913,21789.687,17.131,379.239,0.298,,,,,20249,15.92,1585.061,1.246,-423.613,-0.333
10/07/2026,2026-07-10,20,[03:45-04:00[,2026-07-10 02:45,1263.486,24086.712,19.064,379.105,0.3,,,,,20249,16.026,1540.025,1.219,1918.582,1.518
10/07/2026,2026-07-10,21,[04:00-04:15[,2026-07-10 03:00,1260.77,13099.191,10.39,379.105,0.301,,,,,9546,7.572,1549.313,1.229,1624.773,1.289
10/07/2026,2026-07-10,22,[04:15-04:30[,2026-07-10 03:15,1257.448,11262.971,8.957,378.972,0.301,,,,,9546,7.592,1536.576,1.222,-198.577,-0.158
10/07/2026,2026-07-10,23,[04:30-04:45[,2026-07-10 03:30,1256.83,11486.901,9.14,378.972,0.302,,,,,9546,7.595,1542.558,1.227,19.371,0.015
10/07/2026,2026-07-10,24,[04:45-05:00[,2026-07-10 03:45,1257.545,11098.323,8.825,378.839,0.301,,,,,9546,7.591,1573.629,1.251,-400.145,-0.318
10/07/2026,2026-07-10,25,[05:00-05:15[,2026-07-10 04:00,1267.326,5864.76,4.628,635.751,0.502,,,,,2040,1.61,1510.805,1.192,1678.204,1.324
10/07/2026,2026-07-10,26,[05:15-05:30[,2026-07-10 04:15,1271.332,3027.631,2.381,457.756,0.36,,,,,2040,1.605,1577.201,1.241,-1047.326,-0.824
10/07/2026,2026-07-10,27,[05:30-05:45[,2026-07-10 04:30,1277.883,3674.204,2.875,378.706,0.296,,,,,2040,1.596,1589.581,1.244,-334.082,-0.261
10/07/2026,2026-07-10,28,[05:45-06:00[,2026-07-10 04:45,1294.944,6985.249,5.394,378.706,0.292,,,,,2040,1.575,2461.678,1.901,2104.866,1.625
10/07/2026,2026-07-10,29,[06:00-06:15[,2026-07-10 05:00,1329.257,27752.301,20.878,343.528,0.258,,,,,25657,19.302,2648.412,1.992,-896.639,-0.675
10/07/2026,2026-07-10,30,[06:15-06:30[,2026-07-10 05:15,1344.398,28007.481,20.833,343.528,0.256,,,,,25657,19.084,2570.974,1.912,-564.02,-0.42
10/07/2026,2026-07-10,31,[06:30-06:45[,2026-07-10 05:30,1358.997,7425.206,5.464,343.528,0.253,,,,,2725.6,2.006,2242.388,1.65,2113.691,1.555
10/07/2026,2026-07-10,32,[06:45-07:00[,2026-07-10 05:45,1390.621,4247.004,3.054,529.528,0.381,,,,,2725.6,1.96,2566.586,1.846,-1574.71,-1.132
10/07/2026,2026-07-10,33,[07:00-07:15[,2026-07-10 06:00,1443.304,12654.253,8.768,343.528,0.238,,,,,11401,7.899,2608.569,1.807,-1698.844,-1.177
10/07/2026,2026-07-10,34,[07:15-07:30[,2026-07-10 06:15,1476.177,13103.793,8.877,553.165,0.375,,,,,11435.5,7.747,2528.917,1.713,-1413.788,-0.958
10/07/2026,2026-07-10,35,[07:30-07:45[,2026-07-10 06:30,1513.987,22413.435,14.804,2819.189,1.862,,,,,12123.3,8.008,2649.921,1.75,4821.025,3.184
10/07/2026,2026-07-10,36,[07:45-08:00[,2026-07-10 06:45,1543.83,24516.297,15.88,4570.94,2.961,,,,,12226.8,7.92,2500.809,1.62,5217.748,3.38
10/07/2026,2026-07-10,37,[08:00-08:15[,2026-07-10 07:00,1615.712,10213.476,6.321,2556.863,1.582,,,,,6670.3,4.128,2448.89,1.516,-1462.577,-0.905
10/07/2026,2026-07-10,38,[08:15-08:30[,2026-07-10 07:15,1666.441,11958.867,7.176,3104.342,1.863,,,,,5339.55,3.204,2499.724,1.5,1015.25,0.609
10/07/2026,2026-07-10,39,[08:30-08:45[,2026-07-10 07:30,1686.7,22567.039,13.379,4846.462,2.873,,,,,15905,9.43,2319.778,1.375,-504.201,-0.299
10/07/2026,2026-07-10,40,[08:45-09:00[,2026-07-10 07:45,1710.178,27420.795,16.034,6112.626,3.574,,,,,18164.8,10.622,2487.36,1.454,656.009,0.384
10/07/2026,2026-07-10,41,[09:00-09:15[,2026-07-10 08:00,1736.303,16214.04,9.338,5801.401,3.341,,,,,8850.8,5.097,2338.945,1.347,-777.105,-0.448
10/07/2026,2026-07-10,42,[09:15-09:30[,2026-07-10 08:15,1733.821,16058.737,9.262,5805.74,3.349,,,,,8894.9,5.13,2074.279,1.196,-716.182,-0.413
10/07/2026,2026-07-10,43,[09:30-09:45[,2026-07-10 08:30,1744.554,17628.031,10.105,6571.867,3.767,,,,,8909.6,5.107,2370.253,1.359,-223.69,-0.128
10/07/2026,2026-07-10,44,[09:45-10:00[,2026-07-10 08:45,1743.499,17391.179,9.975,7126.141,4.087,,,,,9496.2,5.447,2320.042,1.331,-1551.204,-0.89
10/07/2026,2026-07-10,45,[10:00-10:15[,2026-07-10 09:00,1732.276,25114.701,14.498,6434.545,3.715,,,,,16415,9.476,2288.577,1.321,-23.422,-0.014
10/07/2026,2026-07-10,46,[10:15-10:30[,2026-07-10 09:15,1736.37,34593.311,19.923,7026.358,4.047,,,,,27832.5,16.029,2334.493,1.344,-2600.04,-1.497
10/07/2026,2026-07-10,47,[10:30-10:45[,2026-07-10 09:30,1726.282,18704.628,10.835,7738.209,4.483,,,,,9793.2,5.673,2190.75,1.269,-1017.531,-0.589
10/07/2026,2026-07-10,48,[10:45-11:00[,2026-07-10 09:45,1724.278,22582.988,13.097,7738.454,4.488,,,,,9807,5.688,2297.138,1.332,2740.395,1.589
10/07/2026,2026-07-10,49,[11:00-11:15[,2026-07-10 10:00,1730.288,19300.491,11.154,7738.819,4.473,,,,,9422.4,5.446,2268.843,1.311,-129.571,-0.075
10/07/2026,2026-07-10,50,[11:15-11:30[,2026-07-10 10:15,1729.94,26184.47,15.136,8207.861,4.745,,,,,9422.4,5.447,2165.802,1.252,6388.407,3.693
10/07/2026,2026-07-10,51,[11:30-11:45[,2026-07-10 10:30,1735.25,28482.205,16.414,8209.105,4.731,,,,,9208.8,5.307,2252.804,1.298,8811.496,5.078
10/07/2026,2026-07-10,52,[11:45-12:00[,2026-07-10 10:45,1725.565,27805.832,16.114,8209.105,4.757,,,,,9222.6,5.345,2137.805,1.239,8236.322,4.773
10/07/2026,2026-07-10,53,[12:00-12:15[,2026-07-10 11:00,1708.99,29074.848,17.013,8209.105,4.803,,,,,9282.5,5.432,2192.838,1.283,9390.405,5.495
10/07/2026,2026-07-10,54,[12:15-12:30[,2026-07-10 11:15,1691.114,25583.233,15.128,8302.855,4.91,,,,,9282.5,5.489,2087.843,1.235,5910.035,3.495
10/07/2026,2026-07-10,55,[12:30-12:45[,2026-07-10 11:30,1645.59,29549.543,17.957,8302.855,5.046,,,,,9282.5,5.641,2114.256,1.285,9849.932,5.986
10/07/2026,2026-07-10,56,[12:45-13:00[,2026-07-10 11:45,1617.95,31111.065,19.229,10669.214,6.594,,,,,10349.4,6.397,2115.094,1.307,7977.358,4.931
10/07/2026,2026-07-10,57,[13:00-13:15[,2026-07-10 12:00,1597.442,30578.29,19.142,10669.491,6.679,,,,,11418.8,7.148,1832.012,1.147,6657.987,4.168
10/07/2026,2026-07-10,58,[13:15-13:30[,2026-07-10 12:15,1595.608,26720.201,16.746,10669.661,6.687,,,,,11418.8,7.156,2006.726,1.258,2625.015,1.645
10/07/2026,2026-07-10,59,[13:30-13:45[,2026-07-10 12:30,1592.921,24710.252,15.513,10669.641,6.698,,,,,12302.6,7.723,1636.845,1.028,101.167,0.064
10/07/2026,2026-07-10,60,[13:45-14:00[,2026-07-10 12:45,1577.497,24642.276,15.621,10669.605,6.764,,,,,12323.9,7.812,1334.692,0.846,314.08,0.199
10/07/2026,2026-07-10,61,[14:00-14:15[,2026-07-10 13:00,1591.698,21047.378,13.223,8302.855,5.216,,,,,10539.5,6.622,1638.667,1.03,566.357,0.356
10/07/2026,2026-07-10,62,[14:15-14:30[,2026-07-10 13:15,1599.61,20987.589,13.12,8302.855,5.191,,,,,10539.5,6.589,2007.708,1.255,137.526,0.086
10/07/2026,2026-07-10,63,[14:30-14:45[,2026-07-10 13:30,1591.466,20279.562,12.743,8302.855,5.217,,,,,10539.5,6.623,1842.812,1.158,-405.605,-0.255
10/07/2026,2026-07-10,64,[14:45-15:00[,2026-07-10 13:45,1582.595,17797.64,11.246,8255.98,5.217,,,,,10539.5,6.66,1820.627,1.15,-2818.467,-1.781
10/07/2026,2026-07-10,65,[15:00-15:15[,2026-07-10 14:00,1573.903,19389.204,12.319,8302.855,5.275,,,,,10671.9,6.781,1733.591,1.101,-1319.142,-0.838
10/07/2026,2026-07-10,66,[15:15-15:30[,2026-07-10 14:15,1578.757,17445.354,11.05,8209.105,5.2,,,,,10671.9,6.76,1971.852,1.249,-3407.503,-2.158
10/07/2026,2026-07-10,67,[15:30-15:45[,2026-07-10 14:30,1580.632,19634.416,12.422,8207.685,5.193,,,,,10658.1,6.743,1846.114,1.168,-1077.482,-0.682
10/07/2026,2026-07-10,68,[15:45-16:00[,2026-07-10 14:45,1576.197,18616.499,11.811,7927.268,5.029,,,,,10658.1,6.762,1557.468,0.988,-1526.336,-0.968
10/07/2026,2026-07-10,69,[16:00-16:15[,2026-07-10 15:00,1575.267,21399.244,13.585,7786.643,4.943,,,,,11451.47,7.27,1895.785,1.203,265.346,0.168
10/07/2026,2026-07-10,70,[16:15-16:30[,2026-07-10 15:15,1579.9,19720.431,12.482,7729.708,4.893,,,,,11489.43,7.272,1861.53,1.178,-1360.236,-0.861
10/07/2026,2026-07-10,71,[16:30-16:45[,2026-07-10 15:30,1588.788,20844.954,13.12,7183.295,4.521,,,,,10117.4,6.368,1918.601,1.208,1625.658,1.023
10/07/2026,2026-07-10,72,[16:45-17:00[,2026-07-10 15:45,1596.677,20684.989,12.955,7166.411,4.488,,,,,10095.2,6.323,1888.601,1.183,1534.777,0.961
10/07/2026,2026-07-10,73,[17:00-17:15[,2026-07-10 16:00,1589.427,33925.164,21.344,6916.162,4.351,,,,,25268.65,15.898,1862.825,1.172,-122.474,-0.077
10/07/2026,2026-07-10,74,[17:15-17:30[,2026-07-10 16:15,1603.108,33833.425,21.105,6918.551,4.316,,,,,25291.13,15.776,2024.676,1.263,-400.932,-0.25
10/07/2026,2026-07-10,75,[17:30-17:45[,2026-07-10 16:30,1607.029,34515.084,21.478,6238.116,3.882,,,334.145,0.208,26772.56,16.66,2049.63,1.275,-879.368,-0.547
10/07/2026,2026-07-10,76,[17:45-18:00[,2026-07-10 16:45,1607.182,37607.817,23.4,5541.838,3.448,,,,,27266.88,16.966,1557.166,0.969,3241.934,2.017
10/07/2026,2026-07-10,77,[18:00-18:15[,2026-07-10 17:00,1629.566,39024.312,23.948,6628.528,4.068,,,,,26002.3,15.957,2113.086,1.297,4280.397,2.627
10/07/2026,2026-07-10,78,[18:15-18:30[,2026-07-10 17:15,1641.931,32685.473,19.907,5966.914,3.634,,,,,26668.3,16.242,1914.627,1.166,-1864.368,-1.135
10/07/2026,2026-07-10,79,[18:30-18:45[,2026-07-10 17:30,1655.793,25111.635,15.166,4443.58,2.684,,,,,17066.8,10.307,1202.21,0.726,2399.046,1.449
10/07/2026,2026-07-10,80,[18:45-19:00[,2026-07-10 17:45,1689.529,20667.153,12.232,649.398,0.384,,,,,17053.6,10.094,1224.007,0.724,1740.149,1.03
10/07/2026,2026-07-10,81,[19:00-19:15[,2026-07-10 18:00,1713.376,21968.126,12.822,2574.346,1.502,,,,,10890,6.356,1359.581,0.794,7144.199,4.17
10/07/2026,2026-07-10,82,[19:15-19:30[,2026-07-10 18:15,1743.465,4583.232,2.629,455.515,0.261,,,,,2427.6,1.392,1383.748,0.794,316.369,0.181
10/07/2026,2026-07-10,83,[19:30-19:45[,2026-07-10 18:30,1766.392,9430.379,5.339,343.528,0.194,10686.827,6.05,,,2427.6,1.374,1365.242,0.773,-5392.817,-3.053
10/07/2026,2026-07-10,84,[19:45-20:00[,2026-07-10 18:45,1785.789,15079.281,8.444,343.528,0.192,10686.827,5.984,,,2427.6,1.359,1367.215,0.766,254.112,0.142
10/07/2026,2026-07-10,85,[20:00-20:15[,2026-07-10 19:00,1793.153,14721.672,8.21,343.528,0.192,10686.827,5.96,,,2568,1.432,1353.721,0.755,-230.403,-0.128
10/07/2026,2026-07-10,86,[20:15-20:30[,2026-07-10 19:15,1789.225,14088.115,7.874,343.528,0.192,10686.827,5.973,18.59,0.01,2568,1.435,1435.251,0.802,-964.08,-0.539
10/07/2026,2026-07-10,87,[20:30-20:45[,2026-07-10 19:30,1780.379,10315.14,5.794,343.528,0.193,10686.827,6.003,,,2568,1.442,1429.438,0.803,-4712.652,-2.647
10/07/2026,2026-07-10,88,[20:45-21:00[,2026-07-10 19:45,1772.194,11171.733,6.304,343.661,0.194,10686.827,6.03,,,2568,1.449,1387.881,0.783,-3814.636,-2.152
10/07/2026,2026-07-10,89,[21:00-21:15[,2026-07-10 20:00,1773.655,19473.384,10.979,378.706,0.214,10686.827,6.025,,,11519.2,6.495,1443.967,0.814,-4555.315,-2.568
10/07/2026,2026-07-10,90,[21:15-21:30[,2026-07-10 20:15,1775.62,20080.871,11.309,378.706,0.213,10686.827,6.019,,,11519.2,6.487,1443.786,0.813,-3947.647,-2.223
10/07/2026,2026-07-10,91,[21:30-21:45[,2026-07-10 20:30,1760.937,10486.571,5.955,378.706,0.215,10686.827,6.069,,,2883.4,1.637,1440.987,0.818,-4903.349,-2.785
10/07/2026,2026-07-10,92,[21:45-22:00[,2026-07-10 20:45,1730.975,12681.679,7.326,378.706,0.219,10686.827,6.174,,,2883.4,1.666,1373.471,0.793,-2640.725,-1.526
10/07/2026,2026-07-10,93,[22:00-22:15[,2026-07-10 21:00,1707.046,9498.136,5.564,378.706,0.222,10686.827,6.26,,,3046.4,1.785,1440.828,0.844,-6054.624,-3.547
10/07/2026,2026-07-10,94,[22:15-22:30[,2026-07-10 21:15,1680.085,9238.389,5.499,378.706,0.225,10686.827,6.361,,,3046.4,1.813,1445.669,0.86,-6319.213,-3.761
10/07/2026,2026-07-10,95,[22:30-22:45[,2026-07-10 21:30,1649.681,8411.442,5.099,378.706,0.23,10686.827,6.478,,,2967.2,1.799,1443.14,0.875,-7064.43,-4.282
10/07/2026,2026-07-10,96,[22:45-23:00[,2026-07-10 21:45,1616.179,10738.552,6.644,378.706,0.234,10686.827,6.612,,,2967.2,1.836,1389.6,0.86,-4683.78,-2.898
11/07/2026,2026-07-11,1,[23:00-23:15[,2026-07-10 22:00,1601.061,1495.048,0.934,514.467,0.321,,,,,2409.28,1.505,1988.2,1.242,-3416.899,-2.134
11/07/2026,2026-07-11,2,[23:15-23:30[,2026-07-10 22:15,1565.567,5485.762,3.504,514.617,0.329,,,,,2362.4,1.509,2212.901,1.413,395.844,0.253
11/07/2026,2026-07-11,3,[23:30-23:45[,2026-07-10 22:30,1531.27,5480.447,3.579,514.617,0.336,,,,,2362.4,1.543,2226.044,1.454,377.385,0.246
11/07/2026,2026-07-11,4,[23:45-00:00[,2026-07-10 22:45,1488.78,5228.394,3.512,514.767,0.346,,,,,2362.4,1.587,1907.813,1.281,443.414,0.298
11/07/2026,2026-07-11,5,[00:00-00:15[,2026-07-10 23:00,1467.315,2397.48,1.634,514.917,0.351,,,,,2288.5,1.56,2208.991,1.505,-2614.927,-1.782
11/07/2026,2026-07-11,6,[00:15-00:30[,2026-07-10 23:15,1444.84,6810.979,4.714,515.066,0.356,,,,,2288.5,1.584,2201.216,1.524,1806.197,1.25
11/07/2026,2026-07-11,7,[00:30-00:45[,2026-07-10 23:30,1425.354,4757.222,3.338,620.866,0.436,,,,,2288.5,1.606,2247.927,1.577,-400.07,-0.281
11/07/2026,2026-07-11,8,[00:45-01:00[,2026-07-10 23:45,1403.925,8144.246,5.801,729.903,0.52,,,,,2288.5,1.63,2251.148,1.603,2874.694,2.048
11/07/2026,2026-07-11,9,[01:00-01:15[,2026-07-11 00:00,1376.258,-1395.428,-1.014,715.178,0.52,,,,,2024.3,1.471,2006.103,1.458,-6141.009,-4.462
11/07/2026,2026-07-11,10,[01:15-01:30[,2026-07-11 00:15,1362.924,2723.197,1.998,791.278,0.581,,,,,2024.3,1.485,2138.941,1.569,-2231.322,-1.637
11/07/2026,2026-07-11,11,[01:30-01:45[,2026-07-11 00:30,1343.931,2161.241,1.608,799.178,0.595,,,,,2024.3,1.506,2157.348,1.605,-2819.584,-2.098
11/07/2026,2026-07-11,12,[01:45-02:00[,2026-07-11 00:45,1316.443,4067.022,3.089,809.253,0.615,,,,,2024.3,1.538,1959.588,1.489,-726.118,-0.552
11/07/2026,2026-07-11,13,[02:00-02:15[,2026-07-11 01:00,1306.714,3271.393,2.504,730.203,0.559,,,,,1821.4,1.394,2215,1.695,-1495.209,-1.144
11/07/2026,2026-07-11,14,[02:15-02:30[,2026-07-11 01:15,1292.701,4641.916,3.591,692.853,0.536,,,,,1821.4,1.409,2187.698,1.692,-60.035,-0.046
11/07/2026,2026-07-11,15,[02:30-02:45[,2026-07-11 01:30,1280.116,3844.252,3.003,729.903,0.57,,,,,1821.4,1.423,2170.026,1.695,-877.077,-0.685
11/07/2026,2026-07-11,16,[02:45-03:00[,2026-07-11 01:45,1273.816,5942.076,4.665,791.128,0.621,,,,,1821.4,1.43,2214.365,1.738,1115.183,0.875
11/07/2026,2026-07-11,17,[03:00-03:15[,2026-07-11 02:00,1267.845,2011.603,1.587,523.616,0.413,,,,,1810.3,1.428,2132.185,1.682,-2454.498,-1.936
11/07/2026,2026-07-11,18,[03:15-03:30[,2026-07-11 02:15,1261.878,4130.14,3.273,523.616,0.415,,,,,1810.3,1.435,2267.452,1.797,-471.228,-0.373
11/07/2026,2026-07-11,19,[03:30-03:45[,2026-07-11 02:30,1244.189,3086.121,2.48,523.766,0.421,,,,,1810.3,1.455,2180.838,1.753,-1428.783,-1.148
11/07/2026,2026-07-11,20,[03:45-04:00[,2026-07-11 02:45,1234.03,3034.244,2.459,557.628,0.452,,,,,1810.3,1.467,2023.978,1.64,-1357.662,-1.1
11/07/2026,2026-07-11,21,[04:00-04:15[,2026-07-11 03:00,1234.44,6650.263,5.387,636.115,0.515,,,,,1832.5,1.484,2147.389,1.74,2034.259,1.648
11/07/2026,2026-07-11,22,[04:15-04:30[,2026-07-11 03:15,1217.995,4727.336,3.881,673.465,0.553,,,,,1832.5,1.505,1777.973,1.46,443.398,0.364
11/07/2026,2026-07-11,23,[04:30-04:45[,2026-07-11 03:30,1223.217,5178.01,4.233,673.465,0.551,,,,,1832.5,1.498,2002.013,1.637,670.033,0.548
11/07/2026,2026-07-11,24,[04:45-05:00[,2026-07-11 03:45,1220.825,4741.841,3.884,570.778,0.468,,,,,1832.5,1.501,2082.421,1.706,256.142,0.21
11/07/2026,2026-07-11,25,[05:00-05:15[,2026-07-11 04:00,1216.357,3415.388,2.808,568.465,0.467,,,,,1836.2,1.51,1972.278,1.621,-961.555,-0.791
11/07/2026,2026-07-11,26,[05:15-05:30[,2026-07-11 04:15,1222.883,5431.824,4.442,568.764,0.465,,,,,1836.2,1.502,2212.4,1.809,814.46,0.666
11/07/2026,2026-07-11,27,[05:30-05:45[,2026-07-11 04:30,1218.46,6544.815,5.371,569.064,0.467,,,,,1867.66,1.533,2067.342,1.697,2040.749,1.675
11/07/2026,2026-07-11,28,[05:45-06:00[,2026-07-11 04:45,1209.565,4844.293,4.005,569.464,0.471,,,,,1836.2,1.518,2015.768,1.667,422.861,0.35
11/07/2026,2026-07-11,29,[06:00-06:15[,2026-07-11 05:00,1215.778,5570.431,4.582,330.063,0.271,,,,,2211.7,1.819,2156.123,1.773,872.545,0.718
11/07/2026,2026-07-11,30,[06:15-06:30[,2026-07-11 05:15,1204.641,4544.231,3.772,330.048,0.274,,,,,2211.7,1.836,1994.161,1.655,8.323,0.007
11/07/2026,2026-07-11,31,[06:30-06:45[,2026-07-11 05:30,1211.635,3261.255,2.692,363.909,0.3,,,,,2211.7,1.825,2176.746,1.797,-1491.1,-1.231
11/07/2026,2026-07-11,32,[06:45-07:00[,2026-07-11 05:45,1211.963,8103.451,6.686,2872.043,2.37,,,,,2211.7,1.825,2051.269,1.693,968.439,0.799
11/07/2026,2026-07-11,33,[07:00-07:15[,2026-07-11 06:00,1231.579,3160.546,2.566,576.898,0.468,,,,,2354.35,1.912,1932.982,1.57,-1703.684,-1.383
11/07/2026,2026-07-11,34,[07:15-07:30[,2026-07-11 06:15,1247.484,7697.946,6.171,4224.403,3.386,,,,,2354.35,1.887,2044.187,1.639,-924.994,-0.741
11/07/2026,2026-07-11,35,[07:30-07:45[,2026-07-11 06:30,1249.267,14497.359,11.605,5027.91,4.025,,,,,5535.2,4.431,1962.116,1.571,1972.133,1.579
11/07/2026,2026-07-11,36,[07:45-08:00[,2026-07-11 06:45,1263.7,13897.03,10.997,7130.162,5.642,,,,,6778.4,5.364,1940.183,1.535,-1951.715,-1.544
11/07/2026,2026-07-11,37,[08:00-08:15[,2026-07-11 07:00,1287.206,13767.69,10.696,5879.788,4.568,,,,,6156,4.782,1974.674,1.534,-242.772,-0.189
11/07/2026,2026-07-11,38,[08:15-08:30[,2026-07-11 07:15,1306.639,12988.389,9.94,7137.29,5.462,,,,,6697.5,5.126,1839.309,1.408,-2685.709,-2.055
11/07/2026,2026-07-11,39,[08:30-08:45[,2026-07-11 07:30,1329.394,14815.124,11.144,8563.823,6.442,,,,,6738.9,5.069,2048.828,1.541,-2536.427,-1.908
11/07/2026,2026-07-11,40,[08:45-09:00[,2026-07-11 07:45,1345.099,21805.154,16.211,13840.599,10.29,,,,,6946.38,5.164,1973.566,1.467,-955.391,-0.71
11/07/2026,2026-07-11,41,[09:00-09:15[,2026-07-11 08:00,1360.859,22326.353,16.406,11041.578,8.114,,,,,11108.2,8.163,1804.719,1.326,-1628.143,-1.196
11/07/2026,2026-07-11,42,[09:15-09:30[,2026-07-11 08:15,1372.519,26613.317,19.39,13821.15,10.07,,,,,10870.3,7.92,1940.271,1.414,-18.405,-0.013
11/07/2026,2026-07-11,43,[09:30-09:45[,2026-07-11 08:30,1379.923,26682.698,19.336,13685.173,9.917,,,,,10894,7.895,1873.349,1.358,230.177,0.167
11/07/2026,2026-07-11,44,[09:45-10:00[,2026-07-11 08:45,1381.923,25653.446,18.564,14690.328,10.63,,,,,9078,6.569,1805.638,1.307,79.481,0.058
11/07/2026,2026-07-11,45,[10:00-10:15[,2026-07-11 09:00,1390.401,25661.327,18.456,14778.561,10.629,,,,,9131.1,6.567,1902.937,1.369,-151.271,-0.109
11/07/2026,2026-07-11,46,[10:15-10:30[,2026-07-11 09:15,1386.443,25659.809,18.508,14815.951,10.686,,,,,9237,6.662,1575.367,1.136,31.491,0.023
11/07/2026,2026-07-11,47,[10:30-10:45[,2026-07-11 09:30,1387.061,25516.571,18.396,14933.665,10.766,,,,,9202.2,6.634,1717.018,1.238,-336.311,-0.242
11/07/2026,2026-07-11,48,[10:45-11:00[,2026-07-11 09:45,1392.697,25200.112,18.094,14980.753,10.757,,,,,9225.9,6.624,1704.037,1.224,-710.579,-0.51
11/07/2026,2026-07-11,49,[11:00-11:15[,2026-07-11 10:00,1395.769,25666.272,18.389,15163.181,10.864,,,,,9523.8,6.823,1476.52,1.058,-497.228,-0.356
11/07/2026,2026-07-11,50,[11:15-11:30[,2026-07-11 10:15,1404.459,25729.586,18.32,15196.774,10.82,,,,,9035.1,6.433,1598.936,1.138,-101.224,-0.072
11/07/2026,2026-07-11,51,[11:30-11:45[,2026-07-11 10:30,1402.368,25865.147,18.444,15208.048,10.845,,,,,9319.5,6.646,1492.139,1.064,-154.54,-0.11
11/07/2026,2026-07-11,52,[11:45-12:00[,2026-07-11 10:45,1404.678,25561.881,18.198,15218.523,10.834,,,,,9343.2,6.651,1387.634,0.988,-387.476,-0.276
11/07/2026,2026-07-11,53,[12:00-12:15[,2026-07-11 11:00,1410.602,25113.108,17.803,15237.141,10.802,,,,,8446.6,5.988,1537.259,1.09,-107.891,-0.076
11/07/2026,2026-07-11,54,[12:15-12:30[,2026-07-11 11:15,1406.753,24572.754,17.468,15247.809,10.839,,,,,8446.6,6.004,1378.316,0.98,-499.971,-0.355
11/07/2026,2026-07-11,55,[12:30-12:45[,2026-07-11 11:30,1410.991,24987.77,17.709,15263.306,10.817,,,,,8446.6,5.986,1479.432,1.049,-201.568,-0.143
11/07/2026,2026-07-11,56,[12:45-13:00[,2026-07-11 11:45,1399.119,24863.356,17.771,15268.04,10.913,,,,,8446.6,6.037,1479.87,1.058,-331.154,-0.237
11/07/2026,2026-07-11,57,[13:00-13:15[,2026-07-11 12:00,1376.996,23106.289,16.78,15267.789,11.088,,,,,7657.8,5.561,1262.94,0.917,-1082.24,-0.786
11/07/2026,2026-07-11,58,[13:15-13:30[,2026-07-11 12:15,1364.675,23133.263,16.951,15267.498,11.188,,,,,7660.77,5.614,1453.649,1.065,-1248.653,-0.915
11/07/2026,2026-07-11,59,[13:30-13:45[,2026-07-11 12:30,1336.352,23840.333,17.84,15266.713,11.424,,,,,7391.97,5.531,1346.356,1.007,-164.706,-0.123
11/07/2026,2026-07-11,60,[13:45-14:00[,2026-07-11 12:45,1329.423,24223.458,18.221,15266.849,11.484,,,,,7393.78,5.562,1452.044,1.092,110.785,0.083
11/07/2026,2026-07-11,61,[14:00-14:15[,2026-07-11 13:00,1324.673,24192.332,18.263,15266.798,11.525,,,,,7387.82,5.577,1438.54,1.086,99.174,0.075
11/07/2026,2026-07-11,62,[14:15-14:30[,2026-07-11 13:15,1305.367,23766.303,18.207,15267.312,11.696,,,,,7378.88,5.653,952.035,0.729,168.077,0.129
11/07/2026,2026-07-11,63,[14:30-14:45[,2026-07-11 13:30,1314.147,24479.885,18.628,15258.766,11.611,,,,,7702.96,5.862,1450.478,1.104,67.681,0.052
11/07/2026,2026-07-11,64,[14:45-15:00[,2026-07-11 13:45,1312.985,24459.535,18.629,15238.806,11.606,,,,,7727.97,5.886,1476.897,1.125,15.862,0.012
11/07/2026,2026-07-11,65,[15:00-15:15[,2026-07-11 14:00,1300.504,24188.526,18.599,15215.149,11.699,,,,,7607.06,5.849,1179.478,0.907,186.839,0.144
11/07/2026,2026-07-11,66,[15:15-15:30[,2026-07-11 14:15,1305.853,24174.455,18.512,15162.077,11.611,,,,,7578.72,5.804,1477.078,1.131,-43.421,-0.033
11/07/2026,2026-07-11,67,[15:30-15:45[,2026-07-11 14:30,1302.708,17487.008,13.424,15163.808,11.64,,,,,7572.78,5.813,1506.951,1.157,-6756.531,-5.187
11/07/2026,2026-07-11,68,[15:45-16:00[,2026-07-11 14:45,1298.196,24395.393,18.792,15123.729,11.65,,,,,7591.76,5.848,1347.886,1.038,332.019,0.256
11/07/2026,2026-07-11,69,[16:00-16:15[,2026-07-11 15:00,1300.242,25056.382,19.271,14944.994,11.494,,,,,8609.1,6.621,1487.287,1.144,15.001,0.012
11/07/2026,2026-07-11,70,[16:15-16:30[,2026-07-11 15:15,1295.167,20871.601,16.115,14797.812,11.425,,,,,8609.1,6.647,1436.998,1.11,-3972.308,-3.067
11/07/2026,2026-07-11,71,[16:30-16:45[,2026-07-11 15:30,1308.004,21056.782,16.098,14485.878,11.075,,,,,8869.8,6.781,1531.404,1.171,-3830.3,-2.928
11/07/2026,2026-07-11,72,[16:45-17:00[,2026-07-11 15:45,1316.206,23985.075,18.223,14033.341,10.662,,,,,8869.8,6.739,1559.704,1.185,-477.77,-0.363
11/07/2026,2026-07-11,73,[17:00-17:15[,2026-07-11 16:00,1317.124,28154.11,21.375,13110.899,9.954,,,,,10709.2,8.131,1417.575,1.076,2916.436,2.214
11/07/2026,2026-07-11,74,[17:15-17:30[,2026-07-11 16:15,1331.919,22346.528,16.778,11439.226,8.589,,,,,10709.2,8.04,1671.202,1.255,-1473.1,-1.106
11/07/2026,2026-07-11,75,[17:30-17:45[,2026-07-11 16:30,1346.285,24925.187,18.514,10283.14,7.638,,,,,10974.3,8.152,1687.626,1.254,1980.121,1.471
11/07/2026,2026-07-11,76,[17:45-18:00[,2026-07-11 16:45,1360.066,20908.131,15.373,9633.612,7.083,,,,,10703.4,7.87,1707.091,1.255,-1135.972,-0.835
11/07/2026,2026-07-11,77,[18:00-18:15[,2026-07-11 17:00,1385.732,24497.413,17.678,10792.77,7.788,,,,,12805.2,9.241,1853.084,1.337,-953.642,-0.688
11/07/2026,2026-07-11,78,[18:15-18:30[,2026-07-11 17:15,1396.227,21740.538,15.571,7539.758,5.4,,,,,12743.6,9.127,1697.809,1.216,-240.628,-0.172
11/07/2026,2026-07-11,79,[18:30-18:45[,2026-07-11 17:30,1429.667,16526.657,11.56,6809.662,4.763,,,,,7087.5,4.957,1940.251,1.357,689.244,0.482
11/07/2026,2026-07-11,80,[18:45-19:00[,2026-07-11 17:45,1451.476,9902.618,6.822,5021.935,3.46,,,,,5607,3.863,1757.237,1.211,-2483.554,-1.711
11/07/2026,2026-07-11,81,[19:00-19:15[,2026-07-11 18:00,1464.912,8925.287,6.093,6134.649,4.188,,,,,5191.4,3.544,1069.721,0.73,-3470.483,-2.369
11/07/2026,2026-07-11,82,[19:15-19:30[,2026-07-11 18:15,1490.894,6586.63,4.418,3905.797,2.62,,,,,2112,1.417,1014.373,0.68,-445.54,-0.299
11/07/2026,2026-07-11,83,[19:30-19:45[,2026-07-11 18:30,1514.4,5048.641,3.334,665.286,0.439,,,,,2112,1.395,978.35,0.646,1293.005,0.854
11/07/2026,2026-07-11,84,[19:45-20:00[,2026-07-11 18:45,1531.714,3813.822,2.49,336.024,0.219,,,,,1953.6,1.275,1003.043,0.655,521.156,0.34
11/07/2026,2026-07-11,85,[20:00-20:15[,2026-07-11 19:00,1544.142,2303.182,1.492,326.456,0.211,,,,,2237.6,1.449,1007.394,0.652,-1268.268,-0.821
11/07/2026,2026-07-11,86,[20:15-20:30[,2026-07-11 19:15,1548.566,2176.125,1.405,326.78,0.211,,,,,2237.6,1.445,978.354,0.632,-1366.61,-0.883
11/07/2026,2026-07-11,87,[20:30-20:45[,2026-07-11 19:30,1546.408,2538.825,1.642,326.78,0.211,,,,,2237.6,1.447,936.83,0.606,-962.384,-0.622
11/07/2026,2026-07-11,88,[20:45-21:00[,2026-07-11 19:45,1538.474,2939.516,1.911,326.855,0.212,,,,,2237.6,1.454,1011.481,0.657,-636.421,-0.414
11/07/2026,2026-07-11,89,[21:00-21:15[,2026-07-11 20:00,1538.781,2819.729,1.832,525.302,0.341,,,,,2604,1.692,1001.686,0.651,-1311.26,-0.852
11/07/2026,2026-07-11,90,[21:15-21:30[,2026-07-11 20:15,1547.907,-718.442,-0.464,525.302,0.339,,,,,2604,1.682,989.228,0.639,-4836.972,-3.125
11/07/2026,2026-07-11,91,[21:30-21:45[,2026-07-11 20:30,1544.872,-1933.095,-1.251,525.302,0.34,,,,,2604,1.686,1002.575,0.649,-6064.972,-3.926
11/07/2026,2026-07-11,92,[21:45-22:00[,2026-07-11 20:45,1520.17,2634.083,1.733,525.452,0.346,,,,,2604,1.713,902.975,0.594,-1398.344,-0.92
11/07/2026,2026-07-11,93,[22:00-22:15[,2026-07-11 21:00,1501.051,2573.506,1.714,524.452,0.349,,,,,2812,1.873,872.953,0.582,-1635.9,-1.09
11/07/2026,2026-07-11,94,[22:15-22:30[,2026-07-11 21:15,1474.985,7463.625,5.06,653.727,0.443,,,,,2812,1.906,844.172,0.572,3153.725,2.138
11/07/2026,2026-07-11,95,[22:30-22:45[,2026-07-11 21:30,1461.704,5916.975,4.048,662.64,0.453,,,,,2812,1.924,1706.614,1.168,735.722,0.503
11/07/2026,2026-07-11,96,[22:45-23:00[,2026-07-11 21:45,1436.203,8689.701,6.05,819.506,0.571,,,,,2812,1.958,1880.138,1.309,3178.057,2.213
12/07/2026,2026-07-12,1,[23:00-23:15[,2026-07-11 22:00,1416.415,4656.538,3.288,2091.65,1.477,,,,,2066.56,1.459,1896.622,1.339,-1398.294,-0.987
12/07/2026,2026-07-12,2,[23:15-23:30[,2026-07-11 22:15,1385.511,5242.947,3.784,2111.413,1.524,,,,,2055.08,1.483,1728.703,1.248,-652.248,-0.471
12/07/2026,2026-07-12,3,[23:30-23:45[,2026-07-11 22:30,1365.63,6138.841,4.495,2159.463,1.581,,,,,2032.12,1.488,1889.076,1.383,58.182,0.043
12/07/2026,2026-07-12,4,[23:45-00:00[,2026-07-11 22:45,1340.583,7583.147,5.657,4974.338,3.711,,,,,1884.25,1.406,1883.485,1.405,-1158.926,-0.864
12/07/2026,2026-07-12,5,[00:00-00:15[,2026-07-11 23:00,1321.142,5208.812,3.943,4527.145,3.427,,,,,1767.25,1.338,1831.979,1.387,-2917.562,-2.208
12/07/2026,2026-07-12,6,[00:15-00:30[,2026-07-11 23:15,1307.596,7580.857,5.798,4544.068,3.475,,,,,1767.25,1.352,1902.468,1.455,-632.929,-0.484
12/07/2026,2026-07-12,7,[00:30-00:45[,2026-07-11 23:30,1286.925,7304.887,5.676,4895.588,3.804,,,,,1767.25,1.373,1741.191,1.353,-1099.142,-0.854
12/07/2026,2026-07-12,8,[00:45-01:00[,2026-07-11 23:45,1273.18,6661.33,5.232,5341.864,4.196,,,,,1767.25,1.388,1899.342,1.492,-2347.125,-1.844
12/07/2026,2026-07-12,9,[01:00-01:15[,2026-07-12 00:00,1256.446,8962.815,7.133,5194.83,4.135,,,,,1591.75,1.267,1893.227,1.507,283.008,0.225
12/07/2026,2026-07-12,10,[01:15-01:30[,2026-07-12 00:15,1234.016,8482.414,6.874,5339.042,4.327,,,,,1591.75,1.29,1786.802,1.448,-235.179,-0.191
12/07/2026,2026-07-12,11,[01:30-01:45[,2026-07-12 00:30,1222.408,9522.809,7.79,5448.728,4.457,,,,,1591.75,1.302,1889.229,1.545,593.103,0.485
12/07/2026,2026-07-12,12,[01:45-02:00[,2026-07-12 00:45,1201.79,9930.587,8.263,5528.088,4.6,,,,,1591.75,1.324,1812.915,1.509,997.834,0.83
12/07/2026,2026-07-12,13,[02:00-02:15[,2026-07-12 01:00,1198.115,4845.339,4.044,3859.473,3.221,,,,,1559.25,1.301,1885.409,1.574,-2458.792,-2.052
12/07/2026,2026-07-12,14,[02:15-02:30[,2026-07-12 01:15,1175.763,8038.988,6.837,4376.213,3.722,,,,,1559.25,1.326,1647.894,1.402,455.631,0.388
12/07/2026,2026-07-12,15,[02:30-02:45[,2026-07-12 01:30,1169.938,8611.229,7.36,4527.482,3.87,,,,,1559.25,1.333,1789.245,1.529,735.252,0.628
12/07/2026,2026-07-12,16,[02:45-03:00[,2026-07-12 01:45,1161.495,6786.217,5.843,4544.5,3.913,,,,,1559.25,1.342,1883.137,1.621,-1200.67,-1.034
12/07/2026,2026-07-12,17,[03:00-03:15[,2026-07-12 02:00,1158.016,7566.012,6.534,5324.603,4.598,,,,,1559.25,1.346,1844.637,1.593,-1162.479,-1.004
12/07/2026,2026-07-12,18,[03:15-03:30[,2026-07-12 02:15,1144.879,8069.096,7.048,5396.642,4.714,,,,,1559.25,1.362,1815.918,1.586,-702.713,-0.614
12/07/2026,2026-07-12,19,[03:30-03:45[,2026-07-12 02:30,1141.803,7670.769,6.718,5396.642,4.726,,,,,1559.25,1.366,1846.896,1.618,-1132.018,-0.991
12/07/2026,2026-07-12,20,[03:45-04:00[,2026-07-12 02:45,1131.998,7852.679,6.937,5393.8,4.765,,,,,1559.25,1.377,1776.918,1.57,-877.289,-0.775
12/07/2026,2026-07-12,21,[04:00-04:15[,2026-07-12 03:00,1133.54,7797.215,6.879,5456.018,4.813,,,,,1559.25,1.376,1840.16,1.623,-1058.212,-0.934
12/07/2026,2026-07-12,22,[04:15-04:30[,2026-07-12 03:15,1127.324,9237.712,8.194,5443.618,4.829,,,,,1559.25,1.383,1847.162,1.639,387.683,0.344
12/07/2026,2026-07-12,23,[04:30-04:45[,2026-07-12 03:30,1119.575,8417.504,7.518,5433.779,4.853,,,,,1559.25,1.393,1783.112,1.593,-358.638,-0.32
12/07/2026,2026-07-12,24,[04:45-05:00[,2026-07-12 03:45,1118.319,5836.552,5.219,5416.452,4.843,,,,,1559.25,1.394,1841.285,1.646,-2980.435,-2.665
12/07/2026,2026-07-12,25,[05:00-05:15[,2026-07-12 04:00,1120.454,8983.398,8.018,5377.003,4.799,,,,,1747.3,1.559,1808.577,1.614,50.518,0.045
12/07/2026,2026-07-12,26,[05:15-05:30[,2026-07-12 04:15,1122.445,8848.684,7.883,5351.415,4.768,,,,,1747.3,1.557,1838.522,1.638,-88.552,-0.079
12/07/2026,2026-07-12,27,[05:30-05:45[,2026-07-12 04:30,1122.049,8640.191,7.7,5199.765,4.634,,,,,1747.3,1.557,1836.717,1.637,-143.591,-0.128
12/07/2026,2026-07-12,28,[05:45-06:00[,2026-07-12 04:45,1108.49,8243.513,7.437,5199.765,4.691,,,,,1747.3,1.576,1729.567,1.56,-433.12,-0.391
12/07/2026,2026-07-12,29,[06:00-06:15[,2026-07-12 05:00,1112.362,9268.12,8.332,5376.23,4.833,,,,,2025.8,1.821,1849.126,1.662,16.964,0.015
12/07/2026,2026-07-12,30,[06:15-06:30[,2026-07-12 05:15,1093.229,10070.493,9.212,5530.533,5.059,,,,,2025.8,1.853,1619.662,1.482,894.499,0.818
12/07/2026,2026-07-12,31,[06:30-06:45[,2026-07-12 05:30,1102.276,8054.615,7.307,5911.034,5.363,,,,,2025.8,1.838,1813.245,1.645,-1695.464,-1.538
12/07/2026,2026-07-12,32,[06:45-07:00[,2026-07-12 05:45,1106.089,11962.164,10.815,7463.285,6.747,,,,,2025.8,1.831,1807.142,1.634,665.937,0.602
12/07/2026,2026-07-12,33,[07:00-07:15[,2026-07-12 06:00,1108.184,10303.403,9.298,7063.658,6.374,,,,,2109.8,1.904,1468.976,1.326,-339.03,-0.306
12/07/2026,2026-07-12,34,[07:15-07:30[,2026-07-12 06:15,1122.187,12133.881,10.813,8860.15,7.895,,,,,2109.8,1.88,1769.191,1.577,-605.26,-0.539
12/07/2026,2026-07-12,35,[07:30-07:45[,2026-07-12 06:30,1129.432,18786.996,16.634,11249.398,9.96,,,,,9735.2,8.62,1757.037,1.556,-3954.638,-3.501
12/07/2026,2026-07-12,36,[07:45-08:00[,2026-07-12 06:45,1134.86,23490.215,20.699,13103.63,11.546,,,,,7095.6,6.252,1659.245,1.462,1631.741,1.438
12/07/2026,2026-07-12,37,[08:00-08:15[,2026-07-12 07:00,1161.02,21430.013,18.458,14000.818,12.059,,,,,7367.04,6.345,1727.145,1.488,-1664.99,-1.434
12/07/2026,2026-07-12,38,[08:15-08:30[,2026-07-12 07:15,1177.209,23600.589,20.048,16154.045,13.722,,,,,6891.6,5.854,1625.626,1.381,-1070.682,-0.91
12/07/2026,2026-07-12,39,[08:30-08:45[,2026-07-12 07:30,1193.427,21556.417,18.063,16133.253,13.518,,,,,6895.8,5.778,1712.756,1.435,-3185.391,-2.669
12/07/2026,2026-07-12,40,[08:45-09:00[,2026-07-12 07:45,1203.888,20738.843,17.227,16175.937,13.436,,,,,6883.2,5.717,1682.201,1.397,-4002.495,-3.325
12/07/2026,2026-07-12,41,[09:00-09:15[,2026-07-12 08:00,1212.798,22606.083,18.64,16165.147,13.329,,,,,7333.5,6.047,1320.342,1.089,-2212.906,-1.825
12/07/2026,2026-07-12,42,[09:15-09:30[,2026-07-12 08:15,1221.747,23472.591,19.212,16162.797,13.229,,,,,7384.5,6.044,1514.591,1.24,-1589.297,-1.301
12/07/2026,2026-07-12,43,[09:30-09:45[,2026-07-12 08:30,1232.329,25123.584,20.387,16182.638,13.132,,,,,7410,6.013,1480.804,1.202,50.142,0.041
12/07/2026,2026-07-12,44,[09:45-10:00[,2026-07-12 08:45,1237.278,24896.85,20.122,16190.019,13.085,,,,,7412.1,5.991,1345.319,1.087,-50.588,-0.041
12/07/2026,2026-07-12,45,[10:00-10:15[,2026-07-12 09:00,1266.904,19327.513,15.256,16303.764,12.869,,,,,7435.5,5.869,1335.707,1.054,-5747.458,-4.537
12/07/2026,2026-07-12,46,[10:15-10:30[,2026-07-12 09:15,1271.323,17761.288,13.971,16314.999,12.833,,,,,7422.9,5.839,1209.59,0.951,-7186.201,-5.653
12/07/2026,2026-07-12,47,[10:30-10:45[,2026-07-12 09:30,1283.777,20889.511,16.272,16453.258,12.816,,,,,7484.4,5.83,1279.614,0.997,-4327.76,-3.371
12/07/2026,2026-07-12,48,[10:45-11:00[,2026-07-12 09:45,1304.193,19603.573,15.031,16495.277,12.648,,,,,7471.8,5.729,1415.503,1.085,-5779.007,-4.431
12/07/2026,2026-07-12,49,[11:00-11:15[,2026-07-12 10:00,1311.389,25023.699,19.082,16317.249,12.443,,,,,7970,6.078,1235.133,0.942,-498.682,-0.38
12/07/2026,2026-07-12,50,[11:15-11:30[,2026-07-12 10:15,1326.544,24118.11,18.181,16319.255,12.302,,,,,7429.8,5.601,1398.238,1.054,-1029.183,-0.776
12/07/2026,2026-07-12,51,[11:30-11:45[,2026-07-12 10:30,1323.915,24899.875,18.808,16323.266,12.33,,,,,7734,5.842,1362.959,1.029,-520.35,-0.393
12/07/2026,2026-07-12,52,[11:45-12:00[,2026-07-12 10:45,1323.246,24829.899,18.764,16336.427,12.346,,,,,7744.69,5.853,1314.965,0.994,-566.182,-0.428
12/07/2026,2026-07-12,53,[12:00-12:15[,2026-07-12 11:00,1330.461,24524.148,18.433,16345.165,12.285,,,,,6877.5,5.169,1361.324,1.023,-59.841,-0.045
12/07/2026,2026-07-12,54,[12:15-12:30[,2026-07-12 11:15,1320.731,24014.75,18.183,16354.571,12.383,,,,,6885.09,5.213,1137.748,0.861,-362.659,-0.275
12/07/2026,2026-07-12,55,[12:30-12:45[,2026-07-12 11:30,1319.826,24481.686,18.549,16368.285,12.402,,,,,6908.09,5.234,1346.658,1.02,-141.347,-0.107
12/07/2026,2026-07-12,56,[12:45-13:00[,2026-07-12 11:45,1311.428,24846.032,18.946,16416.829,12.518,,,,,6910.36,5.269,1389.775,1.06,129.068,0.098
12/07/2026,2026-07-12,57,[13:00-13:15[,2026-07-12 12:00,1291.906,24466.936,18.939,16436.465,12.723,,,,,6948.5,5.378,1130.628,0.875,-48.657,-0.038
12/07/2026,2026-07-12,58,[13:15-13:30[,2026-07-12 12:15,1277.819,24622.873,19.269,16435.784,12.862,,,,,6950.6,5.439,1262.707,0.988,-26.219,-0.021
12/07/2026,2026-07-12,59,[13:30-13:45[,2026-07-12 12:30,1256.315,24373.491,19.401,16453.599,13.097,,,,,6674.6,5.313,1150.627,0.916,94.666,0.075
12/07/2026,2026-07-12,60,[13:45-14:00[,2026-07-12 12:45,1236.279,24474.369,19.797,16463.256,13.317,,,,,6674.6,5.399,1283.374,1.038,53.139,0.043
12/07/2026,2026-07-12,61,[14:00-14:15[,2026-07-12 13:00,1218.121,24601.724,20.196,16427.068,13.486,,,,,7013.3,5.757,1359.423,1.116,-198.066,-0.163
12/07/2026,2026-07-12,62,[14:15-14:30[,2026-07-12 13:15,1199.305,24696.857,20.593,16421.543,13.693,,,,,7013.3,5.848,1136.802,0.948,125.213,0.104
12/07/2026,2026-07-12,63,[14:30-14:45[,2026-07-12 13:30,1191.278,24746.607,20.773,16423.285,13.786,,,,,7036.3,5.907,1239.762,1.041,47.26,0.04
12/07/2026,2026-07-12,64,[14:45-15:00[,2026-07-12 13:45,1174.85,25265.433,21.505,16426.845,13.982,,,,,7036.3,5.989,1250.672,1.065,551.616,0.47
12/07/2026,2026-07-12,65,[15:00-15:15[,2026-07-12 14:00,1177.954,24903.311,21.141,16397.689,13.92,,,,,6971.5,5.918,1271.544,1.079,262.579,0.223
12/07/2026,2026-07-12,66,[15:15-15:30[,2026-07-12 14:15,1175.966,24841.735,21.125,16396.107,13.943,,,,,6971.5,5.928,1302.156,1.107,171.972,0.146
12/07/2026,2026-07-12,67,[15:30-15:45[,2026-07-12 14:30,1159.776,24706.316,21.303,16372.342,14.117,,,,,6948.5,5.991,1206.894,1.041,178.579,0.154
12/07/2026,2026-07-12,68,[15:45-16:00[,2026-07-12 14:45,1158.392,24965.733,21.552,16369.136,14.131,,,,,6946.4,5.997,1352.125,1.167,298.072,0.257
12/07/2026,2026-07-12,69,[16:00-16:15[,2026-07-12 15:00,1161.046,25341.138,21.826,16369.543,14.099,,,,,7391.1,6.366,1337.693,1.152,242.803,0.209
12/07/2026,2026-07-12,70,[16:15-16:30[,2026-07-12 15:15,1153.791,23078.822,20.003,16369.623,14.188,,,,,7391.1,6.406,1109.337,0.961,-1791.238,-1.552
12/07/2026,2026-07-12,71,[16:30-16:45[,2026-07-12 15:30,1165.725,22500.216,19.301,16369.309,14.042,,,,,7403.7,6.351,1330.839,1.142,-2603.632,-2.233
12/07/2026,2026-07-12,72,[16:45-17:00[,2026-07-12 15:45,1177.035,23210.135,19.719,16338.877,13.881,,,,,7403.7,6.29,1218.985,1.036,-1751.428,-1.488
12/07/2026,2026-07-12,73,[17:00-17:15[,2026-07-12 16:00,1193.695,21522.69,18.03,16339.073,13.688,,,,,8403.2,7.04,1375.094,1.152,-4594.677,-3.849
12/07/2026,2026-07-12,74,[17:15-17:30[,2026-07-12 16:15,1215.467,22506.666,18.517,16247.769,13.368,,,,,9531.9,7.842,1436.883,1.182,-4709.886,-3.875
12/07/2026,2026-07-12,75,[17:30-17:45[,2026-07-12 16:30,1226.766,27214.216,22.184,16171.802,13.182,,,,,9761.5,7.957,1286.326,1.049,-5.411,-0.004
12/07/2026,2026-07-12,76,[17:45-18:00[,2026-07-12 16:45,1248.512,25460.505,20.393,14987.85,12.005,,,,,9853.35,7.892,1479.582,1.185,-860.278,-0.689
12/07/2026,2026-07-12,77,[18:00-18:15[,2026-07-12 17:00,1282.775,25406.57,19.806,13249.838,10.329,,,,,12778.8,9.962,1587.121,1.237,-2209.189,-1.722
12/07/2026,2026-07-12,78,[18:15-18:30[,2026-07-12 17:15,1303.888,27360.212,20.984,11244.648,8.624,,,,,14280,10.952,1526.27,1.171,309.294,0.237
12/07/2026,2026-07-12,79,[18:30-18:45[,2026-07-12 17:30,1336.11,23565.397,17.637,9696.199,7.257,,,,,14898.8,11.151,1655.811,1.239,-2685.413,-2.01
12/07/2026,2026-07-12,80,[18:45-19:00[,2026-07-12 17:45,1346.51,25704.54,19.09,8824.498,6.554,,,,,14898.8,11.065,840.563,0.624,1140.679,0.847
12/07/2026,2026-07-12,81,[19:00-19:15[,2026-07-12 18:00,1380.548,23463.733,16.996,8729.066,6.323,,,,,12471.2,9.034,687.088,0.498,1576.379,1.142
12/07/2026,2026-07-12,82,[19:15-19:30[,2026-07-12 18:15,1410.493,5372.704,3.809,5539.775,3.928,,,,,1938.8,1.375,605.25,0.429,-2711.121,-1.922
12/07/2026,2026-07-12,83,[19:30-19:45[,2026-07-12 18:30,1433.967,2282.772,1.592,4694.975,3.274,,,,,1860.2,1.297,613.512,0.428,-4885.915,-3.407
12/07/2026,2026-07-12,84,[19:45-20:00[,2026-07-12 18:45,1459.094,1011.65,0.693,1792.213,1.228,,,,,1852.2,1.269,591.911,0.406,-3224.673,-2.21
12/07/2026,2026-07-12,85,[20:00-20:15[,2026-07-12 19:00,1484.82,3768.587,2.538,1949.488,1.313,,,,,2280.9,1.536,631.727,0.425,-1093.527,-0.736
12/07/2026,2026-07-12,86,[20:15-20:30[,2026-07-12 19:15,1494.869,4475.59,2.994,1763.388,1.18,,,,,2280.9,1.526,614.372,0.411,-183.069,-0.122
12/07/2026,2026-07-12,87,[20:30-20:45[,2026-07-12 19:30,1497.64,5542.111,3.701,1726.025,1.152,,,,,2280.9,1.523,683.151,0.456,852.036,0.569
12/07/2026,2026-07-12,88,[20:45-21:00[,2026-07-12 19:45,1502.83,5009.885,3.334,1769.938,1.178,,,,,2280.9,1.518,655.796,0.436,303.251,0.202
12/07/2026,2026-07-12,89,[21:00-21:15[,2026-07-12 20:00,1509.501,6132.13,4.062,1726.913,1.144,,,,,2498,1.655,628.649,0.416,1278.568,0.847
12/07/2026,2026-07-12,90,[21:15-21:30[,2026-07-12 20:15,1529.054,5969.837,3.904,1710.638,1.119,,,,,2498,1.634,642.858,0.42,1118.341,0.731
12/07/2026,2026-07-12,91,[21:30-21:45[,2026-07-12 20:30,1527.865,3363.486,2.201,1594.388,1.044,,,,,2498,1.635,686.716,0.449,-1415.618,-0.927
12/07/2026,2026-07-12,92,[21:45-22:00[,2026-07-12 20:45,1513.109,6353.888,4.199,1726.525,1.141,,,,,2498,1.651,637.704,0.421,1491.659,0.986
12/07/2026,2026-07-12,93,[22:00-22:15[,2026-07-12 21:00,1505.986,7195.336,4.778,1749.388,1.162,,,,,2719.2,1.806,615.6,0.409,2111.148,1.402
12/07/2026,2026-07-12,94,[22:15-22:30[,2026-07-12 21:15,1489.021,5286.914,3.551,1788.138,1.201,,,,,2719.2,1.826,655.086,0.44,124.491,0.084
12/07/2026,2026-07-12,95,[22:30-22:45[,2026-07-12 21:30,1461.224,6003.531,4.109,1887.725,1.292,,,,,3344.4,2.289,552.876,0.378,218.53,0.15
12/07/2026,2026-07-12,96,[22:45-23:00[,2026-07-12 21:45,1435.519,5433.298,3.785,2117.125,1.475,,,,,3344.4,2.33,591.145,0.412,-619.372,-0.431
13/07/2026,2026-07-13,1,[23:00-23:15[,2026-07-12 22:00,1405.462,6668.717,4.745,603.945,0.43,,,,,2300.8,1.637,529.589,0.377,3234.382,2.301
13/07/2026,2026-07-13,2,[23:15-23:30[,2026-07-12 22:15,1376.916,3489.57,2.534,627.754,0.456,,,,,2300.8,1.671,559.069,0.406,1.946,0.001
13/07/2026,2026-07-13,3,[23:30-23:45[,2026-07-12 22:30,1349.055,3769.807,2.794,708.741,0.525,,,,,1906.76,1.413,647.791,0.48,506.515,0.375
13/07/2026,2026-07-13,4,[23:45-00:00[,2026-07-12 22:45,1324.43,2868.265,2.166,1102.939,0.833,,,,,1570.25,1.186,675.963,0.51,-480.887,-0.363
13/07/2026,2026-07-13,5,[00:00-00:15[,2026-07-12 23:00,1308.856,2005.179,1.532,709.137,0.542,,,,,1345,1.028,877.985,0.671,-926.943,-0.708
13/07/2026,2026-07-13,6,[00:15-00:30[,2026-07-12 23:15,1293.284,2234.787,1.728,709.299,0.548,,,,,1345,1.04,929.212,0.718,-748.723,-0.579
13/07/2026,2026-07-13,7,[00:30-00:45[,2026-07-12 23:30,1277.347,2609.402,2.043,709.522,0.555,,,,,1345,1.053,945.212,0.74,-390.331,-0.306
13/07/2026,2026-07-13,8,[00:45-01:00[,2026-07-12 23:45,1255.912,3311.325,2.637,709.633,0.565,,,,,1345,1.071,972.418,0.774,284.274,0.226
13/07/2026,2026-07-13,9,[01:00-01:15[,2026-07-13 00:00,1237.06,-1263.433,-1.021,522.1,0.422,,,,,1471.4,1.189,795.599,0.643,-4052.532,-3.276
13/07/2026,2026-07-13,10,[01:15-01:30[,2026-07-13 00:15,1221.835,-1098.67,-0.899,522.1,0.427,,,,,1471.4,1.204,890.558,0.729,-3982.728,-3.26
13/07/2026,2026-07-13,11,[01:30-01:45[,2026-07-13 00:30,1204.569,-78.494,-0.065,522.1,0.433,,,,,1471.4,1.222,956.546,0.794,-3028.54,-2.514
13/07/2026,2026-07-13,12,[01:45-02:00[,2026-07-13 00:45,1187.921,227.664,0.192,548.924,0.462,,,,,1471.4,1.239,885.383,0.745,-2678.042,-2.254
13/07/2026,2026-07-13,13,[02:00-02:15[,2026-07-13 01:00,1181.644,-471.276,-0.399,522.1,0.442,,,,,1480.4,1.253,754.978,0.639,-3228.754,-2.732
13/07/2026,2026-07-13,14,[02:15-02:30[,2026-07-13 01:15,1173.727,79.974,0.068,522.1,0.445,,,,,1480.4,1.261,813.534,0.693,-2736.06,-2.331
13/07/2026,2026-07-13,15,[02:30-02:45[,2026-07-13 01:30,1161.667,-480.425,-0.414,522.1,0.449,,,,,1480.4,1.274,815.069,0.702,-3297.994,-2.839
13/07/2026,2026-07-13,16,[02:45-03:00[,2026-07-13 01:45,1153.522,2830.569,2.454,521.95,0.452,,,,,1480.4,1.283,809.011,0.701,19.208,0.017
13/07/2026,2026-07-13,17,[03:00-03:15[,2026-07-13 02:00,1151.928,227.56,0.198,559.426,0.486,,,,,1462.7,1.27,887.939,0.771,-2682.505,-2.329
13/07/2026,2026-07-13,18,[03:15-03:30[,2026-07-13 02:15,1146.321,3227.061,2.815,588.34,0.513,,,,,1462.7,1.276,881.471,0.769,294.55,0.257
13/07/2026,2026-07-13,19,[03:30-03:45[,2026-07-13 02:30,1141.615,4489.624,3.933,522.1,0.457,,,,,1462.7,1.281,869.889,0.762,1634.935,1.432
13/07/2026,2026-07-13,20,[03:45-04:00[,2026-07-13 02:45,1136.002,-158.378,-0.139,522.1,0.46,,,,,1462.7,1.288,871.245,0.767,-3014.423,-2.654
13/07/2026,2026-07-13,21,[04:00-04:15[,2026-07-13 03:00,1137.539,478.709,0.421,603.945,0.531,,,,,1504,1.322,866.353,0.762,-2495.589,-2.194
13/07/2026,2026-07-13,22,[04:15-04:30[,2026-07-13 03:15,1138.472,2413.063,2.12,548.924,0.482,,,,,1504,1.321,823.283,0.723,-463.144,-0.407
13/07/2026,2026-07-13,23,[04:30-04:45[,2026-07-13 03:30,1136.596,4103.51,3.61,522.1,0.459,,,,,1504,1.323,821.771,0.723,1255.639,1.105
13/07/2026,2026-07-13,24,[04:45-05:00[,2026-07-13 03:45,1137.83,1993.807,1.752,522.1,0.459,,,,,1504,1.322,887.23,0.78,-919.523,-0.808
13/07/2026,2026-07-13,25,[05:00-05:15[,2026-07-13 04:00,1152.339,2142.235,1.859,616.284,0.535,,,,,1250,1.085,901.049,0.782,-625.097,-0.542
13/07/2026,2026-07-13,26,[05:15-05:30[,2026-07-13 04:15,1161.717,1131.457,0.974,529.45,0.456,,,,,1250,1.076,902.618,0.777,-1550.611,-1.335
13/07/2026,2026-07-13,27,[05:30-05:45[,2026-07-13 04:30,1169.032,-1140.695,-0.976,529.45,0.453,,,,,1250,1.069,899.533,0.769,-3819.677,-3.267
13/07/2026,2026-07-13,28,[05:45-06:00[,2026-07-13 04:45,1178.847,1498.183,1.271,529.45,0.449,,,,,1250,1.06,899.282,0.763,-1180.549,-1.001
13/07/2026,2026-07-13,29,[06:00-06:15[,2026-07-13 05:00,1217.765,579,0.475,529.6,0.435,,,,,1894.7,1.556,888.995,0.73,-2734.294,-2.245
13/07/2026,2026-07-13,30,[06:15-06:30[,2026-07-13 05:15,1232.859,2653.483,2.152,396.7,0.322,,,,,1345,1.091,889.832,0.722,21.952,0.018
13/07/2026,2026-07-13,31,[06:30-06:45[,2026-07-13 05:30,1273.714,-0.841,-0.001,371.55,0.292,,,,,1345,1.056,1758.188,1.38,-3475.578,-2.729
13/07/2026,2026-07-13,32,[06:45-07:00[,2026-07-13 05:45,1303.901,-531.482,-0.408,371.05,0.285,,,,,1345,1.032,1958.134,1.502,-4205.666,-3.225
13/07/2026,2026-07-13,33,[07:00-07:15[,2026-07-13 06:00,1360.687,1324.708,0.974,392.861,0.289,,,,,1782.7,1.31,1978.174,1.454,-2829.026,-2.079
13/07/2026,2026-07-13,34,[07:15-07:30[,2026-07-13 06:15,1386.488,3202.867,2.31,386.628,0.279,,,,,1782.7,1.286,1382.59,0.997,-349.051,-0.252
13/07/2026,2026-07-13,35,[07:30-07:45[,2026-07-13 06:30,1435.204,3174.811,2.212,465.865,0.325,,,,,1785.45,1.244,2017.054,1.405,-1093.558,-0.762
13/07/2026,2026-07-13,36,[07:45-08:00[,2026-07-13 06:45,1477.055,12746.263,8.63,2027.396,1.373,,,,,2197.5,1.488,2012.949,1.363,6508.418,4.406
13/07/2026,2026-07-13,37,[08:00-08:15[,2026-07-13 07:00,1544.585,485.27,0.314,590.775,0.382,,,,,2201.8,1.425,1844.666,1.194,-4151.971,-2.688
13/07/2026,2026-07-13,38,[08:15-08:30[,2026-07-13 07:15,1594.178,5536.694,3.473,3231.974,2.027,,,,,1887,1.184,1655.447,1.038,-1237.727,-0.776
13/07/2026,2026-07-13,39,[08:30-08:45[,2026-07-13 07:30,1629.718,15253.554,9.36,5641.051,3.461,,,,,4804.8,2.948,1629.491,1,3178.212,1.95
13/07/2026,2026-07-13,40,[08:45-09:00[,2026-07-13 07:45,1638.384,14350.207,8.759,7208.042,4.399,,,,,6806.8,4.155,1161.859,0.709,-826.493,-0.504
13/07/2026,2026-07-13,41,[09:00-09:15[,2026-07-13 08:00,1668.903,8947.374,5.361,4835.021,2.897,,,,,4848,2.905,1614.174,0.967,-2349.822,-1.408
13/07/2026,2026-07-13,42,[09:15-09:30[,2026-07-13 08:15,1685.212,13764.802,8.168,6348.264,3.767,,,,,7150.8,4.243,1655.207,0.982,-1389.469,-0.825
13/07/2026,2026-07-13,43,[09:30-09:45[,2026-07-13 08:30,1684.592,14694.395,8.723,7100.411,4.215,,,,,7453.8,4.425,1451.786,0.862,-1311.602,-0.779
13/07/2026,2026-07-13,44,[09:45-10:00[,2026-07-13 08:45,1684.372,17572.022,10.432,7683.056,4.561,,,,,8241.6,4.893,1647.951,0.978,-0.585,0
13/07/2026,2026-07-13,45,[10:00-10:15[,2026-07-13 09:00,1669.256,14730.952,8.825,6685.539,4.005,,,,,7368.8,4.414,1520.274,0.911,-843.661,-0.505
13/07/2026,2026-07-13,46,[10:15-10:30[,2026-07-13 09:15,1694.923,16193.732,9.554,7166.682,4.228,,,,,7731.2,4.561,1579.892,0.932,-284.041,-0.168
13/07/2026,2026-07-13,47,[10:30-10:45[,2026-07-13 09:30,1696.582,17747.803,10.461,8038.188,4.738,,,,,8837.85,5.209,1528.099,0.901,-656.333,-0.387
13/07/2026,2026-07-13,48,[10:45-11:00[,2026-07-13 09:45,1689.79,17160.43,10.155,8047.563,4.762,,,,,9112.84,5.393,1410.235,0.835,-1410.208,-0.835
13/07/2026,2026-07-13,49,[11:00-11:15[,2026-07-13 10:00,1703.568,21981.597,12.903,8123.5,4.769,,,,,12134.7,7.123,1621.841,0.952,101.556,0.06
13/07/2026,2026-07-13,50,[11:15-11:30[,2026-07-13 10:15,1707.907,18876.359,11.052,8224.85,4.816,,,,,12212.1,7.15,1621.561,0.949,-3182.152,-1.863
13/07/2026,2026-07-13,51,[11:30-11:45[,2026-07-13 10:30,1711.357,23113.044,13.506,8493.046,4.963,,,,,12919,7.549,1476.909,0.863,224.089,0.131
13/07/2026,2026-07-13,52,[11:45-12:00[,2026-07-13 10:45,1712.253,23395.026,13.663,8493.275,4.96,,,,,12944,7.56,1501.404,0.877,456.347,0.267
13/07/2026,2026-07-13,53,[12:00-12:15[,2026-07-13 11:00,1687.927,16333.104,9.676,8493.376,5.032,,,,,9461.8,5.606,1450.212,0.859,-3072.284,-1.82
13/07/2026,2026-07-13,54,[12:15-12:30[,2026-07-13 11:15,1685.279,16373.724,9.716,8493.207,5.04,,,,,9568.2,5.678,1527.002,0.906,-3214.685,-1.908
13/07/2026,2026-07-13,55,[12:30-12:45[,2026-07-13 11:30,1649.852,19285.565,11.689,8532.466,5.172,,,,,9473,5.742,1537.737,0.932,-257.638,-0.156
13/07/2026,2026-07-13,56,[12:45-13:00[,2026-07-13 11:45,1624.821,18614.579,11.456,8731.446,5.374,,,,,9703.2,5.972,1208.112,0.744,-1028.179,-0.633
13/07/2026,2026-07-13,57,[13:00-13:15[,2026-07-13 12:00,1637.123,19643.162,11.999,9281.33,5.669,,,,,9440.9,5.767,1610.428,0.984,-689.496,-0.421
13/07/2026,2026-07-13,58,[13:15-13:30[,2026-07-13 12:15,1629.573,19746.264,12.117,9462.224,5.807,,,,,9382.1,5.757,1562.888,0.959,-660.948,-0.406
13/07/2026,2026-07-13,59,[13:30-13:45[,2026-07-13 12:30,1633.824,20084.574,12.293,8954.512,5.481,,,,,9552.9,5.847,1526.904,0.935,50.257,0.031
13/07/2026,2026-07-13,60,[13:45-14:00[,2026-07-13 12:45,1629.65,19951.597,12.243,8860.363,5.437,,,,,9504,5.832,1520.329,0.933,66.905,0.041
13/07/2026,2026-07-13,61,[14:00-14:15[,2026-07-13 13:00,1624.261,19730.608,12.147,8993.808,5.537,,,,,8551.14,5.265,1360.888,0.838,824.772,0.508
13/07/2026,2026-07-13,62,[14:15-14:30[,2026-07-13 13:15,1631.214,19307.608,11.836,8267.063,5.068,,,,,8173.37,5.011,1081.786,0.663,1785.39,1.095
13/07/2026,2026-07-13,63,[14:30-14:45[,2026-07-13 13:30,1629.846,17559.61,10.774,8225.813,5.047,,,624.88,0.383,8140.45,4.995,1173.03,0.72,-604.563,-0.371
13/07/2026,2026-07-13,64,[14:45-15:00[,2026-07-13 13:45,1613.337,17358.289,10.759,7948.188,4.927,,,,,8365.35,5.185,1023.14,0.634,21.612,0.013
13/07/2026,2026-07-13,65,[15:00-15:15[,2026-07-13 14:00,1618.08,19917.487,12.309,8109.438,5.012,,,,,9549.8,5.902,1422.432,0.879,835.818,0.517
13/07/2026,2026-07-13,66,[15:15-15:30[,2026-07-13 14:15,1616.645,17938.854,11.096,7899.346,4.886,,,,,9311.9,5.76,1232.828,0.763,-505.219,-0.313
13/07/2026,2026-07-13,67,[15:30-15:45[,2026-07-13 14:30,1618.006,18808.211,11.624,7872.317,4.865,,,,,9500.7,5.872,1334.675,0.825,100.519,0.062
13/07/2026,2026-07-13,68,[15:45-16:00[,2026-07-13 14:45,1609.826,16179.909,10.051,7627.249,4.738,,,,,9093.5,5.649,1100.637,0.684,-1641.478,-1.02
13/07/2026,2026-07-13,69,[16:00-16:15[,2026-07-13 15:00,1584.596,14834.001,9.361,7216.318,4.554,,,,,7808,4.927,415.725,0.262,-606.042,-0.382
13/07/2026,2026-07-13,70,[16:15-16:30[,2026-07-13 15:15,1585.613,14015.553,8.839,7068.284,4.458,,,,,7564,4.77,318.831,0.201,-935.561,-0.59
13/07/2026,2026-07-13,71,[16:30-16:45[,2026-07-13 15:30,1599.445,15473.899,9.675,7069.929,4.42,,,,,7712.8,4.822,330.269,0.206,360.901,0.226
13/07/2026,2026-07-13,72,[16:45-17:00[,2026-07-13 15:45,1605.866,16802.759,10.463,6669.167,4.153,,,,,7588.4,4.725,356.596,0.222,2188.596,1.363
13/07/2026,2026-07-13,73,[17:00-17:15[,2026-07-13 16:00,1591.933,12775.268,8.025,6622.998,4.16,,,,,7795.8,4.897,241.735,0.152,-1885.265,-1.184
13/07/2026,2026-07-13,74,[17:15-17:30[,2026-07-13 16:15,1587.212,12590.12,7.932,7103.123,4.475,,,,,7604.1,4.791,297.288,0.187,-2414.39,-1.521
13/07/2026,2026-07-13,75,[17:30-17:45[,2026-07-13 16:30,1585.949,12369.122,7.799,6622.968,4.176,,,,,6709.5,4.231,327.538,0.207,-1290.883,-0.814
13/07/2026,2026-07-13,76,[17:45-18:00[,2026-07-13 16:45,1596.639,13198.908,8.267,5784.046,3.623,,,,,6965.1,4.362,611.41,0.383,-161.648,-0.101
13/07/2026,2026-07-13,77,[18:00-18:15[,2026-07-13 17:00,1600.439,14011.655,8.755,6749.656,4.217,,,,,6655.4,4.158,633.494,0.396,-26.895,-0.017
13/07/2026,2026-07-13,78,[18:15-18:30[,2026-07-13 17:15,1628.994,5819.354,3.572,3913.598,2.402,,,,,2612.4,1.604,713.852,0.438,-1420.496,-0.872
13/07/2026,2026-07-13,79,[18:30-18:45[,2026-07-13 17:30,1659.949,-214.504,-0.129,580.865,0.35,,,,,2142,1.29,753.237,0.454,-3690.606,-2.223
13/07/2026,2026-07-13,80,[18:45-19:00[,2026-07-13 17:45,1689.119,8556.746,5.066,383.903,0.227,9841.012,5.826,,,2142,1.268,724.957,0.429,-4535.124,-2.685
13/07/2026,2026-07-13,81,[19:00-19:15[,2026-07-13 18:00,1711.618,36931.348,21.577,3119.15,1.822,33897.512,19.804,,,1345,0.786,683.767,0.399,-2114.08,-1.235
13/07/2026,2026-07-13,82,[19:15-19:30[,2026-07-13 18:15,1744.622,22945.249,13.152,367.15,0.21,33897.512,19.43,,,1556.5,0.892,730.099,0.418,-13606.011,-7.799
13/07/2026,2026-07-13,83,[19:30-19:45[,2026-07-13 18:30,1775.776,33115.176,18.648,367.15,0.207,33897.512,19.089,,,1556.5,0.877,861.05,0.485,-3567.035,-2.009
13/07/2026,2026-07-13,84,[19:45-20:00[,2026-07-13 18:45,1794.604,17774.737,9.905,368.05,0.205,33897.512,18.889,,,1556.5,0.867,844.026,0.47,-18891.351,-10.527
13/07/2026,2026-07-13,85,[20:00-20:15[,2026-07-13 19:00,1801.42,19818.076,11.001,369.6,0.205,33897.512,18.817,,,2526.35,1.402,860.322,0.478,-17835.708,-9.901
13/07/2026,2026-07-13,86,[20:15-20:30[,2026-07-13 19:15,1795.333,22395.085,12.474,371.1,0.207,33897.512,18.881,-1792.406,-0.998,2526.35,1.407,817.74,0.455,-13425.21,-7.478
13/07/2026,2026-07-13,87,[20:30-20:45[,2026-07-13 19:30,1783.144,17019.584,9.545,372.15,0.209,33897.512,19.01,-1792.406,-1.005,2526.35,1.417,827.483,0.464,-18811.505,-10.55
13/07/2026,2026-07-13,88,[20:45-21:00[,2026-07-13 19:45,1778.247,18581.41,10.449,397.25,0.223,33897.512,19.062,-1792.406,-1.008,2526.35,1.421,882.594,0.496,-17329.89,-9.745
13/07/2026,2026-07-13,89,[21:00-21:15[,2026-07-13 20:00,1781.694,8929.458,5.012,530.75,0.298,33897.512,19.025,,,2744.6,1.54,923.287,0.518,-29166.691,-16.37
13/07/2026,2026-07-13,90,[21:15-21:30[,2026-07-13 20:15,1792.648,8422.862,4.699,531.15,0.296,33897.512,18.909,,,2744.6,1.531,864.125,0.482,-29614.525,-16.52
13/07/2026,2026-07-13,91,[21:30-21:45[,2026-07-13 20:30,1779.566,7046.854,3.96,531.15,0.298,33897.512,19.048,,,2744.6,1.542,944.514,0.531,-31070.921,-17.46
13/07/2026,2026-07-13,92,[21:45-22:00[,2026-07-13 20:45,1752.039,15727.156,8.976,531.15,0.303,33897.512,19.347,,,2744.6,1.567,950.946,0.543,-22397.051,-12.783
13/07/2026,2026-07-13,93,[22:00-22:15[,2026-07-13 21:00,1718.503,20155.611,11.729,560.75,0.326,33897.512,19.725,,,2892.4,1.683,908.419,0.529,-18103.469,-10.534
13/07/2026,2026-07-13,94,[22:15-22:30[,2026-07-13 21:15,1690.354,20257.643,11.984,560.75,0.332,33897.512,20.053,,,2892.4,1.711,907.409,0.537,-18000.428,-10.649
13/07/2026,2026-07-13,95,[22:30-22:45[,2026-07-13 21:30,1655.987,19403.16,11.717,560.6,0.339,33897.512,20.47,,,2892.4,1.747,947.73,0.572,-18895.082,-11.41
13/07/2026,2026-07-13,96,[22:45-23:00[,2026-07-13 21:45,1617.367,20992.215,12.979,560.6,0.347,33897.512,20.958,,,2892.4,1.788,941.298,0.582,-17299.595,-10.696
14/07/2026,2026-07-14,1,[23:00-23:15[,2026-07-13 22:00,1576.988,75202.491,47.687,1194.1,0.757,83401.162,52.886,,,1180,0.748,1457.705,0.924,-12030.476,-7.629
14/07/2026,2026-07-14,2,[23:15-23:30[,2026-07-13 22:15,1539.715,6870.34,4.462,1182.875,0.768,13035.853,8.466,,,1180,0.766,1377.057,0.894,-9905.444,-6.433
14/07/2026,2026-07-14,3,[23:30-23:45[,2026-07-13 22:30,1501.196,10295.864,6.858,1168.75,0.779,21707.21,14.46,,,1321.2,0.88,1443.419,0.962,-15344.715,-10.222
14/07/2026,2026-07-14,4,[23:45-00:00[,2026-07-13 22:45,1470.241,10971.635,7.462,1167.525,0.794,16785.853,11.417,,,1321.2,0.899,1466.676,0.998,-9769.618,-6.645
14/07/2026,2026-07-14,5,[00:00-00:15[,2026-07-13 23:00,1442.939,4988.729,3.457,1167.525,0.809,5115.905,3.545,,,1066.08,0.739,1650.143,1.144,-4010.925,-2.78
14/07/2026,2026-07-14,6,[00:15-00:30[,2026-07-13 23:15,1418.429,9872.73,6.96,1167.525,0.823,5738.564,4.046,,,1044,0.736,1592.673,1.123,329.968,0.233
14/07/2026,2026-07-14,7,[00:30-00:45[,2026-07-13 23:30,1396.111,7029.992,5.035,1167.525,0.836,,,,,1044,0.748,1541.445,1.104,3277.022,2.347
14/07/2026,2026-07-14,8,[00:45-01:00[,2026-07-13 23:45,1373.534,2909.119,2.118,1167.525,0.85,,,,,1044,0.76,1637.404,1.192,-939.809,-0.684
14/07/2026,2026-07-14,9,[01:00-01:15[,2026-07-14 00:00,1355.451,2221.888,1.639,1167.525,0.861,,,,,648,0.478,1638.836,1.209,-1232.473,-0.909
14/07/2026,2026-07-14,10,[01:15-01:30[,2026-07-14 00:15,1335,3800.076,2.846,1167.525,0.875,,,,,648,0.485,1609.237,1.205,375.314,0.281
14/07/2026,2026-07-14,11,[01:30-01:45[,2026-07-14 00:30,1315.149,4378.806,3.33,1167.125,0.887,,,,,648,0.493,1579.391,1.201,984.29,0.748
14/07/2026,2026-07-14,12,[01:45-02:00[,2026-07-14 00:45,1297.896,3133.337,2.414,1167.125,0.899,,,,,648,0.499,1622.69,1.25,-304.478,-0.235
14/07/2026,2026-07-14,13,[02:00-02:15[,2026-07-14 01:00,1288.153,3646.419,2.831,1290.775,1.002,,,,,618.5,0.48,1622.812,1.26,114.333,0.089
14/07/2026,2026-07-14,14,[02:15-02:30[,2026-07-14 01:15,1275.398,3613.618,2.833,1290.775,1.012,,,,,618.5,0.485,1615.949,1.267,88.394,0.069
14/07/2026,2026-07-14,15,[02:30-02:45[,2026-07-14 01:30,1261.359,4339.863,3.441,1290.775,1.023,,,,,618.5,0.49,1580.317,1.253,850.271,0.674
14/07/2026,2026-07-14,16,[02:45-03:00[,2026-07-14 01:45,1253.781,3447.3,2.75,1290.775,1.03,,,,,618.5,0.493,1609.282,1.284,-71.257,-0.057
14/07/2026,2026-07-14,17,[03:00-03:15[,2026-07-14 02:00,1245.641,2558.213,2.054,1290.775,1.036,,,,,611,0.491,1566.523,1.258,-910.085,-0.731
14/07/2026,2026-07-14,18,[03:15-03:30[,2026-07-14 02:15,1239.412,2230.182,1.799,1290.775,1.041,,,,,611,0.493,1573.098,1.269,-1244.69,-1.004
14/07/2026,2026-07-14,19,[03:30-03:45[,2026-07-14 02:30,1231.958,1862.848,1.512,1290.775,1.048,,,,,611,0.496,1503.641,1.221,-1542.568,-1.252
14/07/2026,2026-07-14,20,[03:45-04:00[,2026-07-14 02:45,1227.749,4563.151,3.717,1290.775,1.051,,,,,611,0.498,1592.993,1.297,1068.384,0.87
14/07/2026,2026-07-14,21,[04:00-04:15[,2026-07-14 03:00,1225.209,3382.425,2.761,1290.775,1.054,,,,,642,0.524,1558.852,1.272,-109.201,-0.089
14/07/2026,2026-07-14,22,[04:15-04:30[,2026-07-14 03:15,1221.586,3918.429,3.208,1290.025,1.056,,,,,642,0.526,1426.066,1.167,560.337,0.459
14/07/2026,2026-07-14,23,[04:30-04:45[,2026-07-14 03:30,1222.456,3172.097,2.595,1290.025,1.055,,,,,642,0.525,1480.233,1.211,-240.162,-0.196
14/07/2026,2026-07-14,24,[04:45-05:00[,2026-07-14 03:45,1220.903,4146.308,3.396,1290.025,1.057,,,,,642,0.526,1535.872,1.258,678.411,0.556
14/07/2026,2026-07-14,25,[05:00-05:15[,2026-07-14 04:00,1230.981,3311.403,2.69,1290.025,1.048,,,,,643,0.522,1543.768,1.254,-165.39,-0.134
14/07/2026,2026-07-14,26,[05:15-05:30[,2026-07-14 04:15,1234.378,3680.12,2.981,1166.725,0.945,,,,,643,0.521,1625.343,1.317,245.052,0.199
14/07/2026,2026-07-14,27,[05:30-05:45[,2026-07-14 04:30,1239.225,4097.672,3.307,1166.725,0.941,,,,,643,0.519,1636.288,1.32,651.659,0.526
14/07/2026,2026-07-14,28,[05:45-06:00[,2026-07-14 04:45,1248.625,4235.021,3.392,1166.725,0.934,,,,,643,0.515,1670.304,1.338,754.992,0.605
14/07/2026,2026-07-14,29,[06:00-06:15[,2026-07-14 05:00,1274.914,1732.273,1.359,1160.121,0.91,,,,,981,0.769,1678.351,1.316,-2087.199,-1.637
14/07/2026,2026-07-14,30,[06:15-06:30[,2026-07-14 05:15,1282.61,2598.524,2.026,1151.423,0.898,,,,,981,0.765,1598.232,1.246,-1132.131,-0.883
14/07/2026,2026-07-14,31,[06:30-06:45[,2026-07-14 05:30,1295.884,3918.594,3.024,1222.551,0.943,,,,,1093,0.843,1563.964,1.207,39.079,0.03
14/07/2026,2026-07-14,32,[06:45-07:00[,2026-07-14 05:45,1330.092,6116.154,4.598,1200.6,0.903,,,,,1040,0.782,2518.516,1.893,1357.038,1.02
14/07/2026,2026-07-14,33,[07:00-07:15[,2026-07-14 06:00,1384.266,2279.093,1.646,1206.698,0.872,,,,,1592.48,1.15,2635.962,1.904,-3156.047,-2.28
14/07/2026,2026-07-14,34,[07:15-07:30[,2026-07-14 06:15,1419.817,7341.142,5.17,1482.504,1.044,,,,,738.5,0.52,2675.804,1.885,2444.334,1.722
14/07/2026,2026-07-14,35,[07:30-07:45[,2026-07-14 06:30,1446.627,12812.068,8.857,5241.979,3.624,,,,,1605,1.109,2320.032,1.604,3645.057,2.52
14/07/2026,2026-07-14,36,[07:45-08:00[,2026-07-14 06:45,1492,9337.339,6.258,5975.582,4.005,,,,,2072.5,1.389,2647.81,1.775,-1358.554,-0.911
14/07/2026,2026-07-14,37,[08:00-08:15[,2026-07-14 07:00,1566.515,6450.908,4.118,5276.02,3.368,,,,,1335,0.852,2628.751,1.678,-2788.863,-1.78
14/07/2026,2026-07-14,38,[08:15-08:30[,2026-07-14 07:15,1618.833,10813.377,6.68,5721.386,3.534,,,,,3795,2.344,2212.893,1.367,-915.902,-0.566
14/07/2026,2026-07-14,39,[08:30-08:45[,2026-07-14 07:30,1658.243,15685.058,9.459,6117.771,3.689,,,,,9213,5.556,2578.856,1.555,-2224.568,-1.342
14/07/2026,2026-07-14,40,[08:45-09:00[,2026-07-14 07:45,1670.462,20598.401,12.331,6370.933,3.814,,,,,12337,7.385,2556.27,1.53,-665.802,-0.399
14/07/2026,2026-07-14,41,[09:00-09:15[,2026-07-14 08:00,1678.367,16516.161,9.841,4969.393,2.961,,,,,9897.7,5.897,2467.539,1.47,-818.472,-0.488
14/07/2026,2026-07-14,42,[09:15-09:30[,2026-07-14 08:15,1678.058,21423.853,12.767,5585.425,3.329,,,,,13599.9,8.105,2585.146,1.541,-346.618,-0.207
14/07/2026,2026-07-14,43,[09:30-09:45[,2026-07-14 08:30,1676.992,24633.472,14.689,6657.925,3.97,,,,,16118.6,9.612,2377.105,1.417,-520.158,-0.31
14/07/2026,2026-07-14,44,[09:45-10:00[,2026-07-14 08:45,1693.5,23253.377,13.731,6842.545,4.04,,,,,13582.8,8.021,2501.604,1.477,326.428,0.193
14/07/2026,2026-07-14,45,[10:00-10:15[,2026-07-14 09:00,1683.781,23090.885,13.714,6830.358,4.057,,,,,15332.2,9.106,2603.847,1.546,-1675.519,-0.995
14/07/2026,2026-07-14,46,[10:15-10:30[,2026-07-14 09:15,1680.377,24149.053,14.371,6891.295,4.101,,,,,15478.2,9.211,2467.501,1.468,-687.943,-0.409
14/07/2026,2026-07-14,47,[10:30-10:45[,2026-07-14 09:30,1677.201,24491.254,14.602,7130.898,4.252,,,,,15954.8,9.513,2555.089,1.523,-1149.532,-0.685
14/07/2026,2026-07-14,48,[10:45-11:00[,2026-07-14 09:45,1664.033,28038.678,16.85,8059.023,4.843,,,,,17384,10.447,2313.934,1.391,281.721,0.169
14/07/2026,2026-07-14,49,[11:00-11:15[,2026-07-14 10:00,1665.099,23998.811,14.413,7224.648,4.339,,,,,16596,9.967,2554.972,1.534,-2376.808,-1.427
14/07/2026,2026-07-14,50,[11:15-11:30[,2026-07-14 10:15,1674.184,27479.49,16.414,8059.023,4.814,,,,,18049.2,10.781,2547.126,1.521,-1175.858,-0.702
14/07/2026,2026-07-14,51,[11:30-11:45[,2026-07-14 10:30,1664.568,27942.824,16.787,8087.148,4.858,,,,,17649,10.603,2421.816,1.455,-215.139,-0.129
14/07/2026,2026-07-14,52,[11:45-12:00[,2026-07-14 10:45,1659.526,29550.567,17.807,8259.648,4.977,,,,,18036,10.868,2500.666,1.507,754.254,0.454
14/07/2026,2026-07-14,53,[12:00-12:15[,2026-07-14 11:00,1641.782,26810.327,16.33,8373.085,5.1,,,,,16891.2,10.288,2535.513,1.544,-989.471,-0.603
14/07/2026,2026-07-14,54,[12:15-12:30[,2026-07-14 11:15,1637.136,28186.154,17.217,8566.62,5.233,,,,,17229.4,10.524,2525.314,1.543,-135.181,-0.083
14/07/2026,2026-07-14,55,[12:30-12:45[,2026-07-14 11:30,1615.271,32959.655,20.405,9182.363,5.685,,,,,18345.6,11.358,2152.606,1.333,3279.086,2.03
14/07/2026,2026-07-14,56,[12:45-13:00[,2026-07-14 11:45,1591.592,30425.407,19.116,9434.678,5.928,,,,,19866,12.482,1935.696,1.216,-810.967,-0.51
14/07/2026,2026-07-14,57,[13:00-13:15[,2026-07-14 12:00,1590.174,25860.39,16.263,8812.988,5.542,,,,,17806.8,11.198,2157.499,1.357,-2916.897,-1.834
14/07/2026,2026-07-14,58,[13:15-13:30[,2026-07-14 12:15,1573.712,28886.895,18.356,8914.238,5.664,,,,,18368,11.672,2158.026,1.371,-553.369,-0.352
14/07/2026,2026-07-14,59,[13:30-13:45[,2026-07-14 12:30,1575.056,28663.645,18.198,8928.3,5.669,,,,,18864,11.977,2049.854,1.301,-1178.509,-0.748
14/07/2026,2026-07-14,60,[13:45-14:00[,2026-07-14 12:45,1574.382,26666.445,16.938,8960.175,5.691,,,,,18929.5,12.023,2117.348,1.345,-3340.577,-2.122
14/07/2026,2026-07-14,61,[14:00-14:15[,2026-07-14 13:00,1579.692,25440.779,16.105,9037.988,5.721,,,,,18241,11.547,2155.206,1.364,-3993.415,-2.528
14/07/2026,2026-07-14,62,[14:15-14:30[,2026-07-14 13:15,1600.142,27992.488,17.494,9435.566,5.897,,,,,19143.6,11.964,2212.811,1.383,-2799.488,-1.75
14/07/2026,2026-07-14,63,[14:30-14:45[,2026-07-14 13:30,1589.612,30507.661,19.192,9434.648,5.935,,,,,19143.6,12.043,2170.616,1.366,-241.203,-0.152
14/07/2026,2026-07-14,64,[14:45-15:00[,2026-07-14 13:45,1587.728,28521.79,17.964,9277.988,5.844,,,,,18529.6,11.671,1917.589,1.208,-1203.386,-0.758
14/07/2026,2026-07-14,65,[15:00-15:15[,2026-07-14 14:00,1584.078,28454.191,17.963,9007.05,5.686,,,,,18062.5,11.403,2118.358,1.337,-733.717,-0.463
14/07/2026,2026-07-14,66,[15:15-15:30[,2026-07-14 14:15,1585.544,30314.43,19.119,8467.933,5.341,,,,,18562.5,11.707,2100.046,1.324,1183.952,0.747
14/07/2026,2026-07-14,67,[15:30-15:45[,2026-07-14 14:30,1586.432,26066.561,16.431,8148.085,5.136,,,,,16571.8,10.446,2177.898,1.373,-831.221,-0.524
14/07/2026,2026-07-14,68,[15:45-16:00[,2026-07-14 14:45,1598.51,28941.072,18.105,8039.335,5.029,,,,,16358.6,10.234,2241.606,1.402,2301.53,1.44
14/07/2026,2026-07-14,69,[16:00-16:15[,2026-07-14 15:00,1592.592,24468.628,15.364,7224.648,4.536,,,,,15754.3,9.892,2071.995,1.301,-582.315,-0.366
14/07/2026,2026-07-14,70,[16:15-16:30[,2026-07-14 15:15,1605.912,24386.769,15.186,6933.483,4.317,,,,,15245.6,9.493,2224.111,1.385,-16.424,-0.01
14/07/2026,2026-07-14,71,[16:30-16:45[,2026-07-14 15:30,1614.487,24183.415,14.979,6891.295,4.268,,,,,15191.6,9.41,2120.83,1.314,-20.309,-0.013
14/07/2026,2026-07-14,72,[16:45-17:00[,2026-07-14 15:45,1611.684,22524.033,13.975,6879.108,4.268,,,,,14531.7,9.016,1390.099,0.863,-276.874,-0.172
14/07/2026,2026-07-14,73,[17:00-17:15[,2026-07-14 16:00,1604.929,26859.114,16.735,8350.585,5.203,,,,,16864,10.508,1436.671,0.895,207.858,0.13
14/07/2026,2026-07-14,74,[17:15-17:30[,2026-07-14 16:15,1604.12,22997.889,14.337,7130.898,4.445,,,,,14880,9.276,1351.708,0.843,-364.716,-0.227
14/07/2026,2026-07-14,75,[17:30-17:45[,2026-07-14 16:30,1612.292,22995.905,14.263,6863.17,4.257,,,,,14446,8.96,1420.696,0.881,266.039,0.165
14/07/2026,2026-07-14,76,[17:45-18:00[,2026-07-14 16:45,1637.65,22592.29,13.796,6789.118,4.146,,,,,14322,8.745,1629.252,0.995,-148.079,-0.09
14/07/2026,2026-07-14,77,[18:00-18:15[,2026-07-14 17:00,1645.952,24255.895,14.737,6830.358,4.15,,,,,14384,8.739,1594.54,0.969,1446.998,0.879
14/07/2026,2026-07-14,78,[18:15-18:30[,2026-07-14 17:15,1666.001,19818.371,11.896,6175.549,3.707,,,,,13686.4,8.215,1554.716,0.933,-1598.293,-0.959
14/07/2026,2026-07-14,79,[18:30-18:45[,2026-07-14 17:30,1694.728,11191.908,6.604,5238.123,3.091,,,,,5135,3.03,1549.182,0.914,-730.397,-0.431
14/07/2026,2026-07-14,80,[18:45-19:00[,2026-07-14 17:45,1737.15,7817.72,4.5,4527.729,2.606,,,,,2087,1.201,1612.718,0.928,-409.727,-0.236
14/07/2026,2026-07-14,81,[19:00-19:15[,2026-07-14 18:00,1762.074,5023.268,2.851,5554.95,3.153,,,,,1467.4,0.833,1652.204,0.938,-3651.286,-2.072
14/07/2026,2026-07-14,82,[19:15-19:30[,2026-07-14 18:15,1791.911,-6544.796,-3.652,1263.734,0.705,,,,,663,0.37,1670.391,0.932,-10141.921,-5.66
14/07/2026,2026-07-14,83,[19:30-19:45[,2026-07-14 18:30,1823.84,-593.896,-0.326,1096.711,0.601,,,,,663,0.364,1629.93,0.894,-3983.536,-2.184
14/07/2026,2026-07-14,84,[19:45-20:00[,2026-07-14 18:45,1837.575,-1758.472,-0.957,1215.218,0.661,,,,,597.3,0.325,1697.844,0.924,-5268.833,-2.867
14/07/2026,2026-07-14,85,[20:00-20:15[,2026-07-14 19:00,1830.221,4536.199,2.478,1303.767,0.712,,,,,772.3,0.422,1691.916,0.924,768.215,0.42
14/07/2026,2026-07-14,86,[20:15-20:30[,2026-07-14 19:15,1818.972,4236.198,2.329,1386.214,0.762,,,,,1179.25,0.648,1689.54,0.929,-18.805,-0.01
14/07/2026,2026-07-14,87,[20:30-20:45[,2026-07-14 19:30,1803.546,4081.721,2.263,1436.621,0.797,,,,,1208.4,0.67,1633.184,0.906,-196.485,-0.109
14/07/2026,2026-07-14,88,[20:45-21:00[,2026-07-14 19:45,1793.643,4840.173,2.699,1452.254,0.81,,,,,1180,0.658,1623.97,0.905,583.949,0.326
14/07/2026,2026-07-14,89,[21:00-21:15[,2026-07-14 20:00,1795.922,-425.693,-0.237,1458.478,0.812,,,,,1812,1.009,1606.653,0.895,-5302.823,-2.953
14/07/2026,2026-07-14,90,[21:15-21:30[,2026-07-14 20:15,1800.063,1862.341,1.035,1459.925,0.811,,,,,1409,0.783,1651.829,0.918,-2658.413,-1.477
14/07/2026,2026-07-14,91,[21:30-21:45[,2026-07-14 20:30,1779.22,-2770.243,-1.557,1459.925,0.821,,,,,1254,0.705,1631.444,0.917,-7115.611,-3.999
14/07/2026,2026-07-14,92,[21:45-22:00[,2026-07-14 20:45,1741.159,7095.446,4.075,1459.925,0.838,,,,,975.7,0.56,1616.549,0.928,3043.272,1.748
14/07/2026,2026-07-14,93,[22:00-22:15[,2026-07-14 21:00,1718.305,4872.817,2.836,1459.325,0.849,,,,,1520,0.885,1644.87,0.957,248.622,0.145
14/07/2026,2026-07-14,94,[22:15-22:30[,2026-07-14 21:15,1698.918,4337.705,2.553,1458.725,0.859,,,,,1690,0.995,1623.951,0.956,-434.97,-0.256
14/07/2026,2026-07-14,95,[22:30-22:45[,2026-07-14 21:30,1668.119,5505.125,3.3,1458.725,0.874,,,,,1690,1.013,1645.311,0.986,711.089,0.426
14/07/2026,2026-07-14,96,[22:45-23:00[,2026-07-14 21:45,1631.383,5721.662,3.507,1457.3,0.893,,,,,1805.6,1.107,1667.789,1.022,790.973,0.485
15/07/2026,2026-07-15,1,[23:00-23:15[,2026-07-14 22:00,1595.814,7508.703,4.705,428.674,0.269,,,,,3276.5,2.053,1185.659,0.743,2617.87,1.64
15/07/2026,2026-07-15,2,[23:15-23:30[,2026-07-14 22:15,1556.762,5935.185,3.813,372.124,0.239,,,,,3390.4,2.178,1167.535,0.75,1005.126,0.646
15/07/2026,2026-07-15,3,[23:30-23:45[,2026-07-14 22:30,1519.613,5890.792,3.877,295.275,0.194,,,,,3390.4,2.231,1204.361,0.793,1000.755,0.659
15/07/2026,2026-07-15,4,[23:45-00:00[,2026-07-14 22:45,1484.627,5580.07,3.759,194.525,0.131,,,,,3390.4,2.284,1212.089,0.816,783.056,0.527
15/07/2026,2026-07-15,5,[00:00-00:15[,2026-07-14 23:00,1455.195,6248.174,4.294,371.954,0.256,,,,,3256.4,2.238,1208.283,0.83,1411.537,0.97
15/07/2026,2026-07-15,6,[00:15-00:30[,2026-07-14 23:15,1432.353,6191.872,4.323,371.954,0.26,,,,,3256.4,2.273,1205.486,0.842,1358.033,0.948
15/07/2026,2026-07-15,7,[00:30-00:45[,2026-07-14 23:30,1411.149,5367.017,3.803,349.124,0.247,,,,,3256.4,2.308,1204.731,0.854,556.761,0.395
15/07/2026,2026-07-15,8,[00:45-01:00[,2026-07-14 23:45,1387.565,4938.921,3.559,296.05,0.213,,,,,3256.4,2.347,1212.449,0.874,174.022,0.125
15/07/2026,2026-07-15,9,[01:00-01:15[,2026-07-15 00:00,1369.883,6039.343,4.409,371.954,0.272,,,,,2870.3,2.095,1209.827,0.883,1587.262,1.159
15/07/2026,2026-07-15,10,[01:15-01:30[,2026-07-15 00:15,1349.673,5058.3,3.748,296.05,0.219,,,,,2846.2,2.109,1197.699,0.887,718.351,0.532
15/07/2026,2026-07-15,11,[01:30-01:45[,2026-07-15 00:30,1330.355,5050.669,3.796,327.05,0.246,,,,,2767.5,2.08,1194.834,0.898,761.285,0.572
15/07/2026,2026-07-15,12,[01:45-02:00[,2026-07-15 00:45,1315.881,2450.065,1.862,373.55,0.284,,,,,2767.5,2.103,1187.506,0.902,-1878.491,-1.428
15/07/2026,2026-07-15,13,[02:00-02:15[,2026-07-15 01:00,1306.391,6687.34,5.119,1296.4,0.992,,,,,2653.6,2.031,1139.762,0.872,1597.578,1.223
15/07/2026,2026-07-15,14,[02:15-02:30[,2026-07-15 01:15,1292.42,3186.642,2.466,1296.4,1.003,,,,,2653.6,2.053,1112.524,0.861,-1875.882,-1.451
15/07/2026,2026-07-15,15,[02:30-02:45[,2026-07-15 01:30,1278.633,5531.26,4.326,1296.4,1.014,,,,,2653.6,2.075,1142.972,0.894,438.289,0.343
15/07/2026,2026-07-15,16,[02:45-03:00[,2026-07-15 01:45,1272.508,5945.434,4.672,1296.4,1.019,,,,,2653.6,2.085,1260.833,0.991,734.601,0.577
15/07/2026,2026-07-15,17,[03:00-03:15[,2026-07-15 02:00,1269.43,5735.681,4.518,1296.4,1.021,,,,,2661.2,2.096,1279.034,1.008,499.047,0.393
15/07/2026,2026-07-15,18,[03:15-03:30[,2026-07-15 02:15,1259.51,6183.168,4.909,1296.4,1.029,,,,,2661.2,2.113,1279.029,1.015,946.539,0.752
15/07/2026,2026-07-15,19,[03:30-03:45[,2026-07-15 02:30,1252.414,5519.86,4.407,1296.4,1.035,,,,,2585.6,2.064,1229.95,0.982,407.911,0.326
15/07/2026,2026-07-15,20,[03:45-04:00[,2026-07-15 02:45,1244.215,5201.32,4.18,1296.4,1.042,,,,,2585.6,2.078,1274.064,1.024,45.256,0.036
15/07/2026,2026-07-15,21,[04:00-04:15[,2026-07-15 03:00,1245.631,6960.456,5.588,1296.4,1.041,,,,,2691.9,2.161,1269.944,1.02,1702.212,1.367
15/07/2026,2026-07-15,22,[04:15-04:30[,2026-07-15 03:15,1238.06,3361.674,2.715,1296.4,1.047,,,,,2691.9,2.174,1213.602,0.98,-1840.227,-1.486
15/07/2026,2026-07-15,23,[04:30-04:45[,2026-07-15 03:30,1235.018,5397.004,4.37,1296.4,1.05,,,,,2691.9,2.18,1215.692,0.984,193.012,0.156
15/07/2026,2026-07-15,24,[04:45-05:00[,2026-07-15 03:45,1233.671,3927.418,3.184,515.056,0.417,,,,,2691.9,2.182,1183.319,0.959,-462.856,-0.375
15/07/2026,2026-07-15,25,[05:00-05:15[,2026-07-15 04:00,1247.38,7189.421,5.764,515.056,0.413,,,,,2720,2.181,1213.664,0.973,2740.7,2.197
15/07/2026,2026-07-15,26,[05:15-05:30[,2026-07-15 04:15,1252.3,4058.044,3.24,516.5,0.412,,,,,2679.3,2.14,1244.613,0.994,-382.369,-0.305
15/07/2026,2026-07-15,27,[05:30-05:45[,2026-07-15 04:30,1256.65,6281.758,4.999,535.994,0.427,,,,,2679.3,2.132,1296.766,1.032,1769.698,1.408
15/07/2026,2026-07-15,28,[05:45-06:00[,2026-07-15 04:45,1259.713,6204.511,4.925,535.994,0.425,,,,,2723.04,2.162,1198.424,0.951,1747.053,1.387
15/07/2026,2026-07-15,29,[06:00-06:15[,2026-07-15 05:00,1289.935,4430.562,3.435,556.932,0.432,,,,,3341.6,2.591,1233.583,0.956,-701.553,-0.544
15/07/2026,2026-07-15,30,[06:15-06:30[,2026-07-15 05:15,1303.411,5611.032,4.305,544.658,0.418,,,,,3341.6,2.564,1287.748,0.988,437.026,0.335
15/07/2026,2026-07-15,31,[06:30-06:45[,2026-07-15 05:30,1328.214,4253.064,3.202,535.994,0.404,,,,,3341.6,2.516,1292.73,0.973,-917.26,-0.691
15/07/2026,2026-07-15,32,[06:45-07:00[,2026-07-15 05:45,1350.909,7222.806,5.347,456.534,0.338,,,,,3301.5,2.444,1288.094,0.954,2176.678,1.611
15/07/2026,2026-07-15,33,[07:00-07:15[,2026-07-15 06:00,1399.808,6188.777,4.421,544.634,0.389,,,,,3243,2.317,1282.13,0.916,1119.014,0.799
15/07/2026,2026-07-15,34,[07:15-07:30[,2026-07-15 06:15,1429.774,6529.747,4.567,1179.383,0.825,,,,,3356.9,2.348,1209.354,0.846,784.11,0.548
15/07/2026,2026-07-15,35,[07:30-07:45[,2026-07-15 06:30,1457.348,8904.447,6.11,1217.644,0.836,,,,,2278,1.563,1206.612,0.828,4202.191,2.883
15/07/2026,2026-07-15,36,[07:45-08:00[,2026-07-15 06:45,1487.643,16669.813,11.206,4965.307,3.338,,,,,7482.3,5.03,1208.962,0.813,3013.244,2.026
15/07/2026,2026-07-15,37,[08:00-08:15[,2026-07-15 07:00,1551.249,3724.309,2.401,1192.956,0.769,,,,,5630.6,3.63,1207.274,0.778,-4306.521,-2.776
15/07/2026,2026-07-15,38,[08:15-08:30[,2026-07-15 07:15,1593.295,12847.641,8.064,4845.002,3.041,,,,,7061.1,4.432,1181.848,0.742,-240.309,-0.151
15/07/2026,2026-07-15,39,[08:30-08:45[,2026-07-15 07:30,1608.045,7309.21,4.545,5419.544,3.37,,,,,9391.2,5.84,1147.139,0.713,-8648.673,-5.378
15/07/2026,2026-07-15,40,[08:45-09:00[,2026-07-15 07:45,1620.612,16838.206,10.39,5568.247,3.436,,,,,11254.2,6.944,1144.716,0.706,-1128.958,-0.697
15/07/2026,2026-07-15,41,[09:00-09:15[,2026-07-15 08:00,1637.444,17147.376,10.472,5354.853,3.27,,,,,11072.6,6.762,1141.801,0.697,-421.878,-0.258
15/07/2026,2026-07-15,42,[09:15-09:30[,2026-07-15 08:15,1656.684,21432.109,12.937,5821.975,3.514,,,,,13898.7,8.389,1944.029,1.173,-232.595,-0.14
15/07/2026,2026-07-15,43,[09:30-09:45[,2026-07-15 08:30,1649.181,22919.299,13.897,6286,3.812,,,,,15364,9.316,2151.616,1.305,-882.317,-0.535
15/07/2026,2026-07-15,44,[09:45-10:00[,2026-07-15 08:45,1641.929,23248.89,14.159,7885.141,4.802,,,,,15770.4,9.605,2132.437,1.299,-2539.088,-1.546
15/07/2026,2026-07-15,45,[10:00-10:15[,2026-07-15 09:00,1624.887,24107.944,14.837,6585.42,4.053,,,,,15795.2,9.721,1869.024,1.15,-141.7,-0.087
15/07/2026,2026-07-15,46,[10:15-10:30[,2026-07-15 09:15,1628.497,24792.967,15.224,7827.923,4.807,,,,,15849.5,9.733,1896.951,1.165,-781.408,-0.48
15/07/2026,2026-07-15,47,[10:30-10:45[,2026-07-15 09:30,1621.193,24428.117,15.068,7815.766,4.821,,,1756.464,1.083,14751.2,9.099,1898.413,1.171,-1793.726,-1.106
15/07/2026,2026-07-15,48,[10:45-11:00[,2026-07-15 09:45,1620.374,25812.59,15.93,7899.901,4.875,,,,,15264.5,9.42,1838.88,1.135,809.309,0.499
15/07/2026,2026-07-15,49,[11:00-11:15[,2026-07-15 10:00,1625.253,22383.263,13.772,6839.202,4.208,,,,,16371.4,10.073,1880.839,1.157,-2708.178,-1.666
15/07/2026,2026-07-15,50,[11:15-11:30[,2026-07-15 10:15,1627.762,26585.598,16.333,7860.095,4.829,,,,,16290.81,10.008,1691.722,1.039,742.972,0.456
15/07/2026,2026-07-15,51,[11:30-11:45[,2026-07-15 10:30,1629.47,25181.415,15.454,7896.037,4.846,,,,,15457.4,9.486,1832.111,1.124,-4.132,-0.003
15/07/2026,2026-07-15,52,[11:45-12:00[,2026-07-15 10:45,1629.659,26212.308,16.085,7932.284,4.867,,,,,15409.52,9.456,1827.339,1.121,1043.165,0.64
15/07/2026,2026-07-15,53,[12:00-12:15[,2026-07-15 11:00,1607.199,24525.845,15.26,7933.518,4.936,,,,,14468.82,9.003,1684.796,1.048,438.711,0.273
15/07/2026,2026-07-15,54,[12:15-12:30[,2026-07-15 11:15,1608.754,25210.12,15.671,7912.412,4.918,,,,,14491.46,9.008,1866.349,1.16,939.899,0.584
15/07/2026,2026-07-15,55,[12:30-12:45[,2026-07-15 11:30,1572.495,24065.876,15.304,8039.484,5.113,,,,,14474.36,9.205,1524.955,0.97,27.078,0.017
15/07/2026,2026-07-15,56,[12:45-13:00[,2026-07-15 11:45,1559.975,25218.59,16.166,8111.655,5.2,,,,,14605.7,9.363,1795.456,1.151,705.779,0.452
15/07/2026,2026-07-15,57,[13:00-13:15[,2026-07-15 12:00,1560.63,33868.399,21.702,8038.772,5.151,7986.813,5.118,,,19024.1,12.19,1872.036,1.2,-3053.322,-1.956
15/07/2026,2026-07-15,58,[13:15-13:30[,2026-07-15 12:15,1549.94,32506.644,20.973,7966.617,5.14,7986.813,5.153,,,17924.7,11.565,1504.703,0.971,-2876.188,-1.856
15/07/2026,2026-07-15,59,[13:30-13:45[,2026-07-15 12:30,1569.824,36590.063,23.308,7921.675,5.046,7986.813,5.088,,,18629.6,11.867,1886.856,1.202,165.119,0.105
15/07/2026,2026-07-15,60,[13:45-14:00[,2026-07-15 12:45,1573.523,36486.372,23.188,8000.898,5.085,7986.813,5.076,,,19060.6,12.113,1614.746,1.026,-176.685,-0.112
15/07/2026,2026-07-15,61,[14:00-14:15[,2026-07-15 13:00,1596.516,35036.877,21.946,7881.771,4.937,7986.813,5.003,,,17491.1,10.956,1605.483,1.006,71.71,0.045
15/07/2026,2026-07-15,62,[14:15-14:30[,2026-07-15 13:15,1610.54,35597.224,22.103,7886.756,4.897,7986.813,4.959,,,17491.1,10.86,1490.359,0.925,742.197,0.461
15/07/2026,2026-07-15,63,[14:30-14:45[,2026-07-15 13:30,1595.408,32724.981,20.512,7894.885,4.949,7986.813,5.006,,,17461.4,10.945,608.343,0.381,-1226.459,-0.769
15/07/2026,2026-07-15,64,[14:45-15:00[,2026-07-15 13:45,1594.86,33551.627,21.037,7913.631,4.962,7986.813,5.008,,,17492.4,10.968,502.008,0.315,-343.224,-0.215
15/07/2026,2026-07-15,65,[15:00-15:15[,2026-07-15 14:00,1600.6,29001.941,18.119,8069.024,5.041,7986.813,4.99,,,16769.4,10.477,536.639,0.335,-4359.934,-2.724
15/07/2026,2026-07-15,66,[15:15-15:30[,2026-07-15 14:15,1601.367,28799.217,17.984,7898.398,4.932,7986.813,4.987,,,16745.16,10.457,515.423,0.322,-4346.576,-2.714
15/07/2026,2026-07-15,67,[15:30-15:45[,2026-07-15 14:30,1611.601,25157.875,15.61,7890.527,4.896,7986.813,4.956,,,16971.45,10.531,492.993,0.306,-8183.908,-5.078
15/07/2026,2026-07-15,68,[15:45-16:00[,2026-07-15 14:45,1614.969,19332.253,11.971,7338.705,4.544,7986.813,4.945,,,16736.6,10.363,491.725,0.304,-13221.59,-8.187
15/07/2026,2026-07-15,69,[16:00-16:15[,2026-07-15 15:00,1605.281,27191.154,16.939,7042.2,4.387,7986.813,4.975,,,16345.8,10.183,466.678,0.291,-4650.336,-2.897
15/07/2026,2026-07-15,70,[16:15-16:30[,2026-07-15 15:15,1608.524,28856.744,17.94,6906.574,4.294,7986.813,4.965,,,16286,10.125,471.804,0.293,-2794.447,-1.737
15/07/2026,2026-07-15,71,[16:30-16:45[,2026-07-15 15:30,1626.142,29012.289,17.841,6603.8,4.061,7986.813,4.912,,,16510.7,10.153,476.657,0.293,-2565.681,-1.578
15/07/2026,2026-07-15,72,[16:45-17:00[,2026-07-15 15:45,1627.137,28555.358,17.549,6593.695,4.052,7986.813,4.909,,,16480.2,10.128,511.372,0.314,-3016.722,-1.854
15/07/2026,2026-07-15,73,[17:00-17:15[,2026-07-15 16:00,1620.552,31221.761,19.266,7864.814,4.853,7986.813,4.928,,,17191.2,10.608,546.039,0.337,-2367.105,-1.461
15/07/2026,2026-07-15,74,[17:15-17:30[,2026-07-15 16:15,1618.728,30414.078,18.789,6600.967,4.078,7986.813,4.934,,,17066.4,10.543,548.438,0.339,-1788.54,-1.105
15/07/2026,2026-07-15,75,[17:30-17:45[,2026-07-15 16:30,1630.396,28540.274,17.505,6562.641,4.025,7986.813,4.899,,,16411.2,10.066,606.302,0.372,-3026.681,-1.856
15/07/2026,2026-07-15,76,[17:45-18:00[,2026-07-15 16:45,1642.898,25131.882,15.297,5776.665,3.516,7986.813,4.861,,,13447.2,8.185,877.722,0.534,-2956.517,-1.8
15/07/2026,2026-07-15,77,[18:00-18:15[,2026-07-15 17:00,1649.312,32922.189,19.961,6374.007,3.865,7986.813,4.843,,,15724.8,9.534,877.884,0.532,1958.685,1.188
15/07/2026,2026-07-15,78,[18:15-18:30[,2026-07-15 17:15,1674.878,24404.726,14.571,5576.684,3.33,7986.813,4.769,,,12760.8,7.619,880.258,0.526,-2799.829,-1.672
15/07/2026,2026-07-15,79,[18:30-18:45[,2026-07-15 17:30,1709.661,22417.892,13.112,4730.809,2.767,7986.813,4.672,,,8236.8,4.818,705.386,0.413,758.084,0.443
15/07/2026,2026-07-15,80,[18:45-19:00[,2026-07-15 17:45,1744.783,9949.066,5.702,958.994,0.55,7986.813,4.578,,,3198.5,1.833,724.979,0.416,-2920.219,-1.674
15/07/2026,2026-07-15,81,[19:00-19:15[,2026-07-15 18:00,1781.335,10890.766,6.114,4965.174,2.787,7986.813,4.484,,,2089.2,1.173,816.977,0.459,-4967.397,-2.789
15/07/2026,2026-07-15,82,[19:15-19:30[,2026-07-15 18:15,1813.895,1627.486,0.897,1215.517,0.67,7986.813,4.403,,,1787,0.985,869.218,0.479,-10231.062,-5.64
15/07/2026,2026-07-15,83,[19:30-19:45[,2026-07-15 18:30,1845.846,5871.031,3.181,1332.234,0.722,7986.813,4.327,,,1799,0.975,866.964,0.47,-6113.979,-3.312
15/07/2026,2026-07-15,84,[19:45-20:00[,2026-07-15 18:45,1867.206,3830.775,2.052,1425.928,0.764,7986.813,4.277,,,1735,0.929,903.472,0.484,-8220.437,-4.403
15/07/2026,2026-07-15,85,[20:00-20:15[,2026-07-15 19:00,1866.358,2151.926,1.153,1510.992,0.81,7986.813,4.279,,,2162.05,1.158,894.372,0.479,-10402.3,-5.574
15/07/2026,2026-07-15,86,[20:15-20:30[,2026-07-15 19:15,1850.786,6305.529,3.407,1580.162,0.854,7986.813,4.315,,,2162.05,1.168,876.343,0.473,-6299.839,-3.404
15/07/2026,2026-07-15,87,[20:30-20:45[,2026-07-15 19:30,1845.448,-9048.72,-4.903,1625.535,0.881,7986.813,4.328,,,2162.05,1.172,931.914,0.505,-21755.032,-11.788
15/07/2026,2026-07-15,88,[20:45-21:00[,2026-07-15 19:45,1834.133,3751.583,2.045,1643.871,0.896,7986.813,4.355,,,2162.05,1.179,934.53,0.51,-8975.681,-4.894
15/07/2026,2026-07-15,89,[21:00-21:15[,2026-07-15 20:00,1838.305,1460.359,0.794,1653.394,0.899,7986.813,4.345,,,2413.6,1.313,951.475,0.518,-11544.922,-6.28
15/07/2026,2026-07-15,90,[21:15-21:30[,2026-07-15 20:15,1836.871,4748.078,2.585,1655.125,0.901,7986.813,4.348,,,2413.6,1.314,825.723,0.45,-8133.182,-4.428
15/07/2026,2026-07-15,91,[21:30-21:45[,2026-07-15 20:30,1813.367,474.025,0.261,1654.65,0.912,7986.813,4.404,,,2413.6,1.331,873.493,0.482,-12454.531,-6.868
15/07/2026,2026-07-15,92,[21:45-22:00[,2026-07-15 20:45,1771.153,10349.907,5.844,1654.65,0.934,7986.813,4.509,,,2413.6,1.363,840.998,0.475,-2546.154,-1.438
15/07/2026,2026-07-15,93,[22:00-22:15[,2026-07-15 21:00,1742.746,4267.313,2.449,1654.175,0.949,7986.813,4.583,,,2538.4,1.457,842.117,0.483,-8754.191,-5.023
15/07/2026,2026-07-15,94,[22:15-22:30[,2026-07-15 21:15,1727.631,5410.078,3.132,1654.175,0.957,7986.813,4.623,,,2608.8,1.51,817.112,0.473,-7656.822,-4.432
15/07/2026,2026-07-15,95,[22:30-22:45[,2026-07-15 21:30,1698.668,4584.009,2.699,1652.25,0.973,7986.813,4.702,,,2608.8,1.536,828.666,0.488,-8492.519,-5
15/07/2026,2026-07-15,96,[22:45-23:00[,2026-07-15 21:45,1664.375,6998.719,4.205,1652.25,0.993,7986.813,4.799,,,2608.8,1.567,772.827,0.464,-6021.97,-3.618
16/07/2026,2026-07-16,1,[23:00-23:15[,2026-07-15 22:00,1625.901,3047.443,1.874,1022.524,0.629,,,,,2160.1,1.329,1717.807,1.057,-1852.987,-1.14
16/07/2026,2026-07-16,2,[23:15-23:30[,2026-07-15 22:15,1593.205,8358.617,5.246,1021.805,0.641,,,,,2545.5,1.598,1793.73,1.126,2997.583,1.881
16/07/2026,2026-07-16,3,[23:30-23:45[,2026-07-15 22:30,1552.196,5264.941,3.392,1021.805,0.658,,,,,2545.5,1.64,1800.548,1.16,-102.912,-0.066
16/07/2026,2026-07-16,4,[23:45-00:00[,2026-07-15 22:45,1517.856,5806.541,3.825,1021.086,0.673,,,,,2565.5,1.69,1794.08,1.182,425.875,0.281
16/07/2026,2026-07-16,5,[00:00-00:15[,2026-07-15 23:00,1485.145,6237.433,4.2,1021.086,0.688,,,,,2085.08,1.404,1701.021,1.145,1430.246,0.963
16/07/2026,2026-07-16,6,[00:15-00:30[,2026-07-15 23:15,1459.229,5484.902,3.759,1020.115,0.699,,,,,2085.08,1.429,1727.489,1.184,652.218,0.447
16/07/2026,2026-07-16,7,[00:30-00:45[,2026-07-15 23:30,1435.701,4806.423,3.348,1020.115,0.711,,,,,2076.74,1.446,1713.328,1.193,-3.76,-0.003
16/07/2026,2026-07-16,8,[00:45-01:00[,2026-07-15 23:45,1410.976,7468.1,5.293,1020.115,0.723,,,,,2060.06,1.46,1758.128,1.246,2629.798,1.864
16/07/2026,2026-07-16,9,[01:00-01:15[,2026-07-16 00:00,1392.266,3079.318,2.212,1019.396,0.732,,,,,1851,1.329,1750.267,1.257,-1541.344,-1.107
16/07/2026,2026-07-16,10,[01:15-01:30[,2026-07-16 00:15,1371.989,5074.617,3.699,1019.396,0.743,,,,,1851,1.349,1758.375,1.282,445.846,0.325
16/07/2026,2026-07-16,11,[01:30-01:45[,2026-07-16 00:30,1353.893,5295.388,3.911,1018.677,0.752,,,,,1851,1.367,1752.282,1.294,673.429,0.497
16/07/2026,2026-07-16,12,[01:45-02:00[,2026-07-16 00:45,1337.842,5451.263,4.075,1018.677,0.761,,,,,1851,1.384,1698.878,1.27,882.708,0.66
16/07/2026,2026-07-16,13,[02:00-02:15[,2026-07-16 01:00,1328.881,5035.01,3.789,1017.958,0.766,,,,,1760.8,1.325,1754.898,1.321,501.353,0.377
16/07/2026,2026-07-16,14,[02:15-02:30[,2026-07-16 01:15,1313.677,5064.875,3.855,1017.958,0.775,,,,,1760.8,1.34,1744.594,1.328,541.523,0.412
16/07/2026,2026-07-16,15,[02:30-02:45[,2026-07-16 01:30,1303.153,5126.525,3.934,1017.958,0.781,,,,,1760.8,1.351,1744.492,1.339,603.276,0.463
16/07/2026,2026-07-16,16,[02:45-03:00[,2026-07-16 01:45,1292.323,4918.355,3.806,1017.958,0.788,,,,,1760.8,1.363,1692.345,1.31,447.252,0.346
16/07/2026,2026-07-16,17,[03:00-03:15[,2026-07-16 02:00,1287.197,4999.705,3.884,1017.958,0.791,,,,,1739.5,1.351,1726.516,1.341,515.731,0.401
16/07/2026,2026-07-16,18,[03:15-03:30[,2026-07-16 02:15,1277.711,5072.407,3.97,1017.958,0.797,,,,,1739.5,1.361,1756.255,1.375,558.694,0.437
16/07/2026,2026-07-16,19,[03:30-03:45[,2026-07-16 02:30,1271.975,5118.416,4.024,1017.958,0.8,,,,,1739.5,1.368,1768.801,1.391,592.157,0.466
16/07/2026,2026-07-16,20,[03:45-04:00[,2026-07-16 02:45,1263.899,4789.151,3.789,1017.958,0.805,,,,,1739.5,1.376,1725.267,1.365,306.427,0.242
16/07/2026,2026-07-16,21,[04:00-04:15[,2026-07-16 03:00,1261.06,5903.366,4.681,1017.958,0.807,,,,,1808.4,1.434,1689.271,1.34,1387.736,1.1
16/07/2026,2026-07-16,22,[04:15-04:30[,2026-07-16 03:15,1251.432,4434.353,3.543,1018.677,0.814,,,,,1808.4,1.445,1632.634,1.305,-25.359,-0.02
16/07/2026,2026-07-16,23,[04:30-04:45[,2026-07-16 03:30,1246.999,5990.53,4.804,1019.396,0.817,,,,,1808.4,1.45,1641.754,1.317,1520.979,1.22
16/07/2026,2026-07-16,24,[04:45-05:00[,2026-07-16 03:45,1248.457,3999.548,3.204,1019.396,0.817,,,,,1808.4,1.449,1748.101,1.4,-576.349,-0.462
16/07/2026,2026-07-16,25,[05:00-05:15[,2026-07-16 04:00,1260.834,6244.577,4.953,1020.115,0.809,,,,,1822.6,1.446,1793.114,1.422,1608.749,1.276
16/07/2026,2026-07-16,26,[05:15-05:30[,2026-07-16 04:15,1268.432,3338.017,2.632,1020.115,0.804,,,,,1822.6,1.437,1794.754,1.415,-1299.451,-1.024
16/07/2026,2026-07-16,27,[05:30-05:45[,2026-07-16 04:30,1272.417,5543.789,4.357,1020.115,0.802,,,,,1822.6,1.432,1790.328,1.407,910.747,0.716
16/07/2026,2026-07-16,28,[05:45-06:00[,2026-07-16 04:45,1277.06,6621.478,5.185,1021.086,0.8,,,,,1822.6,1.427,1702.004,1.333,2075.788,1.625
16/07/2026,2026-07-16,29,[06:00-06:15[,2026-07-16 05:00,1305.891,2629.528,2.014,504.564,0.386,,,,,1882,1.441,1690.243,1.294,-1447.279,-1.108
16/07/2026,2026-07-16,30,[06:15-06:30[,2026-07-16 05:15,1318.389,3521.957,2.671,500.963,0.38,,,,,1882,1.427,1705.001,1.293,-566.006,-0.429
16/07/2026,2026-07-16,31,[06:30-06:45[,2026-07-16 05:30,1338.639,6260.124,4.676,491.075,0.367,,,,,2207.9,1.649,1668.812,1.247,1892.336,1.414
16/07/2026,2026-07-16,32,[06:45-07:00[,2026-07-16 05:45,1358.385,4223.188,3.109,468.947,0.345,,,,,2115.66,1.557,1705.017,1.255,-66.436,-0.049
16/07/2026,2026-07-16,33,[07:00-07:15[,2026-07-16 06:00,1406.574,4012.783,2.853,432.831,0.308,,,,,2485.5,1.767,1660.204,1.18,-565.752,-0.402
16/07/2026,2026-07-16,34,[07:15-07:30[,2026-07-16 06:15,1438.006,4577.953,3.184,408.915,0.284,,,,,2565.5,1.784,1610.632,1.12,-7.094,-0.005
16/07/2026,2026-07-16,35,[07:30-07:45[,2026-07-16 06:30,1471.425,6562.172,4.46,386.995,0.263,,,,,2569,1.746,1559.374,1.06,2046.803,1.391
16/07/2026,2026-07-16,36,[07:45-08:00[,2026-07-16 06:45,1506.034,10873.485,7.22,3501.161,2.325,,,,,2477,1.645,1635.678,1.086,3259.645,2.164
16/07/2026,2026-07-16,37,[08:00-08:15[,2026-07-16 07:00,1583.392,1684.852,1.064,771.943,0.488,,,,,1641.6,1.037,1503.858,0.95,-2232.548,-1.41
16/07/2026,2026-07-16,38,[08:15-08:30[,2026-07-16 07:15,1622.579,9368.635,5.774,4147.421,2.556,,,,,4191.3,2.583,1490.25,0.918,-460.336,-0.284
16/07/2026,2026-07-16,39,[08:30-08:45[,2026-07-16 07:30,1642.287,11239.835,6.844,4743.137,2.888,,,,,5573.7,3.394,1351.206,0.823,-428.208,-0.261
16/07/2026,2026-07-16,40,[08:45-09:00[,2026-07-16 07:45,1660.166,13361.565,8.048,5428.38,3.27,,,,,6437.3,3.878,1471.112,0.886,24.773,0.015
16/07/2026,2026-07-16,41,[09:00-09:15[,2026-07-16 08:00,1675.679,12604.932,7.522,4345.882,2.594,,,,,7578.1,4.522,1447.149,0.864,-766.199,-0.457
16/07/2026,2026-07-16,42,[09:15-09:30[,2026-07-16 08:15,1673.599,19093.317,11.409,5956.233,3.559,,,,,12806.6,7.652,1478.934,0.884,-1148.45,-0.686
16/07/2026,2026-07-16,43,[09:30-09:45[,2026-07-16 08:30,1662.998,23696.658,14.249,6611.024,3.975,,,,,15252,9.171,1427.122,0.858,406.512,0.244
16/07/2026,2026-07-16,44,[09:45-10:00[,2026-07-16 08:45,1664.772,25024.286,15.032,6948.674,4.174,,,,,16470.6,9.894,2303.019,1.383,-698.007,-0.419
16/07/2026,2026-07-16,45,[10:00-10:15[,2026-07-16 09:00,1650.415,26294.647,15.932,6882.861,4.17,,,,,16122.8,9.769,2407.637,1.459,881.349,0.534
16/07/2026,2026-07-16,46,[10:15-10:30[,2026-07-16 09:15,1642.708,26133.438,15.909,7102.215,4.323,,,,,16572.5,10.089,2399.962,1.461,58.762,0.036
16/07/2026,2026-07-16,47,[10:30-10:45[,2026-07-16 09:30,1628.973,26019.703,15.973,7397.997,4.542,,,35.297,0.022,16891.8,10.37,2075.385,1.274,-380.776,-0.234
16/07/2026,2026-07-16,48,[10:45-11:00[,2026-07-16 09:45,1632.218,29085.21,17.819,7418.602,4.545,,,88.242,0.054,17013.7,10.424,2370.878,1.453,2193.788,1.344
16/07/2026,2026-07-16,49,[11:00-11:15[,2026-07-16 10:00,1629.849,26229.644,16.093,6869.238,4.215,,,,,17864.8,10.961,2390.339,1.467,-894.732,-0.549
16/07/2026,2026-07-16,50,[11:15-11:30[,2026-07-16 10:15,1635.981,25228.461,15.421,6904.467,4.22,,,,,17956.6,10.976,2410.38,1.473,-2042.986,-1.249
16/07/2026,2026-07-16,51,[11:30-11:45[,2026-07-16 10:30,1635.059,27662.717,16.918,7381.467,4.514,,,,,17117.4,10.469,2388.755,1.461,775.095,0.474
16/07/2026,2026-07-16,52,[11:45-12:00[,2026-07-16 10:45,1628.286,27192.2,16.7,7386.416,4.536,,,,,17150.4,10.533,2261.954,1.389,393.431,0.242
16/07/2026,2026-07-16,53,[12:00-12:15[,2026-07-16 11:00,1615.722,26450.469,16.371,7393.276,4.576,,,,,17174,10.629,2416.279,1.495,-533.086,-0.33
16/07/2026,2026-07-16,54,[12:15-12:30[,2026-07-16 11:15,1613.99,25842.184,16.011,7419.384,4.597,,,,,17273.5,10.702,2455.731,1.522,-1306.431,-0.809
16/07/2026,2026-07-16,55,[12:30-12:45[,2026-07-16 11:30,1584.029,30698.358,19.38,7884.684,4.978,,,,,18121.9,11.44,2355.323,1.487,2336.45,1.475
16/07/2026,2026-07-16,56,[12:45-13:00[,2026-07-16 11:45,1575.223,28894.265,18.343,8087.366,5.134,,,,,18547.2,11.774,2436.978,1.547,-177.28,-0.113
16/07/2026,2026-07-16,57,[13:00-13:15[,2026-07-16 12:00,1572.843,28938.161,18.399,8114.073,5.159,,,,,18520,11.775,2342.887,1.49,-38.798,-0.025
16/07/2026,2026-07-16,58,[13:15-13:30[,2026-07-16 12:15,1571.121,27250.07,17.344,8109.602,5.162,,,,,18520,11.788,2409.61,1.534,-1789.143,-1.139
16/07/2026,2026-07-16,59,[13:30-13:45[,2026-07-16 12:30,1585.105,29598.193,18.673,8131.938,5.13,,,,,18272,11.527,2416.276,1.524,777.979,0.491
16/07/2026,2026-07-16,60,[13:45-14:00[,2026-07-16 12:45,1574.179,29568.113,18.783,8341.756,5.299,,,,,18752,11.912,2163.624,1.374,310.733,0.197
16/07/2026,2026-07-16,61,[14:00-14:15[,2026-07-16 13:00,1600.65,31367.73,19.597,8647.569,5.403,,,,,19594.5,12.242,2476.57,1.547,649.091,0.406
16/07/2026,2026-07-16,62,[14:15-14:30[,2026-07-16 13:15,1593.762,31563.072,19.804,8928.839,5.602,,,,,20668,12.968,1821.711,1.143,144.522,0.091
16/07/2026,2026-07-16,63,[14:30-14:45[,2026-07-16 13:30,1591.348,23838.755,14.98,9170.285,5.763,,,,,12959,8.143,1585.378,0.996,124.093,0.078
16/07/2026,2026-07-16,64,[14:45-15:00[,2026-07-16 13:45,1592.332,23937.449,15.033,9246.062,5.807,,,,,12899.15,8.101,1446.113,0.908,346.124,0.217
16/07/2026,2026-07-16,65,[15:00-15:15[,2026-07-16 14:00,1602.369,21932.707,13.688,9258.701,5.778,,,,,10800.16,6.74,1486.754,0.928,387.092,0.242
16/07/2026,2026-07-16,66,[15:15-15:30[,2026-07-16 14:15,1601.007,21399.127,13.366,9277.738,5.795,,,,,10731.24,6.703,1472.97,0.92,-82.822,-0.052
16/07/2026,2026-07-16,67,[15:30-15:45[,2026-07-16 14:30,1600.973,21557.388,13.465,9314.685,5.818,,,,,10688.68,6.676,1418.087,0.886,135.936,0.085
16/07/2026,2026-07-16,68,[15:45-16:00[,2026-07-16 14:45,1601.104,21684.787,13.544,9293.425,5.804,,,,,10755.93,6.718,1412.896,0.882,222.536,0.139
16/07/2026,2026-07-16,69,[16:00-16:15[,2026-07-16 15:00,1602.907,22482.843,14.026,9632.684,6.01,,,,,10976.49,6.848,1490.49,0.93,383.179,0.239
16/07/2026,2026-07-16,70,[16:15-16:30[,2026-07-16 15:15,1615.349,21273.302,13.169,9201.107,5.696,,,,,10718.1,6.635,1304.305,0.807,49.789,0.031
16/07/2026,2026-07-16,71,[16:30-16:45[,2026-07-16 15:30,1622.675,21174.59,13.049,8595.615,5.297,,,,,10394.4,6.406,1298.295,0.8,886.28,0.546
16/07/2026,2026-07-16,72,[16:45-17:00[,2026-07-16 15:45,1634.754,21690.74,13.269,8718.467,5.333,,,,,11018.47,6.74,1279.338,0.783,674.465,0.413
16/07/2026,2026-07-16,73,[17:00-17:15[,2026-07-16 16:00,1635.466,31850.844,19.475,9973.97,6.099,,,,,20490.27,12.529,1336.283,0.817,50.321,0.031
16/07/2026,2026-07-16,74,[17:15-17:30[,2026-07-16 16:15,1644.988,27742.348,16.865,8923.627,5.425,,,,,18721.27,11.381,1413.729,0.859,-1316.278,-0.8
16/07/2026,2026-07-16,75,[17:30-17:45[,2026-07-16 16:30,1649.316,26841.813,16.275,8386.58,5.085,,,,,17491.7,10.605,1400.101,0.849,-436.568,-0.265
16/07/2026,2026-07-16,76,[17:45-18:00[,2026-07-16 16:45,1668.499,27572.812,16.526,8434.271,5.055,,,,,17867.5,10.709,1514.81,0.908,-243.768,-0.146
16/07/2026,2026-07-16,77,[18:00-18:15[,2026-07-16 17:00,1677.454,26609.25,15.863,8185.695,4.88,,,,,17929,10.688,1455.191,0.867,-960.635,-0.573
16/07/2026,2026-07-16,78,[18:15-18:30[,2026-07-16 17:15,1703.146,24811.484,14.568,7420.747,4.357,,,,,16857.3,9.898,1541.23,0.905,-1007.793,-0.592
16/07/2026,2026-07-16,79,[18:30-18:45[,2026-07-16 17:30,1737.89,24505.658,14.101,6856.417,3.945,,,,,16756.2,9.642,1594.118,0.917,-701.077,-0.403
16/07/2026,2026-07-16,80,[18:45-19:00[,2026-07-16 17:45,1770.743,20947.883,11.83,5705.509,3.222,,,,,15462.2,8.732,1606.991,0.908,-1826.817,-1.032
16/07/2026,2026-07-16,81,[19:00-19:15[,2026-07-16 18:00,1801.487,25664.666,14.246,7934.271,4.404,,,,,14659,8.137,1683.055,0.934,1388.34,0.771
16/07/2026,2026-07-16,82,[19:15-19:30[,2026-07-16 18:15,1830.713,-1283.102,-0.701,3497.581,1.911,,,,,2162.7,1.181,1648.333,0.9,-8591.716,-4.693
16/07/2026,2026-07-16,83,[19:30-19:45[,2026-07-16 18:30,1853.46,5851.626,3.157,427.71,0.231,,,,,2306.1,1.244,1686.247,0.91,1431.569,0.772
16/07/2026,2026-07-16,84,[19:45-20:00[,2026-07-16 18:45,1871.678,-287.353,-0.154,440.965,0.236,,,,,1931.5,1.032,1695.248,0.906,-4355.065,-2.327
16/07/2026,2026-07-16,85,[20:00-20:15[,2026-07-16 19:00,1874.286,5159.428,2.753,462.882,0.247,,,,,2431.9,1.298,1688.471,0.901,576.175,0.307
16/07/2026,2026-07-16,86,[20:15-20:30[,2026-07-16 19:15,1867.379,1509.789,0.809,524.295,0.281,,,,,2057,1.102,1697.828,0.909,-2769.334,-1.483
16/07/2026,2026-07-16,87,[20:30-20:45[,2026-07-16 19:30,1852.322,5143.907,2.777,574.596,0.31,,,,,1986.6,1.072,1680.104,0.907,902.607,0.487
16/07/2026,2026-07-16,88,[20:45-21:00[,2026-07-16 19:45,1843.703,4588.876,2.489,584.394,0.317,,,,,1986.6,1.078,1721.754,0.934,296.128,0.161
16/07/2026,2026-07-16,89,[21:00-21:15[,2026-07-16 20:00,1843.561,5678.507,3.08,1162.323,0.63,,,,,2456.3,1.332,1742.89,0.945,316.994,0.172
16/07/2026,2026-07-16,90,[21:15-21:30[,2026-07-16 20:15,1852.383,1073.404,0.579,1162.95,0.628,,,,,2456.3,1.326,1739.708,0.939,-4285.554,-2.314
16/07/2026,2026-07-16,91,[21:30-21:45[,2026-07-16 20:30,1834.693,4006.781,2.184,1162.356,0.634,,,,,2456.3,1.339,1715.401,0.935,-1327.276,-0.723
16/07/2026,2026-07-16,92,[21:45-22:00[,2026-07-16 20:45,1805.654,7094.029,3.929,1162.356,0.644,,,,,2456.3,1.36,1691.561,0.937,1783.811,0.988
16/07/2026,2026-07-16,93,[22:00-22:15[,2026-07-16 21:00,1776.641,6492.388,3.654,1162.356,0.654,,,,,2662.2,1.498,1699.771,0.957,968.061,0.545
16/07/2026,2026-07-16,94,[22:15-22:30[,2026-07-16 21:15,1745.974,4900.269,2.807,1161.763,0.665,,,,,2582.2,1.479,1748.92,1.002,-592.613,-0.339
16/07/2026,2026-07-16,95,[22:30-22:45[,2026-07-16 21:30,1708.221,1866.093,1.092,1160.916,0.68,,,,,2582.2,1.512,1718.438,1.006,-3595.461,-2.105
16/07/2026,2026-07-16,96,[22:45-23:00[,2026-07-16 21:45,1673.607,10642.99,6.359,1153.845,0.689,,,,,2784.62,1.664,1738.515,1.039,4966.009,2.967
17/07/2026,2026-07-17,1,[23:00-23:15[,2026-07-16 22:00,1634.691,3257.542,1.993,1180.152,0.722,,,,,1794.4,1.098,1672.433,1.023,-1389.443,-0.85
17/07/2026,2026-07-17,2,[23:15-23:30[,2026-07-16 22:15,1594.207,5765.953,3.617,1180.236,0.74,,,,,2111.4,1.324,1678.637,1.053,795.681,0.499
17/07/2026,2026-07-17,3,[23:30-23:45[,2026-07-16 22:30,1561.926,5327.041,3.411,1180.236,0.756,,,,,2122.1,1.359,1726.59,1.105,298.116,0.191
17/07/2026,2026-07-17,4,[23:45-00:00[,2026-07-16 22:45,1521.973,8467.35,5.563,1180.236,0.775,,,,,2241.5,1.473,1725.621,1.134,3319.994,2.181
17/07/2026,2026-07-17,5,[00:00-00:15[,2026-07-16 23:00,1491.992,3552.913,2.381,1180.319,0.791,,,,,1775.5,1.19,1665.576,1.116,-1068.483,-0.716
17/07/2026,2026-07-17,6,[00:15-00:30[,2026-07-16 23:15,1467.507,6096.734,4.154,1180.319,0.804,,,,,1984,1.352,1582.3,1.078,1350.115,0.92
17/07/2026,2026-07-17,7,[00:30-00:45[,2026-07-16 23:30,1445.229,5586.294,3.865,1180.319,0.817,,,,,1984,1.373,1693.637,1.172,728.337,0.504
17/07/2026,2026-07-17,8,[00:45-01:00[,2026-07-16 23:45,1423.238,6703.679,4.71,1180.319,0.829,,,,,2101.7,1.477,1713.371,1.204,1708.289,1.2
17/07/2026,2026-07-17,9,[01:00-01:15[,2026-07-17 00:00,1401.859,5173.59,3.691,196.075,0.14,,,,,1890.7,1.349,1633.814,1.165,1453.001,1.036
17/07/2026,2026-07-17,10,[01:15-01:30[,2026-07-17 00:15,1377.776,4119.638,2.99,205.375,0.149,,,,,1916.6,1.391,1592.917,1.156,404.746,0.294
17/07/2026,2026-07-17,11,[01:30-01:45[,2026-07-17 00:30,1356.801,4298.704,3.168,205.375,0.151,,,,,1916.6,1.413,1577.889,1.163,598.84,0.441
17/07/2026,2026-07-17,12,[01:45-02:00[,2026-07-17 00:45,1341.404,4329.487,3.228,214.675,0.16,,,,,1942.5,1.448,1596.902,1.19,575.41,0.429
17/07/2026,2026-07-17,13,[02:00-02:15[,2026-07-17 01:00,1331.873,4222.22,3.17,214.675,0.161,,,,,1852.5,1.391,1738.9,1.306,416.145,0.312
17/07/2026,2026-07-17,14,[02:15-02:30[,2026-07-17 01:15,1317.326,4172.471,3.167,214.675,0.163,,,,,1852.5,1.406,1663.309,1.263,441.987,0.336
17/07/2026,2026-07-17,15,[02:30-02:45[,2026-07-17 01:30,1308.399,4366.254,3.337,214.675,0.164,,,,,1852.5,1.416,1733.1,1.325,565.979,0.433
17/07/2026,2026-07-17,16,[02:45-03:00[,2026-07-17 01:45,1300.219,4829.33,3.714,223.975,0.172,,,,,1852.5,1.425,1718.171,1.321,1034.685,0.796
17/07/2026,2026-07-17,17,[03:00-03:15[,2026-07-17 02:00,1291.207,4405.871,3.412,230.175,0.178,,,,,1668,1.292,1756.245,1.36,751.45,0.582
17/07/2026,2026-07-17,18,[03:15-03:30[,2026-07-17 02:15,1279.231,3248.895,2.54,230.175,0.18,,,,,1668,1.304,1765.377,1.38,-414.656,-0.324
17/07/2026,2026-07-17,19,[03:30-03:45[,2026-07-17 02:30,1273.272,5996.199,4.709,230.175,0.181,,,,,1668,1.31,1760.831,1.383,2337.192,1.836
17/07/2026,2026-07-17,20,[03:45-04:00[,2026-07-17 02:45,1264.535,3239.577,2.562,230.175,0.182,,,,,1668,1.319,1716.014,1.357,-374.612,-0.296
17/07/2026,2026-07-17,21,[04:00-04:15[,2026-07-17 03:00,1259.951,4683.91,3.718,232.888,0.185,,,,,1717,1.363,1693.439,1.344,1040.584,0.826
17/07/2026,2026-07-17,22,[04:15-04:30[,2026-07-17 03:15,1254.508,5490.699,4.377,230.175,0.183,,,,,1717,1.369,1607.266,1.281,1936.258,1.543
17/07/2026,2026-07-17,23,[04:30-04:45[,2026-07-17 03:30,1252.277,3786.291,3.024,223.975,0.179,,,,,1755.56,1.402,1615.249,1.29,191.507,0.153
17/07/2026,2026-07-17,24,[04:45-05:00[,2026-07-17 03:45,1252.388,4853.897,3.876,205.375,0.164,,,,,1717,1.371,1621.601,1.295,1309.921,1.046
17/07/2026,2026-07-17,25,[05:00-05:15[,2026-07-17 04:00,1266.702,333.428,0.263,893.927,0.706,,,,,1400,1.105,1639.574,1.294,-3600.072,-2.842
17/07/2026,2026-07-17,26,[05:15-05:30[,2026-07-17 04:15,1269.268,3110.898,2.451,892.733,0.703,,,,,1719.5,1.355,1695.348,1.336,-1196.683,-0.943
17/07/2026,2026-07-17,27,[05:30-05:45[,2026-07-17 04:30,1271.595,2279.723,1.793,892.649,0.702,,,,,1400,1.101,1628.844,1.281,-1641.77,-1.291
17/07/2026,2026-07-17,28,[05:45-06:00[,2026-07-17 04:45,1279.363,1125.838,0.88,892.566,0.698,,,,,1400,1.094,1589.664,1.243,-2756.391,-2.155
17/07/2026,2026-07-17,29,[06:00-06:15[,2026-07-17 05:00,1310.37,2517.683,1.921,460.849,0.352,,,,,1501.6,1.146,1588.455,1.212,-1033.221,-0.788
17/07/2026,2026-07-17,30,[06:15-06:30[,2026-07-17 05:15,1319.85,1462.22,1.108,460.778,0.349,,,,,1501.6,1.138,1586.703,1.202,-2086.862,-1.581
17/07/2026,2026-07-17,31,[06:30-06:45[,2026-07-17 05:30,1339.202,6370.157,4.757,460.727,0.344,,,,,1501.6,1.121,1674.533,1.25,2733.297,2.041
17/07/2026,2026-07-17,32,[06:45-07:00[,2026-07-17 05:45,1361.499,5443.302,3.998,480.633,0.353,,,,,1501.6,1.103,1695.877,1.246,1765.192,1.297
17/07/2026,2026-07-17,33,[07:00-07:15[,2026-07-17 06:00,1407.978,610.762,0.434,455.803,0.324,,,,,1922.5,1.365,1547.365,1.099,-3314.906,-2.354
17/07/2026,2026-07-17,34,[07:15-07:30[,2026-07-17 06:15,1441.872,5625.633,3.902,453.434,0.314,,,,,2366.5,1.641,1520.977,1.055,1284.722,0.891
17/07/2026,2026-07-17,35,[07:30-07:45[,2026-07-17 06:30,1473.751,7280.971,4.94,714.232,0.485,,,,,2904.2,1.971,1589.961,1.079,2072.578,1.406
17/07/2026,2026-07-17,36,[07:45-08:00[,2026-07-17 06:45,1516.081,10592.788,6.987,4906.2,3.236,,,,,2607.5,1.72,1685.332,1.112,1393.756,0.919
17/07/2026,2026-07-17,37,[08:00-08:15[,2026-07-17 07:00,1580.987,6417.492,4.059,3440.017,2.176,,,,,2276,1.44,1655.837,1.047,-954.363,-0.604
17/07/2026,2026-07-17,38,[08:15-08:30[,2026-07-17 07:15,1626.063,14398.935,8.855,4679.617,2.878,,,,,7924.8,4.874,1603.323,0.986,191.196,0.118
17/07/2026,2026-07-17,39,[08:30-08:45[,2026-07-17 07:30,1644.198,15095.649,9.181,6012.002,3.656,,,,,9077.25,5.521,1677.237,1.02,-1670.84,-1.016
17/07/2026,2026-07-17,40,[08:45-09:00[,2026-07-17 07:45,1657.124,19200.278,11.587,7407.377,4.47,,,,,10086.65,6.087,1575.427,0.951,130.824,0.079
17/07/2026,2026-07-17,41,[09:00-09:15[,2026-07-17 08:00,1697.65,16944.835,9.981,6921.801,4.077,,,,,8886.05,5.234,2443.895,1.44,-1306.911,-0.77
17/07/2026,2026-07-17,42,[09:15-09:30[,2026-07-17 08:15,1701.187,18110.556,10.646,7657.243,4.501,,,,,10338.71,6.077,2594.404,1.525,-2479.801,-1.458
17/07/2026,2026-07-17,43,[09:30-09:45[,2026-07-17 08:30,1692.891,18219.569,10.762,7609.816,4.495,,,,,10544.18,6.229,2397.013,1.416,-2331.44,-1.377
17/07/2026,2026-07-17,44,[09:45-10:00[,2026-07-17 08:45,1680.123,19617.397,11.676,7902.502,4.704,,,,,11639.87,6.928,1892.841,1.127,-1817.816,-1.082
17/07/2026,2026-07-17,45,[10:00-10:15[,2026-07-17 09:00,1678.205,18464.941,11.003,7544.378,4.496,,,,,11978.7,7.138,2605.715,1.553,-3663.852,-2.183
17/07/2026,2026-07-17,46,[10:15-10:30[,2026-07-17 09:15,1681.436,20068.366,11.935,7659.552,4.555,,,,,12555.7,7.467,2592.814,1.542,-2739.699,-1.629
17/07/2026,2026-07-17,47,[10:30-10:45[,2026-07-17 09:30,1666.043,23472.416,14.089,7807.602,4.686,,,,,13270.9,7.966,2330.784,1.399,63.13,0.038
17/07/2026,2026-07-17,48,[10:45-11:00[,2026-07-17 09:45,1671.585,23220.799,13.891,7861.433,4.703,,,,,13630,8.154,2567.11,1.536,-837.743,-0.501
17/07/2026,2026-07-17,49,[11:00-11:15[,2026-07-17 10:00,1672.696,24952.859,14.918,7860.049,4.699,,,,,14995.1,8.965,2585.494,1.546,-487.784,-0.292
17/07/2026,2026-07-17,50,[11:15-11:30[,2026-07-17 10:15,1668.49,25143.578,15.07,7846.253,4.703,,,,,15019.3,9.002,2347.171,1.407,-69.146,-0.041
17/07/2026,2026-07-17,51,[11:30-11:45[,2026-07-17 10:30,1675.343,25765.07,15.379,7849.959,4.686,,,,,15869.6,9.472,2573.818,1.536,-528.307,-0.315
17/07/2026,2026-07-17,52,[11:45-12:00[,2026-07-17 10:45,1665.646,25431.789,15.268,7866.826,4.723,,,,,16024.4,9.621,2331.996,1.4,-791.433,-0.475
17/07/2026,2026-07-17,53,[12:00-12:15[,2026-07-17 11:00,1656.527,23631.534,14.266,7152.794,4.318,,,,,14791.58,8.929,2551.065,1.54,-863.904,-0.522
17/07/2026,2026-07-17,54,[12:15-12:30[,2026-07-17 11:15,1647.003,23807.815,14.455,7129.613,4.329,,,,,14690.92,8.92,2554.238,1.551,-566.956,-0.344
17/07/2026,2026-07-17,55,[12:30-12:45[,2026-07-17 11:30,1608.822,25582.371,15.901,7867.569,4.89,,,,,14826.54,9.216,2401.94,1.493,486.322,0.302
17/07/2026,2026-07-17,56,[12:45-13:00[,2026-07-17 11:45,1600.642,25917.566,16.192,7869.873,4.917,,,,,14820.26,9.259,2542.284,1.588,685.149,0.428
17/07/2026,2026-07-17,57,[13:00-13:15[,2026-07-17 12:00,1591.188,23047.688,14.485,7249.287,4.556,,,,,13641.5,8.573,2439.239,1.533,-282.338,-0.177
17/07/2026,2026-07-17,58,[13:15-13:30[,2026-07-17 12:15,1590.272,23507.765,14.782,7162.81,4.504,,,,,13610.9,8.559,2524.248,1.587,209.807,0.132
17/07/2026,2026-07-17,59,[13:30-13:45[,2026-07-17 12:30,1603.891,24301.353,15.151,7143.675,4.454,,,,,15002.5,9.354,2540.306,1.584,-385.128,-0.24
17/07/2026,2026-07-17,60,[13:45-14:00[,2026-07-17 12:45,1570.888,23223.827,14.784,7164.486,4.561,,,,,14980.8,9.537,1630.961,1.038,-552.42,-0.352
17/07/2026,2026-07-17,61,[14:00-14:15[,2026-07-17 13:00,1581.981,19761.854,12.492,7249.029,4.582,,,,,12052.1,7.618,1543.962,0.976,-1083.237,-0.685
17/07/2026,2026-07-17,62,[14:15-14:30[,2026-07-17 13:15,1591.765,21023.459,13.208,7854.064,4.934,,,,,12129.6,7.62,1496.23,0.94,-456.435,-0.287
17/07/2026,2026-07-17,63,[14:30-14:45[,2026-07-17 13:30,1585.78,21772.482,13.73,7865.278,4.96,,,,,12129.6,7.649,1473.078,0.929,304.526,0.192
17/07/2026,2026-07-17,64,[14:45-15:00[,2026-07-17 13:45,1583.895,20374.255,12.863,7872.115,4.97,,,,,12129.6,7.658,1513.676,0.956,-1141.136,-0.72
17/07/2026,2026-07-17,65,[15:00-15:15[,2026-07-17 14:00,1579.33,21807.283,13.808,7870.485,4.983,,,,,12129.6,7.68,1490.05,0.943,317.149,0.201
17/07/2026,2026-07-17,66,[15:15-15:30[,2026-07-17 14:15,1572.33,22059.777,14.03,7877.571,5.01,,,,,12108.4,7.701,1501.502,0.955,572.305,0.364
17/07/2026,2026-07-17,67,[15:30-15:45[,2026-07-17 14:30,1572.236,21177.09,13.469,7884.591,5.015,,,,,12534.9,7.973,1431.058,0.91,-673.459,-0.428
17/07/2026,2026-07-17,68,[15:45-16:00[,2026-07-17 14:45,1569.458,21172.352,13.49,7258.846,4.625,,,,,12455.6,7.936,1462.424,0.932,-4.518,-0.003
17/07/2026,2026-07-17,69,[16:00-16:15[,2026-07-17 15:00,1568.395,21892.535,13.959,7381.272,4.706,,,,,13102.8,8.354,1512.088,0.964,-103.625,-0.066
17/07/2026,2026-07-17,70,[16:15-16:30[,2026-07-17 15:15,1576.663,22148.332,14.048,7252.214,4.6,,,,,13021.4,8.259,1508.572,0.957,366.147,0.232
17/07/2026,2026-07-17,71,[16:30-16:45[,2026-07-17 15:30,1584.671,22094.103,13.942,7250.132,4.575,,,,,12916.6,8.151,1504.781,0.95,422.59,0.267
17/07/2026,2026-07-17,72,[16:45-17:00[,2026-07-17 15:45,1591.551,23632.49,14.849,7947.675,4.994,,,,,13502.4,8.484,1503.772,0.945,678.642,0.426
17/07/2026,2026-07-17,73,[17:00-17:15[,2026-07-17 16:00,1580.452,21590.933,13.661,7807.634,4.94,,,,,13442,8.505,1535.893,0.972,-1194.594,-0.756
17/07/2026,2026-07-17,74,[17:15-17:30[,2026-07-17 16:15,1583.484,23982.486,15.145,7513.466,4.745,,,,,15674.4,9.899,1405.56,0.888,-610.94,-0.386
17/07/2026,2026-07-17,75,[17:30-17:45[,2026-07-17 16:30,1593.493,22616.494,14.193,6872.192,4.313,,,,,14430.4,9.056,1408.004,0.884,-94.103,-0.059
17/07/2026,2026-07-17,76,[17:45-18:00[,2026-07-17 16:45,1609.054,19626.439,12.198,6040.886,3.754,,,,,12688.8,7.886,1378.904,0.857,-482.151,-0.3
17/07/2026,2026-07-17,77,[18:00-18:15[,2026-07-17 17:00,1619.411,24491.817,15.124,7696.271,4.753,,,,,15985.4,9.871,1441.879,0.89,-631.734,-0.39
17/07/2026,2026-07-17,78,[18:15-18:30[,2026-07-17 17:15,1643.841,18963.189,11.536,5943.61,3.616,,,,,12688.8,7.719,1494.952,0.909,-1164.172,-0.708
17/07/2026,2026-07-17,79,[18:30-18:45[,2026-07-17 17:30,1673.66,11895.79,7.108,3586.094,2.143,,,,,5589,3.339,1542.825,0.922,1177.871,0.704
17/07/2026,2026-07-17,80,[18:45-19:00[,2026-07-17 17:45,1708.483,3732.298,2.185,501.027,0.293,,,,,3432,2.009,1598.327,0.936,-1799.055,-1.053
17/07/2026,2026-07-17,81,[19:00-19:15[,2026-07-17 18:00,1736.884,8872.701,5.108,4517.61,2.601,,,,,2705,1.557,1630.64,0.939,19.452,0.011
17/07/2026,2026-07-17,82,[19:15-19:30[,2026-07-17 18:15,1762.44,4013.392,2.277,561.632,0.319,,,,,2378.6,1.35,1637.332,0.929,-564.171,-0.32
17/07/2026,2026-07-17,83,[19:30-19:45[,2026-07-17 18:30,1790.207,954.465,0.533,467.455,0.261,,,,,1437.7,0.803,1685.475,0.941,-2636.164,-1.473
17/07/2026,2026-07-17,84,[19:45-20:00[,2026-07-17 18:45,1807.67,241.725,0.134,470.36,0.26,,,,,1340.2,0.741,1657.167,0.917,-3226.001,-1.785
17/07/2026,2026-07-17,85,[20:00-20:15[,2026-07-17 19:00,1802.431,2388.173,1.325,470.734,0.261,,,,,1896,1.052,1687.257,0.936,-1665.818,-0.924
17/07/2026,2026-07-17,86,[20:15-20:30[,2026-07-17 19:15,1795.917,3797.762,2.115,470.36,0.262,,,,,1896,1.056,1729.498,0.963,-298.096,-0.166
17/07/2026,2026-07-17,87,[20:30-20:45[,2026-07-17 19:30,1785.351,4414.338,2.473,470.36,0.263,,,,,1866,1.045,1706.087,0.956,371.892,0.208
17/07/2026,2026-07-17,88,[20:45-21:00[,2026-07-17 19:45,1784.649,6540.585,3.665,470.36,0.264,,,,,1836,1.029,1718.225,0.963,2516.001,1.41
17/07/2026,2026-07-17,89,[21:00-21:15[,2026-07-17 20:00,1788.3,2864.308,1.602,1207.052,0.675,,,,,1992.4,1.114,1678.09,0.938,-2013.234,-1.126
17/07/2026,2026-07-17,90,[21:15-21:30[,2026-07-17 20:15,1795.781,5481.814,3.053,1205.243,0.671,,,,,2091,1.164,1753.259,0.976,432.311,0.241
17/07/2026,2026-07-17,91,[21:30-21:45[,2026-07-17 20:30,1777.054,3762.023,2.117,1190.711,0.67,,,,,2091,1.177,1720.082,0.968,-1239.77,-0.698
17/07/2026,2026-07-17,92,[21:45-22:00[,2026-07-17 20:45,1744.506,6260.426,3.589,1314.052,0.753,,,,,2211.62,1.268,1710.717,0.981,1024.037,0.587
17/07/2026,2026-07-17,93,[22:00-22:15[,2026-07-17 21:00,1714.814,2254.172,1.315,1197.919,0.699,,,,,2150.5,1.254,1723.976,1.005,-2818.223,-1.643
17/07/2026,2026-07-17,94,[22:15-22:30[,2026-07-17 21:15,1690.559,6170.592,3.65,1302.9,0.771,,,,,2212.44,1.309,1747.89,1.034,907.363,0.537
17/07/2026,2026-07-17,95,[22:30-22:45[,2026-07-17 21:30,1658.669,5766.33,3.476,1381.95,0.833,,,,,2299.5,1.386,1677.836,1.012,407.045,0.245
17/07/2026,2026-07-17,96,[22:45-23:00[,2026-07-17 21:45,1625.986,15594.41,9.591,5101.012,3.137,,,,,4392.7,2.702,1701.237,1.046,4399.462,2.706
18/07/2026,2026-07-18,1,[23:00-23:15[,2026-07-17 22:00,1607.909,4392.369,2.732,1876.318,1.167,,,,,2403.2,1.495,2109.432,1.312,-1996.581,-1.242
18/07/2026,2026-07-18,2,[23:15-23:30[,2026-07-17 22:15,1581.204,7157.436,4.527,2186.318,1.383,,,,,2186.6,1.383,2301.722,1.456,482.796,0.305
18/07/2026,2026-07-18,3,[23:30-23:45[,2026-07-17 22:30,1544.52,5966.792,3.863,2209.164,1.43,,,,,1980.1,1.282,2199.563,1.424,-422.035,-0.273
18/07/2026,2026-07-18,4,[23:45-00:00[,2026-07-17 22:45,1502.181,1621.149,1.079,2235.1,1.488,,,,,2024.1,1.347,1907.559,1.27,-4545.61,-3.026
18/07/2026,2026-07-18,5,[00:00-00:15[,2026-07-17 23:00,1482.572,6009.531,4.053,2208.934,1.49,,,,,1834.8,1.238,2312.329,1.56,-346.532,-0.234
18/07/2026,2026-07-18,6,[00:15-00:30[,2026-07-17 23:15,1455.088,6384.916,4.388,2209.166,1.518,,,,,2035.1,1.399,2316.833,1.592,-176.182,-0.121
18/07/2026,2026-07-18,7,[00:30-00:45[,2026-07-17 23:30,1428.334,6422.828,4.497,2210.935,1.548,,,,,1970.9,1.38,2254.493,1.578,-13.5,-0.009
18/07/2026,2026-07-18,8,[00:45-01:00[,2026-07-17 23:45,1406.872,5278.187,3.752,2218.825,1.577,,,,,2054.3,1.46,2291.917,1.629,-1286.855,-0.915
18/07/2026,2026-07-18,9,[01:00-01:15[,2026-07-18 00:00,1383.708,6478.916,4.682,2207.915,1.596,,,,,1631.6,1.179,2117.594,1.53,521.808,0.377
18/07/2026,2026-07-18,10,[01:15-01:30[,2026-07-18 00:15,1369.249,6776.33,4.949,2210.935,1.615,,,,,1683.8,1.23,2312.584,1.689,569.011,0.416
18/07/2026,2026-07-18,11,[01:30-01:45[,2026-07-18 00:30,1347.675,6530.465,4.846,2218.825,1.646,,,,,1857.6,1.378,2212.039,1.641,242.001,0.18
18/07/2026,2026-07-18,12,[01:45-02:00[,2026-07-18 00:45,1328.824,6397.842,4.815,2235.1,1.682,,,,,1787.8,1.345,2045.07,1.539,329.872,0.248
18/07/2026,2026-07-18,13,[02:00-02:15[,2026-07-18 01:00,1323.523,6701.686,5.064,2218.825,1.676,,,,,1658,1.253,2303.372,1.74,521.488,0.394
18/07/2026,2026-07-18,14,[02:15-02:30[,2026-07-18 01:15,1307.37,6790.433,5.194,2235.1,1.71,,,,,1707.4,1.306,2313.391,1.769,534.542,0.409
18/07/2026,2026-07-18,15,[02:30-02:45[,2026-07-18 01:30,1290.52,6808.3,5.276,2235.1,1.732,,,,,1707.4,1.323,2211.76,1.714,654.04,0.507
18/07/2026,2026-07-18,16,[02:45-03:00[,2026-07-18 01:45,1283.907,6180.774,4.814,2235.1,1.741,,,,,1707.4,1.33,2290.063,1.784,-51.788,-0.04
18/07/2026,2026-07-18,17,[03:00-03:15[,2026-07-18 02:00,1276.135,7538.978,5.908,3434.188,2.691,,,,,1606.5,1.259,2173.293,1.703,324.997,0.255
18/07/2026,2026-07-18,18,[03:15-03:30[,2026-07-18 02:15,1270.848,6798.847,5.35,3154.94,2.483,,,,,1606.5,1.264,2316.438,1.823,-279.032,-0.22
18/07/2026,2026-07-18,19,[03:30-03:45[,2026-07-18 02:30,1260.739,6062.024,4.808,2524.401,2.002,,,,,1606.5,1.274,2247.27,1.783,-316.146,-0.251
18/07/2026,2026-07-18,20,[03:45-04:00[,2026-07-18 02:45,1245.71,6771.749,5.436,2902.989,2.33,,,,,1606.5,1.29,2016.526,1.619,245.735,0.197
18/07/2026,2026-07-18,21,[04:00-04:15[,2026-07-18 03:00,1248.349,6998.637,5.606,2238.588,1.793,,,,,1625.1,1.302,2278.011,1.825,856.939,0.686
18/07/2026,2026-07-18,22,[04:15-04:30[,2026-07-18 03:15,1241.599,5911.282,4.761,2238.588,1.803,,,,,1625.1,1.309,2241.483,1.805,-193.889,-0.156
18/07/2026,2026-07-18,23,[04:30-04:45[,2026-07-18 03:30,1235.197,6763.709,5.476,2235.1,1.81,,,,,1740.1,1.409,2220.573,1.798,567.936,0.46
18/07/2026,2026-07-18,24,[04:45-05:00[,2026-07-18 03:45,1231.682,6620.176,5.375,2235.1,1.815,,,,,1740.1,1.413,2210.635,1.795,434.341,0.353
18/07/2026,2026-07-18,25,[05:00-05:15[,2026-07-18 04:00,1227.236,6260.909,5.102,2211.075,1.802,,,,,1688.1,1.376,2048.053,1.669,313.682,0.256
18/07/2026,2026-07-18,26,[05:15-05:30[,2026-07-18 04:15,1233.8,6975.692,5.654,2210.935,1.792,,,,,1589.9,1.289,2230.328,1.808,944.529,0.766
18/07/2026,2026-07-18,27,[05:30-05:45[,2026-07-18 04:30,1229.269,6978.256,5.677,2210.935,1.799,,,,,1631.5,1.327,2208.199,1.796,927.622,0.755
18/07/2026,2026-07-18,28,[05:45-06:00[,2026-07-18 04:45,1225.152,6931.906,5.658,2209.623,1.804,,,,,1581.3,1.291,2229.635,1.82,911.348,0.744
18/07/2026,2026-07-18,29,[06:00-06:15[,2026-07-18 05:00,1233.526,3132.771,2.54,2193.762,1.778,,,,,1738.8,1.41,2224.807,1.804,-3024.598,-2.452
18/07/2026,2026-07-18,30,[06:15-06:30[,2026-07-18 05:15,1223.659,6614.666,5.406,2218.413,1.813,,,,,1876.8,1.534,2061.402,1.685,458.052,0.374
18/07/2026,2026-07-18,31,[06:30-06:45[,2026-07-18 05:30,1234.025,8994.568,7.289,4240.937,3.437,,,,,1545.6,1.252,2152.194,1.744,1055.837,0.856
18/07/2026,2026-07-18,32,[06:45-07:00[,2026-07-18 05:45,1237.139,7721.911,6.242,4587.373,3.708,,,,,1714.3,1.386,2223.966,1.798,-803.728,-0.65
18/07/2026,2026-07-18,33,[07:00-07:15[,2026-07-18 06:00,1251.862,11186.068,8.936,5219.546,4.169,,,,,1579.2,1.261,1991.268,1.591,2396.055,1.914
18/07/2026,2026-07-18,34,[07:15-07:30[,2026-07-18 06:15,1269.265,11263.671,8.874,8016.021,6.315,,,,,1579.2,1.244,2139.266,1.685,-470.816,-0.371
18/07/2026,2026-07-18,35,[07:30-07:45[,2026-07-18 06:30,1276.35,18829.825,14.753,9686.063,7.589,,,,,4485,3.514,2020.692,1.583,2638.07,2.067
18/07/2026,2026-07-18,36,[07:45-08:00[,2026-07-18 06:45,1290.483,23030.9,17.847,10740.559,8.323,,,,,2670.48,2.069,2001.416,1.551,7618.446,5.904
18/07/2026,2026-07-18,37,[08:00-08:15[,2026-07-18 07:00,1313.163,16977.666,12.929,11130.649,8.476,,,,,3763.2,2.866,2088.19,1.59,-4.373,-0.003
18/07/2026,2026-07-18,38,[08:15-08:30[,2026-07-18 07:15,1341.347,20872.222,15.561,12198.716,9.094,,,,,6939,5.173,1965.128,1.465,-230.622,-0.172
18/07/2026,2026-07-18,39,[08:30-08:45[,2026-07-18 07:30,1362.963,26902.376,19.738,16625.569,12.198,,,,,8693.04,6.378,2069.732,1.519,-485.964,-0.357
18/07/2026,2026-07-18,40,[08:45-09:00[,2026-07-18 07:45,1374.646,29706.924,21.611,17722.131,12.892,,,,,10109.61,7.354,1914.2,1.393,-39.016,-0.028
18/07/2026,2026-07-18,41,[09:00-09:15[,2026-07-18 08:00,1384.281,23337.001,16.859,16795.906,12.133,,,,,5605.44,4.049,1781.228,1.287,-845.573,-0.611
18/07/2026,2026-07-18,42,[09:15-09:30[,2026-07-18 08:15,1396.457,21735.971,15.565,17592.462,12.598,,,,,2966.5,2.124,1927.268,1.38,-750.259,-0.537
18/07/2026,2026-07-18,43,[09:30-09:45[,2026-07-18 08:30,1400.28,22927.019,16.373,18095.218,12.923,,,,,3007,2.147,1907.397,1.362,-82.597,-0.059
18/07/2026,2026-07-18,44,[09:45-10:00[,2026-07-18 08:45,1398.697,22361.426,15.987,18220.444,13.027,,,,,2411,1.724,1689.198,1.208,40.784,0.029
18/07/2026,2026-07-18,45,[10:00-10:15[,2026-07-18 09:00,1408.491,22505.077,15.978,18251.049,12.958,,,,,2443,1.734,1850.504,1.314,-39.475,-0.028
18/07/2026,2026-07-18,46,[10:15-10:30[,2026-07-18 09:15,1404.508,20651.254,14.704,18263.4,13.003,,,,,2466.5,1.756,1688.699,1.202,-1767.344,-1.258
18/07/2026,2026-07-18,47,[10:30-10:45[,2026-07-18 09:30,1407.097,21628.069,15.371,18292.002,13,,,,,2487,1.767,1779.769,1.265,-930.702,-0.661
18/07/2026,2026-07-18,48,[10:45-11:00[,2026-07-18 09:45,1406.899,22022.713,15.653,18325.623,13.026,,,,,2504.5,1.78,1769.816,1.258,-577.227,-0.41
18/07/2026,2026-07-18,49,[11:00-11:15[,2026-07-18 10:00,1401.999,33151.359,23.646,18328.165,13.073,,,,,12880.4,9.187,1591.792,1.135,351.002,0.25
18/07/2026,2026-07-18,50,[11:15-11:30[,2026-07-18 10:15,1414.68,33339.848,23.567,18304.688,12.939,,,,,12950.22,9.154,1763.296,1.246,321.644,0.227
18/07/2026,2026-07-18,51,[11:30-11:45[,2026-07-18 10:30,1414.73,33570.234,23.729,18307.07,12.94,,,,,12921.36,9.133,1630.977,1.153,710.826,0.502
18/07/2026,2026-07-18,52,[11:45-12:00[,2026-07-18 10:45,1416.228,33240.845,23.471,18310.531,12.929,,,,,12967.46,9.156,1736.385,1.226,226.47,0.16
18/07/2026,2026-07-18,53,[12:00-12:15[,2026-07-18 11:00,1421.532,22309.747,15.694,18314.251,12.883,,,,,2100,1.477,1724.996,1.213,170.5,0.12
18/07/2026,2026-07-18,54,[12:15-12:30[,2026-07-18 11:15,1412.661,22017.753,15.586,18313.259,12.964,,,,,2110,1.494,1460.814,1.034,133.68,0.095
18/07/2026,2026-07-18,55,[12:30-12:45[,2026-07-18 11:30,1418.649,22013.576,15.517,18313.045,12.909,,,,,1924,1.356,1625.301,1.146,151.23,0.107
18/07/2026,2026-07-18,56,[12:45-13:00[,2026-07-18 11:45,1402.573,22051.469,15.722,18313.765,13.057,,,,,1926.5,1.374,1644.514,1.172,166.69,0.119
18/07/2026,2026-07-18,57,[13:00-13:15[,2026-07-18 12:00,1375.846,21942.98,15.949,19042.453,13.841,,,,,1891.5,1.375,1447.097,1.052,-438.07,-0.318
18/07/2026,2026-07-18,58,[13:15-13:30[,2026-07-18 12:15,1365.92,22508.482,16.479,19050.264,13.947,,,,,1928.5,1.412,1575.088,1.153,-45.37,-0.033
18/07/2026,2026-07-18,59,[13:30-13:45[,2026-07-18 12:30,1348.462,22553.131,16.725,19058.472,14.133,,,,,1926,1.428,1430.839,1.061,137.82,0.102
18/07/2026,2026-07-18,60,[13:45-14:00[,2026-07-18 12:45,1341.857,22496.368,16.765,19068.647,14.211,,,,,1923.5,1.433,1525.831,1.137,-21.61,-0.016
18/07/2026,2026-07-18,61,[14:00-14:15[,2026-07-18 13:00,1337.366,22802.197,17.05,19090.24,14.275,,,,,1921,1.436,1547.848,1.157,243.11,0.182
18/07/2026,2026-07-18,62,[14:15-14:30[,2026-07-18 13:15,1322.106,22355.407,16.909,19085.658,14.436,,,,,1921,1.453,1342.369,1.015,6.38,0.005
18/07/2026,2026-07-18,63,[14:30-14:45[,2026-07-18 13:30,1325.466,21290.684,16.063,19075.626,14.392,,,,,1918.5,1.447,1603.815,1.21,-1307.257,-0.986
18/07/2026,2026-07-18,64,[14:45-15:00[,2026-07-18 13:45,1320.08,22551.767,17.084,19049.447,14.431,,,,,1914,1.45,1603.802,1.215,-15.482,-0.012
18/07/2026,2026-07-18,65,[15:00-15:15[,2026-07-18 14:00,1317.515,22882.062,17.368,19078.179,14.48,,,,,2102.5,1.596,1425.307,1.082,276.077,0.21
18/07/2026,2026-07-18,66,[15:15-15:30[,2026-07-18 14:15,1327.684,23241.09,17.505,19228.636,14.483,,,,,2105,1.585,1600.643,1.206,306.811,0.231
18/07/2026,2026-07-18,67,[15:30-15:45[,2026-07-18 14:30,1318.635,22671.591,17.193,19232.873,14.585,,,,,2332.5,1.769,1464.826,1.111,-358.608,-0.272
18/07/2026,2026-07-18,68,[15:45-16:00[,2026-07-18 14:45,1311.451,22808.713,17.392,19253.492,14.681,,,,,2330,1.777,1362.748,1.039,-137.527,-0.105
18/07/2026,2026-07-18,69,[16:00-16:15[,2026-07-18 15:00,1322.018,33733.977,25.517,18238.484,13.796,,,,,12804.9,9.686,1697.204,1.284,993.389,0.751
18/07/2026,2026-07-18,70,[16:15-16:30[,2026-07-18 15:15,1321.298,32046.398,24.254,18218.422,13.788,,,,,12532.24,9.485,1607.77,1.217,-312.033,-0.236
18/07/2026,2026-07-18,71,[16:30-16:45[,2026-07-18 15:30,1322.705,29387.678,22.218,18176.707,13.742,,,,,10027.4,7.581,1538.688,1.163,-355.116,-0.268
18/07/2026,2026-07-18,72,[16:45-17:00[,2026-07-18 15:45,1343.773,29444.813,21.912,18016.59,13.407,,,,,10085,7.505,1700.266,1.265,-357.043,-0.266
18/07/2026,2026-07-18,73,[17:00-17:15[,2026-07-18 16:00,1344.345,32425.84,24.12,17177.02,12.777,,,,,11390.7,8.473,1608.903,1.197,2249.218,1.673
18/07/2026,2026-07-18,74,[17:15-17:30[,2026-07-18 16:15,1361.771,25710.044,18.88,14395.729,10.571,,,,,9770.6,7.175,1732.226,1.272,-188.512,-0.138
18/07/2026,2026-07-18,75,[17:30-17:45[,2026-07-18 16:30,1377.14,18712.517,13.588,11426.661,8.297,,,,,5796,4.209,1712.819,1.244,-222.963,-0.162
18/07/2026,2026-07-18,76,[17:45-18:00[,2026-07-18 16:45,1383.651,15097.449,10.911,10743.719,7.765,,,,,2372.2,1.714,1870.425,1.352,111.105,0.08
18/07/2026,2026-07-18,77,[18:00-18:15[,2026-07-18 17:00,1411.302,16633.018,11.786,11045.153,7.826,,,,,471.3,0.334,2067.222,1.465,3049.343,2.161
18/07/2026,2026-07-18,78,[18:15-18:30[,2026-07-18 17:15,1430.585,9335.205,6.525,9808.298,6.856,,,,,3522.1,2.462,1877.171,1.312,-5872.364,-4.105
18/07/2026,2026-07-18,79,[18:30-18:45[,2026-07-18 17:30,1460.606,14181.563,9.709,9194.736,6.295,,,,,1648.3,1.129,2032.522,1.392,1306.005,0.894
18/07/2026,2026-07-18,80,[18:45-19:00[,2026-07-18 17:45,1489.6,5808.804,3.9,6858.902,4.605,,,,,1868.7,1.254,2027.464,1.361,-4946.262,-3.321
18/07/2026,2026-07-18,81,[19:00-19:15[,2026-07-18 18:00,1512.503,9699.382,6.413,7256.253,4.798,,,,,1537,1.016,1845.519,1.22,-939.39,-0.621
18/07/2026,2026-07-18,82,[19:15-19:30[,2026-07-18 18:15,1550.712,4133.122,2.665,6228.379,4.016,,,,,1537,0.991,2062.265,1.33,-5694.521,-3.672
18/07/2026,2026-07-18,83,[19:30-19:45[,2026-07-18 18:30,1570.958,9953.169,6.336,5411.03,3.444,,,,,1537,0.978,1956.462,1.245,1048.677,0.668
18/07/2026,2026-07-18,84,[19:45-20:00[,2026-07-18 18:45,1593.872,7669.771,4.812,4470.275,2.805,,,-236.565,-0.148,1484,0.931,2078.853,1.304,-126.792,-0.08
18/07/2026,2026-07-18,85,[20:00-20:15[,2026-07-18 19:00,1607.831,6214.821,3.865,4557.468,2.835,,,,,1596,0.993,2067.522,1.286,-2006.169,-1.248
18/07/2026,2026-07-18,86,[20:15-20:30[,2026-07-18 19:15,1589.931,8752.481,5.505,4370.597,2.749,,,,,1627,1.023,1119.27,0.704,1635.614,1.029
18/07/2026,2026-07-18,87,[20:30-20:45[,2026-07-18 19:30,1579.493,5325.649,3.372,3940.948,2.495,,,,,1627,1.03,1140.882,0.722,-1383.182,-0.876
18/07/2026,2026-07-18,88,[20:45-21:00[,2026-07-18 19:45,1577.772,6009.154,3.809,2975.503,1.886,,,,,1513,0.959,1107.203,0.702,413.448,0.262
18/07/2026,2026-07-18,89,[21:00-21:15[,2026-07-18 20:00,1579.612,3659.541,2.317,2209.138,1.399,,,,,1544.5,0.978,1103.042,0.698,-1197.139,-0.758
18/07/2026,2026-07-18,90,[21:15-21:30[,2026-07-18 20:15,1589.099,10001.732,6.294,3599.466,2.265,,,,,1544.5,0.972,1015.008,0.639,3842.759,2.418
18/07/2026,2026-07-18,91,[21:30-21:45[,2026-07-18 20:30,1575.542,5439.528,3.452,3754.75,2.383,,,,,1544.5,0.98,1047.741,0.665,-907.463,-0.576
18/07/2026,2026-07-18,92,[21:45-22:00[,2026-07-18 20:45,1554.594,11627.746,7.48,4460.849,2.869,,,,,1692,1.088,948.48,0.61,4526.416,2.912
18/07/2026,2026-07-18,93,[22:00-22:15[,2026-07-18 21:00,1533.835,8931.735,5.823,4437.721,2.893,,,,,1894.1,1.235,892.085,0.582,1707.829,1.113
18/07/2026,2026-07-18,94,[22:15-22:30[,2026-07-18 21:15,1506.965,6575.652,4.364,4624.568,3.069,,,,,1831.8,1.216,869.04,0.577,-749.756,-0.498
18/07/2026,2026-07-18,95,[22:30-22:45[,2026-07-18 21:30,1482.853,7570.985,5.106,4916.579,3.316,,,,,1962,1.323,1027.396,0.693,-334.99,-0.226
18/07/2026,2026-07-18,96,[22:45-23:00[,2026-07-18 21:45,1462.426,10357.963,7.083,6501.431,4.446,,,,,1962,1.342,1334.517,0.913,560.015,0.383
19/07/2026,2026-07-19,1,[23:00-23:15[,2026-07-18 22:00,1450.744,-1221.336,-0.842,1757.23,1.211,,,,,1920.7,1.324,1612.995,1.112,-6512.26,-4.489
19/07/2026,2026-07-19,2,[23:15-23:30[,2026-07-18 22:15,1426.949,5795.331,4.061,1848.809,1.296,,,,,1856.1,1.301,1945.419,1.363,145.003,0.102
19/07/2026,2026-07-19,3,[23:30-23:45[,2026-07-18 22:30,1397.654,3809.617,2.726,1848.809,1.323,,,,,1856.1,1.328,1808.056,1.294,-1703.348,-1.219
19/07/2026,2026-07-19,4,[23:45-00:00[,2026-07-18 22:45,1378.38,5784.414,4.197,2036.452,1.477,,,,,1948.3,1.413,1951.998,1.416,-152.337,-0.111
19/07/2026,2026-07-19,5,[00:00-00:15[,2026-07-18 23:00,1357.909,7676.033,5.653,1848.809,1.362,,,,,2384.9,1.756,1961.999,1.445,1480.325,1.09
19/07/2026,2026-07-19,6,[00:15-00:30[,2026-07-18 23:15,1332.281,4162.84,3.125,1867.933,1.402,,,,,2384.9,1.79,1792.515,1.345,-1882.507,-1.413
19/07/2026,2026-07-19,7,[00:30-00:45[,2026-07-18 23:30,1319.746,7272.117,5.51,1951.808,1.479,,,,,1917,1.453,1967.489,1.491,1435.82,1.088
19/07/2026,2026-07-19,8,[00:45-01:00[,2026-07-18 23:45,1299.537,6446.088,4.96,2063.903,1.588,,,,,1922.9,1.48,1972.714,1.518,486.571,0.374
19/07/2026,2026-07-19,9,[01:00-01:15[,2026-07-19 00:00,1278.831,6777.104,5.299,1894.865,1.482,,,,,1745.8,1.365,1942.313,1.519,1194.127,0.934
19/07/2026,2026-07-19,10,[01:15-01:30[,2026-07-19 00:15,1253.015,6008.005,4.795,2006.46,1.601,,,,,1688.09,1.347,1970.74,1.573,342.716,0.274
19/07/2026,2026-07-19,11,[01:30-01:45[,2026-07-19 00:30,1229.979,5958.296,4.844,2064.957,1.679,,,,,1637.9,1.332,1770.105,1.439,485.334,0.395
19/07/2026,2026-07-19,12,[01:45-02:00[,2026-07-19 00:45,1220.626,6479.908,5.309,2064.987,1.692,,,,,1637.9,1.342,1968.361,1.613,808.66,0.662
19/07/2026,2026-07-19,13,[02:00-02:15[,2026-07-19 01:00,1207.7,9592.836,7.943,5390.162,4.463,,,,,1603.8,1.328,1968.141,1.63,630.733,0.522
19/07/2026,2026-07-19,14,[02:15-02:30[,2026-07-19 01:15,1191.027,9196.151,7.721,5437.818,4.566,,,,,1562.2,1.312,1754.552,1.473,441.581,0.371
19/07/2026,2026-07-19,15,[02:30-02:45[,2026-07-19 01:30,1186.365,9988.416,8.419,5437.848,4.584,,,,,1588.3,1.339,1958.175,1.651,1004.093,0.846
19/07/2026,2026-07-19,16,[02:45-03:00[,2026-07-19 01:45,1173.602,9760.055,8.316,5437.347,4.633,,,,,1576.1,1.343,1814.713,1.546,931.895,0.794
19/07/2026,2026-07-19,17,[03:00-03:15[,2026-07-19 02:00,1173.18,10330.595,8.806,5531.62,4.715,,,,,1571.4,1.339,1969.489,1.679,1258.086,1.072
19/07/2026,2026-07-19,18,[03:15-03:30[,2026-07-19 02:15,1166.543,9646.23,8.269,5531.65,4.742,,,,,1543,1.323,1964.802,1.684,606.778,0.52
19/07/2026,2026-07-19,19,[03:30-03:45[,2026-07-19 02:30,1152.12,9931.002,8.62,5444.456,4.726,,,,,1594.5,1.384,1842.459,1.599,1049.588,0.911
19/07/2026,2026-07-19,20,[03:45-04:00[,2026-07-19 02:45,1150.662,9810.5,8.526,5437.377,4.725,,,,,1594.5,1.386,1958.007,1.702,820.616,0.713
19/07/2026,2026-07-19,21,[04:00-04:15[,2026-07-19 03:00,1143.86,9286.674,8.119,5104.883,4.463,,,,,1616.2,1.413,1924.528,1.682,641.063,0.56
19/07/2026,2026-07-19,22,[04:15-04:30[,2026-07-19 03:15,1140.778,8015.052,7.026,3423.203,3.001,,,,,1616.2,1.417,1943.181,1.703,1032.468,0.905
19/07/2026,2026-07-19,23,[04:30-04:45[,2026-07-19 03:30,1139.935,6048.6,5.306,2063.761,1.81,,,,,1616.2,1.418,1933.58,1.696,435.059,0.382
19/07/2026,2026-07-19,24,[04:45-05:00[,2026-07-19 03:45,1127.206,5906.634,5.24,2018.646,1.791,,,,,1637.2,1.452,1559.639,1.384,691.15,0.613
19/07/2026,2026-07-19,25,[05:00-05:15[,2026-07-19 04:00,1141.365,6347.674,5.561,2017.514,1.768,,,,,1625.92,1.425,1893.026,1.659,811.214,0.711
19/07/2026,2026-07-19,26,[05:15-05:30[,2026-07-19 04:15,1139.318,5530.419,4.854,1949.054,1.711,,,,,1647.79,1.446,1885.575,1.655,48,0.042
19/07/2026,2026-07-19,27,[05:30-05:45[,2026-07-19 04:30,1130.741,5944.223,5.257,1866.679,1.651,,,,,1679.6,1.485,1611.576,1.425,786.369,0.695
19/07/2026,2026-07-19,28,[05:45-06:00[,2026-07-19 04:45,1136.856,6279.965,5.524,1845.199,1.623,,,,,1679.6,1.477,1875.049,1.649,880.118,0.774
19/07/2026,2026-07-19,29,[06:00-06:15[,2026-07-19 05:00,1138.521,2781.393,2.443,1278.992,1.123,,,,,1812.4,1.592,1860.148,1.634,-2170.147,-1.906
19/07/2026,2026-07-19,30,[06:15-06:30[,2026-07-19 05:15,1119.098,6319.404,5.647,1506.78,1.346,,,,,1812.4,1.62,1731.482,1.547,1268.742,1.134
19/07/2026,2026-07-19,31,[06:30-06:45[,2026-07-19 05:30,1121.947,8551.745,7.622,5002.769,4.459,,,,,1862,1.66,1830.481,1.632,-143.505,-0.128
19/07/2026,2026-07-19,32,[06:45-07:00[,2026-07-19 05:45,1117.791,9353.391,8.368,6689.92,5.985,,,,,1862,1.666,1647.969,1.474,-846.498,-0.757
19/07/2026,2026-07-19,33,[07:00-07:15[,2026-07-19 06:00,1139.07,8356.78,7.336,5686.716,4.992,,,,,2015.9,1.77,1827.524,1.604,-1173.36,-1.03
19/07/2026,2026-07-19,34,[07:15-07:30[,2026-07-19 06:15,1139.614,14765.26,12.956,8052.321,7.066,,,,,6162.8,5.408,1818.693,1.596,-1268.553,-1.113
19/07/2026,2026-07-19,35,[07:30-07:45[,2026-07-19 06:30,1140.426,20263.621,17.768,9487.507,8.319,,,,,7014.6,6.151,1680.848,1.474,2080.666,1.824
19/07/2026,2026-07-19,36,[07:45-08:00[,2026-07-19 06:45,1153.426,19206.447,16.652,10033.067,8.698,,,,,5694.95,4.937,1624.328,1.408,1854.103,1.607
19/07/2026,2026-07-19,37,[08:00-08:15[,2026-07-19 07:00,1172.094,12046.506,10.278,10036.05,8.562,,,,,3281.56,2.8,1634.372,1.394,-2905.475,-2.479
19/07/2026,2026-07-19,38,[08:15-08:30[,2026-07-19 07:15,1177.002,19066.801,16.199,13456.089,11.433,,,,,4066.77,3.455,1362.897,1.158,181.045,0.154
19/07/2026,2026-07-19,39,[08:30-08:45[,2026-07-19 07:30,1202.657,24475.462,20.351,17281.492,14.369,,,,,5387.58,4.48,1625.527,1.352,180.862,0.15
19/07/2026,2026-07-19,40,[08:45-09:00[,2026-07-19 07:45,1222.072,24847.089,20.332,17636.495,14.432,,,,,5436.06,4.448,1647.501,1.348,127.033,0.104
19/07/2026,2026-07-19,41,[09:00-09:15[,2026-07-19 08:00,1242.614,33077.957,26.62,17663.072,14.214,,,,,13684.8,11.013,1543.326,1.242,186.759,0.15
19/07/2026,2026-07-19,42,[09:15-09:30[,2026-07-19 08:15,1262.97,33221.719,26.304,17701.433,14.016,,,,,13816.45,10.94,1559.408,1.235,144.428,0.114
19/07/2026,2026-07-19,43,[09:30-09:45[,2026-07-19 08:30,1266.342,32897.957,25.979,17705.511,13.982,,,,,13312.7,10.513,1415.428,1.118,464.319,0.367
19/07/2026,2026-07-19,44,[09:45-10:00[,2026-07-19 08:45,1286.171,32917.019,25.593,17688.115,13.753,,,,,13427.48,10.44,1553.734,1.208,247.69,0.193
19/07/2026,2026-07-19,45,[10:00-10:15[,2026-07-19 09:00,1299.523,32686.071,25.152,17691.239,13.614,,,,,13535.72,10.416,1435.822,1.105,23.29,0.018
19/07/2026,2026-07-19,46,[10:15-10:30[,2026-07-19 09:15,1301.766,32492.104,24.96,17689.516,13.589,,,,,13336.5,10.245,1322.369,1.016,143.72,0.11
19/07/2026,2026-07-19,47,[10:30-10:45[,2026-07-19 09:30,1304.611,31945.55,24.487,17689.963,13.56,,,,,13066.1,10.015,1437.151,1.102,-247.665,-0.19
19/07/2026,2026-07-19,48,[10:45-11:00[,2026-07-19 09:45,1312.376,30594.304,23.312,17687.024,13.477,,,,,13073.1,9.961,1510.471,1.151,-1676.291,-1.277
19/07/2026,2026-07-19,49,[11:00-11:15[,2026-07-19 10:00,1322.768,33230.994,25.122,17682.801,13.368,,,,,13760.05,10.402,1579.924,1.194,208.22,0.157
19/07/2026,2026-07-19,50,[11:15-11:30[,2026-07-19 10:15,1329.397,33066.33,24.873,17680.659,13.3,,,,,13723.5,10.323,1534.586,1.154,127.584,0.096
19/07/2026,2026-07-19,51,[11:30-11:45[,2026-07-19 10:30,1325.99,32146.775,24.244,17678.701,13.332,,,,,13356.95,10.073,1425.267,1.075,-314.143,-0.237
19/07/2026,2026-07-19,52,[11:45-12:00[,2026-07-19 10:45,1336.797,32445.604,24.271,17677.385,13.224,,,,,13371.8,10.003,1466.582,1.097,-70.163,-0.052
19/07/2026,2026-07-19,53,[12:00-12:15[,2026-07-19 11:00,1340.53,25090.659,18.717,17674.995,13.185,,,,,5864.28,4.375,1491.443,1.113,59.942,0.045
19/07/2026,2026-07-19,54,[12:15-12:30[,2026-07-19 11:15,1334.306,25208.783,18.893,17673.603,13.246,,,,,5891.2,4.415,1410.322,1.057,233.659,0.175
19/07/2026,2026-07-19,55,[12:30-12:45[,2026-07-19 11:30,1328.228,25020.404,18.837,17673.169,13.306,,,,,5889.16,4.434,1517.038,1.142,-58.963,-0.044
19/07/2026,2026-07-19,56,[12:45-13:00[,2026-07-19 11:45,1313.174,25130.917,19.138,17672.786,13.458,,,,,5916.92,4.506,1492.982,1.137,48.229,0.037
19/07/2026,2026-07-19,57,[13:00-13:15[,2026-07-19 12:00,1296.229,22238.809,17.157,17672.032,13.633,,,,,3093.5,2.387,1494.246,1.153,-20.97,-0.016
19/07/2026,2026-07-19,58,[13:15-13:30[,2026-07-19 12:15,1275.894,22352.991,17.519,17671.898,13.851,,,,,3093.5,2.425,1550.813,1.215,36.78,0.029
19/07/2026,2026-07-19,59,[13:30-13:45[,2026-07-19 12:30,1241.359,31333.657,25.241,17671.769,14.236,,,,,12197.9,9.826,1405.87,1.133,58.119,0.047
19/07/2026,2026-07-19,60,[13:45-14:00[,2026-07-19 12:45,1227.599,31466.746,25.633,17672.983,14.396,,,,,12221.66,9.956,1507.83,1.228,64.273,0.052
19/07/2026,2026-07-19,61,[14:00-14:15[,2026-07-19 13:00,1216.228,22409.561,18.425,17676.389,14.534,,,,,3109,2.556,1473.183,1.211,150.988,0.124
19/07/2026,2026-07-19,62,[14:15-14:30[,2026-07-19 13:15,1205.787,22658.41,18.791,17676.802,14.66,,,-0.25,0,3099,2.57,1408.837,1.168,474.021,0.393
19/07/2026,2026-07-19,63,[14:30-14:45[,2026-07-19 13:30,1207.251,22394.712,18.55,17677.546,14.643,,,,,3094,2.563,1540.028,1.276,83.139,0.069
19/07/2026,2026-07-19,64,[14:45-15:00[,2026-07-19 13:45,1194.797,22362.991,18.717,17678.413,14.796,,,,,3088.5,2.585,1460.799,1.223,135.279,0.113
19/07/2026,2026-07-19,65,[15:00-15:15[,2026-07-19 14:00,1195.917,25109.334,20.996,17681.666,14.785,,,,,5874.66,4.912,1538.7,1.287,14.308,0.012
19/07/2026,2026-07-19,66,[15:15-15:30[,2026-07-19 14:15,1189.365,25177.151,21.169,17681.006,14.866,,,,,5874.66,4.939,1522.705,1.28,98.78,0.083
19/07/2026,2026-07-19,67,[15:30-15:45[,2026-07-19 14:30,1183.245,25144.063,21.25,17678.776,14.941,,,,,5852.25,4.946,1404.892,1.187,208.145,0.176
19/07/2026,2026-07-19,68,[15:45-16:00[,2026-07-19 14:45,1186.49,25218.386,21.255,17680.574,14.902,,,,,5810.7,4.897,1513.36,1.275,213.751,0.18
19/07/2026,2026-07-19,69,[16:00-16:15[,2026-07-19 15:00,1189.705,31973.577,26.875,17678.151,14.859,,,,,13629.05,11.456,1351.056,1.136,-684.68,-0.576
19/07/2026,2026-07-19,70,[16:15-16:30[,2026-07-19 15:15,1200.959,32517.586,27.076,17677.641,14.72,,,,,13644.9,11.362,1487.825,1.239,-292.78,-0.244
19/07/2026,2026-07-19,71,[16:30-16:45[,2026-07-19 15:30,1210.71,32598.789,26.925,17679.564,14.603,,,,,13210.1,10.911,1531.863,1.265,177.262,0.146
19/07/2026,2026-07-19,72,[16:45-17:00[,2026-07-19 15:45,1218.13,32170.379,26.41,17680.582,14.515,,,,,13127.78,10.777,1324.823,1.088,37.195,0.031
19/07/2026,2026-07-19,73,[17:00-17:15[,2026-07-19 16:00,1237.912,32005.582,25.854,17634.914,14.246,,,,,12509.22,10.105,1649.929,1.333,211.519,0.171
19/07/2026,2026-07-19,74,[17:15-17:30[,2026-07-19 16:15,1248.619,27377.653,21.926,17469.032,13.991,,,,,10798.12,8.648,1475.545,1.182,-2365.043,-1.894
19/07/2026,2026-07-19,75,[17:30-17:45[,2026-07-19 16:30,1280.403,28569.905,22.313,15997.339,12.494,,,,,10304.98,8.048,1699.92,1.328,567.667,0.443
19/07/2026,2026-07-19,76,[17:45-18:00[,2026-07-19 16:45,1306.321,26089.994,19.972,13534.451,10.361,,,,,11137,8.525,1865.227,1.428,-446.684,-0.342
19/07/2026,2026-07-19,77,[18:00-18:15[,2026-07-19 17:00,1324.604,22741.562,17.169,10526.869,7.947,,,,,10751.2,8.117,1771.019,1.337,-307.526,-0.232
19/07/2026,2026-07-19,78,[18:15-18:30[,2026-07-19 17:15,1358.615,10001.834,7.362,9507.132,6.998,,,,,3169.8,2.333,1971.684,1.451,-4646.782,-3.42
19/07/2026,2026-07-19,79,[18:30-18:45[,2026-07-19 17:30,1380.11,15005.31,10.873,8532.405,6.182,,,,,7387.8,5.353,1921.072,1.392,-2835.967,-2.055
19/07/2026,2026-07-19,80,[18:45-19:00[,2026-07-19 17:45,1408.204,11986.132,8.512,7174.845,5.095,,,,,5929.8,4.211,1915.046,1.36,-3033.558,-2.154
19/07/2026,2026-07-19,81,[19:00-19:15[,2026-07-19 18:00,1446.832,11075.516,7.655,7478.967,5.169,,,,,4803.6,3.32,1909.372,1.32,-3116.423,-2.154
19/07/2026,2026-07-19,82,[19:15-19:30[,2026-07-19 18:15,1479.847,7545.078,5.099,5762.468,3.894,,,,,1781.6,1.204,1814.146,1.226,-1813.136,-1.225
19/07/2026,2026-07-19,83,[19:30-19:45[,2026-07-19 18:30,1518.077,7544.977,4.97,4944.096,3.257,,,,,1784.7,1.176,1988.436,1.31,-1172.255,-0.772
19/07/2026,2026-07-19,84,[19:45-20:00[,2026-07-19 18:45,1545.462,1270.035,0.822,1541.386,0.997,,,,,1762.1,1.14,1947.796,1.26,-3981.246,-2.576
19/07/2026,2026-07-19,85,[20:00-20:15[,2026-07-19 19:00,1555.311,812.888,0.523,1220.454,0.785,,,,,1704.8,1.096,1881.336,1.21,-3993.701,-2.568
19/07/2026,2026-07-19,86,[20:15-20:30[,2026-07-19 19:15,1558.93,4010.239,2.572,1026.165,0.658,,,,,1849.9,1.187,1947.43,1.249,-813.256,-0.522
19/07/2026,2026-07-19,87,[20:30-20:45[,2026-07-19 19:30,1532.595,6251.546,4.079,1013.971,0.662,,,,,1909.6,1.246,1158.623,0.756,2169.351,1.415
19/07/2026,2026-07-19,88,[20:45-21:00[,2026-07-19 19:45,1529.158,5236.504,3.424,1569.883,1.027,,,,,1909.6,1.249,1130.453,0.739,626.567,0.41
19/07/2026,2026-07-19,89,[21:00-21:15[,2026-07-19 20:00,1545.871,4701.318,3.041,1515.407,0.98,,,,,2507.8,1.622,984.658,0.637,-306.547,-0.198
19/07/2026,2026-07-19,90,[21:15-21:30[,2026-07-19 20:15,1552.442,5710.268,3.678,1438.596,0.927,,,,,2635.4,1.698,968.856,0.624,667.415,0.43
19/07/2026,2026-07-19,91,[21:30-21:45[,2026-07-19 20:30,1536.094,5273.218,3.433,1574.609,1.025,,,,,2296,1.495,973.916,0.634,428.694,0.279
19/07/2026,2026-07-19,92,[21:45-22:00[,2026-07-19 20:45,1517.924,6055.997,3.99,1574.609,1.037,,,,,2296,1.513,966.31,0.637,1219.078,0.803
19/07/2026,2026-07-19,93,[22:00-22:15[,2026-07-19 21:00,1501.542,5219.813,3.476,1593.358,1.061,,,,,2486.92,1.656,888.948,0.592,250.586,0.167
19/07/2026,2026-07-19,94,[22:15-22:30[,2026-07-19 21:15,1489.745,5541.826,3.72,1632.108,1.096,,,,,2338.2,1.57,910.878,0.611,660.64,0.443
19/07/2026,2026-07-19,95,[22:30-22:45[,2026-07-19 21:30,1471.203,4816.779,3.274,1670.858,1.136,,,,,2709,1.841,911.557,0.62,-474.637,-0.323
19/07/2026,2026-07-19,96,[22:45-23:00[,2026-07-19 21:45,1440.291,4972.383,3.452,1747.733,1.213,,,,,2709,1.881,944.776,0.656,-429.125,-0.298
20/07/2026,2026-07-20,1,[23:00-23:15[,2026-07-19 22:00,1411.137,6457.351,4.576,1112.776,0.789,,,,,2344,1.661,854.877,0.606,2145.698,1.521
20/07/2026,2026-07-20,2,[23:15-23:30[,2026-07-19 22:15,1408.021,5767.28,4.096,1190.276,0.845,,,,,2855.96,2.028,840.214,0.597,880.83,0.626
20/07/2026,2026-07-20,3,[23:30-23:45[,2026-07-19 22:30,1393.327,3932.545,2.822,1352.638,0.971,,,,,2966,2.129,855.248,0.614,-1241.341,-0.891
20/07/2026,2026-07-20,4,[23:45-00:00[,2026-07-19 22:45,1380.165,8729.56,6.325,3834.727,2.778,,,,,2808.7,2.035,878.23,0.636,1207.903,0.875
20/07/2026,2026-07-20,5,[00:00-00:15[,2026-07-19 23:00,1371.279,7635.672,5.568,3887.434,2.835,,,,,2450,1.787,1154.03,0.842,144.208,0.105
20/07/2026,2026-07-20,6,[00:15-00:30[,2026-07-19 23:15,1353.701,8576.819,6.336,4027.227,2.975,,,,,1643.9,1.214,1168.593,0.863,1737.099,1.283
20/07/2026,2026-07-20,7,[00:30-00:45[,2026-07-19 23:30,1332.365,7521.952,5.646,4031.247,3.026,,,,,1643.9,1.234,1134.979,0.852,711.826,0.534
20/07/2026,2026-07-20,8,[00:45-01:00[,2026-07-19 23:45,1312.189,6843.559,5.215,4084.847,3.113,,,,,1643.9,1.253,1169.001,0.891,-54.189,-0.041
20/07/2026,2026-07-20,9,[01:00-01:15[,2026-07-20 00:00,1291.096,8817.128,6.829,4084.847,3.164,,,,,1504.8,1.166,1204.145,0.933,2023.336,1.567
20/07/2026,2026-07-20,10,[01:15-01:30[,2026-07-20 00:15,1268.941,8127.687,6.405,4084.847,3.219,,,,,1504.8,1.186,1203.392,0.948,1334.648,1.052
20/07/2026,2026-07-20,11,[01:30-01:45[,2026-07-20 00:30,1252.439,7907.212,6.313,4084.847,3.262,,,,,1504.8,1.201,1203.555,0.961,1114.011,0.889
20/07/2026,2026-07-20,12,[01:45-02:00[,2026-07-20 00:45,1238.183,7809.691,6.307,4099.716,3.311,,,,,1504.8,1.215,1199.463,0.969,1005.712,0.812
20/07/2026,2026-07-20,13,[02:00-02:15[,2026-07-20 01:00,1228.808,7449.838,6.063,4134.426,3.365,,,,,1445.8,1.177,1173.437,0.955,696.175,0.567
20/07/2026,2026-07-20,14,[02:15-02:30[,2026-07-20 01:15,1215.174,6983.983,5.747,4134.426,3.402,,,,,1445.8,1.19,1218.242,1.003,185.515,0.153
20/07/2026,2026-07-20,15,[02:30-02:45[,2026-07-20 01:30,1204.555,9496.282,7.884,4099.716,3.404,,,,,1445.8,1.2,1179.821,0.979,2770.945,2.3
20/07/2026,2026-07-20,16,[02:45-03:00[,2026-07-20 01:45,1196.411,3016.768,2.522,4099.716,3.427,,,,,1445.8,1.208,1215.103,1.016,-3743.852,-3.129
20/07/2026,2026-07-20,17,[03:00-03:15[,2026-07-20 02:00,1193.673,7585.091,6.354,4134.426,3.464,,,,,1428.1,1.196,1219.871,1.022,802.694,0.672
20/07/2026,2026-07-20,18,[03:15-03:30[,2026-07-20 02:15,1184.957,2960.018,2.498,4099.716,3.46,,,,,1428.1,1.205,1191.901,1.006,-3759.699,-3.173
20/07/2026,2026-07-20,19,[03:30-03:45[,2026-07-20 02:30,1181.052,5683.171,4.812,4083.202,3.457,,,,,1428.1,1.209,1213.169,1.027,-1041.301,-0.882
20/07/2026,2026-07-20,20,[03:45-04:00[,2026-07-20 02:45,1177.955,6812.832,5.784,4025.582,3.417,,,,,1428.1,1.212,1221.393,1.037,137.757,0.117
20/07/2026,2026-07-20,21,[04:00-04:15[,2026-07-20 03:00,1179.503,7930.503,6.724,4025.582,3.413,,,,,1466.3,1.243,1182.093,1.002,1256.528,1.065
20/07/2026,2026-07-20,22,[04:15-04:30[,2026-07-20 03:15,1174.296,6799.238,5.79,3886.041,3.309,,,,,1466.3,1.249,1133.406,0.965,313.491,0.267
20/07/2026,2026-07-20,23,[04:30-04:45[,2026-07-20 03:30,1176.509,6453.895,5.486,3832.966,3.258,,,,,1466.3,1.246,1151.057,0.978,3.573,0.003
20/07/2026,2026-07-20,24,[04:45-05:00[,2026-07-20 03:45,1178.359,3599.974,3.055,1233.739,1.047,,,,,1499.9,1.273,1204.493,1.022,-338.158,-0.287
20/07/2026,2026-07-20,25,[05:00-05:15[,2026-07-20 04:00,1193.22,2835.972,2.377,1034.564,0.867,,,,,1506.1,1.262,1219.667,1.022,-924.358,-0.775
20/07/2026,2026-07-20,26,[05:15-05:30[,2026-07-20 04:15,1194.69,3170.193,2.654,995.814,0.834,,,,,1503,1.258,1092.46,0.914,-421.08,-0.352
20/07/2026,2026-07-20,27,[05:30-05:45[,2026-07-20 04:30,1203.809,3683.635,3.06,918.314,0.763,,,,,1628,1.352,1199.913,0.997,-62.592,-0.052
20/07/2026,2026-07-20,28,[05:45-06:00[,2026-07-20 04:45,1217.57,3305.689,2.715,879.176,0.722,,,,,1710.8,1.405,1212.424,0.996,-496.71,-0.408
20/07/2026,2026-07-20,29,[06:00-06:15[,2026-07-20 05:00,1262.737,2865.199,2.269,598.336,0.474,,,,,2005.7,1.588,1213.959,0.961,-952.797,-0.755
20/07/2026,2026-07-20,30,[06:15-06:30[,2026-07-20 05:15,1272.24,-2999.098,-2.357,567.724,0.446,,,,,2149.8,1.69,1201.982,0.945,-6918.604,-5.438
20/07/2026,2026-07-20,31,[06:30-06:45[,2026-07-20 05:30,1288.113,-4369.509,-3.392,716.524,0.556,,,,,2001.6,1.554,1105.371,0.858,-8193.004,-6.36
20/07/2026,2026-07-20,32,[06:45-07:00[,2026-07-20 05:45,1311.967,4512.744,3.44,783.174,0.597,,,,,1890.4,1.441,1152.1,0.878,687.07,0.524
20/07/2026,2026-07-20,33,[07:00-07:15[,2026-07-20 06:00,1368.444,3971.61,2.902,772.376,0.564,,,,,2102,1.536,1179.494,0.862,-82.259,-0.06
20/07/2026,2026-07-20,34,[07:15-07:30[,2026-07-20 06:15,1401.108,1171.669,0.836,913.839,0.652,,,,,1841.4,1.314,1071.223,0.765,-2654.793,-1.895
20/07/2026,2026-07-20,35,[07:30-07:45[,2026-07-20 06:30,1451.83,10561.09,7.274,3888.924,2.679,,,,,1933.4,1.332,2026.488,1.396,2712.278,1.868
20/07/2026,2026-07-20,36,[07:45-08:00[,2026-07-20 06:45,1494.273,8974.507,6.006,5277.825,3.532,,,,,1933.4,1.294,2081.846,1.393,-318.564,-0.213
20/07/2026,2026-07-20,37,[08:00-08:15[,2026-07-20 07:00,1565.2,9250.364,5.91,4834.549,3.089,,,,,1662.5,1.062,1930.636,1.233,822.679,0.526
20/07/2026,2026-07-20,38,[08:15-08:30[,2026-07-20 07:15,1617.617,8120.261,5.02,6289.375,3.888,,,838.881,0.519,1662.5,1.028,1676.611,1.036,-2347.106,-1.451
20/07/2026,2026-07-20,39,[08:30-08:45[,2026-07-20 07:30,1659.403,12715.832,7.663,7090.415,4.273,,,,,3804.8,2.293,2069.359,1.247,-248.742,-0.15
20/07/2026,2026-07-20,40,[08:45-09:00[,2026-07-20 07:45,1685.338,13298.563,7.891,7803.579,4.63,,,,,2054.3,1.219,2024.54,1.201,1416.145,0.84
20/07/2026,2026-07-20,41,[09:00-09:15[,2026-07-20 08:00,1706.395,9606.547,5.63,7852.278,4.602,,,,,2183.9,1.28,1832.223,1.074,-2261.853,-1.326
20/07/2026,2026-07-20,42,[09:15-09:30[,2026-07-20 08:15,1718.071,10435.425,6.074,8406.94,4.893,,,,,1607.1,0.935,1878.441,1.093,-1457.055,-0.848
20/07/2026,2026-07-20,43,[09:30-09:45[,2026-07-20 08:30,1702.99,12745.07,7.484,8633.125,5.069,,,,,2756.3,1.619,1740.98,1.022,-385.335,-0.226
20/07/2026,2026-07-20,44,[09:45-10:00[,2026-07-20 08:45,1703.721,21383.5,12.551,9167.5,5.381,,,,,11025,6.471,1900.229,1.115,-709.229,-0.416
20/07/2026,2026-07-20,45,[10:00-10:15[,2026-07-20 09:00,1696.848,20239.909,11.928,9199.375,5.421,,,,,11037.1,6.504,1858.966,1.096,-1855.532,-1.094
20/07/2026,2026-07-20,46,[10:15-10:30[,2026-07-20 09:15,1694.395,18911.601,11.161,9558.438,5.641,,,,,11365.7,6.708,1651.17,0.974,-3663.706,-2.162
20/07/2026,2026-07-20,47,[10:30-10:45[,2026-07-20 09:30,1698.162,19093.637,11.244,9650.313,5.683,,,,,9622.98,5.667,1831.532,1.079,-2011.188,-1.184
20/07/2026,2026-07-20,48,[10:45-11:00[,2026-07-20 09:45,1694.019,18100.828,10.685,9663.438,5.704,,,,,10203.05,6.023,1781.372,1.052,-3547.032,-2.094
20/07/2026,2026-07-20,49,[11:00-11:15[,2026-07-20 10:00,1688.386,18911.438,11.201,9814.463,5.813,,,,,11635.8,6.892,1760.463,1.043,-4299.287,-2.546
20/07/2026,2026-07-20,50,[11:15-11:30[,2026-07-20 10:15,1690.591,20526.672,12.142,9884.775,5.847,,,,,11734.7,6.941,1800.089,1.065,-2892.892,-1.711
20/07/2026,2026-07-20,51,[11:30-11:45[,2026-07-20 10:30,1688.465,20237.01,11.985,9894.15,5.86,,,,,9768.81,5.786,1689.988,1.001,-1115.938,-0.661
20/07/2026,2026-07-20,52,[11:45-12:00[,2026-07-20 10:45,1687.577,19926.064,11.807,9912.9,5.874,,,,,9821.36,5.82,1779.115,1.054,-1587.31,-0.941
20/07/2026,2026-07-20,53,[12:00-12:15[,2026-07-20 11:00,1665.618,20243.178,12.154,9945.713,5.971,,,,,9140.39,5.488,1729.348,1.038,-572.273,-0.344
20/07/2026,2026-07-20,54,[12:15-12:30[,2026-07-20 11:15,1658.701,12071.62,7.278,10039.463,6.053,,,,,7335.72,4.423,1565.247,0.944,-6868.809,-4.141
20/07/2026,2026-07-20,55,[12:30-12:45[,2026-07-20 11:30,1629.345,9876.631,6.062,10039.463,6.162,,,,,7558.04,4.639,1722.392,1.057,-9443.263,-5.796
20/07/2026,2026-07-20,56,[12:45-13:00[,2026-07-20 11:45,1606.537,17816.436,11.09,10132.647,6.307,,,,,7550.74,4.7,1661.799,1.034,-1528.75,-0.952
20/07/2026,2026-07-20,57,[13:00-13:15[,2026-07-20 12:00,1607.853,19911.076,12.384,10133.247,6.302,,,,,8085.41,5.029,1780.346,1.107,-87.927,-0.055
20/07/2026,2026-07-20,58,[13:15-13:30[,2026-07-20 12:15,1600.94,19946.344,12.459,10134.592,6.33,,,,,8136.78,5.083,1501.128,0.938,173.844,0.109
20/07/2026,2026-07-20,59,[13:30-13:45[,2026-07-20 12:30,1602.116,21993.493,13.728,10373.856,6.475,,,,,9822.84,6.131,1402.838,0.876,393.96,0.246
20/07/2026,2026-07-20,60,[13:45-14:00[,2026-07-20 12:45,1600.823,22521.888,14.069,10618.025,6.633,,,,,10072.9,6.292,1455.503,0.909,375.46,0.235
20/07/2026,2026-07-20,61,[14:00-14:15[,2026-07-20 13:00,1614.669,20634.651,12.779,11061.883,6.851,,,,,8219.42,5.09,1598.658,0.99,-245.31,-0.152
20/07/2026,2026-07-20,62,[14:15-14:30[,2026-07-20 13:15,1614.118,20799.261,12.886,11503.891,7.127,,,,,7962.98,4.933,1402.798,0.869,-70.408,-0.044
20/07/2026,2026-07-20,63,[14:30-14:45[,2026-07-20 13:30,1620.515,20989.47,12.952,11853.476,7.315,,,,,7787.62,4.806,1536.399,0.948,-188.025,-0.116
20/07/2026,2026-07-20,64,[14:45-15:00[,2026-07-20 13:45,1615.306,21275.028,13.171,11841.591,7.331,,,,,7737.1,4.79,1451.296,0.898,245.041,0.152
20/07/2026,2026-07-20,65,[15:00-15:15[,2026-07-20 14:00,1614.437,21552.218,13.35,12088.634,7.488,,,,,7674.6,4.754,1557.814,0.965,231.17,0.143
20/07/2026,2026-07-20,66,[15:15-15:30[,2026-07-20 14:15,1617.659,21424.046,13.244,11828.197,7.312,,,,,7764.95,4.8,1465.836,0.906,365.063,0.226
20/07/2026,2026-07-20,67,[15:30-15:45[,2026-07-20 14:30,1615.032,20971.342,12.985,11831.772,7.326,,,,,7755.04,4.802,1363.334,0.844,21.197,0.013
20/07/2026,2026-07-20,68,[15:45-16:00[,2026-07-20 14:45,1624.376,21967.236,13.523,11081.612,6.822,,,,,8183.35,5.038,1593.418,0.981,1108.856,0.683
20/07/2026,2026-07-20,69,[16:00-16:15[,2026-07-20 15:00,1621.542,26461.277,16.319,11103.281,6.847,,,,,12962.42,7.994,1686.197,1.04,709.38,0.437
20/07/2026,2026-07-20,70,[16:15-16:30[,2026-07-20 15:15,1628.178,24272.089,14.908,10373.733,6.371,,,,,12232.4,7.513,1523.557,0.936,142.399,0.087
20/07/2026,2026-07-20,71,[16:30-16:45[,2026-07-20 15:30,1645.801,17023.371,10.344,9894.15,6.012,,,,,10097.65,6.135,1855.969,1.128,-4824.398,-2.931
20/07/2026,2026-07-20,72,[16:45-17:00[,2026-07-20 15:45,1644.992,16534.831,10.052,9570.625,5.818,,,,,9621.08,5.849,1753.428,1.066,-4410.302,-2.681
20/07/2026,2026-07-20,73,[17:00-17:15[,2026-07-20 16:00,1640.755,20517.599,12.505,9483.438,5.78,,,,,12394.4,7.554,1952.379,1.19,-3312.618,-2.019
20/07/2026,2026-07-20,74,[17:15-17:30[,2026-07-20 16:15,1646.366,24602.242,14.943,8411.977,5.109,,,,,11220.7,6.815,1948.429,1.183,3021.137,1.835
20/07/2026,2026-07-20,75,[17:30-17:45[,2026-07-20 16:30,1628.388,4565.714,2.804,7276.614,4.469,,,,,2368.7,1.455,1094.122,0.672,-6173.722,-3.791
20/07/2026,2026-07-20,76,[17:45-18:00[,2026-07-20 16:45,1644.61,5088.571,3.094,6901.34,4.196,,,,,2368.7,1.44,1237.94,0.753,-5419.409,-3.295
20/07/2026,2026-07-20,77,[18:00-18:15[,2026-07-20 17:00,1650.511,8431.748,5.109,7060.07,4.278,,,,,2368.7,1.435,1190.018,0.721,-2187.04,-1.325
20/07/2026,2026-07-20,78,[18:15-18:30[,2026-07-20 17:15,1670.964,8638.177,5.17,6769.887,4.051,,,,,2368.7,1.418,1149.316,0.688,-1649.727,-0.987
20/07/2026,2026-07-20,79,[18:30-18:45[,2026-07-20 17:30,1701.024,556.542,0.327,4367.652,2.568,,,,,2368.7,1.393,1130.049,0.664,-7309.858,-4.297
20/07/2026,2026-07-20,80,[18:45-19:00[,2026-07-20 17:45,1743.274,2001.928,1.148,3754.697,2.154,,,,,2368.7,1.359,1273.966,0.731,-5395.435,-3.095
20/07/2026,2026-07-20,81,[19:00-19:15[,2026-07-20 18:00,1769.272,7019.427,3.967,4482.672,2.534,,,,,1622.2,0.917,1261.72,0.713,-347.164,-0.196
20/07/2026,2026-07-20,82,[19:15-19:30[,2026-07-20 18:15,1802.642,-3415.103,-1.894,1188.681,0.659,,,,,2209.4,1.226,1272.599,0.706,-8085.782,-4.486
20/07/2026,2026-07-20,83,[19:30-19:45[,2026-07-20 18:30,1836.14,2681.284,1.46,781.418,0.426,,,,,1866.8,1.017,1224.081,0.667,-1191.016,-0.649
20/07/2026,2026-07-20,84,[19:45-20:00[,2026-07-20 18:45,1859.147,-11199.508,-6.024,491.568,0.264,,,,,2802.1,1.507,1226.835,0.66,-15720.01,-8.455
20/07/2026,2026-07-20,85,[20:00-20:15[,2026-07-20 19:00,1866.078,3895.277,2.087,641.531,0.344,,,,,2546.4,1.365,1257.198,0.674,-549.851,-0.295
20/07/2026,2026-07-20,86,[20:15-20:30[,2026-07-20 19:15,1857.645,535.282,0.288,568.681,0.306,,,,,2967.9,1.598,1308.675,0.704,-4309.974,-2.32
20/07/2026,2026-07-20,87,[20:30-20:45[,2026-07-20 19:30,1845.266,5856.594,3.174,552.406,0.299,,,,,2997.1,1.624,1257.838,0.682,1049.25,0.569
20/07/2026,2026-07-20,88,[20:45-21:00[,2026-07-20 19:45,1841.823,3962.769,2.152,732.723,0.398,,,,,2721,1.477,1295.971,0.704,-786.925,-0.427
20/07/2026,2026-07-20,89,[21:00-21:15[,2026-07-20 20:00,1845.84,8042.665,4.357,546.336,0.296,,,,,4059.2,2.199,1301.678,0.705,2135.451,1.157
20/07/2026,2026-07-20,90,[21:15-21:30[,2026-07-20 20:15,1847.248,7889.769,4.271,811.386,0.439,,,,,3085.2,1.67,1238.886,0.671,2754.298,1.491
20/07/2026,2026-07-20,91,[21:30-21:45[,2026-07-20 20:30,1824.389,4183.599,2.293,887.723,0.487,,,,,2912.1,1.596,1343.842,0.737,-960.065,-0.526
20/07/2026,2026-07-20,92,[21:45-22:00[,2026-07-20 20:45,1792.619,7598.664,4.239,965.611,0.539,,,,,3029.1,1.69,1293.228,0.721,2310.726,1.289
20/07/2026,2026-07-20,93,[22:00-22:15[,2026-07-20 21:00,1762.191,11604.058,6.585,926.861,0.526,,,,,3276.3,1.859,1252.613,0.711,6148.285,3.489
20/07/2026,2026-07-20,94,[22:15-22:30[,2026-07-20 21:15,1734.718,5699.397,3.285,1009.073,0.582,,,,,3235,1.865,1408.719,0.812,46.605,0.027
20/07/2026,2026-07-20,95,[22:30-22:45[,2026-07-20 21:30,1701.834,5746.951,3.377,1158.648,0.681,,,,,3685.99,2.166,1386.428,0.815,-484.115,-0.284
20/07/2026,2026-07-20,96,[22:45-23:00[,2026-07-20 21:45,1666.734,10247.902,6.148,2053.463,1.232,,,,,3141.5,1.885,1379.765,0.828,3673.175,2.204
21/07/2026,2026-07-21,1,[23:00-23:15[,2026-07-20 22:00,1632.884,2007.144,1.229,985.32,0.603,,,,,2242.2,1.373,1381.725,0.846,-2602.101,-1.594
21/07/2026,2026-07-21,2,[23:15-23:30[,2026-07-20 22:15,1593.845,5688.444,3.569,1034.161,0.649,,,,,2358,1.479,1379.921,0.866,916.362,0.575
21/07/2026,2026-07-21,3,[23:30-23:45[,2026-07-20 22:30,1554.345,5000.458,3.217,1066.09,0.686,,,,,2498.6,1.607,1381.634,0.889,54.134,0.035
21/07/2026,2026-07-21,4,[23:45-00:00[,2026-07-20 22:45,1517.695,5356.88,3.53,1163.84,0.767,,,,,2543,1.676,1373.171,0.905,276.868,0.182
21/07/2026,2026-07-21,5,[00:00-00:15[,2026-07-20 23:00,1484.325,7931.764,5.344,1247.59,0.841,,,,,1796.4,1.21,1368.116,0.922,3519.658,2.371
21/07/2026,2026-07-21,6,[00:15-00:30[,2026-07-20 23:15,1458.749,6475.761,4.439,1272.89,0.873,,,,,1885.2,1.292,1397.407,0.958,1920.264,1.316
21/07/2026,2026-07-21,7,[00:30-00:45[,2026-07-20 23:30,1434.801,5923.004,4.128,1247.032,0.869,,,,,1796.4,1.252,1453.821,1.013,1425.751,0.994
21/07/2026,2026-07-21,8,[00:45-01:00[,2026-07-20 23:45,1407.49,4578.328,3.253,1230.257,0.874,,,,,1796.4,1.276,1416.888,1.007,134.783,0.096
21/07/2026,2026-07-21,9,[01:00-01:15[,2026-07-21 00:00,1387.408,5830.131,4.202,1237.407,0.892,,,,,1638,1.181,1435.229,1.034,1519.495,1.095
21/07/2026,2026-07-21,10,[01:15-01:30[,2026-07-21 00:15,1367.402,4758.012,3.48,1251.982,0.916,,,,,1581.6,1.157,1400.439,1.024,523.991,0.383
21/07/2026,2026-07-21,11,[01:30-01:45[,2026-07-21 00:30,1345.489,5657.577,4.205,1273.707,0.947,,,,,1638,1.217,1354.92,1.007,1390.95,1.034
21/07/2026,2026-07-21,12,[01:45-02:00[,2026-07-21 00:45,1326.3,6047.937,4.56,1273.707,0.96,,,,,1638,1.235,1393.504,1.051,1742.726,1.314
21/07/2026,2026-07-21,13,[02:00-02:15[,2026-07-21 01:00,1313.602,4302.017,3.275,1251.982,0.953,,,,,1605.6,1.222,1406.375,1.071,38.061,0.029
21/07/2026,2026-07-21,14,[02:15-02:30[,2026-07-21 01:15,1303.535,4386.788,3.365,1251.982,0.96,,,,,1605.6,1.232,1460.347,1.12,68.859,0.053
21/07/2026,2026-07-21,15,[02:30-02:45[,2026-07-21 01:30,1292.206,4423.623,3.423,1251.982,0.969,,,,,1605.6,1.243,1454.351,1.125,111.69,0.086
21/07/2026,2026-07-21,16,[02:45-03:00[,2026-07-21 01:45,1284.429,5000.732,3.893,1251.982,0.975,,,,,1605.6,1.25,1448.462,1.128,694.688,0.541
21/07/2026,2026-07-21,17,[03:00-03:15[,2026-07-21 02:00,1279.587,4544.364,3.551,1273.707,0.995,,,,,1544.4,1.207,1386.395,1.083,339.862,0.266
21/07/2026,2026-07-21,18,[03:15-03:30[,2026-07-21 02:15,1272.054,5190.826,4.081,1273.707,1.001,,,,,1544.4,1.214,1383.131,1.087,989.588,0.778
21/07/2026,2026-07-21,19,[03:30-03:45[,2026-07-21 02:30,1266.457,3890.393,3.072,1254.32,0.99,,,,,1512.8,1.195,1397.436,1.103,-274.163,-0.216
21/07/2026,2026-07-21,20,[03:45-04:00[,2026-07-21 02:45,1261.137,4252.109,3.372,1254.037,0.994,,,,,1544.4,1.225,1450.949,1.151,2.723,0.002
21/07/2026,2026-07-21,21,[04:00-04:15[,2026-07-21 03:00,1258.3,5888.029,4.679,1274.662,1.013,,,,,1612.8,1.282,1430.019,1.136,1570.548,1.248
21/07/2026,2026-07-21,22,[04:15-04:30[,2026-07-21 03:15,1252.938,5846.465,4.666,1273.707,1.017,,,,,1612.8,1.287,1317.753,1.052,1642.204,1.311
21/07/2026,2026-07-21,23,[04:30-04:45[,2026-07-21 03:30,1254.052,4724.568,3.767,1251.982,0.998,,,,,1612.8,1.286,1321.445,1.054,538.341,0.429
21/07/2026,2026-07-21,24,[04:45-05:00[,2026-07-21 03:45,1254.486,1790.288,1.427,1208.532,0.963,,,,,1691.4,1.348,1386.986,1.106,-2496.629,-1.99
21/07/2026,2026-07-21,25,[05:00-05:15[,2026-07-21 04:00,1264.979,2719.497,2.15,1228.332,0.971,,,,,1695,1.34,1361.661,1.076,-1565.496,-1.238
21/07/2026,2026-07-21,26,[05:15-05:30[,2026-07-21 04:15,1272.91,5761.341,4.526,1163.749,0.914,,,,,1695,1.332,1472.14,1.157,1430.451,1.124
21/07/2026,2026-07-21,27,[05:30-05:45[,2026-07-21 04:30,1279.916,4588.862,3.585,1054.527,0.824,,,,,1666,1.302,1460.052,1.141,408.283,0.319
21/07/2026,2026-07-21,28,[05:45-06:00[,2026-07-21 04:45,1289.914,4733.611,3.67,1032.549,0.8,,,,,1695,1.314,1436.898,1.114,569.164,0.441
21/07/2026,2026-07-21,29,[06:00-06:15[,2026-07-21 05:00,1327.209,579.733,0.437,1052.281,0.793,,,,,2147.3,1.618,1481.667,1.116,-4101.515,-3.09
21/07/2026,2026-07-21,30,[06:15-06:30[,2026-07-21 05:15,1337.1,3849.68,2.879,569.818,0.426,,,,,2158.1,1.614,1480.559,1.107,-358.798,-0.268
21/07/2026,2026-07-21,31,[06:30-06:45[,2026-07-21 05:30,1357.786,4486.211,3.304,581.831,0.429,,,,,2185.8,1.61,1402.514,1.033,316.067,0.233
21/07/2026,2026-07-21,32,[06:45-07:00[,2026-07-21 05:45,1377.796,5174.79,3.756,736.831,0.535,,,,,2459.2,1.785,1387.165,1.007,591.594,0.429
21/07/2026,2026-07-21,33,[07:00-07:15[,2026-07-21 06:00,1427.315,1893.122,1.326,550.429,0.386,,,,,2364.2,1.656,1379.504,0.967,-2401.01,-1.682
21/07/2026,2026-07-21,34,[07:15-07:30[,2026-07-21 06:15,1459.759,3399.134,2.329,853.053,0.584,,,,,1972.8,1.351,1411.658,0.967,-838.377,-0.574
21/07/2026,2026-07-21,35,[07:30-07:45[,2026-07-21 06:30,1488.238,5977.952,4.017,993.011,0.667,,,,,1969.2,1.323,1475.056,0.991,1540.685,1.035
21/07/2026,2026-07-21,36,[07:45-08:00[,2026-07-21 06:45,1519.424,13069.777,8.602,5092.866,3.352,,,,,1954.2,1.286,1411.175,0.929,4611.536,3.035
21/07/2026,2026-07-21,37,[08:00-08:15[,2026-07-21 07:00,1585.284,5859.006,3.696,3237.637,2.042,,,,,1666.8,1.051,1300.708,0.82,-346.138,-0.218
21/07/2026,2026-07-21,38,[08:15-08:30[,2026-07-21 07:15,1631.183,6432.221,3.943,5257.577,3.223,,,,,1670,1.024,1339.388,0.821,-1834.744,-1.125
21/07/2026,2026-07-21,39,[08:30-08:45[,2026-07-21 07:30,1661.418,5356.279,3.224,6267.557,3.772,,,,,1612.2,0.97,1305.976,0.786,-3829.454,-2.305
21/07/2026,2026-07-21,40,[08:45-09:00[,2026-07-21 07:45,1691.356,11098.973,6.562,7329.595,4.334,,,,,1612.2,0.953,2200.714,1.301,-43.536,-0.026
21/07/2026,2026-07-21,41,[09:00-09:15[,2026-07-21 08:00,1712.457,8910.355,5.203,6762.705,3.949,,,,,1579.7,0.922,2319.856,1.355,-1751.906,-1.023
21/07/2026,2026-07-21,42,[09:15-09:30[,2026-07-21 08:15,1714.91,11053.175,6.445,7933.678,4.626,,,,,1766.4,1.03,2313.709,1.349,-960.611,-0.56
21/07/2026,2026-07-21,43,[09:30-09:45[,2026-07-21 08:30,1710.996,22194.744,12.972,8474.617,4.953,,,,,12858.5,7.515,2027.444,1.185,-1165.817,-0.681
21/07/2026,2026-07-21,44,[09:45-10:00[,2026-07-21 08:45,1722.455,23454.298,13.617,8786.791,5.101,,,,,13263,7.7,2237.841,1.299,-833.334,-0.484
21/07/2026,2026-07-21,45,[10:00-10:15[,2026-07-21 09:00,1710.832,23839.673,13.935,8870.026,5.185,,,,,13265.6,7.754,2222.726,1.299,-518.678,-0.303
21/07/2026,2026-07-21,46,[10:15-10:30[,2026-07-21 09:15,1713.951,18272.785,10.661,8910.488,5.199,,,,,8882.27,5.182,2295.097,1.339,-1815.07,-1.059
21/07/2026,2026-07-21,47,[10:30-10:45[,2026-07-21 09:30,1712.889,16375.611,9.56,9288.213,5.423,,,,,9297.04,5.428,2294.332,1.339,-4503.974,-2.629
21/07/2026,2026-07-21,48,[10:45-11:00[,2026-07-21 09:45,1703.141,17762.327,10.429,9288.379,5.454,,,,,9347.02,5.488,2074.264,1.218,-2947.336,-1.731
21/07/2026,2026-07-21,49,[11:00-11:15[,2026-07-21 10:00,1699.433,30000.918,17.653,9288.584,5.466,,,,,14081.2,8.286,2015.858,1.186,4615.276,2.716
21/07/2026,2026-07-21,50,[11:15-11:30[,2026-07-21 10:15,1707.827,23056.419,13.5,9378.312,5.491,,,720.314,0.422,14281.7,8.362,2218.379,1.299,-3542.285,-2.074
21/07/2026,2026-07-21,51,[11:30-11:45[,2026-07-21 10:30,1701.139,19416.807,11.414,9434.562,5.546,,,,,10024.2,5.893,2194.154,1.29,-2236.109,-1.314
21/07/2026,2026-07-21,52,[11:45-12:00[,2026-07-21 10:45,1692.064,20186.712,11.93,9489.132,5.608,,,,,9585.72,5.665,1929.076,1.14,-817.215,-0.483
21/07/2026,2026-07-21,53,[12:00-12:15[,2026-07-21 11:00,1674.692,15285.046,9.127,9378.312,5.6,,,,,7551.69,4.509,2018.901,1.206,-3663.857,-2.188
21/07/2026,2026-07-21,54,[12:15-12:30[,2026-07-21 11:15,1655.719,13006.726,7.856,9378.312,5.664,,,,,7592.87,4.586,1945.467,1.175,-5909.922,-3.569
21/07/2026,2026-07-21,55,[12:30-12:45[,2026-07-21 11:30,1623.083,16783.989,10.341,9434.562,5.813,,,,,7568.44,4.663,2044.591,1.26,-2263.603,-1.395
21/07/2026,2026-07-21,56,[12:45-13:00[,2026-07-21 11:45,1608.32,14307.795,8.896,9486.124,5.898,,,,,7546.72,4.692,2045.743,1.272,-4770.792,-2.966
21/07/2026,2026-07-21,57,[13:00-13:15[,2026-07-21 12:00,1594.096,17176.469,10.775,9489.173,5.953,,,,,7627.67,4.785,1686.744,1.058,-1627.119,-1.021
21/07/2026,2026-07-21,58,[13:15-13:30[,2026-07-21 12:15,1598.147,17173.116,10.746,9488.982,5.937,,,,,7630.42,4.775,1826.863,1.143,-1773.148,-1.11
21/07/2026,2026-07-21,59,[13:30-13:45[,2026-07-21 12:30,1601.791,19547.082,12.203,9489.024,5.924,,,,,9232.12,5.764,1745.71,1.09,-919.772,-0.574
21/07/2026,2026-07-21,60,[13:45-14:00[,2026-07-21 12:45,1595.943,19828.595,12.424,9493.245,5.948,,,,,9323,5.842,1647.766,1.032,-635.416,-0.398
21/07/2026,2026-07-21,61,[14:00-14:15[,2026-07-21 13:00,1620.149,20720.819,12.789,9492.889,5.859,,,,,8235.5,5.083,1882.003,1.162,1110.428,0.685
21/07/2026,2026-07-21,62,[14:15-14:30[,2026-07-21 13:15,1628.24,19602.332,12.039,9554.793,5.868,,,,,8236.25,5.058,1875.919,1.152,-64.629,-0.04
21/07/2026,2026-07-21,63,[14:30-14:45[,2026-07-21 13:30,1628.182,17602.235,10.811,9545.178,5.862,,,,,8236.15,5.058,1796.592,1.103,-1975.685,-1.213
21/07/2026,2026-07-21,64,[14:45-15:00[,2026-07-21 13:45,1628.338,17409.691,10.692,9500.958,5.835,,,,,8020.95,4.926,1838.601,1.129,-1950.818,-1.198
21/07/2026,2026-07-21,65,[15:00-15:15[,2026-07-21 14:00,1621.548,19657.562,12.123,9486.124,5.85,,,,,10048.6,6.197,1542.893,0.951,-1420.055,-0.876
21/07/2026,2026-07-21,66,[15:15-15:30[,2026-07-21 14:15,1627.786,20269.101,12.452,9378.312,5.761,,,,,9893.5,6.078,1687.164,1.036,-689.874,-0.424
21/07/2026,2026-07-21,67,[15:30-15:45[,2026-07-21 14:30,1636.343,20373.581,12.451,9288.462,5.676,,,,,9480.29,5.794,1776.713,1.086,-171.884,-0.105
21/07/2026,2026-07-21,68,[15:45-16:00[,2026-07-21 14:45,1614.638,18685.289,11.572,8978.925,5.561,,,,,8877.61,5.498,897.121,0.556,-68.367,-0.042
21/07/2026,2026-07-21,69,[16:00-16:15[,2026-07-21 15:00,1614.436,23098.293,14.307,8926.425,5.529,,,,,13634.4,8.445,835.026,0.517,-297.558,-0.184
21/07/2026,2026-07-21,70,[16:15-16:30[,2026-07-21 15:15,1626.748,17879.129,10.991,8839.673,5.434,,,,,13455,8.271,802.98,0.494,-5218.523,-3.208
21/07/2026,2026-07-21,71,[16:30-16:45[,2026-07-21 15:30,1638.124,19456.552,11.877,8691.749,5.306,,,,,8937.96,5.456,738.196,0.451,1088.646,0.665
21/07/2026,2026-07-21,72,[16:45-17:00[,2026-07-21 15:45,1648.11,17696.709,10.738,8198.686,4.975,,,,,8950.68,5.431,820.023,0.498,-272.679,-0.165
21/07/2026,2026-07-21,73,[17:00-17:15[,2026-07-21 16:00,1637.994,22479.788,13.724,8249.065,5.036,,,,,13652,8.335,883.886,0.54,-305.164,-0.186
21/07/2026,2026-07-21,74,[17:15-17:30[,2026-07-21 16:15,1644.399,8434.781,5.129,7221.768,4.392,,,,,2337,1.421,874.137,0.532,-1998.124,-1.215
21/07/2026,2026-07-21,75,[17:30-17:45[,2026-07-21 16:30,1651.28,8870.351,5.372,6655.106,4.03,,,,,2337,1.415,941.069,0.57,-1062.824,-0.644
21/07/2026,2026-07-21,76,[17:45-18:00[,2026-07-21 16:45,1671.756,1013.577,0.606,4963.983,2.969,,,,,1952.8,1.168,1191.114,0.712,-7094.32,-4.244
21/07/2026,2026-07-21,77,[18:00-18:15[,2026-07-21 17:00,1680.614,5588.509,3.325,5524.452,3.287,,,,,1952.8,1.162,1238.062,0.737,-3126.805,-1.861
21/07/2026,2026-07-21,78,[18:15-18:30[,2026-07-21 17:15,1710.547,4560.247,2.666,3908.16,2.285,,,,,1952.8,1.142,1261.348,0.737,-2562.061,-1.498
21/07/2026,2026-07-21,79,[18:30-18:45[,2026-07-21 17:30,1742.974,7378.653,4.233,3242.624,1.86,,,,,1952.8,1.12,1301.414,0.747,881.815,0.506
21/07/2026,2026-07-21,80,[18:45-19:00[,2026-07-21 17:45,1782.649,8131.312,4.561,740.176,0.415,,,,,1866.1,1.047,1360.587,0.763,4164.449,2.336
21/07/2026,2026-07-21,81,[19:00-19:15[,2026-07-21 18:00,1809.743,12001.044,6.631,3488.554,1.928,10756.685,5.944,,,1631.6,0.902,1376.491,0.761,-5252.285,-2.902
21/07/2026,2026-07-21,82,[19:15-19:30[,2026-07-21 18:15,1850.184,3459.777,1.87,701.426,0.379,10756.685,5.814,,,2216,1.198,1417.795,0.766,-11632.129,-6.287
21/07/2026,2026-07-21,83,[19:30-19:45[,2026-07-21 18:30,1879.941,7101.102,3.777,543.831,0.289,10756.685,5.722,,,1986.6,1.057,1445.549,0.769,-7631.562,-4.059
21/07/2026,2026-07-21,84,[19:45-20:00[,2026-07-21 18:45,1903.319,4675.767,2.457,415.99,0.219,10756.685,5.652,,,1980,1.04,1437.693,0.755,-9914.601,-5.209
21/07/2026,2026-07-21,85,[20:00-20:15[,2026-07-21 19:00,1907.249,5498.093,2.883,415.99,0.218,10756.685,5.64,,,2131.2,1.117,1364.08,0.715,-9169.862,-4.808
21/07/2026,2026-07-21,86,[20:15-20:30[,2026-07-21 19:15,1899.465,6857.033,3.61,394.678,0.208,10756.685,5.663,,,2308.8,1.216,1362.515,0.717,-7965.644,-4.194
21/07/2026,2026-07-21,87,[20:30-20:45[,2026-07-21 19:30,1889.602,7878.074,4.169,394.678,0.209,10756.685,5.693,,,2385.5,1.262,1418.984,0.751,-7077.773,-3.746
21/07/2026,2026-07-21,88,[20:45-21:00[,2026-07-21 19:45,1881.282,7304.939,3.883,394.678,0.21,10756.685,5.718,,,2368,1.259,1464.919,0.779,-7679.342,-4.082
21/07/2026,2026-07-21,89,[21:00-21:15[,2026-07-21 20:00,1883.009,11222.305,5.96,1226.659,0.651,10756.685,5.712,,,2728.2,1.449,1467.301,0.779,-4956.54,-2.632
21/07/2026,2026-07-21,90,[21:15-21:30[,2026-07-21 20:15,1887.309,7546.207,3.998,1471.448,0.78,10756.685,5.699,,,2467.7,1.308,1450.461,0.769,-8600.086,-4.557
21/07/2026,2026-07-21,91,[21:30-21:45[,2026-07-21 20:30,1866.468,7133.753,3.822,1489.536,0.798,10756.685,5.763,,,2304,1.234,1390.218,0.745,-8806.686,-4.718
21/07/2026,2026-07-21,92,[21:45-22:00[,2026-07-21 20:45,1831.651,11301.17,6.17,1510.014,0.824,10756.685,5.873,,,2147.3,1.172,1413.659,0.772,-4526.487,-2.471
21/07/2026,2026-07-21,93,[22:00-22:15[,2026-07-21 21:00,1805.053,10671.445,5.912,1546.649,0.857,10756.685,5.959,,,2465.4,1.366,1458.414,0.808,-5555.703,-3.078
21/07/2026,2026-07-21,94,[22:15-22:30[,2026-07-21 21:15,1774.982,9224.059,5.197,1614.964,0.91,10756.685,6.06,,,2612.8,1.472,1477.423,0.832,-7237.812,-4.078
21/07/2026,2026-07-21,95,[22:30-22:45[,2026-07-21 21:30,1738.027,9974.18,5.739,1703.414,0.98,10756.685,6.189,,,2980.4,1.715,1473.833,0.848,-6940.152,-3.993
21/07/2026,2026-07-21,96,[22:45-23:00[,2026-07-21 21:45,1699.038,15461.378,9.1,1793.123,1.055,10756.685,6.331,,,3400.8,2.002,1385.461,0.815,-1874.69,-1.103
22/07/2026,2026-07-22,1,[23:00-23:15[,2026-07-21 22:00,1661.658,9053.665,5.449,1030.728,0.62,5899.479,3.55,,,2181.6,1.313,1415.339,0.852,-1473.481,-0.887
22/07/2026,2026-07-22,2,[23:15-23:30[,2026-07-21 22:15,1620.883,5481.123,3.382,1069.478,0.66,,,,,2363.4,1.458,1476.737,0.911,571.508,0.353
22/07/2026,2026-07-22,3,[23:30-23:45[,2026-07-21 22:30,1579.868,6207.762,3.929,1108.228,0.701,,,,,2545.2,1.611,1463.812,0.927,1090.522,0.69
22/07/2026,2026-07-22,4,[23:45-00:00[,2026-07-21 22:45,1540.268,5775.814,3.75,1146.978,0.745,,,,,2731.5,1.773,1469.949,0.954,427.388,0.277
22/07/2026,2026-07-22,5,[00:00-00:15[,2026-07-21 23:00,1507.628,8736.72,5.795,1303.735,0.865,,,,,2964,1.966,1478.882,0.981,2990.103,1.983
22/07/2026,2026-07-22,6,[00:15-00:30[,2026-07-21 23:15,1482.255,7240.84,4.885,1393.491,0.94,,,,,3461.7,2.335,1411.898,0.953,973.75,0.657
22/07/2026,2026-07-22,7,[00:30-00:45[,2026-07-21 23:30,1463.023,10669.61,7.293,4401.05,3.008,,,,,3011,2.058,1532.167,1.047,1725.394,1.179
22/07/2026,2026-07-22,8,[00:45-01:00[,2026-07-21 23:45,1441.76,9018.269,6.255,4432.937,3.075,,,,,3096.5,2.148,1532.002,1.063,-43.17,-0.03
22/07/2026,2026-07-22,9,[01:00-01:15[,2026-07-22 00:00,1426.126,9498.596,6.66,3943.259,2.765,,,,,2664.2,1.868,1520.956,1.066,1370.182,0.961
22/07/2026,2026-07-22,10,[01:15-01:30[,2026-07-22 00:15,1403.769,5548.072,3.952,1990.885,1.418,,,,,1890.7,1.347,1489.498,1.061,176.99,0.126
22/07/2026,2026-07-22,11,[01:30-01:45[,2026-07-22 00:30,1380.087,4606.991,3.338,1394.672,1.011,,,,,994,0.72,1476.029,1.07,742.29,0.538
22/07/2026,2026-07-22,12,[01:45-02:00[,2026-07-22 00:45,1361.407,5457.098,4.008,1392.31,1.023,,,,,1011.5,0.743,1493.525,1.097,1559.762,1.146
22/07/2026,2026-07-22,13,[02:00-02:15[,2026-07-22 01:00,1349.656,4533.983,3.359,1395.558,1.034,,,,,961.5,0.712,1519.451,1.126,657.474,0.487
22/07/2026,2026-07-22,14,[02:15-02:30[,2026-07-22 01:15,1335.428,4625.367,3.464,1395.558,1.045,,,,,982.5,0.736,1528.383,1.144,718.926,0.538
22/07/2026,2026-07-22,15,[02:30-02:45[,2026-07-22 01:30,1321.709,4665.741,3.53,1362.785,1.031,,,,,1007,0.762,1517.799,1.148,778.156,0.589
22/07/2026,2026-07-22,16,[02:45-03:00[,2026-07-22 01:45,1306.809,4305.79,3.295,1303.735,0.998,,,,,1007,0.771,1414.773,1.083,580.282,0.444
22/07/2026,2026-07-22,17,[03:00-03:15[,2026-07-22 02:00,1301.816,3714.225,2.853,1303.735,1.001,,,,,1005.5,0.772,1491.041,1.145,-86.051,-0.066
22/07/2026,2026-07-22,18,[03:15-03:30[,2026-07-22 02:15,1292.659,4727.298,3.657,1303.735,1.009,,,,,1005.5,0.778,1521.726,1.177,896.337,0.693
22/07/2026,2026-07-22,19,[03:30-03:45[,2026-07-22 02:30,1283.663,4273.038,3.329,1274.21,0.993,,,,,1005.5,0.783,1527.896,1.19,465.431,0.363
22/07/2026,2026-07-22,20,[03:45-04:00[,2026-07-22 02:45,1278.116,4105.566,3.212,1193.312,0.934,,,,,1005.5,0.787,1527.734,1.195,379.02,0.297
22/07/2026,2026-07-22,21,[04:00-04:15[,2026-07-22 03:00,1273.524,4440.212,3.487,1215.16,0.954,,,,,1008.5,0.792,1453.007,1.141,763.544,0.6
22/07/2026,2026-07-22,22,[04:15-04:30[,2026-07-22 03:15,1272.074,4571.713,3.594,1146.978,0.902,,,,,2016,1.585,1339.33,1.053,69.405,0.055
22/07/2026,2026-07-22,23,[04:30-04:45[,2026-07-22 03:30,1268.625,5091.764,4.014,1108.228,0.874,,,,,1940.4,1.53,1352.433,1.066,690.704,0.544
22/07/2026,2026-07-22,24,[04:45-05:00[,2026-07-22 03:45,1269.375,5493.491,4.328,1030.728,0.812,,,,,1789.2,1.41,1508.834,1.189,1164.73,0.918
22/07/2026,2026-07-22,25,[05:00-05:15[,2026-07-22 04:00,1278.96,3709.246,2.9,1011.353,0.791,,,,,1774.5,1.387,1427.843,1.116,-504.449,-0.394
22/07/2026,2026-07-22,26,[05:15-05:30[,2026-07-22 04:15,1282.438,4143.221,3.231,1011.353,0.789,,,,,1774.5,1.384,1490.001,1.162,-132.633,-0.103
22/07/2026,2026-07-22,27,[05:30-05:45[,2026-07-22 04:30,1290.804,4887.58,3.786,984.228,0.762,,,,,1416.8,1.098,1507.867,1.168,978.685,0.758
22/07/2026,2026-07-22,28,[05:45-06:00[,2026-07-22 04:45,1297.656,4027.256,3.103,984.228,0.758,,,,,1267.5,0.977,1488.545,1.147,286.983,0.221
22/07/2026,2026-07-22,29,[06:00-06:15[,2026-07-22 05:00,1336.752,4063.292,3.04,974.624,0.729,,,,,896,0.67,1503.754,1.125,688.914,0.515
22/07/2026,2026-07-22,30,[06:15-06:30[,2026-07-22 05:15,1345.925,2876.739,2.137,758.715,0.564,,,,,896,0.666,1450.953,1.078,-228.929,-0.17
22/07/2026,2026-07-22,31,[06:30-06:45[,2026-07-22 05:30,1363.354,3874.376,2.842,680.991,0.499,,,,,896,0.657,1509.934,1.108,787.451,0.578
22/07/2026,2026-07-22,32,[06:45-07:00[,2026-07-22 05:45,1382.16,4649.681,3.364,676.651,0.49,,,,,1402.5,1.015,1492.329,1.08,1078.201,0.78
22/07/2026,2026-07-22,33,[07:00-07:15[,2026-07-22 06:00,1432.734,1354.715,0.946,664.655,0.464,,,,,947.2,0.661,1488.776,1.039,-1745.916,-1.219
22/07/2026,2026-07-22,34,[07:15-07:30[,2026-07-22 06:15,1465.302,5278.229,3.602,681.182,0.465,,,,,2075.5,1.416,1446.325,0.987,1075.222,0.734
22/07/2026,2026-07-22,35,[07:30-07:45[,2026-07-22 06:30,1495.115,5599.483,3.745,890.021,0.595,,,,,2855.8,1.91,1486.673,0.994,366.989,0.245
22/07/2026,2026-07-22,36,[07:45-08:00[,2026-07-22 06:45,1528.15,5574.292,3.648,619.043,0.405,,,,,1215.6,0.795,1501.368,0.982,2238.281,1.465
22/07/2026,2026-07-22,37,[08:00-08:15[,2026-07-22 07:00,1587.104,5158.929,3.251,583.396,0.368,,,,,1097.1,0.691,1471.952,0.927,2006.481,1.264
22/07/2026,2026-07-22,38,[08:15-08:30[,2026-07-22 07:15,1620.457,1467.866,0.906,667.44,0.412,,,,,1446,0.892,1422.052,0.878,-2067.626,-1.276
22/07/2026,2026-07-22,39,[08:30-08:45[,2026-07-22 07:30,1647.574,5314.933,3.226,4136.317,2.511,,,,,2331.2,1.415,1429.346,0.868,-2581.929,-1.567
22/07/2026,2026-07-22,40,[08:45-09:00[,2026-07-22 07:45,1661.976,8163.754,4.912,4665.553,2.807,,,,,1386.4,0.834,1436.526,0.864,675.276,0.406
22/07/2026,2026-07-22,41,[09:00-09:15[,2026-07-22 08:00,1687.182,6030.466,3.574,4536.817,2.689,,,,,1620,0.96,1420.978,0.842,-1547.328,-0.917
22/07/2026,2026-07-22,42,[09:15-09:30[,2026-07-22 08:15,1691.749,2477.411,1.464,5154.238,3.047,,,,,905.6,0.535,1401.442,0.828,-4983.869,-2.946
22/07/2026,2026-07-22,43,[09:30-09:45[,2026-07-22 08:30,1692.231,5187.725,3.066,6014.99,3.554,,,,,2341.9,1.384,1335.223,0.789,-4504.388,-2.662
22/07/2026,2026-07-22,44,[09:45-10:00[,2026-07-22 08:45,1711.98,8162.213,4.768,7227.134,4.222,,,,,5423.2,3.168,2252.941,1.316,-6741.063,-3.938
22/07/2026,2026-07-22,45,[10:00-10:15[,2026-07-22 09:00,1694.309,13499.046,7.967,7449.552,4.397,,,,,6195.1,3.656,2161.963,1.276,-2307.569,-1.362
22/07/2026,2026-07-22,46,[10:15-10:30[,2026-07-22 09:15,1692.835,15839.97,9.357,7532.635,4.45,,,,,8179,4.832,2369.976,1.4,-2241.64,-1.324
22/07/2026,2026-07-22,47,[10:30-10:45[,2026-07-22 09:30,1682.693,17782.836,10.568,8106.663,4.818,,,,,8461.4,5.028,2054.262,1.221,-839.489,-0.499
22/07/2026,2026-07-22,48,[10:45-11:00[,2026-07-22 09:45,1675.411,9845.406,5.876,8199.351,4.894,,,,,8169.6,4.876,2206.976,1.317,-8730.521,-5.211
22/07/2026,2026-07-22,49,[11:00-11:15[,2026-07-22 10:00,1682.677,72760.445,43.241,8359.973,4.968,,,,,8751.6,5.201,2290.014,1.361,53358.859,31.711
22/07/2026,2026-07-22,50,[11:15-11:30[,2026-07-22 10:15,1675.382,48191.279,28.764,8373.948,4.998,,,,,8774.3,5.237,1999.775,1.194,29043.256,17.335
22/07/2026,2026-07-22,51,[11:30-11:45[,2026-07-22 10:30,1681.05,46112.776,27.431,8376.773,4.983,,,,,8509.3,5.062,2218.439,1.32,27008.265,16.066
22/07/2026,2026-07-22,52,[11:45-12:00[,2026-07-22 10:45,1672.62,41771.254,24.974,8423.268,5.036,,,,,8509.3,5.087,2148.102,1.284,22690.585,13.566
22/07/2026,2026-07-22,53,[12:00-12:15[,2026-07-22 11:00,1646.108,46485.593,28.24,8435.854,5.125,,,,,7919.9,4.811,1811.473,1.1,28318.366,17.203
22/07/2026,2026-07-22,54,[12:15-12:30[,2026-07-22 11:15,1642.037,45349.925,27.618,8456.325,5.15,,,,,7874.5,4.796,2092.016,1.274,26927.084,16.399
22/07/2026,2026-07-22,55,[12:30-12:45[,2026-07-22 11:30,1610.233,37013.123,22.986,8489.275,5.272,,,,,7874.5,4.89,2114.723,1.313,18534.625,11.511
22/07/2026,2026-07-22,56,[12:45-13:00[,2026-07-22 11:45,1588.709,37891.394,23.85,8564.868,5.391,,,,,7874.5,4.957,2036.631,1.282,19415.396,12.221
22/07/2026,2026-07-22,57,[13:00-13:15[,2026-07-22 12:00,1588.828,50824.028,31.988,8582.669,5.402,,,,,6160.3,3.877,2056.855,1.295,34024.205,21.415
22/07/2026,2026-07-22,58,[13:15-13:30[,2026-07-22 12:15,1582.991,39016.453,24.647,8595.529,5.43,,,,,6160.3,3.892,1882.043,1.189,22378.581,14.137
22/07/2026,2026-07-22,59,[13:30-13:45[,2026-07-22 12:30,1598.107,40165.817,25.133,8658.861,5.418,,,,,8281.9,5.182,2056.604,1.287,21168.453,13.246
22/07/2026,2026-07-22,60,[13:45-14:00[,2026-07-22 12:45,1601.612,41456.864,25.884,8785.526,5.485,,,,,8281.9,5.171,2062.818,1.288,22326.62,13.94
22/07/2026,2026-07-22,61,[14:00-14:15[,2026-07-22 13:00,1610.699,46681.686,28.982,8815.776,5.473,,,,,8120.9,5.042,1973.396,1.225,27771.614,17.242
22/07/2026,2026-07-22,62,[14:15-14:30[,2026-07-22 13:15,1624.967,41062.67,25.27,9030.286,5.557,,,,,8120.9,4.998,2025.938,1.247,21885.546,13.468
22/07/2026,2026-07-22,63,[14:30-14:45[,2026-07-22 13:30,1616.683,43413.985,26.854,9029.872,5.585,,,,,8120.9,5.023,1548.463,0.958,24714.75,15.287
22/07/2026,2026-07-22,64,[14:45-15:00[,2026-07-22 13:45,1607.085,35554.303,22.123,9032.11,5.62,,,,,8120.9,5.053,1127.5,0.702,17273.794,10.749
22/07/2026,2026-07-22,65,[15:00-15:15[,2026-07-22 14:00,1610.033,48186.995,29.929,9031.621,5.61,,,,,8211.7,5.1,1151.783,0.715,29791.891,18.504
22/07/2026,2026-07-22,66,[15:15-15:30[,2026-07-22 14:15,1609.921,42265.329,26.253,8886.792,5.52,,,,,8211.7,5.101,1135.043,0.705,24031.793,14.927
22/07/2026,2026-07-22,67,[15:30-15:45[,2026-07-22 14:30,1613.325,42073.928,26.079,8698.861,5.392,,,,,8211.7,5.09,1163.401,0.721,23999.965,14.876
22/07/2026,2026-07-22,68,[15:45-16:00[,2026-07-22 14:45,1613.401,45947.839,28.479,8507.014,5.273,,,,,7897.2,4.895,1102.078,0.683,28441.547,17.628
22/07/2026,2026-07-22,69,[16:00-16:15[,2026-07-22 15:00,1612.544,34048.209,21.115,8446.531,5.238,,,,,8728.9,5.413,1131.687,0.702,15741.091,9.762
22/07/2026,2026-07-22,70,[16:15-16:30[,2026-07-22 15:15,1627.086,29952.203,18.408,8369.743,5.144,,,,,8728.9,5.365,1184.723,0.728,11668.837,7.172
22/07/2026,2026-07-22,71,[16:30-16:45[,2026-07-22 15:30,1640.77,41323.912,25.186,8122.595,4.95,,,,,8574.9,5.226,1195.858,0.729,23430.558,14.28
22/07/2026,2026-07-22,72,[16:45-17:00[,2026-07-22 15:45,1649.887,27650.788,16.759,7569.332,4.588,,,,,8017.9,4.86,1233.304,0.748,10830.253,6.564
22/07/2026,2026-07-22,73,[17:00-17:15[,2026-07-22 16:00,1648.995,39745.625,24.103,8093.429,4.908,,,,,10214.8,6.195,1233.14,0.748,20204.257,12.252
22/07/2026,2026-07-22,74,[17:15-17:30[,2026-07-22 16:15,1659.277,39223.347,23.639,7097.013,4.277,,,,,9890.8,5.961,1174.039,0.708,21061.495,12.693
22/07/2026,2026-07-22,75,[17:30-17:45[,2026-07-22 16:30,1671.779,7094.982,4.244,5808.226,3.474,,,,,2918.4,1.746,1253.729,0.75,-2885.373,-1.726
22/07/2026,2026-07-22,76,[17:45-18:00[,2026-07-22 16:45,1680.203,4693.896,2.794,4723.871,2.811,,,,,1683.7,1.002,1299.349,0.773,-3013.025,-1.793
22/07/2026,2026-07-22,77,[18:00-18:15[,2026-07-22 17:00,1689.563,12034.182,7.123,4698.104,2.781,,,,,1715,1.015,1277.831,0.756,4343.247,2.571
22/07/2026,2026-07-22,78,[18:15-18:30[,2026-07-22 17:15,1714.102,5885.99,3.434,3699.49,2.158,,,,,2685.3,1.567,1243.126,0.725,-1741.925,-1.016
22/07/2026,2026-07-22,79,[18:30-18:45[,2026-07-22 17:30,1747.769,943.448,0.54,3667.626,2.098,,,,,2380.4,1.362,1278.6,0.732,-6383.177,-3.652
22/07/2026,2026-07-22,80,[18:45-19:00[,2026-07-22 17:45,1784.216,2769.977,1.552,687.141,0.385,,,,,1276.8,0.716,1317.939,0.739,-511.903,-0.287
22/07/2026,2026-07-22,81,[19:00-19:15[,2026-07-22 18:00,1810.94,27686.807,15.289,4105.206,2.267,42642.227,23.547,,,2220.4,1.226,1397.615,0.772,-22678.642,-12.523
22/07/2026,2026-07-22,82,[19:15-19:30[,2026-07-22 18:15,1846.322,30188.037,16.35,783.211,0.424,42642.227,23.096,,,2017.1,1.092,1437.352,0.778,-16691.853,-9.041
22/07/2026,2026-07-22,83,[19:30-19:45[,2026-07-22 18:30,1875.782,28436.384,15.16,742.57,0.396,42642.227,22.733,,,411,0.219,1470.119,0.784,-16829.533,-8.972
22/07/2026,2026-07-22,84,[19:45-20:00[,2026-07-22 18:45,1894.676,31460.59,16.605,816.528,0.431,42642.227,22.506,,,2027.6,1.07,1472.433,0.777,-15498.198,-8.18
22/07/2026,2026-07-22,85,[20:00-20:15[,2026-07-22 19:00,1899.243,19631.432,10.336,889.459,0.468,42642.227,22.452,,,1850.7,0.974,1473.424,0.776,-27224.378,-14.334
22/07/2026,2026-07-22,86,[20:15-20:30[,2026-07-22 19:15,1890.772,17217.864,9.106,963.185,0.509,42642.227,22.553,,,6001.3,3.174,1394.755,0.738,-33783.603,-17.868
22/07/2026,2026-07-22,87,[20:30-20:45[,2026-07-22 19:30,1882.635,16044.26,8.522,1027.186,0.546,42642.227,22.65,,,8512.6,4.522,1469.512,0.781,-37607.265,-19.976
22/07/2026,2026-07-22,88,[20:45-21:00[,2026-07-22 19:45,1873.827,16675.447,8.899,1864.577,0.995,42642.227,22.757,,,13492,7.2,1484.374,0.792,-42807.731,-22.845
22/07/2026,2026-07-22,89,[21:00-21:15[,2026-07-22 20:00,1875.226,21431.479,11.429,1879.129,1.002,42642.227,22.74,,,9155.3,4.882,1438.186,0.767,-33683.363,-17.962
22/07/2026,2026-07-22,90,[21:15-21:30[,2026-07-22 20:15,1880.612,41335.535,21.98,1883.306,1.001,42642.227,22.675,,,8963.9,4.766,1408.819,0.749,-13562.717,-7.212
22/07/2026,2026-07-22,91,[21:30-21:45[,2026-07-22 20:30,1857.97,29093.247,15.659,1883.306,1.014,42642.227,22.951,,,4675.3,2.516,1373.639,0.739,-21481.226,-11.562
22/07/2026,2026-07-22,92,[21:45-22:00[,2026-07-22 20:45,1834.111,23744.917,12.946,1863.744,1.016,42642.227,23.25,,,2411.2,1.315,1468.974,0.801,-24641.227,-13.435
22/07/2026,2026-07-22,93,[22:00-22:15[,2026-07-22 21:00,1802.259,26713.498,14.822,1846.249,1.024,42642.227,23.66,,,2337.5,1.297,1430.147,0.794,-21542.625,-11.953
22/07/2026,2026-07-22,94,[22:15-22:30[,2026-07-22 21:15,1768.383,39595.927,22.391,1841.695,1.041,42642.227,24.114,,,1903.2,1.076,1436.415,0.812,-8227.611,-4.653
22/07/2026,2026-07-22,95,[22:30-22:45[,2026-07-22 21:30,1730.182,28282.207,16.346,1820.943,1.052,42642.227,24.646,,,1276.1,0.738,1404.125,0.812,-18861.188,-10.901
22/07/2026,2026-07-22,96,[22:45-23:00[,2026-07-22 21:45,1689.624,40579.965,24.017,1743.357,1.032,42642.227,25.238,,,1005,0.595,1301.912,0.771,-6112.531,-3.618
23/07/2026,2026-07-23,1,[23:00-23:15[,2026-07-22 22:00,1651.706,12820.961,7.762,131.269,0.079,20003.296,12.111,,,639.6,0.387,1347.883,0.816,-9301.087,-5.631
23/07/2026,2026-07-23,2,[23:15-23:30[,2026-07-22 22:15,1617.427,3241.733,2.004,324.426,0.201,3983.571,2.463,,,579.6,0.358,1385.479,0.857,-3031.342,-1.874
23/07/2026,2026-07-23,3,[23:30-23:45[,2026-07-22 22:30,1583.142,3996.71,2.525,566.785,0.358,,,,,729.6,0.461,1375.404,0.869,1324.921,0.837
23/07/2026,2026-07-23,4,[23:45-00:00[,2026-07-22 22:45,1543.779,2724.931,1.765,645.492,0.418,,,,,640.8,0.415,1379.826,0.894,58.814,0.038
23/07/2026,2026-07-23,5,[00:00-00:15[,2026-07-22 23:00,1514.702,353.708,0.234,839.3,0.554,,,,,575,0.38,1429.704,0.944,-2490.296,-1.644
23/07/2026,2026-07-23,6,[00:15-00:30[,2026-07-22 23:15,1493.623,-1030.9,-0.69,1188.498,0.796,,,,,515.7,0.345,1394.971,0.934,-4130.069,-2.765
23/07/2026,2026-07-23,7,[00:30-00:45[,2026-07-22 23:30,1468.116,2692.013,1.834,1232.118,0.839,,,,,515.7,0.351,1389.085,0.946,-444.889,-0.303
23/07/2026,2026-07-23,8,[00:45-01:00[,2026-07-22 23:45,1441.554,957.032,0.664,1238.414,0.859,,,,,515.7,0.358,1373.573,0.953,-2170.654,-1.506
23/07/2026,2026-07-23,9,[01:00-01:15[,2026-07-23 00:00,1419.981,4359.938,3.07,1238.275,0.872,,,,,2434.6,1.715,1369.09,0.964,-682.026,-0.48
23/07/2026,2026-07-23,10,[01:15-01:30[,2026-07-23 00:15,1400.758,-1203.2,-0.859,1241.763,0.886,,,,,2434.6,1.738,1276.785,0.911,-6156.347,-4.395
23/07/2026,2026-07-23,11,[01:30-01:45[,2026-07-23 00:30,1379.325,2797.236,2.028,1243.605,0.902,,,,,2341.1,1.697,1288.601,0.934,-2076.07,-1.505
23/07/2026,2026-07-23,12,[01:45-02:00[,2026-07-23 00:45,1360.356,4540,3.337,1244.94,0.915,,,,,2341.1,1.721,1257.576,0.924,-303.617,-0.223
23/07/2026,2026-07-23,13,[02:00-02:15[,2026-07-23 01:00,1346.121,7573.353,5.626,1251.365,0.93,,,,,1571.6,1.168,1347.732,1.001,3402.657,2.528
23/07/2026,2026-07-23,14,[02:15-02:30[,2026-07-23 01:15,1337.122,4818.098,3.603,1251.483,0.936,,,,,1571.6,1.175,1332.994,0.997,662.022,0.495
23/07/2026,2026-07-23,15,[02:30-02:45[,2026-07-23 01:30,1328.072,5322.235,4.007,1251.483,0.942,,,,,1571.6,1.183,1344.299,1.012,1154.853,0.87
23/07/2026,2026-07-23,16,[02:45-03:00[,2026-07-23 01:45,1315.677,5273.635,4.008,1252.15,0.952,,,,,1571.6,1.195,1342.414,1.02,1107.471,0.842
23/07/2026,2026-07-23,17,[03:00-03:15[,2026-07-23 02:00,1310.545,4133.092,3.154,1252.15,0.955,,,,,1568.9,1.197,1321.684,1.008,-9.642,-0.007
23/07/2026,2026-07-23,18,[03:15-03:30[,2026-07-23 02:15,1300.692,4760.911,3.66,1251.89,0.962,,,,,1568.9,1.206,1332.271,1.024,607.851,0.467
23/07/2026,2026-07-23,19,[03:30-03:45[,2026-07-23 02:30,1290.259,5129.569,3.976,1252.44,0.971,,,,,1502.9,1.165,1340.606,1.039,1033.623,0.801
23/07/2026,2026-07-23,20,[03:45-04:00[,2026-07-23 02:45,1284.116,5696.161,4.436,1252.44,0.975,,,,,2396.4,1.866,1349.744,1.051,697.577,0.543
23/07/2026,2026-07-23,21,[04:00-04:15[,2026-07-23 03:00,1282.279,3203.016,2.498,1240.872,0.968,,,,,1575.2,1.228,1294.946,1.01,-908.002,-0.708
23/07/2026,2026-07-23,22,[04:15-04:30[,2026-07-23 03:15,1279.515,5707.651,4.461,1241.54,0.97,,,,,1575.2,1.231,1304.466,1.02,1586.446,1.24
23/07/2026,2026-07-23,23,[04:30-04:45[,2026-07-23 03:30,1275.539,4653.915,3.649,1235.64,0.969,,,,,1575.2,1.235,1316.841,1.032,526.234,0.413
23/07/2026,2026-07-23,24,[04:45-05:00[,2026-07-23 03:45,1276.47,4727.39,3.703,1236.307,0.969,,,,,1575.2,1.234,1358.776,1.064,557.107,0.436
23/07/2026,2026-07-23,25,[05:00-05:15[,2026-07-23 04:00,1286.752,4307.863,3.348,1242.207,0.965,,,,,1575.2,1.224,1358.108,1.055,132.348,0.103
23/07/2026,2026-07-23,26,[05:15-05:30[,2026-07-23 04:15,1290.754,4630.949,3.588,1242.089,0.962,,,,,1641.35,1.272,1165.957,0.903,581.554,0.451
23/07/2026,2026-07-23,27,[05:30-05:45[,2026-07-23 04:30,1299.435,4771.421,3.672,1232.295,0.948,,,,,1709.95,1.316,1128.717,0.869,700.46,0.539
23/07/2026,2026-07-23,28,[05:45-06:00[,2026-07-23 04:45,1308.138,7406.714,5.662,1232.963,0.943,,,,,1810.4,1.384,1138.925,0.871,3224.427,2.465
23/07/2026,2026-07-23,29,[06:00-06:15[,2026-07-23 05:00,1342.304,245.629,0.183,690.549,0.514,,,,,865.73,0.645,1215.038,0.905,-2525.689,-1.882
23/07/2026,2026-07-23,30,[06:15-06:30[,2026-07-23 05:15,1353.518,2247.163,1.66,690.485,0.51,,,,,865.73,0.64,1217.823,0.9,-526.874,-0.389
23/07/2026,2026-07-23,31,[06:30-06:45[,2026-07-23 05:30,1367.63,3803.761,2.781,701.522,0.513,,,,,887.25,0.649,1218.494,0.891,996.495,0.729
23/07/2026,2026-07-23,32,[06:45-07:00[,2026-07-23 05:45,1387.145,5473.256,3.946,781.659,0.564,,,,,1027.13,0.74,1210.742,0.873,2453.725,1.769
23/07/2026,2026-07-23,33,[07:00-07:15[,2026-07-23 06:00,1436.187,-224.191,-0.156,713.515,0.497,,,,,1296.5,0.903,1163.763,0.81,-3397.969,-2.366
23/07/2026,2026-07-23,34,[07:15-07:30[,2026-07-23 06:15,1467.932,1075.185,0.732,746.688,0.509,,,,,1160.3,0.79,1183.235,0.806,-2015.038,-1.373
23/07/2026,2026-07-23,35,[07:30-07:45[,2026-07-23 06:30,1501.803,6782.55,4.516,3696.581,2.461,,,,,534.6,0.356,1207.958,0.804,1343.41,0.895
23/07/2026,2026-07-23,36,[07:45-08:00[,2026-07-23 06:45,1529.629,9527.574,6.229,4333.177,2.833,,,,,534.6,0.349,1158.784,0.758,3501.013,2.289
23/07/2026,2026-07-23,37,[08:00-08:15[,2026-07-23 07:00,1599.154,4397.718,2.75,3708.927,2.319,,,,,950.1,0.594,1063.976,0.665,-1325.285,-0.829
23/07/2026,2026-07-23,38,[08:15-08:30[,2026-07-23 07:15,1647.609,2853.217,1.732,4612.353,2.799,,,,,949.2,0.576,1120.381,0.68,-3828.716,-2.324
23/07/2026,2026-07-23,39,[08:30-08:45[,2026-07-23 07:30,1724.376,9684.491,5.616,5921.588,3.434,,,,,1709.7,0.991,1974.449,1.145,78.754,0.046
23/07/2026,2026-07-23,40,[08:45-09:00[,2026-07-23 07:45,1721.604,16446.045,9.553,7649.5,4.443,,,,,7920.6,4.601,2091.404,1.215,-1215.459,-0.706
23/07/2026,2026-07-23,41,[09:00-09:15[,2026-07-23 08:00,1748.759,11040.943,6.314,6856.375,3.921,,,,,5367.6,3.069,2126.935,1.216,-3309.967,-1.893
23/07/2026,2026-07-23,42,[09:15-09:30[,2026-07-23 08:15,1737.354,17512.805,10.08,7742.524,4.457,,,,,8923.2,5.136,1756.414,1.011,-909.333,-0.523
23/07/2026,2026-07-23,43,[09:30-09:45[,2026-07-23 08:30,1733.812,37670.931,21.727,8261.775,4.765,,,,,7665.1,4.421,1910.896,1.102,19833.16,11.439
23/07/2026,2026-07-23,44,[09:45-10:00[,2026-07-23 08:45,1739.842,49010.631,28.17,8729.786,5.018,,,,,8595.42,4.94,2120.6,1.219,29564.824,16.993
23/07/2026,2026-07-23,45,[10:00-10:15[,2026-07-23 09:00,1719.903,37997.276,22.093,8729.702,5.076,,,,,7030.14,4.088,1831.753,1.065,20405.681,11.864
23/07/2026,2026-07-23,46,[10:15-10:30[,2026-07-23 09:15,1723.988,44967.313,26.083,8740.838,5.07,,,,,12149.68,7.047,1878.654,1.09,22198.141,12.876
23/07/2026,2026-07-23,47,[10:30-10:45[,2026-07-23 09:30,1703.909,39385.527,23.115,8776.623,5.151,,,,,10099,5.927,1822.938,1.07,18686.966,10.967
23/07/2026,2026-07-23,48,[10:45-11:00[,2026-07-23 09:45,1699.275,39223.134,23.082,8776.936,5.165,,,,,10099,5.943,1711.021,1.007,18636.177,10.967
23/07/2026,2026-07-23,49,[11:00-11:15[,2026-07-23 10:00,1698.719,42108.359,24.788,8825.484,5.195,,,,,17186,10.117,1798.02,1.058,14298.855,8.417
23/07/2026,2026-07-23,50,[11:15-11:30[,2026-07-23 10:15,1690.9,46540.82,27.524,8825.481,5.219,,,,,17521,10.362,1695.425,1.003,18498.913,10.94
23/07/2026,2026-07-23,51,[11:30-11:45[,2026-07-23 10:30,1688.061,36466.736,21.603,8872.415,5.256,,,,,14020.48,8.306,1758.251,1.042,11815.59,7
23/07/2026,2026-07-23,52,[11:45-12:00[,2026-07-23 10:45,1686.666,35215.385,20.879,8872.409,5.26,,,,,14055.36,8.333,1836.314,1.089,10451.302,6.196
23/07/2026,2026-07-23,53,[12:00-12:15[,2026-07-23 11:00,1659.118,28949.231,17.449,8975.99,5.41,,,,,11097.89,6.689,1580.16,0.952,7295.191,4.397
23/07/2026,2026-07-23,54,[12:15-12:30[,2026-07-23 11:15,1660.171,32714.258,19.705,9074.46,5.466,,,,,11170.94,6.729,1896.657,1.142,10572.201,6.368
23/07/2026,2026-07-23,55,[12:30-12:45[,2026-07-23 11:30,1626.596,29291.51,18.008,9332.751,5.738,,,,,11139.55,6.848,1840.099,1.131,6979.11,4.291
23/07/2026,2026-07-23,56,[12:45-13:00[,2026-07-23 11:45,1599.293,28076.765,17.556,9334.188,5.836,,,,,11142.3,6.967,1670.767,1.045,5929.51,3.708
23/07/2026,2026-07-23,57,[13:00-13:15[,2026-07-23 12:00,1591.383,45348.639,28.496,9332.906,5.865,4315.655,2.712,,,12405.7,7.796,1813.46,1.14,17480.918,10.985
23/07/2026,2026-07-23,58,[13:15-13:30[,2026-07-23 12:15,1582.542,48324.573,30.536,9333.516,5.898,8648.333,5.465,,,12251.6,7.742,1536.948,0.971,16554.176,10.46
23/07/2026,2026-07-23,59,[13:30-13:45[,2026-07-23 12:30,1584.935,47192.673,29.776,9332.856,5.888,11018.11,6.952,,,12928.97,8.157,1461.239,0.922,12451.498,7.856
23/07/2026,2026-07-23,60,[13:45-14:00[,2026-07-23 12:45,1588.024,45736.166,28.801,10161.337,6.399,18477.125,11.635,,,12231.54,7.702,1449.556,0.913,3416.609,2.151
23/07/2026,2026-07-23,61,[14:00-14:15[,2026-07-23 13:00,1593.226,54318.75,34.094,14017.132,8.798,27272.913,17.118,,,11044.7,6.932,991.795,0.623,992.21,0.623
23/07/2026,2026-07-23,62,[14:15-14:30[,2026-07-23 13:15,1612.907,56754.114,35.187,14037.825,8.703,30797.187,19.094,,,11074.6,6.866,1383.773,0.858,-539.271,-0.334
23/07/2026,2026-07-23,63,[14:30-14:45[,2026-07-23 13:30,1619.2,61360.131,37.895,14111.035,8.715,36885.003,22.78,,,10907.2,6.736,1352.484,0.835,-1895.591,-1.171
23/07/2026,2026-07-23,64,[14:45-15:00[,2026-07-23 13:45,1611.607,61729.517,38.303,14038.024,8.711,39029.289,24.218,,,11074.6,6.872,1010.7,0.627,-3423.096,-2.124
23/07/2026,2026-07-23,65,[15:00-15:15[,2026-07-23 14:00,1621.471,61398.87,37.866,14038.116,8.658,38430.429,23.701,,,11037.2,6.807,1327.927,0.819,-3434.802,-2.118
23/07/2026,2026-07-23,66,[15:15-15:30[,2026-07-23 14:15,1623.021,63375.766,39.048,14027.902,8.643,40216.143,24.779,,,11028.2,6.795,1581.871,0.975,-3478.35,-2.143
23/07/2026,2026-07-23,67,[15:30-15:45[,2026-07-23 14:30,1624.96,62703.604,38.588,14007.523,8.62,40216.143,24.749,,,10689.4,6.578,1699.028,1.046,-3908.491,-2.405
23/07/2026,2026-07-23,68,[15:45-16:00[,2026-07-23 14:45,1630.621,63143.811,38.724,13997.484,8.584,40216.143,24.663,,,10623.4,6.515,1750.467,1.073,-3443.682,-2.112
23/07/2026,2026-07-23,69,[16:00-16:15[,2026-07-23 15:00,1609.748,62032.402,38.535,14008.207,8.702,40216.143,24.983,,,13350.18,8.293,1561.287,0.97,-7103.415,-4.413
23/07/2026,2026-07-23,70,[16:15-16:30[,2026-07-23 15:15,1624.739,70475.02,43.376,10238.29,6.301,40216.143,24.752,,,16931.1,10.421,1733.604,1.067,1355.883,0.835
23/07/2026,2026-07-23,71,[16:30-16:45[,2026-07-23 15:30,1633.985,67118.5,41.077,9416.042,5.763,40216.143,24.612,,,11474.82,7.023,1778.027,1.088,4233.468,2.591
23/07/2026,2026-07-23,72,[16:45-17:00[,2026-07-23 15:45,1637.732,67367.042,41.134,8731.463,5.331,42091.143,25.701,-0.25,0,11504.33,7.025,1710.877,1.045,3329.479,2.033
23/07/2026,2026-07-23,73,[17:00-17:15[,2026-07-23 16:00,1646.239,79223.586,48.124,8369.588,5.084,42091.143,25.568,,,16802.5,10.207,1830.07,1.112,10130.285,6.154
23/07/2026,2026-07-23,74,[17:15-17:30[,2026-07-23 16:15,1650.666,74599.256,45.193,7699.275,4.664,42091.143,25.499,,,15985.4,9.684,1748.968,1.06,7074.469,4.286
23/07/2026,2026-07-23,75,[17:30-17:45[,2026-07-23 16:30,1656.201,68568.341,41.401,7326.313,4.424,42091.143,25.414,,,15805.5,9.543,1973.985,1.192,1371.399,0.828
23/07/2026,2026-07-23,76,[17:45-18:00[,2026-07-23 16:45,1671.83,59337.958,35.493,5967.976,3.57,42091.143,25.177,,,7809.8,4.671,1935.502,1.158,1533.537,0.917
23/07/2026,2026-07-23,77,[18:00-18:15[,2026-07-23 17:00,1671.246,53652.682,32.103,5723.804,3.425,44488.893,26.62,,,1715.6,1.027,1777.384,1.064,-52.999,-0.032
23/07/2026,2026-07-23,78,[18:15-18:30[,2026-07-23 17:15,1704.986,56718.947,33.267,4334.709,2.542,46407.093,27.218,,,1915,1.123,2027.784,1.189,2034.36,1.193
23/07/2026,2026-07-23,79,[18:30-18:45[,2026-07-23 17:30,1723.964,59224.55,34.354,1526.905,0.886,46407.093,26.919,,,1716.6,0.996,1598.529,0.927,7975.422,4.626
23/07/2026,2026-07-23,80,[18:45-19:00[,2026-07-23 17:45,1757.922,51750.672,29.439,695.131,0.395,46407.093,26.399,,,1716.6,0.976,1078.322,0.613,1853.526,1.054
23/07/2026,2026-07-23,81,[19:00-19:15[,2026-07-23 18:00,1789.435,50056.924,27.974,1685.359,0.942,45447.993,25.398,,,1620.2,0.905,1049.283,0.586,254.089,0.142
23/07/2026,2026-07-23,82,[19:15-19:30[,2026-07-23 18:15,1824.271,53208.032,29.167,671.529,0.368,45447.993,24.913,-160,-0.088,2147,1.177,1030.081,0.565,4071.428,2.232
23/07/2026,2026-07-23,83,[19:30-19:45[,2026-07-23 18:30,1851.777,49826.213,26.907,276.474,0.149,45447.993,24.543,,,1760,0.95,1018.93,0.55,1322.816,0.714
23/07/2026,2026-07-23,84,[19:45-20:00[,2026-07-23 18:45,1874.977,57412.38,30.62,234.883,0.125,45447.993,24.239,-286.365,-0.153,1672.3,0.892,1095.524,0.584,9248.044,4.932
23/07/2026,2026-07-23,85,[20:00-20:15[,2026-07-23 19:00,1873.461,23910.47,12.763,313.739,0.167,45447.993,24.259,,,1835,0.979,1165.139,0.622,-24851.401,-13.265
23/07/2026,2026-07-23,86,[20:15-20:30[,2026-07-23 19:15,1861.247,20596.971,11.066,359.477,0.193,45447.993,24.418,,,3874.4,2.082,1428.651,0.768,-30513.55,-16.394
23/07/2026,2026-07-23,87,[20:30-20:45[,2026-07-23 19:30,1847.802,30570.675,16.544,359.477,0.195,45447.993,24.596,,,7515.3,4.067,1381.182,0.747,-24133.277,-13.061
23/07/2026,2026-07-23,88,[20:45-21:00[,2026-07-23 19:45,1841.495,21767.32,11.82,359.477,0.195,45447.993,24.68,,,7836.4,4.255,1457.876,0.792,-33334.426,-18.102
23/07/2026,2026-07-23,89,[21:00-21:15[,2026-07-23 20:00,1849.785,25507.413,13.789,1768.185,0.956,45447.993,24.569,,,5504,2.975,1438.519,0.778,-28651.284,-15.489
23/07/2026,2026-07-23,90,[21:15-21:30[,2026-07-23 20:15,1851.396,25103.982,13.559,1758.315,0.95,45447.993,24.548,,,4248.2,2.295,1458.229,0.788,-27808.756,-15.02
23/07/2026,2026-07-23,91,[21:30-21:45[,2026-07-23 20:30,1831.914,26601.04,14.521,1079.916,0.59,45447.993,24.809,,,3516.7,1.92,1471.589,0.803,-24915.158,-13.601
23/07/2026,2026-07-23,92,[21:45-22:00[,2026-07-23 20:45,1802.027,21226.279,11.779,406.3,0.225,45447.993,25.22,,,1920.8,1.066,1475.308,0.819,-28024.123,-15.551
23/07/2026,2026-07-23,93,[22:00-22:15[,2026-07-23 21:00,1769.589,24031.172,13.58,406.3,0.23,45447.993,25.683,,,1987.2,1.123,1465.692,0.828,-25276.013,-14.284
23/07/2026,2026-07-23,94,[22:15-22:30[,2026-07-23 21:15,1736.856,22982.313,13.232,298.309,0.172,45447.993,26.167,,,1987.2,1.144,1455.591,0.838,-26206.781,-15.089
23/07/2026,2026-07-23,95,[22:30-22:45[,2026-07-23 21:30,1703.156,21300.824,12.507,124.243,0.073,45447.993,26.685,,,2144.9,1.259,1454.282,0.854,-27870.594,-16.364
23/07/2026,2026-07-23,96,[22:45-23:00[,2026-07-23 21:45,1667.579,22359.652,13.408,543.917,0.326,45447.993,27.254,161.628,0.097,2144.9,1.286,1385.811,0.831,-27324.597,-16.386
24/07/2026,2026-07-24,1,[23:00-23:15[,2026-07-23 22:00,1632.2,5388.733,3.302,,,25770.864,15.789,,,642.5,0.394,1432.392,0.878,-22457.023,-13.759
24/07/2026,2026-07-24,2,[23:15-23:30[,2026-07-23 22:15,1599.396,10589.147,6.621,,,25770.864,16.113,,,641.4,0.401,1442.223,0.902,-17265.341,-10.795
24/07/2026,2026-07-24,3,[23:30-23:45[,2026-07-23 22:30,1568.934,8019.621,5.112,,,26603.814,16.957,,,648.5,0.413,1461.239,0.931,-20693.933,-13.19
24/07/2026,2026-07-24,4,[23:45-00:00[,2026-07-23 22:45,1531.226,10002.091,6.532,,,26603.814,17.374,,,729.6,0.476,1489.003,0.972,-18820.327,-12.291
24/07/2026,2026-07-24,5,[00:00-00:15[,2026-07-23 23:00,1507.718,9368.267,6.214,,,23754.564,15.755,,,631.2,0.419,1389.759,0.922,-16407.256,-10.882
24/07/2026,2026-07-24,6,[00:15-00:30[,2026-07-23 23:15,1485.408,6740.249,4.538,,,17785.877,11.974,,,743.6,0.501,1425.983,0.96,-13215.211,-8.897
24/07/2026,2026-07-24,7,[00:30-00:45[,2026-07-23 23:30,1460.058,4307.622,2.95,,,14993.1,10.269,,,631.2,0.432,1484.913,1.017,-12801.591,-8.768
24/07/2026,2026-07-24,8,[00:45-01:00[,2026-07-23 23:45,1434.438,6700.511,4.671,,,14993.1,10.452,,,631.2,0.44,1488.923,1.038,-10412.711,-7.259
24/07/2026,2026-07-24,9,[01:00-01:15[,2026-07-24 00:00,1429.785,12052.589,8.43,,,12660.84,8.855,,,517,0.362,2280.589,1.595,-3405.839,-2.382
24/07/2026,2026-07-24,10,[01:15-01:30[,2026-07-24 00:15,1412.537,10198.459,7.22,,,13049.55,9.238,,,544.9,0.386,2492.192,1.764,-5888.184,-4.169
24/07/2026,2026-07-24,11,[01:30-01:45[,2026-07-24 00:30,1392.891,8297.832,5.957,,,13771.44,9.887,,,543.8,0.39,2506.302,1.799,-8523.709,-6.119
24/07/2026,2026-07-24,12,[01:45-02:00[,2026-07-24 00:45,1371.293,8688.18,6.336,,,13771.44,10.043,,,543.8,0.397,2201.71,1.606,-7828.769,-5.709
24/07/2026,2026-07-24,13,[02:00-02:15[,2026-07-24 01:00,1366.733,8344.402,6.105,,,13327.2,9.751,,,522.8,0.383,2520.455,1.844,-8026.053,-5.872
24/07/2026,2026-07-24,14,[02:15-02:30[,2026-07-24 01:15,1351.328,7100.508,5.254,,,13327.2,9.862,,,522.8,0.387,2515.748,1.862,-9265.239,-6.856
24/07/2026,2026-07-24,15,[02:30-02:45[,2026-07-24 01:30,1331.658,7771.242,5.836,,,13327.2,10.008,,,547.6,0.411,2379.54,1.787,-8483.098,-6.37
24/07/2026,2026-07-24,16,[02:45-03:00[,2026-07-24 01:45,1328.235,4550.362,3.426,,,13327.2,10.034,,,547.6,0.412,2558.64,1.926,-11883.078,-8.947
24/07/2026,2026-07-24,17,[03:00-03:15[,2026-07-24 02:00,1317.702,12860.505,9.76,,,14993.1,11.378,,,620.5,0.471,2382.396,1.808,-5135.491,-3.897
24/07/2026,2026-07-24,18,[03:15-03:30[,2026-07-24 02:15,1318.561,13265.363,10.06,,,14993.1,11.371,,,669.5,0.508,2557.665,1.94,-4954.902,-3.758
24/07/2026,2026-07-24,19,[03:30-03:45[,2026-07-24 02:30,1307.672,12958.469,9.91,,,14993.1,11.465,,,669.5,0.512,2519.074,1.926,-5223.205,-3.994
24/07/2026,2026-07-24,20,[03:45-04:00[,2026-07-24 02:45,1294.549,12781.423,9.873,,,14993.1,11.582,,,669.5,0.517,2398.224,1.853,-5279.401,-4.078
24/07/2026,2026-07-24,21,[04:00-04:15[,2026-07-24 03:00,1292.515,9284.414,7.183,,,14993.1,11.6,,,933.4,0.722,2465.518,1.908,-9107.605,-7.046
24/07/2026,2026-07-24,22,[04:15-04:30[,2026-07-24 03:15,1294.281,13789.587,10.654,,,14993.1,11.584,,,908.2,0.702,2377.681,1.837,-4489.393,-3.469
24/07/2026,2026-07-24,23,[04:30-04:45[,2026-07-24 03:30,1285.996,12164.115,9.459,,,14993.1,11.659,,,883,0.687,2145.137,1.668,-5857.122,-4.555
24/07/2026,2026-07-24,24,[04:45-05:00[,2026-07-24 03:45,1288.091,11983.424,9.303,,,14993.1,11.64,,,661,0.513,2558.474,1.986,-6229.15,-4.836
24/07/2026,2026-07-24,25,[05:00-05:15[,2026-07-24 04:00,1297.466,12861.776,9.913,,,14993.1,11.556,,,643,0.496,2438.897,1.88,-5213.221,-4.018
24/07/2026,2026-07-24,26,[05:15-05:30[,2026-07-24 04:15,1307.652,11180.857,8.55,,,13604.85,10.404,,,560.8,0.429,2524.085,1.93,-5508.877,-4.213
24/07/2026,2026-07-24,27,[05:30-05:45[,2026-07-24 04:30,1318.885,9091.89,6.894,,,13604.85,10.315,,,535.4,0.406,2538.506,1.925,-7586.866,-5.752
24/07/2026,2026-07-24,28,[05:45-06:00[,2026-07-24 04:45,1320.171,7877.405,5.967,,,13604.85,10.305,,,535.4,0.406,2389.883,1.81,-8652.728,-6.554
24/07/2026,2026-07-24,29,[06:00-06:15[,2026-07-24 05:00,1359.43,8401.765,6.18,,,14993.1,11.029,,,597.1,0.439,2546.647,1.873,-9735.082,-7.161
24/07/2026,2026-07-24,30,[06:15-06:30[,2026-07-24 05:15,1371.421,8275.337,6.034,,,14993.1,10.933,,,597.1,0.435,2548.765,1.858,-9863.629,-7.192
24/07/2026,2026-07-24,31,[06:30-06:45[,2026-07-24 05:30,1381.027,8457.676,6.124,,,14993.1,10.856,,,597.1,0.432,2504.028,1.813,-9636.552,-6.978
24/07/2026,2026-07-24,32,[06:45-07:00[,2026-07-24 05:45,1406.101,12671.817,9.012,,,14993.1,10.663,,,1182.5,0.841,2461.377,1.75,-5965.16,-4.242
24/07/2026,2026-07-24,33,[07:00-07:15[,2026-07-24 06:00,1454.137,7801.77,5.365,,,13882.5,9.547,,,623.6,0.429,2368.046,1.628,-9072.376,-6.239
24/07/2026,2026-07-24,34,[07:15-07:30[,2026-07-24 06:15,1491.497,10997.545,7.373,,,14993.1,10.052,,,653.4,0.438,2532.483,1.698,-7181.438,-4.815
24/07/2026,2026-07-24,35,[07:30-07:45[,2026-07-24 06:30,1517.739,13515.656,8.905,,,14993.1,9.879,,,613.6,0.404,2547.693,1.679,-4638.737,-3.056
24/07/2026,2026-07-24,36,[07:45-08:00[,2026-07-24 06:45,1537.964,13320.104,8.661,,,14993.1,9.749,,,2133.4,1.387,2176.371,1.415,-5982.767,-3.89
24/07/2026,2026-07-24,37,[08:00-08:15[,2026-07-24 07:00,1612.459,12034.868,7.464,,,14993.1,9.298,,,1848,1.146,2162.01,1.341,-6968.243,-4.322
24/07/2026,2026-07-24,38,[08:15-08:30[,2026-07-24 07:15,1655.728,29405.607,17.76,,,25758.25,15.557,,,1636.7,0.989,2246.905,1.357,-236.248,-0.143
24/07/2026,2026-07-24,39,[08:30-08:45[,2026-07-24 07:30,1705.017,33958.967,19.917,,,25758.25,15.107,,,6398.3,3.753,2371.27,1.391,-568.853,-0.334
24/07/2026,2026-07-24,40,[08:45-09:00[,2026-07-24 07:45,1730.096,40345.199,23.32,,,25758.25,14.888,,,12499.2,7.225,2362.853,1.366,-275.104,-0.159
24/07/2026,2026-07-24,41,[09:00-09:15[,2026-07-24 08:00,1748.741,41853.386,23.933,,,28938.863,16.548,,,11529,6.593,2163.663,1.237,-778.14,-0.445
24/07/2026,2026-07-24,42,[09:15-09:30[,2026-07-24 08:15,1751.464,44227.746,25.252,,,28938.863,16.523,,,13966,7.974,2200.57,1.256,-877.687,-0.501
24/07/2026,2026-07-24,43,[09:30-09:45[,2026-07-24 08:30,1748.909,41476.891,23.716,,,27373.023,15.651,,,11133.5,6.366,2225.875,1.273,744.494,0.426
24/07/2026,2026-07-24,44,[09:45-10:00[,2026-07-24 08:45,1739.635,40288.144,23.159,,,26590.103,15.285,,,11170.9,6.421,2171.546,1.248,355.596,0.204
24/07/2026,2026-07-24,45,[10:00-10:15[,2026-07-24 09:00,1731.236,38537.371,22.26,,,25758.25,14.879,,,10298.2,5.948,2229.584,1.288,251.337,0.145
24/07/2026,2026-07-24,46,[10:15-10:30[,2026-07-24 09:15,1730.594,34992.138,20.22,,,25758.25,14.884,,,9996.2,5.776,2024.909,1.17,-2787.221,-1.611
24/07/2026,2026-07-24,47,[10:30-10:45[,2026-07-24 09:30,1732.276,34644.488,19.999,,,25758.25,14.87,,,9252.2,5.341,2077.043,1.199,-2443.006,-1.41
24/07/2026,2026-07-24,48,[10:45-11:00[,2026-07-24 09:45,1732.066,33988.822,19.623,,,25758.25,14.871,,,5563.1,3.212,2160.952,1.248,506.521,0.292
24/07/2026,2026-07-24,49,[11:00-11:15[,2026-07-24 10:00,1722.568,25617.804,14.872,,,25758.25,14.953,,,8739.2,5.073,1828.458,1.061,-10708.105,-6.216
24/07/2026,2026-07-24,50,[11:15-11:30[,2026-07-24 10:15,1731.401,35481.761,20.493,,,25758.25,14.877,,,7380.7,4.263,2043.341,1.18,299.47,0.173
24/07/2026,2026-07-24,51,[11:30-11:45[,2026-07-24 10:30,1731.123,35347.079,20.419,,,25758.25,14.88,,,7303.8,4.219,2132.208,1.232,152.821,0.088
24/07/2026,2026-07-24,52,[11:45-12:00[,2026-07-24 10:45,1723.811,35533.593,20.613,,,25758.25,14.943,,,7306.3,4.238,2030.76,1.178,438.284,0.254
24/07/2026,2026-07-24,53,[12:00-12:15[,2026-07-24 11:00,1720.44,34271.855,19.92,,,25758.25,14.972,,,6204.1,3.606,2156.635,1.254,152.87,0.089
24/07/2026,2026-07-24,54,[12:15-12:30[,2026-07-24 11:15,1707.096,34263.159,20.071,,,25758.25,15.089,,,6241.5,3.656,2116.133,1.24,147.276,0.086
24/07/2026,2026-07-24,55,[12:30-12:45[,2026-07-24 11:30,1671.984,34743.386,20.78,,,25758.25,15.406,,,6289.8,3.762,2147.759,1.285,547.578,0.328
24/07/2026,2026-07-24,56,[12:45-13:00[,2026-07-24 11:45,1642.128,34596.477,21.068,,,25758.25,15.686,,,6319.4,3.848,2082.333,1.268,436.494,0.266
24/07/2026,2026-07-24,57,[13:00-13:15[,2026-07-24 12:00,1627.98,34499.17,21.191,,,25758.25,15.822,,,6282.3,3.859,2015.93,1.238,442.69,0.272
24/07/2026,2026-07-24,58,[13:15-13:30[,2026-07-24 12:15,1624.243,34680.342,21.352,,,25758.25,15.859,,,6330.8,3.898,2053.319,1.264,537.973,0.331
24/07/2026,2026-07-24,59,[13:30-13:45[,2026-07-24 12:30,1630.11,34547.492,21.193,,,25758.25,15.802,,,6104,3.745,2041.424,1.252,643.818,0.395
24/07/2026,2026-07-24,60,[13:45-14:00[,2026-07-24 12:45,1619.073,35183.423,21.731,,,25758.25,15.909,,,6104,3.77,1795.811,1.109,1525.362,0.942
24/07/2026,2026-07-24,61,[14:00-14:15[,2026-07-24 13:00,1637.191,36333.701,22.193,,,25758.25,15.733,,,7823.8,4.779,2141.035,1.308,610.616,0.373
24/07/2026,2026-07-24,62,[14:15-14:30[,2026-07-24 13:15,1636.105,36553.751,22.342,,,25758.25,15.744,,,7823.8,4.782,2092.614,1.279,879.087,0.537
24/07/2026,2026-07-24,63,[14:30-14:45[,2026-07-24 13:30,1640.434,36337.718,22.151,,,25758.25,15.702,,,7823.8,4.769,2117.989,1.291,637.679,0.389
24/07/2026,2026-07-24,64,[14:45-15:00[,2026-07-24 13:45,1646.038,39662.984,24.096,,,25758.25,15.649,,,7861.3,4.776,2100.307,1.276,3943.127,2.396
24/07/2026,2026-07-24,65,[15:00-15:15[,2026-07-24 14:00,1623.9,39406.071,24.266,,,25758.25,15.862,,,7832.7,4.823,1806.624,1.113,4008.497,2.468
24/07/2026,2026-07-24,66,[15:15-15:30[,2026-07-24 14:15,1621.016,44256.316,27.302,,,25758.25,15.89,,,7830.2,4.83,2088.645,1.288,8579.221,5.292
24/07/2026,2026-07-24,67,[15:30-15:45[,2026-07-24 14:30,1613.775,36325.641,22.51,,,25758.25,15.961,,,7820.2,4.846,1930.362,1.196,816.828,0.506
24/07/2026,2026-07-24,68,[15:45-16:00[,2026-07-24 14:45,1627.495,36375.381,22.351,,,25758.25,15.827,,,7791.6,4.787,2202.54,1.353,622.991,0.383
24/07/2026,2026-07-24,69,[16:00-16:15[,2026-07-24 15:00,1638.547,41663.255,25.427,,,26590.103,16.228,,,12226.4,7.462,2265.917,1.383,580.835,0.354
24/07/2026,2026-07-24,70,[16:15-16:30[,2026-07-24 15:15,1639.963,41175.35,25.107,,,26590.103,16.214,,,12608.6,7.688,1996.682,1.218,-20.035,-0.012
24/07/2026,2026-07-24,71,[16:30-16:45[,2026-07-24 15:30,1654.305,35582.412,21.509,,,25758.25,15.57,,,7952.9,4.807,2203.972,1.332,-332.71,-0.201
24/07/2026,2026-07-24,72,[16:45-17:00[,2026-07-24 15:45,1654.297,35643.735,21.546,,,25758.25,15.571,,,7916.8,4.786,2193.55,1.326,-224.865,-0.136
24/07/2026,2026-07-24,73,[17:00-17:15[,2026-07-24 16:00,1635.387,41591.879,25.432,,,26590.103,16.259,,,12449.7,7.613,1871.221,1.144,680.855,0.416
24/07/2026,2026-07-24,74,[17:15-17:30[,2026-07-24 16:15,1650.933,42096.927,25.499,,,26590.103,16.106,,,12782.1,7.742,2295.734,1.391,428.99,0.26
24/07/2026,2026-07-24,75,[17:30-17:45[,2026-07-24 16:30,1669.841,42371.754,25.375,,,27373.023,16.393,,,13318.2,7.976,2295.899,1.375,-615.367,-0.369
24/07/2026,2026-07-24,76,[17:45-18:00[,2026-07-24 16:45,1679.979,44177.884,26.297,,,27373.023,16.294,0.675,0,13294,7.913,2155.153,1.283,1355.033,0.807
24/07/2026,2026-07-24,77,[18:00-18:15[,2026-07-24 17:00,1695.367,49878.665,29.421,,,28938.863,17.069,2500.1,1.475,11911.3,7.026,2451.913,1.446,4076.49,2.404
24/07/2026,2026-07-24,78,[18:15-18:30[,2026-07-24 17:15,1708.191,51089.23,29.908,,,28938.863,16.941,7500.3,4.391,13731.2,8.038,2505.004,1.466,-1586.136,-0.929
24/07/2026,2026-07-24,79,[18:30-18:45[,2026-07-24 17:30,1726.958,51411.911,29.77,,,28938.863,16.757,7500.3,4.343,12728.1,7.37,2521.333,1.46,-276.684,-0.16
24/07/2026,2026-07-24,80,[18:45-19:00[,2026-07-24 17:45,1749.613,40575.584,23.191,,,26590.103,15.198,7500.3,4.287,8053,4.603,2426.582,1.387,-3994.4,-2.283
24/07/2026,2026-07-24,81,[19:00-19:15[,2026-07-24 18:00,1756.145,54049.512,30.777,,,32395.65,18.447,8750.35,4.983,5951.4,3.389,1809.901,1.031,5142.211,2.928
24/07/2026,2026-07-24,82,[19:15-19:30[,2026-07-24 18:15,1770.356,40891.51,23.098,,,36295.45,20.502,6250.25,3.531,3126.8,1.766,1470.909,0.831,-6251.9,-3.531
24/07/2026,2026-07-24,83,[19:30-19:45[,2026-07-24 18:30,1785.091,24135.001,13.52,,,25530.3,14.302,6250.25,3.501,709.8,0.398,1431.838,0.802,-9787.187,-5.483
24/07/2026,2026-07-24,84,[19:45-20:00[,2026-07-24 18:45,1795.989,21692.035,12.078,,,21087.9,11.742,6250.25,3.48,575.3,0.32,1440.586,0.802,-7662.001,-4.266
24/07/2026,2026-07-24,85,[20:00-20:15[,2026-07-24 19:00,1795.178,14757.679,8.221,,,24845.7,13.84,1444.85,0.805,616.3,0.343,1369.399,0.763,-13518.569,-7.53
24/07/2026,2026-07-24,86,[20:15-20:30[,2026-07-24 19:15,1786.237,11098.302,6.213,,,25717.55,14.398,801.8,0.449,703.2,0.394,1377.506,0.771,-17501.754,-9.798
24/07/2026,2026-07-24,87,[20:30-20:45[,2026-07-24 19:30,1774.491,11775.042,6.636,,,25717.55,14.493,801.8,0.452,759.2,0.428,1384.43,0.78,-16887.938,-9.517
24/07/2026,2026-07-24,88,[20:45-21:00[,2026-07-24 19:45,1765.271,13513.75,7.655,,,25717.55,14.569,801.8,0.454,760.8,0.431,1390.879,0.788,-15157.279,-8.586
24/07/2026,2026-07-24,89,[21:00-21:15[,2026-07-24 20:00,1770.597,17118.025,9.668,,,29430.1,16.622,,,1286.7,0.727,1400.435,0.791,-14999.21,-8.471
24/07/2026,2026-07-24,90,[21:15-21:30[,2026-07-24 20:15,1772.886,17854.947,10.071,,,29430.1,16.6,,,824.7,0.465,1379.646,0.778,-13779.499,-7.772
24/07/2026,2026-07-24,91,[21:30-21:45[,2026-07-24 20:30,1750.931,15240.928,8.704,,,29430.1,16.808,,,824.2,0.471,1398.165,0.799,-16411.537,-9.373
24/07/2026,2026-07-24,92,[21:45-22:00[,2026-07-24 20:45,1718.6,16745.148,9.743,,,26375.95,15.347,,,667.8,0.389,1336.459,0.778,-11635.061,-6.77
24/07/2026,2026-07-24,93,[22:00-22:15[,2026-07-24 21:00,1686.137,18686.412,11.082,,,30405.05,18.032,,,801.6,0.475,1402.112,0.832,-13922.35,-8.257
24/07/2026,2026-07-24,94,[22:15-22:30[,2026-07-24 21:15,1655.489,17068.772,10.31,,,28294.91,17.092,,,707.8,0.428,1409.424,0.851,-13343.362,-8.06
24/07/2026,2026-07-24,95,[22:30-22:45[,2026-07-24 21:30,1628.084,19144.253,11.759,,,26602.745,16.34,,,719.4,0.442,1410.345,0.866,-9588.237,-5.889
24/07/2026,2026-07-24,96,[22:45-23:00[,2026-07-24 21:45,1594.013,14279.059,8.958,,,20679.924,12.973,,,2495.8,1.566,1357.911,0.852,-10254.576,-6.433
25/07/2026,2026-07-25,1,[23:00-23:15[,2026-07-24 22:00,1572.134,5838.968,3.714,2429.423,1.545,,,,,2041.2,1.298,2201.984,1.401,-833.639,-0.53
25/07/2026,2026-07-25,2,[23:15-23:30[,2026-07-24 22:15,1541.963,6238.712,4.046,2450.087,1.589,,,,,2011.8,1.305,2325.364,1.508,-548.539,-0.356
25/07/2026,2026-07-25,3,[23:30-23:45[,2026-07-24 22:30,1510.043,7440.474,4.927,2644.363,1.751,,,,,1867.1,1.236,2337.089,1.548,591.922,0.392
25/07/2026,2026-07-25,4,[23:45-00:00[,2026-07-24 22:45,1474.354,5226.263,3.545,2818.563,1.912,,,,,1384.5,0.939,2097.346,1.423,-1074.146,-0.729
25/07/2026,2026-07-25,5,[00:00-00:15[,2026-07-24 23:00,1452.612,8218.223,5.658,2464.543,1.697,,,,,1833.3,1.262,2477.659,1.706,1442.721,0.993
25/07/2026,2026-07-25,6,[00:15-00:30[,2026-07-24 23:15,1435.969,6897.833,4.804,2610.302,1.818,,,,,1608.48,1.12,2373.039,1.653,306.013,0.213
25/07/2026,2026-07-25,7,[00:30-00:45[,2026-07-24 23:30,1412.835,7638.544,5.407,2644.106,1.871,,,,,1588.74,1.125,2380.404,1.685,1025.294,0.726
25/07/2026,2026-07-25,8,[00:45-01:00[,2026-07-24 23:45,1395.181,6881.346,4.932,2711.033,1.943,,,,,1549.26,1.11,2481.184,1.778,139.869,0.1
25/07/2026,2026-07-25,9,[01:00-01:15[,2026-07-25 00:00,1373.172,7771.453,5.659,3123.626,2.275,,,,,1155.2,0.841,2294.593,1.671,1198.035,0.872
25/07/2026,2026-07-25,10,[01:15-01:30[,2026-07-25 00:15,1357.723,11025.722,8.121,6385.216,4.703,,,,,1130.4,0.833,2418.495,1.781,1091.611,0.804
25/07/2026,2026-07-25,11,[01:30-01:45[,2026-07-25 00:30,1341.987,11086.739,8.261,6576.372,4.9,,,,,932,0.694,2480.619,1.848,1097.749,0.818
25/07/2026,2026-07-25,12,[01:45-02:00[,2026-07-25 00:45,1308.865,10505.245,8.026,6695.843,5.116,,,,,977,0.746,2022.842,1.545,809.56,0.619
25/07/2026,2026-07-25,13,[02:00-02:15[,2026-07-25 01:00,1304.868,10831.846,8.301,6696.724,5.132,,,,,916.4,0.702,2478.042,1.899,740.68,0.568
25/07/2026,2026-07-25,14,[02:15-02:30[,2026-07-25 01:15,1294.441,11152.151,8.615,6844.849,5.288,,,,,916.4,0.708,2446.743,1.89,944.16,0.729
25/07/2026,2026-07-25,15,[02:30-02:45[,2026-07-25 01:30,1272.07,9778.745,7.687,6871.164,5.402,,,,,916.4,0.72,2018.956,1.587,-27.775,-0.022
25/07/2026,2026-07-25,16,[02:45-03:00[,2026-07-25 01:45,1270.259,10802.776,8.504,6993.16,5.505,,,,,880.6,0.693,2480.627,1.953,448.389,0.353
25/07/2026,2026-07-25,17,[03:00-03:15[,2026-07-25 02:00,1262.291,11302.744,8.954,6994.04,5.541,,,,,877,0.695,2476.555,1.962,955.149,0.757
25/07/2026,2026-07-25,18,[03:15-03:30[,2026-07-25 02:15,1248.043,10573.877,8.472,7148.42,5.728,,,,,877,0.703,2420.017,1.939,128.44,0.103
25/07/2026,2026-07-25,19,[03:30-03:45[,2026-07-25 02:30,1246.204,10978.136,8.809,7207.06,5.783,,,,,883.2,0.709,2477.169,1.988,410.708,0.33
25/07/2026,2026-07-25,20,[03:45-04:00[,2026-07-25 02:45,1233.876,11669.747,9.458,7524.415,6.098,,,,,883.2,0.716,2356.404,1.91,905.728,0.734
25/07/2026,2026-07-25,21,[04:00-04:15[,2026-07-25 03:00,1234.472,10286.248,8.333,7544.983,6.112,,,,,902.4,0.731,2456.07,1.99,-617.205,-0.5
25/07/2026,2026-07-25,22,[04:15-04:30[,2026-07-25 03:15,1227.053,11485.744,9.36,7722.946,6.294,,,,,927,0.755,2255.827,1.838,579.971,0.473
25/07/2026,2026-07-25,23,[04:30-04:45[,2026-07-25 03:30,1213.473,11076.055,9.128,7750.925,6.387,,,,,927,0.764,2030.351,1.673,367.779,0.303
25/07/2026,2026-07-25,24,[04:45-05:00[,2026-07-25 03:45,1214.827,12146.91,9.999,7845.949,6.458,,,,,927,0.763,2202.029,1.813,1171.932,0.965
25/07/2026,2026-07-25,25,[05:00-05:15[,2026-07-25 04:00,1218.154,10848.328,8.906,7682.91,6.307,,,,,896.2,0.736,2164.223,1.777,104.995,0.086
25/07/2026,2026-07-25,26,[05:15-05:30[,2026-07-25 04:15,1216.938,11480.444,9.434,7622.862,6.264,,,,,896.2,0.736,2242.555,1.843,718.827,0.591
25/07/2026,2026-07-25,27,[05:30-05:45[,2026-07-25 04:30,1222.743,11018.222,9.011,7551.919,6.176,,,,,896.2,0.733,2294.481,1.877,275.622,0.225
25/07/2026,2026-07-25,28,[05:45-06:00[,2026-07-25 04:45,1219.119,11031.385,9.049,7704.019,6.319,,,,,896.2,0.735,2281.544,1.871,149.622,0.123
25/07/2026,2026-07-25,29,[06:00-06:15[,2026-07-25 05:00,1235.799,10690.242,8.65,5986.772,4.844,,,,,1340.4,1.085,2370.376,1.918,992.695,0.803
25/07/2026,2026-07-25,30,[06:15-06:30[,2026-07-25 05:15,1225.081,10185.461,8.314,6374.208,5.203,,,,,1281.8,1.046,2363.406,1.929,166.047,0.136
25/07/2026,2026-07-25,31,[06:30-06:45[,2026-07-25 05:30,1215.561,10515.259,8.651,6854.366,5.639,,,,,1281.8,1.054,2140.262,1.761,238.831,0.196
25/07/2026,2026-07-25,32,[06:45-07:00[,2026-07-25 05:45,1225.693,13492.097,11.008,8634.919,7.045,,,,,1022.4,0.834,2281.356,1.861,1553.422,1.267
25/07/2026,2026-07-25,33,[07:00-07:15[,2026-07-25 06:00,1242.759,13032.914,10.487,8610.599,6.929,,,,,1735.2,1.396,2126.664,1.711,560.452,0.451
25/07/2026,2026-07-25,34,[07:15-07:30[,2026-07-25 06:15,1254.971,18996.154,15.137,10832.754,8.632,,,,,6268.4,4.995,2242.638,1.787,-347.637,-0.277
25/07/2026,2026-07-25,35,[07:30-07:45[,2026-07-25 06:30,1272.49,23989.633,18.853,12643.086,9.936,,,,,8818.7,6.93,2309.351,1.815,218.495,0.172
25/07/2026,2026-07-25,36,[07:45-08:00[,2026-07-25 06:45,1289.007,35789.556,27.765,17034.022,13.215,,,,,13361.48,10.366,2140.611,1.661,3253.444,2.524
25/07/2026,2026-07-25,37,[08:00-08:15[,2026-07-25 07:00,1324.551,31580.191,23.842,16103.408,12.158,,,,,12513.6,9.447,2308.707,1.743,654.477,0.494
25/07/2026,2026-07-25,38,[08:15-08:30[,2026-07-25 07:15,1349.003,33703.987,24.984,18905.701,14.015,,,,,10147.4,7.522,2274.802,1.686,2376.084,1.761
25/07/2026,2026-07-25,39,[08:30-08:45[,2026-07-25 07:30,1356.48,34489.222,25.426,19326.645,14.248,,,,,12755.7,9.404,2000.181,1.475,406.696,0.3
25/07/2026,2026-07-25,40,[08:45-09:00[,2026-07-25 07:45,1379.567,35606.491,25.81,19325.845,14.009,,,,,13886.71,10.066,2176.235,1.577,217.7,0.158
25/07/2026,2026-07-25,41,[09:00-09:15[,2026-07-25 08:00,1402.11,35092.283,25.028,19318.522,13.778,,,,,13454.02,9.596,2168.641,1.547,151.1,0.108
25/07/2026,2026-07-25,42,[09:15-09:30[,2026-07-25 08:15,1400.893,34979.529,24.969,19303.329,13.779,,,,,13538.42,9.664,1905.076,1.36,232.704,0.166
25/07/2026,2026-07-25,43,[09:30-09:45[,2026-07-25 08:30,1421.915,34836.984,24.5,19283.481,13.562,,,,,13266.37,9.33,2168.364,1.525,118.769,0.084
25/07/2026,2026-07-25,44,[09:45-10:00[,2026-07-25 08:45,1421.637,34895.397,24.546,19279.219,13.561,,,,,13355.52,9.394,2148.123,1.511,112.536,0.079
25/07/2026,2026-07-25,45,[10:00-10:15[,2026-07-25 09:00,1435.247,35676.539,24.857,19305.531,13.451,,,,,13998.34,9.753,2162.15,1.506,210.518,0.147
25/07/2026,2026-07-25,46,[10:15-10:30[,2026-07-25 09:15,1432.938,35436.264,24.73,19408.17,13.544,,,,,13572.88,9.472,2290.55,1.598,164.664,0.115
25/07/2026,2026-07-25,47,[10:30-10:45[,2026-07-25 09:30,1423.502,35392.734,24.863,19451.906,13.665,,,,,13711.04,9.632,2136.597,1.501,93.19,0.065
25/07/2026,2026-07-25,48,[10:45-11:00[,2026-07-25 09:45,1418.951,36212.3,25.52,19463.61,13.717,,,,,14567.15,10.266,2115.34,1.491,66.2,0.047
25/07/2026,2026-07-25,49,[11:00-11:15[,2026-07-25 10:00,1429.063,36800.515,25.751,19334.025,13.529,,,,,15216.48,10.648,2145.938,1.502,104.071,0.073
25/07/2026,2026-07-25,50,[11:15-11:30[,2026-07-25 10:15,1425.523,36905.89,25.889,19351.048,13.575,,,,,15309.7,10.74,1968.304,1.381,276.838,0.194
25/07/2026,2026-07-25,51,[11:30-11:45[,2026-07-25 10:30,1433.984,36119.423,25.188,19360.101,13.501,,,,,14609.1,10.188,2041.041,1.423,109.181,0.076
25/07/2026,2026-07-25,52,[11:45-12:00[,2026-07-25 10:45,1429.058,33448.427,23.406,19355.979,13.545,,,,,12126.6,8.486,1810.245,1.267,155.604,0.109
25/07/2026,2026-07-25,53,[12:00-12:15[,2026-07-25 11:00,1431.154,32194.239,22.495,19331.553,13.508,,,,,10735.2,7.501,1958.8,1.369,168.686,0.118
25/07/2026,2026-07-25,54,[12:15-12:30[,2026-07-25 11:15,1433.694,32103.707,22.392,19332.003,13.484,,,,,10750.2,7.498,1918.64,1.338,102.864,0.072
25/07/2026,2026-07-25,55,[12:30-12:45[,2026-07-25 11:30,1416.365,32160.804,22.707,19344.57,13.658,,,,,10789.8,7.618,1692.374,1.195,334.061,0.236
25/07/2026,2026-07-25,56,[12:45-13:00[,2026-07-25 11:45,1413.549,32397.298,22.919,19353.66,13.692,,,,,10799.8,7.64,2014.967,1.425,228.871,0.162
25/07/2026,2026-07-25,57,[13:00-13:15[,2026-07-25 12:00,1391.664,24291.264,17.455,19487.292,14.003,,,,,2513.5,1.806,2013.574,1.447,276.899,0.199
25/07/2026,2026-07-25,58,[13:15-13:30[,2026-07-25 12:15,1366.523,24196.962,17.707,19511.865,14.278,,,,,2516.5,1.842,1835.528,1.343,333.068,0.244
25/07/2026,2026-07-25,59,[13:30-13:45[,2026-07-25 12:30,1353.403,31526.263,23.294,19515.943,14.42,,,,,9833.2,7.266,1939.71,1.433,237.409,0.175
25/07/2026,2026-07-25,60,[13:45-14:00[,2026-07-25 12:45,1333.14,31520.33,23.644,19613.909,14.713,,,,,9833.2,7.376,1925.397,1.444,147.824,0.111
25/07/2026,2026-07-25,61,[14:00-14:15[,2026-07-25 13:00,1332.72,24188.75,18.15,19638.618,14.736,,,,,2522,1.892,1961.673,1.472,66.459,0.05
25/07/2026,2026-07-25,62,[14:15-14:30[,2026-07-25 13:15,1326.056,24271.809,18.304,19638.618,14.81,,,,,2519,1.9,1943.916,1.466,170.275,0.128
25/07/2026,2026-07-25,63,[14:30-14:45[,2026-07-25 13:30,1316.634,24130.251,18.327,19638.618,14.916,,,,,2516,1.911,1796.576,1.365,179.057,0.136
25/07/2026,2026-07-25,64,[14:45-15:00[,2026-07-25 13:45,1300.251,24064.565,18.508,19467.09,14.972,,,,,2510,1.93,1974.09,1.518,113.385,0.087
25/07/2026,2026-07-25,65,[15:00-15:15[,2026-07-25 14:00,1298.106,24344.795,18.754,19250.692,14.83,,,,,3148,2.425,1841.435,1.419,104.668,0.081
25/07/2026,2026-07-25,66,[15:15-15:30[,2026-07-25 14:15,1288.316,24175.916,18.766,19237.599,14.932,,,,,3132.5,2.431,1699.116,1.319,106.701,0.083
25/07/2026,2026-07-25,67,[15:30-15:45[,2026-07-25 14:30,1295.148,24375.06,18.82,19230.075,14.848,,,,,3117.5,2.407,1973.173,1.524,54.312,0.042
25/07/2026,2026-07-25,68,[15:45-16:00[,2026-07-25 14:45,1292.619,24557.865,18.999,19214.891,14.865,,,,,3097,2.396,1963.561,1.519,282.412,0.218
25/07/2026,2026-07-25,69,[16:00-16:15[,2026-07-25 15:00,1283.226,32350.616,25.21,19208.056,14.969,,,,,11122.5,8.668,1791.272,1.396,228.788,0.178
25/07/2026,2026-07-25,70,[16:15-16:30[,2026-07-25 15:15,1295.549,32454.308,25.051,19208.1,14.826,,,,,11092.4,8.562,1966.32,1.518,187.488,0.145
25/07/2026,2026-07-25,71,[16:30-16:45[,2026-07-25 15:30,1295.33,32572.449,25.146,19210.656,14.831,,,,,11531,8.902,1817.193,1.403,13.6,0.01
25/07/2026,2026-07-25,72,[16:45-17:00[,2026-07-25 15:45,1310.914,33222.878,25.343,19207.801,14.652,,,,,11492.5,8.767,1980.016,1.51,542.561,0.414
25/07/2026,2026-07-25,73,[17:00-17:15[,2026-07-25 16:00,1324.49,34972.532,26.405,19209.651,14.503,,,,,13630.61,10.291,1991.695,1.504,140.577,0.106
25/07/2026,2026-07-25,74,[17:15-17:30[,2026-07-25 16:15,1333.569,34651.12,25.984,19253.953,14.438,,,,,13544.34,10.156,1940.408,1.455,-87.582,-0.066
25/07/2026,2026-07-25,75,[17:30-17:45[,2026-07-25 16:30,1353.337,34979.091,25.847,19278.934,14.245,,,,,13407.42,9.907,1959.61,1.448,333.127,0.246
25/07/2026,2026-07-25,76,[17:45-18:00[,2026-07-25 16:45,1374.742,34670.667,25.22,19256.384,14.007,,,,,13540.62,9.85,2076.743,1.511,-203.08,-0.148
25/07/2026,2026-07-25,77,[18:00-18:15[,2026-07-25 17:00,1393.798,36164.363,25.947,19274.549,13.829,,,,,14746.25,10.58,2039.676,1.463,103.887,0.075
25/07/2026,2026-07-25,78,[18:15-18:30[,2026-07-25 17:15,1420.448,37991.215,26.746,19237.635,13.543,,,,,14557.27,10.248,2163.679,1.523,2032.631,1.431
25/07/2026,2026-07-25,79,[18:30-18:45[,2026-07-25 17:30,1449.251,31068.801,21.438,17697.049,12.211,,,,,16304.8,11.251,2222.654,1.534,-5155.701,-3.557
25/07/2026,2026-07-25,80,[18:45-19:00[,2026-07-25 17:45,1474.903,36705.525,24.887,12776.441,8.663,,,,,22453.8,15.224,2307.97,1.565,-832.686,-0.565
25/07/2026,2026-07-25,81,[19:00-19:15[,2026-07-25 18:00,1504.113,27829.059,18.502,12470.836,8.291,,,,,11162.3,7.421,2303.176,1.531,1892.748,1.258
25/07/2026,2026-07-25,82,[19:15-19:30[,2026-07-25 18:15,1527.296,21997.714,14.403,10964.169,7.179,,,,,8883.1,5.816,2206.558,1.445,-56.112,-0.037
25/07/2026,2026-07-25,83,[19:30-19:45[,2026-07-25 18:30,1552.255,9331.859,6.012,8163.012,5.259,,,,,884,0.569,2314.18,1.491,-2029.333,-1.307
25/07/2026,2026-07-25,84,[19:45-20:00[,2026-07-25 18:45,1565.478,11507.833,7.351,5516.426,3.524,,,,,896.2,0.572,2313.682,1.478,2781.525,1.777
25/07/2026,2026-07-25,85,[20:00-20:15[,2026-07-25 19:00,1569.12,9497.072,6.052,5803.887,3.699,,,,,913.5,0.582,2079.297,1.325,700.387,0.446
25/07/2026,2026-07-25,86,[20:15-20:30[,2026-07-25 19:15,1578.866,7739.131,4.902,5192.428,3.289,,,,,830.6,0.526,2263.334,1.434,-547.23,-0.347
25/07/2026,2026-07-25,87,[20:30-20:45[,2026-07-25 19:30,1565.382,2361.236,1.508,2244.583,1.434,,,,,1113.9,0.712,1866.783,1.193,-2864.031,-1.83
25/07/2026,2026-07-25,88,[20:45-21:00[,2026-07-25 19:45,1559.462,3260.841,2.091,2272.483,1.457,,,,,1056.9,0.678,1333.913,0.855,-1402.455,-0.899
25/07/2026,2026-07-25,89,[21:00-21:15[,2026-07-25 20:00,1573.497,7219.951,4.588,3066.709,1.949,,,,,1721.1,1.094,1359.486,0.864,1072.656,0.682
25/07/2026,2026-07-25,90,[21:15-21:30[,2026-07-25 20:15,1574.146,5729.017,3.639,3163.824,2.01,,,,,1193.7,0.758,1328.997,0.844,42.496,0.027
25/07/2026,2026-07-25,91,[21:30-21:45[,2026-07-25 20:30,1552.276,5369.632,3.459,3164.79,2.039,,,,,1193.7,0.769,1257.123,0.81,-245.982,-0.158
25/07/2026,2026-07-25,92,[21:45-22:00[,2026-07-25 20:45,1527.85,10111.515,6.618,7615.75,4.985,,,,,966.4,0.633,1280.041,0.838,249.324,0.163
25/07/2026,2026-07-25,93,[22:00-22:15[,2026-07-25 21:00,1508.085,10052.4,6.666,3145.26,2.086,,,,,1435.2,0.952,1285.881,0.853,4186.059,2.776
25/07/2026,2026-07-25,94,[22:15-22:30[,2026-07-25 21:15,1489.816,10587.794,7.107,7499.62,5.034,,,,,1164.7,0.782,1297.782,0.871,625.692,0.42
25/07/2026,2026-07-25,95,[22:30-22:45[,2026-07-25 21:30,1463.404,8646.15,5.908,7477.606,5.11,,,,,1197.6,0.818,1210.189,0.827,-1239.246,-0.847
25/07/2026,2026-07-25,96,[22:45-23:00[,2026-07-25 21:45,1455.188,15584.035,10.709,8117.195,5.578,,,,,1374.8,0.945,2195.065,1.508,3896.976,2.678
26/07/2026,2026-07-26,1,[23:00-23:15[,2026-07-25 22:00,1430.559,9392.753,6.566,8484.599,5.931,,,,,618.5,0.432,2156.483,1.507,-1866.829,-1.305
26/07/2026,2026-07-26,2,[23:15-23:30[,2026-07-25 22:15,1405.58,11731.34,8.346,8668.589,6.167,,,,,823.6,0.586,2156.287,1.534,82.865,0.059
26/07/2026,2026-07-26,3,[23:30-23:45[,2026-07-25 22:30,1373.376,11985.548,8.727,8895.883,6.477,,,,,1089.6,0.793,1865.465,1.358,134.6,0.098
26/07/2026,2026-07-26,4,[23:45-00:00[,2026-07-25 22:45,1352.237,13907.266,10.285,9019.708,6.67,,,,,1203.2,0.89,2196.613,1.624,1487.745,1.1
26/07/2026,2026-07-26,5,[00:00-00:15[,2026-07-25 23:00,1332.579,11354.865,8.521,8864.221,6.652,,,,,888.2,0.667,2240.857,1.682,-638.413,-0.479
26/07/2026,2026-07-26,6,[00:15-00:30[,2026-07-25 23:15,1313.053,13521.953,10.298,9003.35,6.857,,,,,888.2,0.676,2255.546,1.718,1374.857,1.047
26/07/2026,2026-07-26,7,[00:30-00:45[,2026-07-25 23:30,1295.67,10010.681,7.726,9003.35,6.949,,,,,888.2,0.686,2374.24,1.832,-2255.109,-1.74
26/07/2026,2026-07-26,8,[00:45-01:00[,2026-07-25 23:45,1270.795,12129.798,9.545,9043.459,7.116,,,,,881,0.693,2242.673,1.765,-37.334,-0.029
26/07/2026,2026-07-26,9,[01:00-01:15[,2026-07-26 00:00,1262.692,9512.218,7.533,9161.206,7.255,,,,,452.4,0.358,2385.033,1.889,-2486.42,-1.969
26/07/2026,2026-07-26,10,[01:15-01:30[,2026-07-26 00:15,1246.684,13343.708,10.703,9279.534,7.443,,,,,475,0.381,2384.028,1.912,1205.147,0.967
26/07/2026,2026-07-26,11,[01:30-01:45[,2026-07-26 00:30,1217.614,11755.106,9.654,9159.258,7.522,,,,,475,0.39,1986.08,1.631,134.768,0.111
26/07/2026,2026-07-26,12,[01:45-02:00[,2026-07-26 00:45,1211.435,13641.272,11.26,9397.796,7.758,,,,,475,0.392,2344.573,1.935,1423.902,1.175
26/07/2026,2026-07-26,13,[02:00-02:15[,2026-07-26 01:00,1196.871,13039.082,10.894,9507.59,7.944,,,,,475,0.397,2372.574,1.982,683.919,0.571
26/07/2026,2026-07-26,14,[02:15-02:30[,2026-07-26 01:15,1177.526,11936.457,10.137,9554.313,8.114,,,,,475,0.403,2024.524,1.719,-117.38,-0.1
26/07/2026,2026-07-26,15,[02:30-02:45[,2026-07-26 01:30,1174.809,11740.71,9.994,9574.143,8.15,,,,,475,0.404,2384.063,2.029,-692.496,-0.589
26/07/2026,2026-07-26,16,[02:45-03:00[,2026-07-26 01:45,1159.685,11489.525,9.907,9743.189,8.402,,,,,475,0.41,2249.334,1.94,-977.998,-0.843
26/07/2026,2026-07-26,17,[03:00-03:15[,2026-07-26 02:00,1155.382,13784.531,11.931,10726.161,9.284,,,,,725,0.627,2210.287,1.913,123.084,0.107
26/07/2026,2026-07-26,18,[03:15-03:30[,2026-07-26 02:15,1150.906,14717.327,12.788,10725.273,9.319,,,,,725,0.63,2284.042,1.985,983.012,0.854
26/07/2026,2026-07-26,19,[03:30-03:45[,2026-07-26 02:30,1130.607,14019.113,12.4,10666.874,9.435,,,,,725,0.641,2191.667,1.938,435.572,0.385
26/07/2026,2026-07-26,20,[03:45-04:00[,2026-07-26 02:45,1128.741,13392.84,11.865,10723.223,9.5,,,,,725,0.642,2368.42,2.098,-423.803,-0.375
26/07/2026,2026-07-26,21,[04:00-04:15[,2026-07-26 03:00,1124.195,15111.988,13.442,10319.212,9.179,,,,,725,0.645,2383.011,2.12,1684.765,1.499
26/07/2026,2026-07-26,22,[04:15-04:30[,2026-07-26 03:15,1112.106,11918.17,10.717,10295.973,9.258,,,,,700,0.629,2192.575,1.972,-1270.377,-1.142
26/07/2026,2026-07-26,23,[04:30-04:45[,2026-07-26 03:30,1110.85,13184.019,11.868,10054.803,9.051,,,,,475,0.428,2250.863,2.026,403.354,0.363
26/07/2026,2026-07-26,24,[04:45-05:00[,2026-07-26 03:45,1105.769,12179.208,11.014,9865.885,8.922,,,,,475,0.43,2248.913,2.034,-410.59,-0.371
26/07/2026,2026-07-26,25,[05:00-05:15[,2026-07-26 04:00,1110.904,12100.26,10.892,9768.042,8.793,,,,,475,0.428,2297.584,2.068,-440.366,-0.396
26/07/2026,2026-07-26,26,[05:15-05:30[,2026-07-26 04:15,1115.662,13535.258,12.132,9707.639,8.701,,,,,475,0.426,2360.73,2.116,991.889,0.889
26/07/2026,2026-07-26,27,[05:30-05:45[,2026-07-26 04:30,1110.299,13936.986,12.552,9677.323,8.716,,,,,475,0.428,2195.975,1.978,1588.688,1.431
26/07/2026,2026-07-26,28,[05:45-06:00[,2026-07-26 04:45,1114.742,11144.73,9.998,9675.644,8.68,,,,,475,0.426,2328.723,2.089,-1334.636,-1.197
26/07/2026,2026-07-26,29,[06:00-06:15[,2026-07-26 05:00,1122.468,15051.792,13.41,10176.112,9.066,,,,,986.6,0.879,2331.958,2.078,1557.123,1.387
26/07/2026,2026-07-26,30,[06:15-06:30[,2026-07-26 05:15,1099.697,13639.858,12.403,9954.93,9.052,,,,,1308.6,1.19,2188.266,1.99,188.063,0.171
26/07/2026,2026-07-26,31,[06:30-06:45[,2026-07-26 05:30,1097.623,15842.726,14.434,10146.989,9.245,,,,,2030.7,1.85,2272.996,2.071,1392.042,1.268
26/07/2026,2026-07-26,32,[06:45-07:00[,2026-07-26 05:45,1092.249,17113.592,15.668,11585.46,10.607,,,,,3365.7,3.081,2200.631,2.015,-38.2,-0.035
26/07/2026,2026-07-26,33,[07:00-07:15[,2026-07-26 06:00,1112.629,24404.604,21.934,13900.737,12.494,,,,,7444.64,6.691,2380.593,2.14,678.635,0.61
26/07/2026,2026-07-26,34,[07:15-07:30[,2026-07-26 06:15,1120.906,32181.899,28.711,15934.318,14.216,,,,,12996,11.594,2367.526,2.112,884.055,0.789
26/07/2026,2026-07-26,35,[07:30-07:45[,2026-07-26 06:30,1124.956,41432.48,36.83,19326.901,17.18,,,,,19343.8,17.195,2280.599,2.027,481.18,0.428
26/07/2026,2026-07-26,36,[07:45-08:00[,2026-07-26 06:45,1138.13,43257.527,38.008,19595.975,17.218,,,,,20656.6,18.15,2386.661,2.097,618.291,0.543
26/07/2026,2026-07-26,37,[08:00-08:15[,2026-07-26 07:00,1146.571,28881.603,25.19,19598.475,17.093,,,,,6681.2,5.827,2289.958,1.997,311.97,0.272
26/07/2026,2026-07-26,38,[08:15-08:30[,2026-07-26 07:15,1147.208,28648.533,24.972,19599.263,17.084,,,,,6659.26,5.805,2219.24,1.934,170.77,0.149
26/07/2026,2026-07-26,39,[08:30-08:45[,2026-07-26 07:30,1163.426,29249.659,25.141,19639.73,16.881,,,,,7018.15,6.032,2358.889,2.028,232.89,0.2
26/07/2026,2026-07-26,40,[08:45-09:00[,2026-07-26 07:45,1171.279,29153.464,24.89,19643.829,16.771,,,,,7107.54,6.068,2259.468,1.929,142.628,0.122
26/07/2026,2026-07-26,41,[09:00-09:15[,2026-07-26 08:00,1193.007,45267.123,37.944,19642.712,16.465,,,,,23478.6,19.68,2342.466,1.963,-196.655,-0.165
26/07/2026,2026-07-26,42,[09:15-09:30[,2026-07-26 08:15,1199.479,44653.802,37.228,19670.951,16.4,,,,,22793.4,19.003,2319.028,1.933,-129.577,-0.108
26/07/2026,2026-07-26,43,[09:30-09:45[,2026-07-26 08:30,1194.728,44485.198,37.235,19676.625,16.47,,,,,23000.9,19.252,1973.091,1.651,-165.417,-0.138
26/07/2026,2026-07-26,44,[09:45-10:00[,2026-07-26 08:45,1202.965,44096.136,36.656,19658.04,16.341,,,,,22140,18.405,2194.855,1.825,103.242,0.086
26/07/2026,2026-07-26,45,[10:00-10:15[,2026-07-26 09:00,1211.086,37972.203,31.354,19677.56,16.248,,,,,16055.31,13.257,2155.231,1.78,84.103,0.069
26/07/2026,2026-07-26,46,[10:15-10:30[,2026-07-26 09:15,1210.795,38122.866,31.486,19681.645,16.255,,,,,16232,13.406,1953.105,1.613,256.116,0.212
26/07/2026,2026-07-26,47,[10:30-10:45[,2026-07-26 09:30,1221.357,37745.846,30.905,19686.768,16.119,,,,,15774.05,12.915,2074.791,1.699,210.237,0.172
26/07/2026,2026-07-26,48,[10:45-11:00[,2026-07-26 09:45,1218.645,37590.279,30.846,19688.844,16.156,,,,,15880.1,13.031,1816.524,1.491,204.812,0.168
26/07/2026,2026-07-26,49,[11:00-11:15[,2026-07-26 10:00,1235.243,38720.71,31.347,19646.297,15.905,,,,,16750.58,13.561,2057.612,1.666,266.221,0.216
26/07/2026,2026-07-26,50,[11:15-11:30[,2026-07-26 10:15,1241.211,38675.916,31.16,19644.847,15.827,,,,,16850.2,13.576,1938.035,1.561,242.834,0.196
26/07/2026,2026-07-26,51,[11:30-11:45[,2026-07-26 10:30,1243.251,37554.42,30.207,19643.706,15.8,,,,,16035.84,12.898,1770.546,1.424,104.328,0.084
26/07/2026,2026-07-26,52,[11:45-12:00[,2026-07-26 10:45,1260.075,38089.953,30.228,19640.232,15.587,,,,,16056,12.742,1949.749,1.547,443.972,0.352
26/07/2026,2026-07-26,53,[12:00-12:15[,2026-07-26 11:00,1262.505,24527.659,19.428,19773.925,15.662,,,,,3322.6,2.632,1981.025,1.569,-549.892,-0.436
26/07/2026,2026-07-26,54,[12:15-12:30[,2026-07-26 11:15,1252.765,24610.052,19.645,19770.114,15.781,,,,,3317.4,2.648,1528.728,1.22,-6.19,-0.005
26/07/2026,2026-07-26,55,[12:30-12:45[,2026-07-26 11:30,1252.591,24815.919,19.812,19767.929,15.782,,,,,3317.4,2.648,1586.541,1.267,144.049,0.115
26/07/2026,2026-07-26,56,[12:45-13:00[,2026-07-26 11:45,1241.404,24787.836,19.968,19770.285,15.926,,,,,3320.4,2.675,1477.992,1.191,219.16,0.177
26/07/2026,2026-07-26,57,[13:00-13:15[,2026-07-26 12:00,1230.303,24647.682,20.034,19769.251,16.069,,,,,3323.4,2.701,1539.738,1.252,15.293,0.012
26/07/2026,2026-07-26,58,[13:15-13:30[,2026-07-26 12:15,1216.129,24786.603,20.382,19765.724,16.253,,,,,3323.4,2.733,1523.865,1.253,173.614,0.143
26/07/2026,2026-07-26,59,[13:30-13:45[,2026-07-26 12:30,1194.37,32686.731,27.367,19765.459,16.549,,,,,11765.7,9.851,1478.727,1.238,-323.154,-0.271
26/07/2026,2026-07-26,60,[13:45-14:00[,2026-07-26 12:45,1186.42,33278.221,28.049,19766.6,16.661,,,,,11765.7,9.917,1520.988,1.282,224.933,0.19
26/07/2026,2026-07-26,61,[14:00-14:15[,2026-07-26 13:00,1180.804,24907.406,21.094,19790.212,16.76,,,-1.144,-0.001,3320.4,2.812,1516.542,1.284,281.396,0.238
26/07/2026,2026-07-26,62,[14:15-14:30[,2026-07-26 13:15,1170.409,25652.326,21.917,19804.175,16.921,,,,,3317.4,2.834,1512.946,1.293,1017.805,0.87
26/07/2026,2026-07-26,63,[14:30-14:45[,2026-07-26 13:30,1166.44,25168.58,21.577,19646.142,16.843,,,,,3347.1,2.87,1599.336,1.371,576.002,0.494
26/07/2026,2026-07-26,64,[14:45-15:00[,2026-07-26 13:45,1154.31,25138.784,21.778,19642.031,17.016,,,,,3314.4,2.871,1557.875,1.35,624.478,0.541
26/07/2026,2026-07-26,65,[15:00-15:15[,2026-07-26 14:00,1161.478,24875.377,21.417,19668.181,16.934,,,,,3338.1,2.874,1593.499,1.372,275.597,0.237
26/07/2026,2026-07-26,66,[15:15-15:30[,2026-07-26 14:15,1161.662,24954.746,21.482,19647.088,16.913,,,-0.357,0,3335.1,2.871,1623.011,1.397,349.904,0.301
26/07/2026,2026-07-26,67,[15:30-15:45[,2026-07-26 14:30,1157.259,25164.11,21.745,19656.696,16.986,,,,,3965.1,3.426,1436.729,1.241,105.586,0.091
26/07/2026,2026-07-26,68,[15:45-16:00[,2026-07-26 14:45,1174.34,25487.4,21.704,19657.402,16.739,,,,,3920.4,3.338,1661.399,1.415,248.199,0.211
26/07/2026,2026-07-26,69,[16:00-16:15[,2026-07-26 15:00,1178.403,39512.787,33.531,19635.369,16.663,,,,,16991.55,14.419,1877.369,1.593,1008.498,0.856
26/07/2026,2026-07-26,70,[16:15-16:30[,2026-07-26 15:15,1185.069,38750.847,32.699,19611.417,16.549,,,,,17013.64,14.357,1784.937,1.506,340.854,0.288
26/07/2026,2026-07-26,71,[16:30-16:45[,2026-07-26 15:30,1205.048,38354.517,31.828,19611.385,16.274,,,,,16595.79,13.772,1982.268,1.645,165.075,0.137
26/07/2026,2026-07-26,72,[16:45-17:00[,2026-07-26 15:45,1218.529,39064.784,32.059,19614.716,16.097,,,,,16871.1,13.845,2010.665,1.65,568.303,0.466
26/07/2026,2026-07-26,73,[17:00-17:15[,2026-07-26 16:00,1230.725,46341.855,37.654,19620.534,15.942,,,,,23760,19.306,2058.028,1.672,903.293,0.734
26/07/2026,2026-07-26,74,[17:15-17:30[,2026-07-26 16:15,1250.34,46111.767,36.879,19628.924,15.699,,,,,23760,19.003,2098.12,1.678,624.722,0.5
26/07/2026,2026-07-26,75,[17:30-17:45[,2026-07-26 16:30,1276.186,45890.129,35.959,19632.195,15.383,,,,,23760,18.618,2069.721,1.622,428.214,0.336
26/07/2026,2026-07-26,76,[17:45-18:00[,2026-07-26 16:45,1305.145,46231.456,35.422,19636.583,15.046,,,,,23760,18.205,2172.175,1.664,662.699,0.508
26/07/2026,2026-07-26,77,[18:00-18:15[,2026-07-26 17:00,1335.549,44974.571,33.675,19635.126,14.702,,,,,22312.5,16.707,2235.741,1.674,791.204,0.592
26/07/2026,2026-07-26,78,[18:15-18:30[,2026-07-26 17:15,1359.896,40327.823,29.655,18813.01,13.834,,,,,20125,14.799,2216.105,1.63,-826.291,-0.608
26/07/2026,2026-07-26,79,[18:30-18:45[,2026-07-26 17:30,1395.259,34641.016,24.828,15903.535,11.398,,,,,14516.2,10.404,2274.168,1.63,1947.113,1.396
26/07/2026,2026-07-26,80,[18:45-19:00[,2026-07-26 17:45,1421.898,20908.724,14.705,13188.395,9.275,,,,,13356,9.393,2259.509,1.589,-7895.179,-5.553
26/07/2026,2026-07-26,81,[19:00-19:15[,2026-07-26 18:00,1466.203,25534.109,17.415,13864.027,9.456,,,,,7081.2,4.83,2320.466,1.583,2268.415,1.547
26/07/2026,2026-07-26,82,[19:15-19:30[,2026-07-26 18:15,1499.093,12588.281,8.397,11626.481,7.756,,,,,3896.7,2.599,2326.154,1.552,-5261.054,-3.509
26/07/2026,2026-07-26,83,[19:30-19:45[,2026-07-26 18:30,1516.937,9034.715,5.956,8835.071,5.824,,,,,475,0.313,2250.212,1.483,-2525.568,-1.665
26/07/2026,2026-07-26,84,[19:45-20:00[,2026-07-26 18:45,1546.586,4781.95,3.092,7537.471,4.874,,,,,491,0.317,2332.457,1.508,-5578.978,-3.607
26/07/2026,2026-07-26,85,[20:00-20:15[,2026-07-26 19:00,1563.582,11134.16,7.121,6963.099,4.453,,,,,1005.7,0.643,2274.453,1.455,890.909,0.57
26/07/2026,2026-07-26,86,[20:15-20:30[,2026-07-26 19:15,1571.788,4579.971,2.914,2579.217,1.641,,,,,569.9,0.363,2333.449,1.485,-902.595,-0.574
26/07/2026,2026-07-26,87,[20:30-20:45[,2026-07-26 19:30,1579.059,4466.145,2.828,2630.818,1.666,,,,,645,0.408,2271.527,1.439,-1081.2,-0.685
26/07/2026,2026-07-26,88,[20:45-21:00[,2026-07-26 19:45,1581.116,6696.515,4.235,2795.001,1.768,,,,,1636.8,1.035,2055.464,1.3,209.251,0.132
26/07/2026,2026-07-26,89,[21:00-21:15[,2026-07-26 20:00,1609.37,4252.56,2.642,2683.698,1.668,,,,,1619.8,1.006,2334.45,1.451,-2385.387,-1.482
26/07/2026,2026-07-26,90,[21:15-21:30[,2026-07-26 20:15,1620.353,4633.447,2.86,2702.575,1.668,,,,,1557.5,0.961,2349.338,1.45,-1975.966,-1.219
26/07/2026,2026-07-26,91,[21:30-21:45[,2026-07-26 20:30,1598.543,6455.657,4.038,2764.763,1.73,,,,,1308.3,0.818,2266.662,1.418,115.932,0.073
26/07/2026,2026-07-26,92,[21:45-22:00[,2026-07-26 20:45,1581.542,5423.292,3.429,2990.663,1.891,,,,,931.4,0.589,2329.564,1.473,-828.335,-0.524
26/07/2026,2026-07-26,93,[22:00-22:15[,2026-07-26 21:00,1557.347,8339.116,5.355,6641.675,4.265,,,,,738,0.474,1333.686,0.856,-374.244,-0.24
26/07/2026,2026-07-26,94,[22:15-22:30[,2026-07-26 21:15,1531.714,8808.697,5.751,7851.463,5.126,,,,,934.6,0.61,1339.693,0.875,-1317.059,-0.86
26/07/2026,2026-07-26,95,[22:30-22:45[,2026-07-26 21:30,1508.632,10493.781,6.956,8190.9,5.429,,,,,757.5,0.502,1296.516,0.859,248.864,0.165
26/07/2026,2026-07-26,96,[22:45-23:00[,2026-07-26 21:45,1483.882,8010.573,5.398,8448.957,5.694,,,,,757.5,0.51,1294.562,0.872,-2490.447,-1.678
27/07/2026,2026-07-27,1,[23:00-23:15[,2026-07-26 22:00,1453.505,7370.675,5.071,4400.664,3.028,,,,,948.1,0.652,1269.719,0.874,752.193,0.518
27/07/2026,2026-07-27,2,[23:15-23:30[,2026-07-26 22:15,1420.916,7975.365,5.613,5594.837,3.937,,,,,858.7,0.604,1269.55,0.893,252.278,0.178
27/07/2026,2026-07-27,3,[23:30-23:45[,2026-07-26 22:30,1394.568,9535.663,6.838,6535.775,4.687,,,,,1016.5,0.729,1266.043,0.908,717.346,0.514
27/07/2026,2026-07-27,4,[23:45-00:00[,2026-07-26 22:45,1370.537,10768.465,7.857,7433.946,5.424,,,,,1598.1,1.166,1220.25,0.89,516.17,0.377
27/07/2026,2026-07-27,5,[00:00-00:15[,2026-07-26 23:00,1371.737,10807.666,7.879,7454,5.434,,,,,1239.9,0.904,2415.124,1.761,-301.358,-0.22
27/07/2026,2026-07-27,6,[00:15-00:30[,2026-07-26 23:15,1356.52,12284.196,9.056,7495.808,5.526,,,,,1239.9,0.914,2715.214,2.002,833.275,0.614
27/07/2026,2026-07-27,7,[00:30-00:45[,2026-07-26 23:30,1332.157,11866.284,8.908,7737.969,5.809,,,,,1239.9,0.931,2711.042,2.035,177.373,0.133
27/07/2026,2026-07-27,8,[00:45-01:00[,2026-07-26 23:45,1304.323,10995.45,8.43,8106.156,6.215,,,,,1239.9,0.951,2080.429,1.595,-431.035,-0.33
27/07/2026,2026-07-27,9,[01:00-01:15[,2026-07-27 00:00,1299.429,10782.646,8.298,8148.311,6.271,,,,,329.5,0.254,2754.432,2.12,-449.597,-0.346
27/07/2026,2026-07-27,10,[01:15-01:30[,2026-07-27 00:15,1282.334,10734.304,8.371,8449.15,6.589,,,,,329.5,0.257,2758.84,2.151,-803.186,-0.626
27/07/2026,2026-07-27,11,[01:30-01:45[,2026-07-27 00:30,1260.477,11962.599,9.491,8591.463,6.816,,,,,277.8,0.22,2691.264,2.135,402.072,0.319
27/07/2026,2026-07-27,12,[01:45-02:00[,2026-07-27 00:45,1231.143,11040.69,8.968,8638.344,7.017,,,,,253,0.206,2077.54,1.687,71.806,0.058
27/07/2026,2026-07-27,13,[02:00-02:15[,2026-07-27 01:00,1224.787,11245.976,9.182,8813.046,7.196,,,,,200,0.163,2347.628,1.917,-114.698,-0.094
27/07/2026,2026-07-27,14,[02:15-02:30[,2026-07-27 01:15,1223.185,11376.526,9.301,8912.585,7.286,,,,,275,0.225,2697.883,2.206,-508.942,-0.416
27/07/2026,2026-07-27,15,[02:30-02:45[,2026-07-27 01:30,1204.557,12552.298,10.421,9186.188,7.626,,,,,475,0.394,2531.124,2.101,359.986,0.299
27/07/2026,2026-07-27,16,[02:45-03:00[,2026-07-27 01:45,1202.819,13074.351,10.87,9228.888,7.673,,,,,500,0.416,2738.605,2.277,606.859,0.505
27/07/2026,2026-07-27,17,[03:00-03:15[,2026-07-27 02:00,1200.344,13060.813,10.881,9652.938,8.042,,,,,350,0.292,2775.355,2.312,282.521,0.235
27/07/2026,2026-07-27,18,[03:15-03:30[,2026-07-27 02:15,1183.229,14043.796,11.869,10266.843,8.677,,,,,871.2,0.736,2577.819,2.179,327.934,0.277
27/07/2026,2026-07-27,19,[03:30-03:45[,2026-07-27 02:30,1182.811,13805.925,11.672,9919.167,8.386,,,,,847.1,0.716,2715.694,2.296,323.965,0.274
27/07/2026,2026-07-27,20,[03:45-04:00[,2026-07-27 02:45,1179.803,13739.262,11.645,9660.763,8.188,,,,,798.9,0.677,2783.58,2.359,496.019,0.42
27/07/2026,2026-07-27,21,[04:00-04:15[,2026-07-27 03:00,1174.489,13099.996,11.154,9669.378,8.233,,,,,819.2,0.697,2484.681,2.116,126.737,0.108
27/07/2026,2026-07-27,22,[04:15-04:30[,2026-07-27 03:15,1177.513,13049.258,11.082,9625.919,8.175,,,,,722.5,0.614,2761.113,2.345,-60.273,-0.051
27/07/2026,2026-07-27,23,[04:30-04:45[,2026-07-27 03:30,1174.164,13833.485,11.782,9568.397,8.149,,,,,722.5,0.615,2709.8,2.308,832.789,0.709
27/07/2026,2026-07-27,24,[04:45-05:00[,2026-07-27 03:45,1176.716,12552.554,10.667,9270.223,7.878,,,,,525,0.446,2752.573,2.339,4.758,0.004
27/07/2026,2026-07-27,25,[05:00-05:15[,2026-07-27 04:00,1194.731,11615.223,9.722,9206.648,7.706,,,,,475,0.398,2765.87,2.315,-832.295,-0.697
27/07/2026,2026-07-27,26,[05:15-05:30[,2026-07-27 04:15,1195.538,10572.349,8.843,8350.98,6.985,,,,,325.9,0.273,2542.356,2.127,-646.887,-0.541
27/07/2026,2026-07-27,27,[05:30-05:45[,2026-07-27 04:30,1213.204,11669.971,9.619,7706.557,6.352,,,,,325.9,0.269,2785.528,2.296,851.986,0.702
27/07/2026,2026-07-27,28,[05:45-06:00[,2026-07-27 04:45,1230.749,11971.134,9.727,7516.453,6.107,,,,,325.9,0.265,2744.85,2.23,1383.931,1.124
27/07/2026,2026-07-27,29,[06:00-06:15[,2026-07-27 05:00,1266.254,10102.487,7.978,6873.3,5.428,,,,,916.1,0.723,2448.33,1.934,-135.243,-0.107
27/07/2026,2026-07-27,30,[06:15-06:30[,2026-07-27 05:15,1287.038,10080.026,7.832,6610.3,5.136,,,,,916.1,0.712,2763.936,2.148,-210.31,-0.163
27/07/2026,2026-07-27,31,[06:30-06:45[,2026-07-27 05:30,1302.167,10784.693,8.282,6223.45,4.779,,,,,916.1,0.704,2782.634,2.137,862.509,0.662
27/07/2026,2026-07-27,32,[06:45-07:00[,2026-07-27 05:45,1321.259,11822.698,8.948,6493.463,4.915,,,,,916.1,0.693,2708.237,2.05,1704.898,1.29
27/07/2026,2026-07-27,33,[07:00-07:15[,2026-07-27 06:00,1376.668,6444.914,4.682,6445.638,4.682,,,,,1251.6,0.909,2677.369,1.945,-3929.692,-2.854
27/07/2026,2026-07-27,34,[07:15-07:30[,2026-07-27 06:15,1396.083,10579.652,7.578,7711.595,5.524,,,,,1309.3,0.938,2480.487,1.777,-921.73,-0.66
27/07/2026,2026-07-27,35,[07:30-07:45[,2026-07-27 06:30,1426.104,18662.464,13.086,10102.783,7.084,,,,,5195.5,3.643,2648.888,1.857,715.293,0.502
27/07/2026,2026-07-27,36,[07:45-08:00[,2026-07-27 06:45,1461.297,19930.329,13.639,11671.413,7.987,,,,,6649,4.55,2653.133,1.816,-1043.217,-0.714
27/07/2026,2026-07-27,37,[08:00-08:15[,2026-07-27 07:00,1525.676,17460.601,11.445,9982.224,6.543,,,,,6760.46,4.431,2505.078,1.642,-1787.161,-1.171
27/07/2026,2026-07-27,38,[08:15-08:30[,2026-07-27 07:15,1574.888,20597.332,13.079,10643.999,6.759,,,,,7516,4.772,2643.713,1.679,-206.38,-0.131
27/07/2026,2026-07-27,39,[08:30-08:45[,2026-07-27 07:30,1613.446,26958.494,16.709,13218.723,8.193,,,,,13572,8.412,2601.335,1.612,-2433.564,-1.508
27/07/2026,2026-07-27,40,[08:45-09:00[,2026-07-27 07:45,1626.425,41426.999,25.471,15775.048,9.699,,,,,19539,12.013,2408.75,1.481,3704.201,2.278
27/07/2026,2026-07-27,41,[09:00-09:15[,2026-07-27 08:00,1658.727,33961.053,20.474,15232.088,9.183,,,,,20960.3,12.636,2639.222,1.591,-4870.557,-2.936
27/07/2026,2026-07-27,42,[09:15-09:30[,2026-07-27 08:15,1663.829,45511.265,27.353,16009.423,9.622,,,,,22438.5,13.486,2490.624,1.497,4572.719,2.748
27/07/2026,2026-07-27,43,[09:30-09:45[,2026-07-27 08:30,1669.388,44530.729,26.675,16009.423,9.59,,,,,22710.7,13.604,2611.729,1.564,3198.877,1.916
27/07/2026,2026-07-27,44,[09:45-10:00[,2026-07-27 08:45,1666.595,45409.806,27.247,16170.032,9.702,,,195.517,0.117,23147.9,13.889,2512.892,1.508,3383.464,2.03
27/07/2026,2026-07-27,45,[10:00-10:15[,2026-07-27 09:00,1653.038,34717.208,21.002,16009.423,9.685,,,,,17625.38,10.662,2247.19,1.359,-1164.785,-0.705
27/07/2026,2026-07-27,46,[10:15-10:30[,2026-07-27 09:15,1668.368,39598.867,23.735,16009.423,9.596,,,,,17826.63,10.685,2478.756,1.486,3284.059,1.968
27/07/2026,2026-07-27,47,[10:30-10:45[,2026-07-27 09:30,1669.676,38387.52,22.991,16009.423,9.588,,,,,17939.89,10.745,2411.142,1.444,2027.066,1.214
27/07/2026,2026-07-27,48,[10:45-11:00[,2026-07-27 09:45,1663.479,37721.185,22.676,16009.423,9.624,,,,,18072.94,10.865,2255.339,1.356,1383.483,0.832
27/07/2026,2026-07-27,49,[11:00-11:15[,2026-07-27 10:00,1676.696,37538.733,22.389,16170.054,9.644,,,,,18825.16,11.228,2358.528,1.407,184.991,0.11
27/07/2026,2026-07-27,50,[11:15-11:30[,2026-07-27 10:15,1673.617,36362.579,21.727,16009.423,9.566,,,,,18624.09,11.128,2211.29,1.321,-482.224,-0.288
27/07/2026,2026-07-27,51,[11:30-11:45[,2026-07-27 10:30,1690.913,35409.984,20.941,16009.423,9.468,,,,,17429.8,10.308,2324.936,1.375,-354.175,-0.209
27/07/2026,2026-07-27,52,[11:45-12:00[,2026-07-27 10:45,1694.339,36392.23,21.479,16009.423,9.449,,,,,17483.8,10.319,2293.885,1.354,605.122,0.357
27/07/2026,2026-07-27,53,[12:00-12:15[,2026-07-27 11:00,1673.072,26976.235,16.124,15773.801,9.428,,,,,9610,5.744,2131.516,1.274,-539.081,-0.322
27/07/2026,2026-07-27,54,[12:15-12:30[,2026-07-27 11:15,1681.654,27263.076,16.212,15773.801,9.38,,,,,9610,5.715,2271.185,1.351,-391.91,-0.233
27/07/2026,2026-07-27,55,[12:30-12:45[,2026-07-27 11:30,1669.099,28572.164,17.118,15773.801,9.45,,,,,9610,5.758,2240.578,1.342,947.786,0.568
27/07/2026,2026-07-27,56,[12:45-13:00[,2026-07-27 11:45,1650.884,26826.854,16.25,15773.801,9.555,,,,,9680,5.864,2107.976,1.277,-734.923,-0.445
27/07/2026,2026-07-27,57,[13:00-13:15[,2026-07-27 12:00,1651.26,28026.34,16.973,15773.801,9.553,,,,,9620,5.826,2213.626,1.341,418.914,0.254
27/07/2026,2026-07-27,58,[13:15-13:30[,2026-07-27 12:15,1648.563,29508.391,17.899,15773.801,9.568,,,,,9620,5.835,2228.329,1.352,1886.261,1.144
27/07/2026,2026-07-27,59,[13:30-13:45[,2026-07-27 12:30,1649.506,26194.156,15.88,16009.423,9.706,,,,,8856,5.369,1919.449,1.164,-590.715,-0.358
27/07/2026,2026-07-27,60,[13:45-14:00[,2026-07-27 12:45,1666.852,29274.15,17.563,16008.176,9.604,,,,,8856,5.313,2243.475,1.346,2166.5,1.3
27/07/2026,2026-07-27,61,[14:00-14:15[,2026-07-27 13:00,1690.033,30303.449,17.931,16009.423,9.473,,,,,6895.5,4.08,2279.552,1.349,5118.974,3.029
27/07/2026,2026-07-27,62,[14:15-14:30[,2026-07-27 13:15,1692.424,30450.364,17.992,16008.176,9.459,,,,,6895.5,4.074,2091.702,1.236,5454.986,3.223
27/07/2026,2026-07-27,63,[14:30-14:45[,2026-07-27 13:30,1709.988,33061.161,19.334,16008.176,9.362,,,,,6895.5,4.032,2304.457,1.348,7853.029,4.592
27/07/2026,2026-07-27,64,[14:45-15:00[,2026-07-27 13:45,1707.358,34119.261,19.984,15773.801,9.239,,,,,7487.5,4.385,2201.659,1.29,8656.301,5.07
27/07/2026,2026-07-27,65,[15:00-15:15[,2026-07-27 14:00,1719.086,35947.443,20.911,15773.801,9.176,,,,,9670,5.625,2396.388,1.394,8107.254,4.716
27/07/2026,2026-07-27,66,[15:15-15:30[,2026-07-27 14:15,1726.803,35147.461,20.354,15773.801,9.135,,,,,9670,5.6,2418.163,1.4,7285.498,4.219
27/07/2026,2026-07-27,67,[15:30-15:45[,2026-07-27 14:30,1722.585,35072.924,20.361,15773.801,9.157,,,,,9670,5.614,2142.485,1.244,7486.638,4.346
27/07/2026,2026-07-27,68,[15:45-16:00[,2026-07-27 14:45,1739.195,35866.075,20.622,15773.801,9.07,,,,,9740,5.6,2442.797,1.405,7909.477,4.548
27/07/2026,2026-07-27,69,[16:00-16:15[,2026-07-27 15:00,1739.384,42521.202,24.446,15773.801,9.069,,,,,19129.11,10.998,2400.486,1.38,5217.805,3
27/07/2026,2026-07-27,70,[16:15-16:30[,2026-07-27 15:15,1744.534,43205.61,24.766,15231.528,8.731,,,,,19142.4,10.973,2195.274,1.258,6636.408,3.804
27/07/2026,2026-07-27,71,[16:30-16:45[,2026-07-27 15:30,1764.125,46636.049,26.436,15231.024,8.634,,,,,18717.5,10.61,2532.919,1.436,10154.607,5.756
27/07/2026,2026-07-27,72,[16:45-17:00[,2026-07-27 15:45,1779.822,47781.236,26.846,15230.612,8.557,,,,,18365.5,10.319,2557.982,1.437,11627.143,6.533
27/07/2026,2026-07-27,73,[17:00-17:15[,2026-07-27 16:00,1773.241,28482.812,16.063,13432.149,7.575,,,,,16829.1,9.491,2401.959,1.355,-4180.396,-2.357
27/07/2026,2026-07-27,74,[17:15-17:30[,2026-07-27 16:15,1779.906,20514.247,11.525,12399.856,6.967,,,,,9284.25,5.216,2531.786,1.422,-3701.644,-2.08
27/07/2026,2026-07-27,75,[17:30-17:45[,2026-07-27 16:30,1782.913,23345.038,13.094,12873.913,7.221,,,,,8359.77,4.689,2353.691,1.32,-242.335,-0.136
27/07/2026,2026-07-27,76,[17:45-18:00[,2026-07-27 16:45,1803.845,14080.729,7.806,10690.55,5.927,,,,,3099.5,1.718,2566.738,1.423,-2276.058,-1.262
27/07/2026,2026-07-27,77,[18:00-18:15[,2026-07-27 17:00,1794.036,13935.648,7.768,10565.163,5.889,,,,,3277.5,1.827,1596.708,0.89,-1503.722,-0.838
27/07/2026,2026-07-27,78,[18:15-18:30[,2026-07-27 17:15,1801.119,11454.977,6.36,8861.928,4.92,,,,,1211.5,0.673,1620.445,0.9,-238.896,-0.133
27/07/2026,2026-07-27,79,[18:30-18:45[,2026-07-27 17:30,1832.176,8243.27,4.499,6651.2,3.63,,,,,1008.3,0.55,1603.357,0.875,-1019.587,-0.556
27/07/2026,2026-07-27,80,[18:45-19:00[,2026-07-27 17:45,1858.566,5568.818,2.996,1682.608,0.905,,,,,3360.6,1.808,1595.454,0.858,-1069.844,-0.576
27/07/2026,2026-07-27,81,[19:00-19:15[,2026-07-27 18:00,1881.697,26165.472,13.905,6306.243,3.351,43105.313,22.908,,,531,0.282,1559.089,0.829,-25336.173,-13.465
27/07/2026,2026-07-27,82,[19:15-19:30[,2026-07-27 18:15,1908.838,17621.131,9.231,1836.606,0.962,43105.313,22.582,,,1798,0.942,1571.393,0.823,-30690.18,-16.078
27/07/2026,2026-07-27,83,[19:30-19:45[,2026-07-27 18:30,1939.224,20848.407,10.751,1399.045,0.721,43105.313,22.228,,,2642.3,1.363,1567.843,0.808,-27866.093,-14.37
27/07/2026,2026-07-27,84,[19:45-20:00[,2026-07-27 18:45,1955.332,19807.23,10.13,1229.774,0.629,43105.313,22.045,,,2715,1.389,1574.689,0.805,-28817.546,-14.738
27/07/2026,2026-07-27,85,[20:00-20:15[,2026-07-27 19:00,1956.202,18241.889,9.325,443.475,0.227,43105.313,22.035,,,3173.5,1.622,1617.938,0.827,-30098.337,-15.386
27/07/2026,2026-07-27,86,[20:15-20:30[,2026-07-27 19:15,1951.725,25889.281,13.265,196.25,0.101,43105.313,22.086,,,3173.5,1.626,1616.828,0.828,-22202.61,-11.376
27/07/2026,2026-07-27,87,[20:30-20:45[,2026-07-27 19:30,1941.208,26770.046,13.79,196.25,0.101,43105.313,22.205,,,3173.5,1.635,1628.579,0.839,-21333.596,-10.99
27/07/2026,2026-07-27,88,[20:45-21:00[,2026-07-27 19:45,1935.395,11115.623,5.743,196.25,0.101,43105.313,22.272,,,3051.5,1.577,1629.865,0.842,-36867.304,-19.049
27/07/2026,2026-07-27,89,[21:00-21:15[,2026-07-27 20:00,1935.975,22924.338,11.841,253.213,0.131,43105.313,22.265,,,5424.9,2.802,1637.695,0.846,-27496.782,-14.203
27/07/2026,2026-07-27,90,[21:15-21:30[,2026-07-27 20:15,1926.902,31522.828,16.359,572.338,0.297,43105.313,22.37,,,4782.9,2.482,1659.345,0.861,-18597.067,-9.651
27/07/2026,2026-07-27,91,[21:30-21:45[,2026-07-27 20:30,1898.196,31557.113,16.625,572.338,0.302,43105.313,22.709,,,4782.9,2.52,1639.467,0.864,-18542.904,-9.769
27/07/2026,2026-07-27,92,[21:45-22:00[,2026-07-27 20:45,1864.527,36070.303,19.346,1016.2,0.545,43105.313,23.119,,,3852,2.066,1693.949,0.909,-13597.159,-7.293
27/07/2026,2026-07-27,93,[22:00-22:15[,2026-07-27 21:00,1830.618,34460.82,18.825,1175.463,0.642,43105.313,23.547,,,3707,2.025,1683.642,0.92,-15210.596,-8.309
27/07/2026,2026-07-27,94,[22:15-22:30[,2026-07-27 21:15,1795.314,35289.881,19.657,1175.463,0.655,43105.313,24.01,,,3707,2.065,1699.526,0.947,-14397.42,-8.019
27/07/2026,2026-07-27,95,[22:30-22:45[,2026-07-27 21:30,1754.522,34785.152,19.826,1233.588,0.703,43105.313,24.568,,,3572.2,2.036,1708.247,0.974,-14834.196,-8.455
27/07/2026,2026-07-27,96,[22:45-23:00[,2026-07-27 21:45,1712.213,37149.033,21.697,1271.95,0.743,43105.313,25.175,,,3532,2.063,1732.143,1.012,-12492.372,-7.296
28/07/2026,2026-07-28,1,[23:00-23:15[,2026-07-27 22:00,1678.736,7422.292,4.421,914.694,0.545,,,,,1176,0.701,1731.939,1.032,3599.66,2.144
28/07/2026,2026-07-28,2,[23:15-23:30[,2026-07-27 22:15,1645.127,3959.904,2.407,899.389,0.547,,,,,1084.5,0.659,1725.264,1.049,250.751,0.152
28/07/2026,2026-07-28,3,[23:30-23:45[,2026-07-27 22:30,1609.749,2134.672,1.326,893.058,0.555,,,,,1026,0.637,1717.43,1.067,-1501.816,-0.933
28/07/2026,2026-07-28,4,[23:45-00:00[,2026-07-27 22:45,1570.79,4059.08,2.584,872.076,0.555,,,,,901.5,0.574,1768.711,1.126,516.793,0.329
28/07/2026,2026-07-28,5,[00:00-00:15[,2026-07-27 23:00,1544.034,3323.896,2.153,916.588,0.594,,,,,748.9,0.485,1754.521,1.136,-96.113,-0.062
28/07/2026,2026-07-28,6,[00:15-00:30[,2026-07-27 23:15,1516.815,3333.631,2.198,925.443,0.61,,,,,720.2,0.475,1764.974,1.164,-76.985,-0.051
28/07/2026,2026-07-28,7,[00:30-00:45[,2026-07-27 23:30,1487.263,3648.336,2.453,988.693,0.665,,,,,548,0.368,1739.009,1.169,372.635,0.251
28/07/2026,2026-07-28,8,[00:45-01:00[,2026-07-27 23:45,1462.431,4041.777,2.764,992.131,0.678,,,,,548,0.375,1765.206,1.207,736.44,0.504
28/07/2026,2026-07-28,9,[01:00-01:15[,2026-07-28 00:00,1438.788,3385.031,2.353,1003.527,0.697,,,,,440.3,0.306,1764.213,1.226,176.991,0.123
28/07/2026,2026-07-28,10,[01:15-01:30[,2026-07-28 00:15,1411.344,4857.486,3.442,1049.972,0.744,,,,,595.7,0.422,1764.518,1.25,1447.296,1.025
28/07/2026,2026-07-28,11,[01:30-01:45[,2026-07-28 00:30,1383.59,2624.234,1.897,1054.496,0.762,,,,,569.8,0.412,1689.49,1.221,-689.553,-0.498
28/07/2026,2026-07-28,12,[01:45-02:00[,2026-07-28 00:45,1368.046,4718.58,3.449,1053.636,0.77,,,,,569.8,0.417,1707.567,1.248,1387.577,1.014
28/07/2026,2026-07-28,13,[02:00-02:15[,2026-07-28 01:00,1356.016,4335.833,3.197,1056.959,0.779,,,,,446.2,0.329,1707.703,1.259,1124.971,0.83
28/07/2026,2026-07-28,14,[02:15-02:30[,2026-07-28 01:15,1340.105,4996.213,3.728,1107.227,0.826,,,,,423.7,0.316,1708.667,1.275,1756.619,1.311
28/07/2026,2026-07-28,15,[02:30-02:45[,2026-07-28 01:30,1326.61,5297.067,3.993,1107.227,0.835,,,,,423.7,0.319,1701.717,1.283,2064.423,1.556
28/07/2026,2026-07-28,16,[02:45-03:00[,2026-07-28 01:45,1315.927,4083.547,3.103,1118.155,0.85,,,,,423.7,0.322,1617.113,1.229,924.579,0.703
28/07/2026,2026-07-28,17,[03:00-03:15[,2026-07-28 02:00,1310.182,3903.974,2.98,1118.155,0.853,,,,,419.8,0.32,1619.054,1.236,746.965,0.57
28/07/2026,2026-07-28,18,[03:15-03:30[,2026-07-28 02:15,1299.523,4134.507,3.182,1118.155,0.86,,,,,419.8,0.323,1616.917,1.244,979.635,0.754
28/07/2026,2026-07-28,19,[03:30-03:45[,2026-07-28 02:30,1292.858,4579.361,3.542,1118.155,0.865,,,,,419.8,0.325,1620.639,1.254,1420.767,1.099
28/07/2026,2026-07-28,20,[03:45-04:00[,2026-07-28 02:45,1301.764,4132.011,3.174,1118.155,0.859,,,,,419.8,0.322,2516.975,1.934,77.081,0.059
28/07/2026,2026-07-28,21,[04:00-04:15[,2026-07-28 03:00,1302.431,4980.622,3.824,1121.66,0.861,,,,,428.9,0.329,2681.333,2.059,748.729,0.575
28/07/2026,2026-07-28,22,[04:15-04:30[,2026-07-28 03:15,1298.493,4884.763,3.762,1118.876,0.862,,,,,428.9,0.33,2588.706,1.994,748.281,0.576
28/07/2026,2026-07-28,23,[04:30-04:45[,2026-07-28 03:30,1290.125,6101.818,4.73,1079.207,0.837,,,,,524.9,0.407,2306.726,1.788,2190.985,1.698
28/07/2026,2026-07-28,24,[04:45-05:00[,2026-07-28 03:45,1297.944,5592.189,4.308,1055.072,0.813,,,,,556.6,0.429,2754.469,2.122,1226.049,0.945
28/07/2026,2026-07-28,25,[05:00-05:15[,2026-07-28 04:00,1303.78,5423.128,4.16,888.857,0.682,,,,,863.6,0.662,2707.782,2.077,962.889,0.739
28/07/2026,2026-07-28,26,[05:15-05:30[,2026-07-28 04:15,1303.263,3984.152,3.057,916.363,0.703,,,,,990.6,0.76,2489.754,1.91,-412.565,-0.317
28/07/2026,2026-07-28,27,[05:30-05:45[,2026-07-28 04:30,1309.16,5375.146,4.106,931.598,0.712,,,,,983.82,0.751,2574.938,1.967,884.789,0.676
28/07/2026,2026-07-28,28,[05:45-06:00[,2026-07-28 04:45,1326.33,10270.128,7.743,945.755,0.713,,,,,996.12,0.751,2756.752,2.078,5571.501,4.201
28/07/2026,2026-07-28,29,[06:00-06:15[,2026-07-28 05:00,1354.728,3180.297,2.348,404.187,0.298,,,,,1332.6,0.984,2503.298,1.848,-1059.789,-0.782
28/07/2026,2026-07-28,30,[06:15-06:30[,2026-07-28 05:15,1371.775,4688.796,3.418,402.21,0.293,,,,,1332.6,0.971,2756.937,2.01,197.049,0.144
28/07/2026,2026-07-28,31,[06:30-06:45[,2026-07-28 05:30,1386.003,4306.685,3.107,400.166,0.289,,,,,1251.5,0.903,2695.288,1.945,-40.269,-0.029
28/07/2026,2026-07-28,32,[06:45-07:00[,2026-07-28 05:45,1402.029,4234.161,3.02,388.184,0.277,,,,,1163.4,0.83,2637.445,1.881,45.132,0.032
28/07/2026,2026-07-28,33,[07:00-07:15[,2026-07-28 06:00,1455.205,4499.94,3.092,363.488,0.25,,,,,1149,0.79,2752.455,1.891,234.996,0.161
28/07/2026,2026-07-28,34,[07:15-07:30[,2026-07-28 06:15,1485.838,6296.125,4.237,358.111,0.241,,,,,1003.5,0.675,2751.839,1.852,2182.676,1.469
28/07/2026,2026-07-28,35,[07:30-07:45[,2026-07-28 06:30,1502.695,2158.506,1.436,867.744,0.577,,,,,651.2,0.433,2311.897,1.539,-1672.335,-1.113
28/07/2026,2026-07-28,36,[07:45-08:00[,2026-07-28 06:45,1550.618,15637.563,10.085,3223.76,2.079,,,,,534.8,0.345,2675.492,1.725,9203.511,5.935
28/07/2026,2026-07-28,37,[08:00-08:15[,2026-07-28 07:00,1627.681,5950.729,3.656,1794.925,1.103,,,,,525.7,0.323,2758.275,1.695,871.829,0.536
28/07/2026,2026-07-28,38,[08:15-08:30[,2026-07-28 07:15,1673.124,4246.584,2.538,4804.3,2.871,,,,,913.9,0.546,2621.734,1.567,-4093.35,-2.447
28/07/2026,2026-07-28,39,[08:30-08:45[,2026-07-28 07:30,1711.296,15406.697,9.003,7376.91,4.311,,,1610.813,0.941,2141.1,1.251,2648.736,1.548,1629.139,0.952
28/07/2026,2026-07-28,40,[08:45-09:00[,2026-07-28 07:45,1720.234,14333.542,8.332,7800.962,4.535,,,,,2110.6,1.227,2380.993,1.384,2040.987,1.186
28/07/2026,2026-07-28,41,[09:00-09:15[,2026-07-28 08:00,1749.604,21038.612,12.025,7598.482,4.343,,,,,2188,1.251,2559.637,1.463,8692.493,4.968
28/07/2026,2026-07-28,42,[09:15-09:30[,2026-07-28 08:15,1756.133,19237.026,10.954,7779.207,4.43,,,4.41,0.003,2780.4,1.583,2519.909,1.435,6153.1,3.504
28/07/2026,2026-07-28,43,[09:30-09:45[,2026-07-28 08:30,1742.003,22586.232,12.966,8530.615,4.897,,,,,3242,1.861,2145.019,1.231,8668.599,4.976
28/07/2026,2026-07-28,44,[09:45-10:00[,2026-07-28 08:45,1743.301,32501.529,18.644,12434.435,7.133,,,,,15673.5,8.991,2402.427,1.378,1991.167,1.142
28/07/2026,2026-07-28,45,[10:00-10:15[,2026-07-28 09:00,1724.77,18097.422,10.493,8726.945,5.06,,,,,7636,4.427,2230.26,1.293,-495.782,-0.287
28/07/2026,2026-07-28,46,[10:15-10:30[,2026-07-28 09:15,1719.199,24154.369,14.05,10138.345,5.897,,,,,12649.2,7.358,1982.689,1.153,-615.865,-0.358
28/07/2026,2026-07-28,47,[10:30-10:45[,2026-07-28 09:30,1720.187,27649.359,16.073,14508.179,8.434,,,,,10829.2,6.295,2183.15,1.269,128.829,0.075
28/07/2026,2026-07-28,48,[10:45-11:00[,2026-07-28 09:45,1720.054,33975.821,19.753,16561.569,9.629,,,,,15069.84,8.761,2167.293,1.26,177.119,0.103
28/07/2026,2026-07-28,49,[11:00-11:15[,2026-07-28 10:00,1713.894,35396.148,20.652,16564.354,9.665,,,,,16587.25,9.678,2000.989,1.168,243.555,0.142
28/07/2026,2026-07-28,50,[11:15-11:30[,2026-07-28 10:15,1726.347,35441.678,20.53,16565.912,9.596,,,,,16670.24,9.656,2030.852,1.176,174.675,0.101
28/07/2026,2026-07-28,51,[11:30-11:45[,2026-07-28 10:30,1725.874,34254.756,19.848,16567.779,9.6,,,,,15854.56,9.186,1737.953,1.007,94.464,0.055
28/07/2026,2026-07-28,52,[11:45-12:00[,2026-07-28 10:45,1729.944,34473.924,19.928,16570.432,9.579,,,,,15869.12,9.173,1812.886,1.048,221.486,0.128
28/07/2026,2026-07-28,53,[12:00-12:15[,2026-07-28 11:00,1720.858,26085.008,15.158,16568.774,9.628,,,,,7409.8,4.306,1920.897,1.116,185.537,0.108
28/07/2026,2026-07-28,54,[12:15-12:30[,2026-07-28 11:15,1713.764,22949.015,13.391,16567.284,9.667,,,,,4547.5,2.654,1616.821,0.943,217.41,0.127
28/07/2026,2026-07-28,55,[12:30-12:45[,2026-07-28 11:30,1692.989,26060.602,15.393,16571.39,9.788,,,,,7420.08,4.383,1862.388,1.1,206.744,0.122
28/07/2026,2026-07-28,56,[12:45-13:00[,2026-07-28 11:45,1684.53,25982.176,15.424,16674.513,9.899,,,,,7252.3,4.305,1879.203,1.116,176.161,0.105
28/07/2026,2026-07-28,57,[13:00-13:15[,2026-07-28 12:00,1675.924,23148.366,13.812,16674.515,9.949,,,,,4380,2.613,1697.765,1.013,396.086,0.236
28/07/2026,2026-07-28,58,[13:15-13:30[,2026-07-28 12:15,1675.765,23003.181,13.727,16832.015,10.044,,,,,3912.5,2.335,1905.351,1.137,353.316,0.211
28/07/2026,2026-07-28,59,[13:30-13:45[,2026-07-28 12:30,1686.539,34406.795,20.401,16862.015,9.998,,,,,15042.12,8.919,1926.318,1.142,576.342,0.342
28/07/2026,2026-07-28,60,[13:45-14:00[,2026-07-28 12:45,1688.661,34092.244,20.189,16832.005,9.968,,,,,15046.5,8.91,1808.534,1.071,405.206,0.24
28/07/2026,2026-07-28,61,[14:00-14:15[,2026-07-28 13:00,1717.362,23148.948,13.479,16674.505,9.709,,,,,4242.5,2.47,1997.969,1.163,233.975,0.136
28/07/2026,2026-07-28,62,[14:15-14:30[,2026-07-28 13:15,1730.044,23127.287,13.368,16790.755,9.705,,,,,4085,2.361,2045.87,1.183,205.662,0.119
28/07/2026,2026-07-28,63,[14:30-14:45[,2026-07-28 13:30,1724.294,15390.771,8.926,16790.753,9.738,,,,,4093,2.374,1843.151,1.069,-7336.133,-4.255
28/07/2026,2026-07-28,64,[14:45-15:00[,2026-07-28 13:45,1729.482,19973.66,11.549,16790.753,9.709,,,,,4085,2.362,2101.838,1.215,-3003.93,-1.737
28/07/2026,2026-07-28,65,[15:00-15:15[,2026-07-28 14:00,1730.516,26255.07,15.172,16862.003,9.744,,,,,6790.84,3.924,2068.03,1.195,534.198,0.309
28/07/2026,2026-07-28,66,[15:15-15:30[,2026-07-28 14:15,1735.331,25472.543,14.679,16580.763,9.555,,,,,7269.96,4.189,2030.073,1.17,-408.254,-0.235
28/07/2026,2026-07-28,67,[15:30-15:45[,2026-07-28 14:30,1740.201,37069.894,21.302,15493.492,8.903,,,,,14319.71,8.229,2416.456,1.389,4840.237,2.781
28/07/2026,2026-07-28,68,[15:45-16:00[,2026-07-28 14:45,1729.111,22568.839,13.052,13415.054,7.758,,,,,11550.18,6.68,2060.341,1.192,-4456.737,-2.577
28/07/2026,2026-07-28,69,[16:00-16:15[,2026-07-28 15:00,1738.108,31130.112,17.91,11913.892,6.855,,,,,19705.4,11.337,2442.433,1.405,-2931.613,-1.687
28/07/2026,2026-07-28,70,[16:15-16:30[,2026-07-28 15:15,1751.77,12671.248,7.233,9849.797,5.623,,,661.987,0.378,9070,5.178,2432.404,1.389,-9342.94,-5.333
28/07/2026,2026-07-28,71,[16:30-16:45[,2026-07-28 15:30,1753.827,14538.625,8.29,8647.316,4.931,,,,,6695.6,3.818,2269.03,1.294,-3073.321,-1.752
28/07/2026,2026-07-28,72,[16:45-17:00[,2026-07-28 15:45,1767.382,14720.516,8.329,8249.151,4.667,,,,,5980.6,3.384,2459.019,1.391,-1968.254,-1.114
28/07/2026,2026-07-28,73,[17:00-17:15[,2026-07-28 16:00,1749.063,9422.41,5.387,7040.66,4.025,,,,,2054.2,1.174,2456.485,1.404,-2128.936,-1.217
28/07/2026,2026-07-28,74,[17:15-17:30[,2026-07-28 16:15,1751.274,6699.498,3.825,5441.572,3.107,,,,,1133.4,0.647,2469.536,1.41,-2345.01,-1.339
28/07/2026,2026-07-28,75,[17:30-17:45[,2026-07-28 16:30,1763.704,3939.334,2.234,4080.181,2.313,,,,,721,0.409,2462.343,1.396,-3324.19,-1.885
28/07/2026,2026-07-28,76,[17:45-18:00[,2026-07-28 16:45,1767.657,4564.074,2.582,3115.064,1.762,,,-376.148,-0.213,1044.8,0.591,2296.254,1.299,-1515.897,-0.858
28/07/2026,2026-07-28,77,[18:00-18:15[,2026-07-28 17:00,1780.811,8409.772,4.722,4148.316,2.329,,,-626.913,-0.352,728.8,0.409,2569.968,1.443,1589.601,0.893
28/07/2026,2026-07-28,78,[18:15-18:30[,2026-07-28 17:15,1798.591,1910.761,1.062,902.594,0.502,,,-621.25,-0.345,727.5,0.404,2379.746,1.323,-1477.829,-0.822
28/07/2026,2026-07-28,79,[18:30-18:45[,2026-07-28 17:30,1815.028,268.058,0.148,554.32,0.305,,,-621.25,-0.342,620,0.342,1591.11,0.877,-1876.122,-1.034
28/07/2026,2026-07-28,80,[18:45-19:00[,2026-07-28 17:45,1851.19,4123.722,2.228,352.314,0.19,,,-621.25,-0.336,2190.9,1.184,1673.418,0.904,528.34,0.285
28/07/2026,2026-07-28,81,[19:00-19:15[,2026-07-28 18:00,1878.449,12176.2,6.482,351.717,0.187,26676.313,14.201,-192,-0.102,1849.2,0.984,1701.292,0.906,-18210.322,-9.694
28/07/2026,2026-07-28,82,[19:15-19:30[,2026-07-28 18:15,1910.289,14058.923,7.36,351.717,0.184,26676.313,13.965,-215.625,-0.113,2355,1.233,1719.737,0.9,-16828.219,-8.809
28/07/2026,2026-07-28,83,[19:30-19:45[,2026-07-28 18:30,1932.252,5463.943,2.828,352.732,0.183,26676.313,13.806,-255.13,-0.132,2044.3,1.058,1644.67,0.851,-24998.94,-12.938
28/07/2026,2026-07-28,84,[19:45-20:00[,2026-07-28 18:45,1947.582,5251.317,2.696,354.3,0.182,26676.313,13.697,-255.13,-0.131,2769,1.422,1670.445,0.858,-25963.611,-13.331
28/07/2026,2026-07-28,85,[20:00-20:15[,2026-07-28 19:00,1948.218,8184.705,4.201,361.343,0.185,26676.313,13.693,,,2453.4,1.259,1655.136,0.85,-22961.486,-11.786
28/07/2026,2026-07-28,86,[20:15-20:30[,2026-07-28 19:15,1939.755,6237.695,3.216,397.1,0.205,26676.313,13.752,,,2159.3,1.113,1704.085,0.879,-24699.102,-12.733
28/07/2026,2026-07-28,87,[20:30-20:45[,2026-07-28 19:30,1926.669,13866.071,7.197,558.74,0.29,26676.313,13.846,,,3134.2,1.627,1619.69,0.841,-18122.872,-9.406
28/07/2026,2026-07-28,88,[20:45-21:00[,2026-07-28 19:45,1920.484,19323.227,10.062,1007.236,0.524,26676.313,13.89,,,3212,1.672,1628.569,0.848,-13200.891,-6.874
28/07/2026,2026-07-28,89,[21:00-21:15[,2026-07-28 20:00,1921.339,9263.094,4.821,1010.558,0.526,26676.313,13.884,,,2535.9,1.32,1589.216,0.827,-22548.893,-11.736
28/07/2026,2026-07-28,90,[21:15-21:30[,2026-07-28 20:15,1915.694,12935.328,6.752,1012.161,0.528,26676.313,13.925,,,2664.3,1.391,1567.385,0.818,-18984.831,-9.91
28/07/2026,2026-07-28,91,[21:30-21:45[,2026-07-28 20:30,1887.194,22156.961,11.741,1012.687,0.537,26676.313,14.135,,,4345.8,2.303,1635.434,0.867,-11513.273,-6.101
28/07/2026,2026-07-28,92,[21:45-22:00[,2026-07-28 20:45,1852.968,20222.763,10.914,1013.784,0.547,26676.313,14.397,,,3629.7,1.959,1667.374,0.9,-12764.408,-6.889
28/07/2026,2026-07-28,93,[22:00-22:15[,2026-07-28 21:00,1822.296,21090.127,11.573,1071.797,0.588,26676.313,14.639,,,3811,2.091,1738.009,0.954,-12206.991,-6.699
28/07/2026,2026-07-28,94,[22:15-22:30[,2026-07-28 21:15,1787.657,20861.337,11.67,1058.147,0.592,26676.313,14.923,,,3673.4,2.055,1720.501,0.962,-12267.023,-6.862
28/07/2026,2026-07-28,95,[22:30-22:45[,2026-07-28 21:30,1755.084,24512.939,13.967,1029.718,0.587,26676.313,15.199,,,3249,1.851,1743.87,0.994,-8185.961,-4.664
28/07/2026,2026-07-28,96,[22:45-23:00[,2026-07-28 21:45,1710.421,21578.37,12.616,995.229,0.582,26676.313,15.596,,,2802.6,1.639,1707.294,0.998,-10603.065,-6.199
29/07/2026,2026-07-29,1,[23:00-23:15[,2026-07-28 22:00,1671.332,4887.568,2.924,1944.985,1.164,,,,,1124.31,0.673,1687.409,1.01,130.864,0.078
29/07/2026,2026-07-29,2,[23:15-23:30[,2026-07-28 22:15,1631.002,5248.391,3.218,1963.985,1.204,,,,,1124.31,0.689,1801.555,1.105,358.541,0.22
29/07/2026,2026-07-29,3,[23:30-23:45[,2026-07-28 22:30,1595.599,5071.602,3.178,1993.448,1.249,,,,,1118.19,0.701,1843.273,1.155,116.692,0.073
29/07/2026,2026-07-29,4,[23:45-00:00[,2026-07-28 22:45,1557.62,5465.665,3.509,2026.998,1.301,,,,,1082.75,0.695,1844.243,1.184,511.675,0.328
29/07/2026,2026-07-29,5,[00:00-00:15[,2026-07-28 23:00,1529.481,5517.984,3.608,2041.335,1.335,,,,,934.18,0.611,1806.569,1.181,735.9,0.481
29/07/2026,2026-07-29,6,[00:15-00:30[,2026-07-28 23:15,1503.801,6432.549,4.278,2078.16,1.382,,,,,934.18,0.621,1798.563,1.196,1621.647,1.078
29/07/2026,2026-07-29,7,[00:30-00:45[,2026-07-28 23:30,1481.424,5656.709,3.818,2194.41,1.481,,,,,934.18,0.631,1824.501,1.232,703.618,0.475
29/07/2026,2026-07-29,8,[00:45-01:00[,2026-07-28 23:45,1457.089,4168.886,2.861,2233.16,1.533,,,,,934.18,0.641,1843.506,1.265,-841.961,-0.578
29/07/2026,2026-07-29,9,[01:00-01:15[,2026-07-29 00:00,1433.135,6157.31,4.296,1760.078,1.228,,,,,836.08,0.583,1842.667,1.286,1718.486,1.199
29/07/2026,2026-07-29,10,[01:15-01:30[,2026-07-29 00:15,1412.733,5249.39,3.716,1757.159,1.244,,,,,836.08,0.592,1801.136,1.275,855.016,0.605
29/07/2026,2026-07-29,11,[01:30-01:45[,2026-07-29 00:30,1393.474,6055.223,4.345,1950.388,1.4,,,,,836.08,0.6,1787.979,1.283,1480.776,1.063
29/07/2026,2026-07-29,12,[01:45-02:00[,2026-07-29 00:45,1372.109,3946.829,2.876,2193.66,1.599,,,,,836.08,0.609,1806.986,1.317,-889.897,-0.649
29/07/2026,2026-07-29,13,[02:00-02:15[,2026-07-29 01:00,1354.066,7093.626,5.239,2196.51,1.622,,,,,760.29,0.561,1826.619,1.349,2310.206,1.706
29/07/2026,2026-07-29,14,[02:15-02:30[,2026-07-29 01:15,1339.981,5404.632,4.033,2206.198,1.646,,,,,760.29,0.567,1832.856,1.368,605.289,0.452
29/07/2026,2026-07-29,15,[02:30-02:45[,2026-07-29 01:30,1330.542,4871.766,3.661,1797.658,1.351,,,,,760.29,0.571,1824.559,1.371,489.259,0.368
29/07/2026,2026-07-29,16,[02:45-03:00[,2026-07-29 01:45,1319.436,5293.345,4.012,2088.008,1.583,,,,,760.29,0.576,1760.892,1.335,684.155,0.519
29/07/2026,2026-07-29,17,[03:00-03:15[,2026-07-29 02:00,1316.173,4587.229,3.485,1830.578,1.391,,,,,755.22,0.574,1835.25,1.394,166.181,0.126
29/07/2026,2026-07-29,18,[03:15-03:30[,2026-07-29 02:15,1306.545,4884.046,3.738,1863.638,1.426,,,,,755.22,0.578,1841.221,1.409,423.967,0.324
29/07/2026,2026-07-29,19,[03:30-03:45[,2026-07-29 02:30,1298.988,5522.261,4.251,2204.048,1.697,,,,,755.22,0.581,1829.233,1.408,733.761,0.565
29/07/2026,2026-07-29,20,[03:45-04:00[,2026-07-29 02:45,1293.676,5360.3,4.143,2204.048,1.704,,,,,755.22,0.584,1792.012,1.385,609.02,0.471
29/07/2026,2026-07-29,21,[04:00-04:15[,2026-07-29 03:00,1290.233,6676.884,5.175,2204.048,1.708,,,,,767.05,0.595,1794.116,1.391,1911.671,1.482
29/07/2026,2026-07-29,22,[04:15-04:30[,2026-07-29 03:15,1299.409,5903.57,4.543,2194.36,1.689,,,,,767.05,0.59,2664.537,2.051,277.623,0.214
29/07/2026,2026-07-29,23,[04:30-04:45[,2026-07-29 03:30,1302.894,5976.876,4.587,2194.36,1.684,,,,,767.05,0.589,2791.041,2.142,224.425,0.172
29/07/2026,2026-07-29,24,[04:45-05:00[,2026-07-29 03:45,1302.549,6859.509,5.266,2194.36,1.685,,,,,767.05,0.589,2864.322,2.199,1033.777,0.794
29/07/2026,2026-07-29,25,[05:00-05:15[,2026-07-29 04:00,1308.052,4821.385,3.686,2038.135,1.558,,,,,768.74,0.588,2522.239,1.928,-507.729,-0.388
29/07/2026,2026-07-29,26,[05:15-05:30[,2026-07-29 04:15,1316.976,7398.249,5.618,2038.135,1.548,,,,,768.74,0.584,2887.103,2.192,1704.271,1.294
29/07/2026,2026-07-29,27,[05:30-05:45[,2026-07-29 04:30,1326.624,5499.38,4.145,2036.585,1.535,,,,,771.28,0.581,2896.451,2.183,-204.936,-0.154
29/07/2026,2026-07-29,28,[05:45-06:00[,2026-07-29 04:45,1331.534,7181.598,5.393,1997.46,1.5,,,,,817,0.614,2763.92,2.076,1603.218,1.204
29/07/2026,2026-07-29,29,[06:00-06:15[,2026-07-29 05:00,1372.464,4629.325,3.373,1202.732,0.876,,,,,1098.3,0.8,2803.739,2.043,-475.446,-0.346
29/07/2026,2026-07-29,30,[06:15-06:30[,2026-07-29 05:15,1375.623,4535.922,3.297,1202.732,0.874,,,,,1098.3,0.798,2706.321,1.967,-471.431,-0.343
29/07/2026,2026-07-29,31,[06:30-06:45[,2026-07-29 05:30,1395.667,6382.351,4.573,1236.418,0.886,,,,,1029.99,0.738,2878.556,2.062,1237.387,0.887
29/07/2026,2026-07-29,32,[06:45-07:00[,2026-07-29 05:45,1416.953,6595.787,4.655,1271.399,0.897,,,,,952.77,0.672,2885.228,2.036,1486.39,1.049
29/07/2026,2026-07-29,33,[07:00-07:15[,2026-07-29 06:00,1457.582,5965.891,4.093,1184.411,0.813,,,,,1215.65,0.834,2602.274,1.785,963.557,0.661
29/07/2026,2026-07-29,34,[07:15-07:30[,2026-07-29 06:15,1498.356,4861.69,3.245,1244.368,0.83,,,,,1206.35,0.805,2803.708,1.871,-392.735,-0.262
29/07/2026,2026-07-29,35,[07:30-07:45[,2026-07-29 06:30,1533.767,4341.389,2.831,1381.739,0.901,,,,,1360.3,0.887,2763.446,1.802,-1164.096,-0.759
29/07/2026,2026-07-29,36,[07:45-08:00[,2026-07-29 06:45,1570.126,7861.899,5.007,1668.31,1.063,,,,,1360.3,0.866,2727.397,1.737,2105.892,1.341
29/07/2026,2026-07-29,37,[08:00-08:15[,2026-07-29 07:00,1653.673,6265.903,3.789,3516.114,2.126,,,,,1225.56,0.741,2898.679,1.753,-1374.45,-0.831
29/07/2026,2026-07-29,38,[08:15-08:30[,2026-07-29 07:15,1694.881,8140.151,4.803,5433.039,3.206,,,,,996.34,0.588,2769.437,1.634,-1058.666,-0.625
29/07/2026,2026-07-29,39,[08:30-08:45[,2026-07-29 07:30,1729.054,12861.689,7.439,7216.233,4.174,,,,,1880.04,1.087,2840.955,1.643,924.461,0.535
29/07/2026,2026-07-29,40,[08:45-09:00[,2026-07-29 07:45,1754.094,15801.768,9.009,8256.505,4.707,,,,,3957.84,2.256,2848.775,1.624,738.648,0.421
29/07/2026,2026-07-29,41,[09:00-09:15[,2026-07-29 08:00,1777.606,17082.935,9.61,7205.182,4.053,,,,,2434.4,1.369,2751.438,1.548,4691.915,2.639
29/07/2026,2026-07-29,42,[09:15-09:30[,2026-07-29 08:15,1786.526,10975.86,6.144,7416.059,4.151,,,,,2613.73,1.463,2842.603,1.591,-1896.532,-1.062
29/07/2026,2026-07-29,43,[09:30-09:45[,2026-07-29 08:30,1782.914,14183.826,7.955,9543.586,5.353,,,,,3340.28,1.873,2883.274,1.617,-1583.314,-0.888
29/07/2026,2026-07-29,44,[09:45-10:00[,2026-07-29 08:45,1764.829,19773.393,11.204,10102.108,5.724,,,,,3885.67,2.202,2680.316,1.519,3105.299,1.76
29/07/2026,2026-07-29,45,[10:00-10:15[,2026-07-29 09:00,1746.736,18999.951,10.877,7228.635,4.138,,,,,2192.35,1.255,2814.896,1.612,6764.07,3.872
29/07/2026,2026-07-29,46,[10:15-10:30[,2026-07-29 09:15,1733.225,22371.157,12.907,8581.208,4.951,,,,,6381.59,3.682,2685.984,1.55,4722.375,2.725
29/07/2026,2026-07-29,47,[10:30-10:45[,2026-07-29 09:30,1722.022,28953.151,16.813,10082.137,5.855,,,,,8420.27,4.89,2765.65,1.606,7685.094,4.463
29/07/2026,2026-07-29,48,[10:45-11:00[,2026-07-29 09:45,1711.736,24134.121,14.099,10075.724,5.886,,,,,7822.08,4.57,2712.115,1.584,3524.202,2.059
29/07/2026,2026-07-29,49,[11:00-11:15[,2026-07-29 10:00,1701.356,45774.424,26.905,12820.767,7.536,,,,,12405,7.291,2524.744,1.484,18023.912,10.594
29/07/2026,2026-07-29,50,[11:15-11:30[,2026-07-29 10:15,1693.772,38810.705,22.914,14981.289,8.845,,,,,11530.39,6.808,2673.482,1.578,9625.545,5.683
29/07/2026,2026-07-29,51,[11:30-11:45[,2026-07-29 10:30,1684.287,50474.771,29.968,16954.6,10.066,,,,,14874.41,8.831,2641.027,1.568,16004.735,9.502
29/07/2026,2026-07-29,52,[11:45-12:00[,2026-07-29 10:45,1675.507,50248.021,29.99,16800.85,10.027,,,,,14931.98,8.912,2574.1,1.536,15941.091,9.514
29/07/2026,2026-07-29,53,[12:00-12:15[,2026-07-29 11:00,1660.432,36287.446,21.854,16800.85,10.118,,,,,10950.5,6.595,2701.413,1.627,5834.684,3.514
29/07/2026,2026-07-29,54,[12:15-12:30[,2026-07-29 11:15,1649.792,35108.925,21.281,16954.6,10.277,,,,,10496.76,6.362,2551.96,1.547,5105.605,3.095
29/07/2026,2026-07-29,55,[12:30-12:45[,2026-07-29 11:30,1630.222,34287.973,21.033,16954.717,10.4,,,,,10498.32,6.44,2640.672,1.62,4194.264,2.573
29/07/2026,2026-07-29,56,[12:45-13:00[,2026-07-29 11:45,1612.636,33241.106,20.613,16954.949,10.514,,,,,10498.32,6.51,2716.777,1.685,3071.06,1.904
29/07/2026,2026-07-29,57,[13:00-13:15[,2026-07-29 12:00,1595.297,36463.674,22.857,17111.507,10.726,,,,,10660.92,6.683,2676.749,1.678,6014.498,3.77
29/07/2026,2026-07-29,58,[13:15-13:30[,2026-07-29 12:15,1598.326,28048.682,17.549,17111.504,10.706,,,,,10660.92,6.67,2624.205,1.642,-2347.947,-1.469
29/07/2026,2026-07-29,59,[13:30-13:45[,2026-07-29 12:30,1598.905,28102.721,17.576,17137.752,10.718,,,,,10898.92,6.816,2289.975,1.432,-2223.925,-1.391
29/07/2026,2026-07-29,60,[13:45-14:00[,2026-07-29 12:45,1610.857,33174.686,20.594,17111.5,10.623,,,,,10876.8,6.752,2582.148,1.603,2604.238,1.617
29/07/2026,2026-07-29,61,[14:00-14:15[,2026-07-29 13:00,1629.102,28078.316,17.235,17111.5,10.504,,,,,10662.48,6.545,2608.938,1.601,-2304.602,-1.415
29/07/2026,2026-07-29,62,[14:15-14:30[,2026-07-29 13:15,1633.206,26702.753,16.35,17174.313,10.516,,,,,10715.18,6.561,2231.628,1.366,-3418.368,-2.093
29/07/2026,2026-07-29,63,[14:30-14:45[,2026-07-29 13:30,1646.334,40315.295,24.488,17111.503,10.394,,,,,10695.3,6.496,2665.028,1.619,9843.464,5.979
29/07/2026,2026-07-29,64,[14:45-15:00[,2026-07-29 13:45,1646.989,40408.54,24.535,16968.071,10.302,,,,,10577.12,6.422,2631.121,1.598,10232.228,6.213
29/07/2026,2026-07-29,65,[15:00-15:15[,2026-07-29 14:00,1651.798,31166.041,18.868,17058.077,10.327,,,,,11225.44,6.796,2478.051,1.5,404.474,0.245
29/07/2026,2026-07-29,66,[15:15-15:30[,2026-07-29 14:15,1661.141,30079.971,18.108,16796.163,10.111,,,,,11016.05,6.632,2370.686,1.427,-102.927,-0.062
29/07/2026,2026-07-29,67,[15:30-15:45[,2026-07-29 14:30,1662.966,27481.343,16.525,15218.855,9.152,,,,,10989.32,6.608,2225.594,1.338,-952.425,-0.573
29/07/2026,2026-07-29,68,[15:45-16:00[,2026-07-29 14:45,1675.188,22772.824,13.594,13078.529,7.807,,,,,9829.83,5.868,2425.635,1.448,-2561.17,-1.529
29/07/2026,2026-07-29,69,[16:00-16:15[,2026-07-29 15:00,1677.052,19413.427,11.576,11529.552,6.875,,,,,8537.75,5.091,2470.116,1.473,-3123.991,-1.863
29/07/2026,2026-07-29,70,[16:15-16:30[,2026-07-29 15:15,1693.371,15996.907,9.447,9970.577,5.888,,,,,6804.52,4.018,2326.435,1.374,-3104.625,-1.833
29/07/2026,2026-07-29,71,[16:30-16:45[,2026-07-29 15:30,1713.951,13311.99,7.767,9452.453,5.515,,,,,6072.6,3.543,2672.08,1.559,-4885.143,-2.85
29/07/2026,2026-07-29,72,[16:45-17:00[,2026-07-29 15:45,1728.976,10320.434,5.969,8699.232,5.031,,,,,5337.56,3.087,2715.71,1.571,-6432.067,-3.72
29/07/2026,2026-07-29,73,[17:00-17:15[,2026-07-29 16:00,1719.131,15149.559,8.812,8160.758,4.747,,,,,5612.56,3.265,2540.063,1.478,-1163.822,-0.677
29/07/2026,2026-07-29,74,[17:15-17:30[,2026-07-29 16:15,1734.442,15149.446,8.734,8151.326,4.7,,,,,5577.26,3.216,2637.358,1.521,-1216.498,-0.701
29/07/2026,2026-07-29,75,[17:30-17:45[,2026-07-29 16:30,1738.885,14244.54,8.192,7044.249,4.051,,,,,2641.38,1.519,2560.63,1.473,1998.282,1.149
29/07/2026,2026-07-29,76,[17:45-18:00[,2026-07-29 16:45,1747.59,9174.294,5.25,5915.333,3.385,,,,,1512.98,0.866,2655.835,1.52,-909.854,-0.521
29/07/2026,2026-07-29,77,[18:00-18:15[,2026-07-29 17:00,1757.391,11876.772,6.758,7354.809,4.185,,,,,2992.05,1.703,2607.969,1.484,-1078.056,-0.613
29/07/2026,2026-07-29,78,[18:15-18:30[,2026-07-29 17:15,1776.376,10108.099,5.69,6453.826,3.633,,,,,2437.56,1.372,2458.496,1.384,-1241.783,-0.699
29/07/2026,2026-07-29,79,[18:30-18:45[,2026-07-29 17:30,1821.944,7904.973,4.339,4363.731,2.395,,,,,2713.13,1.489,2643.815,1.451,-1815.702,-0.997
29/07/2026,2026-07-29,80,[18:45-19:00[,2026-07-29 17:45,1835.378,6618.688,3.606,1212.304,0.661,,,,,2348.16,1.279,2157.588,1.176,900.637,0.491
29/07/2026,2026-07-29,81,[19:00-19:15[,2026-07-29 18:00,1838.677,30337.951,16.5,1416.482,0.77,35849.734,19.498,,,1955.53,1.064,1627.706,0.885,-10511.501,-5.717
29/07/2026,2026-07-29,82,[19:15-19:30[,2026-07-29 18:15,1866.884,26379.939,14.13,1100.815,0.59,35849.734,19.203,,,1037.44,0.556,1735.802,0.93,-13343.851,-7.148
29/07/2026,2026-07-29,83,[19:30-19:45[,2026-07-29 18:30,1887.077,18703.807,9.912,428.489,0.227,35849.734,18.997,,,2318.52,1.229,1832.07,0.971,-21725.006,-11.513
29/07/2026,2026-07-29,84,[19:45-20:00[,2026-07-29 18:45,1901.13,20732.853,10.906,277.628,0.146,35849.734,18.857,,,1538.76,0.809,2016.954,1.061,-18950.224,-9.968
29/07/2026,2026-07-29,85,[20:00-20:15[,2026-07-29 19:00,1897.323,8365.563,4.409,293.668,0.155,35849.734,18.895,,,1973.48,1.04,1980.721,1.044,-31732.04,-16.725
29/07/2026,2026-07-29,86,[20:15-20:30[,2026-07-29 19:15,1886.354,16129.999,8.551,308.509,0.164,35849.734,19.005,,,2326.33,1.233,2085.556,1.106,-24440.131,-12.956
29/07/2026,2026-07-29,87,[20:30-20:45[,2026-07-29 19:30,1874.942,21026.391,11.214,412.944,0.22,35849.734,19.12,,,1755.36,0.936,2103.532,1.122,-19095.179,-10.184
29/07/2026,2026-07-29,88,[20:45-21:00[,2026-07-29 19:45,1874.093,22893.366,12.216,1285.976,0.686,35849.734,19.129,,,3251.12,1.735,2078.16,1.109,-19571.624,-10.443
29/07/2026,2026-07-29,89,[21:00-21:15[,2026-07-29 20:00,1885.16,16465.616,8.734,1292.225,0.685,35849.734,19.017,,,3760,1.995,2076.102,1.101,-26512.445,-14.064
29/07/2026,2026-07-29,90,[21:15-21:30[,2026-07-29 20:15,1876.937,19680.825,10.486,1293.673,0.689,35849.734,19.1,,,2726.15,1.452,2162.788,1.152,-22351.519,-11.909
29/07/2026,2026-07-29,91,[21:30-21:45[,2026-07-29 20:30,1862.971,19328.998,10.375,1451.385,0.779,35849.734,19.243,,,3372.8,1.81,2144.041,1.151,-23488.963,-12.608
29/07/2026,2026-07-29,92,[21:45-22:00[,2026-07-29 20:45,1827.434,29089.581,15.918,2007.648,1.099,35849.734,19.618,,,2268.81,1.242,2142.382,1.172,-13178.993,-7.212
29/07/2026,2026-07-29,93,[22:00-22:15[,2026-07-29 21:00,1796.228,24760.432,13.785,2099.873,1.169,35849.734,19.958,,,2677.92,1.491,2049.226,1.141,-17916.321,-9.974
29/07/2026,2026-07-29,94,[22:15-22:30[,2026-07-29 21:15,1774.129,25652.793,14.459,2157.61,1.216,35849.734,20.207,,,2550.24,1.437,1973.308,1.112,-16878.099,-9.513
29/07/2026,2026-07-29,95,[22:30-22:45[,2026-07-29 21:30,1742.397,31178.844,17.894,2157.61,1.238,35849.734,20.575,,,2550.24,1.464,2027.656,1.164,-11406.397,-6.546
29/07/2026,2026-07-29,96,[22:45-23:00[,2026-07-29 21:45,1706.407,26612.927,15.596,2180.473,1.278,35849.734,21.009,,,2503.2,1.467,2048.541,1.2,-15969.021,-9.358
30/07/2026,2026-07-30,1,[23:00-23:15[,2026-07-29 22:00,1647.771,15264.937,9.264,231.989,0.141,22080.478,13.4,,,2231.67,1.354,1952.903,1.185,-11232.103,-6.817
30/07/2026,2026-07-30,2,[23:15-23:30[,2026-07-29 22:15,1612.975,13249.006,8.214,231.989,0.144,14535.165,9.011,,,2273.61,1.41,1995.166,1.237,-5786.924,-3.588
30/07/2026,2026-07-30,3,[23:30-23:45[,2026-07-29 22:30,1578.665,8796.239,5.572,231.989,0.147,4742.102,3.004,,,2303.31,1.459,1965.198,1.245,-446.359,-0.283
30/07/2026,2026-07-30,4,[23:45-00:00[,2026-07-29 22:45,1543.528,4851.528,3.143,231.989,0.15,,,,,2354.74,1.526,1888.609,1.224,376.19,0.244
30/07/2026,2026-07-30,5,[00:00-00:15[,2026-07-29 23:00,1512.339,4573.461,3.024,231.989,0.153,,,,,2979.55,1.97,1883.156,1.245,-521.234,-0.345
30/07/2026,2026-07-30,6,[00:15-00:30[,2026-07-29 23:15,1487.749,4126.247,2.773,231.989,0.156,,,,,3168.55,2.13,1979.47,1.331,-1253.762,-0.843
30/07/2026,2026-07-30,7,[00:30-00:45[,2026-07-29 23:30,1457.733,4274.299,2.932,231.989,0.159,,,,,3411.1,2.34,1853.937,1.272,-1222.727,-0.839
30/07/2026,2026-07-30,8,[00:45-01:00[,2026-07-29 23:45,1435.303,5253.648,3.66,281.589,0.196,,,,,3596.74,2.506,1878.369,1.309,-503.049,-0.35
30/07/2026,2026-07-30,9,[01:00-01:15[,2026-07-30 00:00,1416.153,3709.663,2.62,231.989,0.164,,,,,2138.25,1.51,1965.276,1.388,-625.851,-0.442
30/07/2026,2026-07-30,10,[01:15-01:30[,2026-07-30 00:15,1396.035,3643.543,2.61,231.989,0.166,,,,,2195.25,1.572,1972.777,1.413,-756.472,-0.542
30/07/2026,2026-07-30,11,[01:30-01:45[,2026-07-30 00:30,1374.162,4255.013,3.096,231.989,0.169,,,,,2398.26,1.745,1960.422,1.427,-335.658,-0.244
30/07/2026,2026-07-30,12,[01:45-02:00[,2026-07-30 00:45,1356.935,4282.113,3.156,231.983,0.171,,,,,2427.96,1.789,1942.52,1.432,-320.35,-0.236
30/07/2026,2026-07-30,13,[02:00-02:15[,2026-07-30 01:00,1345.677,3605.612,2.679,231.983,0.172,,,,,2106.51,1.565,2000.39,1.487,-733.272,-0.545
30/07/2026,2026-07-30,14,[02:15-02:30[,2026-07-30 01:15,1331.002,4047.06,3.041,231.983,0.174,,,,,2106.51,1.583,1994.724,1.499,-286.158,-0.215
30/07/2026,2026-07-30,15,[02:30-02:45[,2026-07-30 01:30,1320.673,4771.642,3.613,231.983,0.176,,,,,2228.91,1.688,1938.077,1.467,372.672,0.282
30/07/2026,2026-07-30,16,[02:45-03:00[,2026-07-30 01:45,1307.443,3139.578,2.401,231.983,0.177,,,,,2139.15,1.636,1864.385,1.426,-1095.939,-0.838
30/07/2026,2026-07-30,17,[03:00-03:15[,2026-07-30 02:00,1304.258,4576.588,3.509,231.983,0.178,,,,,2288.75,1.755,1984.627,1.522,71.228,0.055
30/07/2026,2026-07-30,18,[03:15-03:30[,2026-07-30 02:15,1294.283,4781.202,3.694,231.983,0.179,,,,,2288.75,1.768,1924.067,1.487,336.402,0.26
30/07/2026,2026-07-30,19,[03:30-03:45[,2026-07-30 02:30,1283.628,5542.269,4.318,231.983,0.181,,,,,2154.75,1.679,1853.829,1.444,1301.707,1.014
30/07/2026,2026-07-30,20,[03:45-04:00[,2026-07-30 02:45,1275.147,4584.716,3.595,231.983,0.182,,,,,2011.75,1.578,1977.525,1.551,363.458,0.285
30/07/2026,2026-07-30,21,[04:00-04:15[,2026-07-30 03:00,1276.332,3367.476,2.638,231.983,0.182,,,,,2079.31,1.629,2050.328,1.606,-994.145,-0.779
30/07/2026,2026-07-30,22,[04:15-04:30[,2026-07-30 03:15,1271.751,4467.504,3.513,231.983,0.182,,,,,2079.31,1.635,1947.014,1.531,209.197,0.164
30/07/2026,2026-07-30,23,[04:30-04:45[,2026-07-30 03:30,1285.438,5266.618,4.097,231.983,0.18,,,,,2008.59,1.563,2842.949,2.212,183.097,0.142
30/07/2026,2026-07-30,24,[04:45-05:00[,2026-07-30 03:45,1283.189,6724.839,5.241,231.983,0.181,,,,,1983.45,1.546,2967.231,2.312,1542.175,1.202
30/07/2026,2026-07-30,25,[05:00-05:15[,2026-07-30 04:00,1299.252,4280.724,3.295,231.983,0.179,,,,,1885.02,1.451,3085.095,2.375,-921.374,-0.709
30/07/2026,2026-07-30,26,[05:15-05:30[,2026-07-30 04:15,1302.917,4128.189,3.168,231.983,0.178,,,,,1896.54,1.456,2789.287,2.141,-789.621,-0.606
30/07/2026,2026-07-30,27,[05:30-05:45[,2026-07-30 04:30,1317.442,5630.918,4.274,231.983,0.176,,,,,1780.85,1.352,3109.602,2.36,508.483,0.386
30/07/2026,2026-07-30,28,[05:45-06:00[,2026-07-30 04:45,1328.389,6273.249,4.722,231.983,0.175,,,,,1715.3,1.291,3070.054,2.311,1255.912,0.945
30/07/2026,2026-07-30,29,[06:00-06:15[,2026-07-30 05:00,1354.782,4934.37,3.642,231.048,0.171,,,,,1916.37,1.415,2955.873,2.182,-168.92,-0.125
30/07/2026,2026-07-30,30,[06:15-06:30[,2026-07-30 05:15,1373.167,4990.648,3.634,231.048,0.168,,,,,1916.37,1.396,3109.964,2.265,-266.735,-0.194
30/07/2026,2026-07-30,31,[06:30-06:45[,2026-07-30 05:30,1382.552,4860.142,3.515,231.048,0.167,,,,,1651.59,1.195,3046.712,2.204,-69.208,-0.05
30/07/2026,2026-07-30,32,[06:45-07:00[,2026-07-30 05:45,1402.892,6141.454,4.378,231.048,0.165,,,,,2015.19,1.436,3085.157,2.199,810.059,0.577
30/07/2026,2026-07-30,33,[07:00-07:15[,2026-07-30 06:00,1451.992,3212.705,2.213,231.048,0.159,,,,,2312.09,1.592,3066.713,2.112,-2397.146,-1.651
30/07/2026,2026-07-30,34,[07:15-07:30[,2026-07-30 06:15,1479.456,3673.657,2.483,231.048,0.156,,,,,2027.85,1.371,2976.482,2.012,-1561.722,-1.056
30/07/2026,2026-07-30,35,[07:30-07:45[,2026-07-30 06:30,1516.842,6928.004,4.567,231.048,0.152,,,,,2857.05,1.884,3111.415,2.051,728.491,0.48
30/07/2026,2026-07-30,36,[07:45-08:00[,2026-07-30 06:45,1538.872,11871.427,7.714,2425.448,1.576,,,,,2695.12,1.751,3111.748,2.022,3639.111,2.365
30/07/2026,2026-07-30,37,[08:00-08:15[,2026-07-30 07:00,1592.948,3427.261,2.152,231.048,0.145,,,,,2215.02,1.391,2879.601,1.808,-1898.408,-1.192
30/07/2026,2026-07-30,38,[08:15-08:30[,2026-07-30 07:15,1641.196,6704.673,4.085,3893.073,2.372,,,1226.021,0.747,2015.78,1.228,3061.232,1.865,-3491.434,-2.127
30/07/2026,2026-07-30,39,[08:30-08:45[,2026-07-30 07:30,1664.785,11747.092,7.056,4109.593,2.469,,,,,5406.12,3.247,2869.891,1.724,-638.512,-0.384
30/07/2026,2026-07-30,40,[08:45-09:00[,2026-07-30 07:45,1676.874,11400.344,6.799,4104.338,2.448,,,,,5428.98,3.238,3080.827,1.837,-1213.801,-0.724
30/07/2026,2026-07-30,41,[09:00-09:15[,2026-07-30 08:00,1701,12128.607,7.13,4116.988,2.42,,,,,6056.68,3.561,3087.987,1.815,-1133.048,-0.666
30/07/2026,2026-07-30,42,[09:15-09:30[,2026-07-30 08:15,1694.457,12266.811,7.239,4121.891,2.433,,,,,6081.84,3.589,2845.249,1.679,-782.168,-0.462
30/07/2026,2026-07-30,43,[09:30-09:45[,2026-07-30 08:30,1714.98,13267.973,7.737,4365.518,2.546,,,,,6513.17,3.798,4218.501,2.46,-1829.216,-1.067
30/07/2026,2026-07-30,44,[09:45-10:00[,2026-07-30 08:45,1695.786,37246.701,21.964,6269.517,3.697,,,,,9123.99,5.38,4074.658,2.403,17778.536,10.484
30/07/2026,2026-07-30,45,[10:00-10:15[,2026-07-30 09:00,1669.833,76024.65,45.528,11003.054,6.589,,,,,21926.24,13.131,4096.075,2.453,38999.281,23.355
30/07/2026,2026-07-30,46,[10:15-10:30[,2026-07-30 09:15,1663.487,70129.613,42.158,12979.789,7.803,,,,,24175.6,14.533,3595.908,2.162,29378.316,17.661
30/07/2026,2026-07-30,47,[10:30-10:45[,2026-07-30 09:30,1657.5,57199.487,34.509,13344.816,8.051,,,,,21375.52,12.896,3272.071,1.974,19207.08,11.588
30/07/2026,2026-07-30,48,[10:45-11:00[,2026-07-30 09:45,1650.903,54499.621,33.012,14594.744,8.84,,,,,17634.84,10.682,3158.043,1.913,19111.993,11.577
30/07/2026,2026-07-30,49,[11:00-11:15[,2026-07-30 10:00,1656.24,56458.795,34.089,13761.332,8.309,,,,,24737.3,14.936,3193.926,1.928,14766.236,8.916
30/07/2026,2026-07-30,50,[11:15-11:30[,2026-07-30 10:15,1667.156,54119.058,32.462,14712.168,8.825,,,,,22855.62,13.709,3951.965,2.37,12599.305,7.557
30/07/2026,2026-07-30,51,[11:30-11:45[,2026-07-30 10:30,1671.741,63770.918,38.146,14704.249,8.796,,,,,17984.8,10.758,4088.816,2.446,26993.053,16.147
30/07/2026,2026-07-30,52,[11:45-12:00[,2026-07-30 10:45,1657.2,62506.094,37.718,15366.066,9.272,,,,,17312.16,10.447,3872.568,2.337,25955.301,15.662
30/07/2026,2026-07-30,53,[12:00-12:15[,2026-07-30 11:00,1637.638,38905.821,23.757,15536.988,9.487,2131.394,1.302,,,5986.72,3.656,3983.055,2.432,11267.666,6.88
30/07/2026,2026-07-30,54,[12:15-12:30[,2026-07-30 11:15,1632.677,35966.529,22.029,15865.44,9.717,2602.724,1.594,,,4737.6,2.902,4029.912,2.468,8730.853,5.348
30/07/2026,2026-07-30,55,[12:30-12:45[,2026-07-30 11:30,1601.068,37015.24,23.119,15912.713,9.939,2775.61,1.734,,,4758.24,2.972,3890.194,2.43,9678.484,6.045
30/07/2026,2026-07-30,56,[12:45-13:00[,2026-07-30 11:45,1590.644,74584.542,46.89,16004.66,10.062,8117.35,5.103,,,4765.12,2.996,4031.147,2.534,41666.265,26.195
30/07/2026,2026-07-30,57,[13:00-13:15[,2026-07-30 12:00,1591.271,47031.792,29.556,14532.472,9.133,9253.714,5.815,,,14976.88,9.412,4100.337,2.577,4168.389,2.62
30/07/2026,2026-07-30,58,[13:15-13:30[,2026-07-30 12:15,1583.784,44196.881,27.906,14530.677,9.175,9253.714,5.843,,,14976.88,9.456,3926.669,2.479,1508.941,0.953
30/07/2026,2026-07-30,59,[13:30-13:45[,2026-07-30 12:30,1581.686,42858.444,27.097,14619.992,9.243,9253.714,5.851,,,14447.08,9.134,3464.378,2.19,1073.28,0.679
30/07/2026,2026-07-30,60,[13:45-14:00[,2026-07-30 12:45,1598.022,42036.077,26.305,15332.769,9.595,9253.714,5.791,,,9989.25,6.251,3971.44,2.485,3488.905,2.183
30/07/2026,2026-07-30,61,[14:00-14:15[,2026-07-30 13:00,1611.657,41192.306,25.559,15028.699,9.325,9253.714,5.742,,,11351.89,7.044,3514.954,2.181,2043.049,1.268
30/07/2026,2026-07-30,62,[14:15-14:30[,2026-07-30 13:15,1614.716,45103.565,27.933,14088.193,8.725,9253.714,5.731,,,14931.64,9.247,3080.684,1.908,3749.334,2.322
30/07/2026,2026-07-30,63,[14:30-14:45[,2026-07-30 13:30,1615.555,46088.708,28.528,13512.63,8.364,9253.714,5.728,,,14679.32,9.086,2969.53,1.838,5673.514,3.512
30/07/2026,2026-07-30,64,[14:45-15:00[,2026-07-30 13:45,1635.308,42330.169,25.885,12975.332,7.934,9253.714,5.659,,,14506.54,8.871,4081.083,2.496,1513.5,0.926
30/07/2026,2026-07-30,65,[15:00-15:15[,2026-07-30 14:00,1611.208,46915.236,29.118,12084.274,7.5,9253.714,5.743,,,22353.24,13.874,2934.458,1.821,289.55,0.18
30/07/2026,2026-07-30,66,[15:15-15:30[,2026-07-30 14:15,1624.175,39187.887,24.128,9471.844,5.832,9253.714,5.697,,,20088.4,12.368,2879.986,1.773,-2506.056,-1.543
30/07/2026,2026-07-30,67,[15:30-15:45[,2026-07-30 14:30,1626.11,36676.148,22.555,9116.761,5.606,9253.714,5.691,,,19708.64,12.12,2691.11,1.655,-4094.076,-2.518
30/07/2026,2026-07-30,68,[15:45-16:00[,2026-07-30 14:45,1616.512,38749.758,23.971,8777.083,5.43,9253.714,5.724,,,19315.78,11.949,1866.101,1.154,-462.92,-0.286
30/07/2026,2026-07-30,69,[16:00-16:15[,2026-07-30 15:00,1631.492,33931.392,20.798,8304.598,5.09,9253.714,5.672,,,17178.58,10.529,1797.476,1.102,-2602.975,-1.595
30/07/2026,2026-07-30,70,[16:15-16:30[,2026-07-30 15:15,1641.277,31247.866,19.039,7327.75,4.465,9253.714,5.638,,,14130.5,8.609,1670.709,1.018,-1134.807,-0.691
30/07/2026,2026-07-30,71,[16:30-16:45[,2026-07-30 15:30,1657.765,29888.662,18.029,7197.462,4.342,9253.714,5.582,,,13959.99,8.421,1759.856,1.062,-2282.36,-1.377
30/07/2026,2026-07-30,72,[16:45-17:00[,2026-07-30 15:45,1671.942,26476.066,15.836,6077.177,3.635,9253.714,5.535,,,8860.8,5.3,1805.588,1.08,478.787,0.286
30/07/2026,2026-07-30,73,[17:00-17:15[,2026-07-30 16:00,1661.131,26556.665,15.987,6194.659,3.729,9253.714,5.571,,,10296.8,6.199,1843.901,1.11,-1032.408,-0.622
30/07/2026,2026-07-30,74,[17:15-17:30[,2026-07-30 16:15,1667.228,20728.98,12.433,4445.766,2.667,9253.714,5.55,,,8605.6,5.162,1868.486,1.121,-3444.586,-2.066
30/07/2026,2026-07-30,75,[17:30-17:45[,2026-07-30 16:30,1694.147,18762.646,11.075,3996.704,2.359,9253.714,5.462,,,3300,1.948,2894.305,1.708,-682.076,-0.403
30/07/2026,2026-07-30,76,[17:45-18:00[,2026-07-30 16:45,1710.24,11924.301,6.972,2884.829,1.687,9253.714,5.411,,,3400,1.988,3193.394,1.867,-6807.635,-3.981
30/07/2026,2026-07-30,77,[18:00-18:15[,2026-07-30 17:00,1707.101,12034.811,7.05,3953.579,2.316,9253.714,5.421,,,2754.5,1.614,3149.273,1.845,-7076.255,-4.145
30/07/2026,2026-07-30,78,[18:15-18:30[,2026-07-30 17:15,1711.493,4935.411,2.884,621.623,0.363,9253.714,5.407,,,3380.55,1.975,2158.507,1.261,-10478.982,-6.123
30/07/2026,2026-07-30,79,[18:30-18:45[,2026-07-30 17:30,1764.032,6858.273,3.888,231.054,0.131,9253.714,5.246,,,3374.39,1.913,3250.795,1.843,-9251.679,-5.245
30/07/2026,2026-07-30,80,[18:45-19:00[,2026-07-30 17:45,1793.428,3358.646,1.873,231.054,0.129,9253.714,5.16,,,2497.74,1.393,3250.959,1.813,-11874.82,-6.621
30/07/2026,2026-07-30,81,[19:00-19:15[,2026-07-30 18:00,1811.821,9043.168,4.991,730.079,0.403,9253.714,5.107,,,2116.15,1.168,2435.671,1.344,-5492.445,-3.031
30/07/2026,2026-07-30,82,[19:15-19:30[,2026-07-30 18:15,1833.418,1012.911,0.552,231.054,0.126,9253.714,5.047,,,2081.44,1.135,2038.921,1.112,-12592.217,-6.868
30/07/2026,2026-07-30,83,[19:30-19:45[,2026-07-30 18:30,1866.039,127.294,0.068,231.054,0.124,9253.714,4.959,,,1983.76,1.063,2125.01,1.139,-13466.243,-7.216
30/07/2026,2026-07-30,84,[19:45-20:00[,2026-07-30 18:45,1880.23,3689.701,1.962,231.054,0.123,9253.714,4.922,,,2562.83,1.363,2118.074,1.126,-10475.97,-5.572
30/07/2026,2026-07-30,85,[20:00-20:15[,2026-07-30 19:00,1876.859,7813.115,4.163,231.054,0.123,9253.714,4.93,-176.328,-0.094,2178.32,1.161,2131.126,1.135,-5804.771,-3.093
30/07/2026,2026-07-30,86,[20:15-20:30[,2026-07-30 19:15,1866.898,6316.626,3.383,231.054,0.124,9253.714,4.957,,,2442.64,1.308,2126.131,1.139,-7736.912,-4.144
30/07/2026,2026-07-30,87,[20:30-20:45[,2026-07-30 19:30,1856.336,7781.698,4.192,231.054,0.124,9253.714,4.985,,,3086.78,1.663,2016.086,1.086,-6805.935,-3.666
30/07/2026,2026-07-30,88,[20:45-21:00[,2026-07-30 19:45,1864.093,7196.794,3.861,231.989,0.124,9253.714,4.964,,,2577.53,1.383,2077.59,1.115,-6944.029,-3.725
30/07/2026,2026-07-30,89,[21:00-21:15[,2026-07-30 20:00,1875.662,1333.605,0.711,231.989,0.124,9253.714,4.934,,,2877.14,1.534,2025.607,1.08,-13054.843,-6.96
30/07/2026,2026-07-30,90,[21:15-21:30[,2026-07-30 20:15,1862.715,7814.805,4.195,231.989,0.125,9253.714,4.968,,,2349.26,1.261,2028.324,1.089,-6048.481,-3.247
30/07/2026,2026-07-30,91,[21:30-21:45[,2026-07-30 20:30,1836.579,11339.252,6.174,231.989,0.126,9253.714,5.039,,,3294.37,1.794,1998.89,1.088,-3439.71,-1.873
30/07/2026,2026-07-30,92,[21:45-22:00[,2026-07-30 20:45,1808.152,7605.085,4.206,231.989,0.128,9253.714,5.118,,,2425.83,1.342,2023.771,1.119,-6330.218,-3.501
30/07/2026,2026-07-30,93,[22:00-22:15[,2026-07-30 21:00,1779.996,8877.87,4.988,231.989,0.13,3754.864,2.109,,,2732.8,1.535,2054.302,1.154,103.917,0.058
30/07/2026,2026-07-30,94,[22:15-22:30[,2026-07-30 21:15,1752.36,4938.912,2.818,231.994,0.132,2618.5,1.494,,,2755.2,1.572,2054.299,1.172,-2721.081,-1.553
30/07/2026,2026-07-30,95,[22:30-22:45[,2026-07-30 21:30,1720.664,4811.739,2.796,231.994,0.135,2618.5,1.522,,,2714.88,1.578,2054.295,1.194,-2807.93,-1.632
30/07/2026,2026-07-30,96,[22:45-23:00[,2026-07-30 21:45,1676.944,3893.403,2.322,231.994,0.138,2618.5,1.561,,,2812.8,1.677,1967.996,1.174,-3737.886,-2.229
31/07/2026,2026-07-31,1,[23:00-23:15[,2026-07-30 22:00,1641.007,6742.321,4.109,688.363,0.419,,,,,2196.39,1.338,2054.451,1.252,1803.118,1.099
31/07/2026,2026-07-31,2,[23:15-23:30[,2026-07-30 22:15,1603.812,5297.389,3.303,688.363,0.429,,,,,2239.68,1.396,2054.772,1.281,314.575,0.196
31/07/2026,2026-07-31,3,[23:30-23:45[,2026-07-30 22:30,1567.146,3804.17,2.427,688.363,0.439,,,,,2239.68,1.429,2051.539,1.309,-1175.411,-0.75
31/07/2026,2026-07-31,4,[23:45-00:00[,2026-07-30 22:45,1531.016,6039.645,3.945,688.363,0.45,,,,,2269.36,1.482,2052.829,1.341,1029.093,0.672
31/07/2026,2026-07-31,5,[00:00-00:15[,2026-07-30 23:00,1504.607,4773.87,3.173,688.363,0.458,,,,,1604.46,1.066,2014.514,1.339,466.533,0.31
31/07/2026,2026-07-31,6,[00:15-00:30[,2026-07-30 23:15,1482.749,4455.798,3.005,688.363,0.464,,,,,1604.46,1.082,2051.69,1.384,111.285,0.075
31/07/2026,2026-07-31,7,[00:30-00:45[,2026-07-30 23:30,1455.983,4956.014,3.404,696.5,0.478,,,,,1788.7,1.229,2052.007,1.409,418.807,0.288
31/07/2026,2026-07-31,8,[00:45-01:00[,2026-07-30 23:45,1432.891,5567.498,3.885,696.5,0.486,,,,,1788.7,1.248,2051.515,1.432,1030.783,0.719
31/07/2026,2026-07-31,9,[01:00-01:15[,2026-07-31 00:00,1409.208,4812.76,3.415,697.59,0.495,,,,,1457.3,1.034,1977.878,1.404,679.992,0.483
31/07/2026,2026-07-31,10,[01:15-01:30[,2026-07-31 00:15,1392.44,4508.757,3.238,726.653,0.522,,,,,1506.32,1.082,2007.886,1.442,267.899,0.192
31/07/2026,2026-07-31,11,[01:30-01:45[,2026-07-31 00:30,1373.802,3881.568,2.825,813.84,0.592,,,,,1570.82,1.143,2039.023,1.484,-542.114,-0.395
31/07/2026,2026-07-31,12,[01:45-02:00[,2026-07-31 00:45,1359.252,3376.416,2.484,837.478,0.616,,,,,1560.5,1.148,2038.595,1.5,-1060.156,-0.78
31/07/2026,2026-07-31,13,[02:00-02:15[,2026-07-31 01:00,1345.957,1607.373,1.194,813.84,0.605,,,,,1227.5,0.912,2024.89,1.504,-2458.857,-1.827
31/07/2026,2026-07-31,14,[02:15-02:30[,2026-07-31 01:15,1331.706,3283.993,2.466,837.478,0.629,,,,,1227.5,0.922,2038.561,1.531,-819.545,-0.615
31/07/2026,2026-07-31,15,[02:30-02:45[,2026-07-31 01:30,1319.119,1977.199,1.499,837.478,0.635,,,,,1227.5,0.931,2037.861,1.545,-2125.639,-1.611
31/07/2026,2026-07-31,16,[02:45-03:00[,2026-07-31 01:45,1308.53,5117.863,3.911,837.478,0.64,,,,,1227.5,0.938,2036.888,1.557,1015.998,0.776
31/07/2026,2026-07-31,17,[03:00-03:15[,2026-07-31 02:00,1302.33,4590.693,3.525,837.478,0.643,,,,,1616.5,1.241,1973.956,1.516,162.759,0.125
31/07/2026,2026-07-31,18,[03:15-03:30[,2026-07-31 02:15,1292.538,4807.168,3.719,849.203,0.657,,,,,1616.5,1.251,1947.989,1.507,393.477,0.304
31/07/2026,2026-07-31,19,[03:30-03:45[,2026-07-31 02:30,1283.618,5226.614,4.072,852.243,0.664,,,,,1616.5,1.259,1928.753,1.503,829.118,0.646
31/07/2026,2026-07-31,20,[03:45-04:00[,2026-07-31 02:45,1275.345,5138.327,4.029,838.568,0.658,,,,,1616.5,1.268,1862.157,1.46,821.103,0.644
31/07/2026,2026-07-31,21,[04:00-04:15[,2026-07-31 03:00,1271.15,5180.275,4.075,948.43,0.746,,,,,1942.5,1.528,1825.106,1.436,464.238,0.365
31/07/2026,2026-07-31,22,[04:15-04:30[,2026-07-31 03:15,1269.454,5275.342,4.156,877.68,0.691,,,,,1942.5,1.53,1899.216,1.496,555.946,0.438
31/07/2026,2026-07-31,23,[04:30-04:45[,2026-07-31 03:30,1269.035,6645.435,5.237,918.653,0.724,,,,,1942.5,1.531,1948.546,1.535,1835.736,1.447
31/07/2026,2026-07-31,24,[04:45-05:00[,2026-07-31 03:45,1269.474,4713.297,3.713,947.34,0.746,,,,,1942.5,1.53,2009.967,1.583,-186.51,-0.147
31/07/2026,2026-07-31,25,[05:00-05:15[,2026-07-31 04:00,1282.982,2715.397,2.116,827.24,0.645,,,,,1991.5,1.552,2030.026,1.582,-2133.369,-1.663
31/07/2026,2026-07-31,26,[05:15-05:30[,2026-07-31 04:15,1286.678,5270.403,4.096,734.867,0.571,,,,,1991.5,1.548,2007.74,1.56,536.297,0.417
31/07/2026,2026-07-31,27,[05:30-05:45[,2026-07-31 04:30,1292.578,4106.309,3.177,618.617,0.479,,,,,1779.4,1.377,2025.85,1.567,-317.557,-0.246
31/07/2026,2026-07-31,28,[05:45-06:00[,2026-07-31 04:45,1303.174,4162.946,3.194,610.479,0.468,,,,,1522.56,1.168,2051.465,1.574,-21.558,-0.017
31/07/2026,2026-07-31,29,[06:00-06:15[,2026-07-31 05:00,1336.474,3605.543,2.698,299.498,0.224,,,,,1679.38,1.257,2052.476,1.536,-425.81,-0.319
31/07/2026,2026-07-31,30,[06:15-06:30[,2026-07-31 05:15,1347.336,4190.912,3.111,299.498,0.222,,,,,1608.5,1.194,1966.332,1.459,316.582,0.235
31/07/2026,2026-07-31,31,[06:30-06:45[,2026-07-31 05:30,1355.71,4778.638,3.525,216.55,0.16,,,,,1646.82,1.215,2004.764,1.479,910.504,0.672
31/07/2026,2026-07-31,32,[06:45-07:00[,2026-07-31 05:45,1376.455,3593.833,2.611,213.692,0.155,,,,,1747.9,1.27,2017.55,1.466,-385.309,-0.28
31/07/2026,2026-07-31,33,[07:00-07:15[,2026-07-31 06:00,1424.898,6921.003,4.857,207.16,0.145,,,,,1927.62,1.353,1988.789,1.396,2797.434,1.963
31/07/2026,2026-07-31,34,[07:15-07:30[,2026-07-31 06:15,1455.467,2480.703,1.704,197.771,0.136,,,,,2007,1.379,1990.622,1.368,-1714.69,-1.178
31/07/2026,2026-07-31,35,[07:30-07:45[,2026-07-31 06:30,1476.702,4372.587,2.961,388.719,0.263,,,,,2682.66,1.817,1902.587,1.288,-601.379,-0.407
31/07/2026,2026-07-31,36,[07:45-08:00[,2026-07-31 06:45,1501.975,7384.044,4.916,716.537,0.477,,,,,4257.54,2.835,2096.317,1.396,313.65,0.209
31/07/2026,2026-07-31,37,[08:00-08:15[,2026-07-31 07:00,1586.89,9141.761,5.761,435.205,0.274,,,,,4137.65,2.607,3098.455,1.953,1470.451,0.927
31/07/2026,2026-07-31,38,[08:15-08:30[,2026-07-31 07:15,1624.805,8871.896,5.46,3444.907,2.12,,,,,4666.91,2.872,2999.982,1.846,-2239.902,-1.379
31/07/2026,2026-07-31,39,[08:30-08:45[,2026-07-31 07:30,1657.424,16047.723,9.682,5336.925,3.22,,,,,6265.31,3.78,3086.211,1.862,1359.277,0.82
31/07/2026,2026-07-31,40,[08:45-09:00[,2026-07-31 07:45,1663.434,17281.208,10.389,5797.874,3.485,,,,,6756.72,4.062,2675.676,1.609,2050.938,1.233
31/07/2026,2026-07-31,41,[09:00-09:15[,2026-07-31 08:00,1685.446,16286.467,9.663,4690.393,2.783,,,,,9292.41,5.513,2919.64,1.732,-615.976,-0.365
31/07/2026,2026-07-31,42,[09:15-09:30[,2026-07-31 08:15,1700.438,23575.507,13.864,6208.778,3.651,,,,,12242.65,7.2,3744.039,2.202,1380.041,0.812
31/07/2026,2026-07-31,43,[09:30-09:45[,2026-07-31 08:30,1693.184,24591.303,14.524,7089.861,4.187,,,,,13835.07,8.171,3878.012,2.29,-211.64,-0.125
31/07/2026,2026-07-31,44,[09:45-10:00[,2026-07-31 08:45,1687.54,25574.473,15.155,7884.671,4.672,,,,,15584.54,9.235,3784.599,2.243,-1679.337,-0.995
31/07/2026,2026-07-31,45,[10:00-10:15[,2026-07-31 09:00,1668.569,25574.786,15.327,7726.179,4.63,,,,,15196.14,9.107,3531.34,2.116,-878.873,-0.527
31/07/2026,2026-07-31,46,[10:15-10:30[,2026-07-31 09:15,1678.271,26203.835,15.614,8004.608,4.77,,,,,16031.34,9.552,3847.922,2.293,-1680.035,-1.001
31/07/2026,2026-07-31,47,[10:30-10:45[,2026-07-31 09:30,1677.045,27282.068,16.268,8887.552,5.3,,,,,16273.12,9.703,3873.88,2.31,-1752.484,-1.045
31/07/2026,2026-07-31,48,[10:45-11:00[,2026-07-31 09:45,1659.543,28491.539,17.168,8969.831,5.405,,,,,16485.33,9.934,3591.09,2.164,-554.712,-0.334
31/07/2026,2026-07-31,49,[11:00-11:15[,2026-07-31 10:00,1664.71,27875.412,16.745,8948.919,5.376,,,,,16786.79,10.084,3718.825,2.234,-1579.121,-0.949
31/07/2026,2026-07-31,50,[11:15-11:30[,2026-07-31 10:15,1653.739,27724.884,16.765,8960.384,5.418,,,,,16882.64,10.209,3305.532,1.999,-1423.672,-0.861
31/07/2026,2026-07-31,51,[11:30-11:45[,2026-07-31 10:30,1664.645,29032.598,17.441,8966.224,5.386,,,,,16727.33,10.049,3688.504,2.216,-349.459,-0.21
31/07/2026,2026-07-31,52,[11:45-12:00[,2026-07-31 10:45,1664.295,28078.01,16.871,8966.224,5.387,,,,,16375.33,9.839,3670.253,2.205,-933.797,-0.561
31/07/2026,2026-07-31,53,[12:00-12:15[,2026-07-31 11:00,1631.726,27195.661,16.667,8985.481,5.507,,,,,15384.82,9.429,3139.414,1.924,-314.054,-0.192
31/07/2026,2026-07-31,54,[12:15-12:30[,2026-07-31 11:15,1628.497,27114.663,16.65,9039.934,5.551,,,,,15428.36,9.474,3602.668,2.212,-956.299,-0.587
31/07/2026,2026-07-31,55,[12:30-12:45[,2026-07-31 11:30,1601.796,25217.961,15.744,9250.373,5.775,,,,,15218.1,9.501,3601.187,2.248,-2851.699,-1.78
31/07/2026,2026-07-31,56,[12:45-13:00[,2026-07-31 11:45,1581.278,24635.233,15.579,9337.638,5.905,,,,,15316.84,9.686,3261.748,2.063,-3280.992,-2.075
31/07/2026,2026-07-31,57,[13:00-13:15[,2026-07-31 12:00,1584.504,28507.742,17.992,9427.784,5.95,,,,,15325.37,9.672,3544.692,2.237,209.897,0.132
31/07/2026,2026-07-31,58,[13:15-13:30[,2026-07-31 12:15,1567.015,27552.869,17.583,9278.36,5.921,,,,,15204.08,9.703,3299.274,2.105,-228.845,-0.146
31/07/2026,2026-07-31,59,[13:30-13:45[,2026-07-31 12:30,1579.413,28372.934,17.964,9252.901,5.858,,,,,15697.27,9.939,3537.924,2.24,-115.161,-0.073
31/07/2026,2026-07-31,60,[13:45-14:00[,2026-07-31 12:45,1583.617,27875.463,17.602,9398.996,5.935,,,,,15500.9,9.788,3506.572,2.214,-531.005,-0.335
31/07/2026,2026-07-31,61,[14:00-14:15[,2026-07-31 13:00,1602.831,45387.793,28.317,9463.116,5.904,,,,,15314.47,9.555,3528.352,2.201,17081.855,10.657
31/07/2026,2026-07-31,62,[14:15-14:30[,2026-07-31 13:15,1618.574,34408.241,21.258,9489.513,5.863,,,,,15336.24,9.475,3641.318,2.25,5941.171,3.671
31/07/2026,2026-07-31,63,[14:30-14:45[,2026-07-31 13:30,1622.092,31906.824,19.67,11341.006,6.992,,,128,0.079,15279.47,9.42,3334.403,2.056,1823.945,1.124
31/07/2026,2026-07-31,64,[14:45-15:00[,2026-07-31 13:45,1630.222,29011.087,17.796,11342.451,6.958,,,,,15279.47,9.373,3639.502,2.233,-1250.336,-0.767
31/07/2026,2026-07-31,65,[15:00-15:15[,2026-07-31 14:00,1630.423,26326.018,16.147,9937.646,6.095,,,,,15505.22,9.51,3629.952,2.226,-2746.8,-1.685
31/07/2026,2026-07-31,66,[15:15-15:30[,2026-07-31 14:15,1629.053,27514.78,16.89,9451.953,5.802,,,,,15424.92,9.469,3454.506,2.121,-816.598,-0.501
31/07/2026,2026-07-31,67,[15:30-15:45[,2026-07-31 14:30,1635.642,27454.523,16.785,9435.009,5.768,,,,,15381.7,9.404,3711.97,2.269,-1074.156,-0.657
31/07/2026,2026-07-31,68,[15:45-16:00[,2026-07-31 14:45,1641.484,25027.904,15.247,9247.87,5.634,,,,,15550.7,9.474,3791.116,2.31,-3561.781,-2.17
31/07/2026,2026-07-31,69,[16:00-16:15[,2026-07-31 15:00,1626.572,29270.909,17.995,8988.466,5.526,,,,,16797.68,10.327,3577.156,2.199,-92.394,-0.057
31/07/2026,2026-07-31,70,[16:15-16:30[,2026-07-31 15:15,1645.483,28869.337,17.545,8970.138,5.451,,,,,16333.05,9.926,3778.032,2.296,-211.883,-0.129
31/07/2026,2026-07-31,71,[16:30-16:45[,2026-07-31 15:30,1662.635,26276.513,15.804,8492.642,5.108,,,,,16103.18,9.685,3674.839,2.21,-1994.147,-1.199
31/07/2026,2026-07-31,72,[16:45-17:00[,2026-07-31 15:45,1660.762,23033.069,13.869,7606.856,4.58,,,,,15839.04,9.537,3518.751,2.119,-3931.577,-2.367
31/07/2026,2026-07-31,73,[17:00-17:15[,2026-07-31 16:00,1668.499,25963.372,15.561,7782.021,4.664,,,,,17085.33,10.24,4016.747,2.407,-2920.726,-1.751
31/07/2026,2026-07-31,74,[17:15-17:30[,2026-07-31 16:15,1660.83,26556.384,15.99,7621.986,4.589,,,,,16758.27,10.09,3029.585,1.824,-853.457,-0.514
31/07/2026,2026-07-31,75,[17:30-17:45[,2026-07-31 16:30,1663.217,22358.585,13.443,6534.648,3.929,,,,,13408.6,8.062,2943.873,1.77,-528.536,-0.318
31/07/2026,2026-07-31,76,[17:45-18:00[,2026-07-31 16:45,1685.862,15310.636,9.082,4767.628,2.828,,,,,10024.74,5.946,3129.866,1.857,-2611.598,-1.549
31/07/2026,2026-07-31,77,[18:00-18:15[,2026-07-31 17:00,1702.062,15240.969,8.954,5189.141,3.049,,,,,6829.66,4.013,3154.224,1.853,67.945,0.04
31/07/2026,2026-07-31,78,[18:15-18:30[,2026-07-31 17:15,1701.364,10636.024,6.251,3795.459,2.231,,,,,5557.53,3.267,2081.017,1.223,-797.982,-0.469
31/07/2026,2026-07-31,79,[18:30-18:45[,2026-07-31 17:30,1725.335,2267.477,1.314,489.544,0.284,,,,,5471.09,3.171,2026.578,1.175,-5719.734,-3.315
31/07/2026,2026-07-31,80,[18:45-19:00[,2026-07-31 17:45,1760.185,6624.031,3.763,301.5,0.171,,,,,4230.78,2.404,1990.473,1.131,101.278,0.058
31/07/2026,2026-07-31,81,[19:00-19:15[,2026-07-31 18:00,1780.664,7740.254,4.347,3411.05,1.916,,,,,2909.55,1.634,2041.636,1.147,-621.982,-0.349
31/07/2026,2026-07-31,82,[19:15-19:30[,2026-07-31 18:15,1809.487,1132.718,0.626,496.817,0.275,,,,,2811.2,1.554,2005.206,1.108,-4180.505,-2.31
31/07/2026,2026-07-31,83,[19:30-19:45[,2026-07-31 18:30,1834.05,4549.357,2.48,185.663,0.101,,,,,1726.7,0.941,1961.887,1.07,675.106,0.368
31/07/2026,2026-07-31,84,[19:45-20:00[,2026-07-31 18:45,1855.075,-5778.475,-3.115,198.459,0.107,,,,,1726.7,0.931,1953.456,1.053,-9657.089,-5.206
31/07/2026,2026-07-31,85,[20:00-20:15[,2026-07-31 19:00,1858.904,3845.368,2.069,326.241,0.176,,,,,2303.4,1.239,1990.253,1.071,-774.525,-0.417
31/07/2026,2026-07-31,86,[20:15-20:30[,2026-07-31 19:15,1856.341,4716.257,2.541,212.059,0.114,,,,,1742.56,0.939,2057.855,1.109,703.783,0.379
31/07/2026,2026-07-31,87,[20:30-20:45[,2026-07-31 19:30,1848.159,4619.471,2.499,216.55,0.117,,,,,1742.56,0.943,2010.344,1.088,650.017,0.352
31/07/2026,2026-07-31,88,[20:45-21:00[,2026-07-31 19:45,1837.938,5059.633,2.753,233.6,0.127,,,,,1918.16,1.044,1942.024,1.057,965.849,0.526
31/07/2026,2026-07-31,89,[21:00-21:15[,2026-07-31 20:00,1841.119,4290.105,2.33,759.388,0.412,,,,,2128.56,1.156,1780.97,0.967,-378.813,-0.206
31/07/2026,2026-07-31,90,[21:15-21:30[,2026-07-31 20:15,1826.702,4024.609,2.203,759.393,0.416,,,,,2204.4,1.207,1892.09,1.036,-831.273,-0.455
31/07/2026,2026-07-31,91,[21:30-21:45[,2026-07-31 20:30,1803.41,6475.915,3.591,759.393,0.421,,,,,2160.16,1.198,1891.584,1.049,1664.778,0.923
31/07/2026,2026-07-31,92,[21:45-22:00[,2026-07-31 20:45,1773.078,7098.667,4.004,912.073,0.514,,,,,2622.9,1.479,1918.138,1.082,1645.556,0.928
31/07/2026,2026-07-31,93,[22:00-22:15[,2026-07-31 21:00,1744.877,6348.516,3.638,1031.623,0.591,,,,,3027.6,1.735,1888.028,1.082,401.266,0.23
31/07/2026,2026-07-31,94,[22:15-22:30[,2026-07-31 21:15,1715.058,3595.466,2.096,1375.298,0.802,,,,,3128.5,1.824,1947.134,1.135,-2855.465,-1.665
31/07/2026,2026-07-31,95,[22:30-22:45[,2026-07-31 21:30,1679.819,7262.298,4.323,1383.823,0.824,,,,,3268,1.945,1966.123,1.17,644.353,0.384
31/07/2026,2026-07-31,96,[22:45-23:00[,2026-07-31 21:45,1639.229,6880.847,4.198,1470.235,0.897,,,,,3352.5,2.045,1985.096,1.211,73.017,0.045
