dia,data_iso,periodo,intervalo,data_utc,consumo_mwh,erc_total_eur,erc_total_eur_mwh,rt_pdbf_eur,rt_pdbf_eur_mwh,rt_pdvd_eur,rt_pdvd_eur_mwh,rt_phf_eur,rt_phf_eur_mwh,banda_afrr_eur,banda_afrr_eur_mwh,banda_mfrr_eur,banda_mfrr_eur_mwh,outros_eur,outros_eur_mwh
01/05/2026,2026-05-01,1,[23:00-23:15[,2026-04-30 22:00,1472.396,9838.669,6.682,7580.091,5.148,,,,,567.84,0.386,2401.243,1.631,-710.504,-0.483
01/05/2026,2026-05-01,2,[23:15-23:30[,2026-04-30 22:15,1436.481,10549.538,7.344,7677.591,5.345,,,,,633.88,0.441,2340.593,1.629,-102.526,-0.071
01/05/2026,2026-05-01,3,[23:30-23:45[,2026-04-30 22:30,1405.104,9041.527,6.435,7771.341,5.531,,,,,723.58,0.515,2386.48,1.698,-1839.874,-1.309
01/05/2026,2026-05-01,4,[23:45-00:00[,2026-04-30 22:45,1365.109,11954.245,8.757,8005.716,5.865,,,,,944.84,0.692,2380.806,1.744,622.883,0.456
01/05/2026,2026-05-01,5,[00:00-00:15[,2026-04-30 23:00,1369.227,10821.041,7.903,8123.841,5.933,,,,,1075.32,0.785,2815.334,2.056,-1193.454,-0.872
01/05/2026,2026-05-01,6,[00:15-00:30[,2026-04-30 23:15,1354.108,11064.393,8.171,8174.466,6.037,,,,,1175.72,0.868,2901.352,2.143,-1187.145,-0.877
01/05/2026,2026-05-01,7,[00:30-00:45[,2026-04-30 23:30,1334.295,12624.45,9.462,8213.841,6.156,,,,,1220.94,0.915,2861.584,2.145,328.086,0.246
01/05/2026,2026-05-01,8,[00:45-01:00[,2026-04-30 23:45,1296.965,10370.293,7.996,8258.841,6.368,,,,,1266.16,0.976,2900.674,2.237,-2055.381,-1.585
01/05/2026,2026-05-01,9,[01:00-01:15[,2026-05-01 00:00,1279.727,10857.095,8.484,8168.841,6.383,,,,,1123.08,0.878,2895.127,2.262,-1329.952,-1.039
01/05/2026,2026-05-01,10,[01:15-01:30[,2026-05-01 00:15,1269.022,11453.53,9.025,8191.341,6.455,,,,,1146.6,0.904,2899.031,2.284,-783.441,-0.617
01/05/2026,2026-05-01,11,[01:30-01:45[,2026-05-01 00:30,1242.916,12966.362,10.432,8213.841,6.609,,,,,1170.12,0.941,2848.329,2.292,734.072,0.591
01/05/2026,2026-05-01,12,[01:45-02:00[,2026-05-01 00:45,1216.286,13173.998,10.831,8236.341,6.772,,,,,1187.76,0.977,2898.694,2.383,851.203,0.7
01/05/2026,2026-05-01,13,[02:00-02:15[,2026-05-01 01:00,1216.891,13134.292,10.793,8648.738,7.107,,,,,1156.2,0.95,2898.77,2.382,430.585,0.354
01/05/2026,2026-05-01,14,[02:15-02:30[,2026-05-01 01:15,1202.79,12458.978,10.358,8667.896,7.206,,,,,1178.76,0.98,2899.089,2.41,-286.767,-0.238
01/05/2026,2026-05-01,15,[02:30-02:45[,2026-05-01 01:30,1179.417,13100.577,11.108,8666.815,7.348,,,,,1178.76,0.999,2827.336,2.397,427.666,0.363
01/05/2026,2026-05-01,16,[02:45-03:00[,2026-05-01 01:45,1178.779,13562.782,11.506,8670.008,7.355,,,,,1184.4,1.005,2867.914,2.433,840.46,0.713
01/05/2026,2026-05-01,17,[03:00-03:15[,2026-05-01 02:00,1182.64,12401.14,10.486,8685.973,7.345,,,,,1200.96,1.015,2898.653,2.451,-384.446,-0.325
01/05/2026,2026-05-01,18,[03:15-03:30[,2026-05-01 02:15,1159.684,12280.403,10.589,8685.973,7.49,,,,,1200.96,1.036,2899.612,2.5,-506.142,-0.436
01/05/2026,2026-05-01,19,[03:30-03:45[,2026-05-01 02:30,1151.785,12990.708,11.279,8685.973,7.541,,,,,1200.96,1.043,2899.439,2.517,204.336,0.177
01/05/2026,2026-05-01,20,[03:45-04:00[,2026-05-01 02:45,1149.448,13076.641,11.376,8685.973,7.557,,,,,1200.96,1.045,2814.866,2.449,374.842,0.326
01/05/2026,2026-05-01,21,[04:00-04:15[,2026-05-01 03:00,1134.1,11609.931,10.237,8646.577,7.624,,,,,1161.16,1.024,2855.85,2.518,-1053.655,-0.929
01/05/2026,2026-05-01,22,[04:15-04:30[,2026-05-01 03:15,1116.207,9546.615,8.553,8665.735,7.764,,,,,1178.32,1.056,2858.865,2.561,-3156.306,-2.828
01/05/2026,2026-05-01,23,[04:30-04:45[,2026-05-01 03:30,1113.81,12334.08,11.074,8646.577,7.763,,,,,1161.16,1.043,2809.362,2.522,-283.019,-0.254
01/05/2026,2026-05-01,24,[04:45-05:00[,2026-05-01 03:45,1098.685,14209.506,12.933,8646.577,7.87,,,,,1161.16,1.057,2782.678,2.533,1619.092,1.474
01/05/2026,2026-05-01,25,[05:00-05:15[,2026-05-01 04:00,1115.357,11772.75,10.555,8469.365,7.593,,,,,877.068,0.786,2840.466,2.547,-414.149,-0.371
01/05/2026,2026-05-01,26,[05:15-05:30[,2026-05-01 04:15,1106.878,12023.131,10.862,8369.866,7.562,,,,,768.788,0.695,2754.947,2.489,129.529,0.117
01/05/2026,2026-05-01,27,[05:30-05:45[,2026-05-01 04:30,1109.947,12497.458,11.26,8430.533,7.595,,,,,833.756,0.751,2755.814,2.483,477.355,0.43
01/05/2026,2026-05-01,28,[05:45-06:00[,2026-05-01 04:45,1112.44,12828.694,11.532,8488.007,7.63,,,,,898.724,0.808,2755.735,2.477,686.228,0.617
01/05/2026,2026-05-01,29,[06:00-06:15[,2026-05-01 05:00,1118.743,11907.497,10.644,8039.618,7.186,,,,,972.44,0.869,2748.587,2.457,146.852,0.131
01/05/2026,2026-05-01,30,[06:15-06:30[,2026-05-01 05:15,1113.989,13030.209,11.697,8069.445,7.244,,,,,1014.72,0.911,2759.368,2.477,1186.676,1.065
01/05/2026,2026-05-01,31,[06:30-06:45[,2026-05-01 05:30,1097.897,11731.532,10.685,8132.23,7.407,,,,,1087.2,0.99,2768.809,2.522,-256.707,-0.234
01/05/2026,2026-05-01,32,[06:45-07:00[,2026-05-01 05:45,1101.497,13157.097,11.945,8163.675,7.411,,,,,1580,1.434,2760.212,2.506,653.211,0.593
01/05/2026,2026-05-01,33,[07:00-07:15[,2026-05-01 06:00,1122.367,14363.518,12.798,9192.495,8.19,,,,,3276,2.919,2623.957,2.338,-728.934,-0.649
01/05/2026,2026-05-01,34,[07:15-07:30[,2026-05-01 06:15,1119.654,13679.389,12.218,9954.142,8.89,,,,,3679.2,3.286,2579.689,2.304,-2533.641,-2.263
01/05/2026,2026-05-01,35,[07:30-07:45[,2026-05-01 06:30,1118.908,16030.378,14.327,10150.713,9.072,,,,,4246.2,3.795,2537.332,2.268,-903.866,-0.808
01/05/2026,2026-05-01,36,[07:45-08:00[,2026-05-01 06:45,1118.754,21037.298,18.804,13072.443,11.685,,,,,6129.9,5.479,2508.819,2.243,-673.864,-0.602
01/05/2026,2026-05-01,37,[08:00-08:15[,2026-05-01 07:00,1145.083,20028.226,17.491,13105.629,11.445,,,,,6168.82,5.387,2546.653,2.224,-1792.876,-1.566
01/05/2026,2026-05-01,38,[08:15-08:30[,2026-05-01 07:15,1168.993,22899.717,19.589,13445.88,11.502,,,,,7023.54,6.008,2568.36,2.197,-138.062,-0.118
01/05/2026,2026-05-01,39,[08:30-08:45[,2026-05-01 07:30,1182.257,27157.23,22.971,15416.375,13.04,,,,,9265.74,7.837,2538.42,2.147,-63.305,-0.054
01/05/2026,2026-05-01,40,[08:45-09:00[,2026-05-01 07:45,1196.948,28722.995,23.997,16195.438,13.531,,,,,9986.88,8.344,2583.634,2.159,-42.957,-0.036
01/05/2026,2026-05-01,41,[09:00-09:15[,2026-05-01 08:00,1214.456,29117.468,23.976,16207.625,13.346,,,,,10917.4,8.99,2583.639,2.127,-591.196,-0.487
01/05/2026,2026-05-01,42,[09:15-09:30[,2026-05-01 08:15,1226.38,29794.977,24.295,16286.375,13.28,,,,,11001.38,8.971,2584.779,2.108,-77.557,-0.063
01/05/2026,2026-05-01,43,[09:30-09:45[,2026-05-01 08:30,1232.428,29798.323,24.179,16286.375,13.215,,,,,11001.38,8.927,2525.027,2.049,-14.459,-0.012
01/05/2026,2026-05-01,44,[09:45-10:00[,2026-05-01 08:45,1236.342,30519.942,24.686,16287.313,13.174,,,,,11001.38,8.898,2530.021,2.046,701.228,0.567
01/05/2026,2026-05-01,45,[10:00-10:15[,2026-05-01 09:00,1250.394,27538.789,22.024,16286.375,13.025,,,,,8829.792,7.062,2567.756,2.054,-145.135,-0.116
01/05/2026,2026-05-01,46,[10:15-10:30[,2026-05-01 09:15,1251.263,27571.365,22.035,16286.375,13.016,,,,,8858.312,7.079,2566.135,2.051,-139.457,-0.111
01/05/2026,2026-05-01,47,[10:30-10:45[,2026-05-01 09:30,1254.297,27421.721,21.862,16286.375,12.984,,,,,8858.312,7.062,2565.927,2.046,-288.892,-0.23
01/05/2026,2026-05-01,48,[10:45-11:00[,2026-05-01 09:45,1253.55,27384.413,21.845,16286.375,12.992,,,,,8858.312,7.067,2511.297,2.003,-271.571,-0.217
01/05/2026,2026-05-01,49,[11:00-11:15[,2026-05-01 10:00,1255.86,28594.351,22.769,16366.314,13.032,,,,,9870.884,7.86,2500.001,1.991,-142.847,-0.114
01/05/2026,2026-05-01,50,[11:15-11:30[,2026-05-01 10:15,1273.56,29316.328,23.019,16286.375,12.788,,,,,9793.868,7.69,2470.034,1.939,766.052,0.602
01/05/2026,2026-05-01,51,[11:30-11:45[,2026-05-01 10:30,1271.619,28184.404,22.164,16406.426,12.902,,,,,10101.21,7.944,2421.464,1.904,-744.696,-0.586
01/05/2026,2026-05-01,52,[11:45-12:00[,2026-05-01 10:45,1286.239,28049.855,21.808,16406.39,12.755,,,,,10101.21,7.853,2285.203,1.777,-742.948,-0.578
01/05/2026,2026-05-01,53,[12:00-12:15[,2026-05-01 11:00,1304.313,27763.496,21.286,16406.318,12.579,,,,,8976.34,6.882,2423.391,1.858,-42.553,-0.033
01/05/2026,2026-05-01,54,[12:15-12:30[,2026-05-01 11:15,1306.617,28537.13,21.84,16406.245,12.556,,,,,8976.34,6.87,2463.476,1.885,691.068,0.529
01/05/2026,2026-05-01,55,[12:30-12:45[,2026-05-01 11:30,1315.033,31730.14,24.129,16407.034,12.477,,,,,8976.34,6.826,2487.313,1.891,3859.453,2.935
01/05/2026,2026-05-01,56,[12:45-13:00[,2026-05-01 11:45,1305.776,31315.263,23.982,16407.125,12.565,,,,,8976.34,6.874,2432.913,1.863,3498.885,2.68
01/05/2026,2026-05-01,57,[13:00-13:15[,2026-05-01 12:00,1290.821,31119.153,24.108,16407.451,12.711,,,,,7916.67,6.133,2398.795,1.858,4396.237,3.406
01/05/2026,2026-05-01,58,[13:15-13:30[,2026-05-01 12:15,1269.858,28990.691,22.83,16407.797,12.921,,,,,7916.67,6.234,2375.51,1.871,2290.714,1.804
01/05/2026,2026-05-01,59,[13:30-13:45[,2026-05-01 12:30,1242.17,29927.702,24.093,16408.314,13.209,,,,,8802.94,7.087,2393.973,1.927,2322.475,1.87
01/05/2026,2026-05-01,60,[13:45-14:00[,2026-05-01 12:45,1222.025,30096.003,24.628,16408.674,13.427,,,,,8802.94,7.204,2386.435,1.953,2497.955,2.044
01/05/2026,2026-05-01,61,[14:00-14:15[,2026-05-01 13:00,1199.558,26963.289,22.478,16458.582,13.721,,,,,7951.986,6.629,2321.379,1.935,231.342,0.193
01/05/2026,2026-05-01,62,[14:15-14:30[,2026-05-01 13:15,1195.725,26569.122,22.22,16459.616,13.765,,,,,7951.986,6.65,2355.792,1.97,-198.272,-0.166
01/05/2026,2026-05-01,63,[14:30-14:45[,2026-05-01 13:30,1184.891,26700.423,22.534,16460.355,13.892,,,,,7951.986,6.711,2312.177,1.951,-24.095,-0.02
01/05/2026,2026-05-01,64,[14:45-15:00[,2026-05-01 13:45,1163.414,27015.656,23.221,16460.503,14.148,,,,,7951.986,6.835,2346.385,2.017,256.783,0.221
01/05/2026,2026-05-01,65,[15:00-15:15[,2026-05-01 14:00,1158.613,28913.652,24.955,16476.01,14.22,,,,,9878.96,8.527,2366.491,2.043,192.191,0.166
01/05/2026,2026-05-01,66,[15:15-15:30[,2026-05-01 14:15,1147.246,28715.893,25.03,16476.217,14.362,,,,,9878.96,8.611,2397.118,2.089,-36.403,-0.032
01/05/2026,2026-05-01,67,[15:30-15:45[,2026-05-01 14:30,1141.047,28305.806,24.807,16476.476,14.44,,,,,9872.98,8.653,2440.766,2.139,-484.417,-0.425
01/05/2026,2026-05-01,68,[15:45-16:00[,2026-05-01 14:45,1142.328,28759.462,25.176,16380.74,14.34,,,,,9807.2,8.585,2445.959,2.141,125.562,0.11
01/05/2026,2026-05-01,69,[16:00-16:15[,2026-05-01 15:00,1135.686,30393.337,26.762,16409.238,14.449,,,,,11175.8,9.841,2461.182,2.167,347.117,0.306
01/05/2026,2026-05-01,70,[16:15-16:30[,2026-05-01 15:15,1153.213,29929.684,25.953,16291.063,14.127,,,,,11033.68,9.568,2425.07,2.103,179.871,0.156
01/05/2026,2026-05-01,71,[16:30-16:45[,2026-05-01 15:30,1158.848,29846.296,25.755,16286.375,14.054,,,,,11027.22,9.516,2493.755,2.152,38.946,0.034
01/05/2026,2026-05-01,72,[16:45-17:00[,2026-05-01 15:45,1178.165,29990.295,25.455,16286.375,13.824,,,,,11027.22,9.36,2477.006,2.102,199.694,0.169
01/05/2026,2026-05-01,73,[17:00-17:15[,2026-05-01 16:00,1187.405,29471.967,24.82,16207.625,13.65,,,,,10869.12,9.154,2631.646,2.216,-236.424,-0.199
01/05/2026,2026-05-01,74,[17:15-17:30[,2026-05-01 16:15,1212.07,30071.642,24.81,16015.438,13.213,,,,,10675.98,8.808,2586.607,2.134,793.618,0.655
01/05/2026,2026-05-01,75,[17:30-17:45[,2026-05-01 16:30,1224.84,28122.949,22.961,15246.688,12.448,,,,,9896.76,8.08,2631.912,2.149,347.589,0.284
01/05/2026,2026-05-01,76,[17:45-18:00[,2026-05-01 16:45,1260.138,26611.484,21.118,13478.475,10.696,,,,,8105.22,6.432,2641.911,2.097,2385.878,1.893
01/05/2026,2026-05-01,77,[18:00-18:15[,2026-05-01 17:00,1274.24,28886.426,22.67,13858.6,10.876,,,,,9554.82,7.498,2682.334,2.105,2790.672,2.19
01/05/2026,2026-05-01,78,[18:15-18:30[,2026-05-01 17:15,1313.186,23062.95,17.563,11775.038,8.967,,,,,7048.4,5.367,2673.323,2.036,1566.19,1.193
01/05/2026,2026-05-01,79,[18:30-18:45[,2026-05-01 17:30,1329.817,16567.392,12.458,11484.773,8.636,,,,,5704.86,4.29,2676.912,2.013,-3299.152,-2.481
01/05/2026,2026-05-01,80,[18:45-19:00[,2026-05-01 17:45,1353.783,11075.141,8.181,9963.343,7.36,,,,,3395.7,2.508,2716.397,2.007,-5000.299,-3.694
01/05/2026,2026-05-01,81,[19:00-19:15[,2026-05-01 18:00,1393.408,15765.735,11.315,11042.447,7.925,,,,,4839.12,3.473,2748.613,1.973,-2864.445,-2.056
01/05/2026,2026-05-01,82,[19:15-19:30[,2026-05-01 18:15,1436.627,13314.181,9.268,10048.177,6.994,,,,,2434.08,1.694,2771.816,1.929,-1939.891,-1.35
01/05/2026,2026-05-01,83,[19:30-19:45[,2026-05-01 18:30,1458.047,11115.212,7.623,9721.431,6.667,,,,,1510.506,1.036,2781.47,1.908,-2898.195,-1.988
01/05/2026,2026-05-01,84,[19:45-20:00[,2026-05-01 18:45,1498.363,17344.767,11.576,9770.409,6.521,,,,,1283.118,0.856,2729.183,1.821,3562.057,2.377
01/05/2026,2026-05-01,85,[20:00-20:15[,2026-05-01 19:00,1530.277,10765.115,7.035,8865.049,5.793,,,,,1284.8,0.84,2789.688,1.823,-2174.421,-1.421
01/05/2026,2026-05-01,86,[20:15-20:30[,2026-05-01 19:15,1507.816,13609.806,9.026,8739.234,5.796,,,,,1127.12,0.748,2619.754,1.737,1123.699,0.745
01/05/2026,2026-05-01,87,[20:30-20:45[,2026-05-01 19:30,1527.677,11526.846,7.545,8794.831,5.757,,,,,1068.72,0.7,2620.085,1.715,-956.79,-0.626
01/05/2026,2026-05-01,88,[20:45-21:00[,2026-05-01 19:45,1548.213,12589.529,8.132,8976.215,5.798,,,,,1127.12,0.728,2509.177,1.621,-22.984,-0.015
01/05/2026,2026-05-01,89,[21:00-21:15[,2026-05-01 20:00,1521.255,11696.48,7.689,9039.965,5.942,,,,,1191.216,0.783,2573.051,1.691,-1107.751,-0.728
01/05/2026,2026-05-01,90,[21:15-21:30[,2026-05-01 20:15,1507.948,13155.009,8.724,9139.34,6.061,,,,,1307.748,0.867,2525.845,1.675,182.075,0.121
01/05/2026,2026-05-01,91,[21:30-21:45[,2026-05-01 20:30,1491.216,12623.617,8.465,8996.84,6.033,,,,,1145.898,0.768,2525.356,1.693,-44.478,-0.03
01/05/2026,2026-05-01,92,[21:45-22:00[,2026-05-01 20:45,1451.091,13124.762,9.045,9144.965,6.302,,,,,1314.222,0.906,2474.169,1.705,191.406,0.132
01/05/2026,2026-05-01,93,[22:00-22:15[,2026-05-01 21:00,1431.704,13706.199,9.573,9116.84,6.368,,,,,1281.48,0.895,2521.345,1.761,786.534,0.549
01/05/2026,2026-05-01,94,[22:15-22:30[,2026-05-01 21:15,1427.694,12591.448,8.819,9244.672,6.475,,,,,1426.28,0.999,2789.859,1.954,-869.363,-0.609
01/05/2026,2026-05-01,95,[22:30-22:45[,2026-05-01 21:30,1396.56,15604.491,11.174,9817.485,7.03,,,,,2175.46,1.558,2790.018,1.998,821.528,0.588
01/05/2026,2026-05-01,96,[22:45-23:00[,2026-05-01 21:45,1373.27,17830.692,12.984,10411.86,7.582,,,,,2880.4,2.097,2736.018,1.992,1802.414,1.312
02/05/2026,2026-05-02,1,[23:00-23:15[,2026-05-01 22:00,1342.246,12531.148,9.336,9352.332,6.968,,,,,2842.72,2.118,2765.594,2.06,-2429.497,-1.81
02/05/2026,2026-05-02,2,[23:15-23:30[,2026-05-01 22:15,1300.432,14128.911,10.865,9648.451,7.419,,,,,2647.12,2.036,2790.494,2.146,-957.154,-0.736
02/05/2026,2026-05-02,3,[23:30-23:45[,2026-05-01 22:30,1276.46,15704.469,12.303,10237.201,8.02,,,,,2901.4,2.273,2790.489,2.186,-224.621,-0.176
02/05/2026,2026-05-02,4,[23:45-00:00[,2026-05-01 22:45,1254.143,14653.307,11.684,10275.613,8.193,,,,,2901.4,2.313,2754.34,2.196,-1278.046,-1.019
02/05/2026,2026-05-02,5,[00:00-00:15[,2026-05-01 23:00,1222.078,13117.204,10.734,9861.238,8.069,,,,,2182.698,1.786,2692.776,2.203,-1619.507,-1.325
02/05/2026,2026-05-02,6,[00:15-00:30[,2026-05-01 23:15,1202.785,13651.106,11.35,10123.738,8.417,,,,,2231.61,1.855,2689.863,2.236,-1394.104,-1.159
02/05/2026,2026-05-02,7,[00:30-00:45[,2026-05-01 23:30,1189.085,13939.219,11.723,10205.3,8.582,,,,,2292.75,1.928,2692.956,2.265,-1251.787,-1.053
02/05/2026,2026-05-02,8,[00:45-01:00[,2026-05-01 23:45,1147.336,15192.913,13.242,10213.738,8.902,,,,,2292.75,1.998,2702.384,2.355,-15.959,-0.014
02/05/2026,2026-05-02,9,[01:00-01:15[,2026-05-02 00:00,1124.475,16487.033,14.662,10261.55,9.126,,,,,3469.44,3.085,2698.311,2.4,57.732,0.051
02/05/2026,2026-05-02,10,[01:15-01:30[,2026-05-02 00:15,1106.614,17572.603,15.88,10348.738,9.352,,,,,3469.44,3.135,2735.693,2.472,1018.732,0.921
02/05/2026,2026-05-02,11,[01:30-01:45[,2026-05-02 00:30,1093.231,21224.775,19.415,12076.354,11.046,,,,,6054.84,5.538,2700.567,2.47,393.014,0.359
02/05/2026,2026-05-02,12,[01:45-02:00[,2026-05-02 00:45,1094.211,19464.717,17.789,12296.404,11.238,,,,,5009.56,4.578,2700.557,2.468,-541.804,-0.495
02/05/2026,2026-05-02,13,[02:00-02:15[,2026-05-02 01:00,1088.724,19623.534,18.024,12349.954,11.344,,,,,4582.08,4.209,2696.862,2.477,-5.362,-0.005
02/05/2026,2026-05-02,14,[02:15-02:30[,2026-05-02 01:15,1064.281,19568.067,18.386,12355.804,11.61,,,,,4582.08,4.305,2696.53,2.534,-66.347,-0.062
02/05/2026,2026-05-02,15,[02:30-02:45[,2026-05-02 01:30,1065.532,19693.055,18.482,12361.654,11.601,,,,,4582.08,4.3,2695.55,2.53,53.772,0.05
02/05/2026,2026-05-02,16,[02:45-03:00[,2026-05-02 01:45,1059.985,19960.419,18.831,12362.311,11.663,,,,,4582.08,4.323,2696.679,2.544,319.349,0.301
02/05/2026,2026-05-02,17,[03:00-03:15[,2026-05-02 02:00,1051.227,19169.233,18.235,12108.581,11.519,,,,,4511.04,4.291,2691.166,2.56,-141.553,-0.135
02/05/2026,2026-05-02,18,[03:15-03:30[,2026-05-02 02:15,1052.237,19756.605,18.776,12350.611,11.737,,,,,4511.04,4.287,2691.001,2.557,203.953,0.194
02/05/2026,2026-05-02,19,[03:30-03:45[,2026-05-02 02:30,1036.865,21202.283,20.448,12356.461,11.917,,,,,6033.5,5.819,2691.324,2.596,120.998,0.117
02/05/2026,2026-05-02,20,[03:45-04:00[,2026-05-02 02:45,1028.292,21488.777,20.898,12350.611,12.011,,,,,6127,5.958,2689.69,2.616,321.476,0.313
02/05/2026,2026-05-02,21,[04:00-04:15[,2026-05-02 03:00,1031.314,20262.082,19.647,12356.461,11.981,,,,,4653.12,4.512,2688.715,2.607,563.786,0.547
02/05/2026,2026-05-02,22,[04:15-04:30[,2026-05-02 03:15,1032.797,19909.265,19.277,12356.461,11.964,,,,,4653.12,4.505,2688.713,2.603,210.971,0.204
02/05/2026,2026-05-02,23,[04:30-04:45[,2026-05-02 03:30,1015.537,19735.324,19.433,12356.461,12.167,,,,,4653.12,4.582,2689.523,2.648,36.221,0.036
02/05/2026,2026-05-02,24,[04:45-05:00[,2026-05-02 03:45,1025.033,20034.611,19.545,12317.761,12.017,,,,,4653.12,4.539,2688.387,2.623,375.344,0.366
02/05/2026,2026-05-02,25,[05:00-05:15[,2026-05-02 04:00,1034.412,20301.12,19.626,12350.611,11.94,,,,,4830.72,4.67,2687.899,2.598,431.89,0.418
02/05/2026,2026-05-02,26,[05:15-05:30[,2026-05-02 04:15,1022.716,20663.377,20.204,12317.761,12.044,,,,,4830.72,4.723,2671.411,2.612,843.485,0.825
02/05/2026,2026-05-02,27,[05:30-05:45[,2026-05-02 04:30,1041.109,20005.742,19.216,12319.111,11.833,,,,,4830.72,4.64,2662.17,2.557,193.741,0.186
02/05/2026,2026-05-02,28,[05:45-06:00[,2026-05-02 04:45,1043.177,19790.642,18.972,12319.111,11.809,,,,,4830.72,4.631,2682.549,2.572,-41.737,-0.04
02/05/2026,2026-05-02,29,[06:00-06:15[,2026-05-02 05:00,1054.931,21751.772,20.619,11874.274,11.256,,,,,7470.22,7.081,2682.958,2.543,-275.681,-0.261
02/05/2026,2026-05-02,30,[06:15-06:30[,2026-05-02 05:15,1061.732,21192.568,19.96,11874.274,11.184,,,,,7470.22,7.036,2683.114,2.527,-835.041,-0.786
02/05/2026,2026-05-02,31,[06:30-06:45[,2026-05-02 05:30,1049.308,21355.441,20.352,11880.349,11.322,,,,,7181.98,6.844,2682.137,2.556,-389.025,-0.371
02/05/2026,2026-05-02,32,[06:45-07:00[,2026-05-02 05:45,1060.86,21028.702,19.822,11880.554,11.199,,,,,7181.98,6.77,2681.978,2.528,-715.81,-0.675
02/05/2026,2026-05-02,33,[07:00-07:15[,2026-05-02 06:00,1080.305,22000.888,20.365,11399.668,10.552,,,,,7705.08,7.132,2682.792,2.483,213.348,0.197
02/05/2026,2026-05-02,34,[07:15-07:30[,2026-05-02 06:15,1098.88,20704.501,18.841,11868.65,10.801,,,,,7350.12,6.689,2679.711,2.439,-1193.979,-1.087
02/05/2026,2026-05-02,35,[07:30-07:45[,2026-05-02 06:30,1118.082,21723.523,19.429,11893.055,10.637,,,,,7350.12,6.574,2676.305,2.394,-195.957,-0.175
02/05/2026,2026-05-02,36,[07:45-08:00[,2026-05-02 06:45,1121.989,20548.028,18.314,12408.185,11.059,,,,,7350.12,6.551,2675.499,2.385,-1885.776,-1.681
02/05/2026,2026-05-02,37,[08:00-08:15[,2026-05-02 07:00,1163.534,20035.419,17.219,11892.964,10.221,,,,,8021.6,6.894,2683.118,2.306,-2562.262,-2.202
02/05/2026,2026-05-02,38,[08:15-08:30[,2026-05-02 07:15,1198.955,21525.469,17.954,12494.502,10.421,,,,,8021.6,6.69,2685.562,2.24,-1676.194,-1.398
02/05/2026,2026-05-02,39,[08:30-08:45[,2026-05-02 07:30,1205.124,22774.511,18.898,13083.42,10.856,,,,,7859,6.521,2684.107,2.227,-852.016,-0.707
02/05/2026,2026-05-02,40,[08:45-09:00[,2026-05-02 07:45,1233.182,25605.925,20.764,14162.782,11.485,,,,,8590.7,6.966,2679.726,2.173,172.717,0.14
02/05/2026,2026-05-02,41,[09:00-09:15[,2026-05-02 08:00,1283.314,23634.851,18.417,12912.281,10.062,,,,,11498.76,8.96,2674.162,2.084,-3450.352,-2.689
02/05/2026,2026-05-02,42,[09:15-09:30[,2026-05-02 08:15,1287.627,26713.905,20.747,14311.354,11.115,,,,,11056.5,8.587,2675.304,2.078,-1329.252,-1.032
02/05/2026,2026-05-02,43,[09:30-09:45[,2026-05-02 08:30,1308.529,28737.28,21.962,14879.159,11.371,,,,,11090.52,8.476,2675.472,2.045,92.129,0.07
02/05/2026,2026-05-02,44,[09:45-10:00[,2026-05-02 08:45,1323.387,29253.371,22.105,15749.042,11.901,,,,,11124.54,8.406,2675.475,2.022,-295.687,-0.223
02/05/2026,2026-05-02,45,[10:00-10:15[,2026-05-02 09:00,1331.228,27587.402,20.723,15730.536,11.817,,,,,10374.48,7.793,2660.718,1.999,-1178.331,-0.885
02/05/2026,2026-05-02,46,[10:15-10:30[,2026-05-02 09:15,1348.416,28166.492,20.889,15889.034,11.783,,,,,10374.48,7.694,2660.72,1.973,-757.741,-0.562
02/05/2026,2026-05-02,47,[10:30-10:45[,2026-05-02 09:30,1351.01,29063.544,21.512,16291.06,12.058,,,,,10374.48,7.679,2660.721,1.969,-262.718,-0.194
02/05/2026,2026-05-02,48,[10:45-11:00[,2026-05-02 09:45,1342.451,29077.401,21.66,16401.023,12.217,,,,,9990.24,7.442,2649.361,1.974,36.776,0.027
02/05/2026,2026-05-02,49,[11:00-11:15[,2026-05-02 10:00,1347.93,29469.905,21.863,16517.751,12.254,,,,,10534.58,7.815,2578.769,1.913,-161.195,-0.12
02/05/2026,2026-05-02,50,[11:15-11:30[,2026-05-02 10:15,1353.673,27942.36,20.642,16537.61,12.217,,,,,10534.58,7.782,2549.765,1.884,-1679.595,-1.241
02/05/2026,2026-05-02,51,[11:30-11:45[,2026-05-02 10:30,1347.681,28307.692,21.005,16545.93,12.277,,,,,10726.7,7.959,2512.099,1.864,-1477.037,-1.096
02/05/2026,2026-05-02,52,[11:45-12:00[,2026-05-02 10:45,1353.164,28048.159,20.728,16571.621,12.247,,,,,10726.7,7.927,2623.454,1.939,-1873.616,-1.385
02/05/2026,2026-05-02,53,[12:00-12:15[,2026-05-02 11:00,1367.702,28641.528,20.941,16588.85,12.129,,,,,10278.42,7.515,2613.198,1.911,-838.94,-0.613
02/05/2026,2026-05-02,54,[12:15-12:30[,2026-05-02 11:15,1351.904,24556.598,18.164,16588.88,12.271,,,,,10278.42,7.603,2613.2,1.933,-4923.902,-3.642
02/05/2026,2026-05-02,55,[12:30-12:45[,2026-05-02 11:30,1366.649,25459.346,18.629,16599.845,12.146,,,,,10278.42,7.521,2612.875,1.912,-4031.794,-2.95
02/05/2026,2026-05-02,56,[12:45-13:00[,2026-05-02 11:45,1362.292,28136.877,20.654,16626.878,12.205,,,,,10278.42,7.545,2611.112,1.917,-1379.532,-1.013
02/05/2026,2026-05-02,57,[13:00-13:15[,2026-05-02 12:00,1333.736,27810.38,20.851,16627.782,12.467,,,,,10118.32,7.586,2575.488,1.931,-1511.21,-1.133
02/05/2026,2026-05-02,58,[13:15-13:30[,2026-05-02 12:15,1328.81,28510.589,21.456,16628.243,12.514,,,,,10150.34,7.639,2575.781,1.938,-843.774,-0.635
02/05/2026,2026-05-02,59,[13:30-13:45[,2026-05-02 12:30,1310.604,28221.255,21.533,16628.605,12.688,,,,,9958.22,7.598,2548.623,1.945,-914.194,-0.698
02/05/2026,2026-05-02,60,[13:45-14:00[,2026-05-02 12:45,1299.519,28129.52,21.646,16630.407,12.797,,,,,9958.22,7.663,2529.856,1.947,-988.963,-0.761
02/05/2026,2026-05-02,61,[14:00-14:15[,2026-05-02 13:00,1293.545,23201.958,17.937,16660.094,12.879,,,,,5150.4,3.982,2539.177,1.963,-1147.713,-0.887
02/05/2026,2026-05-02,62,[14:15-14:30[,2026-05-02 13:15,1287.864,23457.333,18.214,16662.423,12.938,,,,,5150.4,3.999,2512.708,1.951,-868.198,-0.674
02/05/2026,2026-05-02,63,[14:30-14:45[,2026-05-02 13:30,1271.667,22830.211,17.953,16663.289,13.104,,,,,5150.4,4.05,2556.018,2.01,-1539.496,-1.211
02/05/2026,2026-05-02,64,[14:45-15:00[,2026-05-02 13:45,1260.593,23501.1,18.643,16663.425,13.219,,,,,5150.4,4.086,2528.045,2.005,-840.769,-0.667
02/05/2026,2026-05-02,65,[15:00-15:15[,2026-05-02 14:00,1264.297,27824.874,22.008,16663.51,13.18,,,,,10086.3,7.978,2567.039,2.03,-1491.975,-1.18
02/05/2026,2026-05-02,66,[15:15-15:30[,2026-05-02 14:15,1238.463,28501.102,23.013,16663.596,13.455,,,,,10086.3,8.144,2546.956,2.057,-795.75,-0.643
02/05/2026,2026-05-02,67,[15:30-15:45[,2026-05-02 14:30,1229.33,31710.205,25.795,16662.812,13.554,,,,,10054.28,8.179,2552.471,2.076,2440.643,1.985
02/05/2026,2026-05-02,68,[15:45-16:00[,2026-05-02 14:45,1238.044,28360.002,22.907,16662.941,13.459,,,,,10054.28,8.121,2548.803,2.059,-906.022,-0.732
02/05/2026,2026-05-02,69,[16:00-16:15[,2026-05-02 15:00,1216.415,27117.393,22.293,16557.709,13.612,,,,,10246.4,8.423,2542.213,2.09,-2228.93,-1.832
02/05/2026,2026-05-02,70,[16:15-16:30[,2026-05-02 15:15,1220.943,23458.418,19.213,16526.713,13.536,,,,,10246.4,8.392,2546.106,2.085,-5860.801,-4.8
02/05/2026,2026-05-02,71,[16:30-16:45[,2026-05-02 15:30,1237.543,19323.946,15.615,16382.97,13.238,,,,,5487.84,4.434,2532.941,2.047,-5079.805,-4.105
02/05/2026,2026-05-02,72,[16:45-17:00[,2026-05-02 15:45,1217.482,19155.273,15.734,15929.167,13.084,,,,,5487.84,4.508,2523.922,2.073,-4785.656,-3.931
02/05/2026,2026-05-02,73,[17:00-17:15[,2026-05-02 16:00,1237.342,23360.019,18.879,16307.604,13.18,,,,,10662.66,8.617,2499.933,2.02,-6110.177,-4.938
02/05/2026,2026-05-02,74,[17:15-17:30[,2026-05-02 16:15,1262.067,29928.608,23.714,15948.592,12.637,,,305.786,0.242,10630.64,8.423,2527.559,2.003,516.03,0.409
02/05/2026,2026-05-02,75,[17:30-17:45[,2026-05-02 16:30,1278.175,27990.166,21.899,14882.048,11.643,,,,,10662.66,8.342,2551.941,1.997,-106.482,-0.083
02/05/2026,2026-05-02,76,[17:45-18:00[,2026-05-02 16:45,1270.91,26641.699,20.963,14097.963,11.093,,,,,10374.48,8.163,2440.593,1.92,-271.337,-0.213
02/05/2026,2026-05-02,77,[18:00-18:15[,2026-05-02 17:00,1267.927,18499.677,14.59,13859.03,10.93,,,,,6726.72,5.305,2378.447,1.876,-4464.52,-3.521
02/05/2026,2026-05-02,78,[18:15-18:30[,2026-05-02 17:15,1300.077,20791.411,15.992,12522.938,9.632,,,,,6726.72,5.174,2527.054,1.944,-985.3,-0.758
02/05/2026,2026-05-02,79,[18:30-18:45[,2026-05-02 17:30,1325.299,21605.331,16.302,11821.41,8.92,,,,,6986.98,5.272,2532.113,1.911,264.828,0.2
02/05/2026,2026-05-02,80,[18:45-19:00[,2026-05-02 17:45,1344.355,20952.418,15.585,10107.147,7.518,,,,,8348.08,6.21,2645.282,1.968,-148.092,-0.11
02/05/2026,2026-05-02,81,[19:00-19:15[,2026-05-02 18:00,1383.631,28573.633,20.651,11821.739,8.544,,,,,14777.345,10.68,2628.047,1.899,-653.498,-0.472
02/05/2026,2026-05-02,82,[19:15-19:30[,2026-05-02 18:15,1403.12,21163.887,15.083,10356.48,7.381,,,,,7885.845,5.62,2627.241,1.872,294.321,0.21
02/05/2026,2026-05-02,83,[19:30-19:45[,2026-05-02 18:30,1433.078,19708.072,13.752,9732.542,6.791,,,,,6785.992,4.735,2637.281,1.84,552.257,0.385
02/05/2026,2026-05-02,84,[19:45-20:00[,2026-05-02 18:45,1455.651,19698.959,13.533,9249.453,6.354,,,,,6785.992,4.662,2641.732,1.815,1021.782,0.702
02/05/2026,2026-05-02,85,[20:00-20:15[,2026-05-02 19:00,1459.341,11761.438,8.059,9141.508,6.264,,,,,2019.54,1.384,2414.413,1.654,-1814.023,-1.243
02/05/2026,2026-05-02,86,[20:15-20:30[,2026-05-02 19:15,1492.27,12867.201,8.623,8987.822,6.023,,,,,1338.6,0.897,2488.494,1.668,52.285,0.035
02/05/2026,2026-05-02,87,[20:30-20:45[,2026-05-02 19:30,1519.217,9852.276,6.485,8360.954,5.503,,,,,1228.02,0.808,2506.548,1.65,-2243.247,-1.477
02/05/2026,2026-05-02,88,[20:45-21:00[,2026-05-02 19:45,1541.37,9994.143,6.484,8481.892,5.503,,,,,1344.42,0.872,2459.352,1.596,-2291.521,-1.487
02/05/2026,2026-05-02,89,[21:00-21:15[,2026-05-02 20:00,1519.399,13584.58,8.941,10043.551,6.61,,,,,1447.6,0.953,2459.677,1.619,-366.248,-0.241
02/05/2026,2026-05-02,90,[21:15-21:30[,2026-05-02 20:15,1501.158,15595.268,10.389,10233.863,6.817,,,,,1527.68,1.018,2412.469,1.607,1421.257,0.947
02/05/2026,2026-05-02,91,[21:30-21:45[,2026-05-02 20:30,1483.467,14553.566,9.811,10464.488,7.054,,,,,1466.08,0.988,2412.464,1.626,210.534,0.142
02/05/2026,2026-05-02,92,[21:45-22:00[,2026-05-02 20:45,1458.864,13848.293,9.493,10878.863,7.457,,,,,1780.24,1.22,2412.459,1.654,-1223.269,-0.839
02/05/2026,2026-05-02,93,[22:00-22:15[,2026-05-02 21:00,1425.742,16215.354,11.373,11063.245,7.76,,,,,1667.82,1.17,2412.826,1.692,1071.463,0.752
02/05/2026,2026-05-02,94,[22:15-22:30[,2026-05-02 21:15,1410.84,14629.938,10.37,11119.495,7.881,,,,,1667.82,1.182,2677.331,1.898,-834.707,-0.592
02/05/2026,2026-05-02,95,[22:30-22:45[,2026-05-02 21:30,1396.983,15456.454,11.064,11133.251,7.969,,,,,2050.48,1.468,2677,1.916,-404.277,-0.289
02/05/2026,2026-05-02,96,[22:45-23:00[,2026-05-02 21:45,1360.539,16568.837,12.178,11294.501,8.301,,,,,1790.56,1.316,2677.32,1.968,806.456,0.593
03/05/2026,2026-05-03,1,[23:00-23:15[,2026-05-02 22:00,1330.257,17902.223,13.458,8524.955,6.409,,,,,4403.7,3.31,2677.314,2.013,2296.254,1.726
03/05/2026,2026-05-03,2,[23:15-23:30[,2026-05-02 22:15,1310.478,16591.266,12.66,8719.685,6.654,,,,,4403.7,3.36,2677.145,2.043,790.736,0.603
03/05/2026,2026-05-03,3,[23:30-23:45[,2026-05-02 22:30,1265.35,16475.249,13.02,8813.315,6.965,,,,,4403.7,3.48,2677.462,2.116,580.771,0.459
03/05/2026,2026-05-03,4,[23:45-00:00[,2026-05-02 22:45,1255.522,17054.789,13.584,8900.88,7.089,,,,,4403.7,3.507,2673.912,2.13,1076.297,0.857
03/05/2026,2026-05-03,5,[00:00-00:15[,2026-05-02 23:00,1245.522,16139.302,12.958,8900.88,7.146,,,,,4473.6,3.592,2670.491,2.144,94.331,0.076
03/05/2026,2026-05-03,6,[00:15-00:30[,2026-05-02 23:15,1202.192,15867.25,13.199,9184.891,7.64,,,,,4473.6,3.721,2669.346,2.22,-460.587,-0.383
03/05/2026,2026-05-03,7,[00:30-00:45[,2026-05-02 23:30,1186.876,15135.015,12.752,9338.035,7.868,,,,,4473.6,3.769,2668.364,2.248,-1344.984,-1.133
03/05/2026,2026-05-03,8,[00:45-01:00[,2026-05-02 23:45,1175.682,16352.996,13.909,9478.48,8.062,,,,,4473.6,3.805,2672.418,2.273,-271.502,-0.231
03/05/2026,2026-05-03,9,[01:00-01:15[,2026-05-03 00:00,1151.135,13377.193,11.621,9377.048,8.146,,,,,493,0.428,2672.249,2.321,834.896,0.725
03/05/2026,2026-05-03,10,[01:15-01:30[,2026-05-03 00:15,1139.521,12460.06,10.934,9478.48,8.318,,,,,643.8,0.565,2672.405,2.345,-334.625,-0.294
03/05/2026,2026-05-03,11,[01:30-01:45[,2026-05-03 00:30,1113.864,12946.466,11.623,9680.223,8.691,,,,,672.8,0.604,2672.238,2.399,-78.794,-0.071
03/05/2026,2026-05-03,12,[01:45-02:00[,2026-05-03 00:45,1098.932,14238.462,12.957,10099.875,9.191,,,,,591.6,0.538,2672.395,2.432,874.591,0.796
03/05/2026,2026-05-03,13,[02:00-02:15[,2026-05-03 01:00,1082.683,12222.543,11.289,9478.48,8.755,,,,,467.04,0.431,2672.968,2.469,-395.945,-0.366
03/05/2026,2026-05-03,14,[02:15-02:30[,2026-05-03 01:15,1083.106,12569.135,11.605,9706.202,8.961,,,,,494.84,0.457,2626.88,2.425,-258.787,-0.239
03/05/2026,2026-05-03,15,[02:30-02:45[,2026-05-03 01:30,1078.516,11961.277,11.09,9710.441,9.004,,,,,494.84,0.459,2631.399,2.44,-875.403,-0.812
03/05/2026,2026-05-03,16,[02:45-03:00[,2026-05-03 01:45,1039.811,8151.324,7.839,9723.156,9.351,,,,,494.84,0.476,2635.595,2.535,-4702.268,-4.522
03/05/2026,2026-05-03,17,[03:00-03:15[,2026-05-03 02:00,1051.559,12628.077,12.009,10171.765,9.673,,,,,645.84,0.614,2636.555,2.507,-826.083,-0.786
03/05/2026,2026-05-03,18,[03:15-03:30[,2026-05-03 02:15,1046.852,13107.667,12.521,10171.765,9.717,,,,,712.08,0.68,2633.546,2.516,-409.724,-0.391
03/05/2026,2026-05-03,19,[03:30-03:45[,2026-05-03 02:30,1022.274,13418.25,13.126,9982.355,9.765,,,,,723.12,0.707,2637.821,2.58,74.954,0.073
03/05/2026,2026-05-03,20,[03:45-04:00[,2026-05-03 02:45,1026.215,12372.67,12.057,9710.441,9.462,,,,,645.84,0.629,2644.052,2.577,-627.663,-0.612
03/05/2026,2026-05-03,21,[04:00-04:15[,2026-05-03 03:00,1024.772,14574.559,14.222,11179.13,10.909,,,,,761.4,0.743,2624.405,2.561,9.625,0.009
03/05/2026,2026-05-03,22,[04:15-04:30[,2026-05-03 03:15,1015.345,14409.713,14.192,11072.119,10.905,,,,,761.4,0.75,2615.568,2.576,-39.374,-0.039
03/05/2026,2026-05-03,23,[04:30-04:45[,2026-05-03 03:30,999.539,13451.58,13.458,10617.258,10.622,,,,,721.92,0.722,2616.211,2.617,-503.808,-0.504
03/05/2026,2026-05-03,24,[04:45-05:00[,2026-05-03 03:45,1016.031,13460.317,13.248,10617.258,10.45,,,,,721.92,0.711,2616.044,2.575,-494.904,-0.487
03/05/2026,2026-05-03,25,[05:00-05:15[,2026-05-03 04:00,1020.903,13002.972,12.737,10770.07,10.55,,,,,721.92,0.707,2611.827,2.558,-1100.845,-1.078
03/05/2026,2026-05-03,26,[05:15-05:30[,2026-05-03 04:15,1014.83,12678.366,12.493,10579.758,10.425,,,,,648.6,0.639,2606.157,2.568,-1156.149,-1.139
03/05/2026,2026-05-03,27,[05:30-05:45[,2026-05-03 04:30,1002.41,13295.756,13.264,10193.855,10.169,,,,,586.56,0.585,2601.216,2.595,-85.876,-0.086
03/05/2026,2026-05-03,28,[05:45-06:00[,2026-05-03 04:45,1022.195,12903.556,12.623,10120.535,9.901,,,,,564,0.552,2594.089,2.538,-375.068,-0.367
03/05/2026,2026-05-03,29,[06:00-06:15[,2026-05-03 05:00,1027.417,12839.93,12.497,8952.119,8.713,,,,,4120.2,4.01,2593.653,2.524,-2826.041,-2.751
03/05/2026,2026-05-03,30,[06:15-06:30[,2026-05-03 05:15,1017.557,15217.514,14.955,8952.043,8.798,,,,,4120.2,4.049,2590.676,2.546,-445.405,-0.438
03/05/2026,2026-05-03,31,[06:30-06:45[,2026-05-03 05:30,988.942,16225.264,16.407,9100.093,9.202,,,,,4120.2,4.166,2590.164,2.619,414.807,0.419
03/05/2026,2026-05-03,32,[06:45-07:00[,2026-05-03 05:45,1006.284,16597.216,16.494,10238.943,10.175,,,,,4120.2,4.094,2586.766,2.571,-348.693,-0.347
03/05/2026,2026-05-03,33,[07:00-07:15[,2026-05-03 06:00,1025.716,16773.244,16.353,10338.318,10.079,,,,,5065.6,4.939,2584.989,2.52,-1215.663,-1.185
03/05/2026,2026-05-03,34,[07:15-07:30[,2026-05-03 06:15,1014.041,17848.378,17.601,11368.589,11.211,,,,,4804.8,4.738,2582.243,2.546,-907.254,-0.895
03/05/2026,2026-05-03,35,[07:30-07:45[,2026-05-03 06:30,1034.816,20276.725,19.595,12250.861,11.839,,,,,7016.16,6.78,2575.044,2.488,-1565.34,-1.513
03/05/2026,2026-05-03,36,[07:45-08:00[,2026-05-03 06:45,1036.808,20562.311,19.832,12272.961,11.837,,,,,7084.58,6.833,2568.014,2.477,-1363.244,-1.315
03/05/2026,2026-05-03,37,[08:00-08:15[,2026-05-03 07:00,1055.882,20882.299,19.777,12272.967,11.623,,,,,7248.08,6.864,2567.863,2.432,-1206.611,-1.143
03/05/2026,2026-05-03,38,[08:15-08:30[,2026-05-03 07:15,1081.838,21999.875,20.336,12822.55,11.853,,,,,8004.76,7.399,2577.22,2.382,-1404.655,-1.298
03/05/2026,2026-05-03,39,[08:30-08:45[,2026-05-03 07:30,1109.985,24160.49,21.767,14012.238,12.624,,,,,8792.8,7.922,2549.989,2.297,-1194.537,-1.076
03/05/2026,2026-05-03,40,[08:45-09:00[,2026-05-03 07:45,1148.181,25255.325,21.996,15130.675,13.178,,,,,7735.882,6.738,2555.467,2.226,-166.699,-0.145
03/05/2026,2026-05-03,41,[09:00-09:15[,2026-05-03 08:00,1158.583,23020.914,19.87,15130.675,13.06,,,,,8846.58,7.636,2546.174,2.198,-3502.515,-3.023
03/05/2026,2026-05-03,42,[09:15-09:30[,2026-05-03 08:15,1197.554,24159.76,20.174,15533.8,12.971,,,,,9213.568,7.694,2545.419,2.126,-3133.027,-2.616
03/05/2026,2026-05-03,43,[09:30-09:45[,2026-05-03 08:30,1221.781,25430.205,20.814,15795.363,12.928,,,,,9463.168,7.745,2553.645,2.09,-2381.97,-1.95
03/05/2026,2026-05-03,44,[09:45-10:00[,2026-05-03 08:45,1224.562,25143.367,20.533,15886.3,12.973,,,,,9296.112,7.591,2561.806,2.092,-2600.851,-2.124
03/05/2026,2026-05-03,45,[10:00-10:15[,2026-05-03 09:00,1262.142,23711.401,18.787,15909.738,12.605,,,,,9296.112,7.365,2521.909,1.998,-4016.358,-3.182
03/05/2026,2026-05-03,46,[10:15-10:30[,2026-05-03 09:15,1279.869,24738.304,19.329,15932.238,12.448,,,,,9363.344,7.316,2551.835,1.994,-3109.113,-2.429
03/05/2026,2026-05-03,47,[10:30-10:45[,2026-05-03 09:30,1283.192,25525.204,19.892,15972.55,12.448,,,,,9418.712,7.34,2553.738,1.99,-2419.796,-1.886
03/05/2026,2026-05-03,48,[10:45-11:00[,2026-05-03 09:45,1297.068,27561.173,21.249,15979.113,12.319,,,,,9418.712,7.262,2535.573,1.955,-372.225,-0.287
03/05/2026,2026-05-03,49,[11:00-11:15[,2026-05-03 10:00,1313.592,32705.804,24.898,15977.238,12.163,,,457.313,0.348,10544.534,8.027,2534.515,1.929,3192.205,2.43
03/05/2026,2026-05-03,50,[11:15-11:30[,2026-05-03 10:15,1313.76,30068.562,22.887,15980.05,12.164,,,,,10551.112,8.031,2507.728,1.909,1029.672,0.784
03/05/2026,2026-05-03,51,[11:30-11:45[,2026-05-03 10:30,1306.995,26979.737,20.643,15980.05,12.227,,,,,9607.176,7.351,2432.834,1.861,-1040.324,-0.796
03/05/2026,2026-05-03,52,[11:45-12:00[,2026-05-03 10:45,1335.199,25965.141,19.447,15980.05,11.968,,,,,9607.176,7.195,2441.224,1.828,-2063.309,-1.545
03/05/2026,2026-05-03,53,[12:00-12:15[,2026-05-03 11:00,1339.891,26884.103,20.064,15980.988,11.927,,,,,8516.664,6.356,2462.567,1.838,-76.115,-0.057
03/05/2026,2026-05-03,54,[12:15-12:30[,2026-05-03 11:15,1343.912,26001.13,19.347,15980.988,11.891,,,,,8516.664,6.337,2468.433,1.837,-964.954,-0.718
03/05/2026,2026-05-03,55,[12:30-12:45[,2026-05-03 11:30,1327.37,25830.512,19.46,15980.988,12.04,,,,,8516.664,6.416,2407.887,1.814,-1075.026,-0.81
03/05/2026,2026-05-03,56,[12:45-13:00[,2026-05-03 11:45,1305.299,34459.5,26.4,15980.988,12.243,,,,,8544.744,6.546,2467.526,1.89,7466.242,5.72
03/05/2026,2026-05-03,57,[13:00-13:15[,2026-05-03 12:00,1288.988,23804.369,18.467,15980.988,12.398,,,,,8392.594,6.511,2429.277,1.885,-2998.49,-2.326
03/05/2026,2026-05-03,58,[13:15-13:30[,2026-05-03 12:15,1251.309,26190.679,20.931,15980.988,12.771,,,,,8544.744,6.829,2410.215,1.926,-745.268,-0.596
03/05/2026,2026-05-03,59,[13:30-13:45[,2026-05-03 12:30,1228.822,26725.828,21.749,15980.988,13.005,,,,,8348.184,6.794,2403.662,1.956,-7.005,-0.006
03/05/2026,2026-05-03,60,[13:45-14:00[,2026-05-03 12:45,1216.844,26440.575,21.729,15981.925,13.134,,,,,8376.264,6.884,2436.157,2.002,-353.771,-0.291
03/05/2026,2026-05-03,61,[14:00-14:15[,2026-05-03 13:00,1188.082,22360.106,18.82,15980.988,13.451,,,,,4608,3.879,2441.392,2.055,-670.273,-0.564
03/05/2026,2026-05-03,62,[14:15-14:30[,2026-05-03 13:15,1187.315,22779.751,19.186,15980.988,13.46,,,,,4608,3.881,2403.359,2.024,-212.596,-0.179
03/05/2026,2026-05-03,63,[14:30-14:45[,2026-05-03 13:30,1169.346,22795.113,19.494,15980.988,13.667,,,,,4608,3.941,2418.516,2.068,-212.39,-0.182
03/05/2026,2026-05-03,64,[14:45-15:00[,2026-05-03 13:45,1155.614,23093.709,19.984,15980.988,13.829,,,,,4592,3.974,2422.957,2.097,97.765,0.085
03/05/2026,2026-05-03,65,[15:00-15:15[,2026-05-03 14:00,1144.801,27528.894,24.047,15980.988,13.96,,,,,8365.014,7.307,2432.838,2.125,750.055,0.655
03/05/2026,2026-05-03,66,[15:15-15:30[,2026-05-03 14:15,1134.256,26827.492,23.652,15980.988,14.089,,,,,8516.664,7.509,2427.621,2.14,-97.781,-0.086
03/05/2026,2026-05-03,67,[15:30-15:45[,2026-05-03 14:30,1126.062,24299.765,21.579,15980.05,14.191,,,,,8482.538,7.533,2416.079,2.146,-2578.902,-2.29
03/05/2026,2026-05-03,68,[15:45-16:00[,2026-05-03 14:45,1126.412,26022.248,23.102,15980.05,14.187,,,,,8488.584,7.536,2481.882,2.203,-928.268,-0.824
03/05/2026,2026-05-03,69,[16:00-16:15[,2026-05-03 15:00,1112.388,28212.105,25.362,15979.113,14.365,,,,,9396.756,8.447,2437.086,2.191,399.15,0.359
03/05/2026,2026-05-03,70,[16:15-16:30[,2026-05-03 15:15,1126.518,28155.994,24.994,15901.3,14.115,,,,,9334.236,8.286,2380.313,2.113,540.144,0.479
03/05/2026,2026-05-03,71,[16:30-16:45[,2026-05-03 15:30,1132.653,27190.504,24.006,15647.238,13.815,,,,,9350.144,8.255,2372.002,2.094,-178.879,-0.158
03/05/2026,2026-05-03,72,[16:45-17:00[,2026-05-03 15:45,1133.075,26941.035,23.777,15089.425,13.317,,,,,9986.88,8.814,2390.587,2.11,-525.857,-0.464
03/05/2026,2026-05-03,73,[17:00-17:15[,2026-05-03 16:00,1127.978,29973.111,26.572,15691.3,13.911,,,,,12035.16,10.67,2423.063,2.148,-176.412,-0.156
03/05/2026,2026-05-03,74,[17:15-17:30[,2026-05-03 16:15,1157.864,28675.336,24.766,15005.988,12.96,,,,,11247.38,9.714,2477.528,2.14,-55.559,-0.048
03/05/2026,2026-05-03,75,[17:30-17:45[,2026-05-03 16:30,1186.514,27818.536,23.446,14105.05,11.888,,,,,10214.66,8.609,2425.419,2.044,1073.407,0.905
03/05/2026,2026-05-03,76,[17:45-18:00[,2026-05-03 16:45,1207.72,24261.533,20.089,12275.225,10.164,,,,,7579.9,6.276,2403.046,1.99,2003.363,1.659
03/05/2026,2026-05-03,77,[18:00-18:15[,2026-05-03 17:00,1204.224,22356.623,18.565,12234.501,10.16,,,,,6104.224,5.069,2403.451,1.996,1614.448,1.341
03/05/2026,2026-05-03,78,[18:15-18:30[,2026-05-03 17:15,1241.438,16534.715,13.319,10462.712,8.428,,,,,5129.6,4.132,2419.597,1.949,-1477.194,-1.19
03/05/2026,2026-05-03,79,[18:30-18:45[,2026-05-03 17:30,1278.541,13137.234,10.275,8490.518,6.641,,,,,5059.68,3.957,2455.862,1.921,-2868.826,-2.244
03/05/2026,2026-05-03,80,[18:45-19:00[,2026-05-03 17:45,1297.409,11265.261,8.683,8125.54,6.263,,,,,3451.17,2.66,2446.534,1.886,-2757.984,-2.126
03/05/2026,2026-05-03,81,[19:00-19:15[,2026-05-03 18:00,1340.456,12490.914,9.318,8480.085,6.326,,,,,3034.5,2.264,2470.047,1.843,-1493.718,-1.114
03/05/2026,2026-05-03,82,[19:15-19:30[,2026-05-03 18:15,1371.012,11141.329,8.126,7943.14,5.794,,,,,1543.26,1.126,2458.624,1.793,-803.695,-0.586
03/05/2026,2026-05-03,83,[19:30-19:45[,2026-05-03 18:30,1396.152,6971.255,4.993,6929.945,4.964,,,,,2184.84,1.565,2445.505,1.752,-4589.035,-3.287
03/05/2026,2026-05-03,84,[19:45-20:00[,2026-05-03 18:45,1420.222,10058.427,7.082,6460.893,4.549,,,,,1658.86,1.168,2370.679,1.669,-432.005,-0.304
03/05/2026,2026-05-03,85,[20:00-20:15[,2026-05-03 19:00,1443.502,7159.053,4.96,6950.853,4.815,,,,,577.32,0.4,2152.986,1.492,-2522.106,-1.747
03/05/2026,2026-05-03,86,[20:15-20:30[,2026-05-03 19:15,1453.23,7252.872,4.991,6648.513,4.575,,,,,498.08,0.343,2176.7,1.498,-2070.42,-1.425
03/05/2026,2026-05-03,87,[20:30-20:45[,2026-05-03 19:30,1466.048,8711.061,5.942,6770.398,4.618,,,,,566,0.386,2090.7,1.426,-716.036,-0.488
03/05/2026,2026-05-03,88,[20:45-21:00[,2026-05-03 19:45,1494.69,8704.874,5.824,6951.335,4.651,,,,,690.52,0.462,2101.328,1.406,-1038.309,-0.695
03/05/2026,2026-05-03,89,[21:00-21:15[,2026-05-03 20:00,1490.036,8055.855,5.406,7185.003,4.822,,,,,618,0.415,2048.547,1.375,-1795.694,-1.205
03/05/2026,2026-05-03,90,[21:15-21:30[,2026-05-03 20:15,1468.381,8813.652,6.002,7203.753,4.906,,,,,753.96,0.513,2032.592,1.384,-1176.653,-0.801
03/05/2026,2026-05-03,91,[21:30-21:45[,2026-05-03 20:30,1454.36,6570.987,4.518,7110.003,4.889,,,,,618,0.425,2049.192,1.409,-3206.208,-2.205
03/05/2026,2026-05-03,92,[21:45-22:00[,2026-05-03 20:45,1434.18,6921.863,4.826,7326.565,5.109,,,,,618,0.431,2048.359,1.428,-3071.061,-2.141
03/05/2026,2026-05-03,93,[22:00-22:15[,2026-05-03 21:00,1449.905,8738.372,6.027,7297.503,5.033,,,,,650.946,0.449,2351.758,1.622,-1561.835,-1.077
03/05/2026,2026-05-03,94,[22:15-22:30[,2026-05-03 21:15,1421.35,10048.964,7.07,7823.44,5.504,,,,,797.226,0.561,2352.381,1.655,-924.084,-0.65
03/05/2026,2026-05-03,95,[22:30-22:45[,2026-05-03 21:30,1408.367,10249.996,7.278,8097.19,5.749,,,,,804.54,0.571,2352.838,1.671,-1004.572,-0.713
03/05/2026,2026-05-03,96,[22:45-23:00[,2026-05-03 21:45,1357,12390.6,9.131,8566.01,6.312,,,,,1155.612,0.852,2330.848,1.718,338.131,0.249
04/05/2026,2026-05-04,1,[23:00-23:15[,2026-05-03 22:00,1341.922,10714.432,7.984,5472.913,4.078,,,,,2181.2,1.625,2328.694,1.735,731.626,0.545
04/05/2026,2026-05-04,2,[23:15-23:30[,2026-05-03 22:15,1317.598,9518.811,7.224,5486.471,4.164,,,,,2181.2,1.655,2331.054,1.769,-479.915,-0.364
04/05/2026,2026-05-04,3,[23:30-23:45[,2026-05-03 22:30,1282.551,13412.777,10.458,5879.284,4.584,,,,,1473.9,1.149,2330.812,1.817,3728.782,2.907
04/05/2026,2026-05-04,4,[23:45-00:00[,2026-05-03 22:45,1262.121,9745.415,7.721,6366.784,5.045,,,,,1473.9,1.168,2326.224,1.843,-421.493,-0.334
04/05/2026,2026-05-04,5,[00:00-00:15[,2026-05-03 23:00,1251.394,7950.233,6.353,5870.31,4.691,,,,,1297.1,1.037,2419.121,1.933,-1636.298,-1.308
04/05/2026,2026-05-04,6,[00:15-00:30[,2026-05-03 23:15,1233.201,9511.954,7.713,6352.185,5.151,,,,,1297.1,1.052,2392.493,1.94,-529.824,-0.43
04/05/2026,2026-05-04,7,[00:30-00:45[,2026-05-03 23:30,1194.294,8960.873,7.503,6359.685,5.325,,,,,1297.1,1.086,2448.058,2.05,-1143.97,-0.958
04/05/2026,2026-05-04,8,[00:45-01:00[,2026-05-03 23:45,1184.519,12617.854,10.652,6665.31,5.627,,,,,1330.42,1.123,2514.481,2.123,2107.643,1.779
04/05/2026,2026-05-04,9,[01:00-01:15[,2026-05-04 00:00,1175.77,9010.069,7.663,6647.498,5.654,,,,,1206.66,1.026,2619.84,2.228,-1463.928,-1.245
04/05/2026,2026-05-04,10,[01:15-01:30[,2026-05-04 00:15,1132.569,11315.489,9.991,6812.498,6.015,,,,,1249.5,1.103,2551.619,2.253,701.872,0.62
04/05/2026,2026-05-04,11,[01:30-01:45[,2026-05-04 00:30,1118.611,12496.68,11.172,7260.623,6.491,,,,,1249.5,1.117,2471.774,2.21,1514.783,1.354
04/05/2026,2026-05-04,12,[01:45-02:00[,2026-05-04 00:45,1099.127,11751.327,10.692,7404.998,6.737,,,,,1249.5,1.137,2395.833,2.18,700.996,0.638
04/05/2026,2026-05-04,13,[02:00-02:15[,2026-05-04 01:00,1104.96,10567.502,9.564,7134.998,6.457,,,,,1203.6,1.089,2575.578,2.331,-346.673,-0.314
04/05/2026,2026-05-04,14,[02:15-02:30[,2026-05-04 01:15,1092.94,11411.889,10.441,7313.123,6.691,,,,,1203.6,1.101,2671.393,2.444,223.774,0.205
04/05/2026,2026-05-04,15,[02:30-02:45[,2026-05-04 01:30,1098.598,10300.851,9.376,7404.998,6.74,,,,,1203.6,1.096,2671.789,2.432,-979.536,-0.892
04/05/2026,2026-05-04,16,[02:45-03:00[,2026-05-04 01:45,1095.888,11859.708,10.822,7489.373,6.834,,,,,1203.6,1.098,2666.831,2.433,499.904,0.456
04/05/2026,2026-05-04,17,[03:00-03:15[,2026-05-04 02:00,1091.71,11085.259,10.154,7344.06,6.727,,,,,1218.9,1.117,2647.115,2.425,-124.815,-0.114
04/05/2026,2026-05-04,18,[03:15-03:30[,2026-05-04 02:15,1075.917,11184.755,10.396,7266.248,6.754,,,,,1218.9,1.133,2590.588,2.408,109.019,0.101
04/05/2026,2026-05-04,19,[03:30-03:45[,2026-05-04 02:30,1079.672,11561.164,10.708,7337.498,6.796,,,,,1218.9,1.129,2648.169,2.453,356.597,0.33
04/05/2026,2026-05-04,20,[03:45-04:00[,2026-05-04 02:45,1086.469,10960.654,10.088,7216.56,6.642,,,,,1218.9,1.122,2678.571,2.465,-153.377,-0.141
04/05/2026,2026-05-04,21,[04:00-04:15[,2026-05-04 03:00,1061.607,7254.3,6.833,6812.498,6.417,,,,,1219.512,1.149,2673.747,2.519,-3451.456,-3.251
04/05/2026,2026-05-04,22,[04:15-04:30[,2026-05-04 03:15,1082.79,7563.472,6.985,6664.373,6.155,,,,,1259.7,1.163,2651.009,2.448,-3011.609,-2.781
04/05/2026,2026-05-04,23,[04:30-04:45[,2026-05-04 03:30,1076.065,11039.103,10.259,6624.998,6.157,,,,,1216.18,1.13,2583.839,2.401,614.087,0.571
04/05/2026,2026-05-04,24,[04:45-05:00[,2026-05-04 03:45,1095.725,9711.224,8.863,6534.998,5.964,,,,,1216.18,1.11,2644.867,2.414,-684.821,-0.625
04/05/2026,2026-05-04,25,[05:00-05:15[,2026-05-04 04:00,1089.182,9622.402,8.835,6236.864,5.726,,,,,1287.58,1.182,2737.512,2.513,-639.553,-0.587
04/05/2026,2026-05-04,26,[05:15-05:30[,2026-05-04 04:15,1105.78,8834.35,7.989,5870.301,5.309,,,,,1336.2,1.208,2670.755,2.415,-1042.907,-0.943
04/05/2026,2026-05-04,27,[05:30-05:45[,2026-05-04 04:30,1116.542,9750.134,8.732,5800.926,5.195,,,,,1336.2,1.197,2629.933,2.355,-16.925,-0.015
04/05/2026,2026-05-04,28,[05:45-06:00[,2026-05-04 04:45,1125.755,11175.468,9.927,5672.559,5.039,,,,,1336.2,1.187,2594.437,2.305,1572.272,1.397
04/05/2026,2026-05-04,29,[06:00-06:15[,2026-05-04 05:00,1179.449,6269.277,5.315,4419.82,3.747,,,,,2219.2,1.882,2645.614,2.243,-3015.357,-2.557
04/05/2026,2026-05-04,30,[06:15-06:30[,2026-05-04 05:15,1202.199,3978.325,3.309,1923.043,1.6,,,,,2219.2,1.846,2710.422,2.255,-2874.339,-2.391
04/05/2026,2026-05-04,31,[06:30-06:45[,2026-05-04 05:30,1220.184,6923.483,5.674,1822.193,1.493,,,,,2219.2,1.819,2732.85,2.24,149.24,0.122
04/05/2026,2026-05-04,32,[06:45-07:00[,2026-05-04 05:45,1248.945,7169.304,5.74,1923.208,1.54,,,,,2219.2,1.777,2723.509,2.181,303.386,0.243
04/05/2026,2026-05-04,33,[07:00-07:15[,2026-05-04 06:00,1317.199,11457.728,8.699,1782.036,1.353,,,,,3429.9,2.604,2697.066,2.048,3548.726,2.694
04/05/2026,2026-05-04,34,[07:15-07:30[,2026-05-04 06:15,1365.629,6414.878,4.697,4725.918,3.461,,,,,2348.4,1.72,2716.598,1.989,-3376.038,-2.472
04/05/2026,2026-05-04,35,[07:30-07:45[,2026-05-04 06:30,1393.827,11579.481,8.308,5731.947,4.112,,,,,1621.8,1.164,2654.438,1.904,1571.296,1.127
04/05/2026,2026-05-04,36,[07:45-08:00[,2026-05-04 06:45,1426.663,14573.99,10.215,6654.661,4.664,,,,,1621.8,1.137,2719.349,1.906,3578.179,2.508
04/05/2026,2026-05-04,37,[08:00-08:15[,2026-05-04 07:00,1491.153,11393.689,7.641,6638.195,4.452,,,,,1591.2,1.067,2649.956,1.777,514.338,0.345
04/05/2026,2026-05-04,38,[08:15-08:30[,2026-05-04 07:15,1533.305,9352.288,6.099,7127.916,4.649,,,,,2302.8,1.502,2808.449,1.832,-2886.876,-1.883
04/05/2026,2026-05-04,39,[08:30-08:45[,2026-05-04 07:30,1542.701,14029.606,9.094,8876.407,5.754,,,,,2302.8,1.493,2820.288,1.828,30.111,0.02
04/05/2026,2026-05-04,40,[08:45-09:00[,2026-05-04 07:45,1566.664,19488.504,12.439,10657.742,6.803,,,,,5300.38,3.383,2867.991,1.831,662.391,0.423
04/05/2026,2026-05-04,41,[09:00-09:15[,2026-05-04 08:00,1574.154,17689.429,11.237,10387.463,6.599,,,,,5682.18,3.61,2879.729,1.829,-1259.942,-0.8
04/05/2026,2026-05-04,42,[09:15-09:30[,2026-05-04 08:15,1592.178,19812.388,12.444,11199.9,7.034,,,,,6498,4.081,2816.128,1.769,-701.64,-0.441
04/05/2026,2026-05-04,43,[09:30-09:45[,2026-05-04 08:30,1569.088,24039.971,15.321,13279.65,8.463,,,,,8320.4,5.303,2772.537,1.767,-332.616,-0.212
04/05/2026,2026-05-04,44,[09:45-10:00[,2026-05-04 08:45,1562.115,25534.937,16.346,13831.31,8.854,,,,,9466.16,6.06,2696.911,1.726,-459.444,-0.294
04/05/2026,2026-05-04,45,[10:00-10:15[,2026-05-04 09:00,1556.882,29769.609,19.121,15200.55,9.763,,,,,10522.8,6.759,2616.288,1.68,1429.971,0.918
04/05/2026,2026-05-04,46,[10:15-10:30[,2026-05-04 09:15,1546.041,31975.941,20.682,15592.9,10.086,,,,,11388.6,7.366,2746.66,1.777,2247.782,1.454
04/05/2026,2026-05-04,47,[10:30-10:45[,2026-05-04 09:30,1562.524,30286.232,19.383,15768.9,10.092,,,,,11521.8,7.374,2754.677,1.763,240.855,0.154
04/05/2026,2026-05-04,48,[10:45-11:00[,2026-05-04 09:45,1564.713,31960.897,20.426,15806.3,10.102,,,,,11588.4,7.406,2707.253,1.73,1858.945,1.188
04/05/2026,2026-05-04,49,[11:00-11:15[,2026-05-04 10:00,1553.114,30348.102,19.54,15839.838,10.199,,,,,12006.2,7.73,2598.071,1.673,-96.006,-0.062
04/05/2026,2026-05-04,50,[11:15-11:30[,2026-05-04 10:15,1562.816,19674.85,12.589,15868.815,10.154,,,,,11868,7.594,2584.265,1.654,-10646.23,-6.812
04/05/2026,2026-05-04,51,[11:30-11:45[,2026-05-04 10:30,1558.723,28226.074,18.108,15882.15,10.189,,,,,12074.4,7.746,2462.167,1.58,-2192.643,-1.407
04/05/2026,2026-05-04,52,[11:45-12:00[,2026-05-04 10:45,1542.706,21224.155,13.758,15882.15,10.295,,,,,12074.4,7.827,2386.525,1.547,-9118.92,-5.911
04/05/2026,2026-05-04,53,[12:00-12:15[,2026-05-04 11:00,1523.171,28357.004,18.617,15882.15,10.427,,,,,10207.02,6.701,2320.658,1.524,-52.824,-0.035
04/05/2026,2026-05-04,54,[12:15-12:30[,2026-05-04 11:15,1510.779,17791.503,11.776,15913.088,10.533,,,,,10611.32,7.024,2301.709,1.524,-11034.614,-7.304
04/05/2026,2026-05-04,55,[12:30-12:45[,2026-05-04 11:30,1486.619,28413.024,19.113,15913.088,10.704,,,,,10748.16,7.23,2246.211,1.511,-494.435,-0.333
04/05/2026,2026-05-04,56,[12:45-13:00[,2026-05-04 11:45,1460.514,29705.57,20.339,15959.963,10.928,,,333.819,0.229,10791.7,7.389,2126.826,1.456,493.263,0.338
04/05/2026,2026-05-04,57,[13:00-13:15[,2026-05-04 12:00,1446.852,22394.874,15.478,15959.963,11.031,,,,,9878.168,6.827,2283.699,1.578,-5726.955,-3.958
04/05/2026,2026-05-04,58,[13:15-13:30[,2026-05-04 12:15,1443.398,28649.202,19.848,15959.963,11.057,,,,,10437.336,7.231,2296.893,1.591,-44.989,-0.031
04/05/2026,2026-05-04,59,[13:30-13:45[,2026-05-04 12:30,1456.094,29286.544,20.113,15960.9,10.961,,,,,10774.764,7.4,2503.58,1.719,47.3,0.032
04/05/2026,2026-05-04,60,[13:45-14:00[,2026-05-04 12:45,1454.875,28792.18,19.79,15960.9,10.971,,,,,10240.776,7.039,2539.002,1.745,51.502,0.035
04/05/2026,2026-05-04,61,[14:00-14:15[,2026-05-04 13:00,1465.986,28916.386,19.725,15960.9,10.887,,,,,10437.336,7.12,2298.81,1.568,219.34,0.15
04/05/2026,2026-05-04,62,[14:15-14:30[,2026-05-04 13:15,1457.577,28516.039,19.564,15960.9,10.95,,,,,10437.336,7.161,2244.808,1.54,-127.005,-0.087
04/05/2026,2026-05-04,63,[14:30-14:45[,2026-05-04 13:30,1455.013,28991.133,19.925,15960.9,10.97,,,,,10437.336,7.173,2226.533,1.53,366.363,0.252
04/05/2026,2026-05-04,64,[14:45-15:00[,2026-05-04 13:45,1439.093,29028.043,20.171,15960.9,11.091,,,,,10437.336,7.253,2288.536,1.59,341.271,0.237
04/05/2026,2026-05-04,65,[15:00-15:15[,2026-05-04 14:00,1426.672,25426.195,17.822,15960.9,11.188,,,,,10044.216,7.04,2263.477,1.587,-2842.398,-1.992
04/05/2026,2026-05-04,66,[15:15-15:30[,2026-05-04 14:15,1419.673,27152.051,19.126,15960.9,11.243,,,,,10044.216,7.075,2299.748,1.62,-1152.813,-0.812
04/05/2026,2026-05-04,67,[15:30-15:45[,2026-05-04 14:30,1417.418,28342.423,19.996,15960.9,11.261,,,,,10437.336,7.364,2285.537,1.612,-341.35,-0.241
04/05/2026,2026-05-04,68,[15:45-16:00[,2026-05-04 14:45,1406.62,28110.435,19.984,15960.9,11.347,,,,,10437.336,7.42,2134.743,1.518,-422.544,-0.3
04/05/2026,2026-05-04,69,[16:00-16:15[,2026-05-04 15:00,1408.416,29360.714,20.847,15959.963,11.332,,,,,10761.678,7.641,2126.629,1.51,512.445,0.364
04/05/2026,2026-05-04,70,[16:15-16:30[,2026-05-04 15:15,1413.398,28852.368,20.413,15959.963,11.292,,,,,10742.004,7.6,2063.106,1.46,87.296,0.062
04/05/2026,2026-05-04,71,[16:30-16:45[,2026-05-04 15:30,1432.097,29457.89,20.57,15913.088,11.112,,,,,10938.564,7.638,2066.324,1.443,539.914,0.377
04/05/2026,2026-05-04,72,[16:45-17:00[,2026-05-04 15:45,1439.577,28600.118,19.867,15882.15,11.033,,,,,11518.34,8.001,2081.445,1.446,-881.818,-0.613
04/05/2026,2026-05-04,73,[17:00-17:15[,2026-05-04 16:00,1414.499,27692.463,19.578,15906.525,11.245,,,,,10514.1,7.433,1786.331,1.263,-514.493,-0.364
04/05/2026,2026-05-04,74,[17:15-17:30[,2026-05-04 16:15,1423.989,27318.255,19.184,15823.9,11.112,,,,,10368.66,7.281,1832.214,1.287,-706.52,-0.496
04/05/2026,2026-05-04,75,[17:30-17:45[,2026-05-04 16:30,1444.015,27066.388,18.744,15684.75,10.862,,,,,9986.88,6.916,2102.969,1.456,-708.211,-0.49
04/05/2026,2026-05-04,76,[17:45-18:00[,2026-05-04 16:45,1467.185,26790.866,18.26,15108.4,10.298,,,,,9664.2,6.587,2071.507,1.412,-53.24,-0.036
04/05/2026,2026-05-04,77,[18:00-18:15[,2026-05-04 17:00,1479.48,29770.719,20.122,15468.828,10.456,,,,,9762.08,6.598,2080.438,1.406,2459.373,1.662
04/05/2026,2026-05-04,78,[18:15-18:30[,2026-05-04 17:15,1505.724,20890.635,13.874,11980.683,7.957,,,,,6018,3.997,2071.685,1.376,820.267,0.545
04/05/2026,2026-05-04,79,[18:30-18:45[,2026-05-04 17:30,1532.228,11767.387,7.68,10313.942,6.731,,,,,1499.4,0.979,2170.091,1.416,-2216.047,-1.446
04/05/2026,2026-05-04,80,[18:45-19:00[,2026-05-04 17:45,1578.261,12315.463,7.803,8335.591,5.282,,,,,1470.15,0.931,2261.107,1.433,248.615,0.158
04/05/2026,2026-05-04,81,[19:00-19:15[,2026-05-04 18:00,1611.461,11040.531,6.851,8315.959,5.161,,,,,1263.78,0.784,2248.576,1.395,-787.783,-0.489
04/05/2026,2026-05-04,82,[19:15-19:30[,2026-05-04 18:15,1654.712,8596.749,5.195,7196.498,4.349,,,,,1230.46,0.744,2186.572,1.321,-2016.78,-1.219
04/05/2026,2026-05-04,83,[19:30-19:45[,2026-05-04 18:30,1689.408,8313.097,4.921,6738.325,3.989,,,,,1230.46,0.728,2233.316,1.322,-1889.004,-1.118
04/05/2026,2026-05-04,84,[19:45-20:00[,2026-05-04 18:45,1721.429,8915.77,5.179,6387.919,3.711,,,,,1263.78,0.734,2209,1.283,-944.929,-0.549
04/05/2026,2026-05-04,85,[20:00-20:15[,2026-05-04 19:00,1743.148,8649.25,4.962,5637.863,3.234,,,,,1367.072,0.784,2328.295,1.336,-683.979,-0.392
04/05/2026,2026-05-04,86,[20:15-20:30[,2026-05-04 19:15,1755.382,5987.709,3.411,5298.488,3.018,,,,,1367.072,0.779,2366.838,1.348,-3044.688,-1.734
04/05/2026,2026-05-04,87,[20:30-20:45[,2026-05-04 19:30,1769.122,5590.147,3.16,5274.113,2.981,,,,,1367.072,0.773,2434.739,1.376,-3485.776,-1.97
04/05/2026,2026-05-04,88,[20:45-21:00[,2026-05-04 19:45,1784.831,5233.597,2.932,5201.925,2.915,,,,,1489.2,0.834,2240.838,1.255,-3698.366,-2.072
04/05/2026,2026-05-04,89,[21:00-21:15[,2026-05-04 20:00,1771.742,7930.575,4.476,4963.68,2.802,,,,,1540.2,0.869,2385.349,1.346,-958.654,-0.541
04/05/2026,2026-05-04,90,[21:15-21:30[,2026-05-04 20:15,1752.692,8697.816,4.963,5120.141,2.921,,,,,1540.2,0.879,2415.595,1.378,-378.12,-0.216
04/05/2026,2026-05-04,91,[21:30-21:45[,2026-05-04 20:30,1728.519,4980.935,2.882,5234.883,3.029,,,,,1616.7,0.935,2465.754,1.427,-4336.402,-2.509
04/05/2026,2026-05-04,92,[21:45-22:00[,2026-05-04 20:45,1687.276,5215.119,3.091,5257.668,3.116,,,,,1616.7,0.958,2418.714,1.434,-4077.963,-2.417
04/05/2026,2026-05-04,93,[22:00-22:15[,2026-05-04 21:00,1648.245,9344.536,5.669,5329.546,3.233,,,,,1611.6,0.978,2428.554,1.473,-25.164,-0.015
04/05/2026,2026-05-04,94,[22:15-22:30[,2026-05-04 21:15,1616.121,6065.071,3.753,5352.764,3.312,,,,,1543.05,0.955,2444.476,1.513,-3275.219,-2.027
04/05/2026,2026-05-04,95,[22:30-22:45[,2026-05-04 21:30,1580.216,6577.409,4.162,5695.131,3.604,,,,,1543.05,0.976,2473.879,1.566,-3134.651,-1.984
04/05/2026,2026-05-04,96,[22:45-23:00[,2026-05-04 21:45,1535.555,5786.872,3.769,5696.246,3.71,,,,,1543.05,1.005,2427.194,1.581,-3879.618,-2.527
05/05/2026,2026-05-05,1,[23:00-23:15[,2026-05-04 22:00,1510.923,5992.198,3.966,6983.875,4.622,,,,,710.658,0.47,2718.19,1.799,-4420.525,-2.926
05/05/2026,2026-05-05,2,[23:15-23:30[,2026-05-04 22:15,1475.122,11139.899,7.552,7470.188,5.064,,,,,1075.098,0.729,2770.789,1.878,-176.175,-0.119
05/05/2026,2026-05-05,3,[23:30-23:45[,2026-05-04 22:30,1429.76,10434.714,7.298,8132.825,5.688,,,,,783.546,0.548,2816.493,1.97,-1298.15,-0.908
05/05/2026,2026-05-05,4,[23:45-00:00[,2026-05-04 22:45,1384.815,13036.736,9.414,8478.463,6.122,,,,,1038.654,0.75,2747.886,1.984,771.733,0.557
05/05/2026,2026-05-05,5,[00:00-00:15[,2026-05-04 23:00,1361.771,8714.174,6.399,9027.138,6.629,,,,,637.77,0.468,2727.949,2.003,-3678.683,-2.701
05/05/2026,2026-05-05,6,[00:15-00:30[,2026-05-04 23:15,1340.212,12480.383,9.312,9364.588,6.987,,,,,607.4,0.453,2788.371,2.081,-279.975,-0.209
05/05/2026,2026-05-05,7,[00:30-00:45[,2026-05-04 23:30,1325.838,12327.351,9.298,9342.088,7.046,,,,,607.4,0.458,2769.212,2.089,-391.349,-0.295
05/05/2026,2026-05-05,8,[00:45-01:00[,2026-05-04 23:45,1312.448,11941.553,9.099,9580.713,7.3,,,,,607.4,0.463,2792.35,2.128,-1038.91,-0.792
05/05/2026,2026-05-05,9,[01:00-01:15[,2026-05-05 00:00,1288.833,11561.939,8.971,9603.213,7.451,,,,,911.26,0.707,2793.435,2.167,-1745.968,-1.355
05/05/2026,2026-05-05,10,[01:15-01:30[,2026-05-05 00:15,1260.742,13688.873,10.858,9822.713,7.791,,,,,1018.8,0.808,2790.168,2.213,57.192,0.045
05/05/2026,2026-05-05,11,[01:30-01:45[,2026-05-05 00:30,1257.436,15127.029,12.03,9842.45,7.827,,,,,2275.56,1.81,2757.018,2.193,252.002,0.2
05/05/2026,2026-05-05,12,[01:45-02:00[,2026-05-05 00:45,1238.78,15177.018,12.252,9935.463,8.02,,,,,2504.88,2.022,2715.903,2.192,20.773,0.017
05/05/2026,2026-05-05,13,[02:00-02:15[,2026-05-05 01:00,1227.871,14089.354,11.475,9674.888,7.879,,,,,2075.04,1.69,2764.261,2.251,-424.835,-0.346
05/05/2026,2026-05-05,14,[02:15-02:30[,2026-05-05 01:15,1213.183,14897.566,12.28,9823.263,8.097,,,,,2232.24,1.84,2715.64,2.238,126.423,0.104
05/05/2026,2026-05-05,15,[02:30-02:45[,2026-05-05 01:30,1211.93,14335.389,11.829,9823.388,8.106,,,,,2075.04,1.712,2746.972,2.267,-310.011,-0.256
05/05/2026,2026-05-05,16,[02:45-03:00[,2026-05-05 01:45,1206.585,14470.41,11.993,9823.438,8.142,,,,,2127.44,1.763,2760.176,2.288,-240.644,-0.199
05/05/2026,2026-05-05,17,[03:00-03:15[,2026-05-05 02:00,1192.535,14715.341,12.34,9823.638,8.238,,,,,1964.16,1.647,2787.742,2.338,139.801,0.117
05/05/2026,2026-05-05,18,[03:15-03:30[,2026-05-05 02:15,1188.647,15119.606,12.72,9823.638,8.265,,,,,2013.76,1.694,2833.908,2.384,448.3,0.377
05/05/2026,2026-05-05,19,[03:30-03:45[,2026-05-05 02:30,1192.777,14124.635,11.842,9675.513,8.112,,,,,1869.92,1.568,2738.336,2.296,-159.134,-0.133
05/05/2026,2026-05-05,20,[03:45-04:00[,2026-05-05 02:45,1167.668,11661.191,9.987,9635.25,8.252,,,,,848.16,0.726,2728.014,2.336,-1550.233,-1.328
05/05/2026,2026-05-05,21,[04:00-04:15[,2026-05-05 03:00,1180.811,9807.329,8.306,9581.813,8.115,,,,,904.72,0.766,2777.716,2.352,-3456.92,-2.928
05/05/2026,2026-05-05,22,[04:15-04:30[,2026-05-05 03:15,1180.683,9987.145,8.459,9561.138,8.098,,,,,904.72,0.766,2834.951,2.401,-3313.664,-2.807
05/05/2026,2026-05-05,23,[04:30-04:45[,2026-05-05 03:30,1167.687,12113.813,10.374,9559.263,8.186,,,,,1036.22,0.887,2832.522,2.426,-1314.191,-1.125
05/05/2026,2026-05-05,24,[04:45-05:00[,2026-05-05 03:45,1177.547,13092.036,11.118,9536.563,8.099,,,,,1199.28,1.018,2848.535,2.419,-492.342,-0.418
05/05/2026,2026-05-05,25,[05:00-05:15[,2026-05-05 04:00,1184.108,13546.076,11.44,8687.513,7.337,,,,,1004.4,0.848,2776.255,2.345,1077.908,0.91
05/05/2026,2026-05-05,26,[05:15-05:30[,2026-05-05 04:15,1200.471,10384.556,8.65,8270.513,6.889,,,,,1322.46,1.102,2827.515,2.355,-2035.931,-1.696
05/05/2026,2026-05-05,27,[05:30-05:45[,2026-05-05 04:30,1209.172,9288.962,7.682,7942.213,6.568,,,,,3208.5,2.653,2799.639,2.315,-4661.389,-3.855
05/05/2026,2026-05-05,28,[05:45-06:00[,2026-05-05 04:45,1207.618,11027.644,9.132,7641.963,6.328,,,,,1361.52,1.127,2805.478,2.323,-781.317,-0.647
05/05/2026,2026-05-05,29,[06:00-06:15[,2026-05-05 05:00,1262.468,8346.255,6.611,6591.275,5.221,,,,,844.286,0.669,2688.244,2.129,-1777.55,-1.408
05/05/2026,2026-05-05,30,[06:15-06:30[,2026-05-05 05:15,1264.868,7338.426,5.802,6526.498,5.16,,,,,795.694,0.629,2745.569,2.171,-2729.335,-2.158
05/05/2026,2026-05-05,31,[06:30-06:45[,2026-05-05 05:30,1292.924,9600.434,7.425,6583.63,5.092,,,,,868.582,0.672,2827.298,2.187,-679.077,-0.525
05/05/2026,2026-05-05,32,[06:45-07:00[,2026-05-05 05:45,1327.594,14070.213,10.598,6834.694,5.148,,,,,698.51,0.526,2822.308,2.126,3714.702,2.798
05/05/2026,2026-05-05,33,[07:00-07:15[,2026-05-05 06:00,1369.993,10314.418,7.529,6367.753,4.648,,,,,5216,3.807,2821.407,2.059,-4090.742,-2.986
05/05/2026,2026-05-05,34,[07:15-07:30[,2026-05-05 06:15,1424.576,18076.128,12.689,7301.556,5.125,,,,,5216,3.661,2677.421,1.879,2881.151,2.022
05/05/2026,2026-05-05,35,[07:30-07:45[,2026-05-05 06:30,1462.19,16173.007,11.061,8274.766,5.659,,,,,5216,3.567,2700.131,1.847,-17.89,-0.012
05/05/2026,2026-05-05,36,[07:45-08:00[,2026-05-05 06:45,1482.164,20526.403,13.849,9422.044,6.357,,,,,6930,4.676,2818.356,1.902,1356.003,0.915
05/05/2026,2026-05-05,37,[08:00-08:15[,2026-05-05 07:00,1547.51,19037.596,12.302,8917.156,5.762,,,,,6930,4.478,2820.709,1.823,369.732,0.239
05/05/2026,2026-05-05,38,[08:15-08:30[,2026-05-05 07:15,1576.383,19866.301,12.602,9276.227,5.885,,,497.225,0.315,6930,4.396,2826.6,1.793,336.25,0.213
05/05/2026,2026-05-05,39,[08:30-08:45[,2026-05-05 07:30,1606.239,19886.003,12.38,11643.971,7.249,,,,,6798,4.232,2690.166,1.675,-1246.133,-0.776
05/05/2026,2026-05-05,40,[08:45-09:00[,2026-05-05 07:45,1627.219,23503.711,14.444,12487.073,7.674,,,,,7304.76,4.489,2792.274,1.716,919.604,0.565
05/05/2026,2026-05-05,41,[09:00-09:15[,2026-05-05 08:00,1631.363,24331.346,14.915,13289.79,8.146,,,,,7929.678,4.861,2798.127,1.715,313.752,0.192
05/05/2026,2026-05-05,42,[09:15-09:30[,2026-05-05 08:15,1641.883,27036.077,16.467,13686.851,8.336,,,,,10318.94,6.285,2830.008,1.724,200.278,0.122
05/05/2026,2026-05-05,43,[09:30-09:45[,2026-05-05 08:30,1629.748,28977.213,17.78,15024.65,9.219,,,,,10790.74,6.621,2813.85,1.727,347.973,0.214
05/05/2026,2026-05-05,44,[09:45-10:00[,2026-05-05 08:45,1621.773,29199.208,18.004,15408.088,9.501,,,,,10504.494,6.477,2857.369,1.762,429.258,0.265
05/05/2026,2026-05-05,45,[10:00-10:15[,2026-05-05 09:00,1620.762,28763.895,17.747,15719.338,9.699,,,,,9940.88,6.133,2848.811,1.758,254.867,0.157
05/05/2026,2026-05-05,46,[10:15-10:30[,2026-05-05 09:15,1608.056,28959.985,18.009,15774.65,9.81,,,,,10016.784,6.229,2821.712,1.755,346.839,0.216
05/05/2026,2026-05-05,47,[10:30-10:45[,2026-05-05 09:30,1612.314,29869.727,18.526,15821.525,9.813,,,,,9902.088,6.142,2721.43,1.688,1424.684,0.884
05/05/2026,2026-05-05,48,[10:45-11:00[,2026-05-05 09:45,1628.603,29316.703,18.001,15836.525,9.724,,,,,10061.388,6.178,2714.873,1.667,703.917,0.432
05/05/2026,2026-05-05,49,[11:00-11:15[,2026-05-05 10:00,1639.896,28376.143,17.304,15836.525,9.657,,,,,10860.048,6.622,2684.728,1.637,-1005.158,-0.613
05/05/2026,2026-05-05,50,[11:15-11:30[,2026-05-05 10:15,1647.357,28469.296,17.282,15836.525,9.613,,,,,10860.048,6.592,2655.307,1.612,-882.585,-0.536
05/05/2026,2026-05-05,51,[11:30-11:45[,2026-05-05 10:30,1660.4,30140.57,18.153,15836.525,9.538,,,,,11058.768,6.66,2631.144,1.585,614.133,0.37
05/05/2026,2026-05-05,52,[11:45-12:00[,2026-05-05 10:45,1661.837,31962.27,19.233,15836.525,9.53,,,,,11245.942,6.767,2594.712,1.561,2285.091,1.375
05/05/2026,2026-05-05,53,[12:00-12:15[,2026-05-05 11:00,1633.379,39995.649,24.486,15836.525,9.696,,,,,9902.088,6.062,2704.543,1.656,11552.493,7.073
05/05/2026,2026-05-05,54,[12:15-12:30[,2026-05-05 11:15,1622.511,27437.546,16.911,15836.525,9.761,,,,,10016.784,6.174,2655.723,1.637,-1071.486,-0.66
05/05/2026,2026-05-05,55,[12:30-12:45[,2026-05-05 11:30,1588.277,27529.104,17.333,15844.963,9.976,,,,,9619.268,6.056,2640.77,1.663,-575.896,-0.363
05/05/2026,2026-05-05,56,[12:45-13:00[,2026-05-05 11:45,1552.067,27947.951,18.007,15867.463,10.223,,,,,9619.268,6.198,2589.233,1.668,-128.012,-0.082
05/05/2026,2026-05-05,57,[13:00-13:15[,2026-05-05 12:00,1538.356,27427.758,17.829,15867.463,10.315,,,,,8827.16,5.738,2611.914,1.698,121.222,0.079
05/05/2026,2026-05-05,58,[13:15-13:30[,2026-05-05 12:15,1536.77,27336.496,17.788,15867.463,10.325,,,,,8912.454,5.799,2606.784,1.696,-50.205,-0.033
05/05/2026,2026-05-05,59,[13:30-13:45[,2026-05-05 12:30,1530.118,28243.168,18.458,15867.463,10.37,,,,,9871.908,6.452,2683.237,1.754,-179.44,-0.117
05/05/2026,2026-05-05,60,[13:45-14:00[,2026-05-05 12:45,1525.993,28686.353,18.798,15914.338,10.429,,,,,10574.342,6.929,2632.188,1.725,-434.515,-0.285
05/05/2026,2026-05-05,61,[14:00-14:15[,2026-05-05 13:00,1539.024,27437.167,17.828,15914.338,10.341,,,,,8683.466,5.642,2660.33,1.729,179.034,0.116
05/05/2026,2026-05-05,62,[14:15-14:30[,2026-05-05 13:15,1536.863,27267.657,17.742,15914.338,10.355,,,,,8683.466,5.65,2581.576,1.68,88.277,0.057
05/05/2026,2026-05-05,63,[14:30-14:45[,2026-05-05 13:30,1532.346,27264.328,17.793,15914.338,10.386,,,,,8834.116,5.765,2586.479,1.688,-70.605,-0.046
05/05/2026,2026-05-05,64,[14:45-15:00[,2026-05-05 13:45,1528.727,27747.627,18.151,15914.338,10.41,,,,,8942.034,5.849,2565.73,1.678,325.526,0.213
05/05/2026,2026-05-05,65,[15:00-15:15[,2026-05-05 14:00,1516.055,23887.592,15.756,15914.338,10.497,,,,,9619.268,6.345,2451.229,1.617,-4097.243,-2.703
05/05/2026,2026-05-05,66,[15:15-15:30[,2026-05-05 14:15,1507.81,23969.145,15.897,15914.338,10.555,,,,,9619.268,6.38,2629.559,1.744,-4194.019,-2.782
05/05/2026,2026-05-05,67,[15:30-15:45[,2026-05-05 14:30,1505.704,28721.977,19.075,15914.338,10.569,,,,,9619.268,6.389,2602.327,1.728,586.044,0.389
05/05/2026,2026-05-05,68,[15:45-16:00[,2026-05-05 14:45,1504.059,30922.503,20.559,15869.338,10.551,,,780.861,0.519,9619.268,6.396,2573.669,1.711,2079.367,1.383
05/05/2026,2026-05-05,69,[16:00-16:15[,2026-05-05 15:00,1495.369,29396.668,19.658,15821.525,10.58,,,,,10943.722,7.318,2574.923,1.722,56.498,0.038
05/05/2026,2026-05-05,70,[16:15-16:30[,2026-05-05 15:15,1498.15,28520.486,19.037,15780.275,10.533,,,,,10904.614,7.279,2553.853,1.705,-718.256,-0.479
05/05/2026,2026-05-05,71,[16:30-16:45[,2026-05-05 15:30,1500.457,29032.325,19.349,15727.775,10.482,,,,,11052.27,7.366,2513.102,1.675,-260.822,-0.174
05/05/2026,2026-05-05,72,[16:45-17:00[,2026-05-05 15:45,1498.65,27869.056,18.596,15626.525,10.427,,,,,10827.048,7.225,2537.687,1.693,-1122.204,-0.749
05/05/2026,2026-05-05,73,[17:00-17:15[,2026-05-05 16:00,1488.331,28833.531,19.373,15626.525,10.499,,,,,10794.328,7.253,2581.114,1.734,-168.436,-0.113
05/05/2026,2026-05-05,74,[17:15-17:30[,2026-05-05 16:15,1485.187,26579.393,17.896,15045.275,10.13,,,,,9623.614,6.48,2453.735,1.652,-543.231,-0.366
05/05/2026,2026-05-05,75,[17:30-17:45[,2026-05-05 16:30,1498.503,25287.42,16.875,13687.491,9.134,,,,,9468.62,6.319,2568.657,1.714,-437.348,-0.292
05/05/2026,2026-05-05,76,[17:45-18:00[,2026-05-05 16:45,1538.67,24794.645,16.114,13402.311,8.71,,,,,8428.98,5.478,2583.529,1.679,379.825,0.247
05/05/2026,2026-05-05,77,[18:00-18:15[,2026-05-05 17:00,1538.701,36733.553,23.873,13510.232,8.78,,,,,11329.8,7.363,2603.301,1.692,9290.22,6.038
05/05/2026,2026-05-05,78,[18:15-18:30[,2026-05-05 17:15,1558.904,25182.478,16.154,11567.607,7.42,,,,,12985.8,8.33,2655.887,1.704,-2026.816,-1.3
05/05/2026,2026-05-05,79,[18:30-18:45[,2026-05-05 17:30,1602.399,28234.643,17.62,9194.925,5.738,,,,,11833.5,7.385,2669.235,1.666,4536.983,2.831
05/05/2026,2026-05-05,80,[18:45-19:00[,2026-05-05 17:45,1626.614,24135.768,14.838,8585.738,5.278,,,,,6053.4,3.721,2678.873,1.647,6817.757,4.191
05/05/2026,2026-05-05,81,[19:00-19:15[,2026-05-05 18:00,1663.264,12018.372,7.226,9185.312,5.522,,,,,1084,0.652,2607.597,1.568,-858.537,-0.516
05/05/2026,2026-05-05,82,[19:15-19:30[,2026-05-05 18:15,1712.101,13109.325,7.657,8432.263,4.925,,,,,542,0.317,2577.644,1.506,1557.418,0.91
05/05/2026,2026-05-05,83,[19:30-19:45[,2026-05-05 18:30,1733.521,16437.65,9.482,7891.214,4.552,,,12.65,0.007,542,0.313,2510.015,1.448,5481.771,3.162
05/05/2026,2026-05-05,84,[19:45-20:00[,2026-05-05 18:45,1782.089,8474.078,4.755,7130.013,4.001,,,,,542,0.304,2603.802,1.461,-1801.738,-1.011
05/05/2026,2026-05-05,85,[20:00-20:15[,2026-05-05 19:00,1800.925,8737.086,4.851,7667.898,4.258,,,,,607.4,0.337,2543.434,1.412,-2081.647,-1.156
05/05/2026,2026-05-05,86,[20:15-20:30[,2026-05-05 19:15,1793.059,9082.679,5.065,7212.943,4.023,,,,,905.92,0.505,2563.497,1.43,-1599.68,-0.892
05/05/2026,2026-05-05,87,[20:30-20:45[,2026-05-05 19:30,1810.419,10343.444,5.713,6846.638,3.782,,,,,905.92,0.5,2566.449,1.418,24.438,0.013
05/05/2026,2026-05-05,88,[20:45-21:00[,2026-05-05 19:45,1833.429,8593.615,4.687,7008.388,3.823,,,,,607.4,0.331,2603.914,1.42,-1626.087,-0.887
05/05/2026,2026-05-05,89,[21:00-21:15[,2026-05-05 20:00,1798.174,10536.156,5.859,7042.95,3.917,,,,,607.4,0.338,2613.865,1.454,271.941,0.151
05/05/2026,2026-05-05,90,[21:15-21:30[,2026-05-05 20:15,1776.047,10763.52,6.06,7482.463,4.213,,,,,607.4,0.342,2580.069,1.453,93.589,0.053
05/05/2026,2026-05-05,91,[21:30-21:45[,2026-05-05 20:30,1746.488,11325.672,6.485,7476.588,4.281,,,,,607.4,0.348,2577.919,1.476,663.766,0.38
05/05/2026,2026-05-05,92,[21:45-22:00[,2026-05-05 20:45,1710.477,12111.67,7.081,7935.713,4.639,,,,,607.4,0.355,2532.892,1.481,1035.666,0.605
05/05/2026,2026-05-05,93,[22:00-22:15[,2026-05-05 21:00,1684.22,12996.148,7.716,7976.788,4.736,,,,,2171.16,1.289,2525.559,1.5,322.642,0.192
05/05/2026,2026-05-05,94,[22:15-22:30[,2026-05-05 21:15,1653.838,13626.771,8.239,8601.725,5.201,,,,,2311.02,1.397,2531.634,1.531,182.392,0.11
05/05/2026,2026-05-05,95,[22:30-22:45[,2026-05-05 21:30,1626.94,12709.474,7.812,8486.163,5.216,,,,,1691.64,1.04,2624.341,1.613,-92.669,-0.057
05/05/2026,2026-05-05,96,[22:45-23:00[,2026-05-05 21:45,1574.019,17865.971,11.351,9282.738,5.897,,,,,3312.96,2.105,2692.098,1.71,2578.175,1.638
06/05/2026,2026-05-06,1,[23:00-23:15[,2026-05-05 22:00,1537.863,8970.614,5.833,7288.533,4.739,,,,,480.24,0.312,2690.409,1.749,-1488.567,-0.968
06/05/2026,2026-05-06,2,[23:15-23:30[,2026-05-05 22:15,1506.417,8619.48,5.722,7431.65,4.933,,,,,375.84,0.249,2692.62,1.787,-1880.629,-1.248
06/05/2026,2026-05-06,3,[23:30-23:45[,2026-05-05 22:30,1454.568,10898.014,7.492,7930.004,5.452,,,,,535.92,0.368,2659.893,1.829,-227.804,-0.157
06/05/2026,2026-05-06,4,[23:45-00:00[,2026-05-05 22:45,1429.009,11549.036,8.082,8252.577,5.775,,,,,683.4,0.478,2926.828,2.048,-313.769,-0.22
06/05/2026,2026-05-06,5,[00:00-00:15[,2026-05-05 23:00,1412.383,9648.038,6.831,8105.933,5.739,,,,,637,0.451,2935.098,2.078,-2029.992,-1.437
06/05/2026,2026-05-06,6,[00:15-00:30[,2026-05-05 23:15,1378.241,12231.326,8.875,8382.955,6.082,,,,,746.4,0.542,2932.877,2.128,169.094,0.123
06/05/2026,2026-05-06,7,[00:30-00:45[,2026-05-05 23:30,1360.02,11716.054,8.615,8327.635,6.123,,,,,659.32,0.485,2934.436,2.158,-205.336,-0.151
06/05/2026,2026-05-06,8,[00:45-01:00[,2026-05-05 23:45,1341.554,10590.373,7.894,8360.326,6.232,,,,,709.08,0.529,2915.762,2.173,-1394.795,-1.04
06/05/2026,2026-05-06,9,[01:00-01:15[,2026-05-06 00:00,1319.637,12045.06,9.128,8145.007,6.172,,,,,566,0.429,2892.281,2.192,441.772,0.335
06/05/2026,2026-05-06,10,[01:15-01:30[,2026-05-06 00:15,1295.703,13810.313,10.659,8273.764,6.386,,,,,775.52,0.599,3015.097,2.327,1745.932,1.347
06/05/2026,2026-05-06,11,[01:30-01:45[,2026-05-06 00:30,1280.825,12177.929,9.508,8328.836,6.503,,,,,828.8,0.647,2884.965,2.252,135.328,0.106
06/05/2026,2026-05-06,12,[01:45-02:00[,2026-05-06 00:45,1252.808,12557.199,10.023,8374.947,6.685,,,,,893.92,0.714,2949.28,2.354,339.053,0.271
06/05/2026,2026-05-06,13,[02:00-02:15[,2026-05-06 01:00,1258.946,10994.844,8.733,8361.402,6.642,,,,,840.64,0.668,2978.091,2.366,-1185.289,-0.941
06/05/2026,2026-05-06,14,[02:15-02:30[,2026-05-06 01:15,1250.139,12451.387,9.96,8379.607,6.703,,,,,863.36,0.691,2914.946,2.332,293.473,0.235
06/05/2026,2026-05-06,15,[02:30-02:45[,2026-05-06 01:30,1226.557,11494.342,9.371,8248.543,6.725,,,,,544,0.444,2991.393,2.439,-289.594,-0.236
06/05/2026,2026-05-06,16,[02:45-03:00[,2026-05-06 01:45,1224.484,10416.112,8.507,8248.543,6.736,,,,,544,0.444,2956.976,2.415,-1333.407,-1.089
06/05/2026,2026-05-06,17,[03:00-03:15[,2026-05-06 02:00,1225.664,12344.235,10.071,8274.455,6.751,,,,,536,0.437,2973.841,2.426,559.939,0.457
06/05/2026,2026-05-06,18,[03:15-03:30[,2026-05-06 02:15,1211.779,12618.961,10.414,8248.467,6.807,,,,,536,0.442,2988.42,2.466,846.074,0.698
06/05/2026,2026-05-06,19,[03:30-03:45[,2026-05-06 02:30,1209.429,13426.767,11.102,8248.788,6.82,,,,,536,0.443,2962.73,2.45,1679.249,1.388
06/05/2026,2026-05-06,20,[03:45-04:00[,2026-05-06 02:45,1201.033,12047.982,10.031,8248.472,6.868,,,,,536,0.446,2931.371,2.441,332.139,0.277
06/05/2026,2026-05-06,21,[04:00-04:15[,2026-05-06 03:00,1194.525,12760.145,10.682,8248.276,6.905,,,,,760.32,0.637,2937.327,2.459,814.222,0.682
06/05/2026,2026-05-06,22,[04:15-04:30[,2026-05-06 03:15,1190.448,12836.26,10.783,8327.683,6.995,,,,,817.92,0.687,2940.441,2.47,750.215,0.63
06/05/2026,2026-05-06,23,[04:30-04:45[,2026-05-06 03:30,1195.306,10162.768,8.502,8185.715,6.848,,,,,552,0.462,2929.216,2.451,-1504.162,-1.258
06/05/2026,2026-05-06,24,[04:45-05:00[,2026-05-06 03:45,1200.159,11371.349,9.475,8052.902,6.71,,,,,539.4,0.449,2911.146,2.426,-132.099,-0.11
06/05/2026,2026-05-06,25,[05:00-05:15[,2026-05-06 04:00,1201.749,10720.841,8.921,7704.438,6.411,,,,,556,0.463,2994.088,2.491,-533.685,-0.444
06/05/2026,2026-05-06,26,[05:15-05:30[,2026-05-06 04:15,1220.403,11723.501,9.606,7527.872,6.168,,,,,295.8,0.242,3021.239,2.476,878.59,0.72
06/05/2026,2026-05-06,27,[05:30-05:45[,2026-05-06 04:30,1221.56,8742.836,7.157,7250.056,5.935,,,,,324.8,0.266,3021.411,2.473,-1853.431,-1.517
06/05/2026,2026-05-06,28,[05:45-06:00[,2026-05-06 04:45,1225.934,12755.5,10.405,7249.941,5.914,,,,,336.4,0.274,3012.481,2.457,2156.678,1.759
06/05/2026,2026-05-06,29,[06:00-06:15[,2026-05-06 05:00,1274.866,9060.702,7.107,6375.327,5.001,,,,,444.36,0.349,2950.257,2.314,-709.241,-0.556
06/05/2026,2026-05-06,30,[06:15-06:30[,2026-05-06 05:15,1289.905,9269.005,7.186,6088.667,4.72,,,,,540.96,0.419,3021.712,2.343,-382.335,-0.296
06/05/2026,2026-05-06,31,[06:30-06:45[,2026-05-06 05:30,1302.734,5729.304,4.398,5896.677,4.526,,,,,616,0.473,3021.57,2.319,-3804.943,-2.921
06/05/2026,2026-05-06,32,[06:45-07:00[,2026-05-06 05:45,1343.214,7147.471,5.321,6262.647,4.662,,,,,444.36,0.331,3015.489,2.245,-2575.025,-1.917
06/05/2026,2026-05-06,33,[07:00-07:15[,2026-05-06 06:00,1400.093,8694.736,6.21,5934.248,4.238,,,,,1242.09,0.887,2957.675,2.112,-1439.276,-1.028
06/05/2026,2026-05-06,34,[07:15-07:30[,2026-05-06 06:15,1440.583,12305.957,8.542,6717.22,4.663,,,,,1994.058,1.384,2914.42,2.023,680.259,0.472
06/05/2026,2026-05-06,35,[07:30-07:45[,2026-05-06 06:30,1476.661,12686.286,8.591,7747.744,5.247,,,,,1826.208,1.237,2947.755,1.996,164.579,0.111
06/05/2026,2026-05-06,36,[07:45-08:00[,2026-05-06 06:45,1507.252,18371.413,12.189,8545.527,5.67,,,,,2189.22,1.452,2983.249,1.979,4653.417,3.087
06/05/2026,2026-05-06,37,[08:00-08:15[,2026-05-06 07:00,1561.423,15058.089,9.644,8039.76,5.149,,,,,4521.84,2.896,2933.778,1.879,-437.288,-0.28
06/05/2026,2026-05-06,38,[08:15-08:30[,2026-05-06 07:15,1584.911,15893.088,10.028,10287.188,6.491,,,,,4196.48,2.648,2988.137,1.885,-1578.717,-0.996
06/05/2026,2026-05-06,39,[08:30-08:45[,2026-05-06 07:30,1608.206,19988.838,12.429,11401.175,7.089,,,,,5478,3.406,2899,1.803,210.664,0.131
06/05/2026,2026-05-06,40,[08:45-09:00[,2026-05-06 07:45,1594.866,24125.19,15.127,13613.113,8.536,,,,,7764.716,4.869,2909.024,1.824,-161.662,-0.101
06/05/2026,2026-05-06,41,[09:00-09:15[,2026-05-06 08:00,1589.33,25286.33,15.91,13568.4,8.537,,,,,8640.12,5.436,2756.552,1.734,321.257,0.202
06/05/2026,2026-05-06,42,[09:15-09:30[,2026-05-06 08:15,1594.111,26981.406,16.926,13955.509,8.754,,,,,9609.6,6.028,2845.668,1.785,570.629,0.358
06/05/2026,2026-05-06,43,[09:30-09:45[,2026-05-06 08:30,1562.161,29194.523,18.689,15383.238,9.847,,,,,10521.23,6.735,2876.337,1.841,413.718,0.265
06/05/2026,2026-05-06,44,[09:45-10:00[,2026-05-06 08:45,1557.808,29077.813,18.666,15985.113,10.261,,,,,10066.08,6.462,2763.545,1.774,263.076,0.169
06/05/2026,2026-05-06,45,[10:00-10:15[,2026-05-06 09:00,1536.812,29260.142,19.04,16086.363,10.467,,,,,10026.084,6.524,2743.818,1.785,403.878,0.263
06/05/2026,2026-05-06,46,[10:15-10:30[,2026-05-06 09:15,1530.252,29212.162,19.09,16134.175,10.543,,,,,10236.864,6.69,2663.827,1.741,177.296,0.116
06/05/2026,2026-05-06,47,[10:30-10:45[,2026-05-06 09:30,1524.243,29320.054,19.236,16171.675,10.61,,,,,10329.818,6.777,2639.341,1.732,179.22,0.118
06/05/2026,2026-05-06,48,[10:45-11:00[,2026-05-06 09:45,1530.221,29487.367,19.27,16180.113,10.574,,,,,10345.608,6.761,2639.046,1.725,322.6,0.211
06/05/2026,2026-05-06,49,[11:00-11:15[,2026-05-06 10:00,1538.714,30027.854,19.515,16086.363,10.454,,,,,10976.202,7.133,2605.816,1.694,359.474,0.234
06/05/2026,2026-05-06,50,[11:15-11:30[,2026-05-06 10:15,1553.596,30232.018,19.459,16086.363,10.354,,,,,10976.202,7.065,2692.033,1.733,477.42,0.307
06/05/2026,2026-05-06,51,[11:30-11:45[,2026-05-06 10:30,1559.417,29191.982,18.72,16086.363,10.316,,,,,9987.428,6.405,2639.389,1.693,478.803,0.307
06/05/2026,2026-05-06,52,[11:45-12:00[,2026-05-06 10:45,1555.132,29757.126,19.135,16086.363,10.344,,,,,9987.428,6.422,2651.174,1.705,1032.161,0.664
06/05/2026,2026-05-06,53,[12:00-12:15[,2026-05-06 11:00,1549.73,27664.296,17.851,16086.363,10.38,,,,,8942.846,5.771,2655.015,1.713,-19.927,-0.013
06/05/2026,2026-05-06,54,[12:15-12:30[,2026-05-06 11:15,1544.454,21675.279,14.034,16067.613,10.403,,,,,8942.846,5.79,2629.005,1.702,-5964.185,-3.862
06/05/2026,2026-05-06,55,[12:30-12:45[,2026-05-06 11:30,1513.254,27503.886,18.175,16086.363,10.63,,,,,8942.846,5.91,2592.498,1.713,-117.821,-0.078
06/05/2026,2026-05-06,56,[12:45-13:00[,2026-05-06 11:45,1506.663,24915.659,16.537,16086.363,10.677,,,,,8942.846,5.936,2622.969,1.741,-2736.518,-1.816
06/05/2026,2026-05-06,57,[13:00-13:15[,2026-05-06 12:00,1511.45,28003.769,18.528,16067.613,10.631,,,,,8930.434,5.909,2642.707,1.748,363.016,0.24
06/05/2026,2026-05-06,58,[13:15-13:30[,2026-05-06 12:15,1501.228,27822.188,18.533,16086.363,10.715,,,,,8914.026,5.938,2648.065,1.764,173.734,0.116
06/05/2026,2026-05-06,59,[13:30-13:45[,2026-05-06 12:30,1508.21,27430.643,18.188,16086.363,10.666,,,,,8798.746,5.834,2640.998,1.751,-95.464,-0.063
06/05/2026,2026-05-06,60,[13:45-14:00[,2026-05-06 12:45,1517.25,27853.621,18.358,16086.363,10.602,,,,,8798.746,5.799,2671.495,1.761,297.018,0.196
06/05/2026,2026-05-06,61,[14:00-14:15[,2026-05-06 13:00,1506.923,28103.793,18.65,16086.363,10.675,,,,,8971.666,5.954,2684.094,1.781,361.671,0.24
06/05/2026,2026-05-06,62,[14:15-14:30[,2026-05-06 13:15,1520.479,27811.868,18.292,16086.363,10.58,,,,,8971.666,5.901,2729.63,1.795,24.209,0.016
06/05/2026,2026-05-06,63,[14:30-14:45[,2026-05-06 13:30,1501.472,28271.412,18.829,16086.363,10.714,,,,,8914.026,5.937,2713.601,1.807,557.423,0.371
06/05/2026,2026-05-06,64,[14:45-15:00[,2026-05-06 13:45,1471.291,27830.655,18.916,16070.425,10.923,,,,,8914.026,6.059,2575.216,1.75,270.988,0.184
06/05/2026,2026-05-06,65,[15:00-15:15[,2026-05-06 14:00,1492.882,27306.806,18.291,15985.113,10.708,,,,,8914.026,5.971,2779.224,1.862,-371.557,-0.249
06/05/2026,2026-05-06,66,[15:15-15:30[,2026-05-06 14:15,1488.752,27879.557,18.727,15851.988,10.648,,,,,8914.026,5.988,2779.588,1.867,333.955,0.224
06/05/2026,2026-05-06,67,[15:30-15:45[,2026-05-06 14:30,1480.346,26399.179,17.833,15519.595,10.484,,,,,8524.308,5.758,2795.147,1.888,-439.871,-0.297
06/05/2026,2026-05-06,68,[15:45-16:00[,2026-05-06 14:45,1478.972,26442.403,17.879,15388.775,10.405,,,,,8344.914,5.642,2747.548,1.858,-38.834,-0.026
06/05/2026,2026-05-06,69,[16:00-16:15[,2026-05-06 15:00,1479.317,27295.201,18.451,14384.713,9.724,,,,,10117,6.839,2695.74,1.822,97.749,0.066
06/05/2026,2026-05-06,70,[16:15-16:30[,2026-05-06 15:15,1493.761,26926.009,18.026,13925.338,9.322,,,,,9594.4,6.423,2773.153,1.856,633.118,0.424
06/05/2026,2026-05-06,71,[16:30-16:45[,2026-05-06 15:30,1500.526,24290.655,16.188,13650.363,9.097,,,,,8081.392,5.386,2750.699,1.833,-191.799,-0.128
06/05/2026,2026-05-06,72,[16:45-17:00[,2026-05-06 15:45,1503.944,24150.086,16.058,13331.647,8.864,,,,,7844.76,5.216,2724.223,1.811,249.456,0.166
06/05/2026,2026-05-06,73,[17:00-17:15[,2026-05-06 16:00,1508.923,23931.089,15.86,13232.852,8.77,,,,,8147.766,5.4,2696.879,1.787,-146.408,-0.097
06/05/2026,2026-05-06,74,[17:15-17:30[,2026-05-06 16:15,1481.143,18031.788,12.174,11621.985,7.847,,,,,5268.12,3.557,2754.742,1.86,-1613.059,-1.089
06/05/2026,2026-05-06,75,[17:30-17:45[,2026-05-06 16:30,1487.971,16758.758,11.263,11029.513,7.412,,,,,4849.32,3.259,2689.311,1.807,-1809.386,-1.216
06/05/2026,2026-05-06,76,[17:45-18:00[,2026-05-06 16:45,1508.503,17249.792,11.435,10490.516,6.954,,,,,4237.52,2.809,2650.55,1.757,-128.793,-0.085
06/05/2026,2026-05-06,77,[18:00-18:15[,2026-05-06 17:00,1506.764,17505.842,11.618,10881.257,7.222,,,,,4900.84,3.253,2632.727,1.747,-908.982,-0.603
06/05/2026,2026-05-06,78,[18:15-18:30[,2026-05-06 17:15,1549.189,16978.482,10.96,8897.266,5.743,,,,,2517.4,1.625,2731.949,1.763,2831.866,1.828
06/05/2026,2026-05-06,79,[18:30-18:45[,2026-05-06 17:30,1567.237,13544.921,8.643,8367.292,5.339,,,,,2191.98,1.399,2744.573,1.751,241.077,0.154
06/05/2026,2026-05-06,80,[18:45-19:00[,2026-05-06 17:45,1603.318,5802.272,3.619,6753.509,4.212,,,,,2376.18,1.482,2580.985,1.61,-5908.402,-3.685
06/05/2026,2026-05-06,81,[19:00-19:15[,2026-05-06 18:00,1633.418,42745.867,26.17,6356.232,3.891,30539.833,18.697,,,4476.16,2.74,2574.853,1.576,-1201.211,-0.735
06/05/2026,2026-05-06,82,[19:15-19:30[,2026-05-06 18:15,1678.23,44710.646,26.642,5459.74,3.253,30539.833,18.198,,,4649.4,2.77,2575.716,1.535,1485.957,0.885
06/05/2026,2026-05-06,83,[19:30-19:45[,2026-05-06 18:30,1714.384,43001.039,25.083,5132.494,2.994,30539.833,17.814,,,4303.32,2.51,2440.032,1.423,585.36,0.341
06/05/2026,2026-05-06,84,[19:45-20:00[,2026-05-06 18:45,1747.304,43504.888,24.898,5053.346,2.892,30539.833,17.478,,,4292.8,2.457,2409.517,1.379,1209.392,0.692
06/05/2026,2026-05-06,85,[20:00-20:15[,2026-05-06 19:00,1764.81,40794.801,23.116,4749.351,2.691,30539.833,17.305,,,4476.8,2.537,2439.959,1.383,-1411.142,-0.8
06/05/2026,2026-05-06,86,[20:15-20:30[,2026-05-06 19:15,1773.758,35030.336,19.749,4703.644,2.652,30539.833,17.218,,,4636,2.614,2452.306,1.383,-7301.447,-4.116
06/05/2026,2026-05-06,87,[20:30-20:45[,2026-05-06 19:30,1780.768,34417.371,19.327,3020.897,1.696,30539.833,17.15,,,4196.8,2.357,2404.567,1.35,-5744.726,-3.226
06/05/2026,2026-05-06,88,[20:45-21:00[,2026-05-06 19:45,1799.499,34698.439,19.282,2972.964,1.652,30539.833,16.971,,,3641.7,2.024,2258.806,1.255,-4714.865,-2.62
06/05/2026,2026-05-06,89,[21:00-21:15[,2026-05-06 20:00,1793.674,38831.927,21.649,3504.591,1.954,30539.833,17.026,,,4654.64,2.595,2364.985,1.319,-2232.122,-1.244
06/05/2026,2026-05-06,90,[21:15-21:30[,2026-05-06 20:15,1770.448,38971.099,22.012,4014.721,2.268,30539.833,17.25,,,4375.76,2.472,2406.538,1.359,-2365.752,-1.336
06/05/2026,2026-05-06,91,[21:30-21:45[,2026-05-06 20:30,1738.37,40261.159,23.16,5065.558,2.914,30539.833,17.568,,,5126.08,2.949,2300.865,1.324,-2771.178,-1.594
06/05/2026,2026-05-06,92,[21:45-22:00[,2026-05-06 20:45,1704.823,38768.224,22.74,6198.826,3.636,30539.833,17.914,,,4070.32,2.388,2416.888,1.418,-4457.643,-2.615
06/05/2026,2026-05-06,93,[22:00-22:15[,2026-05-06 21:00,1672.393,41924.593,25.069,5574.964,3.334,30539.833,18.261,,,5831.136,3.487,2388.751,1.428,-2410.091,-1.441
06/05/2026,2026-05-06,94,[22:15-22:30[,2026-05-06 21:15,1645.705,42058.52,25.557,6211.102,3.774,30539.833,18.557,,,5716.8,3.474,2401.809,1.459,-2811.024,-1.708
06/05/2026,2026-05-06,95,[22:30-22:45[,2026-05-06 21:30,1609.931,42073.401,26.134,6548.602,4.068,30539.833,18.97,,,2723.148,1.691,2411.804,1.498,-149.986,-0.093
06/05/2026,2026-05-06,96,[22:45-23:00[,2026-05-06 21:45,1566.356,43704.644,27.902,7109.229,4.539,30539.833,19.497,,,2499.606,1.596,2382.062,1.521,1173.914,0.749
07/05/2026,2026-05-07,1,[23:00-23:15[,2026-05-06 22:00,1511.933,16252.715,10.75,1751.85,1.159,20889.86,13.817,,,1392,0.921,2436.744,1.612,-10217.739,-6.758
07/05/2026,2026-05-07,2,[23:15-23:30[,2026-05-06 22:15,1471.923,23522.972,15.981,5728.308,3.892,9098.808,6.182,,,1416,0.962,2526.555,1.716,4753.3,3.229
07/05/2026,2026-05-07,3,[23:30-23:45[,2026-05-06 22:30,1440.964,14448.345,10.027,5974.422,4.146,,,4465.077,3.099,1428,0.991,2549.757,1.769,31.09,0.022
07/05/2026,2026-05-07,4,[23:45-00:00[,2026-05-06 22:45,1402.003,10471.755,7.469,6399.054,4.564,,,4784.013,3.412,1452,1.036,2546.741,1.817,-4710.053,-3.36
07/05/2026,2026-05-07,5,[00:00-00:15[,2026-05-06 23:00,1394.812,8825.875,6.328,6390.406,4.582,,,,,1510.08,1.083,2673.844,1.917,-1748.454,-1.254
07/05/2026,2026-05-07,6,[00:15-00:30[,2026-05-06 23:15,1365.816,10698.713,7.833,6531.646,4.782,,,,,1516.32,1.11,2593.502,1.899,57.246,0.042
07/05/2026,2026-05-07,7,[00:30-00:45[,2026-05-06 23:30,1351.447,10906.996,8.071,6571.717,4.863,,,,,1522.56,1.127,2636.718,1.951,176.002,0.13
07/05/2026,2026-05-07,8,[00:45-01:00[,2026-05-06 23:45,1317.495,10925.315,8.292,6632.629,5.034,,,,,1522.56,1.156,2666.691,2.024,103.435,0.079
07/05/2026,2026-05-07,9,[01:00-01:15[,2026-05-07 00:00,1307.916,10870.034,8.311,6702.001,5.124,,,,,1028.66,0.786,2648.502,2.025,490.871,0.375
07/05/2026,2026-05-07,10,[01:15-01:30[,2026-05-07 00:15,1282.945,11263.617,8.78,6773.786,5.28,,,,,1034.074,0.806,2597.206,2.024,858.551,0.669
07/05/2026,2026-05-07,11,[01:30-01:45[,2026-05-07 00:30,1260.246,10813.308,8.58,6721.97,5.334,,,,,1028.66,0.816,2577.979,2.046,484.699,0.385
07/05/2026,2026-05-07,12,[01:45-02:00[,2026-05-07 00:45,1256.215,11838.104,9.424,6824.366,5.432,,,,,1039.488,0.827,2645.068,2.106,1329.182,1.058
07/05/2026,2026-05-07,13,[02:00-02:15[,2026-05-07 01:00,1260.071,11154.282,8.852,7078.001,5.617,,,,,1055.73,0.838,2876.235,2.283,144.316,0.115
07/05/2026,2026-05-07,14,[02:15-02:30[,2026-05-07 01:15,1244.022,13209.801,10.619,7355.764,5.913,,,,,2388.3,1.92,2824.788,2.271,640.949,0.515
07/05/2026,2026-05-07,15,[02:30-02:45[,2026-05-07 01:30,1238.036,13418.642,10.839,7497.934,6.056,,,,,2399.7,1.938,2771.91,2.239,749.098,0.605
07/05/2026,2026-05-07,16,[02:45-03:00[,2026-05-07 01:45,1230.331,13005.727,10.571,7395.604,6.011,,,,,2394,1.946,2741.902,2.229,474.221,0.385
07/05/2026,2026-05-07,17,[03:00-03:15[,2026-05-07 02:00,1216.012,12737.651,10.475,7517.5,6.182,,,,,2366.02,1.946,2743.845,2.256,110.286,0.091
07/05/2026,2026-05-07,18,[03:15-03:30[,2026-05-07 02:15,1217.024,12211.2,10.034,7496.284,6.16,,,,,2366.02,1.944,2745.626,2.256,-396.731,-0.326
07/05/2026,2026-05-07,19,[03:30-03:45[,2026-05-07 02:30,1218.534,12300.907,10.095,7350.111,6.032,,,,,2354.78,1.932,2780.491,2.282,-184.475,-0.151
07/05/2026,2026-05-07,20,[03:45-04:00[,2026-05-07 02:45,1207.71,15530.092,12.859,7241.309,5.996,,,,,2349.16,1.945,2782.596,2.304,3157.026,2.614
07/05/2026,2026-05-07,21,[04:00-04:15[,2026-05-07 03:00,1204.737,9415.228,7.815,6926.939,5.75,,,,,1050.316,0.872,2822.164,2.343,-1384.191,-1.149
07/05/2026,2026-05-07,22,[04:15-04:30[,2026-05-07 03:15,1219.683,10304.277,8.448,6721.24,5.511,,,,,1028.66,0.843,2873.934,2.356,-319.556,-0.262
07/05/2026,2026-05-07,23,[04:30-04:45[,2026-05-07 03:30,1210.372,10324.457,8.53,6610.348,5.461,,,,,1017.832,0.841,2872.638,2.373,-176.361,-0.146
07/05/2026,2026-05-07,24,[04:45-05:00[,2026-05-07 03:45,1205.57,11060.186,9.174,6422.128,5.327,,,,,996.176,0.826,2917.052,2.42,724.83,0.601
07/05/2026,2026-05-07,25,[05:00-05:15[,2026-05-07 04:00,1234.226,9589.382,7.77,6211.413,5.033,,,,,1001.59,0.812,2876.35,2.33,-499.97,-0.405
07/05/2026,2026-05-07,26,[05:15-05:30[,2026-05-07 04:15,1224.119,8928.207,7.294,5976.1,4.882,,,,,979.934,0.801,2920.18,2.386,-948.007,-0.774
07/05/2026,2026-05-07,27,[05:30-05:45[,2026-05-07 04:30,1242.617,10224.628,8.228,5367.663,4.32,,,,,931.208,0.749,2919.537,2.35,1006.22,0.81
07/05/2026,2026-05-07,28,[05:45-06:00[,2026-05-07 04:45,1263.869,5637.573,4.461,3837.444,3.036,,,,,898.724,0.711,2918.41,2.309,-2017.005,-1.596
07/05/2026,2026-05-07,29,[06:00-06:15[,2026-05-07 05:00,1274.376,5528.172,4.338,1628.963,1.278,,,,,1421.4,1.115,2822.754,2.215,-344.945,-0.271
07/05/2026,2026-05-07,30,[06:15-06:30[,2026-05-07 05:15,1305.849,5701.097,4.366,1626.373,1.245,,,,,1421.4,1.088,2917.576,2.234,-264.252,-0.202
07/05/2026,2026-05-07,31,[06:30-06:45[,2026-05-07 05:30,1330.377,4515.288,3.394,1623.138,1.22,,,,,1421.4,1.068,2918.574,2.194,-1447.823,-1.088
07/05/2026,2026-05-07,32,[06:45-07:00[,2026-05-07 05:45,1339.387,7111.057,5.309,1816.517,1.356,,,,,1439.94,1.075,2863.476,2.138,991.124,0.74
07/05/2026,2026-05-07,33,[07:00-07:15[,2026-05-07 06:00,1414.954,9854.67,6.965,5281.942,3.733,,,,,1577.79,1.115,2865.709,2.025,129.229,0.091
07/05/2026,2026-05-07,34,[07:15-07:30[,2026-05-07 06:15,1470.564,10340.643,7.032,5933.902,4.035,,,,,1618.074,1.1,2916.818,1.983,-128.15,-0.087
07/05/2026,2026-05-07,35,[07:30-07:45[,2026-05-07 06:30,1477.978,7811.984,5.286,6197.062,4.193,,,,,1638.216,1.108,2884.87,1.952,-2908.164,-1.968
07/05/2026,2026-05-07,36,[07:45-08:00[,2026-05-07 06:45,1516.681,14669.438,9.672,6564.343,4.328,,,,,1671.786,1.102,2917.105,1.923,3516.204,2.318
07/05/2026,2026-05-07,37,[08:00-08:15[,2026-05-07 07:00,1574.377,8111.766,5.152,6262.413,3.978,,,,,1631.964,1.037,2918.148,1.854,-2700.759,-1.715
07/05/2026,2026-05-07,38,[08:15-08:30[,2026-05-07 07:15,1599.469,13899.714,8.69,7846.443,4.906,,,,,2892.44,1.808,2920.812,1.826,240.019,0.15
07/05/2026,2026-05-07,39,[08:30-08:45[,2026-05-07 07:30,1613.915,15018.653,9.306,9066.12,5.617,,,,,4121.56,2.554,2830.602,1.754,-999.629,-0.619
07/05/2026,2026-05-07,40,[08:45-09:00[,2026-05-07 07:45,1609.812,16619.388,10.324,9326.445,5.793,,,,,4702.72,2.921,2907.354,1.806,-317.13,-0.197
07/05/2026,2026-05-07,41,[09:00-09:15[,2026-05-07 08:00,1623.015,15884.866,9.787,9165.139,5.647,,,,,4341.9,2.675,2890.187,1.781,-512.36,-0.316
07/05/2026,2026-05-07,42,[09:15-09:30[,2026-05-07 08:15,1593.748,19019.617,11.934,10009.675,6.281,,,,,6760.22,4.242,3008.849,1.888,-759.126,-0.476
07/05/2026,2026-05-07,43,[09:30-09:45[,2026-05-07 08:30,1601.384,20201.642,12.615,10600.3,6.619,,,,,7072.636,4.417,2990.794,1.868,-462.088,-0.289
07/05/2026,2026-05-07,44,[09:45-10:00[,2026-05-07 08:45,1596.706,23892.972,14.964,12339.371,7.728,,,,,8668.332,5.429,2934.964,1.838,-49.695,-0.031
07/05/2026,2026-05-07,45,[10:00-10:15[,2026-05-07 09:00,1557.137,27064.241,17.381,12531.138,8.048,,,,,9077.58,5.83,2949.329,1.894,2506.194,1.609
07/05/2026,2026-05-07,46,[10:15-10:30[,2026-05-07 09:15,1565.479,25141.589,16.06,12725.003,8.129,,,,,9324,5.956,2980.832,1.904,111.754,0.071
07/05/2026,2026-05-07,47,[10:30-10:45[,2026-05-07 09:30,1570.186,25527.027,16.257,12846.225,8.181,,,,,9310.112,5.929,2970.558,1.892,400.132,0.255
07/05/2026,2026-05-07,48,[10:45-11:00[,2026-05-07 09:45,1566.373,24985.185,15.951,13234.35,8.449,,,,,8797.206,5.616,2977.671,1.901,-24.042,-0.015
07/05/2026,2026-05-07,49,[11:00-11:15[,2026-05-07 10:00,1580.205,22656.509,14.338,13235.288,8.376,,,,,9767.972,6.181,2823.755,1.787,-3170.505,-2.006
07/05/2026,2026-05-07,50,[11:15-11:30[,2026-05-07 10:15,1586.976,25507.081,16.073,13235.288,8.34,,,,,9767.972,6.155,2912.573,1.835,-408.752,-0.258
07/05/2026,2026-05-07,51,[11:30-11:45[,2026-05-07 10:30,1582.701,26280.293,16.605,13235.288,8.362,,,,,8817.248,5.571,2865.485,1.811,1362.272,0.861
07/05/2026,2026-05-07,52,[11:45-12:00[,2026-05-07 10:45,1581.489,24756.449,15.654,13235.288,8.369,,,,,8790.168,5.558,2832.387,1.791,-101.393,-0.064
07/05/2026,2026-05-07,53,[12:00-12:15[,2026-05-07 11:00,1559.8,31799.108,20.387,13235.288,8.485,,,,,7732.164,4.957,2727.892,1.749,8103.764,5.195
07/05/2026,2026-05-07,54,[12:15-12:30[,2026-05-07 11:15,1541.557,22850.067,14.823,13235.288,8.586,,,,,7732.164,5.016,2729.74,1.771,-847.124,-0.55
07/05/2026,2026-05-07,55,[12:30-12:45[,2026-05-07 11:30,1504.848,25305.687,16.816,13235.288,8.795,,,,,7732.164,5.138,2809.43,1.867,1528.806,1.016
07/05/2026,2026-05-07,56,[12:45-13:00[,2026-05-07 11:45,1496.809,25665.111,17.147,13235.288,8.842,,,,,7732.164,5.166,2793.782,1.866,1903.877,1.272
07/05/2026,2026-05-07,57,[13:00-13:15[,2026-05-07 12:00,1471.639,25100.568,17.056,13522.163,9.189,,,,,7940.632,5.396,2761.232,1.876,876.541,0.596
07/05/2026,2026-05-07,58,[13:15-13:30[,2026-05-07 12:15,1477.267,24910.908,16.863,13235.288,8.959,,,,,7707.084,5.217,2766.181,1.872,1202.355,0.814
07/05/2026,2026-05-07,59,[13:30-13:45[,2026-05-07 12:30,1481.319,24258.118,16.376,13235.288,8.935,,,,,7556.604,5.101,2796.984,1.888,669.242,0.452
07/05/2026,2026-05-07,60,[13:45-14:00[,2026-05-07 12:45,1447.266,24545.633,16.96,13235.288,9.145,,,,,7556.604,5.221,2705.758,1.87,1047.983,0.724
07/05/2026,2026-05-07,61,[14:00-14:15[,2026-05-07 13:00,1467.997,22465.008,15.303,13235.288,9.016,,,,,7707.084,5.25,2580.255,1.758,-1057.618,-0.72
07/05/2026,2026-05-07,62,[14:15-14:30[,2026-05-07 13:15,1479.394,22814.416,15.421,13235.288,8.946,,,,,7707.084,5.21,2592.594,1.752,-720.549,-0.487
07/05/2026,2026-05-07,63,[14:30-14:45[,2026-05-07 13:30,1456.674,22243.139,15.27,13235.288,9.086,,,,,7707.084,5.291,2438.553,1.674,-1137.785,-0.781
07/05/2026,2026-05-07,64,[14:45-15:00[,2026-05-07 13:45,1451.024,23072.847,15.901,13038.413,8.986,,,,,7541.142,5.197,2450.445,1.689,42.847,0.03
07/05/2026,2026-05-07,65,[15:00-15:15[,2026-05-07 14:00,1452.383,24243.185,16.692,13235.288,9.113,,,226.46,0.156,7682.004,5.289,2575.616,1.773,523.818,0.361
07/05/2026,2026-05-07,66,[15:15-15:30[,2026-05-07 14:15,1433.68,23928.396,16.69,12846.225,8.96,,,,,9456.244,6.596,2516.591,1.755,-890.664,-0.621
07/05/2026,2026-05-07,67,[15:30-15:45[,2026-05-07 14:30,1434.118,25633.983,17.874,12757.163,8.895,,,,,9180.32,6.401,2452.137,1.71,1244.364,0.868
07/05/2026,2026-05-07,68,[15:45-16:00[,2026-05-07 14:45,1439.24,22909.597,15.918,12583.638,8.743,,,,,7870.604,5.469,2440.376,1.696,14.98,0.01
07/05/2026,2026-05-07,69,[16:00-16:15[,2026-05-07 15:00,1415.859,23510.584,16.605,12268.113,8.665,,,,,8437.6,5.959,2412.643,1.704,392.229,0.277
07/05/2026,2026-05-07,70,[16:15-16:30[,2026-05-07 15:15,1432.775,21099.986,14.727,10994.988,7.674,,,,,8107.896,5.659,2443.881,1.706,-446.779,-0.312
07/05/2026,2026-05-07,71,[16:30-16:45[,2026-05-07 15:30,1438.06,20928.741,14.553,10600.3,7.371,,,,,7050.596,4.903,2413.885,1.679,863.96,0.601
07/05/2026,2026-05-07,72,[16:45-17:00[,2026-05-07 15:45,1438.307,19126.56,13.298,10237.488,7.118,,,,,6097.968,4.24,2475.874,1.721,315.23,0.219
07/05/2026,2026-05-07,73,[17:00-17:15[,2026-05-07 16:00,1424.493,20173.116,14.162,10619.988,7.455,,,,,6264.8,4.398,2482.763,1.743,805.566,0.566
07/05/2026,2026-05-07,74,[17:15-17:30[,2026-05-07 16:15,1439.669,20340.848,14.129,9728.425,6.757,,,,,5500.8,3.821,2455.042,1.705,2656.58,1.845
07/05/2026,2026-05-07,75,[17:30-17:45[,2026-05-07 16:30,1451.83,17324.026,11.933,9262.042,6.38,,,,,4430.72,3.052,2525.708,1.74,1105.556,0.761
07/05/2026,2026-05-07,76,[17:45-18:00[,2026-05-07 16:45,1477.526,16804.437,11.373,9030.031,6.112,,,,,3374.56,2.284,2498.606,1.691,1901.24,1.287
07/05/2026,2026-05-07,77,[18:00-18:15[,2026-05-07 17:00,1499.733,24520.333,16.35,9243.825,6.164,5002.3,3.335,-0.515,0,4430.72,2.954,2546.531,1.698,3297.472,2.199
07/05/2026,2026-05-07,78,[18:15-18:30[,2026-05-07 17:15,1538.249,30129.441,19.587,8416.176,5.471,5106.9,3.32,,,3535.56,2.298,2521.699,1.639,10549.105,6.858
07/05/2026,2026-05-07,79,[18:30-18:45[,2026-05-07 17:30,1580.632,25733.121,16.28,6439.459,4.074,5958.05,3.769,,,2050.76,1.297,2591.457,1.64,8693.396,5.5
07/05/2026,2026-05-07,80,[18:45-19:00[,2026-05-07 17:45,1615.313,8328.229,5.156,6145.549,3.805,9362.65,5.796,,,2007.78,1.243,2476.551,1.533,-11664.301,-7.221
07/05/2026,2026-05-07,81,[19:00-19:15[,2026-05-07 18:00,1652.108,25858.69,15.652,5925.251,3.586,18141.7,10.981,,,996.176,0.603,2498.822,1.513,-1703.259,-1.031
07/05/2026,2026-05-07,82,[19:15-19:30[,2026-05-07 18:15,1692.537,25538.935,15.089,4944.419,2.921,18141.7,10.719,-0.006,0,909.552,0.537,2539.917,1.501,-996.646,-0.589
07/05/2026,2026-05-07,83,[19:30-19:45[,2026-05-07 18:30,1729.349,23851.748,13.792,4957.13,2.866,21891.7,12.659,,,904.138,0.523,2499.643,1.445,-6400.863,-3.701
07/05/2026,2026-05-07,84,[19:45-20:00[,2026-05-07 18:45,1765.208,19075.638,10.806,1608.295,0.911,21891.7,12.402,,,860.826,0.488,2542.47,1.44,-7827.653,-4.434
07/05/2026,2026-05-07,85,[20:00-20:15[,2026-05-07 19:00,1785.48,17164.062,9.613,1468.879,0.823,21891.7,12.261,,,1711.08,0.958,2550.444,1.428,-10458.04,-5.857
07/05/2026,2026-05-07,86,[20:15-20:30[,2026-05-07 19:15,1794.279,16073.367,8.958,1464.321,0.816,21891.7,12.201,,,1711.08,0.954,2589.013,1.443,-11582.747,-6.455
07/05/2026,2026-05-07,87,[20:30-20:45[,2026-05-07 19:30,1799.207,22756.819,12.648,1402.35,0.779,21891.7,12.167,,,1699.44,0.945,2577.931,1.433,-4814.602,-2.676
07/05/2026,2026-05-07,88,[20:45-21:00[,2026-05-07 19:45,1810.092,18063.873,9.98,1470.813,0.813,21891.7,12.094,,,1711.08,0.945,2582.155,1.427,-9591.875,-5.299
07/05/2026,2026-05-07,89,[21:00-21:15[,2026-05-07 20:00,1800.776,17608.455,9.778,1401.375,0.778,21891.7,12.157,,,1931.288,1.072,2611.406,1.45,-10227.314,-5.679
07/05/2026,2026-05-07,90,[21:15-21:30[,2026-05-07 20:15,1774.078,18345.594,10.341,1595.363,0.899,21891.7,12.34,,,1964.358,1.107,2602.984,1.467,-9708.81,-5.473
07/05/2026,2026-05-07,91,[21:30-21:45[,2026-05-07 20:30,1744.173,22133.841,12.69,1464.313,0.84,21891.7,12.551,,,1944.516,1.115,2608.822,1.496,-5775.51,-3.311
07/05/2026,2026-05-07,92,[21:45-22:00[,2026-05-07 20:45,1704.531,17778.43,10.43,1613.613,0.947,21891.7,12.843,,,1970.972,1.156,2502.488,1.468,-10200.342,-5.984
07/05/2026,2026-05-07,93,[22:00-22:15[,2026-05-07 21:00,1672.402,19878.33,11.886,2689.206,1.608,21891.7,13.09,,,2072.17,1.239,2517.532,1.505,-9292.278,-5.556
07/05/2026,2026-05-07,94,[22:15-22:30[,2026-05-07 21:15,1642.519,23044.058,14.03,5385.538,3.279,21891.7,13.328,,,2112.934,1.286,2610.759,1.589,-8956.872,-5.453
07/05/2026,2026-05-07,95,[22:30-22:45[,2026-05-07 21:30,1609.283,23021.722,14.306,5321.663,3.307,21891.7,13.603,,,2106.14,1.309,2609.572,1.622,-8907.352,-5.535
07/05/2026,2026-05-07,96,[22:45-23:00[,2026-05-07 21:45,1567.712,22287.52,14.217,6065.588,3.869,21891.7,13.964,,,2187.668,1.395,2589.691,1.652,-10447.126,-6.664
08/05/2026,2026-05-08,1,[23:00-23:15[,2026-05-07 22:00,1539.405,14147.893,9.19,6100.2,3.963,,,,,2236.52,1.453,2750.387,1.787,3060.786,1.988
08/05/2026,2026-05-08,2,[23:15-23:30[,2026-05-07 22:15,1508.945,8603.942,5.702,6113.925,4.052,,,,,2248.48,1.49,2774.225,1.839,-2532.688,-1.678
08/05/2026,2026-05-08,3,[23:30-23:45[,2026-05-07 22:30,1473.256,11914.741,8.087,6285.925,4.267,,,,,2338.18,1.587,2828.451,1.92,462.185,0.314
08/05/2026,2026-05-08,4,[23:45-00:00[,2026-05-07 22:45,1428.759,12888.832,9.021,6403.186,4.482,,,,,2403.96,1.683,2830.872,1.981,1250.813,0.875
08/05/2026,2026-05-08,5,[00:00-00:15[,2026-05-07 23:00,1424.5,9645.006,6.771,6013.45,4.221,,,,,1360.32,0.955,2989.9,2.099,-718.664,-0.505
08/05/2026,2026-05-08,6,[00:15-00:30[,2026-05-07 23:15,1400.121,10968.066,7.834,6106.75,4.362,,,,,2602.92,1.859,2946.835,2.105,-688.438,-0.492
08/05/2026,2026-05-08,7,[00:30-00:45[,2026-05-07 23:30,1377.755,12006.056,8.714,6149.95,4.464,,,,,2622.54,1.903,2859.289,2.075,374.276,0.272
08/05/2026,2026-05-08,8,[00:45-01:00[,2026-05-07 23:45,1351.574,12088.657,8.944,6159.15,4.557,,,,,2629.08,1.945,2893.734,2.141,406.692,0.301
08/05/2026,2026-05-08,9,[01:00-01:15[,2026-05-08 00:00,1326.602,12403.298,9.35,6396.175,4.821,,,,,1995.2,1.504,2946.965,2.221,1064.959,0.803
08/05/2026,2026-05-08,10,[01:15-01:30[,2026-05-08 00:15,1318.429,12811.746,9.717,6925.563,5.253,,,,,2035.8,1.544,2949.391,2.237,900.992,0.683
08/05/2026,2026-05-08,11,[01:30-01:45[,2026-05-08 00:30,1301.261,12413.53,9.54,7034.575,5.406,,,,,2070.6,1.591,2957.02,2.272,351.335,0.27
08/05/2026,2026-05-08,12,[01:45-02:00[,2026-05-08 00:45,1273.671,13088.488,10.276,7107.25,5.58,,,,,2099.6,1.648,2939.35,2.308,942.288,0.74
08/05/2026,2026-05-08,13,[02:00-02:15[,2026-05-08 01:00,1273.765,11244.715,8.828,6564.615,5.154,,,,,1966.5,1.544,2975.538,2.336,-261.938,-0.206
08/05/2026,2026-05-08,14,[02:15-02:30[,2026-05-08 01:15,1258.729,11002.717,8.741,6594.964,5.239,,,,,1972.2,1.567,2984.148,2.371,-548.595,-0.436
08/05/2026,2026-05-08,15,[02:30-02:45[,2026-05-08 01:30,1246.956,12079.355,9.687,6614.52,5.305,,,,,1977.9,1.586,2989.012,2.397,497.924,0.399
08/05/2026,2026-05-08,16,[02:45-03:00[,2026-05-08 01:45,1242.402,11499.008,9.255,6675.763,5.373,,,,,2000.7,1.61,2952.328,2.376,-129.783,-0.104
08/05/2026,2026-05-08,17,[03:00-03:15[,2026-05-08 02:00,1232.018,12186.291,9.891,6712.325,5.448,,,,,1983.86,1.61,2919.88,2.37,570.226,0.463
08/05/2026,2026-05-08,18,[03:15-03:30[,2026-05-08 02:15,1220.719,12825.343,10.506,6760.288,5.538,,,,,1995.1,1.634,2991.595,2.451,1078.36,0.883
08/05/2026,2026-05-08,19,[03:30-03:45[,2026-05-08 02:30,1217.076,11561.842,9.5,7037.875,5.783,,,,,2006.34,1.648,2956.077,2.429,-438.451,-0.36
08/05/2026,2026-05-08,20,[03:45-04:00[,2026-05-08 02:45,1217.152,11963.212,9.829,6784.75,5.574,,,,,2006.34,1.648,2949.264,2.423,222.857,0.183
08/05/2026,2026-05-08,21,[04:00-04:15[,2026-05-08 03:00,1205.376,13002.453,10.787,7037.775,5.839,,,,,2063.46,1.712,2897.336,2.404,1003.882,0.833
08/05/2026,2026-05-08,22,[04:15-04:30[,2026-05-08 03:15,1201.726,13659.546,11.367,7104.65,5.912,,,,,2080.8,1.732,2894.742,2.409,1579.355,1.314
08/05/2026,2026-05-08,23,[04:30-04:45[,2026-05-08 03:30,1210.32,11706.542,9.672,6679.463,5.519,,,,,2028.78,1.676,2947.161,2.435,51.138,0.042
08/05/2026,2026-05-08,24,[04:45-05:00[,2026-05-08 03:45,1196.442,14140.58,11.819,6569.809,5.491,,,,,1994.1,1.667,2945.541,2.462,2631.13,2.199
08/05/2026,2026-05-08,25,[05:00-05:15[,2026-05-08 04:00,1233.186,8475.351,6.873,6679.663,5.417,,,,,1120.698,0.909,2943.757,2.387,-2268.766,-1.84
08/05/2026,2026-05-08,26,[05:15-05:30[,2026-05-08 04:15,1244.314,8258.085,6.637,6570.794,5.281,,,,,1104.456,0.888,2903.355,2.333,-2320.52,-1.865
08/05/2026,2026-05-08,27,[05:30-05:45[,2026-05-08 04:30,1238.164,7168.624,5.79,6166.05,4.98,,,,,1099.042,0.888,2946.04,2.379,-3042.508,-2.457
08/05/2026,2026-05-08,28,[05:45-06:00[,2026-05-08 04:45,1258.801,6392.793,5.078,6166.45,4.899,,,,,1099.042,0.873,2947.183,2.341,-3819.882,-3.035
08/05/2026,2026-05-08,29,[06:00-06:15[,2026-05-08 05:00,1289.731,8321.845,6.452,6080.05,4.714,,,,,1229.82,0.954,2947.081,2.285,-1935.106,-1.5
08/05/2026,2026-05-08,30,[06:15-06:30[,2026-05-08 05:15,1300.108,7823.839,6.018,6112.066,4.701,,,,,1242.18,0.955,2888.285,2.222,-2418.693,-1.86
08/05/2026,2026-05-08,31,[06:30-06:45[,2026-05-08 05:30,1329.633,8783.883,6.606,6141.403,4.619,,,,,1254.54,0.944,2927.791,2.202,-1539.85,-1.158
08/05/2026,2026-05-08,32,[06:45-07:00[,2026-05-08 05:45,1358.62,9970.09,7.338,6492.957,4.779,,,,,1260.72,0.928,2937.888,2.162,-721.475,-0.531
08/05/2026,2026-05-08,33,[07:00-07:15[,2026-05-08 06:00,1417.55,11495.897,8.11,6524.794,4.603,,,,,2800.16,1.975,2945.463,2.078,-774.521,-0.546
08/05/2026,2026-05-08,34,[07:15-07:30[,2026-05-08 06:15,1459.887,13158.053,9.013,6546.78,4.484,,,,,2813.92,1.927,2913.674,1.996,883.679,0.605
08/05/2026,2026-05-08,35,[07:30-07:45[,2026-05-08 06:30,1504.726,13545.236,9.002,7426.132,4.935,,,,,3137.28,2.085,2875.425,1.911,106.4,0.071
08/05/2026,2026-05-08,36,[07:45-08:00[,2026-05-08 06:45,1533.883,18308.938,11.936,8731.946,5.693,,,,,4760.96,3.104,2908.447,1.896,1907.585,1.244
08/05/2026,2026-05-08,37,[08:00-08:15[,2026-05-08 07:00,1576.195,13292.634,8.433,7114.918,4.514,,,,,2985.82,1.894,2919.673,1.852,272.223,0.173
08/05/2026,2026-05-08,38,[08:15-08:30[,2026-05-08 07:15,1629.968,16057.85,9.852,8034.174,4.929,,,,,4057.48,2.489,2886.718,1.771,1079.478,0.662
08/05/2026,2026-05-08,39,[08:30-08:45[,2026-05-08 07:30,1648.773,14571.913,8.838,8863.175,5.376,,,,,4623.64,2.804,2852.585,1.73,-1767.487,-1.072
08/05/2026,2026-05-08,40,[08:45-09:00[,2026-05-08 07:45,1647.4,18368.564,11.15,11776.125,7.148,,,,,7290.36,4.425,2777.21,1.686,-3475.131,-2.109
08/05/2026,2026-05-08,41,[09:00-09:15[,2026-05-08 08:00,1679.106,24416.307,14.541,11862.375,7.065,,,,,8461.016,5.039,2932.951,1.747,1159.966,0.691
08/05/2026,2026-05-08,42,[09:15-09:30[,2026-05-08 08:15,1663.491,26811.46,16.118,12217.023,7.344,,,,,9326.744,5.607,2936.649,1.765,2331.044,1.401
08/05/2026,2026-05-08,43,[09:30-09:45[,2026-05-08 08:30,1655.426,25740.102,15.549,12592.907,7.607,,,,,9225.216,5.573,2976.413,1.798,945.566,0.571
08/05/2026,2026-05-08,44,[09:45-10:00[,2026-05-08 08:45,1625.468,22368.473,13.761,13007.919,8.003,,,,,10200.162,6.275,2937.999,1.807,-3777.607,-2.324
08/05/2026,2026-05-08,45,[10:00-10:15[,2026-05-08 09:00,1610.879,20039.528,12.44,13780.8,8.555,,,,,9995.024,6.205,2871.861,1.783,-6608.157,-4.102
08/05/2026,2026-05-08,46,[10:15-10:30[,2026-05-08 09:15,1632.264,26233.888,16.072,13913.68,8.524,,,,,10328.64,6.328,2897.938,1.775,-906.37,-0.555
08/05/2026,2026-05-08,47,[10:30-10:45[,2026-05-08 09:30,1643.574,32558.867,19.81,14638.988,8.907,,,,,9168.012,5.578,2905.565,1.768,5846.303,3.557
08/05/2026,2026-05-08,48,[10:45-11:00[,2026-05-08 09:45,1650.112,25472.104,15.437,14881.8,9.019,,,,,9434.084,5.717,2664.189,1.615,-1507.969,-0.914
08/05/2026,2026-05-08,49,[11:00-11:15[,2026-05-08 10:00,1681.38,27615.96,16.425,14788.053,8.795,,,,,10206.144,6.07,2910.111,1.731,-288.348,-0.171
08/05/2026,2026-05-08,50,[11:15-11:30[,2026-05-08 10:15,1694.952,28593.801,16.87,14976.49,8.836,,,,,10365.512,6.116,2913.078,1.719,338.721,0.2
08/05/2026,2026-05-08,51,[11:30-11:45[,2026-05-08 10:30,1711.493,28287.208,16.528,15040.263,8.788,,,,,9517.884,5.561,2896.797,1.693,832.265,0.486
08/05/2026,2026-05-08,52,[11:45-12:00[,2026-05-08 10:45,1696.663,27638.074,16.29,15090.545,8.894,,,,,9589.89,5.652,2834.891,1.671,122.748,0.072
08/05/2026,2026-05-08,53,[12:00-12:15[,2026-05-08 11:00,1643.342,26420.13,16.077,15093.358,9.185,,,,,8655.2,5.267,2733.666,1.663,-62.094,-0.038
08/05/2026,2026-05-08,54,[12:15-12:30[,2026-05-08 11:15,1645.696,26182.077,15.909,15093.358,9.171,,,,,8655.2,5.259,2762.292,1.678,-328.772,-0.2
08/05/2026,2026-05-08,55,[12:30-12:45[,2026-05-08 11:30,1604.805,26400.156,16.451,15093.358,9.405,,,,,9356.154,5.83,2742.557,1.709,-791.912,-0.493
08/05/2026,2026-05-08,56,[12:45-13:00[,2026-05-08 11:45,1575.887,26538.516,16.84,15124.288,9.597,,,,,9432.066,5.985,2688.185,1.706,-706.023,-0.448
08/05/2026,2026-05-08,57,[13:00-13:15[,2026-05-08 12:00,1563.729,27500.108,17.586,15144.913,9.685,,,,,9356.154,5.983,2762.77,1.767,236.271,0.151
08/05/2026,2026-05-08,58,[13:15-13:30[,2026-05-08 12:15,1556.686,27569.866,17.711,15144.913,9.729,,,,,9356.154,6.01,2860.022,1.837,208.777,0.134
08/05/2026,2026-05-08,59,[13:30-13:45[,2026-05-08 12:30,1558.723,27123.109,17.401,15171.17,9.733,,,,,9178.674,5.889,2856.013,1.832,-82.748,-0.053
08/05/2026,2026-05-08,60,[13:45-14:00[,2026-05-08 12:45,1548.346,26390.798,17.045,15171.17,9.798,,,,,9178.674,5.928,2801.676,1.809,-760.722,-0.491
08/05/2026,2026-05-08,61,[14:00-14:15[,2026-05-08 13:00,1563.497,27590.506,17.647,15171.17,9.703,,,,,9356.154,5.984,2744.21,1.755,318.971,0.204
08/05/2026,2026-05-08,62,[14:15-14:30[,2026-05-08 13:15,1589.741,28514.956,17.937,15171.17,9.543,,,,,9356.154,5.885,2871.918,1.807,1115.713,0.702
08/05/2026,2026-05-08,63,[14:30-14:45[,2026-05-08 13:30,1588.647,29004.813,18.258,15171.17,9.55,,,,,9356.154,5.889,2944.661,1.854,1532.828,0.965
08/05/2026,2026-05-08,64,[14:45-15:00[,2026-05-08 13:45,1612.751,28592.056,17.729,15144.92,9.391,,,,,9296.994,5.765,2864.793,1.776,1285.349,0.797
08/05/2026,2026-05-08,65,[15:00-15:15[,2026-05-08 14:00,1609.663,28330.401,17.6,15124.288,9.396,,,,,9267.414,5.757,2890.21,1.796,1048.49,0.651
08/05/2026,2026-05-08,66,[15:15-15:30[,2026-05-08 14:15,1579.203,25989.302,16.457,15093.358,9.558,,,,,11311.566,7.163,2855.934,1.808,-3271.556,-2.072
08/05/2026,2026-05-08,67,[15:30-15:45[,2026-05-08 14:30,1563.108,34172.453,21.862,15093.358,9.656,,,,,11242.572,7.192,2904.924,1.858,4931.599,3.155
08/05/2026,2026-05-08,68,[15:45-16:00[,2026-05-08 14:45,1562.263,29944.686,19.168,15093.358,9.661,,,,,11180.156,7.156,2945.919,1.886,725.253,0.464
08/05/2026,2026-05-08,69,[16:00-16:15[,2026-05-08 15:00,1549.784,32205.738,20.781,15069.92,9.724,,,,,11825.29,7.63,2977.745,1.921,2332.783,1.505
08/05/2026,2026-05-08,70,[16:15-16:30[,2026-05-08 15:15,1570.325,32971.922,20.997,15022.428,9.566,,,,,11860.2,7.553,2907.29,1.851,3182.005,2.026
08/05/2026,2026-05-08,71,[16:30-16:45[,2026-05-08 15:30,1568.847,22209.522,14.157,14694.305,9.366,,,,,10671.154,6.802,2758.419,1.758,-5914.356,-3.77
08/05/2026,2026-05-08,72,[16:45-17:00[,2026-05-08 15:45,1560.477,27483.82,17.612,14021.638,8.985,,,,,10153.52,6.507,2877.282,1.844,431.379,0.276
08/05/2026,2026-05-08,73,[17:00-17:15[,2026-05-08 16:00,1536.191,23449.949,15.265,13500.25,8.788,,,,,10137.8,6.599,2836.48,1.846,-3024.581,-1.969
08/05/2026,2026-05-08,74,[17:15-17:30[,2026-05-08 16:15,1549.308,25692.122,16.583,13002.594,8.393,,,,,9655.16,6.232,2946.452,1.902,87.917,0.057
08/05/2026,2026-05-08,75,[17:30-17:45[,2026-05-08 16:30,1556.427,20010.817,12.857,12059.593,7.748,,,,,8687.952,5.582,2980.852,1.915,-3717.58,-2.389
08/05/2026,2026-05-08,76,[17:45-18:00[,2026-05-08 16:45,1567.152,20837.419,13.296,10705.408,6.831,,,,,6809.28,4.345,2988.685,1.907,334.046,0.213
08/05/2026,2026-05-08,77,[18:00-18:15[,2026-05-08 17:00,1595.622,22832.098,14.309,11783.913,7.385,,,,,7523.692,4.715,3020.267,1.893,504.226,0.316
08/05/2026,2026-05-08,78,[18:15-18:30[,2026-05-08 17:15,1600.873,16284.182,10.172,9095.199,5.681,,,,,5764.44,3.601,2946.894,1.841,-1522.351,-0.951
08/05/2026,2026-05-08,79,[18:30-18:45[,2026-05-08 17:30,1636.439,13184.481,8.057,8198.978,5.01,,,,,4435.86,2.711,3009.07,1.839,-2459.426,-1.503
08/05/2026,2026-05-08,80,[18:45-19:00[,2026-05-08 17:45,1677.882,15831.453,9.435,7310.95,4.357,,,,,3049.2,1.817,3056.185,1.821,2415.119,1.439
08/05/2026,2026-05-08,81,[19:00-19:15[,2026-05-08 18:00,1662.55,16064.25,9.662,8807.644,5.298,,,,,3169.6,1.906,2932.82,1.764,1154.187,0.694
08/05/2026,2026-05-08,82,[19:15-19:30[,2026-05-08 18:15,1681.22,12939.11,7.696,7449.578,4.431,,,,,1890.44,1.124,2840.823,1.69,758.269,0.451
08/05/2026,2026-05-08,83,[19:30-19:45[,2026-05-08 18:30,1710.531,9863.91,5.767,7355.708,4.3,,,,,1406.4,0.822,2900.254,1.696,-1798.451,-1.051
08/05/2026,2026-05-08,84,[19:45-20:00[,2026-05-08 18:45,1736.929,5860.595,3.374,6862.907,3.951,,,,,1164.946,0.671,2899.135,1.669,-5066.393,-2.917
08/05/2026,2026-05-08,85,[20:00-20:15[,2026-05-08 19:00,1747.741,8030.834,4.595,6578.892,3.764,,,,,761.02,0.435,2831.955,1.62,-2141.033,-1.225
08/05/2026,2026-05-08,86,[20:15-20:30[,2026-05-08 19:15,1750.134,8545.597,4.883,6503.862,3.716,,,,,661.502,0.378,2839.721,1.623,-1459.487,-0.834
08/05/2026,2026-05-08,87,[20:30-20:45[,2026-05-08 19:30,1751.357,11802.294,6.739,6649.7,3.797,,,,,743.458,0.425,2805.098,1.602,1604.038,0.916
08/05/2026,2026-05-08,88,[20:45-21:00[,2026-05-08 19:45,1758.948,17892.243,10.172,6803.1,3.868,,,38.494,0.022,942.494,0.536,2809.379,1.597,7298.776,4.15
08/05/2026,2026-05-08,89,[21:00-21:15[,2026-05-08 20:00,1747.001,6116.836,3.501,6908.225,3.954,,,37.669,0.022,1276.64,0.731,2802.372,1.604,-4908.07,-2.809
08/05/2026,2026-05-08,90,[21:15-21:30[,2026-05-08 20:15,1721.77,9218.473,5.354,7412.688,4.305,,,,,1289.28,0.749,2693.597,1.564,-2177.092,-1.264
08/05/2026,2026-05-08,91,[21:30-21:45[,2026-05-08 20:30,1695.715,9454.657,5.576,7401.15,4.365,,,,,1282.96,0.757,2678.058,1.579,-1907.511,-1.125
08/05/2026,2026-05-08,92,[21:45-22:00[,2026-05-08 20:45,1657.643,8380.626,5.056,7667.575,4.626,,,,,1554.72,0.938,2491.015,1.503,-3332.684,-2.01
08/05/2026,2026-05-08,93,[22:00-22:15[,2026-05-08 21:00,1642.714,11314.765,6.888,7635.375,4.648,,,,,2248.2,1.369,2621.345,1.596,-1190.155,-0.725
08/05/2026,2026-05-08,94,[22:15-22:30[,2026-05-08 21:15,1615.175,11313.694,7.005,7713.613,4.776,,,,,2360.61,1.462,2623.873,1.625,-1384.402,-0.857
08/05/2026,2026-05-08,95,[22:30-22:45[,2026-05-08 21:30,1594.473,12139.829,7.614,8060.375,5.055,,,,,3405.6,2.136,2590.091,1.624,-1916.238,-1.202
08/05/2026,2026-05-08,96,[22:45-23:00[,2026-05-08 21:45,1540.017,17142.162,11.131,9019.45,5.857,,,,,5007.78,3.252,2643.032,1.716,471.9,0.306
09/05/2026,2026-05-09,1,[23:00-23:15[,2026-05-08 22:00,1527.895,10340.192,6.768,11288.449,7.388,,,,,532.1,0.348,2724.346,1.783,-3579.703,-2.343
09/05/2026,2026-05-09,2,[23:15-23:30[,2026-05-08 22:15,1500.287,13195.139,8.795,11335.063,7.555,,,,,532.1,0.355,2785.095,1.856,-832.118,-0.555
09/05/2026,2026-05-09,3,[23:30-23:45[,2026-05-08 22:30,1462.281,11518.149,7.877,12265.716,8.388,,,,,532.1,0.364,2829.748,1.935,-3484.415,-2.383
09/05/2026,2026-05-09,4,[23:45-00:00[,2026-05-08 22:45,1423.455,13959.503,9.807,12495.525,8.778,,,,,1239.48,0.871,2832.448,1.99,-1982.95,-1.393
09/05/2026,2026-05-09,5,[00:00-00:15[,2026-05-08 23:00,1397.37,15540.39,11.121,12513.904,8.955,,,,,1221.3,0.874,2924.421,2.093,-494.236,-0.354
09/05/2026,2026-05-09,6,[00:15-00:30[,2026-05-08 23:15,1374.095,15423.161,11.224,12563.484,9.143,,,,,1392.4,1.013,2798.942,2.037,-706.664,-0.514
09/05/2026,2026-05-09,7,[00:30-00:45[,2026-05-08 23:30,1346.639,17316.401,12.859,12696.22,9.428,,,,,2047.3,1.52,2826.827,2.099,371.053,0.276
09/05/2026,2026-05-09,8,[00:45-01:00[,2026-05-08 23:45,1333.601,18604.976,13.951,13097.967,9.822,,,,,3994.3,2.995,2823.852,2.117,-686.143,-0.515
09/05/2026,2026-05-09,9,[01:00-01:15[,2026-05-09 00:00,1312.192,16623.219,12.668,13003.261,9.91,,,,,1952.44,1.488,2821.835,2.15,-529.318,-0.403
09/05/2026,2026-05-09,10,[01:15-01:30[,2026-05-09 00:15,1289.515,21427.565,16.617,13896.064,10.776,,,,,5649.84,4.381,2711.516,2.103,-204.856,-0.159
09/05/2026,2026-05-09,11,[01:30-01:45[,2026-05-09 00:30,1271.306,21761.512,17.117,13957.862,10.979,,,,,5816.6,4.575,2756.895,2.169,-144.845,-0.114
09/05/2026,2026-05-09,12,[01:45-02:00[,2026-05-09 00:45,1254.367,22352.569,17.82,14053.13,11.203,,,,,6466.84,5.155,2763.26,2.203,-305.661,-0.244
09/05/2026,2026-05-09,13,[02:00-02:15[,2026-05-09 01:00,1241.515,21719.484,17.494,13959.113,11.244,,,,,6212.24,5.004,2770.948,2.232,-597.816,-0.482
09/05/2026,2026-05-09,14,[02:15-02:30[,2026-05-09 01:15,1225.686,21437.477,17.49,13959.113,11.389,,,,,6212.24,5.068,2711.145,2.212,-820.021,-0.669
09/05/2026,2026-05-09,15,[02:30-02:45[,2026-05-09 01:30,1214.111,22273.597,18.346,13959.113,11.497,,,,,6212.24,5.117,2526.186,2.081,201.058,0.166
09/05/2026,2026-05-09,16,[02:45-03:00[,2026-05-09 01:45,1202.501,21528.367,17.903,13959.113,11.608,,,,,6212.24,5.166,2572.076,2.139,-590.063,-0.491
09/05/2026,2026-05-09,17,[03:00-03:15[,2026-05-09 02:00,1188.562,21238.921,17.869,13959.113,11.745,,,,,6110.4,5.141,2700.138,2.272,-905.73,-0.762
09/05/2026,2026-05-09,18,[03:15-03:30[,2026-05-09 02:15,1182.718,21027.925,17.779,13959.846,11.803,,,,,6110.4,5.166,2717.398,2.298,-1134.72,-0.959
09/05/2026,2026-05-09,19,[03:30-03:45[,2026-05-09 02:30,1167.97,22400.884,19.179,13959.846,11.952,,,,,6110.4,5.232,2693.754,2.306,261.883,0.224
09/05/2026,2026-05-09,20,[03:45-04:00[,2026-05-09 02:45,1165.962,22078.224,18.936,13959.846,11.973,,,,,6110.4,5.241,2489.68,2.135,143.299,0.123
09/05/2026,2026-05-09,21,[04:00-04:15[,2026-05-09 03:00,1159.927,21840.89,18.83,13959.113,12.034,,,,,6288.62,5.422,2608.578,2.249,-390.421,-0.337
09/05/2026,2026-05-09,22,[04:15-04:30[,2026-05-09 03:15,1157.561,22169.007,19.151,13959.846,12.06,,,,,6288.62,5.433,2616.922,2.261,-71.381,-0.062
09/05/2026,2026-05-09,23,[04:30-04:45[,2026-05-09 03:30,1158.406,22505.223,19.428,13959.113,12.05,,,,,6288.62,5.429,2634.778,2.274,247.712,0.214
09/05/2026,2026-05-09,24,[04:45-05:00[,2026-05-09 03:45,1143.942,22892.216,20.012,13959.846,12.203,,,,,6288.62,5.497,2735.486,2.391,533.263,0.466
09/05/2026,2026-05-09,25,[05:00-05:15[,2026-05-09 04:00,1154.709,20252.199,17.539,13959.113,12.089,,,,,6314.08,5.468,2785.423,2.412,-2181.417,-1.889
09/05/2026,2026-05-09,26,[05:15-05:30[,2026-05-09 04:15,1160.52,22645.124,19.513,13916.53,11.992,,,,,6209.92,5.351,2799.262,2.412,344.411,0.297
09/05/2026,2026-05-09,27,[05:30-05:45[,2026-05-09 04:30,1140.155,22245.607,19.511,13894.458,12.186,,,,,6155.36,5.399,2763.703,2.424,57.086,0.05
09/05/2026,2026-05-09,28,[05:45-06:00[,2026-05-09 04:45,1154.735,22458.659,19.449,13747.862,11.906,,,,,5798.24,5.021,2782.828,2.41,754.729,0.654
09/05/2026,2026-05-09,29,[06:00-06:15[,2026-05-09 05:00,1153.666,19383.265,16.801,13241.399,11.478,,,,,5665.674,4.911,2632.059,2.281,-1530.867,-1.327
09/05/2026,2026-05-09,30,[06:15-06:30[,2026-05-09 05:15,1125.04,21398.642,19.02,13404.524,11.915,,,,,6012.552,5.344,2579.369,2.293,27.196,0.024
09/05/2026,2026-05-09,31,[06:30-06:45[,2026-05-09 05:30,1134.877,21081.774,18.576,13404.411,11.811,,,,,6143.592,5.413,2717.838,2.395,-559.066,-0.493
09/05/2026,2026-05-09,32,[06:45-07:00[,2026-05-09 05:45,1149.487,21655.471,18.839,13526.399,11.767,,,,,6241.72,5.43,2636.258,2.293,-123.906,-0.108
09/05/2026,2026-05-09,33,[07:00-07:15[,2026-05-09 06:00,1163.684,19389.885,16.663,12888.899,11.076,,,,,4947.22,4.251,2538.889,2.182,-360.123,-0.309
09/05/2026,2026-05-09,34,[07:15-07:30[,2026-05-09 06:15,1196.044,21578.742,18.042,13779.638,11.521,,,,,7075.64,5.916,2577.665,2.155,-1229.2,-1.028
09/05/2026,2026-05-09,35,[07:30-07:45[,2026-05-09 06:30,1230.874,20111.829,16.339,13871.626,11.27,,,,,7281.56,5.916,2601.27,2.113,-3017.627,-2.452
09/05/2026,2026-05-09,36,[07:45-08:00[,2026-05-09 06:45,1240.583,23598.901,19.022,13632.241,10.989,,,,,7281.56,5.869,2602.273,2.098,707.828,0.571
09/05/2026,2026-05-09,37,[08:00-08:15[,2026-05-09 07:00,1280.547,20957.311,16.366,13544.909,10.577,,,,,7026.96,5.487,2605.511,2.035,-1595.069,-1.246
09/05/2026,2026-05-09,38,[08:15-08:30[,2026-05-09 07:15,1308.39,20353.459,15.556,13544.909,10.352,,,,,7026.96,5.371,2702.029,2.065,-2295.438,-1.754
09/05/2026,2026-05-09,39,[08:30-08:45[,2026-05-09 07:30,1316.541,23794.632,18.074,13900.565,10.558,,,,,7198.08,5.467,2700.321,2.051,620.666,0.471
09/05/2026,2026-05-09,40,[08:45-09:00[,2026-05-09 07:45,1341.898,27959.921,20.836,13946.726,10.393,,,,,7325.04,5.459,2695.706,2.009,4617.448,3.441
09/05/2026,2026-05-09,41,[09:00-09:15[,2026-05-09 08:00,1372.995,26876.969,19.575,13921.907,10.14,,,,,7749.84,5.644,2682.762,1.954,3147.46,2.292
09/05/2026,2026-05-09,42,[09:15-09:30[,2026-05-09 08:15,1389.171,22781.36,16.399,14515.223,10.449,,,,,9596.16,6.908,2684.589,1.933,-3389.611,-2.44
09/05/2026,2026-05-09,43,[09:30-09:45[,2026-05-09 08:30,1412.425,28924.88,20.479,14956.66,10.589,,,,,9273.6,6.566,2681.879,1.899,2637.74,1.868
09/05/2026,2026-05-09,44,[09:45-10:00[,2026-05-09 08:45,1417.08,22047.545,15.558,15292.585,10.792,,,,,8496.6,5.996,2640.842,1.864,-3757.482,-2.652
09/05/2026,2026-05-09,45,[10:00-10:15[,2026-05-09 09:00,1435.498,25266.594,17.601,16322.898,11.371,,,,,9376,6.532,2598.327,1.81,-2405.63,-1.676
09/05/2026,2026-05-09,46,[10:15-10:30[,2026-05-09 09:15,1441.618,26312.78,18.252,16541.334,11.474,,,,,9575.24,6.642,2619.294,1.817,-1798.089,-1.247
09/05/2026,2026-05-09,47,[10:30-10:45[,2026-05-09 09:30,1448.011,24228.62,16.732,16642.584,11.493,,,,,9663.14,6.673,2558.185,1.767,-4010.289,-2.77
09/05/2026,2026-05-09,48,[10:45-11:00[,2026-05-09 09:45,1456.129,35374.838,24.294,16726.003,11.487,,,33.958,0.023,9739.32,6.689,2578.793,1.771,6921.764,4.754
09/05/2026,2026-05-09,49,[11:00-11:15[,2026-05-09 10:00,1446.371,24491.246,16.933,16751.483,11.582,,,,,9831.656,6.797,2424.594,1.676,-3891.487,-2.691
09/05/2026,2026-05-09,50,[11:15-11:30[,2026-05-09 10:15,1455.75,21217.45,14.575,16751.474,11.507,,,,,9493.344,6.521,2287.683,1.571,-6690.05,-4.596
09/05/2026,2026-05-09,51,[11:30-11:45[,2026-05-09 10:30,1445.824,23721.067,16.407,16751.472,11.586,,,,,9759.264,6.75,2237.092,1.547,-4401.76,-3.044
09/05/2026,2026-05-09,52,[11:45-12:00[,2026-05-09 10:45,1450.431,21881.987,15.087,16782.204,11.57,,,,,9816.072,6.768,2369.579,1.634,-6460.868,-4.454
09/05/2026,2026-05-09,53,[12:00-12:15[,2026-05-09 11:00,1442.108,26978.877,18.708,16782.214,11.637,,,,,8408.624,5.831,2375.964,1.648,37.074,0.026
09/05/2026,2026-05-09,54,[12:15-12:30[,2026-05-09 11:15,1447.233,26981.719,18.644,16827.751,11.628,,,,,8406.708,5.809,2229.744,1.541,142.516,0.098
09/05/2026,2026-05-09,55,[12:30-12:45[,2026-05-09 11:30,1457.966,27715.915,19.01,16827.785,11.542,,,,,8508.786,5.836,2291.258,1.572,713.086,0.489
09/05/2026,2026-05-09,56,[12:45-13:00[,2026-05-09 11:45,1442.288,22662.273,15.713,16828.521,11.668,,,,,8508.786,5.9,2469.272,1.712,-4519.306,-3.133
09/05/2026,2026-05-09,57,[13:00-13:15[,2026-05-09 12:00,1440.867,22069.507,15.317,16828.523,11.679,,,,,8508.786,5.905,2400.333,1.666,-5043.135,-3.5
09/05/2026,2026-05-09,58,[13:15-13:30[,2026-05-09 12:15,1433.412,25253.139,17.618,16828.503,11.74,,,,,8508.786,5.936,2433.35,1.698,-1892.5,-1.32
09/05/2026,2026-05-09,59,[13:30-13:45[,2026-05-09 12:30,1415.358,24028.394,16.977,16828.476,11.89,,,,,8322.666,5.88,2477.215,1.75,-2974.963,-2.102
09/05/2026,2026-05-09,60,[13:45-14:00[,2026-05-09 12:45,1412.55,26439.222,18.717,16828.44,11.914,,,,,8322.666,5.892,2521.017,1.785,-607.901,-0.43
09/05/2026,2026-05-09,61,[14:00-14:15[,2026-05-09 13:00,1404.047,26770.135,19.066,16828.408,11.986,,,,,8508.786,6.06,2482.619,1.768,-424.678,-0.302
09/05/2026,2026-05-09,62,[14:15-14:30[,2026-05-09 13:15,1404.848,26616.668,18.946,16828.371,11.979,,,,,8477.766,6.035,2478.32,1.764,-542.789,-0.386
09/05/2026,2026-05-09,63,[14:30-14:45[,2026-05-09 13:30,1411.838,24301.741,17.213,16828.334,11.919,,,,,8375.948,5.933,2373.284,1.681,-2650.825,-1.878
09/05/2026,2026-05-09,64,[14:45-15:00[,2026-05-09 13:45,1408.044,27262.648,19.362,16828.309,11.952,,,,,8280.076,5.881,2499.088,1.775,280.175,0.199
09/05/2026,2026-05-09,65,[15:00-15:15[,2026-05-09 14:00,1414.254,28148.448,19.903,16824.744,11.897,,,2296.875,1.624,8274.65,5.851,2531.225,1.79,-1154.046,-0.816
09/05/2026,2026-05-09,66,[15:15-15:30[,2026-05-09 14:15,1416.789,18266.796,12.893,16827.579,11.877,,,,,8314.428,5.869,2432.962,1.717,-8683.173,-6.129
09/05/2026,2026-05-09,67,[15:30-15:45[,2026-05-09 14:30,1396.832,23204.497,16.612,16802.689,12.029,,,,,8301.202,5.943,2427.247,1.738,-3701.641,-2.65
09/05/2026,2026-05-09,68,[15:45-16:00[,2026-05-09 14:45,1394.877,22366.468,16.035,16826.871,12.063,,,,,8252.908,5.917,2529.893,1.814,-4618.204,-3.311
09/05/2026,2026-05-09,69,[16:00-16:15[,2026-05-09 15:00,1372.626,24363.447,17.75,16826.899,12.259,,,,,9556.176,6.962,2531.794,1.844,-3926.421,-2.861
09/05/2026,2026-05-09,70,[16:15-16:30[,2026-05-09 15:15,1354.121,22503.693,16.619,16781.238,12.393,,,,,9449.552,6.978,2477.104,1.829,-5579.201,-4.12
09/05/2026,2026-05-09,71,[16:30-16:45[,2026-05-09 15:30,1349.079,23911.889,17.725,16750.313,12.416,,,,,9559.824,7.086,2392.255,1.773,-4165.502,-3.088
09/05/2026,2026-05-09,72,[16:45-17:00[,2026-05-09 15:45,1338.422,27724.712,20.714,16725.888,12.497,,,,,9437.336,7.051,2474.542,1.849,-288.054,-0.215
09/05/2026,2026-05-09,73,[17:00-17:15[,2026-05-09 16:00,1356.474,33561.032,24.741,16541.398,12.194,,,,,9869.36,7.276,2384.736,1.758,5390.539,3.974
09/05/2026,2026-05-09,74,[17:15-17:30[,2026-05-09 16:15,1368.663,22923.258,16.749,16222.652,11.853,,,,,9573.4,6.995,2500.625,1.827,-4748.419,-3.469
09/05/2026,2026-05-09,75,[17:30-17:45[,2026-05-09 16:30,1365.371,22182.595,16.247,14980.22,10.972,,,,,10002.24,7.326,2559.314,1.874,-4734.18,-3.467
09/05/2026,2026-05-09,76,[17:45-18:00[,2026-05-09 16:45,1375.64,20827.487,15.14,13852.933,10.07,,,,,8370.904,6.085,2543.088,1.849,-3314.438,-2.409
09/05/2026,2026-05-09,77,[18:00-18:15[,2026-05-09 17:00,1380.315,22226.319,16.102,14000.406,10.143,,,,,8340.176,6.042,2494.364,1.807,-1983.626,-1.437
09/05/2026,2026-05-09,78,[18:15-18:30[,2026-05-09 17:15,1399.968,20669.261,14.764,13553.899,9.682,,,,,8086.096,5.776,2486.266,1.776,-2832,-2.023
09/05/2026,2026-05-09,79,[18:30-18:45[,2026-05-09 17:30,1429.799,22606.579,15.811,13938.237,9.748,,,,,7933.336,5.549,2557.418,1.789,-1197.413,-0.837
09/05/2026,2026-05-09,80,[18:45-19:00[,2026-05-09 17:45,1443.424,12269.801,8.5,11589.276,8.029,,,,,2448.6,1.696,2565.194,1.777,-3708.269,-2.569
09/05/2026,2026-05-09,81,[19:00-19:15[,2026-05-09 18:00,1485.503,23026.602,15.501,12943.778,8.713,,,,,4029.6,2.713,2580.949,1.737,4097.275,2.758
09/05/2026,2026-05-09,82,[19:15-19:30[,2026-05-09 18:15,1516.097,12768.14,8.422,11428.356,7.538,,,,,783.84,0.517,2581.754,1.703,-1400.811,-0.924
09/05/2026,2026-05-09,83,[19:30-19:45[,2026-05-09 18:30,1532.589,13798.326,9.003,11288.968,7.366,,,,,436.08,0.285,2581.505,1.684,116.773,0.076
09/05/2026,2026-05-09,84,[19:45-20:00[,2026-05-09 18:45,1572.107,14449.67,9.191,10657.702,6.779,,,,,436.08,0.277,2566.041,1.632,1414.848,0.9
09/05/2026,2026-05-09,85,[20:00-20:15[,2026-05-09 19:00,1576.176,12998.586,8.247,10473.493,6.645,,,,,508.3,0.322,2563.245,1.626,78.548,0.05
09/05/2026,2026-05-09,86,[20:15-20:30[,2026-05-09 19:15,1577.767,10127.389,6.419,10487.142,6.647,,,,,508.3,0.322,2518.391,1.596,-2761.444,-1.75
09/05/2026,2026-05-09,87,[20:30-20:45[,2026-05-09 19:30,1578.22,11524.068,7.302,10495.223,6.65,,,,,508.3,0.322,2547.723,1.614,-1402.178,-0.888
09/05/2026,2026-05-09,88,[20:45-21:00[,2026-05-09 19:45,1600.223,11599.368,7.249,10495.223,6.559,,,,,508.3,0.318,2505.267,1.566,-1284.421,-0.803
09/05/2026,2026-05-09,89,[21:00-21:15[,2026-05-09 20:00,1600.496,10892.492,6.806,13036.875,8.146,,,,,552.5,0.345,2509.618,1.568,-4581.501,-2.863
09/05/2026,2026-05-09,90,[21:15-21:30[,2026-05-09 20:15,1568.248,19110.225,12.186,13267.59,8.46,,,,,552.5,0.352,2460.915,1.569,3454.221,2.203
09/05/2026,2026-05-09,91,[21:30-21:45[,2026-05-09 20:30,1555.032,18493.916,11.893,13268.385,8.533,,,,,552.5,0.355,2448.02,1.574,2850.011,1.833
09/05/2026,2026-05-09,92,[21:45-22:00[,2026-05-09 20:45,1529.176,17126.415,11.2,13594.179,8.89,,,,,897,0.587,2452.92,1.604,807.317,0.528
09/05/2026,2026-05-09,93,[22:00-22:15[,2026-05-09 21:00,1484.484,16257.406,10.952,13754.147,9.265,,,,,967.2,0.652,2462.026,1.659,-300.967,-0.203
09/05/2026,2026-05-09,94,[22:15-22:30[,2026-05-09 21:15,1479.804,17869.611,12.076,13814.946,9.336,,,,,967.2,0.654,2666.042,1.802,1046.423,0.707
09/05/2026,2026-05-09,95,[22:30-22:45[,2026-05-09 21:30,1457.946,16671.114,11.435,13829.97,9.486,,,,,967.2,0.663,2676.217,1.836,-177.272,-0.122
09/05/2026,2026-05-09,96,[22:45-23:00[,2026-05-09 21:45,1410.93,22939.428,16.258,14261.908,10.108,,,,,2290.08,1.623,2676.466,1.897,4335.974,3.073
10/05/2026,2026-05-10,1,[23:00-23:15[,2026-05-09 22:00,1378.906,18167.378,13.175,13417.307,9.73,,,,,5604.78,4.065,2676.223,1.941,-3530.932,-2.561
10/05/2026,2026-05-10,2,[23:15-23:30[,2026-05-09 22:15,1361.392,24088.508,17.694,13546.855,9.951,,,,,6651.18,4.886,2677.107,1.966,1213.366,0.891
10/05/2026,2026-05-10,3,[23:30-23:45[,2026-05-09 22:30,1319.036,25630.306,19.431,14050.31,10.652,,,,,8325.42,6.312,2673.756,2.027,580.819,0.44
10/05/2026,2026-05-10,4,[23:45-00:00[,2026-05-09 22:45,1296.705,26877.857,20.728,14050.849,10.836,,,,,8325.42,6.42,2680.275,2.067,1821.313,1.405
10/05/2026,2026-05-10,5,[00:00-00:15[,2026-05-09 23:00,1276.451,22086.325,17.303,13732.526,10.758,,,,,7816.22,6.123,2683.448,2.102,-2145.868,-1.681
10/05/2026,2026-05-10,6,[00:15-00:30[,2026-05-09 23:15,1241.377,22770.573,18.343,13732.776,11.063,,,,,7816.22,6.296,2676.219,2.156,-1454.642,-1.172
10/05/2026,2026-05-10,7,[00:30-00:45[,2026-05-09 23:30,1232.578,22344.273,18.128,13732.7,11.141,,,,,7816.22,6.341,2680.606,2.175,-1885.253,-1.53
10/05/2026,2026-05-10,8,[00:45-01:00[,2026-05-09 23:45,1219.033,25306.691,20.76,13945.046,11.439,,,,,8933.7,7.329,2651.448,2.175,-223.503,-0.183
10/05/2026,2026-05-10,9,[01:00-01:15[,2026-05-10 00:00,1173.53,25537.232,21.761,14239.992,12.134,,,,,9246.06,7.879,2663.235,2.269,-612.055,-0.522
10/05/2026,2026-05-10,10,[01:15-01:30[,2026-05-10 00:15,1153.861,25184.124,21.826,14434.013,12.509,,,,,9246.06,8.013,2671.78,2.316,-1167.728,-1.012
10/05/2026,2026-05-10,11,[01:30-01:45[,2026-05-10 00:30,1149.621,26232.765,22.819,14414.488,12.538,,,,,9246.06,8.043,2678.606,2.33,-106.388,-0.093
10/05/2026,2026-05-10,12,[01:45-02:00[,2026-05-10 00:45,1135.312,26240.318,23.113,14542.713,12.809,,,,,8581.448,7.559,2659.908,2.343,456.25,0.402
10/05/2026,2026-05-10,13,[02:00-02:15[,2026-05-10 01:00,1121.569,25494.751,22.731,14712.375,13.118,,,,,8462.96,7.546,2675.26,2.385,-355.844,-0.317
10/05/2026,2026-05-10,14,[02:15-02:30[,2026-05-10 01:15,1114.058,25667.57,23.04,14732.063,13.224,,,,,8494.112,7.624,2680.589,2.406,-239.194,-0.215
10/05/2026,2026-05-10,15,[02:30-02:45[,2026-05-10 01:30,1104.229,24883.438,22.535,14692.607,13.306,,,,,8546.026,7.739,2677.816,2.425,-1033.011,-0.936
10/05/2026,2026-05-10,16,[02:45-03:00[,2026-05-10 01:45,1084.162,24750.628,22.829,14503.303,13.377,,,,,8561.98,7.897,2684.444,2.476,-999.099,-0.922
10/05/2026,2026-05-10,17,[03:00-03:15[,2026-05-10 02:00,1077.357,24645.366,22.876,14583.913,13.537,,,,,8149.616,7.564,2679.247,2.487,-767.409,-0.712
10/05/2026,2026-05-10,18,[03:15-03:30[,2026-05-10 02:15,1077.746,25714.966,23.86,14573.6,13.522,,,,,8645.472,8.022,2687.339,2.493,-191.444,-0.178
10/05/2026,2026-05-10,19,[03:30-03:45[,2026-05-10 02:30,1071.525,25547.918,23.843,14583.913,13.61,,,,,8154.006,7.61,2687.167,2.508,122.832,0.115
10/05/2026,2026-05-10,20,[03:45-04:00[,2026-05-10 02:45,1053.421,24698.294,23.446,14576.413,13.837,,,,,7944.02,7.541,2693.334,2.557,-515.473,-0.489
10/05/2026,2026-05-10,21,[04:00-04:15[,2026-05-10 03:00,1050.843,27019.873,25.713,14573.6,13.868,,,,,8382.528,7.977,2684.074,2.554,1379.67,1.313
10/05/2026,2026-05-10,22,[04:15-04:30[,2026-05-10 03:15,1059.454,24188.139,22.831,14563.288,13.746,,,,,8366.652,7.897,2674.997,2.525,-1416.797,-1.337
10/05/2026,2026-05-10,23,[04:30-04:45[,2026-05-10 03:30,1043.202,26091.203,25.011,14552.975,13.95,,,,,8345.484,8,2604.689,2.497,588.055,0.564
10/05/2026,2026-05-10,24,[04:45-05:00[,2026-05-10 03:45,1039.106,25201.825,24.253,14542.663,13.995,,,,,8329.608,8.016,2621.213,2.523,-291.659,-0.281
10/05/2026,2026-05-10,25,[05:00-05:15[,2026-05-10 04:00,1053.92,24873.038,23.6,14583.913,13.838,,,,,8435.456,8.004,2629.959,2.495,-776.29,-0.737
10/05/2026,2026-05-10,26,[05:15-05:30[,2026-05-10 04:15,1045.655,24255.777,23.197,14563.313,13.927,,,,,8398.272,8.032,2672.57,2.556,-1378.378,-1.318
10/05/2026,2026-05-10,27,[05:30-05:45[,2026-05-10 04:30,1049.619,23249.11,22.15,14563.338,13.875,,,,,8398.272,8.001,2680.336,2.554,-2392.836,-2.28
10/05/2026,2026-05-10,28,[05:45-06:00[,2026-05-10 04:45,1062.14,25073.111,23.606,14553.05,13.702,,,,,8377.024,7.887,2678.548,2.522,-535.511,-0.504
10/05/2026,2026-05-10,29,[06:00-06:15[,2026-05-10 05:00,1047.528,24861.402,23.733,14259.797,13.613,,,,,8443.236,8.06,2665.814,2.545,-507.444,-0.484
10/05/2026,2026-05-10,30,[06:15-06:30[,2026-05-10 05:15,1046.672,25305.105,24.177,14308.648,13.671,,,,,8534.948,8.154,2682.312,2.563,-220.803,-0.211
10/05/2026,2026-05-10,31,[06:30-06:45[,2026-05-10 05:30,1039.622,26415.946,25.409,14038.188,13.503,,,,,9211.048,8.86,2679.963,2.578,486.747,0.468
10/05/2026,2026-05-10,32,[06:45-07:00[,2026-05-10 05:45,1034.785,26799.867,25.899,14053.475,13.581,,,,,9497.796,9.179,2676.972,2.587,571.625,0.552
10/05/2026,2026-05-10,33,[07:00-07:15[,2026-05-10 06:00,1053.279,25698.916,24.399,14311.651,13.588,,,,,8530.216,8.099,2674.188,2.539,182.862,0.174
10/05/2026,2026-05-10,34,[07:15-07:30[,2026-05-10 06:15,1068.106,27090.855,25.363,14998.026,14.042,,,,,9105.62,8.525,2678.734,2.508,308.475,0.289
10/05/2026,2026-05-10,35,[07:30-07:45[,2026-05-10 06:30,1056.266,26357.139,24.953,15034.39,14.234,,,,,9325.104,8.828,2673.72,2.531,-676.075,-0.64
10/05/2026,2026-05-10,36,[07:45-08:00[,2026-05-10 06:45,1060.814,27353.194,25.785,15643.765,14.747,,,,,9615.772,9.065,2619.691,2.47,-526.034,-0.496
10/05/2026,2026-05-10,37,[08:00-08:15[,2026-05-10 07:00,1062.155,24930.369,23.471,14447.678,13.602,,,,,8259.812,7.776,2607.137,2.455,-384.258,-0.362
10/05/2026,2026-05-10,38,[08:15-08:30[,2026-05-10 07:15,1083.212,27126.215,25.042,15518.711,14.327,,,,,8798.62,8.123,2660.878,2.456,148.006,0.137
10/05/2026,2026-05-10,39,[08:30-08:45[,2026-05-10 07:30,1095.141,28229.105,25.777,16189.414,14.783,,,,,9758.348,8.911,2684.338,2.451,-402.996,-0.368
10/05/2026,2026-05-10,40,[08:45-09:00[,2026-05-10 07:45,1108.988,28543.848,25.739,16306.776,14.704,,,,,9758.348,8.799,2624.461,2.367,-145.737,-0.131
10/05/2026,2026-05-10,41,[09:00-09:15[,2026-05-10 08:00,1132.113,29970.807,26.473,16308.193,14.405,,,,,10685.844,9.439,2485.988,2.196,490.782,0.434
10/05/2026,2026-05-10,42,[09:15-09:30[,2026-05-10 08:15,1140.512,29729.369,26.067,16307.94,14.299,,,,,10356.616,9.081,2529.593,2.218,535.221,0.469
10/05/2026,2026-05-10,43,[09:30-09:45[,2026-05-10 08:30,1159.037,30023.015,25.903,16306.694,14.069,,,,,10356.616,8.936,2491.467,2.15,868.239,0.749
10/05/2026,2026-05-10,44,[09:45-10:00[,2026-05-10 08:45,1158.668,29661.632,25.6,16294.458,14.063,,,,,10356.616,8.938,2457.787,2.121,552.772,0.477
10/05/2026,2026-05-10,45,[10:00-10:15[,2026-05-10 09:00,1177.713,29459.288,25.014,16293.817,13.835,,,,,10806.32,9.176,2298.072,1.951,61.079,0.052
10/05/2026,2026-05-10,46,[10:15-10:30[,2026-05-10 09:15,1190.192,29806.275,25.043,16291.781,13.688,,,,,10806.32,9.079,2480.697,2.084,227.476,0.191
10/05/2026,2026-05-10,47,[10:30-10:45[,2026-05-10 09:30,1185.645,28976.846,24.44,16292.195,13.741,,,,,10806.32,9.114,2452.063,2.068,-573.732,-0.484
10/05/2026,2026-05-10,48,[10:45-11:00[,2026-05-10 09:45,1197.973,30049.737,25.084,16290.665,13.599,,,,,10806.32,9.021,2466.412,2.059,486.34,0.406
10/05/2026,2026-05-10,49,[11:00-11:15[,2026-05-10 10:00,1210.632,63528.793,52.476,16288.223,13.454,,,,,11286.228,9.323,2290.256,1.892,33664.087,27.807
10/05/2026,2026-05-10,50,[11:15-11:30[,2026-05-10 10:15,1230.189,32013.473,26.023,16287.68,13.24,,,,,11108.36,9.03,2472.612,2.01,2144.822,1.743
10/05/2026,2026-05-10,51,[11:30-11:45[,2026-05-10 10:30,1264.501,38782.597,30.67,16287.011,12.88,,,,,11108.36,8.785,2456.076,1.942,8931.15,7.063
10/05/2026,2026-05-10,52,[11:45-12:00[,2026-05-10 10:45,1285.099,37683.608,29.324,16288.195,12.675,,,,,11114.98,8.649,2445.567,1.903,7834.866,6.097
10/05/2026,2026-05-10,53,[12:00-12:15[,2026-05-10 11:00,1319.191,41774.481,31.667,16288.361,12.347,,,,,10510.54,7.967,2357.277,1.787,12618.304,9.565
10/05/2026,2026-05-10,54,[12:15-12:30[,2026-05-10 11:15,1331.487,40407.61,30.348,16301.544,12.243,,,,,10429.948,7.833,2422.659,1.82,11253.459,8.452
10/05/2026,2026-05-10,55,[12:30-12:45[,2026-05-10 11:30,1344.239,35691.119,26.551,16312.574,12.135,,,,,10429.948,7.759,2322.519,1.728,6626.078,4.929
10/05/2026,2026-05-10,56,[12:45-13:00[,2026-05-10 11:45,1333.594,37707.334,28.275,16312.833,12.232,,,,,10056.48,7.541,2463.321,1.847,8874.701,6.655
10/05/2026,2026-05-10,57,[13:00-13:15[,2026-05-10 12:00,1313.406,37905.955,28.861,16313.005,12.42,,,,,9753.392,7.426,2380.932,1.813,9458.627,7.202
10/05/2026,2026-05-10,58,[13:15-13:30[,2026-05-10 12:15,1287.736,35290.889,27.405,16302.967,12.66,,,,,9735.776,7.56,2406.05,1.868,6846.096,5.316
10/05/2026,2026-05-10,59,[13:30-13:45[,2026-05-10 12:30,1277.727,30922.032,24.201,16308.489,12.764,,,,,10228.468,8.005,2430.051,1.902,1955.023,1.53
10/05/2026,2026-05-10,60,[13:45-14:00[,2026-05-10 12:45,1269.775,30107.518,23.711,16312.257,12.847,,,,,10228.468,8.055,2376.243,1.871,1190.55,0.938
10/05/2026,2026-05-10,61,[14:00-14:15[,2026-05-10 13:00,1262.001,28401.369,22.505,16314.509,12.927,,,,,9765.136,7.738,2534.462,2.008,-212.738,-0.169
10/05/2026,2026-05-10,62,[14:15-14:30[,2026-05-10 13:15,1237.386,28666.884,23.167,16314.765,13.185,,,,,10026.988,8.103,2412.965,1.95,-87.835,-0.071
10/05/2026,2026-05-10,63,[14:30-14:45[,2026-05-10 13:30,1251.405,28867.698,23.068,16314.969,13.037,,,,,10056.48,8.036,2507.92,2.004,-11.671,-0.009
10/05/2026,2026-05-10,64,[14:45-15:00[,2026-05-10 13:45,1252.863,29614.045,23.637,16315.97,13.023,,,,,10056.48,8.027,2556.236,2.04,685.36,0.547
10/05/2026,2026-05-10,65,[15:00-15:15[,2026-05-10 14:00,1247.302,29526.425,23.672,16315.764,13.081,,,,,10022.88,8.036,2575.677,2.065,612.104,0.491
10/05/2026,2026-05-10,66,[15:15-15:30[,2026-05-10 14:15,1247.485,28625.733,22.947,16315.976,13.079,,,,,10280.384,8.241,2437.532,1.954,-408.158,-0.327
10/05/2026,2026-05-10,67,[15:30-15:45[,2026-05-10 14:30,1255.6,33198.582,26.44,16316.136,12.995,,,,,9993.408,7.959,2569.35,2.046,4319.689,3.44
10/05/2026,2026-05-10,68,[15:45-16:00[,2026-05-10 14:45,1250.303,27693.751,22.15,16317.106,13.051,,,,,9993.408,7.993,2565.114,2.052,-1181.877,-0.945
10/05/2026,2026-05-10,69,[16:00-16:15[,2026-05-10 15:00,1259.39,29889.435,23.733,16315.482,12.955,,,,,10978.5,8.717,2586.463,2.054,8.99,0.007
10/05/2026,2026-05-10,70,[16:15-16:30[,2026-05-10 15:15,1268.955,29842.971,23.518,16306.645,12.85,,,,,10952.5,8.631,2623.672,2.068,-39.846,-0.031
10/05/2026,2026-05-10,71,[16:30-16:45[,2026-05-10 15:30,1268.028,29474.653,23.244,16301.723,12.856,,,,,10933,8.622,2641.476,2.083,-401.546,-0.317
10/05/2026,2026-05-10,72,[16:45-17:00[,2026-05-10 15:45,1278.693,30690.029,24.001,16293.971,12.743,,,,,10907,8.53,2642.288,2.066,846.77,0.662
10/05/2026,2026-05-10,73,[17:00-17:15[,2026-05-10 16:00,1286.441,30942.751,24.053,16052.563,12.478,,,,,10930.08,8.496,2659.162,2.067,1300.947,1.011
10/05/2026,2026-05-10,74,[17:15-17:30[,2026-05-10 16:15,1322.184,26629.648,20.141,16052.563,12.141,,,,,10930.08,8.267,2658.682,2.011,-3011.676,-2.278
10/05/2026,2026-05-10,75,[17:30-17:45[,2026-05-10 16:30,1343.09,29253.598,21.781,16051.625,11.951,,,,,10786.464,8.031,2658.857,1.98,-243.348,-0.181
10/05/2026,2026-05-10,76,[17:45-18:00[,2026-05-10 16:45,1347.656,28400.369,21.074,15973.813,11.853,,,,,10715.712,7.951,2599.635,1.929,-888.79,-0.66
10/05/2026,2026-05-10,77,[18:00-18:15[,2026-05-10 17:00,1379.688,28016.334,20.306,15973.826,11.578,,,,,10807.1,7.833,2641.149,1.914,-1405.742,-1.019
10/05/2026,2026-05-10,78,[18:15-18:30[,2026-05-10 17:15,1396.798,33019.78,23.64,15763.827,11.286,,,,,10542.568,7.548,2697.555,1.931,4015.831,2.875
10/05/2026,2026-05-10,79,[18:30-18:45[,2026-05-10 17:30,1417.121,19004.766,13.411,14526.327,10.251,,,,,10133.476,7.151,2701.327,1.906,-8356.364,-5.897
10/05/2026,2026-05-10,80,[18:45-19:00[,2026-05-10 17:45,1447.158,20005.502,13.824,13940.377,9.633,,,,,8286.08,5.726,2702.993,1.868,-4923.948,-3.402
10/05/2026,2026-05-10,81,[19:00-19:15[,2026-05-10 18:00,1484.338,19871.654,13.388,14245.476,9.597,,,,,7269.18,4.897,2639.938,1.779,-4282.94,-2.885
10/05/2026,2026-05-10,82,[19:15-19:30[,2026-05-10 18:15,1491.434,23983.438,16.081,14030.604,9.407,,,,,6355.44,4.261,2577.779,1.728,1019.615,0.684
10/05/2026,2026-05-10,83,[19:30-19:45[,2026-05-10 18:30,1511.189,16890.879,11.177,12642.407,8.366,,,,,1573.8,1.041,2621.541,1.735,53.132,0.035
10/05/2026,2026-05-10,84,[19:45-20:00[,2026-05-10 18:45,1543.844,14255.248,9.234,12433.934,8.054,,,,,523.8,0.339,2625.063,1.7,-1327.549,-0.86
10/05/2026,2026-05-10,85,[20:00-20:15[,2026-05-10 19:00,1544.194,15134.49,9.801,12701.011,8.225,,,,,525.6,0.34,2563.219,1.66,-655.339,-0.424
10/05/2026,2026-05-10,86,[20:15-20:30[,2026-05-10 19:15,1567.51,9189.796,5.863,12733.699,8.124,,,,,525.6,0.335,2470.611,1.576,-6540.114,-4.172
10/05/2026,2026-05-10,87,[20:30-20:45[,2026-05-10 19:30,1580.495,15234.691,9.639,12361.485,7.821,,,,,525.6,0.333,2469.332,1.562,-121.726,-0.077
10/05/2026,2026-05-10,88,[20:45-21:00[,2026-05-10 19:45,1565.922,14817.609,9.463,12361.586,7.894,,,,,525.6,0.336,2412.541,1.541,-482.118,-0.308
10/05/2026,2026-05-10,89,[21:00-21:15[,2026-05-10 20:00,1583.819,14638.22,9.242,12535.624,7.915,,,,,1075.7,0.679,2394.333,1.512,-1367.437,-0.863
10/05/2026,2026-05-10,90,[21:15-21:30[,2026-05-10 20:15,1574.059,14560.953,9.251,12535.249,7.964,,,,,1075.7,0.683,2352.564,1.495,-1402.559,-0.891
10/05/2026,2026-05-10,91,[21:30-21:45[,2026-05-10 20:30,1532.054,14340.277,9.36,12534.975,8.182,,,,,1075.7,0.702,2366.667,1.545,-1637.064,-1.069
10/05/2026,2026-05-10,92,[21:45-22:00[,2026-05-10 20:45,1490.399,14051.067,9.428,12534.6,8.41,,,,,1075.7,0.722,2129.489,1.429,-1688.723,-1.133
10/05/2026,2026-05-10,93,[22:00-22:15[,2026-05-10 21:00,1469.75,14314.188,9.739,12773.307,8.691,,,,,1122.2,0.764,2311.701,1.573,-1893.021,-1.288
10/05/2026,2026-05-10,94,[22:15-22:30[,2026-05-10 21:15,1457.353,15397.56,10.565,13062.327,8.963,,,,,1413.6,0.97,2461.476,1.689,-1539.842,-1.057
10/05/2026,2026-05-10,95,[22:30-22:45[,2026-05-10 21:30,1426.64,16580.541,11.622,12993.293,9.108,,,,,1178,0.826,2372.197,1.663,37.051,0.026
10/05/2026,2026-05-10,96,[22:45-23:00[,2026-05-10 21:45,1394.693,18019.586,12.92,13108.276,9.399,,,,,1763.2,1.264,2492.019,1.787,656.091,0.47
11/05/2026,2026-05-11,1,[23:00-23:15[,2026-05-10 22:00,1358.925,26818.962,19.735,11183.13,8.229,,,,,6925.86,5.097,2576.935,1.896,6133.037,4.513
11/05/2026,2026-05-11,2,[23:15-23:30[,2026-05-10 22:15,1347.421,18075.524,13.415,11222.644,8.329,,,,,7318.26,5.431,2576.747,1.912,-3042.128,-2.258
11/05/2026,2026-05-11,3,[23:30-23:45[,2026-05-10 22:30,1327.618,20812.344,15.676,11239.546,8.466,,,,,7161.44,5.394,2577.534,1.941,-166.176,-0.125
11/05/2026,2026-05-11,4,[23:45-00:00[,2026-05-10 22:45,1280.789,20788.667,16.231,11257.999,8.79,,,,,7224.04,5.64,2570.064,2.007,-263.436,-0.206
11/05/2026,2026-05-11,5,[00:00-00:15[,2026-05-10 23:00,1273.56,18411.262,14.457,11248.614,8.832,,,,,6739.36,5.292,2782.236,2.185,-2358.949,-1.852
11/05/2026,2026-05-11,6,[00:15-00:30[,2026-05-10 23:15,1265.356,22058.521,17.433,11259.155,8.898,,,,,6768.56,5.349,2810.454,2.221,1220.352,0.964
11/05/2026,2026-05-11,7,[00:30-00:45[,2026-05-10 23:30,1227.069,22595.165,18.414,11284.192,9.196,,,,,6850.32,5.583,2822.609,2.3,1638.044,1.335
11/05/2026,2026-05-11,8,[00:45-01:00[,2026-05-10 23:45,1208.97,23648.959,19.561,11504.631,9.516,,,,,7247.44,5.995,2787.702,2.306,2109.186,1.745
11/05/2026,2026-05-11,9,[01:00-01:15[,2026-05-11 00:00,1195.681,20072.807,16.788,11262.788,9.42,,,,,6673.68,5.581,2795.98,2.338,-659.641,-0.552
11/05/2026,2026-05-11,10,[01:15-01:30[,2026-05-11 00:15,1174.969,21802.167,18.556,11284.353,9.604,,,,,6863.4,5.841,2825.521,2.405,828.893,0.705
11/05/2026,2026-05-11,11,[01:30-01:45[,2026-05-11 00:30,1165.611,22732.264,19.502,11359.186,9.745,,,,,7103.34,6.094,2825.681,2.424,1444.057,1.239
11/05/2026,2026-05-11,12,[01:45-02:00[,2026-05-11 00:45,1149.208,21364.043,18.59,11533.175,10.036,,,,,8208.18,7.142,2825.03,2.458,-1202.342,-1.046
11/05/2026,2026-05-11,13,[02:00-02:15[,2026-05-11 01:00,1119.464,20645.031,18.442,11442.006,10.221,,,,,6252.26,5.585,2785.867,2.489,164.899,0.147
11/05/2026,2026-05-11,14,[02:15-02:30[,2026-05-11 01:15,1121.87,20151.053,17.962,11459.945,10.215,,,,,6298.88,5.615,2816.191,2.51,-423.964,-0.378
11/05/2026,2026-05-11,15,[02:30-02:45[,2026-05-11 01:30,1124.036,21264.204,18.918,11547.599,10.273,,,,,6542.34,5.82,2825.62,2.514,348.645,0.31
11/05/2026,2026-05-11,16,[02:45-03:00[,2026-05-11 01:45,1105.242,20754.622,18.778,11542.064,10.443,,,,,6526.8,5.905,2825.13,2.556,-139.372,-0.126
11/05/2026,2026-05-11,17,[03:00-03:15[,2026-05-11 02:00,1101.941,24128.714,21.897,12621.224,11.454,,,,,8376.06,7.601,2824.155,2.563,307.275,0.279
11/05/2026,2026-05-11,18,[03:15-03:30[,2026-05-11 02:15,1098.705,23026.128,20.958,12282.959,11.179,,,,,7795.9,7.096,2773.846,2.525,173.423,0.158
11/05/2026,2026-05-11,19,[03:30-03:45[,2026-05-11 02:30,1088.386,22247.411,20.441,12124.963,11.14,,,,,7458.44,6.853,2818.603,2.59,-154.594,-0.142
11/05/2026,2026-05-11,20,[03:45-04:00[,2026-05-11 02:45,1089.883,20959.033,19.231,11586.97,10.631,,,,,6497.04,5.961,2808.508,2.577,66.514,0.061
11/05/2026,2026-05-11,21,[04:00-04:15[,2026-05-11 03:00,1097.131,20640.361,18.813,11397.626,10.389,,,,,6950.58,6.335,2792.355,2.545,-500.2,-0.456
11/05/2026,2026-05-11,22,[04:15-04:30[,2026-05-11 03:15,1085.728,18563.601,17.098,11285.135,10.394,,,,,6715.8,6.186,2774.317,2.555,-2211.652,-2.037
11/05/2026,2026-05-11,23,[04:30-04:45[,2026-05-11 03:30,1089.4,19913.308,18.279,11260.428,10.336,,,,,6497.4,5.964,2762.643,2.536,-607.163,-0.557
11/05/2026,2026-05-11,24,[04:45-05:00[,2026-05-11 03:45,1095.277,19861.912,18.134,11240.448,10.263,,,,,6322.68,5.773,2859.173,2.61,-560.388,-0.512
11/05/2026,2026-05-11,25,[05:00-05:15[,2026-05-11 04:00,1110.846,21818.028,19.641,11438.692,10.297,,,,,6451.5,5.808,2863.745,2.578,1064.091,0.958
11/05/2026,2026-05-11,26,[05:15-05:30[,2026-05-11 04:15,1122.413,25032.106,22.302,11437.105,10.19,,,,,6204,5.527,2871.464,2.558,4519.537,4.027
11/05/2026,2026-05-11,27,[05:30-05:45[,2026-05-11 04:30,1129.747,21604.166,19.123,11436.285,10.123,,,,,6061,5.365,2830.309,2.505,1276.573,1.13
11/05/2026,2026-05-11,28,[05:45-06:00[,2026-05-11 04:45,1149.331,20114.205,17.501,11431.806,9.946,,,,,5808,5.053,2795.765,2.433,78.635,0.068
11/05/2026,2026-05-11,29,[06:00-06:15[,2026-05-11 05:00,1202.552,14412.175,11.985,10807.173,8.987,,,,,1874.64,1.559,2855.746,2.375,-1125.384,-0.936
11/05/2026,2026-05-11,30,[06:15-06:30[,2026-05-11 05:15,1221.407,13567.129,11.108,10311.691,8.442,,,,,995.1,0.815,2888.052,2.365,-627.715,-0.514
11/05/2026,2026-05-11,31,[06:30-06:45[,2026-05-11 05:30,1244.631,13069.468,10.501,10540.451,8.469,,,,,1110.66,0.892,2887.919,2.32,-1469.562,-1.181
11/05/2026,2026-05-11,32,[06:45-07:00[,2026-05-11 05:45,1287.652,18599.381,14.444,11113.833,8.631,,,,,3396.18,2.637,2887.147,2.242,1202.221,0.934
11/05/2026,2026-05-11,33,[07:00-07:15[,2026-05-11 06:00,1358.119,14488.43,10.668,11168.037,8.223,,,,,1060.2,0.781,2798.859,2.061,-538.667,-0.397
11/05/2026,2026-05-11,34,[07:15-07:30[,2026-05-11 06:15,1397.969,21799.035,15.593,11321.828,8.099,,,,,5776.72,4.132,2865.179,2.05,1835.308,1.313
11/05/2026,2026-05-11,35,[07:30-07:45[,2026-05-11 06:30,1440.787,23398.066,16.24,11360.992,7.885,,,,,7413.24,5.145,2878.61,1.998,1745.224,1.211
11/05/2026,2026-05-11,36,[07:45-08:00[,2026-05-11 06:45,1493.038,25891.948,17.342,11859.579,7.943,,,,,8392.8,5.621,2884.524,1.932,2755.045,1.845
11/05/2026,2026-05-11,37,[08:00-08:15[,2026-05-11 07:00,1544.368,16207.47,10.495,11511.802,7.454,,,,,7028.48,4.551,2879.629,1.865,-5212.44,-3.375
11/05/2026,2026-05-11,38,[08:15-08:30[,2026-05-11 07:15,1592.624,25329.244,15.904,13344.985,8.379,,,,,8882.126,5.577,2844.294,1.786,257.84,0.162
11/05/2026,2026-05-11,39,[08:30-08:45[,2026-05-11 07:30,1630.013,23686.437,14.531,13926.667,8.544,,,,,9194.812,5.641,2888.75,1.772,-2323.792,-1.426
11/05/2026,2026-05-11,40,[08:45-09:00[,2026-05-11 07:45,1631.002,28876.181,17.705,14389.606,8.823,,,,,9624.804,5.901,2869.334,1.759,1992.437,1.222
11/05/2026,2026-05-11,41,[09:00-09:15[,2026-05-11 08:00,1667.136,20103.422,12.059,13771.947,8.261,,,,,9301.618,5.579,2746.469,1.647,-5716.612,-3.429
11/05/2026,2026-05-11,42,[09:15-09:30[,2026-05-11 08:15,1685.34,23496.301,13.942,14284.684,8.476,,,,,9948.064,5.903,2818.321,1.672,-3554.768,-2.109
11/05/2026,2026-05-11,43,[09:30-09:45[,2026-05-11 08:30,1680.491,22115.719,13.16,14392.099,8.564,,,,,10239.27,6.093,2833.682,1.686,-5349.333,-3.183
11/05/2026,2026-05-11,44,[09:45-10:00[,2026-05-11 08:45,1707.477,27709.415,16.228,14904.372,8.729,,,,,10888.528,6.377,2797.38,1.638,-880.865,-0.516
11/05/2026,2026-05-11,45,[10:00-10:15[,2026-05-11 09:00,1690.601,27530.465,16.284,15322.689,9.063,,,,,10761.92,6.366,2776.487,1.642,-1330.63,-0.787
11/05/2026,2026-05-11,46,[10:15-10:30[,2026-05-11 09:15,1697.888,25338.585,14.924,15413.465,9.078,,,,,10856.56,6.394,2853.919,1.681,-3785.358,-2.229
11/05/2026,2026-05-11,47,[10:30-10:45[,2026-05-11 09:30,1715.447,25277.716,14.735,15599.652,9.094,,,,,11045.84,6.439,2824.425,1.646,-4192.2,-2.444
11/05/2026,2026-05-11,48,[10:45-11:00[,2026-05-11 09:45,1722.244,32263.695,18.734,15651.439,9.088,,,,,11099.92,6.445,2906.415,1.688,2605.921,1.513
11/05/2026,2026-05-11,49,[11:00-11:15[,2026-05-11 10:00,1713.951,26340.56,15.368,15406.146,8.989,,,,,11081.4,6.465,2854.444,1.665,-3001.431,-1.751
11/05/2026,2026-05-11,50,[11:15-11:30[,2026-05-11 10:15,1707.484,25537.857,14.956,15588.546,9.13,,,,,11274.6,6.603,2840.799,1.664,-4166.088,-2.44
11/05/2026,2026-05-11,51,[11:30-11:45[,2026-05-11 10:30,1705.692,29761.478,17.448,15593.27,9.142,,,,,11281.5,6.614,2826.744,1.657,59.965,0.035
11/05/2026,2026-05-11,52,[11:45-12:00[,2026-05-11 10:45,1714.254,23694.215,13.822,15638.595,9.123,,,,,11329.8,6.609,2900.558,1.692,-6174.737,-3.602
11/05/2026,2026-05-11,53,[12:00-12:15[,2026-05-11 11:00,1681.582,28633.828,17.028,15742.956,9.362,,,,,10730.88,6.381,2721.929,1.619,-561.937,-0.334
11/05/2026,2026-05-11,54,[12:15-12:30[,2026-05-11 11:15,1671.336,29396.545,17.589,15765.389,9.433,,,242.001,0.145,10756.8,6.436,2768.551,1.656,-136.195,-0.081
11/05/2026,2026-05-11,55,[12:30-12:45[,2026-05-11 11:30,1629.345,39818.921,24.439,15765.168,9.676,,,,,10756.8,6.602,2838.947,1.742,10458.006,6.419
11/05/2026,2026-05-11,56,[12:45-13:00[,2026-05-11 11:45,1598.443,54671.114,34.203,15801.158,9.885,,,,,10769.76,6.738,2866.237,1.793,25233.959,15.787
11/05/2026,2026-05-11,57,[13:00-13:15[,2026-05-11 12:00,1600.12,47652.907,29.781,15739.176,9.836,,,,,10598.4,6.624,2878.271,1.799,18437.061,11.522
11/05/2026,2026-05-11,58,[13:15-13:30[,2026-05-11 12:15,1571.349,48804.952,31.059,15747.456,10.022,,,,,10604.8,6.749,2821.222,1.795,19631.474,12.493
11/05/2026,2026-05-11,59,[13:30-13:45[,2026-05-11 12:30,1578.229,52546.484,33.295,15777.554,9.997,,,424.952,0.269,10636.8,6.74,2772.399,1.757,22934.779,14.532
11/05/2026,2026-05-11,60,[13:45-14:00[,2026-05-11 12:45,1593.079,57471.905,36.076,15784.291,9.908,,,,,10636.8,6.677,2750.443,1.726,28300.371,17.765
11/05/2026,2026-05-11,61,[14:00-14:15[,2026-05-11 13:00,1602.126,59321.764,37.027,15824.148,9.877,,,,,10562.44,6.593,2717.066,1.696,30218.11,18.861
11/05/2026,2026-05-11,62,[14:15-14:30[,2026-05-11 13:15,1605.122,62856.251,39.16,15824.967,9.859,,,,,10562.44,6.58,2666.86,1.661,33801.984,21.059
11/05/2026,2026-05-11,63,[14:30-14:45[,2026-05-11 13:30,1594.391,50797.893,31.86,15855.969,9.945,,,,,10587.8,6.641,2586.464,1.622,21767.66,13.653
11/05/2026,2026-05-11,64,[14:45-15:00[,2026-05-11 13:45,1577.218,32683.601,20.722,15857.006,10.054,,,,,10587.8,6.713,2624.731,1.664,3614.064,2.291
11/05/2026,2026-05-11,65,[15:00-15:15[,2026-05-11 14:00,1574.445,30986.313,19.681,15903.481,10.101,,,,,10799.88,6.859,2637.737,1.675,1645.215,1.045
11/05/2026,2026-05-11,66,[15:15-15:30[,2026-05-11 14:15,1568.13,35832.91,22.851,15903.965,10.142,,,,,10799.88,6.887,2680.172,1.709,6448.893,4.112
11/05/2026,2026-05-11,67,[15:30-15:45[,2026-05-11 14:30,1567.857,31214.187,19.909,15904.347,10.144,,,,,10799.88,6.888,2718.294,1.734,1791.665,1.143
11/05/2026,2026-05-11,68,[15:45-16:00[,2026-05-11 14:45,1550.409,35706.461,23.03,15859.693,10.229,,,,,10754.8,6.937,2657.349,1.714,6434.619,4.15
11/05/2026,2026-05-11,69,[16:00-16:15[,2026-05-11 15:00,1550.606,31690.047,20.437,15794.531,10.186,,,,,11638.676,7.506,2651,1.71,1605.841,1.036
11/05/2026,2026-05-11,70,[16:15-16:30[,2026-05-11 15:15,1567.436,35707.38,22.781,15797.11,10.078,,,,,11605.356,7.404,2728.475,1.741,5576.438,3.558
11/05/2026,2026-05-11,71,[16:30-16:45[,2026-05-11 15:30,1543.949,31608.663,20.473,15767.961,10.213,,,,,11677.212,7.563,2612.098,1.692,1551.392,1.005
11/05/2026,2026-05-11,72,[16:45-17:00[,2026-05-11 15:45,1554.662,35914.393,23.101,15677.071,10.084,,,,,11519.914,7.41,2632.726,1.693,6084.683,3.914
11/05/2026,2026-05-11,73,[17:00-17:15[,2026-05-11 16:00,1530.943,29808.951,19.471,15702.499,10.257,,,,,10431.574,6.814,2345.009,1.532,1329.87,0.869
11/05/2026,2026-05-11,74,[17:15-17:30[,2026-05-11 16:15,1516.254,24670.585,16.271,14460.797,9.537,,,,,8922.784,5.885,2161.451,1.426,-874.447,-0.577
11/05/2026,2026-05-11,75,[17:30-17:45[,2026-05-11 16:30,1507.415,22964.239,15.234,13834.688,9.178,,,,,9148.248,6.069,2327.168,1.544,-2345.864,-1.556
11/05/2026,2026-05-11,76,[17:45-18:00[,2026-05-11 16:45,1524.275,18658.796,12.241,11614.753,7.62,,,,,6782.424,4.45,2157.372,1.415,-1895.753,-1.244
11/05/2026,2026-05-11,77,[18:00-18:15[,2026-05-11 17:00,1531.924,20753.559,13.547,11596.252,7.57,,,,,6608.784,4.314,2116.789,1.382,431.734,0.282
11/05/2026,2026-05-11,78,[18:15-18:30[,2026-05-11 17:15,1563.548,18464.731,11.81,11164.647,7.141,,,,,5211.11,3.333,2149.626,1.375,-60.652,-0.039
11/05/2026,2026-05-11,79,[18:30-18:45[,2026-05-11 17:30,1595.981,13442.771,8.423,10110.097,6.335,,,,,766.32,0.48,2190.131,1.372,376.223,0.236
11/05/2026,2026-05-11,80,[18:45-19:00[,2026-05-11 17:45,1631.703,14637.961,8.971,8994.121,5.512,,,,,618,0.379,2257.409,1.383,2768.431,1.697
11/05/2026,2026-05-11,81,[19:00-19:15[,2026-05-11 18:00,1658.507,35608.581,21.47,8328.648,5.022,23827.094,14.367,,,540,0.326,2296.912,1.385,615.927,0.371
11/05/2026,2026-05-11,82,[19:15-19:30[,2026-05-11 18:15,1697.243,33246.208,19.588,7182.992,4.232,23827.094,14.039,,,540,0.318,2208.156,1.301,-512.033,-0.302
11/05/2026,2026-05-11,83,[19:30-19:45[,2026-05-11 18:30,1730.513,23226.875,13.422,6351.291,3.67,23827.094,13.769,,,540,0.312,2242.931,1.296,-9734.44,-5.625
11/05/2026,2026-05-11,84,[19:45-20:00[,2026-05-11 18:45,1768.262,26087.63,14.753,2666.682,1.508,23827.094,13.475,,,540,0.305,2306.457,1.304,-3252.602,-1.839
11/05/2026,2026-05-11,85,[20:00-20:15[,2026-05-11 19:00,1785.076,28001.513,15.686,2279.881,1.277,23827.094,13.348,,,3334.86,1.868,2201.818,1.233,-3642.139,-2.04
11/05/2026,2026-05-11,86,[20:15-20:30[,2026-05-11 19:15,1788.874,24812.908,13.871,1192.587,0.667,23827.094,13.32,,,3334.86,1.864,2212.276,1.237,-5753.908,-3.216
11/05/2026,2026-05-11,87,[20:30-20:45[,2026-05-11 19:30,1791.006,26223.993,14.642,1196.798,0.668,23827.094,13.304,,,3334.86,1.862,2154.96,1.203,-4289.718,-2.395
11/05/2026,2026-05-11,88,[20:45-21:00[,2026-05-11 19:45,1805.822,23150.044,12.82,1197.473,0.663,23827.094,13.195,,,3334.86,1.847,2157.173,1.195,-7366.556,-4.079
11/05/2026,2026-05-11,89,[21:00-21:15[,2026-05-11 20:00,1800.498,30077.273,16.705,1901.173,1.056,23827.094,13.234,,,3793.26,2.107,2191.066,1.217,-1635.319,-0.908
11/05/2026,2026-05-11,90,[21:15-21:30[,2026-05-11 20:15,1781.455,18820.896,10.565,2663.811,1.495,23827.094,13.375,,,632,0.355,2264.551,1.271,-10566.56,-5.931
11/05/2026,2026-05-11,91,[21:30-21:45[,2026-05-11 20:30,1752.691,19494.02,11.122,3026.899,1.727,23827.094,13.595,,,662,0.378,2293.876,1.309,-10315.848,-5.886
11/05/2026,2026-05-11,92,[21:45-22:00[,2026-05-11 20:45,1712.378,24672.16,14.408,6333.674,3.699,23827.094,13.915,,,632,0.369,2249.679,1.314,-8370.287,-4.888
11/05/2026,2026-05-11,93,[22:00-22:15[,2026-05-11 21:00,1677.258,22018.837,13.128,6615.861,3.944,23827.094,14.206,,,672,0.401,2282.69,1.361,-11378.808,-6.784
11/05/2026,2026-05-11,94,[22:15-22:30[,2026-05-11 21:15,1641.49,22845.736,13.918,6898.062,4.202,23827.094,14.516,,,662,0.403,2320.258,1.414,-10861.677,-6.617
11/05/2026,2026-05-11,95,[22:30-22:45[,2026-05-11 21:30,1605.513,24663.414,15.362,7506.499,4.675,23827.094,14.841,,,662,0.412,2317.279,1.443,-9649.459,-6.01
11/05/2026,2026-05-11,96,[22:45-23:00[,2026-05-11 21:45,1564.182,27211.757,17.397,8122.437,5.193,23827.094,15.233,,,662,0.423,2305.442,1.474,-7705.216,-4.926
12/05/2026,2026-05-12,1,[23:00-23:15[,2026-05-11 22:00,1531.287,24997.611,16.325,6611.646,4.318,26057.211,17.017,,,577.76,0.377,2455.432,1.604,-10704.438,-6.99
12/05/2026,2026-05-12,2,[23:15-23:30[,2026-05-11 22:15,1497.926,16188.84,10.808,6741.976,4.501,6317.539,4.218,,,642,0.429,2520.835,1.683,-33.51,-0.022
12/05/2026,2026-05-12,3,[23:30-23:45[,2026-05-11 22:30,1463.147,10301.14,7.04,6839.626,4.675,,,,,924,0.632,2538.272,1.735,-0.759,-0.001
12/05/2026,2026-05-12,4,[23:45-00:00[,2026-05-11 22:45,1418.163,12512.731,8.823,7017.413,4.948,,,,,1250.8,0.882,2538.962,1.79,1705.557,1.203
12/05/2026,2026-05-12,5,[00:00-00:15[,2026-05-11 23:00,1395.314,10575.206,7.579,6910.509,4.953,,,,,1219.12,0.874,2536.503,1.818,-90.925,-0.065
12/05/2026,2026-05-12,6,[00:15-00:30[,2026-05-11 23:15,1373.715,11021.799,8.023,7005.08,5.099,,,,,1298.8,0.945,2459.728,1.791,258.191,0.188
12/05/2026,2026-05-12,7,[00:30-00:45[,2026-05-11 23:30,1343.748,11429.1,8.505,7039.959,5.239,,,,,1298.8,0.967,2512.396,1.87,577.945,0.43
12/05/2026,2026-05-12,8,[00:45-01:00[,2026-05-11 23:45,1325.131,10133.355,7.647,7146.676,5.393,,,,,1318.282,0.995,2514.15,1.897,-845.754,-0.638
12/05/2026,2026-05-12,9,[01:00-01:15[,2026-05-12 00:00,1298.07,11647.848,8.973,7244.063,5.581,,,,,1110.8,0.856,2719.821,2.095,573.164,0.442
12/05/2026,2026-05-12,10,[01:15-01:30[,2026-05-12 00:15,1273.742,11382.095,8.936,7377.826,5.792,,,,,1299.636,1.02,2630.482,2.065,74.15,0.058
12/05/2026,2026-05-12,11,[01:30-01:45[,2026-05-12 00:30,1256.824,11984.073,9.535,7511.59,5.977,,,,,1598.022,1.271,2682.134,2.134,192.327,0.153
12/05/2026,2026-05-12,12,[01:45-02:00[,2026-05-12 00:45,1236.271,11870.359,9.602,7495.795,6.063,,,,,1565.298,1.266,2702.734,2.186,106.531,0.086
12/05/2026,2026-05-12,13,[02:00-02:15[,2026-05-12 01:00,1245.732,12116.982,9.727,7376.535,5.921,,,,,1214.862,0.975,2758.933,2.215,766.652,0.615
12/05/2026,2026-05-12,14,[02:15-02:30[,2026-05-12 01:15,1236.891,11844.426,9.576,7450.669,6.024,,,,,1392.138,1.126,2769.306,2.239,232.313,0.188
12/05/2026,2026-05-12,15,[02:30-02:45[,2026-05-12 01:30,1227.131,13177.926,10.739,7510.299,6.12,,,,,1592.162,1.297,2652.662,2.162,1422.803,1.159
12/05/2026,2026-05-12,16,[02:45-03:00[,2026-05-12 01:45,1212.664,11960.651,9.863,7510.299,6.193,,,,,1592.162,1.313,2747.721,2.266,110.469,0.091
12/05/2026,2026-05-12,17,[03:00-03:15[,2026-05-12 02:00,1195.519,11075.431,9.264,7409.799,6.198,,,,,1293.072,1.082,2769.773,2.317,-397.213,-0.332
12/05/2026,2026-05-12,18,[03:15-03:30[,2026-05-12 02:15,1210.661,11934.55,9.858,7497.569,6.193,,,,,1559.232,1.288,2782.609,2.298,95.14,0.079
12/05/2026,2026-05-12,19,[03:30-03:45[,2026-05-12 02:30,1210.332,11599.196,9.583,7443.299,6.15,,,,,1376.496,1.137,2742.677,2.266,36.724,0.03
12/05/2026,2026-05-12,20,[03:45-04:00[,2026-05-12 02:45,1186.273,10638.312,8.968,7376.299,6.218,,,,,1214.862,1.024,2740.89,2.311,-693.739,-0.585
12/05/2026,2026-05-12,21,[04:00-04:15[,2026-05-12 03:00,1196.628,10817.792,9.04,7280.489,6.084,,,,,1110.8,0.928,2779.846,2.323,-353.343,-0.295
12/05/2026,2026-05-12,22,[04:15-04:30[,2026-05-12 03:15,1195.166,11011.897,9.214,7242.535,6.06,,,,,1110.8,0.929,2780.657,2.327,-122.095,-0.102
12/05/2026,2026-05-12,23,[04:30-04:45[,2026-05-12 03:30,1198.171,10836.179,9.044,7136.005,5.956,,,,,1110.8,0.927,2781.145,2.321,-191.772,-0.16
12/05/2026,2026-05-12,24,[04:45-05:00[,2026-05-12 03:45,1185.657,10511.46,8.866,7042.59,5.94,,,,,951.206,0.802,2698.244,2.276,-180.58,-0.152
12/05/2026,2026-05-12,25,[05:00-05:15[,2026-05-12 04:00,1193.526,10939.306,9.166,6931.37,5.807,,,,,1162.04,0.974,2696.466,2.259,149.43,0.125
12/05/2026,2026-05-12,26,[05:15-05:30[,2026-05-12 04:15,1208.431,12664.599,10.48,6700.437,5.545,,,,,556.2,0.46,2639.364,2.184,2768.599,2.291
12/05/2026,2026-05-12,27,[05:30-05:45[,2026-05-12 04:30,1205.121,8669.914,7.194,6361.561,5.279,,,,,535.44,0.444,2726.491,2.262,-953.578,-0.791
12/05/2026,2026-05-12,28,[05:45-06:00[,2026-05-12 04:45,1222.355,8886.855,7.27,5828.36,4.768,,,,,535.44,0.438,2711.735,2.218,-188.68,-0.154
12/05/2026,2026-05-12,29,[06:00-06:15[,2026-05-12 05:00,1263.974,6483.555,5.13,4884.106,3.864,,,,,596.16,0.472,2637.566,2.087,-1634.276,-1.293
12/05/2026,2026-05-12,30,[06:15-06:30[,2026-05-12 05:15,1270.147,7627.465,6.005,4981.082,3.922,,,,,596.16,0.469,2736.488,2.154,-686.265,-0.54
12/05/2026,2026-05-12,31,[06:30-06:45[,2026-05-12 05:30,1301.599,6804.873,5.228,5181.602,3.981,,,,,596.16,0.458,2547.6,1.957,-1520.488,-1.168
12/05/2026,2026-05-12,32,[06:45-07:00[,2026-05-12 05:45,1337.449,9683.258,7.24,5723.627,4.28,,,,,596.16,0.446,2538.572,1.898,824.899,0.617
12/05/2026,2026-05-12,33,[07:00-07:15[,2026-05-12 06:00,1383.705,6030.843,4.358,4912.235,3.55,,,,,631.12,0.456,2412.462,1.743,-1924.974,-1.391
12/05/2026,2026-05-12,34,[07:15-07:30[,2026-05-12 06:15,1432.735,5855.165,4.087,5541.664,3.868,,,,,631.12,0.441,2391.008,1.669,-2708.626,-1.891
12/05/2026,2026-05-12,35,[07:30-07:45[,2026-05-12 06:30,1470.56,11854.932,8.062,6233.178,4.239,,,,,922.14,0.627,2381.741,1.62,2317.872,1.576
12/05/2026,2026-05-12,36,[07:45-08:00[,2026-05-12 06:45,1511.245,12212.988,8.081,6952.999,4.601,,,,,2110.55,1.397,2408.865,1.594,740.574,0.49
12/05/2026,2026-05-12,37,[08:00-08:15[,2026-05-12 07:00,1571.739,10570.271,6.725,6173.604,3.928,,,,,947.52,0.603,2333.926,1.485,1115.221,0.71
12/05/2026,2026-05-12,38,[08:15-08:30[,2026-05-12 07:15,1605.426,10382.215,6.467,6654.821,4.145,,,,,3030.72,1.888,2349.664,1.464,-1652.989,-1.03
12/05/2026,2026-05-12,39,[08:30-08:45[,2026-05-12 07:30,1640.624,14727.902,8.977,7171.911,4.371,,,,,4784.64,2.916,2320.354,1.414,450.997,0.275
12/05/2026,2026-05-12,40,[08:45-09:00[,2026-05-12 07:45,1643.3,18630.584,11.337,8671.063,5.277,,,,,8711.94,5.301,2353.141,1.432,-1105.561,-0.673
12/05/2026,2026-05-12,41,[09:00-09:15[,2026-05-12 08:00,1668.264,12880.922,7.721,8550.624,5.125,,,,,5642.174,3.382,2359.883,1.415,-3671.759,-2.201
12/05/2026,2026-05-12,42,[09:15-09:30[,2026-05-12 08:15,1668.654,22977.924,13.77,10764.138,6.451,,,,,11081.4,6.641,2245.528,1.346,-1113.141,-0.667
12/05/2026,2026-05-12,43,[09:30-09:45[,2026-05-12 08:30,1652.564,23890.403,14.457,12822.888,7.759,,,,,11081.4,6.706,2227.588,1.348,-2241.473,-1.356
12/05/2026,2026-05-12,44,[09:45-10:00[,2026-05-12 08:45,1658.79,25104.302,15.134,13222.263,7.971,,,,,11081.4,6.68,2202.382,1.328,-1401.742,-0.845
12/05/2026,2026-05-12,45,[10:00-10:15[,2026-05-12 09:00,1646.942,22911.848,13.912,13091.95,7.949,,,,,11014.24,6.688,2206.246,1.34,-3400.588,-2.065
12/05/2026,2026-05-12,46,[10:15-10:30[,2026-05-12 09:15,1650.28,26530.847,16.077,13258.825,8.034,,,,,11014.24,6.674,2319.357,1.405,-61.575,-0.037
12/05/2026,2026-05-12,47,[10:30-10:45[,2026-05-12 09:30,1647.838,26885.035,16.315,13639.45,8.277,,,,,11014.24,6.684,2174.461,1.32,56.884,0.035
12/05/2026,2026-05-12,48,[10:45-11:00[,2026-05-12 09:45,1661.374,25589.758,15.403,13663.825,8.224,,,,,11014.24,6.63,2253.94,1.357,-1342.247,-0.808
12/05/2026,2026-05-12,49,[11:00-11:15[,2026-05-12 10:00,1657.363,28024.488,16.909,13324.45,8.04,,,,,11935.1,7.201,2232.032,1.347,532.906,0.322
12/05/2026,2026-05-12,50,[11:15-11:30[,2026-05-12 10:15,1654.994,24089.487,14.556,13663.825,8.256,,,,,10794.88,6.523,2123.261,1.283,-2492.48,-1.506
12/05/2026,2026-05-12,51,[11:30-11:45[,2026-05-12 10:30,1665.335,28232.09,16.953,13748.2,8.256,,,,,10868.36,6.526,2067.538,1.242,1547.992,0.93
12/05/2026,2026-05-12,52,[11:45-12:00[,2026-05-12 10:45,1683.017,25971.177,15.431,14144.763,8.404,,,,,11279.522,6.702,2095.769,1.245,-1548.877,-0.92
12/05/2026,2026-05-12,53,[12:00-12:15[,2026-05-12 11:00,1659.341,23253.011,14.013,14241.053,8.582,,,,,10675.082,6.433,2066.27,1.245,-3729.394,-2.248
12/05/2026,2026-05-12,54,[12:15-12:30[,2026-05-12 11:15,1635,18806.475,11.502,14241.199,8.71,,,,,10675.082,6.529,2175.675,1.331,-8285.481,-5.068
12/05/2026,2026-05-12,55,[12:30-12:45[,2026-05-12 11:30,1597.721,25699.406,16.085,14991.233,9.383,,,,,10973.76,6.868,2177.936,1.363,-2443.523,-1.529
12/05/2026,2026-05-12,56,[12:45-13:00[,2026-05-12 11:45,1563.336,29125.78,18.631,14991.23,9.589,,,,,10940.16,6.998,2183.93,1.397,1010.46,0.646
12/05/2026,2026-05-12,57,[13:00-13:15[,2026-05-12 12:00,1550.338,25951.141,16.739,14803.777,9.549,,,,,10540.762,6.799,1973.214,1.273,-1366.611,-0.881
12/05/2026,2026-05-12,58,[13:15-13:30[,2026-05-12 12:15,1545.249,27825.316,18.007,14920.025,9.655,,,,,10839.36,7.015,1853.821,1.2,212.11,0.137
12/05/2026,2026-05-12,59,[13:30-13:45[,2026-05-12 12:30,1550.615,27330.238,17.625,14803.774,9.547,,,,,10540.762,6.798,1842.349,1.188,143.353,0.092
12/05/2026,2026-05-12,60,[13:45-14:00[,2026-05-12 12:45,1557.557,27837.675,17.873,14803.771,9.504,,,,,10540.762,6.767,1996.351,1.282,496.791,0.319
12/05/2026,2026-05-12,61,[14:00-14:15[,2026-05-12 13:00,1589.21,27781.177,17.481,14991.269,9.433,,,,,10805.76,6.799,2039.816,1.284,-55.668,-0.035
12/05/2026,2026-05-12,62,[14:15-14:30[,2026-05-12 13:15,1587.388,27742.453,17.477,14920.019,9.399,,,,,10805.76,6.807,1981.257,1.248,35.417,0.022
12/05/2026,2026-05-12,63,[14:30-14:45[,2026-05-12 13:30,1589.383,27848.082,17.521,14906.893,9.379,,,,,10772.16,6.778,2071.264,1.303,97.765,0.062
12/05/2026,2026-05-12,64,[14:45-15:00[,2026-05-12 13:45,1561.795,28064.44,17.969,14920.018,9.553,,,,,10772.16,6.897,2022.962,1.295,349.3,0.224
12/05/2026,2026-05-12,65,[15:00-15:15[,2026-05-12 14:00,1572.608,28065.142,17.846,14991.265,9.533,,,,,10872.96,6.914,2054.635,1.307,146.282,0.093
12/05/2026,2026-05-12,66,[15:15-15:30[,2026-05-12 14:15,1571.092,28158.898,17.923,14991.261,9.542,,,,,10839.36,6.899,2073.067,1.32,255.211,0.162
12/05/2026,2026-05-12,67,[15:30-15:45[,2026-05-12 14:30,1561.154,28005.844,17.939,14991.257,9.603,,,,,10839.36,6.943,2121.582,1.359,53.646,0.034
12/05/2026,2026-05-12,68,[15:45-16:00[,2026-05-12 14:45,1561.193,27846.936,17.837,14991.251,9.602,,,,,10772.16,6.9,2182.903,1.398,-99.378,-0.064
12/05/2026,2026-05-12,69,[16:00-16:15[,2026-05-12 15:00,1554.034,28297.785,18.209,14989.749,9.646,,,,,11276.16,7.256,2121.33,1.365,-89.455,-0.058
12/05/2026,2026-05-12,70,[16:15-16:30[,2026-05-12 15:15,1554.754,28489.943,18.324,14989.747,9.641,,,,,11175.36,7.188,2151.453,1.384,173.383,0.112
12/05/2026,2026-05-12,71,[16:30-16:45[,2026-05-12 15:30,1538.476,29072.138,18.897,14888.493,9.677,,,,,11108.16,7.22,2038.194,1.325,1037.292,0.674
12/05/2026,2026-05-12,72,[16:45-17:00[,2026-05-12 15:45,1553.784,29647.556,19.081,14670.053,9.442,,,,,11555.04,7.437,2079.507,1.338,1342.957,0.864
12/05/2026,2026-05-12,73,[17:00-17:15[,2026-05-12 16:00,1555.679,29290.086,18.828,14670.726,9.43,,,,,11689.44,7.514,2129.587,1.369,800.333,0.514
12/05/2026,2026-05-12,74,[17:15-17:30[,2026-05-12 16:15,1562.17,33075.858,21.173,14670.725,9.391,,,,,11588.64,7.418,2111.26,1.351,4705.233,3.012
12/05/2026,2026-05-12,75,[17:30-17:45[,2026-05-12 16:30,1553.041,30673.227,19.75,13750.084,8.854,,,,,11182.14,7.2,2164.792,1.394,3576.211,2.303
12/05/2026,2026-05-12,76,[17:45-18:00[,2026-05-12 16:45,1576.779,34134.304,21.648,13256.019,8.407,,,,,12035.96,7.633,2223.028,1.41,6619.297,4.198
12/05/2026,2026-05-12,77,[18:00-18:15[,2026-05-12 17:00,1574.535,29973.649,19.037,13641.333,8.664,,,,,11282.88,7.166,2263.44,1.438,2785.996,1.769
12/05/2026,2026-05-12,78,[18:15-18:30[,2026-05-12 17:15,1576.494,31953.18,20.269,13050.71,8.278,,,,,10308.48,6.539,2153.491,1.366,6440.499,4.085
12/05/2026,2026-05-12,79,[18:30-18:45[,2026-05-12 17:30,1610.332,16537.039,10.269,8753.2,5.436,,,,,8077.44,5.016,2202.335,1.368,-2495.937,-1.55
12/05/2026,2026-05-12,80,[18:45-19:00[,2026-05-12 17:45,1653.346,13646.847,8.254,6774.138,4.097,,,,,3322.9,2.01,2367.612,1.432,1182.197,0.715
12/05/2026,2026-05-12,81,[19:00-19:15[,2026-05-12 18:00,1665.729,16373.06,9.829,7297.407,4.381,9625.944,5.779,,,2428.498,1.458,2413.806,1.449,-5392.595,-3.237
12/05/2026,2026-05-12,82,[19:15-19:30[,2026-05-12 18:15,1706.44,13699.411,8.028,6657.867,3.902,9625.944,5.641,,,1025.602,0.601,2374.332,1.391,-5984.334,-3.507
12/05/2026,2026-05-12,83,[19:30-19:45[,2026-05-12 18:30,1746.169,14526.184,8.319,6148.629,3.521,9625.944,5.513,,,535.44,0.307,2306.216,1.321,-4090.044,-2.342
12/05/2026,2026-05-12,84,[19:45-20:00[,2026-05-12 18:45,1770.679,16464.193,9.298,6096.376,3.443,9625.944,5.436,,,535.44,0.302,2220.011,1.254,-2013.578,-1.137
12/05/2026,2026-05-12,85,[20:00-20:15[,2026-05-12 19:00,1782.924,15273.277,8.566,6086.245,3.414,9625.944,5.399,,,561.2,0.315,2392.111,1.342,-3392.223,-1.903
12/05/2026,2026-05-12,86,[20:15-20:30[,2026-05-12 19:15,1795.04,14365.844,8.003,5888.527,3.28,9625.944,5.363,,,561.2,0.313,2398.405,1.336,-4108.232,-2.289
12/05/2026,2026-05-12,87,[20:30-20:45[,2026-05-12 19:30,1808.157,17701.936,9.79,6070.571,3.357,9625.944,5.324,,,561.2,0.31,2400.037,1.327,-955.816,-0.529
12/05/2026,2026-05-12,88,[20:45-21:00[,2026-05-12 19:45,1806.41,23483.44,13,6677.452,3.697,9625.944,5.329,,,561.2,0.311,2372.423,1.313,4246.421,2.351
12/05/2026,2026-05-12,89,[21:00-21:15[,2026-05-12 20:00,1820.643,14730.343,8.091,6477.334,3.558,9625.944,5.287,,,610.88,0.336,2372.051,1.303,-4355.865,-2.392
12/05/2026,2026-05-12,90,[21:15-21:30[,2026-05-12 20:15,1801.804,18319.116,10.167,6674.03,3.704,9625.944,5.342,,,610.88,0.339,2417.583,1.342,-1009.322,-0.56
12/05/2026,2026-05-12,91,[21:30-21:45[,2026-05-12 20:30,1766.535,16000.204,9.057,6677.8,3.78,9625.944,5.449,,,610.88,0.346,2414.7,1.367,-3329.119,-1.885
12/05/2026,2026-05-12,92,[21:45-22:00[,2026-05-12 20:45,1738.822,17670.478,10.162,6693.639,3.85,9625.944,5.536,,,610.88,0.351,2409.297,1.386,-1669.282,-0.96
12/05/2026,2026-05-12,93,[22:00-22:15[,2026-05-12 21:00,1700.862,15797.918,9.288,6708.171,3.944,9625.944,5.659,,,656.88,0.386,2319.268,1.364,-3512.345,-2.065
12/05/2026,2026-05-12,94,[22:15-22:30[,2026-05-12 21:15,1651.216,16495.036,9.99,7704.711,4.666,9625.944,5.83,,,961.62,0.582,2607.24,1.579,-4404.48,-2.667
12/05/2026,2026-05-12,95,[22:30-22:45[,2026-05-12 21:30,1610.018,16409.073,10.192,7803.832,4.847,9625.944,5.979,,,1336.72,0.83,2657.86,1.651,-5015.282,-3.115
12/05/2026,2026-05-12,96,[22:45-23:00[,2026-05-12 21:45,1580.255,20438.822,12.934,8180.098,5.176,9625.944,6.091,,,3075.82,1.946,2862.479,1.811,-3305.519,-2.092
13/05/2026,2026-05-13,1,[23:00-23:15[,2026-05-12 22:00,1540.192,16740.613,10.869,8682.734,5.637,4950.462,3.214,,,1555.092,1.01,2896.111,1.88,-1343.786,-0.872
13/05/2026,2026-05-13,2,[23:15-23:30[,2026-05-12 22:15,1504.932,15517.611,10.311,9502.809,6.314,,,,,1555.092,1.033,2848.239,1.893,1611.471,1.071
13/05/2026,2026-05-13,3,[23:30-23:45[,2026-05-12 22:30,1452.707,12456.461,8.575,9661.929,6.651,,,,,1555.092,1.07,2770.603,1.907,-1531.163,-1.054
13/05/2026,2026-05-13,4,[23:45-00:00[,2026-05-12 22:45,1416.365,14678.216,10.363,9734.667,6.873,,,,,1555.092,1.098,2858.231,2.018,530.227,0.374
13/05/2026,2026-05-13,5,[00:00-00:15[,2026-05-12 23:00,1410.993,12535.669,8.884,9617.071,6.816,,,,,1459.892,1.035,2896.467,2.053,-1437.761,-1.019
13/05/2026,2026-05-13,6,[00:15-00:30[,2026-05-12 23:15,1370.495,13281.275,9.691,9617.071,7.017,,,,,1459.892,1.065,2871.201,2.095,-666.889,-0.487
13/05/2026,2026-05-13,7,[00:30-00:45[,2026-05-12 23:30,1364.839,12897.142,9.45,9639.541,7.063,,,,,1459.892,1.07,2872.38,2.105,-1074.671,-0.787
13/05/2026,2026-05-13,8,[00:45-01:00[,2026-05-12 23:45,1331.287,12279.405,9.224,9734.764,7.312,,,,,1459.892,1.097,2917.82,2.192,-1833.071,-1.377
13/05/2026,2026-05-13,9,[01:00-01:15[,2026-05-13 00:00,1314.463,13733.41,10.448,9809.533,7.463,,,,,1146.92,0.873,2896.618,2.204,-119.661,-0.091
13/05/2026,2026-05-13,10,[01:15-01:30[,2026-05-13 00:15,1296.222,13639.103,10.522,9869.067,7.614,,,,,1146.92,0.885,2890.915,2.23,-267.798,-0.207
13/05/2026,2026-05-13,11,[01:30-01:45[,2026-05-13 00:30,1287.311,13696.304,10.639,9892.467,7.685,,,,,1146.92,0.891,2895.941,2.25,-239.024,-0.186
13/05/2026,2026-05-13,12,[01:45-02:00[,2026-05-13 00:45,1244.464,13612.144,10.938,9900.022,7.955,,,,,1146.92,0.922,2851.445,2.291,-286.243,-0.23
13/05/2026,2026-05-13,13,[02:00-02:15[,2026-05-13 01:00,1251.792,14172.545,11.322,9976.338,7.97,,,,,1096.04,0.876,2912.573,2.327,187.594,0.15
13/05/2026,2026-05-13,14,[02:15-02:30[,2026-05-13 01:15,1238.536,12680.668,10.238,9976.423,8.055,,,,,1096.04,0.885,2807.139,2.266,-1198.933,-0.968
13/05/2026,2026-05-13,15,[02:30-02:45[,2026-05-13 01:30,1221.44,13878.177,11.362,9930.64,8.13,,,,,1096.04,0.897,2806.974,2.298,44.523,0.036
13/05/2026,2026-05-13,16,[02:45-03:00[,2026-05-13 01:45,1217.513,13983.001,11.485,9920.99,8.149,,,,,1096.04,0.9,2814.242,2.311,151.73,0.125
13/05/2026,2026-05-13,17,[03:00-03:15[,2026-05-13 02:00,1209.639,13634.959,11.272,9852.801,8.145,,,,,1124.448,0.93,2872.298,2.375,-214.587,-0.177
13/05/2026,2026-05-13,18,[03:15-03:30[,2026-05-13 02:15,1198.434,14078.937,11.748,9852.846,8.221,,,,,1124.448,0.938,2877.677,2.401,223.966,0.187
13/05/2026,2026-05-13,19,[03:30-03:45[,2026-05-13 02:30,1190.562,13494.763,11.335,9808.859,8.239,,,,,1124.448,0.944,2854.484,2.398,-293.029,-0.246
13/05/2026,2026-05-13,20,[03:45-04:00[,2026-05-13 02:45,1186.115,13911.829,11.729,9754.684,8.224,,,,,1124.448,0.948,2869.078,2.419,163.619,0.138
13/05/2026,2026-05-13,21,[04:00-04:15[,2026-05-13 03:00,1193.212,14009.386,11.741,9734.764,8.158,,,,,1158.368,0.971,2790.713,2.339,325.54,0.273
13/05/2026,2026-05-13,22,[04:15-04:30[,2026-05-13 03:15,1170.128,13766.428,11.765,9707.045,8.296,,,,,1158.368,0.99,2872.448,2.455,28.567,0.024
13/05/2026,2026-05-13,23,[04:30-04:45[,2026-05-13 03:30,1188.181,13094.72,11.021,9662.093,8.132,,,,,1158.368,0.975,2907.027,2.447,-632.768,-0.533
13/05/2026,2026-05-13,24,[04:45-05:00[,2026-05-13 03:45,1193.568,14763.345,12.369,9572.189,8.02,,,,,1158.368,0.971,2974.511,2.492,1058.277,0.887
13/05/2026,2026-05-13,25,[05:00-05:15[,2026-05-13 04:00,1188.088,15917.717,13.398,9915.936,8.346,,,,,1125.72,0.948,2965.596,2.496,1910.464,1.608
13/05/2026,2026-05-13,26,[05:15-05:30[,2026-05-13 04:15,1212.938,10923.828,9.006,9854.621,8.125,,,,,1125.72,0.928,2925.194,2.412,-2981.707,-2.458
13/05/2026,2026-05-13,27,[05:30-05:45[,2026-05-13 04:30,1216.06,11545.497,9.494,9802.382,8.061,,,,,1166.848,0.96,2967.721,2.44,-2391.453,-1.967
13/05/2026,2026-05-13,28,[05:45-06:00[,2026-05-13 04:45,1237.832,15553.76,12.565,9765.734,7.889,,,,,1166.848,0.943,2967.398,2.397,1653.78,1.336
13/05/2026,2026-05-13,29,[06:00-06:15[,2026-05-13 05:00,1254.239,10688.653,8.522,8986.649,7.165,,,,,1450.372,1.156,2922.331,2.33,-2670.698,-2.129
13/05/2026,2026-05-13,30,[06:15-06:30[,2026-05-13 05:15,1274.753,13152.153,10.317,9064.436,7.111,,,,,1450.372,1.138,2828.126,2.219,-190.78,-0.15
13/05/2026,2026-05-13,31,[06:30-06:45[,2026-05-13 05:30,1314.284,13617.618,10.361,9506.674,7.233,,,,,1450.372,1.104,2854.488,2.172,-193.916,-0.148
13/05/2026,2026-05-13,32,[06:45-07:00[,2026-05-13 05:45,1328.704,13931.715,10.485,9694.352,7.296,,,,,1450.372,1.092,2887.476,2.173,-100.484,-0.076
13/05/2026,2026-05-13,33,[07:00-07:15[,2026-05-13 06:00,1400.606,14459.89,10.324,9431.388,6.734,,,,,1531.292,1.093,2878.321,2.055,618.889,0.442
13/05/2026,2026-05-13,34,[07:15-07:30[,2026-05-13 06:15,1448.445,15670.507,10.819,9946.682,6.867,,,,,2496.392,1.723,2856.616,1.972,370.818,0.256
13/05/2026,2026-05-13,35,[07:30-07:45[,2026-05-13 06:30,1464.769,14817.19,10.116,10406.556,7.105,,,,,2650.808,1.81,2788.75,1.904,-1028.923,-0.702
13/05/2026,2026-05-13,36,[07:45-08:00[,2026-05-13 06:45,1516.9,28856.789,19.024,12783.952,8.428,,,,,9332.912,6.153,2915.075,1.922,3824.85,2.521
13/05/2026,2026-05-13,37,[08:00-08:15[,2026-05-13 07:00,1576.475,24292.95,15.41,12944.75,8.211,,,,,7928.886,5.03,2930.4,1.859,488.914,0.31
13/05/2026,2026-05-13,38,[08:15-08:30[,2026-05-13 07:15,1619.4,21934.093,13.545,14335.438,8.852,,,,,9678.24,5.976,2902.026,1.792,-4981.611,-3.076
13/05/2026,2026-05-13,39,[08:30-08:45[,2026-05-13 07:30,1635.662,29054.234,17.763,14269.275,8.724,,,,,9478.56,5.795,2905.958,1.777,2400.441,1.468
13/05/2026,2026-05-13,40,[08:45-09:00[,2026-05-13 07:45,1622.871,30382.283,18.721,14247.584,8.779,,,,,9497.28,5.852,2585.548,1.593,4051.872,2.497
13/05/2026,2026-05-13,41,[09:00-09:15[,2026-05-13 08:00,1648.37,31999.956,19.413,16261.063,9.865,,,,,13047.2,7.915,2671.885,1.621,19.809,0.012
13/05/2026,2026-05-13,42,[09:15-09:30[,2026-05-13 08:15,1643.813,36376.168,22.129,16261.063,9.892,,,,,13047.2,7.937,2549.803,1.551,4518.103,2.749
13/05/2026,2026-05-13,43,[09:30-09:45[,2026-05-13 08:30,1636.282,35373.538,21.618,16313.563,9.97,,,,,13116.6,8.016,2745.611,1.678,3197.765,1.954
13/05/2026,2026-05-13,44,[09:45-10:00[,2026-05-13 08:45,1649.914,33131.375,20.081,16443.882,9.967,,,,,13324.8,8.076,2803.514,1.699,559.179,0.339
13/05/2026,2026-05-13,45,[10:00-10:15[,2026-05-13 09:00,1623.996,40150.25,24.723,16313.275,10.045,,,,,12965.4,7.984,2744.614,1.69,8126.961,5.004
13/05/2026,2026-05-13,46,[10:15-10:30[,2026-05-13 09:15,1629.617,39278.79,24.103,16313.275,10.01,,,,,12965.4,7.956,2683.463,1.647,7316.652,4.49
13/05/2026,2026-05-13,47,[10:30-10:45[,2026-05-13 09:30,1610.664,42505.204,26.39,16395.841,10.18,,,,,13102.6,8.135,2638.544,1.638,10368.219,6.437
13/05/2026,2026-05-13,48,[10:45-11:00[,2026-05-13 09:45,1616.491,38274.867,23.678,16395.919,10.143,,,,,13102.6,8.106,2699.071,1.67,6077.278,3.76
13/05/2026,2026-05-13,49,[11:00-11:15[,2026-05-13 10:00,1621.812,38436.93,23.7,16396.016,10.11,,,,,13026.2,8.032,2638.596,1.627,6376.119,3.931
13/05/2026,2026-05-13,50,[11:15-11:30[,2026-05-13 10:15,1607.763,37414.443,23.271,16443.921,10.228,,,,,13094.4,8.144,2547.678,1.585,5328.445,3.314
13/05/2026,2026-05-13,51,[11:30-11:45[,2026-05-13 10:30,1618.439,38341.499,23.69,16443.893,10.16,,,,,13094.4,8.091,2508.642,1.55,6294.564,3.889
13/05/2026,2026-05-13,52,[11:45-12:00[,2026-05-13 10:45,1624.766,37506.612,23.084,16444.08,10.121,,,,,13094.4,8.059,2543.082,1.565,5425.051,3.339
13/05/2026,2026-05-13,53,[12:00-12:15[,2026-05-13 11:00,1579.163,34726.502,21.99,16444.326,10.413,,,,,11162.88,7.069,2557.872,1.62,4561.425,2.889
13/05/2026,2026-05-13,54,[12:15-12:30[,2026-05-13 11:15,1589.103,34213.145,21.53,16444.496,10.348,,,,,11162.88,7.025,2437.768,1.534,4168.001,2.623
13/05/2026,2026-05-13,55,[12:30-12:45[,2026-05-13 11:30,1557.315,35694.088,22.92,16444.765,10.56,,,,,11162.88,7.168,2517.872,1.617,5568.572,3.576
13/05/2026,2026-05-13,56,[12:45-13:00[,2026-05-13 11:45,1542.255,36286.47,23.528,16448.574,10.665,,,,,11436.48,7.415,2438.089,1.581,5963.326,3.867
13/05/2026,2026-05-13,57,[13:00-13:15[,2026-05-13 12:00,1530.772,33901.729,22.147,16448.665,10.745,,,,,11436.48,7.471,2426.337,1.585,3590.248,2.345
13/05/2026,2026-05-13,58,[13:15-13:30[,2026-05-13 12:15,1540.666,32037.277,20.794,16449.733,10.677,,,,,11436.48,7.423,2463.583,1.599,1687.481,1.095
13/05/2026,2026-05-13,59,[13:30-13:45[,2026-05-13 12:30,1560.18,26150.217,16.761,16449.732,10.543,,,,,11436.48,7.33,2491.111,1.597,-4227.106,-2.709
13/05/2026,2026-05-13,60,[13:45-14:00[,2026-05-13 12:45,1540.334,38569.67,25.04,16449.732,10.679,,,,,11436.48,7.425,2445.705,1.588,8237.753,5.348
13/05/2026,2026-05-13,61,[14:00-14:15[,2026-05-13 13:00,1556.682,42535.749,27.325,16449.732,10.567,,,,,10939.626,7.028,2457.286,1.579,12689.105,8.151
13/05/2026,2026-05-13,62,[14:15-14:30[,2026-05-13 13:15,1565.53,39203.261,25.042,16450.669,10.508,,,,,10939.626,6.988,2510.575,1.604,9302.392,5.942
13/05/2026,2026-05-13,63,[14:30-14:45[,2026-05-13 13:30,1561.956,40801.506,26.122,16449.731,10.531,,,,,10939.626,7.004,2552.721,1.634,10859.428,6.952
13/05/2026,2026-05-13,64,[14:45-15:00[,2026-05-13 13:45,1545.795,35348.148,22.867,16449.731,10.642,,,,,10939.626,7.077,2474.247,1.601,5484.544,3.548
13/05/2026,2026-05-13,65,[15:00-15:15[,2026-05-13 14:00,1539.243,40384.034,26.236,16450.668,10.688,,,,,11119.724,7.224,2535.537,1.647,10278.105,6.677
13/05/2026,2026-05-13,66,[15:15-15:30[,2026-05-13 14:15,1541.678,39168.189,25.406,16450.667,10.671,,,,,11132.52,7.221,2533.73,1.643,9051.272,5.871
13/05/2026,2026-05-13,67,[15:30-15:45[,2026-05-13 14:30,1517.106,41644.934,27.45,16450.666,10.843,,,,,11132.52,7.338,2463.159,1.624,11598.589,7.645
13/05/2026,2026-05-13,68,[15:45-16:00[,2026-05-13 14:45,1513.946,42080.507,27.795,16449.728,10.865,,,,,10573.76,6.984,2491.93,1.646,12565.089,8.3
13/05/2026,2026-05-13,69,[16:00-16:15[,2026-05-13 15:00,1485.439,43992.897,29.616,16449.727,11.074,,,,,11306.52,7.612,2449.069,1.649,13787.581,9.282
13/05/2026,2026-05-13,70,[16:15-16:30[,2026-05-13 15:15,1479.72,35955.825,24.299,16449.727,11.117,,,,,11306.52,7.641,2466.078,1.667,5733.5,3.875
13/05/2026,2026-05-13,71,[16:30-16:45[,2026-05-13 15:30,1491.132,32621.499,21.877,16449.727,11.032,,,,,11306.52,7.583,2446.966,1.641,2418.285,1.622
13/05/2026,2026-05-13,72,[16:45-17:00[,2026-05-13 15:45,1518.197,42671.097,28.106,16449.727,10.835,,,,,11306.52,7.447,2526.798,1.664,12388.051,8.16
13/05/2026,2026-05-13,73,[17:00-17:15[,2026-05-13 16:00,1488.485,30319.361,20.369,16449.727,11.051,,,,,11638.184,7.819,2594.024,1.743,-362.574,-0.244
13/05/2026,2026-05-13,74,[17:15-17:30[,2026-05-13 16:15,1480.61,32977.78,22.273,16448.563,11.109,,,,,11638.184,7.86,2585.944,1.747,2305.089,1.557
13/05/2026,2026-05-13,75,[17:30-17:45[,2026-05-13 16:30,1491.426,29945.795,20.079,16313.563,10.938,,,,,11740.596,7.872,2642.055,1.771,-750.419,-0.503
13/05/2026,2026-05-13,76,[17:45-18:00[,2026-05-13 16:45,1505.986,30537.586,20.277,15941.375,10.585,,,,,12240,8.128,2670.313,1.773,-314.102,-0.209
13/05/2026,2026-05-13,77,[18:00-18:15[,2026-05-13 17:00,1519.523,30557.245,20.11,15133.25,9.959,,,,,11781.52,7.753,2674.051,1.76,968.424,0.637
13/05/2026,2026-05-13,78,[18:15-18:30[,2026-05-13 17:15,1541.909,28362.244,18.394,14134.591,9.167,,,,,10684.8,6.93,2578.327,1.672,964.527,0.626
13/05/2026,2026-05-13,79,[18:30-18:45[,2026-05-13 17:30,1560.379,25908.808,16.604,13206.688,8.464,,,,,8859.738,5.678,2613.171,1.675,1229.212,0.788
13/05/2026,2026-05-13,80,[18:45-19:00[,2026-05-13 17:45,1598.598,19323.473,12.088,9979.813,6.243,,,,,5870.1,3.672,2655.868,1.661,817.693,0.512
13/05/2026,2026-05-13,81,[19:00-19:15[,2026-05-13 18:00,1622.795,16634.478,10.251,10354.813,6.381,,,,,3304.84,2.037,2687.202,1.656,287.623,0.177
13/05/2026,2026-05-13,82,[19:15-19:30[,2026-05-13 18:15,1655.144,9139.001,5.522,9343.906,5.645,,,,,1128.688,0.682,2496.546,1.508,-3830.139,-2.314
13/05/2026,2026-05-13,83,[19:30-19:45[,2026-05-13 18:30,1693.912,12779.767,7.545,9159.861,5.408,,,,,1128.688,0.666,2490.093,1.47,1.126,0.001
13/05/2026,2026-05-13,84,[19:45-20:00[,2026-05-13 18:45,1729.468,10851.257,6.274,8722.62,5.044,,,,,1128.688,0.653,2512.856,1.453,-1512.907,-0.875
13/05/2026,2026-05-13,85,[20:00-20:15[,2026-05-13 19:00,1750.007,14711.518,8.407,8735.178,4.992,,,,,1323.28,0.756,2494.944,1.426,2158.117,1.233
13/05/2026,2026-05-13,86,[20:15-20:30[,2026-05-13 19:15,1764.514,10195.387,5.778,8116.752,4.6,,,,,1323.28,0.75,2468.074,1.399,-1712.719,-0.971
13/05/2026,2026-05-13,87,[20:30-20:45[,2026-05-13 19:30,1767.954,9082.257,5.137,8326.572,4.71,,,,,1323.28,0.748,2434.785,1.377,-3002.379,-1.698
13/05/2026,2026-05-13,88,[20:45-21:00[,2026-05-13 19:45,1785.928,9250.175,5.179,8824.354,4.941,,,,,1323.28,0.741,2422.104,1.356,-3319.563,-1.859
13/05/2026,2026-05-13,89,[21:00-21:15[,2026-05-13 20:00,1792.807,8425.223,4.699,9011.854,5.027,,,,,1437.52,0.802,2603.921,1.452,-4628.072,-2.581
13/05/2026,2026-05-13,90,[21:15-21:30[,2026-05-13 20:15,1772.475,12557.259,7.085,9301.867,5.248,,,,,1437.52,0.811,2605.216,1.47,-787.343,-0.444
13/05/2026,2026-05-13,91,[21:30-21:45[,2026-05-13 20:30,1744.567,11055.51,6.337,9315.707,5.34,,,,,1437.52,0.824,2604.619,1.493,-2302.336,-1.32
13/05/2026,2026-05-13,92,[21:45-22:00[,2026-05-13 20:45,1708.24,13515.721,7.912,9471.905,5.545,,,,,1437.52,0.842,2500.04,1.464,106.257,0.062
13/05/2026,2026-05-13,93,[22:00-22:15[,2026-05-13 21:00,1672.867,10314.735,6.166,9745.834,5.826,,,,,1550.332,0.927,2509.478,1.5,-3490.909,-2.087
13/05/2026,2026-05-13,94,[22:15-22:30[,2026-05-13 21:15,1638.485,14666.821,8.951,10338.273,6.31,,,,,1550.332,0.946,2596.394,1.585,181.822,0.111
13/05/2026,2026-05-13,95,[22:30-22:45[,2026-05-13 21:30,1604.866,8844.64,5.511,10698.061,6.666,,,,,1550.332,0.966,2530.357,1.577,-5934.109,-3.698
13/05/2026,2026-05-13,96,[22:45-23:00[,2026-05-13 21:45,1563.865,10643.45,6.806,10829.271,6.925,,,,,1550.332,0.991,2576.631,1.648,-4312.784,-2.758
14/05/2026,2026-05-14,1,[23:00-23:15[,2026-05-13 22:00,1536.066,10644.517,6.93,7032.063,4.578,,,,,538.2,0.35,2740.955,1.784,333.299,0.217
14/05/2026,2026-05-14,2,[23:15-23:30[,2026-05-13 22:15,1501.649,7729.22,5.147,7215.643,4.805,,,,,538.2,0.358,2699.616,1.798,-2724.239,-1.814
14/05/2026,2026-05-14,3,[23:30-23:45[,2026-05-13 22:30,1462.6,6232.983,4.262,7545.064,5.159,,,,,538.2,0.368,2757.249,1.885,-4607.529,-3.15
14/05/2026,2026-05-14,4,[23:45-00:00[,2026-05-13 22:45,1412.129,9280.463,6.572,7718.616,5.466,,,,,538.2,0.381,2711.168,1.92,-1687.521,-1.195
14/05/2026,2026-05-14,5,[00:00-00:15[,2026-05-13 23:00,1382.24,11462.595,8.293,7488.491,5.418,,,,,561.6,0.406,2654.641,1.921,757.863,0.548
14/05/2026,2026-05-14,6,[00:15-00:30[,2026-05-13 23:15,1352.665,9941.406,7.349,7602.274,5.62,,,,,561.6,0.415,2669.681,1.974,-892.149,-0.66
14/05/2026,2026-05-14,7,[00:30-00:45[,2026-05-13 23:30,1324.854,10335.573,7.801,7722.826,5.829,,,,,561.6,0.424,2719.347,2.053,-668.2,-0.504
14/05/2026,2026-05-14,8,[00:45-01:00[,2026-05-13 23:45,1302.756,7830.301,6.011,8017.646,6.154,,,,,561.6,0.431,2731.706,2.097,-3480.65,-2.672
14/05/2026,2026-05-14,9,[01:00-01:15[,2026-05-14 00:00,1273.428,2384.476,1.872,7758.862,6.093,,,,,511.2,0.401,2620.318,2.058,-8505.903,-6.68
14/05/2026,2026-05-14,10,[01:15-01:30[,2026-05-14 00:15,1253.744,8582.788,6.846,8017.646,6.395,,,,,511.2,0.408,2659.916,2.122,-2605.973,-2.079
14/05/2026,2026-05-14,11,[01:30-01:45[,2026-05-14 00:30,1236.828,5696.473,4.606,8307.678,6.717,,,,,511.2,0.413,2606.292,2.107,-5728.697,-4.632
14/05/2026,2026-05-14,12,[01:45-02:00[,2026-05-14 00:45,1223.267,7505.085,6.135,8320.446,6.802,,,,,511.2,0.418,2762.697,2.258,-4089.258,-3.343
14/05/2026,2026-05-14,13,[02:00-02:15[,2026-05-14 01:00,1228.389,6484.884,5.279,8157.054,6.64,,,,,431.52,0.351,2793.343,2.274,-4897.032,-3.987
14/05/2026,2026-05-14,14,[02:15-02:30[,2026-05-14 01:15,1220.121,8127,6.661,8321.237,6.82,,,,,431.52,0.354,2793.825,2.29,-3419.581,-2.803
14/05/2026,2026-05-14,15,[02:30-02:45[,2026-05-14 01:30,1219.914,6831.168,5.6,8415.373,6.898,,,,,431.52,0.354,2758.115,2.261,-4773.84,-3.913
14/05/2026,2026-05-14,16,[02:45-03:00[,2026-05-14 01:45,1198.665,8892.76,7.419,8480.569,7.075,,,,,431.52,0.36,2790.086,2.328,-2809.414,-2.344
14/05/2026,2026-05-14,17,[03:00-03:15[,2026-05-14 02:00,1191.157,4714.857,3.958,8947.573,7.512,,,,,431.52,0.362,2755.376,2.313,-7419.613,-6.229
14/05/2026,2026-05-14,18,[03:15-03:30[,2026-05-14 02:15,1191.698,6509.867,5.463,8948.176,7.509,,,,,431.52,0.362,2748.239,2.306,-5618.068,-4.714
14/05/2026,2026-05-14,19,[03:30-03:45[,2026-05-14 02:30,1188.553,8697.225,7.317,8947.737,7.528,,,,,431.52,0.363,2703.769,2.275,-3385.801,-2.849
14/05/2026,2026-05-14,20,[03:45-04:00[,2026-05-14 02:45,1172.143,11959.463,10.203,8946.967,7.633,,,,,431.52,0.368,2728.579,2.328,-147.603,-0.126
14/05/2026,2026-05-14,21,[04:00-04:15[,2026-05-14 03:00,1181.834,9454.6,8,8608.083,7.284,,,,,431.52,0.365,2747.42,2.325,-2332.422,-1.974
14/05/2026,2026-05-14,22,[04:15-04:30[,2026-05-14 03:15,1180.407,9803.028,8.305,8584.583,7.273,,,,,431.52,0.366,2750.181,2.33,-1963.256,-1.663
14/05/2026,2026-05-14,23,[04:30-04:45[,2026-05-14 03:30,1172.388,10174.246,8.678,8549.577,7.292,,,,,431.52,0.368,2786.996,2.377,-1593.846,-1.359
14/05/2026,2026-05-14,24,[04:45-05:00[,2026-05-14 03:45,1165.64,21949.657,18.831,8405.222,7.211,,,,,431.52,0.37,2760.532,2.368,10352.383,8.881
14/05/2026,2026-05-14,25,[05:00-05:15[,2026-05-14 04:00,1177.416,8297.018,7.047,8512.373,7.23,,,,,431.52,0.366,2745.075,2.331,-3391.949,-2.881
14/05/2026,2026-05-14,26,[05:15-05:30[,2026-05-14 04:15,1201.794,7122.604,5.927,7833.84,6.518,,,,,431.52,0.359,2795.737,2.326,-3938.492,-3.277
14/05/2026,2026-05-14,27,[05:30-05:45[,2026-05-14 04:30,1207.458,10616.458,8.792,7571.703,6.271,,,,,431.52,0.357,2833.57,2.347,-220.335,-0.182
14/05/2026,2026-05-14,28,[05:45-06:00[,2026-05-14 04:45,1204.001,8976.036,7.455,7400.938,6.147,,,,,431.52,0.358,2802.25,2.327,-1658.672,-1.378
14/05/2026,2026-05-14,29,[06:00-06:15[,2026-05-14 05:00,1247.663,6780.566,5.435,7547.267,6.049,,,,,556.2,0.446,2835.489,2.273,-4158.391,-3.333
14/05/2026,2026-05-14,30,[06:15-06:30[,2026-05-14 05:15,1276.485,7530.629,5.9,7570.365,5.931,,,,,599.46,0.47,2839.388,2.224,-3478.585,-2.725
14/05/2026,2026-05-14,31,[06:30-06:45[,2026-05-14 05:30,1287.989,7024.842,5.454,7942.471,6.167,,,,,883.74,0.686,2804.624,2.178,-4605.993,-3.576
14/05/2026,2026-05-14,32,[06:45-07:00[,2026-05-14 05:45,1313.367,10076.439,7.672,8672.459,6.603,,,,,673.62,0.513,2720.742,2.072,-1990.381,-1.515
14/05/2026,2026-05-14,33,[07:00-07:15[,2026-05-14 06:00,1372.329,16856.208,12.283,8277.207,6.032,,,,,968.436,0.706,2716.717,1.98,4893.848,3.566
14/05/2026,2026-05-14,34,[07:15-07:30[,2026-05-14 06:15,1415.542,11210.641,7.92,8832.534,6.24,,,,,1007.964,0.712,2782.159,1.965,-1412.016,-0.998
14/05/2026,2026-05-14,35,[07:30-07:45[,2026-05-14 06:30,1436.474,16462.575,11.46,9197.588,6.403,,,,,4980.66,3.467,2809.998,1.956,-525.671,-0.366
14/05/2026,2026-05-14,36,[07:45-08:00[,2026-05-14 06:45,1475.26,19646.371,13.317,11370.275,7.707,,,,,6692.686,4.537,2796.647,1.896,-1213.238,-0.822
14/05/2026,2026-05-14,37,[08:00-08:15[,2026-05-14 07:00,1544.485,26055.041,16.87,13704.525,8.873,,,,,8823.54,5.713,2746.79,1.778,780.186,0.505
14/05/2026,2026-05-14,38,[08:15-08:30[,2026-05-14 07:15,1559.355,27465.673,17.613,14152.65,9.076,,,,,9289.28,5.957,2668.763,1.711,1354.979,0.869
14/05/2026,2026-05-14,39,[08:30-08:45[,2026-05-14 07:30,1594.185,28680.072,17.99,15120.15,9.485,,,,,10303.7,6.463,2738.02,1.718,518.202,0.325
14/05/2026,2026-05-14,40,[08:45-09:00[,2026-05-14 07:45,1609.056,31217.187,19.401,15955.463,9.916,,,,,12115.62,7.53,2749.023,1.708,397.082,0.247
14/05/2026,2026-05-14,41,[09:00-09:15[,2026-05-14 08:00,1599.551,30658.26,19.167,15546.713,9.719,,,,,11939.2,7.464,2814.579,1.76,357.769,0.224
14/05/2026,2026-05-14,42,[09:15-09:30[,2026-05-14 08:15,1598.621,30795.828,19.264,15870.15,9.927,,,,,12221.28,7.645,2671.951,1.671,32.447,0.02
14/05/2026,2026-05-14,43,[09:30-09:45[,2026-05-14 08:30,1594.739,31374.777,19.674,15978.9,10.02,,,,,12357.24,7.749,2649.715,1.662,388.922,0.244
14/05/2026,2026-05-14,44,[09:45-10:00[,2026-05-14 08:45,1571.382,31219.745,19.868,16056.713,10.218,,,,,12423.04,7.906,2689.244,1.711,50.748,0.032
14/05/2026,2026-05-14,45,[10:00-10:15[,2026-05-14 09:00,1551.113,30145.908,19.435,16009.838,10.322,,,,,11329.956,7.304,2589.979,1.67,216.135,0.139
14/05/2026,2026-05-14,46,[10:15-10:30[,2026-05-14 09:15,1557.708,30256.098,19.423,16056.713,10.308,,,,,11368.104,7.298,2616.663,1.68,214.618,0.138
14/05/2026,2026-05-14,47,[10:30-10:45[,2026-05-14 09:30,1535.988,29699.762,19.336,16056.713,10.454,,,,,11403.864,7.424,2531.462,1.648,-292.276,-0.19
14/05/2026,2026-05-14,48,[10:45-11:00[,2026-05-14 09:45,1509.935,32030.375,21.213,16057.65,10.635,,,,,11403.864,7.553,2488.916,1.648,2079.945,1.378
14/05/2026,2026-05-14,49,[11:00-11:15[,2026-05-14 10:00,1511.803,32076.381,21.217,16057.65,10.622,,,,,12627.68,8.353,2420.342,1.601,970.709,0.642
14/05/2026,2026-05-14,50,[11:15-11:30[,2026-05-14 10:15,1501.748,31357.309,20.881,16057.65,10.693,,,,,12627.68,8.409,2391.766,1.593,280.213,0.187
14/05/2026,2026-05-14,51,[11:30-11:45[,2026-05-14 10:30,1494.747,31060.579,20.78,16057.65,10.743,,,,,12627.68,8.448,2311.884,1.547,63.365,0.042
14/05/2026,2026-05-14,52,[11:45-12:00[,2026-05-14 10:45,1497.645,30852.641,20.601,16057.65,10.722,,,,,12627.68,8.432,2373.638,1.585,-206.328,-0.138
14/05/2026,2026-05-14,53,[12:00-12:15[,2026-05-14 11:00,1486.141,28577.594,19.229,16057.85,10.805,,,,,10249.536,6.897,2368.108,1.593,-97.9,-0.066
14/05/2026,2026-05-14,54,[12:15-12:30[,2026-05-14 11:15,1471.706,28828.976,19.589,16057.85,10.911,,,,,10283.296,6.987,2425.797,1.648,62.033,0.042
14/05/2026,2026-05-14,55,[12:30-12:45[,2026-05-14 11:30,1437.36,28942.888,20.136,16057.85,11.172,,,,,10283.296,7.154,2338.137,1.627,263.605,0.183
14/05/2026,2026-05-14,56,[12:45-13:00[,2026-05-14 11:45,1426.538,28641.932,20.078,16057.85,11.257,,,,,10283.296,7.209,2404.638,1.686,-103.852,-0.073
14/05/2026,2026-05-14,57,[13:00-13:15[,2026-05-14 12:00,1424.173,28963.277,20.337,16057.85,11.275,,,,,10283.296,7.221,2404.311,1.688,217.821,0.153
14/05/2026,2026-05-14,58,[13:15-13:30[,2026-05-14 12:15,1416.256,28987.691,20.468,16057.85,11.338,,,,,10283.296,7.261,2421.782,1.71,224.762,0.159
14/05/2026,2026-05-14,59,[13:30-13:45[,2026-05-14 12:30,1442.318,30786.194,21.345,16057.85,11.133,,,,,10283.296,7.13,2416.451,1.675,2028.598,1.406
14/05/2026,2026-05-14,60,[13:45-14:00[,2026-05-14 12:45,1421.882,28993.542,20.391,16057.85,11.293,,,,,10283.296,7.232,2326.916,1.637,325.479,0.229
14/05/2026,2026-05-14,61,[14:00-14:15[,2026-05-14 13:00,1440.939,40363.887,28.012,16057.85,11.144,,,,,10485.856,7.277,2406.081,1.67,11414.1,7.921
14/05/2026,2026-05-14,62,[14:15-14:30[,2026-05-14 13:15,1445.41,27471.129,19.006,16057.85,11.11,,,,,10485.856,7.255,2448.392,1.694,-1520.969,-1.052
14/05/2026,2026-05-14,63,[14:30-14:45[,2026-05-14 13:30,1441.257,17510.656,12.15,16057.85,11.142,,,,,10485.856,7.275,2418.913,1.678,-11451.963,-7.946
14/05/2026,2026-05-14,64,[14:45-15:00[,2026-05-14 13:45,1443.384,28528.649,19.765,16057.85,11.125,,,,,10485.856,7.265,2380.121,1.649,-395.178,-0.274
14/05/2026,2026-05-14,65,[15:00-15:15[,2026-05-14 14:00,1408.532,26891.648,19.092,16058.788,11.401,,,,,9743.968,6.918,2353.607,1.671,-1264.714,-0.898
14/05/2026,2026-05-14,66,[15:15-15:30[,2026-05-14 14:15,1404.899,29455.509,20.966,16058.788,11.431,,,,,11715.04,8.339,2200.223,1.566,-518.542,-0.369
14/05/2026,2026-05-14,67,[15:30-15:45[,2026-05-14 14:30,1408.964,29002.489,20.584,16058.788,11.398,,,,,11703.712,8.307,2284.732,1.622,-1044.742,-0.741
14/05/2026,2026-05-14,68,[15:45-16:00[,2026-05-14 14:45,1391.767,30229.3,21.72,16057.85,11.538,,,,,12527.84,9.001,2052.978,1.475,-409.368,-0.294
14/05/2026,2026-05-14,69,[16:00-16:15[,2026-05-14 15:00,1395.053,30241.994,21.678,16058.788,11.511,,,,,12589.44,9.024,2094.741,1.502,-500.974,-0.359
14/05/2026,2026-05-14,70,[16:15-16:30[,2026-05-14 15:15,1404.338,29802.812,21.222,16057.85,11.434,,,,,12551.52,8.938,2029.983,1.446,-836.542,-0.596
14/05/2026,2026-05-14,71,[16:30-16:45[,2026-05-14 15:30,1403.756,30201.943,21.515,16057.85,11.439,,,,,12779.04,9.103,2054.356,1.463,-689.303,-0.491
14/05/2026,2026-05-14,72,[16:45-17:00[,2026-05-14 15:45,1411.557,30698.745,21.748,16057.85,11.376,,,,,12741.12,9.026,2097.496,1.486,-197.721,-0.14
14/05/2026,2026-05-14,73,[17:00-17:15[,2026-05-14 16:00,1403.056,28834.536,20.551,16057.85,11.445,,,,,11176.96,7.966,2216.759,1.58,-617.033,-0.44
14/05/2026,2026-05-14,74,[17:15-17:30[,2026-05-14 16:15,1402.792,27807.573,19.823,16056.913,11.446,,,,,11139.2,7.941,2194.71,1.565,-1583.249,-1.129
14/05/2026,2026-05-14,75,[17:30-17:45[,2026-05-14 16:30,1417.014,29601.716,20.89,15979.1,11.277,,,,,11042.64,7.793,2203.105,1.555,376.871,0.266
14/05/2026,2026-05-14,76,[17:45-18:00[,2026-05-14 16:45,1436.867,28989.273,20.175,15823.475,11.012,,,,,10919.16,7.599,2269.854,1.58,-23.216,-0.016
14/05/2026,2026-05-14,77,[18:00-18:15[,2026-05-14 17:00,1460.878,29499.031,20.193,15907.85,10.889,,,,,10946.48,7.493,2401.353,1.644,243.348,0.167
14/05/2026,2026-05-14,78,[18:15-18:30[,2026-05-14 17:15,1496.719,29061.646,19.417,14152.85,9.456,,,,,9575.24,6.397,2451.144,1.638,2882.411,1.926
14/05/2026,2026-05-14,79,[18:30-18:45[,2026-05-14 17:30,1528.123,24356.093,15.939,13525.663,8.851,,,,,9446.382,6.182,2364.527,1.547,-980.478,-0.642
14/05/2026,2026-05-14,80,[18:45-19:00[,2026-05-14 17:45,1573.628,17892.297,11.37,10177.202,6.467,,,,,4128.3,2.623,2483.968,1.578,1102.828,0.701
14/05/2026,2026-05-14,81,[19:00-19:15[,2026-05-14 18:00,1619.097,17941.959,11.081,10500.366,6.485,,,,,5162.4,3.188,2595.934,1.603,-316.741,-0.196
14/05/2026,2026-05-14,82,[19:15-19:30[,2026-05-14 18:15,1658.402,16880.351,10.179,9383.853,5.658,,,,,2505.6,1.511,2593.099,1.564,2397.799,1.446
14/05/2026,2026-05-14,83,[19:30-19:45[,2026-05-14 18:30,1692.678,12714.644,7.512,8880.052,5.246,,,,,1663.2,0.983,2643.791,1.562,-472.399,-0.279
14/05/2026,2026-05-14,84,[19:45-20:00[,2026-05-14 18:45,1721.676,16740.687,9.723,7985.967,4.638,,,,,1321.53,0.768,2666.041,1.549,4767.149,2.769
14/05/2026,2026-05-14,85,[20:00-20:15[,2026-05-14 19:00,1749.89,11863.339,6.779,8942.892,5.111,,,,,1751.82,1.001,2658.126,1.519,-1489.499,-0.851
14/05/2026,2026-05-14,86,[20:15-20:30[,2026-05-14 19:15,1757.266,10160.205,5.782,7984.574,4.544,,,,,1705.26,0.97,2639.794,1.502,-2169.422,-1.235
14/05/2026,2026-05-14,87,[20:30-20:45[,2026-05-14 19:30,1767.341,11499.817,6.507,7978.138,4.514,,,,,890.46,0.504,2623.282,1.484,7.938,0.004
14/05/2026,2026-05-14,88,[20:45-21:00[,2026-05-14 19:45,1783.429,11921.978,6.685,7982.087,4.476,,,,,896.28,0.503,2673.588,1.499,370.023,0.207
14/05/2026,2026-05-14,89,[21:00-21:15[,2026-05-14 20:00,1786.749,9908.353,5.545,8001.147,4.478,,,,,829.122,0.464,2675.728,1.498,-1597.644,-0.894
14/05/2026,2026-05-14,90,[21:15-21:30[,2026-05-14 20:15,1762.39,10323.728,5.858,8008.699,4.544,,,,,854.058,0.485,2637.258,1.496,-1176.287,-0.667
14/05/2026,2026-05-14,91,[21:30-21:45[,2026-05-14 20:30,1733.196,9763.722,5.633,8004.931,4.619,,,,,561.06,0.324,2581.713,1.49,-1383.982,-0.799
14/05/2026,2026-05-14,92,[21:45-22:00[,2026-05-14 20:45,1706.126,10562.829,6.191,8313.968,4.873,,,,,561.06,0.329,2622.269,1.537,-934.468,-0.548
14/05/2026,2026-05-14,93,[22:00-22:15[,2026-05-14 21:00,1672.016,8898.787,5.322,8328.043,4.981,,,,,2837.232,1.697,2675.958,1.6,-4942.447,-2.956
14/05/2026,2026-05-14,94,[22:15-22:30[,2026-05-14 21:15,1631.415,15685.541,9.615,8958.837,5.491,,,,,2962.404,1.816,2671.855,1.638,1092.445,0.67
14/05/2026,2026-05-14,95,[22:30-22:45[,2026-05-14 21:30,1594.901,9930.992,6.227,8957.982,5.617,,,,,1919.304,1.203,2672.295,1.676,-3618.589,-2.269
14/05/2026,2026-05-14,96,[22:45-23:00[,2026-05-14 21:45,1553.403,15985.878,10.291,9454.663,6.086,,,,,1926.258,1.24,2532.424,1.63,2072.534,1.334
15/05/2026,2026-05-15,1,[23:00-23:15[,2026-05-14 22:00,1526.958,11849.765,7.76,9133.084,5.981,,,,,607.4,0.398,2845.898,1.864,-736.617,-0.482
15/05/2026,2026-05-15,2,[23:15-23:30[,2026-05-14 22:15,1483.259,12203.181,8.227,9478.509,6.39,,,,,607.4,0.41,2906.326,1.959,-789.055,-0.532
15/05/2026,2026-05-15,3,[23:30-23:45[,2026-05-14 22:30,1451.25,14130.874,9.737,10170.438,7.008,,,,,607.4,0.419,2890.016,1.991,463.021,0.319
15/05/2026,2026-05-15,4,[23:45-00:00[,2026-05-14 22:45,1404.718,14009.126,9.973,10271.688,7.312,,,,,977.914,0.696,2863.995,2.039,-104.47,-0.074
15/05/2026,2026-05-15,5,[00:00-00:15[,2026-05-14 23:00,1397.254,11986.06,8.578,10281.063,7.358,,,,,655.992,0.469,2686.121,1.922,-1637.115,-1.172
15/05/2026,2026-05-15,6,[00:15-00:30[,2026-05-14 23:15,1377.581,12470.444,9.052,10453.563,7.588,,,,,655.992,0.476,2710.094,1.967,-1349.205,-0.979
15/05/2026,2026-05-15,7,[00:30-00:45[,2026-05-14 23:30,1354.992,13148.487,9.704,10647.625,7.858,,,,,655.992,0.484,2760.666,2.037,-915.796,-0.676
15/05/2026,2026-05-15,8,[00:45-01:00[,2026-05-14 23:45,1327.879,14956.207,11.263,11098.563,8.358,,,,,655.992,0.494,2761.944,2.08,439.709,0.331
15/05/2026,2026-05-15,9,[01:00-01:15[,2026-05-15 00:00,1304.116,12380.25,9.493,10802.313,8.283,,,,,619.12,0.475,2761.28,2.117,-1802.462,-1.382
15/05/2026,2026-05-15,10,[01:15-01:30[,2026-05-15 00:15,1282.637,15447.456,12.044,11103.25,8.657,,,,,817.96,0.638,2682.377,2.091,843.869,0.658
15/05/2026,2026-05-15,11,[01:30-01:45[,2026-05-15 00:30,1272.977,15860.188,12.459,11794.609,9.265,,,,,1029.6,0.809,2715.317,2.133,320.663,0.252
15/05/2026,2026-05-15,12,[01:45-02:00[,2026-05-15 00:45,1233.843,16040.452,13,12189.297,9.879,,,,,1132.56,0.918,2672.747,2.166,45.849,0.037
15/05/2026,2026-05-15,13,[02:00-02:15[,2026-05-15 01:00,1235.545,15772.167,12.765,11926.827,9.653,,,,,1078.64,0.873,2746.906,2.223,19.794,0.016
15/05/2026,2026-05-15,14,[02:15-02:30[,2026-05-15 01:15,1231.871,16018.245,13.003,12700.239,10.31,,,,,1217.64,0.988,2761.577,2.242,-661.21,-0.537
15/05/2026,2026-05-15,15,[02:30-02:45[,2026-05-15 01:30,1209.489,16183.924,13.381,12925.244,10.687,,,,,795.08,0.657,2761.143,2.283,-297.543,-0.246
15/05/2026,2026-05-15,16,[02:45-03:00[,2026-05-15 01:45,1209.248,16765.113,13.864,13616.601,11.26,,,,,950.76,0.786,2719.751,2.249,-521.999,-0.432
15/05/2026,2026-05-15,17,[03:00-03:15[,2026-05-15 02:00,1204.812,15729.361,13.055,13215.873,10.969,,,,,817.32,0.678,2915.338,2.42,-1219.17,-1.012
15/05/2026,2026-05-15,18,[03:15-03:30[,2026-05-15 02:15,1200.959,16995.886,14.152,13301.373,11.076,,,,,995.24,0.829,2921.605,2.433,-222.332,-0.185
15/05/2026,2026-05-15,19,[03:30-03:45[,2026-05-15 02:30,1193.085,17861.161,14.971,13471.568,11.291,,,,,995.24,0.834,2929.872,2.456,464.481,0.389
15/05/2026,2026-05-15,20,[03:45-04:00[,2026-05-15 02:45,1179.62,17945.893,15.213,13604.818,11.533,,,,,995.24,0.844,2862.858,2.427,482.977,0.409
15/05/2026,2026-05-15,21,[04:00-04:15[,2026-05-15 03:00,1187.491,18880.339,15.899,13168.913,11.09,,,,,989.68,0.833,2833.341,2.386,1888.405,1.59
15/05/2026,2026-05-15,22,[04:15-04:30[,2026-05-15 03:15,1156.806,16975.052,14.674,13168.913,11.384,,,,,989.68,0.856,2876.042,2.486,-59.583,-0.052
15/05/2026,2026-05-15,23,[04:30-04:45[,2026-05-15 03:30,1174.933,16382.74,13.944,12700.163,10.809,,,,,834,0.71,2878.801,2.45,-30.224,-0.026
15/05/2026,2026-05-15,24,[04:45-05:00[,2026-05-15 03:45,1182.292,16817.489,14.224,12700.188,10.742,,,,,1134.24,0.959,2929.241,2.478,53.82,0.046
15/05/2026,2026-05-15,25,[05:00-05:15[,2026-05-15 04:00,1192.053,17011.954,14.271,11094.813,9.307,,,,,995.24,0.835,2919.192,2.449,2002.709,1.68
15/05/2026,2026-05-15,26,[05:15-05:30[,2026-05-15 04:15,1184.043,15285.671,12.91,11015.125,9.303,,,,,1006.36,0.85,2966.258,2.505,297.928,0.252
15/05/2026,2026-05-15,27,[05:30-05:45[,2026-05-15 04:30,1209.989,14947.324,12.353,10802.313,8.928,,,,,1023.04,0.845,2965.455,2.451,156.516,0.129
15/05/2026,2026-05-15,28,[05:45-06:00[,2026-05-15 04:45,1218.21,15611.531,12.815,10648.563,8.741,,,,,539.4,0.443,2964.155,2.433,1459.413,1.198
15/05/2026,2026-05-15,29,[06:00-06:15[,2026-05-15 05:00,1245.842,13822.574,11.095,10226.688,8.209,,,,,759.25,0.609,2872.202,2.305,-35.565,-0.029
15/05/2026,2026-05-15,30,[06:15-06:30[,2026-05-15 05:15,1254.558,9170.507,7.31,10204.188,8.134,,,,,1208.726,0.963,2881.441,2.297,-5123.847,-4.084
15/05/2026,2026-05-15,31,[06:30-06:45[,2026-05-15 05:30,1294.261,5658.486,4.372,10271.688,7.936,,,,,1208.726,0.934,2922.422,2.258,-8744.35,-6.756
15/05/2026,2026-05-15,32,[06:45-07:00[,2026-05-15 05:45,1330.093,-140.183,-0.105,10654.188,8.01,,,,,1208.726,0.909,2876.974,2.163,-14880.07,-11.187
15/05/2026,2026-05-15,33,[07:00-07:15[,2026-05-15 06:00,1370.181,14717.729,10.741,10294.188,7.513,,,,,2032.954,1.484,2864.882,2.091,-474.295,-0.346
15/05/2026,2026-05-15,34,[07:15-07:30[,2026-05-15 06:15,1430.828,20290.256,14.181,11361.063,7.94,,,,,5700.64,3.984,2955.216,2.065,273.338,0.191
15/05/2026,2026-05-15,35,[07:30-07:45[,2026-05-15 06:30,1473.895,24330.269,16.507,13456.185,9.13,,,,,8121.28,5.51,2966.042,2.012,-213.237,-0.145
15/05/2026,2026-05-15,36,[07:45-08:00[,2026-05-15 06:45,1499.17,25360.972,16.917,14083.148,9.394,,,,,8311.52,5.544,2965.92,1.978,0.384,0
15/05/2026,2026-05-15,37,[08:00-08:15[,2026-05-15 07:00,1569.759,27191.551,17.322,14145.577,9.011,,,,,9611.44,6.123,2963.736,1.888,470.798,0.3
15/05/2026,2026-05-15,38,[08:15-08:30[,2026-05-15 07:15,1605.346,27919.84,17.392,15278.228,9.517,,,,,9030.4,5.625,2887.501,1.799,723.71,0.451
15/05/2026,2026-05-15,39,[08:30-08:45[,2026-05-15 07:30,1621.792,28065.041,17.305,16259.163,10.025,,,,,8664.66,5.343,2962.165,1.826,179.053,0.11
15/05/2026,2026-05-15,40,[08:45-09:00[,2026-05-15 07:45,1620.92,29011.653,17.898,16689.475,10.296,,,,,8690.68,5.362,2933.557,1.81,697.941,0.431
15/05/2026,2026-05-15,41,[09:00-09:15[,2026-05-15 08:00,1637.587,30059.573,18.356,16595.725,10.134,,,,,10876.8,6.642,2858.856,1.746,-271.808,-0.166
15/05/2026,2026-05-15,42,[09:15-09:30[,2026-05-15 08:15,1638.81,30515.648,18.621,16703.538,10.192,,,,,10962.496,6.689,2823.86,1.723,25.755,0.016
15/05/2026,2026-05-15,43,[09:30-09:45[,2026-05-15 08:30,1602.769,31001.682,19.343,16712.913,10.428,,,,,11094.936,6.922,2728.844,1.703,464.989,0.29
15/05/2026,2026-05-15,44,[09:45-10:00[,2026-05-15 08:45,1613.94,32034.153,19.848,16807.486,10.414,,,,,11029.016,6.834,2700.758,1.673,1496.893,0.927
15/05/2026,2026-05-15,45,[10:00-10:15[,2026-05-15 09:00,1605.482,20131.522,12.539,16817.869,10.475,,,,,373.52,0.233,2677.921,1.668,262.212,0.163
15/05/2026,2026-05-15,46,[10:15-10:30[,2026-05-15 09:15,1587.32,20185.695,12.717,16817.395,10.595,,,,,373.52,0.235,2669.501,1.682,325.28,0.205
15/05/2026,2026-05-15,47,[10:30-10:45[,2026-05-15 09:30,1606.427,20312.893,12.645,16818.629,10.47,,,,,373.52,0.233,2708.035,1.686,412.709,0.257
15/05/2026,2026-05-15,48,[10:45-11:00[,2026-05-15 09:45,1614.117,20173.134,12.498,16818.555,10.42,,,,,373.52,0.231,2663.965,1.65,317.094,0.196
15/05/2026,2026-05-15,49,[11:00-11:15[,2026-05-15 10:00,1614.056,25011.487,15.496,16817.936,10.42,,,,,5332.8,3.304,2615.93,1.621,244.821,0.152
15/05/2026,2026-05-15,50,[11:15-11:30[,2026-05-15 10:15,1603.193,20693.683,12.908,16818.014,10.49,,,,,5130.5,3.2,2603.447,1.624,-3858.277,-2.407
15/05/2026,2026-05-15,51,[11:30-11:45[,2026-05-15 10:30,1593.268,24664.22,15.48,16818.027,10.556,,,,,5256.28,3.299,2534.417,1.591,55.495,0.035
15/05/2026,2026-05-15,52,[11:45-12:00[,2026-05-15 10:45,1583.853,24157.844,15.253,16818.169,10.619,,,,,5248,3.313,2548.54,1.609,-456.865,-0.288
15/05/2026,2026-05-15,53,[12:00-12:15[,2026-05-15 11:00,1575.129,19043.581,12.09,16818.161,10.677,,,,,270.48,0.172,2549.532,1.619,-594.592,-0.377
15/05/2026,2026-05-15,54,[12:15-12:30[,2026-05-15 11:15,1558.097,19409.589,12.457,16818.195,10.794,,,,,328.44,0.211,2714.34,1.742,-451.386,-0.29
15/05/2026,2026-05-15,55,[12:30-12:45[,2026-05-15 11:30,1541.796,19186.689,12.444,16818.544,10.908,,,,,347.76,0.226,2799.751,1.816,-779.365,-0.505
15/05/2026,2026-05-15,56,[12:45-13:00[,2026-05-15 11:45,1491.917,19008.298,12.741,16818.726,11.273,,,,,251.16,0.168,2591.99,1.737,-653.578,-0.438
15/05/2026,2026-05-15,57,[13:00-13:15[,2026-05-15 12:00,1498.391,19083.898,12.736,16818.856,11.225,,,,,244.72,0.163,2574.014,1.718,-553.693,-0.37
15/05/2026,2026-05-15,58,[13:15-13:30[,2026-05-15 12:15,1502.754,19161.971,12.751,16818.874,11.192,,,,,244.72,0.163,2530.686,1.684,-432.309,-0.288
15/05/2026,2026-05-15,59,[13:30-13:45[,2026-05-15 12:30,1496.81,4792.847,3.202,16818.841,11.236,,,,,244.72,0.163,2563.119,1.712,-14833.832,-9.91
15/05/2026,2026-05-15,60,[13:45-14:00[,2026-05-15 12:45,1502.768,20549.459,13.674,16818.981,11.192,,,,,244.72,0.163,2529.203,1.683,956.555,0.637
15/05/2026,2026-05-15,61,[14:00-14:15[,2026-05-15 13:00,1512.306,19887.848,13.151,16819.821,11.122,,,,,244.72,0.162,2407.355,1.592,415.952,0.275
15/05/2026,2026-05-15,62,[14:15-14:30[,2026-05-15 13:15,1499.357,19687.395,13.131,16819.917,11.218,,,,,244.72,0.163,2317.448,1.546,305.31,0.204
15/05/2026,2026-05-15,63,[14:30-14:45[,2026-05-15 13:30,1496.436,24206.849,16.176,16819.903,11.24,,,,,244.72,0.164,2350.127,1.57,4792.1,3.202
15/05/2026,2026-05-15,64,[14:45-15:00[,2026-05-15 13:45,1479.57,20108.942,13.591,16820.039,11.368,,,,,244.72,0.165,2213.359,1.496,830.824,0.562
15/05/2026,2026-05-15,65,[15:00-15:15[,2026-05-15 14:00,1483.968,29887.619,20.14,16819.93,11.334,,,,,10109.208,6.812,2434.575,1.641,523.906,0.353
15/05/2026,2026-05-15,66,[15:15-15:30[,2026-05-15 14:15,1477.693,29808.518,20.172,16819.972,11.383,,,,,10109.208,6.841,2488.805,1.684,390.533,0.264
15/05/2026,2026-05-15,67,[15:30-15:45[,2026-05-15 14:30,1477.948,29778.37,20.148,16819.943,11.381,,,,,10109.208,6.84,2456.969,1.662,392.25,0.265
15/05/2026,2026-05-15,68,[15:45-16:00[,2026-05-15 14:45,1460.216,29733.071,20.362,16819.307,11.518,,,,,10109.208,6.923,2439.629,1.671,364.926,0.25
15/05/2026,2026-05-15,69,[16:00-16:15[,2026-05-15 15:00,1454.762,30478.592,20.951,16819.33,11.562,,,,,11059.776,7.602,2308.354,1.587,291.132,0.2
15/05/2026,2026-05-15,70,[16:15-16:30[,2026-05-15 15:15,1469.049,30423.25,20.709,16819.378,11.449,,,,,11059.776,7.529,2376.289,1.618,167.807,0.114
15/05/2026,2026-05-15,71,[16:30-16:45[,2026-05-15 15:30,1458.34,30886.173,21.179,16819.749,11.533,,,,,11228.576,7.7,2467.073,1.692,370.776,0.254
15/05/2026,2026-05-15,72,[16:45-17:00[,2026-05-15 15:45,1470.069,30551.661,20.782,16818.926,11.441,,,,,11228.576,7.638,2503.864,1.703,0.295,0
15/05/2026,2026-05-15,73,[17:00-17:15[,2026-05-15 16:00,1480.243,30643.895,20.702,16784.967,11.339,,,,,11128.496,7.518,2614.029,1.766,116.404,0.079
15/05/2026,2026-05-15,74,[17:15-17:30[,2026-05-15 16:15,1469.652,30761.28,20.931,16704.475,11.366,,,,,11128.496,7.572,2634.507,1.793,293.802,0.2
15/05/2026,2026-05-15,75,[17:30-17:45[,2026-05-15 16:30,1489.129,32662.87,21.934,16689.475,11.208,,,,,10909.8,7.326,2753.54,1.849,2310.055,1.551
15/05/2026,2026-05-15,76,[17:45-18:00[,2026-05-15 16:45,1513.311,32842.613,21.702,16494.475,10.9,,,,,10850.432,7.17,2736.381,1.808,2761.325,1.825
15/05/2026,2026-05-15,77,[18:00-18:15[,2026-05-15 17:00,1520.008,28046.655,18.452,16755.635,11.023,,,,,11502.3,7.567,2777.917,1.828,-2989.197,-1.967
15/05/2026,2026-05-15,78,[18:15-18:30[,2026-05-15 17:15,1532.696,30246.593,19.734,16569.073,10.81,,,,,11136.6,7.266,2704.761,1.765,-163.841,-0.107
15/05/2026,2026-05-15,79,[18:30-18:45[,2026-05-15 17:30,1551.359,30690.369,19.783,15246.67,9.828,,,,,9535.8,6.147,2777.65,1.79,3130.249,2.018
15/05/2026,2026-05-15,80,[18:45-19:00[,2026-05-15 17:45,1578.61,27277.131,17.279,14584.959,9.239,,,,,7586.988,4.806,2819.458,1.786,2285.726,1.448
15/05/2026,2026-05-15,81,[19:00-19:15[,2026-05-15 18:00,1597.1,22644.496,14.179,14473.745,9.063,,,,,6264.258,3.922,2976.18,1.863,-1069.687,-0.67
15/05/2026,2026-05-15,82,[19:15-19:30[,2026-05-15 18:15,1648.739,19937.199,12.092,12788.658,7.757,,,,,4936.932,2.994,2787.741,1.691,-576.132,-0.349
15/05/2026,2026-05-15,83,[19:30-19:45[,2026-05-15 18:30,1665.468,13524.114,8.12,11324.866,6.8,,,,,1311.984,0.788,2672.233,1.604,-1784.969,-1.072
15/05/2026,2026-05-15,84,[19:45-20:00[,2026-05-15 18:45,1704.757,12248.107,7.185,10494.272,6.156,,,,,1220.874,0.716,2774.911,1.628,-2241.95,-1.315
15/05/2026,2026-05-15,85,[20:00-20:15[,2026-05-15 19:00,1725.086,14231.527,8.25,11046.322,6.403,,,,,1019.854,0.591,2781.383,1.612,-616.032,-0.357
15/05/2026,2026-05-15,86,[20:15-20:30[,2026-05-15 19:15,1720.238,12011.225,6.982,9992.159,5.809,,,,,999.592,0.581,2637.687,1.533,-1618.212,-0.941
15/05/2026,2026-05-15,87,[20:30-20:45[,2026-05-15 19:30,1735.096,11024.871,6.354,9862.594,5.684,,,,,675.4,0.389,2603.131,1.5,-2116.253,-1.22
15/05/2026,2026-05-15,88,[20:45-21:00[,2026-05-15 19:45,1756.515,14360.535,8.176,9955.453,5.668,,,,,675.4,0.385,2635.675,1.501,1094.007,0.623
15/05/2026,2026-05-15,89,[21:00-21:15[,2026-05-15 20:00,1748.37,9646.225,5.517,9604.663,5.493,,,,,675.4,0.386,2593.827,1.484,-3227.665,-1.846
15/05/2026,2026-05-15,90,[21:15-21:30[,2026-05-15 20:15,1741.273,15646.513,8.986,9892.392,5.681,,,,,675.4,0.388,2671.736,1.534,2406.985,1.382
15/05/2026,2026-05-15,91,[21:30-21:45[,2026-05-15 20:30,1717.786,10763.635,6.266,9679.764,5.635,,,,,675.4,0.393,2600.719,1.514,-2192.248,-1.276
15/05/2026,2026-05-15,92,[21:45-22:00[,2026-05-15 20:45,1678.59,13349.84,7.953,9969.524,5.939,,,,,675.4,0.402,2542.409,1.515,162.507,0.097
15/05/2026,2026-05-15,93,[22:00-22:15[,2026-05-15 21:00,1647.171,13086.128,7.945,10014.324,6.08,,,,,1123.178,0.682,2582.564,1.568,-633.938,-0.385
15/05/2026,2026-05-15,94,[22:15-22:30[,2026-05-15 21:15,1621.261,14653.627,9.038,10603.826,6.54,,,,,1123.178,0.693,2631.68,1.623,294.943,0.182
15/05/2026,2026-05-15,95,[22:30-22:45[,2026-05-15 21:30,1587.561,11736.993,7.393,10528.263,6.632,,,,,715.4,0.451,2565.628,1.616,-2072.299,-1.305
15/05/2026,2026-05-15,96,[22:45-23:00[,2026-05-15 21:45,1548.685,14199.228,9.169,10963.463,7.079,,,,,736.862,0.476,2500.434,1.615,-1.531,-0.001
16/05/2026,2026-05-16,1,[23:00-23:15[,2026-05-15 22:00,1535.326,12554.782,8.177,9568.003,6.232,,,,,4087.5,2.662,2798.913,1.823,-3899.634,-2.54
16/05/2026,2026-05-16,2,[23:15-23:30[,2026-05-15 22:15,1500.638,12829.169,8.549,9708.17,6.469,,,,,4087.5,2.724,2759.934,1.839,-3726.436,-2.483
16/05/2026,2026-05-16,3,[23:30-23:45[,2026-05-15 22:30,1465.386,16796.213,11.462,11027.436,7.525,,,,,4257.54,2.905,2773.499,1.893,-1262.262,-0.861
16/05/2026,2026-05-16,4,[23:45-00:00[,2026-05-15 22:45,1416.951,20367.471,14.374,11645.14,8.218,,,,,6375.06,4.499,2751.206,1.942,-403.935,-0.285
16/05/2026,2026-05-16,5,[00:00-00:15[,2026-05-15 23:00,1392.125,10755.541,7.726,10841.959,7.788,,,,,646.256,0.464,2750.2,1.976,-3482.873,-2.502
16/05/2026,2026-05-16,6,[00:15-00:30[,2026-05-15 23:15,1376.438,15213.158,11.053,11186.289,8.127,,,,,652.47,0.474,2768.212,2.011,606.187,0.44
16/05/2026,2026-05-16,7,[00:30-00:45[,2026-05-15 23:30,1339.064,14571.568,10.882,11283.481,8.426,,,,,652.47,0.487,2781.011,2.077,-145.393,-0.109
16/05/2026,2026-05-16,8,[00:45-01:00[,2026-05-15 23:45,1312.127,16287.001,12.413,11437.974,8.717,,,,,658.684,0.502,2693.135,2.052,1497.209,1.141
16/05/2026,2026-05-16,9,[01:00-01:15[,2026-05-16 00:00,1307.172,11843.203,9.06,10741.546,8.217,,,,,541.4,0.414,2797.826,2.14,-2237.569,-1.712
16/05/2026,2026-05-16,10,[01:15-01:30[,2026-05-16 00:15,1270.507,13981.725,11.005,11064.874,8.709,,,,,541.4,0.426,2784.487,2.192,-409.036,-0.322
16/05/2026,2026-05-16,11,[01:30-01:45[,2026-05-16 00:30,1259.745,14864.96,11.8,11266.581,8.944,,,,,541.4,0.43,2790.138,2.215,266.842,0.212
16/05/2026,2026-05-16,12,[01:45-02:00[,2026-05-16 00:45,1245.062,13818.683,11.099,11554.806,9.281,,,,,541.4,0.435,2762.195,2.219,-1039.718,-0.835
16/05/2026,2026-05-16,13,[02:00-02:15[,2026-05-16 01:00,1222.304,13652.765,11.17,10444.95,8.545,,,,,541.4,0.443,2789.519,2.282,-123.104,-0.101
16/05/2026,2026-05-16,14,[02:15-02:30[,2026-05-16 01:15,1212.539,17991.814,14.838,10536.825,8.69,,,,,3747.546,3.091,2787.708,2.299,919.735,0.759
16/05/2026,2026-05-16,15,[02:30-02:45[,2026-05-16 01:30,1202.354,17017.989,14.154,10536.825,8.763,,,,,3811.698,3.17,2788.497,2.319,-119.031,-0.099
16/05/2026,2026-05-16,16,[02:45-03:00[,2026-05-16 01:45,1186.312,16670.507,14.052,10630.575,8.961,,,,,3881.196,3.272,2772.08,2.337,-613.344,-0.517
16/05/2026,2026-05-16,17,[03:00-03:15[,2026-05-16 02:00,1182.831,17816.976,15.063,11541.812,9.758,,,,,3549.744,3.001,2768.996,2.341,-43.575,-0.037
16/05/2026,2026-05-16,18,[03:15-03:30[,2026-05-16 02:15,1165.589,17606.988,15.106,11994.418,10.29,,,,,3736.854,3.206,2776.118,2.382,-900.401,-0.772
16/05/2026,2026-05-16,19,[03:30-03:45[,2026-05-16 02:30,1170.278,17125.562,14.634,12232.046,10.452,,,,,3918.618,3.348,2726.901,2.33,-1752.002,-1.497
16/05/2026,2026-05-16,20,[03:45-04:00[,2026-05-16 02:45,1155.01,16696.041,14.455,12107.111,10.482,,,,,3549.744,3.073,2718.337,2.354,-1679.151,-1.454
16/05/2026,2026-05-16,21,[04:00-04:15[,2026-05-16 03:00,1164.173,14968.946,12.858,12043.637,10.345,,,,,3972.078,3.412,2755.787,2.367,-3802.556,-3.266
16/05/2026,2026-05-16,22,[04:15-04:30[,2026-05-16 03:15,1153.372,16596.854,14.39,12013.316,10.416,,,,,3886.542,3.37,2761.61,2.394,-2064.613,-1.79
16/05/2026,2026-05-16,23,[04:30-04:45[,2026-05-16 03:30,1144.932,17529.944,15.311,11874.063,10.371,,,,,3699.432,3.231,2687.987,2.348,-731.537,-0.639
16/05/2026,2026-05-16,24,[04:45-05:00[,2026-05-16 03:45,1144.778,17842.155,15.586,11093.33,9.69,,,,,3506.976,3.063,2681.449,2.342,560.4,0.49
16/05/2026,2026-05-16,25,[05:00-05:15[,2026-05-16 04:00,1143.029,18370.941,16.072,11118.977,9.728,,,,,3549.744,3.106,2750.082,2.406,952.138,0.833
16/05/2026,2026-05-16,26,[05:15-05:30[,2026-05-16 04:15,1151.811,15980.187,13.874,10851.992,9.422,,,,,3549.744,3.082,2745.541,2.384,-1167.089,-1.013
16/05/2026,2026-05-16,27,[05:30-05:45[,2026-05-16 04:30,1158.503,14899.941,12.861,10740.099,9.271,,,,,3549.744,3.064,2779.16,2.399,-2169.063,-1.872
16/05/2026,2026-05-16,28,[05:45-06:00[,2026-05-16 04:45,1133.882,12584.693,11.099,10630.575,9.375,,,,,3512.322,3.098,2768.447,2.442,-4326.651,-3.816
16/05/2026,2026-05-16,29,[06:00-06:15[,2026-05-16 05:00,1149.474,15496.877,13.482,9885.263,8.6,,,,,4948.35,4.305,2741.753,2.385,-2078.488,-1.808
16/05/2026,2026-05-16,30,[06:15-06:30[,2026-05-16 05:15,1146.874,17862.052,15.575,10503.075,9.158,,,,,4948.35,4.315,2767.109,2.413,-356.482,-0.311
16/05/2026,2026-05-16,31,[06:30-06:45[,2026-05-16 05:30,1137.436,17906.336,15.743,11298.5,9.933,,,,,4633.6,4.074,2766.796,2.432,-792.56,-0.697
16/05/2026,2026-05-16,32,[06:45-07:00[,2026-05-16 05:45,1156.901,19968.473,17.26,13025.934,11.259,,,,,5149.088,4.451,2674.214,2.312,-880.763,-0.761
16/05/2026,2026-05-16,33,[07:00-07:15[,2026-05-16 06:00,1176.994,19511.802,16.578,10163.681,8.635,,,,,6657,5.656,2671.595,2.27,19.526,0.017
16/05/2026,2026-05-16,34,[07:15-07:30[,2026-05-16 06:15,1169,24383.111,20.858,11014.95,9.423,,,,,8863.32,7.582,2671.448,2.285,1833.393,1.568
16/05/2026,2026-05-16,35,[07:30-07:45[,2026-05-16 06:30,1198.682,27246.512,22.73,15311.848,12.774,,,,,9753.38,8.137,2664.361,2.223,-483.076,-0.403
16/05/2026,2026-05-16,36,[07:45-08:00[,2026-05-16 06:45,1210.798,32026.568,26.451,16915.325,13.97,,,,,11437.36,9.446,2660.003,2.197,1013.88,0.837
16/05/2026,2026-05-16,37,[08:00-08:15[,2026-05-16 07:00,1240.087,31708.699,25.57,17027.825,13.731,,,,,11328.12,9.135,2660.036,2.145,692.718,0.559
16/05/2026,2026-05-16,38,[08:15-08:30[,2026-05-16 07:15,1246.436,30420.856,24.406,17151.351,13.76,,,,,10148.256,8.142,2660.608,2.135,460.64,0.37
16/05/2026,2026-05-16,39,[08:30-08:45[,2026-05-16 07:30,1255.462,28233.667,22.489,17152.303,13.662,,,,,9979.456,7.949,2598.556,2.07,-1496.648,-1.192
16/05/2026,2026-05-16,40,[08:45-09:00[,2026-05-16 07:45,1267.743,29039.303,22.906,17156.373,13.533,,,,,9996.336,7.885,2594.975,2.047,-708.381,-0.559
16/05/2026,2026-05-16,41,[09:00-09:15[,2026-05-16 08:00,1283.226,31214.495,24.325,17158.85,13.372,,,,,11332.312,8.831,2558.45,1.994,164.883,0.128
16/05/2026,2026-05-16,42,[09:15-09:30[,2026-05-16 08:15,1290.05,31203.692,24.188,17158.85,13.301,,,,,11367.792,8.812,2524.947,1.957,152.102,0.118
16/05/2026,2026-05-16,43,[09:30-09:45[,2026-05-16 08:30,1290.467,31010.682,24.031,17159.785,13.297,,,,,11391.95,8.828,2492.477,1.931,-33.53,-0.026
16/05/2026,2026-05-16,44,[09:45-10:00[,2026-05-16 08:45,1282.996,30456.052,23.738,17159.674,13.375,,,,,11427.45,8.907,2461.603,1.919,-592.675,-0.462
16/05/2026,2026-05-16,45,[10:00-10:15[,2026-05-16 09:00,1283.089,18652.238,14.537,17158.553,13.373,,,,,597.84,0.466,2417.09,1.884,-1521.245,-1.186
16/05/2026,2026-05-16,46,[10:15-10:30[,2026-05-16 09:15,1281.926,19441.679,15.166,17157.612,13.384,,,,,559.68,0.437,2394.142,1.868,-669.755,-0.522
16/05/2026,2026-05-16,47,[10:30-10:45[,2026-05-16 09:30,1284.51,19501.931,15.182,17157.612,13.357,,,,,610.56,0.475,2358.105,1.836,-624.346,-0.486
16/05/2026,2026-05-16,48,[10:45-11:00[,2026-05-16 09:45,1258.524,19369.579,15.391,17158.555,13.634,,,,,680.52,0.541,2229.894,1.772,-699.391,-0.556
16/05/2026,2026-05-16,49,[11:00-11:15[,2026-05-16 10:00,1269.228,17250.505,13.591,17158.519,13.519,,,,,648.72,0.511,2271.174,1.789,-2827.907,-2.228
16/05/2026,2026-05-16,50,[11:15-11:30[,2026-05-16 10:15,1290.283,19577.919,15.173,17158.513,13.298,,,,,559.68,0.434,2267.04,1.757,-407.313,-0.316
16/05/2026,2026-05-16,51,[11:30-11:45[,2026-05-16 10:30,1293.661,24721.256,19.11,17158.48,13.264,,,,,5641.32,4.361,2244.798,1.735,-323.342,-0.25
16/05/2026,2026-05-16,52,[11:45-12:00[,2026-05-16 10:45,1290.341,22704.7,17.596,17158.47,13.298,,,,,5641.32,4.372,2232.225,1.73,-2327.316,-1.804
16/05/2026,2026-05-16,53,[12:00-12:15[,2026-05-16 11:00,1292.881,17727.623,13.712,17158.424,13.271,,,,,730.84,0.565,2103.415,1.627,-2265.056,-1.752
16/05/2026,2026-05-16,54,[12:15-12:30[,2026-05-16 11:15,1291.175,17966.008,13.914,17158.42,13.289,,,,,525.48,0.407,2100.427,1.627,-1818.319,-1.408
16/05/2026,2026-05-16,55,[12:30-12:45[,2026-05-16 11:30,1286.723,18999.907,14.766,17157.344,13.334,,,,,640.24,0.498,2097.915,1.63,-895.593,-0.696
16/05/2026,2026-05-16,56,[12:45-13:00[,2026-05-16 11:45,1276.912,19246.472,15.073,17157.371,13.437,,,,,525.48,0.412,2105.536,1.649,-541.915,-0.424
16/05/2026,2026-05-16,57,[13:00-13:15[,2026-05-16 12:00,1255.334,18633.993,14.844,17157.411,13.668,,,,,525.48,0.419,2082.685,1.659,-1131.583,-0.901
16/05/2026,2026-05-16,58,[13:15-13:30[,2026-05-16 12:15,1235.981,19330.307,15.64,17193.356,13.911,,,,,628.16,0.508,2079.696,1.683,-570.904,-0.462
16/05/2026,2026-05-16,59,[13:30-13:45[,2026-05-16 12:30,1204.869,18644.422,15.474,17211.77,14.285,,,,,525.48,0.436,2067.141,1.716,-1159.969,-0.963
16/05/2026,2026-05-16,60,[13:45-14:00[,2026-05-16 12:45,1203.116,18143.614,15.081,17231.984,14.323,,,,,525.48,0.437,2077.296,1.727,-1691.145,-1.406
16/05/2026,2026-05-16,61,[14:00-14:15[,2026-05-16 13:00,1178.784,18837.743,15.981,17234.926,14.621,,,,,658.36,0.559,2085.174,1.769,-1140.717,-0.968
16/05/2026,2026-05-16,62,[14:15-14:30[,2026-05-16 13:15,1176.286,18724.536,15.918,17234.883,14.652,,,,,525.48,0.447,2031.733,1.727,-1067.561,-0.908
16/05/2026,2026-05-16,63,[14:30-14:45[,2026-05-16 13:30,1184.5,18879.55,15.939,17234.841,14.55,,,,,658.36,0.556,2063.07,1.742,-1076.721,-0.909
16/05/2026,2026-05-16,64,[14:45-15:00[,2026-05-16 13:45,1168.662,18833.471,16.115,17242.207,14.754,,,,,561.72,0.481,2082.786,1.782,-1053.241,-0.901
16/05/2026,2026-05-16,65,[15:00-15:15[,2026-05-16 14:00,1164.184,28585.266,24.554,17251.915,14.819,,,,,10350.816,8.891,2086.007,1.792,-1103.471,-0.948
16/05/2026,2026-05-16,66,[15:15-15:30[,2026-05-16 14:15,1170.965,28833.424,24.624,17252.232,14.733,,,,,10344.684,8.834,2099.228,1.793,-862.72,-0.737
16/05/2026,2026-05-16,67,[15:30-15:45[,2026-05-16 14:30,1148.224,28944.794,25.208,17235.403,15.01,,,,,10350.816,9.015,2110.2,1.838,-751.625,-0.655
16/05/2026,2026-05-16,68,[15:45-16:00[,2026-05-16 14:45,1159.789,28992.913,24.998,17235.403,14.861,,,,,10350.816,8.925,2123.497,1.831,-716.803,-0.618
16/05/2026,2026-05-16,69,[16:00-16:15[,2026-05-16 15:00,1172.231,29738.279,25.369,17228.859,14.697,,,,,11332.344,9.667,2141.644,1.827,-964.567,-0.823
16/05/2026,2026-05-16,70,[16:15-16:30[,2026-05-16 15:15,1151.734,29712.474,25.798,17195.2,14.93,,,,,11332.344,9.839,2166.499,1.881,-981.569,-0.852
16/05/2026,2026-05-16,71,[16:30-16:45[,2026-05-16 15:30,1165.111,30360.616,26.058,17160.606,14.729,,,,,11522.576,9.89,2137.506,1.835,-460.072,-0.395
16/05/2026,2026-05-16,72,[16:45-17:00[,2026-05-16 15:45,1165.664,30375.796,26.059,17159.672,14.721,,,,,11498.268,9.864,2182.345,1.872,-464.489,-0.398
16/05/2026,2026-05-16,73,[17:00-17:15[,2026-05-16 16:00,1173.183,30449.665,25.955,17151.693,14.62,,,,,11332.564,9.66,2276.481,1.94,-311.073,-0.265
16/05/2026,2026-05-16,74,[17:15-17:30[,2026-05-16 16:15,1189.926,30183.147,25.366,17150.838,14.413,,,,,11297.304,9.494,2202.656,1.851,-467.651,-0.393
16/05/2026,2026-05-16,75,[17:30-17:45[,2026-05-16 16:30,1206.033,31452.153,26.079,17149.983,14.22,,,,,11262.044,9.338,2263.451,1.877,776.676,0.644
16/05/2026,2026-05-16,76,[17:45-18:00[,2026-05-16 16:45,1233.627,30614.233,24.816,17042.825,13.815,,,,,11627.696,9.426,2322.552,1.883,-378.84,-0.307
16/05/2026,2026-05-16,77,[18:00-18:15[,2026-05-16 17:00,1261.495,32110.342,25.454,17108.7,13.562,,,,,13122.788,10.403,2389.258,1.894,-510.404,-0.405
16/05/2026,2026-05-16,78,[18:15-18:30[,2026-05-16 17:15,1285.418,29905.458,23.265,16190.359,12.595,,,,,11279.16,8.775,2497.342,1.943,-61.402,-0.048
16/05/2026,2026-05-16,79,[18:30-18:45[,2026-05-16 17:30,1336.022,29014.962,21.717,14336.382,10.731,,,,,9855.304,7.377,2527.534,1.892,2295.742,1.718
16/05/2026,2026-05-16,80,[18:45-19:00[,2026-05-16 17:45,1359.248,27684.679,20.368,12153.284,8.941,,,,,6967.488,5.126,2533.523,1.864,6030.384,4.437
16/05/2026,2026-05-16,81,[19:00-19:15[,2026-05-16 18:00,1396.608,34209.447,24.495,13246.969,9.485,,,,,6237.984,4.467,2570.182,1.84,12154.312,8.703
16/05/2026,2026-05-16,82,[19:15-19:30[,2026-05-16 18:15,1422.941,24710.592,17.366,11392.517,8.006,,,,,4475.208,3.145,2571.981,1.808,6270.885,4.407
16/05/2026,2026-05-16,83,[19:30-19:45[,2026-05-16 18:30,1459.817,14009.134,9.596,10254.338,7.024,,,,,582,0.399,2571.696,1.762,601.1,0.412
16/05/2026,2026-05-16,84,[19:45-20:00[,2026-05-16 18:45,1506.673,12338.993,8.19,9222.371,6.121,,,,,582,0.386,2571.408,1.707,-36.786,-0.024
16/05/2026,2026-05-16,85,[20:00-20:15[,2026-05-16 19:00,1519.478,10908.445,7.179,9134.333,6.011,,,,,582,0.383,2569.362,1.691,-1377.25,-0.906
16/05/2026,2026-05-16,86,[20:15-20:30[,2026-05-16 19:15,1518.483,9627.51,6.34,8809.657,5.802,,,,,582,0.383,2432.387,1.602,-2196.533,-1.447
16/05/2026,2026-05-16,87,[20:30-20:45[,2026-05-16 19:30,1522.557,9437.036,6.198,8315.176,5.461,,,,,582,0.382,2434.038,1.599,-1894.178,-1.244
16/05/2026,2026-05-16,88,[20:45-21:00[,2026-05-16 19:45,1524.762,9837.179,6.452,8918.316,5.849,,,,,582,0.382,2401.955,1.575,-2065.092,-1.354
16/05/2026,2026-05-16,89,[21:00-21:15[,2026-05-16 20:00,1538.587,9722.08,6.319,7955.754,5.171,,,,,621.4,0.404,2379.11,1.546,-1234.184,-0.802
16/05/2026,2026-05-16,90,[21:15-21:30[,2026-05-16 20:15,1529.66,7206.281,4.711,8238.317,5.386,,,,,621.4,0.406,2326.404,1.521,-3979.84,-2.602
16/05/2026,2026-05-16,91,[21:30-21:45[,2026-05-16 20:30,1495.824,10439.394,6.979,7890.132,5.275,,,,,621.4,0.415,2342.444,1.566,-414.582,-0.277
16/05/2026,2026-05-16,92,[21:45-22:00[,2026-05-16 20:45,1473.003,10928.281,7.419,8173.57,5.549,,,,,621.4,0.422,2340.793,1.589,-207.481,-0.141
16/05/2026,2026-05-16,93,[22:00-22:15[,2026-05-16 21:00,1455.335,11037.507,7.584,8400.445,5.772,,,,,701.4,0.482,2331.349,1.602,-395.686,-0.272
16/05/2026,2026-05-16,94,[22:15-22:30[,2026-05-16 21:15,1436.078,9438.932,6.573,9011.07,6.275,,,,,701.4,0.488,2567.774,1.788,-2841.311,-1.979
16/05/2026,2026-05-16,95,[22:30-22:45[,2026-05-16 21:30,1418.728,5851.252,4.124,8917.32,6.285,,,,,701.4,0.494,2556.024,1.802,-6323.492,-4.457
16/05/2026,2026-05-16,96,[22:45-23:00[,2026-05-16 21:45,1404.115,11541.382,8.22,9481.091,6.752,,,,,701.4,0.5,2562.335,1.825,-1203.444,-0.857
17/05/2026,2026-05-17,1,[23:00-23:15[,2026-05-16 22:00,1368.726,11714.185,8.558,8424.128,6.155,,,,,621,0.454,2534.407,1.852,134.651,0.098
17/05/2026,2026-05-17,2,[23:15-23:30[,2026-05-16 22:15,1345.02,12201.914,9.072,8587.253,6.384,,,,,621,0.462,2542.457,1.89,451.205,0.335
17/05/2026,2026-05-17,3,[23:30-23:45[,2026-05-16 22:30,1313.052,16794.466,12.79,9257.565,7.05,,,,,863.19,0.657,2543.877,1.937,4129.835,3.145
17/05/2026,2026-05-17,4,[23:45-00:00[,2026-05-16 22:45,1288.723,16652.944,12.922,9276.51,7.198,,,,,987.39,0.766,2536.227,1.968,3852.817,2.99
17/05/2026,2026-05-17,5,[00:00-00:15[,2026-05-16 23:00,1266.581,10829.827,8.55,9081.173,7.17,,,1178.587,0.931,621,0.49,2532.62,2,-2583.552,-2.04
17/05/2026,2026-05-17,6,[00:15-00:30[,2026-05-16 23:15,1233.705,9254.638,7.502,9340.86,7.571,,,,,621,0.503,2475.512,2.007,-3182.734,-2.58
17/05/2026,2026-05-17,7,[00:30-00:45[,2026-05-16 23:30,1211.632,11377.474,9.39,9512.423,7.851,,,,,1018.44,0.841,2476.344,2.044,-1629.732,-1.345
17/05/2026,2026-05-17,8,[00:45-01:00[,2026-05-16 23:45,1200.96,12892.235,10.735,9771.173,8.136,,,,,1136.43,0.946,2474.333,2.06,-489.7,-0.408
17/05/2026,2026-05-17,9,[01:00-01:15[,2026-05-17 00:00,1176.372,13839.37,11.764,9771.173,8.306,,,,,692.48,0.589,2472.649,2.102,903.068,0.768
17/05/2026,2026-05-17,10,[01:15-01:30[,2026-05-17 00:15,1158.628,13291.721,11.472,10273.22,8.867,,,,,541,0.467,2467.643,2.13,9.859,0.009
17/05/2026,2026-05-17,11,[01:30-01:45[,2026-05-17 00:30,1138.672,17393.399,15.275,10659.47,9.361,,,,,3907.926,3.432,2472.547,2.171,353.455,0.31
17/05/2026,2026-05-17,12,[01:45-02:00[,2026-05-17 00:45,1121.595,19883.552,17.728,11166.838,9.956,,,,,4201.956,3.746,2486.306,2.217,2028.453,1.809
17/05/2026,2026-05-17,13,[02:00-02:15[,2026-05-17 01:00,1118.974,14084.998,12.587,11149.22,9.964,,,,,1701.9,1.521,2489.643,2.225,-1255.765,-1.122
17/05/2026,2026-05-17,14,[02:15-02:30[,2026-05-17 01:15,1081.835,14791.13,13.672,11658.35,10.776,,,,,909.54,0.841,2498.198,2.309,-274.958,-0.254
17/05/2026,2026-05-17,15,[02:30-02:45[,2026-05-17 01:30,1092.906,13945.147,12.76,11355.1,10.39,,,,,909.54,0.832,2499.868,2.287,-819.361,-0.75
17/05/2026,2026-05-17,16,[02:45-03:00[,2026-05-17 01:45,1068.622,13226.959,12.378,11975.975,11.207,,,,,903.96,0.846,2522.69,2.361,-2175.667,-2.036
17/05/2026,2026-05-17,17,[03:00-03:15[,2026-05-17 02:00,1076.066,14302.669,13.292,11055.395,10.274,,,,,476.9,0.443,2530.204,2.351,240.17,0.223
17/05/2026,2026-05-17,18,[03:15-03:30[,2026-05-17 02:15,1069.082,15051.662,14.079,11168.85,10.447,,,,,1184.72,1.108,2529.709,2.366,168.383,0.158
17/05/2026,2026-05-17,19,[03:30-03:45[,2026-05-17 02:30,1051.56,14600.98,13.885,11204.725,10.655,,,,,461.84,0.439,2530.51,2.406,403.905,0.384
17/05/2026,2026-05-17,20,[03:45-04:00[,2026-05-17 02:45,1055.668,14013.204,13.274,10997.39,10.417,,,,,461.84,0.437,2522.384,2.389,31.59,0.03
17/05/2026,2026-05-17,21,[04:00-04:15[,2026-05-17 03:00,1051.485,15416.221,14.661,11135.663,10.59,,,,,911.26,0.867,2529.363,2.406,839.935,0.799
17/05/2026,2026-05-17,22,[04:15-04:30[,2026-05-17 03:15,1048.734,13558.82,12.929,10940.015,10.432,,,,,911.26,0.869,2530.657,2.413,-823.112,-0.785
17/05/2026,2026-05-17,23,[04:30-04:45[,2026-05-17 03:30,1047.78,15526.77,14.819,11170.1,10.661,,,,,928.24,0.886,2529.682,2.414,898.748,0.858
17/05/2026,2026-05-17,24,[04:45-05:00[,2026-05-17 03:45,1044.859,14396.468,13.778,10911.145,10.443,,,,,928.24,0.888,2529.68,2.421,27.403,0.026
17/05/2026,2026-05-17,25,[05:00-05:15[,2026-05-17 04:00,1041.609,15798.441,15.167,11386.913,10.932,,,,,931.52,0.894,2527.572,2.427,952.437,0.914
17/05/2026,2026-05-17,26,[05:15-05:30[,2026-05-17 04:15,1042.791,15416.293,14.784,11370.288,10.904,,,,,931.52,0.893,2523.826,2.42,590.66,0.566
17/05/2026,2026-05-17,27,[05:30-05:45[,2026-05-17 04:30,1054.326,16042.683,15.216,11286.85,10.705,,,,,2107.28,1.999,2486.234,2.358,162.319,0.154
17/05/2026,2026-05-17,28,[05:45-06:00[,2026-05-17 04:45,1039.318,14488.728,13.941,11264.6,10.838,,,,,925.84,0.891,2400.677,2.31,-102.39,-0.099
17/05/2026,2026-05-17,29,[06:00-06:15[,2026-05-17 05:00,1038.114,17952.962,17.294,10919.218,10.518,,,,,5411.088,5.212,2379.57,2.292,-756.913,-0.729
17/05/2026,2026-05-17,30,[06:15-06:30[,2026-05-17 05:15,1033.838,19047.088,18.424,11601.4,11.222,,,,,5802.456,5.613,2356.526,2.279,-713.294,-0.69
17/05/2026,2026-05-17,31,[06:30-06:45[,2026-05-17 05:30,1018.2,21349.353,20.968,12762.113,12.534,,,,,6365.408,6.252,2357.177,2.315,-135.345,-0.133
17/05/2026,2026-05-17,32,[06:45-07:00[,2026-05-17 05:45,1030.38,24713.096,23.984,13461.55,13.065,,,,,7083.616,6.875,2357.827,2.288,1810.103,1.757
17/05/2026,2026-05-17,33,[07:00-07:15[,2026-05-17 06:00,1048.862,20335.454,19.388,11485.725,10.951,,,,,6723.82,6.411,2357.666,2.248,-231.757,-0.221
17/05/2026,2026-05-17,34,[07:15-07:30[,2026-05-17 06:15,1038.525,23512.035,22.64,13806.283,13.294,,,,,8577.38,8.259,2357.018,2.27,-1228.646,-1.183
17/05/2026,2026-05-17,35,[07:30-07:45[,2026-05-17 06:30,1062.657,29337.827,27.608,15626.409,14.705,,,,,10960.84,10.315,2357.831,2.219,392.746,0.37
17/05/2026,2026-05-17,36,[07:45-08:00[,2026-05-17 06:45,1082.562,34341.678,31.723,17146.913,15.839,,,,,13787.18,12.736,2357.185,2.177,1050.4,0.97
17/05/2026,2026-05-17,37,[08:00-08:15[,2026-05-17 07:00,1076.187,26862.45,24.961,15733.161,14.619,,,,,10196.64,9.475,2347.784,2.182,-1415.135,-1.315
17/05/2026,2026-05-17,38,[08:15-08:30[,2026-05-17 07:15,1096.043,31246.033,28.508,16808.475,15.336,,,,,12044.78,10.989,2346.02,2.14,46.758,0.043
17/05/2026,2026-05-17,39,[08:30-08:45[,2026-05-17 07:30,1101.951,33795.745,30.669,17100.038,15.518,,,,,12181.98,11.055,2299.961,2.087,2213.766,2.009
17/05/2026,2026-05-17,40,[08:45-09:00[,2026-05-17 07:45,1113.83,32223.619,28.93,17332.538,15.561,,,,,12473.02,11.198,2320.253,2.083,97.808,0.088
17/05/2026,2026-05-17,41,[09:00-09:15[,2026-05-17 08:00,1133.031,32696.557,28.858,17193.788,15.175,,,,,13894.4,12.263,2273.136,2.006,-664.767,-0.587
17/05/2026,2026-05-17,42,[09:15-09:30[,2026-05-17 08:15,1151.689,33502.09,29.09,17301.6,15.023,,,,,14041.6,12.192,2199.4,1.91,-40.511,-0.035
17/05/2026,2026-05-17,43,[09:30-09:45[,2026-05-17 08:30,1158.157,33061.426,28.547,17332.538,14.966,,,,,13478.92,11.638,2173.619,1.877,76.35,0.066
17/05/2026,2026-05-17,44,[09:45-10:00[,2026-05-17 08:45,1171.625,33080.57,28.235,17429.006,14.876,,,,,13557.5,11.572,2150.851,1.836,-56.788,-0.048
17/05/2026,2026-05-17,45,[10:00-10:15[,2026-05-17 09:00,1200.602,30441.04,25.355,17430.15,14.518,,,,,10775.496,8.975,2104.625,1.753,130.77,0.109
17/05/2026,2026-05-17,46,[10:15-10:30[,2026-05-17 09:15,1197.197,30339.236,25.342,17430.186,14.559,,,,,10852.698,9.065,2089.475,1.745,-33.123,-0.028
17/05/2026,2026-05-17,47,[10:30-10:45[,2026-05-17 09:30,1212.534,31125.988,25.67,17430.253,14.375,,,,,11681.01,9.634,2124.033,1.752,-109.308,-0.09
17/05/2026,2026-05-17,48,[10:45-11:00[,2026-05-17 09:45,1229.048,31508.281,25.636,17430.352,14.182,,,,,11781.28,9.586,2083.686,1.695,212.963,0.173
17/05/2026,2026-05-17,49,[11:00-11:15[,2026-05-17 10:00,1220.028,32166.925,26.366,17430.39,14.287,,,,,12701.01,10.41,1994.472,1.635,41.053,0.034
17/05/2026,2026-05-17,50,[11:15-11:30[,2026-05-17 10:15,1239.314,31559.587,25.465,17430.361,14.065,,,,,12003.45,9.686,1993.031,1.608,132.746,0.107
17/05/2026,2026-05-17,51,[11:30-11:45[,2026-05-17 10:30,1253.53,30395.842,24.248,17430.236,13.905,,,,,10957.758,8.742,1959.006,1.563,48.843,0.039
17/05/2026,2026-05-17,52,[11:45-12:00[,2026-05-17 10:45,1245.235,30395.624,24.41,17430.18,13.998,,,,,10957.758,8.8,1964.31,1.577,43.376,0.035
17/05/2026,2026-05-17,53,[12:00-12:15[,2026-05-17 11:00,1262.696,29385.269,23.272,17430.601,13.804,,,,,9793.732,7.756,1935.132,1.533,225.804,0.179
17/05/2026,2026-05-17,54,[12:15-12:30[,2026-05-17 11:15,1267.508,29196.101,23.034,17430.475,13.752,,,,,9770.004,7.708,1969.359,1.554,26.263,0.021
17/05/2026,2026-05-17,55,[12:30-12:45[,2026-05-17 11:30,1252.524,29461.753,23.522,17430.813,13.917,,,,,9793.732,7.819,2035.096,1.625,202.113,0.161
17/05/2026,2026-05-17,56,[12:45-13:00[,2026-05-17 11:45,1255.116,29487.632,23.494,17431.069,13.888,,,,,9793.732,7.803,1989.903,1.585,272.927,0.217
17/05/2026,2026-05-17,57,[13:00-13:15[,2026-05-17 12:00,1233.947,30254.608,24.519,17431.427,14.127,,,,,9853.052,7.985,2055.314,1.666,914.815,0.741
17/05/2026,2026-05-17,58,[13:15-13:30[,2026-05-17 12:15,1187.863,30233.836,25.452,17431.573,14.675,,,,,10539.214,8.872,2048.747,1.725,214.302,0.18
17/05/2026,2026-05-17,59,[13:30-13:45[,2026-05-17 12:30,1185.319,28472.497,24.021,17431.873,14.706,,,,,10415.524,8.787,2063.141,1.741,-1438.041,-1.213
17/05/2026,2026-05-17,60,[13:45-14:00[,2026-05-17 12:45,1159.289,28545.43,24.623,17432.032,15.037,,,,,10438.956,9.005,2096.699,1.809,-1422.257,-1.227
17/05/2026,2026-05-17,61,[14:00-14:15[,2026-05-17 13:00,1143.676,29175,25.51,17431.873,15.242,,,,,9506.664,8.312,2115.183,1.849,121.28,0.106
17/05/2026,2026-05-17,62,[14:15-14:30[,2026-05-17 13:15,1109.66,29123.975,26.246,17432.009,15.709,,,,,9506.664,8.567,2165.122,1.951,20.179,0.018
17/05/2026,2026-05-17,63,[14:30-14:45[,2026-05-17 13:30,1112.591,29812.389,26.795,17432.915,15.669,,,,,9529.272,8.565,2133.576,1.918,716.627,0.644
17/05/2026,2026-05-17,64,[14:45-15:00[,2026-05-17 13:45,1109.201,30146.352,27.178,17433.084,15.717,,,,,9529.272,8.591,2154.999,1.943,1028.998,0.928
17/05/2026,2026-05-17,65,[15:00-15:15[,2026-05-17 14:00,1100.851,29704.12,26.983,17432,15.835,,,,,11237.76,10.208,2160.897,1.963,-1126.536,-1.023
17/05/2026,2026-05-17,66,[15:15-15:30[,2026-05-17 14:15,1087.615,27888.602,25.642,17432.036,16.028,,,,,11237.76,10.332,2181.952,2.006,-2963.146,-2.724
17/05/2026,2026-05-17,67,[15:30-15:45[,2026-05-17 14:30,1090.596,31227.664,28.634,17432.032,15.984,,,,,11237.76,10.304,2191.353,2.009,366.519,0.336
17/05/2026,2026-05-17,68,[15:45-16:00[,2026-05-17 14:45,1068.588,-13476.845,-12.612,17432.174,16.313,,,,,11237.76,10.516,2203.188,2.062,-44349.968,-41.503
17/05/2026,2026-05-17,69,[16:00-16:15[,2026-05-17 15:00,1070.946,32690.879,30.525,17431.767,16.277,,,,,13430,12.54,2187.324,2.042,-358.213,-0.334
17/05/2026,2026-05-17,70,[16:15-16:30[,2026-05-17 15:15,1080.408,32110.86,29.721,17432.698,16.135,,,,,13408.75,12.411,2232.712,2.067,-963.3,-0.892
17/05/2026,2026-05-17,71,[16:30-16:45[,2026-05-17 15:30,1094.917,31326.284,28.611,17432.044,15.921,,,,,12567.36,11.478,2219.943,2.027,-893.063,-0.816
17/05/2026,2026-05-17,72,[16:45-17:00[,2026-05-17 15:45,1095.274,31747.156,28.986,17431.333,15.915,,,,,12546.69,11.455,2251.741,2.056,-482.607,-0.441
17/05/2026,2026-05-17,73,[17:00-17:15[,2026-05-17 16:00,1118.105,33160.766,29.658,17431.734,15.59,,,,,13578.75,12.144,2295.215,2.053,-144.934,-0.13
17/05/2026,2026-05-17,74,[17:15-17:30[,2026-05-17 16:15,1146.989,33661.403,29.348,17301.6,15.084,,,,,14392.64,12.548,2319.898,2.023,-352.735,-0.308
17/05/2026,2026-05-17,75,[17:30-17:45[,2026-05-17 16:30,1150.53,33681.853,29.275,17239.725,14.984,,,,,14307.36,12.435,2351.865,2.044,-217.097,-0.189
17/05/2026,2026-05-17,76,[17:45-18:00[,2026-05-17 16:45,1178.833,31581.749,26.791,16817.85,14.267,,,,,13743.2,11.658,2376.73,2.016,-1356.031,-1.15
17/05/2026,2026-05-17,77,[18:00-18:15[,2026-05-17 17:00,1217.383,35571.489,29.22,17333.475,14.238,,,,,14256,11.71,2433.728,1.999,1548.285,1.272
17/05/2026,2026-05-17,78,[18:15-18:30[,2026-05-17 17:15,1227.33,29485.756,24.024,15715.288,12.804,,,,,11899.32,9.695,2456.314,2.001,-585.165,-0.477
17/05/2026,2026-05-17,79,[18:30-18:45[,2026-05-17 17:30,1279.506,25463.245,19.901,13794.913,10.781,,,,,8946.888,6.992,2454.66,1.918,266.785,0.209
17/05/2026,2026-05-17,80,[18:45-19:00[,2026-05-17 17:45,1311.682,20729.629,15.804,11995.449,9.145,,,,,5984.386,4.562,2448.224,1.866,301.57,0.23
17/05/2026,2026-05-17,81,[19:00-19:15[,2026-05-17 18:00,1325.283,17499.782,13.205,12677.155,9.566,,,,,4674.144,3.527,2452.788,1.851,-2304.305,-1.739
17/05/2026,2026-05-17,82,[19:15-19:30[,2026-05-17 18:15,1369.956,16401.132,11.972,10898.671,7.955,,,,,3369.6,2.46,2420.285,1.767,-287.424,-0.21
17/05/2026,2026-05-17,83,[19:30-19:45[,2026-05-17 18:30,1406.418,11022.565,7.837,9699.354,6.896,,,,,2044.8,1.454,2417.532,1.719,-3139.121,-2.232
17/05/2026,2026-05-17,84,[19:45-20:00[,2026-05-17 18:45,1447.229,10716.123,7.405,8631.767,5.964,,,,,2044.8,1.413,2403.14,1.661,-2363.584,-1.633
17/05/2026,2026-05-17,85,[20:00-20:15[,2026-05-17 19:00,1476.739,10799.335,7.313,8578.405,5.809,,,,,1119.87,0.758,2402.99,1.627,-1301.93,-0.882
17/05/2026,2026-05-17,86,[20:15-20:30[,2026-05-17 19:15,1471.012,12150.567,8.26,8100.809,5.507,,,,,724.94,0.493,2279.117,1.549,1045.701,0.711
17/05/2026,2026-05-17,87,[20:30-20:45[,2026-05-17 19:30,1489.12,11311.447,7.596,7836.201,5.262,,,,,546.41,0.367,2275.645,1.528,653.19,0.439
17/05/2026,2026-05-17,88,[20:45-21:00[,2026-05-17 19:45,1511.101,13313.712,8.811,8008.286,5.3,,,-86.944,-0.058,541,0.358,2256.864,1.494,2594.506,1.717
17/05/2026,2026-05-17,89,[21:00-21:15[,2026-05-17 20:00,1536.575,10200.879,6.639,7635.425,4.969,,,,,825.93,0.538,2327.518,1.515,-587.994,-0.383
17/05/2026,2026-05-17,90,[21:15-21:30[,2026-05-17 20:15,1544.074,7711.673,4.994,7729.175,5.006,,,,,850.77,0.551,2258.722,1.463,-3126.994,-2.025
17/05/2026,2026-05-17,91,[21:30-21:45[,2026-05-17 20:30,1526.985,8089.943,5.298,7572.613,4.959,,,,,942.48,0.617,2251.773,1.475,-2676.923,-1.753
17/05/2026,2026-05-17,92,[21:45-22:00[,2026-05-17 20:45,1504.56,7999.041,5.317,7977.53,5.302,,,,,689.31,0.458,2243.129,1.491,-2910.928,-1.935
17/05/2026,2026-05-17,93,[22:00-22:15[,2026-05-17 21:00,1470.963,7660.939,5.208,7977.626,5.423,,,,,1559.52,1.06,2268.987,1.543,-4145.195,-2.818
17/05/2026,2026-05-17,94,[22:15-22:30[,2026-05-17 21:15,1477.23,14055.246,9.515,8671.625,5.87,,,,,2527,1.711,2501.865,1.694,354.756,0.24
17/05/2026,2026-05-17,95,[22:30-22:45[,2026-05-17 21:30,1450.626,13936.746,9.607,8757.25,6.037,,,,,2649.74,1.827,2507.883,1.729,21.873,0.015
17/05/2026,2026-05-17,96,[22:45-23:00[,2026-05-17 21:45,1406.321,21595.094,15.356,9515.913,6.767,,,33.428,0.024,3602.78,2.562,2515.689,1.789,5927.285,4.215
18/05/2026,2026-05-18,1,[23:00-23:15[,2026-05-17 22:00,1373.396,17954.813,13.073,,,16980.688,12.364,,,3939.6,2.869,2360.25,1.719,-5325.724,-3.878
18/05/2026,2026-05-18,2,[23:15-23:30[,2026-05-17 22:15,1351.601,14261.812,10.552,,,16980.688,12.563,,,4174.53,3.089,2360.25,1.746,-9253.655,-6.846
18/05/2026,2026-05-18,3,[23:30-23:45[,2026-05-17 22:30,1299.032,18858.209,14.517,,,16980.688,13.072,,,4869.15,3.748,2360.25,1.817,-5351.878,-4.12
18/05/2026,2026-05-18,4,[23:45-00:00[,2026-05-17 22:45,1290.25,20258.588,15.701,,,16980.688,13.161,,,5025.78,3.895,2360.25,1.829,-4108.13,-3.184
18/05/2026,2026-05-18,5,[00:00-00:15[,2026-05-17 23:00,1268.062,23130.814,18.241,,,16980.688,13.391,,,4479.84,3.533,2627.745,2.072,-957.459,-0.755
18/05/2026,2026-05-18,6,[00:15-00:30[,2026-05-17 23:15,1251.95,24186.109,19.319,,,16980.688,13.563,,,4522.68,3.613,2627.745,2.099,54.997,0.044
18/05/2026,2026-05-18,7,[00:30-00:45[,2026-05-17 23:30,1215.789,18316.332,15.065,,,16980.688,13.967,,,4516.56,3.715,2595.456,2.135,-5776.372,-4.751
18/05/2026,2026-05-18,8,[00:45-01:00[,2026-05-17 23:45,1201.789,19861.972,16.527,,,16980.688,14.13,,,4590,3.819,2601.133,2.164,-4309.848,-3.586
18/05/2026,2026-05-18,9,[01:00-01:15[,2026-05-18 00:00,1178.263,24468.955,20.767,,,16980.688,14.412,,,7043.04,5.977,2505.01,2.126,-2059.782,-1.748
18/05/2026,2026-05-18,10,[01:15-01:30[,2026-05-18 00:15,1164.652,23596.642,20.261,,,16980.688,14.58,,,7288.32,6.258,2473.016,2.123,-3145.382,-2.701
18/05/2026,2026-05-18,11,[01:30-01:45[,2026-05-18 00:30,1138.955,18349.481,16.111,,,16980.688,14.909,,,4667.16,4.098,2561.488,2.249,-5859.854,-5.145
18/05/2026,2026-05-18,12,[01:45-02:00[,2026-05-18 00:45,1131.989,17947.031,15.854,,,16980.688,15.001,,,4384.14,3.873,2556.201,2.258,-5973.997,-5.277
18/05/2026,2026-05-18,13,[02:00-02:15[,2026-05-18 01:00,1120.672,22776.977,20.324,,,16980.688,15.152,,,4407.2,3.933,2500.167,2.231,-1111.078,-0.991
18/05/2026,2026-05-18,14,[02:15-02:30[,2026-05-18 01:15,1100.063,22818.836,20.743,,,16980.688,15.436,,,4725.9,4.296,2444.407,2.222,-1332.159,-1.211
18/05/2026,2026-05-18,15,[02:30-02:45[,2026-05-18 01:30,1095.641,22235.526,20.295,,,16980.688,15.498,,,4709.88,4.299,2525.713,2.305,-1980.754,-1.808
18/05/2026,2026-05-18,16,[02:45-03:00[,2026-05-18 01:45,1088.165,21442.125,19.705,,,16980.688,15.605,,,4731.24,4.348,2523.562,2.319,-2793.365,-2.567
18/05/2026,2026-05-18,17,[03:00-03:15[,2026-05-18 02:00,1088.836,22771.981,20.914,,,16980.688,15.595,,,4715.04,4.33,2488.898,2.286,-1412.644,-1.297
18/05/2026,2026-05-18,18,[03:15-03:30[,2026-05-18 02:15,1079.422,23778.887,22.029,,,16980.688,15.731,,,4678.08,4.334,2430.826,2.252,-310.706,-0.288
18/05/2026,2026-05-18,19,[03:30-03:45[,2026-05-18 02:30,1067.678,24110.725,22.582,,,16980.688,15.904,,,4371.06,4.094,2405.086,2.253,353.891,0.331
18/05/2026,2026-05-18,20,[03:45-04:00[,2026-05-18 02:45,1073.756,22710.163,21.15,,,16980.688,15.814,,,4232.56,3.942,2489.8,2.319,-992.885,-0.925
18/05/2026,2026-05-18,21,[04:00-04:15[,2026-05-18 03:00,1096.041,22027.938,20.098,,,16980.688,15.493,,,4332,3.952,2596.275,2.369,-1881.024,-1.716
18/05/2026,2026-05-18,22,[04:15-04:30[,2026-05-18 03:15,1098.196,17228.531,15.688,,,16980.688,15.462,,,3922,3.571,2596.275,2.364,-6270.432,-5.71
18/05/2026,2026-05-18,23,[04:30-04:45[,2026-05-18 03:30,1093.315,16172.614,14.792,,,16980.688,15.531,,,3879.6,3.548,2592.866,2.372,-7280.539,-6.659
18/05/2026,2026-05-18,24,[04:45-05:00[,2026-05-18 03:45,1094.924,15147.359,13.834,,,16980.688,15.509,,,3820.45,3.489,2565.764,2.343,-8219.543,-7.507
18/05/2026,2026-05-18,25,[05:00-05:15[,2026-05-18 04:00,1121.061,15064.032,13.437,,,16980.688,15.147,,,3425.76,3.056,2528.28,2.255,-7870.695,-7.021
18/05/2026,2026-05-18,26,[05:15-05:30[,2026-05-18 04:15,1121.013,14561.383,12.989,,,16980.688,15.148,,,2992.05,2.669,2627.076,2.343,-8038.431,-7.171
18/05/2026,2026-05-18,27,[05:30-05:45[,2026-05-18 04:30,1134.222,14227.324,12.544,,,16980.688,14.971,,,2636.2,2.324,2627.745,2.317,-8017.308,-7.069
18/05/2026,2026-05-18,28,[05:45-06:00[,2026-05-18 04:45,1155.915,13766.859,11.91,,,16980.688,14.69,,,2028.26,1.755,2627.745,2.273,-7869.833,-6.808
18/05/2026,2026-05-18,29,[06:00-06:15[,2026-05-18 05:00,1176.44,12876.769,10.946,,,16980.688,14.434,,,1952.28,1.659,2618.824,2.226,-8675.023,-7.374
18/05/2026,2026-05-18,30,[06:15-06:30[,2026-05-18 05:15,1207.803,12627.959,10.455,,,16980.688,14.059,,,1940.04,1.606,2538.903,2.102,-8831.672,-7.312
18/05/2026,2026-05-18,31,[06:30-06:45[,2026-05-18 05:30,1245.636,11822.62,9.491,,,16980.688,13.632,,,2533.68,2.034,2605.038,2.091,-10296.785,-8.266
18/05/2026,2026-05-18,32,[06:45-07:00[,2026-05-18 05:45,1260.256,13378.623,10.616,,,16980.688,13.474,,,3060,2.428,2627.745,2.085,-9289.81,-7.371
18/05/2026,2026-05-18,33,[07:00-07:15[,2026-05-18 06:00,1331.097,9508.643,7.143,,,16980.688,12.757,,,2123.9,1.596,2627.745,1.974,-12223.689,-9.183
18/05/2026,2026-05-18,34,[07:15-07:30[,2026-05-18 06:15,1374.129,13183.855,9.594,,,16980.688,12.357,,,3162.4,2.301,2627.745,1.912,-9586.977,-6.977
18/05/2026,2026-05-18,35,[07:30-07:45[,2026-05-18 06:30,1403.602,14581.046,10.388,,,16980.688,12.098,,,3903.69,2.781,2570.08,1.831,-8873.412,-6.322
18/05/2026,2026-05-18,36,[07:45-08:00[,2026-05-18 06:45,1445.191,19660.196,13.604,,,16980.688,11.75,,,7730.64,5.349,2627.745,1.818,-7678.877,-5.313
18/05/2026,2026-05-18,37,[08:00-08:15[,2026-05-18 07:00,1497.409,19606.479,13.094,,,16980.688,11.34,,,4583.15,3.061,2627.745,1.755,-4585.103,-3.062
18/05/2026,2026-05-18,38,[08:15-08:30[,2026-05-18 07:15,1521.562,22964.943,15.093,,,16980.688,11.16,,,7514.88,4.939,2627.745,1.727,-4158.37,-2.733
18/05/2026,2026-05-18,39,[08:30-08:45[,2026-05-18 07:30,1562.971,25972.266,16.617,,,16980.688,10.864,,,7605.48,4.866,2574.882,1.647,-1188.783,-0.761
18/05/2026,2026-05-18,40,[08:45-09:00[,2026-05-18 07:45,1571.573,30745.837,19.564,,,16980.688,10.805,,,11131.853,7.083,2601.995,1.656,31.301,0.02
18/05/2026,2026-05-18,41,[09:00-09:15[,2026-05-18 08:00,1570.345,33893.9,21.584,,,16980.688,10.813,,,14054.46,8.95,2905.672,1.85,-46.92,-0.03
18/05/2026,2026-05-18,42,[09:15-09:30[,2026-05-18 08:15,1583.732,34439.203,21.746,,,16980.688,10.722,,,14080.62,8.891,2836.698,1.791,541.198,0.342
18/05/2026,2026-05-18,43,[09:30-09:45[,2026-05-18 08:30,1604.143,35786.868,22.309,,,16980.688,10.586,,,14839.26,9.251,2820.003,1.758,1146.918,0.715
18/05/2026,2026-05-18,44,[09:45-10:00[,2026-05-18 08:45,1574.409,68821.285,43.712,,,16980.688,10.785,,,16000.76,10.163,2672.542,1.697,33167.296,21.067
18/05/2026,2026-05-18,45,[10:00-10:15[,2026-05-18 09:00,1563.987,35837.651,22.914,,,16980.688,10.857,,,15957.36,10.203,2773.057,1.773,126.546,0.081
18/05/2026,2026-05-18,46,[10:15-10:30[,2026-05-18 09:15,1575.385,53014.014,33.651,,,16980.688,10.779,,,16010.64,10.163,2688.937,1.707,17333.75,11.003
18/05/2026,2026-05-18,47,[10:30-10:45[,2026-05-18 09:30,1575.65,37151.566,23.579,,,16980.688,10.777,,,16017.3,10.166,2672.619,1.696,1480.96,0.94
18/05/2026,2026-05-18,48,[10:45-11:00[,2026-05-18 09:45,1562.954,35650.309,22.81,,,16980.688,10.864,,,16023.96,10.252,2534.628,1.622,111.033,0.071
18/05/2026,2026-05-18,49,[11:00-11:15[,2026-05-18 10:00,1565.895,35908.017,22.931,,,16980.688,10.844,,,16272,10.392,2626.199,1.677,29.13,0.019
18/05/2026,2026-05-18,50,[11:15-11:30[,2026-05-18 10:15,1561.97,36091.024,23.106,,,16980.688,10.871,,,16272,10.418,2620.734,1.678,217.603,0.139
18/05/2026,2026-05-18,51,[11:30-11:45[,2026-05-18 10:30,1544.188,35695.009,23.116,,,16980.688,10.997,,,16746.6,10.845,2509.383,1.625,-541.662,-0.351
18/05/2026,2026-05-18,52,[11:45-12:00[,2026-05-18 10:45,1538.584,36136,23.487,,,16980.688,11.037,,,16746.6,10.884,2458.838,1.598,-50.126,-0.033
18/05/2026,2026-05-18,53,[12:00-12:15[,2026-05-18 11:00,1521.975,35659.824,23.43,,,16980.688,11.157,,,15836.4,10.405,2386.282,1.568,456.455,0.3
18/05/2026,2026-05-18,54,[12:15-12:30[,2026-05-18 11:15,1511.488,35388.157,23.413,,,16980.688,11.234,,,15836.4,10.477,2415.441,1.598,155.628,0.103
18/05/2026,2026-05-18,55,[12:30-12:45[,2026-05-18 11:30,1477.11,35776.955,24.221,,,16980.688,11.496,,,15836.4,10.721,2463.113,1.668,496.755,0.336
18/05/2026,2026-05-18,56,[12:45-13:00[,2026-05-18 11:45,1468.314,35759.872,24.354,,,16980.688,11.565,,,15842.76,10.79,2475.413,1.686,461.011,0.314
18/05/2026,2026-05-18,57,[13:00-13:15[,2026-05-18 12:00,1439.623,34446.022,23.927,,,16980.688,11.795,,,14882.56,10.338,2395.118,1.664,187.656,0.13
18/05/2026,2026-05-18,58,[13:15-13:30[,2026-05-18 12:15,1435.071,34827.654,24.269,,,16980.688,11.833,,,14882.56,10.371,2418.432,1.685,545.974,0.38
18/05/2026,2026-05-18,59,[13:30-13:45[,2026-05-18 12:30,1446.681,48104.419,33.252,,,16980.688,11.738,,,15643.48,10.813,2404.654,1.662,13075.597,9.038
18/05/2026,2026-05-18,60,[13:45-14:00[,2026-05-18 12:45,1424.975,35294.82,24.769,,,16980.688,11.916,,,15643.48,10.978,2435.912,1.709,234.741,0.165
18/05/2026,2026-05-18,61,[14:00-14:15[,2026-05-18 13:00,1439.105,35041.837,24.35,,,16980.688,11.799,,,14882.56,10.342,2333.273,1.621,845.316,0.587
18/05/2026,2026-05-18,62,[14:15-14:30[,2026-05-18 13:15,1429.314,35105.772,24.561,,,16980.688,11.88,,,14882.56,10.412,2329.935,1.63,912.59,0.638
18/05/2026,2026-05-18,63,[14:30-14:45[,2026-05-18 13:30,1411.469,34993.053,24.792,,,16980.688,12.031,,,14882.56,10.544,2353.662,1.668,776.144,0.55
18/05/2026,2026-05-18,64,[14:45-15:00[,2026-05-18 13:45,1408.93,45388.785,32.215,,,16980.688,12.052,,,14882.56,10.563,2419.353,1.717,11106.185,7.883
18/05/2026,2026-05-18,65,[15:00-15:15[,2026-05-18 14:00,1406.802,35126.066,24.969,,,16980.688,12.07,,,14882.56,10.579,2415.075,1.717,847.743,0.603
18/05/2026,2026-05-18,66,[15:15-15:30[,2026-05-18 14:15,1399.425,34556.596,24.693,,,16980.688,12.134,,,15344.56,10.965,2417.176,1.727,-185.827,-0.133
18/05/2026,2026-05-18,67,[15:30-15:45[,2026-05-18 14:30,1404.16,34909.991,24.862,,,16980.688,12.093,,,15344.56,10.928,2324.734,1.656,260.009,0.185
18/05/2026,2026-05-18,68,[15:45-16:00[,2026-05-18 14:45,1390.163,34542.263,24.848,,,16980.688,12.215,,,15338.4,11.034,2361.247,1.699,-138.072,-0.099
18/05/2026,2026-05-18,69,[16:00-16:15[,2026-05-18 15:00,1384.227,34489.505,24.916,,,16980.688,12.267,,,15394.94,11.122,2404.156,1.737,-290.278,-0.21
18/05/2026,2026-05-18,70,[16:15-16:30[,2026-05-18 15:15,1402.367,34149.793,24.352,,,16980.688,12.109,,,15363.04,10.955,2363.714,1.686,-557.648,-0.398
18/05/2026,2026-05-18,71,[16:30-16:45[,2026-05-18 15:30,1411.966,33766.125,23.914,,,16980.688,12.026,,,15613,11.058,2415.21,1.711,-1242.772,-0.88
18/05/2026,2026-05-18,72,[16:45-17:00[,2026-05-18 15:45,1432.329,32885.048,22.959,,,16980.688,11.855,,,15580.5,10.878,2485.964,1.736,-2162.104,-1.51
18/05/2026,2026-05-18,73,[17:00-17:15[,2026-05-18 16:00,1401.489,34094.737,24.328,,,16980.688,12.116,,,14530.48,10.368,2476.645,1.767,106.924,0.076
18/05/2026,2026-05-18,74,[17:15-17:30[,2026-05-18 16:15,1411.138,35019.944,24.817,,,16980.688,12.033,,,14214.6,10.073,2443.127,1.731,1381.529,0.979
18/05/2026,2026-05-18,75,[17:30-17:45[,2026-05-18 16:30,1423.485,31986.904,22.471,,,16980.688,11.929,,,13112,9.211,2382.711,1.674,-488.495,-0.343
18/05/2026,2026-05-18,76,[17:45-18:00[,2026-05-18 16:45,1448.765,32962.323,22.752,,,16980.688,11.721,,,12408.72,8.565,2387.172,1.648,1185.743,0.818
18/05/2026,2026-05-18,77,[18:00-18:15[,2026-05-18 17:00,1468.25,32948.816,22.441,,,16980.688,11.565,,,12611.36,8.589,2387.87,1.626,968.898,0.66
18/05/2026,2026-05-18,78,[18:15-18:30[,2026-05-18 17:15,1505.273,35096.319,23.316,,,16980.688,11.281,,,12384.88,8.228,2484.199,1.65,3246.552,2.157
18/05/2026,2026-05-18,79,[18:30-18:45[,2026-05-18 17:30,1546.434,32352.543,20.921,,,16980.688,10.981,,,7393.12,4.781,2506.202,1.621,5472.533,3.539
18/05/2026,2026-05-18,80,[18:45-19:00[,2026-05-18 17:45,1593.293,35233.276,22.113,,,16980.688,10.658,11.36,0.007,4038.72,2.535,2605.71,1.635,11596.798,7.279
18/05/2026,2026-05-18,81,[19:00-19:15[,2026-05-18 18:00,1625.218,19131.746,11.772,,,16980.688,10.448,,,3854.4,2.372,2558.371,1.574,-4261.713,-2.622
18/05/2026,2026-05-18,82,[19:15-19:30[,2026-05-18 18:15,1664.923,14978.8,8.997,,,16980.688,10.199,,,2798.32,1.681,2573.745,1.546,-7373.953,-4.429
18/05/2026,2026-05-18,83,[19:30-19:45[,2026-05-18 18:30,1704.219,17223.841,10.107,,,16980.688,9.964,,,1500.24,0.88,2513.373,1.475,-3770.46,-2.212
18/05/2026,2026-05-18,84,[19:45-20:00[,2026-05-18 18:45,1733.02,16534.23,9.541,,,16980.688,9.798,,,1095.92,0.632,2628.326,1.517,-4170.703,-2.407
18/05/2026,2026-05-18,85,[20:00-20:15[,2026-05-18 19:00,1748.83,9446.105,5.401,,,16980.688,9.71,,,1258.6,0.72,2556.064,1.462,-11349.247,-6.49
18/05/2026,2026-05-18,86,[20:15-20:30[,2026-05-18 19:15,1755.947,9556.168,5.442,,,16980.688,9.67,,,1200.6,0.684,2601.296,1.481,-11226.415,-6.393
18/05/2026,2026-05-18,87,[20:30-20:45[,2026-05-18 19:30,1762.485,10053.267,5.704,,,16980.688,9.635,,,1189,0.675,2601.703,1.476,-10718.124,-6.081
18/05/2026,2026-05-18,88,[20:45-21:00[,2026-05-18 19:45,1779.759,9141.491,5.136,,,16980.688,9.541,,,1241.2,0.697,2604.356,1.463,-11684.753,-6.565
18/05/2026,2026-05-18,89,[21:00-21:15[,2026-05-18 20:00,1791.747,8881.185,4.957,,,16980.688,9.477,,,1308.24,0.73,2636.956,1.472,-12044.698,-6.722
18/05/2026,2026-05-18,90,[21:15-21:30[,2026-05-18 20:15,1770.173,8165.181,4.613,,,16980.688,9.593,,,1371.44,0.775,2556.028,1.444,-12742.974,-7.199
18/05/2026,2026-05-18,91,[21:30-21:45[,2026-05-18 20:30,1743.273,8505.712,4.879,,,16980.688,9.741,,,1339.84,0.769,2536.382,1.455,-12351.197,-7.085
18/05/2026,2026-05-18,92,[21:45-22:00[,2026-05-18 20:45,1708.406,9665.627,5.658,,,16980.688,9.939,,,1870.72,1.095,2535.89,1.484,-11721.671,-6.861
18/05/2026,2026-05-18,93,[22:00-22:15[,2026-05-18 21:00,1673.445,9450.194,5.647,,,16980.688,10.147,304.428,0.182,2164.1,1.293,2605.124,1.557,-12604.146,-7.532
18/05/2026,2026-05-18,94,[22:15-22:30[,2026-05-18 21:15,1635.984,13456.646,8.225,,,16980.688,10.379,,,3061.9,1.872,2600.088,1.589,-9186.029,-5.615
18/05/2026,2026-05-18,95,[22:30-22:45[,2026-05-18 21:30,1600.842,11580.197,7.234,,,16980.688,10.607,,,3256.2,2.034,2610.956,1.631,-11267.646,-7.039
18/05/2026,2026-05-18,96,[22:45-23:00[,2026-05-18 21:45,1561.881,14798.094,9.475,,,16980.688,10.872,,,4160.91,2.664,2624.398,1.68,-8967.901,-5.742
19/05/2026,2026-05-19,1,[23:00-23:15[,2026-05-18 22:00,1536.303,6328.501,4.119,8764.463,5.705,,,,,1306.8,0.851,2812.317,1.831,-6555.078,-4.267
19/05/2026,2026-05-19,2,[23:15-23:30[,2026-05-18 22:15,1499.606,10737.854,7.16,9393.525,6.264,,,,,1568.16,1.046,2805.342,1.871,-3029.172,-2.02
19/05/2026,2026-05-19,3,[23:30-23:45[,2026-05-18 22:30,1460.281,14344.468,9.823,10301.813,7.055,,,,,1681.02,1.151,2853.311,1.954,-491.675,-0.337
19/05/2026,2026-05-19,4,[23:45-00:00[,2026-05-18 22:45,1414.271,12976.406,9.175,10779.788,7.622,,,,,1710.72,1.21,2859.834,2.022,-2373.935,-1.679
19/05/2026,2026-05-19,5,[00:00-00:15[,2026-05-18 23:00,1386.576,12577.74,9.071,10592.288,7.639,,,,,1537.2,1.109,2870.028,2.07,-2421.775,-1.747
19/05/2026,2026-05-19,6,[00:15-00:30[,2026-05-18 23:15,1363.257,15339.249,11.252,11723.063,8.599,,,,,1894.05,1.389,2842.419,2.085,-1120.283,-0.822
19/05/2026,2026-05-19,7,[00:30-00:45[,2026-05-18 23:30,1336.144,15959.327,11.944,11871.188,8.885,,,,,1884.48,1.41,2851.604,2.134,-647.944,-0.485
19/05/2026,2026-05-19,8,[00:45-01:00[,2026-05-18 23:45,1312.757,23009.219,17.527,12733.688,9.7,,,,,6185.298,4.712,2865.8,2.183,1224.434,0.933
19/05/2026,2026-05-19,9,[01:00-01:15[,2026-05-19 00:00,1279.968,24561.336,19.189,12745.364,9.958,,,,,4276.688,3.341,2757.32,2.154,4781.965,3.736
19/05/2026,2026-05-19,10,[01:15-01:30[,2026-05-19 00:15,1257.328,19450.545,15.47,13271.438,10.555,,,,,4804.184,3.821,2827.691,2.249,-1452.767,-1.155
19/05/2026,2026-05-19,11,[01:30-01:45[,2026-05-19 00:30,1252.393,19482.02,15.556,13285.226,10.608,,,,,4372.8,3.492,2667.874,2.13,-843.88,-0.674
19/05/2026,2026-05-19,12,[01:45-02:00[,2026-05-19 00:45,1257.036,22748.21,18.097,13300.214,10.581,,,,,4372.8,3.479,2933.145,2.333,2142.051,1.704
19/05/2026,2026-05-19,13,[02:00-02:15[,2026-05-19 01:00,1250.398,20889.561,16.706,14698.884,11.755,,,,,4025.538,3.219,2932.044,2.345,-766.904,-0.613
19/05/2026,2026-05-19,14,[02:15-02:30[,2026-05-19 01:15,1237.724,20809.408,16.813,14698.884,11.876,,,,,4212.648,3.404,2929.931,2.367,-1032.055,-0.834
19/05/2026,2026-05-19,15,[02:30-02:45[,2026-05-19 01:30,1233.357,19291.607,15.642,14699.772,11.919,,,,,4196.61,3.403,2844.432,2.306,-2449.206,-1.986
19/05/2026,2026-05-19,16,[02:45-03:00[,2026-05-19 01:45,1213.887,23302.58,19.197,14732.221,12.136,,,,,4935.798,4.066,2932.518,2.416,702.044,0.578
19/05/2026,2026-05-19,17,[03:00-03:15[,2026-05-19 02:00,1222.654,21784.22,17.817,14733.954,12.051,,,,,4112,3.363,2926.024,2.393,12.242,0.01
19/05/2026,2026-05-19,18,[03:15-03:30[,2026-05-19 02:15,1194.372,21558.095,18.05,14750.345,12.35,,,,,4112,3.443,2915.461,2.441,-219.711,-0.184
19/05/2026,2026-05-19,19,[03:30-03:45[,2026-05-19 02:30,1201.158,22716.266,18.912,14750.52,12.28,,,,,5148.198,4.286,2843.121,2.367,-25.573,-0.021
19/05/2026,2026-05-19,20,[03:45-04:00[,2026-05-19 02:45,1206.661,23170.926,19.203,14762.508,12.234,,,,,5367.384,4.448,2930.4,2.429,110.634,0.092
19/05/2026,2026-05-19,21,[04:00-04:15[,2026-05-19 03:00,1184.605,22191.956,18.734,14720.242,12.426,,,,,4618.77,3.899,2931.211,2.474,-78.266,-0.066
19/05/2026,2026-05-19,22,[04:15-04:30[,2026-05-19 03:15,1199.524,21966.814,18.313,14701.997,12.257,,,,,4212.648,3.512,2932.346,2.445,119.823,0.1
19/05/2026,2026-05-19,23,[04:30-04:45[,2026-05-19 03:30,1195.111,22202.619,18.578,14736.36,12.331,,,,,4968.594,4.157,2895.018,2.422,-397.353,-0.332
19/05/2026,2026-05-19,24,[04:45-05:00[,2026-05-19 03:45,1207.524,21215.814,17.57,14702.947,12.176,,,,,4234.032,3.506,2930.242,2.427,-651.406,-0.539
19/05/2026,2026-05-19,25,[05:00-05:15[,2026-05-19 04:00,1207.471,22299.63,18.468,14330.528,11.868,,,,,5761.164,4.771,2905.877,2.407,-697.938,-0.578
19/05/2026,2026-05-19,26,[05:15-05:30[,2026-05-19 04:15,1215.875,20278.533,16.678,13323.888,10.958,,,,,4853.808,3.992,2922.286,2.403,-821.448,-0.676
19/05/2026,2026-05-19,27,[05:30-05:45[,2026-05-19 04:30,1235.844,21550.302,17.438,12924.188,10.458,,,,,4493.052,3.636,2922.458,2.365,1210.604,0.98
19/05/2026,2026-05-19,28,[05:45-06:00[,2026-05-19 04:45,1230.865,15065.774,12.24,11917.138,9.682,,,,,1082,0.879,2830.65,2.3,-764.014,-0.621
19/05/2026,2026-05-19,29,[06:00-06:15[,2026-05-19 05:00,1264.801,17395.602,13.754,11517.338,9.106,,,,,3533.49,2.794,2858.576,2.26,-513.802,-0.406
19/05/2026,2026-05-19,30,[06:15-06:30[,2026-05-19 05:15,1288.717,15493.152,12.022,11493.55,8.919,,,,,3769.47,2.925,2882.141,2.236,-2652.009,-2.058
19/05/2026,2026-05-19,31,[06:30-06:45[,2026-05-19 05:30,1313.962,18412.316,14.013,11582.612,8.815,,,,,4431.322,3.372,2936.25,2.235,-537.869,-0.409
19/05/2026,2026-05-19,32,[06:45-07:00[,2026-05-19 05:45,1335.946,19578.953,14.655,12213.7,9.142,,,,,4795.042,3.589,2802.548,2.098,-232.337,-0.174
19/05/2026,2026-05-19,33,[07:00-07:15[,2026-05-19 06:00,1407.9,17540.987,12.459,13185.787,9.366,,,,,4479.9,3.182,2865.296,2.035,-2989.996,-2.124
19/05/2026,2026-05-19,34,[07:15-07:30[,2026-05-19 06:15,1458.63,15647.239,10.727,14035.827,9.623,,,,,4085,2.801,2854.497,1.957,-5328.084,-3.653
19/05/2026,2026-05-19,35,[07:30-07:45[,2026-05-19 06:30,1489.731,22159.532,14.875,11642.408,7.815,,,,,6620.32,4.444,2791.572,1.874,1105.233,0.742
19/05/2026,2026-05-19,36,[07:45-08:00[,2026-05-19 06:45,1530.843,25782.655,16.842,14240.992,9.303,,,,,8951.6,5.847,2792.67,1.824,-202.606,-0.132
19/05/2026,2026-05-19,37,[08:00-08:15[,2026-05-19 07:00,1602.633,25424.633,15.864,13395.488,8.358,,,,,8253.182,5.15,2828.317,1.765,947.647,0.591
19/05/2026,2026-05-19,38,[08:15-08:30[,2026-05-19 07:15,1649.626,25776.043,15.625,14595.921,8.848,,,,,8644.734,5.24,2816.867,1.708,-281.479,-0.171
19/05/2026,2026-05-19,39,[08:30-08:45[,2026-05-19 07:30,1674.289,32794.162,19.587,15789.584,9.431,,,,,13608.36,8.128,2797.56,1.671,598.658,0.358
19/05/2026,2026-05-19,40,[08:45-09:00[,2026-05-19 07:45,1689.845,37059.842,21.931,17517.059,10.366,,,,,15104.28,8.938,2694.126,1.594,1744.377,1.032
19/05/2026,2026-05-19,41,[09:00-09:15[,2026-05-19 08:00,1718.532,30466.377,17.728,17345.129,10.093,,,,,15412.773,8.969,2725.997,1.586,-5017.522,-2.92
19/05/2026,2026-05-19,42,[09:15-09:30[,2026-05-19 08:15,1698.823,32909.06,19.372,17526.364,10.317,,,,,15968.61,9.4,2708.884,1.595,-3294.797,-1.939
19/05/2026,2026-05-19,43,[09:30-09:45[,2026-05-19 08:30,1719.782,36252.321,21.08,17549.8,10.205,,,,,15665.5,9.109,2682.685,1.56,354.336,0.206
19/05/2026,2026-05-19,44,[09:45-10:00[,2026-05-19 08:45,1726.832,37272.719,21.584,17587.299,10.185,,,,,15920.268,9.219,2669.507,1.546,1095.645,0.634
19/05/2026,2026-05-19,45,[10:00-10:15[,2026-05-19 09:00,1686.549,33080.313,19.614,17441.048,10.341,,,,,13520.187,8.016,2574.652,1.527,-455.575,-0.27
19/05/2026,2026-05-19,46,[10:15-10:30[,2026-05-19 09:15,1683.939,30398.011,18.052,17464.484,10.371,,,,,13581.722,8.065,2454.406,1.458,-3102.602,-1.842
19/05/2026,2026-05-19,47,[10:30-10:45[,2026-05-19 09:30,1681.296,33340.153,19.83,17493.546,10.405,,,,,13649.856,8.119,2283.529,1.358,-86.778,-0.052
19/05/2026,2026-05-19,48,[10:45-11:00[,2026-05-19 09:45,1686.817,33456.766,19.834,17626.823,10.45,,,,,13832.665,8.2,2222.465,1.318,-225.186,-0.133
19/05/2026,2026-05-19,49,[11:00-11:15[,2026-05-19 10:00,1696.577,36330.119,21.414,17627.381,10.39,,,,,15970.866,9.414,2225.467,1.312,506.405,0.298
19/05/2026,2026-05-19,50,[11:15-11:30[,2026-05-19 10:15,1694.993,36127.316,21.314,17628.071,10.4,,,,,16044.739,9.466,2175.02,1.283,279.486,0.165
19/05/2026,2026-05-19,51,[11:30-11:45[,2026-05-19 10:30,1699.417,36564.635,21.516,17628.29,10.373,,,,,16330.699,9.61,2091.03,1.23,514.616,0.303
19/05/2026,2026-05-19,52,[11:45-12:00[,2026-05-19 10:45,1703.091,37087.601,21.777,17630.227,10.352,,,,,16354.529,9.603,2389.75,1.403,713.095,0.419
19/05/2026,2026-05-19,53,[12:00-12:15[,2026-05-19 11:00,1686.345,33451.466,19.837,17630.226,10.455,,,,,12786.444,7.582,2392.805,1.419,641.991,0.381
19/05/2026,2026-05-19,54,[12:15-12:30[,2026-05-19 11:15,1690.341,33408.649,19.764,17630.225,10.43,,,,,12823.632,7.586,2518.542,1.49,436.25,0.258
19/05/2026,2026-05-19,55,[12:30-12:45[,2026-05-19 11:30,1642.976,34869.155,21.223,17630.225,10.731,,,,,12821.561,7.804,2556.181,1.556,1861.188,1.133
19/05/2026,2026-05-19,56,[12:45-13:00[,2026-05-19 11:45,1639.274,34223.774,20.877,17630.225,10.755,,,,,12862.981,7.847,2551.573,1.557,1178.996,0.719
19/05/2026,2026-05-19,57,[13:00-13:15[,2026-05-19 12:00,1629.206,32334.716,19.847,17630.225,10.821,,,,,12995.285,7.976,2488.926,1.528,-779.72,-0.479
19/05/2026,2026-05-19,58,[13:15-13:30[,2026-05-19 12:15,1626.818,32278.364,19.841,17630.225,10.837,,,,,13045.565,8.019,2492.327,1.532,-889.753,-0.547
19/05/2026,2026-05-19,59,[13:30-13:45[,2026-05-19 12:30,1628.103,32660.584,20.061,17630.225,10.829,,,,,12762.74,7.839,2413.911,1.483,-146.291,-0.09
19/05/2026,2026-05-19,60,[13:45-14:00[,2026-05-19 12:45,1636.166,32930.513,20.127,17630.225,10.775,,,,,12773.215,7.807,2399.773,1.467,127.3,0.078
19/05/2026,2026-05-19,61,[14:00-14:15[,2026-05-19 13:00,1650.639,33238.397,20.137,17630.225,10.681,,,,,13101.426,7.937,2466.977,1.495,39.77,0.024
19/05/2026,2026-05-19,62,[14:15-14:30[,2026-05-19 13:15,1638.684,29274.85,17.865,17630.225,10.759,,,,,13114.062,8.003,2357.644,1.439,-3827.08,-2.335
19/05/2026,2026-05-19,63,[14:30-14:45[,2026-05-19 13:30,1624.621,26549.993,16.342,17630.225,10.852,,,,,13124.592,8.079,2313.53,1.424,-6518.353,-4.012
19/05/2026,2026-05-19,64,[14:45-15:00[,2026-05-19 13:45,1617.857,30857.019,19.073,17630.225,10.897,,,,,13130.91,8.116,2359.009,1.458,-2263.125,-1.399
19/05/2026,2026-05-19,65,[15:00-15:15[,2026-05-19 14:00,1593.381,32773.294,20.568,17630.225,11.065,,,,,13120.864,8.235,2482.581,1.558,-460.376,-0.289
19/05/2026,2026-05-19,66,[15:15-15:30[,2026-05-19 14:15,1578.837,31469.825,19.932,17630.225,11.167,,,,,13072.932,8.28,2451.402,1.553,-1684.734,-1.067
19/05/2026,2026-05-19,67,[15:30-15:45[,2026-05-19 14:30,1581.983,33792.561,21.361,17630.225,11.144,,,,,13588.542,8.59,2395.98,1.515,177.814,0.112
19/05/2026,2026-05-19,68,[15:45-16:00[,2026-05-19 14:45,1565.671,34549.419,22.067,17630.225,11.26,,,,,13579.83,8.673,2463.428,1.573,875.936,0.559
19/05/2026,2026-05-19,69,[16:00-16:15[,2026-05-19 15:00,1546.833,33930.792,21.936,17630.226,11.398,,,,,13753.67,8.892,2443.553,1.58,103.343,0.067
19/05/2026,2026-05-19,70,[16:15-16:30[,2026-05-19 15:15,1566.539,36532.727,23.321,17630.226,11.254,,,,,16109.08,10.283,2447.854,1.563,345.566,0.221
19/05/2026,2026-05-19,71,[16:30-16:45[,2026-05-19 15:30,1539.42,33556.139,21.798,17630.227,11.453,,,,,13937.28,9.054,2382.985,1.548,-394.353,-0.256
19/05/2026,2026-05-19,72,[16:45-17:00[,2026-05-19 15:45,1565.229,34194.13,21.846,17619.164,11.257,,,,,13723.722,8.768,2436.304,1.557,414.939,0.265
19/05/2026,2026-05-19,73,[17:00-17:15[,2026-05-19 16:00,1559.183,36842.936,23.63,17549.79,11.256,,,,,16642.8,10.674,2498.703,1.603,151.643,0.097
19/05/2026,2026-05-19,74,[17:15-17:30[,2026-05-19 16:15,1533.17,35839.518,23.376,17458.853,11.387,,,,,16419.32,10.709,2343.026,1.528,-381.68,-0.249
19/05/2026,2026-05-19,75,[17:30-17:45[,2026-05-19 16:30,1549.038,34849.202,22.497,17105.013,11.042,,,,,15027.48,9.701,2305.011,1.488,411.699,0.266
19/05/2026,2026-05-19,76,[17:45-18:00[,2026-05-19 16:45,1565.933,29409.846,18.781,15282.675,9.759,,,,,11943.28,7.627,2389.842,1.526,-205.951,-0.132
19/05/2026,2026-05-19,77,[18:00-18:15[,2026-05-19 17:00,1549.038,31880.86,20.581,15771.36,10.181,,,,,13301.61,8.587,2321.981,1.499,485.909,0.314
19/05/2026,2026-05-19,78,[18:15-18:30[,2026-05-19 17:15,1581.07,28692.068,18.147,15398.582,9.739,,,,,12253.7,7.75,2286.368,1.446,-1246.581,-0.788
19/05/2026,2026-05-19,79,[18:30-18:45[,2026-05-19 17:30,1615.33,26539.134,16.43,14406.849,8.919,,,,,8739.96,5.411,2338.705,1.448,1053.621,0.652
19/05/2026,2026-05-19,80,[18:45-19:00[,2026-05-19 17:45,1644.153,23911.786,14.544,13286.834,8.081,,,,,6366.4,3.872,2406.089,1.463,1852.463,1.127
19/05/2026,2026-05-19,81,[19:00-19:15[,2026-05-19 18:00,1692.213,28975.431,17.123,15001.684,8.865,,,,,6999.696,4.136,2459.851,1.454,4514.2,2.668
19/05/2026,2026-05-19,82,[19:15-19:30[,2026-05-19 18:15,1736.647,18714.6,10.776,12427.334,7.156,,,-119.685,-0.069,4005.45,2.306,2597.805,1.496,-196.304,-0.113
19/05/2026,2026-05-19,83,[19:30-19:45[,2026-05-19 18:30,1765.839,15309.757,8.67,11250.073,6.371,,,,,2122.8,1.202,2611.595,1.479,-674.71,-0.382
19/05/2026,2026-05-19,84,[19:45-20:00[,2026-05-19 18:45,1804.942,9847.086,5.456,10097.715,5.594,,,,,652.7,0.362,2629.932,1.457,-3533.261,-1.958
19/05/2026,2026-05-19,85,[20:00-20:15[,2026-05-19 19:00,1811.271,13346.815,7.369,9328.295,5.15,,,10.429,0.006,621,0.343,2673.612,1.476,713.479,0.394
19/05/2026,2026-05-19,86,[20:15-20:30[,2026-05-19 19:15,1802.787,10352.606,5.743,8361.146,4.638,,,,,621,0.344,2663.311,1.477,-1292.851,-0.717
19/05/2026,2026-05-19,87,[20:30-20:45[,2026-05-19 19:30,1800.599,10432.784,5.794,8224.651,4.568,,,,,621,0.345,2634.236,1.463,-1047.103,-0.582
19/05/2026,2026-05-19,88,[20:45-21:00[,2026-05-19 19:45,1805.119,13294.909,7.365,8224.813,4.556,,,,,621,0.344,2621.7,1.452,1827.397,1.012
19/05/2026,2026-05-19,89,[21:00-21:15[,2026-05-19 20:00,1815.041,10174.909,5.606,8364.938,4.609,,,,,621,0.342,2664.593,1.468,-1475.622,-0.813
19/05/2026,2026-05-19,90,[21:15-21:30[,2026-05-19 20:15,1797.763,12988.645,7.225,8599.313,4.783,,,,,621,0.345,2605.299,1.449,1163.033,0.647
19/05/2026,2026-05-19,91,[21:30-21:45[,2026-05-19 20:30,1772.103,11247.78,6.347,9165.213,5.172,,,,,621,0.35,2595.281,1.465,-1133.713,-0.64
19/05/2026,2026-05-19,92,[21:45-22:00[,2026-05-19 20:45,1733.981,15174.692,8.751,9729.238,5.611,,,,,621,0.358,2554.84,1.473,2269.614,1.309
19/05/2026,2026-05-19,93,[22:00-22:15[,2026-05-19 21:00,1701.825,16839.718,9.895,10102.363,5.936,,,,,3960,2.327,2471.39,1.452,305.966,0.18
19/05/2026,2026-05-19,94,[22:15-22:30[,2026-05-19 21:15,1688.951,17837.526,10.561,10328.738,6.115,,,,,4252.5,2.518,2649.922,1.569,606.367,0.359
19/05/2026,2026-05-19,95,[22:30-22:45[,2026-05-19 21:30,1647.142,17702.902,10.748,10731.863,6.515,,,,,4579.2,2.78,2649.887,1.609,-258.048,-0.157
19/05/2026,2026-05-19,96,[22:45-23:00[,2026-05-19 21:45,1613.276,26311.554,16.309,11446.238,7.095,,,,,5457.6,3.383,2573.602,1.595,6834.115,4.236
20/05/2026,2026-05-20,1,[23:00-23:15[,2026-05-19 22:00,1565.055,13321.121,8.512,9060,5.789,,,,,2649.36,1.693,2790.573,1.783,-1178.812,-0.753
20/05/2026,2026-05-20,2,[23:15-23:30[,2026-05-19 22:15,1532.502,15414.945,10.059,9238.125,6.028,,,,,2649.36,1.729,2822.062,1.841,705.398,0.46
20/05/2026,2026-05-20,3,[23:30-23:45[,2026-05-19 22:30,1505.794,15430.157,10.247,9280.313,6.163,,,,,2649.36,1.759,2862.02,1.901,638.464,0.424
20/05/2026,2026-05-20,4,[23:45-00:00[,2026-05-19 22:45,1460.928,17079.706,11.691,9866.25,6.753,,,,,2649.36,1.813,2876.766,1.969,1687.33,1.155
20/05/2026,2026-05-20,5,[00:00-00:15[,2026-05-19 23:00,1431.989,14099.396,9.846,9500.625,6.635,,,,,2206.836,1.541,2860.009,1.997,-468.075,-0.327
20/05/2026,2026-05-20,6,[00:15-00:30[,2026-05-19 23:15,1414.722,14349.968,10.143,9993.75,7.064,,,,,2206.836,1.56,2785.741,1.969,-636.359,-0.45
20/05/2026,2026-05-20,7,[00:30-00:45[,2026-05-19 23:30,1368.623,16261.891,11.882,10199.063,7.452,,,,,2206.836,1.612,2873.364,2.099,982.628,0.718
20/05/2026,2026-05-20,8,[00:45-01:00[,2026-05-19 23:45,1365.101,16291.181,11.934,10263.925,7.519,,,,,2206.836,1.617,2872.522,2.104,947.898,0.694
20/05/2026,2026-05-20,9,[01:00-01:15[,2026-05-20 00:00,1321.797,15128.577,11.445,10335.175,7.819,,,,,1739.734,1.316,2854.994,2.16,198.674,0.15
20/05/2026,2026-05-20,10,[01:15-01:30[,2026-05-20 00:15,1323.037,14744.657,11.145,10458.925,7.905,,,,,1739.734,1.315,2865.218,2.166,-319.22,-0.241
20/05/2026,2026-05-20,11,[01:30-01:45[,2026-05-20 00:30,1309.876,15102.207,11.529,10813.3,8.255,,,,,1739.734,1.328,2840.674,2.169,-291.502,-0.223
20/05/2026,2026-05-20,12,[01:45-02:00[,2026-05-20 00:45,1287.813,16491.197,12.806,10842.638,8.419,,,,,1739.734,1.351,2873.131,2.231,1035.695,0.804
20/05/2026,2026-05-20,13,[02:00-02:15[,2026-05-20 01:00,1278.21,16870.776,13.199,11047.95,8.643,,,,,1658.874,1.298,2873.81,2.248,1290.143,1.009
20/05/2026,2026-05-20,14,[02:15-02:30[,2026-05-20 01:15,1264.132,17847.528,14.118,11047.675,8.739,,,,,1658.874,1.312,2830.641,2.239,2310.337,1.828
20/05/2026,2026-05-20,15,[02:30-02:45[,2026-05-20 01:30,1258.142,15717.692,12.493,11070,8.799,,,,,1658.874,1.319,2791.221,2.219,197.597,0.157
20/05/2026,2026-05-20,16,[02:45-03:00[,2026-05-20 01:45,1235.769,16258.338,13.156,11070,8.958,,,,,1658.874,1.342,2841.677,2.3,687.787,0.557
20/05/2026,2026-05-20,17,[03:00-03:15[,2026-05-20 02:00,1240.489,16031.84,12.924,11186.075,9.017,,,,,1633.994,1.317,2840.864,2.29,370.907,0.299
20/05/2026,2026-05-20,18,[03:15-03:30[,2026-05-20 02:15,1239.396,15466.206,12.479,11186.075,9.025,,,,,1633.994,1.318,2841.672,2.293,-195.535,-0.158
20/05/2026,2026-05-20,19,[03:30-03:45[,2026-05-20 02:30,1218.483,15856.606,13.013,11137.325,9.14,,,,,1633.994,1.341,2753.741,2.26,331.546,0.272
20/05/2026,2026-05-20,20,[03:45-04:00[,2026-05-20 02:45,1196.382,15869.225,13.264,11114.825,9.29,,,,,1633.994,1.366,2753.458,2.301,366.948,0.307
20/05/2026,2026-05-20,21,[04:00-04:15[,2026-05-20 03:00,1200.694,15303.79,12.746,11114.825,9.257,,,,,1689.974,1.407,2727.183,2.271,-228.192,-0.19
20/05/2026,2026-05-20,22,[04:15-04:30[,2026-05-20 03:15,1194.881,15712.698,13.15,11070.575,9.265,,,,,1689.974,1.414,2778.404,2.325,173.745,0.145
20/05/2026,2026-05-20,23,[04:30-04:45[,2026-05-20 03:30,1212.921,16342.364,13.474,11025.575,9.09,,,,,1689.974,1.393,2723.101,2.245,903.714,0.745
20/05/2026,2026-05-20,24,[04:45-05:00[,2026-05-20 03:45,1219.511,14736.138,12.084,10438.7,8.56,,,,,1689.974,1.386,2809.89,2.304,-202.426,-0.166
20/05/2026,2026-05-20,25,[05:00-05:15[,2026-05-20 04:00,1212.597,12728.598,10.497,9266.825,7.642,,,,,1548.078,1.277,2788.281,2.299,-874.586,-0.721
20/05/2026,2026-05-20,26,[05:15-05:30[,2026-05-20 04:15,1233.075,13202.442,10.707,8938.7,7.249,,,,,1548.078,1.255,2739.001,2.221,-23.337,-0.019
20/05/2026,2026-05-20,27,[05:30-05:45[,2026-05-20 04:30,1243.445,11998.673,9.65,8455.888,6.8,,,,,1548.078,1.245,2806.657,2.257,-811.95,-0.653
20/05/2026,2026-05-20,28,[05:45-06:00[,2026-05-20 04:45,1252.976,13836.906,11.043,8001.2,6.386,,,,,1548.078,1.236,2780.379,2.219,1507.249,1.203
20/05/2026,2026-05-20,29,[06:00-06:15[,2026-05-20 05:00,1269.648,12196.585,9.606,7435.7,5.857,,,,,1783.274,1.405,2762.647,2.176,214.964,0.169
20/05/2026,2026-05-20,30,[06:15-06:30[,2026-05-20 05:15,1289.357,11126.289,8.629,7466.787,5.791,,,,,1783.274,1.383,2723.357,2.112,-847.129,-0.657
20/05/2026,2026-05-20,31,[06:30-06:45[,2026-05-20 05:30,1333.698,14197.771,10.645,8366.761,6.273,,,,,1783.274,1.337,2691.214,2.018,1356.522,1.017
20/05/2026,2026-05-20,32,[06:45-07:00[,2026-05-20 05:45,1351.77,11481.122,8.493,9307.388,6.885,,,,,1783.274,1.319,2710.579,2.005,-2320.119,-1.716
20/05/2026,2026-05-20,33,[07:00-07:15[,2026-05-20 06:00,1410.787,14759.61,10.462,9845.958,6.979,,,,,2419.236,1.715,2765.354,1.96,-270.938,-0.192
20/05/2026,2026-05-20,34,[07:15-07:30[,2026-05-20 06:15,1459.241,16808.556,11.519,12684.464,8.693,,,,,2419.236,1.658,2790.866,1.913,-1086.01,-0.744
20/05/2026,2026-05-20,35,[07:30-07:45[,2026-05-20 06:30,1490.365,16694.038,11.201,10754.305,7.216,,,,,2419.236,1.623,2798.063,1.877,722.435,0.485
20/05/2026,2026-05-20,36,[07:45-08:00[,2026-05-20 06:45,1503.775,23799.153,15.826,12953.186,8.614,,,,,2930.2,1.949,2723.538,1.811,5192.23,3.453
20/05/2026,2026-05-20,37,[08:00-08:15[,2026-05-20 07:00,1554.479,22236.785,14.305,12028.458,7.738,,,,,4075.92,2.622,2706.793,1.741,3425.615,2.204
20/05/2026,2026-05-20,38,[08:15-08:30[,2026-05-20 07:15,1577.962,19785.002,12.538,13674.406,8.666,,,,,4075.92,2.583,2674.973,1.695,-640.298,-0.406
20/05/2026,2026-05-20,39,[08:30-08:45[,2026-05-20 07:30,1594.647,28692.939,17.993,15180.804,9.52,,,,,10131.44,6.353,2595.223,1.627,785.472,0.493
20/05/2026,2026-05-20,40,[08:45-09:00[,2026-05-20 07:45,1604.858,29232.239,18.215,16863.22,10.508,,,,,9931.952,6.189,2598.015,1.619,-160.948,-0.1
20/05/2026,2026-05-20,41,[09:00-09:15[,2026-05-20 08:00,1615.705,29639.606,18.345,16858.542,10.434,,,,,9880.344,6.115,2648.962,1.64,251.758,0.156
20/05/2026,2026-05-20,42,[09:15-09:30[,2026-05-20 08:15,1613.239,29136.981,18.061,16878.585,10.463,,,,,9321.829,5.778,2564.671,1.59,371.896,0.231
20/05/2026,2026-05-20,43,[09:30-09:45[,2026-05-20 08:30,1578.4,28872.034,18.292,16895.56,10.704,,,,,9499.072,6.018,2501.075,1.585,-23.672,-0.015
20/05/2026,2026-05-20,44,[09:45-10:00[,2026-05-20 08:45,1576.431,29560.707,18.752,17056.454,10.82,,,,,9759.673,6.191,2441.177,1.549,303.404,0.192
20/05/2026,2026-05-20,45,[10:00-10:15[,2026-05-20 09:00,1553.423,24295.053,15.64,16837.757,10.839,,,,,5075.2,3.267,2398.512,1.544,-16.416,-0.011
20/05/2026,2026-05-20,46,[10:15-10:30[,2026-05-20 09:15,1542.114,24600.697,15.953,16865.769,10.937,,,,,5091.2,3.301,2399.226,1.556,244.502,0.159
20/05/2026,2026-05-20,47,[10:30-10:45[,2026-05-20 09:30,1543.743,24657.668,15.973,16863.926,10.924,,,,,5105.6,3.307,2386.679,1.546,301.464,0.195
20/05/2026,2026-05-20,48,[10:45-11:00[,2026-05-20 09:45,1548.027,24725.578,15.972,16885.714,10.908,,,,,5119.2,3.307,2382.784,1.539,337.881,0.218
20/05/2026,2026-05-20,49,[11:00-11:15[,2026-05-20 10:00,1535.118,27601.401,17.98,17041.323,11.101,,,,,9675.516,6.303,2354.307,1.534,-1469.746,-0.957
20/05/2026,2026-05-20,50,[11:15-11:30[,2026-05-20 10:15,1538.127,29191.614,18.979,17048.936,11.084,,,,,9698.227,6.305,2378.302,1.546,66.148,0.043
20/05/2026,2026-05-20,51,[11:30-11:45[,2026-05-20 10:30,1546.479,23064.251,14.914,17048.209,11.024,,,,,5145.6,3.327,2409.172,1.558,-1538.731,-0.995
20/05/2026,2026-05-20,52,[11:45-12:00[,2026-05-20 10:45,1532.278,23540.199,15.363,17047.676,11.126,,,,,5152,3.362,2390.368,1.56,-1049.845,-0.685
20/05/2026,2026-05-20,53,[12:00-12:15[,2026-05-20 11:00,1505.092,23911.763,15.887,17047.24,11.326,,,,,4297.995,2.856,2336.807,1.553,229.72,0.153
20/05/2026,2026-05-20,54,[12:15-12:30[,2026-05-20 11:15,1514.759,23810.369,15.719,17047.068,11.254,,,,,4300.839,2.839,2254.522,1.488,207.94,0.137
20/05/2026,2026-05-20,55,[12:30-12:45[,2026-05-20 11:30,1482.554,23669.727,15.966,17047.712,11.499,,,,,4302.972,2.902,2310.754,1.559,8.289,0.006
20/05/2026,2026-05-20,56,[12:45-13:00[,2026-05-20 11:45,1465.553,23243.845,15.86,17048.142,11.633,,,,,4289.463,2.927,2331.651,1.591,-425.41,-0.29
20/05/2026,2026-05-20,57,[13:00-13:15[,2026-05-20 12:00,1462.656,23963.483,16.384,17048.273,11.656,,,,,4290.885,2.934,2321.387,1.587,302.938,0.207
20/05/2026,2026-05-20,58,[13:15-13:30[,2026-05-20 12:15,1443.393,23921.966,16.573,17049.321,11.812,,,,,4290.885,2.973,2276.846,1.577,304.914,0.211
20/05/2026,2026-05-20,59,[13:30-13:45[,2026-05-20 12:30,1460.772,23990.711,16.423,17048.153,11.671,,,,,4290.885,2.937,2361.819,1.617,289.855,0.198
20/05/2026,2026-05-20,60,[13:45-14:00[,2026-05-20 12:45,1468.8,24010.416,16.347,17047.873,11.607,,,,,4290.885,2.921,2370.486,1.614,301.172,0.205
20/05/2026,2026-05-20,61,[14:00-14:15[,2026-05-20 13:00,1482.332,24716.497,16.674,17048.046,11.501,,,,,4290.885,2.895,2374.984,1.602,1002.583,0.676
20/05/2026,2026-05-20,62,[14:15-14:30[,2026-05-20 13:15,1488.77,22734.43,15.271,17048.701,11.452,,,-0.088,0,4290.885,2.882,2363.098,1.587,-968.166,-0.65
20/05/2026,2026-05-20,63,[14:30-14:45[,2026-05-20 13:30,1475.58,22690.647,15.377,17049.861,11.555,,,-0.125,0,4288.041,2.906,2354.474,1.596,-1001.604,-0.679
20/05/2026,2026-05-20,64,[14:45-15:00[,2026-05-20 13:45,1475.1,23818.683,16.147,17050.253,11.559,,,-0.125,0,4283.775,2.904,2449.435,1.661,35.345,0.024
20/05/2026,2026-05-20,65,[15:00-15:15[,2026-05-20 14:00,1484.019,24619.545,16.59,17050.694,11.49,,,,,4911.2,3.309,2474.651,1.668,183,0.123
20/05/2026,2026-05-20,66,[15:15-15:30[,2026-05-20 14:15,1474.186,24427.847,16.57,17049.151,11.565,,,,,4905.6,3.328,2430.699,1.649,42.397,0.029
20/05/2026,2026-05-20,67,[15:30-15:45[,2026-05-20 14:30,1494.854,25103.961,16.794,17049.78,11.406,,,,,4898.4,3.277,2436.903,1.63,718.878,0.481
20/05/2026,2026-05-20,68,[15:45-16:00[,2026-05-20 14:45,1501.544,24420.35,16.263,17049.926,11.355,,,,,4891.2,3.257,2434.341,1.621,44.884,0.03
20/05/2026,2026-05-20,69,[16:00-16:15[,2026-05-20 15:00,1479.567,29313.551,19.812,17050.408,11.524,,,,,10011.51,6.767,2475.672,1.673,-224.039,-0.151
20/05/2026,2026-05-20,70,[16:15-16:30[,2026-05-20 15:15,1498.773,29864.865,19.926,17051.487,11.377,,,,,9957.42,6.644,2479.998,1.655,375.959,0.251
20/05/2026,2026-05-20,71,[16:30-16:45[,2026-05-20 15:30,1503.599,29743.875,19.782,17052.797,11.341,,,,,9968.256,6.63,2501.324,1.664,221.497,0.147
20/05/2026,2026-05-20,72,[16:45-17:00[,2026-05-20 15:45,1521.392,29606.282,19.46,17054.349,11.21,,,,,9874.375,6.49,2474.561,1.627,202.996,0.133
20/05/2026,2026-05-20,73,[17:00-17:15[,2026-05-20 16:00,1533.485,31194.705,20.342,17056.096,11.122,,,,,10881.192,7.096,2570.971,1.677,686.446,0.448
20/05/2026,2026-05-20,74,[17:15-17:30[,2026-05-20 16:15,1532.912,27875.136,18.184,16980.37,11.077,,,,,10388.992,6.777,2592.219,1.691,-2086.445,-1.361
20/05/2026,2026-05-20,75,[17:30-17:45[,2026-05-20 16:30,1551.294,28204.4,18.181,16878.238,10.88,,,,,11174.702,7.203,2658.314,1.714,-2506.854,-1.616
20/05/2026,2026-05-20,76,[17:45-18:00[,2026-05-20 16:45,1552.663,21686.56,13.967,16126.874,10.387,,,,,9915.768,6.386,2662.804,1.715,-7018.885,-4.521
20/05/2026,2026-05-20,77,[18:00-18:15[,2026-05-20 17:00,1570.147,29305.102,18.664,16927.733,10.781,,,,,10690.416,6.809,2614.85,1.665,-927.898,-0.591
20/05/2026,2026-05-20,78,[18:15-18:30[,2026-05-20 17:15,1596.234,24453.203,15.319,14752.922,9.242,,,,,10957.2,6.864,2621.768,1.642,-3878.687,-2.43
20/05/2026,2026-05-20,79,[18:30-18:45[,2026-05-20 17:30,1614.262,23487.228,14.55,13370.587,8.283,,,,,4821.84,2.987,2530.931,1.568,2763.87,1.712
20/05/2026,2026-05-20,80,[18:45-19:00[,2026-05-20 17:45,1656.419,15486.9,9.35,12193.029,7.361,,,,,3200.47,1.932,2569.429,1.551,-2476.027,-1.495
20/05/2026,2026-05-20,81,[19:00-19:15[,2026-05-20 18:00,1690.143,15464.301,9.15,12172.554,7.202,,,,,1548.078,0.916,2502.422,1.481,-758.752,-0.449
20/05/2026,2026-05-20,82,[19:15-19:30[,2026-05-20 18:15,1727.501,11955.969,6.921,9751.16,5.645,,,,,1548.078,0.896,2477.938,1.434,-1821.207,-1.054
20/05/2026,2026-05-20,83,[19:30-19:45[,2026-05-20 18:30,1759.121,10909.17,6.201,8033.615,4.567,,,,,1548.078,0.88,2508.203,1.426,-1180.726,-0.671
20/05/2026,2026-05-20,84,[19:45-20:00[,2026-05-20 18:45,1785.253,9903.647,5.547,7232.735,4.051,,,,,1548.078,0.867,2495.15,1.398,-1372.315,-0.769
20/05/2026,2026-05-20,85,[20:00-20:15[,2026-05-20 19:00,1794.107,14638.094,8.159,7763.72,4.327,,,,,1734.2,0.967,2511.547,1.4,2628.627,1.465
20/05/2026,2026-05-20,86,[20:15-20:30[,2026-05-20 19:15,1791.356,9700.051,5.415,6846.216,3.822,,,-675.5,-0.377,1734.2,0.968,2432.216,1.358,-637.081,-0.356
20/05/2026,2026-05-20,87,[20:30-20:45[,2026-05-20 19:30,1790.838,9825.453,5.487,6363.713,3.553,,,,,1734.2,0.968,2486.763,1.389,-759.223,-0.424
20/05/2026,2026-05-20,88,[20:45-21:00[,2026-05-20 19:45,1799.041,12210.088,6.787,6714.538,3.732,,,,,1734.2,0.964,2489.21,1.384,1272.141,0.707
20/05/2026,2026-05-20,89,[21:00-21:15[,2026-05-20 20:00,1807.93,9348.334,5.171,5972.038,3.303,,,,,1889.68,1.045,2453.235,1.357,-966.619,-0.535
20/05/2026,2026-05-20,90,[21:15-21:30[,2026-05-20 20:15,1787.467,14473.773,8.097,6848.975,3.832,,,,,1889.68,1.057,2265.211,1.267,3469.907,1.941
20/05/2026,2026-05-20,91,[21:30-21:45[,2026-05-20 20:30,1760.304,6229.935,3.539,6365.6,3.616,,,,,1889.68,1.073,2382.307,1.353,-4407.652,-2.504
20/05/2026,2026-05-20,92,[21:45-22:00[,2026-05-20 20:45,1728.124,15524.557,8.983,7450.763,4.311,,,,,1889.68,1.093,2419.788,1.4,3764.326,2.178
20/05/2026,2026-05-20,93,[22:00-22:15[,2026-05-20 21:00,1697.781,11060.679,6.515,7691.7,4.53,,,,,1985.36,1.169,2455.939,1.447,-1072.32,-0.632
20/05/2026,2026-05-20,94,[22:15-22:30[,2026-05-20 21:15,1662.834,13778.466,8.286,8048.413,4.84,,,,,2313.036,1.391,2516.687,1.513,900.33,0.541
20/05/2026,2026-05-20,95,[22:30-22:45[,2026-05-20 21:30,1629.426,12265.091,7.527,8111.225,4.978,,,,,2313.036,1.42,2554.395,1.568,-713.566,-0.438
20/05/2026,2026-05-20,96,[22:45-23:00[,2026-05-20 21:45,1587.614,13728.572,8.647,8301.163,5.229,,,,,2313.036,1.457,2550.574,1.607,563.8,0.355
21/05/2026,2026-05-21,1,[23:00-23:15[,2026-05-20 22:00,1539.412,13804.279,8.967,6926.726,4.5,,,,,4194.3,2.725,2577.955,1.675,105.298,0.068
21/05/2026,2026-05-21,2,[23:15-23:30[,2026-05-20 22:15,1503.247,14003.575,9.316,7411.576,4.93,,,,,4194.3,2.79,2577.415,1.715,-179.716,-0.12
21/05/2026,2026-05-21,3,[23:30-23:45[,2026-05-20 22:30,1478.135,16730.601,11.319,8660.61,5.859,,,,,4194.3,2.838,2696.303,1.824,1179.388,0.798
21/05/2026,2026-05-21,4,[23:45-00:00[,2026-05-20 22:45,1441.175,14076.262,9.767,9367.611,6.5,,,,,4194.3,2.91,2779.046,1.928,-2264.695,-1.571
21/05/2026,2026-05-21,5,[00:00-00:15[,2026-05-20 23:00,1414.26,14263.598,10.086,8673.208,6.133,,,,,4022.1,2.844,2924.242,2.068,-1355.951,-0.959
21/05/2026,2026-05-21,6,[00:15-00:30[,2026-05-20 23:15,1384.809,17477.604,12.621,9312.709,6.725,,,,,4022.1,2.904,2924.164,2.112,1218.631,0.88
21/05/2026,2026-05-21,7,[00:30-00:45[,2026-05-20 23:30,1366.068,15681.859,11.48,9341.023,6.838,,,,,4022.1,2.944,2885.543,2.112,-566.806,-0.415
21/05/2026,2026-05-21,8,[00:45-01:00[,2026-05-20 23:45,1341.381,12129.294,9.042,9878.431,7.364,,,,,4022.1,2.998,2833.498,2.112,-4604.735,-3.433
21/05/2026,2026-05-21,9,[01:00-01:15[,2026-05-21 00:00,1341.397,15173.415,11.312,9206.397,6.863,,,,,3665.4,2.733,2866.461,2.137,-564.843,-0.421
21/05/2026,2026-05-21,10,[01:15-01:30[,2026-05-21 00:15,1324.309,15789.807,11.923,9357.649,7.066,,,,,3665.4,2.768,2913.237,2.2,-146.48,-0.111
21/05/2026,2026-05-21,11,[01:30-01:45[,2026-05-21 00:30,1308.71,16595.022,12.68,9708.559,7.418,,,,,3665.4,2.801,2922.291,2.233,298.772,0.228
21/05/2026,2026-05-21,12,[01:45-02:00[,2026-05-21 00:45,1290.048,11529.947,8.938,10178.467,7.89,,,,,1862.802,1.444,2920.174,2.264,-3431.496,-2.66
21/05/2026,2026-05-21,13,[02:00-02:15[,2026-05-21 01:00,1284.397,11607.631,9.037,10170.25,7.918,,,,,1776.222,1.383,2920.042,2.273,-3258.883,-2.537
21/05/2026,2026-05-21,14,[02:15-02:30[,2026-05-21 01:15,1267.567,12216.2,9.638,10367.314,8.179,,,,,1776.222,1.401,2833.41,2.235,-2760.745,-2.178
21/05/2026,2026-05-21,15,[02:30-02:45[,2026-05-21 01:30,1268.451,11498.453,9.065,10527.847,8.3,,,,,1776.222,1.4,2914.014,2.297,-3719.631,-2.932
21/05/2026,2026-05-21,16,[02:45-03:00[,2026-05-21 01:45,1231.5,12714.782,10.325,10691.125,8.681,,,,,1776.222,1.442,2920.84,2.372,-2673.405,-2.171
21/05/2026,2026-05-21,17,[03:00-03:15[,2026-05-21 02:00,1242.657,14426.088,11.609,10897.565,8.77,,,,,1756.242,1.413,2920.026,2.35,-1147.745,-0.924
21/05/2026,2026-05-21,18,[03:15-03:30[,2026-05-21 02:15,1239.313,13242.697,10.686,10956.848,8.841,,,,,1756.242,1.417,2859.991,2.308,-2330.384,-1.88
21/05/2026,2026-05-21,19,[03:30-03:45[,2026-05-21 02:30,1216.417,13995.597,11.506,10898.912,8.96,,,,,1756.242,1.444,2787.536,2.292,-1447.093,-1.19
21/05/2026,2026-05-21,20,[03:45-04:00[,2026-05-21 02:45,1220.493,13246.982,10.854,10586.85,8.674,,,,,1756.242,1.439,2835.862,2.324,-1931.973,-1.583
21/05/2026,2026-05-21,21,[04:00-04:15[,2026-05-21 03:00,1213.943,14113.971,11.627,10305.695,8.489,,,,,1809.522,1.491,2826.292,2.328,-827.538,-0.682
21/05/2026,2026-05-21,22,[04:15-04:30[,2026-05-21 03:15,1218.75,13758.058,11.289,10183.725,8.356,,,,,1809.522,1.485,2860.188,2.347,-1095.378,-0.899
21/05/2026,2026-05-21,23,[04:30-04:45[,2026-05-21 03:30,1209.998,16153.489,13.35,9732.693,8.044,,,,,3567,2.948,2886.735,2.386,-32.939,-0.027
21/05/2026,2026-05-21,24,[04:45-05:00[,2026-05-21 03:45,1218.989,15959.397,13.092,9566.725,7.848,,,,,3567,2.926,2888.523,2.37,-62.851,-0.052
21/05/2026,2026-05-21,25,[05:00-05:15[,2026-05-21 04:00,1234.493,15020.853,12.168,9885.38,8.008,,,,,2270.36,1.839,2883.839,2.336,-18.726,-0.015
21/05/2026,2026-05-21,26,[05:15-05:30[,2026-05-21 04:15,1225.336,12563.188,10.253,9362.945,7.641,,,,,2270.36,1.853,2822.199,2.303,-1892.316,-1.544
21/05/2026,2026-05-21,27,[05:30-05:45[,2026-05-21 04:30,1242.38,14388.476,11.581,9375.907,7.547,,,,,2270.36,1.827,2856.607,2.299,-114.399,-0.092
21/05/2026,2026-05-21,28,[05:45-06:00[,2026-05-21 04:45,1253.375,16071.826,12.823,9250.527,7.38,,,,,2270.36,1.811,2909.962,2.322,1640.977,1.309
21/05/2026,2026-05-21,29,[06:00-06:15[,2026-05-21 05:00,1266.593,11079.172,8.747,7538.017,5.951,,,,,2449.44,1.934,2921.45,2.307,-1829.735,-1.445
21/05/2026,2026-05-21,30,[06:15-06:30[,2026-05-21 05:15,1292.505,13491.383,10.438,7800.638,6.035,,,,,2449.44,1.895,2920.649,2.26,320.656,0.248
21/05/2026,2026-05-21,31,[06:30-06:45[,2026-05-21 05:30,1319.367,13411.762,10.165,8604.225,6.521,,,,,2449.44,1.857,2914.224,2.209,-556.126,-0.422
21/05/2026,2026-05-21,32,[06:45-07:00[,2026-05-21 05:45,1340.664,17491.489,13.047,10005.002,7.463,,,,,2193.9,1.636,2830.265,2.111,2462.322,1.837
21/05/2026,2026-05-21,33,[07:00-07:15[,2026-05-21 06:00,1393.783,13290.325,9.535,8777.264,6.297,,,,,2593.08,1.86,2821.744,2.025,-901.763,-0.647
21/05/2026,2026-05-21,34,[07:15-07:30[,2026-05-21 06:15,1430.006,14377.05,10.054,10280.214,7.189,,,,,2321.7,1.624,2857.54,1.998,-1082.403,-0.757
21/05/2026,2026-05-21,35,[07:30-07:45[,2026-05-21 06:30,1475.847,14080.616,9.541,10102.07,6.845,,,,,2593.08,1.757,2878.88,1.951,-1493.414,-1.012
21/05/2026,2026-05-21,36,[07:45-08:00[,2026-05-21 06:45,1492.028,27740.513,18.592,14175.436,9.501,,,,,7354.564,4.929,2882.157,1.932,3328.356,2.231
21/05/2026,2026-05-21,37,[08:00-08:15[,2026-05-21 07:00,1563.027,26405.916,16.894,13780.979,8.817,,,,,8006.9,5.123,2852.188,1.825,1765.849,1.13
21/05/2026,2026-05-21,38,[08:15-08:30[,2026-05-21 07:15,1602.452,33257.853,20.754,15638.009,9.759,,,,,12045.44,7.517,2788.452,1.74,2785.952,1.739
21/05/2026,2026-05-21,39,[08:30-08:45[,2026-05-21 07:30,1604.077,32752.644,20.418,17055.509,10.633,,,,,12619.64,7.867,2815.403,1.755,262.093,0.163
21/05/2026,2026-05-21,40,[08:45-09:00[,2026-05-21 07:45,1608.512,32948.767,20.484,17133.321,10.652,,,,,12619.64,7.846,2802.212,1.742,393.595,0.245
21/05/2026,2026-05-21,41,[09:00-09:15[,2026-05-21 08:00,1613.872,32677.07,20.248,17132.673,10.616,,,,,12385.28,7.674,2744.286,1.7,414.831,0.257
21/05/2026,2026-05-21,42,[09:15-09:30[,2026-05-21 08:15,1604.082,34406.813,21.45,17134.181,10.682,,,,,12440.032,7.755,2662.912,1.66,2169.689,1.353
21/05/2026,2026-05-21,43,[09:30-09:45[,2026-05-21 08:30,1598.722,32552.209,20.361,17134.181,10.717,,,,,12511.776,7.826,2608.638,1.632,297.614,0.186
21/05/2026,2026-05-21,44,[09:45-10:00[,2026-05-21 08:45,1577.265,32680.87,20.72,17134.332,10.863,,,,,12558.976,7.963,2639.288,1.673,348.274,0.221
21/05/2026,2026-05-21,45,[10:00-10:15[,2026-05-21 09:00,1581.425,31731.766,20.065,17133.052,10.834,,,,,12494.784,7.901,2598.77,1.643,-494.839,-0.313
21/05/2026,2026-05-21,46,[10:15-10:30[,2026-05-21 09:15,1578.807,30069.762,19.046,17134.182,10.853,,,,,10399.812,6.587,2498.02,1.582,37.748,0.024
21/05/2026,2026-05-21,47,[10:30-10:45[,2026-05-21 09:30,1577.784,29871.326,18.932,17134.225,10.86,,,,,10439.512,6.617,2424.705,1.537,-127.115,-0.081
21/05/2026,2026-05-21,48,[10:45-11:00[,2026-05-21 09:45,1575.428,29818.567,18.927,17134.413,10.876,,,,,10476.036,6.65,2406.618,1.528,-198.5,-0.126
21/05/2026,2026-05-21,49,[11:00-11:15[,2026-05-21 10:00,1586.261,35502.527,22.381,17134.605,10.802,,,,,10302.944,6.495,2279.999,1.437,5784.978,3.647
21/05/2026,2026-05-21,50,[11:15-11:30[,2026-05-21 10:15,1582.055,36949.927,23.356,17135.597,10.831,,,,,10317.236,6.521,2290.957,1.448,7206.137,4.555
21/05/2026,2026-05-21,51,[11:30-11:45[,2026-05-21 10:30,1579.185,36212.473,22.931,17135.597,10.851,,,,,10520.5,6.662,2272.965,1.439,6283.411,3.979
21/05/2026,2026-05-21,52,[11:45-12:00[,2026-05-21 10:45,1574.517,36399.842,23.118,17135.597,10.883,,,,,10531.616,6.689,2209.833,1.403,6522.796,4.143
21/05/2026,2026-05-21,53,[12:00-12:15[,2026-05-21 11:00,1556.217,39127.478,25.143,17135.597,11.011,,,,,10098.092,6.489,2154.41,1.384,9739.379,6.258
21/05/2026,2026-05-21,54,[12:15-12:30[,2026-05-21 11:15,1554.386,39397.162,25.346,17135.597,11.024,,,,,10107.62,6.503,2222.42,1.43,9931.525,6.389
21/05/2026,2026-05-21,55,[12:30-12:45[,2026-05-21 11:30,1530.1,22703.052,14.838,17135.596,11.199,,,,,4836,3.161,2241.365,1.465,-1509.909,-0.987
21/05/2026,2026-05-21,56,[12:45-13:00[,2026-05-21 11:45,1514.918,22369.819,14.766,17135.596,11.311,,,,,4839.2,3.194,2228.798,1.471,-1833.775,-1.21
21/05/2026,2026-05-21,57,[13:00-13:15[,2026-05-21 12:00,1499.616,23373.161,15.586,17135.596,11.427,,,,,4840,3.227,2157.274,1.439,-759.709,-0.507
21/05/2026,2026-05-21,58,[13:15-13:30[,2026-05-21 12:15,1509.52,23802.701,15.768,17135.596,11.352,,,,,4840,3.206,2129.411,1.411,-302.306,-0.2
21/05/2026,2026-05-21,59,[13:30-13:45[,2026-05-21 12:30,1506.942,29089.444,19.304,17135.596,11.371,,,,,9934.528,6.593,2173.94,1.443,-154.619,-0.103
21/05/2026,2026-05-21,60,[13:45-14:00[,2026-05-21 12:45,1503.692,26394.937,17.553,17135.595,11.396,,,,,9931.352,6.605,2115.787,1.407,-2787.797,-1.854
21/05/2026,2026-05-21,61,[14:00-14:15[,2026-05-21 13:00,1533.572,23829.757,15.539,17135.596,11.174,,,,,4836,3.153,2108.913,1.375,-250.752,-0.164
21/05/2026,2026-05-21,62,[14:15-14:30[,2026-05-21 13:15,1526.796,24149.815,15.817,17135.596,11.223,,,,,4832,3.165,2204.225,1.444,-22.006,-0.014
21/05/2026,2026-05-21,63,[14:30-14:45[,2026-05-21 13:30,1535.454,19854.723,12.931,17135.596,11.16,,,,,4828,3.144,2234.954,1.456,-4343.827,-2.829
21/05/2026,2026-05-21,64,[14:45-15:00[,2026-05-21 13:45,1520.551,22145.966,14.564,17135.596,11.269,,,,,4822.4,3.171,2318.461,1.525,-2130.491,-1.401
21/05/2026,2026-05-21,65,[15:00-15:15[,2026-05-21 14:00,1502.607,30308.507,20.171,17135.597,11.404,,,,,10079.036,6.708,2311.782,1.539,782.092,0.52
21/05/2026,2026-05-21,66,[15:15-15:30[,2026-05-21 14:15,1500.361,29789.381,19.855,17135.597,11.421,,,,,10926.468,7.283,2161.781,1.441,-434.465,-0.29
21/05/2026,2026-05-21,67,[15:30-15:45[,2026-05-21 14:30,1501.513,29108.511,19.386,17135.597,11.412,,,,,10890.708,7.253,2198.854,1.464,-1116.648,-0.744
21/05/2026,2026-05-21,68,[15:45-16:00[,2026-05-21 14:45,1506.659,37649.223,24.989,17134.633,11.373,,,,,12069.984,8.011,2210.68,1.467,6233.925,4.138
21/05/2026,2026-05-21,69,[16:00-16:15[,2026-05-21 15:00,1514.358,39212.457,25.894,17134.486,11.315,,,,,13371.28,8.83,2382.264,1.573,6324.426,4.176
21/05/2026,2026-05-21,70,[16:15-16:30[,2026-05-21 15:15,1530.702,38576.516,25.202,17134.225,11.194,,,,,13369.302,8.734,2332.337,1.524,5740.653,3.75
21/05/2026,2026-05-21,71,[16:30-16:45[,2026-05-21 15:30,1547.426,37682.942,24.352,17134.176,11.073,,,,,13371.28,8.641,2390.776,1.545,4786.711,3.093
21/05/2026,2026-05-21,72,[16:45-17:00[,2026-05-21 15:45,1557.124,27457.367,17.633,17124.802,10.998,,,,,13371.28,8.587,2413.372,1.55,-5452.086,-3.501
21/05/2026,2026-05-21,73,[17:00-17:15[,2026-05-21 16:00,1555,32694.266,21.025,17054.49,10.968,,,,,12224.04,7.861,2340.18,1.505,1075.557,0.692
21/05/2026,2026-05-21,74,[17:15-17:30[,2026-05-21 16:15,1560.366,32002.408,20.51,17010.428,10.902,,,,,12224.04,7.834,2345.443,1.503,422.497,0.271
21/05/2026,2026-05-21,75,[17:30-17:45[,2026-05-21 16:30,1572.431,29537.046,18.784,16664.491,10.598,,,,,10258.8,6.524,2372.626,1.509,241.129,0.153
21/05/2026,2026-05-21,76,[17:45-18:00[,2026-05-21 16:45,1592.761,26151.204,16.419,14827.201,9.309,,,,,7380.88,4.634,2345.518,1.473,1597.605,1.003
21/05/2026,2026-05-21,77,[18:00-18:15[,2026-05-21 17:00,1601.184,18800.504,11.742,14621.413,9.132,,,,,4768,2.978,2409.548,1.505,-2998.457,-1.873
21/05/2026,2026-05-21,78,[18:15-18:30[,2026-05-21 17:15,1620.65,21843.406,13.478,14369.609,8.867,,,,,6193.8,3.822,2470.029,1.524,-1190.031,-0.734
21/05/2026,2026-05-21,79,[18:30-18:45[,2026-05-21 17:30,1649.405,14808.903,8.978,12325.303,7.473,,,,,2364.012,1.433,2459.518,1.491,-2339.93,-1.419
21/05/2026,2026-05-21,80,[18:45-19:00[,2026-05-21 17:45,1681.24,12798.687,7.613,9319.565,5.543,,,,,2591.08,1.541,2473.447,1.471,-1585.404,-0.943
21/05/2026,2026-05-21,81,[19:00-19:15[,2026-05-21 18:00,1700.976,15022.029,8.831,10763.641,6.328,,,,,1558.866,0.916,2396.369,1.409,303.154,0.178
21/05/2026,2026-05-21,82,[19:15-19:30[,2026-05-21 18:15,1735.858,12377.831,7.131,9103.053,5.244,,,,,1698.32,0.978,2421.469,1.395,-845.011,-0.487
21/05/2026,2026-05-21,83,[19:30-19:45[,2026-05-21 18:30,1768.323,12029.507,6.803,7887.733,4.461,,,,,1698.32,0.96,2433.71,1.376,9.745,0.006
21/05/2026,2026-05-21,84,[19:45-20:00[,2026-05-21 18:45,1792.096,11203.358,6.252,7239.455,4.04,,,,,1698.32,0.948,2443.346,1.363,-177.763,-0.099
21/05/2026,2026-05-21,85,[20:00-20:15[,2026-05-21 19:00,1794.374,10689.967,5.957,7105.035,3.96,,,,,1829.88,1.02,2487.313,1.386,-732.261,-0.408
21/05/2026,2026-05-21,86,[20:15-20:30[,2026-05-21 19:15,1794.87,11465.541,6.388,6828.478,3.804,,,,,1829.88,1.02,2546.454,1.419,260.729,0.145
21/05/2026,2026-05-21,87,[20:30-20:45[,2026-05-21 19:30,1795.695,10184.132,5.671,6721.129,3.743,,,,,1829.88,1.019,2525.734,1.407,-892.611,-0.497
21/05/2026,2026-05-21,88,[20:45-21:00[,2026-05-21 19:45,1805.9,11675.165,6.465,7075.737,3.918,,,,,1829.88,1.013,2576.545,1.427,193.003,0.107
21/05/2026,2026-05-21,89,[21:00-21:15[,2026-05-21 20:00,1816.198,12259.46,6.75,7105.737,3.912,,,,,2211.12,1.217,2579.019,1.42,363.585,0.2
21/05/2026,2026-05-21,90,[21:15-21:30[,2026-05-21 20:15,1804.042,13397.861,7.427,7357.176,4.078,,,,,2211.12,1.226,2546.821,1.412,1282.745,0.711
21/05/2026,2026-05-21,91,[21:30-21:45[,2026-05-21 20:30,1775.514,12359.969,6.961,7410.708,4.174,,,,,2211.12,1.245,2532.456,1.426,205.685,0.116
21/05/2026,2026-05-21,92,[21:45-22:00[,2026-05-21 20:45,1742.976,14515.066,8.328,7729.553,4.435,,,,,2211.12,1.269,2575.419,1.478,1998.974,1.147
21/05/2026,2026-05-21,93,[22:00-22:15[,2026-05-21 21:00,1714.717,15091.015,8.801,8296.808,4.839,,,,,2638.44,1.539,2580.244,1.505,1575.523,0.919
21/05/2026,2026-05-21,94,[22:15-22:30[,2026-05-21 21:15,1682.032,15304.016,9.099,8850.028,5.262,,,,,2638.44,1.569,2579.126,1.533,1236.422,0.735
21/05/2026,2026-05-21,95,[22:30-22:45[,2026-05-21 21:30,1646.931,15288.641,9.283,8850.123,5.374,,,,,2638.44,1.602,2574.523,1.563,1225.555,0.744
21/05/2026,2026-05-21,96,[22:45-23:00[,2026-05-21 21:45,1608.518,18034.69,11.212,9542.092,5.932,,,,,2638.44,1.64,2530.288,1.573,3323.869,2.066
22/05/2026,2026-05-22,1,[23:00-23:15[,2026-05-21 22:00,1561.908,7137.675,4.57,7309.365,4.68,,,,,1935.726,1.239,2500.389,1.601,-4607.805,-2.95
22/05/2026,2026-05-22,2,[23:15-23:30[,2026-05-21 22:15,1525.517,10975.847,7.195,7681.795,5.036,,,,,1935.726,1.269,2541.193,1.666,-1182.867,-0.775
22/05/2026,2026-05-22,3,[23:30-23:45[,2026-05-21 22:30,1502.038,13875.906,9.238,8320.373,5.539,,,,,1935.726,1.289,2778.609,1.85,841.198,0.56
22/05/2026,2026-05-22,4,[23:45-00:00[,2026-05-21 22:45,1467.038,13950.662,9.509,9544.818,6.506,,,,,1935.726,1.319,2776.57,1.893,-306.452,-0.209
22/05/2026,2026-05-22,5,[00:00-00:15[,2026-05-21 23:00,1435.734,11220.382,7.815,8636.693,6.016,,,,,1857.986,1.294,2773.83,1.932,-2048.127,-1.427
22/05/2026,2026-05-22,6,[00:15-00:30[,2026-05-21 23:15,1402.614,12607.928,8.989,9280.895,6.617,,,,,1857.986,1.325,2736.471,1.951,-1267.424,-0.904
22/05/2026,2026-05-22,7,[00:30-00:45[,2026-05-21 23:30,1385.108,11748.173,8.482,9580.34,6.917,,,,,1857.986,1.341,2750.697,1.986,-2440.85,-1.762
22/05/2026,2026-05-22,8,[00:45-01:00[,2026-05-21 23:45,1363.103,14940.66,10.961,10061.418,7.381,,,,,1857.986,1.363,2772.368,2.034,248.889,0.183
22/05/2026,2026-05-22,9,[01:00-01:15[,2026-05-22 00:00,1341.651,14604.981,10.886,10061.558,7.499,,,,,1498.644,1.117,2916.137,2.174,128.642,0.096
22/05/2026,2026-05-22,10,[01:15-01:30[,2026-05-22 00:15,1342.208,15374.162,11.454,10586.87,7.888,,,,,1498.644,1.117,2916.126,2.173,372.522,0.278
22/05/2026,2026-05-22,11,[01:30-01:45[,2026-05-22 00:30,1324.352,13088.305,9.883,10918.885,8.245,,,,,1498.644,1.132,2861.076,2.16,-2190.3,-1.654
22/05/2026,2026-05-22,12,[01:45-02:00[,2026-05-22 00:45,1306.984,12812.897,9.803,11032.635,8.441,,,,,1498.644,1.147,2907.371,2.224,-2625.754,-2.009
22/05/2026,2026-05-22,13,[02:00-02:15[,2026-05-22 01:00,1282.933,14137.325,11.02,10722.775,8.358,,,,,1429.484,1.114,2892.46,2.255,-907.395,-0.707
22/05/2026,2026-05-22,14,[02:15-02:30[,2026-05-22 01:15,1279.7,10901.245,8.519,11046.595,8.632,,,,,1429.484,1.117,2915.162,2.278,-4489.995,-3.509
22/05/2026,2026-05-22,15,[02:30-02:45[,2026-05-22 01:30,1268.404,11175.125,8.81,11046.805,8.709,,,,,1429.484,1.127,2905.737,2.291,-4206.901,-3.317
22/05/2026,2026-05-22,16,[02:45-03:00[,2026-05-22 01:45,1252.716,12002.189,9.581,11160.555,8.909,,,,,1429.484,1.141,2817.396,2.249,-3405.246,-2.718
22/05/2026,2026-05-22,17,[03:00-03:15[,2026-05-22 02:00,1251.088,9066.19,7.247,11048.265,8.831,,,,,1408.204,1.126,2835.924,2.267,-6226.202,-4.977
22/05/2026,2026-05-22,18,[03:15-03:30[,2026-05-22 02:15,1236.97,10511.517,8.498,11117.015,8.987,,,,,1408.204,1.138,2726.44,2.204,-4740.142,-3.832
22/05/2026,2026-05-22,19,[03:30-03:45[,2026-05-22 02:30,1232.978,9824.897,7.968,11049.655,8.962,,,,,1408.204,1.142,2899.147,2.351,-5532.109,-4.487
22/05/2026,2026-05-22,20,[03:45-04:00[,2026-05-22 02:45,1233.739,11264.61,9.13,10902.85,8.837,,,,,1408.204,1.141,2900.198,2.351,-3946.641,-3.199
22/05/2026,2026-05-22,21,[04:00-04:15[,2026-05-22 03:00,1235.295,8663.525,7.013,10902.99,8.826,,,,,1456.084,1.179,2873.628,2.326,-6569.177,-5.318
22/05/2026,2026-05-22,22,[04:15-04:30[,2026-05-22 03:15,1229.032,10925.559,8.89,10700.63,8.707,,,,,1456.084,1.185,2784.564,2.266,-4015.718,-3.267
22/05/2026,2026-05-22,23,[04:30-04:45[,2026-05-22 03:30,1228.549,11275.517,9.178,10367.123,8.439,,,,,1456.084,1.185,2828.193,2.302,-3375.882,-2.748
22/05/2026,2026-05-22,24,[04:45-05:00[,2026-05-22 03:45,1243.792,10944.457,8.799,9739.138,7.83,,,,,1456.084,1.171,2872.496,2.309,-3123.26,-2.511
22/05/2026,2026-05-22,25,[05:00-05:15[,2026-05-22 04:00,1221.52,9517.807,7.792,9420.565,7.712,,,,,1386.924,1.135,2899.159,2.373,-4188.84,-3.429
22/05/2026,2026-05-22,26,[05:15-05:30[,2026-05-22 04:15,1225.916,9082.893,7.409,9243.59,7.54,,,,,1386.924,1.131,2896.753,2.363,-4444.374,-3.625
22/05/2026,2026-05-22,27,[05:30-05:45[,2026-05-22 04:30,1231.934,7949.251,6.453,8549.88,6.94,,,,,1386.924,1.126,2880.035,2.338,-4867.587,-3.951
22/05/2026,2026-05-22,28,[05:45-06:00[,2026-05-22 04:45,1233.12,8025.685,6.508,8095.405,6.565,,,,,1386.924,1.125,2870.217,2.328,-4326.861,-3.509
22/05/2026,2026-05-22,29,[06:00-06:15[,2026-05-22 05:00,1263.672,7297.989,5.775,7532.008,5.96,,,,,1594.404,1.262,2900.597,2.295,-4729.019,-3.742
22/05/2026,2026-05-22,30,[06:15-06:30[,2026-05-22 05:15,1292.268,8368.358,6.476,8025.256,6.21,,,,,1594.404,1.234,2901.757,2.245,-4153.058,-3.214
22/05/2026,2026-05-22,31,[06:30-06:45[,2026-05-22 05:30,1316.597,9895.814,7.516,8824.743,6.703,,,,,1594.404,1.211,2899.706,2.202,-3423.039,-2.6
22/05/2026,2026-05-22,32,[06:45-07:00[,2026-05-22 05:45,1349.837,10650.268,7.89,10027.274,7.429,,,,,1594.404,1.181,2828.177,2.095,-3799.587,-2.815
22/05/2026,2026-05-22,33,[07:00-07:15[,2026-05-22 06:00,1391.761,12476.3,8.964,8913.613,6.405,,,,,1871.74,1.345,2821.945,2.028,-1130.997,-0.813
22/05/2026,2026-05-22,34,[07:15-07:30[,2026-05-22 06:15,1441.471,10353.99,7.183,10700.727,7.423,,,,,1871.74,1.298,2893.537,2.007,-5112.014,-3.546
22/05/2026,2026-05-22,35,[07:30-07:45[,2026-05-22 06:30,1483.815,12219.582,8.235,11785.138,7.942,,,,,1871.74,1.261,2902.169,1.956,-4339.465,-2.925
22/05/2026,2026-05-22,36,[07:45-08:00[,2026-05-22 06:45,1515.18,13644.505,9.005,14153.361,9.341,,,,,1871.74,1.235,2900.412,1.914,-5281.008,-3.485
22/05/2026,2026-05-22,37,[08:00-08:15[,2026-05-22 07:00,1565.995,21229.163,13.556,13068.417,8.345,,,,,5957.76,3.804,2893.705,1.848,-690.72,-0.441
22/05/2026,2026-05-22,38,[08:15-08:30[,2026-05-22 07:15,1609.313,24039.258,14.938,13953.619,8.671,,,,,10003.2,6.216,2852.311,1.772,-2769.871,-1.721
22/05/2026,2026-05-22,39,[08:30-08:45[,2026-05-22 07:30,1644.14,28631.462,17.414,15278.039,9.292,,,,,11385.6,6.925,2890.009,1.758,-922.186,-0.561
22/05/2026,2026-05-22,40,[08:45-09:00[,2026-05-22 07:45,1651.233,27968.001,16.938,16538.038,10.016,,,,,9436.928,5.715,2879.678,1.744,-886.643,-0.537
22/05/2026,2026-05-22,41,[09:00-09:15[,2026-05-22 08:00,1659.116,28580.491,17.226,16501.415,9.946,,,,,9475.809,5.711,2915.05,1.757,-311.783,-0.188
22/05/2026,2026-05-22,42,[09:15-09:30[,2026-05-22 08:15,1658.471,29276.229,17.653,16628.916,10.027,,,,,10224.928,6.165,2769.936,1.67,-347.552,-0.21
22/05/2026,2026-05-22,43,[09:30-09:45[,2026-05-22 08:30,1656.771,29791.867,17.982,16708.616,10.085,,,,,11032.306,6.659,2768.105,1.671,-717.16,-0.433
22/05/2026,2026-05-22,44,[09:45-10:00[,2026-05-22 08:45,1628.007,29428.761,18.077,16710.019,10.264,,,,,10121.988,6.217,2781.699,1.709,-184.945,-0.114
22/05/2026,2026-05-22,45,[10:00-10:15[,2026-05-22 09:00,1622.062,29918.142,18.445,16710.019,10.302,,,,,10972.772,6.765,2742.1,1.691,-506.75,-0.312
22/05/2026,2026-05-22,46,[10:15-10:30[,2026-05-22 09:15,1627.582,29798.762,18.309,16710.02,10.267,,,,,11014.672,6.768,2689.344,1.652,-615.274,-0.378
22/05/2026,2026-05-22,47,[10:30-10:45[,2026-05-22 09:30,1619.792,29914.424,18.468,16710.021,10.316,,,,,11122.542,6.867,2646.609,1.634,-564.748,-0.349
22/05/2026,2026-05-22,48,[10:45-11:00[,2026-05-22 09:45,1614.885,29961.802,18.554,16710.022,10.347,,,,,11095.12,6.871,2712.835,1.68,-556.175,-0.344
22/05/2026,2026-05-22,49,[11:00-11:15[,2026-05-22 10:00,1613.622,30334.992,18.799,16710.023,10.356,,,,,10912.436,6.763,2631.673,1.631,80.86,0.05
22/05/2026,2026-05-22,50,[11:15-11:30[,2026-05-22 10:15,1625.108,12284.926,7.559,16710.025,10.282,,,,,11011.266,6.776,2520.429,1.551,-17956.794,-11.05
22/05/2026,2026-05-22,51,[11:30-11:45[,2026-05-22 10:30,1598.515,30574.243,19.127,16710.027,10.453,,,,,11242.08,7.033,2467.906,1.544,154.23,0.096
22/05/2026,2026-05-22,52,[11:45-12:00[,2026-05-22 10:45,1611.548,30650.403,19.019,16710.966,10.37,,,,,11173.892,6.934,2459.392,1.526,306.153,0.19
22/05/2026,2026-05-22,53,[12:00-12:15[,2026-05-22 11:00,1605.441,28957.755,18.037,16710.967,10.409,,,,,9921.924,6.18,2504.413,1.56,-179.549,-0.112
22/05/2026,2026-05-22,54,[12:15-12:30[,2026-05-22 11:15,1611.021,29102.372,18.065,16710.969,10.373,,,,,9929.739,6.164,2513.582,1.56,-51.917,-0.032
22/05/2026,2026-05-22,55,[12:30-12:45[,2026-05-22 11:30,1598.617,28184.046,17.63,16710.97,10.453,,,,,9935.991,6.215,2587.96,1.619,-1050.875,-0.657
22/05/2026,2026-05-22,56,[12:45-13:00[,2026-05-22 11:45,1603.879,26507.882,16.527,16710.972,10.419,,,,,9940.68,6.198,2619.109,1.633,-2762.88,-1.723
22/05/2026,2026-05-22,57,[13:00-13:15[,2026-05-22 12:00,1619.738,33244.888,20.525,16710.973,10.317,,,,,10063.102,6.213,2560.502,1.581,3910.311,2.414
22/05/2026,2026-05-22,58,[13:15-13:30[,2026-05-22 12:15,1598.867,32354.008,20.236,16710.973,10.452,,,,,10037.658,6.278,2630.718,1.645,2974.66,1.86
22/05/2026,2026-05-22,59,[13:30-13:45[,2026-05-22 12:30,1601.064,28548.415,17.831,16710.974,10.437,,,,,9835.816,6.143,2652.767,1.657,-651.141,-0.407
22/05/2026,2026-05-22,60,[13:45-14:00[,2026-05-22 12:45,1626.526,34011.392,20.91,16710.975,10.274,,,,,9753.12,5.996,2664.868,1.638,4882.429,3.002
22/05/2026,2026-05-22,61,[14:00-14:15[,2026-05-22 13:00,1625.54,28212.103,17.356,16710.976,10.28,,,,,4824,2.968,2645.527,1.627,4031.599,2.48
22/05/2026,2026-05-22,62,[14:15-14:30[,2026-05-22 13:15,1626.842,30371.448,18.669,16710.04,10.271,,,,,4820,2.963,2672.948,1.643,6168.46,3.792
22/05/2026,2026-05-22,63,[14:30-14:45[,2026-05-22 13:30,1623.845,29003.593,17.861,16710.04,10.29,,,,,9915.672,6.106,2737.236,1.686,-359.355,-0.221
22/05/2026,2026-05-22,64,[14:45-15:00[,2026-05-22 13:45,1614.388,28718.178,17.789,16710.042,10.351,,,,,9903.168,6.134,2635.597,1.633,-530.628,-0.329
22/05/2026,2026-05-22,65,[15:00-15:15[,2026-05-22 14:00,1588.744,31345.032,19.729,16710.043,10.518,,,,,9890.664,6.225,2682.049,1.688,2062.276,1.298
22/05/2026,2026-05-22,66,[15:15-15:30[,2026-05-22 14:15,1588.087,30849.03,19.425,16710.043,10.522,,,,,9876.597,6.219,2581.706,1.626,1680.684,1.058
22/05/2026,2026-05-22,67,[15:30-15:45[,2026-05-22 14:30,1597.687,34038.327,21.305,16710.044,10.459,,,,,9860.967,6.172,2570.87,1.609,4896.445,3.065
22/05/2026,2026-05-22,68,[15:45-16:00[,2026-05-22 14:45,1579.045,34056.094,21.568,16710.045,10.582,,,,,9845.337,6.235,2652.469,1.68,4848.243,3.07
22/05/2026,2026-05-22,69,[16:00-16:15[,2026-05-22 15:00,1569.063,36111.056,23.014,16708.908,10.649,,,,,11283.455,7.191,2672.89,1.703,5445.803,3.471
22/05/2026,2026-05-22,70,[16:15-16:30[,2026-05-22 15:15,1573.106,32331.912,20.553,16708.78,10.622,,,,,11178.122,7.106,2514.989,1.599,1930.022,1.227
22/05/2026,2026-05-22,71,[16:30-16:45[,2026-05-22 15:30,1579.312,37412.067,23.689,16708.634,10.58,,,,,12353.574,7.822,2768.195,1.753,5581.664,3.534
22/05/2026,2026-05-22,72,[16:45-17:00[,2026-05-22 15:45,1586.958,32336.107,20.376,16659.882,10.498,,,,,11919.907,7.511,2740.462,1.727,1015.856,0.64
22/05/2026,2026-05-22,73,[17:00-17:15[,2026-05-22 16:00,1575.786,28680.469,18.201,16628.944,10.553,,,,,13537.2,8.591,2826.757,1.794,-4312.432,-2.737
22/05/2026,2026-05-22,74,[17:15-17:30[,2026-05-22 16:15,1585.943,31309.936,19.742,16524.881,10.42,,,,,13425.84,8.466,2672.738,1.685,-1313.524,-0.828
22/05/2026,2026-05-22,75,[17:30-17:45[,2026-05-22 16:30,1608.854,23524.373,14.622,16200.11,10.069,,,,,13084.8,8.133,2790.68,1.735,-8551.217,-5.315
22/05/2026,2026-05-22,76,[17:45-18:00[,2026-05-22 16:45,1617.499,20460.34,12.649,13979.154,8.642,,,,,10683.6,6.605,2864.894,1.771,-7067.308,-4.369
22/05/2026,2026-05-22,77,[18:00-18:15[,2026-05-22 17:00,1640.948,27107.171,16.519,14369.104,8.757,,,,,10699.08,6.52,2877.374,1.753,-838.386,-0.511
22/05/2026,2026-05-22,78,[18:15-18:30[,2026-05-22 17:15,1650.032,22222.286,13.468,13978.863,8.472,,,,,5310.516,3.218,2844.821,1.724,88.086,0.053
22/05/2026,2026-05-22,79,[18:30-18:45[,2026-05-22 17:30,1692.755,20163.893,11.912,13587.318,8.027,,,,,5212.956,3.08,2897.629,1.712,-1534.01,-0.906
22/05/2026,2026-05-22,80,[18:45-19:00[,2026-05-22 17:45,1713.42,12995.9,7.585,11297.74,6.594,,,,,2426.552,1.416,2885.111,1.684,-3613.503,-2.109
22/05/2026,2026-05-22,81,[19:00-19:15[,2026-05-22 18:00,1726.05,16287.873,9.437,12481.617,7.231,,,,,1811.94,1.05,2726.753,1.58,-732.436,-0.424
22/05/2026,2026-05-22,82,[19:15-19:30[,2026-05-22 18:15,1749.371,13382.274,7.65,10661.41,6.094,,,,,1811.94,1.036,2675.64,1.529,-1766.715,-1.01
22/05/2026,2026-05-22,83,[19:30-19:45[,2026-05-22 18:30,1777.974,7741.509,4.354,9398.066,5.286,,,,,1557.164,0.876,2693.867,1.515,-5907.587,-3.323
22/05/2026,2026-05-22,84,[19:45-20:00[,2026-05-22 18:45,1789.929,8535.202,4.768,7936.157,4.434,,,,,1557.164,0.87,2638.599,1.474,-3596.718,-2.009
22/05/2026,2026-05-22,85,[20:00-20:15[,2026-05-22 19:00,1782.742,15091.708,8.465,7957.882,4.464,,,,,1847.82,1.037,2637.526,1.479,2648.48,1.486
22/05/2026,2026-05-22,86,[20:15-20:30[,2026-05-22 19:15,1780.817,14047.566,7.888,7831.236,4.398,,,,,1847.82,1.038,2513.124,1.411,1855.387,1.042
22/05/2026,2026-05-22,87,[20:30-20:45[,2026-05-22 19:30,1787.996,13354.074,7.469,7697.313,4.305,,,,,1847.82,1.033,2599.083,1.454,1209.857,0.677
22/05/2026,2026-05-22,88,[20:45-21:00[,2026-05-22 19:45,1772.1,13522.96,7.631,7837.795,4.423,,,,,1847.82,1.043,2582.116,1.457,1255.229,0.708
22/05/2026,2026-05-22,89,[21:00-21:15[,2026-05-22 20:00,1786.473,9987.744,5.591,7312.938,4.094,,,,,1835.4,1.027,2512.466,1.406,-1673.06,-0.937
22/05/2026,2026-05-22,90,[21:15-21:30[,2026-05-22 20:15,1780.172,10222.161,5.742,7916.14,4.447,,,,,1835.4,1.031,2441.494,1.371,-1970.873,-1.107
22/05/2026,2026-05-22,91,[21:30-21:45[,2026-05-22 20:30,1738.103,13078.935,7.525,7782.468,4.478,,,,,1835.4,1.056,2440.809,1.404,1020.259,0.587
22/05/2026,2026-05-22,92,[21:45-22:00[,2026-05-22 20:45,1711.303,14296.844,8.354,8120.335,4.745,,,,,1835.4,1.073,2444.996,1.429,1896.113,1.108
22/05/2026,2026-05-22,93,[22:00-22:15[,2026-05-22 21:00,1682.088,14324.028,8.516,8156.155,4.849,,,,,2218.58,1.319,2495.418,1.484,1453.875,0.864
22/05/2026,2026-05-22,94,[22:15-22:30[,2026-05-22 21:15,1646.024,13607.851,8.267,8261.35,5.019,,,,,2218.58,1.348,2483.566,1.509,644.355,0.391
22/05/2026,2026-05-22,95,[22:30-22:45[,2026-05-22 21:30,1611.48,13802.458,8.565,8430.1,5.231,,,,,2218.58,1.377,2487.446,1.544,666.332,0.413
22/05/2026,2026-05-22,96,[22:45-23:00[,2026-05-22 21:45,1587.013,13680.716,8.62,9769.433,6.156,,,,,2218.58,1.398,2418.674,1.524,-725.97,-0.457
23/05/2026,2026-05-23,1,[23:00-23:15[,2026-05-22 22:00,1555.232,14374.675,9.243,7891.875,5.074,,,,,1913.16,1.23,2388.656,1.536,2180.984,1.402
23/05/2026,2026-05-23,2,[23:15-23:30[,2026-05-22 22:15,1508.578,11783.805,7.811,8361.25,5.542,,,,,1913.16,1.268,2720.62,1.803,-1211.226,-0.803
23/05/2026,2026-05-23,3,[23:30-23:45[,2026-05-22 22:30,1473.869,17070.806,11.582,9518.938,6.458,,,,,1913.16,1.298,2717.301,1.844,2921.407,1.982
23/05/2026,2026-05-23,4,[23:45-00:00[,2026-05-22 22:45,1442.986,14988.821,10.387,10091.188,6.993,,,,,1913.16,1.326,2713.639,1.881,270.835,0.188
23/05/2026,2026-05-23,5,[00:00-00:15[,2026-05-22 23:00,1410.4,12822.671,9.092,10255.625,7.271,,,,,1889.32,1.34,2644.99,1.875,-1967.264,-1.395
23/05/2026,2026-05-23,6,[00:15-00:30[,2026-05-22 23:15,1389.139,12943.996,9.318,10689.125,7.695,,,,,1889.32,1.36,2630.13,1.893,-2264.578,-1.63
23/05/2026,2026-05-23,7,[00:30-00:45[,2026-05-22 23:30,1360.341,16399.197,12.055,11158.5,8.203,,,,,1889.32,1.389,2691.407,1.978,659.97,0.485
23/05/2026,2026-05-23,8,[00:45-01:00[,2026-05-22 23:45,1337.227,21451.262,16.042,12364.5,9.246,,,,,1889.32,1.413,2702.231,2.021,4495.21,3.362
23/05/2026,2026-05-23,9,[01:00-01:15[,2026-05-23 00:00,1312.844,20233.826,15.412,12512.625,9.531,,,,,1698.6,1.294,2699.264,2.056,3323.337,2.531
23/05/2026,2026-05-23,10,[01:15-01:30[,2026-05-23 00:15,1281.282,17056.77,13.312,12808.875,9.997,,,,,1698.6,1.326,2660.619,2.077,-111.324,-0.087
23/05/2026,2026-05-23,11,[01:30-01:45[,2026-05-23 00:30,1283.864,19909.784,15.508,12857.625,10.015,,,,,2038.32,1.588,2583.519,2.012,2430.32,1.893
23/05/2026,2026-05-23,12,[01:45-02:00[,2026-05-23 00:45,1272.572,19095.987,15.006,12836.313,10.087,,,,,2038.32,1.602,2614.457,2.054,1606.898,1.263
23/05/2026,2026-05-23,13,[02:00-02:15[,2026-05-23 01:00,1263.461,16876.918,13.358,12580.508,9.957,,,,,1949.4,1.543,2684.276,2.125,-337.266,-0.267
23/05/2026,2026-05-23,14,[02:15-02:30[,2026-05-23 01:15,1250.463,18966.425,15.168,13852.588,11.078,,,,,1949.4,1.559,2697.039,2.157,467.398,0.374
23/05/2026,2026-05-23,15,[02:30-02:45[,2026-05-23 01:30,1232.287,18735.79,15.204,13930.85,11.305,,,,,1949.4,1.582,2697.18,2.189,158.36,0.129
23/05/2026,2026-05-23,16,[02:45-03:00[,2026-05-23 01:45,1216.757,18999.284,15.615,13749.494,11.3,,,,,1949.4,1.602,2698.259,2.218,602.131,0.495
23/05/2026,2026-05-23,17,[03:00-03:15[,2026-05-23 02:00,1222.358,17284.772,14.141,13014.75,10.647,,,,,1922.04,1.572,2609.22,2.135,-261.238,-0.214
23/05/2026,2026-05-23,18,[03:15-03:30[,2026-05-23 02:15,1199.826,17471.518,14.562,13072.125,10.895,,,,,1922.04,1.602,2606.933,2.173,-129.581,-0.108
23/05/2026,2026-05-23,19,[03:30-03:45[,2026-05-23 02:30,1200.627,16827.621,14.016,13003.875,10.831,,,,,1922.04,1.601,2605.137,2.17,-703.431,-0.586
23/05/2026,2026-05-23,20,[03:45-04:00[,2026-05-23 02:45,1197.947,16929.293,14.132,12580.31,10.502,,,,,1922.04,1.604,2647.616,2.21,-220.672,-0.184
23/05/2026,2026-05-23,21,[04:00-04:15[,2026-05-23 03:00,1190.272,17162.903,14.419,13766.263,11.566,,,,,1976.76,1.661,2678.094,2.25,-1258.213,-1.057
23/05/2026,2026-05-23,22,[04:15-04:30[,2026-05-23 03:15,1186.323,16663.055,14.046,12717.875,10.72,,,,,1976.76,1.666,2691.588,2.269,-723.168,-0.61
23/05/2026,2026-05-23,23,[04:30-04:45[,2026-05-23 03:30,1186.065,19656.21,16.573,14455.341,12.188,,,,,1976.76,1.667,2671.435,2.252,552.674,0.466
23/05/2026,2026-05-23,24,[04:45-05:00[,2026-05-23 03:45,1174.397,17443.676,14.853,13545.119,11.534,,,,,1976.76,1.683,2582.846,2.199,-661.048,-0.563
23/05/2026,2026-05-23,25,[05:00-05:15[,2026-05-23 04:00,1187.831,16679.584,14.042,13325.413,11.218,,,,,1983.6,1.67,2605.588,2.194,-1235.016,-1.04
23/05/2026,2026-05-23,26,[05:15-05:30[,2026-05-23 04:15,1188.386,17928.389,15.086,14233.781,11.977,,,,,1983.6,1.669,2643.045,2.224,-932.037,-0.784
23/05/2026,2026-05-23,27,[05:30-05:45[,2026-05-23 04:30,1175.416,16763.6,14.262,12698.188,10.803,,,,,1983.6,1.688,2633.805,2.241,-551.992,-0.47
23/05/2026,2026-05-23,28,[05:45-06:00[,2026-05-23 04:45,1182.535,17529.897,14.824,12698.188,10.738,,,,,1983.6,1.677,2656.157,2.246,191.953,0.162
23/05/2026,2026-05-23,29,[06:00-06:15[,2026-05-23 05:00,1184.574,16666.281,14.069,12551.292,10.596,,,,,2181.96,1.842,2686.824,2.268,-753.795,-0.636
23/05/2026,2026-05-23,30,[06:15-06:30[,2026-05-23 05:15,1176.33,17753.964,15.093,12572.82,10.688,,,,,2181.96,1.855,2631.897,2.237,367.287,0.312
23/05/2026,2026-05-23,31,[06:30-06:45[,2026-05-23 05:30,1183.102,14859.353,12.56,14069.609,11.892,,,,,2181.96,1.844,2562.689,2.166,-3954.905,-3.343
23/05/2026,2026-05-23,32,[06:45-07:00[,2026-05-23 05:45,1191.049,16109.746,13.526,15350.662,12.888,,,,,2181.96,1.832,2583.761,2.169,-4006.636,-3.364
23/05/2026,2026-05-23,33,[07:00-07:15[,2026-05-23 06:00,1220.123,21448.321,17.579,15119.698,12.392,,,,,4210.8,3.451,2582.578,2.117,-464.755,-0.381
23/05/2026,2026-05-23,34,[07:15-07:30[,2026-05-23 06:15,1230.351,21728.626,17.661,15323.337,12.454,,,,,4210.8,3.422,2583.829,2.1,-389.34,-0.316
23/05/2026,2026-05-23,35,[07:30-07:45[,2026-05-23 06:30,1262.839,29060.994,23.012,16415.945,12.999,,,,,9450.96,7.484,2574.211,2.038,619.879,0.491
23/05/2026,2026-05-23,36,[07:45-08:00[,2026-05-23 06:45,1297.21,27466.768,21.174,16826.553,12.971,,,,,9450.96,7.286,2570.572,1.982,-1381.317,-1.065
23/05/2026,2026-05-23,37,[08:00-08:15[,2026-05-23 07:00,1311.733,28054.016,21.387,16344.158,12.46,,,,,8391.52,6.397,2560.567,1.952,757.771,0.578
23/05/2026,2026-05-23,38,[08:15-08:30[,2026-05-23 07:15,1359.814,18086.717,13.301,16753.738,12.321,,,,,8422.285,6.194,2532.559,1.862,-9621.864,-7.076
23/05/2026,2026-05-23,39,[08:30-08:45[,2026-05-23 07:30,1382.692,18438.359,13.335,16850.638,12.187,,,,,8854.678,6.404,2471.21,1.787,-9738.166,-7.043
23/05/2026,2026-05-23,40,[08:45-09:00[,2026-05-23 07:45,1377.997,28080.871,20.378,16850.638,12.228,,,,,8574.645,6.223,2509.419,1.821,146.169,0.106
23/05/2026,2026-05-23,41,[09:00-09:15[,2026-05-23 08:00,1415.613,28644.356,20.235,16845.488,11.9,,,,,9233.672,6.523,2413.768,1.705,151.429,0.107
23/05/2026,2026-05-23,42,[09:15-09:30[,2026-05-23 08:15,1416.273,28741.392,20.294,16846.425,11.895,,,,,9265.13,6.542,2399.31,1.694,230.527,0.163
23/05/2026,2026-05-23,43,[09:30-09:45[,2026-05-23 08:30,1414.172,28703.595,20.297,16872.675,11.931,,,,,9295.09,6.573,2388.491,1.689,147.339,0.104
23/05/2026,2026-05-23,44,[09:45-10:00[,2026-05-23 08:45,1406.336,30516.776,21.699,16938.3,12.044,,,,,9337.034,6.639,2353.116,1.673,1888.325,1.343
23/05/2026,2026-05-23,45,[10:00-10:15[,2026-05-23 09:00,1423.628,28559.577,20.061,16991.694,11.935,,,,,9338.532,6.56,2215.863,1.556,13.488,0.009
23/05/2026,2026-05-23,46,[10:15-10:30[,2026-05-23 09:15,1428.093,28666.64,20.073,16997.499,11.902,,,,,9369.99,6.561,2162.157,1.514,136.994,0.096
23/05/2026,2026-05-23,47,[10:30-10:45[,2026-05-23 09:30,1428.15,28538.494,19.983,17002.066,11.905,,,,,9402.946,6.584,2146.188,1.503,-12.706,-0.009
23/05/2026,2026-05-23,48,[10:45-11:00[,2026-05-23 09:45,1433.546,28835.797,20.115,17048.15,11.892,,,,,9434.404,6.581,2216.612,1.546,136.632,0.095
23/05/2026,2026-05-23,49,[11:00-11:15[,2026-05-23 10:00,1438.834,29130.715,20.246,17048.15,11.849,,,,,9690.562,6.735,2322.045,1.614,69.958,0.049
23/05/2026,2026-05-23,50,[11:15-11:30[,2026-05-23 10:15,1469.674,29227.19,19.887,17048.15,11.6,,,,,9723.518,6.616,2415.167,1.643,40.355,0.027
23/05/2026,2026-05-23,51,[11:30-11:45[,2026-05-23 10:30,1481.265,29207.273,19.718,17048.15,11.509,,,,,9650.116,6.515,2364.602,1.596,144.405,0.097
23/05/2026,2026-05-23,52,[11:45-12:00[,2026-05-23 10:45,1483.92,28773.507,19.39,17048.15,11.489,,,,,9666.594,6.514,2240.832,1.51,-182.069,-0.123
23/05/2026,2026-05-23,53,[12:00-12:15[,2026-05-23 11:00,1490.777,27612.162,18.522,17048.15,11.436,,,,,8866.18,5.947,2023.055,1.357,-325.222,-0.218
23/05/2026,2026-05-23,54,[12:15-12:30[,2026-05-23 11:15,1483.971,27464.037,18.507,17048.15,11.488,,,,,8879.365,5.984,2064.92,1.391,-528.398,-0.356
23/05/2026,2026-05-23,55,[12:30-12:45[,2026-05-23 11:30,1487.429,27494.022,18.484,17048.15,11.461,,,,,8891.085,5.977,2024.395,1.361,-469.609,-0.316
23/05/2026,2026-05-23,56,[12:45-13:00[,2026-05-23 11:45,1469.675,25878.559,17.608,17048.15,11.6,,,,,8899.875,6.056,2059.933,1.402,-2129.399,-1.449
23/05/2026,2026-05-23,57,[13:00-13:15[,2026-05-23 12:00,1449.386,21717.928,14.984,17048.15,11.762,,,,,4574.4,3.156,1987.798,1.371,-1892.419,-1.306
23/05/2026,2026-05-23,58,[13:15-13:30[,2026-05-23 12:15,1443.734,22531.364,15.606,17048.15,11.808,,,,,4574.4,3.168,2007.834,1.391,-1099.02,-0.761
23/05/2026,2026-05-23,59,[13:30-13:45[,2026-05-23 12:30,1404.241,27644.054,19.686,17057.525,12.147,,,,,8962.87,6.383,2002.929,1.426,-379.27,-0.27
23/05/2026,2026-05-23,60,[13:45-14:00[,2026-05-23 12:45,1391.874,27566.912,19.806,17057.525,12.255,,,,,8962.87,6.439,2004.944,1.44,-458.426,-0.329
23/05/2026,2026-05-23,61,[14:00-14:15[,2026-05-23 13:00,1388.953,21036.45,15.146,17048.15,12.274,,,,,4573.6,3.293,2031.258,1.462,-2616.559,-1.884
23/05/2026,2026-05-23,62,[14:15-14:30[,2026-05-23 13:15,1384.389,22613.878,16.335,17048.15,12.315,,,,,4572,3.303,2031.228,1.467,-1037.5,-0.749
23/05/2026,2026-05-23,63,[14:30-14:45[,2026-05-23 13:30,1392.22,22964.611,16.495,17048.15,12.245,,,,,4569.6,3.282,2057.835,1.478,-710.974,-0.511
23/05/2026,2026-05-23,64,[14:45-15:00[,2026-05-23 13:45,1378.943,23668.225,17.164,17048.15,12.363,,,,,4558.4,3.306,2069.9,1.501,-8.225,-0.006
23/05/2026,2026-05-23,65,[15:00-15:15[,2026-05-23 14:00,1370.008,26382.366,19.257,16944.863,12.368,,,,,8867.645,6.473,2067.343,1.509,-1497.484,-1.093
23/05/2026,2026-05-23,66,[15:15-15:30[,2026-05-23 14:15,1360.605,27469.018,20.189,16938.3,12.449,,,,,8842.74,6.499,2071.052,1.522,-383.074,-0.282
23/05/2026,2026-05-23,67,[15:30-15:45[,2026-05-23 14:30,1355.573,27864.493,20.556,16938.3,12.495,,,,,8832.485,6.516,2100.107,1.549,-6.4,-0.005
23/05/2026,2026-05-23,68,[15:45-16:00[,2026-05-23 14:45,1349.52,28392.293,21.039,16938.3,12.551,,,,,8806.115,6.525,2121.524,1.572,526.354,0.39
23/05/2026,2026-05-23,69,[16:00-16:15[,2026-05-23 15:00,1345.531,16581.917,12.324,16920.488,12.575,,,,,9575.216,7.116,2146.432,1.595,-12060.219,-8.963
23/05/2026,2026-05-23,70,[16:15-16:30[,2026-05-23 15:15,1349.415,29365.401,21.762,16906.425,12.529,,,,,9545.256,7.074,2151.486,1.594,762.234,0.565
23/05/2026,2026-05-23,71,[16:30-16:45[,2026-05-23 15:30,1341.17,28576.759,21.307,16845.488,12.56,,,,,9693.558,7.228,2168.442,1.617,-130.728,-0.097
23/05/2026,2026-05-23,72,[16:45-17:00[,2026-05-23 15:45,1355.405,30754.13,22.69,16844.55,12.428,,,,,9662.1,7.129,2064.378,1.523,2183.102,1.611
23/05/2026,2026-05-23,73,[17:00-17:15[,2026-05-23 16:00,1355.579,24202.725,17.854,16843.613,12.425,,,,,10530.82,7.769,2102.222,1.551,-5273.929,-3.891
23/05/2026,2026-05-23,74,[17:15-17:30[,2026-05-23 16:15,1357.698,27504.477,20.258,16765.405,12.348,,,,,10514.84,7.745,2210.126,1.628,-1985.894,-1.463
23/05/2026,2026-05-23,75,[17:30-17:45[,2026-05-23 16:30,1377.108,30163.115,21.903,16651.095,12.091,,,,,10466.9,7.601,2240.552,1.627,804.569,0.584
23/05/2026,2026-05-23,76,[17:45-18:00[,2026-05-23 16:45,1383.341,22011.737,15.912,15704.375,11.352,,,,,9895.788,7.154,2244.752,1.623,-5833.178,-4.217
23/05/2026,2026-05-23,77,[18:00-18:15[,2026-05-23 17:00,1395.383,31719.133,22.731,16368.245,11.73,,,,,10367.272,7.43,2352.011,1.686,2631.605,1.886
23/05/2026,2026-05-23,78,[18:15-18:30[,2026-05-23 17:15,1409.189,18117.563,12.857,14478.678,10.274,,,,,2691.66,1.91,2369.544,1.681,-1422.319,-1.009
23/05/2026,2026-05-23,79,[18:30-18:45[,2026-05-23 17:30,1430.51,17044.339,11.915,13731.956,9.599,,,,,2691.66,1.882,2374.137,1.66,-1753.414,-1.226
23/05/2026,2026-05-23,80,[18:45-19:00[,2026-05-23 17:45,1443.673,18024.697,12.485,11156.65,7.728,,,,,2691.66,1.864,2391.662,1.657,1784.725,1.236
23/05/2026,2026-05-23,81,[19:00-19:15[,2026-05-23 18:00,1480.589,19687.336,13.297,14548.771,9.826,,,,,2437.58,1.646,2432.438,1.643,268.546,0.181
23/05/2026,2026-05-23,82,[19:15-19:30[,2026-05-23 18:15,1507.944,17720.54,11.751,13612.283,9.027,,,,,2437.58,1.616,2428.899,1.611,-758.221,-0.503
23/05/2026,2026-05-23,83,[19:30-19:45[,2026-05-23 18:30,1505.621,16634.778,11.048,12858.861,8.541,,,,,1782.04,1.184,2422.407,1.609,-428.53,-0.285
23/05/2026,2026-05-23,84,[19:45-20:00[,2026-05-23 18:45,1532.083,14361.145,9.374,11253.515,7.345,,,,,1782.04,1.163,2325.545,1.518,-999.954,-0.653
23/05/2026,2026-05-23,85,[20:00-20:15[,2026-05-23 19:00,1555.126,12807.08,8.235,10540.178,6.778,,,,,1722.44,1.108,2278.251,1.465,-1733.789,-1.115
23/05/2026,2026-05-23,86,[20:15-20:30[,2026-05-23 19:15,1547.47,13226.466,8.547,10150.131,6.559,,,,,1722.44,1.113,2276.654,1.471,-922.759,-0.596
23/05/2026,2026-05-23,87,[20:30-20:45[,2026-05-23 19:30,1541.225,13182.269,8.553,10054.875,6.524,,,,,1722.44,1.118,2230.932,1.448,-825.977,-0.536
23/05/2026,2026-05-23,88,[20:45-21:00[,2026-05-23 19:45,1548.096,15019.637,9.702,10160.625,6.563,,,,,1722.44,1.113,1992.105,1.287,1144.467,0.739
23/05/2026,2026-05-23,89,[21:00-21:15[,2026-05-23 20:00,1558.375,9218.348,5.915,8820,5.66,,,,,1883.36,1.209,2183.735,1.401,-3668.747,-2.354
23/05/2026,2026-05-23,90,[21:15-21:30[,2026-05-23 20:15,1551.987,12599.175,8.118,9547.5,6.152,,,,,1883.36,1.214,2230.786,1.437,-1062.471,-0.685
23/05/2026,2026-05-23,91,[21:30-21:45[,2026-05-23 20:30,1528.691,11029.236,7.215,8830.313,5.776,,,,,1883.36,1.232,2230.282,1.459,-1914.719,-1.253
23/05/2026,2026-05-23,92,[21:45-22:00[,2026-05-23 20:45,1505.727,14738.391,9.788,10508,6.979,,,,,1883.36,1.251,2231.072,1.482,115.958,0.077
23/05/2026,2026-05-23,93,[22:00-22:15[,2026-05-23 21:00,1510.025,14424.142,9.552,10581.125,7.007,,,,,2142.86,1.419,2484.248,1.645,-784.092,-0.519
23/05/2026,2026-05-23,94,[22:15-22:30[,2026-05-23 21:15,1491.849,15680.899,10.511,11446.25,7.673,,,,,2142.86,1.436,2484.218,1.665,-392.429,-0.263
23/05/2026,2026-05-23,95,[22:30-22:45[,2026-05-23 21:30,1473.283,15163.387,10.292,11915.5,8.088,,,,,2142.86,1.454,2484.836,1.687,-1379.808,-0.937
23/05/2026,2026-05-23,96,[22:45-23:00[,2026-05-23 21:45,1430.442,17845.464,12.475,12988.5,9.08,,,,,2142.86,1.498,2484.314,1.737,229.79,0.161
24/05/2026,2026-05-24,1,[23:00-23:15[,2026-05-23 22:00,1413.455,15128.237,10.703,12232.757,8.655,,,,,1771.808,1.254,2484.928,1.758,-1361.256,-0.963
24/05/2026,2026-05-24,2,[23:15-23:30[,2026-05-23 22:15,1382.746,18235.459,13.188,12850.57,9.294,,,,,2073.28,1.499,2483.913,1.796,827.697,0.599
24/05/2026,2026-05-24,3,[23:30-23:45[,2026-05-23 22:30,1343.064,20295.943,15.112,15051.72,11.207,,,,,2073.28,1.544,2484.194,1.85,686.749,0.511
24/05/2026,2026-05-24,4,[23:45-00:00[,2026-05-23 22:45,1326.318,20017.074,15.092,15584.495,11.75,,,,,2073.28,1.563,2483.827,1.873,-124.527,-0.094
24/05/2026,2026-05-24,5,[00:00-00:15[,2026-05-23 23:00,1303.832,19729.878,15.132,15321.508,11.751,,,,,1921.28,1.474,2484.284,1.905,2.807,0.002
24/05/2026,2026-05-24,6,[00:15-00:30[,2026-05-23 23:15,1272.04,20030.906,15.747,15820.903,12.437,,,,,1921.28,1.51,2485.228,1.954,-196.506,-0.154
24/05/2026,2026-05-24,7,[00:30-00:45[,2026-05-23 23:30,1255.041,21443.93,17.086,16084.728,12.816,,,,,1921.28,1.531,2484.708,1.98,953.215,0.76
24/05/2026,2026-05-24,8,[00:45-01:00[,2026-05-23 23:45,1245.515,23596.81,18.945,16264.381,13.058,,,,,1921.28,1.543,2484.026,1.994,2927.124,2.35
24/05/2026,2026-05-24,9,[01:00-01:15[,2026-05-24 00:00,1215.906,20662.24,16.993,16264.381,13.376,,,,,1787.52,1.47,2487.406,2.046,122.933,0.101
24/05/2026,2026-05-24,10,[01:15-01:30[,2026-05-24 00:15,1196.711,20847.218,17.42,16264.381,13.591,,,,,1787.52,1.494,2488.027,2.079,307.29,0.257
24/05/2026,2026-05-24,11,[01:30-01:45[,2026-05-24 00:30,1194.675,20956.783,17.542,16264.381,13.614,,,,,1787.52,1.496,2485.077,2.08,419.805,0.351
24/05/2026,2026-05-24,12,[01:45-02:00[,2026-05-24 00:45,1152.632,20445.802,17.738,16264.94,14.111,,,,,1787.52,1.551,2484.892,2.156,-91.55,-0.079
24/05/2026,2026-05-24,13,[02:00-02:15[,2026-05-24 01:00,1147.855,20691.422,18.026,16264.742,14.17,,,,,1702.4,1.483,2481.12,2.162,243.16,0.212
24/05/2026,2026-05-24,14,[02:15-02:30[,2026-05-24 01:15,1147.638,19760.349,17.218,16265.831,14.173,,,,,1337.6,1.166,2483.858,2.164,-326.94,-0.285
24/05/2026,2026-05-24,15,[02:30-02:45[,2026-05-24 01:30,1120.897,19247.576,17.172,16266.611,14.512,,,,,1337.6,1.193,2484.814,2.217,-841.449,-0.751
24/05/2026,2026-05-24,16,[02:45-03:00[,2026-05-24 01:45,1127.477,19576.656,17.363,16267.311,14.428,,,,,1702.4,1.51,2483.665,2.203,-876.721,-0.778
24/05/2026,2026-05-24,17,[03:00-03:15[,2026-05-24 02:00,1125.889,21687.858,19.263,16268.442,14.449,,,1947.05,1.729,1684.16,1.496,2482.034,2.205,-693.827,-0.616
24/05/2026,2026-05-24,18,[03:15-03:30[,2026-05-24 02:15,1096.355,20464.324,18.666,16268.808,14.839,,,,,1684.16,1.536,2483.646,2.265,27.71,0.025
24/05/2026,2026-05-24,19,[03:30-03:45[,2026-05-24 02:30,1099.515,20758.69,18.88,16270.289,14.798,,,,,1684.16,1.532,2483.314,2.259,320.927,0.292
24/05/2026,2026-05-24,20,[03:45-04:00[,2026-05-24 02:45,1091.992,20564.116,18.832,16271.42,14.901,,,,,1684.16,1.542,2482.334,2.273,126.202,0.116
24/05/2026,2026-05-24,21,[04:00-04:15[,2026-05-24 03:00,1097.848,20420.42,18.6,16272.098,14.822,,,,,1708.48,1.556,2481.033,2.26,-41.19,-0.038
24/05/2026,2026-05-24,22,[04:15-04:30[,2026-05-24 03:15,1085.904,20358.716,18.748,16273.912,14.987,,,,,1708.48,1.573,2482.812,2.286,-106.488,-0.098
24/05/2026,2026-05-24,23,[04:30-04:45[,2026-05-24 03:30,1084.153,20569.011,18.972,16275.393,15.012,,,,,1708.48,1.576,2482.811,2.29,102.327,0.094
24/05/2026,2026-05-24,24,[04:45-05:00[,2026-05-24 03:45,1089.362,20380.699,18.709,16276.874,14.942,,,,,1708.48,1.568,2482.97,2.279,-87.625,-0.08
24/05/2026,2026-05-24,25,[05:00-05:15[,2026-05-24 04:00,1072.048,18779.794,17.518,16277.24,15.183,,,,,1708.48,1.594,2485.562,2.319,-1691.488,-1.578
24/05/2026,2026-05-24,26,[05:15-05:30[,2026-05-24 04:15,1090.026,18797.722,17.245,16278.371,14.934,,,,,1708.48,1.567,2487.181,2.282,-1676.31,-1.538
24/05/2026,2026-05-24,27,[05:30-05:45[,2026-05-24 04:30,1093.612,21085.562,19.281,16278.737,14.885,,,,,1708.48,1.562,2485.233,2.272,613.113,0.561
24/05/2026,2026-05-24,28,[05:45-06:00[,2026-05-24 04:45,1072.24,20936.856,19.526,16280.552,15.184,,,887.5,0.828,1708.48,1.593,2484.727,2.317,-424.402,-0.396
24/05/2026,2026-05-24,29,[06:00-06:15[,2026-05-24 05:00,1077.579,21430.932,19.888,15837.981,14.698,,,887.5,0.824,3367.4,3.125,2486.508,2.307,-1148.457,-1.066
24/05/2026,2026-05-24,30,[06:15-06:30[,2026-05-24 05:15,1060.726,19562.297,18.442,15826.006,14.92,,,,,3367.4,3.175,2486.665,2.344,-2117.774,-1.997
24/05/2026,2026-05-24,31,[06:30-06:45[,2026-05-24 05:30,1064.436,15002.161,14.094,15813.259,14.856,,,,,3367.4,3.164,2487.484,2.337,-6665.982,-6.262
24/05/2026,2026-05-24,32,[06:45-07:00[,2026-05-24 05:45,1069.412,30157.635,28.2,16118.462,15.072,,,,,11498.22,10.752,2486.355,2.325,54.598,0.051
24/05/2026,2026-05-24,33,[07:00-07:15[,2026-05-24 06:00,1082.346,32399.516,29.935,15856.529,14.65,,,,,14501.874,13.399,2485.225,2.296,-444.112,-0.41
24/05/2026,2026-05-24,34,[07:15-07:30[,2026-05-24 06:15,1078.482,33097.813,30.689,16158.475,14.983,,,,,14356.377,13.312,2483.122,2.302,99.838,0.093
24/05/2026,2026-05-24,35,[07:30-07:45[,2026-05-24 06:30,1093.921,34116.962,31.188,16891.278,15.441,,,,,14450.212,13.21,2482.97,2.27,292.502,0.267
24/05/2026,2026-05-24,36,[07:45-08:00[,2026-05-24 06:45,1109.055,34319.345,30.945,17029.594,15.355,,,,,12545.294,11.312,2460.267,2.218,2284.191,2.06
24/05/2026,2026-05-24,37,[08:00-08:15[,2026-05-24 07:00,1125.359,32447.333,28.833,17160.775,15.249,,,,,12738.194,11.319,2477.178,2.201,71.187,0.063
24/05/2026,2026-05-24,38,[08:15-08:30[,2026-05-24 07:15,1130.751,32022.476,28.32,17159.72,15.176,,,,,12652.713,11.19,2470.234,2.185,-260.19,-0.23
24/05/2026,2026-05-24,39,[08:30-08:45[,2026-05-24 07:30,1150.197,32095.912,27.905,17368.168,15.1,,,,,12328.16,10.718,2472.464,2.15,-72.88,-0.063
24/05/2026,2026-05-24,40,[08:45-09:00[,2026-05-24 07:45,1163.933,32603.317,28.011,17364.56,14.919,,,,,12378.08,10.635,2441.38,2.098,419.297,0.36
24/05/2026,2026-05-24,41,[09:00-09:15[,2026-05-24 08:00,1184.627,32423.224,27.37,17356.863,14.652,,,,,12941.282,10.924,2423.183,2.046,-298.103,-0.252
24/05/2026,2026-05-24,42,[09:15-09:30[,2026-05-24 08:15,1201.494,32028.406,26.657,17372.221,14.459,,,,,12911.378,10.746,2406.119,2.003,-661.312,-0.55
24/05/2026,2026-05-24,43,[09:30-09:45[,2026-05-24 08:30,1196.999,32244.952,26.938,17386.632,14.525,,,,,13189.75,11.019,2385.32,1.993,-716.75,-0.599
24/05/2026,2026-05-24,44,[09:45-10:00[,2026-05-24 08:45,1205.983,31350.512,25.996,17426.707,14.45,,,,,13062.905,10.832,2302.168,1.909,-1441.267,-1.195
24/05/2026,2026-05-24,45,[10:00-10:15[,2026-05-24 09:00,1217.452,30834.296,25.327,17497.658,14.372,,,,,13126.78,10.782,2258.574,1.855,-2048.716,-1.683
24/05/2026,2026-05-24,46,[10:15-10:30[,2026-05-24 09:15,1228.622,29017.436,23.618,17495.231,14.24,,,,,12242.844,9.965,2213.652,1.802,-2934.292,-2.388
24/05/2026,2026-05-24,47,[10:30-10:45[,2026-05-24 09:30,1228.068,28981.507,23.599,17535.835,14.279,,,,,11159.999,9.087,2183.514,1.778,-1897.84,-1.545
24/05/2026,2026-05-24,48,[10:45-11:00[,2026-05-24 09:45,1232.455,31241.094,25.349,17536.219,14.229,,,,,13446.908,10.911,2132.378,1.73,-1874.411,-1.521
24/05/2026,2026-05-24,49,[11:00-11:15[,2026-05-24 10:00,1256.225,31485.83,25.064,17533.217,13.957,,,,,14989.68,11.932,2108.02,1.678,-3145.086,-2.504
24/05/2026,2026-05-24,50,[11:15-11:30[,2026-05-24 10:15,1247.045,28869.382,23.15,17530.966,14.058,,,,,13114.062,10.516,2112.376,1.694,-3888.021,-3.118
24/05/2026,2026-05-24,51,[11:30-11:45[,2026-05-24 10:30,1265.91,31072.912,24.546,17529.089,13.847,,,,,13521.773,10.681,2079.601,1.643,-2057.551,-1.625
24/05/2026,2026-05-24,52,[11:45-12:00[,2026-05-24 10:45,1287.389,31433.057,24.416,17527.588,13.615,,,,,13565.673,10.537,2087.047,1.621,-1747.252,-1.357
24/05/2026,2026-05-24,53,[12:00-12:15[,2026-05-24 11:00,1279.566,29877.418,23.35,17526.838,13.697,,,,,12302.327,9.614,2080.75,1.626,-2032.496,-1.588
24/05/2026,2026-05-24,54,[12:15-12:30[,2026-05-24 11:15,1285.898,30361.744,23.611,17526.838,13.63,,,,,12279.759,9.55,2092.582,1.627,-1537.435,-1.196
24/05/2026,2026-05-24,55,[12:30-12:45[,2026-05-24 11:30,1297.875,30213.194,23.279,17526.838,13.504,,,,,12347.923,9.514,2160.778,1.665,-1822.346,-1.404
24/05/2026,2026-05-24,56,[12:45-13:00[,2026-05-24 11:45,1265.615,29868.673,23.6,17527.213,13.849,,,,,12302.036,9.72,2158.803,1.706,-2119.379,-1.675
24/05/2026,2026-05-24,57,[13:00-13:15[,2026-05-24 12:00,1256.359,29848.914,23.758,17527.588,13.951,,,,,12367.311,9.844,2169.217,1.727,-2215.202,-1.763
24/05/2026,2026-05-24,58,[13:15-13:30[,2026-05-24 12:15,1241.529,29877.671,24.065,17528.339,14.118,,,,,12168.396,9.801,2192.019,1.766,-2011.082,-1.62
24/05/2026,2026-05-24,59,[13:30-13:45[,2026-05-24 12:30,1203.586,31122.206,25.858,17529.089,14.564,,,,,11925.67,9.908,2205.435,1.832,-537.988,-0.447
24/05/2026,2026-05-24,60,[13:45-14:00[,2026-05-24 12:45,1200.001,29503.746,24.586,17530.215,14.609,,,,,11921.658,9.935,2203.842,1.837,-2151.969,-1.793
24/05/2026,2026-05-24,61,[14:00-14:15[,2026-05-24 13:00,1186.842,30219.826,25.462,17531.341,14.771,,,,,11046.171,9.307,2203.765,1.857,-561.452,-0.473
24/05/2026,2026-05-24,62,[14:15-14:30[,2026-05-24 13:15,1174.737,30220.211,25.725,17532.842,14.925,,,,,11063.307,9.418,2187.142,1.862,-563.079,-0.479
24/05/2026,2026-05-24,63,[14:30-14:45[,2026-05-24 13:30,1173.286,30095.087,25.65,17534.343,14.945,,,,,11092.777,9.454,2194.89,1.871,-726.922,-0.62
24/05/2026,2026-05-24,64,[14:45-15:00[,2026-05-24 13:45,1165.936,30064.418,25.786,17536.219,15.04,,,,,11021.539,9.453,2209.463,1.895,-702.803,-0.603
24/05/2026,2026-05-24,65,[15:00-15:15[,2026-05-24 14:00,1165.902,31603.204,27.106,17538.471,15.043,,,,,12241.608,10.5,2221.844,1.906,-398.718,-0.342
24/05/2026,2026-05-24,66,[15:15-15:30[,2026-05-24 14:15,1154.514,31432.654,27.226,17523.989,15.179,,,,,12190.892,10.559,2229.349,1.931,-511.576,-0.443
24/05/2026,2026-05-24,67,[15:30-15:45[,2026-05-24 14:30,1172.978,22703.213,19.355,17274.308,14.727,,,,,12149.517,10.358,2240.835,1.91,-8961.447,-7.64
24/05/2026,2026-05-24,68,[15:45-16:00[,2026-05-24 14:45,1180.234,31104.706,26.355,17263.319,14.627,,,,,12093.588,10.247,2257.841,1.913,-510.042,-0.432
24/05/2026,2026-05-24,69,[16:00-16:15[,2026-05-24 15:00,1178.99,30276.052,25.68,17242.584,14.625,,,,,12877.28,10.922,2288.985,1.941,-2132.796,-1.809
24/05/2026,2026-05-24,70,[16:15-16:30[,2026-05-24 15:15,1191.061,30069.856,25.246,17247.205,14.481,,,,,12835.68,10.777,2309.74,1.939,-2322.768,-1.95
24/05/2026,2026-05-24,71,[16:30-16:45[,2026-05-24 15:30,1205.941,37181.154,30.832,17085.738,14.168,,,,,13192.39,10.939,2306.378,1.913,4596.65,3.812
24/05/2026,2026-05-24,72,[16:45-17:00[,2026-05-24 15:45,1227.053,35208.255,28.693,17069.097,13.911,,,,,13004.16,10.598,2302.079,1.876,2832.919,2.309
24/05/2026,2026-05-24,73,[17:00-17:15[,2026-05-24 16:00,1249.039,33771.518,27.038,16853.465,13.493,,,,,15518.548,12.424,2420.861,1.938,-1021.356,-0.818
24/05/2026,2026-05-24,74,[17:15-17:30[,2026-05-24 16:15,1259.456,38377.93,30.472,16769.1,13.315,,,,,15264.72,12.12,2502.238,1.987,3841.872,3.05
24/05/2026,2026-05-24,75,[17:30-17:45[,2026-05-24 16:30,1282.174,39390.527,30.722,16574.1,12.927,,,,,15264.72,11.905,2505.014,1.954,5046.693,3.936
24/05/2026,2026-05-24,76,[17:45-18:00[,2026-05-24 16:45,1294.534,32750.1,25.299,16048.457,12.397,,,,,15339.05,11.849,2503.382,1.934,-1140.788,-0.881
24/05/2026,2026-05-24,77,[18:00-18:15[,2026-05-24 17:00,1320.437,36619.344,27.733,16815.975,12.735,,,,,15492.934,11.733,2545.811,1.928,1764.624,1.336
24/05/2026,2026-05-24,78,[18:15-18:30[,2026-05-24 17:15,1355.142,36181.52,26.699,16579.073,12.234,,,,,15671.378,11.564,2573.773,1.899,1357.296,1.002
24/05/2026,2026-05-24,79,[18:30-18:45[,2026-05-24 17:30,1364.701,30085.026,22.045,15755.612,11.545,,,,,12216.144,8.952,2571.09,1.884,-457.82,-0.335
24/05/2026,2026-05-24,80,[18:45-19:00[,2026-05-24 17:45,1396.958,27300.625,19.543,15438.138,11.051,,,,,9641.632,6.902,2578.954,1.846,-358.1,-0.256
24/05/2026,2026-05-24,81,[19:00-19:15[,2026-05-24 18:00,1428.747,16384.999,11.468,15510.106,10.856,,,,,1775.36,1.243,2620.019,1.834,-3520.486,-2.464
24/05/2026,2026-05-24,82,[19:15-19:30[,2026-05-24 18:15,1419.432,19866.734,13.996,14743.282,10.387,,,,,1775.36,1.251,2534.488,1.786,813.604,0.573
24/05/2026,2026-05-24,83,[19:30-19:45[,2026-05-24 18:30,1459.491,19453.989,13.329,13833.171,9.478,,,,,1775.36,1.216,2625.991,1.799,1219.466,0.836
24/05/2026,2026-05-24,84,[19:45-20:00[,2026-05-24 18:45,1482.172,12606.27,8.505,12395.173,8.363,,,,,1482.41,1,2625.217,1.771,-3896.529,-2.629
24/05/2026,2026-05-24,85,[20:00-20:15[,2026-05-24 19:00,1481.068,15270.031,10.31,12163.3,8.213,,,,,1482.41,1.001,2551.752,1.723,-927.431,-0.626
24/05/2026,2026-05-24,86,[20:15-20:30[,2026-05-24 19:15,1475.112,14986.847,10.16,11536.737,7.821,,,,,1482.41,1.005,2438.492,1.653,-470.792,-0.319
24/05/2026,2026-05-24,87,[20:30-20:45[,2026-05-24 19:30,1483.222,14075.479,9.49,11286.944,7.61,,,,,1482.41,0.999,2419.125,1.631,-1113,-0.75
24/05/2026,2026-05-24,88,[20:45-21:00[,2026-05-24 19:45,1499.143,14619.744,9.752,12178.03,8.123,,,,,1482.41,0.989,2387.441,1.593,-1428.137,-0.953
24/05/2026,2026-05-24,89,[21:00-21:15[,2026-05-24 20:00,1523.549,15264.224,10.019,11604.28,7.617,,,,,1588.41,1.043,2361.366,1.55,-289.832,-0.19
24/05/2026,2026-05-24,90,[21:15-21:30[,2026-05-24 20:15,1525.449,15548.937,10.193,11653.03,7.639,,,,,1588.41,1.041,2360.183,1.547,-52.685,-0.035
24/05/2026,2026-05-24,91,[21:30-21:45[,2026-05-24 20:30,1514.11,14665.034,9.686,11618.342,7.673,,,,,1588.41,1.049,2355.79,1.556,-897.507,-0.593
24/05/2026,2026-05-24,92,[21:45-22:00[,2026-05-24 20:45,1490.809,15734.961,10.555,12224.171,8.2,,,,,1588.41,1.065,2298.352,1.542,-375.973,-0.252
24/05/2026,2026-05-24,93,[22:00-22:15[,2026-05-24 21:00,1493.412,14886.317,9.968,13056.263,8.743,,,,,2119.92,1.42,2378.069,1.592,-2667.935,-1.786
24/05/2026,2026-05-24,94,[22:15-22:30[,2026-05-24 21:15,1490.607,13635.766,9.148,13502.87,9.059,,,,,2272.4,1.524,2610.87,1.752,-4750.374,-3.187
24/05/2026,2026-05-24,95,[22:30-22:45[,2026-05-24 21:30,1466.923,15045.065,10.256,13674.025,9.322,,,,,2272.4,1.549,2595.864,1.77,-3497.224,-2.384
24/05/2026,2026-05-24,96,[22:45-23:00[,2026-05-24 21:45,1434.835,20773.715,14.478,14567.981,10.153,,,,,2272.4,1.584,2544.267,1.773,1389.067,0.968
25/05/2026,2026-05-25,1,[23:00-23:15[,2026-05-24 22:00,1385.976,21414.364,15.451,13843.02,9.988,,,,,2749.68,1.984,2565.368,1.851,2256.296,1.628
25/05/2026,2026-05-25,2,[23:15-23:30[,2026-05-24 22:15,1377.266,20888.311,15.167,14421.393,10.471,,,,,2749.68,1.996,2607.171,1.893,1110.067,0.806
25/05/2026,2026-05-25,3,[23:30-23:45[,2026-05-24 22:30,1350.027,19809.274,14.673,14463.322,10.713,,,,,2749.68,2.037,2622.624,1.943,-26.351,-0.02
25/05/2026,2026-05-25,4,[23:45-00:00[,2026-05-24 22:45,1299.197,23640.29,18.196,14596.941,11.235,,,,,2749.68,2.116,2584.57,1.989,3709.1,2.855
25/05/2026,2026-05-25,5,[00:00-00:15[,2026-05-24 23:00,1302.115,19078.193,14.652,14254.862,10.947,,,,,2596.92,1.994,2813.907,2.161,-587.496,-0.451
25/05/2026,2026-05-25,6,[00:15-00:30[,2026-05-24 23:15,1288.372,20354.878,15.799,14484.186,11.242,,,,,2596.92,2.016,2863.123,2.222,410.649,0.319
25/05/2026,2026-05-25,7,[00:30-00:45[,2026-05-24 23:30,1269.971,19768.428,15.566,14482.385,11.404,,,,,2596.92,2.045,2890.449,2.276,-201.326,-0.159
25/05/2026,2026-05-25,8,[00:45-01:00[,2026-05-24 23:45,1236.691,21919.567,17.724,14677.07,11.868,,,,,2596.92,2.1,2890.522,2.337,1755.055,1.419
25/05/2026,2026-05-25,9,[01:00-01:15[,2026-05-25 00:00,1220.87,19086.827,15.634,14699.639,12.04,,,,,1487.64,1.219,2847.154,2.332,52.395,0.043
25/05/2026,2026-05-25,10,[01:15-01:30[,2026-05-25 00:15,1217.687,19422.878,15.951,14721.366,12.09,,,,,1487.64,1.222,2808.327,2.306,405.544,0.333
25/05/2026,2026-05-25,11,[01:30-01:45[,2026-05-25 00:30,1186.928,18376.726,15.483,14721.829,12.403,,,,,1487.64,1.253,2865.837,2.414,-698.58,-0.589
25/05/2026,2026-05-25,12,[01:45-02:00[,2026-05-25 00:45,1184.374,20662.225,17.446,14723.123,12.431,,,,,1487.64,1.256,2842.083,2.4,1609.379,1.359
25/05/2026,2026-05-25,13,[02:00-02:15[,2026-05-25 01:00,1185.048,17783.351,15.006,14724.418,12.425,,,,,1421.86,1.2,2870.885,2.423,-1233.812,-1.041
25/05/2026,2026-05-25,14,[02:15-02:30[,2026-05-25 01:15,1161.805,19056.921,16.403,14724.967,12.674,,,,,1421.86,1.224,2883.118,2.482,26.976,0.023
25/05/2026,2026-05-25,15,[02:30-02:45[,2026-05-25 01:30,1143.87,20104.514,17.576,14812.923,12.95,,,,,1421.86,1.243,2837.047,2.48,1032.685,0.903
25/05/2026,2026-05-25,16,[02:45-03:00[,2026-05-25 01:45,1149.843,18888.922,16.427,14683.226,12.77,,,,,1421.86,1.237,2891.312,2.515,-107.475,-0.093
25/05/2026,2026-05-25,17,[03:00-03:15[,2026-05-25 02:00,1147.835,20927.462,18.232,14727.315,12.831,,,,,1406.68,1.226,2892.363,2.52,1901.104,1.656
25/05/2026,2026-05-25,18,[03:15-03:30[,2026-05-25 02:15,1122.379,19842.696,17.679,14727.469,13.122,,,,,1406.68,1.253,2818.38,2.511,890.167,0.793
25/05/2026,2026-05-25,19,[03:30-03:45[,2026-05-25 02:30,1130.031,18901.799,16.727,14708.049,13.016,,,,,1406.68,1.245,2881.468,2.55,-94.398,-0.084
25/05/2026,2026-05-25,20,[03:45-04:00[,2026-05-25 02:45,1138.247,19252.877,16.914,14708.512,12.922,,,,,1406.68,1.236,2869.626,2.521,268.059,0.236
25/05/2026,2026-05-25,21,[04:00-04:15[,2026-05-25 03:00,1136.162,19057.002,16.773,14679.998,12.921,,,,,1442.1,1.269,2841.485,2.501,93.419,0.082
25/05/2026,2026-05-25,22,[04:15-04:30[,2026-05-25 03:15,1116.391,19697.836,17.644,14638.384,13.112,,,,,1442.1,1.292,2868.977,2.57,748.376,0.67
25/05/2026,2026-05-25,23,[04:30-04:45[,2026-05-25 03:30,1135.464,19851.577,17.483,14567.297,12.829,,,,,1442.1,1.27,2871.331,2.529,970.848,0.855
25/05/2026,2026-05-25,24,[04:45-05:00[,2026-05-25 03:45,1141.797,20481.671,17.938,14490.438,12.691,,,,,1442.1,1.263,2844.412,2.491,1704.721,1.493
25/05/2026,2026-05-25,25,[05:00-05:15[,2026-05-25 04:00,1143.036,17119.086,14.977,13885.615,12.148,,,,,1442.1,1.262,2887.987,2.527,-1096.616,-0.959
25/05/2026,2026-05-25,26,[05:15-05:30[,2026-05-25 04:15,1149.999,17175.528,14.935,13661.867,11.88,,,,,1442.1,1.254,2865.35,2.492,-793.789,-0.69
25/05/2026,2026-05-25,27,[05:30-05:45[,2026-05-25 04:30,1153.267,18229.163,15.807,13628.529,11.817,,,,,1442.1,1.25,2803.073,2.431,355.461,0.308
25/05/2026,2026-05-25,28,[05:45-06:00[,2026-05-25 04:45,1179.869,18605.101,15.769,13520.679,11.459,,,,,1442.1,1.222,2890.66,2.45,751.663,0.637
25/05/2026,2026-05-25,29,[06:00-06:15[,2026-05-25 05:00,1194.763,16739.28,14.011,10732.152,8.983,,,,,3428.28,2.869,2891.768,2.42,-312.92,-0.262
25/05/2026,2026-05-25,30,[06:15-06:30[,2026-05-25 05:15,1228.112,17928.939,14.599,11508.365,9.371,,,,,3428.28,2.792,2892.92,2.356,99.373,0.081
25/05/2026,2026-05-25,31,[06:30-06:45[,2026-05-25 05:30,1266.067,19364.929,15.295,12883.872,10.176,,,,,3428.28,2.708,2871.877,2.268,180.901,0.143
25/05/2026,2026-05-25,32,[06:45-07:00[,2026-05-25 05:45,1283.471,19989.313,15.574,13252.083,10.325,,,,,3428.28,2.671,2835.369,2.209,473.581,0.369
25/05/2026,2026-05-25,33,[07:00-07:15[,2026-05-25 06:00,1342.293,20025.16,14.919,13545.836,10.092,,,,,3609.84,2.689,2826.816,2.106,42.668,0.032
25/05/2026,2026-05-25,34,[07:15-07:30[,2026-05-25 06:15,1402.516,22492.214,16.037,14162.345,10.098,,,,,3609.84,2.574,2880.133,2.054,1839.896,1.312
25/05/2026,2026-05-25,35,[07:30-07:45[,2026-05-25 06:30,1444.985,28161.013,19.489,14773.395,10.224,,,,,10349.44,7.162,2900.798,2.007,137.38,0.095
25/05/2026,2026-05-25,36,[07:45-08:00[,2026-05-25 06:45,1468.788,29721.289,20.235,15478.053,10.538,,,,,11771.825,8.015,2824.523,1.923,-353.112,-0.24
25/05/2026,2026-05-25,37,[08:00-08:15[,2026-05-25 07:00,1543.807,31638.574,20.494,14676.248,9.507,,,,,14049.24,9.1,2812.149,1.822,100.937,0.065
25/05/2026,2026-05-25,38,[08:15-08:30[,2026-05-25 07:15,1610.863,32609.572,20.244,15927.01,9.887,,,,,14197.596,8.814,2671.978,1.659,-187.013,-0.116
25/05/2026,2026-05-25,39,[08:30-08:45[,2026-05-25 07:30,1635.751,33122.96,20.249,16191.77,9.899,,,,,14049.24,8.589,2698.176,1.65,183.774,0.112
25/05/2026,2026-05-25,40,[08:45-09:00[,2026-05-25 07:45,1625.308,33132.414,20.385,16215.731,9.977,,,,,14047.031,8.643,2689.047,1.654,180.605,0.111
25/05/2026,2026-05-25,41,[09:00-09:15[,2026-05-25 08:00,1645.434,33600.236,20.42,16214.625,9.854,,,,,15032.698,9.136,2588.765,1.573,-235.851,-0.143
25/05/2026,2026-05-25,42,[09:15-09:30[,2026-05-25 08:15,1628.411,34022.046,20.893,16214.553,9.957,,,,,15113.481,9.281,2549.081,1.565,144.931,0.089
25/05/2026,2026-05-25,43,[09:30-09:45[,2026-05-25 08:30,1629.118,33926.907,20.825,16216.226,9.954,,,,,15003.738,9.21,2562.275,1.573,144.669,0.089
25/05/2026,2026-05-25,44,[09:45-10:00[,2026-05-25 08:45,1636.677,34158.104,20.87,16251.434,9.93,,,,,15068.517,9.207,2766.608,1.69,71.545,0.044
25/05/2026,2026-05-25,45,[10:00-10:15[,2026-05-25 09:00,1615.135,33850.527,20.958,16281.545,10.081,,,,,14906.001,9.229,2677.571,1.658,-14.589,-0.009
25/05/2026,2026-05-25,46,[10:15-10:30[,2026-05-25 09:15,1625.325,33946.899,20.886,16301.312,10.03,,,,,14906.332,9.171,2640.484,1.625,98.771,0.061
25/05/2026,2026-05-25,47,[10:30-10:45[,2026-05-25 09:30,1603.7,31763.455,19.806,16292.599,10.159,,,,,13229.465,8.249,2582.537,1.61,-341.147,-0.213
25/05/2026,2026-05-25,48,[10:45-11:00[,2026-05-25 09:45,1608.166,32231.682,20.043,16334.997,10.158,,,,,13254.524,8.242,2554.944,1.589,87.216,0.054
25/05/2026,2026-05-25,49,[11:00-11:15[,2026-05-25 10:00,1616.795,31882.629,19.72,16389.692,10.137,,,,,12886.47,7.97,2529.551,1.565,76.916,0.048
25/05/2026,2026-05-25,50,[11:15-11:30[,2026-05-25 10:15,1602.741,31514.986,19.663,16388.589,10.225,,,,,12921.223,8.062,2487.427,1.552,-282.253,-0.176
25/05/2026,2026-05-25,51,[11:30-11:45[,2026-05-25 10:30,1607.66,32400.467,20.154,16387.836,10.194,,,,,13296.074,8.27,2462.619,1.532,253.937,0.158
25/05/2026,2026-05-25,52,[11:45-12:00[,2026-05-25 10:45,1598.927,32623.312,20.403,16388.072,10.249,,,,,13419.335,8.393,2502.132,1.565,313.773,0.196
25/05/2026,2026-05-25,53,[12:00-12:15[,2026-05-25 11:00,1582.817,30861.337,19.498,16395.662,10.359,,,,,12080.434,7.632,2477.288,1.565,-92.047,-0.058
25/05/2026,2026-05-25,54,[12:15-12:30[,2026-05-25 11:15,1582.506,31063.274,19.629,16395.358,10.36,,,,,12091.224,7.641,2505.416,1.583,71.276,0.045
25/05/2026,2026-05-25,55,[12:30-12:45[,2026-05-25 11:30,1553.025,31076.158,20.01,16395.208,10.557,,,,,12129.026,7.81,2371.517,1.527,180.408,0.116
25/05/2026,2026-05-25,56,[12:45-13:00[,2026-05-25 11:45,1536.157,29778.656,19.385,16395.107,10.673,,,,,10881.633,7.084,2425.692,1.579,76.225,0.05
25/05/2026,2026-05-25,57,[13:00-13:15[,2026-05-25 12:00,1532.806,29374.687,19.164,16395.107,10.696,,,,,10766.91,7.024,2456.869,1.603,-244.199,-0.159
25/05/2026,2026-05-25,58,[13:15-13:30[,2026-05-25 12:15,1537.546,29696.046,19.314,16395.21,10.663,,,,,10766.91,7.003,2488.354,1.618,45.573,0.03
25/05/2026,2026-05-25,59,[13:30-13:45[,2026-05-25 12:30,1545.816,30747.252,19.891,16395.363,10.606,,,,,11779.297,7.62,2507.536,1.622,65.057,0.042
25/05/2026,2026-05-25,60,[13:45-14:00[,2026-05-25 12:45,1550.71,30815.06,19.872,16395.516,10.573,,,,,11775.551,7.594,2529.879,1.631,114.114,0.074
25/05/2026,2026-05-25,61,[14:00-14:15[,2026-05-25 13:00,1572.371,30103.873,19.146,16395.772,10.427,,,,,10820.62,6.882,2492.258,1.585,395.223,0.251
25/05/2026,2026-05-25,62,[14:15-14:30[,2026-05-25 13:15,1587.278,30106.672,18.967,16396.128,10.33,,,,,11015.005,6.94,2512.112,1.583,183.427,0.116
25/05/2026,2026-05-25,63,[14:30-14:45[,2026-05-25 13:30,1582.684,29882.559,18.881,16387.634,10.354,,,,,10864.968,6.865,2502.428,1.581,127.529,0.081
25/05/2026,2026-05-25,64,[14:45-15:00[,2026-05-25 13:45,1586.574,29835.491,18.805,16328.772,10.292,,,,,10878.854,6.857,2504.619,1.579,123.247,0.078
25/05/2026,2026-05-25,65,[15:00-15:15[,2026-05-25 14:00,1586.483,33208.171,20.932,16301.459,10.275,,,,,14225.96,8.967,2471.122,1.558,209.63,0.132
25/05/2026,2026-05-25,66,[15:15-15:30[,2026-05-25 14:15,1590.179,33274.114,20.925,16274.656,10.234,,,,,14395.909,9.053,2517.715,1.583,85.834,0.054
25/05/2026,2026-05-25,67,[15:30-15:45[,2026-05-25 14:30,1574.657,33169.226,21.064,16254.472,10.323,,,,,14382.446,9.134,2477.524,1.573,54.784,0.035
25/05/2026,2026-05-25,68,[15:45-16:00[,2026-05-25 14:45,1578.357,31290.983,19.825,16247.319,10.294,,,,,14405.817,9.127,2495.422,1.581,-1857.574,-1.177
25/05/2026,2026-05-25,69,[16:00-16:15[,2026-05-25 15:00,1586.356,30848.384,19.446,16168.683,10.192,,,,,12793.52,8.065,2579.415,1.626,-693.233,-0.437
25/05/2026,2026-05-25,70,[16:15-16:30[,2026-05-25 15:15,1569.177,23146.932,14.751,16168.038,10.304,,,,,12752.465,8.127,2527.821,1.611,-8301.391,-5.29
25/05/2026,2026-05-25,71,[16:30-16:45[,2026-05-25 15:30,1582.746,29888.981,18.884,16167.269,10.215,,,,,12946.01,8.179,2650.397,1.675,-1874.696,-1.184
25/05/2026,2026-05-25,72,[16:45-17:00[,2026-05-25 15:45,1581.763,27551.083,17.418,16167.495,10.221,,,,,12874.665,8.139,2587.801,1.636,-4078.878,-2.579
25/05/2026,2026-05-25,73,[17:00-17:15[,2026-05-25 16:00,1571.068,29545.503,18.806,16120.65,10.261,,,,,13861.177,8.823,2376.198,1.512,-2812.522,-1.79
25/05/2026,2026-05-25,74,[17:15-17:30[,2026-05-25 16:15,1569.489,30495.407,19.43,16090.698,10.252,,,,,13836.027,8.816,2482.617,1.582,-1913.935,-1.219
25/05/2026,2026-05-25,75,[17:30-17:45[,2026-05-25 16:30,1573.365,31842.727,20.239,15923.208,10.12,,,,,13950.089,8.866,2332.833,1.483,-363.403,-0.231
25/05/2026,2026-05-25,76,[17:45-18:00[,2026-05-25 16:45,1588.99,28588.83,17.992,14979.612,9.427,,,,,13953.9,8.782,2343.785,1.475,-2688.467,-1.692
25/05/2026,2026-05-25,77,[18:00-18:15[,2026-05-25 17:00,1599.155,29954.58,18.732,14980.872,9.368,,,,,13722.728,8.581,2350.34,1.47,-1099.36,-0.687
25/05/2026,2026-05-25,78,[18:15-18:30[,2026-05-25 17:15,1618.29,34620.304,21.393,14374.025,8.882,,,,,13911.984,8.597,2373.607,1.467,3960.688,2.447
25/05/2026,2026-05-25,79,[18:30-18:45[,2026-05-25 17:30,1645.824,18722.297,11.376,13877.161,8.432,,,,,3201.2,1.945,2354.855,1.431,-710.919,-0.432
25/05/2026,2026-05-25,80,[18:45-19:00[,2026-05-25 17:45,1677.376,12333.167,7.353,10850.603,6.469,,,,,3201.2,1.908,2429.587,1.448,-4148.223,-2.473
25/05/2026,2026-05-25,81,[19:00-19:15[,2026-05-25 18:00,1712.737,18768.626,10.958,12495.494,7.296,,,,,1226.16,0.716,2500.279,1.46,2546.692,1.487
25/05/2026,2026-05-25,82,[19:15-19:30[,2026-05-25 18:15,1745,11393.216,6.529,9827.609,5.632,,,,,1226.16,0.703,2500.305,1.433,-2160.858,-1.238
25/05/2026,2026-05-25,83,[19:30-19:45[,2026-05-25 18:30,1771.57,13617.967,7.687,8494.128,4.795,,,,,1226.16,0.692,2456.306,1.387,1441.373,0.814
25/05/2026,2026-05-25,84,[19:45-20:00[,2026-05-25 18:45,1788.846,10612.484,5.933,7776.283,4.347,,,,,1226.16,0.685,2410.472,1.348,-800.431,-0.447
25/05/2026,2026-05-25,85,[20:00-20:15[,2026-05-25 19:00,1796.336,11198.381,6.234,8356.306,4.652,,,,,1139.292,0.634,2461.642,1.37,-758.858,-0.422
25/05/2026,2026-05-25,86,[20:15-20:30[,2026-05-25 19:15,1790.513,13514.314,7.548,8056.583,4.5,,,,,1139.292,0.636,2457.533,1.373,1860.905,1.039
25/05/2026,2026-05-25,87,[20:30-20:45[,2026-05-25 19:30,1784.258,12289.017,6.887,7894.417,4.424,,,,,1139.292,0.639,2468.189,1.383,787.118,0.441
25/05/2026,2026-05-25,88,[20:45-21:00[,2026-05-25 19:45,1784.47,16537.734,9.268,8462.005,4.742,,,,,1139.292,0.638,2482.956,1.391,4453.481,2.496
25/05/2026,2026-05-25,89,[21:00-21:15[,2026-05-25 20:00,1799.345,12638.451,7.024,8459.192,4.701,,,,,1237.082,0.688,2424.94,1.348,517.237,0.287
25/05/2026,2026-05-25,90,[21:15-21:30[,2026-05-25 20:15,1794.21,14672.926,8.178,8462.005,4.716,,,,,1237.082,0.689,2421.769,1.35,2552.071,1.422
25/05/2026,2026-05-25,91,[21:30-21:45[,2026-05-25 20:30,1772.033,13293.543,7.502,8463.437,4.776,,,,,1237.082,0.698,2498.295,1.41,1094.729,0.618
25/05/2026,2026-05-25,92,[21:45-22:00[,2026-05-25 20:45,1736.705,13376.446,7.702,8919.062,5.136,,,,,1237.082,0.712,2435.172,1.402,785.13,0.452
25/05/2026,2026-05-25,93,[22:00-22:15[,2026-05-25 21:00,1703.887,16692.855,9.797,9669.663,5.675,,,,,1760.88,1.033,2518.018,1.478,2744.294,1.611
25/05/2026,2026-05-25,94,[22:15-22:30[,2026-05-25 21:15,1675.518,14405.658,8.598,10241.201,6.112,,,,,1760.88,1.051,2516.676,1.502,-113.099,-0.068
25/05/2026,2026-05-25,95,[22:30-22:45[,2026-05-25 21:30,1640.236,14461.802,8.817,10428.027,6.358,,,,,1760.88,1.074,2501.123,1.525,-228.229,-0.139
25/05/2026,2026-05-25,96,[22:45-23:00[,2026-05-25 21:45,1596.595,15800.701,9.896,10978.73,6.876,,,,,1760.88,1.103,2457.751,1.539,603.34,0.378
26/05/2026,2026-05-26,1,[23:00-23:15[,2026-05-25 22:00,1570.95,8051.518,5.125,7823.651,4.98,,,,,1531.2,0.975,2771.649,1.764,-4074.982,-2.594
26/05/2026,2026-05-26,2,[23:15-23:30[,2026-05-25 22:15,1529.758,9843.802,6.435,8190.213,5.354,,,,,1531.2,1.001,2769.443,1.81,-2647.054,-1.73
26/05/2026,2026-05-26,3,[23:30-23:45[,2026-05-25 22:30,1498.294,4895.175,3.267,9198.938,6.14,,,,,1273.622,0.85,2768.93,1.848,-8346.316,-5.571
26/05/2026,2026-05-26,4,[23:45-00:00[,2026-05-25 22:45,1456.464,6748.496,4.633,9705.188,6.664,,,,,1273.622,0.874,2769.036,1.901,-6999.351,-4.806
26/05/2026,2026-05-26,5,[00:00-00:15[,2026-05-25 23:00,1446.307,16418.301,11.352,9568.632,6.616,,,,,1273.622,0.881,2778.21,1.921,2797.837,1.934
26/05/2026,2026-05-26,6,[00:15-00:30[,2026-05-25 23:15,1425.032,13784.743,9.673,9686.113,6.797,,,,,1273.622,0.894,2733.575,1.918,91.433,0.064
26/05/2026,2026-05-26,7,[00:30-00:45[,2026-05-25 23:30,1398.182,13527.412,9.675,9685.832,6.927,,,,,1273.622,0.911,2753.109,1.969,-185.15,-0.132
26/05/2026,2026-05-26,8,[00:45-01:00[,2026-05-25 23:45,1373.613,15065.902,10.968,10000.956,7.281,,,,,1273.622,0.927,2752.32,2.004,1039.005,0.756
26/05/2026,2026-05-26,9,[01:00-01:15[,2026-05-26 00:00,1358.375,11173.792,8.226,9984.995,7.351,,,,,1154.8,0.85,2754.884,2.028,-2720.886,-2.003
26/05/2026,2026-05-26,10,[01:15-01:30[,2026-05-26 00:15,1344.079,11872.551,8.833,9996.671,7.438,,,,,1154.8,0.859,2701.311,2.01,-1980.23,-1.473
26/05/2026,2026-05-26,11,[01:30-01:45[,2026-05-26 00:30,1321.012,12282.36,9.298,10008.52,7.576,,,,,1154.8,0.874,2756.011,2.086,-1636.97,-1.239
26/05/2026,2026-05-26,12,[01:45-02:00[,2026-05-26 00:45,1300.475,13208.802,10.157,10033.678,7.715,,,,,1154.8,0.888,2755.431,2.119,-735.107,-0.565
26/05/2026,2026-05-26,13,[02:00-02:15[,2026-05-26 01:00,1298.873,15660.407,12.057,10032.112,7.724,,,,,969.106,0.746,2754.982,2.121,1904.208,1.466
26/05/2026,2026-05-26,14,[02:15-02:30[,2026-05-26 01:15,1275.16,13820.45,10.838,10030.546,7.866,,,,,969.106,0.76,2713.276,2.128,107.523,0.084
26/05/2026,2026-05-26,15,[02:30-02:45[,2026-05-26 01:30,1269.015,14010.208,11.04,10029.18,7.903,,,,,969.106,0.764,2752.206,2.169,259.716,0.205
26/05/2026,2026-05-26,16,[02:45-03:00[,2026-05-26 01:45,1267.642,13998.606,11.043,10027.614,7.91,,,,,969.106,0.764,2753.009,2.172,248.878,0.196
26/05/2026,2026-05-26,17,[03:00-03:15[,2026-05-26 02:00,1247.753,14509.303,11.628,10039.777,8.046,,,,,969.106,0.777,2752.354,2.206,748.067,0.6
26/05/2026,2026-05-26,18,[03:15-03:30[,2026-05-26 02:15,1246.475,12906.804,10.355,10039.286,8.054,,,,,969.106,0.777,2683.155,2.153,-784.742,-0.63
26/05/2026,2026-05-26,19,[03:30-03:45[,2026-05-26 02:30,1243.705,13866.841,11.15,10024.929,8.061,,,,,969.106,0.779,2758.752,2.218,114.055,0.092
26/05/2026,2026-05-26,20,[03:45-04:00[,2026-05-26 02:45,1226.178,14912.667,12.162,10010.11,8.164,,,,,969.106,0.79,2769.939,2.259,1163.513,0.949
26/05/2026,2026-05-26,21,[04:00-04:15[,2026-05-26 03:00,1228.644,14451.681,11.762,10064.317,8.191,,,,,969.106,0.789,2783.562,2.266,634.696,0.517
26/05/2026,2026-05-26,22,[04:15-04:30[,2026-05-26 03:15,1223.432,13826.526,11.301,10023.732,8.193,,,,,969.106,0.792,2757.186,2.254,76.503,0.063
26/05/2026,2026-05-26,23,[04:30-04:45[,2026-05-26 03:30,1227.132,14040.384,11.442,9973.587,8.128,,,,,969.106,0.79,2699.369,2.2,398.322,0.325
26/05/2026,2026-05-26,24,[04:45-05:00[,2026-05-26 03:45,1224.106,18246.512,14.906,9654.587,7.887,,,,,969.106,0.792,2727.176,2.228,4895.644,3.999
26/05/2026,2026-05-26,25,[05:00-05:15[,2026-05-26 04:00,1229.793,10581.447,8.604,8523.206,6.931,,,,,969.106,0.788,2782.122,2.262,-1692.987,-1.377
26/05/2026,2026-05-26,26,[05:15-05:30[,2026-05-26 04:15,1243.452,8753.492,7.04,7783.356,6.259,,,,,969.106,0.779,2821.737,2.269,-2820.707,-2.268
26/05/2026,2026-05-26,27,[05:30-05:45[,2026-05-26 04:30,1239.172,9468.524,7.641,7223.182,5.829,,,,,969.106,0.782,2791.237,2.253,-1515.001,-1.223
26/05/2026,2026-05-26,28,[05:45-06:00[,2026-05-26 04:45,1241.939,9155.048,7.372,7141.457,5.75,,,,,969.106,0.78,2777.598,2.237,-1733.113,-1.395
26/05/2026,2026-05-26,29,[06:00-06:15[,2026-05-26 05:00,1277.162,7616.151,5.963,6688.645,5.237,,,,,1290.27,1.01,2820.404,2.208,-3183.167,-2.492
26/05/2026,2026-05-26,30,[06:15-06:30[,2026-05-26 05:15,1288.618,7959.508,6.177,7074.813,5.49,,,,,1290.27,1.001,2797.239,2.171,-3202.814,-2.485
26/05/2026,2026-05-26,31,[06:30-06:45[,2026-05-26 05:30,1318.907,9745.804,7.389,7255.338,5.501,,,,,1290.27,0.978,2795.175,2.119,-1594.979,-1.209
26/05/2026,2026-05-26,32,[06:45-07:00[,2026-05-26 05:45,1350.609,12475.965,9.237,9076.645,6.72,,,,,1290.27,0.955,2703.017,2.001,-593.968,-0.44
26/05/2026,2026-05-26,33,[07:00-07:15[,2026-05-26 06:00,1401.723,12877.11,9.187,9309.977,6.642,,,,,1318.97,0.941,2707.716,1.932,-459.553,-0.328
26/05/2026,2026-05-26,34,[07:15-07:30[,2026-05-26 06:15,1447.153,14237.434,9.838,10287.474,7.109,,,,,1318.97,0.911,2789.794,1.928,-158.804,-0.11
26/05/2026,2026-05-26,35,[07:30-07:45[,2026-05-26 06:30,1479.423,15782.675,10.668,10370.845,7.01,,,,,4473.36,3.024,2788.295,1.885,-1849.825,-1.25
26/05/2026,2026-05-26,36,[07:45-08:00[,2026-05-26 06:45,1523.993,19296.837,12.662,12269.043,8.051,,,,,4678.56,3.07,2777.213,1.822,-427.978,-0.281
26/05/2026,2026-05-26,37,[08:00-08:15[,2026-05-26 07:00,1580.443,17382.887,10.999,11471.031,7.258,,,,,4582.8,2.9,2690.593,1.702,-1361.538,-0.861
26/05/2026,2026-05-26,38,[08:15-08:30[,2026-05-26 07:15,1617.604,21122.41,13.058,13402.97,8.286,,,,,4944,3.056,2718.477,1.681,56.963,0.035
26/05/2026,2026-05-26,39,[08:30-08:45[,2026-05-26 07:30,1654.615,23315.111,14.091,14938.595,9.028,,,,,4459.68,2.695,2819.604,1.704,1097.232,0.663
26/05/2026,2026-05-26,40,[08:45-09:00[,2026-05-26 07:45,1656.993,35799.705,21.605,15455.262,9.327,,,,,4172.4,2.518,2818.995,1.701,13353.048,8.059
26/05/2026,2026-05-26,41,[09:00-09:15[,2026-05-26 08:00,1667.087,34878.131,20.922,15410.96,9.244,,,,,15250.212,9.148,2811.668,1.687,1405.291,0.843
26/05/2026,2026-05-26,42,[09:15-09:30[,2026-05-26 08:15,1664.873,33960.943,20.399,15527.21,9.326,,,,,15209.171,9.135,2759.317,1.657,465.245,0.279
26/05/2026,2026-05-26,43,[09:30-09:45[,2026-05-26 08:30,1659.452,33879.351,20.416,15686.589,9.453,,,,,15122.097,9.113,2907.324,1.752,163.341,0.098
26/05/2026,2026-05-26,44,[09:45-10:00[,2026-05-26 08:45,1649.151,33624.949,20.389,15690.71,9.514,,,,,15033.096,9.116,2792.023,1.693,109.121,0.066
26/05/2026,2026-05-26,45,[10:00-10:15[,2026-05-26 09:00,1628.248,33301.048,20.452,15690.872,9.637,,,,,14830.576,9.108,2733.64,1.679,45.96,0.028
26/05/2026,2026-05-26,46,[10:15-10:30[,2026-05-26 09:15,1633.654,33477.612,20.492,15691.922,9.605,,,,,15162.188,9.281,2708.267,1.658,-84.765,-0.052
26/05/2026,2026-05-26,47,[10:30-10:45[,2026-05-26 09:30,1639.222,25343.223,15.461,15691.92,9.573,,,,,7296.488,4.451,2652.528,1.618,-297.713,-0.182
26/05/2026,2026-05-26,48,[10:45-11:00[,2026-05-26 09:45,1629.414,25693.277,15.768,15692.856,9.631,,,,,7340.804,4.505,2697.187,1.655,-37.57,-0.023
26/05/2026,2026-05-26,49,[11:00-11:15[,2026-05-26 10:00,1635.078,29434.02,18.002,15692.855,9.598,,,,,10848.32,6.635,2594.454,1.587,298.392,0.182
26/05/2026,2026-05-26,50,[11:15-11:30[,2026-05-26 10:15,1635.166,29411.889,17.987,15692.855,9.597,,,,,10864.56,6.644,2509.338,1.535,345.136,0.211
26/05/2026,2026-05-26,51,[11:30-11:45[,2026-05-26 10:30,1630.849,29463.377,18.066,15692.855,9.623,,,,,11072.432,6.789,2459.808,1.508,238.283,0.146
26/05/2026,2026-05-26,52,[11:45-12:00[,2026-05-26 10:45,1638.159,23726.252,14.483,15692.853,9.58,,,,,5348.81,3.265,2515.666,1.536,168.922,0.103
26/05/2026,2026-05-26,53,[12:00-12:15[,2026-05-26 11:00,1614.27,21615.649,13.39,15692.853,9.721,,,,,3222.385,1.996,2521.973,1.562,178.439,0.111
26/05/2026,2026-05-26,54,[12:15-12:30[,2026-05-26 11:15,1615.403,21729.243,13.451,15692.853,9.715,,,,,3224.469,1.996,2485.951,1.539,325.97,0.202
26/05/2026,2026-05-26,55,[12:30-12:45[,2026-05-26 11:30,1592.419,21578.495,13.551,15702.228,9.861,,,,,3226.553,2.026,2478.672,1.557,171.042,0.107
26/05/2026,2026-05-26,56,[12:45-13:00[,2026-05-26 11:45,1558.878,21590.389,13.85,15702.228,10.073,,,,,3237.494,2.077,2476.882,1.589,173.786,0.111
26/05/2026,2026-05-26,57,[13:00-13:15[,2026-05-26 12:00,1562.828,21630.999,13.841,15692.853,10.041,,,,,3236.973,2.071,2421.766,1.55,279.407,0.179
26/05/2026,2026-05-26,58,[13:15-13:30[,2026-05-26 12:15,1569.401,21569.855,13.744,15692.853,9.999,,,,,3234.368,2.061,2448.434,1.56,194.201,0.124
26/05/2026,2026-05-26,59,[13:30-13:45[,2026-05-26 12:30,1573.465,21810.922,13.862,15692.852,9.973,,,,,3231.242,2.054,2420.729,1.538,466.099,0.296
26/05/2026,2026-05-26,60,[13:45-14:00[,2026-05-26 12:45,1584.684,23328.804,14.721,15692.852,9.903,,,,,3227.595,2.037,2436.341,1.537,1972.017,1.244
26/05/2026,2026-05-26,61,[14:00-14:15[,2026-05-26 13:00,1602.687,21571.769,13.46,15692.847,9.792,,,,,3224.469,2.012,2446.58,1.527,207.874,0.13
26/05/2026,2026-05-26,62,[14:15-14:30[,2026-05-26 13:15,1615.766,21603.412,13.37,15692.846,9.712,,,,,3221.864,1.994,2473.098,1.531,215.605,0.133
26/05/2026,2026-05-26,63,[14:30-14:45[,2026-05-26 13:30,1620.802,21331.598,13.161,15692.846,9.682,,,6.75,0.004,3219.259,1.986,2533.856,1.563,-121.113,-0.075
26/05/2026,2026-05-26,64,[14:45-15:00[,2026-05-26 13:45,1632.699,21224.989,13,15692.846,9.612,,,,,3216.654,1.97,2555.253,1.565,-239.763,-0.147
26/05/2026,2026-05-26,65,[15:00-15:15[,2026-05-26 14:00,1627.139,21457.136,13.187,15691.908,9.644,,,,,3214.049,1.975,2464.189,1.514,86.99,0.053
26/05/2026,2026-05-26,66,[15:15-15:30[,2026-05-26 14:15,1623.39,21451.425,13.214,15691.908,9.666,,,,,3211.444,1.978,2464.421,1.518,83.652,0.052
26/05/2026,2026-05-26,67,[15:30-15:45[,2026-05-26 14:30,1642.283,20186.675,12.292,15691.908,9.555,,,,,3208.839,1.954,2538.376,1.546,-1252.448,-0.763
26/05/2026,2026-05-26,68,[15:45-16:00[,2026-05-26 14:45,1627.459,21768.787,13.376,15690.962,9.641,,,,,4941.197,3.036,2553.665,1.569,-1417.037,-0.871
26/05/2026,2026-05-26,69,[16:00-16:15[,2026-05-26 15:00,1633.032,23898.497,14.634,15690.571,9.608,,,,,11111.364,6.804,2614.526,1.601,-5517.964,-3.379
26/05/2026,2026-05-26,70,[16:15-16:30[,2026-05-26 15:15,1652.166,23846.207,14.433,15643.321,9.468,,,,,10805.495,6.54,2552.472,1.545,-5155.082,-3.12
26/05/2026,2026-05-26,71,[16:30-16:45[,2026-05-26 15:30,1650.79,24657.798,14.937,15612.384,9.458,,,,,9861.57,5.974,2561.896,1.552,-3378.051,-2.046
26/05/2026,2026-05-26,72,[16:45-17:00[,2026-05-26 15:45,1670.515,23917.738,14.318,15503.634,9.281,,,,,9824.07,5.881,2686.107,1.608,-4096.072,-2.452
26/05/2026,2026-05-26,73,[17:00-17:15[,2026-05-26 16:00,1666.561,20010.948,12.007,15407.884,9.245,,,,,9674.765,5.805,2665.464,1.599,-7737.164,-4.643
26/05/2026,2026-05-26,74,[17:15-17:30[,2026-05-26 16:15,1669.342,18281.291,10.951,14938.986,8.949,,,,,9014.778,5.4,2725.334,1.633,-8397.806,-5.031
26/05/2026,2026-05-26,75,[17:30-17:45[,2026-05-26 16:30,1688.07,24279.822,14.383,13426.038,7.953,,,,,10283.735,6.092,2725.107,1.614,-2155.057,-1.277
26/05/2026,2026-05-26,76,[17:45-18:00[,2026-05-26 16:45,1700.604,21471.743,12.626,12878.313,7.573,,,,,10373.072,6.1,2708.28,1.593,-4487.92,-2.639
26/05/2026,2026-05-26,77,[18:00-18:15[,2026-05-26 17:00,1710.934,23947.229,13.997,12878.314,7.527,,,,,10601.8,6.196,2830.228,1.654,-2363.113,-1.381
26/05/2026,2026-05-26,78,[18:15-18:30[,2026-05-26 17:15,1740.769,27816.264,15.979,11397.09,6.547,,,,,15421,8.859,2830.395,1.626,-1832.221,-1.053
26/05/2026,2026-05-26,79,[18:30-18:45[,2026-05-26 17:30,1765.552,13560.615,7.681,9388.485,5.318,,,,,4993.2,2.828,2830.89,1.603,-3651.96,-2.068
26/05/2026,2026-05-26,80,[18:45-19:00[,2026-05-26 17:45,1790.639,11515.4,6.431,8416.307,4.7,,,,,3591.774,2.006,2771.621,1.548,-3264.302,-1.823
26/05/2026,2026-05-26,81,[19:00-19:15[,2026-05-26 18:00,1782.371,17077.448,9.581,9367.098,5.255,11693.369,6.561,,,1162.8,0.652,2656.475,1.49,-7802.294,-4.377
26/05/2026,2026-05-26,82,[19:15-19:30[,2026-05-26 18:15,1814.21,10542.24,5.811,7415.288,4.087,11693.369,6.445,,,1162.8,0.641,2613.751,1.441,-12342.968,-6.803
26/05/2026,2026-05-26,83,[19:30-19:45[,2026-05-26 18:30,1838.129,5202.783,2.83,5900.322,3.21,11693.369,6.362,,,1162.8,0.633,2560.717,1.393,-16114.425,-8.767
26/05/2026,2026-05-26,84,[19:45-20:00[,2026-05-26 18:45,1857.008,-1426.774,-0.768,2044.559,1.101,11693.369,6.297,,,1162.8,0.626,2505.605,1.349,-18833.107,-10.142
26/05/2026,2026-05-26,85,[20:00-20:15[,2026-05-26 19:00,1861.917,9575.761,5.143,2496.811,1.341,11693.369,6.28,,,1315.8,0.707,2421.954,1.301,-8352.174,-4.486
26/05/2026,2026-05-26,86,[20:15-20:30[,2026-05-26 19:15,1855.849,7917.238,4.266,1900.992,1.024,11693.369,6.301,,,1315.8,0.709,2291.552,1.235,-9284.475,-5.003
26/05/2026,2026-05-26,87,[20:30-20:45[,2026-05-26 19:30,1849.483,8623.79,4.663,1590.228,0.86,11693.369,6.323,,,1315.8,0.711,2252.312,1.218,-8227.919,-4.449
26/05/2026,2026-05-26,88,[20:45-21:00[,2026-05-26 19:45,1854.545,9063.214,4.887,2048.101,1.104,11693.369,6.305,,,1315.8,0.71,2361.738,1.273,-8355.794,-4.506
26/05/2026,2026-05-26,89,[21:00-21:15[,2026-05-26 20:00,1857.004,8055.831,4.338,1409.864,0.759,11693.369,6.297,,,1427.6,0.769,2324.643,1.252,-8799.646,-4.739
26/05/2026,2026-05-26,90,[21:15-21:30[,2026-05-26 20:15,1850.434,8781.581,4.746,2048.077,1.107,11693.369,6.319,,,1427.6,0.771,2411.399,1.303,-8798.863,-4.755
26/05/2026,2026-05-26,91,[21:30-21:45[,2026-05-26 20:30,1818.108,10805.695,5.943,2169.364,1.193,11693.369,6.432,,,1427.6,0.785,2352.773,1.294,-6837.412,-3.761
26/05/2026,2026-05-26,92,[21:45-22:00[,2026-05-26 20:45,1786.53,11064.495,6.193,2678.025,1.499,11693.369,6.545,,,1427.6,0.799,2350.471,1.316,-7084.97,-3.966
26/05/2026,2026-05-26,93,[22:00-22:15[,2026-05-26 21:00,1747.591,9539.965,5.459,2389.112,1.367,11693.369,6.691,,,1500.7,0.859,2310.05,1.322,-8353.266,-4.78
26/05/2026,2026-05-26,94,[22:15-22:30[,2026-05-26 21:15,1712.942,15125.346,8.83,4027.037,2.351,11693.369,6.826,,,1500.7,0.876,2317.485,1.353,-4413.245,-2.576
26/05/2026,2026-05-26,95,[22:30-22:45[,2026-05-26 21:30,1677.061,18425.703,10.987,6334.313,3.777,11693.369,6.973,,,1500.7,0.895,2363.617,1.409,-3466.296,-2.067
26/05/2026,2026-05-26,96,[22:45-23:00[,2026-05-26 21:45,1635.931,19869.736,12.146,7624.775,4.661,11693.369,7.148,,,1500.7,0.917,2276.137,1.391,-3225.246,-1.972
27/05/2026,2026-05-27,1,[23:00-23:15[,2026-05-26 22:00,1596.235,4483.206,2.809,1661.263,1.041,6926.893,4.34,,,1088.1,0.682,2322.669,1.455,-7515.719,-4.708
27/05/2026,2026-05-27,2,[23:15-23:30[,2026-05-26 22:15,1557.237,2005.527,1.288,3534.175,2.27,,,,,1088.1,0.699,2370.631,1.522,-4987.379,-3.203
27/05/2026,2026-05-27,3,[23:30-23:45[,2026-05-26 22:30,1516.901,5409.518,3.566,4080.683,2.69,,,,,1088.1,0.717,2369.629,1.562,-2128.893,-1.403
27/05/2026,2026-05-27,4,[23:45-00:00[,2026-05-26 22:45,1475.263,7359.134,4.988,4108.955,2.785,,,,,1088.1,0.738,2365.545,1.603,-203.466,-0.138
27/05/2026,2026-05-27,5,[00:00-00:15[,2026-05-26 23:00,1434.153,-790.561,-0.551,4108.845,2.865,,,,,1019.9,0.711,2319.64,1.617,-8238.946,-5.745
27/05/2026,2026-05-27,6,[00:15-00:30[,2026-05-26 23:15,1406.776,8327.262,5.919,4551.505,3.235,,,,,1019.9,0.725,2363.749,1.68,392.108,0.279
27/05/2026,2026-05-27,7,[00:30-00:45[,2026-05-26 23:30,1381.472,7914.5,5.729,4555.805,3.298,,,,,1019.9,0.738,2361.467,1.709,-22.672,-0.016
27/05/2026,2026-05-27,8,[00:45-01:00[,2026-05-26 23:45,1361.654,8482.623,6.23,5223.015,3.836,,,,,1243.62,0.913,2400.001,1.763,-384.013,-0.282
27/05/2026,2026-05-27,9,[01:00-01:15[,2026-05-27 00:00,1338.831,8453.208,6.314,5131.2,3.833,,,,,924,0.69,2376.567,1.775,21.441,0.016
27/05/2026,2026-05-27,10,[01:15-01:30[,2026-05-27 00:15,1317.057,9175.895,6.967,5373.288,4.08,,,,,1482,1.125,2385.068,1.811,-64.46,-0.049
27/05/2026,2026-05-27,11,[01:30-01:45[,2026-05-27 00:30,1312.616,11848.812,9.027,5915.2,4.506,,,,,2442,1.86,2731.857,2.081,759.755,0.579
27/05/2026,2026-05-27,12,[01:45-02:00[,2026-05-27 00:45,1303.139,11209.947,8.602,6231.088,4.782,,,,,3162,2.426,2730.229,2.095,-913.369,-0.701
27/05/2026,2026-05-27,13,[02:00-02:15[,2026-05-27 01:00,1310.501,6048.268,4.615,6090.663,4.648,,,,,2709.28,2.067,2809.583,2.144,-5561.258,-4.244
27/05/2026,2026-05-27,14,[02:15-02:30[,2026-05-27 01:15,1291.264,5651.071,4.376,6110.35,4.732,,,,,2755.2,2.134,2817.518,2.182,-6031.997,-4.671
27/05/2026,2026-05-27,15,[02:30-02:45[,2026-05-27 01:30,1290.253,12033.25,9.326,6090.463,4.72,,,,,2709.28,2.1,2838.76,2.2,394.747,0.306
27/05/2026,2026-05-27,16,[02:45-03:00[,2026-05-27 01:45,1263.593,11068.458,8.76,6110.15,4.836,,,,,2755.2,2.18,2860.179,2.264,-657.071,-0.52
27/05/2026,2026-05-27,17,[03:00-03:15[,2026-05-27 02:00,1272.389,12763.749,10.031,6231.375,4.897,,,,,2993.36,2.353,2824.948,2.22,714.066,0.561
27/05/2026,2026-05-27,18,[03:15-03:30[,2026-05-27 02:15,1270.341,12418.19,9.775,6231.088,4.905,,,,,2993.36,2.356,2857.741,2.25,336.001,0.264
27/05/2026,2026-05-27,19,[03:30-03:45[,2026-05-27 02:30,1243.044,11640.1,9.364,6109.65,4.915,,,,,2726.4,2.193,2802.25,2.254,1.8,0.001
27/05/2026,2026-05-27,20,[03:45-04:00[,2026-05-27 02:45,1251.509,6928.636,5.536,6089.963,4.866,,,,,2680.96,2.142,2856.764,2.283,-4699.051,-3.755
27/05/2026,2026-05-27,21,[04:00-04:15[,2026-05-27 03:00,1250.42,7344.656,5.874,6090.175,4.871,,,,,2756.48,2.204,2856.764,2.285,-4358.763,-3.486
27/05/2026,2026-05-27,22,[04:15-04:30[,2026-05-27 03:15,1229.059,11696.531,9.517,6010.213,4.89,,,,,2592.96,2.11,2854.98,2.323,238.379,0.194
27/05/2026,2026-05-27,23,[04:30-04:45[,2026-05-27 03:30,1230.25,11082.82,9.009,5943.125,4.831,,,,,2441.12,1.984,2769.162,2.251,-70.588,-0.057
27/05/2026,2026-05-27,24,[04:45-05:00[,2026-05-27 03:45,1228.459,11890.708,9.679,5514.248,4.489,,,,,1746.16,1.421,2768.841,2.254,1861.46,1.515
27/05/2026,2026-05-27,25,[05:00-05:15[,2026-05-27 04:00,1251.044,10093.161,8.068,5223.873,4.176,,,,,1115.1,0.891,2747.325,2.196,1006.863,0.805
27/05/2026,2026-05-27,26,[05:15-05:30[,2026-05-27 04:15,1240.719,8093.342,6.523,4901.403,3.95,,,,,466.1,0.376,2748.394,2.215,-22.555,-0.018
27/05/2026,2026-05-27,27,[05:30-05:45[,2026-05-27 04:30,1253.562,8220.276,6.558,4569.77,3.645,,,,,466.1,0.372,2776.545,2.215,407.861,0.325
27/05/2026,2026-05-27,28,[05:45-06:00[,2026-05-27 04:45,1264.933,7872.735,6.224,4551.84,3.598,,,,,466.1,0.368,2819.76,2.229,35.035,0.028
27/05/2026,2026-05-27,29,[06:00-06:15[,2026-05-27 05:00,1270.601,5903.276,4.646,4109.62,3.234,,,,,1010.6,0.795,2821.749,2.221,-2038.692,-1.605
27/05/2026,2026-05-27,30,[06:15-06:30[,2026-05-27 05:15,1309.385,6954.934,5.312,4109.675,3.139,,,,,1010.6,0.772,2797.659,2.137,-963,-0.735
27/05/2026,2026-05-27,31,[06:30-06:45[,2026-05-27 05:30,1340.108,7331.115,5.471,4452.245,3.322,,,,,1010.6,0.754,2798.62,2.088,-930.35,-0.694
27/05/2026,2026-05-27,32,[06:45-07:00[,2026-05-27 05:45,1343.744,9165.688,6.821,5919.035,4.405,,,,,2725.36,2.028,2737.986,2.038,-2216.693,-1.65
27/05/2026,2026-05-27,33,[07:00-07:15[,2026-05-27 06:00,1409.867,7149.136,5.071,4102.79,2.91,,,,,967.2,0.686,2764.178,1.961,-685.032,-0.486
27/05/2026,2026-05-27,34,[07:15-07:30[,2026-05-27 06:15,1445.988,10087.967,6.977,5698.237,3.941,,,,,2090.4,1.446,2793.729,1.932,-494.398,-0.342
27/05/2026,2026-05-27,35,[07:30-07:45[,2026-05-27 06:30,1474.146,14172.503,9.614,7293.708,4.948,,,,,5923.68,4.018,2787.505,1.891,-1832.39,-1.243
27/05/2026,2026-05-27,36,[07:45-08:00[,2026-05-27 06:45,1515.036,21199.108,13.992,9602.465,6.338,,,,,10869.92,7.175,2741.187,1.809,-2014.463,-1.33
27/05/2026,2026-05-27,37,[08:00-08:15[,2026-05-27 07:00,1583.744,22441.461,14.17,8279.863,5.228,,,,,9337.6,5.896,2616.301,1.652,2207.697,1.394
27/05/2026,2026-05-27,38,[08:15-08:30[,2026-05-27 07:15,1617.547,22866.121,14.136,10753.138,6.648,,,,,10684.8,6.606,2684.896,1.66,-1256.712,-0.777
27/05/2026,2026-05-27,39,[08:30-08:45[,2026-05-27 07:30,1636.516,26527.82,16.21,14191.373,8.672,,,,,10687.798,6.531,2691.563,1.645,-1042.913,-0.637
27/05/2026,2026-05-27,40,[08:45-09:00[,2026-05-27 07:45,1642.409,28583.008,17.403,15616.138,9.508,,,,,10825.416,6.591,2694.965,1.641,-553.51,-0.337
27/05/2026,2026-05-27,41,[09:00-09:15[,2026-05-27 08:00,1654.749,29970.574,18.112,14873.638,8.988,,,,,12124.4,7.327,2743.552,1.658,228.985,0.138
27/05/2026,2026-05-27,42,[09:15-09:30[,2026-05-27 08:15,1653.536,30594.919,18.503,15616.138,9.444,,,,,12245.787,7.406,2557.201,1.547,175.794,0.106
27/05/2026,2026-05-27,43,[09:30-09:45[,2026-05-27 08:30,1649.145,29240.784,17.731,15839.105,9.604,,,,,11418.84,6.924,2586.24,1.568,-603.401,-0.366
27/05/2026,2026-05-27,44,[09:45-10:00[,2026-05-27 08:45,1618.949,30174.232,18.638,15844.08,9.787,,,,,11435.491,7.064,2542.04,1.57,352.621,0.218
27/05/2026,2026-05-27,45,[10:00-10:15[,2026-05-27 09:00,1617.795,29285.294,18.102,15858.948,9.803,,,,,10899.84,6.737,2492.908,1.541,33.598,0.021
27/05/2026,2026-05-27,46,[10:15-10:30[,2026-05-27 09:15,1618.882,29499.492,18.222,15884.203,9.812,,,,,10930.08,6.752,2403.933,1.485,281.276,0.174
27/05/2026,2026-05-27,47,[10:30-10:45[,2026-05-27 09:30,1612.471,28972.109,17.968,15914.142,9.869,,,,,11192.048,6.941,2418.69,1.5,-552.77,-0.343
27/05/2026,2026-05-27,48,[10:45-11:00[,2026-05-27 09:45,1627.206,29766.84,18.293,15920.82,9.784,,,,,11261.725,6.921,2385.309,1.466,198.987,0.122
27/05/2026,2026-05-27,49,[11:00-11:15[,2026-05-27 10:00,1621.845,28407.463,17.516,15920.875,9.817,,,,,10946.672,6.75,2383.954,1.47,-844.038,-0.52
27/05/2026,2026-05-27,50,[11:15-11:30[,2026-05-27 10:15,1619.875,29273.794,18.072,15921.122,9.829,,,,,10966.844,6.77,2346.803,1.449,39.026,0.024
27/05/2026,2026-05-27,51,[11:30-11:45[,2026-05-27 10:30,1614.819,29245.915,18.111,15921.115,9.859,,,,,11187.055,6.928,2313.433,1.433,-175.688,-0.109
27/05/2026,2026-05-27,52,[11:45-12:00[,2026-05-27 10:45,1633.188,31898.585,19.531,15921.39,9.749,,,,,11432.288,7,2421.836,1.483,2123.072,1.3
27/05/2026,2026-05-27,53,[12:00-12:15[,2026-05-27 11:00,1611.335,29247.93,18.151,15921.449,9.881,,,,,10637.76,6.602,2389.738,1.483,298.982,0.186
27/05/2026,2026-05-27,54,[12:15-12:30[,2026-05-27 11:15,1601.899,28441.107,17.755,15921.449,9.939,,,,,10649.52,6.648,2381.321,1.487,-511.183,-0.319
27/05/2026,2026-05-27,55,[12:30-12:45[,2026-05-27 11:30,1582.133,28717.224,18.151,15922.513,10.064,,,,,10717.888,6.774,2278.102,1.44,-201.278,-0.127
27/05/2026,2026-05-27,56,[12:45-13:00[,2026-05-27 11:45,1559.162,29019.215,18.612,15922.603,10.212,,,,,10861.334,6.966,2230.466,1.431,4.812,0.003
27/05/2026,2026-05-27,57,[13:00-13:15[,2026-05-27 12:00,1555.916,28985.162,18.629,15922.623,10.234,,,,,10703.372,6.879,2282.518,1.467,76.648,0.049
27/05/2026,2026-05-27,58,[13:15-13:30[,2026-05-27 12:15,1567.606,29165.897,18.605,15922.65,10.157,,,,,10829.877,6.909,2344.977,1.496,68.393,0.044
27/05/2026,2026-05-27,59,[13:30-13:45[,2026-05-27 12:30,1559.618,28916.631,18.541,15922.637,10.209,,,,,10394.689,6.665,2365.494,1.517,233.811,0.15
27/05/2026,2026-05-27,60,[13:45-14:00[,2026-05-27 12:45,1578.142,28406.336,18,15921.723,10.089,,,,,10466.4,6.632,2356.815,1.493,-338.601,-0.215
27/05/2026,2026-05-27,61,[14:00-14:15[,2026-05-27 13:00,1599.022,32143.849,20.102,15920.781,9.957,,,,,10662.96,6.668,2347.001,1.468,3213.107,2.009
27/05/2026,2026-05-27,62,[14:15-14:30[,2026-05-27 13:15,1602.918,36284.275,22.636,15920.604,9.932,,,,,10656.24,6.648,2358.798,1.472,7348.633,4.585
27/05/2026,2026-05-27,63,[14:30-14:45[,2026-05-27 13:30,1605.31,28447.999,17.721,15920.517,9.917,,,,,10644.48,6.631,2369.132,1.476,-486.13,-0.303
27/05/2026,2026-05-27,64,[14:45-15:00[,2026-05-27 13:45,1602.28,38273.881,23.887,15919.592,9.936,,,,,10631.04,6.635,2388.333,1.491,9334.916,5.826
27/05/2026,2026-05-27,65,[15:00-15:15[,2026-05-27 14:00,1607.012,37686.959,23.452,15920.555,9.907,,,,,10540.762,6.559,2401.366,1.494,8824.276,5.491
27/05/2026,2026-05-27,66,[15:15-15:30[,2026-05-27 14:15,1610.042,38427.794,23.868,15919.633,9.888,,,,,10520.614,6.534,2420.503,1.503,9567.043,5.942
27/05/2026,2026-05-27,67,[15:30-15:45[,2026-05-27 14:30,1611.35,39386.093,24.443,15872.788,9.851,,,,,10495.429,6.513,2444.085,1.517,10573.792,6.562
27/05/2026,2026-05-27,68,[15:45-16:00[,2026-05-27 14:45,1609.089,27721.53,17.228,15841.874,9.845,,,,,10145.12,6.305,2454.813,1.526,-720.277,-0.448
27/05/2026,2026-05-27,69,[16:00-16:15[,2026-05-27 15:00,1599.679,31868.968,19.922,15822.216,9.891,,,,,11363.748,7.104,2453.125,1.534,2229.88,1.394
27/05/2026,2026-05-27,70,[16:15-16:30[,2026-05-27 15:15,1619.715,28279.048,17.459,15749.556,9.724,,,,,12156.494,7.505,2524.396,1.559,-2151.398,-1.328
27/05/2026,2026-05-27,71,[16:30-16:45[,2026-05-27 15:30,1638.283,27868.443,17.011,15632.726,9.542,,,,,11072.606,6.759,2510.004,1.532,-1346.892,-0.822
27/05/2026,2026-05-27,72,[16:45-17:00[,2026-05-27 15:45,1643.463,29330.389,17.847,15433.888,9.391,,,,,10954.866,6.666,2571.777,1.565,369.857,0.225
27/05/2026,2026-05-27,73,[17:00-17:15[,2026-05-27 16:00,1633.573,31698.202,19.404,15396.043,9.425,,,,,12481,7.64,2567.597,1.572,1253.562,0.767
27/05/2026,2026-05-27,74,[17:15-17:30[,2026-05-27 16:15,1636.735,25536.614,15.602,14562.513,8.897,,,,,11289.6,6.898,2553.771,1.56,-2869.27,-1.753
27/05/2026,2026-05-27,75,[17:30-17:45[,2026-05-27 16:30,1643.312,23270.086,14.16,12754.135,7.761,,,,,11135.04,6.776,2513.36,1.529,-3132.448,-1.906
27/05/2026,2026-05-27,76,[17:45-18:00[,2026-05-27 16:45,1668.809,20118.1,12.055,11290.58,6.766,,,,,11135.04,6.672,2619.382,1.57,-4926.902,-2.952
27/05/2026,2026-05-27,77,[18:00-18:15[,2026-05-27 17:00,1676.332,22984.432,13.711,12509.235,7.462,,,,,11135.04,6.643,2665.564,1.59,-3325.407,-1.984
27/05/2026,2026-05-27,78,[18:15-18:30[,2026-05-27 17:15,1702.554,26310.198,15.453,10598.595,6.225,,,,,11135.04,6.54,2576.867,1.514,1999.696,1.175
27/05/2026,2026-05-27,79,[18:30-18:45[,2026-05-27 17:30,1734.496,14916.957,8.6,8264.984,4.765,,,,,9625,5.549,2535.082,1.462,-5508.109,-3.176
27/05/2026,2026-05-27,80,[18:45-19:00[,2026-05-27 17:45,1766.118,19947.86,11.295,7316.591,4.143,,,,,6181,3.5,2599.788,1.472,3850.481,2.18
27/05/2026,2026-05-27,81,[19:00-19:15[,2026-05-27 18:00,1798.54,12447.14,6.921,7856.827,4.368,,,,,4304.85,2.394,2644.329,1.47,-2358.866,-1.312
27/05/2026,2026-05-27,82,[19:15-19:30[,2026-05-27 18:15,1820.552,11469.234,6.3,7406.432,4.068,,,,,2339.48,1.285,2644.84,1.453,-921.519,-0.506
27/05/2026,2026-05-27,83,[19:30-19:45[,2026-05-27 18:30,1831.553,7008.886,3.827,5482.283,2.993,,,,,886.6,0.484,2364.859,1.291,-1724.855,-0.942
27/05/2026,2026-05-27,84,[19:45-20:00[,2026-05-27 18:45,1849.354,6095.754,3.296,5314.803,2.874,,,,,886.6,0.479,2243.081,1.213,-2348.731,-1.27
27/05/2026,2026-05-27,85,[20:00-20:15[,2026-05-27 19:00,1855.548,4102.035,2.211,2404.15,1.296,,,,,948.6,0.511,2291.517,1.235,-1542.232,-0.831
27/05/2026,2026-05-27,86,[20:15-20:30[,2026-05-27 19:15,1854.978,3304.338,1.781,1574.974,0.849,,,,,948.6,0.511,2349.34,1.267,-1568.575,-0.846
27/05/2026,2026-05-27,87,[20:30-20:45[,2026-05-27 19:30,1849.1,9554.731,5.167,1568.57,0.848,,,,,948.6,0.513,2250.856,1.217,4786.705,2.589
27/05/2026,2026-05-27,88,[20:45-21:00[,2026-05-27 19:45,1841.897,4503.41,2.445,2032.665,1.104,,,,,948.6,0.515,2171.328,1.179,-649.182,-0.352
27/05/2026,2026-05-27,89,[21:00-21:15[,2026-05-27 20:00,1851.055,6512.494,3.518,1946.575,1.052,,,,,1032.3,0.558,2190.884,1.184,1342.735,0.725
27/05/2026,2026-05-27,90,[21:15-21:30[,2026-05-27 20:15,1843.461,11995.955,6.507,3546.023,1.924,,,,,1032.3,0.56,2168.26,1.176,5249.372,2.848
27/05/2026,2026-05-27,91,[21:30-21:45[,2026-05-27 20:30,1820.574,5207.779,2.861,2455.738,1.349,,,,,1032.3,0.567,2300.998,1.264,-581.256,-0.319
27/05/2026,2026-05-27,92,[21:45-22:00[,2026-05-27 20:45,1785.805,7209.323,4.037,6093.55,3.412,,,,,1032.3,0.578,2315.508,1.297,-2232.036,-1.25
27/05/2026,2026-05-27,93,[22:00-22:15[,2026-05-27 21:00,1753.549,8980.654,5.121,6333.188,3.612,,,,,1085,0.619,2256.67,1.287,-694.204,-0.396
27/05/2026,2026-05-27,94,[22:15-22:30[,2026-05-27 21:15,1718.786,8312.317,4.836,6932.025,4.033,,,,,1085,0.631,2178.451,1.267,-1883.159,-1.096
27/05/2026,2026-05-27,95,[22:30-22:45[,2026-05-27 21:30,1680.722,7822.124,4.654,6784.838,4.037,,,,,1085,0.646,2358.03,1.403,-2405.744,-1.431
27/05/2026,2026-05-27,96,[22:45-23:00[,2026-05-27 21:45,1646.587,12061.704,7.325,8263.1,5.018,,,,,2674,1.624,2359.955,1.433,-1235.351,-0.75
28/05/2026,2026-05-28,1,[23:00-23:15[,2026-05-27 22:00,1616.771,9673.645,5.983,5232.88,3.237,,,,,3648.75,2.257,2560.007,1.583,-1767.992,-1.094
28/05/2026,2026-05-28,2,[23:15-23:30[,2026-05-27 22:15,1581.291,12886.267,8.149,5871.69,3.713,,,,,3648.75,2.307,2638.673,1.669,727.154,0.46
28/05/2026,2026-05-28,3,[23:30-23:45[,2026-05-27 22:30,1540.787,13092.134,8.497,6242.15,4.051,,,,,4022.382,2.611,2616.823,1.698,210.779,0.137
28/05/2026,2026-05-28,4,[23:45-00:00[,2026-05-27 22:45,1490.252,14044.749,9.424,6652.819,4.464,,,,,4420.416,2.966,2577.781,1.73,393.733,0.264
28/05/2026,2026-05-28,5,[00:00-00:15[,2026-05-27 23:00,1506.111,10886.12,7.228,6202.878,4.118,,,,,4122.248,2.737,2771.241,1.84,-2210.247,-1.468
28/05/2026,2026-05-28,6,[00:15-00:30[,2026-05-27 23:15,1482.155,11138.856,7.515,6243.71,4.213,,,,,4201.522,2.835,2830.702,1.91,-2137.078,-1.442
28/05/2026,2026-05-28,7,[00:30-00:45[,2026-05-27 23:30,1455.669,11572.768,7.95,6246.2,4.291,,,,,4207.62,2.891,2834.559,1.947,-1715.611,-1.179
28/05/2026,2026-05-28,8,[00:45-01:00[,2026-05-27 23:45,1434.476,14992.584,10.452,6984.005,4.869,,,,,4882.24,3.404,2825.335,1.97,301.004,0.21
28/05/2026,2026-05-28,9,[01:00-01:15[,2026-05-28 00:00,1394.81,16309.804,11.693,6444.533,4.62,,,,,4418.064,3.168,2820.271,2.022,2626.936,1.883
28/05/2026,2026-05-28,10,[01:15-01:30[,2026-05-28 00:15,1395.437,9411.253,6.744,7194.203,5.156,,,,,4523.256,3.241,2835.484,2.032,-5141.689,-3.685
28/05/2026,2026-05-28,11,[01:30-01:45[,2026-05-28 00:30,1380.9,14393.693,10.423,7261.26,5.258,,,,,4700.85,3.404,2837.752,2.055,-406.169,-0.294
28/05/2026,2026-05-28,12,[01:45-02:00[,2026-05-28 00:45,1359.907,14269.926,10.493,7341.9,5.399,,,,,5161.5,3.795,2840.383,2.089,-1073.857,-0.79
28/05/2026,2026-05-28,13,[02:00-02:15[,2026-05-28 01:00,1329.518,14894.086,11.203,7089.497,5.332,,,,,5106,3.84,2773.245,2.086,-74.655,-0.056
28/05/2026,2026-05-28,14,[02:15-02:30[,2026-05-28 01:15,1333.743,17676.378,13.253,7088.698,5.315,,,,,5791.5,4.342,2826.775,2.119,1969.406,1.477
28/05/2026,2026-05-28,15,[02:30-02:45[,2026-05-28 01:30,1329.676,9049.852,6.806,7088.84,5.331,,,,,4591.72,3.453,2840.721,2.136,-5471.429,-4.115
28/05/2026,2026-05-28,16,[02:45-03:00[,2026-05-28 01:45,1320.923,9046.945,6.849,7037.951,5.328,,,,,4372.272,3.31,2861.641,2.166,-5224.918,-3.956
28/05/2026,2026-05-28,17,[03:00-03:15[,2026-05-28 02:00,1296.77,6716.518,5.179,7087.717,5.466,,,,,4527.32,3.491,2800.15,2.159,-7698.668,-5.937
28/05/2026,2026-05-28,18,[03:15-03:30[,2026-05-28 02:15,1302.109,15857.664,12.178,7029.845,5.399,,,,,4287.616,3.293,2862.122,2.198,1678.081,1.289
28/05/2026,2026-05-28,19,[03:30-03:45[,2026-05-28 02:30,1302.072,14245.984,10.941,6334.58,4.865,,,,,3722.982,2.859,2861.309,2.198,1327.113,1.019
28/05/2026,2026-05-28,20,[03:45-04:00[,2026-05-28 02:45,1271.134,13808.15,10.863,6246.455,4.914,,,,,3572.82,2.811,2860.659,2.25,1128.216,0.888
28/05/2026,2026-05-28,21,[04:00-04:15[,2026-05-28 03:00,1281.985,13784.458,10.752,6178.948,4.82,,,,,3565.784,2.781,2859.037,2.23,1180.689,0.921
28/05/2026,2026-05-28,22,[04:15-04:30[,2026-05-28 03:15,1271.752,13064.32,10.273,5912.645,4.649,,,,,3336.25,2.623,2782.139,2.188,1033.286,0.812
28/05/2026,2026-05-28,23,[04:30-04:45[,2026-05-28 03:30,1274.154,12556.485,9.855,5250.438,4.121,,,,,3643.74,2.86,2858.876,2.244,803.432,0.631
28/05/2026,2026-05-28,24,[04:45-05:00[,2026-05-28 03:45,1261.245,11494.111,9.113,4889.93,3.877,,,,,2544.48,2.017,2860.176,2.268,1199.525,0.951
28/05/2026,2026-05-28,25,[05:00-05:15[,2026-05-28 04:00,1277.466,12169.246,9.526,4702.648,3.681,,,,,2152.46,1.685,2861.803,2.24,2452.336,1.92
28/05/2026,2026-05-28,26,[05:15-05:30[,2026-05-28 04:15,1293.075,10088.233,7.802,4066.058,3.144,,,,,882.34,0.682,2842.239,2.198,2297.596,1.777
28/05/2026,2026-05-28,27,[05:30-05:45[,2026-05-28 04:30,1270.024,10753.33,8.467,4249.258,3.346,,,,,1258.88,0.991,2805.505,2.209,2439.687,1.921
28/05/2026,2026-05-28,28,[05:45-06:00[,2026-05-28 04:45,1284.19,7609.068,5.925,4075.963,3.174,,,,,882.34,0.687,2796.085,2.177,-145.319,-0.113
28/05/2026,2026-05-28,29,[06:00-06:15[,2026-05-28 05:00,1320.895,5125.447,3.88,4067.02,3.079,,,,,973.4,0.737,2862.9,2.167,-2777.873,-2.103
28/05/2026,2026-05-28,30,[06:15-06:30[,2026-05-28 05:15,1321.406,7276.191,5.506,4067.158,3.078,,,,,973.4,0.737,2800.54,2.119,-564.906,-0.428
28/05/2026,2026-05-28,31,[06:30-06:45[,2026-05-28 05:30,1338.912,8180.068,6.109,4795.408,3.582,,,,,2597.8,1.94,2676.373,1.999,-1889.512,-1.411
28/05/2026,2026-05-28,32,[06:45-07:00[,2026-05-28 05:45,1357.124,11769.229,8.672,6042.869,4.453,,,,,3748.75,2.762,2638.385,1.944,-660.775,-0.487
28/05/2026,2026-05-28,33,[07:00-07:15[,2026-05-28 06:00,1416.971,13455.244,9.496,4350.233,3.07,,,,,1718.72,1.213,2704.989,1.909,4681.302,3.304
28/05/2026,2026-05-28,34,[07:15-07:30[,2026-05-28 06:15,1459.03,10764.702,7.378,6053.714,4.149,,,,,4101.054,2.811,2795.427,1.916,-2185.494,-1.498
28/05/2026,2026-05-28,35,[07:30-07:45[,2026-05-28 06:30,1491.409,14790.312,9.917,6913.206,4.635,,,,,5344.35,3.583,2735.406,1.834,-202.649,-0.136
28/05/2026,2026-05-28,36,[07:45-08:00[,2026-05-28 06:45,1518.824,22079.738,14.537,9128.201,6.01,,,,,10324.32,6.798,2684.39,1.767,-57.173,-0.038
28/05/2026,2026-05-28,37,[08:00-08:15[,2026-05-28 07:00,1582.801,19804.185,12.512,7723.95,4.88,,,,,10323.36,6.522,2686.236,1.697,-929.361,-0.587
28/05/2026,2026-05-28,38,[08:15-08:30[,2026-05-28 07:15,1611.995,23076.793,14.316,10192.589,6.323,,,,,10804.86,6.703,2680.827,1.663,-601.482,-0.373
28/05/2026,2026-05-28,39,[08:30-08:45[,2026-05-28 07:30,1646.467,24145.391,14.665,12359.863,7.507,,,,,10792.02,6.555,2643.993,1.606,-1650.485,-1.002
28/05/2026,2026-05-28,40,[08:45-09:00[,2026-05-28 07:45,1645.349,26284.031,15.975,13386.425,8.136,,,,,10388.88,6.314,2500.722,1.52,8.004,0.005
28/05/2026,2026-05-28,41,[09:00-09:15[,2026-05-28 08:00,1635.913,26679.212,16.308,12837.988,7.848,,,,,11519.2,7.041,2337.035,1.429,-15.01,-0.009
28/05/2026,2026-05-28,42,[09:15-09:30[,2026-05-28 08:15,1640.149,28537.508,17.399,13968.613,8.517,,,,,12258.704,7.474,2409.616,1.469,-99.425,-0.061
28/05/2026,2026-05-28,43,[09:30-09:45[,2026-05-28 08:30,1650.289,29537.958,17.899,15077.613,9.136,,,,,11994.47,7.268,2343.725,1.42,122.151,0.074
28/05/2026,2026-05-28,44,[09:45-10:00[,2026-05-28 08:45,1640.327,30445.773,18.561,15434.754,9.41,,,,,12061.414,7.353,2306.644,1.406,642.962,0.392
28/05/2026,2026-05-28,45,[10:00-10:15[,2026-05-28 09:00,1627.454,29237.737,17.965,15523.813,9.539,,,,,11550.903,7.098,2297.758,1.412,-134.737,-0.083
28/05/2026,2026-05-28,46,[10:15-10:30[,2026-05-28 09:15,1642.24,28702.537,17.478,15604.436,9.502,,,,,11065.375,6.738,2162.652,1.317,-129.926,-0.079
28/05/2026,2026-05-28,47,[10:30-10:45[,2026-05-28 09:30,1641.345,29290.095,17.845,15670.329,9.547,,,,,11455.714,6.979,2178.778,1.327,-14.726,-0.009
28/05/2026,2026-05-28,48,[10:45-11:00[,2026-05-28 09:45,1638.369,29316.429,17.894,15679.255,9.57,,,,,11500.279,7.019,2109.672,1.288,27.224,0.017
28/05/2026,2026-05-28,49,[11:00-11:15[,2026-05-28 10:00,1648.568,29886.282,18.129,15666.305,9.503,,,,,12101.184,7.34,2092.484,1.269,26.31,0.016
28/05/2026,2026-05-28,50,[11:15-11:30[,2026-05-28 10:15,1649.965,28855.946,17.489,15679.242,9.503,,,,,11153.342,6.76,2011.043,1.219,12.319,0.007
28/05/2026,2026-05-28,51,[11:30-11:45[,2026-05-28 10:30,1647.344,29606.926,17.973,15679.236,9.518,,,,,11373.684,6.904,2181.134,1.324,372.872,0.226
28/05/2026,2026-05-28,52,[11:45-12:00[,2026-05-28 10:45,1641.37,29719.956,18.107,15679.27,9.553,,,,,11541.573,7.032,2146.651,1.308,352.463,0.215
28/05/2026,2026-05-28,53,[12:00-12:15[,2026-05-28 11:00,1635.443,28117.644,17.193,15669.636,9.581,,,,,10460.896,6.396,2039.186,1.247,-52.074,-0.032
28/05/2026,2026-05-28,54,[12:15-12:30[,2026-05-28 11:15,1630.692,27154.502,16.652,15678.296,9.615,,,,,10460.543,6.415,2052.053,1.258,-1036.39,-0.636
28/05/2026,2026-05-28,55,[12:30-12:45[,2026-05-28 11:30,1578.165,29092.648,18.434,15679.233,9.935,,,,,10544.063,6.681,1951.806,1.237,917.547,0.581
28/05/2026,2026-05-28,56,[12:45-13:00[,2026-05-28 11:45,1576.572,28403.713,18.016,15679.247,9.945,,,,,10436.86,6.62,1973.122,1.252,314.485,0.199
28/05/2026,2026-05-28,57,[13:00-13:15[,2026-05-28 12:00,1572.732,34649.976,22.032,15679.232,9.969,,,,,10464.134,6.653,1967.978,1.251,6538.632,4.157
28/05/2026,2026-05-28,58,[13:15-13:30[,2026-05-28 12:15,1563.115,36560.895,23.39,15679.237,10.031,,,,,10491.273,6.712,1919.936,1.228,8470.449,5.419
28/05/2026,2026-05-28,59,[13:30-13:45[,2026-05-28 12:30,1579.958,38556.521,24.404,15678.299,9.923,,,,,10794.96,6.832,1885.042,1.193,10198.219,6.455
28/05/2026,2026-05-28,60,[13:45-14:00[,2026-05-28 12:45,1585.519,29016.039,18.301,15668.18,9.882,,,,,10793.268,6.807,1913.525,1.207,641.066,0.404
28/05/2026,2026-05-28,61,[14:00-14:15[,2026-05-28 13:00,1598.319,38420.642,24.038,15678.308,9.809,,,,,10471.897,6.552,1915.659,1.199,10354.778,6.479
28/05/2026,2026-05-28,62,[14:15-14:30[,2026-05-28 13:15,1604.094,38143.884,23.779,15669.119,9.768,,,,,10888.375,6.788,1883.818,1.174,9702.571,6.049
28/05/2026,2026-05-28,63,[14:30-14:45[,2026-05-28 13:30,1603.106,28517.928,17.789,15591.309,9.726,,,,,10861.912,6.776,1882.627,1.174,182.08,0.114
28/05/2026,2026-05-28,64,[14:45-15:00[,2026-05-28 13:45,1594.51,28387.471,17.803,15591.311,9.778,,,,,10890.964,6.83,1825.386,1.145,79.81,0.05
28/05/2026,2026-05-28,65,[15:00-15:15[,2026-05-28 14:00,1594.701,28431.867,17.829,15575.373,9.767,,,,,11064.369,6.938,1751.181,1.098,40.944,0.026
28/05/2026,2026-05-28,66,[15:15-15:30[,2026-05-28 14:15,1595.653,28425.199,17.814,15506,9.718,,,,,11151.659,6.989,1770.371,1.109,-2.831,-0.002
28/05/2026,2026-05-28,67,[15:30-15:45[,2026-05-28 14:30,1584.524,29397.863,18.553,15474.125,9.766,,,,,11101.398,7.006,1803.322,1.138,1019.017,0.643
28/05/2026,2026-05-28,68,[15:45-16:00[,2026-05-28 14:45,1595.368,28423.044,17.816,15304.44,9.593,,,,,11027.458,6.912,1795.695,1.126,295.452,0.185
28/05/2026,2026-05-28,69,[16:00-16:15[,2026-05-28 15:00,1600.137,28169.427,17.604,14952.879,9.345,,,,,11233.188,7.02,1823.772,1.14,159.588,0.1
28/05/2026,2026-05-28,70,[16:15-16:30[,2026-05-28 15:15,1583.389,27442.861,17.332,14664.238,9.261,,,,,11233.188,7.094,1931.002,1.22,-385.566,-0.244
28/05/2026,2026-05-28,71,[16:30-16:45[,2026-05-28 15:30,1595.919,28363.926,17.773,14141.113,8.861,,,,,11343.261,7.108,2081.482,1.304,798.07,0.5
28/05/2026,2026-05-28,72,[16:45-17:00[,2026-05-28 15:45,1603.057,26600.354,16.594,13386.425,8.351,,,,,11353.379,7.082,1982.119,1.236,-121.569,-0.076
28/05/2026,2026-05-28,73,[17:00-17:15[,2026-05-28 16:00,1602.922,26094.041,16.279,12837.988,8.009,,,,,10578.581,6.6,2209.132,1.378,468.34,0.292
28/05/2026,2026-05-28,74,[17:15-17:30[,2026-05-28 16:15,1609.653,24173.113,15.018,11900.488,7.393,,,,,10183.093,6.326,2246.367,1.396,-156.835,-0.097
28/05/2026,2026-05-28,75,[17:30-17:45[,2026-05-28 16:30,1617.829,21582.803,13.341,10655.436,6.586,,,,,10183.286,6.294,2096.216,1.296,-1352.134,-0.836
28/05/2026,2026-05-28,76,[17:45-18:00[,2026-05-28 16:45,1629.612,21535.324,13.215,9741.056,5.978,,,,,10185.41,6.25,2068.029,1.269,-459.171,-0.282
28/05/2026,2026-05-28,77,[18:00-18:15[,2026-05-28 17:00,1629.696,24417.404,14.983,9818.798,6.025,,,,,10468.26,6.423,1956.953,1.201,2173.393,1.334
28/05/2026,2026-05-28,78,[18:15-18:30[,2026-05-28 17:15,1661.299,19058.534,11.472,8923.652,5.371,,,,,10306.54,6.204,2106.392,1.268,-2278.051,-1.371
28/05/2026,2026-05-28,79,[18:30-18:45[,2026-05-28 17:30,1690.648,16029.415,9.481,7777.815,4.6,,,,,5241.852,3.1,2124.533,1.257,885.216,0.524
28/05/2026,2026-05-28,80,[18:45-19:00[,2026-05-28 17:45,1725.858,15626.179,9.054,7676.003,4.448,,,,,4381.9,2.539,2152.513,1.247,1415.764,0.82
28/05/2026,2026-05-28,81,[19:00-19:15[,2026-05-28 18:00,1757.576,31910.154,18.156,7151.566,4.069,26120.648,14.862,,,3576.15,2.035,2254.859,1.283,-7193.067,-4.093
28/05/2026,2026-05-28,82,[19:15-19:30[,2026-05-28 18:15,1788.56,24081.438,13.464,5969.019,3.337,26120.648,14.604,,,1243.008,0.695,2205.641,1.233,-11456.877,-6.406
28/05/2026,2026-05-28,83,[19:30-19:45[,2026-05-28 18:30,1811.964,23305.226,12.862,4570.415,2.522,26120.648,14.416,,,429.76,0.237,2138.101,1.18,-9953.697,-5.493
28/05/2026,2026-05-28,84,[19:45-20:00[,2026-05-28 18:45,1831.749,19843.39,10.833,1273.958,0.695,26120.648,14.26,,,3917.9,2.139,2199.072,1.201,-13668.187,-7.462
28/05/2026,2026-05-28,85,[20:00-20:15[,2026-05-28 19:00,1837.987,19086.84,10.385,1482.433,0.807,26120.648,14.212,,,4461.76,2.428,2191.373,1.192,-15169.372,-8.253
28/05/2026,2026-05-28,86,[20:15-20:30[,2026-05-28 19:15,1831.602,18178.062,9.925,979.21,0.535,26120.648,14.261,,,4461.76,2.436,2195.358,1.199,-15578.913,-8.506
28/05/2026,2026-05-28,87,[20:30-20:45[,2026-05-28 19:30,1822.551,19227.552,10.55,529.71,0.291,26120.648,14.332,,,4461.76,2.448,2126.935,1.167,-14011.501,-7.688
28/05/2026,2026-05-28,88,[20:45-21:00[,2026-05-28 19:45,1822.853,23649.298,12.974,1081.51,0.593,26120.648,14.33,,,4461.76,2.448,2153.215,1.181,-10167.834,-5.578
28/05/2026,2026-05-28,89,[21:00-21:15[,2026-05-28 20:00,1832.4,16471.973,8.989,606.963,0.331,26120.648,14.255,,,4843.76,2.643,2206.996,1.204,-17306.394,-9.445
28/05/2026,2026-05-28,90,[21:15-21:30[,2026-05-28 20:15,1834.538,17191.761,9.371,1309.888,0.714,26120.648,14.238,,,500.86,0.273,2231.958,1.217,-12971.593,-7.071
28/05/2026,2026-05-28,91,[21:30-21:45[,2026-05-28 20:30,1807.503,14885.19,8.235,1081.65,0.598,26120.648,14.451,,,500.86,0.277,2223.091,1.23,-15041.059,-8.321
28/05/2026,2026-05-28,92,[21:45-22:00[,2026-05-28 20:45,1774.155,20618.389,11.622,1932.75,1.089,26120.648,14.723,,,500.86,0.282,2204.737,1.243,-10140.606,-5.716
28/05/2026,2026-05-28,93,[22:00-22:15[,2026-05-28 21:00,1740.945,17027.942,9.781,1647.013,0.946,26120.648,15.004,,,534.988,0.307,2254.446,1.295,-13529.152,-7.771
28/05/2026,2026-05-28,94,[22:15-22:30[,2026-05-28 21:15,1711.731,25484.964,14.888,2922.12,1.707,26120.648,15.26,,,534.988,0.313,2255.237,1.318,-6348.029,-3.709
28/05/2026,2026-05-28,95,[22:30-22:45[,2026-05-28 21:30,1672.888,25583.623,15.293,4789.338,2.863,26120.648,15.614,,,534.988,0.32,2168.929,1.297,-8030.28,-4.8
28/05/2026,2026-05-28,96,[22:45-23:00[,2026-05-28 21:45,1626.952,30293.136,18.62,5774.763,3.549,26120.648,16.055,,,1048.76,0.645,2118.512,1.302,-4769.547,-2.932
29/05/2026,2026-05-29,1,[23:00-23:15[,2026-05-28 22:00,1582.655,6947.812,4.39,1456.442,0.92,5346.147,3.378,,,477.16,0.301,2116.403,1.337,-2448.34,-1.547
29/05/2026,2026-05-29,2,[23:15-23:30[,2026-05-28 22:15,1549.13,3372.663,2.177,2381.294,1.537,,,,,477.16,0.308,2147.943,1.387,-1633.734,-1.055
29/05/2026,2026-05-29,3,[23:30-23:45[,2026-05-28 22:30,1512.59,8105.262,5.359,4279.916,2.83,,,,,1310.68,0.867,2122.5,1.403,392.166,0.259
29/05/2026,2026-05-29,4,[23:45-00:00[,2026-05-28 22:45,1475.608,6146.042,4.165,4364.479,2.958,,,,,1503.96,1.019,2130.346,1.444,-1852.744,-1.256
29/05/2026,2026-05-29,5,[00:00-00:15[,2026-05-28 23:00,1445.208,9070.214,6.276,4364.479,3.02,,,,,1414.32,0.979,2192.479,1.517,1098.936,0.76
29/05/2026,2026-05-29,6,[00:15-00:30[,2026-05-28 23:15,1424.34,8118.693,5.7,4364.129,3.064,,,,,1414.32,0.993,2190.526,1.538,149.718,0.105
29/05/2026,2026-05-29,7,[00:30-00:45[,2026-05-28 23:30,1401.106,7530.52,5.375,4363.429,3.114,,,,,1414.32,1.009,2189.35,1.563,-436.579,-0.312
29/05/2026,2026-05-29,8,[00:45-01:00[,2026-05-28 23:45,1381.181,9425.618,6.824,4667.454,3.379,,,,,1931.2,1.398,2233.67,1.617,593.294,0.43
29/05/2026,2026-05-29,9,[01:00-01:15[,2026-05-29 00:00,1360.312,8184.287,6.016,4550.816,3.345,,,,,1704.56,1.253,2229.801,1.639,-300.89,-0.221
29/05/2026,2026-05-29,10,[01:15-01:30[,2026-05-29 00:15,1340.637,9519.918,7.101,5103.303,3.807,,,,,2745.6,2.048,2260.109,1.686,-589.094,-0.439
29/05/2026,2026-05-29,11,[01:30-01:45[,2026-05-29 00:30,1322.927,11427.342,8.638,5143.013,3.888,,,,,2837.12,2.145,2302.79,1.741,1144.419,0.865
29/05/2026,2026-05-29,12,[01:45-02:00[,2026-05-29 00:45,1307.563,11924.5,9.12,5280.438,4.038,,,,,3134.56,2.397,2302.947,1.761,1206.556,0.923
29/05/2026,2026-05-29,13,[02:00-02:15[,2026-05-29 01:00,1296.423,10722.394,8.271,5359.462,4.134,,,,,3184.5,2.456,2510.782,1.937,-332.35,-0.256
29/05/2026,2026-05-29,14,[02:15-02:30[,2026-05-29 01:15,1283.001,12351.701,9.627,5488.822,4.278,,,,,3281.25,2.557,2472.237,1.927,1109.392,0.865
29/05/2026,2026-05-29,15,[02:30-02:45[,2026-05-29 01:30,1271.044,11753.24,9.247,5571.522,4.383,,,,,3281.25,2.582,2491.519,1.96,408.949,0.322
29/05/2026,2026-05-29,16,[02:45-03:00[,2026-05-29 01:45,1279,11620.023,9.085,6675.309,5.219,,,,,3281.25,2.565,2795.693,2.186,-1132.229,-0.885
29/05/2026,2026-05-29,17,[03:00-03:15[,2026-05-29 02:00,1275.374,13525.746,10.605,6716.571,5.266,,,,,3231.25,2.534,2847.029,2.232,730.896,0.573
29/05/2026,2026-05-29,18,[03:15-03:30[,2026-05-29 02:15,1265.876,13565.944,10.717,6714.844,5.305,,,,,3231.25,2.553,2750.059,2.172,869.792,0.687
29/05/2026,2026-05-29,19,[03:30-03:45[,2026-05-29 02:30,1250.06,12599.518,10.079,6714.844,5.372,,,,,3231.25,2.585,2695.037,2.156,-41.613,-0.033
29/05/2026,2026-05-29,20,[03:45-04:00[,2026-05-29 02:45,1254.928,12032.056,9.588,6551.731,5.221,,,,,3231.25,2.575,2743.927,2.187,-494.851,-0.394
29/05/2026,2026-05-29,21,[04:00-04:15[,2026-05-29 03:00,1262.361,14431.322,11.432,7687.681,6.09,,,,,3331.25,2.639,2853.038,2.26,559.354,0.443
29/05/2026,2026-05-29,22,[04:15-04:30[,2026-05-29 03:15,1265.942,12327.008,9.737,6481.893,5.12,,,,,3080.16,2.433,2831.61,2.237,-66.655,-0.053
29/05/2026,2026-05-29,23,[04:30-04:45[,2026-05-29 03:30,1276.818,11216.983,8.785,6379.981,4.997,,,,,2856.96,2.238,2765.761,2.166,-785.719,-0.615
29/05/2026,2026-05-29,24,[04:45-05:00[,2026-05-29 03:45,1267.609,5821.36,4.592,5263.743,4.152,,,,,2678.4,2.113,2851.241,2.249,-4972.024,-3.922
29/05/2026,2026-05-29,25,[05:00-05:15[,2026-05-29 04:00,1274.493,7899.703,6.198,4296.193,3.371,,,,,1399.38,1.098,2793.497,2.192,-589.367,-0.462
29/05/2026,2026-05-29,26,[05:15-05:30[,2026-05-29 04:15,1287.921,7337.684,5.697,4296.493,3.336,,,,,1399.38,1.087,2856.945,2.218,-1215.134,-0.943
29/05/2026,2026-05-29,27,[05:30-05:45[,2026-05-29 04:30,1290.238,7158.348,5.548,4296.793,3.33,,,,,1399.38,1.085,2817.524,2.184,-1355.349,-1.05
29/05/2026,2026-05-29,28,[05:45-06:00[,2026-05-29 04:45,1278.23,12655.53,9.901,4297.093,3.362,,,,,1399.38,1.095,2857.91,2.236,4101.147,3.208
29/05/2026,2026-05-29,29,[06:00-06:15[,2026-05-29 05:00,1312.355,4577.874,3.488,1588.626,1.211,,,,,491.38,0.374,2826.233,2.154,-328.365,-0.25
29/05/2026,2026-05-29,30,[06:15-06:30[,2026-05-29 05:15,1336.005,9984.688,7.474,3803.527,2.847,,,,,709.08,0.531,2823.977,2.114,2648.104,1.982
29/05/2026,2026-05-29,31,[06:30-06:45[,2026-05-29 05:30,1361.436,7521.345,5.525,4325.168,3.177,,,,,1866,1.371,2823.034,2.074,-1492.857,-1.097
29/05/2026,2026-05-29,32,[06:45-07:00[,2026-05-29 05:45,1373.337,14115.77,10.278,5778.991,4.208,,,,,3756.25,2.735,2746.922,2,1833.608,1.335
29/05/2026,2026-05-29,33,[07:00-07:15[,2026-05-29 06:00,1444.811,5439.96,3.765,4163.988,2.882,,,,,1638.42,1.134,2834.628,1.962,-3197.076,-2.213
29/05/2026,2026-05-29,34,[07:15-07:30[,2026-05-29 06:15,1494.893,11335.152,7.583,5220.048,3.492,,,,,4020.38,2.689,2843.513,1.902,-748.789,-0.501
29/05/2026,2026-05-29,35,[07:30-07:45[,2026-05-29 06:30,1509.485,18685.288,12.379,6309.07,4.18,,,,,5827.5,3.861,2839.181,1.881,3709.537,2.457
29/05/2026,2026-05-29,36,[07:45-08:00[,2026-05-29 06:45,1566.943,20784.295,13.264,8354.774,5.332,,,,,8883,5.669,2797.842,1.786,748.678,0.478
29/05/2026,2026-05-29,37,[08:00-08:15[,2026-05-29 07:00,1635.365,17966.737,10.986,7277.166,4.45,,,,,9020.1,5.516,2812.395,1.72,-1142.924,-0.699
29/05/2026,2026-05-29,38,[08:15-08:30[,2026-05-29 07:15,1672.388,23171.753,13.855,9253.575,5.533,,,,,10792.02,6.453,2820.577,1.687,305.582,0.183
29/05/2026,2026-05-29,39,[08:30-08:45[,2026-05-29 07:30,1689.964,25786.748,15.259,11955.547,7.074,,,,,10792.02,6.386,2853.351,1.688,185.829,0.11
29/05/2026,2026-05-29,40,[08:45-09:00[,2026-05-29 07:45,1686.516,26425.541,15.669,12846.295,7.617,,,,,10792.02,6.399,2853.231,1.692,-66.005,-0.039
29/05/2026,2026-05-29,41,[09:00-09:15[,2026-05-29 08:00,1710.326,27486.728,16.071,13948.485,8.155,,,,,11430.8,6.683,2794.205,1.634,-686.761,-0.402
29/05/2026,2026-05-29,42,[09:15-09:30[,2026-05-29 08:15,1684.452,28818.522,17.109,14890.033,8.84,,,,,11580.4,6.875,2816.809,1.672,-468.719,-0.278
29/05/2026,2026-05-29,43,[09:30-09:45[,2026-05-29 08:30,1693.013,25802.803,15.241,15227.311,8.994,,,,,12124.4,7.161,2812.663,1.661,-4361.571,-2.576
29/05/2026,2026-05-29,44,[09:45-10:00[,2026-05-29 08:45,1696.419,24863.988,14.657,15254.046,8.992,,,,,12120.834,7.145,2786.172,1.642,-5297.064,-3.122
29/05/2026,2026-05-29,45,[10:00-10:15[,2026-05-29 09:00,1666.038,29647.091,17.795,15186.551,9.115,,,,,12013.854,7.211,2833.784,1.701,-387.098,-0.232
29/05/2026,2026-05-29,46,[10:15-10:30[,2026-05-29 09:15,1663.242,28211.195,16.962,15518.463,9.33,,,,,11274.907,6.779,2850.844,1.714,-1433.018,-0.862
29/05/2026,2026-05-29,47,[10:30-10:45[,2026-05-29 09:30,1655.737,29094.603,17.572,15587.838,9.414,,,,,11129.105,6.722,2715.823,1.64,-338.163,-0.204
29/05/2026,2026-05-29,48,[10:45-11:00[,2026-05-29 09:45,1654.268,28671.712,17.332,15603.775,9.432,,,,,11164.868,6.749,2715.941,1.642,-812.872,-0.491
29/05/2026,2026-05-29,49,[11:00-11:15[,2026-05-29 10:00,1645.701,26220.259,15.933,15603.775,9.482,,,,,11682.58,7.099,2651.387,1.611,-3717.483,-2.259
29/05/2026,2026-05-29,50,[11:15-11:30[,2026-05-29 10:15,1635.158,25780.311,15.766,15631.9,9.56,,,,,11680.877,7.144,2701.365,1.652,-4233.832,-2.589
29/05/2026,2026-05-29,51,[11:30-11:45[,2026-05-29 10:30,1644.132,31880.047,19.39,15634.713,9.509,,,,,11790.354,7.171,2543.432,1.547,1911.548,1.163
29/05/2026,2026-05-29,52,[11:45-12:00[,2026-05-29 10:45,1641.019,27249.369,16.605,15655.85,9.54,,,,,11794.331,7.187,2526.715,1.54,-2727.528,-1.662
29/05/2026,2026-05-29,53,[12:00-12:15[,2026-05-29 11:00,1602.578,28573.187,17.83,15642.525,9.761,,,,,10465.404,6.53,2448.468,1.528,16.79,0.01
29/05/2026,2026-05-29,54,[12:15-12:30[,2026-05-29 11:15,1589.651,28182.269,17.729,15671.863,9.859,,,,,10475.496,6.59,2513.962,1.581,-479.052,-0.301
29/05/2026,2026-05-29,55,[12:30-12:45[,2026-05-29 11:30,1567.6,28801.66,18.373,15680.738,10.003,,,,,10594.935,6.759,2571.266,1.64,-45.279,-0.029
29/05/2026,2026-05-29,56,[12:45-13:00[,2026-05-29 11:45,1560.367,29110.415,18.656,15686.063,10.053,,,,,10582.496,6.782,2606.229,1.67,235.627,0.151
29/05/2026,2026-05-29,57,[13:00-13:15[,2026-05-29 12:00,1556.715,28588.757,18.365,15606.9,10.026,,,,,10418.838,6.693,2551.493,1.639,11.525,0.007
29/05/2026,2026-05-29,58,[13:15-13:30[,2026-05-29 12:15,1527.738,28340.674,18.551,15606.9,10.216,,,,,10422.2,6.822,2513.32,1.645,-201.746,-0.132
29/05/2026,2026-05-29,59,[13:30-13:45[,2026-05-29 12:30,1560.674,28353.72,18.168,15606.9,10,,,,,10222.161,6.55,2569.648,1.646,-44.989,-0.029
29/05/2026,2026-05-29,60,[13:45-14:00[,2026-05-29 12:45,1563.698,28610.685,18.297,15606.9,9.981,,,,,10222.161,6.537,2575.374,1.647,206.25,0.132
29/05/2026,2026-05-29,61,[14:00-14:15[,2026-05-29 13:00,1582.276,28751.992,18.171,15606.9,9.864,,,,,10537.996,6.66,2569.021,1.624,38.075,0.024
29/05/2026,2026-05-29,62,[14:15-14:30[,2026-05-29 13:15,1575.748,26502.738,16.819,15523.463,9.851,,,,,10514.663,6.673,2521.74,1.6,-2057.128,-1.305
29/05/2026,2026-05-29,63,[14:30-14:45[,2026-05-29 13:30,1585.886,26856.788,16.935,15526.275,9.79,,,,,10532.625,6.641,2531.665,1.596,-1733.777,-1.093
29/05/2026,2026-05-29,64,[14:45-15:00[,2026-05-29 13:45,1596.636,28481.635,17.839,15544.088,9.736,,,,,10544.073,6.604,2550.457,1.597,-156.982,-0.098
29/05/2026,2026-05-29,65,[15:00-15:15[,2026-05-29 14:00,1588.757,28769.236,18.108,15204.692,9.57,,,,,11032.034,6.944,2536.641,1.597,-4.131,-0.003
29/05/2026,2026-05-29,66,[15:15-15:30[,2026-05-29 14:15,1584.514,28069.057,17.715,15233.237,9.614,,,,,11106.532,7.009,2636.958,1.664,-907.669,-0.573
29/05/2026,2026-05-29,67,[15:30-15:45[,2026-05-29 14:30,1589.25,28534.932,17.955,15201.861,9.565,,,,,10809.978,6.802,2648.175,1.666,-125.081,-0.079
29/05/2026,2026-05-29,68,[15:45-16:00[,2026-05-29 14:45,1587.06,31096.96,19.594,14985.24,9.442,,,,,11240.467,7.083,2642.44,1.665,2228.814,1.404
29/05/2026,2026-05-29,69,[16:00-16:15[,2026-05-29 15:00,1590.774,27629.269,17.368,14514.315,9.124,,,,,11366.956,7.146,2639.179,1.659,-891.181,-0.56
29/05/2026,2026-05-29,70,[16:15-16:30[,2026-05-29 15:15,1605.087,27430.391,17.09,14105.164,8.788,,,,,11329.94,7.059,2586.349,1.611,-591.062,-0.368
29/05/2026,2026-05-29,71,[16:30-16:45[,2026-05-29 15:30,1613.28,26246.939,16.269,13854.543,8.588,,,,,10920,6.769,2709.009,1.679,-1236.613,-0.767
29/05/2026,2026-05-29,72,[16:45-17:00[,2026-05-29 15:45,1634.668,25144.216,15.382,13228.827,8.093,,,,,11511.72,7.042,2738.997,1.676,-2335.328,-1.429
29/05/2026,2026-05-29,73,[17:00-17:15[,2026-05-29 16:00,1600.608,26899.308,16.806,12150.783,7.591,,,123.345,0.077,11781,7.36,2762.769,1.726,81.411,0.051
29/05/2026,2026-05-29,74,[17:15-17:30[,2026-05-29 16:15,1622.779,25313.225,15.599,10844.702,6.683,,,,,11781,7.26,2717.823,1.675,-30.3,-0.019
29/05/2026,2026-05-29,75,[17:30-17:45[,2026-05-29 16:30,1639.442,23224.769,14.166,9781.872,5.967,,,,,11781,7.186,2790.101,1.702,-1128.204,-0.688
29/05/2026,2026-05-29,76,[17:45-18:00[,2026-05-29 16:45,1631.336,21834.989,13.385,9164.561,5.618,,,,,11808.87,7.239,2723.915,1.67,-1862.357,-1.142
29/05/2026,2026-05-29,77,[18:00-18:15[,2026-05-29 17:00,1639.415,22688.341,13.839,9855.51,6.012,,,,,11336.68,6.915,2795.098,1.705,-1298.947,-0.792
29/05/2026,2026-05-29,78,[18:15-18:30[,2026-05-29 17:15,1675.479,19448.981,11.608,8577.07,5.119,,,,,9078.78,5.419,2823.115,1.685,-1029.984,-0.615
29/05/2026,2026-05-29,79,[18:30-18:45[,2026-05-29 17:30,1703.608,18225.231,10.698,7052.097,4.14,,,,,7077,4.154,2902.08,1.703,1194.054,0.701
29/05/2026,2026-05-29,80,[18:45-19:00[,2026-05-29 17:45,1716.66,12941.362,7.539,6755.782,3.935,,,,,4268.75,2.487,2901.442,1.69,-984.613,-0.574
29/05/2026,2026-05-29,81,[19:00-19:15[,2026-05-29 18:00,1740.333,29205.917,16.782,6802.294,3.909,23816.181,13.685,,,3570.75,2.052,2680.916,1.54,-7664.224,-4.404
29/05/2026,2026-05-29,82,[19:15-19:30[,2026-05-29 18:15,1759.236,32937.373,18.723,6169.74,3.507,23816.181,13.538,,,2349.672,1.336,2630.696,1.495,-2028.916,-1.153
29/05/2026,2026-05-29,83,[19:30-19:45[,2026-05-29 18:30,1779.208,28943.867,16.268,5253.191,2.953,23816.181,13.386,,,822.12,0.462,2580.199,1.45,-3527.824,-1.983
29/05/2026,2026-05-29,84,[19:45-20:00[,2026-05-29 18:45,1801.192,29063.486,16.136,3816.028,2.119,23816.181,13.222,,,429.76,0.239,2602.7,1.445,-1601.183,-0.889
29/05/2026,2026-05-29,85,[20:00-20:15[,2026-05-29 19:00,1790.57,25936.941,14.485,1718.936,0.96,23816.181,13.301,,,459.78,0.257,2596.561,1.45,-2654.517,-1.482
29/05/2026,2026-05-29,86,[20:15-20:30[,2026-05-29 19:15,1795.519,23079.674,12.854,1343.679,0.748,23816.181,13.264,,,459.78,0.256,2648.98,1.475,-5188.947,-2.89
29/05/2026,2026-05-29,87,[20:30-20:45[,2026-05-29 19:30,1799.553,25845.078,14.362,1033.211,0.574,23816.181,13.234,,,4446.48,2.471,2620.079,1.456,-6070.873,-3.374
29/05/2026,2026-05-29,88,[20:45-21:00[,2026-05-29 19:45,1783.142,28193.868,15.811,1248.634,0.7,23816.181,13.356,,,4446.48,2.494,2649.456,1.486,-3966.883,-2.225
29/05/2026,2026-05-29,89,[21:00-21:15[,2026-05-29 20:00,1793.082,26405.191,14.726,1103.612,0.615,23816.181,13.282,,,4843.76,2.701,2564.274,1.43,-5922.636,-3.303
29/05/2026,2026-05-29,90,[21:15-21:30[,2026-05-29 20:15,1804.677,28745.148,15.928,1572.737,0.871,23816.181,13.197,,,4843.76,2.684,2576.167,1.427,-4063.698,-2.252
29/05/2026,2026-05-29,91,[21:30-21:45[,2026-05-29 20:30,1769.152,27401.644,15.489,1573.238,0.889,23816.181,13.462,,,4843.76,2.738,2665.863,1.507,-5497.398,-3.107
29/05/2026,2026-05-29,92,[21:45-22:00[,2026-05-29 20:45,1747.269,25367.14,14.518,2040.703,1.168,23816.181,13.631,,,500.86,0.287,2665.676,1.526,-3656.28,-2.093
29/05/2026,2026-05-29,93,[22:00-22:15[,2026-05-29 21:00,1720.154,24917.867,14.486,2728.71,1.586,23816.181,13.845,,,534.356,0.311,2665.973,1.55,-4827.353,-2.806
29/05/2026,2026-05-29,94,[22:15-22:30[,2026-05-29 21:15,1674.264,30843.134,18.422,6128.603,3.66,23816.181,14.225,,,1658.34,0.99,2592.161,1.548,-3352.152,-2.002
29/05/2026,2026-05-29,95,[22:30-22:45[,2026-05-29 21:30,1652.549,30020.762,18.166,6128.603,3.709,23816.181,14.412,,,1658.34,1.004,2557.864,1.548,-4140.226,-2.505
29/05/2026,2026-05-29,96,[22:45-23:00[,2026-05-29 21:45,1618.551,31770.737,19.629,6605.791,4.081,23816.181,14.715,,,2890.44,1.786,2535.946,1.567,-4077.621,-2.519
30/05/2026,2026-05-30,1,[23:00-23:15[,2026-05-29 22:00,1571.422,24537.167,15.615,4562.985,2.904,16449.635,10.468,,,2609.28,1.66,2483.888,1.581,-1568.62,-0.998
30/05/2026,2026-05-30,2,[23:15-23:30[,2026-05-29 22:15,1550.467,15072.935,9.722,4751.857,3.065,5737.691,3.701,,,2188.8,1.412,2502.44,1.614,-107.853,-0.07
30/05/2026,2026-05-30,3,[23:30-23:45[,2026-05-29 22:30,1518.361,9011.693,5.935,5648.607,3.72,,,,,1307.52,0.861,2545.708,1.677,-490.143,-0.323
30/05/2026,2026-05-30,4,[23:45-00:00[,2026-05-29 22:45,1474.435,11561.131,7.841,6140.082,4.164,,,,,1365.12,0.926,2540.973,1.723,1514.956,1.027
30/05/2026,2026-05-30,5,[00:00-00:15[,2026-05-29 23:00,1450.465,8135.882,5.609,6160.307,4.247,,,,,817.92,0.564,2540.296,1.751,-1382.641,-0.953
30/05/2026,2026-05-30,6,[00:15-00:30[,2026-05-29 23:15,1449.966,9334.397,6.438,6516.782,4.494,,,,,979.2,0.675,2772.174,1.912,-933.758,-0.644
30/05/2026,2026-05-30,7,[00:30-00:45[,2026-05-29 23:30,1416.41,10259.135,7.243,6485.122,4.579,,,,,933.12,0.659,2701.362,1.907,139.531,0.099
30/05/2026,2026-05-30,8,[00:45-01:00[,2026-05-29 23:45,1403.315,9538.351,6.797,6658.785,4.745,,,,,1175.04,0.837,2750.749,1.96,-1046.223,-0.746
30/05/2026,2026-05-30,9,[01:00-01:15[,2026-05-30 00:00,1382.283,9082.265,6.57,6515.572,4.714,,,,,1170.4,0.847,2806.39,2.03,-1410.097,-1.02
30/05/2026,2026-05-30,10,[01:15-01:30[,2026-05-30 00:15,1350.523,11031.763,8.169,6765.172,5.009,,,,,1304.8,0.966,2777.897,2.057,183.894,0.136
30/05/2026,2026-05-30,11,[01:30-01:45[,2026-05-30 00:30,1345.516,10189.73,7.573,7103.746,5.28,,,,,1304.8,0.97,2749.742,2.044,-968.559,-0.72
30/05/2026,2026-05-30,12,[01:45-02:00[,2026-05-30 00:45,1326.657,11253.578,8.483,7226.559,5.447,,,,,1304.8,0.984,2806.61,2.116,-84.391,-0.064
30/05/2026,2026-05-30,13,[02:00-02:15[,2026-05-30 01:00,1302.582,12410.336,9.527,7103.996,5.454,,,,,1310.4,1.006,2755.203,2.115,1240.737,0.953
30/05/2026,2026-05-30,14,[02:15-02:30[,2026-05-30 01:15,1293.339,11866.556,9.175,7103.996,5.493,,,,,1310.4,1.013,2796.37,2.162,655.79,0.507
30/05/2026,2026-05-30,15,[02:30-02:45[,2026-05-30 01:30,1291.6,10862.032,8.41,7103.996,5.5,,,,,1304.8,1.01,2805.067,2.172,-351.831,-0.272
30/05/2026,2026-05-30,16,[02:45-03:00[,2026-05-30 01:45,1272.99,10325.137,8.111,7156.746,5.622,,,,,1293.6,1.016,2806.184,2.204,-931.394,-0.732
30/05/2026,2026-05-30,17,[03:00-03:15[,2026-05-30 02:00,1262.026,11908.492,9.436,6179.832,4.897,,,,,1573.6,1.247,2805.683,2.223,1349.377,1.069
30/05/2026,2026-05-30,18,[03:15-03:30[,2026-05-30 02:15,1263.714,10475.401,8.289,6179.832,4.89,,,,,1573.6,1.245,2788.124,2.206,-66.155,-0.052
30/05/2026,2026-05-30,19,[03:30-03:45[,2026-05-30 02:30,1236.93,10638.933,8.601,6179.832,4.996,,,,,1573.6,1.272,2805.334,2.268,80.167,0.065
30/05/2026,2026-05-30,20,[03:45-04:00[,2026-05-30 02:45,1238.092,10223.159,8.257,6142.332,4.961,,,,,1668.8,1.348,2801.272,2.263,-389.244,-0.314
30/05/2026,2026-05-30,21,[04:00-04:15[,2026-05-30 03:00,1244.495,10734.879,8.626,6142.332,4.936,,,,,1508.58,1.212,2799.481,2.249,284.485,0.229
30/05/2026,2026-05-30,22,[04:15-04:30[,2026-05-30 03:15,1207.995,11708.519,9.693,6123.582,5.069,,,,,1555.56,1.288,2799.963,2.318,1229.414,1.018
30/05/2026,2026-05-30,23,[04:30-04:45[,2026-05-30 03:30,1225.73,11995.992,9.787,6100.145,4.977,,,,,1195.38,0.975,2755.134,2.248,1945.334,1.587
30/05/2026,2026-05-30,24,[04:45-05:00[,2026-05-30 03:45,1222.792,9309.081,7.613,6076.004,4.969,,,,,1195.38,0.978,2777.668,2.272,-739.971,-0.605
30/05/2026,2026-05-30,25,[05:00-05:15[,2026-05-30 04:00,1212.604,10958.264,9.037,6518.104,5.375,,,,,1080.54,0.891,2795.433,2.305,564.186,0.465
30/05/2026,2026-05-30,26,[05:15-05:30[,2026-05-30 04:15,1224.473,11161.238,9.115,6518.104,5.323,,,,,1080.54,0.882,2802.385,2.289,760.209,0.621
30/05/2026,2026-05-30,27,[05:30-05:45[,2026-05-30 04:30,1218.402,10561.559,8.668,6518.329,5.35,,,,,1080.54,0.887,2805.298,2.302,157.392,0.129
30/05/2026,2026-05-30,28,[05:45-06:00[,2026-05-30 04:45,1201.214,9645.727,8.03,6518.329,5.426,,,,,1080.54,0.9,2680.162,2.231,-633.304,-0.527
30/05/2026,2026-05-30,29,[06:00-06:15[,2026-05-30 05:00,1203.905,11380.571,9.453,6290.564,5.225,,,,,2692,2.236,2613.872,2.171,-215.865,-0.179
30/05/2026,2026-05-30,30,[06:15-06:30[,2026-05-30 05:15,1201.088,10674.604,8.887,6760.029,5.628,,,,,2692,2.241,2608.842,2.172,-1386.267,-1.154
30/05/2026,2026-05-30,31,[06:30-06:45[,2026-05-30 05:30,1198.014,13012.292,10.862,7486.257,6.249,,,,,2692,2.247,2573.293,2.148,260.742,0.218
30/05/2026,2026-05-30,32,[06:45-07:00[,2026-05-30 05:45,1198.566,15034.075,12.543,8061.402,6.726,,,,,4039.7,3.37,2572.816,2.147,360.156,0.3
30/05/2026,2026-05-30,33,[07:00-07:15[,2026-05-30 06:00,1245.441,15146.738,12.162,7744.403,6.218,,,,,5514.12,4.427,2560.265,2.056,-672.05,-0.54
30/05/2026,2026-05-30,34,[07:15-07:30[,2026-05-30 06:15,1267.669,17407.041,13.732,10364.67,8.176,,,,,5859,4.622,2558.975,2.019,-1375.604,-1.085
30/05/2026,2026-05-30,35,[07:30-07:45[,2026-05-30 06:30,1283.601,18285.901,14.246,11869.031,9.247,,,,,6300.34,4.908,2560.938,1.995,-2444.408,-1.904
30/05/2026,2026-05-30,36,[07:45-08:00[,2026-05-30 06:45,1307.352,26639.857,20.377,13442.685,10.282,,,,,12745.44,9.749,2558.425,1.957,-2106.692,-1.611
30/05/2026,2026-05-30,37,[08:00-08:15[,2026-05-30 07:00,1325.55,24233.339,18.282,12870.446,9.71,,,,,9888,7.46,2559.426,1.931,-1084.533,-0.818
30/05/2026,2026-05-30,38,[08:15-08:30[,2026-05-30 07:15,1356.87,26099.581,19.235,14446.07,10.647,,,,,11568.96,8.526,2564.039,1.89,-2479.488,-1.827
30/05/2026,2026-05-30,39,[08:30-08:45[,2026-05-30 07:30,1359.333,30111.973,22.152,15378.007,11.313,,,,,12592.802,9.264,2551.542,1.877,-410.378,-0.302
30/05/2026,2026-05-30,40,[08:45-09:00[,2026-05-30 07:45,1376.185,32536.497,23.643,16326.116,11.863,,,,,13711.201,9.963,2422.889,1.761,76.29,0.055
30/05/2026,2026-05-30,41,[09:00-09:15[,2026-05-30 08:00,1425.351,28567.52,20.042,15741.942,11.044,,,,,10318.217,7.239,2498.014,1.753,9.346,0.007
30/05/2026,2026-05-30,42,[09:15-09:30[,2026-05-30 08:15,1422.309,29959.597,21.064,16172.363,11.37,,,,,11265.801,7.921,2501.461,1.759,19.973,0.014
30/05/2026,2026-05-30,43,[09:30-09:45[,2026-05-30 08:30,1447.806,29693.836,20.51,16331.368,11.28,,,125.888,0.087,10693.662,7.386,2506.526,1.731,36.393,0.025
30/05/2026,2026-05-30,44,[09:45-10:00[,2026-05-30 08:45,1446.396,29473.555,20.377,16377.04,11.323,,,,,10984.848,7.595,2536.578,1.754,-424.91,-0.294
30/05/2026,2026-05-30,45,[10:00-10:15[,2026-05-30 09:00,1461.781,69600.194,47.613,16374.024,11.201,,,,,10849.948,7.422,2545.731,1.742,39830.492,27.248
30/05/2026,2026-05-30,46,[10:15-10:30[,2026-05-30 09:15,1464.093,71316.808,48.711,16375.756,11.185,,,,,11041.173,7.541,2530.658,1.728,41369.221,28.256
30/05/2026,2026-05-30,47,[10:30-10:45[,2026-05-30 09:30,1461.338,58981.401,40.361,16377.078,11.207,,,,,10930.492,7.48,2504.207,1.714,29169.624,19.961
30/05/2026,2026-05-30,48,[10:45-11:00[,2026-05-30 09:45,1468.209,65721.633,44.763,16376.454,11.154,,,,,11170.958,7.609,2458.094,1.674,35716.127,24.326
30/05/2026,2026-05-30,49,[11:00-11:15[,2026-05-30 10:00,1466.677,32031.529,21.84,16373.789,11.164,,,,,11140.242,7.596,2440.247,1.664,2077.251,1.416
30/05/2026,2026-05-30,50,[11:15-11:30[,2026-05-30 10:15,1489,30374.448,20.399,16373.558,10.996,,,,,11482.554,7.712,2431.837,1.633,86.5,0.058
30/05/2026,2026-05-30,51,[11:30-11:45[,2026-05-30 10:30,1500.628,30097.962,20.057,16373.285,10.911,,,,,11221.096,7.478,2397.021,1.597,106.56,0.071
30/05/2026,2026-05-30,52,[11:45-12:00[,2026-05-30 10:45,1485.27,28913.843,19.467,16373.984,11.024,,,,,10187.076,6.859,2407.293,1.621,-54.51,-0.037
30/05/2026,2026-05-30,53,[12:00-12:15[,2026-05-30 11:00,1495.56,25168.695,16.829,16374.568,10.949,,,,,10234.072,6.843,2364.942,1.581,-3804.887,-2.544
30/05/2026,2026-05-30,54,[12:15-12:30[,2026-05-30 11:15,1489.536,29191.823,19.598,16375.311,10.994,,,,,10335.49,6.939,2331.879,1.566,149.143,0.1
30/05/2026,2026-05-30,55,[12:30-12:45[,2026-05-30 11:30,1485.65,29240.35,19.682,16375.668,11.023,,,,,10248.698,6.898,2295.924,1.545,320.06,0.215
30/05/2026,2026-05-30,56,[12:45-13:00[,2026-05-30 11:45,1457.008,29009.405,19.91,16384.874,11.246,,,,,10268.58,7.048,2282.503,1.567,73.448,0.05
30/05/2026,2026-05-30,57,[13:00-13:15[,2026-05-30 12:00,1426.496,28857.569,20.23,16389.37,11.489,,,,,10277.687,7.205,2277.993,1.597,-87.481,-0.061
30/05/2026,2026-05-30,58,[13:15-13:30[,2026-05-30 12:15,1399.629,28793.966,20.573,16390.392,11.711,,,,,10198.136,7.286,2300.634,1.644,-95.196,-0.068
30/05/2026,2026-05-30,59,[13:30-13:45[,2026-05-30 12:30,1378.666,28504.388,20.675,16389.204,11.888,,,,,10012.34,7.262,2332.593,1.692,-229.748,-0.167
30/05/2026,2026-05-30,60,[13:45-14:00[,2026-05-30 12:45,1364.161,28841.152,21.142,16390.486,12.015,,,,,9982.168,7.317,2316.661,1.698,151.838,0.111
30/05/2026,2026-05-30,61,[14:00-14:15[,2026-05-30 13:00,1352.854,28300.696,20.919,16379.793,12.108,,,,,9651.864,7.134,2339.805,1.73,-70.765,-0.052
30/05/2026,2026-05-30,62,[14:15-14:30[,2026-05-30 13:15,1330.919,28525.286,21.433,16380.369,12.308,,,,,9764.12,7.336,2315.114,1.739,65.684,0.049
30/05/2026,2026-05-30,63,[14:30-14:45[,2026-05-30 13:30,1326.485,29087.383,21.928,16381.192,12.349,,,,,10110.796,7.622,2337.156,1.762,258.238,0.195
30/05/2026,2026-05-30,64,[14:45-15:00[,2026-05-30 13:45,1315.587,28570.486,21.717,16380.689,12.451,,,,,10179.461,7.738,2332.63,1.773,-322.294,-0.245
30/05/2026,2026-05-30,65,[15:00-15:15[,2026-05-30 14:00,1298.345,28773.641,22.162,16379.453,12.616,,,,,10063.156,7.751,2305.409,1.776,25.623,0.02
30/05/2026,2026-05-30,66,[15:15-15:30[,2026-05-30 14:15,1299.118,29503.623,22.711,16377.067,12.606,,,,,10769.865,8.29,2307.536,1.776,49.155,0.038
30/05/2026,2026-05-30,67,[15:30-15:45[,2026-05-30 14:30,1296.077,29752.045,22.955,16295.691,12.573,,,,,11078.102,8.547,2356.911,1.818,21.34,0.016
30/05/2026,2026-05-30,68,[15:45-16:00[,2026-05-30 14:45,1286.981,30151.038,23.428,16393.425,12.738,,,,,11000.176,8.547,2419.259,1.88,338.178,0.263
30/05/2026,2026-05-30,69,[16:00-16:15[,2026-05-30 15:00,1292.166,28584.591,22.121,16361.633,12.662,,,,,10573.078,8.182,2467.149,1.909,-817.269,-0.632
30/05/2026,2026-05-30,70,[16:15-16:30[,2026-05-30 15:15,1300.183,31169.055,23.973,16310.525,12.545,,,,,14581.97,11.215,2493.208,1.918,-2216.648,-1.705
30/05/2026,2026-05-30,71,[16:30-16:45[,2026-05-30 15:30,1307.34,28883.7,22.093,16180.207,12.376,,,,,14800.437,11.321,2542.645,1.945,-4639.589,-3.549
30/05/2026,2026-05-30,72,[16:45-17:00[,2026-05-30 15:45,1316.615,32347.427,24.569,16168.667,12.28,,,,,14326.065,10.881,2573.788,1.955,-721.092,-0.548
30/05/2026,2026-05-30,73,[17:00-17:15[,2026-05-30 16:00,1340.806,31552.618,23.533,16190.62,12.075,,,,,12270.72,9.152,2608.159,1.945,483.119,0.36
30/05/2026,2026-05-30,74,[17:15-17:30[,2026-05-30 16:15,1358.361,28314.046,20.844,15062.585,11.089,,,,,11313.28,8.329,2611.739,1.923,-673.558,-0.496
30/05/2026,2026-05-30,75,[17:30-17:45[,2026-05-30 16:30,1360.896,26318.491,19.339,14143.161,10.393,,,,,10916.1,8.021,2593.903,1.906,-1334.673,-0.981
30/05/2026,2026-05-30,76,[17:45-18:00[,2026-05-30 16:45,1373.152,22088.678,16.086,12951.476,9.432,,,,,8599.477,6.263,2609.329,1.9,-2071.605,-1.509
30/05/2026,2026-05-30,77,[18:00-18:15[,2026-05-30 17:00,1398.674,23927.298,17.107,12947.86,9.257,,,57.011,0.041,6944.294,4.965,2608.212,1.865,1369.921,0.979
30/05/2026,2026-05-30,78,[18:15-18:30[,2026-05-30 17:15,1408.619,22556.929,16.014,11507.199,8.169,,,,,5492.85,3.899,2609.859,1.853,2947.022,2.092
30/05/2026,2026-05-30,79,[18:30-18:45[,2026-05-30 17:30,1437.074,19438.288,13.526,10969.174,7.633,,,,,5393.85,3.753,2608.258,1.815,467.006,0.325
30/05/2026,2026-05-30,80,[18:45-19:00[,2026-05-30 17:45,1453.264,14214.111,9.781,8138.773,5.6,,,,,5393.85,3.712,2607.963,1.795,-1926.475,-1.326
30/05/2026,2026-05-30,81,[19:00-19:15[,2026-05-30 18:00,1482.054,19871.498,13.408,10173.435,6.864,,,406.08,0.274,3678.75,2.482,2607.35,1.759,3005.884,2.028
30/05/2026,2026-05-30,82,[19:15-19:30[,2026-05-30 18:15,1504.841,13453.343,8.94,8231.514,5.47,,,,,3032,2.015,2606.74,1.732,-416.911,-0.277
30/05/2026,2026-05-30,83,[19:30-19:45[,2026-05-30 18:30,1527.296,9220.286,6.037,7819.743,5.12,,,,,3032,1.985,2606.292,1.706,-4237.749,-2.775
30/05/2026,2026-05-30,84,[19:45-20:00[,2026-05-30 18:45,1539.043,9366.598,6.086,6685.84,4.344,,,,,3032,1.97,2607.144,1.694,-2958.386,-1.922
30/05/2026,2026-05-30,85,[20:00-20:15[,2026-05-30 19:00,1535.894,9660.193,6.29,7266.187,4.731,,,,,1251,0.815,2542.828,1.656,-1399.822,-0.911
30/05/2026,2026-05-30,86,[20:15-20:30[,2026-05-30 19:15,1538.174,9471.87,6.158,6886.864,4.477,,,,,411.44,0.267,2420.239,1.573,-246.673,-0.16
30/05/2026,2026-05-30,87,[20:30-20:45[,2026-05-30 19:30,1524.413,10250.304,6.724,6684.329,4.385,,,,,411.44,0.27,2419.932,1.587,734.603,0.482
30/05/2026,2026-05-30,88,[20:45-21:00[,2026-05-30 19:45,1528.982,7677.032,5.021,6928.809,4.532,,,,,411.44,0.269,2389.124,1.563,-2052.341,-1.342
30/05/2026,2026-05-30,89,[21:00-21:15[,2026-05-30 20:00,1541.599,9526.808,6.18,6497.122,4.215,,,,,878.56,0.57,2388.837,1.55,-237.712,-0.154
30/05/2026,2026-05-30,90,[21:15-21:30[,2026-05-30 20:15,1544.41,9711.473,6.288,6631.199,4.294,,,,,917.32,0.594,2344.103,1.518,-181.15,-0.117
30/05/2026,2026-05-30,91,[21:30-21:45[,2026-05-30 20:30,1524.544,8603.073,5.643,6236.587,4.091,,,,,917.32,0.602,2343.44,1.537,-894.274,-0.587
30/05/2026,2026-05-30,92,[21:45-22:00[,2026-05-30 20:45,1503.394,9382.038,6.241,6858.588,4.562,,,,,878.56,0.584,2342.931,1.558,-698.041,-0.464
30/05/2026,2026-05-30,93,[22:00-22:15[,2026-05-30 21:00,1479.884,11149.336,7.534,6974.908,4.713,,,,,1751.68,1.184,2343.392,1.583,79.357,0.054
30/05/2026,2026-05-30,94,[22:15-22:30[,2026-05-30 21:15,1493.071,10635.555,7.123,7181.158,4.81,,,,,1751.68,1.173,2607.709,1.747,-904.992,-0.606
30/05/2026,2026-05-30,95,[22:30-22:45[,2026-05-30 21:30,1469.014,13554.111,9.227,6975.033,4.748,,,,,1751.68,1.192,2607.839,1.775,2219.559,1.511
30/05/2026,2026-05-30,96,[22:45-23:00[,2026-05-30 21:45,1451.209,12275.15,8.459,8282.958,5.708,,,,,1795.84,1.237,2604.062,1.794,-407.71,-0.281
31/05/2026,2026-05-31,1,[23:00-23:15[,2026-05-30 22:00,1404.367,5809.51,4.137,7220.15,5.141,,,,,896.56,0.638,2597.843,1.85,-4905.043,-3.493
31/05/2026,2026-05-31,2,[23:15-23:30[,2026-05-30 22:15,1396.527,9127.637,6.536,7596.238,5.439,,,,,928.58,0.665,2600.243,1.862,-1997.423,-1.43
31/05/2026,2026-05-31,3,[23:30-23:45[,2026-05-30 22:30,1360.91,8756.023,6.434,7672.238,5.638,,,,,928.58,0.682,2601.825,1.912,-2446.62,-1.798
31/05/2026,2026-05-31,4,[23:45-00:00[,2026-05-30 22:45,1345.392,14643.051,10.884,7968.638,5.923,,,,,4003.75,2.976,2601.945,1.934,68.718,0.051
31/05/2026,2026-05-31,5,[00:00-00:15[,2026-05-30 23:00,1314.249,15077.406,11.472,7673.388,5.839,,,,,928.58,0.707,2600.807,1.979,3874.631,2.948
31/05/2026,2026-05-31,6,[00:15-00:30[,2026-05-30 23:15,1297.749,12700.499,9.787,8222.913,6.336,,,,,1535.1,1.183,2600.936,2.004,341.55,0.263
31/05/2026,2026-05-31,7,[00:30-00:45[,2026-05-30 23:30,1287.56,12742.789,9.897,8237.713,6.398,,,,,1559.18,1.211,2598.625,2.018,347.272,0.27
31/05/2026,2026-05-31,8,[00:45-01:00[,2026-05-30 23:45,1243.386,14245.271,11.457,8980.363,7.223,,,,,2600.64,2.092,2597.939,2.089,66.33,0.053
31/05/2026,2026-05-31,9,[01:00-01:15[,2026-05-31 00:00,1239.476,14546.679,11.736,9045.538,7.298,,,,,2810.64,2.268,2597.906,2.096,92.596,0.075
31/05/2026,2026-05-31,10,[01:15-01:30[,2026-05-31 00:15,1229.007,14301.435,11.637,9572.663,7.789,,,,,3598.56,2.928,2597.388,2.113,-1467.175,-1.194
31/05/2026,2026-05-31,11,[01:30-01:45[,2026-05-31 00:30,1197.209,15589.213,13.021,9385.863,7.84,,,,,3322.2,2.775,2598.172,2.17,282.979,0.236
31/05/2026,2026-05-31,12,[01:45-02:00[,2026-05-31 00:45,1190.38,16638,13.977,10220.488,8.586,,,,,3721.366,3.126,2599.121,2.183,97.025,0.082
31/05/2026,2026-05-31,13,[02:00-02:15[,2026-05-31 01:00,1181.503,12685.934,10.737,9061.85,7.67,,,,,1195.38,1.012,2596.937,2.198,-168.233,-0.142
31/05/2026,2026-05-31,14,[02:15-02:30[,2026-05-31 01:15,1164.438,13037.101,11.196,9075.313,7.794,,,,,1200.6,1.031,2576.493,2.213,184.695,0.159
31/05/2026,2026-05-31,15,[02:30-02:45[,2026-05-31 01:30,1158.562,13478.913,11.634,9398.263,8.112,,,,,1247.58,1.077,2590.58,2.236,242.49,0.209
31/05/2026,2026-05-31,16,[02:45-03:00[,2026-05-31 01:45,1145.889,13975.548,12.196,9637.775,8.411,,,,,1289.34,1.125,2590.727,2.261,457.706,0.399
31/05/2026,2026-05-31,17,[03:00-03:15[,2026-05-31 02:00,1133.334,14479.163,12.776,10221.338,9.019,,,,,1393.74,1.23,2591.04,2.286,273.046,0.241
31/05/2026,2026-05-31,18,[03:15-03:30[,2026-05-31 02:15,1130.94,13749.26,12.157,9925.638,8.776,,,,,1393.74,1.232,2589.734,2.29,-159.852,-0.141
31/05/2026,2026-05-31,19,[03:30-03:45[,2026-05-31 02:30,1125.116,13386.195,11.898,9577.925,8.513,,,,,1398.96,1.243,2590.86,2.303,-181.55,-0.161
31/05/2026,2026-05-31,20,[03:45-04:00[,2026-05-31 02:45,1107.737,13953.734,12.597,9743.775,8.796,,,,,1398.96,1.263,2591.339,2.339,219.66,0.198
31/05/2026,2026-05-31,21,[04:00-04:15[,2026-05-31 03:00,1110.867,14202.624,12.785,9946.775,8.954,,,,,1398.96,1.259,2589.552,2.331,267.337,0.241
31/05/2026,2026-05-31,22,[04:15-04:30[,2026-05-31 03:15,1110.363,13547.629,12.201,9923.075,8.937,,,,,1398.96,1.26,2587.443,2.33,-361.849,-0.326
31/05/2026,2026-05-31,23,[04:30-04:45[,2026-05-31 03:30,1098.582,14119.954,12.853,9869.575,8.984,,,,,1398.96,1.273,2585.497,2.353,265.922,0.242
31/05/2026,2026-05-31,24,[04:45-05:00[,2026-05-31 03:45,1095.504,14110.081,12.88,9798.875,8.945,,,,,1398.96,1.277,2585.495,2.36,326.751,0.298
31/05/2026,2026-05-31,25,[05:00-05:15[,2026-05-31 04:00,1107.793,12762.584,11.521,9592.513,8.659,,,,,1278.9,1.154,2586.466,2.335,-695.295,-0.628
31/05/2026,2026-05-31,26,[05:15-05:30[,2026-05-31 04:15,1093.875,13697.508,12.522,9592.363,8.769,,,,,1278.9,1.169,2588.085,2.366,238.16,0.218
31/05/2026,2026-05-31,27,[05:30-05:45[,2026-05-31 04:30,1100.023,13751.646,12.501,9375.45,8.523,,,,,1242.36,1.129,2591.806,2.356,542.031,0.493
31/05/2026,2026-05-31,28,[05:45-06:00[,2026-05-31 04:45,1090.023,13357.86,12.255,9592.213,8.8,,,,,1278.9,1.173,2585.786,2.372,-99.038,-0.091
31/05/2026,2026-05-31,29,[06:00-06:15[,2026-05-31 05:00,1075.807,14233.78,13.231,8337.538,7.75,,,,,2472.7,2.298,2581.25,2.399,842.292,0.783
31/05/2026,2026-05-31,30,[06:15-06:30[,2026-05-31 05:15,1078.443,14607.623,13.545,9162.413,8.496,,,,,2990,2.773,2579.304,2.392,-124.094,-0.115
31/05/2026,2026-05-31,31,[06:30-06:45[,2026-05-31 05:30,1082.645,19657.515,18.157,12551.281,11.593,,,,,4257.2,3.932,2576.88,2.38,272.155,0.251
31/05/2026,2026-05-31,32,[06:45-07:00[,2026-05-31 05:45,1081.101,21766.928,20.134,13239.331,12.246,,,,,5602.52,5.182,2580.944,2.387,344.134,0.318
31/05/2026,2026-05-31,33,[07:00-07:15[,2026-05-31 06:00,1105.781,21563.196,19.5,12674.285,11.462,,,,,6824.888,6.172,2578.191,2.332,-514.168,-0.465
31/05/2026,2026-05-31,34,[07:15-07:30[,2026-05-31 06:15,1107.617,27079.034,24.448,14204.338,12.824,,,,,8065.232,7.282,2580.795,2.33,2228.67,2.012
31/05/2026,2026-05-31,35,[07:30-07:45[,2026-05-31 06:30,1111.691,31272.636,28.131,15892.882,14.296,,,,,13403.52,12.057,2581.13,2.322,-604.895,-0.544
31/05/2026,2026-05-31,36,[07:45-08:00[,2026-05-31 06:45,1134.85,33518.639,29.536,16383.809,14.437,,,,,14283.36,12.586,2580.177,2.274,271.293,0.239
31/05/2026,2026-05-31,37,[08:00-08:15[,2026-05-31 07:00,1150.138,29503.436,25.652,16183.233,14.071,,,,,10705.45,9.308,2566.561,2.232,48.193,0.042
31/05/2026,2026-05-31,38,[08:15-08:30[,2026-05-31 07:15,1162.976,29559.847,25.417,16455.639,14.15,,,,,10335.255,8.887,2574.847,2.214,194.105,0.167
31/05/2026,2026-05-31,39,[08:30-08:45[,2026-05-31 07:30,1160.296,30636.453,26.404,16532.042,14.248,,,-0.218,0,11266.645,9.71,2579.9,2.223,258.085,0.222
31/05/2026,2026-05-31,40,[08:45-09:00[,2026-05-31 07:45,1175.861,30568.698,25.997,16525.748,14.054,,,,,11342.045,9.646,2569.21,2.185,131.695,0.112
31/05/2026,2026-05-31,41,[09:00-09:15[,2026-05-31 08:00,1201.694,30904.664,25.718,16516.956,13.745,,,,,11645.53,9.691,2570.23,2.139,171.948,0.143
31/05/2026,2026-05-31,42,[09:15-09:30[,2026-05-31 08:15,1203.383,30898.529,25.676,16513.553,13.723,,,,,11703.965,9.726,2540.502,2.111,140.509,0.117
31/05/2026,2026-05-31,43,[09:30-09:45[,2026-05-31 08:30,1207.144,30732.656,25.459,16505.443,13.673,,,,,11764.285,9.746,2505.429,2.076,-42.501,-0.035
31/05/2026,2026-05-31,44,[09:45-10:00[,2026-05-31 08:45,1220.64,30579.145,25.052,16485.378,13.506,,,,,11832.145,9.693,2481.797,2.033,-220.175,-0.18
31/05/2026,2026-05-31,45,[10:00-10:15[,2026-05-31 09:00,1236.251,30939.453,25.027,16485.587,13.335,,,,,11888.695,9.617,2406.911,1.947,158.261,0.128
31/05/2026,2026-05-31,46,[10:15-10:30[,2026-05-31 09:15,1229.759,30920.953,25.144,16483.227,13.404,,,,,11943.36,9.712,2369.197,1.927,125.17,0.102
31/05/2026,2026-05-31,47,[10:30-10:45[,2026-05-31 09:30,1231.731,30214.567,24.53,16484.839,13.383,,,,,11322.255,9.192,2360.137,1.916,47.336,0.038
31/05/2026,2026-05-31,48,[10:45-11:00[,2026-05-31 09:45,1247.093,29879.694,23.959,16482.811,13.217,,,,,10356.683,8.305,2302.481,1.846,737.719,0.592
31/05/2026,2026-05-31,49,[11:00-11:15[,2026-05-31 10:00,1249.702,30060.324,24.054,16478.27,13.186,,,,,11270.49,9.019,2276.343,1.822,35.22,0.028
31/05/2026,2026-05-31,50,[11:15-11:30[,2026-05-31 10:15,1256.055,30085.345,23.952,16477.36,13.118,,,,,11291.91,8.99,2229.331,1.775,86.744,0.069
31/05/2026,2026-05-31,51,[11:30-11:45[,2026-05-31 10:30,1275.277,30276.091,23.741,16476.492,12.92,,,,,11490.198,9.01,2221.075,1.742,88.327,0.069
31/05/2026,2026-05-31,52,[11:45-12:00[,2026-05-31 10:45,1262.989,29262.775,23.169,16476.663,13.046,,,,,11539.87,9.137,2194.619,1.738,-948.376,-0.751
31/05/2026,2026-05-31,53,[12:00-12:15[,2026-05-31 11:00,1286.197,28253.343,21.967,16476.758,12.81,,,,,9821.358,7.636,2190.035,1.703,-234.808,-0.183
31/05/2026,2026-05-31,54,[12:15-12:30[,2026-05-31 11:15,1285.022,28879.564,22.474,16476.552,12.822,,,,,9890.132,7.696,2193.645,1.707,319.235,0.248
31/05/2026,2026-05-31,55,[12:30-12:45[,2026-05-31 11:30,1263.677,28529.701,22.577,16477.235,13.039,,,,,9936.445,7.863,2188.612,1.732,-72.59,-0.057
31/05/2026,2026-05-31,56,[12:45-13:00[,2026-05-31 11:45,1268.534,28938.565,22.813,16477.749,12.99,,,,,9943.185,7.838,2194.207,1.73,323.424,0.255
31/05/2026,2026-05-31,57,[13:00-13:15[,2026-05-31 12:00,1254.073,29255.001,23.328,16477.8,13.139,,,,,9946.555,7.931,2244.146,1.789,586.5,0.468
31/05/2026,2026-05-31,58,[13:15-13:30[,2026-05-31 12:15,1224.945,28544.72,23.303,16478.307,13.452,,,,,9941.5,8.116,2195.645,1.792,-70.731,-0.058
31/05/2026,2026-05-31,59,[13:30-13:45[,2026-05-31 12:30,1215.328,28571.515,23.509,16478.006,13.558,,,,,9735.93,8.011,2278.672,1.875,78.908,0.065
31/05/2026,2026-05-31,60,[13:45-14:00[,2026-05-31 12:45,1195.758,28958.625,24.218,16479.488,13.782,,,,,9732.56,8.139,2251.367,1.883,495.211,0.414
31/05/2026,2026-05-31,61,[14:00-14:15[,2026-05-31 13:00,1199.469,28780.248,23.994,16483.607,13.742,,,,,9897.69,8.252,2260.148,1.884,138.803,0.116
31/05/2026,2026-05-31,62,[14:15-14:30[,2026-05-31 13:15,1185.181,29651.11,25.018,16494.025,13.917,,,,,9913.624,8.365,2260.091,1.907,983.37,0.83
31/05/2026,2026-05-31,63,[14:30-14:45[,2026-05-31 13:30,1181.792,28896.311,24.451,16484.622,13.949,,,,,9898.506,8.376,2261.261,1.913,251.922,0.213
31/05/2026,2026-05-31,64,[14:45-15:00[,2026-05-31 13:45,1181.991,29020.299,24.552,16485.548,13.947,,,,,9859.728,8.342,2293.128,1.94,381.895,0.323
31/05/2026,2026-05-31,65,[15:00-15:15[,2026-05-31 14:00,1178.332,29181.619,24.765,16480.725,13.986,,,,,9811.755,8.327,2356.655,2,532.484,0.452
31/05/2026,2026-05-31,66,[15:15-15:30[,2026-05-31 14:15,1175.244,29836.098,25.387,16480.597,14.023,,,,,10285.17,8.752,2312.531,1.968,757.8,0.645
31/05/2026,2026-05-31,67,[15:30-15:45[,2026-05-31 14:30,1171.357,30169.268,25.756,16481.135,14.07,,,,,11261.712,9.614,2331.725,1.991,94.696,0.081
31/05/2026,2026-05-31,68,[15:45-16:00[,2026-05-31 14:45,1171.185,30199.691,25.786,16483.082,14.074,,,,,11245.08,9.601,2346.878,2.004,124.651,0.106
31/05/2026,2026-05-31,69,[16:00-16:15[,2026-05-31 15:00,1184.915,31171.404,26.307,16483.593,13.911,,,,,11830.26,9.984,2379.805,2.008,477.746,0.403
31/05/2026,2026-05-31,70,[16:15-16:30[,2026-05-31 15:15,1187.961,30670.785,25.818,16485.441,13.877,,,,,11740.61,9.883,2359.876,1.986,84.859,0.071
31/05/2026,2026-05-31,71,[16:30-16:45[,2026-05-31 15:30,1181.608,30978.733,26.217,16490.275,13.956,,,,,11990.485,10.148,2335.548,1.977,162.425,0.137
31/05/2026,2026-05-31,72,[16:45-17:00[,2026-05-31 15:45,1203.192,31591.523,26.256,16490.029,13.705,,,,,11943.36,9.926,2415.717,2.008,742.417,0.617
31/05/2026,2026-05-31,73,[17:00-17:15[,2026-05-31 16:00,1224.297,32019.238,26.153,16491.053,13.47,,,,,12711.03,10.382,2411.006,1.969,406.148,0.332
31/05/2026,2026-05-31,74,[17:15-17:30[,2026-05-31 16:15,1227.45,31123.524,25.356,16422.27,13.379,,,,,12141,9.891,2530.559,2.062,29.694,0.024
31/05/2026,2026-05-31,75,[17:30-17:45[,2026-05-31 16:30,1248.333,34773.615,27.856,16208.579,12.984,,,,,14956.59,11.981,2561.283,2.052,1047.163,0.839
31/05/2026,2026-05-31,76,[17:45-18:00[,2026-05-31 16:45,1284.795,33407.747,26.002,15518.949,12.079,,,,,14305.8,11.135,2641.209,2.056,941.789,0.733
31/05/2026,2026-05-31,77,[18:00-18:15[,2026-05-31 17:00,1293.205,33617.567,25.996,16179.184,12.511,,,,,15154.04,11.718,2676.086,2.069,-391.743,-0.303
31/05/2026,2026-05-31,78,[18:15-18:30[,2026-05-31 17:15,1328.329,30934.589,23.288,14828.8,11.163,,,,,13434.61,10.114,2710.526,2.041,-39.346,-0.03
31/05/2026,2026-05-31,79,[18:30-18:45[,2026-05-31 17:30,1356.81,27180.178,20.032,13577.242,10.007,,,,,8818.2,6.499,2713.237,2,2071.499,1.527
31/05/2026,2026-05-31,80,[18:45-19:00[,2026-05-31 17:45,1356.087,24665.983,18.189,12500.892,9.218,,,,,7011.62,5.17,2721.248,2.007,2432.223,1.794
31/05/2026,2026-05-31,81,[19:00-19:15[,2026-05-31 18:00,1397.943,21815.345,15.605,14270.19,10.208,,,,,5445.026,3.895,2651.766,1.897,-551.638,-0.395
31/05/2026,2026-05-31,82,[19:15-19:30[,2026-05-31 18:15,1427.399,17817.192,12.482,12222.544,8.563,,,,,3466.25,2.428,2678.849,1.877,-550.451,-0.386
31/05/2026,2026-05-31,83,[19:30-19:45[,2026-05-31 18:30,1471.393,18154.446,12.338,10807.871,7.345,,,,,3466.25,2.356,2696.948,1.833,1183.376,0.804
31/05/2026,2026-05-31,84,[19:45-20:00[,2026-05-31 18:45,1500.281,9763.405,6.508,9625.966,6.416,,,,,2547.52,1.698,2710.756,1.807,-5120.836,-3.413
31/05/2026,2026-05-31,85,[20:00-20:15[,2026-05-31 19:00,1500.659,12972.568,8.645,8790.86,5.858,,,,,1200.6,0.8,2626.28,1.75,354.828,0.236
31/05/2026,2026-05-31,86,[20:15-20:30[,2026-05-31 19:15,1509.707,11930.899,7.903,8346.842,5.529,,,,,841,0.557,2492.462,1.651,250.596,0.166
31/05/2026,2026-05-31,87,[20:30-20:45[,2026-05-31 19:30,1514.893,9330.355,6.159,8322.721,5.494,,,,,841,0.555,2524.934,1.667,-2358.3,-1.557
31/05/2026,2026-05-31,88,[20:45-21:00[,2026-05-31 19:45,1520.376,11344.695,7.462,8302.535,5.461,,,,,841,0.553,2434.368,1.601,-233.207,-0.153
31/05/2026,2026-05-31,89,[21:00-21:15[,2026-05-31 20:00,1541.845,11199.563,7.264,8275.213,5.367,,,,,928.58,0.602,2481.266,1.609,-485.495,-0.315
31/05/2026,2026-05-31,90,[21:15-21:30[,2026-05-31 20:15,1556.435,11352.922,7.294,8268.288,5.312,,,,,928.58,0.597,2452.343,1.576,-296.289,-0.19
31/05/2026,2026-05-31,91,[21:30-21:45[,2026-05-31 20:30,1546.61,9133.089,5.905,7906.525,5.112,,,,,1210.356,0.783,2443.36,1.58,-2427.152,-1.569
31/05/2026,2026-05-31,92,[21:45-22:00[,2026-05-31 20:45,1533.989,11444.378,7.461,8305.588,5.414,,,,,928.58,0.605,2458.501,1.603,-248.291,-0.162
31/05/2026,2026-05-31,93,[22:00-22:15[,2026-05-31 21:00,1533.173,12228.961,7.976,8506.913,5.549,,,,,1448.004,0.944,2455.864,1.602,-181.819,-0.119
31/05/2026,2026-05-31,94,[22:15-22:30[,2026-05-31 21:15,1528.682,15107.609,9.883,9302.538,6.085,,,,,2499.788,1.635,2724.281,1.782,581.003,0.38
31/05/2026,2026-05-31,95,[22:30-22:45[,2026-05-31 21:30,1509.426,14413.706,9.549,9040.15,5.989,,,,,2060.344,1.365,2722.954,1.804,590.257,0.391
31/05/2026,2026-05-31,96,[22:45-23:00[,2026-05-31 21:45,1465.443,13258.353,9.047,9724.213,6.636,,,,,3205.78,2.188,2676.413,1.826,-2348.053,-1.602
