dia,data_iso,periodo,intervalo,data_utc,consumo_mwh,erc_total_eur,erc_total_eur_mwh,rt_pdbf_eur,rt_pdbf_eur_mwh,rt_pdvd_eur,rt_pdvd_eur_mwh,rt_phf_eur,rt_phf_eur_mwh,banda_afrr_eur,banda_afrr_eur_mwh,banda_mfrr_eur,banda_mfrr_eur_mwh,outros_eur,outros_eur_mwh
01/11/2024,2024-11-01,1,[23:00-23:15[,2024-10-31 23:00,1409.536,4617.538,3.276,,,,,4236.538,3.006,3551.65,2.52,3956.245,2.807,-7126.894,-5.056
01/11/2024,2024-11-01,2,[23:15-23:30[,2024-10-31 23:15,1409.536,8497.142,6.028,,,,,4130.038,2.93,3551.65,2.52,4146.853,2.942,-3331.398,-2.363
01/11/2024,2024-11-01,3,[23:30-23:45[,2024-10-31 23:30,1409.536,7013.471,4.976,,,,,3814.798,2.706,3551.65,2.52,3843.547,2.727,-4196.524,-2.977
01/11/2024,2024-11-01,4,[23:45-00:00[,2024-10-31 23:45,1409.536,2137.753,1.517,,,,,3814.798,2.706,3551.65,2.52,3973.758,2.819,-9202.453,-6.529
01/11/2024,2024-11-01,5,[00:00-00:15[,2024-11-01 00:00,1300.278,8310.606,6.391,,,,,8577,6.596,3551.65,2.731,4238.473,3.26,-8056.517,-6.196
01/11/2024,2024-11-01,6,[00:15-00:30[,2024-11-01 00:15,1300.278,13914.951,10.702,,,,,8577,6.596,3551.65,2.731,4245.468,3.265,-2459.168,-1.891
01/11/2024,2024-11-01,7,[00:30-00:45[,2024-11-01 00:30,1300.278,15211.967,11.699,,,,,8576.35,6.596,3551.65,2.731,3553.762,2.733,-469.795,-0.361
01/11/2024,2024-11-01,8,[00:45-01:00[,2024-11-01 00:45,1300.278,8755.387,6.733,,,,,8577,6.596,3551.65,2.731,4320.064,3.322,-7693.328,-5.917
01/11/2024,2024-11-01,9,[01:00-01:15[,2024-11-01 01:00,1221.15,17091.53,13.996,,,,,12651.075,10.36,3617.9,2.963,4153.793,3.402,-3331.238,-2.728
01/11/2024,2024-11-01,10,[01:15-01:30[,2024-11-01 01:15,1221.15,14755.713,12.083,,,,,12651.075,10.36,3617.9,2.963,3704.561,3.034,-5217.823,-4.273
01/11/2024,2024-11-01,11,[01:30-01:45[,2024-11-01 01:30,1221.15,16314.446,13.36,,,,,12651.075,10.36,3617.9,2.963,4189.809,3.431,-4144.338,-3.394
01/11/2024,2024-11-01,12,[01:45-02:00[,2024-11-01 01:45,1221.15,15606.726,12.78,,,,,12651.075,10.36,3617.9,2.963,4121.923,3.375,-4784.172,-3.918
01/11/2024,2024-11-01,13,[02:00-02:15[,2024-11-01 02:00,1167.427,15771.414,13.51,,,,,12651.075,10.837,2771.5,2.374,3975.827,3.406,-3626.987,-3.107
01/11/2024,2024-11-01,14,[02:15-02:30[,2024-11-01 02:15,1167.427,21146.631,18.114,,,,,12651.075,10.837,2771.5,2.374,4298.02,3.682,1426.035,1.222
01/11/2024,2024-11-01,15,[02:30-02:45[,2024-11-01 02:30,1167.427,17774.401,15.225,,,,,12651.075,10.837,2771.5,2.374,3904.926,3.345,-1553.1,-1.33
01/11/2024,2024-11-01,16,[02:45-03:00[,2024-11-01 02:45,1167.427,16917.876,14.492,,,,,12651.075,10.837,2771.5,2.374,4249.078,3.64,-2753.777,-2.359
01/11/2024,2024-11-01,17,[03:00-03:15[,2024-11-01 03:00,1135.417,18153.709,15.989,,,,,12651.075,11.142,2771.5,2.441,4295.4,3.783,-1564.266,-1.378
01/11/2024,2024-11-01,18,[03:15-03:30[,2024-11-01 03:15,1135.417,17922.07,15.785,,,,,12651.075,11.142,2771.5,2.441,3970.549,3.497,-1471.054,-1.296
01/11/2024,2024-11-01,19,[03:30-03:45[,2024-11-01 03:30,1135.417,18567.457,16.353,,,,,12651.075,11.142,2771.5,2.441,4272.363,3.763,-1127.481,-0.993
01/11/2024,2024-11-01,20,[03:45-04:00[,2024-11-01 03:45,1135.417,17854.004,15.725,,,,,12623.153,11.118,2771.5,2.441,4040.841,3.559,-1581.49,-1.393
01/11/2024,2024-11-01,21,[04:00-04:15[,2024-11-01 04:00,1118.65,18818.528,16.823,,,,,12651.075,11.309,2771.5,2.478,3949.811,3.531,-553.858,-0.495
01/11/2024,2024-11-01,22,[04:15-04:30[,2024-11-01 04:15,1118.65,20370.223,18.21,,,,,12651.075,11.309,2771.5,2.478,4287.977,3.833,659.671,0.59
01/11/2024,2024-11-01,23,[04:30-04:45[,2024-11-01 04:30,1118.65,18056.248,16.141,,,,,12651.075,11.309,2771.5,2.478,3369.791,3.012,-736.118,-0.658
01/11/2024,2024-11-01,24,[04:45-05:00[,2024-11-01 04:45,1118.65,18449.975,16.493,,,,,12651.075,11.309,2771.5,2.478,4260.102,3.808,-1232.703,-1.102
01/11/2024,2024-11-01,25,[05:00-05:15[,2024-11-01 05:00,1123.201,16881.143,15.029,,,,,12651.075,11.263,2904,2.585,4285.201,3.815,-2959.133,-2.635
01/11/2024,2024-11-01,26,[05:15-05:30[,2024-11-01 05:15,1123.201,15733.947,14.008,,,,,12651.075,11.263,2904,2.585,3655.091,3.254,-3476.219,-3.095
01/11/2024,2024-11-01,27,[05:30-05:45[,2024-11-01 05:30,1123.201,16750.586,14.913,,,,,12651.075,11.263,2904,2.585,4250.2,3.784,-3054.688,-2.72
01/11/2024,2024-11-01,28,[05:45-06:00[,2024-11-01 05:45,1123.201,17825.303,15.87,,,,,12651.075,11.263,2904,2.585,4274.477,3.806,-2004.249,-1.784
01/11/2024,2024-11-01,29,[06:00-06:15[,2024-11-01 06:00,1137.013,14231.795,12.517,,,,,9220.275,8.109,3576.75,3.146,3963.554,3.486,-2528.784,-2.224
01/11/2024,2024-11-01,30,[06:15-06:30[,2024-11-01 06:15,1137.013,14494.666,12.748,,,,,9220.275,8.109,3576.75,3.146,4272.007,3.757,-2574.365,-2.264
01/11/2024,2024-11-01,31,[06:30-06:45[,2024-11-01 06:30,1137.013,13915.007,12.238,,,,,9220.275,8.109,3576.75,3.146,4272.375,3.758,-3154.392,-2.774
01/11/2024,2024-11-01,32,[06:45-07:00[,2024-11-01 06:45,1137.013,12889.016,11.336,,,,,9220.275,8.109,3576.75,3.146,3894.939,3.426,-3802.948,-3.345
01/11/2024,2024-11-01,33,[07:00-07:15[,2024-11-01 07:00,1164.003,36295.678,31.182,,,,,8577,7.369,24984.25,21.464,4248.109,3.65,-1513.681,-1.3
01/11/2024,2024-11-01,34,[07:15-07:30[,2024-11-01 07:15,1164.003,34180.439,29.365,,,,,8577,7.369,24984.25,21.464,4245.888,3.648,-3626.7,-3.116
01/11/2024,2024-11-01,35,[07:30-07:45[,2024-11-01 07:30,1164.003,33974.527,29.188,,,,,8577,7.369,24984.25,21.464,4109.3,3.53,-3696.023,-3.175
01/11/2024,2024-11-01,36,[07:45-08:00[,2024-11-01 07:45,1164.003,31319.352,26.907,,,,,8577,7.369,24984.25,21.464,4148.767,3.564,-6390.665,-5.49
01/11/2024,2024-11-01,37,[08:00-08:15[,2024-11-01 08:00,1238.14,20823.205,16.818,13954.528,11.271,,,,,3145.545,2.541,4060.68,3.28,-337.547,-0.273
01/11/2024,2024-11-01,38,[08:15-08:30[,2024-11-01 08:15,1238.14,21529.388,17.388,13954.528,11.271,,,,,3145.545,2.541,4241.098,3.425,188.218,0.152
01/11/2024,2024-11-01,39,[08:30-08:45[,2024-11-01 08:30,1238.14,19561.32,15.799,13954.528,11.271,,,,,3145.545,2.541,3895.689,3.146,-1434.442,-1.159
01/11/2024,2024-11-01,40,[08:45-09:00[,2024-11-01 08:45,1238.14,18433.705,14.888,13954.528,11.271,,,,,3145.545,2.541,3901.235,3.151,-2567.602,-2.074
01/11/2024,2024-11-01,41,[09:00-09:15[,2024-11-01 09:00,1313.277,23030.933,17.537,15461.13,11.773,,,,,3671.925,2.796,4239.645,3.228,-341.767,-0.26
01/11/2024,2024-11-01,42,[09:15-09:30[,2024-11-01 09:15,1313.277,20024.937,15.248,15461.13,11.773,,,,,3671.925,2.796,3194.7,2.433,-2302.818,-1.753
01/11/2024,2024-11-01,43,[09:30-09:45[,2024-11-01 09:30,1313.277,21737.889,16.552,15461.13,11.773,,,,,3671.925,2.796,3905.589,2.974,-1300.755,-0.99
01/11/2024,2024-11-01,44,[09:45-10:00[,2024-11-01 09:45,1313.277,22659.448,17.254,15461.13,11.773,,,,,3671.925,2.796,4241.899,3.23,-715.505,-0.545
01/11/2024,2024-11-01,45,[10:00-10:15[,2024-11-01 10:00,1367.393,24824.382,18.155,18883.441,13.81,,,,,3639.1,2.661,4111.673,3.007,-1809.832,-1.324
01/11/2024,2024-11-01,46,[10:15-10:30[,2024-11-01 10:15,1367.393,26345.433,19.267,18883.441,13.81,,,,,3639.1,2.661,4049.421,2.961,-226.529,-0.166
01/11/2024,2024-11-01,47,[10:30-10:45[,2024-11-01 10:30,1367.393,26396.423,19.304,18883.441,13.81,,,,,3639.1,2.661,3960.942,2.897,-87.06,-0.064
01/11/2024,2024-11-01,48,[10:45-11:00[,2024-11-01 10:45,1367.393,29079.637,21.266,18883.441,13.81,,,,,3639.1,2.661,4058.184,2.968,2498.912,1.828
01/11/2024,2024-11-01,49,[11:00-11:15[,2024-11-01 11:00,1410.178,26651.97,18.9,18863.715,13.377,,,,,3723.45,2.64,3778.652,2.68,286.154,0.203
01/11/2024,2024-11-01,50,[11:15-11:30[,2024-11-01 11:15,1410.178,31411.744,22.275,18863.715,13.377,,,,,3723.45,2.64,4265.084,3.025,4559.496,3.233
01/11/2024,2024-11-01,51,[11:30-11:45[,2024-11-01 11:30,1410.178,34310.279,24.33,18863.715,13.377,,,,,3723.45,2.64,4022.21,2.852,7700.905,5.461
01/11/2024,2024-11-01,52,[11:45-12:00[,2024-11-01 11:45,1410.178,36586.704,25.945,18863.715,13.377,,,,,3723.45,2.64,4134.837,2.932,9864.702,6.995
01/11/2024,2024-11-01,53,[12:00-12:15[,2024-11-01 12:00,1460.175,31148.238,21.332,18858.671,12.915,,,,,3313.75,2.269,4247.668,2.909,4728.149,3.238
01/11/2024,2024-11-01,54,[12:15-12:30[,2024-11-01 12:15,1460.175,34084.755,23.343,18858.671,12.915,,,,,3313.75,2.269,4212.359,2.885,7699.976,5.273
01/11/2024,2024-11-01,55,[12:30-12:45[,2024-11-01 12:30,1460.175,31715.469,21.72,18858.671,12.915,,,,,3313.75,2.269,4064.972,2.784,5478.076,3.752
01/11/2024,2024-11-01,56,[12:45-13:00[,2024-11-01 12:45,1460.175,31188.669,21.36,18858.671,12.915,,,,,3313.75,2.269,3874.769,2.654,5141.48,3.521
01/11/2024,2024-11-01,57,[13:00-13:15[,2024-11-01 13:00,1438.068,21162.658,14.716,15958.806,11.097,,,,,3416.37,2.376,4266.593,2.967,-2479.112,-1.724
01/11/2024,2024-11-01,58,[13:15-13:30[,2024-11-01 13:15,1438.068,22813.34,15.864,15958.806,11.097,,,,,3416.37,2.376,4097.156,2.849,-658.993,-0.458
01/11/2024,2024-11-01,59,[13:30-13:45[,2024-11-01 13:30,1438.068,23434.5,16.296,15958.806,11.097,,,,,3416.37,2.376,4102.372,2.853,-43.048,-0.03
01/11/2024,2024-11-01,60,[13:45-14:00[,2024-11-01 13:45,1438.068,27156.353,18.884,15958.806,11.097,,,,,3416.37,2.376,4266.758,2.967,3514.419,2.444
01/11/2024,2024-11-01,61,[14:00-14:15[,2024-11-01 14:00,1386.293,17079.549,12.32,13901.569,10.028,,,,,3821.475,2.757,3957.144,2.854,-4600.638,-3.319
01/11/2024,2024-11-01,62,[14:15-14:30[,2024-11-01 14:15,1386.293,18320.309,13.215,13901.569,10.028,,,,,4123.052,2.974,4284.933,3.091,-3989.244,-2.878
01/11/2024,2024-11-01,63,[14:30-14:45[,2024-11-01 14:30,1386.293,21282.852,15.352,13901.569,10.028,,,,,4950.975,3.571,4284.372,3.091,-1854.064,-1.337
01/11/2024,2024-11-01,64,[14:45-15:00[,2024-11-01 14:45,1386.293,17707.807,12.773,13901.569,10.028,,,,,4950.975,3.571,3781.322,2.728,-4926.059,-3.553
01/11/2024,2024-11-01,65,[15:00-15:15[,2024-11-01 15:00,1356.946,11682.698,8.61,9904.614,7.299,,,,,3664.6,2.701,4296.008,3.166,-6182.524,-4.556
01/11/2024,2024-11-01,66,[15:15-15:30[,2024-11-01 15:15,1356.946,12631.601,9.309,9904.614,7.299,,,,,3664.6,2.701,4297.305,3.167,-5234.918,-3.858
01/11/2024,2024-11-01,67,[15:30-15:45[,2024-11-01 15:30,1356.946,16263.413,11.985,9904.614,7.299,,,,,3664.6,2.701,3846.458,2.835,-1152.259,-0.849
01/11/2024,2024-11-01,68,[15:45-16:00[,2024-11-01 15:45,1356.946,22902.8,16.878,9904.614,7.299,,,,,3664.6,2.701,4291.706,3.163,5041.879,3.716
01/11/2024,2024-11-01,69,[16:00-16:15[,2024-11-01 16:00,1380.682,10635.297,7.703,7384.288,5.348,,,,,3134.64,2.27,4099.553,2.969,-3983.184,-2.885
01/11/2024,2024-11-01,70,[16:15-16:30[,2024-11-01 16:15,1380.682,9147.68,6.625,7384.288,5.348,,,,,3134.64,2.27,3879.036,2.81,-5250.284,-3.803
01/11/2024,2024-11-01,71,[16:30-16:45[,2024-11-01 16:30,1380.682,12108.286,8.77,7384.288,5.348,,,,,3134.64,2.27,4245.466,3.075,-2656.108,-1.924
01/11/2024,2024-11-01,72,[16:45-17:00[,2024-11-01 16:45,1380.682,20533.131,14.872,7384.288,5.348,,,,,3134.64,2.27,4024.458,2.915,5989.744,4.338
01/11/2024,2024-11-01,73,[17:00-17:15[,2024-11-01 17:00,1453.242,7142.821,4.915,7985.975,5.495,,,,,3690.5,2.539,3043.588,2.094,-7577.242,-5.214
01/11/2024,2024-11-01,74,[17:15-17:30[,2024-11-01 17:15,1453.242,12412.522,8.541,7985.975,5.495,,,,,3690.5,2.539,2620.652,1.803,-1884.604,-1.297
01/11/2024,2024-11-01,75,[17:30-17:45[,2024-11-01 17:30,1453.242,13666.915,9.404,7985.975,5.495,,,,,3690.5,2.539,2873.181,1.977,-882.741,-0.607
01/11/2024,2024-11-01,76,[17:45-18:00[,2024-11-01 17:45,1453.242,24520.717,16.873,7985.975,5.495,,,,,3690.5,2.539,3049.223,2.098,9795.02,6.74
01/11/2024,2024-11-01,77,[18:00-18:15[,2024-11-01 18:00,1553.894,12102.423,7.788,7823.33,5.035,,,,,3290.04,2.117,1610.888,1.037,-621.835,-0.4
01/11/2024,2024-11-01,78,[18:15-18:30[,2024-11-01 18:15,1553.894,14826.648,9.542,7823.33,5.035,,,,,3290.04,2.117,1585.964,1.021,2127.314,1.369
01/11/2024,2024-11-01,79,[18:30-18:45[,2024-11-01 18:30,1553.894,17284.701,11.123,7823.33,5.035,,,,,3290.04,2.117,1589.344,1.023,4581.987,2.949
01/11/2024,2024-11-01,80,[18:45-19:00[,2024-11-01 18:45,1553.894,6998.991,4.504,7823.33,5.035,,,,,3290.04,2.117,1432.448,0.922,-5546.827,-3.57
01/11/2024,2024-11-01,81,[19:00-19:15[,2024-11-01 19:00,1577.333,11955.238,7.579,7806.28,4.949,,,,,2945.94,1.868,1258.382,0.798,-55.364,-0.035
01/11/2024,2024-11-01,82,[19:15-19:30[,2024-11-01 19:15,1577.333,12070.413,7.652,7806.28,4.949,,,,,2945.94,1.868,1242.88,0.788,75.313,0.048
01/11/2024,2024-11-01,83,[19:30-19:45[,2024-11-01 19:30,1577.333,11734.558,7.439,7806.28,4.949,,,,,2945.94,1.868,1253.741,0.795,-271.403,-0.172
01/11/2024,2024-11-01,84,[19:45-20:00[,2024-11-01 19:45,1577.333,11909.698,7.551,7806.28,4.949,,,,,2945.94,1.868,1245.697,0.79,-88.219,-0.056
01/11/2024,2024-11-01,85,[20:00-20:15[,2024-11-01 20:00,1567.255,14448.3,9.219,7374.73,4.706,,,,,3012.54,1.922,3755.383,2.396,305.647,0.195
01/11/2024,2024-11-01,86,[20:15-20:30[,2024-11-01 20:15,1567.255,15714.02,10.026,7374.73,4.706,,,,,3012.54,1.922,4010.433,2.559,1316.317,0.84
01/11/2024,2024-11-01,87,[20:30-20:45[,2024-11-01 20:30,1567.255,15395.352,9.823,7374.73,4.706,,,,,3012.54,1.922,4061.937,2.592,946.146,0.604
01/11/2024,2024-11-01,88,[20:45-21:00[,2024-11-01 20:45,1567.255,6344.332,4.048,7374.73,4.706,,,,,3012.54,1.922,3223.029,2.056,-7265.967,-4.636
01/11/2024,2024-11-01,89,[21:00-21:15[,2024-11-01 21:00,1484.153,16090.297,10.841,7884.133,5.312,,,,,3278.94,2.209,4234.172,2.853,693.053,0.467
01/11/2024,2024-11-01,90,[21:15-21:30[,2024-11-01 21:15,1484.153,14714.542,9.914,7884.133,5.312,,,,,3278.94,2.209,4234.716,2.853,-683.246,-0.46
01/11/2024,2024-11-01,91,[21:30-21:45[,2024-11-01 21:30,1484.153,13727.931,9.25,7884.133,5.312,,,,,3278.94,2.209,4008.925,2.701,-1444.067,-0.973
01/11/2024,2024-11-01,92,[21:45-22:00[,2024-11-01 21:45,1484.153,11540.189,7.776,7884.133,5.312,,,,,3278.94,2.209,3736.393,2.518,-3359.277,-2.263
01/11/2024,2024-11-01,93,[22:00-22:15[,2024-11-01 22:00,1379.618,23285.729,16.878,8591.863,6.228,,,,,3456.54,2.505,4093.694,2.967,7143.632,5.178
01/11/2024,2024-11-01,94,[22:15-22:30[,2024-11-01 22:15,1379.618,14299.943,10.365,8591.863,6.228,,,,,3456.54,2.505,4225.521,3.063,-1973.981,-1.431
01/11/2024,2024-11-01,95,[22:30-22:45[,2024-11-01 22:30,1379.618,9610.245,6.966,8591.863,6.228,,,,,3456.54,2.505,3813.951,2.764,-6252.108,-4.532
01/11/2024,2024-11-01,96,[22:45-23:00[,2024-11-01 22:45,1379.618,7106.155,5.151,8591.863,6.228,,,,,3456.54,2.505,4048.012,2.934,-8990.259,-6.516
02/11/2024,2024-11-02,1,[23:00-23:15[,2024-11-01 23:00,1269.284,13551.278,10.676,,,,,8215,6.472,2296.58,1.809,4293.611,3.383,-1253.914,-0.988
02/11/2024,2024-11-02,2,[23:15-23:30[,2024-11-01 23:15,1269.284,7734.966,6.094,,,,,6069,4.781,2296.58,1.809,4015.964,3.164,-4646.578,-3.661
02/11/2024,2024-11-02,3,[23:30-23:45[,2024-11-01 23:30,1269.284,6392.72,5.036,,,,,6062,4.776,2296.58,1.809,4019.923,3.167,-5985.783,-4.716
02/11/2024,2024-11-02,4,[23:45-00:00[,2024-11-01 23:45,1269.284,6805.044,5.361,,,,,5762,4.54,2296.58,1.809,4250.355,3.349,-5503.891,-4.336
02/11/2024,2024-11-02,5,[00:00-00:15[,2024-11-02 00:00,1180.213,11943.53,10.12,,,,,8577,7.267,2265.12,1.919,4115.712,3.487,-3014.302,-2.554
02/11/2024,2024-11-02,6,[00:15-00:30[,2024-11-02 00:15,1180.213,12442.163,10.542,,,,,8577,7.267,2265.12,1.919,4226.789,3.581,-2626.746,-2.226
02/11/2024,2024-11-02,7,[00:30-00:45[,2024-11-02 00:30,1180.213,10866.577,9.207,,,,,8577,7.267,2265.12,1.919,4245.338,3.597,-4220.882,-3.576
02/11/2024,2024-11-02,8,[00:45-01:00[,2024-11-02 00:45,1180.213,10437.041,8.843,,,,,8577,7.267,2265.12,1.919,4105.65,3.479,-4510.73,-3.822
02/11/2024,2024-11-02,9,[01:00-01:15[,2024-11-02 01:00,1110.441,19575.064,17.628,,,,,21181.275,19.075,1085.27,0.977,3783.394,3.407,-6474.875,-5.831
02/11/2024,2024-11-02,10,[01:15-01:30[,2024-11-02 01:15,1110.441,19496.074,17.557,,,,,21181.275,19.075,1085.27,0.977,4254.021,3.831,-7024.492,-6.326
02/11/2024,2024-11-02,11,[01:30-01:45[,2024-11-02 01:30,1110.441,21842.301,19.67,,,,,21181.275,19.075,1085.27,0.977,4191.028,3.774,-4615.271,-4.156
02/11/2024,2024-11-02,12,[01:45-02:00[,2024-11-02 01:45,1110.441,21390.002,19.263,,,,,21181.275,19.075,1085.27,0.977,4041.738,3.64,-4918.28,-4.429
02/11/2024,2024-11-02,13,[02:00-02:15[,2024-11-02 02:00,1063.458,21227.827,19.961,,,,,21141.625,19.88,1085.27,1.021,3978.486,3.741,-4977.554,-4.681
02/11/2024,2024-11-02,14,[02:15-02:30[,2024-11-02 02:15,1063.458,25066.726,23.571,,,,,21141.625,19.88,1085.27,1.021,4276.624,4.021,-1436.793,-1.351
02/11/2024,2024-11-02,15,[02:30-02:45[,2024-11-02 02:30,1063.458,23335.079,21.943,,,,,21141.625,19.88,1085.27,1.021,3806.162,3.579,-2697.978,-2.537
02/11/2024,2024-11-02,16,[02:45-03:00[,2024-11-02 02:45,1063.458,24137.993,22.698,,,,,21141.625,19.88,1085.27,1.021,3225.866,3.033,-1314.768,-1.236
02/11/2024,2024-11-02,17,[03:00-03:15[,2024-11-02 03:00,1041.537,28865.539,27.714,,,,,21170.2,20.326,1085.27,1.042,4246.577,4.077,2363.493,2.269
02/11/2024,2024-11-02,18,[03:15-03:30[,2024-11-02 03:15,1041.537,28859.849,27.709,,,,,21170.2,20.326,1085.27,1.042,4276.056,4.106,2328.324,2.235
02/11/2024,2024-11-02,19,[03:30-03:45[,2024-11-02 03:30,1041.537,29250.015,28.084,,,,,21112.53,20.271,1085.27,1.042,3795.934,3.645,3256.282,3.126
02/11/2024,2024-11-02,20,[03:45-04:00[,2024-11-02 03:45,1041.537,23274.259,22.346,,,,,21146.84,20.304,1085.27,1.042,3221.872,3.093,-2179.722,-2.093
02/11/2024,2024-11-02,21,[04:00-04:15[,2024-11-02 04:00,1032.806,23086.714,22.353,,,,,21599.475,20.913,1085.27,1.051,4094.021,3.964,-3692.052,-3.575
02/11/2024,2024-11-02,22,[04:15-04:30[,2024-11-02 04:15,1032.806,27967.152,27.079,,,,,21599.475,20.913,1085.27,1.051,4232.48,4.098,1049.927,1.017
02/11/2024,2024-11-02,23,[04:30-04:45[,2024-11-02 04:30,1032.806,30007.118,29.054,,,,,21599.475,20.913,1085.27,1.051,4099.058,3.969,3223.316,3.121
02/11/2024,2024-11-02,24,[04:45-05:00[,2024-11-02 04:45,1032.806,30965.275,29.982,,,,,21599.475,20.913,1085.27,1.051,4120.599,3.99,4159.932,4.028
02/11/2024,2024-11-02,25,[05:00-05:15[,2024-11-02 05:00,1049.251,7433.974,7.085,,,,,1490.375,1.42,2013.44,1.919,4275.122,4.074,-344.963,-0.329
02/11/2024,2024-11-02,26,[05:15-05:30[,2024-11-02 05:15,1049.251,3890.139,3.708,,,,,1470.673,1.402,2013.44,1.919,4112.837,3.92,-3706.811,-3.533
02/11/2024,2024-11-02,27,[05:30-05:45[,2024-11-02 05:30,1049.251,5522.06,5.263,,,,,1470.673,1.402,2013.44,1.919,4275.309,4.075,-2237.361,-2.132
02/11/2024,2024-11-02,28,[05:45-06:00[,2024-11-02 05:45,1049.251,4919.312,4.688,,,,,1490.375,1.42,2013.44,1.919,4276.051,4.075,-2860.555,-2.726
02/11/2024,2024-11-02,29,[06:00-06:15[,2024-11-02 06:00,1086.263,4106.674,3.781,,,,,1595.54,1.469,2225.795,2.049,4037.88,3.717,-3752.541,-3.455
02/11/2024,2024-11-02,30,[06:15-06:30[,2024-11-02 06:15,1086.263,5288.223,4.868,,,,,1595.54,1.469,2225.795,2.049,4275.555,3.936,-2808.667,-2.586
02/11/2024,2024-11-02,31,[06:30-06:45[,2024-11-02 06:30,1086.263,5477.201,5.042,,,,,1595.54,1.469,2225.795,2.049,4275.556,3.936,-2619.69,-2.412
02/11/2024,2024-11-02,32,[06:45-07:00[,2024-11-02 06:45,1086.263,4690.008,4.318,,,,,1558.91,1.435,2225.795,2.049,4221.867,3.887,-3316.563,-3.053
02/11/2024,2024-11-02,33,[07:00-07:15[,2024-11-02 07:00,1131.498,7615.441,6.73,,,,,4998.17,4.417,2296.58,2.03,4184.632,3.698,-3863.942,-3.415
02/11/2024,2024-11-02,34,[07:15-07:30[,2024-11-02 07:15,1131.498,4114.818,3.637,,,,,4948.67,4.374,2296.58,2.03,3979.465,3.517,-7109.897,-6.284
02/11/2024,2024-11-02,35,[07:30-07:45[,2024-11-02 07:30,1131.498,1371.457,1.212,,,,,4948.67,4.374,2296.58,2.03,4184.641,3.698,-10058.435,-8.889
02/11/2024,2024-11-02,36,[07:45-08:00[,2024-11-02 07:45,1131.498,6434.74,5.687,,,,,1668.8,1.475,2296.58,2.03,4053.795,3.583,-1584.435,-1.4
02/11/2024,2024-11-02,37,[08:00-08:15[,2024-11-02 08:00,1189.928,17124.921,14.392,,,,,18829.73,15.824,1112.387,0.935,3616.568,3.039,-6433.763,-5.407
02/11/2024,2024-11-02,38,[08:15-08:30[,2024-11-02 08:15,1189.928,20614.639,17.324,,,,,19520.48,16.405,1112.387,0.935,4187.077,3.519,-4205.305,-3.534
02/11/2024,2024-11-02,39,[08:30-08:45[,2024-11-02 08:30,1189.928,18681.137,15.699,,,,,19520.48,16.405,1112.387,0.935,3972.369,3.338,-5924.098,-4.979
02/11/2024,2024-11-02,40,[08:45-09:00[,2024-11-02 08:45,1189.928,15383.624,12.928,,,,,19520.48,16.405,1112.387,0.935,4092.548,3.439,-9341.79,-7.851
02/11/2024,2024-11-02,41,[09:00-09:15[,2024-11-02 09:00,1245.912,26928.44,21.613,13731.148,11.021,,,1111.355,0.892,3106.055,2.493,4184.692,3.359,4795.19,3.849
02/11/2024,2024-11-02,42,[09:15-09:30[,2024-11-02 09:15,1245.912,24326.402,19.525,13731.148,11.021,,,1111.355,0.892,3106.055,2.493,3783.327,3.037,2594.517,2.082
02/11/2024,2024-11-02,43,[09:30-09:45[,2024-11-02 09:30,1245.912,27894.874,22.389,13731.148,11.021,,,1111.355,0.892,3106.055,2.493,4128.803,3.314,5817.513,4.669
02/11/2024,2024-11-02,44,[09:45-10:00[,2024-11-02 09:45,1245.912,29135.156,23.385,13731.148,11.021,,,1111.355,0.892,3106.055,2.493,4119.554,3.306,7067.044,5.672
02/11/2024,2024-11-02,45,[10:00-10:15[,2024-11-02 10:00,1256.973,23281.06,18.522,15523.304,12.35,,,1110.505,0.883,3106.055,2.471,3208.359,2.552,332.837,0.265
02/11/2024,2024-11-02,46,[10:15-10:30[,2024-11-02 10:15,1256.973,26117.02,20.778,15523.304,12.35,,,1110.505,0.883,3106.055,2.471,3646.735,2.901,2730.421,2.172
02/11/2024,2024-11-02,47,[10:30-10:45[,2024-11-02 10:30,1256.973,28581.644,22.738,15523.304,12.35,,,1110.505,0.883,3106.055,2.471,3958.111,3.149,4883.669,3.885
02/11/2024,2024-11-02,48,[10:45-11:00[,2024-11-02 10:45,1256.973,33487.474,26.641,15523.304,12.35,,,1110.505,0.883,3106.055,2.471,3723.432,2.962,10024.178,7.975
02/11/2024,2024-11-02,49,[11:00-11:15[,2024-11-02 11:00,1289.171,18724.612,14.525,14968.606,11.611,,,-761.64,-0.591,3106.055,2.409,4098.086,3.179,-2686.495,-2.084
02/11/2024,2024-11-02,50,[11:15-11:30[,2024-11-02 11:15,1289.171,22641.736,17.563,14968.606,11.611,,,-468.71,-0.364,3106.055,2.409,4009.574,3.11,1026.212,0.796
02/11/2024,2024-11-02,51,[11:30-11:45[,2024-11-02 11:30,1289.171,26513.875,20.567,14968.606,11.611,,,-468.71,-0.364,3106.055,2.409,3979.314,3.087,4928.61,3.823
02/11/2024,2024-11-02,52,[11:45-12:00[,2024-11-02 11:45,1289.171,25719.997,19.951,14968.606,11.611,,,-468.71,-0.364,3106.055,2.409,2527.846,1.961,5586.2,4.333
02/11/2024,2024-11-02,53,[12:00-12:15[,2024-11-02 12:00,1326.407,27056.049,20.398,15568.503,11.737,,,1899.67,1.432,3106.055,2.342,3395.495,2.56,3086.326,2.327
02/11/2024,2024-11-02,54,[12:15-12:30[,2024-11-02 12:15,1326.407,30231.808,22.792,15568.503,11.737,,,1899.67,1.432,3106.055,2.342,4066.551,3.066,5591.03,4.215
02/11/2024,2024-11-02,55,[12:30-12:45[,2024-11-02 12:30,1326.407,31836.96,24.002,15568.503,11.737,,,1899.67,1.432,3106.055,2.342,3525.626,2.658,7737.107,5.833
02/11/2024,2024-11-02,56,[12:45-13:00[,2024-11-02 12:45,1326.407,32814.812,24.74,15568.503,11.737,,,1899.67,1.432,3106.055,2.342,3732.382,2.814,8508.203,6.414
02/11/2024,2024-11-02,57,[13:00-13:15[,2024-11-02 13:00,1302.833,24034.563,18.448,15472.572,11.876,,,2136.595,1.64,3106.055,2.384,4149.976,3.185,-830.635,-0.638
02/11/2024,2024-11-02,58,[13:15-13:30[,2024-11-02 13:15,1302.833,30798.369,23.64,15472.572,11.876,,,2136.595,1.64,3106.055,2.384,3945.436,3.028,6137.711,4.711
02/11/2024,2024-11-02,59,[13:30-13:45[,2024-11-02 13:30,1302.833,24850.004,19.074,15472.572,11.876,,,2136.595,1.64,3106.055,2.384,3894.932,2.99,239.851,0.184
02/11/2024,2024-11-02,60,[13:45-14:00[,2024-11-02 13:45,1302.833,23073.236,17.71,15472.572,11.876,,,2136.595,1.64,3106.055,2.384,4022.107,3.087,-1664.092,-1.277
02/11/2024,2024-11-02,61,[14:00-14:15[,2024-11-02 14:00,1292.985,25668.193,19.852,15537.496,12.017,,,2134.895,1.651,3619.859,2.8,4168.893,3.224,207.051,0.16
02/11/2024,2024-11-02,62,[14:15-14:30[,2024-11-02 14:15,1292.985,27087.17,20.949,15537.496,12.017,,,2134.895,1.651,3619.859,2.8,3985.442,3.082,1809.48,1.399
02/11/2024,2024-11-02,63,[14:30-14:45[,2024-11-02 14:30,1292.985,29607.476,22.899,15537.496,12.017,,,2134.895,1.651,3619.859,2.8,3907.513,3.022,4407.713,3.409
02/11/2024,2024-11-02,64,[14:45-15:00[,2024-11-02 14:45,1292.985,36289.976,28.067,15537.496,12.017,,,2134.895,1.651,3619.859,2.8,4183.232,3.235,10814.496,8.364
02/11/2024,2024-11-02,65,[15:00-15:15[,2024-11-02 15:00,1292.055,19406.338,15.02,13560.085,10.495,,,4614.645,3.572,3425.643,2.651,3590.585,2.779,-5784.62,-4.477
02/11/2024,2024-11-02,66,[15:15-15:30[,2024-11-02 15:15,1292.055,22761.517,17.617,13560.085,10.495,,,4614.645,3.572,3425.643,2.651,4127.616,3.195,-2966.472,-2.296
02/11/2024,2024-11-02,67,[15:30-15:45[,2024-11-02 15:30,1292.055,25985.403,20.112,13560.085,10.495,,,4931.61,3.817,3425.643,2.651,4127.987,3.195,-59.922,-0.046
02/11/2024,2024-11-02,68,[15:45-16:00[,2024-11-02 15:45,1292.055,25675.162,19.872,13560.085,10.495,,,4614.645,3.572,3425.643,2.651,3154.752,2.442,920.037,0.712
02/11/2024,2024-11-02,69,[16:00-16:15[,2024-11-02 16:00,1332.294,9047.429,6.791,8977.938,6.739,,,524.963,0.394,3325.55,2.496,4183.416,3.14,-7964.438,-5.978
02/11/2024,2024-11-02,70,[16:15-16:30[,2024-11-02 16:15,1332.294,12073.989,9.063,8977.938,6.739,,,524.963,0.394,3325.55,2.496,4182.489,3.139,-4936.951,-3.706
02/11/2024,2024-11-02,71,[16:30-16:45[,2024-11-02 16:30,1332.294,17977.824,13.494,8977.938,6.739,,,547.463,0.411,3325.55,2.496,3788.265,2.843,1338.609,1.005
02/11/2024,2024-11-02,72,[16:45-17:00[,2024-11-02 16:45,1332.294,34739.038,26.075,8977.938,6.739,,,524.963,0.394,3325.55,2.496,4181.193,3.138,17729.395,13.307
02/11/2024,2024-11-02,73,[17:00-17:15[,2024-11-02 17:00,1436.921,3502.505,2.438,7614.16,5.299,,,,,1142.4,0.795,4026.842,2.802,-9280.898,-6.459
02/11/2024,2024-11-02,74,[17:15-17:30[,2024-11-02 17:15,1436.921,8288.64,5.768,7614.16,5.299,,,,,1142.4,0.795,3650.216,2.54,-4118.136,-2.866
02/11/2024,2024-11-02,75,[17:30-17:45[,2024-11-02 17:30,1436.921,13680.71,9.521,7614.16,5.299,,,,,1142.4,0.795,4135.069,2.878,789.081,0.549
02/11/2024,2024-11-02,76,[17:45-18:00[,2024-11-02 17:45,1436.921,23232.976,16.169,7614.16,5.299,,,,,1142.4,0.795,2860.64,1.991,11615.776,8.084
02/11/2024,2024-11-02,77,[18:00-18:15[,2024-11-02 18:00,1561.088,16547.878,10.6,7618.61,4.88,,,12471.828,7.989,1153.11,0.739,2746.002,1.759,-7441.673,-4.767
02/11/2024,2024-11-02,78,[18:15-18:30[,2024-11-02 18:15,1561.088,22910.119,14.676,7618.61,4.88,,,15409.972,9.871,1153.11,0.739,2746.193,1.759,-4017.766,-2.574
02/11/2024,2024-11-02,79,[18:30-18:45[,2024-11-02 18:30,1561.088,21808.073,13.97,7618.61,4.88,,,16859.972,10.8,1153.11,0.739,2697.519,1.728,-6521.138,-4.177
02/11/2024,2024-11-02,80,[18:45-19:00[,2024-11-02 18:45,1561.088,18786.961,12.035,7618.61,4.88,,,16859.972,10.8,1153.11,0.739,2689.928,1.723,-9534.659,-6.108
02/11/2024,2024-11-02,81,[19:00-19:15[,2024-11-02 19:00,1588.023,15149.906,9.54,7569.255,4.766,,,,,996.03,0.627,2596.24,1.635,3988.38,2.512
02/11/2024,2024-11-02,82,[19:15-19:30[,2024-11-02 19:15,1588.023,11428.005,7.196,7569.255,4.766,,,,,996.03,0.627,2595.136,1.634,267.584,0.169
02/11/2024,2024-11-02,83,[19:30-19:45[,2024-11-02 19:30,1588.023,9780.828,6.159,7569.255,4.766,,,,,996.03,0.627,2594.399,1.634,-1378.856,-0.868
02/11/2024,2024-11-02,84,[19:45-20:00[,2024-11-02 19:45,1588.023,7246.568,4.563,7569.255,4.766,,,,,996.03,0.627,2317.2,1.459,-3635.918,-2.29
02/11/2024,2024-11-02,85,[20:00-20:15[,2024-11-02 20:00,1552.213,15307.439,9.862,7557.155,4.869,,,,,1060.29,0.683,3753.001,2.418,2936.992,1.892
02/11/2024,2024-11-02,86,[20:15-20:30[,2024-11-02 20:15,1552.213,13411.185,8.64,7557.155,4.869,,,,,1060.29,0.683,3913.986,2.522,879.754,0.567
02/11/2024,2024-11-02,87,[20:30-20:45[,2024-11-02 20:30,1552.213,13269.379,8.549,7557.155,4.869,,,,,1060.29,0.683,3536.578,2.278,1115.356,0.719
02/11/2024,2024-11-02,88,[20:45-21:00[,2024-11-02 20:45,1552.213,10376.769,6.685,7557.155,4.869,,,,,1060.29,0.683,3657.724,2.356,-1898.4,-1.223
02/11/2024,2024-11-02,89,[21:00-21:15[,2024-11-02 21:00,1444.02,18094.205,12.53,8393.963,5.813,,,,,1145.97,0.794,4054.751,2.808,4499.521,3.116
02/11/2024,2024-11-02,90,[21:15-21:30[,2024-11-02 21:15,1444.02,15016.685,10.399,8393.963,5.813,,,,,1145.97,0.794,4005.428,2.774,1471.325,1.019
02/11/2024,2024-11-02,91,[21:30-21:45[,2024-11-02 21:30,1444.02,9878.778,6.841,8393.963,5.813,,,,,1145.97,0.794,3683.173,2.551,-3344.328,-2.316
02/11/2024,2024-11-02,92,[21:45-22:00[,2024-11-02 21:45,1444.02,10392.513,7.197,8393.963,5.813,,,,,1145.97,0.794,3947.734,2.734,-3095.154,-2.143
02/11/2024,2024-11-02,93,[22:00-22:15[,2024-11-02 22:00,1347.029,15204.127,11.287,,,,,5060,3.756,1199.52,0.89,3949.172,2.932,4995.435,3.708
02/11/2024,2024-11-02,94,[22:15-22:30[,2024-11-02 22:15,1347.029,9844.621,7.308,,,,,5060,3.756,1199.52,0.89,3871.909,2.874,-286.808,-0.213
02/11/2024,2024-11-02,95,[22:30-22:45[,2024-11-02 22:30,1347.029,-1213.111,-0.901,,,,,4014.725,2.98,1199.52,0.89,4116.412,3.056,-10543.768,-7.827
02/11/2024,2024-11-02,96,[22:45-23:00[,2024-11-02 22:45,1347.029,-4349.778,-3.229,,,,,4705.775,3.493,1199.52,0.89,3971.203,2.948,-14226.276,-10.561
03/11/2024,2024-11-03,1,[23:00-23:15[,2024-11-02 23:00,1247.641,14292.562,11.456,,,,,9914.16,7.946,2039.52,1.635,4031.013,3.231,-1692.131,-1.356
03/11/2024,2024-11-03,2,[23:15-23:30[,2024-11-02 23:15,1247.641,4282.183,3.432,,,,,4583.15,3.673,2039.52,1.635,4034.973,3.234,-6375.46,-5.11
03/11/2024,2024-11-03,3,[23:30-23:45[,2024-11-02 23:30,1247.641,5119.912,4.104,,,,,7778,6.234,2039.52,1.635,4187.313,3.356,-8884.92,-7.121
03/11/2024,2024-11-03,4,[23:45-00:00[,2024-11-02 23:45,1247.641,4426.126,3.548,,,,,7778,6.234,2039.52,1.635,3789.64,3.037,-9181.035,-7.359
03/11/2024,2024-11-03,5,[00:00-00:15[,2024-11-03 00:00,1159.561,14678.197,12.658,,,,,13101.925,11.299,1916.603,1.653,4018.072,3.465,-4358.402,-3.759
03/11/2024,2024-11-03,6,[00:15-00:30[,2024-11-03 00:15,1159.561,14924.898,12.871,,,,,11706.375,10.096,1916.603,1.653,4190.454,3.614,-2888.533,-2.491
03/11/2024,2024-11-03,7,[00:30-00:45[,2024-11-03 00:30,1159.561,12159.743,10.487,,,,,11705.79,10.095,1916.603,1.653,3657.227,3.154,-5119.876,-4.415
03/11/2024,2024-11-03,8,[00:45-01:00[,2024-11-03 00:45,1159.561,11714.301,10.102,,,,,11705.325,10.095,1916.603,1.653,4054.515,3.497,-5962.142,-5.142
03/11/2024,2024-11-03,9,[01:00-01:15[,2024-11-03 01:00,1095.537,18754.456,17.119,,,,,19262.75,17.583,1683.211,1.536,4192.664,3.827,-6384.169,-5.827
03/11/2024,2024-11-03,10,[01:15-01:30[,2024-11-03 01:15,1095.537,20604.967,18.808,,,,,19262.75,17.583,1683.211,1.536,3803.6,3.472,-4144.595,-3.783
03/11/2024,2024-11-03,11,[01:30-01:45[,2024-11-03 01:30,1095.537,24779.939,22.619,,,,,19262.75,17.583,1683.211,1.536,4188.389,3.823,-354.411,-0.324
03/11/2024,2024-11-03,12,[01:45-02:00[,2024-11-03 01:45,1095.537,23489.034,21.441,,,,,19261.675,17.582,1683.211,1.536,4179.309,3.815,-1635.161,-1.493
03/11/2024,2024-11-03,13,[02:00-02:15[,2024-11-03 02:00,1048.998,22005.828,20.978,,,,,21203.9,20.213,1683.211,1.605,3897.488,3.715,-4778.772,-4.556
03/11/2024,2024-11-03,14,[02:15-02:30[,2024-11-03 02:15,1048.998,20695.176,19.729,,,,,20273.725,19.327,1683.211,1.605,4188.522,3.993,-5450.282,-5.196
03/11/2024,2024-11-03,15,[02:30-02:45[,2024-11-03 02:30,1048.998,18753.045,17.877,,,,,20273.725,19.327,1683.211,1.605,3935.132,3.751,-7139.023,-6.806
03/11/2024,2024-11-03,16,[02:45-03:00[,2024-11-03 02:45,1048.998,20320.762,19.372,,,,,20256.9,19.311,1683.211,1.605,4028.414,3.84,-5647.763,-5.384
03/11/2024,2024-11-03,17,[03:00-03:15[,2024-11-03 03:00,1025.269,17157.888,16.735,,,,,19499.225,19.019,1683.211,1.642,3075.199,2.999,-7099.747,-6.925
03/11/2024,2024-11-03,18,[03:15-03:30[,2024-11-03 03:15,1025.269,18682.862,18.222,,,,,19494.225,19.014,1683.211,1.642,4070.25,3.97,-6564.824,-6.403
03/11/2024,2024-11-03,19,[03:30-03:45[,2024-11-03 03:30,1025.269,21664.664,21.131,,,,,19490.3,19.01,1683.211,1.642,4070.063,3.97,-3578.911,-3.491
03/11/2024,2024-11-03,20,[03:45-04:00[,2024-11-03 03:45,1025.269,20438.965,19.935,,,,,19499.225,19.019,1683.211,1.642,4183.725,4.081,-4927.196,-4.806
03/11/2024,2024-11-03,21,[04:00-04:15[,2024-11-03 04:00,1017.397,18626.728,18.308,,,,,21533.995,21.166,1683.211,1.654,3995.735,3.927,-8586.213,-8.439
03/11/2024,2024-11-03,22,[04:15-04:30[,2024-11-03 04:15,1017.397,17822.857,17.518,,,,,19524.6,19.191,1683.211,1.654,4188.692,4.117,-7573.646,-7.444
03/11/2024,2024-11-03,23,[04:30-04:45[,2024-11-03 04:30,1017.397,17847.404,17.542,,,,,19524.6,19.191,1683.211,1.654,4001.802,3.933,-7362.209,-7.236
03/11/2024,2024-11-03,24,[04:45-05:00[,2024-11-03 04:45,1017.397,16560.257,16.277,,,,,19530.425,19.196,1683.211,1.654,4027.868,3.959,-8681.247,-8.533
03/11/2024,2024-11-03,25,[05:00-05:15[,2024-11-03 05:00,1025.304,19796.131,19.308,,,,,19617.7,19.134,1683.211,1.642,4188.506,4.085,-5693.286,-5.553
03/11/2024,2024-11-03,26,[05:15-05:30[,2024-11-03 05:15,1025.304,18340.148,17.888,,,,,19625.3,19.141,1683.211,1.642,3823.432,3.729,-6791.794,-6.624
03/11/2024,2024-11-03,27,[05:30-05:45[,2024-11-03 05:30,1025.304,19219.698,18.745,,,,,19625.3,19.141,1683.211,1.642,4098.965,3.998,-6187.777,-6.035
03/11/2024,2024-11-03,28,[05:45-06:00[,2024-11-03 05:45,1025.304,20784.025,20.271,,,,,19625.3,19.141,1683.211,1.642,4144.406,4.042,-4668.893,-4.554
03/11/2024,2024-11-03,29,[06:00-06:15[,2024-11-03 06:00,1038.382,21240.169,20.455,,,,,19143.78,18.436,1683.211,1.621,4188.55,4.034,-3775.372,-3.636
03/11/2024,2024-11-03,30,[06:15-06:30[,2024-11-03 06:15,1038.382,14082.43,13.562,,,,,17903.4,17.242,1683.211,1.621,4043.467,3.894,-9547.648,-9.195
03/11/2024,2024-11-03,31,[06:30-06:45[,2024-11-03 06:30,1038.382,15116.425,14.558,,,,,17903.4,17.242,1683.211,1.621,3880.271,3.737,-8350.457,-8.042
03/11/2024,2024-11-03,32,[06:45-07:00[,2024-11-03 06:45,1038.382,14069.658,13.55,,,,,17365.55,16.724,1683.211,1.621,4188.549,4.034,-9167.652,-8.829
03/11/2024,2024-11-03,33,[07:00-07:15[,2024-11-03 07:00,1048.66,14639.579,13.96,,,,,14337.05,13.672,1913.568,1.825,3708.316,3.536,-5319.354,-5.073
03/11/2024,2024-11-03,34,[07:15-07:30[,2024-11-03 07:15,1048.66,15426.044,14.71,,,,,14337.05,13.672,1913.568,1.825,4042.058,3.855,-4866.632,-4.641
03/11/2024,2024-11-03,35,[07:30-07:45[,2024-11-03 07:30,1048.66,14503.998,13.831,,,,,14337.05,13.672,1913.568,1.825,4187.996,3.994,-5934.615,-5.659
03/11/2024,2024-11-03,36,[07:45-08:00[,2024-11-03 07:45,1048.66,13304.676,12.687,,,,,16456.3,15.693,1913.568,1.825,3692.712,3.521,-8757.904,-8.352
03/11/2024,2024-11-03,37,[08:00-08:15[,2024-11-03 08:00,1103.743,35130.489,31.828,10985.545,9.953,,,11584.999,10.496,4439.914,4.023,4169.321,3.777,3950.71,3.579
03/11/2024,2024-11-03,38,[08:15-08:30[,2024-11-03 08:15,1103.743,34139.453,30.931,10985.545,9.953,,,11584.999,10.496,4439.914,4.023,4185.597,3.792,2943.399,2.667
03/11/2024,2024-11-03,39,[08:30-08:45[,2024-11-03 08:30,1103.743,25023.925,22.672,10985.545,9.953,,,10732.999,9.724,4439.914,4.023,3132.72,2.838,-4267.253,-3.866
03/11/2024,2024-11-03,40,[08:45-09:00[,2024-11-03 08:45,1103.743,23883.582,21.639,10985.545,9.953,,,10732.999,9.724,4439.914,4.023,3987.345,3.613,-6262.22,-5.674
03/11/2024,2024-11-03,41,[09:00-09:15[,2024-11-03 09:00,1178.67,31858.278,27.029,13047.71,11.07,,,9402.95,7.978,5964.188,5.06,3877.808,3.29,-434.377,-0.369
03/11/2024,2024-11-03,42,[09:15-09:30[,2024-11-03 09:15,1178.67,32445.893,27.528,13047.71,11.07,,,9402.95,7.978,5964.188,5.06,3993.124,3.388,37.922,0.032
03/11/2024,2024-11-03,43,[09:30-09:45[,2024-11-03 09:30,1178.67,31331.135,26.582,13047.71,11.07,,,9402.95,7.978,5964.188,5.06,3921.992,3.327,-1005.705,-0.853
03/11/2024,2024-11-03,44,[09:45-10:00[,2024-11-03 09:45,1178.67,31182.302,26.455,13047.71,11.07,,,9402.95,7.978,5964.188,5.06,3957.349,3.357,-1189.895,-1.01
03/11/2024,2024-11-03,45,[10:00-10:15[,2024-11-03 10:00,1239.522,35105.071,28.321,13216.486,10.663,,,7499.375,6.05,4825.824,3.893,4173.806,3.367,5389.581,4.348
03/11/2024,2024-11-03,46,[10:15-10:30[,2024-11-03 10:15,1239.522,35404.175,28.563,13216.486,10.663,,,7499.375,6.05,4825.824,3.893,4124.224,3.327,5738.267,4.629
03/11/2024,2024-11-03,47,[10:30-10:45[,2024-11-03 10:30,1239.522,39521.948,31.885,13216.486,10.663,,,7499.375,6.05,4825.824,3.893,3996.989,3.225,9983.274,8.054
03/11/2024,2024-11-03,48,[10:45-11:00[,2024-11-03 10:45,1239.522,39620.582,31.964,13216.486,10.663,,,7499.375,6.05,4825.824,3.893,3917.328,3.16,10161.569,8.198
03/11/2024,2024-11-03,49,[11:00-11:15[,2024-11-03 11:00,1277.678,34494.999,26.998,13555.525,10.61,,,7499.375,5.87,3383.913,2.648,3827.133,2.995,6229.052,4.875
03/11/2024,2024-11-03,50,[11:15-11:30[,2024-11-03 11:15,1277.678,35373.25,27.686,13555.525,10.61,,,7499.375,5.87,3383.913,2.648,3647.089,2.854,7287.348,5.704
03/11/2024,2024-11-03,51,[11:30-11:45[,2024-11-03 11:30,1277.678,37330.451,29.217,13555.525,10.61,,,7499.375,5.87,3383.913,2.648,3905.194,3.056,8986.444,7.033
03/11/2024,2024-11-03,52,[11:45-12:00[,2024-11-03 11:45,1277.678,39070.18,30.579,13555.525,10.61,,,7499.375,5.87,3383.913,2.648,3605.309,2.822,11026.058,8.63
03/11/2024,2024-11-03,53,[12:00-12:15[,2024-11-03 12:00,1312.378,30110.255,22.943,13043.042,9.938,,,7499.375,5.714,5123.775,3.904,3750.51,2.858,693.553,0.528
03/11/2024,2024-11-03,54,[12:15-12:30[,2024-11-03 12:15,1312.378,29775.719,22.688,13043.042,9.938,,,7499.375,5.714,5123.775,3.904,3887.094,2.962,222.433,0.169
03/11/2024,2024-11-03,55,[12:30-12:45[,2024-11-03 12:30,1312.378,31980.546,24.368,13043.042,9.938,,,7499.375,5.714,5123.775,3.904,3096.61,2.36,3217.744,2.452
03/11/2024,2024-11-03,56,[12:45-13:00[,2024-11-03 12:45,1312.378,32890.332,25.062,13043.042,9.938,,,7499.375,5.714,5123.775,3.904,3889.318,2.964,3334.823,2.541
03/11/2024,2024-11-03,57,[13:00-13:15[,2024-11-03 13:00,1275.597,27527.423,21.58,13054.62,10.234,,,7499.375,5.879,5039.516,3.951,3647.771,2.86,-1713.859,-1.344
03/11/2024,2024-11-03,58,[13:15-13:30[,2024-11-03 13:15,1275.597,26500.68,20.775,13054.62,10.234,,,7499.375,5.879,5039.516,3.951,3650.201,2.862,-2743.032,-2.15
03/11/2024,2024-11-03,59,[13:30-13:45[,2024-11-03 13:30,1275.597,26704.398,20.935,13054.62,10.234,,,7499.375,5.879,5039.516,3.951,3904.298,3.061,-2793.411,-2.19
03/11/2024,2024-11-03,60,[13:45-14:00[,2024-11-03 13:45,1275.597,27027.801,21.188,13054.62,10.234,,,7499.375,5.879,5039.516,3.951,3454.618,2.708,-2020.329,-1.584
03/11/2024,2024-11-03,61,[14:00-14:15[,2024-11-03 14:00,1255.36,26607.68,21.195,11558.888,9.208,,,7499.375,5.974,5596.279,4.458,3800.355,3.027,-1847.216,-1.471
03/11/2024,2024-11-03,62,[14:15-14:30[,2024-11-03 14:15,1255.36,25396.251,20.23,11558.888,9.208,,,7499.375,5.974,5596.279,4.458,3879.963,3.091,-3138.253,-2.5
03/11/2024,2024-11-03,63,[14:30-14:45[,2024-11-03 14:30,1255.36,27049.989,21.548,11558.888,9.208,,,7499.375,5.974,5596.279,4.458,3931.843,3.132,-1536.396,-1.224
03/11/2024,2024-11-03,64,[14:45-15:00[,2024-11-03 14:45,1255.36,36901.065,29.395,11558.888,9.208,,,7499.375,5.974,5596.279,4.458,3746.097,2.984,8500.426,6.771
03/11/2024,2024-11-03,65,[15:00-15:15[,2024-11-03 15:00,1251.399,24925.574,19.918,9328.533,7.454,,,19963.024,15.953,4346.082,3.473,3804.046,3.04,-12516.11,-10.002
03/11/2024,2024-11-03,66,[15:15-15:30[,2024-11-03 15:15,1251.399,20145.887,16.099,9328.533,7.454,,,20014.685,15.994,4346.082,3.473,3722.995,2.975,-17266.407,-13.798
03/11/2024,2024-11-03,67,[15:30-15:45[,2024-11-03 15:30,1251.399,32523.605,25.99,9328.533,7.454,,,20014.685,15.994,4346.082,3.473,3949.746,3.156,-5115.441,-4.088
03/11/2024,2024-11-03,68,[15:45-16:00[,2024-11-03 15:45,1251.399,37356.051,29.851,9328.533,7.454,,,20014.685,15.994,4346.082,3.473,3788.23,3.027,-121.478,-0.097
03/11/2024,2024-11-03,69,[16:00-16:15[,2024-11-03 16:00,1273.439,2759.335,2.167,5379.405,4.224,,,,,1565.795,1.23,3526.8,2.77,-7712.665,-6.057
03/11/2024,2024-11-03,70,[16:15-16:30[,2024-11-03 16:15,1273.439,5637.232,4.427,5379.405,4.224,,,,,1565.795,1.23,3344.019,2.626,-4651.987,-3.653
03/11/2024,2024-11-03,71,[16:30-16:45[,2024-11-03 16:30,1273.439,4297.554,3.375,5379.405,4.224,,,,,1565.795,1.23,2629.769,2.065,-5277.415,-4.144
03/11/2024,2024-11-03,72,[16:45-17:00[,2024-11-03 16:45,1273.439,9288.851,7.294,5379.405,4.224,,,,,1565.795,1.23,2564.03,2.013,-220.379,-0.173
03/11/2024,2024-11-03,73,[17:00-17:15[,2024-11-03 17:00,1375.53,12204.352,8.872,4778.418,3.474,,,,,1405.05,1.021,2531.398,1.84,3489.487,2.537
03/11/2024,2024-11-03,74,[17:15-17:30[,2024-11-03 17:15,1375.53,4743.089,3.448,4778.418,3.474,,,,,1405.05,1.021,2527.658,1.838,-3968.037,-2.885
03/11/2024,2024-11-03,75,[17:30-17:45[,2024-11-03 17:30,1375.53,2344.607,1.705,4778.418,3.474,,,,,1405.05,1.021,1789.582,1.301,-5628.442,-4.092
03/11/2024,2024-11-03,76,[17:45-18:00[,2024-11-03 17:45,1375.53,11308.037,8.221,4778.418,3.474,,,,,1405.05,1.021,3533.006,2.568,1591.564,1.157
03/11/2024,2024-11-03,77,[18:00-18:15[,2024-11-03 18:00,1513.114,10856.617,7.175,4638.48,3.066,,,,,1217.2,0.804,2195.755,1.451,2805.182,1.854
03/11/2024,2024-11-03,78,[18:15-18:30[,2024-11-03 18:15,1513.114,5986.188,3.956,4638.48,3.066,,,,,1217.2,0.804,2560.629,1.692,-2430.12,-1.606
03/11/2024,2024-11-03,79,[18:30-18:45[,2024-11-03 18:30,1513.114,1336.616,0.883,4638.48,3.066,,,,,1217.2,0.804,2061.87,1.363,-6580.934,-4.349
03/11/2024,2024-11-03,80,[18:45-19:00[,2024-11-03 18:45,1513.114,3924.535,2.594,4638.48,3.066,,,,,1217.2,0.804,2077.189,1.373,-4008.334,-2.649
03/11/2024,2024-11-03,81,[19:00-19:15[,2024-11-03 19:00,1554.996,5068.655,3.26,4582.76,2.947,,,,,1057.2,0.68,2499.454,1.607,-3070.759,-1.975
03/11/2024,2024-11-03,82,[19:15-19:30[,2024-11-03 19:15,1554.996,9540.499,6.135,4582.76,2.947,,,,,1057.2,0.68,2502.431,1.609,1398.108,0.899
03/11/2024,2024-11-03,83,[19:30-19:45[,2024-11-03 19:30,1554.996,6513.158,4.189,4582.76,2.947,,,,,1057.2,0.68,2119.398,1.363,-1246.201,-0.801
03/11/2024,2024-11-03,84,[19:45-20:00[,2024-11-03 19:45,1554.996,7685.106,4.942,4582.76,2.947,,,,,1057.2,0.68,2500.015,1.608,-454.869,-0.293
03/11/2024,2024-11-03,85,[20:00-20:15[,2024-11-03 20:00,1532.415,10565.346,6.895,5106.163,3.332,,,,,1257.2,0.82,3719.742,2.427,482.242,0.315
03/11/2024,2024-11-03,86,[20:15-20:30[,2024-11-03 20:15,1532.415,8759.707,5.716,5106.163,3.332,,,,,1257.2,0.82,3471.134,2.265,-1074.79,-0.701
03/11/2024,2024-11-03,87,[20:30-20:45[,2024-11-03 20:30,1532.415,11834.932,7.723,5106.163,3.332,,,,,1257.2,0.82,3812.928,2.488,1658.642,1.082
03/11/2024,2024-11-03,88,[20:45-21:00[,2024-11-03 20:45,1532.415,9118.294,5.95,5106.163,3.332,,,,,1257.2,0.82,3785.225,2.47,-1030.294,-0.672
03/11/2024,2024-11-03,89,[21:00-21:15[,2024-11-03 21:00,1442.304,12496.281,8.664,5152.032,3.572,,,,,1405.05,0.974,3850.346,2.67,2088.852,1.448
03/11/2024,2024-11-03,90,[21:15-21:30[,2024-11-03 21:15,1442.304,9815.699,6.806,5152.032,3.572,,,,,1405.05,0.974,3963.592,2.748,-704.974,-0.489
03/11/2024,2024-11-03,91,[21:30-21:45[,2024-11-03 21:30,1442.304,9259.953,6.42,5152.032,3.572,,,,,1405.05,0.974,3823.428,2.651,-1120.558,-0.777
03/11/2024,2024-11-03,92,[21:45-22:00[,2024-11-03 21:45,1442.304,1799.666,1.248,5152.032,3.572,,,,,1405.05,0.974,3907.316,2.709,-8664.733,-6.008
03/11/2024,2024-11-03,93,[22:00-22:15[,2024-11-03 22:00,1342.39,9762.639,7.273,,,,,8250.275,6.146,1711.875,1.275,3635.223,2.708,-3834.734,-2.857
03/11/2024,2024-11-03,94,[22:15-22:30[,2024-11-03 22:15,1342.39,12247.685,9.124,,,,,8250.275,6.146,1711.875,1.275,3970.763,2.958,-1685.228,-1.255
03/11/2024,2024-11-03,95,[22:30-22:45[,2024-11-03 22:30,1342.39,10291.628,7.667,,,,,8250.275,6.146,1711.875,1.275,3970.763,2.958,-3641.285,-2.713
03/11/2024,2024-11-03,96,[22:45-23:00[,2024-11-03 22:45,1342.39,1575.25,1.173,,,,,8250.313,6.146,1711.875,1.275,3643.89,2.714,-12030.827,-8.962
04/11/2024,2024-11-04,1,[23:00-23:15[,2024-11-03 23:00,1233.5,14897.27,12.077,9965.33,8.079,,,,,2357.91,1.912,3969.658,3.218,-1395.628,-1.131
04/11/2024,2024-11-04,2,[23:15-23:30[,2024-11-03 23:15,1233.5,20126.814,16.317,9965.33,8.079,,,,,2357.91,1.912,3970.763,3.219,3832.812,3.107
04/11/2024,2024-11-04,3,[23:30-23:45[,2024-11-03 23:30,1233.5,15486.568,12.555,9965.33,8.079,,,,,2357.91,1.912,3213.304,2.605,-49.976,-0.041
04/11/2024,2024-11-04,4,[23:45-00:00[,2024-11-03 23:45,1233.5,16755.716,13.584,9965.33,8.079,,,,,2357.91,1.912,3970.763,3.219,461.713,0.374
04/11/2024,2024-11-04,5,[00:00-00:15[,2024-11-04 00:00,1160.163,24812.425,21.387,12188.734,10.506,,,-5016.625,-4.324,2803.478,2.416,3478.628,2.998,11358.21,9.79
04/11/2024,2024-11-04,6,[00:15-00:30[,2024-11-04 00:15,1160.163,27064.49,23.328,12188.734,10.506,,,-5016.625,-4.324,2803.478,2.416,3781.927,3.26,13306.976,11.47
04/11/2024,2024-11-04,7,[00:30-00:45[,2024-11-04 00:30,1160.163,28796.37,24.821,12188.734,10.506,,,-5016.625,-4.324,2803.478,2.416,4092.574,3.528,14728.21,12.695
04/11/2024,2024-11-04,8,[00:45-01:00[,2024-11-04 00:45,1160.163,25433.785,21.923,12188.734,10.506,,,-5016.625,-4.324,2803.478,2.416,3861.972,3.329,11596.226,9.995
04/11/2024,2024-11-04,9,[01:00-01:15[,2024-11-04 01:00,1103.926,22526.397,20.406,11081.823,10.039,,,-4656.5,-4.218,2803.478,2.54,3943.985,3.573,9353.611,8.473
04/11/2024,2024-11-04,10,[01:15-01:30[,2024-11-04 01:15,1103.926,20993.428,19.017,11081.823,10.039,,,-4656.5,-4.218,2803.478,2.54,4141.678,3.752,7622.95,6.905
04/11/2024,2024-11-04,11,[01:30-01:45[,2024-11-04 01:30,1103.926,19843.082,17.975,11081.823,10.039,,,-4656.5,-4.218,2803.478,2.54,3826.73,3.466,6787.551,6.149
04/11/2024,2024-11-04,12,[01:45-02:00[,2024-11-04 01:45,1103.926,19854.493,17.985,11081.823,10.039,,,-4656.5,-4.218,2803.478,2.54,4142.23,3.752,6483.462,5.873
04/11/2024,2024-11-04,13,[02:00-02:15[,2024-11-04 02:00,1063.272,20039.276,18.847,12951.487,12.181,,,-4455.5,-4.19,2803.478,2.637,3615.948,3.401,5123.863,4.819
04/11/2024,2024-11-04,14,[02:15-02:30[,2024-11-04 02:15,1063.272,21379.49,20.107,12951.487,12.181,,,-4455.5,-4.19,2803.478,2.637,4142.945,3.896,5937.081,5.584
04/11/2024,2024-11-04,15,[02:30-02:45[,2024-11-04 02:30,1063.272,23253.742,21.87,12951.487,12.181,,,-4455.5,-4.19,2803.478,2.637,4142.573,3.896,7811.705,7.347
04/11/2024,2024-11-04,16,[02:45-03:00[,2024-11-04 02:45,1063.272,22807.256,21.45,12951.487,12.181,,,-4455.5,-4.19,2803.478,2.637,3274.789,3.08,8233.003,7.743
04/11/2024,2024-11-04,17,[03:00-03:15[,2024-11-04 03:00,1053.075,16499.317,15.668,12542.591,11.91,,,,,2357.91,2.239,4120.861,3.913,-2522.044,-2.395
04/11/2024,2024-11-04,18,[03:15-03:30[,2024-11-04 03:15,1053.075,17464.1,16.584,12542.591,11.91,,,,,2357.91,2.239,4142.755,3.934,-1579.156,-1.5
04/11/2024,2024-11-04,19,[03:30-03:45[,2024-11-04 03:30,1053.075,16815.989,15.968,12542.591,11.91,,,,,2357.91,2.239,3746.608,3.558,-1831.12,-1.739
04/11/2024,2024-11-04,20,[03:45-04:00[,2024-11-04 03:45,1053.075,22731.352,21.586,12542.591,11.91,,,,,2357.91,2.239,4142.384,3.934,3688.467,3.503
04/11/2024,2024-11-04,21,[04:00-04:15[,2024-11-04 04:00,1056.901,21009.151,19.878,11917.685,11.276,,,-4204.25,-3.978,2803.478,2.653,4142.939,3.92,6349.299,6.007
04/11/2024,2024-11-04,22,[04:15-04:30[,2024-11-04 04:15,1056.901,20725.323,19.61,11917.685,11.276,,,-4204.25,-3.978,2803.478,2.653,3615.37,3.421,6593.04,6.238
04/11/2024,2024-11-04,23,[04:30-04:45[,2024-11-04 04:30,1056.901,21170.706,20.031,11917.685,11.276,,,-4204.25,-3.978,2803.478,2.653,4039.397,3.822,6614.397,6.258
04/11/2024,2024-11-04,24,[04:45-05:00[,2024-11-04 04:45,1056.901,33574.25,31.767,11917.685,11.276,,,-4204.25,-3.978,2803.478,2.653,4128.756,3.906,18928.582,17.91
04/11/2024,2024-11-04,25,[05:00-05:15[,2024-11-04 05:00,1070.525,15822.419,14.78,6768.707,6.323,,,-4019.93,-3.755,1882.976,1.759,2881.799,2.692,8308.867,7.761
04/11/2024,2024-11-04,26,[05:15-05:30[,2024-11-04 05:15,1070.525,8901.699,8.315,6768.707,6.323,,,-4004.98,-3.741,1882.976,1.759,2871.37,2.682,1383.626,1.292
04/11/2024,2024-11-04,27,[05:30-05:45[,2024-11-04 05:30,1070.525,8923.312,8.335,6768.707,6.323,,,-4004.98,-3.741,1882.976,1.759,2663.732,2.488,1612.877,1.507
04/11/2024,2024-11-04,28,[05:45-06:00[,2024-11-04 05:45,1070.525,13323.721,12.446,6768.707,6.323,,,-4004.98,-3.741,1882.976,1.759,2849.267,2.662,5827.751,5.444
04/11/2024,2024-11-04,29,[06:00-06:15[,2024-11-04 06:00,1181.272,10766.879,9.115,5705.305,4.83,,,,,1912.664,1.619,1437.939,1.217,1710.971,1.448
04/11/2024,2024-11-04,30,[06:15-06:30[,2024-11-04 06:15,1181.272,10864.951,9.198,5705.305,4.83,,,,,1912.664,1.619,1466.321,1.241,1780.661,1.507
04/11/2024,2024-11-04,31,[06:30-06:45[,2024-11-04 06:30,1181.272,8794.768,7.445,5705.305,4.83,,,,,1912.664,1.619,1407.821,1.192,-231.022,-0.196
04/11/2024,2024-11-04,32,[06:45-07:00[,2024-11-04 06:45,1181.272,11768.552,9.963,5705.305,4.83,,,,,1912.664,1.619,1280.425,1.084,2870.158,2.43
04/11/2024,2024-11-04,33,[07:00-07:15[,2024-11-04 07:00,1342.484,-1538.236,-1.146,6064.863,4.518,,,,,2061.735,1.536,1137.986,0.848,-10802.819,-8.047
04/11/2024,2024-11-04,34,[07:15-07:30[,2024-11-04 07:15,1342.484,2994.481,2.231,6064.863,4.518,,,,,2061.735,1.536,1189.716,0.886,-6321.833,-4.709
04/11/2024,2024-11-04,35,[07:30-07:45[,2024-11-04 07:30,1342.484,11627.19,8.661,6064.863,4.518,,,,,2061.735,1.536,1227.429,0.914,2273.164,1.693
04/11/2024,2024-11-04,36,[07:45-08:00[,2024-11-04 07:45,1342.484,17899.344,13.333,6064.863,4.518,,,,,2061.735,1.536,1228.013,0.915,8544.734,6.365
04/11/2024,2024-11-04,37,[08:00-08:15[,2024-11-04 08:00,1536.781,-338.217,-0.22,6014.14,3.913,,,,,1595.211,1.038,1229.34,0.8,-9176.908,-5.972
04/11/2024,2024-11-04,38,[08:15-08:30[,2024-11-04 08:15,1536.781,5693.487,3.705,6014.14,3.913,,,,,1595.211,1.038,1227.597,0.799,-3143.461,-2.045
04/11/2024,2024-11-04,39,[08:30-08:45[,2024-11-04 08:30,1536.781,11173.486,7.271,6014.14,3.913,,,,,1595.211,1.038,1214.674,0.79,2349.461,1.529
04/11/2024,2024-11-04,40,[08:45-09:00[,2024-11-04 08:45,1536.781,6771.189,4.406,6014.14,3.913,,,,,1595.211,1.038,1203.218,0.783,-2041.38,-1.328
04/11/2024,2024-11-04,41,[09:00-09:15[,2024-11-04 09:00,1597.532,29317.107,18.352,7151.35,4.476,,,4074.075,2.55,3321,2.079,1063.935,0.666,13706.748,8.58
04/11/2024,2024-11-04,42,[09:15-09:30[,2024-11-04 09:15,1597.532,11665.731,7.302,7151.35,4.476,,,4074.075,2.55,3321,2.079,1056.537,0.661,-3937.23,-2.465
04/11/2024,2024-11-04,43,[09:30-09:45[,2024-11-04 09:30,1597.532,8252.198,5.166,7151.35,4.476,,,4074.075,2.55,3321,2.079,1071.924,0.671,-7366.151,-4.611
04/11/2024,2024-11-04,44,[09:45-10:00[,2024-11-04 09:45,1597.532,5878.056,3.679,7151.35,4.476,,,4074.075,2.55,3321,2.079,1045.913,0.655,-9714.282,-6.081
04/11/2024,2024-11-04,45,[10:00-10:15[,2024-11-04 10:00,1601.231,16077.889,10.041,9921.97,6.196,,,8574.388,5.355,3312.698,2.069,1061.503,0.663,-6792.669,-4.242
04/11/2024,2024-11-04,46,[10:15-10:30[,2024-11-04 10:15,1601.231,13257.412,8.28,9921.97,6.196,,,8574.388,5.355,3312.698,2.069,1015.458,0.634,-9567.101,-5.975
04/11/2024,2024-11-04,47,[10:30-10:45[,2024-11-04 10:30,1601.231,16158.667,10.091,9921.97,6.196,,,8574.388,5.355,3312.698,2.069,1002.668,0.626,-6653.056,-4.155
04/11/2024,2024-11-04,48,[10:45-11:00[,2024-11-04 10:45,1601.231,18488.391,11.546,9921.97,6.196,,,8574.388,5.355,3312.698,2.069,1016.882,0.635,-4337.546,-2.709
04/11/2024,2024-11-04,49,[11:00-11:15[,2024-11-04 11:00,1648.507,15285.453,9.272,10003.685,6.068,,,8574.388,5.201,3312.698,2.01,2263.885,1.373,-8869.202,-5.38
04/11/2024,2024-11-04,50,[11:15-11:30[,2024-11-04 11:15,1648.507,22831.109,13.85,10003.685,6.068,,,8574.388,5.201,3312.698,2.01,2395.36,1.453,-1455.021,-0.883
04/11/2024,2024-11-04,51,[11:30-11:45[,2024-11-04 11:30,1648.507,21827.215,13.241,10003.685,6.068,,,8574.388,5.201,3312.698,2.01,2422.834,1.47,-2486.389,-1.508
04/11/2024,2024-11-04,52,[11:45-12:00[,2024-11-04 11:45,1648.507,15815.279,9.594,10003.685,6.068,,,8574.388,5.201,3312.698,2.01,2047.167,1.242,-8122.659,-4.927
04/11/2024,2024-11-04,53,[12:00-12:15[,2024-11-04 12:00,1635.514,17379.867,10.627,10602.78,6.483,,,8574.388,5.243,3312.698,2.025,2409.444,1.473,-7519.441,-4.598
04/11/2024,2024-11-04,54,[12:15-12:30[,2024-11-04 12:15,1635.514,17313.259,10.586,10602.78,6.483,,,8574.388,5.243,3312.698,2.025,2349.586,1.437,-7526.192,-4.602
04/11/2024,2024-11-04,55,[12:30-12:45[,2024-11-04 12:30,1635.514,14447.239,8.833,10602.78,6.483,,,8574.388,5.243,3312.698,2.025,2359.952,1.443,-10402.578,-6.36
04/11/2024,2024-11-04,56,[12:45-13:00[,2024-11-04 12:45,1635.514,14288.507,8.736,10602.78,6.483,,,8574.388,5.243,3312.698,2.025,2372.74,1.451,-10574.098,-6.465
04/11/2024,2024-11-04,57,[13:00-13:15[,2024-11-04 13:00,1635.449,11155.73,6.821,9945.088,6.081,,,8574.388,5.243,3312.698,2.026,2375.149,1.452,-13051.592,-7.98
04/11/2024,2024-11-04,58,[13:15-13:30[,2024-11-04 13:15,1635.449,19905.672,12.171,9945.088,6.081,,,8574.388,5.243,3312.698,2.026,2339.459,1.43,-4265.96,-2.608
04/11/2024,2024-11-04,59,[13:30-13:45[,2024-11-04 13:30,1635.449,15727.664,9.617,9945.088,6.081,,,8574.388,5.243,3312.698,2.026,1719.864,1.052,-7824.373,-4.784
04/11/2024,2024-11-04,60,[13:45-14:00[,2024-11-04 13:45,1635.449,25021.54,15.299,9945.088,6.081,,,8574.388,5.243,3312.698,2.026,2330.388,1.425,858.979,0.525
04/11/2024,2024-11-04,61,[14:00-14:15[,2024-11-04 14:00,1715.728,5081.963,2.962,6438.153,3.752,2772.705,1.616,4169.075,2.43,3910.5,2.279,2454.274,1.43,-14662.743,-8.546
04/11/2024,2024-11-04,62,[14:15-14:30[,2024-11-04 14:15,1715.728,16406.731,9.563,6438.153,3.752,2772.705,1.616,4169.075,2.43,3910.5,2.279,2446.992,1.426,-3330.693,-1.941
04/11/2024,2024-11-04,63,[14:30-14:45[,2024-11-04 14:30,1715.728,16782.232,9.781,6438.153,3.752,2772.705,1.616,3951.834,2.303,3910.5,2.279,2458.173,1.433,-2749.133,-1.602
04/11/2024,2024-11-04,64,[14:45-15:00[,2024-11-04 14:45,1715.728,17290.45,10.078,6438.153,3.752,2772.705,1.616,4169.075,2.43,3910.5,2.279,2370.026,1.381,-2370.008,-1.381
04/11/2024,2024-11-04,65,[15:00-15:15[,2024-11-04 15:00,1721.2,11703.474,6.8,6231.171,3.62,9530.024,5.537,,,1783.213,1.036,2434.433,1.414,-8275.367,-4.808
04/11/2024,2024-11-04,66,[15:15-15:30[,2024-11-04 15:15,1721.2,9504.095,5.522,6231.171,3.62,9530.024,5.537,,,1783.213,1.036,1792.371,1.041,-9832.684,-5.713
04/11/2024,2024-11-04,67,[15:30-15:45[,2024-11-04 15:30,1721.2,14762.172,8.577,6231.171,3.62,9530.024,5.537,,,1783.213,1.036,2449.391,1.423,-5231.627,-3.04
04/11/2024,2024-11-04,68,[15:45-16:00[,2024-11-04 15:45,1721.2,25871.482,15.031,6231.171,3.62,9530.024,5.537,,,1783.213,1.036,2484.643,1.444,5842.43,3.394
04/11/2024,2024-11-04,69,[16:00-16:15[,2024-11-04 16:00,1726.161,13611.639,7.886,5832.461,3.379,16938.674,9.813,,,1745.295,1.011,1191.194,0.69,-12095.986,-7.007
04/11/2024,2024-11-04,70,[16:15-16:30[,2024-11-04 16:15,1726.161,6860.831,3.975,5832.461,3.379,16938.674,9.813,,,1745.295,1.011,1114.31,0.646,-18769.909,-10.874
04/11/2024,2024-11-04,71,[16:30-16:45[,2024-11-04 16:30,1726.161,12142.251,7.034,5832.461,3.379,16938.674,9.813,,,1745.295,1.011,1191.365,0.69,-13565.544,-7.859
04/11/2024,2024-11-04,72,[16:45-17:00[,2024-11-04 16:45,1726.161,20486.844,11.868,5832.461,3.379,16938.674,9.813,,,1745.295,1.011,1191.275,0.69,-5220.861,-3.025
04/11/2024,2024-11-04,73,[17:00-17:15[,2024-11-04 17:00,1759.647,6658.975,3.784,-127,-0.072,18382.912,10.447,,,2503.05,1.422,1128.684,0.641,-15228.67,-8.654
04/11/2024,2024-11-04,74,[17:15-17:30[,2024-11-04 17:15,1759.647,5286.555,3.004,-127,-0.072,18382.912,10.447,,,2503.05,1.422,1129.727,0.642,-16602.134,-9.435
04/11/2024,2024-11-04,75,[17:30-17:45[,2024-11-04 17:30,1759.647,7959.961,4.524,-127,-0.072,18382.912,10.447,,,2503.05,1.422,1133.859,0.644,-13932.86,-7.918
04/11/2024,2024-11-04,76,[17:45-18:00[,2024-11-04 17:45,1759.647,11919.196,6.774,-127,-0.072,18382.912,10.447,,,2503.05,1.422,1131.486,0.643,-9971.251,-5.667
04/11/2024,2024-11-04,77,[18:00-18:15[,2024-11-04 18:00,1833.945,7957.481,4.339,-26.668,-0.015,18269.664,9.962,,,2510.635,1.369,1029.1,0.561,-13825.25,-7.539
04/11/2024,2024-11-04,78,[18:15-18:30[,2024-11-04 18:15,1833.945,7973.009,4.347,-26.668,-0.015,18269.664,9.962,,,2510.635,1.369,1025.426,0.559,-13806.049,-7.528
04/11/2024,2024-11-04,79,[18:30-18:45[,2024-11-04 18:30,1833.945,11409.984,6.222,-26.668,-0.015,18269.664,9.962,,,2510.635,1.369,1032.519,0.563,-10376.168,-5.658
04/11/2024,2024-11-04,80,[18:45-19:00[,2024-11-04 18:45,1833.945,11257.902,6.139,-26.668,-0.015,18269.664,9.962,,,2510.635,1.369,1031.171,0.562,-10526.901,-5.74
04/11/2024,2024-11-04,81,[19:00-19:15[,2024-11-04 19:00,1862.774,11513.421,6.181,801.25,0.43,20808.164,11.171,,,1531.75,0.822,1416.08,0.76,-13043.823,-7.002
04/11/2024,2024-11-04,82,[19:15-19:30[,2024-11-04 19:15,1862.774,14140.733,7.591,801.25,0.43,20808.164,11.171,,,1531.75,0.822,1371.27,0.736,-10371.701,-5.568
04/11/2024,2024-11-04,83,[19:30-19:45[,2024-11-04 19:30,1862.774,9585.083,5.146,801.25,0.43,20808.164,11.171,,,1531.75,0.822,1388.529,0.745,-14944.61,-8.023
04/11/2024,2024-11-04,84,[19:45-20:00[,2024-11-04 19:45,1862.774,8122.192,4.36,801.25,0.43,20808.164,11.171,,,1531.75,0.822,1426.258,0.766,-16445.229,-8.828
04/11/2024,2024-11-04,85,[20:00-20:15[,2024-11-04 20:00,1795.582,17900.834,9.969,1106.8,0.616,20808.164,11.589,,,1665.705,0.928,1360.372,0.758,-7040.208,-3.921
04/11/2024,2024-11-04,86,[20:15-20:30[,2024-11-04 20:15,1795.582,11631.848,6.478,1106.8,0.616,20808.164,11.589,,,1665.705,0.928,1309.555,0.729,-13258.376,-7.384
04/11/2024,2024-11-04,87,[20:30-20:45[,2024-11-04 20:30,1795.582,9193.157,5.12,1106.8,0.616,20808.164,11.589,,,1665.705,0.928,1359.176,0.757,-15746.688,-8.77
04/11/2024,2024-11-04,88,[20:45-21:00[,2024-11-04 20:45,1795.582,4385.39,2.442,1106.8,0.616,20808.164,11.589,,,1665.705,0.928,1354.184,0.754,-20549.464,-11.444
04/11/2024,2024-11-04,89,[21:00-21:15[,2024-11-04 21:00,1669.596,22346.768,13.385,6046.69,3.622,14310.539,8.571,,,2059.72,1.234,1400.454,0.839,-1470.635,-0.881
04/11/2024,2024-11-04,90,[21:15-21:30[,2024-11-04 21:15,1669.596,22157.122,13.271,6046.69,3.622,14310.539,8.571,,,2059.72,1.234,1414.67,0.847,-1674.497,-1.003
04/11/2024,2024-11-04,91,[21:30-21:45[,2024-11-04 21:30,1669.596,13049.08,7.816,6046.69,3.622,14310.539,8.571,,,2059.72,1.234,1381.988,0.828,-10749.858,-6.439
04/11/2024,2024-11-04,92,[21:45-22:00[,2024-11-04 21:45,1669.596,5353.282,3.206,6046.69,3.622,14310.539,8.571,,,2059.72,1.234,1348.932,0.808,-18412.6,-11.028
04/11/2024,2024-11-04,93,[22:00-22:15[,2024-11-04 22:00,1539.513,16977.513,11.028,6470.353,4.203,2843.8,1.847,792.939,0.515,1577.68,1.025,2506.371,1.628,2786.37,1.81
04/11/2024,2024-11-04,94,[22:15-22:30[,2024-11-04 22:15,1539.513,17295.799,11.235,6470.353,4.203,2843.8,1.847,,,1577.68,1.025,2395.633,1.556,4008.334,2.604
04/11/2024,2024-11-04,95,[22:30-22:45[,2024-11-04 22:30,1539.513,8166.833,5.305,6470.353,4.203,2843.8,1.847,,,1577.68,1.025,2743.797,1.782,-5468.796,-3.552
04/11/2024,2024-11-04,96,[22:45-23:00[,2024-11-04 22:45,1539.513,1905.763,1.238,6470.353,4.203,2843.8,1.847,,,1577.68,1.025,2357.246,1.531,-11343.315,-7.368
05/11/2024,2024-11-05,1,[23:00-23:15[,2024-11-04 23:00,1406.746,21135.657,15.025,8222.02,5.845,,,,,2536.83,1.803,3958.326,2.814,6418.481,4.563
05/11/2024,2024-11-05,2,[23:15-23:30[,2024-11-04 23:15,1406.746,15971.422,11.353,8222.02,5.845,,,,,2536.83,1.803,4068.764,2.892,1143.809,0.813
05/11/2024,2024-11-05,3,[23:30-23:45[,2024-11-04 23:30,1406.746,13549.243,9.632,8222.02,5.845,,,,,2536.83,1.803,4101.484,2.916,-1311.09,-0.932
05/11/2024,2024-11-05,4,[23:45-00:00[,2024-11-04 23:45,1406.746,7434.379,5.285,8222.02,5.845,,,,,2536.83,1.803,3804.188,2.704,-7128.658,-5.067
05/11/2024,2024-11-05,5,[00:00-00:15[,2024-11-05 00:00,1301.003,19929.242,15.318,10494.033,8.066,,,,,2504.88,1.925,4156.097,3.195,2774.233,2.132
05/11/2024,2024-11-05,6,[00:15-00:30[,2024-11-05 00:15,1301.003,16840.294,12.944,10494.033,8.066,,,,,2504.88,1.925,4156.636,3.195,-315.254,-0.242
05/11/2024,2024-11-05,7,[00:30-00:45[,2024-11-05 00:30,1301.003,17642.921,13.561,10494.033,8.066,,,,,2504.88,1.925,3818.822,2.935,825.186,0.634
05/11/2024,2024-11-05,8,[00:45-01:00[,2024-11-05 00:45,1301.003,18381.093,14.128,10494.033,8.066,,,,,2504.88,1.925,4167.151,3.203,1215.03,0.934
05/11/2024,2024-11-05,9,[01:00-01:15[,2024-11-05 01:00,1233.869,15988.764,12.958,10033.265,8.132,,,,,2504.88,2.03,4131.283,3.348,-680.664,-0.552
05/11/2024,2024-11-05,10,[01:15-01:30[,2024-11-05 01:15,1233.869,18432.524,14.939,10033.265,8.132,,,,,2504.88,2.03,4180.116,3.388,1714.263,1.389
05/11/2024,2024-11-05,11,[01:30-01:45[,2024-11-05 01:30,1233.869,16829.096,13.639,10033.265,8.132,,,,,2504.88,2.03,4257.788,3.451,33.163,0.027
05/11/2024,2024-11-05,12,[01:45-02:00[,2024-11-05 01:45,1233.869,13425.248,10.881,10033.265,8.132,,,,,2504.88,2.03,4064.099,3.294,-3176.996,-2.575
05/11/2024,2024-11-05,13,[02:00-02:15[,2024-11-05 02:00,1189.758,18874.289,15.864,10018.505,8.421,,,,,2504.88,2.105,4132.834,3.474,2218.07,1.864
05/11/2024,2024-11-05,14,[02:15-02:30[,2024-11-05 02:15,1189.758,18003.701,15.132,10018.505,8.421,,,,,2504.88,2.105,4303.558,3.617,1176.759,0.989
05/11/2024,2024-11-05,15,[02:30-02:45[,2024-11-05 02:30,1189.758,14346.922,12.059,10018.505,8.421,,,,,2504.88,2.105,4058.436,3.411,-2234.898,-1.878
05/11/2024,2024-11-05,16,[02:45-03:00[,2024-11-05 02:45,1189.758,16443.882,13.821,10018.505,8.421,,,,,2504.88,2.105,4288.076,3.604,-367.578,-0.309
05/11/2024,2024-11-05,17,[03:00-03:15[,2024-11-05 03:00,1165.255,14475.854,12.423,10011.766,8.592,,,,,2504.88,2.15,3847.383,3.302,-1888.175,-1.62
05/11/2024,2024-11-05,18,[03:15-03:30[,2024-11-05 03:15,1165.255,16720.587,14.349,10011.766,8.592,,,,,2504.88,2.15,4204.729,3.608,-0.788,-0.001
05/11/2024,2024-11-05,19,[03:30-03:45[,2024-11-05 03:30,1165.255,17381.901,14.917,10011.766,8.592,,,,,2504.88,2.15,4297.599,3.688,567.656,0.487
05/11/2024,2024-11-05,20,[03:45-04:00[,2024-11-05 03:45,1165.255,13668.708,11.73,10011.766,8.592,,,,,2504.88,2.15,3731.012,3.202,-2578.95,-2.213
05/11/2024,2024-11-05,21,[04:00-04:15[,2024-11-05 04:00,1165.577,15170.808,13.016,7980.278,6.847,,,,,2504.88,2.149,4306.205,3.694,379.445,0.326
05/11/2024,2024-11-05,22,[04:15-04:30[,2024-11-05 04:15,1165.577,14313.633,12.28,7980.278,6.847,,,,,2504.88,2.149,4293.36,3.683,-464.885,-0.399
05/11/2024,2024-11-05,23,[04:30-04:45[,2024-11-05 04:30,1165.577,12775.827,10.961,7980.278,6.847,,,,,2504.88,2.149,3909.998,3.355,-1619.329,-1.389
05/11/2024,2024-11-05,24,[04:45-05:00[,2024-11-05 04:45,1165.577,18121.063,15.547,7980.278,6.847,,,,,2504.88,2.149,4307.416,3.696,3328.49,2.856
05/11/2024,2024-11-05,25,[05:00-05:15[,2024-11-05 05:00,1198.347,10938.408,9.128,5554.378,4.635,,,,,1597.169,1.333,4053.662,3.383,-266.8,-0.223
05/11/2024,2024-11-05,26,[05:15-05:30[,2024-11-05 05:15,1198.347,7200.855,6.009,5554.378,4.635,,,,,1597.169,1.333,4152.535,3.465,-4103.226,-3.424
05/11/2024,2024-11-05,27,[05:30-05:45[,2024-11-05 05:30,1198.347,5757.438,4.804,5554.378,4.635,,,,,1597.169,1.333,4313.001,3.599,-5707.109,-4.762
05/11/2024,2024-11-05,28,[05:45-06:00[,2024-11-05 05:45,1198.347,14695.004,12.263,5554.378,4.635,,,,,1597.169,1.333,4091.281,3.414,3452.176,2.881
05/11/2024,2024-11-05,29,[06:00-06:15[,2024-11-05 06:00,1290.422,-658.687,-0.51,5610.195,4.348,,,,,1861.21,1.442,2735.498,2.12,-10865.59,-8.42
05/11/2024,2024-11-05,30,[06:15-06:30[,2024-11-05 06:15,1290.422,8746.722,6.778,5610.195,4.348,,,,,1861.21,1.442,2952.16,2.288,-1676.843,-1.299
05/11/2024,2024-11-05,31,[06:30-06:45[,2024-11-05 06:30,1290.422,16102.697,12.479,5610.195,4.348,,,,,1861.21,1.442,2952.561,2.288,5678.731,4.401
05/11/2024,2024-11-05,32,[06:45-07:00[,2024-11-05 06:45,1290.422,13113.998,10.163,5610.195,4.348,,,,,1861.21,1.442,2624.028,2.033,3018.565,2.339
05/11/2024,2024-11-05,33,[07:00-07:15[,2024-11-05 07:00,1441.338,3004.376,2.084,4790.815,3.324,,,,,1689.205,1.172,2731.131,1.895,-6206.775,-4.306
05/11/2024,2024-11-05,34,[07:15-07:30[,2024-11-05 07:15,1441.338,8771.489,6.086,4790.815,3.324,,,,,1689.205,1.172,2751.435,1.909,-459.966,-0.319
05/11/2024,2024-11-05,35,[07:30-07:45[,2024-11-05 07:30,1441.338,11050.293,7.667,4790.815,3.324,,,,,1689.205,1.172,2473.733,1.716,2096.54,1.455
05/11/2024,2024-11-05,36,[07:45-08:00[,2024-11-05 07:45,1441.338,9670.205,6.709,4790.815,3.324,,,,,1689.205,1.172,2757.626,1.913,432.559,0.3
05/11/2024,2024-11-05,37,[08:00-08:15[,2024-11-05 08:00,1629.375,9619.005,5.903,5447.878,3.344,,,,,1531.53,0.94,2797.213,1.717,-157.616,-0.097
05/11/2024,2024-11-05,38,[08:15-08:30[,2024-11-05 08:15,1629.375,6887.068,4.227,5447.878,3.344,,,,,1531.53,0.94,2478.596,1.521,-2570.935,-1.578
05/11/2024,2024-11-05,39,[08:30-08:45[,2024-11-05 08:30,1629.375,10598.479,6.505,5447.878,3.344,,,,,1531.53,0.94,2799.455,1.718,819.616,0.503
05/11/2024,2024-11-05,40,[08:45-09:00[,2024-11-05 08:45,1629.375,6275.398,3.851,5447.878,3.344,,,,,1531.53,0.94,2797.553,1.717,-3501.563,-2.149
05/11/2024,2024-11-05,41,[09:00-09:15[,2024-11-05 09:00,1707.282,21477.821,12.58,6775.913,3.969,,,9561.938,5.601,4497.728,2.634,2332.366,1.366,-1690.122,-0.99
05/11/2024,2024-11-05,42,[09:15-09:30[,2024-11-05 09:15,1707.282,13475.842,7.893,6775.913,3.969,,,9561.938,5.601,4497.728,2.634,2430.572,1.424,-9790.308,-5.734
05/11/2024,2024-11-05,43,[09:30-09:45[,2024-11-05 09:30,1707.282,13737.835,8.047,6775.913,3.969,,,9561.938,5.601,4497.728,2.634,2588.427,1.516,-9686.17,-5.673
05/11/2024,2024-11-05,44,[09:45-10:00[,2024-11-05 09:45,1707.282,14095.368,8.256,6775.913,3.969,,,9561.938,5.601,4497.728,2.634,2503.483,1.466,-9243.692,-5.414
05/11/2024,2024-11-05,45,[10:00-10:15[,2024-11-05 10:00,1717.929,12402.807,7.22,10841.997,6.311,,,7062.188,4.111,3519.18,2.049,2067.784,1.204,-11088.341,-6.454
05/11/2024,2024-11-05,46,[10:15-10:30[,2024-11-05 10:15,1717.929,16049.333,9.342,10841.997,6.311,,,7062.188,4.111,3519.18,2.049,2416.308,1.407,-7790.339,-4.535
05/11/2024,2024-11-05,47,[10:30-10:45[,2024-11-05 10:30,1717.929,21612.336,12.58,10841.997,6.311,,,7062.188,4.111,3519.18,2.049,2400.322,1.397,-2211.35,-1.287
05/11/2024,2024-11-05,48,[10:45-11:00[,2024-11-05 10:45,1717.929,24401.021,14.204,10841.997,6.311,,,7062.188,4.111,3519.18,2.049,1775.395,1.033,1202.262,0.7
05/11/2024,2024-11-05,49,[11:00-11:15[,2024-11-05 11:00,1755.632,14061.517,8.009,9665.435,5.505,,,7005.938,3.991,3519.18,2.005,2047.482,1.166,-8176.518,-4.657
05/11/2024,2024-11-05,50,[11:15-11:30[,2024-11-05 11:15,1755.632,10700.855,6.095,9665.435,5.505,,,7005.938,3.991,3519.18,2.005,2548.562,1.452,-12038.26,-6.857
05/11/2024,2024-11-05,51,[11:30-11:45[,2024-11-05 11:30,1755.632,14262.56,8.124,9665.435,5.505,,,7005.938,3.991,3519.18,2.005,2435.073,1.387,-8363.066,-4.764
05/11/2024,2024-11-05,52,[11:45-12:00[,2024-11-05 11:45,1755.632,14181.267,8.078,9665.435,5.505,,,8431.875,4.803,3519.18,2.005,2592.449,1.477,-10027.672,-5.712
05/11/2024,2024-11-05,53,[12:00-12:15[,2024-11-05 12:00,1719.776,12694.03,7.381,9475.23,5.51,,,8999.438,5.233,3519.18,2.046,2644.739,1.538,-11944.557,-6.945
05/11/2024,2024-11-05,54,[12:15-12:30[,2024-11-05 12:15,1719.776,9348.487,5.436,9475.23,5.51,,,8999.438,5.233,3519.18,2.046,2509.027,1.459,-15154.387,-8.812
05/11/2024,2024-11-05,55,[12:30-12:45[,2024-11-05 12:30,1719.776,4068.039,2.365,9475.23,5.51,,,8999.438,5.233,3519.18,2.046,2571.341,1.495,-20497.149,-11.918
05/11/2024,2024-11-05,56,[12:45-13:00[,2024-11-05 12:45,1719.776,16951.489,9.857,9475.23,5.51,,,8999.438,5.233,3519.18,2.046,2641.086,1.536,-7683.444,-4.468
05/11/2024,2024-11-05,57,[13:00-13:15[,2024-11-05 13:00,1705.379,4262.851,2.5,5967.285,3.499,,,,,3444.215,2.02,2699.405,1.583,-7848.054,-4.602
05/11/2024,2024-11-05,58,[13:15-13:30[,2024-11-05 13:15,1705.379,13411.948,7.864,5967.285,3.499,,,,,3444.215,2.02,2222.868,1.303,1777.58,1.042
05/11/2024,2024-11-05,59,[13:30-13:45[,2024-11-05 13:30,1705.379,-1179.697,-0.692,5967.285,3.499,,,,,3444.215,2.02,2645.491,1.551,-13236.688,-7.762
05/11/2024,2024-11-05,60,[13:45-14:00[,2024-11-05 13:45,1705.379,8257.147,4.842,5967.285,3.499,,,,,3444.215,2.02,2667.646,1.564,-3821.999,-2.241
05/11/2024,2024-11-05,61,[14:00-14:15[,2024-11-05 14:00,1734.639,-12306.429,-7.095,-86.683,-0.05,,,,,2021.89,1.166,2311.147,1.332,-16552.784,-9.542
05/11/2024,2024-11-05,62,[14:15-14:30[,2024-11-05 14:15,1734.639,-127.471,-0.073,-86.683,-0.05,,,,,2021.89,1.166,2352.216,1.356,-4414.894,-2.545
05/11/2024,2024-11-05,63,[14:30-14:45[,2024-11-05 14:30,1734.639,2111.375,1.217,-86.683,-0.05,,,,,2021.89,1.166,2287.709,1.319,-2111.542,-1.217
05/11/2024,2024-11-05,64,[14:45-15:00[,2024-11-05 14:45,1734.639,5782.947,3.334,-86.683,-0.05,,,,,2021.89,1.166,1116.797,0.644,2730.942,1.574
05/11/2024,2024-11-05,65,[15:00-15:15[,2024-11-05 15:00,1721.221,2074.57,1.205,-539.228,-0.313,9534.117,5.539,,,1558.305,0.905,1111.433,0.646,-9590.057,-5.572
05/11/2024,2024-11-05,66,[15:15-15:30[,2024-11-05 15:15,1721.221,-5309.296,-3.085,-539.228,-0.313,9534.117,5.539,,,1558.305,0.905,1127.312,0.655,-16989.802,-9.871
05/11/2024,2024-11-05,67,[15:30-15:45[,2024-11-05 15:30,1721.221,-824.524,-0.479,-539.228,-0.313,9534.117,5.539,,,1558.305,0.905,1064.789,0.619,-12442.507,-7.229
05/11/2024,2024-11-05,68,[15:45-16:00[,2024-11-05 15:45,1721.221,11512.554,6.689,-539.228,-0.313,9534.117,5.539,,,1558.305,0.905,1128.601,0.656,-169.241,-0.098
05/11/2024,2024-11-05,69,[16:00-16:15[,2024-11-05 16:00,1731.779,-1785.244,-1.031,-785.179,-0.453,17562.252,10.141,,,1649.34,0.952,1136.579,0.656,-21348.237,-12.327
05/11/2024,2024-11-05,70,[16:15-16:30[,2024-11-05 16:15,1731.779,2784.875,1.608,-785.179,-0.453,17562.252,10.141,,,1649.34,0.952,1060.217,0.612,-16701.754,-9.644
05/11/2024,2024-11-05,71,[16:30-16:45[,2024-11-05 16:30,1731.779,6898.359,3.983,-785.179,-0.453,17562.252,10.141,,,1649.34,0.952,1127.865,0.651,-12655.919,-7.308
05/11/2024,2024-11-05,72,[16:45-17:00[,2024-11-05 16:45,1731.779,11580.558,6.687,-785.179,-0.453,17562.252,10.141,,,1649.34,0.952,1092.56,0.631,-7938.415,-4.584
05/11/2024,2024-11-05,73,[17:00-17:15[,2024-11-05 17:00,1767.338,-3351.027,-1.896,-2862.425,-1.62,18653.077,10.554,,,2216.045,1.254,1044.004,0.591,-22401.727,-12.675
05/11/2024,2024-11-05,74,[17:15-17:30[,2024-11-05 17:15,1767.338,-2754.89,-1.559,-2862.425,-1.62,18653.077,10.554,,,2216.045,1.254,1050.72,0.595,-21812.307,-12.342
05/11/2024,2024-11-05,75,[17:30-17:45[,2024-11-05 17:30,1767.338,1160.488,0.657,-2862.425,-1.62,18653.077,10.554,,,2216.045,1.254,1127.146,0.638,-17973.354,-10.17
05/11/2024,2024-11-05,76,[17:45-18:00[,2024-11-05 17:45,1767.338,10207.657,5.776,-2862.425,-1.62,18653.077,10.554,,,2216.045,1.254,1252.088,0.708,-9051.128,-5.121
05/11/2024,2024-11-05,77,[18:00-18:15[,2024-11-05 18:00,1842.898,10930.6,5.931,-2581.365,-1.401,18653.077,10.122,,,2222.74,1.206,1310.482,0.711,-8674.334,-4.707
05/11/2024,2024-11-05,78,[18:15-18:30[,2024-11-05 18:15,1842.898,11892.519,6.453,-2581.365,-1.401,18653.077,10.122,,,2222.74,1.206,1244.597,0.675,-7646.53,-4.149
05/11/2024,2024-11-05,79,[18:30-18:45[,2024-11-05 18:30,1842.898,12463.458,6.763,-2581.365,-1.401,18653.077,10.122,,,2222.74,1.206,1329.201,0.721,-7160.196,-3.885
05/11/2024,2024-11-05,80,[18:45-19:00[,2024-11-05 18:45,1842.898,14306.528,7.763,-2581.365,-1.401,18653.077,10.122,,,2222.74,1.206,1350.339,0.733,-5338.262,-2.897
05/11/2024,2024-11-05,81,[19:00-19:15[,2024-11-05 19:00,1877.854,14885.409,7.927,-2023.475,-1.078,18653.077,9.933,,,1841.125,0.98,1413.311,0.753,-4998.629,-2.662
05/11/2024,2024-11-05,82,[19:15-19:30[,2024-11-05 19:15,1877.854,13882.484,7.393,-2023.475,-1.078,18653.077,9.933,,,1841.125,0.98,1302.676,0.694,-5890.918,-3.137
05/11/2024,2024-11-05,83,[19:30-19:45[,2024-11-05 19:30,1877.854,13907.022,7.406,-2023.475,-1.078,18653.077,9.933,,,1841.125,0.98,1321.734,0.704,-5885.44,-3.134
05/11/2024,2024-11-05,84,[19:45-20:00[,2024-11-05 19:45,1877.854,9674.683,5.152,-2023.475,-1.078,18653.077,9.933,,,1841.125,0.98,1390.741,0.741,-10186.785,-5.425
05/11/2024,2024-11-05,85,[20:00-20:15[,2024-11-05 20:00,1804.873,15425.228,8.546,-874.063,-0.484,18653.077,10.335,,,1569.015,0.869,1393.347,0.772,-5316.149,-2.945
05/11/2024,2024-11-05,86,[20:15-20:30[,2024-11-05 20:15,1804.873,14728.764,8.161,-874.063,-0.484,18653.077,10.335,,,1569.015,0.869,1394.917,0.773,-6014.182,-3.332
05/11/2024,2024-11-05,87,[20:30-20:45[,2024-11-05 20:30,1804.873,14457.696,8.01,-874.063,-0.484,18653.077,10.335,,,1569.015,0.869,1375.118,0.762,-6265.451,-3.471
05/11/2024,2024-11-05,88,[20:45-21:00[,2024-11-05 20:45,1804.873,9479.325,5.252,-874.063,-0.484,18653.077,10.335,,,1569.015,0.869,1372.108,0.76,-11240.812,-6.228
05/11/2024,2024-11-05,89,[21:00-21:15[,2024-11-05 21:00,1685.851,9528.772,5.652,-486.905,-0.289,14608.689,8.665,,,1681.47,0.997,1374.699,0.815,-7649.182,-4.537
05/11/2024,2024-11-05,90,[21:15-21:30[,2024-11-05 21:15,1685.851,7175.975,4.257,-486.905,-0.289,14608.689,8.665,,,1681.47,0.997,1400.21,0.831,-10027.489,-5.948
05/11/2024,2024-11-05,91,[21:30-21:45[,2024-11-05 21:30,1685.851,8164.155,4.843,-486.905,-0.289,14608.689,8.665,,,1681.47,0.997,1419.377,0.842,-9058.476,-5.373
05/11/2024,2024-11-05,92,[21:45-22:00[,2024-11-05 21:45,1685.851,6748.11,4.003,-486.905,-0.289,14608.689,8.665,,,1681.47,0.997,1367.606,0.811,-10422.75,-6.182
05/11/2024,2024-11-05,93,[22:00-22:15[,2024-11-05 22:00,1544.895,17994.578,11.648,-226.875,-0.147,12210,7.903,,,2107.251,1.364,1297.252,0.84,2606.95,1.687
05/11/2024,2024-11-05,94,[22:15-22:30[,2024-11-05 22:15,1544.895,13724.75,8.884,-226.875,-0.147,12210,7.903,,,2107.251,1.364,1366.09,0.884,-1731.716,-1.121
05/11/2024,2024-11-05,95,[22:30-22:45[,2024-11-05 22:30,1544.895,9120.959,5.904,-226.875,-0.147,12210,7.903,,,2107.251,1.364,1400.348,0.906,-6369.765,-4.123
05/11/2024,2024-11-05,96,[22:45-23:00[,2024-11-05 22:45,1544.895,6394.199,4.139,-226.875,-0.147,12210,7.903,,,2107.251,1.364,1371.335,0.888,-9067.512,-5.869
06/11/2024,2024-11-06,1,[23:00-23:15[,2024-11-05 23:00,1398.094,13259.999,9.484,,,,,,,1365.912,0.977,1510.812,1.081,10383.275,7.427
06/11/2024,2024-11-06,2,[23:15-23:30[,2024-11-05 23:15,1398.094,-2601.382,-1.861,,,,,,,1365.912,0.977,1332.582,0.953,-5299.876,-3.791
06/11/2024,2024-11-06,3,[23:30-23:45[,2024-11-05 23:30,1398.094,-1932.003,-1.382,,,,,,,1365.912,0.977,1516.594,1.085,-4814.509,-3.444
06/11/2024,2024-11-06,4,[23:45-00:00[,2024-11-05 23:45,1398.094,-6334.721,-4.531,,,,,,,1365.912,0.977,1517.014,1.085,-9217.647,-6.593
06/11/2024,2024-11-06,5,[00:00-00:15[,2024-11-06 00:00,1277.866,6047.689,4.733,,,,,,,1365.912,1.069,1516.953,1.187,3164.824,2.477
06/11/2024,2024-11-06,6,[00:15-00:30[,2024-11-06 00:15,1277.866,1398.719,1.095,,,,,,,1365.912,1.069,1452.84,1.137,-1420.033,-1.111
06/11/2024,2024-11-06,7,[00:30-00:45[,2024-11-06 00:30,1277.866,1323.174,1.035,,,,,,,1365.912,1.069,1525.708,1.194,-1568.446,-1.227
06/11/2024,2024-11-06,8,[00:45-01:00[,2024-11-06 00:45,1277.866,-307.123,-0.24,,,,,,,1365.912,1.069,1507.6,1.18,-3180.636,-2.489
06/11/2024,2024-11-06,9,[01:00-01:15[,2024-11-06 01:00,1203.6,3823.93,3.177,,,,,,,1128.6,0.938,1479.257,1.229,1216.073,1.01
06/11/2024,2024-11-06,10,[01:15-01:30[,2024-11-06 01:15,1203.6,2616.188,2.174,,,,,,,1128.6,0.938,1477.265,1.227,10.323,0.009
06/11/2024,2024-11-06,11,[01:30-01:45[,2024-11-06 01:30,1203.6,1446.592,1.202,,,,,,,1128.6,0.938,1508.105,1.253,-1190.113,-0.989
06/11/2024,2024-11-06,12,[01:45-02:00[,2024-11-06 01:45,1203.6,-450.27,-0.374,,,,,,,1128.6,0.938,1513.388,1.257,-3092.258,-2.569
06/11/2024,2024-11-06,13,[02:00-02:15[,2024-11-06 02:00,1156.091,3039.066,2.629,,,,,,,1128.6,0.976,1535.894,1.329,374.572,0.324
06/11/2024,2024-11-06,14,[02:15-02:30[,2024-11-06 02:15,1156.091,2366.162,2.047,,,,,,,1128.6,0.976,1516.588,1.312,-279.026,-0.241
06/11/2024,2024-11-06,15,[02:30-02:45[,2024-11-06 02:30,1156.091,1370.16,1.185,,,,,,,1128.6,0.976,1541.726,1.334,-1300.166,-1.125
06/11/2024,2024-11-06,16,[02:45-03:00[,2024-11-06 02:45,1156.091,2106.797,1.822,,,,,,,1128.6,0.976,1527.952,1.322,-549.756,-0.476
06/11/2024,2024-11-06,17,[03:00-03:15[,2024-11-06 03:00,1131.695,4217.394,3.727,,,,,,,1119.6,0.989,1509,1.333,1588.795,1.404
06/11/2024,2024-11-06,18,[03:15-03:30[,2024-11-06 03:15,1131.695,2914.573,2.575,,,,,,,1119.6,0.989,1454.957,1.286,340.016,0.3
06/11/2024,2024-11-06,19,[03:30-03:45[,2024-11-06 03:30,1131.695,1982.029,1.751,,,,,,,1119.6,0.989,1505.084,1.33,-642.655,-0.568
06/11/2024,2024-11-06,20,[03:45-04:00[,2024-11-06 03:45,1131.695,3399.073,3.004,,,,,,,1119.6,0.989,1552.686,1.372,726.787,0.642
06/11/2024,2024-11-06,21,[04:00-04:15[,2024-11-06 04:00,1127.219,1629.557,1.446,,,,,,,1128.6,1.001,1554.322,1.379,-1053.365,-0.934
06/11/2024,2024-11-06,22,[04:15-04:30[,2024-11-06 04:15,1127.219,1463.697,1.299,,,,,,,1128.6,1.001,1580.893,1.402,-1245.795,-1.105
06/11/2024,2024-11-06,23,[04:30-04:45[,2024-11-06 04:30,1127.219,3478.662,3.086,,,,,,,1128.6,1.001,1570.127,1.393,779.935,0.692
06/11/2024,2024-11-06,24,[04:45-05:00[,2024-11-06 04:45,1127.219,6992.716,6.204,,,,,,,1128.6,1.001,1594.237,1.414,4269.879,3.788
06/11/2024,2024-11-06,25,[05:00-05:15[,2024-11-06 05:00,1151.455,4781.986,4.153,,,,,,,1071.85,0.931,1307.236,1.135,2402.9,2.087
06/11/2024,2024-11-06,26,[05:15-05:30[,2024-11-06 05:15,1151.455,2237.485,1.943,,,,,,,1071.85,0.931,1329.373,1.155,-163.738,-0.142
06/11/2024,2024-11-06,27,[05:30-05:45[,2024-11-06 05:30,1151.455,-1829.073,-1.588,,,,,,,1071.85,0.931,1329.373,1.155,-4230.296,-3.674
06/11/2024,2024-11-06,28,[05:45-06:00[,2024-11-06 05:45,1151.455,5049.321,4.385,,,,,,,1071.85,0.931,1329.373,1.155,2648.098,2.3
06/11/2024,2024-11-06,29,[06:00-06:15[,2024-11-06 06:00,1254.008,-1280.04,-1.021,,,,,,,1570.516,1.252,1396.138,1.113,-4246.694,-3.386
06/11/2024,2024-11-06,30,[06:15-06:30[,2024-11-06 06:15,1254.008,2450.651,1.954,,,,,,,1570.516,1.252,1415.75,1.129,-535.615,-0.427
06/11/2024,2024-11-06,31,[06:30-06:45[,2024-11-06 06:30,1254.008,4608.695,3.675,,,,,,,1570.516,1.252,1329.82,1.06,1708.359,1.362
06/11/2024,2024-11-06,32,[06:45-07:00[,2024-11-06 06:45,1254.008,5399.889,4.306,,,,,,,1570.516,1.252,1314.315,1.048,2515.058,2.006
06/11/2024,2024-11-06,33,[07:00-07:15[,2024-11-06 07:00,1412.909,-6138.4,-4.345,,,,,,,1571.077,1.112,1303.033,0.922,-9012.51,-6.379
06/11/2024,2024-11-06,34,[07:15-07:30[,2024-11-06 07:15,1412.909,-3244.308,-2.296,,,,,,,1571.077,1.112,1239.982,0.878,-6055.367,-4.286
06/11/2024,2024-11-06,35,[07:30-07:45[,2024-11-06 07:30,1412.909,-341.516,-0.242,,,,,,,1571.077,1.112,1246.29,0.882,-3158.883,-2.236
06/11/2024,2024-11-06,36,[07:45-08:00[,2024-11-06 07:45,1412.909,6132.27,4.34,,,,,,,1571.077,1.112,1242.5,0.879,3318.693,2.349
06/11/2024,2024-11-06,37,[08:00-08:15[,2024-11-06 08:00,1569.98,14558.45,9.273,,,,,,,1461.175,0.931,1213.941,0.773,11883.334,7.569
06/11/2024,2024-11-06,38,[08:15-08:30[,2024-11-06 08:15,1569.98,1659.345,1.057,,,,,,,1461.175,0.931,1233.895,0.786,-1035.725,-0.66
06/11/2024,2024-11-06,39,[08:30-08:45[,2024-11-06 08:30,1569.98,-1981.969,-1.262,,,,,,,1461.175,0.931,1260.659,0.803,-4703.803,-2.996
06/11/2024,2024-11-06,40,[08:45-09:00[,2024-11-06 08:45,1569.98,-9228.583,-5.878,,,,,104.993,0.067,1461.175,0.931,1320.924,0.841,-12115.675,-7.717
06/11/2024,2024-11-06,41,[09:00-09:15[,2024-11-06 09:00,1592.553,9221.025,5.79,,,,,8941.425,5.615,2525.055,1.586,1340.34,0.842,-3585.795,-2.252
06/11/2024,2024-11-06,42,[09:15-09:30[,2024-11-06 09:15,1592.553,9822.119,6.168,,,,,8924.025,5.604,2525.055,1.586,1402.788,0.881,-3029.749,-1.902
06/11/2024,2024-11-06,43,[09:30-09:45[,2024-11-06 09:30,1592.553,2935.825,1.843,,,,,8924.025,5.604,2525.055,1.586,1400.204,0.879,-9913.459,-6.225
06/11/2024,2024-11-06,44,[09:45-10:00[,2024-11-06 09:45,1592.553,3305.399,2.076,,,,,8924.025,5.604,2525.055,1.586,1390.363,0.873,-9534.044,-5.987
06/11/2024,2024-11-06,45,[10:00-10:15[,2024-11-06 10:00,1556.545,14923.117,9.587,7592.228,4.878,,,6249.938,4.015,2841.465,1.825,1275.419,0.819,-3035.931,-1.95
06/11/2024,2024-11-06,46,[10:15-10:30[,2024-11-06 10:15,1556.545,16295.31,10.469,7592.228,4.878,,,6249.938,4.015,2841.465,1.825,1325.761,0.852,-1714.082,-1.101
06/11/2024,2024-11-06,47,[10:30-10:45[,2024-11-06 10:30,1556.545,17018.117,10.933,7592.228,4.878,,,6249.938,4.015,2841.465,1.825,1316.726,0.846,-982.239,-0.631
06/11/2024,2024-11-06,48,[10:45-11:00[,2024-11-06 10:45,1556.545,17011.665,10.929,7592.228,4.878,,,6249.938,4.015,2841.465,1.825,1250.085,0.803,-922.05,-0.592
06/11/2024,2024-11-06,49,[11:00-11:15[,2024-11-06 11:00,1561.252,16858.66,10.798,7613.228,4.876,,,1699.15,1.088,1901.52,1.218,1317.461,0.844,4327.302,2.772
06/11/2024,2024-11-06,50,[11:15-11:30[,2024-11-06 11:15,1561.252,11766.544,7.537,7613.228,4.876,,,-1416.95,-0.908,1901.52,1.218,1248.922,0.8,2419.824,1.55
06/11/2024,2024-11-06,51,[11:30-11:45[,2024-11-06 11:30,1561.252,16646.61,10.662,7613.228,4.876,,,1699.15,1.088,1901.52,1.218,1183.388,0.758,4249.324,2.722
06/11/2024,2024-11-06,52,[11:45-12:00[,2024-11-06 11:45,1561.252,17558.292,11.246,7613.228,4.876,,,1699.15,1.088,1901.52,1.218,1174.548,0.752,5169.847,3.311
06/11/2024,2024-11-06,53,[12:00-12:15[,2024-11-06 12:00,1552.972,20202.168,13.009,7615.238,4.904,,,0,0,1901.52,1.224,2368.404,1.525,8317.007,5.356
06/11/2024,2024-11-06,54,[12:15-12:30[,2024-11-06 12:15,1552.972,10448.046,6.728,7615.238,4.904,,,-9585.95,-6.173,1901.52,1.224,2446.998,1.576,8070.24,5.197
06/11/2024,2024-11-06,55,[12:30-12:45[,2024-11-06 12:30,1552.972,13093.168,8.431,7615.238,4.904,,,-9747.045,-6.276,1901.52,1.224,2484.721,1.6,10838.735,6.979
06/11/2024,2024-11-06,56,[12:45-13:00[,2024-11-06 12:45,1552.972,10355.123,6.668,7615.238,4.904,,,-9585.95,-6.173,1901.52,1.224,2229.305,1.436,8195.011,5.277
06/11/2024,2024-11-06,57,[13:00-13:15[,2024-11-06 13:00,1543.908,19019.81,12.319,7897.963,5.116,5361.489,3.473,-1690,-1.095,1901.52,1.232,2655.62,1.72,2893.218,1.874
06/11/2024,2024-11-06,58,[13:15-13:30[,2024-11-06 13:15,1543.908,23282.047,15.08,7897.963,5.116,5361.489,3.473,212.5,0.138,1901.52,1.232,2577.141,1.669,5331.434,3.453
06/11/2024,2024-11-06,59,[13:30-13:45[,2024-11-06 13:30,1543.908,27730.358,17.961,7897.963,5.116,5361.489,3.473,-1690,-1.095,1901.52,1.232,2606.612,1.688,11652.775,7.548
06/11/2024,2024-11-06,60,[13:45-14:00[,2024-11-06 13:45,1543.908,28717.483,18.601,7897.963,5.116,5361.489,3.473,-1690,-1.095,1901.52,1.232,2553.744,1.654,12692.768,8.221
06/11/2024,2024-11-06,61,[14:00-14:15[,2024-11-06 14:00,1599.597,33865.884,21.172,7610.408,4.758,7127.089,4.456,0,0,3761.34,2.351,2753.871,1.722,12613.177,7.885
06/11/2024,2024-11-06,62,[14:15-14:30[,2024-11-06 14:15,1599.597,24048.79,15.034,7610.408,4.758,7127.089,4.456,-2833.05,-1.771,3761.34,2.351,2658.682,1.662,5724.321,3.579
06/11/2024,2024-11-06,63,[14:30-14:45[,2024-11-06 14:30,1599.597,30520.829,19.08,7610.408,4.758,7127.089,4.456,-1807,-1.13,3761.34,2.351,2371.087,1.482,11457.906,7.163
06/11/2024,2024-11-06,64,[14:45-15:00[,2024-11-06 14:45,1599.597,27520.203,17.204,7610.408,4.758,7127.089,4.456,-2833.05,-1.771,3761.34,2.351,2719.601,1.7,9134.815,5.711
06/11/2024,2024-11-06,65,[15:00-15:15[,2024-11-06 15:00,1638.306,18250.74,11.14,6285.64,3.837,7127.089,4.35,-2833.05,-1.729,3081.63,1.881,2757.505,1.683,1831.927,1.118
06/11/2024,2024-11-06,66,[15:15-15:30[,2024-11-06 15:15,1638.306,18570.474,11.335,6285.64,3.837,7127.089,4.35,-2833.05,-1.729,3081.63,1.881,2034.334,1.242,2874.832,1.755
06/11/2024,2024-11-06,67,[15:30-15:45[,2024-11-06 15:30,1638.306,20995.875,12.816,6285.64,3.837,7127.089,4.35,-2833.05,-1.729,3081.63,1.881,2789.395,1.703,4545.172,2.774
06/11/2024,2024-11-06,68,[15:45-16:00[,2024-11-06 15:45,1638.306,38787.482,23.675,6285.64,3.837,7127.089,4.35,-2833.05,-1.729,3081.63,1.881,2800.935,1.71,22325.239,13.627
06/11/2024,2024-11-06,69,[16:00-16:15[,2024-11-06 16:00,1660.172,635.787,0.383,,,18168.811,10.944,,,1712.575,1.032,1664.881,1.003,-20910.48,-12.595
06/11/2024,2024-11-06,70,[16:15-16:30[,2024-11-06 16:15,1660.172,13222.986,7.965,,,18168.811,10.944,,,1712.575,1.032,1625.581,0.979,-8283.98,-4.99
06/11/2024,2024-11-06,71,[16:30-16:45[,2024-11-06 16:30,1660.172,15007.188,9.04,,,18168.811,10.944,,,1712.575,1.032,1644.84,0.991,-6519.038,-3.927
06/11/2024,2024-11-06,72,[16:45-17:00[,2024-11-06 16:45,1660.172,18481.999,11.133,,,18168.811,10.944,,,1712.575,1.032,1624.091,0.978,-3023.477,-1.821
06/11/2024,2024-11-06,73,[17:00-17:15[,2024-11-06 17:00,1718.547,4153.049,2.417,,,29631.391,17.242,,,2892.45,1.683,1577.598,0.918,-29948.39,-17.427
06/11/2024,2024-11-06,74,[17:15-17:30[,2024-11-06 17:15,1718.547,7519.568,4.376,,,29631.391,17.242,,,2892.45,1.683,1493.339,0.869,-26497.612,-15.419
06/11/2024,2024-11-06,75,[17:30-17:45[,2024-11-06 17:30,1718.547,10521.533,6.122,,,29631.391,17.242,,,2892.45,1.683,1549.047,0.901,-23551.354,-13.704
06/11/2024,2024-11-06,76,[17:45-18:00[,2024-11-06 17:45,1718.547,13746.996,7.999,,,29631.391,17.242,,,2892.45,1.683,1541.774,0.897,-20318.619,-11.823
06/11/2024,2024-11-06,77,[18:00-18:15[,2024-11-06 18:00,1801.945,17154.002,9.52,,,29631.391,16.444,,,2509.938,1.393,1555.096,0.863,-16542.423,-9.18
06/11/2024,2024-11-06,78,[18:15-18:30[,2024-11-06 18:15,1801.945,9908.711,5.499,,,29631.391,16.444,,,2509.938,1.393,1533.058,0.851,-23765.676,-13.189
06/11/2024,2024-11-06,79,[18:30-18:45[,2024-11-06 18:30,1801.945,12544.523,6.962,,,29631.391,16.444,,,2509.938,1.393,1533.231,0.851,-21130.036,-11.726
06/11/2024,2024-11-06,80,[18:45-19:00[,2024-11-06 18:45,1801.945,12451.808,6.91,,,29631.391,16.444,,,2509.938,1.393,1578.717,0.876,-21268.237,-11.803
06/11/2024,2024-11-06,81,[19:00-19:15[,2024-11-06 19:00,1837.304,22908.171,12.468,,,29631.391,16.128,,,1694.69,0.922,1580.881,0.86,-9998.791,-5.442
06/11/2024,2024-11-06,82,[19:15-19:30[,2024-11-06 19:15,1837.304,23449.159,12.763,,,29631.391,16.128,,,1694.69,0.922,1592.58,0.867,-9469.502,-5.154
06/11/2024,2024-11-06,83,[19:30-19:45[,2024-11-06 19:30,1837.304,22803.392,12.411,,,29631.391,16.128,,,1694.69,0.922,1583.609,0.862,-10106.298,-5.501
06/11/2024,2024-11-06,84,[19:45-20:00[,2024-11-06 19:45,1837.304,21862.825,11.899,,,29631.391,16.128,,,1694.69,0.922,1528.624,0.832,-10991.88,-5.983
06/11/2024,2024-11-06,85,[20:00-20:15[,2024-11-06 20:00,1763.197,24935.237,14.142,,,29631.391,16.805,,,1406.904,0.798,1561.742,0.886,-7664.799,-4.347
06/11/2024,2024-11-06,86,[20:15-20:30[,2024-11-06 20:15,1763.197,19605.299,11.119,,,29631.391,16.805,,,1406.904,0.798,1538.406,0.873,-12971.401,-7.357
06/11/2024,2024-11-06,87,[20:30-20:45[,2024-11-06 20:30,1763.197,16519.731,9.369,,,29631.391,16.805,,,1406.904,0.798,1544.213,0.876,-16062.777,-9.11
06/11/2024,2024-11-06,88,[20:45-21:00[,2024-11-06 20:45,1763.197,11252.33,6.382,,,29631.391,16.805,,,1406.904,0.798,1546.157,0.877,-21332.121,-12.099
06/11/2024,2024-11-06,89,[21:00-21:15[,2024-11-06 21:00,1641.24,19405.763,11.824,,,22789.691,13.886,,,1879.1,1.145,1548.649,0.944,-6811.676,-4.15
06/11/2024,2024-11-06,90,[21:15-21:30[,2024-11-06 21:15,1641.24,18138.245,11.052,,,22789.691,13.886,,,1879.1,1.145,1549.488,0.944,-8080.034,-4.923
06/11/2024,2024-11-06,91,[21:30-21:45[,2024-11-06 21:30,1641.24,14095.779,8.588,,,22789.691,13.886,,,1879.1,1.145,1536.669,0.936,-12109.68,-7.378
06/11/2024,2024-11-06,92,[21:45-22:00[,2024-11-06 21:45,1641.24,14909.339,9.084,,,22789.691,13.886,,,1879.1,1.145,1541.791,0.939,-11301.243,-6.886
06/11/2024,2024-11-06,93,[22:00-22:15[,2024-11-06 22:00,1513.25,11505.409,7.603,,,12516.789,8.271,,,2208.786,1.46,1455.089,0.962,-4675.255,-3.09
06/11/2024,2024-11-06,94,[22:15-22:30[,2024-11-06 22:15,1513.25,11751.185,7.766,,,12516.789,8.271,,,2208.786,1.46,1426.056,0.942,-4400.446,-2.908
06/11/2024,2024-11-06,95,[22:30-22:45[,2024-11-06 22:30,1513.25,9247.704,6.111,,,12516.789,8.271,,,2208.786,1.46,1423.63,0.941,-6901.501,-4.561
06/11/2024,2024-11-06,96,[22:45-23:00[,2024-11-06 22:45,1513.25,6338.495,4.189,,,12516.789,8.271,,,2208.786,1.46,1422.689,0.94,-9809.769,-6.483
07/11/2024,2024-11-07,1,[23:00-23:15[,2024-11-06 23:00,1371.145,11823.673,8.623,8024.458,5.852,,,,,2154.45,1.571,1447.026,1.055,197.739,0.144
07/11/2024,2024-11-07,2,[23:15-23:30[,2024-11-06 23:15,1371.145,12182.48,8.885,8024.458,5.852,,,,,2154.45,1.571,1486.572,1.084,517,0.377
07/11/2024,2024-11-07,3,[23:30-23:45[,2024-11-06 23:30,1371.145,16234.419,11.84,8024.458,5.852,,,,,2154.45,1.571,1501.302,1.095,4554.209,3.321
07/11/2024,2024-11-07,4,[23:45-00:00[,2024-11-06 23:45,1371.145,10047.579,7.328,8024.458,5.852,,,,,2154.45,1.571,1521.084,1.109,-1652.414,-1.205
07/11/2024,2024-11-07,5,[00:00-00:15[,2024-11-07 00:00,1277.892,12941.985,10.128,9447.07,7.393,,,,,2154.45,1.686,2890.161,2.262,-1549.696,-1.213
07/11/2024,2024-11-07,6,[00:15-00:30[,2024-11-07 00:15,1277.892,15594.209,12.203,9447.07,7.393,,,,,2154.45,1.686,2872.861,2.248,1119.828,0.876
07/11/2024,2024-11-07,7,[00:30-00:45[,2024-11-07 00:30,1277.892,15109.424,11.824,9447.07,7.393,,,,,2154.45,1.686,2839.07,2.222,668.835,0.523
07/11/2024,2024-11-07,8,[00:45-01:00[,2024-11-07 00:45,1277.892,12512.79,9.792,9447.07,7.393,,,,,2154.45,1.686,2348.594,1.838,-1437.324,-1.125
07/11/2024,2024-11-07,9,[01:00-01:15[,2024-11-07 01:00,1206.363,7481.402,6.202,9101.488,7.545,,,,,2003.4,1.661,2794.6,2.317,-6418.086,-5.32
07/11/2024,2024-11-07,10,[01:15-01:30[,2024-11-07 01:15,1206.363,28924.773,23.977,9101.488,7.545,,,,,2003.4,1.661,2809.936,2.329,15009.949,12.442
07/11/2024,2024-11-07,11,[01:30-01:45[,2024-11-07 01:30,1206.363,21129.4,17.515,9101.488,7.545,,,3713.242,3.078,2003.4,1.661,2197.241,1.821,4114.028,3.41
07/11/2024,2024-11-07,12,[01:45-02:00[,2024-11-07 01:45,1206.363,10065.564,8.344,9101.488,7.545,,,,,2003.4,1.661,2808.978,2.328,-3848.302,-3.19
07/11/2024,2024-11-07,13,[02:00-02:15[,2024-11-07 02:00,1160.791,12268.091,10.569,8717.845,7.51,,,,,1931.85,1.664,2903.608,2.501,-1285.212,-1.107
07/11/2024,2024-11-07,14,[02:15-02:30[,2024-11-07 02:15,1160.791,11904.443,10.255,8717.845,7.51,,,,,1931.85,1.664,2935.89,2.529,-1681.142,-1.448
07/11/2024,2024-11-07,15,[02:30-02:45[,2024-11-07 02:30,1160.791,11228.206,9.673,8717.845,7.51,,,,,1931.85,1.664,2936.745,2.53,-2358.234,-2.032
07/11/2024,2024-11-07,16,[02:45-03:00[,2024-11-07 02:45,1160.791,11511.793,9.917,8717.845,7.51,,,,,1931.85,1.664,2936.325,2.53,-2074.226,-1.787
07/11/2024,2024-11-07,17,[03:00-03:15[,2024-11-07 03:00,1140.031,9364.907,8.215,8548.78,7.499,,,,,1908,1.674,2935.076,2.575,-4026.949,-3.532
07/11/2024,2024-11-07,18,[03:15-03:30[,2024-11-07 03:15,1140.031,15784.971,13.846,8548.78,7.499,,,,,1908,1.674,2893.75,2.538,2434.441,2.135
07/11/2024,2024-11-07,19,[03:30-03:45[,2024-11-07 03:30,1140.031,16950.056,14.868,8548.78,7.499,,,,,1908,1.674,2937.888,2.577,3555.388,3.119
07/11/2024,2024-11-07,20,[03:45-04:00[,2024-11-07 03:45,1140.031,14638.354,12.84,8548.78,7.499,,,,,1908,1.674,2940.633,2.579,1240.941,1.089
07/11/2024,2024-11-07,21,[04:00-04:15[,2024-11-07 04:00,1112.618,8780.745,7.892,7168.527,6.443,,,,,1963.65,1.765,1817.176,1.633,-2168.608,-1.949
07/11/2024,2024-11-07,22,[04:15-04:30[,2024-11-07 04:15,1112.618,9071.509,8.153,7168.527,6.443,,,,,1963.65,1.765,1656.419,1.489,-1717.088,-1.543
07/11/2024,2024-11-07,23,[04:30-04:45[,2024-11-07 04:30,1112.618,12224.157,10.987,7168.527,6.443,,,,,1963.65,1.765,1826.604,1.642,1265.375,1.137
07/11/2024,2024-11-07,24,[04:45-05:00[,2024-11-07 04:45,1112.618,15503.627,13.934,7168.527,6.443,,,,,1963.65,1.765,1770.416,1.591,4601.034,4.135
07/11/2024,2024-11-07,25,[05:00-05:15[,2024-11-07 05:00,1136.46,7733.543,6.805,5918.18,5.208,,,,,2106.838,1.854,1645.639,1.448,-1937.113,-1.705
07/11/2024,2024-11-07,26,[05:15-05:30[,2024-11-07 05:15,1136.46,9634.328,8.477,5918.18,5.208,,,,,2106.838,1.854,1625.7,1.43,-16.39,-0.014
07/11/2024,2024-11-07,27,[05:30-05:45[,2024-11-07 05:30,1136.46,6231.527,5.483,5918.18,5.208,,,,,2106.838,1.854,1626.782,1.431,-3420.273,-3.01
07/11/2024,2024-11-07,28,[05:45-06:00[,2024-11-07 05:45,1136.46,17421.494,15.33,5918.18,5.208,,,,,2106.838,1.854,1626.421,1.431,7770.055,6.837
07/11/2024,2024-11-07,29,[06:00-06:15[,2024-11-07 06:00,1255.315,9229.788,7.353,5321,4.239,,,,,2786.62,2.22,1611.603,1.284,-489.436,-0.39
07/11/2024,2024-11-07,30,[06:15-06:30[,2024-11-07 06:15,1255.315,4897.017,3.901,5321,4.239,,,,,2786.62,2.22,1622.912,1.293,-4833.515,-3.85
07/11/2024,2024-11-07,31,[06:30-06:45[,2024-11-07 06:30,1255.315,10896.991,8.681,5321,4.239,,,,,2786.62,2.22,2412.684,1.922,376.687,0.3
07/11/2024,2024-11-07,32,[06:45-07:00[,2024-11-07 06:45,1255.315,10877.448,8.665,5321,4.239,,,,,2786.62,2.22,2962.669,2.36,-192.841,-0.154
07/11/2024,2024-11-07,33,[07:00-07:15[,2024-11-07 07:00,1418.599,7750.088,5.463,5133.833,3.619,,,,,2707.859,1.909,3017.513,2.127,-3109.116,-2.192
07/11/2024,2024-11-07,34,[07:15-07:30[,2024-11-07 07:15,1418.599,9443.788,6.657,5133.833,3.619,,,,,2707.859,1.909,2624.84,1.85,-1022.744,-0.721
07/11/2024,2024-11-07,35,[07:30-07:45[,2024-11-07 07:30,1418.599,9928.714,6.999,5133.833,3.619,,,,,2707.859,1.909,2498.039,1.761,-411.017,-0.29
07/11/2024,2024-11-07,36,[07:45-08:00[,2024-11-07 07:45,1418.599,7388.574,5.208,5133.833,3.619,,,,,2707.859,1.909,2973.593,2.096,-3426.71,-2.416
07/11/2024,2024-11-07,37,[08:00-08:15[,2024-11-07 08:00,1579.753,10357.253,6.556,5308.253,3.36,,,,,2074.08,1.313,2965.691,1.877,9.229,0.006
07/11/2024,2024-11-07,38,[08:15-08:30[,2024-11-07 08:15,1579.753,11051.136,6.995,5308.253,3.36,,,,,2074.08,1.313,2043.411,1.294,1625.392,1.029
07/11/2024,2024-11-07,39,[08:30-08:45[,2024-11-07 08:30,1579.753,9241.087,5.85,5308.253,3.36,,,,,2074.08,1.313,2846.319,1.802,-987.564,-0.625
07/11/2024,2024-11-07,40,[08:45-09:00[,2024-11-07 08:45,1579.753,11769.017,7.45,5308.253,3.36,,,,,2074.08,1.313,2979.713,1.886,1406.972,0.891
07/11/2024,2024-11-07,41,[09:00-09:15[,2024-11-07 09:00,1633.878,22013.646,13.473,8183.359,5.009,,,,,3200.4,1.959,4078.461,2.496,6551.426,4.01
07/11/2024,2024-11-07,42,[09:15-09:30[,2024-11-07 09:15,1633.878,10142.676,6.208,8183.359,5.009,,,,,3200.4,1.959,3840.676,2.351,-5081.759,-3.11
07/11/2024,2024-11-07,43,[09:30-09:45[,2024-11-07 09:30,1633.878,16523.266,10.113,8183.359,5.009,,,,,3200.4,1.959,3901.364,2.388,1238.144,0.758
07/11/2024,2024-11-07,44,[09:45-10:00[,2024-11-07 09:45,1633.878,18111.97,11.085,8183.359,5.009,,,115.902,0.071,3200.4,1.959,4028.183,2.465,2584.126,1.582
07/11/2024,2024-11-07,45,[10:00-10:15[,2024-11-07 10:00,1614.316,14484.061,8.972,8855.35,5.486,,,,,3509.01,2.174,4350.338,2.695,-2230.636,-1.382
07/11/2024,2024-11-07,46,[10:15-10:30[,2024-11-07 10:15,1614.316,17984.29,11.14,8855.35,5.486,,,,,3509.01,2.174,4350.338,2.695,1269.593,0.786
07/11/2024,2024-11-07,47,[10:30-10:45[,2024-11-07 10:30,1614.316,20389.392,12.63,8855.35,5.486,,,,,3509.01,2.174,4074.131,2.524,3950.901,2.447
07/11/2024,2024-11-07,48,[10:45-11:00[,2024-11-07 10:45,1614.316,19558.801,12.116,8855.35,5.486,,,,,3509.01,2.174,4121.831,2.553,3072.61,1.903
07/11/2024,2024-11-07,49,[11:00-11:15[,2024-11-07 11:00,1635.001,11756.074,7.19,9531.45,5.83,,,,,2266.95,1.387,3928.405,2.403,-3970.732,-2.429
07/11/2024,2024-11-07,50,[11:15-11:30[,2024-11-07 11:15,1635.001,17419.856,10.654,9531.45,5.83,,,,,2266.95,1.387,4080.175,2.496,1541.282,0.943
07/11/2024,2024-11-07,51,[11:30-11:45[,2024-11-07 11:30,1635.001,18723.036,11.451,9531.45,5.83,,,,,2266.95,1.387,4057.859,2.482,2866.777,1.753
07/11/2024,2024-11-07,52,[11:45-12:00[,2024-11-07 11:45,1635.001,17757.481,10.861,9531.45,5.83,,,-9.744,-0.006,2266.95,1.387,3271.929,2.001,2696.895,1.649
07/11/2024,2024-11-07,53,[12:00-12:15[,2024-11-07 12:00,1595.464,14922.746,9.353,9641.838,6.043,,,,,2327.91,1.459,4082.236,2.559,-1129.238,-0.708
07/11/2024,2024-11-07,54,[12:15-12:30[,2024-11-07 12:15,1595.464,17951.847,11.252,9641.838,6.043,,,,,2327.91,1.459,4096.824,2.568,1885.276,1.182
07/11/2024,2024-11-07,55,[12:30-12:45[,2024-11-07 12:30,1595.464,12470.274,7.816,9641.838,6.043,,,,,2327.91,1.459,3739.633,2.344,-3239.107,-2.03
07/11/2024,2024-11-07,56,[12:45-13:00[,2024-11-07 12:45,1595.464,15676.946,9.826,9641.838,6.043,,,,,2327.91,1.459,4126.785,2.587,-419.587,-0.263
07/11/2024,2024-11-07,57,[13:00-13:15[,2024-11-07 13:00,1562.723,10519.654,6.732,9023.715,5.774,,,45.38,0.029,2998.47,1.919,4080.305,2.611,-5628.216,-3.602
07/11/2024,2024-11-07,58,[13:15-13:30[,2024-11-07 13:15,1562.723,17012.561,10.886,9023.715,5.774,,,,,2998.47,1.919,3803.5,2.434,1186.875,0.759
07/11/2024,2024-11-07,59,[13:30-13:45[,2024-11-07 13:30,1562.723,22749.379,14.558,9023.715,5.774,,,,,2998.47,1.919,4245.761,2.717,6481.433,4.148
07/11/2024,2024-11-07,60,[13:45-14:00[,2024-11-07 13:45,1562.723,26713.603,17.094,9023.715,5.774,,,,,2998.47,1.919,4228.425,2.706,10462.993,6.695
07/11/2024,2024-11-07,61,[14:00-14:15[,2024-11-07 14:00,1632.558,24667.039,15.109,7932.232,4.859,,,30.608,0.019,4945.38,3.029,3846.851,2.356,7911.968,4.846
07/11/2024,2024-11-07,62,[14:15-14:30[,2024-11-07 14:15,1632.558,19151.777,11.731,7932.232,4.859,,,,,4945.38,3.029,4145.797,2.539,2128.368,1.304
07/11/2024,2024-11-07,63,[14:30-14:45[,2024-11-07 14:30,1632.558,24027.976,14.718,7932.232,4.859,,,-65.562,-0.04,4945.38,3.029,4319.788,2.646,6896.138,4.224
07/11/2024,2024-11-07,64,[14:45-15:00[,2024-11-07 14:45,1632.558,30573.48,18.727,7932.232,4.859,,,-0.308,0,4945.38,3.029,3721.951,2.28,13974.225,8.56
07/11/2024,2024-11-07,65,[15:00-15:15[,2024-11-07 15:00,1653.513,11351.461,6.865,5232.491,3.164,3076.5,1.861,-1067.111,-0.645,4408.6,2.666,2951.326,1.785,-3250.344,-1.966
07/11/2024,2024-11-07,66,[15:15-15:30[,2024-11-07 15:15,1653.513,14511.345,8.776,5232.491,3.164,3076.5,1.861,-11.666,-0.007,4408.6,2.666,2954.69,1.787,-1149.27,-0.695
07/11/2024,2024-11-07,67,[15:30-15:45[,2024-11-07 15:30,1653.513,16657.544,10.074,5232.491,3.164,3076.5,1.861,,,4408.6,2.666,2742.276,1.658,1197.677,0.724
07/11/2024,2024-11-07,68,[15:45-16:00[,2024-11-07 15:45,1653.513,30103.315,18.206,5232.491,3.164,3076.5,1.861,,,4408.6,2.666,3055.066,1.848,14330.659,8.667
07/11/2024,2024-11-07,69,[16:00-16:15[,2024-11-07 16:00,1681.236,8499.863,5.056,-700.45,-0.417,6997.821,4.162,,,2094.73,1.246,1889.794,1.124,-1782.033,-1.06
07/11/2024,2024-11-07,70,[16:15-16:30[,2024-11-07 16:15,1681.236,-2118.106,-1.26,-700.45,-0.417,6997.821,4.162,,,2094.73,1.246,1885.739,1.122,-12395.947,-7.373
07/11/2024,2024-11-07,71,[16:30-16:45[,2024-11-07 16:30,1681.236,-1613.903,-0.96,-700.45,-0.417,6997.821,4.162,,,2094.73,1.246,1693.043,1.007,-11699.047,-6.959
07/11/2024,2024-11-07,72,[16:45-17:00[,2024-11-07 16:45,1681.236,3481.029,2.071,-700.45,-0.417,6997.821,4.162,,,2094.73,1.246,1580.007,0.94,-6491.08,-3.861
07/11/2024,2024-11-07,73,[17:00-17:15[,2024-11-07 17:00,1725.76,4324.131,2.506,-1522.838,-0.882,9341.821,5.413,,,2239.47,1.298,1409.875,0.817,-7144.198,-4.14
07/11/2024,2024-11-07,74,[17:15-17:30[,2024-11-07 17:15,1725.76,5015.677,2.906,-1522.838,-0.882,9341.821,5.413,,,2239.47,1.298,1432.001,0.83,-6474.777,-3.752
07/11/2024,2024-11-07,75,[17:30-17:45[,2024-11-07 17:30,1725.76,11031.897,6.392,-1522.838,-0.882,9341.821,5.413,,,2239.47,1.298,1409.708,0.817,-436.265,-0.253
07/11/2024,2024-11-07,76,[17:45-18:00[,2024-11-07 17:45,1725.76,15842.923,9.18,-1522.838,-0.882,9341.821,5.413,,,2239.47,1.298,1480.124,0.858,4304.345,2.494
07/11/2024,2024-11-07,77,[18:00-18:15[,2024-11-07 18:00,1808.648,5258.607,2.907,-1452.45,-0.803,9341.821,5.165,,,2240.215,1.239,1515.036,0.838,-6386.015,-3.531
07/11/2024,2024-11-07,78,[18:15-18:30[,2024-11-07 18:15,1808.648,1986.266,1.098,-1452.45,-0.803,9341.821,5.165,,,2240.215,1.239,1494.827,0.826,-9638.147,-5.329
07/11/2024,2024-11-07,79,[18:30-18:45[,2024-11-07 18:30,1808.648,3498.111,1.934,-1452.45,-0.803,9341.821,5.165,,,2240.215,1.239,1489.361,0.823,-8120.836,-4.49
07/11/2024,2024-11-07,80,[18:45-19:00[,2024-11-07 18:45,1808.648,7666.336,4.239,-1452.45,-0.803,9341.821,5.165,,,2240.215,1.239,1514.621,0.837,-3977.872,-2.199
07/11/2024,2024-11-07,81,[19:00-19:15[,2024-11-07 19:00,1840.541,9751.66,5.298,-1082.54,-0.588,9341.821,5.076,2401.56,1.305,1854.26,1.007,1584.802,0.861,-4348.243,-2.362
07/11/2024,2024-11-07,82,[19:15-19:30[,2024-11-07 19:15,1840.541,5464.278,2.969,-1082.54,-0.588,9341.821,5.076,4502.925,2.447,1854.26,1.007,1628.027,0.885,-10780.215,-5.857
07/11/2024,2024-11-07,83,[19:30-19:45[,2024-11-07 19:30,1840.541,6929.924,3.765,-1082.54,-0.588,9341.821,5.076,4502.925,2.447,1854.26,1.007,1598.235,0.868,-9284.778,-5.045
07/11/2024,2024-11-07,84,[19:45-20:00[,2024-11-07 19:45,1840.541,7876.093,4.279,-1082.54,-0.588,9341.821,5.076,4502.925,2.447,1854.26,1.007,1572.523,0.854,-8312.897,-4.517
07/11/2024,2024-11-07,85,[20:00-20:15[,2024-11-07 20:00,1780.296,10758.474,6.043,-698.36,-0.392,9341.821,5.247,,,1793.22,1.007,1406.383,0.79,-1084.59,-0.609
07/11/2024,2024-11-07,86,[20:15-20:30[,2024-11-07 20:15,1780.296,5171.372,2.905,-698.36,-0.392,9341.821,5.247,,,1793.22,1.007,1357.865,0.763,-6623.175,-3.72
07/11/2024,2024-11-07,87,[20:30-20:45[,2024-11-07 20:30,1780.296,1866.034,1.048,-698.36,-0.392,9341.821,5.247,,,1793.22,1.007,1347.396,0.757,-9918.043,-5.571
07/11/2024,2024-11-07,88,[20:45-21:00[,2024-11-07 20:45,1780.296,1182.137,0.664,-698.36,-0.392,9341.821,5.247,,,1793.22,1.007,1326.14,0.745,-10580.685,-5.943
07/11/2024,2024-11-07,89,[21:00-21:15[,2024-11-07 21:00,1663.576,9315.544,5.6,-410,-0.246,4028.75,2.422,,,2161.45,1.299,1677.073,1.008,1858.271,1.117
07/11/2024,2024-11-07,90,[21:15-21:30[,2024-11-07 21:15,1663.576,3431.215,2.063,-410,-0.246,4028.75,2.422,,,2161.45,1.299,1668.756,1.003,-4017.741,-2.415
07/11/2024,2024-11-07,91,[21:30-21:45[,2024-11-07 21:30,1663.576,48.249,0.029,-410,-0.246,4028.75,2.422,,,2161.45,1.299,1673.257,1.006,-7405.208,-4.451
07/11/2024,2024-11-07,92,[21:45-22:00[,2024-11-07 21:45,1663.576,-2290.819,-1.377,-410,-0.246,4028.75,2.422,,,2161.45,1.299,1649.527,0.992,-9720.546,-5.843
07/11/2024,2024-11-07,93,[22:00-22:15[,2024-11-07 22:00,1528.79,8480.058,5.547,-122.243,-0.08,,,,,2392.95,1.565,1748.353,1.144,4460.997,2.918
07/11/2024,2024-11-07,94,[22:15-22:30[,2024-11-07 22:15,1528.79,1172.792,0.767,-122.243,-0.08,,,,,2392.95,1.565,1756.03,1.149,-2853.946,-1.867
07/11/2024,2024-11-07,95,[22:30-22:45[,2024-11-07 22:30,1528.79,1065.564,0.697,-122.243,-0.08,,,,,2392.95,1.565,1797.699,1.176,-3002.843,-1.964
07/11/2024,2024-11-07,96,[22:45-23:00[,2024-11-07 22:45,1528.79,-131.378,-0.086,-122.243,-0.08,,,,,2392.95,1.565,1801.306,1.178,-4203.392,-2.749
08/11/2024,2024-11-08,1,[23:00-23:15[,2024-11-07 23:00,1382.609,15240.499,11.023,1924.632,1.392,,,,,4814.1,3.482,1923.83,1.391,6577.937,4.758
08/11/2024,2024-11-08,2,[23:15-23:30[,2024-11-07 23:15,1382.609,10142.586,7.336,1924.632,1.392,,,,,4814.1,3.482,1924.552,1.392,1479.302,1.07
08/11/2024,2024-11-08,3,[23:30-23:45[,2024-11-07 23:30,1382.609,4137.423,2.992,1924.632,1.392,,,,,4814.1,3.482,1902.365,1.376,-4503.674,-3.257
08/11/2024,2024-11-08,4,[23:45-00:00[,2024-11-07 23:45,1382.609,7071.866,5.115,1924.632,1.392,,,,,4814.1,3.482,1915.53,1.385,-1582.396,-1.144
08/11/2024,2024-11-08,5,[00:00-00:15[,2024-11-08 00:00,1276.312,7337.389,5.749,1918.775,1.503,,,,,4814.1,3.772,1890.082,1.481,-1285.568,-1.007
08/11/2024,2024-11-08,6,[00:15-00:30[,2024-11-08 00:15,1276.312,4525.786,3.546,1918.775,1.503,,,,,4814.1,3.772,1913.648,1.499,-4120.737,-3.229
08/11/2024,2024-11-08,7,[00:30-00:45[,2024-11-08 00:30,1276.312,8392.748,6.576,1918.775,1.503,,,,,4814.1,3.772,1934.116,1.515,-274.243,-0.215
08/11/2024,2024-11-08,8,[00:45-01:00[,2024-11-08 00:45,1276.312,10024.387,7.854,1918.775,1.503,,,,,4814.1,3.772,1934.116,1.515,1357.396,1.064
08/11/2024,2024-11-08,9,[01:00-01:15[,2024-11-08 01:00,1202.24,14571.305,12.12,2386.065,1.985,,,,,4368.35,3.634,1934.116,1.609,5882.773,4.893
08/11/2024,2024-11-08,10,[01:15-01:30[,2024-11-08 01:15,1202.24,6320.501,5.257,2386.065,1.985,,,,,4368.35,3.634,1814.222,1.509,-2248.136,-1.87
08/11/2024,2024-11-08,11,[01:30-01:45[,2024-11-08 01:30,1202.24,15522.549,12.911,2386.065,1.985,,,,,4368.35,3.634,1753.744,1.459,7014.39,5.834
08/11/2024,2024-11-08,12,[01:45-02:00[,2024-11-08 01:45,1202.24,13818.522,11.494,2386.065,1.985,,,,,4368.35,3.634,1874.7,1.559,5189.407,4.316
08/11/2024,2024-11-08,13,[02:00-02:15[,2024-11-08 02:00,1157.705,6487.004,5.603,2386.065,2.061,,,,,4065.24,3.511,1881.391,1.625,-1845.693,-1.594
08/11/2024,2024-11-08,14,[02:15-02:30[,2024-11-08 02:15,1157.705,6293.613,5.436,2386.065,2.061,,,,,4065.24,3.511,1874.802,1.619,-2032.494,-1.756
08/11/2024,2024-11-08,15,[02:30-02:45[,2024-11-08 02:30,1157.705,7933.533,6.853,2386.065,2.061,,,,,4065.24,3.511,1877.635,1.622,-395.407,-0.342
08/11/2024,2024-11-08,16,[02:45-03:00[,2024-11-08 02:45,1157.705,8316.623,7.184,2386.065,2.061,,,,,4065.24,3.511,1883.301,1.627,-17.983,-0.016
08/11/2024,2024-11-08,17,[03:00-03:15[,2024-11-08 03:00,1132.537,9287.663,8.201,2385.84,2.107,,,,,4065.24,3.589,1832.812,1.618,1003.77,0.886
08/11/2024,2024-11-08,18,[03:15-03:30[,2024-11-08 03:15,1132.537,7935.555,7.007,2385.84,2.107,,,,,4065.24,3.589,1682.844,1.486,-198.369,-0.175
08/11/2024,2024-11-08,19,[03:30-03:45[,2024-11-08 03:30,1132.537,6775.973,5.983,2385.84,2.107,,,,,4065.24,3.589,1718.442,1.517,-1393.549,-1.23
08/11/2024,2024-11-08,20,[03:45-04:00[,2024-11-08 03:45,1132.537,5023.294,4.435,2385.84,2.107,,,,,4065.24,3.589,1833.534,1.619,-3261.32,-2.88
08/11/2024,2024-11-08,21,[04:00-04:15[,2024-11-08 04:00,1127.887,4687.259,4.156,2170.913,1.925,,,,,4065.24,3.604,1860.529,1.65,-3409.424,-3.023
08/11/2024,2024-11-08,22,[04:15-04:30[,2024-11-08 04:15,1127.887,5430.907,4.815,2170.913,1.925,,,,,4065.24,3.604,1882.579,1.669,-2687.825,-2.383
08/11/2024,2024-11-08,23,[04:30-04:45[,2024-11-08 04:30,1127.887,10732.244,9.515,2170.913,1.925,,,,,4065.24,3.604,1843.246,1.634,2652.845,2.352
08/11/2024,2024-11-08,24,[04:45-05:00[,2024-11-08 04:45,1127.887,11549.05,10.24,2170.913,1.925,,,,,4065.24,3.604,1877.78,1.665,3435.116,3.046
08/11/2024,2024-11-08,25,[05:00-05:15[,2024-11-08 05:00,1153.508,2301.431,1.995,1001.93,0.869,,,,,4065.24,3.524,1881.75,1.631,-4647.489,-4.029
08/11/2024,2024-11-08,26,[05:15-05:30[,2024-11-08 05:15,1153.508,5701.012,4.942,1001.93,0.869,,,,,4065.24,3.524,1858.729,1.611,-1224.887,-1.062
08/11/2024,2024-11-08,27,[05:30-05:45[,2024-11-08 05:30,1153.508,8483.294,7.354,1001.93,0.869,,,,,4065.24,3.524,1807.66,1.567,1608.464,1.394
08/11/2024,2024-11-08,28,[05:45-06:00[,2024-11-08 05:45,1153.508,20968.699,18.178,1001.93,0.869,,,,,4065.24,3.524,1831.009,1.587,14070.52,12.198
08/11/2024,2024-11-08,29,[06:00-06:15[,2024-11-08 06:00,1257.319,-1901.342,-1.512,-1057.753,-0.841,,,,,5188.53,4.127,1831.733,1.457,-7863.853,-6.254
08/11/2024,2024-11-08,30,[06:15-06:30[,2024-11-08 06:15,1257.319,3810.99,3.031,-1057.753,-0.841,,,,,5188.53,4.127,1837.415,1.461,-2157.203,-1.716
08/11/2024,2024-11-08,31,[06:30-06:45[,2024-11-08 06:30,1257.319,8934.781,7.106,-1057.753,-0.841,,,,,5188.53,4.127,1871.973,1.489,2932.031,2.332
08/11/2024,2024-11-08,32,[06:45-07:00[,2024-11-08 06:45,1257.319,16594.603,13.198,-1057.753,-0.841,,,,,5188.53,4.127,1891.688,1.505,10572.138,8.408
08/11/2024,2024-11-08,33,[07:00-07:15[,2024-11-08 07:00,1420.548,-7623.162,-5.366,-1450.775,-1.021,,,,,5491.64,3.866,1893.186,1.333,-13557.213,-9.544
08/11/2024,2024-11-08,34,[07:15-07:30[,2024-11-08 07:15,1420.548,-737.505,-0.519,-1450.775,-1.021,,,,,5491.64,3.866,1878.814,1.323,-6657.184,-4.686
08/11/2024,2024-11-08,35,[07:30-07:45[,2024-11-08 07:30,1420.548,10203.89,7.183,-1450.775,-1.021,,,,,5491.64,3.866,1902.39,1.339,4260.635,2.999
08/11/2024,2024-11-08,36,[07:45-08:00[,2024-11-08 07:45,1420.548,12244.872,8.62,-1450.775,-1.021,,,,,5491.64,3.866,1905.943,1.342,6298.064,4.434
08/11/2024,2024-11-08,37,[08:00-08:15[,2024-11-08 08:00,1621.683,-4028.678,-2.484,-908.411,-0.56,,,,,3034.46,1.871,1825.26,1.126,-7979.988,-4.921
08/11/2024,2024-11-08,38,[08:15-08:30[,2024-11-08 08:15,1621.683,2451.951,1.512,-908.411,-0.56,,,,,3034.46,1.871,1871.695,1.154,-1545.794,-0.953
08/11/2024,2024-11-08,39,[08:30-08:45[,2024-11-08 08:30,1621.683,7889.449,4.865,-908.411,-0.56,,,,,3034.46,1.871,1882.353,1.161,3881.046,2.393
08/11/2024,2024-11-08,40,[08:45-09:00[,2024-11-08 08:45,1621.683,4437.571,2.736,-908.411,-0.56,,,,,3034.46,1.871,1875.248,1.156,436.274,0.269
08/11/2024,2024-11-08,41,[09:00-09:15[,2024-11-08 09:00,1665.947,13774.075,8.268,7342.388,4.407,,,,,4368.35,2.622,1621.803,0.974,441.534,0.265
08/11/2024,2024-11-08,42,[09:15-09:30[,2024-11-08 09:15,1665.947,18555.302,11.138,7342.388,4.407,,,,,4368.35,2.622,1495.398,0.898,5349.166,3.211
08/11/2024,2024-11-08,43,[09:30-09:45[,2024-11-08 09:30,1665.947,15080.169,9.052,7342.388,4.407,,,,,4368.35,2.622,1540.876,0.925,1828.554,1.098
08/11/2024,2024-11-08,44,[09:45-10:00[,2024-11-08 09:45,1665.947,11484.958,6.894,7342.388,4.407,,,,,4368.35,2.622,1523.513,0.915,-1749.293,-1.05
08/11/2024,2024-11-08,45,[10:00-10:15[,2024-11-08 10:00,1632.444,25410.192,15.566,8990.126,5.507,,,5613.893,3.439,6153.953,3.77,1555.26,0.953,3096.961,1.897
08/11/2024,2024-11-08,46,[10:15-10:30[,2024-11-08 10:15,1632.444,15727.912,9.635,8990.126,5.507,,,5613.893,3.439,6153.953,3.77,1588.99,0.973,-6619.049,-4.055
08/11/2024,2024-11-08,47,[10:30-10:45[,2024-11-08 10:30,1632.444,11048.191,6.768,8990.126,5.507,,,5613.893,3.439,6153.953,3.77,1556.533,0.953,-11266.312,-6.901
08/11/2024,2024-11-08,48,[10:45-11:00[,2024-11-08 10:45,1632.444,10858.895,6.652,8990.126,5.507,,,5341.208,3.272,6153.953,3.77,1595.504,0.977,-11221.895,-6.874
08/11/2024,2024-11-08,49,[11:00-11:15[,2024-11-08 11:00,1670.933,15063.88,9.015,9695.074,5.802,,,5370.623,3.214,5601.51,3.352,1609.144,0.963,-7212.471,-4.316
08/11/2024,2024-11-08,50,[11:15-11:30[,2024-11-08 11:15,1670.933,11503.733,6.885,9695.074,5.802,,,5348.363,3.201,5601.51,3.352,1572.774,0.941,-10713.988,-6.412
08/11/2024,2024-11-08,51,[11:30-11:45[,2024-11-08 11:30,1670.933,18036.47,10.794,9695.074,5.802,,,5348.363,3.201,5601.51,3.352,1579.756,0.945,-4188.232,-2.507
08/11/2024,2024-11-08,52,[11:45-12:00[,2024-11-08 11:45,1670.933,22564.418,13.504,9695.074,5.802,,,5348.363,3.201,5601.51,3.352,1709.214,1.023,210.257,0.126
08/11/2024,2024-11-08,53,[12:00-12:15[,2024-11-08 12:00,1638.203,14473.043,8.835,9657.85,5.895,,,5132.123,3.133,5610.075,3.425,1781.906,1.088,-7708.911,-4.706
08/11/2024,2024-11-08,54,[12:15-12:30[,2024-11-08 12:15,1638.203,18075.749,11.034,9657.85,5.895,,,5132.123,3.133,5610.075,3.425,1760.337,1.075,-4084.636,-2.493
08/11/2024,2024-11-08,55,[12:30-12:45[,2024-11-08 12:30,1638.203,15681.332,9.572,9657.85,5.895,,,5101.118,3.114,5610.075,3.425,1768.11,1.079,-6455.821,-3.941
08/11/2024,2024-11-08,56,[12:45-13:00[,2024-11-08 12:45,1638.203,14349.097,8.759,9657.85,5.895,,,5132.123,3.133,5610.075,3.425,1672.797,1.021,-7723.747,-4.715
08/11/2024,2024-11-08,57,[13:00-13:15[,2024-11-08 13:00,1607.98,14746.993,9.171,8145.791,5.066,,,5666.363,3.524,5588.663,3.476,1652.541,1.028,-6306.364,-3.922
08/11/2024,2024-11-08,58,[13:15-13:30[,2024-11-08 13:15,1607.98,14138.168,8.793,8145.791,5.066,,,5666.363,3.524,5588.663,3.476,1531.638,0.953,-6794.286,-4.225
08/11/2024,2024-11-08,59,[13:30-13:45[,2024-11-08 13:30,1607.98,17762.656,11.047,8145.791,5.066,,,5383.74,3.348,5588.663,3.476,1560.726,0.971,-2916.264,-1.814
08/11/2024,2024-11-08,60,[13:45-14:00[,2024-11-08 13:45,1607.98,16700.805,10.386,8145.791,5.066,,,5383.74,3.348,5588.663,3.476,1672.569,1.04,-4089.957,-2.544
08/11/2024,2024-11-08,61,[14:00-14:15[,2024-11-08 14:00,1668.569,10731.954,6.432,5310.533,3.183,,,5184.593,3.107,10916.093,6.542,1717.926,1.03,-12397.19,-7.43
08/11/2024,2024-11-08,62,[14:15-14:30[,2024-11-08 14:15,1668.569,14608.214,8.755,5310.533,3.183,,,5184.593,3.107,10916.093,6.542,1720.694,1.031,-8523.699,-5.108
08/11/2024,2024-11-08,63,[14:30-14:45[,2024-11-08 14:30,1668.569,18256.03,10.941,5310.533,3.183,,,5542.74,3.322,10916.093,6.542,1677.812,1.006,-5191.148,-3.111
08/11/2024,2024-11-08,64,[14:45-15:00[,2024-11-08 14:45,1668.569,25796.343,15.46,5310.533,3.183,,,5542.74,3.322,10916.093,6.542,1692.211,1.014,2334.766,1.399
08/11/2024,2024-11-08,65,[15:00-15:15[,2024-11-08 15:00,1680.585,-4954.793,-2.948,-1127.403,-0.671,,,,,5438.15,3.236,1709.678,1.017,-10975.219,-6.531
08/11/2024,2024-11-08,66,[15:15-15:30[,2024-11-08 15:15,1680.585,3669.326,2.183,-1127.403,-0.671,,,,,5438.15,3.236,1696.837,1.01,-2338.259,-1.391
08/11/2024,2024-11-08,67,[15:30-15:45[,2024-11-08 15:30,1680.585,5025.253,2.99,-1127.403,-0.671,,,,,5438.15,3.236,1678.685,0.999,-964.179,-0.574
08/11/2024,2024-11-08,68,[15:45-16:00[,2024-11-08 15:45,1680.585,12088.23,7.193,-1127.403,-0.671,,,,,5438.15,3.236,1785.227,1.062,5992.255,3.566
08/11/2024,2024-11-08,69,[16:00-16:15[,2024-11-08 16:00,1703.65,-16001.44,-9.392,-1401.753,-0.823,,,,,5723.43,3.36,1834.899,1.077,-22158.017,-13.006
08/11/2024,2024-11-08,70,[16:15-16:30[,2024-11-08 16:15,1703.65,-5769.043,-3.386,-1401.753,-0.823,,,,,5723.43,3.36,1781.346,1.046,-11872.066,-6.969
08/11/2024,2024-11-08,71,[16:30-16:45[,2024-11-08 16:30,1703.65,4590.973,2.695,-1401.753,-0.823,,,,,5723.43,3.36,1813.261,1.064,-1543.965,-0.906
08/11/2024,2024-11-08,72,[16:45-17:00[,2024-11-08 16:45,1703.65,33775.775,19.826,-1401.753,-0.823,,,,,5723.43,3.36,1838.867,1.079,27615.23,16.209
08/11/2024,2024-11-08,73,[17:00-17:15[,2024-11-08 17:00,1710.409,-800004.333,-467.727,-1588.469,-0.929,,,,,3210.586,1.877,4747.2,2.775,-806373.65,-471.451
08/11/2024,2024-11-08,74,[17:15-17:30[,2024-11-08 17:15,1710.409,732409.512,428.207,-1588.469,-0.929,,,,,3210.586,1.877,4747.2,2.775,726040.195,424.483
08/11/2024,2024-11-08,75,[17:30-17:45[,2024-11-08 17:30,1710.409,-725095.213,-423.931,-1588.469,-0.929,,,,,3210.586,1.877,4747.2,2.775,-731464.53,-427.655
08/11/2024,2024-11-08,76,[17:45-18:00[,2024-11-08 17:45,1710.409,809997.804,473.57,-1588.469,-0.929,,,,,3210.586,1.877,4488.278,2.624,803887.409,469.997
08/11/2024,2024-11-08,77,[18:00-18:15[,2024-11-08 18:00,1777.585,4324.116,2.433,-1688.618,-0.95,,,,,3342.15,1.88,4503.796,2.534,-1833.212,-1.031
08/11/2024,2024-11-08,78,[18:15-18:30[,2024-11-08 18:15,1777.585,3776.062,2.124,-1688.618,-0.95,,,,,3342.15,1.88,774.311,0.436,1348.218,0.758
08/11/2024,2024-11-08,79,[18:30-18:45[,2024-11-08 18:30,1777.585,3025.805,1.702,-1688.618,-0.95,,,,,3342.15,1.88,904.424,0.509,467.848,0.263
08/11/2024,2024-11-08,80,[18:45-19:00[,2024-11-08 18:45,1777.585,968.406,0.545,-1688.618,-0.95,,,,,3342.15,1.88,985.156,0.554,-1670.283,-0.94
08/11/2024,2024-11-08,81,[19:00-19:15[,2024-11-08 19:00,1801.814,4880.299,2.709,-1688.618,-0.937,,,,,2907.14,1.613,1264.923,0.702,2396.854,1.33
08/11/2024,2024-11-08,82,[19:15-19:30[,2024-11-08 19:15,1801.814,3873.434,2.15,-1688.618,-0.937,,,,,2907.14,1.613,1285.564,0.713,1369.347,0.76
08/11/2024,2024-11-08,83,[19:30-19:45[,2024-11-08 19:30,1801.814,3166.366,1.757,-1688.618,-0.937,,,,,2907.14,1.613,1338.352,0.743,609.491,0.338
08/11/2024,2024-11-08,84,[19:45-20:00[,2024-11-08 19:45,1801.814,7952.986,4.414,-1688.618,-0.937,,,,,2907.14,1.613,1349.858,0.749,5384.606,2.988
08/11/2024,2024-11-08,85,[20:00-20:15[,2024-11-08 20:00,1745.529,7379.751,4.228,-1585.493,-0.908,,,,,3087.51,1.769,1383.257,0.792,4494.476,2.575
08/11/2024,2024-11-08,86,[20:15-20:30[,2024-11-08 20:15,1745.529,6646.053,3.807,-1585.493,-0.908,,,,,3087.51,1.769,1383.628,0.793,3760.407,2.154
08/11/2024,2024-11-08,87,[20:30-20:45[,2024-11-08 20:30,1745.529,4271.798,2.447,-1585.493,-0.908,,,,,3087.51,1.769,1459.054,0.836,1310.726,0.751
08/11/2024,2024-11-08,88,[20:45-21:00[,2024-11-08 20:45,1745.529,1119.458,0.641,-1585.493,-0.908,,,,,3087.51,1.769,1590.624,0.911,-1973.183,-1.13
08/11/2024,2024-11-08,89,[21:00-21:15[,2024-11-08 21:00,1637.717,9096.75,5.555,-1048.253,-0.64,,,,,3320.93,2.028,1843.422,1.126,4980.651,3.041
08/11/2024,2024-11-08,90,[21:15-21:30[,2024-11-08 21:15,1637.717,5249.121,3.205,-1048.253,-0.64,,,,,3320.93,2.028,1846.56,1.128,1129.883,0.69
08/11/2024,2024-11-08,91,[21:30-21:45[,2024-11-08 21:30,1637.717,-525.334,-0.321,-1048.253,-0.64,,,,,3320.93,2.028,1776.034,1.084,-4574.045,-2.793
08/11/2024,2024-11-08,92,[21:45-22:00[,2024-11-08 21:45,1637.717,-305.958,-0.187,-1048.253,-0.64,,,,,3320.93,2.028,1856.764,1.134,-4435.399,-2.708
08/11/2024,2024-11-08,93,[22:00-22:15[,2024-11-08 22:00,1512.301,9073.963,6,-694.263,-0.459,,,,,3533.13,2.336,1816.759,1.201,4418.336,2.922
08/11/2024,2024-11-08,94,[22:15-22:30[,2024-11-08 22:15,1512.301,6145.559,4.064,-694.263,-0.459,,,,,3533.13,2.336,1804.659,1.193,1502.033,0.993
08/11/2024,2024-11-08,95,[22:30-22:45[,2024-11-08 22:30,1512.301,2679.198,1.772,-694.263,-0.459,,,,,3533.13,2.336,1801.662,1.191,-1961.332,-1.297
08/11/2024,2024-11-08,96,[22:45-23:00[,2024-11-08 22:45,1512.301,-2462.427,-1.628,-694.263,-0.459,,,,,3533.13,2.336,1797.924,1.189,-7099.219,-4.694
09/11/2024,2024-11-09,1,[23:00-23:15[,2024-11-08 23:00,1402.715,15529.299,11.071,222.915,0.159,,,8049.425,5.738,6430.59,4.584,2909.553,2.074,-2083.184,-1.485
09/11/2024,2024-11-09,2,[23:15-23:30[,2024-11-08 23:15,1402.715,12432.208,8.863,222.915,0.159,,,8049.425,5.738,6430.59,4.584,3106.906,2.215,-5377.628,-3.834
09/11/2024,2024-11-09,3,[23:30-23:45[,2024-11-08 23:30,1402.715,12845.676,9.158,222.915,0.159,,,8049.425,5.738,6430.59,4.584,3085.443,2.2,-4942.697,-3.524
09/11/2024,2024-11-09,4,[23:45-00:00[,2024-11-08 23:45,1402.715,10137.582,7.227,222.915,0.159,,,8049.425,5.738,6430.59,4.584,2927.304,2.087,-7492.652,-5.342
09/11/2024,2024-11-09,5,[00:00-00:15[,2024-11-09 00:00,1303.917,15122.118,11.597,475.928,0.365,,,7349.475,5.636,5937.34,4.553,4379.006,3.358,-3019.63,-2.316
09/11/2024,2024-11-09,6,[00:15-00:30[,2024-11-09 00:15,1303.917,20036.959,15.367,475.928,0.365,,,7349.475,5.636,5937.34,4.553,4378.432,3.358,1895.785,1.454
09/11/2024,2024-11-09,7,[00:30-00:45[,2024-11-09 00:30,1303.917,22216.618,17.038,475.928,0.365,,,7349.475,5.636,5937.34,4.553,4198.075,3.22,4255.8,3.264
09/11/2024,2024-11-09,8,[00:45-01:00[,2024-11-09 00:45,1303.917,18518.577,14.202,475.928,0.365,,,7349.475,5.636,5937.34,4.553,3623.496,2.779,1132.338,0.868
09/11/2024,2024-11-09,9,[01:00-01:15[,2024-11-09 01:00,1222.12,15580.109,12.748,2929.022,2.397,,,6999.5,5.727,5229.975,4.279,3144.056,2.573,-2722.444,-2.228
09/11/2024,2024-11-09,10,[01:15-01:30[,2024-11-09 01:15,1222.12,18262.877,14.944,2929.022,2.397,,,6999.5,5.727,5229.975,4.279,4372.811,3.578,-1268.432,-1.038
09/11/2024,2024-11-09,11,[01:30-01:45[,2024-11-09 01:30,1222.12,15277.18,12.501,2929.022,2.397,,,6999.5,5.727,5229.975,4.279,4366.309,3.573,-4247.626,-3.476
09/11/2024,2024-11-09,12,[01:45-02:00[,2024-11-09 01:45,1222.12,10552.136,8.634,2929.022,2.397,,,6999.5,5.727,5229.975,4.279,3988.615,3.264,-8594.976,-7.033
09/11/2024,2024-11-09,13,[02:00-02:15[,2024-11-09 02:00,1170.492,5128.041,4.381,2945.425,2.516,,,,,4481.4,3.829,3954.672,3.379,-6253.456,-5.343
09/11/2024,2024-11-09,14,[02:15-02:30[,2024-11-09 02:15,1170.492,16418.597,14.027,2945.425,2.516,,,,,4481.4,3.829,4329.087,3.699,4662.686,3.984
09/11/2024,2024-11-09,15,[02:30-02:45[,2024-11-09 02:30,1170.492,13187.423,11.267,2945.425,2.516,,,,,4481.4,3.829,4267.793,3.646,1492.805,1.275
09/11/2024,2024-11-09,16,[02:45-03:00[,2024-11-09 02:45,1170.492,10341.701,8.835,2945.425,2.516,,,,,4481.4,3.829,4043.704,3.455,-1128.828,-0.964
09/11/2024,2024-11-09,17,[03:00-03:15[,2024-11-09 03:00,1138.701,16117.703,14.154,3041.838,2.671,,,,,4376.9,3.844,4064.405,3.569,4634.56,4.07
09/11/2024,2024-11-09,18,[03:15-03:30[,2024-11-09 03:15,1138.701,13768.578,12.091,3041.838,2.671,,,,,4376.9,3.844,4320.109,3.794,2029.731,1.782
09/11/2024,2024-11-09,19,[03:30-03:45[,2024-11-09 03:30,1138.701,6978.463,6.128,3041.838,2.671,,,,,4376.9,3.844,3578.326,3.142,-4018.601,-3.529
09/11/2024,2024-11-09,20,[03:45-04:00[,2024-11-09 03:45,1138.701,5736.578,5.038,3041.838,2.671,,,,,4376.9,3.844,3469.639,3.047,-5151.798,-4.524
09/11/2024,2024-11-09,21,[04:00-04:15[,2024-11-09 04:00,1119.013,10163.069,9.082,2930.428,2.619,,,,,4404.4,3.936,4250.302,3.798,-1422.06,-1.271
09/11/2024,2024-11-09,22,[04:15-04:30[,2024-11-09 04:15,1119.013,10361.115,9.259,2930.428,2.619,,,,,4404.4,3.936,4160.1,3.718,-1133.813,-1.013
09/11/2024,2024-11-09,23,[04:30-04:45[,2024-11-09 04:30,1119.013,10799.014,9.65,2930.428,2.619,,,,,4404.4,3.936,3629.44,3.243,-165.253,-0.148
09/11/2024,2024-11-09,24,[04:45-05:00[,2024-11-09 04:45,1119.013,11543.311,10.316,2930.428,2.619,,,,,4404.4,3.936,3166.881,2.83,1041.602,0.931
09/11/2024,2024-11-09,25,[05:00-05:15[,2024-11-09 05:00,1120.695,11231.687,10.022,3225.403,2.878,,,,,5135.444,4.582,4144.664,3.698,-1273.822,-1.137
09/11/2024,2024-11-09,26,[05:15-05:30[,2024-11-09 05:15,1120.695,13344.147,11.907,3225.403,2.878,,,,,5135.444,4.582,4322.003,3.857,661.298,0.59
09/11/2024,2024-11-09,27,[05:30-05:45[,2024-11-09 05:30,1120.695,15169.994,13.536,3225.403,2.878,,,,,5135.444,4.582,4320.157,3.855,2488.991,2.221
09/11/2024,2024-11-09,28,[05:45-06:00[,2024-11-09 05:45,1120.695,12072.643,10.772,3225.403,2.878,,,,,5135.444,4.582,2798.117,2.497,913.68,0.815
09/11/2024,2024-11-09,29,[06:00-06:15[,2024-11-09 06:00,1164.193,14061.478,12.078,3581.684,3.077,,,6344.42,5.45,4985.288,4.282,4347.48,3.734,-5197.393,-4.464
09/11/2024,2024-11-09,30,[06:15-06:30[,2024-11-09 06:15,1164.193,12263.36,10.534,3581.684,3.077,,,3677.544,3.159,4985.288,4.282,4355.751,3.741,-4336.906,-3.725
09/11/2024,2024-11-09,31,[06:30-06:45[,2024-11-09 06:30,1164.193,14858.496,12.763,3581.684,3.077,,,3677.544,3.159,4985.288,4.282,4333.575,3.722,-1719.594,-1.477
09/11/2024,2024-11-09,32,[06:45-07:00[,2024-11-09 06:45,1164.193,15084.062,12.957,3581.684,3.077,,,3677.544,3.159,4985.288,4.282,4327.802,3.717,-1488.256,-1.278
09/11/2024,2024-11-09,33,[07:00-07:15[,2024-11-09 07:00,1203.306,4017.407,3.339,177.993,0.148,,,,,2342.64,1.947,3863.077,3.21,-2366.302,-1.967
09/11/2024,2024-11-09,34,[07:15-07:30[,2024-11-09 07:15,1203.306,8079.16,6.714,177.993,0.148,,,,,2342.64,1.947,4359.236,3.623,1199.292,0.997
09/11/2024,2024-11-09,35,[07:30-07:45[,2024-11-09 07:30,1203.306,5895.77,4.9,177.993,0.148,,,,,2342.64,1.947,3591.033,2.984,-215.895,-0.179
09/11/2024,2024-11-09,36,[07:45-08:00[,2024-11-09 07:45,1203.306,6635.321,5.514,177.993,0.148,,,,,2342.64,1.947,4128.359,3.431,-13.671,-0.011
09/11/2024,2024-11-09,37,[08:00-08:15[,2024-11-09 08:00,1284.249,11181.401,8.707,698.815,0.544,,,-210,-0.164,2622.491,2.042,4339.992,3.379,3730.103,2.905
09/11/2024,2024-11-09,38,[08:15-08:30[,2024-11-09 08:15,1284.249,8724.584,6.794,698.815,0.544,,,-210,-0.164,2622.491,2.042,4088.77,3.184,1524.508,1.187
09/11/2024,2024-11-09,39,[08:30-08:45[,2024-11-09 08:30,1284.249,7681.97,5.982,698.815,0.544,,,-210,-0.164,2622.491,2.042,4092.74,3.187,477.924,0.372
09/11/2024,2024-11-09,40,[08:45-09:00[,2024-11-09 08:45,1284.249,5033.865,3.92,698.815,0.544,,,-210,-0.164,2622.491,2.042,4092.781,3.187,-2170.223,-1.69
09/11/2024,2024-11-09,41,[09:00-09:15[,2024-11-09 09:00,1319.418,20152.171,15.274,3412.797,2.587,,,8473.35,6.422,3439.223,2.607,4140.708,3.138,686.094,0.52
09/11/2024,2024-11-09,42,[09:15-09:30[,2024-11-09 09:15,1319.418,9967.749,7.555,3412.797,2.587,,,8520.6,6.458,3439.223,2.607,3346.991,2.537,-8751.862,-6.633
09/11/2024,2024-11-09,43,[09:30-09:45[,2024-11-09 09:30,1319.418,7226.834,5.477,3412.797,2.587,,,8459.4,6.411,3439.223,2.607,4116.607,3.12,-12201.192,-9.247
09/11/2024,2024-11-09,44,[09:45-10:00[,2024-11-09 09:45,1319.418,6885.473,5.219,3412.797,2.587,,,8399.4,6.366,3439.223,2.607,4174.958,3.164,-12540.904,-9.505
09/11/2024,2024-11-09,45,[10:00-10:15[,2024-11-09 10:00,1308.691,14564.773,11.129,3200.722,2.446,,,8941.2,6.832,4528.535,3.46,3566.74,2.725,-5672.423,-4.334
09/11/2024,2024-11-09,46,[10:15-10:30[,2024-11-09 10:15,1308.691,11580.37,8.849,3200.722,2.446,,,8399.4,6.418,4528.535,3.46,3653.488,2.792,-8201.774,-6.267
09/11/2024,2024-11-09,47,[10:30-10:45[,2024-11-09 10:30,1308.691,12933.445,9.883,3200.722,2.446,,,8399.4,6.418,4528.535,3.46,4116.417,3.145,-7311.629,-5.587
09/11/2024,2024-11-09,48,[10:45-11:00[,2024-11-09 10:45,1308.691,9842.895,7.521,3200.722,2.446,,,8399.4,6.418,4528.535,3.46,4146.243,3.168,-10432.005,-7.971
09/11/2024,2024-11-09,49,[11:00-11:15[,2024-11-09 11:00,1315.129,10433.471,7.933,2664.567,2.026,,,-674.663,-0.513,5071.5,3.856,3214.488,2.444,157.579,0.12
09/11/2024,2024-11-09,50,[11:15-11:30[,2024-11-09 11:15,1315.129,10882.935,8.275,2664.567,2.026,,,-674.663,-0.513,5071.5,3.856,4137.496,3.146,-315.965,-0.24
09/11/2024,2024-11-09,51,[11:30-11:45[,2024-11-09 11:30,1315.129,12691.326,9.65,2664.567,2.026,,,-674.663,-0.513,5071.5,3.856,4134.352,3.144,1495.57,1.137
09/11/2024,2024-11-09,52,[11:45-12:00[,2024-11-09 11:45,1315.129,11776.456,8.955,2664.567,2.026,,,-674.663,-0.513,5071.5,3.856,3641.694,2.769,1073.358,0.816
09/11/2024,2024-11-09,53,[12:00-12:15[,2024-11-09 12:00,1345.129,14081.295,10.468,2652.955,1.972,,,-1802.85,-1.34,4553.92,3.385,3953.106,2.939,4724.164,3.512
09/11/2024,2024-11-09,54,[12:15-12:30[,2024-11-09 12:15,1345.129,11371.342,8.454,2652.955,1.972,,,-1802.85,-1.34,4553.92,3.385,3802.963,2.827,2164.354,1.609
09/11/2024,2024-11-09,55,[12:30-12:45[,2024-11-09 12:30,1345.129,12317.07,9.157,2652.955,1.972,,,-1802.85,-1.34,4553.92,3.385,3957.925,2.942,2955.12,2.197
09/11/2024,2024-11-09,56,[12:45-13:00[,2024-11-09 12:45,1345.129,13679.526,10.17,2652.955,1.972,,,-1802.85,-1.34,4553.92,3.385,4002.301,2.975,4273.2,3.177
09/11/2024,2024-11-09,57,[13:00-13:15[,2024-11-09 13:00,1313.16,16165.177,12.31,2423.593,1.846,,,-4249.15,-3.236,4394.32,3.346,3751.867,2.857,9844.547,7.497
09/11/2024,2024-11-09,58,[13:15-13:30[,2024-11-09 13:15,1313.16,15839.647,12.062,2423.593,1.846,,,-4249.15,-3.236,4394.32,3.346,4039.007,3.076,9231.877,7.03
09/11/2024,2024-11-09,59,[13:30-13:45[,2024-11-09 13:30,1313.16,14590.328,11.111,2423.593,1.846,,,-4249.15,-3.236,4394.32,3.346,4047.718,3.082,7973.847,6.072
09/11/2024,2024-11-09,60,[13:45-14:00[,2024-11-09 13:45,1313.16,14145.411,10.772,2423.593,1.846,,,-4249.15,-3.236,4394.32,3.346,3974.083,3.026,7602.566,5.79
09/11/2024,2024-11-09,61,[14:00-14:15[,2024-11-09 14:00,1312.359,14250.087,10.858,2254.223,1.718,,,-4249.15,-3.238,3786.51,2.885,4079.989,3.109,8378.515,6.384
09/11/2024,2024-11-09,62,[14:15-14:30[,2024-11-09 14:15,1312.359,15400.897,11.735,2254.223,1.718,,,-4249.15,-3.238,3786.51,2.885,3854.561,2.937,9754.753,7.433
09/11/2024,2024-11-09,63,[14:30-14:45[,2024-11-09 14:30,1312.359,17627.303,13.432,2254.223,1.718,,,-4249.15,-3.238,3786.51,2.885,4034.623,3.074,11801.098,8.992
09/11/2024,2024-11-09,64,[14:45-15:00[,2024-11-09 14:45,1312.359,24005.076,18.292,2254.223,1.718,,,-4249.15,-3.238,3786.51,2.885,4056.197,3.091,18157.297,13.836
09/11/2024,2024-11-09,65,[15:00-15:15[,2024-11-09 15:00,1324.725,5711.515,4.311,819.759,0.619,,,2303.7,1.739,3427.13,2.587,3806.689,2.874,-4645.763,-3.507
09/11/2024,2024-11-09,66,[15:15-15:30[,2024-11-09 15:15,1324.725,11479.997,8.666,819.759,0.619,,,2303.7,1.739,3427.13,2.587,4152.473,3.135,776.934,0.586
09/11/2024,2024-11-09,67,[15:30-15:45[,2024-11-09 15:30,1324.725,9063.714,6.842,819.759,0.619,,,2303.7,1.739,3427.13,2.587,4025.058,3.038,-1511.933,-1.141
09/11/2024,2024-11-09,68,[15:45-16:00[,2024-11-09 15:45,1324.725,20019.631,15.112,819.759,0.619,,,2303.7,1.739,3427.13,2.587,3928.829,2.966,9540.213,7.202
09/11/2024,2024-11-09,69,[16:00-16:15[,2024-11-09 16:00,1356.141,-3399.787,-2.507,-486.163,-0.358,,,,,2788.205,2.056,2853.398,2.104,-8555.228,-6.309
09/11/2024,2024-11-09,70,[16:15-16:30[,2024-11-09 16:15,1356.141,2180.561,1.608,-486.163,-0.358,,,,,2788.205,2.056,2863.245,2.111,-2984.726,-2.201
09/11/2024,2024-11-09,71,[16:30-16:45[,2024-11-09 16:30,1356.141,7022.135,5.178,-486.163,-0.358,,,,,2788.205,2.056,2345.868,1.73,2374.225,1.751
09/11/2024,2024-11-09,72,[16:45-17:00[,2024-11-09 16:45,1356.141,15348.543,11.318,-486.163,-0.358,,,,,2788.205,2.056,2875.236,2.12,10171.264,7.5
09/11/2024,2024-11-09,73,[17:00-17:15[,2024-11-09 17:00,1461.123,7482.313,5.121,-773.4,-0.529,,,,,5243.31,3.589,2791.422,1.91,220.982,0.151
09/11/2024,2024-11-09,74,[17:15-17:30[,2024-11-09 17:15,1461.123,9305.337,6.369,-773.4,-0.529,,,,,5243.31,3.589,2662.791,1.822,2172.636,1.487
09/11/2024,2024-11-09,75,[17:30-17:45[,2024-11-09 17:30,1461.123,9611.813,6.578,-773.4,-0.529,,,,,5243.31,3.589,2360.68,1.616,2781.223,1.903
09/11/2024,2024-11-09,76,[17:45-18:00[,2024-11-09 17:45,1461.123,18772.841,12.848,-773.4,-0.529,,,,,5243.31,3.589,2804.317,1.919,11498.614,7.87
09/11/2024,2024-11-09,77,[18:00-18:15[,2024-11-09 18:00,1563.897,21113.891,13.501,-754.138,-0.482,,,,,6006.516,3.841,2022.293,1.293,13839.219,8.849
09/11/2024,2024-11-09,78,[18:15-18:30[,2024-11-09 18:15,1563.897,17159.283,10.972,-754.138,-0.482,,,,,6006.516,3.841,2019.326,1.291,9887.578,6.322
09/11/2024,2024-11-09,79,[18:30-18:45[,2024-11-09 18:30,1563.897,18000.113,11.51,-754.138,-0.482,,,,,6006.516,3.841,1586.115,1.014,11161.62,7.137
09/11/2024,2024-11-09,80,[18:45-19:00[,2024-11-09 18:45,1563.897,14781.57,9.452,-754.138,-0.482,,,,,6006.516,3.841,1556.956,0.996,7972.235,5.098
09/11/2024,2024-11-09,81,[19:00-19:15[,2024-11-09 19:00,1613.855,6887.357,4.268,-282.405,-0.175,,,,,2658,1.647,3090.898,1.915,1420.864,0.88
09/11/2024,2024-11-09,82,[19:15-19:30[,2024-11-09 19:15,1613.855,7649.539,4.74,-282.405,-0.175,,,,,2658,1.647,4097.027,2.539,1176.917,0.729
09/11/2024,2024-11-09,83,[19:30-19:45[,2024-11-09 19:30,1613.855,7136.226,4.422,-282.405,-0.175,,,,,2658,1.647,4124.398,2.556,636.232,0.394
09/11/2024,2024-11-09,84,[19:45-20:00[,2024-11-09 19:45,1613.855,2987.746,1.851,-282.405,-0.175,,,,,2658,1.647,4037.473,2.502,-3425.322,-2.122
09/11/2024,2024-11-09,85,[20:00-20:15[,2024-11-09 20:00,1570.485,13336.272,8.492,202.09,0.129,,,,,2833.378,1.804,4265.966,2.716,6034.838,3.843
09/11/2024,2024-11-09,86,[20:15-20:30[,2024-11-09 20:15,1570.485,11250.826,7.164,202.09,0.129,,,,,2833.378,1.804,4266.146,2.716,3949.212,2.515
09/11/2024,2024-11-09,87,[20:30-20:45[,2024-11-09 20:30,1570.485,6045.352,3.849,202.09,0.129,,,,,2833.378,1.804,4182.287,2.663,-1172.403,-0.747
09/11/2024,2024-11-09,88,[20:45-21:00[,2024-11-09 20:45,1570.485,-984.375,-0.627,202.09,0.129,,,,,2833.378,1.804,4186.898,2.666,-8206.741,-5.226
09/11/2024,2024-11-09,89,[21:00-21:15[,2024-11-09 21:00,1459.319,18939.22,12.978,196.645,0.135,,,4480.515,3.07,5383.76,3.689,4072.285,2.791,4806.015,3.293
09/11/2024,2024-11-09,90,[21:15-21:30[,2024-11-09 21:15,1459.319,12473.156,8.547,196.645,0.135,,,4480.515,3.07,5383.76,3.689,4266.299,2.923,-1854.062,-1.27
09/11/2024,2024-11-09,91,[21:30-21:45[,2024-11-09 21:30,1459.319,8077.699,5.535,196.645,0.135,,,4480.515,3.07,5383.76,3.689,4144.296,2.84,-6127.517,-4.199
09/11/2024,2024-11-09,92,[21:45-22:00[,2024-11-09 21:45,1459.319,2652.812,1.818,196.645,0.135,,,4480.515,3.07,5383.76,3.689,3579.437,2.453,-10987.545,-7.529
09/11/2024,2024-11-09,93,[22:00-22:15[,2024-11-09 22:00,1362.224,22173.581,16.277,4350.988,3.194,,,8322.073,6.109,4830.136,3.546,4267.107,3.132,403.277,0.296
09/11/2024,2024-11-09,94,[22:15-22:30[,2024-11-09 22:15,1362.224,16868.331,12.383,4350.988,3.194,,,8003.7,5.875,4830.136,3.546,4120.9,3.025,-4437.393,-3.257
09/11/2024,2024-11-09,95,[22:30-22:45[,2024-11-09 22:30,1362.224,15247.179,11.193,4350.988,3.194,,,8003.7,5.875,4830.136,3.546,4070.332,2.988,-6007.977,-4.41
09/11/2024,2024-11-09,96,[22:45-23:00[,2024-11-09 22:45,1362.224,15865.416,11.647,4350.988,3.194,,,8003.7,5.875,4830.136,3.546,4266.152,3.132,-5585.56,-4.1
10/11/2024,2024-11-10,1,[23:00-23:15[,2024-11-09 23:00,1259.309,22144.585,17.585,9803.351,7.785,,,5642.445,4.481,3575.4,2.839,4073.814,3.235,-950.426,-0.755
10/11/2024,2024-11-10,2,[23:15-23:30[,2024-11-09 23:15,1259.309,21463.128,17.044,9803.351,7.785,,,5642.445,4.481,3575.4,2.839,4355.761,3.459,-1913.83,-1.52
10/11/2024,2024-11-10,3,[23:30-23:45[,2024-11-09 23:30,1259.309,19494.974,15.481,9803.351,7.785,,,5642.445,4.481,3575.4,2.839,4356.867,3.46,-3883.089,-3.084
10/11/2024,2024-11-10,4,[23:45-00:00[,2024-11-09 23:45,1259.309,17452.728,13.859,9803.351,7.785,,,5642.445,4.481,3575.4,2.839,3830.584,3.042,-5399.052,-4.287
10/11/2024,2024-11-10,5,[00:00-00:15[,2024-11-10 00:00,1177.473,18756.722,15.93,9875.877,8.387,,,4984.013,4.233,3486.96,2.961,4356.856,3.7,-3946.984,-3.352
10/11/2024,2024-11-10,6,[00:15-00:30[,2024-11-10 00:15,1177.473,18817.981,15.982,9875.877,8.387,,,4984.013,4.233,3486.96,2.961,4355.181,3.699,-3884.049,-3.299
10/11/2024,2024-11-10,7,[00:30-00:45[,2024-11-10 00:30,1177.473,18856.558,16.014,9875.877,8.387,,,4984.013,4.233,3486.96,2.961,4069.747,3.456,-3560.038,-3.023
10/11/2024,2024-11-10,8,[00:45-01:00[,2024-11-10 00:45,1177.473,15194.744,12.905,9875.877,8.387,,,4984.013,4.233,3486.96,2.961,4355.725,3.699,-7507.83,-6.376
10/11/2024,2024-11-10,9,[01:00-01:15[,2024-11-10 01:00,1108.381,19749.589,17.818,10443.407,9.422,,,,,3180.54,2.87,4215.317,3.803,1910.324,1.724
10/11/2024,2024-11-10,10,[01:15-01:30[,2024-11-10 01:15,1108.381,18592.27,16.774,10443.407,9.422,,,,,3180.54,2.87,4266.991,3.85,701.331,0.633
10/11/2024,2024-11-10,11,[01:30-01:45[,2024-11-10 01:30,1108.381,16586.903,14.965,10443.407,9.422,,,,,3180.54,2.87,4338.135,3.914,-1375.179,-1.241
10/11/2024,2024-11-10,12,[01:45-02:00[,2024-11-10 01:45,1108.381,14950.861,13.489,10443.407,9.422,,,,,3180.54,2.87,4201.007,3.79,-2874.094,-2.593
10/11/2024,2024-11-10,13,[02:00-02:15[,2024-11-10 02:00,1062.745,23773.051,22.369,10606.411,9.98,,,,,3173.5,2.986,4354.715,4.098,5638.425,5.306
10/11/2024,2024-11-10,14,[02:15-02:30[,2024-11-10 02:15,1062.745,21169.727,19.92,10606.411,9.98,,,,,3173.5,2.986,4045.18,3.806,3344.635,3.147
10/11/2024,2024-11-10,15,[02:30-02:45[,2024-11-10 02:30,1062.745,19178.516,18.046,10606.411,9.98,,,,,3173.5,2.986,4350.819,4.094,1047.786,0.986
10/11/2024,2024-11-10,16,[02:45-03:00[,2024-11-10 02:45,1062.745,16001.755,15.057,10606.411,9.98,,,,,3173.5,2.986,4349.705,4.093,-2127.861,-2.002
10/11/2024,2024-11-10,17,[03:00-03:15[,2024-11-10 03:00,1029.203,15497.154,15.057,11578.997,11.25,,,,,3281.3,3.188,3504.423,3.405,-2867.565,-2.786
10/11/2024,2024-11-10,18,[03:15-03:30[,2024-11-10 03:15,1029.203,10581.381,10.281,11578.997,11.25,,,,,3281.3,3.188,4151.82,4.034,-8430.736,-8.192
10/11/2024,2024-11-10,19,[03:30-03:45[,2024-11-10 03:30,1029.203,18586.392,18.059,11578.997,11.25,,,,,3281.3,3.188,4349.142,4.226,-623.047,-0.605
10/11/2024,2024-11-10,20,[03:45-04:00[,2024-11-10 03:45,1029.203,19296.126,18.749,11578.997,11.25,,,,,3281.3,3.188,4106.157,3.99,329.673,0.32
10/11/2024,2024-11-10,21,[04:00-04:15[,2024-11-10 04:00,1020.48,22060.048,21.617,11598.164,11.365,,,,,3316.5,3.25,4276.124,4.19,2869.26,2.812
10/11/2024,2024-11-10,22,[04:15-04:30[,2024-11-10 04:15,1020.48,23847.938,23.369,11598.164,11.365,,,,,3316.5,3.25,4348.583,4.261,4584.691,4.493
10/11/2024,2024-11-10,23,[04:30-04:45[,2024-11-10 04:30,1020.48,13516.381,13.245,11598.164,11.365,,,,,3316.5,3.25,4078.583,3.997,-5476.866,-5.367
10/11/2024,2024-11-10,24,[04:45-05:00[,2024-11-10 04:45,1020.48,17399.008,17.05,11598.164,11.365,,,,,3316.5,3.25,4348.582,4.261,-1864.239,-1.827
10/11/2024,2024-11-10,25,[05:00-05:15[,2024-11-10 05:00,1023.193,21028.614,20.552,10535.896,10.297,,,,,3063.5,2.994,4348.767,4.25,3080.451,3.011
10/11/2024,2024-11-10,26,[05:15-05:30[,2024-11-10 05:15,1023.193,14179.843,13.858,10535.896,10.297,,,,,3063.5,2.994,4326.422,4.228,-3745.975,-3.661
10/11/2024,2024-11-10,27,[05:30-05:45[,2024-11-10 05:30,1023.193,17546.209,17.148,10535.896,10.297,,,,,3063.5,2.994,3407.562,3.33,539.251,0.527
10/11/2024,2024-11-10,28,[05:45-06:00[,2024-11-10 05:45,1023.193,18179.034,17.767,10535.896,10.297,,,,,3063.5,2.994,4214.27,4.119,365.368,0.357
10/11/2024,2024-11-10,29,[06:00-06:15[,2024-11-10 06:00,1055.879,11150.992,10.561,10213.056,9.673,,,,,2961.315,2.805,4351.038,4.121,-6374.416,-6.037
10/11/2024,2024-11-10,30,[06:15-06:30[,2024-11-10 06:15,1055.879,15050.724,14.254,10213.056,9.673,,,,,2961.315,2.805,4326.911,4.098,-2450.557,-2.321
10/11/2024,2024-11-10,31,[06:30-06:45[,2024-11-10 06:30,1055.879,16349.928,15.485,10213.056,9.673,,,,,2961.315,2.805,4219.809,3.996,-1044.252,-0.989
10/11/2024,2024-11-10,32,[06:45-07:00[,2024-11-10 06:45,1055.879,20812.25,19.711,10213.056,9.673,,,,,2961.315,2.805,4351.408,4.121,3286.471,3.113
10/11/2024,2024-11-10,33,[07:00-07:15[,2024-11-10 07:00,1066.22,21841.401,20.485,10228.608,9.593,,,,,4833.03,4.533,4238.072,3.975,2541.692,2.384
10/11/2024,2024-11-10,34,[07:15-07:30[,2024-11-10 07:15,1066.22,16119.572,15.118,10228.608,9.593,,,,,4833.03,4.533,3949.44,3.704,-2891.506,-2.712
10/11/2024,2024-11-10,35,[07:30-07:45[,2024-11-10 07:30,1066.22,15499.497,14.537,10228.608,9.593,,,,,4833.03,4.533,4350.854,4.081,-3912.995,-3.67
10/11/2024,2024-11-10,36,[07:45-08:00[,2024-11-10 07:45,1066.22,16304.05,15.291,10228.608,9.593,,,,,4833.03,4.533,4230.854,3.968,-2988.442,-2.803
10/11/2024,2024-11-10,37,[08:00-08:15[,2024-11-10 08:00,1126.884,26812.762,23.794,11086.261,9.838,,,7311.938,6.489,4532.88,4.022,4228.482,3.752,-346.797,-0.308
10/11/2024,2024-11-10,38,[08:15-08:30[,2024-11-10 08:15,1126.884,26728.863,23.719,11086.261,9.838,,,7311.938,6.489,4532.88,4.022,4021.578,3.569,-223.793,-0.199
10/11/2024,2024-11-10,39,[08:30-08:45[,2024-11-10 08:30,1126.884,27121.387,24.068,11086.261,9.838,,,7311.938,6.489,4532.88,4.022,4333.851,3.846,-143.542,-0.127
10/11/2024,2024-11-10,40,[08:45-09:00[,2024-11-10 08:45,1126.884,27493.982,24.398,11086.261,9.838,,,7311.938,6.489,4532.88,4.022,4335.896,3.848,227.007,0.201
10/11/2024,2024-11-10,41,[09:00-09:15[,2024-11-10 09:00,1222.218,22422.264,18.346,14382.758,11.768,,,3534.75,2.892,5361.628,4.387,4010.015,3.281,-4866.887,-3.982
10/11/2024,2024-11-10,42,[09:15-09:30[,2024-11-10 09:15,1222.218,22604.988,18.495,14382.758,11.768,,,3534.75,2.892,5361.628,4.387,4307.142,3.524,-4981.289,-4.076
10/11/2024,2024-11-10,43,[09:30-09:45[,2024-11-10 09:30,1222.218,27088.385,22.163,14382.758,11.768,,,3499.75,2.863,5361.628,4.387,4305.482,3.523,-461.232,-0.377
10/11/2024,2024-11-10,44,[09:45-10:00[,2024-11-10 09:45,1222.218,29848.801,24.422,14382.758,11.768,,,3499.75,2.863,5361.628,4.387,4048.79,3.313,2555.876,2.091
10/11/2024,2024-11-10,45,[10:00-10:15[,2024-11-10 10:00,1290.377,28811.078,22.328,15147.795,11.739,,,3249.75,2.518,6166.008,4.778,4288.981,3.324,-41.456,-0.032
10/11/2024,2024-11-10,46,[10:15-10:30[,2024-11-10 10:15,1290.377,27534.683,21.338,15147.795,11.739,,,3249.75,2.518,6166.008,4.778,4139.113,3.208,-1167.983,-0.905
10/11/2024,2024-11-10,47,[10:30-10:45[,2024-11-10 10:30,1290.377,29244.981,22.664,15147.795,11.739,,,3249.75,2.518,6166.008,4.778,4179.761,3.239,501.667,0.389
10/11/2024,2024-11-10,48,[10:45-11:00[,2024-11-10 10:45,1290.377,28764.974,22.292,15147.795,11.739,,,3249.75,2.518,6166.008,4.778,4289.746,3.324,-88.324,-0.068
10/11/2024,2024-11-10,49,[11:00-11:15[,2024-11-10 11:00,1351.414,26145.044,19.346,16478.685,12.194,,,3499.75,2.59,6250.25,4.625,4141.68,3.065,-4225.321,-3.127
10/11/2024,2024-11-10,50,[11:15-11:30[,2024-11-10 11:15,1351.414,27047.152,20.014,16478.685,12.194,,,3499.75,2.59,6250.25,4.625,3993.533,2.955,-3175.066,-2.349
10/11/2024,2024-11-10,51,[11:30-11:45[,2024-11-10 11:30,1351.414,28999.706,21.459,16478.685,12.194,,,3499.75,2.59,6250.25,4.625,4155.864,3.075,-1384.843,-1.025
10/11/2024,2024-11-10,52,[11:45-12:00[,2024-11-10 11:45,1351.414,31617.97,23.396,16478.685,12.194,,,3499.75,2.59,6250.25,4.625,4276.418,3.164,1112.867,0.823
10/11/2024,2024-11-10,53,[12:00-12:15[,2024-11-10 12:00,1415.925,31900.755,22.53,15259.36,10.777,,,3249.75,2.295,6217.64,4.391,4328.815,3.057,2845.189,2.009
10/11/2024,2024-11-10,54,[12:15-12:30[,2024-11-10 12:15,1415.925,30428.898,21.49,15259.36,10.777,,,,,6217.64,4.391,3703.727,2.616,5248.17,3.707
10/11/2024,2024-11-10,55,[12:30-12:45[,2024-11-10 12:30,1415.925,30854.048,21.791,15259.36,10.777,,,3249.75,2.295,6217.64,4.391,4356.883,3.077,1770.414,1.25
10/11/2024,2024-11-10,56,[12:45-13:00[,2024-11-10 12:45,1415.925,29601.847,20.906,15259.36,10.777,,,3249.75,2.295,6217.64,4.391,4314.629,3.047,560.468,0.396
10/11/2024,2024-11-10,57,[13:00-13:15[,2024-11-10 13:00,1367.166,30306.897,22.168,16066.595,11.752,,,3867.203,2.829,6217.64,4.548,4196.77,3.07,-41.31,-0.03
10/11/2024,2024-11-10,58,[13:15-13:30[,2024-11-10 13:15,1367.166,28500.21,20.846,16066.595,11.752,,,3867.203,2.829,6217.64,4.548,4376.388,3.201,-2027.615,-1.483
10/11/2024,2024-11-10,59,[13:30-13:45[,2024-11-10 13:30,1367.166,24261.805,17.746,16066.595,11.752,,,3867.203,2.829,6217.64,4.548,4182.182,3.059,-6071.814,-4.441
10/11/2024,2024-11-10,60,[13:45-14:00[,2024-11-10 13:45,1367.166,24519.912,17.935,16066.595,11.752,,,3867.203,2.829,6217.64,4.548,4082.989,2.986,-5714.515,-4.18
10/11/2024,2024-11-10,61,[14:00-14:15[,2024-11-10 14:00,1317.771,25657.994,19.471,15135.878,11.486,,,3867.203,2.935,6152.42,4.669,4379.155,3.323,-3876.661,-2.942
10/11/2024,2024-11-10,62,[14:15-14:30[,2024-11-10 14:15,1317.771,26403.342,20.036,15135.878,11.486,,,3867.203,2.935,6152.42,4.669,4190.544,3.18,-2942.702,-2.233
10/11/2024,2024-11-10,63,[14:30-14:45[,2024-11-10 14:30,1317.771,29525.81,22.406,15135.878,11.486,,,3867.203,2.935,6152.42,4.669,4383.601,3.327,-13.291,-0.01
10/11/2024,2024-11-10,64,[14:45-15:00[,2024-11-10 14:45,1317.771,29589.025,22.454,15135.878,11.486,,,3867.203,2.935,6152.42,4.669,3883.629,2.947,549.896,0.417
10/11/2024,2024-11-10,65,[15:00-15:15[,2024-11-10 15:00,1301.97,23261.435,17.866,11085.635,8.515,,,8431.013,6.476,4697.42,3.608,4384.339,3.367,-5336.971,-4.099
10/11/2024,2024-11-10,66,[15:15-15:30[,2024-11-10 15:15,1301.97,21692.462,16.661,11085.635,8.515,,,8431.013,6.476,4697.42,3.608,4385.633,3.368,-6907.238,-5.305
10/11/2024,2024-11-10,67,[15:30-15:45[,2024-11-10 15:30,1301.97,21589.812,16.582,11085.635,8.515,,,8431.013,6.476,4697.42,3.608,3760.187,2.888,-6384.441,-4.904
10/11/2024,2024-11-10,68,[15:45-16:00[,2024-11-10 15:45,1301.97,32714.495,25.127,11085.635,8.515,,,8431.013,6.476,4697.42,3.608,4386.19,3.369,4114.238,3.16
10/11/2024,2024-11-10,69,[16:00-16:15[,2024-11-10 16:00,1315.607,17290.534,13.143,4820.24,3.664,,,,,3230.199,2.455,4404.005,3.348,4836.09,3.676
10/11/2024,2024-11-10,70,[16:15-16:30[,2024-11-10 16:15,1315.607,11580.464,8.802,4820.24,3.664,,,,,3230.199,2.455,3963.508,3.013,-433.483,-0.329
10/11/2024,2024-11-10,71,[16:30-16:45[,2024-11-10 16:30,1315.607,11960.941,9.092,4820.24,3.664,,,,,3230.199,2.455,4209.676,3.2,-299.173,-0.227
10/11/2024,2024-11-10,72,[16:45-17:00[,2024-11-10 16:45,1315.607,23705.28,18.019,4820.24,3.664,,,,,3230.199,2.455,4270.265,3.246,11384.576,8.653
10/11/2024,2024-11-10,73,[17:00-17:15[,2024-11-10 17:00,1432.76,-2687.044,-1.875,-557.255,-0.389,,,,,3052.914,2.131,4409.028,3.077,-9591.731,-6.695
10/11/2024,2024-11-10,74,[17:15-17:30[,2024-11-10 17:15,1432.76,-953.976,-0.666,-557.255,-0.389,,,,,3052.914,2.131,4148.724,2.896,-7598.359,-5.303
10/11/2024,2024-11-10,75,[17:30-17:45[,2024-11-10 17:30,1432.76,5172.387,3.61,-557.255,-0.389,,,,,3052.914,2.131,3863.931,2.697,-1187.202,-0.829
10/11/2024,2024-11-10,76,[17:45-18:00[,2024-11-10 17:45,1432.76,19474.891,13.593,-557.255,-0.389,,,,,3052.914,2.131,4414.95,3.081,12564.283,8.769
10/11/2024,2024-11-10,77,[18:00-18:15[,2024-11-10 18:00,1532.641,6097.614,3.979,-577.49,-0.377,,,,,3141.09,2.049,3298.474,2.152,235.539,0.154
10/11/2024,2024-11-10,78,[18:15-18:30[,2024-11-10 18:15,1532.641,4106.609,2.679,-577.49,-0.377,,,,,3141.09,2.049,3076.301,2.007,-1533.293,-1
10/11/2024,2024-11-10,79,[18:30-18:45[,2024-11-10 18:30,1532.641,7957.819,5.192,-577.49,-0.377,,,,,3141.09,2.049,3211.303,2.095,2182.916,1.424
10/11/2024,2024-11-10,80,[18:45-19:00[,2024-11-10 18:45,1532.641,9538.311,6.223,-577.49,-0.377,,,,,3141.09,2.049,2757.304,1.799,4217.406,2.752
10/11/2024,2024-11-10,81,[19:00-19:15[,2024-11-10 19:00,1576.697,8695.558,5.515,-127.868,-0.081,,,,,2356.848,1.495,3030.819,1.922,3435.759,2.179
10/11/2024,2024-11-10,82,[19:15-19:30[,2024-11-10 19:15,1576.697,4806.511,3.048,-127.868,-0.081,,,,,2356.848,1.495,3032.494,1.923,-454.963,-0.289
10/11/2024,2024-11-10,83,[19:30-19:45[,2024-11-10 19:30,1576.697,5700.172,3.615,-127.868,-0.081,,,,,2356.848,1.495,3040.306,1.928,430.886,0.273
10/11/2024,2024-11-10,84,[19:45-20:00[,2024-11-10 19:45,1576.697,4787.406,3.036,-127.868,-0.081,,,,,2356.848,1.495,2843.253,1.803,-284.828,-0.181
10/11/2024,2024-11-10,85,[20:00-20:15[,2024-11-10 20:00,1536.899,14878.974,9.681,93.528,0.061,,,,,3237.584,2.107,2954.325,1.922,8593.538,5.591
10/11/2024,2024-11-10,86,[20:15-20:30[,2024-11-10 20:15,1536.899,8880.375,5.778,93.528,0.061,,,,,3237.584,2.107,2940.866,1.914,2608.397,1.697
10/11/2024,2024-11-10,87,[20:30-20:45[,2024-11-10 20:30,1536.899,4467.413,2.907,93.528,0.061,,,,,3237.584,2.107,2774.249,1.805,-1637.948,-1.066
10/11/2024,2024-11-10,88,[20:45-21:00[,2024-11-10 20:45,1536.899,-1550.96,-1.009,93.528,0.061,,,,,3237.584,2.107,2938.143,1.912,-7820.214,-5.088
10/11/2024,2024-11-10,89,[21:00-21:15[,2024-11-10 21:00,1470.359,10777.064,7.33,359.835,0.245,,,,,3193.274,2.172,4129.978,2.809,3093.977,2.104
10/11/2024,2024-11-10,90,[21:15-21:30[,2024-11-10 21:15,1470.359,7979.396,5.427,359.835,0.245,,,,,3193.274,2.172,4056.599,2.759,369.688,0.251
10/11/2024,2024-11-10,91,[21:30-21:45[,2024-11-10 21:30,1470.359,9259.179,6.297,359.835,0.245,,,,,3193.274,2.172,4272.45,2.906,1433.62,0.975
10/11/2024,2024-11-10,92,[21:45-22:00[,2024-11-10 21:45,1470.359,1962.573,1.335,359.835,0.245,,,,,3193.274,2.172,4045.22,2.751,-5635.756,-3.833
10/11/2024,2024-11-10,93,[22:00-22:15[,2024-11-10 22:00,1373.239,16004.166,11.654,830.248,0.605,,,,,4861.545,3.54,4275.832,3.114,6036.541,4.396
10/11/2024,2024-11-10,94,[22:15-22:30[,2024-11-10 22:15,1373.239,11985.063,8.728,830.248,0.605,,,,,4861.545,3.54,4402.192,3.206,1891.079,1.377
10/11/2024,2024-11-10,95,[22:30-22:45[,2024-11-10 22:30,1373.239,8429.168,6.138,830.248,0.605,,,,,4861.545,3.54,4224.866,3.077,-1487.491,-1.083
10/11/2024,2024-11-10,96,[22:45-23:00[,2024-11-10 22:45,1373.239,6247.589,4.55,830.248,0.605,,,,,4861.545,3.54,3857.007,2.809,-3301.21,-2.404
11/11/2024,2024-11-11,1,[23:00-23:15[,2024-11-10 23:00,1275.141,23136.855,18.145,9623.928,7.547,,,,,5693.1,4.465,4061.091,3.185,3758.736,2.948
11/11/2024,2024-11-11,2,[23:15-23:30[,2024-11-10 23:15,1275.141,27271.696,21.387,9623.928,7.547,,,,,5693.1,4.465,4278.332,3.355,7676.337,6.02
11/11/2024,2024-11-11,3,[23:30-23:45[,2024-11-10 23:30,1275.141,20685.955,16.222,9623.928,7.547,,,7506.8,5.887,5693.1,4.465,3628.084,2.845,-5765.957,-4.522
11/11/2024,2024-11-11,4,[23:45-00:00[,2024-11-10 23:45,1275.141,16033.133,12.574,9623.928,7.547,,,7506.8,5.887,5693.1,4.465,3959.855,3.105,-10750.549,-8.431
11/11/2024,2024-11-11,5,[00:00-00:15[,2024-11-11 00:00,1195.1,26791.486,22.418,10576.624,8.85,,,8535.825,7.142,5408.838,4.526,4268.062,3.571,-1997.863,-1.672
11/11/2024,2024-11-11,6,[00:15-00:30[,2024-11-11 00:15,1195.1,36722.313,30.727,10576.624,8.85,,,8535.825,7.142,5408.838,4.526,4312.35,3.608,7888.676,6.601
11/11/2024,2024-11-11,7,[00:30-00:45[,2024-11-11 00:30,1195.1,24882.818,20.821,10576.624,8.85,,,8509.835,7.121,5408.838,4.526,3559.718,2.979,-3172.198,-2.654
11/11/2024,2024-11-11,8,[00:45-01:00[,2024-11-11 00:45,1195.1,23347.104,19.536,10576.624,8.85,,,8535.825,7.142,5408.838,4.526,4312.35,3.608,-5486.533,-4.591
11/11/2024,2024-11-11,9,[01:00-01:15[,2024-11-11 01:00,1126.238,18194.679,16.155,12992.687,11.536,,,6413.175,5.694,3453.16,3.066,4212.747,3.741,-8877.089,-7.882
11/11/2024,2024-11-11,10,[01:15-01:30[,2024-11-11 01:15,1126.238,15690.647,13.932,12992.687,11.536,,,5063.175,4.496,3453.16,3.066,3960.744,3.517,-9779.119,-8.683
11/11/2024,2024-11-11,11,[01:30-01:45[,2024-11-11 01:30,1126.238,20623.879,18.312,12992.687,11.536,,,4725.675,4.196,3453.16,3.066,4312.35,3.829,-4859.993,-4.315
11/11/2024,2024-11-11,12,[01:45-02:00[,2024-11-11 01:45,1126.238,24524.108,21.775,12992.687,11.536,,,4725.675,4.196,3453.16,3.066,4108.38,3.648,-755.793,-0.671
11/11/2024,2024-11-11,13,[02:00-02:15[,2024-11-11 02:00,1085.011,29304.496,27.008,17113.937,15.773,,,,,4784.12,4.409,4307.897,3.97,3098.542,2.856
11/11/2024,2024-11-11,14,[02:15-02:30[,2024-11-11 02:15,1085.011,25368.089,23.381,17113.937,15.773,,,,,4784.12,4.409,4312.35,3.974,-842.318,-0.776
11/11/2024,2024-11-11,15,[02:30-02:45[,2024-11-11 02:30,1085.011,23118.005,21.307,17113.937,15.773,,,,,4784.12,4.409,4145.153,3.82,-2925.204,-2.696
11/11/2024,2024-11-11,16,[02:45-03:00[,2024-11-11 02:45,1085.011,24224.036,22.326,17113.937,15.773,,,,,4784.12,4.409,4312.35,3.974,-1986.371,-1.831
11/11/2024,2024-11-11,17,[03:00-03:15[,2024-11-11 03:00,1056.109,26921.176,25.491,17184.147,16.271,,,,,4632.16,4.386,4116.645,3.898,988.224,0.936
11/11/2024,2024-11-11,18,[03:15-03:30[,2024-11-11 03:15,1056.109,29827.843,28.243,17184.147,16.271,,,,,4632.16,4.386,4312.35,4.083,3699.186,3.503
11/11/2024,2024-11-11,19,[03:30-03:45[,2024-11-11 03:30,1056.109,25595.506,24.236,17184.147,16.271,,,,,4632.16,4.386,3678.744,3.483,100.456,0.095
11/11/2024,2024-11-11,20,[03:45-04:00[,2024-11-11 03:45,1056.109,23017.53,21.795,17184.147,16.271,,,,,4632.16,4.386,2926.446,2.771,-1725.223,-1.634
11/11/2024,2024-11-11,21,[04:00-04:15[,2024-11-11 04:00,1044.886,23645.459,22.63,17606.258,16.85,,,,,4742.2,4.538,3102.872,2.97,-1805.872,-1.728
11/11/2024,2024-11-11,22,[04:15-04:30[,2024-11-11 04:15,1044.886,25678.03,24.575,17606.258,16.85,,,,,4742.2,4.538,3131.31,2.997,198.262,0.19
11/11/2024,2024-11-11,23,[04:30-04:45[,2024-11-11 04:30,1044.886,26333.094,25.202,17606.258,16.85,,,,,4742.2,4.538,3163.303,3.027,821.333,0.786
11/11/2024,2024-11-11,24,[04:45-05:00[,2024-11-11 04:45,1044.886,27543.815,26.361,17606.258,16.85,,,,,4742.2,4.538,3092.207,2.959,2103.149,2.013
11/11/2024,2024-11-11,25,[05:00-05:15[,2024-11-11 05:00,1084.146,23834.2,21.984,16061.75,14.815,,,,,6012.9,5.546,2829.377,2.61,-1069.828,-0.987
11/11/2024,2024-11-11,26,[05:15-05:30[,2024-11-11 05:15,1084.146,23597.594,21.766,16061.75,14.815,,,,,6012.9,5.546,3028.222,2.793,-1505.278,-1.388
11/11/2024,2024-11-11,27,[05:30-05:45[,2024-11-11 05:30,1084.146,22377.966,20.641,16061.75,14.815,,,,,6012.9,5.546,3018.609,2.784,-2715.293,-2.505
11/11/2024,2024-11-11,28,[05:45-06:00[,2024-11-11 05:45,1084.146,28927.338,26.682,16061.75,14.815,,,,,6012.9,5.546,3014.025,2.78,3838.663,3.541
11/11/2024,2024-11-11,29,[06:00-06:15[,2024-11-11 06:00,1215.628,13122.183,10.795,10113.733,8.32,,,,,4978,4.095,3007.325,2.474,-4976.875,-4.094
11/11/2024,2024-11-11,30,[06:15-06:30[,2024-11-11 06:15,1215.628,19814.871,16.3,10113.733,8.32,,,,,4978,4.095,2806.351,2.309,1916.787,1.577
11/11/2024,2024-11-11,31,[06:30-06:45[,2024-11-11 06:30,1215.628,24174.861,19.887,10113.733,8.32,,,-223.155,-0.184,4978,4.095,2996.652,2.465,6309.63,5.19
11/11/2024,2024-11-11,32,[06:45-07:00[,2024-11-11 06:45,1215.628,23939.593,19.693,10113.733,8.32,,,,,4978,4.095,3003.767,2.471,5844.092,4.807
11/11/2024,2024-11-11,33,[07:00-07:15[,2024-11-11 07:00,1376.46,11470.442,8.333,9620.638,6.989,,,,,2885.334,2.096,2843.839,2.066,-3879.369,-2.818
11/11/2024,2024-11-11,34,[07:15-07:30[,2024-11-11 07:15,1376.46,16220.175,11.784,9620.638,6.989,,,,,2885.334,2.096,3042.634,2.21,671.57,0.488
11/11/2024,2024-11-11,35,[07:30-07:45[,2024-11-11 07:30,1376.46,14091.325,10.237,9620.638,6.989,,,,,2885.334,2.096,2819.637,2.048,-1234.283,-0.897
11/11/2024,2024-11-11,36,[07:45-08:00[,2024-11-11 07:45,1376.46,16505.9,11.992,9620.638,6.989,,,,,2885.334,2.096,3052.775,2.218,947.154,0.688
11/11/2024,2024-11-11,37,[08:00-08:15[,2024-11-11 08:00,1538.417,36094.734,23.462,16534.519,10.748,,,7866.25,5.113,6716.498,4.366,3055.226,1.986,1922.242,1.249
11/11/2024,2024-11-11,38,[08:15-08:30[,2024-11-11 08:15,1538.417,31042.839,20.178,16534.519,10.748,,,7866.25,5.113,6716.498,4.366,2930.532,1.905,-3004.959,-1.953
11/11/2024,2024-11-11,39,[08:30-08:45[,2024-11-11 08:30,1538.417,27845.555,18.1,16534.519,10.748,,,7866.25,5.113,6716.498,4.366,3064.359,1.992,-6336.07,-4.119
11/11/2024,2024-11-11,40,[08:45-09:00[,2024-11-11 08:45,1538.417,24067.263,15.644,16534.519,10.748,,,7866.25,5.113,6716.498,4.366,3049.72,1.982,-10099.723,-6.565
11/11/2024,2024-11-11,41,[09:00-09:15[,2024-11-11 09:00,1571.409,23867.209,15.188,15414.207,9.809,,,7261.25,4.621,6266.393,3.988,2698.01,1.717,-7772.65,-4.946
11/11/2024,2024-11-11,42,[09:15-09:30[,2024-11-11 09:15,1571.409,28210.056,17.952,15414.207,9.809,,,8237.75,5.242,6266.393,3.988,2698.01,1.717,-4406.303,-2.804
11/11/2024,2024-11-11,43,[09:30-09:45[,2024-11-11 09:30,1571.409,36507.624,23.232,15414.207,9.809,,,8097.25,5.153,6266.393,3.988,2513.377,1.599,4216.397,2.683
11/11/2024,2024-11-11,44,[09:45-10:00[,2024-11-11 09:45,1571.409,32734.128,20.831,15414.207,9.809,,,8097.25,5.153,6266.393,3.988,2693.962,1.714,262.317,0.167
11/11/2024,2024-11-11,45,[10:00-10:15[,2024-11-11 10:00,1531.921,40452.65,26.406,18942.753,12.365,,,8115.625,5.298,5193.643,3.39,2698.01,1.761,5502.62,3.592
11/11/2024,2024-11-11,46,[10:15-10:30[,2024-11-11 10:15,1531.921,35959.081,23.473,18942.753,12.365,,,8115.625,5.298,5193.643,3.39,2552.582,1.666,1154.479,0.754
11/11/2024,2024-11-11,47,[10:30-10:45[,2024-11-11 10:30,1531.921,33786.603,22.055,18942.753,12.365,,,8115.625,5.298,5193.643,3.39,2676.83,1.747,-1142.246,-0.746
11/11/2024,2024-11-11,48,[10:45-11:00[,2024-11-11 10:45,1531.921,35007.804,22.852,18942.753,12.365,,,8115.625,5.298,5193.643,3.39,2575.524,1.681,180.26,0.118
11/11/2024,2024-11-11,49,[11:00-11:15[,2024-11-11 11:00,1552.07,59635.063,38.423,20182.724,13.004,,,,,6150,3.962,3557.98,2.292,29744.359,19.164
11/11/2024,2024-11-11,50,[11:15-11:30[,2024-11-11 11:15,1552.07,56212.19,36.218,20182.724,13.004,,,,,6150,3.962,4058.353,2.615,25821.114,16.637
11/11/2024,2024-11-11,51,[11:30-11:45[,2024-11-11 11:30,1552.07,57333.966,36.94,20182.724,13.004,,,,,6150,3.962,3943.589,2.541,27057.653,17.433
11/11/2024,2024-11-11,52,[11:45-12:00[,2024-11-11 11:45,1552.07,58490.072,37.685,20182.724,13.004,,,,,6150,3.962,4029.597,2.596,28127.752,18.123
11/11/2024,2024-11-11,53,[12:00-12:15[,2024-11-11 12:00,1525.064,72900.668,47.802,21162.909,13.877,,,,,6210,4.072,3777.678,2.477,41750.081,27.376
11/11/2024,2024-11-11,54,[12:15-12:30[,2024-11-11 12:15,1525.064,78535.448,51.497,21162.909,13.877,,,,,6210,4.072,4099.674,2.688,47062.865,30.86
11/11/2024,2024-11-11,55,[12:30-12:45[,2024-11-11 12:30,1525.064,74599.301,48.916,21162.909,13.877,,,,,6210,4.072,4092.576,2.684,43133.816,28.283
11/11/2024,2024-11-11,56,[12:45-13:00[,2024-11-11 12:45,1525.064,73193.475,47.994,21162.909,13.877,,,,,6210,4.072,3604.6,2.364,42215.965,27.681
11/11/2024,2024-11-11,57,[13:00-13:15[,2024-11-11 13:00,1521.47,62093.03,40.811,20217.74,13.288,,,,,6130,4.029,4102.334,2.696,31642.955,20.798
11/11/2024,2024-11-11,58,[13:15-13:30[,2024-11-11 13:15,1521.47,67515.949,44.375,20217.74,13.288,,,,,6130,4.029,4127.246,2.713,37040.963,24.346
11/11/2024,2024-11-11,59,[13:30-13:45[,2024-11-11 13:30,1521.47,69283.395,45.537,20217.74,13.288,,,,,6130,4.029,3590.328,2.36,39345.327,25.86
11/11/2024,2024-11-11,60,[13:45-14:00[,2024-11-11 13:45,1521.47,72571.113,47.698,20217.74,13.288,,,,,6130,4.029,4149.591,2.727,42073.783,27.653
11/11/2024,2024-11-11,61,[14:00-14:15[,2024-11-11 14:00,1588.689,55001.188,34.62,17744.968,11.17,,,8501.863,5.351,5095.8,3.208,4024.273,2.533,19634.285,12.359
11/11/2024,2024-11-11,62,[14:15-14:30[,2024-11-11 14:15,1588.689,72984.226,45.94,17744.968,11.17,,,8722,5.49,5095.8,3.208,3682.958,2.318,37738.5,23.754
11/11/2024,2024-11-11,63,[14:30-14:45[,2024-11-11 14:30,1588.689,81480.733,51.288,17744.968,11.17,,,8722,5.49,5095.8,3.208,4164.535,2.621,45753.43,28.799
11/11/2024,2024-11-11,64,[14:45-15:00[,2024-11-11 14:45,1588.689,76070.601,47.883,17744.968,11.17,,,8722,5.49,5095.8,3.208,3974.228,2.502,40533.605,25.514
11/11/2024,2024-11-11,65,[15:00-15:15[,2024-11-11 15:00,1637.734,36229.312,22.122,15063.857,9.198,,,8097.25,4.944,7528.039,4.597,4002.929,2.444,1537.238,0.939
11/11/2024,2024-11-11,66,[15:15-15:30[,2024-11-11 15:15,1637.734,40382.874,24.658,15063.857,9.198,,,8097.25,4.944,7528.039,4.597,4130.582,2.522,5563.146,3.397
11/11/2024,2024-11-11,67,[15:30-15:45[,2024-11-11 15:30,1637.734,43182.576,26.367,15063.857,9.198,,,8097.25,4.944,7528.039,4.597,4109.665,2.509,8383.766,5.119
11/11/2024,2024-11-11,68,[15:45-16:00[,2024-11-11 15:45,1637.734,49905.92,30.473,15063.857,9.198,,,8097.25,4.944,7528.039,4.597,4107.557,2.508,15109.218,9.226
11/11/2024,2024-11-11,69,[16:00-16:15[,2024-11-11 16:00,1679.943,18352.717,10.925,8390.411,4.994,,,15121.525,9.001,8874.45,5.283,2743.1,1.633,-16776.769,-9.987
11/11/2024,2024-11-11,70,[16:15-16:30[,2024-11-11 16:15,1679.943,24282.677,14.454,8390.411,4.994,,,15121.525,9.001,8874.45,5.283,2780.85,1.655,-10884.56,-6.479
11/11/2024,2024-11-11,71,[16:30-16:45[,2024-11-11 16:30,1679.943,36341.778,21.633,8390.411,4.994,,,15121.525,9.001,8874.45,5.283,2801.888,1.668,1153.504,0.687
11/11/2024,2024-11-11,72,[16:45-17:00[,2024-11-11 16:45,1679.943,50182.36,29.871,8390.411,4.994,,,15121.525,9.001,8874.45,5.283,2769.982,1.649,15025.991,8.944
11/11/2024,2024-11-11,73,[17:00-17:15[,2024-11-11 17:00,1752.933,-811.469,-0.463,1142.157,0.652,,,,,4213.209,2.404,2718.673,1.551,-8885.507,-5.069
11/11/2024,2024-11-11,74,[17:15-17:30[,2024-11-11 17:15,1752.933,5792.164,3.304,1142.157,0.652,,,,,4213.209,2.404,2848.952,1.625,-2412.153,-1.376
11/11/2024,2024-11-11,75,[17:30-17:45[,2024-11-11 17:30,1752.933,8908.939,5.082,1142.157,0.652,,,,,4213.209,2.404,2816.01,1.606,737.564,0.421
11/11/2024,2024-11-11,76,[17:45-18:00[,2024-11-11 17:45,1752.933,13362.802,7.623,1142.157,0.652,,,,,4213.209,2.404,2847.793,1.625,5159.644,2.943
11/11/2024,2024-11-11,77,[18:00-18:15[,2024-11-11 18:00,1839.991,4931.08,2.68,1103.275,0.6,,,,,4089.973,2.223,2906.833,1.58,-3169.001,-1.722
11/11/2024,2024-11-11,78,[18:15-18:30[,2024-11-11 18:15,1839.991,4587.483,2.493,1103.275,0.6,,,,,4089.973,2.223,2100.765,1.142,-2706.529,-1.471
11/11/2024,2024-11-11,79,[18:30-18:45[,2024-11-11 18:30,1839.991,7202.431,3.914,1103.275,0.6,,,,,4089.973,2.223,2847.33,1.547,-838.147,-0.456
11/11/2024,2024-11-11,80,[18:45-19:00[,2024-11-11 18:45,1839.991,7476.701,4.063,1103.275,0.6,,,,,4089.973,2.223,2909.507,1.581,-626.054,-0.34
11/11/2024,2024-11-11,81,[19:00-19:15[,2024-11-11 19:00,1877.842,9071.107,4.831,1371.075,0.73,,,,,3810.645,2.029,2789.246,1.485,1100.142,0.586
11/11/2024,2024-11-11,82,[19:15-19:30[,2024-11-11 19:15,1877.842,6982.279,3.718,1371.075,0.73,,,,,3810.645,2.029,2758.36,1.469,-957.8,-0.51
11/11/2024,2024-11-11,83,[19:30-19:45[,2024-11-11 19:30,1877.842,5561.136,2.961,1371.075,0.73,,,,,3810.645,2.029,2921.803,1.556,-2542.386,-1.354
11/11/2024,2024-11-11,84,[19:45-20:00[,2024-11-11 19:45,1877.842,3267.52,1.74,1371.075,0.73,,,,,3810.645,2.029,2799.74,1.491,-4713.94,-2.51
11/11/2024,2024-11-11,85,[20:00-20:15[,2024-11-11 20:00,1813.279,29294.127,16.155,2545.73,1.404,,,7795,4.299,5711.003,3.15,2867.048,1.581,10375.346,5.722
11/11/2024,2024-11-11,86,[20:15-20:30[,2024-11-11 20:15,1813.279,23589.099,13.009,2545.73,1.404,,,7795,4.299,5711.003,3.15,3030.879,1.671,4506.488,2.485
11/11/2024,2024-11-11,87,[20:30-20:45[,2024-11-11 20:30,1813.279,20554.113,11.335,2545.73,1.404,,,7795,4.299,5711.003,3.15,3034.096,1.673,1468.285,0.81
11/11/2024,2024-11-11,88,[20:45-21:00[,2024-11-11 20:45,1813.279,14579.113,8.04,2545.73,1.404,,,7795,4.299,5711.003,3.15,2427.633,1.339,-3900.252,-2.151
11/11/2024,2024-11-11,89,[21:00-21:15[,2024-11-11 21:00,1688.095,35273.752,20.896,11547.601,6.841,,,7703.76,4.564,6444.12,3.817,3075.853,1.822,6502.419,3.852
11/11/2024,2024-11-11,90,[21:15-21:30[,2024-11-11 21:15,1688.095,33238.758,19.69,11547.601,6.841,,,7703.76,4.564,6444.12,3.817,2824.277,1.673,4719,2.795
11/11/2024,2024-11-11,91,[21:30-21:45[,2024-11-11 21:30,1688.095,25358.365,15.022,11547.601,6.841,,,7626.91,4.518,6444.12,3.817,2505.308,1.484,-2765.573,-1.638
11/11/2024,2024-11-11,92,[21:45-22:00[,2024-11-11 21:45,1688.095,28680.083,16.99,11547.601,6.841,,,7626.91,4.518,6444.12,3.817,2912.995,1.726,148.457,0.088
11/11/2024,2024-11-11,93,[22:00-22:15[,2024-11-11 22:00,1566.434,35783.764,22.844,12043.813,7.689,,,16346.65,10.436,7383.78,4.714,3975.079,2.538,-3965.559,-2.532
11/11/2024,2024-11-11,94,[22:15-22:30[,2024-11-11 22:15,1566.434,34331.964,21.917,12043.813,7.689,,,15994.025,10.21,7383.78,4.714,3585.883,2.289,-4675.538,-2.985
11/11/2024,2024-11-11,95,[22:30-22:45[,2024-11-11 22:30,1566.434,35128.136,22.426,12043.813,7.689,,,15994.025,10.21,7383.78,4.714,4245.075,2.71,-4538.557,-2.897
11/11/2024,2024-11-11,96,[22:45-23:00[,2024-11-11 22:45,1566.434,32523.552,20.763,12043.813,7.689,,,16064.55,10.255,7383.78,4.714,4101.667,2.618,-7070.258,-4.514
12/11/2024,2024-11-12,1,[23:00-23:15[,2024-11-11 23:00,1418.814,41557.824,29.291,19963.904,14.071,14025.494,9.885,,,4413.6,3.111,4218.654,2.973,-1063.829,-0.75
12/11/2024,2024-11-12,2,[23:15-23:30[,2024-11-11 23:15,1418.814,42552.784,29.992,19963.904,14.071,14025.494,9.885,,,4413.6,3.111,4358.32,3.072,-208.535,-0.147
12/11/2024,2024-11-12,3,[23:30-23:45[,2024-11-11 23:30,1418.814,43385.092,30.578,19963.904,14.071,14025.494,9.885,,,4413.6,3.111,3867.251,2.726,1114.843,0.786
12/11/2024,2024-11-12,4,[23:45-00:00[,2024-11-11 23:45,1418.814,37307.478,26.295,19963.904,14.071,14025.494,9.885,,,4413.6,3.111,4193.786,2.956,-5289.306,-3.728
12/11/2024,2024-11-12,5,[00:00-00:15[,2024-11-12 00:00,1306.914,39397.991,30.146,21553.378,16.492,14025.494,10.732,,,4636.343,3.548,4669.145,3.573,-5486.369,-4.198
12/11/2024,2024-11-12,6,[00:15-00:30[,2024-11-12 00:15,1306.914,43564.152,33.334,21553.378,16.492,14025.494,10.732,,,4636.343,3.548,4549.559,3.481,-1200.622,-0.919
12/11/2024,2024-11-12,7,[00:30-00:45[,2024-11-12 00:30,1306.914,42754.966,32.714,21553.378,16.492,14025.494,10.732,,,4636.343,3.548,4665.492,3.57,-2125.741,-1.627
12/11/2024,2024-11-12,8,[00:45-01:00[,2024-11-12 00:45,1306.914,40620.96,31.082,21553.378,16.492,14025.494,10.732,,,4636.343,3.548,4197.993,3.212,-3792.248,-2.902
12/11/2024,2024-11-12,9,[01:00-01:15[,2024-11-12 01:00,1238.563,48285.843,38.985,21556.205,17.404,13618.784,10.996,,,4642.133,3.748,4606.434,3.719,3862.288,3.118
12/11/2024,2024-11-12,10,[01:15-01:30[,2024-11-12 01:15,1238.563,44480.867,35.913,21556.205,17.404,13618.784,10.996,,,4642.133,3.748,4675.575,3.775,-11.829,-0.01
12/11/2024,2024-11-12,11,[01:30-01:45[,2024-11-12 01:30,1238.563,42594.049,34.39,21556.205,17.404,13618.784,10.996,,,4642.133,3.748,4178.928,3.374,-1402,-1.132
12/11/2024,2024-11-12,12,[01:45-02:00[,2024-11-12 01:45,1238.563,41930.592,33.854,21556.205,17.404,13618.784,10.996,,,4642.133,3.748,4675.575,3.775,-2562.104,-2.069
12/11/2024,2024-11-12,13,[02:00-02:15[,2024-11-12 02:00,1183.167,49041.88,41.45,21621.655,18.274,13121.694,11.09,,,4589.78,3.879,4377.273,3.7,5331.478,4.506
12/11/2024,2024-11-12,14,[02:15-02:30[,2024-11-12 02:15,1183.167,43704.282,36.938,21621.655,18.274,13121.694,11.09,,,4589.78,3.879,3003.269,2.538,1367.884,1.156
12/11/2024,2024-11-12,15,[02:30-02:45[,2024-11-12 02:30,1183.167,42103.853,35.586,21621.655,18.274,13121.694,11.09,,,4589.78,3.879,3544.302,2.996,-773.577,-0.654
12/11/2024,2024-11-12,16,[02:45-03:00[,2024-11-12 02:45,1183.167,42212.503,35.678,21621.655,18.274,13121.694,11.09,,,4589.78,3.879,3299.506,2.789,-420.132,-0.355
12/11/2024,2024-11-12,17,[03:00-03:15[,2024-11-12 03:00,1177.127,48169.289,40.921,21831.987,18.547,12986.124,11.032,,,4950.137,4.205,4675.575,3.972,3725.466,3.165
12/11/2024,2024-11-12,18,[03:15-03:30[,2024-11-12 03:15,1177.127,46890.806,39.835,21831.987,18.547,12986.124,11.032,,,4950.137,4.205,4675.575,3.972,2446.983,2.079
12/11/2024,2024-11-12,19,[03:30-03:45[,2024-11-12 03:30,1177.127,49516.956,42.066,21831.987,18.547,12986.124,11.032,,,4950.137,4.205,4313.978,3.665,5434.73,4.617
12/11/2024,2024-11-12,20,[03:45-04:00[,2024-11-12 03:45,1177.127,50366.915,42.788,21831.987,18.547,12986.124,11.032,,,4950.137,4.205,4361.897,3.706,6236.769,5.298
12/11/2024,2024-11-12,21,[04:00-04:15[,2024-11-12 04:00,1168.208,53188.064,45.53,21555.312,18.452,10681.434,9.143,,,14171.095,12.131,4675.575,4.002,2104.648,1.802
12/11/2024,2024-11-12,22,[04:15-04:30[,2024-11-12 04:15,1168.208,52714.687,45.124,21555.312,18.452,10681.434,9.143,,,14171.095,12.131,4483.217,3.838,1823.628,1.561
12/11/2024,2024-11-12,23,[04:30-04:45[,2024-11-12 04:30,1168.208,50715.446,43.413,21555.312,18.452,10681.434,9.143,,,14171.095,12.131,4390.335,3.758,-82.731,-0.071
12/11/2024,2024-11-12,24,[04:45-05:00[,2024-11-12 04:45,1168.208,53330.672,45.652,21555.312,18.452,10681.434,9.143,,,14171.095,12.131,4426.203,3.789,2496.628,2.137
12/11/2024,2024-11-12,25,[05:00-05:15[,2024-11-12 05:00,1198.189,48882.261,40.797,19573.834,16.336,12714.984,10.612,,,3938.133,3.287,4675.575,3.902,7979.734,6.66
12/11/2024,2024-11-12,26,[05:15-05:30[,2024-11-12 05:15,1198.189,47364.078,39.53,19573.834,16.336,12714.984,10.612,,,3938.133,3.287,4350.217,3.631,6786.91,5.664
12/11/2024,2024-11-12,27,[05:30-05:45[,2024-11-12 05:30,1198.189,47149.39,39.351,19573.834,16.336,12714.984,10.612,,,3938.133,3.287,4453.627,3.717,6468.811,5.399
12/11/2024,2024-11-12,28,[05:45-06:00[,2024-11-12 05:45,1198.189,48664.851,40.615,19573.834,16.336,12714.984,10.612,,,3938.133,3.287,4675.575,3.902,7762.325,6.478
12/11/2024,2024-11-12,29,[06:00-06:15[,2024-11-12 06:00,1307.206,25613.194,19.594,9812.829,7.507,11449.664,8.759,,,4123.598,3.155,4270.126,3.267,-4043.023,-3.093
12/11/2024,2024-11-12,30,[06:15-06:30[,2024-11-12 06:15,1307.206,26070.577,19.944,9812.829,7.507,11449.664,8.759,,,4123.598,3.155,4659.492,3.564,-3975.006,-3.041
12/11/2024,2024-11-12,31,[06:30-06:45[,2024-11-12 06:30,1307.206,19883.678,15.211,9812.829,7.507,11449.664,8.759,,,4123.598,3.155,4675.575,3.577,-10177.989,-7.786
12/11/2024,2024-11-12,32,[06:45-07:00[,2024-11-12 06:45,1307.206,16081.398,12.302,9812.829,7.507,11449.664,8.759,,,4123.598,3.155,3984.97,3.048,-13289.663,-10.166
12/11/2024,2024-11-12,33,[07:00-07:15[,2024-11-12 07:00,1466.941,23223.277,15.831,9306.659,6.344,12263.084,8.36,,,4396.005,2.997,4675.575,3.187,-7418.047,-5.057
12/11/2024,2024-11-12,34,[07:15-07:30[,2024-11-12 07:15,1466.941,30813.125,21.005,9306.659,6.344,12263.084,8.36,,,4396.005,2.997,4636.073,3.16,211.304,0.144
12/11/2024,2024-11-12,35,[07:30-07:45[,2024-11-12 07:30,1466.941,23574.603,16.071,9306.659,6.344,12263.084,8.36,,,4396.005,2.997,4008.782,2.733,-6399.928,-4.363
12/11/2024,2024-11-12,36,[07:45-08:00[,2024-11-12 07:45,1466.941,25528.812,17.403,9306.659,6.344,12263.084,8.36,,,4396.005,2.997,4614.431,3.146,-5051.367,-3.443
12/11/2024,2024-11-12,37,[08:00-08:15[,2024-11-12 08:00,1616.45,36730.914,22.723,20180.248,12.484,12850.554,7.95,,,5288.972,3.272,4331.294,2.68,-5920.154,-3.662
12/11/2024,2024-11-12,38,[08:15-08:30[,2024-11-12 08:15,1616.45,33596.151,20.784,20180.248,12.484,12850.554,7.95,,,5288.972,3.272,4509.12,2.79,-9232.743,-5.712
12/11/2024,2024-11-12,39,[08:30-08:45[,2024-11-12 08:30,1616.45,34830.251,21.547,20180.248,12.484,12850.554,7.95,,,5288.972,3.272,4675.575,2.892,-8165.099,-5.051
12/11/2024,2024-11-12,40,[08:45-09:00[,2024-11-12 08:45,1616.45,44574.674,27.576,20180.248,12.484,12850.554,7.95,,,5288.972,3.272,4343.121,2.687,1911.779,1.183
12/11/2024,2024-11-12,41,[09:00-09:15[,2024-11-12 09:00,1626.32,45181.449,27.781,23571.289,14.494,13596.189,8.36,21.956,0.014,5226.882,3.214,4535.025,2.789,-1769.893,-1.088
12/11/2024,2024-11-12,42,[09:15-09:30[,2024-11-12 09:15,1626.32,47194.288,29.019,23571.289,14.494,13596.189,8.36,21.956,0.014,5226.882,3.214,4639.575,2.853,138.396,0.085
12/11/2024,2024-11-12,43,[09:30-09:45[,2024-11-12 09:30,1626.32,45103.318,27.733,23571.289,14.494,13596.189,8.36,21.956,0.014,5226.882,3.214,4591.954,2.824,-1904.952,-1.171
12/11/2024,2024-11-12,44,[09:45-10:00[,2024-11-12 09:45,1626.32,45493.329,27.973,23571.289,14.494,13596.189,8.36,21.956,0.014,5226.882,3.214,4179.607,2.57,-1102.594,-0.678
12/11/2024,2024-11-12,45,[10:00-10:15[,2024-11-12 10:00,1572.276,33158.64,21.09,23555.616,14.982,14025.494,8.921,,,4198.438,2.67,4267.297,2.714,-12888.205,-8.197
12/11/2024,2024-11-12,46,[10:15-10:30[,2024-11-12 10:15,1572.276,33774.616,21.481,23555.616,14.982,14025.494,8.921,,,4198.438,2.67,4619.41,2.938,-12624.342,-8.029
12/11/2024,2024-11-12,47,[10:30-10:45[,2024-11-12 10:30,1572.276,79219.455,50.385,23555.616,14.982,14025.494,8.921,,,4198.438,2.67,4339.68,2.76,33100.228,21.052
12/11/2024,2024-11-12,48,[10:45-11:00[,2024-11-12 10:45,1572.276,77376.918,49.213,23555.616,14.982,14025.494,8.921,,,4198.438,2.67,4189.293,2.664,31408.078,19.976
12/11/2024,2024-11-12,49,[11:00-11:15[,2024-11-12 11:00,1573.317,68248.593,43.379,23564.787,14.978,14025.494,8.915,,,4293.75,2.729,4534.135,2.882,21830.427,13.875
12/11/2024,2024-11-12,50,[11:15-11:30[,2024-11-12 11:15,1573.317,68694.179,43.662,23564.787,14.978,14025.494,8.915,,,4293.75,2.729,4017.61,2.554,22792.537,14.487
12/11/2024,2024-11-12,51,[11:30-11:45[,2024-11-12 11:30,1573.317,72116.811,45.837,23564.787,14.978,14025.494,8.915,,,4293.75,2.729,4318.399,2.745,25914.38,16.471
12/11/2024,2024-11-12,52,[11:45-12:00[,2024-11-12 11:45,1573.317,73532.7,46.737,23564.787,14.978,14025.494,8.915,,,4293.75,2.729,4474.068,2.844,27174.6,17.272
12/11/2024,2024-11-12,53,[12:00-12:15[,2024-11-12 12:00,1538.444,68932.787,44.807,23547.251,15.306,14025.494,9.117,,,4293.75,2.791,4168.653,2.71,22897.639,14.884
12/11/2024,2024-11-12,54,[12:15-12:30[,2024-11-12 12:15,1538.444,66071.635,42.947,23547.251,15.306,14025.494,9.117,,,4293.75,2.791,4456.47,2.897,19748.67,12.837
12/11/2024,2024-11-12,55,[12:30-12:45[,2024-11-12 12:30,1538.444,65296.967,42.444,23547.251,15.306,14025.494,9.117,,,4293.75,2.791,4544.948,2.954,18885.523,12.276
12/11/2024,2024-11-12,56,[12:45-13:00[,2024-11-12 12:45,1538.444,64278.616,41.782,23547.251,15.306,14025.494,9.117,,,4293.75,2.791,4149.067,2.697,18263.053,11.871
12/11/2024,2024-11-12,57,[13:00-13:15[,2024-11-12 13:00,1526.963,59851.604,39.197,23522.747,15.405,11630.424,7.617,,,4814.145,3.153,4589.54,3.006,15294.747,10.016
12/11/2024,2024-11-12,58,[13:15-13:30[,2024-11-12 13:15,1526.963,57703.452,37.79,23522.747,15.405,11630.424,7.617,,,4814.145,3.153,4403.408,2.884,13332.728,8.732
12/11/2024,2024-11-12,59,[13:30-13:45[,2024-11-12 13:30,1526.963,60151.657,39.393,23522.747,15.405,11630.424,7.617,,,4814.145,3.153,4155.081,2.721,16029.259,10.497
12/11/2024,2024-11-12,60,[13:45-14:00[,2024-11-12 13:45,1526.963,65225.79,42.716,23522.747,15.405,11630.424,7.617,,,4814.145,3.153,4556.792,2.984,20701.682,13.557
12/11/2024,2024-11-12,61,[14:00-14:15[,2024-11-12 14:00,1599.071,53632.299,33.54,22799.002,14.258,12082.324,7.556,,,4836.637,3.025,4360.983,2.727,9553.352,5.974
12/11/2024,2024-11-12,62,[14:15-14:30[,2024-11-12 14:15,1599.071,58168.917,36.377,22799.002,14.258,12082.324,7.556,,,4836.637,3.025,4494.037,2.81,13956.916,8.728
12/11/2024,2024-11-12,63,[14:30-14:45[,2024-11-12 14:30,1599.071,73908.886,46.22,22799.002,14.258,12082.324,7.556,,,4836.637,3.025,4484.73,2.805,29706.192,18.577
12/11/2024,2024-11-12,64,[14:45-15:00[,2024-11-12 14:45,1599.071,76002.271,47.529,22799.002,14.258,12082.324,7.556,,,4836.637,3.025,4283.396,2.679,32000.911,20.012
12/11/2024,2024-11-12,65,[15:00-15:15[,2024-11-12 15:00,1645.242,63376.319,38.521,18762.444,11.404,14025.494,8.525,,,4135.508,2.514,4475.907,2.721,21976.966,13.358
12/11/2024,2024-11-12,66,[15:15-15:30[,2024-11-12 15:15,1645.242,69990.91,42.541,18762.444,11.404,14025.494,8.525,,,4135.508,2.514,4504.525,2.738,28562.938,17.361
12/11/2024,2024-11-12,67,[15:30-15:45[,2024-11-12 15:30,1645.242,71769.413,43.622,18762.444,11.404,14025.494,8.525,,,4135.508,2.514,4127.429,2.509,30718.538,18.671
12/11/2024,2024-11-12,68,[15:45-16:00[,2024-11-12 15:45,1645.242,87974.146,53.472,18762.444,11.404,14025.494,8.525,,,4135.508,2.514,4513.575,2.743,46537.125,28.286
12/11/2024,2024-11-12,69,[16:00-16:15[,2024-11-12 16:00,1707.231,24449.103,14.321,8783.223,5.145,3857.744,2.26,,,3334.975,1.953,4145.704,2.428,4327.457,2.535
12/11/2024,2024-11-12,70,[16:15-16:30[,2024-11-12 16:15,1707.231,35878.888,21.016,8783.223,5.145,3857.744,2.26,,,3334.975,1.953,4197.731,2.459,15705.215,9.199
12/11/2024,2024-11-12,71,[16:30-16:45[,2024-11-12 16:30,1707.231,51165.363,29.97,8783.223,5.145,3857.744,2.26,,,3334.975,1.953,4513.575,2.644,30675.846,17.968
12/11/2024,2024-11-12,72,[16:45-17:00[,2024-11-12 16:45,1707.231,64055.889,37.52,8783.223,5.145,3857.744,2.26,,,3334.975,1.953,4241.011,2.484,43838.936,25.678
12/11/2024,2024-11-12,73,[17:00-17:15[,2024-11-12 17:00,1793.154,1898.43,1.059,1958.476,1.092,,,,,2166,1.208,4362.654,2.433,-6588.7,-3.674
12/11/2024,2024-11-12,74,[17:15-17:30[,2024-11-12 17:15,1793.154,6615.721,3.689,1958.476,1.092,,,,,2166,1.208,4099.756,2.286,-1608.511,-0.897
12/11/2024,2024-11-12,75,[17:30-17:45[,2024-11-12 17:30,1793.154,7653.145,4.268,1958.476,1.092,,,,,2166,1.208,4167.282,2.324,-638.614,-0.356
12/11/2024,2024-11-12,76,[17:45-18:00[,2024-11-12 17:45,1793.154,13485.938,7.521,1958.476,1.092,,,,,2166,1.208,4531.575,2.527,4829.887,2.694
12/11/2024,2024-11-12,77,[18:00-18:15[,2024-11-12 18:00,1865.081,6764.302,3.627,1823.46,0.978,,,,,2962.5,1.588,3141.006,1.684,-1162.664,-0.623
12/11/2024,2024-11-12,78,[18:15-18:30[,2024-11-12 18:15,1865.081,6568.577,3.522,1823.46,0.978,,,,,2962.5,1.588,3142.95,1.685,-1360.333,-0.729
12/11/2024,2024-11-12,79,[18:30-18:45[,2024-11-12 18:30,1865.081,7673.364,4.114,1823.46,0.978,,,,,2962.5,1.588,3077.407,1.65,-190.003,-0.102
12/11/2024,2024-11-12,80,[18:45-19:00[,2024-11-12 18:45,1865.081,7462.42,4.001,1823.46,0.978,,,,,2962.5,1.588,1918.074,1.028,758.385,0.407
12/11/2024,2024-11-12,81,[19:00-19:15[,2024-11-12 19:00,1890.703,4206.589,2.225,1112.076,0.588,,,,,2340.25,1.238,2024.025,1.071,-1269.762,-0.672
12/11/2024,2024-11-12,82,[19:15-19:30[,2024-11-12 19:15,1890.703,7276.711,3.849,1112.076,0.588,,,,,2340.25,1.238,2072.295,1.096,1752.091,0.927
12/11/2024,2024-11-12,83,[19:30-19:45[,2024-11-12 19:30,1890.703,5717.367,3.024,1112.076,0.588,,,,,2340.25,1.238,1955.276,1.034,309.766,0.164
12/11/2024,2024-11-12,84,[19:45-20:00[,2024-11-12 19:45,1890.703,-880.897,-0.466,1112.076,0.588,,,,,2340.25,1.238,1930.131,1.021,-6263.354,-3.313
12/11/2024,2024-11-12,85,[20:00-20:15[,2024-11-12 20:00,1849.57,21454.432,11.6,1828.565,0.989,,,,,2469.99,1.335,3118.95,1.686,14036.927,7.589
12/11/2024,2024-11-12,86,[20:15-20:30[,2024-11-12 20:15,1849.57,9464.726,5.117,1828.565,0.989,,,,,2469.99,1.335,3000.106,1.622,2166.065,1.171
12/11/2024,2024-11-12,87,[20:30-20:45[,2024-11-12 20:30,1849.57,2956.024,1.598,1828.565,0.989,,,,,2469.99,1.335,3118.95,1.686,-4461.481,-2.412
12/11/2024,2024-11-12,88,[20:45-21:00[,2024-11-12 20:45,1849.57,-1176.311,-0.636,1828.565,0.989,,,,,2469.99,1.335,2865.078,1.549,-8339.943,-4.509
12/11/2024,2024-11-12,89,[21:00-21:15[,2024-11-12 21:00,1747.79,24865.562,14.227,6998.593,4.004,,,,,2903.495,1.661,4348.58,2.488,10614.895,6.073
12/11/2024,2024-11-12,90,[21:15-21:30[,2024-11-12 21:15,1747.79,18240.696,10.436,6998.593,4.004,,,,,2903.495,1.661,4473.075,2.559,3865.534,2.212
12/11/2024,2024-11-12,91,[21:30-21:45[,2024-11-12 21:30,1747.79,11288.776,6.459,6998.593,4.004,,,,,2903.495,1.661,4346.787,2.487,-2960.098,-1.694
12/11/2024,2024-11-12,92,[21:45-22:00[,2024-11-12 21:45,1747.79,5625.299,3.219,6998.593,4.004,,,,,2903.495,1.661,4089.678,2.34,-8366.466,-4.787
12/11/2024,2024-11-12,93,[22:00-22:15[,2024-11-12 22:00,1608.925,30369.241,18.875,7043.513,4.378,,,,,2640.715,1.641,4327.575,2.69,16357.439,10.167
12/11/2024,2024-11-12,94,[22:15-22:30[,2024-11-12 22:15,1608.925,16981.132,10.554,7043.513,4.378,,,,,2640.715,1.641,4304.315,2.675,2992.59,1.86
12/11/2024,2024-11-12,95,[22:30-22:45[,2024-11-12 22:30,1608.925,8072.672,5.017,7043.513,4.378,,,,,2640.715,1.641,3824.561,2.377,-5436.117,-3.379
12/11/2024,2024-11-12,96,[22:45-23:00[,2024-11-12 22:45,1608.925,7864.991,4.888,7043.513,4.378,,,,,2640.715,1.641,4327.575,2.69,-6146.811,-3.82
13/11/2024,2024-11-13,1,[23:00-23:15[,2024-11-12 23:00,1449.786,16689.553,11.512,4289.088,2.958,,,,,2831.415,1.953,3717.859,2.564,5851.191,4.036
13/11/2024,2024-11-13,2,[23:15-23:30[,2024-11-12 23:15,1449.786,11914.36,8.218,4289.088,2.958,,,,,2831.415,1.953,4235.331,2.921,558.525,0.385
13/11/2024,2024-11-13,3,[23:30-23:45[,2024-11-12 23:30,1449.786,8594.861,5.928,4289.088,2.958,,,,,2831.415,1.953,4327.575,2.985,-2853.217,-1.968
13/11/2024,2024-11-13,4,[23:45-00:00[,2024-11-12 23:45,1449.786,4279.058,2.952,4289.088,2.958,,,,,2831.415,1.953,3903.846,2.693,-6745.292,-4.653
13/11/2024,2024-11-13,5,[00:00-00:15[,2024-11-13 00:00,1333.742,19484.337,14.609,8186.234,6.138,,,,,2831.415,2.123,4615.575,3.461,3851.113,2.887
13/11/2024,2024-11-13,6,[00:15-00:30[,2024-11-13 00:15,1333.742,16290.873,12.214,8186.234,6.138,,,,,2831.415,2.123,4615.575,3.461,657.649,0.493
13/11/2024,2024-11-13,7,[00:30-00:45[,2024-11-13 00:30,1333.742,12931.373,9.696,8186.234,6.138,,,,,2831.415,2.123,4144.891,3.108,-2231.167,-1.673
13/11/2024,2024-11-13,8,[00:45-01:00[,2024-11-13 00:45,1333.742,11353.779,8.513,8186.234,6.138,,,,,2831.415,2.123,4615.575,3.461,-4279.445,-3.209
13/11/2024,2024-11-13,9,[01:00-01:15[,2024-11-13 01:00,1257.292,16878.392,13.424,8200.44,6.522,,,,,1772.685,1.41,4334.088,3.447,2571.179,2.045
13/11/2024,2024-11-13,10,[01:15-01:30[,2024-11-13 01:15,1257.292,14041.924,11.168,8200.44,6.522,,,,,1772.685,1.41,4477.421,3.561,-408.621,-0.325
13/11/2024,2024-11-13,11,[01:30-01:45[,2024-11-13 01:30,1257.292,16397.805,13.042,8200.44,6.522,,,,,1772.685,1.41,4615.575,3.671,1809.105,1.439
13/11/2024,2024-11-13,12,[01:45-02:00[,2024-11-13 01:45,1257.292,17240.019,13.712,8200.44,6.522,,,,,1772.685,1.41,4297.614,3.418,2969.281,2.362
13/11/2024,2024-11-13,13,[02:00-02:15[,2024-11-13 02:00,1210.456,20221.444,16.706,9726.074,8.035,,,,,1772.685,1.464,4547.176,3.757,4175.509,3.45
13/11/2024,2024-11-13,14,[02:15-02:30[,2024-11-13 02:15,1210.456,17788.127,14.695,9726.074,8.035,,,,,1772.685,1.464,4598.952,3.799,1690.416,1.397
13/11/2024,2024-11-13,15,[02:30-02:45[,2024-11-13 02:30,1210.456,15030.519,12.417,9726.074,8.035,,,,,1772.685,1.464,4615.575,3.813,-1083.815,-0.895
13/11/2024,2024-11-13,16,[02:45-03:00[,2024-11-13 02:45,1210.456,13295.369,10.984,9726.074,8.035,,,,,1772.685,1.464,4060.173,3.354,-2263.563,-1.87
13/11/2024,2024-11-13,17,[03:00-03:15[,2024-11-13 03:00,1183.806,14848.647,12.543,10490.484,8.862,,,,,1772.685,1.497,4363.444,3.686,-1777.965,-1.502
13/11/2024,2024-11-13,18,[03:15-03:30[,2024-11-13 03:15,1183.806,15447.208,13.049,10490.484,8.862,,,,,1451.304,1.226,4561.575,3.853,-1056.154,-0.892
13/11/2024,2024-11-13,19,[03:30-03:45[,2024-11-13 03:30,1183.806,15871.857,13.407,10490.484,8.862,,,,,1210.569,1.023,4492.332,3.795,-321.527,-0.272
13/11/2024,2024-11-13,20,[03:45-04:00[,2024-11-13 03:45,1183.806,15457.246,13.057,10490.484,8.862,,,,,1772.685,1.497,4440.862,3.751,-1246.785,-1.053
13/11/2024,2024-11-13,21,[04:00-04:15[,2024-11-13 04:00,1178.037,16000.493,13.582,9748.735,8.275,,,,,1772.685,1.505,4501.91,3.822,-22.837,-0.019
13/11/2024,2024-11-13,22,[04:15-04:30[,2024-11-13 04:15,1178.037,16444.838,13.96,9748.735,8.275,,,,,1772.685,1.505,4199.926,3.565,723.492,0.614
13/11/2024,2024-11-13,23,[04:30-04:45[,2024-11-13 04:30,1178.037,15693.159,13.321,9748.735,8.275,,,,,1772.685,1.505,4491.254,3.812,-319.515,-0.271
13/11/2024,2024-11-13,24,[04:45-05:00[,2024-11-13 04:45,1178.037,15705.943,13.332,9748.735,8.275,,,,,1772.685,1.505,4494.776,3.815,-310.253,-0.263
13/11/2024,2024-11-13,25,[05:00-05:15[,2024-11-13 05:00,1188.608,6988.723,5.88,6595.684,5.549,,,,,1896.7,1.596,2454.832,2.065,-3958.493,-3.33
13/11/2024,2024-11-13,26,[05:15-05:30[,2024-11-13 05:15,1188.608,8648.866,7.276,6595.684,5.549,,,,,1896.7,1.596,3301.878,2.778,-3145.395,-2.646
13/11/2024,2024-11-13,27,[05:30-05:45[,2024-11-13 05:30,1188.608,9789.499,8.236,6595.684,5.549,,,,,1896.7,1.596,3377.087,2.841,-2079.971,-1.75
13/11/2024,2024-11-13,28,[05:45-06:00[,2024-11-13 05:45,1188.608,18822.493,15.836,6595.684,5.549,,,,,1896.7,1.596,2712.458,2.282,7617.652,6.409
13/11/2024,2024-11-13,29,[06:00-06:15[,2024-11-13 06:00,1311.432,12561.259,9.578,4709.504,3.591,,,,,1653.56,1.261,3301.51,2.517,2896.686,2.209
13/11/2024,2024-11-13,30,[06:15-06:30[,2024-11-13 06:15,1311.432,8419.158,6.42,4709.504,3.591,,,,,1653.56,1.261,3283.346,2.504,-1227.252,-0.936
13/11/2024,2024-11-13,31,[06:30-06:45[,2024-11-13 06:30,1311.432,9901.331,7.55,4709.504,3.591,,,,,1653.56,1.261,2932.425,2.236,605.843,0.462
13/11/2024,2024-11-13,32,[06:45-07:00[,2024-11-13 06:45,1311.432,14283.142,10.891,4709.504,3.591,,,,,1653.56,1.261,3250.79,2.479,4669.289,3.56
13/11/2024,2024-11-13,33,[07:00-07:15[,2024-11-13 07:00,1470.395,8354.322,5.682,4540.551,3.088,,,,,1903.8,1.295,3118.873,2.121,-1208.902,-0.822
13/11/2024,2024-11-13,34,[07:15-07:30[,2024-11-13 07:15,1470.395,11110.472,7.556,4540.551,3.088,,,,,1903.8,1.295,3132.143,2.13,1533.978,1.043
13/11/2024,2024-11-13,35,[07:30-07:45[,2024-11-13 07:30,1470.395,17539.96,11.929,4540.551,3.088,,,,,1903.8,1.295,3167.787,2.154,7927.822,5.392
13/11/2024,2024-11-13,36,[07:45-08:00[,2024-11-13 07:45,1470.395,15526.252,10.559,4540.551,3.088,,,,,1903.8,1.295,2976.864,2.025,6105.037,4.152
13/11/2024,2024-11-13,37,[08:00-08:15[,2024-11-13 08:00,1621.342,13709.97,8.456,4728.703,2.917,,,,,3001.5,1.851,3233.635,1.994,2746.133,1.694
13/11/2024,2024-11-13,38,[08:15-08:30[,2024-11-13 08:15,1621.342,10387.305,6.407,4728.703,2.917,,,,,3001.5,1.851,2974.477,1.835,-317.374,-0.196
13/11/2024,2024-11-13,39,[08:30-08:45[,2024-11-13 08:30,1621.342,7103.926,4.382,4728.703,2.917,,,,,3001.5,1.851,2653.021,1.636,-3279.298,-2.023
13/11/2024,2024-11-13,40,[08:45-09:00[,2024-11-13 08:45,1621.342,3557.827,2.194,4728.703,2.917,,,,,3001.5,1.851,2979.601,1.838,-7151.976,-4.411
13/11/2024,2024-11-13,41,[09:00-09:15[,2024-11-13 09:00,1624.181,14869.549,9.155,6582.784,4.053,,,,,3001.5,1.848,2734.768,1.684,2550.497,1.57
13/11/2024,2024-11-13,42,[09:15-09:30[,2024-11-13 09:15,1624.181,9589.03,5.904,6582.784,4.053,,,,,3001.5,1.848,2967.947,1.827,-2963.2,-1.824
13/11/2024,2024-11-13,43,[09:30-09:45[,2024-11-13 09:30,1624.181,11789.231,7.259,6582.784,4.053,,,,,3001.5,1.848,2992.264,1.842,-787.317,-0.485
13/11/2024,2024-11-13,44,[09:45-10:00[,2024-11-13 09:45,1624.181,8885.49,5.471,6582.784,4.053,,,,,3001.5,1.848,2835.81,1.746,-3534.604,-2.176
13/11/2024,2024-11-13,45,[10:00-10:15[,2024-11-13 10:00,1586.016,16639.791,10.492,11210.507,7.068,,,-4249.15,-2.679,2108.255,1.329,2901.797,1.83,4668.381,2.943
13/11/2024,2024-11-13,46,[10:15-10:30[,2024-11-13 10:15,1586.016,20521.219,12.939,11210.507,7.068,,,-4260.123,-2.686,2108.255,1.329,2962.267,1.868,8500.312,5.36
13/11/2024,2024-11-13,47,[10:30-10:45[,2024-11-13 10:30,1586.016,15805.094,9.965,11210.507,7.068,,,-4939.373,-3.114,2108.255,1.329,2758.138,1.739,4667.567,2.943
13/11/2024,2024-11-13,48,[10:45-11:00[,2024-11-13 10:45,1586.016,16385.847,10.331,11210.507,7.068,,,-4249.15,-2.679,2108.255,1.329,3020.234,1.904,4296.001,2.709
13/11/2024,2024-11-13,49,[11:00-11:15[,2024-11-13 11:00,1584.594,14162.5,8.938,11244.895,7.096,,,-3588.925,-2.265,2108.255,1.33,2776.674,1.752,1621.601,1.023
13/11/2024,2024-11-13,50,[11:15-11:30[,2024-11-13 11:15,1584.594,13529.113,8.538,11244.895,7.096,,,-3588.785,-2.265,2108.255,1.33,2798.757,1.766,965.991,0.61
13/11/2024,2024-11-13,51,[11:30-11:45[,2024-11-13 11:30,1584.594,22664.09,14.303,11244.895,7.096,,,-3588.325,-2.265,2108.255,1.33,2758.96,1.741,10140.304,6.399
13/11/2024,2024-11-13,52,[11:45-12:00[,2024-11-13 11:45,1584.594,25007.114,15.781,11244.895,7.096,,,-3588.785,-2.265,2108.255,1.33,2569.355,1.621,12673.394,7.998
13/11/2024,2024-11-13,53,[12:00-12:15[,2024-11-13 12:00,1575.424,21760.438,13.812,11219.555,7.122,,,-4023.668,-2.554,2108.255,1.338,2883.746,1.83,9572.549,6.076
13/11/2024,2024-11-13,54,[12:15-12:30[,2024-11-13 12:15,1575.424,17036.863,10.814,11219.555,7.122,,,-4030.523,-2.558,2108.255,1.338,3028.058,1.922,4711.518,2.991
13/11/2024,2024-11-13,55,[12:30-12:45[,2024-11-13 12:30,1575.424,16442.911,10.437,11219.555,7.122,,,-4030.523,-2.558,2108.255,1.338,2991.688,1.899,4153.935,2.637
13/11/2024,2024-11-13,56,[12:45-13:00[,2024-11-13 12:45,1575.424,18504.348,11.746,11219.555,7.122,,,-4023.668,-2.554,2108.255,1.338,3418.169,2.17,5782.036,3.67
13/11/2024,2024-11-13,57,[13:00-13:15[,2024-11-13 13:00,1602.702,15967.884,9.963,10254.062,6.398,,,-4692,-2.928,2108.255,1.315,4160.644,2.596,4136.923,2.581
13/11/2024,2024-11-13,58,[13:15-13:30[,2024-11-13 13:15,1602.702,15648.706,9.764,10254.062,6.398,,,-4692,-2.928,2108.255,1.315,3761.601,2.347,4216.788,2.631
13/11/2024,2024-11-13,59,[13:30-13:45[,2024-11-13 13:30,1602.702,20423.549,12.743,10254.062,6.398,,,-4692,-2.928,2108.255,1.315,4354.532,2.717,8398.701,5.24
13/11/2024,2024-11-13,60,[13:45-14:00[,2024-11-13 13:45,1602.702,29993.056,18.714,10254.062,6.398,,,-4692,-2.928,2108.255,1.315,4038.473,2.52,18284.266,11.408
13/11/2024,2024-11-13,61,[14:00-14:15[,2024-11-13 14:00,1694.744,6347.745,3.746,7990.603,4.715,,,,,2831.415,1.671,4462.429,2.633,-8936.703,-5.273
13/11/2024,2024-11-13,62,[14:15-14:30[,2024-11-13 14:15,1694.744,9479.16,5.593,7990.603,4.715,,,,,2831.415,1.671,4474.895,2.64,-5817.753,-3.433
13/11/2024,2024-11-13,63,[14:30-14:45[,2024-11-13 14:30,1694.744,18368.273,10.838,7990.603,4.715,,,,,2831.415,1.671,4357.022,2.571,3189.233,1.882
13/11/2024,2024-11-13,64,[14:45-15:00[,2024-11-13 14:45,1694.744,20588.984,12.149,7990.603,4.715,,,,,2831.415,1.671,4082.165,2.409,5684.8,3.354
13/11/2024,2024-11-13,65,[15:00-15:15[,2024-11-13 15:00,1713.485,8175.77,4.771,6388.754,3.729,,,,,3001.5,1.752,4247.563,2.479,-5462.048,-3.188
13/11/2024,2024-11-13,66,[15:15-15:30[,2024-11-13 15:15,1713.485,14747.753,8.607,6388.754,3.729,,,,,3001.5,1.752,4525.575,2.641,831.924,0.486
13/11/2024,2024-11-13,67,[15:30-15:45[,2024-11-13 15:30,1713.485,16307.521,9.517,6388.754,3.729,,,,,3001.5,1.752,4359.424,2.544,2557.842,1.493
13/11/2024,2024-11-13,68,[15:45-16:00[,2024-11-13 15:45,1713.485,24261.58,14.159,6388.754,3.729,,,,,3001.5,1.752,4406.111,2.571,10465.215,6.108
13/11/2024,2024-11-13,69,[16:00-16:15[,2024-11-13 16:00,1773.58,693.252,0.391,1892.932,1.067,,,,,3001.5,1.692,3745,2.112,-7946.179,-4.48
13/11/2024,2024-11-13,70,[16:15-16:30[,2024-11-13 16:15,1773.58,2415.873,1.362,1892.932,1.067,,,,,3001.5,1.692,3078.647,1.736,-5557.206,-3.133
13/11/2024,2024-11-13,71,[16:30-16:45[,2024-11-13 16:30,1773.58,4673.701,2.635,1892.932,1.067,,,,,3001.5,1.692,3118.915,1.759,-3339.646,-1.883
13/11/2024,2024-11-13,72,[16:45-17:00[,2024-11-13 16:45,1773.58,17935.945,10.113,1892.932,1.067,,,,,3001.5,1.692,3308.212,1.865,9733.302,5.488
13/11/2024,2024-11-13,73,[17:00-17:15[,2024-11-13 17:00,1861.538,2784.24,1.496,-359.505,-0.193,,,,,3593.195,1.93,2987.157,1.605,-3436.607,-1.846
13/11/2024,2024-11-13,74,[17:15-17:30[,2024-11-13 17:15,1861.538,1482.215,0.796,-359.505,-0.193,,,,,3593.195,1.93,3028.426,1.627,-4779.902,-2.568
13/11/2024,2024-11-13,75,[17:30-17:45[,2024-11-13 17:30,1861.538,7977.814,4.286,-359.505,-0.193,,,,,3593.195,1.93,3012.241,1.618,1731.883,0.93
13/11/2024,2024-11-13,76,[17:45-18:00[,2024-11-13 17:45,1861.538,12179.109,6.542,-359.505,-0.193,,,,,3593.195,1.93,2222.334,1.194,6723.085,3.612
13/11/2024,2024-11-13,77,[18:00-18:15[,2024-11-13 18:00,1932.889,3024.197,1.565,-859.853,-0.445,,,,,3604.53,1.865,1769.565,0.916,-1490.045,-0.771
13/11/2024,2024-11-13,78,[18:15-18:30[,2024-11-13 18:15,1932.889,-3220.186,-1.666,-859.853,-0.445,,,,,3604.53,1.865,1736.567,0.898,-7701.431,-3.984
13/11/2024,2024-11-13,79,[18:30-18:45[,2024-11-13 18:30,1932.889,4990.369,2.582,-859.853,-0.445,,,,,3604.53,1.865,1673.544,0.866,572.148,0.296
13/11/2024,2024-11-13,80,[18:45-19:00[,2024-11-13 18:45,1932.889,7177.254,3.713,-859.853,-0.445,,,,,3604.53,1.865,1686.844,0.873,2745.732,1.421
13/11/2024,2024-11-13,81,[19:00-19:15[,2024-11-13 19:00,1974.361,562.752,0.285,-1005.95,-0.51,,,,,1653.56,0.838,1702.06,0.862,-1786.918,-0.905
13/11/2024,2024-11-13,82,[19:15-19:30[,2024-11-13 19:15,1974.361,6089.325,3.084,-1005.95,-0.51,,,,,1653.56,0.838,1672.887,0.847,3768.828,1.909
13/11/2024,2024-11-13,83,[19:30-19:45[,2024-11-13 19:30,1974.361,1470.194,0.745,-1005.95,-0.51,,,,,1653.56,0.838,1660.75,0.841,-838.166,-0.425
13/11/2024,2024-11-13,84,[19:45-20:00[,2024-11-13 19:45,1974.361,-1493.466,-0.756,-1005.95,-0.51,,,,,1653.56,0.838,1659.583,0.841,-3800.66,-1.925
13/11/2024,2024-11-13,85,[20:00-20:15[,2024-11-13 20:00,1901.659,6718.462,3.533,-307.743,-0.162,,,,,1903.8,1.001,1613.807,0.849,3508.598,1.845
13/11/2024,2024-11-13,86,[20:15-20:30[,2024-11-13 20:15,1901.659,1986.027,1.044,-307.743,-0.162,,,,,1903.8,1.001,1406.209,0.739,-1016.239,-0.534
13/11/2024,2024-11-13,87,[20:30-20:45[,2024-11-13 20:30,1901.659,-3684.099,-1.937,-307.743,-0.162,,,,,1903.8,1.001,1494.792,0.786,-6774.949,-3.563
13/11/2024,2024-11-13,88,[20:45-21:00[,2024-11-13 20:45,1901.659,-7025.524,-3.694,-307.743,-0.162,,,,,1903.8,1.001,1534.473,0.807,-10156.054,-5.341
13/11/2024,2024-11-13,89,[21:00-21:15[,2024-11-13 21:00,1797.454,12869.039,7.16,-263.133,-0.146,,,,,3593.195,1.999,3060.863,1.703,6478.113,3.604
13/11/2024,2024-11-13,90,[21:15-21:30[,2024-11-13 21:15,1797.454,7207.254,4.01,-263.133,-0.146,,,,,3593.195,1.999,3100.95,1.725,776.241,0.432
13/11/2024,2024-11-13,91,[21:30-21:45[,2024-11-13 21:30,1797.454,64.053,0.036,-263.133,-0.146,,,,,3593.195,1.999,2812.95,1.565,-6078.96,-3.382
13/11/2024,2024-11-13,92,[21:45-22:00[,2024-11-13 21:45,1797.454,-9208.204,-5.123,-263.133,-0.146,,,,,3593.195,1.999,2345.604,1.305,-14883.87,-8.281
13/11/2024,2024-11-13,93,[22:00-22:15[,2024-11-13 22:00,1655.737,17292.013,10.444,741.433,0.448,,,,,4314.34,2.606,4042.484,2.442,8193.756,4.949
13/11/2024,2024-11-13,94,[22:15-22:30[,2024-11-13 22:15,1655.737,12217.11,7.379,741.433,0.448,,,,,4314.34,2.606,4131.075,2.495,3030.262,1.83
13/11/2024,2024-11-13,95,[22:30-22:45[,2024-11-13 22:30,1655.737,3798.133,2.294,741.433,0.448,,,,,4314.34,2.606,4097.236,2.475,-5354.876,-3.234
13/11/2024,2024-11-13,96,[22:45-23:00[,2024-11-13 22:45,1655.737,-2242.261,-1.354,741.433,0.448,,,,,4314.34,2.606,3660.205,2.211,-10958.239,-6.618
14/11/2024,2024-11-14,1,[23:00-23:15[,2024-11-13 23:00,1486.798,21776.959,14.647,6447.668,4.337,,,9044.843,6.083,2054.943,1.382,4273.336,2.874,-43.83,-0.029
14/11/2024,2024-11-14,2,[23:15-23:30[,2024-11-13 23:15,1486.798,18490.715,12.437,6447.668,4.337,,,9044.843,6.083,2054.943,1.382,4273.575,2.874,-3330.313,-2.24
14/11/2024,2024-11-14,3,[23:30-23:45[,2024-11-13 23:30,1486.798,13136.851,8.836,6447.668,4.337,,,9044.843,6.083,2054.943,1.382,2834.421,1.906,-7245.023,-4.873
14/11/2024,2024-11-14,4,[23:45-00:00[,2024-11-13 23:45,1486.798,13813.555,9.291,6447.668,4.337,,,9044.843,6.083,2054.943,1.382,4129.58,2.777,-7863.478,-5.289
14/11/2024,2024-11-14,5,[00:00-00:15[,2024-11-14 00:00,1368.967,22260.224,16.261,9665.788,7.061,,,7943.205,5.802,1909.422,1.395,4561.575,3.332,-1819.766,-1.329
14/11/2024,2024-11-14,6,[00:15-00:30[,2024-11-14 00:15,1368.967,19016.927,13.891,9665.788,7.061,,,7943.205,5.802,1909.422,1.395,4307.534,3.147,-4809.022,-3.513
14/11/2024,2024-11-14,7,[00:30-00:45[,2024-11-14 00:30,1368.967,16749.526,12.235,9665.788,7.061,,,7943.205,5.802,1909.422,1.395,4181.508,3.055,-6950.398,-5.077
14/11/2024,2024-11-14,8,[00:45-01:00[,2024-11-14 00:45,1368.967,19308.107,14.104,9665.788,7.061,,,7943.205,5.802,1909.422,1.395,4561.575,3.332,-4771.883,-3.486
14/11/2024,2024-11-14,9,[01:00-01:15[,2024-11-14 01:00,1285.377,17203.432,13.384,9168.084,7.133,,,,,1618.38,1.259,4225.046,3.287,2191.923,1.705
14/11/2024,2024-11-14,10,[01:15-01:30[,2024-11-14 01:15,1285.377,12867.234,10.01,9168.084,7.133,,,,,1618.38,1.259,4060.552,3.159,-1979.783,-1.54
14/11/2024,2024-11-14,11,[01:30-01:45[,2024-11-14 01:30,1285.377,11996.608,9.333,9168.084,7.133,,,,,1618.38,1.259,3950.442,3.073,-2740.298,-2.132
14/11/2024,2024-11-14,12,[01:45-02:00[,2024-11-14 01:45,1285.377,13194.723,10.265,9168.084,7.133,,,,,1618.38,1.259,4531.436,3.525,-2123.178,-1.652
14/11/2024,2024-11-14,13,[02:00-02:15[,2024-11-14 02:00,1242.567,15529.049,12.498,9168.084,7.378,,,,,1618.38,1.302,4561.575,3.671,181.01,0.146
14/11/2024,2024-11-14,14,[02:15-02:30[,2024-11-14 02:15,1242.567,14457.099,11.635,9168.084,7.378,,,,,1618.38,1.302,4108.569,3.307,-437.935,-0.352
14/11/2024,2024-11-14,15,[02:30-02:45[,2024-11-14 02:30,1242.567,13885.036,11.174,9168.084,7.378,,,,,1618.38,1.302,4561.575,3.671,-1463.003,-1.177
14/11/2024,2024-11-14,16,[02:45-03:00[,2024-11-14 02:45,1242.567,13775.168,11.086,9168.084,7.378,,,,,1618.38,1.302,4530.186,3.646,-1541.483,-1.241
14/11/2024,2024-11-14,17,[03:00-03:15[,2024-11-14 03:00,1215.372,13811.322,11.364,9168.084,7.543,,,,,1618.38,1.332,4561.575,3.753,-1536.717,-1.264
14/11/2024,2024-11-14,18,[03:15-03:30[,2024-11-14 03:15,1215.372,12638.275,10.399,9168.084,7.543,,,,,1618.38,1.332,3853.319,3.17,-2001.507,-1.647
14/11/2024,2024-11-14,19,[03:30-03:45[,2024-11-14 03:30,1215.372,14826.208,12.199,9168.084,7.543,,,,,1618.38,1.332,4328.711,3.562,-288.967,-0.238
14/11/2024,2024-11-14,20,[03:45-04:00[,2024-11-14 03:45,1215.372,14618.208,12.028,9168.084,7.543,,,,,1618.38,1.332,4529.582,3.727,-697.838,-0.574
14/11/2024,2024-11-14,21,[04:00-04:15[,2024-11-14 04:00,1207.166,15123.371,12.528,9118.669,7.554,,,,,1618.38,1.341,4318.102,3.577,68.22,0.057
14/11/2024,2024-11-14,22,[04:15-04:30[,2024-11-14 04:15,1207.166,15765.288,13.06,9118.669,7.554,,,,,1618.38,1.341,4489.575,3.719,538.664,0.446
14/11/2024,2024-11-14,23,[04:30-04:45[,2024-11-14 04:30,1207.166,13937.455,11.546,9118.669,7.554,,,,,1618.38,1.341,4489.575,3.719,-1289.168,-1.068
14/11/2024,2024-11-14,24,[04:45-05:00[,2024-11-14 04:45,1207.166,12240.345,10.14,9118.669,7.554,,,,,1618.38,1.341,4265.101,3.533,-2761.805,-2.288
14/11/2024,2024-11-14,25,[05:00-05:15[,2024-11-14 05:00,1230.342,7899.165,6.42,8218.972,6.68,,,,,1618.38,1.315,4094.138,3.328,-6032.325,-4.903
14/11/2024,2024-11-14,26,[05:15-05:30[,2024-11-14 05:15,1230.342,10549.447,8.574,8218.972,6.68,,,,,1618.38,1.315,4489.575,3.649,-3777.479,-3.07
14/11/2024,2024-11-14,27,[05:30-05:45[,2024-11-14 05:30,1230.342,13661.602,11.104,8218.972,6.68,,,,,1618.38,1.315,4489.575,3.649,-665.324,-0.541
14/11/2024,2024-11-14,28,[05:45-06:00[,2024-11-14 05:45,1230.342,25107.972,20.407,8218.972,6.68,,,,,1618.38,1.315,4165.2,3.385,11105.42,9.026
14/11/2024,2024-11-14,29,[06:00-06:15[,2024-11-14 06:00,1343.58,6436.213,4.79,4218.595,3.14,,,,,1668.3,1.242,4165.05,3.1,-3615.732,-2.691
14/11/2024,2024-11-14,30,[06:15-06:30[,2024-11-14 06:15,1343.58,2114.919,1.574,4218.595,3.14,,,,,1668.3,1.242,4391.206,3.268,-8163.182,-6.076
14/11/2024,2024-11-14,31,[06:30-06:45[,2024-11-14 06:30,1343.58,8806.218,6.554,4218.595,3.14,,,,,1668.3,1.242,4507.575,3.355,-1588.252,-1.182
14/11/2024,2024-11-14,32,[06:45-07:00[,2024-11-14 06:45,1343.58,16056.936,11.951,4218.595,3.14,,,,,1668.3,1.242,4337.991,3.229,5832.05,4.341
14/11/2024,2024-11-14,33,[07:00-07:15[,2024-11-14 07:00,1512.945,380.338,0.251,3434.513,2.27,,,,,1860,1.229,4410.137,2.915,-9324.311,-6.163
14/11/2024,2024-11-14,34,[07:15-07:30[,2024-11-14 07:15,1512.945,2278.541,1.506,3434.513,2.27,,,,,1860,1.229,4151.314,2.744,-7167.286,-4.737
14/11/2024,2024-11-14,35,[07:30-07:45[,2024-11-14 07:30,1512.945,14411.001,9.525,3434.513,2.27,,,,,1860,1.229,4159.032,2.749,4957.456,3.277
14/11/2024,2024-11-14,36,[07:45-08:00[,2024-11-14 07:45,1512.945,11064.616,7.313,3434.513,2.27,,,,,1860,1.229,4389.905,2.902,1380.199,0.912
14/11/2024,2024-11-14,37,[08:00-08:15[,2024-11-14 08:00,1682.971,6119.238,3.636,4016.576,2.387,,,,,2011.32,1.195,4001.162,2.377,-3909.82,-2.323
14/11/2024,2024-11-14,38,[08:15-08:30[,2024-11-14 08:15,1682.971,11468.429,6.814,4016.576,2.387,,,,,2011.32,1.195,4274.31,2.54,1166.224,0.693
14/11/2024,2024-11-14,39,[08:30-08:45[,2024-11-14 08:30,1682.971,6534.567,3.883,4016.576,2.387,,,,,2011.32,1.195,3773.381,2.242,-3266.71,-1.941
14/11/2024,2024-11-14,40,[08:45-09:00[,2024-11-14 08:45,1682.971,7947.792,4.722,4016.576,2.387,,,,,2011.32,1.195,4362.172,2.592,-2442.275,-1.451
14/11/2024,2024-11-14,41,[09:00-09:15[,2024-11-14 09:00,1737.567,13879.047,7.988,5253.538,3.024,,,,,2047.56,1.178,3039.613,1.749,3538.337,2.036
14/11/2024,2024-11-14,42,[09:15-09:30[,2024-11-14 09:15,1737.567,8822.58,5.078,5253.538,3.024,,,,,2047.56,1.178,2829.8,1.629,-1308.318,-0.753
14/11/2024,2024-11-14,43,[09:30-09:45[,2024-11-14 09:30,1737.567,8156.177,4.694,5253.538,3.024,,,,,2047.56,1.178,3039.613,1.749,-2184.533,-1.257
14/11/2024,2024-11-14,44,[09:45-10:00[,2024-11-14 09:45,1737.567,6112.501,3.518,5253.538,3.024,,,,,2047.56,1.178,3026.68,1.742,-4215.276,-2.426
14/11/2024,2024-11-14,45,[10:00-10:15[,2024-11-14 10:00,1775.499,3170.58,1.786,5219.819,2.94,,,,,2240.84,1.262,2737.532,1.542,-7027.611,-3.958
14/11/2024,2024-11-14,46,[10:15-10:30[,2024-11-14 10:15,1775.499,4166.939,2.347,5219.819,2.94,,,,,2240.84,1.262,2969.424,1.672,-6263.144,-3.528
14/11/2024,2024-11-14,47,[10:30-10:45[,2024-11-14 10:30,1775.499,8708.117,4.905,5219.819,2.94,,,,,2240.84,1.262,2809.409,1.582,-1561.95,-0.88
14/11/2024,2024-11-14,48,[10:45-11:00[,2024-11-14 10:45,1775.499,8138.794,4.584,5219.819,2.94,,,,,2240.84,1.262,2923.632,1.647,-2245.497,-1.265
14/11/2024,2024-11-14,49,[11:00-11:15[,2024-11-14 11:00,1845.342,-1669.223,-0.905,5284.372,2.864,,,896.19,0.486,2366.895,1.283,2899.235,1.571,-13115.916,-7.108
14/11/2024,2024-11-14,50,[11:15-11:30[,2024-11-14 11:15,1845.342,-215.629,-0.117,5284.372,2.864,,,,,2352.405,1.275,2523.42,1.367,-10375.826,-5.623
14/11/2024,2024-11-14,51,[11:30-11:45[,2024-11-14 11:30,1845.342,6935.624,3.758,5284.372,2.864,,,,,2352.405,1.275,2899.235,1.571,-3600.388,-1.951
14/11/2024,2024-11-14,52,[11:45-12:00[,2024-11-14 11:45,1845.342,8543.945,4.63,5284.372,2.864,,,,,2454.051,1.33,2893.781,1.568,-2088.259,-1.132
14/11/2024,2024-11-14,53,[12:00-12:15[,2024-11-14 12:00,1835.141,17134.734,9.337,5225.319,2.847,5178.939,2.822,,,2240.84,1.221,2722.216,1.483,1767.421,0.963
14/11/2024,2024-11-14,54,[12:15-12:30[,2024-11-14 12:15,1835.141,7194.643,3.92,5225.319,2.847,5178.939,2.822,,,2240.84,1.221,2897.873,1.579,-8348.327,-4.549
14/11/2024,2024-11-14,55,[12:30-12:45[,2024-11-14 12:30,1835.141,5911.192,3.221,5225.319,2.847,5178.939,2.822,,,2240.84,1.221,2899.235,1.58,-9633.141,-5.249
14/11/2024,2024-11-14,56,[12:45-13:00[,2024-11-14 12:45,1835.141,5682.849,3.097,5225.319,2.847,5178.939,2.822,,,2240.84,1.221,2899.235,1.58,-9861.483,-5.374
14/11/2024,2024-11-14,57,[13:00-13:15[,2024-11-14 13:00,1815.265,8613.24,4.745,5272.61,2.905,6975.639,3.843,,,2011.32,1.108,3065.687,1.689,-8712.016,-4.799
14/11/2024,2024-11-14,58,[13:15-13:30[,2024-11-14 13:15,1815.265,4664.562,2.57,5272.61,2.905,6975.639,3.843,,,2011.32,1.108,3069.239,1.691,-12664.246,-6.977
14/11/2024,2024-11-14,59,[13:30-13:45[,2024-11-14 13:30,1815.265,8423.366,4.64,5272.61,2.905,6975.639,3.843,,,2011.32,1.108,3144.896,1.732,-8981.098,-4.948
14/11/2024,2024-11-14,60,[13:45-14:00[,2024-11-14 13:45,1815.265,9154.581,5.043,5272.61,2.905,6975.639,3.843,,,2011.32,1.108,1966.041,1.083,-7071.029,-3.895
14/11/2024,2024-11-14,61,[14:00-14:15[,2024-11-14 14:00,1835.509,3381.289,1.842,5112.689,2.785,6975.639,3.8,,,1898.1,1.034,1640.432,0.894,-12245.572,-6.671
14/11/2024,2024-11-14,62,[14:15-14:30[,2024-11-14 14:15,1835.509,7919.306,4.315,5112.689,2.785,6975.639,3.8,,,1898.1,1.034,1682.944,0.917,-7750.066,-4.222
14/11/2024,2024-11-14,63,[14:30-14:45[,2024-11-14 14:30,1835.509,6537.394,3.562,5112.689,2.785,6975.639,3.8,,,1898.1,1.034,1634.191,0.89,-9083.224,-4.949
14/11/2024,2024-11-14,64,[14:45-15:00[,2024-11-14 14:45,1835.509,15688.324,8.547,5112.689,2.785,6975.639,3.8,,,1898.1,1.034,1635.841,0.891,66.055,0.036
14/11/2024,2024-11-14,65,[15:00-15:15[,2024-11-14 15:00,1845.976,4899.143,2.654,914.2,0.495,13148.603,7.123,,,1898.1,1.028,1611.694,0.873,-12673.454,-6.865
14/11/2024,2024-11-14,66,[15:15-15:30[,2024-11-14 15:15,1845.976,3001.321,1.626,914.2,0.495,13148.603,7.123,,,1898.1,1.028,1611.694,0.873,-14571.276,-7.894
14/11/2024,2024-11-14,67,[15:30-15:45[,2024-11-14 15:30,1845.976,4633.582,2.51,914.2,0.495,13148.603,7.123,,,1898.1,1.028,1608.173,0.871,-12935.493,-7.007
14/11/2024,2024-11-14,68,[15:45-16:00[,2024-11-14 15:45,1845.976,2501.831,1.355,914.2,0.495,13148.603,7.123,,,1898.1,1.028,1579.751,0.856,-15038.824,-8.147
14/11/2024,2024-11-14,69,[16:00-16:15[,2024-11-14 16:00,1849.805,4394.901,2.376,-1050.838,-0.568,23343.778,12.62,,,2011.32,1.087,1601.068,0.866,-21510.427,-11.628
14/11/2024,2024-11-14,70,[16:15-16:30[,2024-11-14 16:15,1849.805,10000.973,5.407,-1050.838,-0.568,23343.778,12.62,,,2011.32,1.087,1399.989,0.757,-15703.276,-8.489
14/11/2024,2024-11-14,71,[16:30-16:45[,2024-11-14 16:30,1849.805,9690.16,5.238,-1050.838,-0.568,23343.778,12.62,,,2011.32,1.087,1496.003,0.809,-16110.104,-8.709
14/11/2024,2024-11-14,72,[16:45-17:00[,2024-11-14 16:45,1849.805,14574.657,7.879,-1050.838,-0.568,23343.778,12.62,,,2011.32,1.087,1513.955,0.818,-11243.559,-6.078
14/11/2024,2024-11-14,73,[17:00-17:15[,2024-11-14 17:00,1896.888,2862.997,1.509,-1540.313,-0.812,20680.078,10.902,,,2545.59,1.342,1597.632,0.842,-20419.99,-10.765
14/11/2024,2024-11-14,74,[17:15-17:30[,2024-11-14 17:15,1896.888,11471.59,6.048,-1540.313,-0.812,20680.078,10.902,,,2545.59,1.342,1652.923,0.871,-11866.688,-6.256
14/11/2024,2024-11-14,75,[17:30-17:45[,2024-11-14 17:30,1896.888,12624.842,6.656,-1540.313,-0.812,20680.078,10.902,,,2545.59,1.342,1666.147,0.878,-10726.661,-5.655
14/11/2024,2024-11-14,76,[17:45-18:00[,2024-11-14 17:45,1896.888,19125.654,10.083,-1540.313,-0.812,20680.078,10.902,,,2545.59,1.342,1666.147,0.878,-4225.848,-2.228
14/11/2024,2024-11-14,77,[18:00-18:15[,2024-11-14 18:00,1969.155,10196.975,5.178,-1549.063,-0.787,20680.078,10.502,,,2561.6,1.301,1666.147,0.846,-13161.788,-6.684
14/11/2024,2024-11-14,78,[18:15-18:30[,2024-11-14 18:15,1969.155,10545.422,5.355,-1549.063,-0.787,20680.078,10.502,,,2561.6,1.301,1666.147,0.846,-12813.34,-6.507
14/11/2024,2024-11-14,79,[18:30-18:45[,2024-11-14 18:30,1969.155,16318.943,8.287,-1549.063,-0.787,20680.078,10.502,,,2561.6,1.301,1666.147,0.846,-7039.82,-3.575
14/11/2024,2024-11-14,80,[18:45-19:00[,2024-11-14 18:45,1969.155,12161.574,6.176,-1549.063,-0.787,20680.078,10.502,,,2561.6,1.301,1666.147,0.846,-11197.189,-5.686
14/11/2024,2024-11-14,81,[19:00-19:15[,2024-11-14 19:00,2006.788,6937.086,3.457,-1231.695,-0.614,20680.078,10.305,,,1668,0.831,1679.802,0.837,-15859.099,-7.903
14/11/2024,2024-11-14,82,[19:15-19:30[,2024-11-14 19:15,2006.788,5954.271,2.967,-1231.695,-0.614,20680.078,10.305,,,1668,0.831,1685.573,0.84,-16847.685,-8.395
14/11/2024,2024-11-14,83,[19:30-19:45[,2024-11-14 19:30,2006.788,8133.229,4.053,-1231.695,-0.614,20680.078,10.305,,,1668,0.831,1701.444,0.848,-14684.598,-7.317
14/11/2024,2024-11-14,84,[19:45-20:00[,2024-11-14 19:45,2006.788,3277.172,1.633,-1231.695,-0.614,20680.078,10.305,,,1668,0.831,1715.151,0.855,-19554.362,-9.744
14/11/2024,2024-11-14,85,[20:00-20:15[,2024-11-14 20:00,1938.064,15363.256,7.927,-861.705,-0.445,20680.078,10.67,,,1860,0.96,1714.43,0.885,-8029.547,-4.143
14/11/2024,2024-11-14,86,[20:15-20:30[,2024-11-14 20:15,1938.064,11653.955,6.013,-861.705,-0.445,20680.078,10.67,,,1860,0.96,1724.53,0.89,-11748.948,-6.062
14/11/2024,2024-11-14,87,[20:30-20:45[,2024-11-14 20:30,1938.064,13177.936,6.8,-861.705,-0.445,20680.078,10.67,,,1860,0.96,1726.694,0.891,-10227.131,-5.277
14/11/2024,2024-11-14,88,[20:45-21:00[,2024-11-14 20:45,1938.064,11937.279,6.159,-861.705,-0.445,20680.078,10.67,,,1860,0.96,1702.887,0.879,-11443.981,-5.905
14/11/2024,2024-11-14,89,[21:00-21:15[,2024-11-14 21:00,1806.937,6388.865,3.536,-635.563,-0.352,16292.828,9.017,,,2930.37,1.622,1776.376,0.983,-13975.147,-7.734
14/11/2024,2024-11-14,90,[21:15-21:30[,2024-11-14 21:15,1806.937,13217.394,7.315,-635.563,-0.352,16292.828,9.017,,,2930.37,1.622,1745.361,0.966,-7115.603,-3.938
14/11/2024,2024-11-14,91,[21:30-21:45[,2024-11-14 21:30,1806.937,11929.138,6.602,-635.563,-0.352,16292.828,9.017,,,2930.37,1.622,1815.325,1.005,-8473.823,-4.69
14/11/2024,2024-11-14,92,[21:45-22:00[,2024-11-14 21:45,1806.937,1888.378,1.045,-635.563,-0.352,16292.828,9.017,,,2930.37,1.622,1851.39,1.025,-18550.647,-10.266
14/11/2024,2024-11-14,93,[22:00-22:15[,2024-11-14 22:00,1658.737,15534.171,9.365,3283.913,1.98,10119.864,6.101,,,5759.235,3.472,2565.08,1.546,-6193.92,-3.734
14/11/2024,2024-11-14,94,[22:15-22:30[,2024-11-14 22:15,1658.737,21234.627,12.802,3283.913,1.98,10119.864,6.101,,,5759.235,3.472,3143.769,1.895,-1072.153,-0.646
14/11/2024,2024-11-14,95,[22:30-22:45[,2024-11-14 22:30,1658.737,15402.902,9.286,3283.913,1.98,10119.864,6.101,,,5759.235,3.472,3156.372,1.903,-6916.481,-4.17
14/11/2024,2024-11-14,96,[22:45-23:00[,2024-11-14 22:45,1658.737,5652.03,3.407,3283.913,1.98,10119.864,6.101,,,5759.235,3.472,2922.421,1.762,-16433.402,-9.907
15/11/2024,2024-11-15,1,[23:00-23:15[,2024-11-14 23:00,1497.225,19305.653,12.894,6941.603,4.636,,,8361.525,5.585,1984.095,1.325,3162.503,2.112,-1144.072,-0.764
15/11/2024,2024-11-15,2,[23:15-23:30[,2024-11-14 23:15,1497.225,11818.793,7.894,6941.603,4.636,,,8361.525,5.585,1984.095,1.325,3155.29,2.107,-8623.72,-5.76
15/11/2024,2024-11-15,3,[23:30-23:45[,2024-11-14 23:30,1497.225,11754.607,7.851,6941.603,4.636,,,8361.525,5.585,1984.095,1.325,3135.094,2.094,-8667.71,-5.789
15/11/2024,2024-11-15,4,[23:45-00:00[,2024-11-14 23:45,1497.225,17018.303,11.367,6941.603,4.636,,,8361.525,5.585,1984.095,1.325,3130.766,2.091,-3399.686,-2.271
15/11/2024,2024-11-15,5,[00:00-00:15[,2024-11-15 00:00,1367.267,14546.654,10.639,9992.193,7.308,,,7664.325,5.606,1811.25,1.325,3138.201,2.295,-8059.315,-5.894
15/11/2024,2024-11-15,6,[00:15-00:30[,2024-11-15 00:15,1367.267,12671.533,9.268,9992.193,7.308,,,7664.325,5.606,1811.25,1.325,3151.24,2.305,-9947.476,-7.275
15/11/2024,2024-11-15,7,[00:30-00:45[,2024-11-15 00:30,1367.267,13224.392,9.672,9992.193,7.308,,,7664.325,5.606,1811.25,1.325,3159.546,2.311,-9402.922,-6.877
15/11/2024,2024-11-15,8,[00:45-01:00[,2024-11-15 00:45,1367.267,13602.491,9.949,9992.193,7.308,,,7664.325,5.606,1811.25,1.325,3196.575,2.338,-9061.853,-6.628
15/11/2024,2024-11-15,9,[01:00-01:15[,2024-11-15 01:00,1279.116,23962.891,18.734,9997.097,7.816,,,,,1477.75,1.155,3195.386,2.498,9292.658,7.265
15/11/2024,2024-11-15,10,[01:15-01:30[,2024-11-15 01:15,1279.116,17712.946,13.848,9997.097,7.816,,,,,1477.75,1.155,3109.232,2.431,3128.867,2.446
15/11/2024,2024-11-15,11,[01:30-01:45[,2024-11-15 01:30,1279.116,12584.287,9.838,9997.097,7.816,,,,,1477.75,1.155,3136.433,2.452,-2026.993,-1.585
15/11/2024,2024-11-15,12,[01:45-02:00[,2024-11-15 01:45,1279.116,10277.085,8.035,9997.097,7.816,,,862.492,0.674,1477.75,1.155,3196.575,2.499,-5256.829,-4.11
15/11/2024,2024-11-15,13,[02:00-02:15[,2024-11-15 02:00,1224.298,12908.205,10.543,8874.208,7.248,,,,,1500.75,1.226,3064.19,2.503,-530.943,-0.434
15/11/2024,2024-11-15,14,[02:15-02:30[,2024-11-15 02:15,1224.298,13326.62,10.885,8874.208,7.248,,,,,1500.75,1.226,3161.269,2.582,-209.606,-0.171
15/11/2024,2024-11-15,15,[02:30-02:45[,2024-11-15 02:30,1224.298,14632.851,11.952,8874.208,7.248,,,,,1500.75,1.226,3151.442,2.574,1106.452,0.904
15/11/2024,2024-11-15,16,[02:45-03:00[,2024-11-15 02:45,1224.298,11578.653,9.457,8874.208,7.248,,,,,1500.75,1.226,2599.956,2.124,-1396.261,-1.14
15/11/2024,2024-11-15,17,[03:00-03:15[,2024-11-15 03:00,1197.677,12636.121,10.551,8866.133,7.403,,,,,1490.4,1.244,3143.503,2.625,-863.915,-0.721
15/11/2024,2024-11-15,18,[03:15-03:30[,2024-11-15 03:15,1197.677,13182.923,11.007,8866.133,7.403,,,,,1490.4,1.244,3153.968,2.633,-327.578,-0.274
15/11/2024,2024-11-15,19,[03:30-03:45[,2024-11-15 03:30,1197.677,13280.278,11.088,8866.133,7.403,,,,,1490.4,1.244,3105.147,2.593,-181.401,-0.151
15/11/2024,2024-11-15,20,[03:45-04:00[,2024-11-15 03:45,1197.677,12246.548,10.225,8866.133,7.403,,,,,1490.4,1.244,3149.999,2.63,-1259.983,-1.052
15/11/2024,2024-11-15,21,[04:00-04:15[,2024-11-15 04:00,1191.791,13743.442,11.532,9075.12,7.615,,,,,1476.6,1.239,3206.525,2.691,-14.803,-0.012
15/11/2024,2024-11-15,22,[04:15-04:30[,2024-11-15 04:15,1191.791,14068.019,11.804,9075.12,7.615,,,,,1476.6,1.239,3187.892,2.675,328.407,0.276
15/11/2024,2024-11-15,23,[04:30-04:45[,2024-11-15 04:30,1191.791,13822.111,11.598,9075.12,7.615,,,,,1476.6,1.239,3203.999,2.688,66.392,0.056
15/11/2024,2024-11-15,24,[04:45-05:00[,2024-11-15 04:45,1191.791,16372.943,13.738,9075.12,7.615,,,,,1476.6,1.239,3202.555,2.687,2618.668,2.197
15/11/2024,2024-11-15,25,[05:00-05:15[,2024-11-15 05:00,1220.308,6038.431,4.948,4351.99,3.566,,,,,2006.745,1.644,3188.121,2.613,-3508.426,-2.875
15/11/2024,2024-11-15,26,[05:15-05:30[,2024-11-15 05:15,1220.308,7065.181,5.79,4351.99,3.566,,,,,2006.745,1.644,2598.884,2.13,-1892.438,-1.551
15/11/2024,2024-11-15,27,[05:30-05:45[,2024-11-15 05:30,1220.308,8535.454,6.995,4351.99,3.566,,,,,2006.745,1.644,3206.885,2.628,-1030.166,-0.844
15/11/2024,2024-11-15,28,[05:45-06:00[,2024-11-15 05:45,1220.308,16755.981,13.731,4351.99,3.566,,,,,2006.745,1.644,3203.064,2.625,7194.183,5.895
15/11/2024,2024-11-15,29,[06:00-06:15[,2024-11-15 06:00,1320.868,5286.282,4.002,4115.676,3.116,,,,,1849.6,1.4,2070.091,1.567,-2749.085,-2.081
15/11/2024,2024-11-15,30,[06:15-06:30[,2024-11-15 06:15,1320.868,7563.348,5.726,4115.676,3.116,,,,,1849.6,1.4,2066.245,1.564,-468.173,-0.354
15/11/2024,2024-11-15,31,[06:30-06:45[,2024-11-15 06:30,1320.868,10089.953,7.639,4115.676,3.116,,,,,1849.6,1.4,1737.463,1.315,2387.214,1.807
15/11/2024,2024-11-15,32,[06:45-07:00[,2024-11-15 06:45,1320.868,15247.206,11.543,4115.676,3.116,,,,,1849.6,1.4,1762.432,1.334,7519.498,5.693
15/11/2024,2024-11-15,33,[07:00-07:15[,2024-11-15 07:00,1476.365,1162.659,0.788,3524.573,2.387,,,,,1843.82,1.249,1557.646,1.055,-5763.38,-3.904
15/11/2024,2024-11-15,34,[07:15-07:30[,2024-11-15 07:15,1476.365,4194.12,2.841,3524.573,2.387,,,,,1843.82,1.249,1683.73,1.14,-2858.003,-1.936
15/11/2024,2024-11-15,35,[07:30-07:45[,2024-11-15 07:30,1476.365,5326.226,3.608,3524.573,2.387,,,,,1843.82,1.249,1648.62,1.117,-1690.787,-1.145
15/11/2024,2024-11-15,36,[07:45-08:00[,2024-11-15 07:45,1476.365,13592.003,9.206,3524.573,2.387,,,,,1843.82,1.249,1655.566,1.121,6568.044,4.449
15/11/2024,2024-11-15,37,[08:00-08:15[,2024-11-15 08:00,1683.796,4273.05,2.538,4132.704,2.454,,,,,1856.825,1.103,1610.875,0.957,-3327.353,-1.976
15/11/2024,2024-11-15,38,[08:15-08:30[,2024-11-15 08:15,1683.796,1643.599,0.976,4132.704,2.454,,,,,1856.825,1.103,1564.501,0.929,-5910.43,-3.51
15/11/2024,2024-11-15,39,[08:30-08:45[,2024-11-15 08:30,1683.796,9597.056,5.7,4132.704,2.454,,,,,1856.825,1.103,1600.218,0.95,2007.309,1.192
15/11/2024,2024-11-15,40,[08:45-09:00[,2024-11-15 08:45,1683.796,10741.563,6.379,4132.704,2.454,,,,,1856.825,1.103,1592.029,0.946,3160.005,1.877
15/11/2024,2024-11-15,41,[09:00-09:15[,2024-11-15 09:00,1776.171,8116.529,4.57,4352.63,2.451,,,,,2411.025,1.357,1246.201,0.702,106.673,0.06
15/11/2024,2024-11-15,42,[09:15-09:30[,2024-11-15 09:15,1776.171,7818.31,4.402,4352.63,2.451,,,,,2411.025,1.357,1220.279,0.687,-165.624,-0.093
15/11/2024,2024-11-15,43,[09:30-09:45[,2024-11-15 09:30,1776.171,6355.296,3.578,4352.63,2.451,,,,,2411.025,1.357,1228.566,0.692,-1636.925,-0.922
15/11/2024,2024-11-15,44,[09:45-10:00[,2024-11-15 09:45,1776.171,3707.198,2.087,4352.63,2.451,,,,,2411.025,1.357,1232.314,0.694,-4288.771,-2.415
15/11/2024,2024-11-15,45,[10:00-10:15[,2024-11-15 10:00,1775.719,10510.484,5.919,6895.059,3.883,,,,,2386.125,1.344,1228.08,0.692,1.22,0.001
15/11/2024,2024-11-15,46,[10:15-10:30[,2024-11-15 10:15,1775.719,7478.544,4.212,6895.059,3.883,,,,,2386.125,1.344,1230.301,0.693,-3032.941,-1.708
15/11/2024,2024-11-15,47,[10:30-10:45[,2024-11-15 10:30,1775.719,7999.037,4.505,6895.059,3.883,,,,,2386.125,1.344,1211.867,0.682,-2494.014,-1.405
15/11/2024,2024-11-15,48,[10:45-11:00[,2024-11-15 10:45,1775.719,12616.014,7.105,6895.059,3.883,,,,,2386.125,1.344,1144.487,0.645,2190.342,1.233
15/11/2024,2024-11-15,49,[11:00-11:15[,2024-11-15 11:00,1809.28,10476.527,5.79,7082.701,3.915,,,4499.4,2.487,2086.56,1.153,1150.913,0.636,-4343.046,-2.4
15/11/2024,2024-11-15,50,[11:15-11:30[,2024-11-15 11:15,1809.28,11476.994,6.343,7082.701,3.915,,,4499.7,2.487,2086.56,1.153,1337.434,0.739,-3529.401,-1.951
15/11/2024,2024-11-15,51,[11:30-11:45[,2024-11-15 11:30,1809.28,9328.622,5.156,7082.701,3.915,,,4499.4,2.487,2086.56,1.153,1323.928,0.732,-5663.966,-3.131
15/11/2024,2024-11-15,52,[11:45-12:00[,2024-11-15 11:45,1809.28,12467.836,6.891,7082.701,3.915,,,4499.7,2.487,2086.56,1.153,1372.068,0.758,-2573.194,-1.422
15/11/2024,2024-11-15,53,[12:00-12:15[,2024-11-15 12:00,1796.682,13056.815,7.267,6987.453,3.889,,,3555.72,1.979,1943.385,1.082,1373.374,0.764,-803.117,-0.447
15/11/2024,2024-11-15,54,[12:15-12:30[,2024-11-15 12:15,1796.682,10502.586,5.846,6987.453,3.889,,,3555.72,1.979,1943.385,1.082,1484.162,0.826,-3468.134,-1.93
15/11/2024,2024-11-15,55,[12:30-12:45[,2024-11-15 12:30,1796.682,7714.919,4.294,6987.453,3.889,,,3555.72,1.979,1943.385,1.082,1532.312,0.853,-6303.95,-3.509
15/11/2024,2024-11-15,56,[12:45-13:00[,2024-11-15 12:45,1796.682,4291.892,2.389,6987.453,3.889,,,3550.845,1.976,1943.385,1.082,1365.966,0.76,-9555.757,-5.319
15/11/2024,2024-11-15,57,[13:00-13:15[,2024-11-15 13:00,1773.636,3609.457,2.035,3995.636,2.253,,,5062.163,2.854,2181.378,1.23,1405.414,0.792,-9035.133,-5.094
15/11/2024,2024-11-15,58,[13:15-13:30[,2024-11-15 13:15,1773.636,1506.087,0.849,3995.636,2.253,,,5062.163,2.854,2181.378,1.23,1358.794,0.766,-11091.883,-6.254
15/11/2024,2024-11-15,59,[13:30-13:45[,2024-11-15 13:30,1773.636,9632.313,5.431,3995.636,2.253,,,5062.163,2.854,2181.378,1.23,1528.365,0.862,-3135.228,-1.768
15/11/2024,2024-11-15,60,[13:45-14:00[,2024-11-15 13:45,1773.636,7890.474,4.449,3995.636,2.253,,,5062.163,2.854,2181.378,1.23,1522.175,0.858,-4870.877,-2.746
15/11/2024,2024-11-15,61,[14:00-14:15[,2024-11-15 14:00,1819.275,3296.865,1.812,651.142,0.358,,,,,2988.15,1.642,1514.852,0.833,-1857.279,-1.021
15/11/2024,2024-11-15,62,[14:15-14:30[,2024-11-15 14:15,1819.275,5353.724,2.943,651.142,0.358,,,,,2988.15,1.642,1569.926,0.863,144.506,0.079
15/11/2024,2024-11-15,63,[14:30-14:45[,2024-11-15 14:30,1819.275,5085.625,2.795,651.142,0.358,,,,,2988.15,1.642,1587.829,0.873,-141.496,-0.078
15/11/2024,2024-11-15,64,[14:45-15:00[,2024-11-15 14:45,1819.275,4606.31,2.532,651.142,0.358,,,,,2988.15,1.642,1530.326,0.841,-563.308,-0.31
15/11/2024,2024-11-15,65,[15:00-15:15[,2024-11-15 15:00,1815.52,927.437,0.511,-179.608,-0.099,,,,,2595.45,1.43,1607.308,0.885,-3095.713,-1.705
15/11/2024,2024-11-15,66,[15:15-15:30[,2024-11-15 15:15,1815.52,1892.261,1.042,-179.608,-0.099,,,,,2595.45,1.43,1568.735,0.864,-2092.316,-1.152
15/11/2024,2024-11-15,67,[15:30-15:45[,2024-11-15 15:30,1815.52,5739.924,3.162,-179.608,-0.099,,,,,2595.45,1.43,1563.594,0.861,1760.487,0.97
15/11/2024,2024-11-15,68,[15:45-16:00[,2024-11-15 15:45,1815.52,13289.192,7.32,-179.608,-0.099,,,,,2595.45,1.43,1619.251,0.892,9254.098,5.097
15/11/2024,2024-11-15,69,[16:00-16:15[,2024-11-15 16:00,1816.465,1091.846,0.601,-602.118,-0.331,,,,,2461.4,1.355,1510.637,0.832,-2278.073,-1.254
15/11/2024,2024-11-15,70,[16:15-16:30[,2024-11-15 16:15,1816.465,-2471.586,-1.361,-602.118,-0.331,,,,,2461.4,1.355,1538.613,0.847,-5869.482,-3.231
15/11/2024,2024-11-15,71,[16:30-16:45[,2024-11-15 16:30,1816.465,1523.723,0.839,-602.118,-0.331,,,,,2461.4,1.355,1606.782,0.885,-1942.341,-1.069
15/11/2024,2024-11-15,72,[16:45-17:00[,2024-11-15 16:45,1816.465,5162.326,2.842,-602.118,-0.331,,,,,2461.4,1.355,1586.909,0.874,1716.135,0.945
15/11/2024,2024-11-15,73,[17:00-17:15[,2024-11-15 17:00,1850.291,-5310.469,-2.87,-592.755,-0.32,,,,,2502.66,1.353,1621.714,0.876,-8842.088,-4.779
15/11/2024,2024-11-15,74,[17:15-17:30[,2024-11-15 17:15,1850.291,-217.513,-0.118,-592.755,-0.32,,,,,2502.66,1.353,1434.586,0.775,-3562.004,-1.925
15/11/2024,2024-11-15,75,[17:30-17:45[,2024-11-15 17:30,1850.291,-2139.854,-1.156,-592.755,-0.32,,,,,2502.66,1.353,1500.949,0.811,-5550.708,-3
15/11/2024,2024-11-15,76,[17:45-18:00[,2024-11-15 17:45,1850.291,4575.249,2.473,-592.755,-0.32,,,,,2502.66,1.353,1633.868,0.883,1031.476,0.557
15/11/2024,2024-11-15,77,[18:00-18:15[,2024-11-15 18:00,1902.181,1427.79,0.751,-500.815,-0.263,,,,,2630.1,1.383,1677.677,0.882,-2379.172,-1.251
15/11/2024,2024-11-15,78,[18:15-18:30[,2024-11-15 18:15,1902.181,4238.811,2.228,-500.815,-0.263,,,,,2630.1,1.383,1682.537,0.885,426.988,0.224
15/11/2024,2024-11-15,79,[18:30-18:45[,2024-11-15 18:30,1902.181,3979.868,2.092,-500.815,-0.263,,,,,2630.1,1.383,1620.973,0.852,229.609,0.121
15/11/2024,2024-11-15,80,[18:45-19:00[,2024-11-15 18:45,1902.181,3277.174,1.723,-500.815,-0.263,,,,,2630.1,1.383,1565.556,0.823,-417.667,-0.22
15/11/2024,2024-11-15,81,[19:00-19:15[,2024-11-15 19:00,1925.055,5647.921,2.934,-450.99,-0.234,,,,,2173.065,1.129,1457.618,0.757,2468.227,1.282
15/11/2024,2024-11-15,82,[19:15-19:30[,2024-11-15 19:15,1925.055,7068.677,3.672,-450.99,-0.234,,,-666.144,-0.346,2173.065,1.129,1506.664,0.783,4506.081,2.341
15/11/2024,2024-11-15,83,[19:30-19:45[,2024-11-15 19:30,1925.055,4223.448,2.194,-450.99,-0.234,,,-884.895,-0.46,2173.065,1.129,1514.75,0.787,1871.517,0.972
15/11/2024,2024-11-15,84,[19:45-20:00[,2024-11-15 19:45,1925.055,-5985.441,-3.109,-450.99,-0.234,,,,,2173.065,1.129,1517.996,0.789,-9225.512,-4.792
15/11/2024,2024-11-15,85,[20:00-20:15[,2024-11-15 20:00,1858.288,7485.296,4.028,-512.549,-0.276,,,,,2311.325,1.244,1286.635,0.692,4399.885,2.368
15/11/2024,2024-11-15,86,[20:15-20:30[,2024-11-15 20:15,1858.288,-1538.117,-0.828,-512.549,-0.276,,,,,2311.325,1.244,1284.95,0.691,-4621.843,-2.487
15/11/2024,2024-11-15,87,[20:30-20:45[,2024-11-15 20:30,1858.288,2151.695,1.158,-512.549,-0.276,,,,,2311.325,1.244,1262.38,0.679,-909.461,-0.489
15/11/2024,2024-11-15,88,[20:45-21:00[,2024-11-15 20:45,1858.288,-3065.929,-1.65,-512.549,-0.276,,,,,2311.325,1.244,1278.522,0.688,-6143.227,-3.306
15/11/2024,2024-11-15,89,[21:00-21:15[,2024-11-15 21:00,1752.732,15731.843,8.976,,,,,6757.67,3.856,2539.17,1.449,2873.16,1.639,3561.842,2.032
15/11/2024,2024-11-15,90,[21:15-21:30[,2024-11-15 21:15,1752.732,8588.107,4.9,,,,,5891.045,3.361,2539.17,1.449,2789.406,1.591,-2631.514,-1.501
15/11/2024,2024-11-15,91,[21:30-21:45[,2024-11-15 21:30,1752.732,4343.522,2.478,,,,,5807.495,3.313,2539.17,1.449,2804.306,1.6,-6807.449,-3.884
15/11/2024,2024-11-15,92,[21:45-22:00[,2024-11-15 21:45,1752.732,-6098.096,-3.479,,,,,4569.995,2.607,2539.17,1.449,2576.526,1.47,-15783.787,-9.005
15/11/2024,2024-11-15,93,[22:00-22:15[,2024-11-15 22:00,1618.098,-413.738,-0.256,,,,,10355.965,6.4,2307.44,1.426,2947.912,1.822,-16025.054,-9.904
15/11/2024,2024-11-15,94,[22:15-22:30[,2024-11-15 22:15,1618.098,11622.357,7.183,,,,,8410.445,5.198,2307.44,1.426,2799.404,1.73,-1894.932,-1.171
15/11/2024,2024-11-15,95,[22:30-22:45[,2024-11-15 22:30,1618.098,10057.932,6.216,,,,,8166.523,5.047,2307.44,1.426,2794.712,1.727,-3210.742,-1.984
15/11/2024,2024-11-15,96,[22:45-23:00[,2024-11-15 22:45,1618.098,11302.503,6.985,,,,,4316.503,2.668,2307.44,1.426,2784.449,1.721,1894.112,1.171
16/11/2024,2024-11-16,1,[23:00-23:15[,2024-11-15 23:00,1492.103,26917.504,18.04,12057.54,8.081,,,,,5390.7,3.613,4114.849,2.758,5354.415,3.589
16/11/2024,2024-11-16,2,[23:15-23:30[,2024-11-15 23:15,1492.103,36954.294,24.767,12057.54,8.081,,,,,5390.7,3.613,4337.401,2.907,15168.653,10.166
16/11/2024,2024-11-16,3,[23:30-23:45[,2024-11-15 23:30,1492.103,21163.542,14.184,12057.54,8.081,,,,,5390.7,3.613,3772.018,2.528,-56.716,-0.038
16/11/2024,2024-11-16,4,[23:45-00:00[,2024-11-15 23:45,1492.103,19012.246,12.742,12057.54,8.081,,,,,5390.7,3.613,3813.005,2.555,-2248.998,-1.507
16/11/2024,2024-11-16,5,[00:00-00:15[,2024-11-16 00:00,1357.297,27087.719,19.957,12128.188,8.936,,,7289.678,5.371,3420.543,2.52,4470.74,3.294,-221.43,-0.163
16/11/2024,2024-11-16,6,[00:15-00:30[,2024-11-16 00:15,1357.297,22186.387,16.346,12128.188,8.936,,,7289.678,5.371,3420.543,2.52,3531.209,2.602,-4183.23,-3.082
16/11/2024,2024-11-16,7,[00:30-00:45[,2024-11-16 00:30,1357.297,19389.759,14.286,12128.188,8.936,,,7289.678,5.371,3420.543,2.52,3960.211,2.918,-7408.861,-5.459
16/11/2024,2024-11-16,8,[00:45-01:00[,2024-11-16 00:45,1357.297,20649.053,15.213,12128.188,8.936,,,7289.678,5.371,3420.543,2.52,4348.302,3.204,-6537.658,-4.817
16/11/2024,2024-11-16,9,[01:00-01:15[,2024-11-16 01:00,1268.672,27962.265,22.041,12684.809,9.998,,,9857.64,7.77,4154.984,3.275,4460.045,3.516,-3195.214,-2.519
16/11/2024,2024-11-16,10,[01:15-01:30[,2024-11-16 01:15,1268.672,23366.366,18.418,12684.809,9.998,,,9857.64,7.77,4154.984,3.275,3639.225,2.869,-6970.292,-5.494
16/11/2024,2024-11-16,11,[01:30-01:45[,2024-11-16 01:30,1268.672,23617.744,18.616,12684.809,9.998,,,9857.64,7.77,4154.984,3.275,4352.838,3.431,-7432.527,-5.859
16/11/2024,2024-11-16,12,[01:45-02:00[,2024-11-16 01:45,1268.672,23030.264,18.153,12684.809,9.998,,,9857.64,7.77,4154.984,3.275,4213.14,3.321,-7880.309,-6.211
16/11/2024,2024-11-16,13,[02:00-02:15[,2024-11-16 02:00,1210.407,25362.709,20.954,12705.678,10.497,,,9256,7.647,4781.7,3.95,4162.903,3.439,-5543.572,-4.58
16/11/2024,2024-11-16,14,[02:15-02:30[,2024-11-16 02:15,1210.407,27598.607,22.801,12705.678,10.497,,,9256,7.647,4781.7,3.95,4449.833,3.676,-3594.604,-2.97
16/11/2024,2024-11-16,15,[02:30-02:45[,2024-11-16 02:30,1210.407,25266.28,20.874,12705.678,10.497,,,9256,7.647,4781.7,3.95,4045.237,3.342,-5522.335,-4.562
16/11/2024,2024-11-16,16,[02:45-03:00[,2024-11-16 02:45,1210.407,23669.52,19.555,12705.678,10.497,,,9256,7.647,4781.7,3.95,4072.892,3.365,-7146.749,-5.904
16/11/2024,2024-11-16,17,[03:00-03:15[,2024-11-16 03:00,1180.781,21749.654,18.42,12705.678,10.76,,,9117.16,7.721,3875.661,3.282,4449.251,3.768,-8398.097,-7.112
16/11/2024,2024-11-16,18,[03:15-03:30[,2024-11-16 03:15,1180.781,23414.456,19.83,12705.678,10.76,,,9117.16,7.721,3875.661,3.282,4115.494,3.485,-6399.538,-5.42
16/11/2024,2024-11-16,19,[03:30-03:45[,2024-11-16 03:30,1180.781,25685.508,21.753,12705.678,10.76,,,9117.16,7.721,3875.661,3.282,4442.572,3.762,-4455.563,-3.773
16/11/2024,2024-11-16,20,[03:45-04:00[,2024-11-16 03:45,1180.781,26898.288,22.78,12705.678,10.76,,,9117.16,7.721,3875.661,3.282,4305.336,3.646,-3105.547,-2.63
16/11/2024,2024-11-16,21,[04:00-04:15[,2024-11-16 04:00,1161.547,25943.933,22.336,12705.678,10.939,,,9487.4,8.168,4034.66,3.474,4439.601,3.822,-4723.406,-4.066
16/11/2024,2024-11-16,22,[04:15-04:30[,2024-11-16 04:15,1161.547,26575.611,22.88,12705.678,10.939,,,9487.4,8.168,4034.66,3.474,4439.969,3.822,-4092.095,-3.523
16/11/2024,2024-11-16,23,[04:30-04:45[,2024-11-16 04:30,1161.547,23729.794,20.429,12705.678,10.939,,,9487.4,8.168,4034.66,3.474,3581.626,3.083,-6079.57,-5.234
16/11/2024,2024-11-16,24,[04:45-05:00[,2024-11-16 04:45,1161.547,24742.56,21.301,12705.678,10.939,,,9487.4,8.168,4034.66,3.474,4361.452,3.755,-5846.63,-5.033
16/11/2024,2024-11-16,25,[05:00-05:15[,2024-11-16 05:00,1165.194,26326.336,22.594,12702.594,10.902,,,9533.68,8.182,6072.449,5.212,4441.818,3.812,-6424.204,-5.513
16/11/2024,2024-11-16,26,[05:15-05:30[,2024-11-16 05:15,1165.194,24748.735,21.24,12702.594,10.902,,,9533.68,8.182,6072.449,5.212,3712.212,3.186,-7272.2,-6.241
16/11/2024,2024-11-16,27,[05:30-05:45[,2024-11-16 05:30,1165.194,27008.329,23.179,12702.594,10.902,,,9533.68,8.182,6072.449,5.212,4398.584,3.775,-5698.977,-4.891
16/11/2024,2024-11-16,28,[05:45-06:00[,2024-11-16 05:45,1165.194,25383.238,21.785,12702.594,10.902,,,9533.68,8.182,6072.449,5.212,4440.898,3.811,-7366.382,-6.322
16/11/2024,2024-11-16,29,[06:00-06:15[,2024-11-16 06:00,1198.289,23118.133,19.293,12056.87,10.062,,,10042.76,8.381,4133.474,3.449,4007.603,3.344,-7122.573,-5.944
16/11/2024,2024-11-16,30,[06:15-06:30[,2024-11-16 06:15,1198.289,23144.304,19.314,12056.87,10.062,,,10042.76,8.381,4133.474,3.449,4339.584,3.621,-7428.384,-6.199
16/11/2024,2024-11-16,31,[06:30-06:45[,2024-11-16 06:30,1198.289,22897.392,19.108,12056.87,10.062,,,10042.76,8.381,4133.474,3.449,4270.943,3.564,-7606.654,-6.348
16/11/2024,2024-11-16,32,[06:45-07:00[,2024-11-16 06:45,1198.289,25240.798,21.064,12056.87,10.062,,,10042.76,8.381,4133.474,3.449,3930.1,3.28,-4922.406,-4.108
16/11/2024,2024-11-16,33,[07:00-07:15[,2024-11-16 07:00,1240.804,21149.498,17.045,9271.822,7.472,,,10181.6,8.206,8663.865,6.982,3953.794,3.186,-10921.584,-8.802
16/11/2024,2024-11-16,34,[07:15-07:30[,2024-11-16 07:15,1240.804,25527.69,20.574,9271.822,7.472,,,10181.6,8.206,8663.865,6.982,4131.742,3.33,-6721.339,-5.417
16/11/2024,2024-11-16,35,[07:30-07:45[,2024-11-16 07:30,1240.804,24335.391,19.613,9271.822,7.472,,,10181.6,8.206,8663.865,6.982,3778.9,3.046,-7560.796,-6.093
16/11/2024,2024-11-16,36,[07:45-08:00[,2024-11-16 07:45,1240.804,22874.072,18.435,9271.822,7.472,,,10181.6,8.206,8663.865,6.982,3948.333,3.182,-9191.548,-7.408
16/11/2024,2024-11-16,37,[08:00-08:15[,2024-11-16 08:00,1340.56,17909.159,13.359,9190.752,6.856,,,8704.278,6.493,6537.239,4.876,4171.368,3.112,-10694.478,-7.978
16/11/2024,2024-11-16,38,[08:15-08:30[,2024-11-16 08:15,1340.56,16404.739,12.237,9190.752,6.856,,,8704.278,6.493,6537.239,4.876,3940.102,2.939,-11967.632,-8.927
16/11/2024,2024-11-16,39,[08:30-08:45[,2024-11-16 08:30,1340.56,24867.031,18.55,9190.752,6.856,,,8704.278,6.493,6537.239,4.876,4091.622,3.052,-3656.86,-2.728
16/11/2024,2024-11-16,40,[08:45-09:00[,2024-11-16 08:45,1340.56,28437.971,21.214,9190.752,6.856,,,8704.278,6.493,6537.239,4.876,3940.706,2.94,64.995,0.048
16/11/2024,2024-11-16,41,[09:00-09:15[,2024-11-16 09:00,1412.686,30755.725,21.771,9114.914,6.452,,,9161.959,6.485,7057.927,4.996,4031.706,2.854,1389.219,0.983
16/11/2024,2024-11-16,42,[09:15-09:30[,2024-11-16 09:15,1412.686,24868.781,17.604,9114.914,6.452,,,9529.328,6.746,7057.927,4.996,4149.255,2.937,-4982.642,-3.527
16/11/2024,2024-11-16,43,[09:30-09:45[,2024-11-16 09:30,1412.686,17790.258,12.593,9114.914,6.452,,,9529.328,6.746,7057.927,4.996,3685.53,2.609,-11597.441,-8.209
16/11/2024,2024-11-16,44,[09:45-10:00[,2024-11-16 09:45,1412.686,16131.921,11.419,9114.914,6.452,,,9529.328,6.746,7057.927,4.996,4146.723,2.935,-13716.971,-9.71
16/11/2024,2024-11-16,45,[10:00-10:15[,2024-11-16 10:00,1432.315,32774.133,22.882,11619.789,8.113,,,9900.6,6.912,8141.085,5.684,4145.432,2.894,-1032.773,-0.721
16/11/2024,2024-11-16,46,[10:15-10:30[,2024-11-16 10:15,1432.315,23663.948,16.521,11619.789,8.113,,,9900.6,6.912,8141.085,5.684,3635.056,2.538,-9632.582,-6.725
16/11/2024,2024-11-16,47,[10:30-10:45[,2024-11-16 10:30,1432.315,27251.032,19.026,11619.789,8.113,,,9900.6,6.912,8141.085,5.684,4145.442,2.894,-6555.884,-4.577
16/11/2024,2024-11-16,48,[10:45-11:00[,2024-11-16 10:45,1432.315,44393.646,30.994,11619.789,8.113,,,9825.123,6.86,8141.085,5.684,4056.887,2.832,10750.761,7.506
16/11/2024,2024-11-16,49,[11:00-11:15[,2024-11-16 11:00,1443.328,19871.479,13.768,11734.894,8.13,,,4761.865,3.299,7242.934,5.018,3804.462,2.636,-7672.675,-5.316
16/11/2024,2024-11-16,50,[11:15-11:30[,2024-11-16 11:15,1443.328,24406.292,16.91,11734.894,8.13,,,4761.865,3.299,7242.934,5.018,4028.562,2.791,-3361.964,-2.329
16/11/2024,2024-11-16,51,[11:30-11:45[,2024-11-16 11:30,1443.328,25368.821,17.577,11734.894,8.13,,,4761.865,3.299,7242.934,5.018,3942.408,2.731,-2313.28,-1.603
16/11/2024,2024-11-16,52,[11:45-12:00[,2024-11-16 11:45,1443.328,23510.404,16.289,11734.894,8.13,,,4761.865,3.299,7242.934,5.018,3693.461,2.559,-3922.75,-2.718
16/11/2024,2024-11-16,53,[12:00-12:15[,2024-11-16 12:00,1491.001,16901.682,11.336,11808.261,7.92,,,4049.46,2.716,6964.158,4.671,4079.864,2.736,-10000.061,-6.707
16/11/2024,2024-11-16,54,[12:15-12:30[,2024-11-16 12:15,1491.001,22075.705,14.806,11808.261,7.92,,,4049.46,2.716,6964.158,4.671,3885.638,2.606,-4631.812,-3.107
16/11/2024,2024-11-16,55,[12:30-12:45[,2024-11-16 12:30,1491.001,22270.261,14.936,11808.261,7.92,,,4049.46,2.716,6964.158,4.671,3892.022,2.61,-4443.639,-2.98
16/11/2024,2024-11-16,56,[12:45-13:00[,2024-11-16 12:45,1491.001,25924.522,17.387,11808.261,7.92,,,4049.46,2.716,6964.158,4.671,4071.867,2.731,-969.224,-0.65
16/11/2024,2024-11-16,57,[13:00-13:15[,2024-11-16 13:00,1439.587,13773.167,9.567,11726.748,8.146,,,3936.975,2.735,6554.048,4.553,3208.643,2.229,-11653.247,-8.095
16/11/2024,2024-11-16,58,[13:15-13:30[,2024-11-16 13:15,1439.587,17086.967,11.869,11726.748,8.146,,,3936.975,2.735,6554.048,4.553,3713.086,2.579,-8843.889,-6.143
16/11/2024,2024-11-16,59,[13:30-13:45[,2024-11-16 13:30,1439.587,20218.123,14.044,11726.748,8.146,,,3936.975,2.735,6554.048,4.553,4064.546,2.823,-6064.193,-4.212
16/11/2024,2024-11-16,60,[13:45-14:00[,2024-11-16 13:45,1439.587,25884.856,17.981,11726.748,8.146,,,3937.238,2.735,6554.048,4.553,3846,2.672,-179.176,-0.124
16/11/2024,2024-11-16,61,[14:00-14:15[,2024-11-16 14:00,1427.691,8516.656,5.965,9203.064,6.446,,,3861.985,2.705,7317.002,5.125,3964.352,2.777,-15829.748,-11.088
16/11/2024,2024-11-16,62,[14:15-14:30[,2024-11-16 14:15,1427.691,15231.502,10.669,9203.064,6.446,,,3861.985,2.705,7317.002,5.125,3977.173,2.786,-9127.722,-6.393
16/11/2024,2024-11-16,63,[14:30-14:45[,2024-11-16 14:30,1427.691,21277.412,14.903,9203.064,6.446,,,3862.243,2.705,7317.002,5.125,3885.265,2.721,-2990.162,-2.094
16/11/2024,2024-11-16,64,[14:45-15:00[,2024-11-16 14:45,1427.691,29279.035,20.508,9203.064,6.446,,,3862.243,2.705,7317.002,5.125,3909.906,2.739,4986.82,3.493
16/11/2024,2024-11-16,65,[15:00-15:15[,2024-11-16 15:00,1416.449,5169.448,3.65,7993.925,5.644,,,,,5288.135,3.733,3813.467,2.692,-11926.079,-8.42
16/11/2024,2024-11-16,66,[15:15-15:30[,2024-11-16 15:15,1416.449,14047.142,9.917,7993.925,5.644,,,,,5288.135,3.733,4322.987,3.052,-3557.905,-2.512
16/11/2024,2024-11-16,67,[15:30-15:45[,2024-11-16 15:30,1416.449,14989.516,10.582,7993.925,5.644,,,,,5288.135,3.733,3617.982,2.554,-1910.526,-1.349
16/11/2024,2024-11-16,68,[15:45-16:00[,2024-11-16 15:45,1416.449,26918.868,19.004,7993.925,5.644,,,,,5288.135,3.733,3685.345,2.602,9951.462,7.026
16/11/2024,2024-11-16,69,[16:00-16:15[,2024-11-16 16:00,1466.903,-174.15,-0.119,1376.725,0.939,,,,,4866.38,3.317,4409.982,3.006,-10827.237,-7.381
16/11/2024,2024-11-16,70,[16:15-16:30[,2024-11-16 16:15,1466.903,2415.148,1.646,1376.725,0.939,,,,,4866.38,3.317,4354.025,2.968,-8181.983,-5.578
16/11/2024,2024-11-16,71,[16:30-16:45[,2024-11-16 16:30,1466.903,11408.123,7.777,1376.725,0.939,,,,,4866.38,3.317,4252.094,2.899,912.923,0.622
16/11/2024,2024-11-16,72,[16:45-17:00[,2024-11-16 16:45,1466.903,15770.53,10.751,1376.725,0.939,,,,,4866.38,3.317,4409.807,3.006,5117.618,3.489
16/11/2024,2024-11-16,73,[17:00-17:15[,2024-11-16 17:00,1546.065,-28850.414,-18.661,1204.59,0.779,,,,,3146.472,2.035,1841.885,1.191,-35043.362,-22.666
16/11/2024,2024-11-16,74,[17:15-17:30[,2024-11-16 17:15,1546.065,-25462.86,-16.469,1204.59,0.779,,,,,3146.472,2.035,1598.822,1.034,-31412.744,-20.318
16/11/2024,2024-11-16,75,[17:30-17:45[,2024-11-16 17:30,1546.065,-20701.308,-13.39,1204.59,0.779,,,,,3146.472,2.035,1703.118,1.102,-26755.488,-17.306
16/11/2024,2024-11-16,76,[17:45-18:00[,2024-11-16 17:45,1546.065,-20299.726,-13.13,1204.59,0.779,,,,,3146.472,2.035,1614.934,1.045,-26265.723,-16.989
16/11/2024,2024-11-16,77,[18:00-18:15[,2024-11-16 18:00,1644.286,3952.743,2.404,1188.718,0.723,,,,,3199.244,1.946,1451.172,0.883,-1886.392,-1.147
16/11/2024,2024-11-16,78,[18:15-18:30[,2024-11-16 18:15,1644.286,7605.877,4.626,1188.718,0.723,,,,,3199.244,1.946,1437.507,0.874,1780.407,1.083
16/11/2024,2024-11-16,79,[18:30-18:45[,2024-11-16 18:30,1644.286,8195.922,4.984,1188.718,0.723,,,,,3199.244,1.946,1401.421,0.852,2406.539,1.464
16/11/2024,2024-11-16,80,[18:45-19:00[,2024-11-16 18:45,1644.286,3658.841,2.225,1188.718,0.723,,,,,3199.244,1.946,1380.481,0.84,-2109.601,-1.283
16/11/2024,2024-11-16,81,[19:00-19:15[,2024-11-16 19:00,1670.408,5820.413,3.484,1188.718,0.712,,,,,2032.422,1.217,1429.479,0.856,1169.794,0.7
16/11/2024,2024-11-16,82,[19:15-19:30[,2024-11-16 19:15,1670.408,7064.234,4.229,1188.718,0.712,,,,,2032.422,1.217,1455.428,0.871,2387.666,1.429
16/11/2024,2024-11-16,83,[19:30-19:45[,2024-11-16 19:30,1670.408,6103.821,3.654,1188.718,0.712,,,,,2032.422,1.217,1455.428,0.871,1427.253,0.854
16/11/2024,2024-11-16,84,[19:45-20:00[,2024-11-16 19:45,1670.408,2401.772,1.438,1188.718,0.712,,,,,2032.422,1.217,1382.684,0.828,-2202.052,-1.318
16/11/2024,2024-11-16,85,[20:00-20:15[,2024-11-16 20:00,1610.604,9325.228,5.79,1012.334,0.629,,,,,1588.389,0.986,1331.108,0.826,5393.397,3.349
16/11/2024,2024-11-16,86,[20:15-20:30[,2024-11-16 20:15,1610.604,6089.694,3.781,1012.334,0.629,,,,,1588.389,0.986,1330.361,0.826,2158.61,1.34
16/11/2024,2024-11-16,87,[20:30-20:45[,2024-11-16 20:30,1610.604,3129.521,1.943,1012.334,0.629,,,,,1588.389,0.986,1330.911,0.826,-802.113,-0.498
16/11/2024,2024-11-16,88,[20:45-21:00[,2024-11-16 20:45,1610.604,-2016.509,-1.252,1012.334,0.629,,,,,1588.389,0.986,1330.718,0.826,-5947.95,-3.693
16/11/2024,2024-11-16,89,[21:00-21:15[,2024-11-16 21:00,1515.36,15407.179,10.167,,,,,8577,5.66,4313.774,2.847,2664.088,1.758,-147.683,-0.097
16/11/2024,2024-11-16,90,[21:15-21:30[,2024-11-16 21:15,1515.36,9541.471,6.297,,,,,8577,5.66,4313.774,2.847,2786.564,1.839,-6135.867,-4.049
16/11/2024,2024-11-16,91,[21:30-21:45[,2024-11-16 21:30,1515.36,13315.524,8.787,,,,,8577,5.66,4313.774,2.847,2842.393,1.876,-2417.643,-1.595
16/11/2024,2024-11-16,92,[21:45-22:00[,2024-11-16 21:45,1515.36,7781.826,5.135,,,,,8577,5.66,4313.774,2.847,2738.179,1.807,-7847.127,-5.178
16/11/2024,2024-11-16,93,[22:00-22:15[,2024-11-16 22:00,1432.962,16066.39,11.212,,,,,8577,5.986,4708.044,3.286,4405.724,3.075,-1624.378,-1.134
16/11/2024,2024-11-16,94,[22:15-22:30[,2024-11-16 22:15,1432.962,10928.151,7.626,,,,,8577,5.986,4708.044,3.286,4384.961,3.06,-6741.853,-4.705
16/11/2024,2024-11-16,95,[22:30-22:45[,2024-11-16 22:30,1432.962,10842.042,7.566,,,,,8577,5.986,4708.044,3.286,4194.594,2.927,-6637.597,-4.632
16/11/2024,2024-11-16,96,[22:45-23:00[,2024-11-16 22:45,1432.962,1006.553,0.702,,,,,8577,5.986,4708.044,3.286,3605.659,2.516,-15884.149,-11.085
17/11/2024,2024-11-17,1,[23:00-23:15[,2024-11-16 23:00,1317.537,15178.837,11.521,5973.733,4.534,,,,,3233.01,2.454,4242.576,3.22,1729.518,1.313
17/11/2024,2024-11-17,2,[23:15-23:30[,2024-11-16 23:15,1317.537,10511.42,7.978,5973.733,4.534,,,,,3233.01,2.454,4405.124,3.343,-3100.447,-2.353
17/11/2024,2024-11-17,3,[23:30-23:45[,2024-11-16 23:30,1317.537,12892.088,9.785,5973.733,4.534,,,,,3233.01,2.454,4405.859,3.344,-720.513,-0.547
17/11/2024,2024-11-17,4,[23:45-00:00[,2024-11-16 23:45,1317.537,10987.972,8.34,5973.733,4.534,,,,,3233.01,2.454,3737.283,2.837,-1956.053,-1.485
17/11/2024,2024-11-17,5,[00:00-00:15[,2024-11-17 00:00,1216.444,18884.707,15.525,6395.198,5.257,,,,,3612.16,2.969,4298.406,3.534,4578.944,3.764
17/11/2024,2024-11-17,6,[00:15-00:30[,2024-11-17 00:15,1216.444,16895.573,13.889,6395.198,5.257,,,,,3612.16,2.969,4298.771,3.534,2589.444,2.129
17/11/2024,2024-11-17,7,[00:30-00:45[,2024-11-17 00:30,1216.444,8849.653,7.275,6395.198,5.257,,,,,3612.16,2.969,3026.332,2.488,-4184.037,-3.44
17/11/2024,2024-11-17,8,[00:45-01:00[,2024-11-17 00:45,1216.444,7400.717,6.084,6395.198,5.257,,,,,3612.16,2.969,3284.922,2.7,-5891.562,-4.843
17/11/2024,2024-11-17,9,[01:00-01:15[,2024-11-17 01:00,1139.27,17411.585,15.283,8250.735,7.242,,,,,3560.4,3.125,4206.113,3.692,1394.336,1.224
17/11/2024,2024-11-17,10,[01:15-01:30[,2024-11-17 01:15,1139.27,16214.106,14.232,8250.735,7.242,,,,,3560.4,3.125,4300.784,3.775,102.187,0.09
17/11/2024,2024-11-17,11,[01:30-01:45[,2024-11-17 01:30,1139.27,12596.402,11.057,8250.735,7.242,,,,,3560.4,3.125,3657.453,3.21,-2872.186,-2.521
17/11/2024,2024-11-17,12,[01:45-02:00[,2024-11-17 01:45,1139.27,9394.472,8.246,8250.735,7.242,,,,,3560.4,3.125,2763.254,2.425,-5179.918,-4.547
17/11/2024,2024-11-17,13,[02:00-02:15[,2024-11-17 02:00,1088.268,16897.12,15.527,9404.006,8.641,,,,,3576.5,3.286,3676.532,3.378,240.082,0.221
17/11/2024,2024-11-17,14,[02:15-02:30[,2024-11-17 02:15,1088.268,15699.407,14.426,9404.006,8.641,,,,,3576.5,3.286,4268.06,3.922,-1549.16,-1.424
17/11/2024,2024-11-17,15,[02:30-02:45[,2024-11-17 02:30,1088.268,13632.518,12.527,9404.006,8.641,,,,,3576.5,3.286,3760.515,3.456,-3108.504,-2.856
17/11/2024,2024-11-17,16,[02:45-03:00[,2024-11-17 02:45,1088.268,13818.144,12.697,9404.006,8.641,,,,,3576.5,3.286,3895.41,3.579,-3057.771,-2.81
17/11/2024,2024-11-17,17,[03:00-03:15[,2024-11-17 03:00,1061.809,18985.733,17.881,9580.04,9.022,,,,,3979,3.747,4295.333,4.045,1131.36,1.066
17/11/2024,2024-11-17,18,[03:15-03:30[,2024-11-17 03:15,1061.809,18209.185,17.149,9580.04,9.022,,,,,3979,3.747,4033.339,3.799,616.806,0.581
17/11/2024,2024-11-17,19,[03:30-03:45[,2024-11-17 03:30,1061.809,14784.446,13.924,9580.04,9.022,,,,,3979,3.747,3839.786,3.616,-2614.38,-2.462
17/11/2024,2024-11-17,20,[03:45-04:00[,2024-11-17 03:45,1061.809,14074.23,13.255,9580.04,9.022,,,,,3979,3.747,4299.022,4.049,-3783.831,-3.564
17/11/2024,2024-11-17,21,[04:00-04:15[,2024-11-17 04:00,1049.344,14004.9,13.346,9575.322,9.125,,,,,3822.6,3.643,4240.823,4.041,-3633.844,-3.463
17/11/2024,2024-11-17,22,[04:15-04:30[,2024-11-17 04:15,1049.344,16580.549,15.801,9575.322,9.125,,,,,3822.6,3.643,4299.204,4.097,-1116.577,-1.064
17/11/2024,2024-11-17,23,[04:30-04:45[,2024-11-17 04:30,1049.344,15367.742,14.645,9575.322,9.125,,,,,3822.6,3.643,3961.17,3.775,-1991.35,-1.898
17/11/2024,2024-11-17,24,[04:45-05:00[,2024-11-17 04:45,1049.344,18079.936,17.23,9575.322,9.125,,,,,3822.6,3.643,4299.388,4.097,382.627,0.365
17/11/2024,2024-11-17,25,[05:00-05:15[,2024-11-17 05:00,1052.347,17208.814,16.353,9570.79,9.095,,,,,4118.15,3.913,4281.47,4.068,-761.596,-0.724
17/11/2024,2024-11-17,26,[05:15-05:30[,2024-11-17 05:15,1052.347,14007.407,13.311,9570.79,9.095,,,,,4118.15,3.913,3667.952,3.485,-3349.484,-3.183
17/11/2024,2024-11-17,27,[05:30-05:45[,2024-11-17 05:30,1052.347,16951.816,16.109,9570.79,9.095,,,,,4118.15,3.913,4148.86,3.942,-885.983,-0.842
17/11/2024,2024-11-17,28,[05:45-06:00[,2024-11-17 05:45,1052.347,19410.969,18.445,9570.79,9.095,,,,,4118.15,3.913,4281.657,4.069,1440.373,1.369
17/11/2024,2024-11-17,29,[06:00-06:15[,2024-11-17 06:00,1076.124,13613.552,12.651,9226.888,8.574,,,,,3577.65,3.325,3225.102,2.997,-2416.088,-2.245
17/11/2024,2024-11-17,30,[06:15-06:30[,2024-11-17 06:15,1076.124,15230.83,14.153,9226.888,8.574,,,,,3577.65,3.325,4142.631,3.85,-1716.338,-1.595
17/11/2024,2024-11-17,31,[06:30-06:45[,2024-11-17 06:30,1076.124,15704.024,14.593,9226.888,8.574,,,,,3577.65,3.325,4142.261,3.849,-1242.775,-1.155
17/11/2024,2024-11-17,32,[06:45-07:00[,2024-11-17 06:45,1076.124,13967.716,12.98,9226.888,8.574,,,,,3577.65,3.325,3990.38,3.708,-2827.202,-2.627
17/11/2024,2024-11-17,33,[07:00-07:15[,2024-11-17 07:00,1094.549,14959.145,13.667,9570.79,8.744,,,,,5181.9,4.734,4229.188,3.864,-4022.733,-3.675
17/11/2024,2024-11-17,34,[07:15-07:30[,2024-11-17 07:15,1094.549,23144.409,21.145,9570.79,8.744,,,,,5181.9,4.734,4110.366,3.755,4281.354,3.912
17/11/2024,2024-11-17,35,[07:30-07:45[,2024-11-17 07:30,1094.549,25985.531,23.741,9570.79,8.744,,,1016.087,0.928,5181.9,4.734,4202.105,3.839,6014.651,5.495
17/11/2024,2024-11-17,36,[07:45-08:00[,2024-11-17 07:45,1094.549,13047.078,11.92,9570.79,8.744,,,,,5181.9,4.734,4144.246,3.786,-5849.857,-5.345
17/11/2024,2024-11-17,37,[08:00-08:15[,2024-11-17 08:00,1158.32,16599.065,14.33,9713.63,8.386,,,,,6109.95,5.275,3982.754,3.438,-3207.268,-2.769
17/11/2024,2024-11-17,38,[08:15-08:30[,2024-11-17 08:15,1158.32,18567.698,16.03,9713.63,8.386,,,,,6109.95,5.275,4287.451,3.701,-1543.332,-1.332
17/11/2024,2024-11-17,39,[08:30-08:45[,2024-11-17 08:30,1158.32,18142.926,15.663,9713.63,8.386,,,,,6109.95,5.275,4126.301,3.562,-1806.955,-1.56
17/11/2024,2024-11-17,40,[08:45-09:00[,2024-11-17 08:45,1158.32,19393.892,16.743,9713.63,8.386,,,,,6109.95,5.275,3508.947,3.029,61.365,0.053
17/11/2024,2024-11-17,41,[09:00-09:15[,2024-11-17 09:00,1231.448,13346.222,10.838,12635.916,10.261,,,,,5153.61,4.185,3799.018,3.085,-8242.323,-6.693
17/11/2024,2024-11-17,42,[09:15-09:30[,2024-11-17 09:15,1231.448,17242.094,14.001,12635.916,10.261,,,,,5153.61,4.185,3038.506,2.467,-3585.939,-2.912
17/11/2024,2024-11-17,43,[09:30-09:45[,2024-11-17 09:30,1231.448,20709.79,16.817,12635.916,10.261,,,,,5153.61,4.185,3445.021,2.798,-524.757,-0.426
17/11/2024,2024-11-17,44,[09:45-10:00[,2024-11-17 09:45,1231.448,28779.257,23.37,12635.916,10.261,,,,,5153.61,4.185,4203.918,3.414,6785.813,5.51
17/11/2024,2024-11-17,45,[10:00-10:15[,2024-11-17 10:00,1293.249,7986.007,6.175,11996.503,9.276,,,,,4998.015,3.865,4298.95,3.324,-13307.461,-10.29
17/11/2024,2024-11-17,46,[10:15-10:30[,2024-11-17 10:15,1293.249,14738.028,11.396,11996.503,9.276,,,,,4998.015,3.865,3784.52,2.926,-6041.009,-4.671
17/11/2024,2024-11-17,47,[10:30-10:45[,2024-11-17 10:30,1293.249,25593.701,19.79,11996.503,9.276,,,,,4998.015,3.865,4279.106,3.309,4320.078,3.34
17/11/2024,2024-11-17,48,[10:45-11:00[,2024-11-17 10:45,1293.249,30884.13,23.881,11996.503,9.276,,,,,4998.015,3.865,4301.196,3.326,9588.416,7.414
17/11/2024,2024-11-17,49,[11:00-11:15[,2024-11-17 11:00,1337.199,7458.528,5.578,11879.482,8.884,,,,,4791.82,3.583,3945.85,2.951,-13158.625,-9.84
17/11/2024,2024-11-17,50,[11:15-11:30[,2024-11-17 11:15,1337.199,14956.579,11.185,11879.482,8.884,,,,,4791.82,3.583,4261.966,3.187,-5976.69,-4.47
17/11/2024,2024-11-17,51,[11:30-11:45[,2024-11-17 11:30,1337.199,23633.416,17.674,11879.482,8.884,,,,,4791.82,3.583,4090.862,3.059,2871.251,2.147
17/11/2024,2024-11-17,52,[11:45-12:00[,2024-11-17 11:45,1337.199,28021.893,20.956,11879.482,8.884,,,,,4791.82,3.583,4272.441,3.195,7078.15,5.293
17/11/2024,2024-11-17,53,[12:00-12:15[,2024-11-17 12:00,1376.25,19927.623,14.48,12014.285,8.73,5503.85,3.999,,,5070.12,3.684,4250.559,3.089,-6911.191,-5.022
17/11/2024,2024-11-17,54,[12:15-12:30[,2024-11-17 12:15,1376.25,23256.007,16.898,12014.285,8.73,5503.85,3.999,,,5070.12,3.684,3769.142,2.739,-3101.39,-2.254
17/11/2024,2024-11-17,55,[12:30-12:45[,2024-11-17 12:30,1376.25,26042.149,18.923,12014.285,8.73,5503.85,3.999,,,5070.12,3.684,4285.505,3.114,-831.611,-0.604
17/11/2024,2024-11-17,56,[12:45-13:00[,2024-11-17 12:45,1376.25,24980.59,18.151,12014.285,8.73,5503.85,3.999,,,5070.12,3.684,4239.251,3.08,-1846.916,-1.342
17/11/2024,2024-11-17,57,[13:00-13:15[,2024-11-17 13:00,1328.862,25766.366,19.39,11074.036,8.333,7394.45,5.564,,,4788.025,3.603,3746.25,2.819,-1236.395,-0.93
17/11/2024,2024-11-17,58,[13:15-13:30[,2024-11-17 13:15,1328.862,24438.549,18.391,11074.036,8.333,7394.45,5.564,,,4788.025,3.603,4260.379,3.206,-3078.34,-2.317
17/11/2024,2024-11-17,59,[13:30-13:45[,2024-11-17 13:30,1328.862,25108.863,18.895,11074.036,8.333,7394.45,5.564,,,4788.025,3.603,4312.359,3.245,-2460.007,-1.851
17/11/2024,2024-11-17,60,[13:45-14:00[,2024-11-17 13:45,1328.862,23923.441,18.003,11074.036,8.333,7394.45,5.564,,,4788.025,3.603,4141.826,3.117,-3474.896,-2.615
17/11/2024,2024-11-17,61,[14:00-14:15[,2024-11-17 14:00,1313.175,18479.962,14.073,9705.558,7.391,13132.725,10.001,,,5290.23,4.029,4290.944,3.268,-13939.496,-10.615
17/11/2024,2024-11-17,62,[14:15-14:30[,2024-11-17 14:15,1313.175,21698.525,16.524,9705.558,7.391,13132.725,10.001,,,5290.23,4.029,4115.915,3.134,-10545.903,-8.031
17/11/2024,2024-11-17,63,[14:30-14:45[,2024-11-17 14:30,1313.175,27453.497,20.906,9705.558,7.391,13132.725,10.001,,,5290.23,4.029,4336.452,3.302,-5011.467,-3.816
17/11/2024,2024-11-17,64,[14:45-15:00[,2024-11-17 14:45,1313.175,32414.66,24.684,9705.558,7.391,13132.725,10.001,,,5290.23,4.029,4199.092,3.198,87.054,0.066
17/11/2024,2024-11-17,65,[15:00-15:15[,2024-11-17 15:00,1316.485,22856.282,17.362,7797.703,5.923,19908.5,15.122,,,4090.32,3.107,4164.705,3.164,-13104.945,-9.954
17/11/2024,2024-11-17,66,[15:15-15:30[,2024-11-17 15:15,1316.485,23962.605,18.202,7797.703,5.923,19908.5,15.122,,,4090.32,3.107,4336.27,3.294,-12170.187,-9.244
17/11/2024,2024-11-17,67,[15:30-15:45[,2024-11-17 15:30,1316.485,28588.523,21.716,7797.703,5.923,19908.5,15.122,,,4090.32,3.107,4238.95,3.22,-7446.949,-5.657
17/11/2024,2024-11-17,68,[15:45-16:00[,2024-11-17 15:45,1316.485,34890.679,26.503,7797.703,5.923,19908.5,15.122,,,4090.32,3.107,4134.335,3.14,-1040.178,-0.79
17/11/2024,2024-11-17,69,[16:00-16:15[,2024-11-17 16:00,1353.876,10372.482,7.661,-552.763,-0.408,33092.275,24.443,,,2939.07,2.171,4317.239,3.189,-29423.34,-21.733
17/11/2024,2024-11-17,70,[16:15-16:30[,2024-11-17 16:15,1353.876,13658.561,10.088,-552.763,-0.408,33092.275,24.443,,,2939.07,2.171,3702.611,2.735,-25522.632,-18.852
17/11/2024,2024-11-17,71,[16:30-16:45[,2024-11-17 16:30,1353.876,19110.678,14.116,-552.763,-0.408,33092.275,24.443,,,2939.07,2.171,4227.54,3.123,-20595.445,-15.212
17/11/2024,2024-11-17,72,[16:45-17:00[,2024-11-17 16:45,1353.876,30214.638,22.317,-552.763,-0.408,33092.275,24.443,,,2939.07,2.171,4317.979,3.189,-9581.924,-7.077
17/11/2024,2024-11-17,73,[17:00-17:15[,2024-11-17 17:00,1470.572,14061.274,9.562,-710.875,-0.483,30046.075,20.432,,,2655.18,1.806,2804.756,1.907,-20733.862,-14.099
17/11/2024,2024-11-17,74,[17:15-17:30[,2024-11-17 17:15,1470.572,10464.885,7.116,-710.875,-0.483,30046.075,20.432,,,2655.18,1.806,2801.552,1.905,-24327.047,-16.543
17/11/2024,2024-11-17,75,[17:30-17:45[,2024-11-17 17:30,1470.572,19895.812,13.529,-710.875,-0.483,30046.075,20.432,,,2655.18,1.806,2784.94,1.894,-14879.507,-10.118
17/11/2024,2024-11-17,76,[17:45-18:00[,2024-11-17 17:45,1470.572,24838.685,16.89,-710.875,-0.483,30046.075,20.432,,,2655.18,1.806,2735.165,1.86,-9886.86,-6.723
17/11/2024,2024-11-17,77,[18:00-18:15[,2024-11-17 18:00,1579.763,7368.671,4.664,-1302.317,-0.824,30046.075,19.019,,,2172.27,1.375,2532.477,1.603,-26079.835,-16.509
17/11/2024,2024-11-17,78,[18:15-18:30[,2024-11-17 18:15,1579.763,14746.116,9.334,-1302.317,-0.824,30046.075,19.019,,,2172.27,1.375,2779.632,1.76,-18949.545,-11.995
17/11/2024,2024-11-17,79,[18:30-18:45[,2024-11-17 18:30,1579.763,14317.048,9.063,-1302.317,-0.824,30046.075,19.019,,,2172.27,1.375,2768.652,1.753,-19367.633,-12.26
17/11/2024,2024-11-17,80,[18:45-19:00[,2024-11-17 18:45,1579.763,11487.534,7.272,-1302.317,-0.824,30046.075,19.019,,,2172.27,1.375,1423.788,0.901,-20852.283,-13.2
17/11/2024,2024-11-17,81,[19:00-19:15[,2024-11-17 19:00,1607.891,12574.706,7.821,-1531.3,-0.952,30046.075,18.687,,,1851.36,1.151,1354.864,0.843,-19146.293,-11.908
17/11/2024,2024-11-17,82,[19:15-19:30[,2024-11-17 19:15,1607.891,14606.964,9.085,-1531.3,-0.952,30046.075,18.687,,,1851.36,1.151,1339.818,0.833,-17098.989,-10.634
17/11/2024,2024-11-17,83,[19:30-19:45[,2024-11-17 19:30,1607.891,17262.671,10.736,-1531.3,-0.952,30046.075,18.687,,,1851.36,1.151,1442.59,0.897,-14546.053,-9.047
17/11/2024,2024-11-17,84,[19:45-20:00[,2024-11-17 19:45,1607.891,13743.26,8.547,-1531.3,-0.952,30046.075,18.687,,,1851.36,1.151,1369.267,0.852,-17992.143,-11.19
17/11/2024,2024-11-17,85,[20:00-20:15[,2024-11-17 20:00,1578.806,14533.266,9.205,-1674.078,-1.06,30046.075,19.031,,,1803.39,1.142,1279.887,0.811,-16922.009,-10.718
17/11/2024,2024-11-17,86,[20:15-20:30[,2024-11-17 20:15,1578.806,12794.033,8.104,-1674.078,-1.06,30046.075,19.031,,,1803.39,1.142,1337.735,0.847,-18719.089,-11.856
17/11/2024,2024-11-17,87,[20:30-20:45[,2024-11-17 20:30,1578.806,9692.083,6.139,-1674.078,-1.06,30046.075,19.031,,,1803.39,1.142,1352.175,0.856,-21835.48,-13.83
17/11/2024,2024-11-17,88,[20:45-21:00[,2024-11-17 20:45,1578.806,5659.226,3.584,-1674.078,-1.06,30046.075,19.031,,,1803.39,1.142,1358.034,0.86,-25874.196,-16.388
17/11/2024,2024-11-17,89,[21:00-21:15[,2024-11-17 21:00,1483.888,12367.563,8.335,-867.131,-0.584,19296.575,13.004,,,2225.28,1.5,1389.974,0.937,-9677.134,-6.521
17/11/2024,2024-11-17,90,[21:15-21:30[,2024-11-17 21:15,1483.888,12542.609,8.453,-867.131,-0.584,19296.575,13.004,,,2225.28,1.5,1019.926,0.687,-9132.041,-6.154
17/11/2024,2024-11-17,91,[21:30-21:45[,2024-11-17 21:30,1483.888,15029.88,10.129,-867.131,-0.584,19296.575,13.004,,,2225.28,1.5,1189.234,0.801,-6814.079,-4.592
17/11/2024,2024-11-17,92,[21:45-22:00[,2024-11-17 21:45,1483.888,409.021,0.276,-867.131,-0.584,19296.575,13.004,,,2225.28,1.5,1208.756,0.815,-21454.459,-14.458
17/11/2024,2024-11-17,93,[22:00-22:15[,2024-11-17 22:00,1377.892,15709.976,11.401,-626.355,-0.455,8501.075,6.17,,,2818.96,2.046,1204.563,0.874,3811.733,2.766
17/11/2024,2024-11-17,94,[22:15-22:30[,2024-11-17 22:15,1377.892,6398.382,4.644,-626.355,-0.455,8501.075,6.17,,,2818.96,2.046,1225.847,0.89,-5521.145,-4.007
17/11/2024,2024-11-17,95,[22:30-22:45[,2024-11-17 22:30,1377.892,-354.669,-0.257,-626.355,-0.455,8501.075,6.17,,,2818.96,2.046,1226.376,0.89,-12274.724,-8.908
17/11/2024,2024-11-17,96,[22:45-23:00[,2024-11-17 22:45,1377.892,-7503.186,-5.445,-626.355,-0.455,8501.075,6.17,,,2818.96,2.046,1132.085,0.822,-19328.952,-14.028
18/11/2024,2024-11-18,1,[23:00-23:15[,2024-11-17 23:00,1254.681,7971.151,6.353,,,,,,,2188.54,1.744,1332.896,1.062,4449.715,3.546
18/11/2024,2024-11-18,2,[23:15-23:30[,2024-11-17 23:15,1254.681,8878.794,7.077,,,,,,,2188.54,1.744,1332.896,1.062,5357.358,4.27
18/11/2024,2024-11-18,3,[23:30-23:45[,2024-11-17 23:30,1254.681,4824.224,3.845,,,,,,,2188.54,1.744,1313.138,1.047,1322.546,1.054
18/11/2024,2024-11-18,4,[23:45-00:00[,2024-11-17 23:45,1254.681,3644.141,2.904,,,,,,,2188.54,1.744,1301.284,1.037,154.317,0.123
18/11/2024,2024-11-18,5,[00:00-00:15[,2024-11-18 00:00,1168.788,9635.082,8.244,,,,,,,2061.125,1.763,1657.657,1.418,5916.3,5.062
18/11/2024,2024-11-18,6,[00:15-00:30[,2024-11-18 00:15,1168.788,7044.505,6.027,,,,,,,2061.125,1.763,1652.613,1.414,3330.767,2.85
18/11/2024,2024-11-18,7,[00:30-00:45[,2024-11-18 00:30,1168.788,-212.809,-0.182,,,,,,,2061.125,1.763,1672.113,1.431,-3946.046,-3.376
18/11/2024,2024-11-18,8,[00:45-01:00[,2024-11-18 00:45,1168.788,-727.681,-0.623,,,,,,,2061.125,1.763,1675.828,1.434,-4464.634,-3.82
18/11/2024,2024-11-18,9,[01:00-01:15[,2024-11-18 01:00,1106.078,5420.699,4.901,,,,,,,1866.255,1.687,1664.974,1.505,1889.469,1.708
18/11/2024,2024-11-18,10,[01:15-01:30[,2024-11-18 01:15,1106.078,5541.301,5.01,,,,,,,1866.255,1.687,1731.506,1.565,1943.54,1.757
18/11/2024,2024-11-18,11,[01:30-01:45[,2024-11-18 01:30,1106.078,2478.137,2.24,,,,,,,1866.255,1.687,1725.061,1.56,-1113.179,-1.006
18/11/2024,2024-11-18,12,[01:45-02:00[,2024-11-18 01:45,1106.078,11.886,0.011,,,,,,,1866.255,1.687,1714.488,1.55,-3568.857,-3.227
18/11/2024,2024-11-18,13,[02:00-02:15[,2024-11-18 02:00,1070.416,9066.002,8.47,,,,,,,1791.305,1.673,1723.719,1.61,5550.978,5.186
18/11/2024,2024-11-18,14,[02:15-02:30[,2024-11-18 02:15,1070.416,793.887,0.742,,,,,,,1791.305,1.673,1728.845,1.615,-2726.264,-2.547
18/11/2024,2024-11-18,15,[02:30-02:45[,2024-11-18 02:30,1070.416,358.194,0.335,,,,,,,1791.305,1.673,1695.293,1.584,-3128.404,-2.923
18/11/2024,2024-11-18,16,[02:45-03:00[,2024-11-18 02:45,1070.416,3511.326,3.28,,,,,,,1791.305,1.673,1718.065,1.605,1.956,0.002
18/11/2024,2024-11-18,17,[03:00-03:15[,2024-11-18 03:00,1053.712,3681.301,3.494,,,,,,,1776.315,1.686,1692.353,1.606,212.634,0.202
18/11/2024,2024-11-18,18,[03:15-03:30[,2024-11-18 03:15,1053.712,3161.724,3.001,,,,,,,1776.315,1.686,1719.389,1.632,-333.98,-0.317
18/11/2024,2024-11-18,19,[03:30-03:45[,2024-11-18 03:30,1053.712,2589.655,2.458,,,,,,,1776.315,1.686,1761.97,1.672,-948.63,-0.9
18/11/2024,2024-11-18,20,[03:45-04:00[,2024-11-18 03:45,1053.712,4333.367,4.112,,,,,,,1776.315,1.686,1770.296,1.68,786.756,0.747
18/11/2024,2024-11-18,21,[04:00-04:15[,2024-11-18 04:00,1053.405,3857.89,3.662,,,,,,,1828.78,1.736,1770.296,1.681,258.814,0.246
18/11/2024,2024-11-18,22,[04:15-04:30[,2024-11-18 04:15,1053.405,3379.881,3.209,,,,,,,1828.78,1.736,1758.868,1.67,-207.767,-0.197
18/11/2024,2024-11-18,23,[04:30-04:45[,2024-11-18 04:30,1053.405,2792.775,2.651,,,,,,,1828.78,1.736,1633.095,1.55,-669.101,-0.635
18/11/2024,2024-11-18,24,[04:45-05:00[,2024-11-18 04:45,1053.405,8670.135,8.231,,,,,,,1828.78,1.736,1766.661,1.677,5074.694,4.817
18/11/2024,2024-11-18,25,[05:00-05:15[,2024-11-18 05:00,1093.862,-4605.818,-4.211,,,,,,,1864.85,1.705,1770.296,1.618,-8240.963,-7.534
18/11/2024,2024-11-18,26,[05:15-05:30[,2024-11-18 05:15,1093.862,-2126.536,-1.944,,,,,,,1864.85,1.705,1763.774,1.612,-5755.16,-5.261
18/11/2024,2024-11-18,27,[05:30-05:45[,2024-11-18 05:30,1093.862,4193.348,3.834,,,,,,,1864.85,1.705,1725.884,1.578,602.614,0.551
18/11/2024,2024-11-18,28,[05:45-06:00[,2024-11-18 05:45,1093.862,8890.865,8.128,,,,,,,1864.85,1.705,1722.524,1.575,5303.491,4.848
18/11/2024,2024-11-18,29,[06:00-06:15[,2024-11-18 06:00,1223.885,-4268,-3.487,,,,,,,2181.95,1.783,1727.069,1.411,-8177.019,-6.681
18/11/2024,2024-11-18,30,[06:15-06:30[,2024-11-18 06:15,1223.885,-1859.052,-1.519,,,,,,,2181.95,1.783,1726.405,1.411,-5767.407,-4.712
18/11/2024,2024-11-18,31,[06:30-06:45[,2024-11-18 06:30,1223.885,7510.874,6.137,,,,,,,2181.95,1.783,1719.127,1.405,3609.796,2.949
18/11/2024,2024-11-18,32,[06:45-07:00[,2024-11-18 06:45,1223.885,20986,17.147,,,,,,,2181.95,1.783,1723.798,1.408,17080.252,13.956
18/11/2024,2024-11-18,33,[07:00-07:15[,2024-11-18 07:00,1411.172,-12860.021,-9.113,,,,,,,2251.498,1.595,1680.848,1.191,-16792.367,-11.9
18/11/2024,2024-11-18,34,[07:15-07:30[,2024-11-18 07:15,1411.172,-324.384,-0.23,,,,,,,2251.498,1.595,1732.913,1.228,-4308.795,-3.053
18/11/2024,2024-11-18,35,[07:30-07:45[,2024-11-18 07:30,1411.172,4825.497,3.419,,,,,,,2251.498,1.595,1731.565,1.227,842.435,0.597
18/11/2024,2024-11-18,36,[07:45-08:00[,2024-11-18 07:45,1411.172,8161.538,5.784,,,,,,,2251.498,1.595,1736.077,1.23,4173.964,2.958
18/11/2024,2024-11-18,37,[08:00-08:15[,2024-11-18 08:00,1598.622,3946.795,2.469,,,,,,,2127.831,1.331,1735.344,1.086,83.62,0.052
18/11/2024,2024-11-18,38,[08:15-08:30[,2024-11-18 08:15,1598.622,1959.388,1.226,,,,,,,2127.831,1.331,1702.878,1.065,-1871.321,-1.171
18/11/2024,2024-11-18,39,[08:30-08:45[,2024-11-18 08:30,1598.622,5711.954,3.573,,,,,,,2127.831,1.331,1757.48,1.099,1826.643,1.143
18/11/2024,2024-11-18,40,[08:45-09:00[,2024-11-18 08:45,1598.622,455.68,0.285,,,,,,,2127.831,1.331,1752.863,1.096,-3425.014,-2.142
18/11/2024,2024-11-18,41,[09:00-09:15[,2024-11-18 09:00,1663.98,16622.633,9.99,5869.945,3.528,,,,,2263.49,1.36,1636.771,0.984,6852.427,4.118
18/11/2024,2024-11-18,42,[09:15-09:30[,2024-11-18 09:15,1663.98,12454.273,7.485,5869.945,3.528,,,,,2263.49,1.36,1632.804,0.981,2688.034,1.615
18/11/2024,2024-11-18,43,[09:30-09:45[,2024-11-18 09:30,1663.98,9058.032,5.444,5869.945,3.528,,,,,2263.49,1.36,1625.628,0.977,-701.032,-0.421
18/11/2024,2024-11-18,44,[09:45-10:00[,2024-11-18 09:45,1663.98,1556.611,0.935,5869.945,3.528,,,,,2263.49,1.36,1618.546,0.973,-8195.37,-4.925
18/11/2024,2024-11-18,45,[10:00-10:15[,2024-11-18 10:00,1640.025,11517.557,7.023,6142.83,3.746,,,,,2248.5,1.371,1547.704,0.944,1578.523,0.962
18/11/2024,2024-11-18,46,[10:15-10:30[,2024-11-18 10:15,1640.025,8802.475,5.367,6142.83,3.746,,,,,2248.5,1.371,1535.436,0.936,-1124.291,-0.686
18/11/2024,2024-11-18,47,[10:30-10:45[,2024-11-18 10:30,1640.025,9739.876,5.939,6142.83,3.746,,,,,2248.5,1.371,1560.635,0.952,-212.089,-0.129
18/11/2024,2024-11-18,48,[10:45-11:00[,2024-11-18 10:45,1640.025,5084.239,3.1,6142.83,3.746,,,,,2248.5,1.371,1560.635,0.952,-4867.726,-2.968
18/11/2024,2024-11-18,49,[11:00-11:15[,2024-11-18 11:00,1632.179,14774.631,9.052,5741.712,3.518,2773.62,1.699,,,2285.975,1.401,1526.011,0.935,2447.313,1.499
18/11/2024,2024-11-18,50,[11:15-11:30[,2024-11-18 11:15,1632.179,7741.402,4.743,5741.712,3.518,2773.62,1.699,,,2285.975,1.401,1541.161,0.944,-4601.066,-2.819
18/11/2024,2024-11-18,51,[11:30-11:45[,2024-11-18 11:30,1632.179,9288.071,5.691,5741.712,3.518,2773.62,1.699,,,2285.975,1.401,1543.088,0.945,-3056.324,-1.873
18/11/2024,2024-11-18,52,[11:45-12:00[,2024-11-18 11:45,1632.179,8080.18,4.951,5741.712,3.518,2773.62,1.699,,,2285.975,1.401,1530.48,0.938,-4251.607,-2.605
18/11/2024,2024-11-18,53,[12:00-12:15[,2024-11-18 12:00,1580.025,15476.33,9.795,5737.317,3.631,3698.16,2.341,,,2158.56,1.366,1478.326,0.936,2403.968,1.521
18/11/2024,2024-11-18,54,[12:15-12:30[,2024-11-18 12:15,1580.025,11620.371,7.355,5737.317,3.631,3698.16,2.341,,,2158.56,1.366,1442.812,0.913,-1416.478,-0.896
18/11/2024,2024-11-18,55,[12:30-12:45[,2024-11-18 12:30,1580.025,5196.898,3.289,5737.317,3.631,3698.16,2.341,,,2158.56,1.366,1494.175,0.946,-7891.314,-4.994
18/11/2024,2024-11-18,56,[12:45-13:00[,2024-11-18 12:45,1580.025,4391.923,2.78,5737.317,3.631,3698.16,2.341,,,2158.56,1.366,1477.934,0.935,-8680.048,-5.494
18/11/2024,2024-11-18,57,[13:00-13:15[,2024-11-18 13:00,1563.888,7770.034,4.968,6023.77,3.852,3698.16,2.365,,,2143.57,1.371,1475.204,0.943,-5570.67,-3.562
18/11/2024,2024-11-18,58,[13:15-13:30[,2024-11-18 13:15,1563.888,8201.255,5.244,6023.77,3.852,3698.16,2.365,,,2143.57,1.371,1568.615,1.003,-5232.859,-3.346
18/11/2024,2024-11-18,59,[13:30-13:45[,2024-11-18 13:30,1563.888,8920.833,5.704,6023.77,3.852,3698.16,2.365,,,2143.57,1.371,1591.101,1.017,-4535.768,-2.9
18/11/2024,2024-11-18,60,[13:45-14:00[,2024-11-18 13:45,1563.888,14688.746,9.392,6023.77,3.852,3698.16,2.365,,,2143.57,1.371,1623.026,1.038,1200.22,0.767
18/11/2024,2024-11-18,61,[14:00-14:15[,2024-11-18 14:00,1622.872,4953.777,3.052,5873.82,3.619,6571.067,4.049,,,2143.57,1.321,1481.412,0.913,-11116.092,-6.85
18/11/2024,2024-11-18,62,[14:15-14:30[,2024-11-18 14:15,1622.872,7126.284,4.391,5873.82,3.619,6571.067,4.049,,,2143.57,1.321,1557.717,0.96,-9019.89,-5.558
18/11/2024,2024-11-18,63,[14:30-14:45[,2024-11-18 14:30,1622.872,11786.015,7.262,5873.82,3.619,6571.067,4.049,,,2143.57,1.321,1556.018,0.959,-4358.46,-2.686
18/11/2024,2024-11-18,64,[14:45-15:00[,2024-11-18 14:45,1622.872,24788.339,15.274,5873.82,3.619,6571.067,4.049,,,2143.57,1.321,1499.175,0.924,8700.707,5.361
18/11/2024,2024-11-18,65,[15:00-15:15[,2024-11-18 15:00,1657.214,6902.362,4.165,,,9306.164,5.616,,,2188.54,1.321,1547.523,0.934,-6139.865,-3.705
18/11/2024,2024-11-18,66,[15:15-15:30[,2024-11-18 15:15,1657.214,-1336.607,-0.807,,,9306.164,5.616,,,2188.54,1.321,1595.192,0.963,-14426.502,-8.705
18/11/2024,2024-11-18,67,[15:30-15:45[,2024-11-18 15:30,1657.214,6034.492,3.641,,,9306.164,5.616,,,2188.54,1.321,1570.598,0.948,-7030.81,-4.243
18/11/2024,2024-11-18,68,[15:45-16:00[,2024-11-18 15:45,1657.214,28014.372,16.905,,,9306.164,5.616,,,2188.54,1.321,1597.317,0.964,14922.351,9.004
18/11/2024,2024-11-18,69,[16:00-16:15[,2024-11-18 16:00,1704.206,7639.522,4.483,,,33210.907,19.488,,,3052.339,1.791,1488.797,0.874,-30112.52,-17.67
18/11/2024,2024-11-18,70,[16:15-16:30[,2024-11-18 16:15,1704.206,16631.722,9.759,,,33210.907,19.488,,,3052.339,1.791,1387.458,0.814,-21018.981,-12.334
18/11/2024,2024-11-18,71,[16:30-16:45[,2024-11-18 16:30,1704.206,14313.711,8.399,,,33210.907,19.488,,,3052.339,1.791,1395.996,0.819,-23345.531,-13.699
18/11/2024,2024-11-18,72,[16:45-17:00[,2024-11-18 16:45,1704.206,16385.552,9.615,,,33210.907,19.488,,,3052.339,1.791,1458.517,0.856,-21336.21,-12.52
18/11/2024,2024-11-18,73,[17:00-17:15[,2024-11-18 17:00,1786.107,12845.349,7.192,,,44913.871,25.146,,,2261.791,1.266,1537.317,0.861,-35867.63,-20.081
18/11/2024,2024-11-18,74,[17:15-17:30[,2024-11-18 17:15,1786.107,15416.124,8.631,,,44913.871,25.146,,,2261.791,1.266,1464.564,0.82,-33224.103,-18.601
18/11/2024,2024-11-18,75,[17:30-17:45[,2024-11-18 17:30,1786.107,22272.454,12.47,,,44913.871,25.146,,,2261.791,1.266,1464.564,0.82,-26367.772,-14.763
18/11/2024,2024-11-18,76,[17:45-18:00[,2024-11-18 17:45,1786.107,26267.083,14.706,,,44913.871,25.146,,,2261.791,1.266,1457.459,0.816,-22366.038,-12.522
18/11/2024,2024-11-18,77,[18:00-18:15[,2024-11-18 18:00,1861.025,14537.354,7.811,,,44913.871,24.134,,,2261.791,1.215,1460.281,0.785,-34098.589,-18.322
18/11/2024,2024-11-18,78,[18:15-18:30[,2024-11-18 18:15,1861.025,17210.625,9.248,,,44913.871,24.134,,,2261.791,1.215,1454.258,0.781,-31419.295,-16.883
18/11/2024,2024-11-18,79,[18:30-18:45[,2024-11-18 18:30,1861.025,18278.751,9.822,,,44913.871,24.134,,,2261.791,1.215,1360.736,0.731,-30257.647,-16.259
18/11/2024,2024-11-18,80,[18:45-19:00[,2024-11-18 18:45,1861.025,21436.327,11.519,,,44913.871,24.134,,,2261.791,1.215,1466.387,0.788,-27205.722,-14.619
18/11/2024,2024-11-18,81,[19:00-19:15[,2024-11-18 19:00,1904.967,16301.427,8.557,,,44913.871,23.577,,,1959.52,1.029,1481.698,0.778,-32053.662,-16.826
18/11/2024,2024-11-18,82,[19:15-19:30[,2024-11-18 19:15,1904.967,18203.244,9.556,,,44913.871,23.577,,,1959.52,1.029,1490.301,0.782,-30160.448,-15.833
18/11/2024,2024-11-18,83,[19:30-19:45[,2024-11-18 19:30,1904.967,18625.627,9.777,,,44913.871,23.577,,,1959.52,1.029,1543.349,0.81,-29791.113,-15.639
18/11/2024,2024-11-18,84,[19:45-20:00[,2024-11-18 19:45,1904.967,15166.459,7.962,,,44913.871,23.577,,,1959.52,1.029,1518.092,0.797,-33225.024,-17.441
18/11/2024,2024-11-18,85,[20:00-20:15[,2024-11-18 20:00,1842.327,30649.311,16.636,,,44913.871,24.379,,,2325.4,1.262,1520.638,0.825,-18110.599,-9.83
18/11/2024,2024-11-18,86,[20:15-20:30[,2024-11-18 20:15,1842.327,25438.482,13.808,,,44913.871,24.379,,,2325.4,1.262,1538.234,0.835,-23339.023,-12.668
18/11/2024,2024-11-18,87,[20:30-20:45[,2024-11-18 20:30,1842.327,23402.646,12.703,,,44913.871,24.379,,,2325.4,1.262,1552.68,0.843,-25389.306,-13.781
18/11/2024,2024-11-18,88,[20:45-21:00[,2024-11-18 20:45,1842.327,12866.401,6.984,,,44913.871,24.379,,,2325.4,1.262,1559.943,0.847,-35932.812,-19.504
18/11/2024,2024-11-18,89,[21:00-21:15[,2024-11-18 21:00,1720.902,26814.688,15.582,,,37197.871,21.615,,,2360.925,1.372,1590.124,0.924,-14334.232,-8.329
18/11/2024,2024-11-18,90,[21:15-21:30[,2024-11-18 21:15,1720.902,22502.718,13.076,,,37197.871,21.615,,,2360.925,1.372,1589.626,0.924,-18645.704,-10.835
18/11/2024,2024-11-18,91,[21:30-21:45[,2024-11-18 21:30,1720.902,18296.924,10.632,,,37197.871,21.615,,,2360.925,1.372,1543.979,0.897,-22805.851,-13.252
18/11/2024,2024-11-18,92,[21:45-22:00[,2024-11-18 21:45,1720.902,8804.801,5.116,,,37197.871,21.615,,,2360.925,1.372,1590.728,0.924,-32344.723,-18.795
18/11/2024,2024-11-18,93,[22:00-22:15[,2024-11-18 22:00,1580.706,15901.436,10.06,,,8718.679,5.516,,,2480.845,1.569,1592.186,1.007,3109.726,1.967
18/11/2024,2024-11-18,94,[22:15-22:30[,2024-11-18 22:15,1580.706,9950.914,6.295,,,8718.679,5.516,,,2480.845,1.569,1610.045,1.019,-2858.655,-1.808
18/11/2024,2024-11-18,95,[22:30-22:45[,2024-11-18 22:30,1580.706,6956.824,4.401,,,8718.679,5.516,,,2480.845,1.569,1602.42,1.014,-5845.119,-3.698
18/11/2024,2024-11-18,96,[22:45-23:00[,2024-11-18 22:45,1580.706,2313.683,1.464,,,8718.679,5.516,,,2480.845,1.569,1626.365,1.029,-10512.206,-6.65
19/11/2024,2024-11-19,1,[23:00-23:15[,2024-11-18 23:00,1423.803,16596.752,11.657,,,,,,,2208.722,1.551,1664.528,1.169,12723.503,8.936
19/11/2024,2024-11-19,2,[23:15-23:30[,2024-11-18 23:15,1423.803,8495.162,5.967,,,,,,,2208.722,1.551,1650.317,1.159,4636.124,3.256
19/11/2024,2024-11-19,3,[23:30-23:45[,2024-11-18 23:30,1423.803,-1972.234,-1.385,,,,,,,2208.722,1.551,1642.878,1.154,-5823.833,-4.09
19/11/2024,2024-11-19,4,[23:45-00:00[,2024-11-18 23:45,1423.803,-6880.124,-4.832,,,,,,,2208.722,1.551,1636.494,1.149,-10725.34,-7.533
19/11/2024,2024-11-19,5,[00:00-00:15[,2024-11-19 00:00,1295.848,11556.975,8.918,-838.088,-0.647,,,,,1777.62,1.372,1627.654,1.256,8989.788,6.937
19/11/2024,2024-11-19,6,[00:15-00:30[,2024-11-19 00:15,1295.848,3702.766,2.857,-838.088,-0.647,,,,,1777.62,1.372,1644.005,1.269,1119.228,0.864
19/11/2024,2024-11-19,7,[00:30-00:45[,2024-11-19 00:30,1295.848,-1131.796,-0.873,-838.088,-0.647,,,,,1777.62,1.372,1569.558,1.211,-3640.887,-2.81
19/11/2024,2024-11-19,8,[00:45-01:00[,2024-11-19 00:45,1295.848,-2473.63,-1.909,-838.088,-0.647,,,,,1777.62,1.372,1634.147,1.261,-5047.31,-3.895
19/11/2024,2024-11-19,9,[01:00-01:15[,2024-11-19 01:00,1218.4,8600.851,7.059,-766.203,-0.629,,,,,1558.32,1.279,1613.85,1.325,6194.883,5.084
19/11/2024,2024-11-19,10,[01:15-01:30[,2024-11-19 01:15,1218.4,3740.505,3.07,-766.203,-0.629,,,,,1558.32,1.279,1608.753,1.32,1339.634,1.1
19/11/2024,2024-11-19,11,[01:30-01:45[,2024-11-19 01:30,1218.4,1037.476,0.852,-766.203,-0.629,,,,,1558.32,1.279,1676.515,1.376,-1431.156,-1.175
19/11/2024,2024-11-19,12,[01:45-02:00[,2024-11-19 01:45,1218.4,-1164.781,-0.956,-766.203,-0.629,,,,,1558.32,1.279,1686.25,1.384,-3643.149,-2.99
19/11/2024,2024-11-19,13,[02:00-02:15[,2024-11-19 02:00,1166.533,5384.042,4.615,-766.203,-0.657,,,,,1558.32,1.336,1704.543,1.461,2887.381,2.475
19/11/2024,2024-11-19,14,[02:15-02:30[,2024-11-19 02:15,1166.533,3046.393,2.611,-766.203,-0.657,,,,,1558.32,1.336,1638.177,1.404,616.098,0.528
19/11/2024,2024-11-19,15,[02:30-02:45[,2024-11-19 02:30,1166.533,1044.492,0.895,-766.203,-0.657,,,,,1558.32,1.336,1463.048,1.254,-1210.673,-1.038
19/11/2024,2024-11-19,16,[02:45-03:00[,2024-11-19 02:45,1166.533,797.931,0.684,-766.203,-0.657,,,,,1558.32,1.336,1503.457,1.289,-1497.643,-1.284
19/11/2024,2024-11-19,17,[03:00-03:15[,2024-11-19 03:00,1141.346,7921.967,6.941,1159.295,1.016,,,,,1558.32,1.365,1509.527,1.323,3694.825,3.237
19/11/2024,2024-11-19,18,[03:15-03:30[,2024-11-19 03:15,1141.346,5231.277,4.583,1159.295,1.016,,,,,1558.32,1.365,1608.15,1.409,905.512,0.793
19/11/2024,2024-11-19,19,[03:30-03:45[,2024-11-19 03:30,1141.346,3895.766,3.413,1159.295,1.016,,,,,1558.32,1.365,1582.599,1.387,-404.448,-0.354
19/11/2024,2024-11-19,20,[03:45-04:00[,2024-11-19 03:45,1141.346,2046.121,1.793,1159.295,1.016,,,,,1558.32,1.365,1604.541,1.406,-2276.035,-1.994
19/11/2024,2024-11-19,21,[04:00-04:15[,2024-11-19 04:00,1133.691,3524.818,3.109,-343.01,-0.303,,,,,1558.32,1.375,1642.444,1.449,667.063,0.588
19/11/2024,2024-11-19,22,[04:15-04:30[,2024-11-19 04:15,1133.691,3521.002,3.106,-343.01,-0.303,,,,,1558.32,1.375,1628.169,1.436,677.523,0.598
19/11/2024,2024-11-19,23,[04:30-04:45[,2024-11-19 04:30,1133.691,2269.497,2.002,-343.01,-0.303,,,,,1558.32,1.375,1671.25,1.474,-617.062,-0.544
19/11/2024,2024-11-19,24,[04:45-05:00[,2024-11-19 04:45,1133.691,6143.714,5.419,-343.01,-0.303,,,,,1558.32,1.375,1660.334,1.465,3268.069,2.883
19/11/2024,2024-11-19,25,[05:00-05:15[,2024-11-19 05:00,1162.896,-1500.481,-1.29,-976.285,-0.84,,,,,1642.68,1.413,1718.348,1.478,-3885.224,-3.341
19/11/2024,2024-11-19,26,[05:15-05:30[,2024-11-19 05:15,1162.896,2704.839,2.326,-976.285,-0.84,,,,,1642.68,1.413,1722.465,1.481,315.979,0.272
19/11/2024,2024-11-19,27,[05:30-05:45[,2024-11-19 05:30,1162.896,896.765,0.771,-976.285,-0.84,,,,,1642.68,1.413,1659.287,1.427,-1428.917,-1.229
19/11/2024,2024-11-19,28,[05:45-06:00[,2024-11-19 05:45,1162.896,12304.199,10.581,-976.285,-0.84,,,,,1642.68,1.413,1681.125,1.446,9956.679,8.562
19/11/2024,2024-11-19,29,[06:00-06:15[,2024-11-19 06:00,1275.816,-3442.742,-2.698,-1347.79,-1.056,,,,,2592.35,2.032,1682.582,1.319,-6369.884,-4.993
19/11/2024,2024-11-19,30,[06:15-06:30[,2024-11-19 06:15,1275.816,-578.436,-0.453,-1347.79,-1.056,,,,,2592.35,2.032,1685.872,1.321,-3508.868,-2.75
19/11/2024,2024-11-19,31,[06:30-06:45[,2024-11-19 06:30,1275.816,4474.593,3.507,-1347.79,-1.056,,,,,2592.35,2.032,1635.601,1.282,1594.432,1.25
19/11/2024,2024-11-19,32,[06:45-07:00[,2024-11-19 06:45,1275.816,10517.741,8.244,-1347.79,-1.056,,,,,2592.35,2.032,1713.445,1.343,7559.736,5.925
19/11/2024,2024-11-19,33,[07:00-07:15[,2024-11-19 07:00,1445.648,-2000.903,-1.384,-1399.345,-0.968,,,,,3051.72,2.111,1624.548,1.124,-5277.826,-3.651
19/11/2024,2024-11-19,34,[07:15-07:30[,2024-11-19 07:15,1445.648,-1590.08,-1.1,-1399.345,-0.968,,,,,3051.72,2.111,1615.662,1.118,-4858.117,-3.361
19/11/2024,2024-11-19,35,[07:30-07:45[,2024-11-19 07:30,1445.648,5385.792,3.726,-1399.345,-0.968,,,,,3051.72,2.111,1631.212,1.128,2102.205,1.454
19/11/2024,2024-11-19,36,[07:45-08:00[,2024-11-19 07:45,1445.648,8763.513,6.062,-1399.345,-0.968,,,,,3051.72,2.111,1646.232,1.139,5464.907,3.78
19/11/2024,2024-11-19,37,[08:00-08:15[,2024-11-19 08:00,1644.46,-6813.686,-4.143,-1190.216,-0.724,,,,,2443.805,1.486,1641.183,0.998,-9708.457,-5.904
19/11/2024,2024-11-19,38,[08:15-08:30[,2024-11-19 08:15,1644.46,-3263.279,-1.984,-1190.216,-0.724,,,,,2443.805,1.486,1637.216,0.996,-6154.083,-3.742
19/11/2024,2024-11-19,39,[08:30-08:45[,2024-11-19 08:30,1644.46,-2240.171,-1.362,-1190.216,-0.724,,,,,2443.805,1.486,1462.756,0.89,-4956.515,-3.014
19/11/2024,2024-11-19,40,[08:45-09:00[,2024-11-19 08:45,1644.46,-4538.926,-2.76,-1190.216,-0.724,,,,,2443.805,1.486,1410.048,0.857,-7202.563,-4.38
19/11/2024,2024-11-19,41,[09:00-09:15[,2024-11-19 09:00,1703.594,14305.711,8.397,4826.308,2.833,,,,,2666.08,1.565,1456.489,0.855,5356.835,3.144
19/11/2024,2024-11-19,42,[09:15-09:30[,2024-11-19 09:15,1703.594,10912.319,6.405,4826.308,2.833,,,,,2666.08,1.565,1391.543,0.817,2028.389,1.191
19/11/2024,2024-11-19,43,[09:30-09:45[,2024-11-19 09:30,1703.594,9189.988,5.394,4826.308,2.833,,,,,2666.08,1.565,1483.966,0.871,213.635,0.125
19/11/2024,2024-11-19,44,[09:45-10:00[,2024-11-19 09:45,1703.594,2193.794,1.288,4826.308,2.833,,,,,2666.08,1.565,1491.902,0.876,-6790.495,-3.986
19/11/2024,2024-11-19,45,[10:00-10:15[,2024-11-19 10:00,1692.492,16572.044,9.792,4926.971,2.911,,,,,8242.885,4.87,1516.254,0.896,1885.934,1.114
19/11/2024,2024-11-19,46,[10:15-10:30[,2024-11-19 10:15,1692.492,19292.007,11.399,4926.971,2.911,,,,,8242.885,4.87,1578.266,0.933,4543.885,2.685
19/11/2024,2024-11-19,47,[10:30-10:45[,2024-11-19 10:30,1692.492,13424.429,7.932,4926.971,2.911,,,,,8242.885,4.87,1622.71,0.959,-1368.137,-0.808
19/11/2024,2024-11-19,48,[10:45-11:00[,2024-11-19 10:45,1692.492,17651.986,10.43,4926.971,2.911,,,,,8242.885,4.87,1687.352,0.997,2794.779,1.651
19/11/2024,2024-11-19,49,[11:00-11:15[,2024-11-19 11:00,1718.013,24002.282,13.971,5376.465,3.129,,,,,11804.288,6.871,2936.655,1.709,3884.875,2.261
19/11/2024,2024-11-19,50,[11:15-11:30[,2024-11-19 11:15,1718.013,20230.008,11.775,5376.465,3.129,,,,,11804.288,6.871,2943.662,1.713,105.593,0.061
19/11/2024,2024-11-19,51,[11:30-11:45[,2024-11-19 11:30,1718.013,18262.519,10.63,5376.465,3.129,,,,,11804.288,6.871,2971.31,1.73,-1889.543,-1.1
19/11/2024,2024-11-19,52,[11:45-12:00[,2024-11-19 11:45,1718.013,13031.874,7.585,5376.465,3.129,,,,,11804.288,6.871,2329.404,1.356,-6478.283,-3.771
19/11/2024,2024-11-19,53,[12:00-12:15[,2024-11-19 12:00,1677.684,14852.209,8.853,8384.94,4.998,,,,,9616.64,5.732,2855.848,1.702,-6005.218,-3.579
19/11/2024,2024-11-19,54,[12:15-12:30[,2024-11-19 12:15,1677.684,16540.178,9.859,8384.94,4.998,,,,,9616.64,5.732,2958.166,1.763,-4419.568,-2.634
19/11/2024,2024-11-19,55,[12:30-12:45[,2024-11-19 12:30,1677.684,15946.948,9.505,8384.94,4.998,,,,,9616.64,5.732,2956.572,1.762,-5011.204,-2.987
19/11/2024,2024-11-19,56,[12:45-13:00[,2024-11-19 12:45,1677.684,17851.674,10.641,8384.94,4.998,,,,,9616.64,5.732,2501.024,1.491,-2650.93,-1.58
19/11/2024,2024-11-19,57,[13:00-13:15[,2024-11-19 13:00,1667.701,19579.568,11.74,9391.488,5.631,,,,,9447.68,5.665,3002.407,1.8,-2262.006,-1.356
19/11/2024,2024-11-19,58,[13:15-13:30[,2024-11-19 13:15,1667.701,22297.864,13.37,9391.488,5.631,,,,,9447.68,5.665,3023.768,1.813,434.928,0.261
19/11/2024,2024-11-19,59,[13:30-13:45[,2024-11-19 13:30,1667.701,22451.659,13.463,9391.488,5.631,,,,,9447.68,5.665,2904.541,1.742,707.95,0.425
19/11/2024,2024-11-19,60,[13:45-14:00[,2024-11-19 13:45,1667.701,21509.118,12.897,9391.488,5.631,,,,,9447.68,5.665,2962.016,1.776,-292.066,-0.175
19/11/2024,2024-11-19,61,[14:00-14:15[,2024-11-19 14:00,1720.508,16353.744,9.505,8713.81,5.065,,,,,12179.2,7.079,3073.387,1.786,-7612.652,-4.425
19/11/2024,2024-11-19,62,[14:15-14:30[,2024-11-19 14:15,1720.508,16872.356,9.807,8713.81,5.065,,,,,12179.2,7.079,3023.276,1.757,-7043.93,-4.094
19/11/2024,2024-11-19,63,[14:30-14:45[,2024-11-19 14:30,1720.508,18375.326,10.68,8713.81,5.065,,,,,12179.2,7.079,2633.019,1.53,-5150.703,-2.994
19/11/2024,2024-11-19,64,[14:45-15:00[,2024-11-19 14:45,1720.508,18136.168,10.541,8713.81,5.065,,,,,12179.2,7.079,2973.806,1.728,-5730.649,-3.331
19/11/2024,2024-11-19,65,[15:00-15:15[,2024-11-19 15:00,1727.768,15786.459,9.137,-838.87,-0.486,,,,,20092.16,11.629,3074.829,1.78,-6541.661,-3.786
19/11/2024,2024-11-19,66,[15:15-15:30[,2024-11-19 15:15,1727.768,20078.357,11.621,-838.87,-0.486,,,,,20092.16,11.629,3063.616,1.773,-2238.549,-1.296
19/11/2024,2024-11-19,67,[15:30-15:45[,2024-11-19 15:30,1727.768,17402.954,10.073,-838.87,-0.486,,,,,20092.16,11.629,3019.004,1.747,-4869.34,-2.818
19/11/2024,2024-11-19,68,[15:45-16:00[,2024-11-19 15:45,1727.768,23817.799,13.785,-838.87,-0.486,,,,,20092.16,11.629,2964.277,1.716,1600.231,0.926
19/11/2024,2024-11-19,69,[16:00-16:15[,2024-11-19 16:00,1757.203,3257.933,1.854,-1579.4,-0.899,,,,,8471.54,4.821,3036.601,1.728,-6670.809,-3.796
19/11/2024,2024-11-19,70,[16:15-16:30[,2024-11-19 16:15,1757.203,-1218.365,-0.693,-1579.4,-0.899,,,,,8471.54,4.821,1877.677,1.069,-9988.183,-5.684
19/11/2024,2024-11-19,71,[16:30-16:45[,2024-11-19 16:30,1757.203,12141.512,6.91,-1579.4,-0.899,,,,,8471.54,4.821,2815.489,1.602,2433.883,1.385
19/11/2024,2024-11-19,72,[16:45-17:00[,2024-11-19 16:45,1757.203,23067.478,13.127,-1579.4,-0.899,,,,,8471.54,4.821,3005.657,1.71,13169.681,7.495
19/11/2024,2024-11-19,73,[17:00-17:15[,2024-11-19 17:00,1828.356,-4334.998,-2.371,-1085.319,-0.594,,,,,3111.355,1.702,3006.692,1.644,-9367.726,-5.124
19/11/2024,2024-11-19,74,[17:15-17:30[,2024-11-19 17:15,1828.356,-1134.022,-0.62,-1085.319,-0.594,,,,,3111.355,1.702,2144.567,1.173,-5304.625,-2.901
19/11/2024,2024-11-19,75,[17:30-17:45[,2024-11-19 17:30,1828.356,5913.61,3.234,-1085.319,-0.594,,,,,3111.355,1.702,2994.248,1.638,893.326,0.489
19/11/2024,2024-11-19,76,[17:45-18:00[,2024-11-19 17:45,1828.356,12047.597,6.589,-1085.319,-0.594,,,,,3111.355,1.702,3034.887,1.66,6986.673,3.821
19/11/2024,2024-11-19,77,[18:00-18:15[,2024-11-19 18:00,1902.785,-1774.369,-0.933,-1090.159,-0.573,,,,,2930.37,1.54,2843.313,1.494,-6457.894,-3.394
19/11/2024,2024-11-19,78,[18:15-18:30[,2024-11-19 18:15,1902.785,4919.464,2.585,-1090.159,-0.573,,,,,2930.37,1.54,2981.339,1.567,97.914,0.051
19/11/2024,2024-11-19,79,[18:30-18:45[,2024-11-19 18:30,1902.785,6153.073,3.234,-1090.159,-0.573,,,,,2930.37,1.54,3002.084,1.578,1310.778,0.689
19/11/2024,2024-11-19,80,[18:45-19:00[,2024-11-19 18:45,1902.785,3261.489,1.714,-1090.159,-0.573,,,,,2930.37,1.54,3002.084,1.578,-1580.806,-0.831
19/11/2024,2024-11-19,81,[19:00-19:15[,2024-11-19 19:00,1947.132,2786.759,1.431,-1018.065,-0.523,,,,,2544.72,1.307,2110.813,1.084,-850.71,-0.437
19/11/2024,2024-11-19,82,[19:15-19:30[,2024-11-19 19:15,1947.132,3984.206,2.046,-1018.065,-0.523,,,,,2544.72,1.307,2959.766,1.52,-502.215,-0.258
19/11/2024,2024-11-19,83,[19:30-19:45[,2024-11-19 19:30,1947.132,3101.923,1.593,-1018.065,-0.523,,,,,2544.72,1.307,2961.038,1.521,-1385.77,-0.712
19/11/2024,2024-11-19,84,[19:45-20:00[,2024-11-19 19:45,1947.132,2933.463,1.507,-1018.065,-0.523,,,,,2544.72,1.307,2731.928,1.403,-1325.12,-0.681
19/11/2024,2024-11-19,85,[20:00-20:15[,2024-11-19 20:00,1875.851,8321.056,4.436,-1002.075,-0.534,,,,,3176.67,1.693,1705.689,0.909,4440.772,2.367
19/11/2024,2024-11-19,86,[20:15-20:30[,2024-11-19 20:15,1875.851,2965.972,1.581,-1002.075,-0.534,,,,,3176.67,1.693,1691.855,0.902,-900.478,-0.48
19/11/2024,2024-11-19,87,[20:30-20:45[,2024-11-19 20:30,1875.851,-1194.3,-0.637,-1002.075,-0.534,,,,,3176.67,1.693,1719.698,0.917,-5088.593,-2.713
19/11/2024,2024-11-19,88,[20:45-21:00[,2024-11-19 20:45,1875.851,-6905.562,-3.681,-1002.075,-0.534,,,,,3176.67,1.693,1645.582,0.877,-10725.739,-5.718
19/11/2024,2024-11-19,89,[21:00-21:15[,2024-11-19 21:00,1750.904,16441,9.39,-780.41,-0.446,,,,,5349.88,3.055,1604.797,0.917,10266.733,5.864
19/11/2024,2024-11-19,90,[21:15-21:30[,2024-11-19 21:15,1750.904,7244.161,4.137,-780.41,-0.446,,,,,5349.88,3.055,1548.006,0.884,1126.685,0.643
19/11/2024,2024-11-19,91,[21:30-21:45[,2024-11-19 21:30,1750.904,3488.38,1.992,-780.41,-0.446,,,,,5349.88,3.055,1636.066,0.934,-2717.156,-1.552
19/11/2024,2024-11-19,92,[21:45-22:00[,2024-11-19 21:45,1750.904,-1391.997,-0.795,-780.41,-0.446,,,,,5349.88,3.055,1635.602,0.934,-7597.069,-4.339
19/11/2024,2024-11-19,93,[22:00-22:15[,2024-11-19 22:00,1615.343,14517.596,8.987,,,,,7019.6,4.346,6492.565,4.019,2669.992,1.653,-1664.561,-1.03
19/11/2024,2024-11-19,94,[22:15-22:30[,2024-11-19 22:15,1615.343,14416.565,8.925,,,,,7019.6,4.346,6492.565,4.019,2301.827,1.425,-1397.427,-0.865
19/11/2024,2024-11-19,95,[22:30-22:45[,2024-11-19 22:30,1615.343,14637.759,9.062,,,,,7019.6,4.346,6492.565,4.019,3056.481,1.892,-1930.887,-1.195
19/11/2024,2024-11-19,96,[22:45-23:00[,2024-11-19 22:45,1615.343,4299.209,2.661,,,,,6861.6,4.248,6492.565,4.019,3043.986,1.884,-12098.941,-7.49
20/11/2024,2024-11-20,1,[23:00-23:15[,2024-11-19 23:00,1464.513,33412.967,22.815,12604.753,8.607,,,,,7449.234,5.086,3144.365,2.147,10214.615,6.975
20/11/2024,2024-11-20,2,[23:15-23:30[,2024-11-19 23:15,1464.513,32201.724,21.988,12604.753,8.607,,,,,7449.234,5.086,4287.754,2.928,7859.984,5.367
20/11/2024,2024-11-20,3,[23:30-23:45[,2024-11-19 23:30,1464.513,20317.559,13.873,12604.753,8.607,,,,,7449.234,5.086,4401.44,3.005,-4137.867,-2.825
20/11/2024,2024-11-20,4,[23:45-00:00[,2024-11-19 23:45,1464.513,10120.647,6.911,12604.753,8.607,,,,,7449.234,5.086,4297.96,2.935,-14231.299,-9.717
20/11/2024,2024-11-20,5,[00:00-00:15[,2024-11-20 00:00,1341.148,13735.152,10.241,14371.788,10.716,,,,,14070,10.491,4038.566,3.011,-18745.203,-13.977
20/11/2024,2024-11-20,6,[00:15-00:30[,2024-11-20 00:15,1341.148,29422.591,21.938,14371.788,10.716,,,,,14070,10.491,4586.865,3.42,-3606.062,-2.689
20/11/2024,2024-11-20,7,[00:30-00:45[,2024-11-20 00:30,1341.148,29206.941,21.778,14371.788,10.716,,,,,14070,10.491,4388.187,3.272,-3623.035,-2.701
20/11/2024,2024-11-20,8,[00:45-01:00[,2024-11-20 00:45,1341.148,35184.265,26.234,14371.788,10.716,,,,,14070,10.491,4052.176,3.021,2690.301,2.006
20/11/2024,2024-11-20,9,[01:00-01:15[,2024-11-20 01:00,1269.438,34955.887,27.537,16176.359,12.743,,,,,2730,2.151,4560.922,3.593,11488.606,9.05
20/11/2024,2024-11-20,10,[01:15-01:30[,2024-11-20 01:15,1269.438,28321.963,22.311,16176.359,12.743,,,,,2730,2.151,4502.694,3.547,4912.91,3.87
20/11/2024,2024-11-20,11,[01:30-01:45[,2024-11-20 01:30,1269.438,25277.484,19.912,16176.359,12.743,,,,,2730,2.151,4547.953,3.583,1823.172,1.436
20/11/2024,2024-11-20,12,[01:45-02:00[,2024-11-20 01:45,1269.438,21284.321,16.767,16176.359,12.743,,,,,2730,2.151,4064.976,3.202,-1687.014,-1.329
20/11/2024,2024-11-20,13,[02:00-02:15[,2024-11-20 02:00,1219.064,27923.198,22.905,16919.742,13.879,,,269.745,0.221,2730,2.239,4581.227,3.758,3422.483,2.807
20/11/2024,2024-11-20,14,[02:15-02:30[,2024-11-20 02:15,1219.064,21051.392,17.268,16919.742,13.879,,,,,2730,2.239,4607.16,3.779,-3205.51,-2.629
20/11/2024,2024-11-20,15,[02:30-02:45[,2024-11-20 02:30,1219.064,21895.863,17.961,16919.742,13.879,,,,,2730,2.239,4036.739,3.311,-1790.618,-1.469
20/11/2024,2024-11-20,16,[02:45-03:00[,2024-11-20 02:45,1219.064,24749.178,20.302,16919.742,13.879,,,,,2730,2.239,4567.83,3.747,531.606,0.436
20/11/2024,2024-11-20,17,[03:00-03:15[,2024-11-20 03:00,1191.859,25967.309,21.787,15294.49,12.832,,,,,2730,2.291,4602.627,3.862,3340.191,2.803
20/11/2024,2024-11-20,18,[03:15-03:30[,2024-11-20 03:15,1191.859,22969.685,19.272,15294.49,12.832,,,,,2730,2.291,4080.932,3.424,864.262,0.725
20/11/2024,2024-11-20,19,[03:30-03:45[,2024-11-20 03:30,1191.859,20106.221,16.87,15294.49,12.832,,,,,2730,2.291,4105.127,3.444,-2023.396,-1.698
20/11/2024,2024-11-20,20,[03:45-04:00[,2024-11-20 03:45,1191.859,18866.456,15.829,15294.49,12.832,,,,,2730,2.291,4550.145,3.818,-3708.18,-3.111
20/11/2024,2024-11-20,21,[04:00-04:15[,2024-11-20 04:00,1186.855,20809.442,17.533,14862.735,12.523,,,,,2730,2.3,4636.283,3.906,-1419.576,-1.196
20/11/2024,2024-11-20,22,[04:15-04:30[,2024-11-20 04:15,1186.855,20840.636,17.56,14862.735,12.523,,,,,2730,2.3,4345.67,3.661,-1097.769,-0.925
20/11/2024,2024-11-20,23,[04:30-04:45[,2024-11-20 04:30,1186.855,23076.142,19.443,14862.735,12.523,,,,,2730,2.3,4344.098,3.66,1139.309,0.96
20/11/2024,2024-11-20,24,[04:45-05:00[,2024-11-20 04:45,1186.855,25172.793,21.21,14862.735,12.523,,,,,2730,2.3,4626.148,3.898,2953.911,2.489
20/11/2024,2024-11-20,25,[05:00-05:15[,2024-11-20 05:00,1219.788,22642.511,18.563,13711.568,11.241,,,,,2499.975,2.05,4634.787,3.8,1796.181,1.473
20/11/2024,2024-11-20,26,[05:15-05:30[,2024-11-20 05:15,1219.788,18036.7,14.787,13711.568,11.241,,,,,2499.975,2.05,4278.556,3.508,-2453.399,-2.011
20/11/2024,2024-11-20,27,[05:30-05:45[,2024-11-20 05:30,1219.788,20585.077,16.876,13711.568,11.241,,,,,2499.975,2.05,4639.2,3.803,-265.666,-0.218
20/11/2024,2024-11-20,28,[05:45-06:00[,2024-11-20 05:45,1219.788,25321.472,20.759,13711.568,11.241,,,,,2499.975,2.05,4636.175,3.801,4473.754,3.668
20/11/2024,2024-11-20,29,[06:00-06:15[,2024-11-20 06:00,1340.998,16211.893,12.089,8489.23,6.331,,,,,2629.575,1.961,3953.786,2.948,1139.302,0.85
20/11/2024,2024-11-20,30,[06:15-06:30[,2024-11-20 06:15,1340.998,7997.531,5.964,8489.23,6.331,,,,,2629.575,1.961,4639.2,3.46,-7760.474,-5.787
20/11/2024,2024-11-20,31,[06:30-06:45[,2024-11-20 06:30,1340.998,14758.569,11.006,8489.23,6.331,,,,,2629.575,1.961,4513.127,3.366,-873.363,-0.651
20/11/2024,2024-11-20,32,[06:45-07:00[,2024-11-20 06:45,1340.998,21002.405,15.662,8489.23,6.331,,,,,2629.575,1.961,4639.2,3.46,5244.4,3.911
20/11/2024,2024-11-20,33,[07:00-07:15[,2024-11-20 07:00,1516.781,5721.084,3.772,7110.683,4.688,,,,,2364.296,1.559,4541.697,2.994,-8295.593,-5.469
20/11/2024,2024-11-20,34,[07:15-07:30[,2024-11-20 07:15,1516.781,6054.021,3.991,7110.683,4.688,,,,,2364.296,1.559,4325.183,2.852,-7746.141,-5.107
20/11/2024,2024-11-20,35,[07:30-07:45[,2024-11-20 07:30,1516.781,18568.55,12.242,7110.683,4.688,,,,,2364.296,1.559,4549.2,2.999,4544.371,2.996
20/11/2024,2024-11-20,36,[07:45-08:00[,2024-11-20 07:45,1516.781,14206.618,9.366,7110.683,4.688,,,,,2364.296,1.559,4060.538,2.677,671.102,0.442
20/11/2024,2024-11-20,37,[08:00-08:15[,2024-11-20 08:00,1707.791,17817.639,10.433,8874.272,5.196,,,,,5426.505,3.177,4448.228,2.605,-931.367,-0.545
20/11/2024,2024-11-20,38,[08:15-08:30[,2024-11-20 08:15,1707.791,19455.862,11.392,8874.272,5.196,,,,,5426.505,3.177,4480.029,2.623,675.056,0.395
20/11/2024,2024-11-20,39,[08:30-08:45[,2024-11-20 08:30,1707.791,17551.917,10.278,8874.272,5.196,,,,,5426.505,3.177,4197.272,2.458,-946.133,-0.554
20/11/2024,2024-11-20,40,[08:45-09:00[,2024-11-20 08:45,1707.791,11390.981,6.67,8874.272,5.196,,,,,5426.505,3.177,4198.572,2.458,-7108.369,-4.162
20/11/2024,2024-11-20,41,[09:00-09:15[,2024-11-20 09:00,1779.711,17632.694,9.908,14948.118,8.399,,,3166.5,1.779,3696,2.077,4473.6,2.514,-8651.524,-4.861
20/11/2024,2024-11-20,42,[09:15-09:30[,2024-11-20 09:15,1779.711,20154.574,11.325,14948.118,8.399,,,3166.5,1.779,3696,2.077,3430.216,1.927,-5086.261,-2.858
20/11/2024,2024-11-20,43,[09:30-09:45[,2024-11-20 09:30,1779.711,18523.307,10.408,14948.118,8.399,,,3166.5,1.779,3696,2.077,4153.094,2.334,-7440.405,-4.181
20/11/2024,2024-11-20,44,[09:45-10:00[,2024-11-20 09:45,1779.711,18397.498,10.337,14948.118,8.399,,,3166.5,1.779,3696,2.077,4018.183,2.258,-7431.302,-4.176
20/11/2024,2024-11-20,45,[10:00-10:15[,2024-11-20 10:00,1773.259,26874.116,15.155,17265.677,9.737,,,2506.813,1.414,3698.625,2.086,4360.553,2.459,-957.552,-0.54
20/11/2024,2024-11-20,46,[10:15-10:30[,2024-11-20 10:15,1773.259,24560.901,13.851,17265.677,9.737,,,2506.813,1.414,3698.625,2.086,4422.77,2.494,-3332.983,-1.88
20/11/2024,2024-11-20,47,[10:30-10:45[,2024-11-20 10:30,1773.259,25256.15,14.243,17265.677,9.737,,,2506.813,1.414,3698.625,2.086,4120.726,2.324,-2335.691,-1.317
20/11/2024,2024-11-20,48,[10:45-11:00[,2024-11-20 10:45,1773.259,27557.85,15.541,17265.677,9.737,,,2506.813,1.414,3698.625,2.086,4396.591,2.479,-309.855,-0.175
20/11/2024,2024-11-20,49,[11:00-11:15[,2024-11-20 11:00,1794.832,19996.821,11.141,18200.597,10.141,,,,,3034.5,1.691,4420.598,2.463,-5658.875,-3.153
20/11/2024,2024-11-20,50,[11:15-11:30[,2024-11-20 11:15,1794.832,23106.558,12.874,18200.597,10.141,,,,,3034.5,1.691,3917.67,2.183,-2046.209,-1.14
20/11/2024,2024-11-20,51,[11:30-11:45[,2024-11-20 11:30,1794.832,23387.697,13.031,18200.597,10.141,,,,,3034.5,1.691,4422.77,2.464,-2270.17,-1.265
20/11/2024,2024-11-20,52,[11:45-12:00[,2024-11-20 11:45,1794.832,23000.704,12.815,18200.597,10.141,,,,,3034.5,1.691,4396.971,2.45,-2631.364,-1.466
20/11/2024,2024-11-20,53,[12:00-12:15[,2024-11-20 12:00,1758.824,21613.639,12.289,18205.587,10.351,,,,,3034.5,1.725,4458.606,2.535,-4085.054,-2.323
20/11/2024,2024-11-20,54,[12:15-12:30[,2024-11-20 12:15,1758.824,17074.664,9.708,18205.587,10.351,,,,,3034.5,1.725,4170.377,2.371,-8335.8,-4.739
20/11/2024,2024-11-20,55,[12:30-12:45[,2024-11-20 12:30,1758.824,14724.1,8.372,18205.587,10.351,,,,,3034.5,1.725,4182.186,2.378,-10698.173,-6.083
20/11/2024,2024-11-20,56,[12:45-13:00[,2024-11-20 12:45,1758.824,14672.935,8.342,18205.587,10.351,,,,,3034.5,1.725,4116.49,2.34,-10683.643,-6.074
20/11/2024,2024-11-20,57,[13:00-13:15[,2024-11-20 13:00,1745.495,16991.14,9.734,20139.051,11.538,,,,,2971.5,1.702,4413.31,2.528,-10532.721,-6.034
20/11/2024,2024-11-20,58,[13:15-13:30[,2024-11-20 13:15,1745.495,16384.528,9.387,20139.051,11.538,,,,,2971.5,1.702,4097.663,2.348,-10823.686,-6.201
20/11/2024,2024-11-20,59,[13:30-13:45[,2024-11-20 13:30,1745.495,20931.504,11.992,20139.051,11.538,,,,,2971.5,1.702,4333.702,2.483,-6512.749,-3.731
20/11/2024,2024-11-20,60,[13:45-14:00[,2024-11-20 13:45,1745.495,23427.448,13.422,20139.051,11.538,,,,,2971.5,1.702,4508.243,2.583,-4191.346,-2.401
20/11/2024,2024-11-20,61,[14:00-14:15[,2024-11-20 14:00,1800.867,15915.665,8.838,18189.708,10.101,,,,,3034.5,1.685,4301.897,2.389,-9610.44,-5.337
20/11/2024,2024-11-20,62,[14:15-14:30[,2024-11-20 14:15,1800.867,21244.891,11.797,18189.708,10.101,,,,,3034.5,1.685,4495.2,2.496,-4474.517,-2.485
20/11/2024,2024-11-20,63,[14:30-14:45[,2024-11-20 14:30,1800.867,25302.365,14.05,18189.708,10.101,,,,,3034.5,1.685,4439.266,2.465,-361.108,-0.201
20/11/2024,2024-11-20,64,[14:45-15:00[,2024-11-20 14:45,1800.867,29910.246,16.609,18189.708,10.101,,,,,3034.5,1.685,4435.177,2.463,4250.861,2.36
20/11/2024,2024-11-20,65,[15:00-15:15[,2024-11-20 15:00,1803.26,20658.121,11.456,15017.805,8.328,,,,,9829.008,5.451,4459.737,2.473,-8648.43,-4.796
20/11/2024,2024-11-20,66,[15:15-15:30[,2024-11-20 15:15,1803.26,31082.01,17.237,15017.805,8.328,,,,,9829.008,5.451,4495.2,2.493,1739.997,0.965
20/11/2024,2024-11-20,67,[15:30-15:45[,2024-11-20 15:30,1803.26,27282.59,15.13,15017.805,8.328,,,,,9829.008,5.451,4295.566,2.382,-1859.789,-1.031
20/11/2024,2024-11-20,68,[15:45-16:00[,2024-11-20 15:45,1803.26,39214.6,21.747,15017.805,8.328,,,,,9829.008,5.451,4435.79,2.46,9931.997,5.508
20/11/2024,2024-11-20,69,[16:00-16:15[,2024-11-20 16:00,1832.11,-575.489,-0.314,1356.36,0.74,,,,,3312.075,1.808,4585.2,2.503,-9829.124,-5.365
20/11/2024,2024-11-20,70,[16:15-16:30[,2024-11-20 16:15,1832.11,5005.438,2.732,1356.36,0.74,,,,,3312.075,1.808,4585.2,2.503,-4248.196,-2.319
20/11/2024,2024-11-20,71,[16:30-16:45[,2024-11-20 16:30,1832.11,10894.186,5.946,1356.36,0.74,,,,,3312.075,1.808,4497.991,2.455,1727.76,0.943
20/11/2024,2024-11-20,72,[16:45-17:00[,2024-11-20 16:45,1832.11,24804.893,13.539,1356.36,0.74,,,,,3312.075,1.808,4460.991,2.435,15675.467,8.556
20/11/2024,2024-11-20,73,[17:00-17:15[,2024-11-20 17:00,1891.872,8565.158,4.527,672.45,0.355,,,,,3360.64,1.776,3372.067,1.782,1160.001,0.613
20/11/2024,2024-11-20,74,[17:15-17:30[,2024-11-20 17:15,1891.872,-1140.416,-0.603,672.45,0.355,,,,,3360.64,1.776,3370.401,1.782,-8543.907,-4.516
20/11/2024,2024-11-20,75,[17:30-17:45[,2024-11-20 17:30,1891.872,8433.832,4.458,672.45,0.355,,,,,3360.64,1.776,3302.548,1.746,1098.194,0.58
20/11/2024,2024-11-20,76,[17:45-18:00[,2024-11-20 17:45,1891.872,12840.485,6.787,672.45,0.355,,,,,3360.64,1.776,3368.554,1.781,5438.841,2.875
20/11/2024,2024-11-20,77,[18:00-18:15[,2024-11-20 18:00,1941.608,14566.642,7.502,701.877,0.361,,,,,3370.08,1.736,3244.245,1.671,7250.439,3.734
20/11/2024,2024-11-20,78,[18:15-18:30[,2024-11-20 18:15,1941.608,15883.31,8.18,701.877,0.361,,,,,3370.08,1.736,3303.773,1.702,8507.58,4.382
20/11/2024,2024-11-20,79,[18:30-18:45[,2024-11-20 18:30,1941.608,14289.193,7.359,701.877,0.361,,,,,3370.08,1.736,3340.257,1.72,6876.979,3.542
20/11/2024,2024-11-20,80,[18:45-19:00[,2024-11-20 18:45,1941.608,10815.116,5.57,701.877,0.361,,,,,3370.08,1.736,2095.574,1.079,4647.585,2.394
20/11/2024,2024-11-20,81,[19:00-19:15[,2024-11-20 19:00,1961.003,8186.457,4.175,897.922,0.458,,,,,2136.282,1.089,1898.505,0.968,3253.747,1.659
20/11/2024,2024-11-20,82,[19:15-19:30[,2024-11-20 19:15,1961.003,8532.75,4.351,897.922,0.458,,,,,2136.282,1.089,1887.377,0.962,3611.169,1.841
20/11/2024,2024-11-20,83,[19:30-19:45[,2024-11-20 19:30,1961.003,6570.064,3.35,897.922,0.458,,,,,2136.282,1.089,1898.505,0.968,1637.354,0.835
20/11/2024,2024-11-20,84,[19:45-20:00[,2024-11-20 19:45,1961.003,3756.327,1.916,897.922,0.458,,,,,2136.282,1.089,1844.47,0.941,-1122.348,-0.572
20/11/2024,2024-11-20,85,[20:00-20:15[,2024-11-20 20:00,1905.451,16926.714,8.883,1319.041,0.692,,,,,2784.8,1.461,1790.941,0.94,11031.931,5.79
20/11/2024,2024-11-20,86,[20:15-20:30[,2024-11-20 20:15,1905.451,7565.75,3.971,1319.041,0.692,,,,,2784.8,1.461,1809.443,0.95,1652.466,0.867
20/11/2024,2024-11-20,87,[20:30-20:45[,2024-11-20 20:30,1905.451,3825.884,2.008,1319.041,0.692,,,,,2784.8,1.461,1809.443,0.95,-2087.401,-1.095
20/11/2024,2024-11-20,88,[20:45-21:00[,2024-11-20 20:45,1905.451,-2473.339,-1.298,1319.041,0.692,,,,,2784.8,1.461,1809.443,0.95,-8386.623,-4.401
20/11/2024,2024-11-20,89,[21:00-21:15[,2024-11-20 21:00,1821.288,20780.103,11.41,1686.835,0.926,,,,,3524.975,1.935,4386.034,2.408,11182.259,6.14
20/11/2024,2024-11-20,90,[21:15-21:30[,2024-11-20 21:15,1821.288,8453.696,4.642,1686.835,0.926,,,,,3524.975,1.935,4366.622,2.398,-1124.737,-0.618
20/11/2024,2024-11-20,91,[21:30-21:45[,2024-11-20 21:30,1821.288,7936.801,4.358,1686.835,0.926,,,,,3524.975,1.935,4478.7,2.459,-1753.709,-0.963
20/11/2024,2024-11-20,92,[21:45-22:00[,2024-11-20 21:45,1821.288,-1481.723,-0.814,1686.835,0.926,,,,,3524.975,1.935,4129.074,2.267,-10822.607,-5.942
20/11/2024,2024-11-20,93,[22:00-22:15[,2024-11-20 22:00,1666.997,21532.579,12.917,,,,,8821.875,5.292,2296.921,1.378,4703.031,2.821,5710.752,3.426
20/11/2024,2024-11-20,94,[22:15-22:30[,2024-11-20 22:15,1666.997,10397.315,6.237,,,,,4884.375,2.93,2296.921,1.378,4615.428,2.769,-1399.41,-0.839
20/11/2024,2024-11-20,95,[22:30-22:45[,2024-11-20 22:30,1666.997,7535.76,4.521,,,,,4884.375,2.93,2296.921,1.378,4563.596,2.738,-4209.132,-2.525
20/11/2024,2024-11-20,96,[22:45-23:00[,2024-11-20 22:45,1666.997,5141.65,3.084,,,,,4884.375,2.93,2296.921,1.378,4521.021,2.712,-6560.668,-3.936
21/11/2024,2024-11-21,1,[23:00-23:15[,2024-11-20 23:00,1499.512,48647.678,32.442,23089.187,15.398,,,,,6418.035,4.28,4467.013,2.979,14673.442,9.785
21/11/2024,2024-11-21,2,[23:15-23:30[,2024-11-20 23:15,1499.512,34777.542,23.193,23089.187,15.398,,,,,6418.035,4.28,4680.521,3.121,589.798,0.393
21/11/2024,2024-11-21,3,[23:30-23:45[,2024-11-20 23:30,1499.512,33982.569,22.662,23089.187,15.398,,,,,6418.035,4.28,4711.2,3.142,-235.853,-0.157
21/11/2024,2024-11-21,4,[23:45-00:00[,2024-11-20 23:45,1499.512,31116.087,20.751,23089.187,15.398,,,,,6418.035,4.28,4262.361,2.842,-2653.496,-1.77
21/11/2024,2024-11-21,5,[00:00-00:15[,2024-11-21 00:00,1369.007,42135.593,30.778,23284.063,17.008,,,,,4247,3.102,4692.984,3.428,9911.546,7.24
21/11/2024,2024-11-21,6,[00:15-00:30[,2024-11-21 00:15,1369.007,34315.285,25.066,23284.063,17.008,,,,,4247,3.102,4039.048,2.95,2745.174,2.005
21/11/2024,2024-11-21,7,[00:30-00:45[,2024-11-21 00:30,1369.007,30104.432,21.99,23284.063,17.008,,,,,4247,3.102,4532.421,3.311,-1959.052,-1.431
21/11/2024,2024-11-21,8,[00:45-01:00[,2024-11-21 00:45,1369.007,23455.58,17.133,23284.063,17.008,,,,,4247,3.102,4203.062,3.07,-8278.545,-6.047
21/11/2024,2024-11-21,9,[01:00-01:15[,2024-11-21 01:00,1287.266,39650.339,30.802,28564.6,22.19,,,,,3983.5,3.095,4606.795,3.579,2495.444,1.939
21/11/2024,2024-11-21,10,[01:15-01:30[,2024-11-21 01:15,1287.266,37267.515,28.951,28564.6,22.19,,,,,3983.5,3.095,4427.187,3.439,292.229,0.227
21/11/2024,2024-11-21,11,[01:30-01:45[,2024-11-21 01:30,1287.266,34762.936,27.005,28564.6,22.19,,,,,3983.5,3.095,4498.337,3.494,-2283.501,-1.774
21/11/2024,2024-11-21,12,[01:45-02:00[,2024-11-21 01:45,1287.266,32966.461,25.61,28564.6,22.19,,,,,3983.5,3.095,4132.203,3.21,-3713.841,-2.885
21/11/2024,2024-11-21,13,[02:00-02:15[,2024-11-21 02:00,1247.444,44718.725,35.848,26892.88,21.558,,,,,3673.725,2.945,4711.2,3.777,9440.921,7.568
21/11/2024,2024-11-21,14,[02:15-02:30[,2024-11-21 02:15,1247.444,37838.496,30.333,26892.88,21.558,,,,,3673.725,2.945,4418.851,3.542,2853.041,2.287
21/11/2024,2024-11-21,15,[02:30-02:45[,2024-11-21 02:30,1247.444,37734.064,30.249,26892.88,21.558,,,,,3673.725,2.945,4667.252,3.741,2500.208,2.004
21/11/2024,2024-11-21,16,[02:45-03:00[,2024-11-21 02:45,1247.444,34350.008,27.536,26892.88,21.558,,,,,3673.725,2.945,4711.2,3.777,-927.797,-0.744
21/11/2024,2024-11-21,17,[03:00-03:15[,2024-11-21 03:00,1218.498,32665.678,26.808,26892.88,22.071,,,,,3673.725,3.015,4342.349,3.564,-2243.275,-1.841
21/11/2024,2024-11-21,18,[03:15-03:30[,2024-11-21 03:15,1218.498,35187.037,28.877,26892.88,22.071,,,,,3673.725,3.015,4711.2,3.866,-90.767,-0.074
21/11/2024,2024-11-21,19,[03:30-03:45[,2024-11-21 03:30,1218.498,34679.283,28.461,26892.88,22.071,,,,,3673.725,3.015,4711.2,3.866,-598.522,-0.491
21/11/2024,2024-11-21,20,[03:45-04:00[,2024-11-21 03:45,1218.498,32775.905,26.899,26892.88,22.071,,,,,3673.725,3.015,4286.793,3.518,-2077.492,-1.705
21/11/2024,2024-11-21,21,[04:00-04:15[,2024-11-21 04:00,1211.305,33508.362,27.663,26892.88,22.202,,,,,3673.725,3.033,4624.671,3.818,-1682.914,-1.389
21/11/2024,2024-11-21,22,[04:15-04:30[,2024-11-21 04:15,1211.305,34073.68,28.13,26892.88,22.202,,,,,3673.725,3.033,4408.353,3.639,-901.277,-0.744
21/11/2024,2024-11-21,23,[04:30-04:45[,2024-11-21 04:30,1211.305,36143.071,29.838,26892.88,22.202,,,,,3673.725,3.033,4517.859,3.73,1058.607,0.874
21/11/2024,2024-11-21,24,[04:45-05:00[,2024-11-21 04:45,1211.305,34112.62,28.162,26892.88,22.202,,,,,3673.725,3.033,4262.441,3.519,-716.426,-0.591
21/11/2024,2024-11-21,25,[05:00-05:15[,2024-11-21 05:00,1241.193,37490.329,30.205,28104.22,22.643,,,,,3624,2.92,4708.028,3.793,1054.082,0.849
21/11/2024,2024-11-21,26,[05:15-05:30[,2024-11-21 05:15,1241.193,36715.826,29.581,28104.22,22.643,,,,,3624,2.92,4651.735,3.748,335.872,0.271
21/11/2024,2024-11-21,27,[05:30-05:45[,2024-11-21 05:30,1241.193,38289.857,30.849,28104.22,22.643,,,,,3624,2.92,4711.2,3.796,1850.438,1.491
21/11/2024,2024-11-21,28,[05:45-06:00[,2024-11-21 05:45,1241.193,40649.219,32.75,28104.22,22.643,,,,,3624,2.92,4272.851,3.443,4648.149,3.745
21/11/2024,2024-11-21,29,[06:00-06:15[,2024-11-21 06:00,1353.506,25017.318,18.483,20978.15,15.499,,,,,4192.225,3.097,4615.736,3.41,-4768.792,-3.523
21/11/2024,2024-11-21,30,[06:15-06:30[,2024-11-21 06:15,1353.506,26731.975,19.75,20978.15,15.499,,,,,4192.225,3.097,4711.2,3.481,-3149.6,-2.327
21/11/2024,2024-11-21,31,[06:30-06:45[,2024-11-21 06:30,1353.506,25924.447,19.154,20978.15,15.499,,,,,4192.225,3.097,4160.787,3.074,-3406.715,-2.517
21/11/2024,2024-11-21,32,[06:45-07:00[,2024-11-21 06:45,1353.506,30727.393,22.702,20978.15,15.499,,,,,4192.225,3.097,4494.78,3.321,1062.238,0.785
21/11/2024,2024-11-21,33,[07:00-07:15[,2024-11-21 07:00,1527.885,23796.49,15.575,17105.95,11.196,,,,,4184.575,2.739,4512.013,2.953,-2006.049,-1.313
21/11/2024,2024-11-21,34,[07:15-07:30[,2024-11-21 07:15,1527.885,24219.231,15.851,17105.95,11.196,,,,,4184.575,2.739,4690.802,3.07,-1762.096,-1.153
21/11/2024,2024-11-21,35,[07:30-07:45[,2024-11-21 07:30,1527.885,24995.763,16.36,17105.95,11.196,,,,,4184.575,2.739,4457.015,2.917,-751.777,-0.492
21/11/2024,2024-11-21,36,[07:45-08:00[,2024-11-21 07:45,1527.885,21648.182,14.169,17105.95,11.196,,,,,4184.575,2.739,4481.63,2.933,-4123.973,-2.699
21/11/2024,2024-11-21,37,[08:00-08:15[,2024-11-21 08:00,1739.952,19433.256,11.169,15794.403,9.077,,,,,5538.31,3.183,4711.2,2.708,-6610.657,-3.799
21/11/2024,2024-11-21,38,[08:15-08:30[,2024-11-21 08:15,1739.952,23367.648,13.43,15794.403,9.077,,,,,5538.31,3.183,4370.537,2.512,-2335.602,-1.342
21/11/2024,2024-11-21,39,[08:30-08:45[,2024-11-21 08:30,1739.952,26126.983,15.016,15794.403,9.077,,,,,5538.31,3.183,4546.546,2.613,247.725,0.142
21/11/2024,2024-11-21,40,[08:45-09:00[,2024-11-21 08:45,1739.952,16438.352,9.448,15794.403,9.077,,,,,5538.31,3.183,4711.2,2.708,-9605.56,-5.521
21/11/2024,2024-11-21,41,[09:00-09:15[,2024-11-21 09:00,1791.237,35676.992,19.918,15785.997,8.813,,,,,13028.075,7.273,3127.874,1.746,3735.046,2.085
21/11/2024,2024-11-21,42,[09:15-09:30[,2024-11-21 09:15,1791.237,32638.306,18.221,15785.997,8.813,,,,,13028.075,7.273,3272.332,1.827,551.902,0.308
21/11/2024,2024-11-21,43,[09:30-09:45[,2024-11-21 09:30,1791.237,26784.309,14.953,15785.997,8.813,,,,,13028.075,7.273,3267.405,1.824,-5297.168,-2.957
21/11/2024,2024-11-21,44,[09:45-10:00[,2024-11-21 09:45,1791.237,27326.763,15.256,15785.997,8.813,,,,,13028.075,7.273,3074.793,1.717,-4562.103,-2.547
21/11/2024,2024-11-21,45,[10:00-10:15[,2024-11-21 10:00,1780.227,29174.063,16.388,17910.124,10.061,,,3138.75,1.763,6223.26,3.496,3272.332,1.838,-1370.403,-0.77
21/11/2024,2024-11-21,46,[10:15-10:30[,2024-11-21 10:15,1780.227,25670.408,14.42,17910.124,10.061,,,3138.75,1.763,6223.26,3.496,3219.079,1.808,-4820.804,-2.708
21/11/2024,2024-11-21,47,[10:30-10:45[,2024-11-21 10:30,1780.227,17969.942,10.094,17910.124,10.061,,,2763.75,1.552,6223.26,3.496,3205.649,1.801,-12132.84,-6.815
21/11/2024,2024-11-21,48,[10:45-11:00[,2024-11-21 10:45,1780.227,20712.648,11.635,17910.124,10.061,,,2875,1.615,6223.26,3.496,3272.332,1.838,-9568.068,-5.375
21/11/2024,2024-11-21,49,[11:00-11:15[,2024-11-21 11:00,1813.02,35595.278,19.633,19478.788,10.744,,,,,7609.058,4.197,4477.07,2.469,4030.364,2.223
21/11/2024,2024-11-21,50,[11:15-11:30[,2024-11-21 11:15,1813.02,34154.075,18.838,19478.788,10.744,,,,,7609.058,4.197,4636.361,2.557,2429.87,1.34
21/11/2024,2024-11-21,51,[11:30-11:45[,2024-11-21 11:30,1813.02,31463.199,17.354,19478.788,10.744,,,,,7609.058,4.197,4697.938,2.591,-322.585,-0.178
21/11/2024,2024-11-21,52,[11:45-12:00[,2024-11-21 11:45,1813.02,25547.177,14.091,19478.788,10.744,,,,,7609.058,4.197,3453.517,1.905,-4994.186,-2.755
21/11/2024,2024-11-21,53,[12:00-12:15[,2024-11-21 12:00,1789.627,34316.588,19.175,19797.407,11.062,,,,,6089.23,3.403,4368.439,2.441,4061.513,2.269
21/11/2024,2024-11-21,54,[12:15-12:30[,2024-11-21 12:15,1789.627,35249.491,19.697,19797.407,11.062,,,,,6089.23,3.403,4578.781,2.559,4784.073,2.673
21/11/2024,2024-11-21,55,[12:30-12:45[,2024-11-21 12:30,1789.627,25864.593,14.453,19797.407,11.062,,,,,6089.23,3.403,4641.552,2.594,-4663.595,-2.606
21/11/2024,2024-11-21,56,[12:45-13:00[,2024-11-21 12:45,1789.627,22749.603,12.712,19797.407,11.062,,,,,6089.23,3.403,4123.42,2.304,-7260.454,-4.057
21/11/2024,2024-11-21,57,[13:00-13:15[,2024-11-21 13:00,1781.203,29997.736,16.841,21470.452,12.054,,,,,6089.23,3.419,4497.45,2.525,-2059.395,-1.156
21/11/2024,2024-11-21,58,[13:15-13:30[,2024-11-21 13:15,1781.203,29954.532,16.817,21470.452,12.054,,,,,6089.23,3.419,4497.45,2.525,-2102.599,-1.18
21/11/2024,2024-11-21,59,[13:30-13:45[,2024-11-21 13:30,1781.203,34530.604,19.386,21470.452,12.054,,,,,6089.23,3.419,4497.45,2.525,2473.473,1.389
21/11/2024,2024-11-21,60,[13:45-14:00[,2024-11-21 13:45,1781.203,31082.234,17.45,21470.452,12.054,,,,,6089.23,3.419,4338.075,2.435,-815.523,-0.458
21/11/2024,2024-11-21,61,[14:00-14:15[,2024-11-21 14:00,1837.609,28916.97,15.736,19305.089,10.506,,,2850,1.551,9334.564,5.08,4484.848,2.441,-7057.529,-3.841
21/11/2024,2024-11-21,62,[14:15-14:30[,2024-11-21 14:15,1837.609,30911.412,16.822,19305.089,10.506,,,2850,1.551,9334.564,5.08,4381.455,2.384,-4959.695,-2.699
21/11/2024,2024-11-21,63,[14:30-14:45[,2024-11-21 14:30,1837.609,33236.836,18.087,19305.089,10.506,,,2850,1.551,9334.564,5.08,4047.867,2.203,-2300.683,-1.252
21/11/2024,2024-11-21,64,[14:45-15:00[,2024-11-21 14:45,1837.609,37193.617,20.24,19305.089,10.506,,,2981.813,1.623,9334.564,5.08,4484.848,2.441,1087.304,0.592
21/11/2024,2024-11-21,65,[15:00-15:15[,2024-11-21 15:00,1834.694,23473.732,12.794,15934.92,8.685,,,2763.75,1.506,7659.775,4.175,4347.833,2.37,-7232.546,-3.942
21/11/2024,2024-11-21,66,[15:15-15:30[,2024-11-21 15:15,1834.694,25251.264,13.763,15934.92,8.685,,,2763.75,1.506,7659.775,4.175,4463.532,2.433,-5570.712,-3.036
21/11/2024,2024-11-21,67,[15:30-15:45[,2024-11-21 15:30,1834.694,25813.676,14.07,15934.92,8.685,,,3138.75,1.711,7659.775,4.175,4240.566,2.311,-5160.335,-2.813
21/11/2024,2024-11-21,68,[15:45-16:00[,2024-11-21 15:45,1834.694,31066.572,16.933,15934.92,8.685,,,3138.75,1.711,7659.775,4.175,4497.45,2.451,-164.323,-0.09
21/11/2024,2024-11-21,69,[16:00-16:15[,2024-11-21 16:00,1838.13,28289.518,15.39,12692.256,6.905,,,2756.5,1.5,13568.793,7.382,3089.357,1.681,-3817.388,-2.077
21/11/2024,2024-11-21,70,[16:15-16:30[,2024-11-21 16:15,1838.13,25091.5,13.651,12692.256,6.905,,,2756.5,1.5,13568.793,7.382,2166.431,1.179,-6092.479,-3.314
21/11/2024,2024-11-21,71,[16:30-16:45[,2024-11-21 16:30,1838.13,26966.147,14.67,12692.256,6.905,,,2756.5,1.5,13568.793,7.382,3017.272,1.641,-5068.674,-2.758
21/11/2024,2024-11-21,72,[16:45-17:00[,2024-11-21 16:45,1838.13,30971.228,16.849,12692.256,6.905,,,2756.5,1.5,13568.793,7.382,2996.703,1.63,-1043.024,-0.567
21/11/2024,2024-11-21,73,[17:00-17:15[,2024-11-21 17:00,1888.963,-3838.07,-2.032,1904.234,1.008,,,,,4201.23,2.224,2923.953,1.548,-12867.487,-6.812
21/11/2024,2024-11-21,74,[17:15-17:30[,2024-11-21 17:15,1888.963,1367.767,0.724,1904.234,1.008,,,,,4201.23,2.224,2660.435,1.408,-7398.132,-3.917
21/11/2024,2024-11-21,75,[17:30-17:45[,2024-11-21 17:30,1888.963,10434.024,5.524,1904.234,1.008,,,,,4201.23,2.224,2948.317,1.561,1380.243,0.731
21/11/2024,2024-11-21,76,[17:45-18:00[,2024-11-21 17:45,1888.963,16403.819,8.684,1904.234,1.008,,,,,4201.23,2.224,2948.984,1.561,7349.371,3.891
21/11/2024,2024-11-21,77,[18:00-18:15[,2024-11-21 18:00,1928.732,3526.107,1.828,1285.29,0.666,,,,,4114.308,2.133,1777.232,0.921,-3650.723,-1.893
21/11/2024,2024-11-21,78,[18:15-18:30[,2024-11-21 18:15,1928.732,8216.332,4.26,1285.29,0.666,,,,,4114.308,2.133,1834.134,0.951,982.6,0.509
21/11/2024,2024-11-21,79,[18:30-18:45[,2024-11-21 18:30,1928.732,8406.053,4.358,1285.29,0.666,,,,,4114.308,2.133,1861.251,0.965,1145.203,0.594
21/11/2024,2024-11-21,80,[18:45-19:00[,2024-11-21 18:45,1928.732,7375.119,3.824,1285.29,0.666,,,,,4114.308,2.133,1690.412,0.876,285.109,0.148
21/11/2024,2024-11-21,81,[19:00-19:15[,2024-11-21 19:00,1995.101,3521.067,1.765,1421.408,0.712,,,,,3640.188,1.825,2818.503,1.413,-4359.032,-2.185
21/11/2024,2024-11-21,82,[19:15-19:30[,2024-11-21 19:15,1995.101,7030.034,3.524,1421.408,0.712,,,,,3640.188,1.825,2967.235,1.487,-998.797,-0.501
21/11/2024,2024-11-21,83,[19:30-19:45[,2024-11-21 19:30,1995.101,6726.876,3.372,1421.408,0.712,,,,,3640.188,1.825,3089.935,1.549,-1424.654,-0.714
21/11/2024,2024-11-21,84,[19:45-20:00[,2024-11-21 19:45,1995.101,2875.824,1.441,1421.408,0.712,,,,,3640.188,1.825,2569.559,1.288,-4755.33,-2.384
21/11/2024,2024-11-21,85,[20:00-20:15[,2024-11-21 20:00,1933.403,11621.641,6.011,1605.188,0.83,,,,,3452.975,1.786,3047.988,1.576,3515.49,1.818
21/11/2024,2024-11-21,86,[20:15-20:30[,2024-11-21 20:15,1933.403,6597.606,3.412,1605.188,0.83,,,,,3452.975,1.786,3088.853,1.598,-1549.409,-0.801
21/11/2024,2024-11-21,87,[20:30-20:45[,2024-11-21 20:30,1933.403,5797.833,2.999,1605.188,0.83,,,,,3452.975,1.786,3085.606,1.596,-2345.936,-1.213
21/11/2024,2024-11-21,88,[20:45-21:00[,2024-11-21 20:45,1933.403,1249.819,0.646,1605.188,0.83,,,,,3452.975,1.786,2559.206,1.324,-6367.55,-3.293
21/11/2024,2024-11-21,89,[21:00-21:15[,2024-11-21 21:00,1809.458,13982.969,7.728,10737.272,5.934,,,,,5297.07,2.927,3106.507,1.717,-5157.88,-2.851
21/11/2024,2024-11-21,90,[21:15-21:30[,2024-11-21 21:15,1809.458,18681.55,10.324,10737.272,5.934,,,,,5297.07,2.927,2875.23,1.589,-228.022,-0.126
21/11/2024,2024-11-21,91,[21:30-21:45[,2024-11-21 21:30,1809.458,8819.886,4.874,10737.272,5.934,,,,,5297.07,2.927,3179.717,1.757,-10394.173,-5.744
21/11/2024,2024-11-21,92,[21:45-22:00[,2024-11-21 21:45,1809.458,18853.836,10.42,10737.272,5.934,,,,,5297.07,2.927,3035.371,1.678,-215.878,-0.119
21/11/2024,2024-11-21,93,[22:00-22:15[,2024-11-21 22:00,1673.84,21106.887,12.61,12762.49,7.625,,,,,8888.349,5.31,4112.334,2.457,-4656.287,-2.782
21/11/2024,2024-11-21,94,[22:15-22:30[,2024-11-21 22:15,1673.84,27424.278,16.384,12762.49,7.625,,,,,8888.349,5.31,4190.593,2.504,1582.846,0.946
21/11/2024,2024-11-21,95,[22:30-22:45[,2024-11-21 22:30,1673.84,21896.75,13.082,12762.49,7.625,,,,,8888.349,5.31,4018.568,2.401,-3772.657,-2.254
21/11/2024,2024-11-21,96,[22:45-23:00[,2024-11-21 22:45,1673.84,25957.772,15.508,12762.49,7.625,,,,,8888.349,5.31,4326.194,2.585,-19.261,-0.012
22/11/2024,2024-11-22,1,[23:00-23:15[,2024-11-21 23:00,1514.032,16503.894,10.901,10615.02,7.011,,,3358.463,2.218,9480.974,6.262,3898.114,2.575,-10848.675,-7.165
22/11/2024,2024-11-22,2,[23:15-23:30[,2024-11-21 23:15,1514.032,26278.626,17.357,10615.02,7.011,,,3177.633,2.099,9480.974,6.262,4178.544,2.76,-1173.544,-0.775
22/11/2024,2024-11-22,3,[23:30-23:45[,2024-11-21 23:30,1514.032,30536.41,20.169,10615.02,7.011,,,3177.633,2.099,12011.434,7.933,4444.484,2.936,287.84,0.19
22/11/2024,2024-11-22,4,[23:45-00:00[,2024-11-21 23:45,1514.032,31593.362,20.867,10615.02,7.011,,,3177.633,2.099,9480.974,6.262,4567.463,3.017,3752.273,2.478
22/11/2024,2024-11-22,5,[00:00-00:15[,2024-11-22 00:00,1385.352,22615.025,16.324,11493.566,8.296,,,3005.27,2.169,8785.097,6.341,3658.99,2.641,-4327.898,-3.124
22/11/2024,2024-11-22,6,[00:15-00:30[,2024-11-22 00:15,1385.352,23484.358,16.952,11493.566,8.296,,,3005.27,2.169,8785.097,6.341,4514.707,3.259,-4314.282,-3.114
22/11/2024,2024-11-22,7,[00:30-00:45[,2024-11-22 00:30,1385.352,23866.927,17.228,11493.566,8.296,,,3005.27,2.169,8785.097,6.341,4328.723,3.125,-3745.729,-2.704
22/11/2024,2024-11-22,8,[00:45-01:00[,2024-11-22 00:45,1385.352,27836.645,20.094,11493.566,8.296,,,3005.27,2.169,8785.097,6.341,4364.837,3.151,187.876,0.136
22/11/2024,2024-11-22,9,[01:00-01:15[,2024-11-22 01:00,1308.778,20496.577,15.661,11491.132,8.78,,,,,7013.775,5.359,4675.575,3.572,-2683.905,-2.051
22/11/2024,2024-11-22,10,[01:15-01:30[,2024-11-22 01:15,1308.778,20479.229,15.648,11491.132,8.78,,,,,7013.775,5.359,4675.575,3.572,-2701.253,-2.064
22/11/2024,2024-11-22,11,[01:30-01:45[,2024-11-22 01:30,1308.778,21769.458,16.633,11491.132,8.78,,,,,7013.775,5.359,4341.363,3.317,-1076.812,-0.823
22/11/2024,2024-11-22,12,[01:45-02:00[,2024-11-22 01:45,1308.778,25099.56,19.178,11491.132,8.78,,,,,7013.775,5.359,4621.963,3.532,1972.69,1.507
22/11/2024,2024-11-22,13,[02:00-02:15[,2024-11-22 02:00,1249.821,24963.319,19.974,11519.661,9.217,,,,,7013.775,5.612,4432.698,3.547,1997.185,1.598
22/11/2024,2024-11-22,14,[02:15-02:30[,2024-11-22 02:15,1249.821,22802.051,18.244,11519.661,9.217,,,,,7013.775,5.612,4608.437,3.687,-339.821,-0.272
22/11/2024,2024-11-22,15,[02:30-02:45[,2024-11-22 02:30,1249.821,22675.467,18.143,11519.661,9.217,,,,,7013.775,5.612,3889.95,3.112,252.081,0.202
22/11/2024,2024-11-22,16,[02:45-03:00[,2024-11-22 02:45,1249.821,26303.636,21.046,11519.661,9.217,,,,,7013.775,5.612,4232.425,3.386,3537.775,2.831
22/11/2024,2024-11-22,17,[03:00-03:15[,2024-11-22 03:00,1224.681,22621.997,18.472,11555.584,9.436,,,,,7013.775,5.727,4675.575,3.818,-622.937,-0.509
22/11/2024,2024-11-22,18,[03:15-03:30[,2024-11-22 03:15,1224.681,28677.866,23.417,11555.584,9.436,,,,,7013.775,5.727,4322.795,3.53,5785.712,4.724
22/11/2024,2024-11-22,19,[03:30-03:45[,2024-11-22 03:30,1224.681,28653.463,23.397,11555.584,9.436,,,,,7013.775,5.727,3971.891,3.243,6112.214,4.991
22/11/2024,2024-11-22,20,[03:45-04:00[,2024-11-22 03:45,1224.681,30229.251,24.683,11555.584,9.436,,,,,7013.775,5.727,4607.716,3.762,7052.177,5.758
22/11/2024,2024-11-22,21,[04:00-04:15[,2024-11-22 04:00,1212.068,15306.515,12.628,10813.11,8.921,,,,,7013.775,5.787,4363.638,3.6,-6884.008,-5.68
22/11/2024,2024-11-22,22,[04:15-04:30[,2024-11-22 04:15,1212.068,18486.249,15.252,10813.11,8.921,,,,,7013.775,5.787,4154.581,3.428,-3495.217,-2.884
22/11/2024,2024-11-22,23,[04:30-04:45[,2024-11-22 04:30,1212.068,23064.737,19.029,10813.11,8.921,,,,,7013.775,5.787,4573.145,3.773,664.707,0.548
22/11/2024,2024-11-22,24,[04:45-05:00[,2024-11-22 04:45,1212.068,28553.329,23.558,10813.11,8.921,,,,,7013.775,5.787,4419.433,3.646,6307.011,5.204
22/11/2024,2024-11-22,25,[05:00-05:15[,2024-11-22 05:00,1240.664,22002.579,17.735,6832.417,5.507,,,3536.093,2.85,7906.312,6.373,4296.398,3.463,-568.64,-0.458
22/11/2024,2024-11-22,26,[05:15-05:30[,2024-11-22 05:15,1240.664,23843.316,19.218,6832.417,5.507,,,3520.687,2.838,7906.312,6.373,4621.575,3.725,962.326,0.776
22/11/2024,2024-11-22,27,[05:30-05:45[,2024-11-22 05:30,1240.664,19070.274,15.371,6832.417,5.507,,,3536.093,2.85,7906.312,6.373,4482.081,3.613,-3686.628,-2.971
22/11/2024,2024-11-22,28,[05:45-06:00[,2024-11-22 05:45,1240.664,24416.074,19.68,6832.417,5.507,,,3536.093,2.85,7906.312,6.373,4578.249,3.69,1563.004,1.26
22/11/2024,2024-11-22,29,[06:00-06:15[,2024-11-22 06:00,1331.17,3101.205,2.33,-886.95,-0.666,,,,,4805,3.61,3428.367,2.575,-4245.212,-3.189
22/11/2024,2024-11-22,30,[06:15-06:30[,2024-11-22 06:15,1331.17,9233.188,6.936,-886.95,-0.666,,,,,4805,3.61,3193.106,2.399,2122.032,1.594
22/11/2024,2024-11-22,31,[06:30-06:45[,2024-11-22 06:30,1331.17,11717.137,8.802,-886.95,-0.666,,,,,4805,3.61,3337.895,2.507,4461.192,3.351
22/11/2024,2024-11-22,32,[06:45-07:00[,2024-11-22 06:45,1331.17,8995.81,6.758,-886.95,-0.666,,,,,4805,3.61,3380.586,2.54,1697.174,1.275
22/11/2024,2024-11-22,33,[07:00-07:15[,2024-11-22 07:00,1490.363,7077.238,4.749,-1510.728,-1.014,,,,,4847.975,3.253,3066.885,2.058,673.105,0.452
22/11/2024,2024-11-22,34,[07:15-07:30[,2024-11-22 07:15,1490.363,2760.966,1.853,-1510.728,-1.014,,,,,4847.975,3.253,3340.24,2.241,-3916.522,-2.628
22/11/2024,2024-11-22,35,[07:30-07:45[,2024-11-22 07:30,1490.363,7655.356,5.137,-1510.728,-1.014,,,,,4847.975,3.253,3253.287,2.183,1064.822,0.714
22/11/2024,2024-11-22,36,[07:45-08:00[,2024-11-22 07:45,1490.363,12560.292,8.428,-1510.728,-1.014,,,,,4847.975,3.253,2964.378,1.989,6258.666,4.199
22/11/2024,2024-11-22,37,[08:00-08:15[,2024-11-22 08:00,1678.664,12728.146,7.582,-1115.218,-0.664,,,,,4847.975,2.888,3216.443,1.916,5778.945,3.443
22/11/2024,2024-11-22,38,[08:15-08:30[,2024-11-22 08:15,1678.664,7495.446,4.465,-1115.218,-0.664,,,,,4847.975,2.888,3134.745,1.867,627.944,0.374
22/11/2024,2024-11-22,39,[08:30-08:45[,2024-11-22 08:30,1678.664,7842.505,4.672,-1115.218,-0.664,,,,,4847.975,2.888,3131.154,1.865,978.594,0.583
22/11/2024,2024-11-22,40,[08:45-09:00[,2024-11-22 08:45,1678.664,2549.382,1.519,-1115.218,-0.664,,,,,4847.975,2.888,3109.029,1.852,-4292.404,-2.557
22/11/2024,2024-11-22,41,[09:00-09:15[,2024-11-22 09:00,1717.712,20143.294,11.727,2931.308,1.707,,,8642.7,5.032,9743.646,5.672,2813.616,1.638,-3987.977,-2.322
22/11/2024,2024-11-22,42,[09:15-09:30[,2024-11-22 09:15,1717.712,19858.665,11.561,2931.308,1.707,,,8642.7,5.032,9743.646,5.672,3154.741,1.837,-4613.731,-2.686
22/11/2024,2024-11-22,43,[09:30-09:45[,2024-11-22 09:30,1717.712,18098.944,10.537,2931.308,1.707,,,8642.7,5.032,9743.646,5.672,3171.549,1.846,-6390.26,-3.72
22/11/2024,2024-11-22,44,[09:45-10:00[,2024-11-22 09:45,1717.712,14321.995,8.338,2931.308,1.707,,,8642.7,5.032,9743.646,5.672,2733.91,1.592,-9729.569,-5.664
22/11/2024,2024-11-22,45,[10:00-10:15[,2024-11-22 10:00,1690.059,15928.207,9.425,2808.365,1.662,,,8607.975,5.093,9743.646,5.765,3130.602,1.852,-8362.381,-4.948
22/11/2024,2024-11-22,46,[10:15-10:30[,2024-11-22 10:15,1690.059,20371.174,12.054,2808.365,1.662,,,8607.975,5.093,9743.646,5.765,3197.98,1.892,-3986.792,-2.359
22/11/2024,2024-11-22,47,[10:30-10:45[,2024-11-22 10:30,1690.059,19887.079,11.767,2808.365,1.662,,,8607.975,5.093,9743.646,5.765,3034.015,1.795,-4306.923,-2.548
22/11/2024,2024-11-22,48,[10:45-11:00[,2024-11-22 10:45,1690.059,17996.244,10.648,2808.365,1.662,,,8607.975,5.093,9743.646,5.765,3193.107,1.889,-6356.849,-3.761
22/11/2024,2024-11-22,49,[11:00-11:15[,2024-11-22 11:00,1719.988,28890.595,16.797,3266.632,1.899,,,9102.375,5.292,10011.82,5.821,3989.985,2.32,2519.783,1.465
22/11/2024,2024-11-22,50,[11:15-11:30[,2024-11-22 11:15,1719.988,19487.926,11.33,3266.632,1.899,,,9102.375,5.292,10011.82,5.821,4260.761,2.477,-7153.661,-4.159
22/11/2024,2024-11-22,51,[11:30-11:45[,2024-11-22 11:30,1719.988,18708.397,10.877,3266.632,1.899,,,9102.375,5.292,10011.82,5.821,4313.43,2.508,-7985.86,-4.643
22/11/2024,2024-11-22,52,[11:45-12:00[,2024-11-22 11:45,1719.988,17737.237,10.312,3266.632,1.899,,,9102.375,5.292,10011.82,5.821,3746.82,2.178,-8390.41,-4.878
22/11/2024,2024-11-22,53,[12:00-12:15[,2024-11-22 12:00,1682.251,14948.678,8.886,3479.951,2.069,,,,,6848.745,4.071,4265.198,2.535,354.784,0.211
22/11/2024,2024-11-22,54,[12:15-12:30[,2024-11-22 12:15,1682.251,13132.378,7.806,3479.951,2.069,,,,,6848.745,4.071,4227.118,2.513,-1423.436,-0.846
22/11/2024,2024-11-22,55,[12:30-12:45[,2024-11-22 12:30,1682.251,11617.215,6.906,3479.951,2.069,,,,,6848.745,4.071,3935.328,2.339,-2646.809,-1.573
22/11/2024,2024-11-22,56,[12:45-13:00[,2024-11-22 12:45,1682.251,11524.864,6.851,3479.951,2.069,,,,,6848.745,4.071,4242.588,2.522,-3046.42,-1.811
22/11/2024,2024-11-22,57,[13:00-13:15[,2024-11-22 13:00,1668.24,10384.699,6.225,3367.778,2.019,,,,,6848.745,4.105,4091.778,2.453,-3923.601,-2.352
22/11/2024,2024-11-22,58,[13:15-13:30[,2024-11-22 13:15,1668.24,11812.647,7.081,3367.778,2.019,,,,,6848.745,4.105,3973.992,2.382,-2377.868,-1.425
22/11/2024,2024-11-22,59,[13:30-13:45[,2024-11-22 13:30,1668.24,17387.796,10.423,3367.778,2.019,,,,,6848.745,4.105,4283.198,2.567,2888.076,1.731
22/11/2024,2024-11-22,60,[13:45-14:00[,2024-11-22 13:45,1668.24,21420.558,12.84,3367.778,2.019,,,,,6848.745,4.105,4000.379,2.398,7203.656,4.318
22/11/2024,2024-11-22,61,[14:00-14:15[,2024-11-22 14:00,1722.515,4614.535,2.679,1611.072,0.935,,,,,7371.34,4.279,4040.35,2.346,-8408.227,-4.881
22/11/2024,2024-11-22,62,[14:15-14:30[,2024-11-22 14:15,1722.515,15242.737,8.849,1611.072,0.935,,,,,7371.34,4.279,4423.932,2.568,1836.393,1.066
22/11/2024,2024-11-22,63,[14:30-14:45[,2024-11-22 14:30,1722.515,22113.328,12.838,1611.072,0.935,,,,,7371.34,4.279,4359.6,2.531,8771.316,5.092
22/11/2024,2024-11-22,64,[14:45-15:00[,2024-11-22 14:45,1722.515,15626.233,9.072,1611.072,0.935,,,,,7371.34,4.279,4111.352,2.387,2532.469,1.47
22/11/2024,2024-11-22,65,[15:00-15:15[,2024-11-22 15:00,1746.957,-2478.218,-1.419,-1199.116,-0.686,,,,,6010.33,3.44,4294.22,2.458,-11583.653,-6.631
22/11/2024,2024-11-22,66,[15:15-15:30[,2024-11-22 15:15,1746.957,6604.204,3.78,-1199.116,-0.686,,,,,6010.33,3.44,4572.426,2.617,-2779.437,-1.591
22/11/2024,2024-11-22,67,[15:30-15:45[,2024-11-22 15:30,1746.957,18200.778,10.419,-1199.116,-0.686,,,,,6010.33,3.44,4542.234,2.6,8847.329,5.064
22/11/2024,2024-11-22,68,[15:45-16:00[,2024-11-22 15:45,1746.957,26105.368,14.943,-1199.116,-0.686,,,,,6010.33,3.44,4387.229,2.511,16906.924,9.678
22/11/2024,2024-11-22,69,[16:00-16:15[,2024-11-22 16:00,1790.026,2935.451,1.64,-2008.315,-1.122,,,,,5705.54,3.187,4463.638,2.494,-5225.412,-2.919
22/11/2024,2024-11-22,70,[16:15-16:30[,2024-11-22 16:15,1790.026,4465.319,2.495,-2008.315,-1.122,,,,,5705.54,3.187,4223.043,2.359,-3454.949,-1.93
22/11/2024,2024-11-22,71,[16:30-16:45[,2024-11-22 16:30,1790.026,12277.075,6.859,-2008.315,-1.122,,,,,5705.54,3.187,4533.357,2.533,4046.492,2.261
22/11/2024,2024-11-22,72,[16:45-17:00[,2024-11-22 16:45,1790.026,13817.06,7.719,-2008.315,-1.122,,,,,5705.54,3.187,4533.207,2.532,5586.628,3.121
22/11/2024,2024-11-22,73,[17:00-17:15[,2024-11-22 17:00,1819.206,-1666.356,-0.916,-2371.95,-1.304,,,,,2048.2,1.126,1914.022,1.052,-3256.628,-1.79
22/11/2024,2024-11-22,74,[17:15-17:30[,2024-11-22 17:15,1819.206,-517.339,-0.284,-2371.95,-1.304,,,,,2048.2,1.126,1863.556,1.024,-2057.145,-1.131
22/11/2024,2024-11-22,75,[17:30-17:45[,2024-11-22 17:30,1819.206,3321.305,1.826,-2371.95,-1.304,,,,,2048.2,1.126,1908.232,1.049,1736.823,0.955
22/11/2024,2024-11-22,76,[17:45-18:00[,2024-11-22 17:45,1819.206,8180.875,4.497,-2371.95,-1.304,,,,,2048.2,1.126,1968.163,1.082,6536.461,3.593
22/11/2024,2024-11-22,77,[18:00-18:15[,2024-11-22 18:00,1870.828,3264.706,1.745,-1734.39,-0.927,,,,,2103.64,1.124,1898.912,1.015,996.543,0.533
22/11/2024,2024-11-22,78,[18:15-18:30[,2024-11-22 18:15,1870.828,2014.011,1.077,-1734.39,-0.927,,,,,2103.64,1.124,1756.404,0.939,-111.643,-0.06
22/11/2024,2024-11-22,79,[18:30-18:45[,2024-11-22 18:30,1870.828,1412.533,0.755,-1734.39,-0.927,,,,,2103.64,1.124,1678.308,0.897,-635.024,-0.339
22/11/2024,2024-11-22,80,[18:45-19:00[,2024-11-22 18:45,1870.828,2087.386,1.116,-1734.39,-0.927,,,,,2103.64,1.124,1738.715,0.929,-20.579,-0.011
22/11/2024,2024-11-22,81,[19:00-19:15[,2024-11-22 19:00,1899.185,5325.76,2.804,-1692.129,-0.891,,,,,2155.56,1.135,1784.065,0.939,3078.265,1.621
22/11/2024,2024-11-22,82,[19:15-19:30[,2024-11-22 19:15,1899.185,2396.514,1.262,-1692.129,-0.891,,,,,2155.56,1.135,1736.675,0.914,196.408,0.103
22/11/2024,2024-11-22,83,[19:30-19:45[,2024-11-22 19:30,1899.185,1872.588,0.986,-1692.129,-0.891,,,,,2155.56,1.135,1784.808,0.94,-375.651,-0.198
22/11/2024,2024-11-22,84,[19:45-20:00[,2024-11-22 19:45,1899.185,1200.519,0.632,-1692.129,-0.891,,,,,2155.56,1.135,1783.872,0.939,-1046.784,-0.551
22/11/2024,2024-11-22,85,[20:00-20:15[,2024-11-22 20:00,1854.199,9312.793,5.023,-1361.675,-0.734,,,,,3013.5,1.625,1781.631,0.961,5879.337,3.171
22/11/2024,2024-11-22,86,[20:15-20:30[,2024-11-22 20:15,1854.199,5720.514,3.085,-1361.675,-0.734,,,,,3013.5,1.625,1771.045,0.955,2297.644,1.239
22/11/2024,2024-11-22,87,[20:30-20:45[,2024-11-22 20:30,1854.199,1589.051,0.857,-1361.675,-0.734,,,,,3013.5,1.625,1780.477,0.96,-1843.252,-0.994
22/11/2024,2024-11-22,88,[20:45-21:00[,2024-11-22 20:45,1854.199,-3568.956,-1.925,-1361.675,-0.734,,,,,3013.5,1.625,1781.983,0.961,-7002.764,-3.777
22/11/2024,2024-11-22,89,[21:00-21:15[,2024-11-22 21:00,1734.54,19714.891,11.366,-1740.623,-1.004,,,,,3633,2.095,1781.778,1.027,16040.735,9.248
22/11/2024,2024-11-22,90,[21:15-21:30[,2024-11-22 21:15,1734.54,5006.517,2.886,-1740.623,-1.004,,,,,3633,2.095,1779.537,1.026,1334.603,0.769
22/11/2024,2024-11-22,91,[21:30-21:45[,2024-11-22 21:30,1734.54,-2332.537,-1.345,-1740.623,-1.004,,,,,3633,2.095,1733.494,0.999,-5958.408,-3.435
22/11/2024,2024-11-22,92,[21:45-22:00[,2024-11-22 21:45,1734.54,-4810.903,-2.774,-1740.623,-1.004,,,,,3633,2.095,1729.333,0.997,-8432.614,-4.862
22/11/2024,2024-11-22,93,[22:00-22:15[,2024-11-22 22:00,1611.585,15687.015,9.734,-1687.185,-1.047,,,,,4614.345,2.863,2950.014,1.831,9809.842,6.087
22/11/2024,2024-11-22,94,[22:15-22:30[,2024-11-22 22:15,1611.585,5743.017,3.564,-1687.185,-1.047,,,,,4614.345,2.863,3039.031,1.886,-223.174,-0.138
22/11/2024,2024-11-22,95,[22:30-22:45[,2024-11-22 22:30,1611.585,-131.056,-0.081,-1687.185,-1.047,,,,,4614.345,2.863,3024.133,1.876,-6082.349,-3.774
22/11/2024,2024-11-22,96,[22:45-23:00[,2024-11-22 22:45,1611.585,-226.183,-0.14,-1687.185,-1.047,,,,,4614.345,2.863,2783.383,1.727,-5936.726,-3.684
23/11/2024,2024-11-23,1,[23:00-23:15[,2024-11-22 23:00,1474.905,26715.248,18.113,6102.37,4.137,,,1476.17,1.001,4261.42,2.889,4337.983,2.941,10537.304,7.144
23/11/2024,2024-11-23,2,[23:15-23:30[,2024-11-22 23:15,1474.905,19444.514,13.184,6102.37,4.137,,,3935.533,2.668,4261.42,2.889,3404.275,2.308,1740.916,1.18
23/11/2024,2024-11-23,3,[23:30-23:45[,2024-11-22 23:30,1474.905,4813.482,3.264,6102.37,4.137,,,3935.533,2.668,4261.42,2.889,2990.208,2.027,-12476.048,-8.459
23/11/2024,2024-11-23,4,[23:45-00:00[,2024-11-22 23:45,1474.905,-1247.111,-0.846,6102.37,4.137,,,3935.533,2.668,4261.42,2.889,3152.53,2.137,-18698.963,-12.678
23/11/2024,2024-11-23,5,[00:00-00:15[,2024-11-23 00:00,1354.226,22908.063,16.916,6914.718,5.106,,,,,3217.5,2.376,3972.448,2.933,8803.397,6.501
23/11/2024,2024-11-23,6,[00:15-00:30[,2024-11-23 00:15,1354.226,20002.732,14.771,6914.718,5.106,,,,,3217.5,2.376,4359.772,3.219,5510.743,4.069
23/11/2024,2024-11-23,7,[00:30-00:45[,2024-11-23 00:30,1354.226,7957.909,5.876,6914.718,5.106,,,,,3217.5,2.376,4109.181,3.034,-6283.49,-4.64
23/11/2024,2024-11-23,8,[00:45-01:00[,2024-11-23 00:45,1354.226,2935.037,2.167,6914.718,5.106,,,,,3217.5,2.376,3878.651,2.864,-11075.831,-8.179
23/11/2024,2024-11-23,9,[01:00-01:15[,2024-11-23 01:00,1244.935,15646.763,12.568,10953.713,8.799,,,,,3163.765,2.541,3265.62,2.623,-1736.335,-1.395
23/11/2024,2024-11-23,10,[01:15-01:30[,2024-11-23 01:15,1244.935,16545.263,13.29,10953.713,8.799,,,,,3163.765,2.541,3095.207,2.486,-667.421,-0.536
23/11/2024,2024-11-23,11,[01:30-01:45[,2024-11-23 01:30,1244.935,13169.639,10.579,10953.713,8.799,,,,,3163.765,2.541,2770.873,2.226,-3718.712,-2.987
23/11/2024,2024-11-23,12,[01:45-02:00[,2024-11-23 01:45,1244.935,19036.119,15.291,10953.713,8.799,,,,,3163.765,2.541,3097.862,2.488,1820.779,1.463
23/11/2024,2024-11-23,13,[02:00-02:15[,2024-11-23 02:00,1186.581,26103.354,21.999,12992.088,10.949,,,,,6316.785,5.324,3064.924,2.583,3729.557,3.143
23/11/2024,2024-11-23,14,[02:15-02:30[,2024-11-23 02:15,1186.581,18967.275,15.985,12992.088,10.949,,,,,6316.785,5.324,3118.865,2.628,-3460.463,-2.916
23/11/2024,2024-11-23,15,[02:30-02:45[,2024-11-23 02:30,1186.581,21361.377,18.002,12992.088,10.949,,,,,6316.785,5.324,3138.307,2.645,-1085.803,-0.915
23/11/2024,2024-11-23,16,[02:45-03:00[,2024-11-23 02:45,1186.581,21326.642,17.973,12992.088,10.949,,,,,6316.785,5.324,2932.064,2.471,-914.294,-0.771
23/11/2024,2024-11-23,17,[03:00-03:15[,2024-11-23 03:00,1151.749,30872.597,26.805,13934.614,12.099,,,4899.65,4.254,6602.73,5.733,3097.185,2.689,2338.419,2.03
23/11/2024,2024-11-23,18,[03:15-03:30[,2024-11-23 03:15,1151.749,25138.806,21.827,13934.614,12.099,,,4899.65,4.254,6602.73,5.733,3195.785,2.775,-3493.972,-3.034
23/11/2024,2024-11-23,19,[03:30-03:45[,2024-11-23 03:30,1151.749,22374.132,19.426,13934.614,12.099,,,4899.65,4.254,6602.73,5.733,2656.304,2.306,-5719.165,-4.966
23/11/2024,2024-11-23,20,[03:45-04:00[,2024-11-23 03:45,1151.749,23683.995,20.564,13934.614,12.099,,,4899.65,4.254,6602.73,5.733,2920.205,2.535,-4673.203,-4.057
23/11/2024,2024-11-23,21,[04:00-04:15[,2024-11-23 04:00,1134.444,27112.39,23.899,13937.738,12.286,,,4656.698,4.105,7494.45,6.606,2901.815,2.558,-1878.31,-1.656
23/11/2024,2024-11-23,22,[04:15-04:30[,2024-11-23 04:15,1134.444,26640.661,23.483,13937.738,12.286,,,4656.698,4.105,7494.45,6.606,2965.998,2.614,-2414.223,-2.128
23/11/2024,2024-11-23,23,[04:30-04:45[,2024-11-23 04:30,1134.444,24154.239,21.292,13937.738,12.286,,,4656.698,4.105,7494.45,6.606,2940.892,2.592,-4875.538,-4.298
23/11/2024,2024-11-23,24,[04:45-05:00[,2024-11-23 04:45,1134.444,24741.608,21.809,13937.738,12.286,,,4656.698,4.105,7494.45,6.606,3568.782,3.146,-4916.059,-4.333
23/11/2024,2024-11-23,25,[05:00-05:15[,2024-11-23 05:00,1154.822,27548.379,23.855,13620.334,11.794,,,4656.698,4.032,7406.475,6.414,4392.499,3.804,-2527.627,-2.189
23/11/2024,2024-11-23,26,[05:15-05:30[,2024-11-23 05:15,1154.822,27025.09,23.402,13620.334,11.794,,,4656.698,4.032,7406.475,6.414,3826.249,3.313,-2484.665,-2.152
23/11/2024,2024-11-23,27,[05:30-05:45[,2024-11-23 05:30,1154.822,26696.747,23.118,13620.334,11.794,,,4656.698,4.032,7406.475,6.414,4172.543,3.613,-3159.302,-2.736
23/11/2024,2024-11-23,28,[05:45-06:00[,2024-11-23 05:45,1154.822,27669.801,23.96,13620.334,11.794,,,4656.698,4.032,7406.475,6.414,4390.652,3.802,-2404.358,-2.082
23/11/2024,2024-11-23,29,[06:00-06:15[,2024-11-23 06:00,1192.352,24296.714,20.377,13309.825,11.163,,,4676.61,3.922,6088.935,5.107,3971.768,3.331,-3750.423,-3.145
23/11/2024,2024-11-23,30,[06:15-06:30[,2024-11-23 06:15,1192.352,25308.032,21.225,13309.825,11.163,,,4676.61,3.922,6088.935,5.107,4229.271,3.547,-2996.609,-2.513
23/11/2024,2024-11-23,31,[06:30-06:45[,2024-11-23 06:30,1192.352,26726.199,22.415,13309.825,11.163,,,4676.61,3.922,6088.935,5.107,4387.052,3.679,-1736.223,-1.456
23/11/2024,2024-11-23,32,[06:45-07:00[,2024-11-23 06:45,1192.352,23055.325,19.336,13309.825,11.163,,,4676.61,3.922,6088.935,5.107,3932.626,3.298,-4952.671,-4.154
23/11/2024,2024-11-23,33,[07:00-07:15[,2024-11-23 07:00,1245.718,28772.093,23.097,12246.414,9.831,,,,,15000,12.041,4282.791,3.438,-2757.112,-2.213
23/11/2024,2024-11-23,34,[07:15-07:30[,2024-11-23 07:15,1245.718,31851.657,25.569,12246.414,9.831,,,,,15000,12.041,4279.455,3.435,325.788,0.262
23/11/2024,2024-11-23,35,[07:30-07:45[,2024-11-23 07:30,1245.718,28390.791,22.791,12246.414,9.831,,,,,15000,12.041,4117.032,3.305,-2972.655,-2.386
23/11/2024,2024-11-23,36,[07:45-08:00[,2024-11-23 07:45,1245.718,28490.89,22.871,12246.414,9.831,,,,,15000,12.041,4276.126,3.433,-3031.65,-2.434
23/11/2024,2024-11-23,37,[08:00-08:15[,2024-11-23 08:00,1328.717,34896.719,26.263,13486.472,10.15,,,,,14000,10.536,4277.061,3.219,3133.185,2.358
23/11/2024,2024-11-23,38,[08:15-08:30[,2024-11-23 08:15,1328.717,32436.596,24.412,13486.472,10.15,,,,,14000,10.536,4246.318,3.196,703.805,0.53
23/11/2024,2024-11-23,39,[08:30-08:45[,2024-11-23 08:30,1328.717,29119.199,21.915,13486.472,10.15,,,,,14000,10.536,4147.338,3.121,-2514.611,-1.893
23/11/2024,2024-11-23,40,[08:45-09:00[,2024-11-23 08:45,1328.717,25601.645,19.268,13486.472,10.15,,,,,14000,10.536,4057.98,3.054,-5942.808,-4.473
23/11/2024,2024-11-23,41,[09:00-09:15[,2024-11-23 09:00,1397.608,24459.332,17.501,14002.635,10.019,,,,,5133.125,3.673,4277.466,3.061,1046.105,0.748
23/11/2024,2024-11-23,42,[09:15-09:30[,2024-11-23 09:15,1397.608,21839.501,15.626,14002.635,10.019,,,,,5133.125,3.673,3675.354,2.63,-971.613,-0.695
23/11/2024,2024-11-23,43,[09:30-09:45[,2024-11-23 09:30,1397.608,20478.719,14.653,14002.635,10.019,,,,,5133.125,3.673,4108.239,2.939,-2765.28,-1.979
23/11/2024,2024-11-23,44,[09:45-10:00[,2024-11-23 09:45,1397.608,19226.916,13.757,14002.635,10.019,,,,,5133.125,3.673,4272.77,3.057,-4181.615,-2.992
23/11/2024,2024-11-23,45,[10:00-10:15[,2024-11-23 10:00,1405.145,27224.808,19.375,17568.387,12.503,,,,,5133.125,3.653,3810.072,2.712,713.224,0.508
23/11/2024,2024-11-23,46,[10:15-10:30[,2024-11-23 10:15,1405.145,27583.781,19.631,17568.387,12.503,,,,,5133.125,3.653,4272.592,3.041,609.678,0.434
23/11/2024,2024-11-23,47,[10:30-10:45[,2024-11-23 10:30,1405.145,24409.097,17.371,17568.387,12.503,,,,,5133.125,3.653,4277.787,3.044,-2570.201,-1.829
23/11/2024,2024-11-23,48,[10:45-11:00[,2024-11-23 10:45,1405.145,23924.188,17.026,17568.387,12.503,,,,,5133.125,3.653,3814.092,2.714,-2591.416,-1.844
23/11/2024,2024-11-23,49,[11:00-11:15[,2024-11-23 11:00,1417.301,24634.768,17.381,17310.128,12.213,,,,,5133.125,3.622,4263.558,3.008,-2072.043,-1.462
23/11/2024,2024-11-23,50,[11:15-11:30[,2024-11-23 11:15,1417.301,28266.085,19.944,17310.128,12.213,,,,,5133.125,3.622,4243.546,2.994,1579.285,1.114
23/11/2024,2024-11-23,51,[11:30-11:45[,2024-11-23 11:30,1417.301,25432.322,17.944,17310.128,12.213,,,,,5133.125,3.622,3139.708,2.215,-150.639,-0.106
23/11/2024,2024-11-23,52,[11:45-12:00[,2024-11-23 11:45,1417.301,26780.517,18.895,17310.128,12.213,,,,,5133.125,3.622,4238.201,2.99,99.063,0.07
23/11/2024,2024-11-23,53,[12:00-12:15[,2024-11-23 12:00,1434.256,31057.002,21.654,17937.921,12.507,,,,,6434.855,4.487,4077.59,2.843,2606.637,1.817
23/11/2024,2024-11-23,54,[12:15-12:30[,2024-11-23 12:15,1434.256,31727.819,22.121,17937.921,12.507,,,,,6434.855,4.487,4238.212,2.955,3116.831,2.173
23/11/2024,2024-11-23,55,[12:30-12:45[,2024-11-23 12:30,1434.256,30279.145,21.111,17937.921,12.507,,,,,6434.855,4.487,3543.801,2.471,2362.568,1.647
23/11/2024,2024-11-23,56,[12:45-13:00[,2024-11-23 12:45,1434.256,30299.988,21.126,17937.921,12.507,,,,,6434.855,4.487,3881.695,2.706,2045.517,1.426
23/11/2024,2024-11-23,57,[13:00-13:15[,2024-11-23 13:00,1405.837,43560.599,30.986,20558.218,14.623,,,,,7673.895,5.459,4216.6,2.999,11111.886,7.904
23/11/2024,2024-11-23,58,[13:15-13:30[,2024-11-23 13:15,1405.837,37576.018,26.729,20558.218,14.623,,,,,7673.895,5.459,3441.975,2.448,5901.929,4.198
23/11/2024,2024-11-23,59,[13:30-13:45[,2024-11-23 13:30,1405.837,39409.185,28.033,20558.218,14.623,,,,,7673.895,5.459,4137.357,2.943,7039.714,5.007
23/11/2024,2024-11-23,60,[13:45-14:00[,2024-11-23 13:45,1405.837,42026.311,29.894,20558.218,14.623,,,,,7673.895,5.459,4271.188,3.038,9523.01,6.774
23/11/2024,2024-11-23,61,[14:00-14:15[,2024-11-23 14:00,1395.914,31549.943,22.602,18324.858,13.128,,,,,7838.925,5.616,3751.33,2.687,1634.829,1.171
23/11/2024,2024-11-23,62,[14:15-14:30[,2024-11-23 14:15,1395.914,35641.174,25.533,18324.858,13.128,,,,,7838.925,5.616,4182.588,2.996,5294.803,3.793
23/11/2024,2024-11-23,63,[14:30-14:45[,2024-11-23 14:30,1395.914,40736.642,29.183,18324.858,13.128,,,,,7838.925,5.616,4278.608,3.065,10294.251,7.375
23/11/2024,2024-11-23,64,[14:45-15:00[,2024-11-23 14:45,1395.914,45419.889,32.538,18324.858,13.128,,,,,7838.925,5.616,3602.903,2.581,15653.203,11.214
23/11/2024,2024-11-23,65,[15:00-15:15[,2024-11-23 15:00,1398.958,21717.248,15.524,14315.28,10.233,,,-10305.684,-7.367,6231.375,4.454,4023.584,2.876,7452.693,5.327
23/11/2024,2024-11-23,66,[15:15-15:30[,2024-11-23 15:15,1398.958,26957.025,19.269,14315.28,10.233,,,-2019.384,-1.443,6231.375,4.454,3849.554,2.752,4580.2,3.274
23/11/2024,2024-11-23,67,[15:30-15:45[,2024-11-23 15:30,1398.958,33567.587,23.995,14315.28,10.233,,,,,6231.375,4.454,4280.464,3.06,8740.468,6.248
23/11/2024,2024-11-23,68,[15:45-16:00[,2024-11-23 15:45,1398.958,41861.557,29.923,14315.28,10.233,,,-2035.309,-1.455,6231.375,4.454,3730.008,2.666,19620.203,14.025
23/11/2024,2024-11-23,69,[16:00-16:15[,2024-11-23 16:00,1428.39,19583.331,13.71,13749.478,9.626,,,-55.998,-0.039,5718.57,4.004,3538.605,2.477,-3367.323,-2.357
23/11/2024,2024-11-23,70,[16:15-16:30[,2024-11-23 16:15,1428.39,24731.8,17.314,13749.478,9.626,,,6089.175,4.263,5718.57,4.004,4081.279,2.857,-4906.702,-3.435
23/11/2024,2024-11-23,71,[16:30-16:45[,2024-11-23 16:30,1428.39,29746.889,20.825,13749.478,9.626,,,-33.489,-0.023,5718.57,4.004,3725.344,2.608,6586.986,4.611
23/11/2024,2024-11-23,72,[16:45-17:00[,2024-11-23 16:45,1428.39,39079.169,27.359,13749.478,9.626,,,6709.65,4.697,5718.57,4.004,3514.883,2.461,9386.589,6.571
23/11/2024,2024-11-23,73,[17:00-17:15[,2024-11-23 17:00,1563.971,15177.72,9.705,10437.953,6.674,,,-472.882,-0.302,6178.455,3.95,4133.996,2.643,-5099.803,-3.261
23/11/2024,2024-11-23,74,[17:15-17:30[,2024-11-23 17:15,1563.971,16343.638,10.45,10437.953,6.674,,,,,6178.455,3.95,3727.257,2.383,-4000.027,-2.558
23/11/2024,2024-11-23,75,[17:30-17:45[,2024-11-23 17:30,1563.971,19857.548,12.697,10437.953,6.674,,,,,6178.455,3.95,4127.093,2.639,-885.952,-0.566
23/11/2024,2024-11-23,76,[17:45-18:00[,2024-11-23 17:45,1563.971,21514.401,13.756,10437.953,6.674,,,,,6178.455,3.95,4003.555,2.56,894.438,0.572
23/11/2024,2024-11-23,77,[18:00-18:15[,2024-11-23 18:00,1633.73,20513.122,12.556,10574.785,6.473,,,,,9436.07,5.776,2738.321,1.676,-2236.054,-1.369
23/11/2024,2024-11-23,78,[18:15-18:30[,2024-11-23 18:15,1633.73,21508.525,13.165,10574.785,6.473,,,,,9436.07,5.776,2668.688,1.633,-1171.018,-0.717
23/11/2024,2024-11-23,79,[18:30-18:45[,2024-11-23 18:30,1633.73,22098.526,13.526,10574.785,6.473,,,,,9436.07,5.776,2799.45,1.714,-711.779,-0.436
23/11/2024,2024-11-23,80,[18:45-19:00[,2024-11-23 18:45,1633.73,22655.65,13.867,10574.785,6.473,,,,,9436.07,5.776,2833,1.734,-188.206,-0.115
23/11/2024,2024-11-23,81,[19:00-19:15[,2024-11-23 19:00,1652.5,18672.181,11.299,12620.473,7.637,,,,,5717.67,3.46,2469.855,1.495,-2135.817,-1.292
23/11/2024,2024-11-23,82,[19:15-19:30[,2024-11-23 19:15,1652.5,20843.477,12.613,12620.473,7.637,,,,,5717.67,3.46,2852.124,1.726,-346.789,-0.21
23/11/2024,2024-11-23,83,[19:30-19:45[,2024-11-23 19:30,1652.5,22396.767,13.553,12620.473,7.637,,,,,5717.67,3.46,2852.496,1.726,1206.129,0.73
23/11/2024,2024-11-23,84,[19:45-20:00[,2024-11-23 19:45,1652.5,16490.666,9.979,12620.473,7.637,,,,,5717.67,3.46,1621.506,0.981,-3468.983,-2.099
23/11/2024,2024-11-23,85,[20:00-20:15[,2024-11-23 20:00,1616.632,29639.702,18.334,14180.224,8.771,,,,,7162.5,4.431,4044.773,2.502,4252.205,2.63
23/11/2024,2024-11-23,86,[20:15-20:30[,2024-11-23 20:15,1616.632,24722.428,15.293,14180.224,8.771,,,,,7162.5,4.431,4135.173,2.558,-755.469,-0.467
23/11/2024,2024-11-23,87,[20:30-20:45[,2024-11-23 20:30,1616.632,22625.583,13.996,14180.224,8.771,,,,,7162.5,4.431,4097.324,2.534,-2814.465,-1.741
23/11/2024,2024-11-23,88,[20:45-21:00[,2024-11-23 20:45,1616.632,21254.355,13.147,14180.224,8.771,,,,,7162.5,4.431,2817.247,1.743,-2905.616,-1.797
23/11/2024,2024-11-23,89,[21:00-21:15[,2024-11-23 21:00,1511.593,57238.02,37.866,14272.598,9.442,,,-2571,-1.701,7472.875,4.944,4271.896,2.826,33791.652,22.355
23/11/2024,2024-11-23,90,[21:15-21:30[,2024-11-23 21:15,1511.593,45183.451,29.891,14272.598,9.442,,,-2571,-1.701,7472.875,4.944,4254.167,2.814,21754.812,14.392
23/11/2024,2024-11-23,91,[21:30-21:45[,2024-11-23 21:30,1511.593,36887.606,24.403,14272.598,9.442,,,-2571,-1.701,7472.875,4.944,3969.287,2.626,13743.847,9.092
23/11/2024,2024-11-23,92,[21:45-22:00[,2024-11-23 21:45,1511.593,30925.453,20.459,14272.598,9.442,,,-2571,-1.701,7472.875,4.944,4158.313,2.751,7592.668,5.023
23/11/2024,2024-11-23,93,[22:00-22:15[,2024-11-23 22:00,1415.167,30156.487,21.309,18740.192,13.242,,,,,7329.625,5.179,4082.858,2.885,3.813,0.003
23/11/2024,2024-11-23,94,[22:15-22:30[,2024-11-23 22:15,1415.167,32480.597,22.952,18740.192,13.242,,,,,7329.625,5.179,4270.099,3.017,2140.681,1.513
23/11/2024,2024-11-23,95,[22:30-22:45[,2024-11-23 22:30,1415.167,31091.785,21.97,18740.192,13.242,,,,,7329.625,5.179,3715.308,2.625,1306.66,0.923
23/11/2024,2024-11-23,96,[22:45-23:00[,2024-11-23 22:45,1415.167,31902.381,22.543,18740.192,13.242,,,,,7329.625,5.179,3953.356,2.794,1879.208,1.328
24/11/2024,2024-11-24,1,[23:00-23:15[,2024-11-23 23:00,1312,31931.379,24.338,21369.288,16.288,,,,,6609.6,5.038,4158.376,3.169,-205.884,-0.157
24/11/2024,2024-11-24,2,[23:15-23:30[,2024-11-23 23:15,1312,31129.514,23.727,21369.288,16.288,,,,,6609.6,5.038,3705.438,2.824,-554.811,-0.423
24/11/2024,2024-11-24,3,[23:30-23:45[,2024-11-23 23:30,1312,31271.884,23.835,21369.288,16.288,,,,,6609.6,5.038,4049.574,3.087,-756.578,-0.577
24/11/2024,2024-11-24,4,[23:45-00:00[,2024-11-23 23:45,1312,31769.759,24.215,21369.288,16.288,,,,,6609.6,5.038,4286.56,3.267,-495.689,-0.378
24/11/2024,2024-11-24,5,[00:00-00:15[,2024-11-24 00:00,1221.744,36851.328,30.163,22079.31,18.072,,,,,5948.64,4.869,4268.923,3.494,4554.456,3.728
24/11/2024,2024-11-24,6,[00:15-00:30[,2024-11-24 00:15,1221.744,31094.072,25.451,22079.31,18.072,,,,,5948.64,4.869,4011.323,3.283,-945.2,-0.774
24/11/2024,2024-11-24,7,[00:30-00:45[,2024-11-24 00:30,1221.744,30300.482,24.801,22079.31,18.072,,,,,5948.64,4.869,4062.566,3.325,-1790.034,-1.465
24/11/2024,2024-11-24,8,[00:45-01:00[,2024-11-24 00:45,1221.744,30296.669,24.798,22079.31,18.072,,,,,5948.64,4.869,4184.476,3.425,-1915.757,-1.568
24/11/2024,2024-11-24,9,[01:00-01:15[,2024-11-24 01:00,1145.883,39250.232,34.253,22079.31,19.268,,,,,4532.88,3.956,4090.446,3.57,8547.596,7.459
24/11/2024,2024-11-24,10,[01:15-01:30[,2024-11-24 01:15,1145.883,38560.79,33.652,22079.31,19.268,,,,,4532.88,3.956,4269.052,3.726,7679.548,6.702
24/11/2024,2024-11-24,11,[01:30-01:45[,2024-11-24 01:30,1145.883,38736.047,33.805,22079.31,19.268,,,,,4532.88,3.956,3849.621,3.36,8274.236,7.221
24/11/2024,2024-11-24,12,[01:45-02:00[,2024-11-24 01:45,1145.883,37498.567,32.725,22079.31,19.268,,,,,4532.88,3.956,3645.509,3.181,7240.868,6.319
24/11/2024,2024-11-24,13,[02:00-02:15[,2024-11-24 02:00,1087.509,37631.897,34.604,22079.31,20.303,,,,,1982.625,1.823,3980.689,3.66,9589.274,8.818
24/11/2024,2024-11-24,14,[02:15-02:30[,2024-11-24 02:15,1087.509,36098.091,33.193,22079.31,20.303,,,,,1982.625,1.823,3979.359,3.659,8056.798,7.408
24/11/2024,2024-11-24,15,[02:30-02:45[,2024-11-24 02:30,1087.509,34005.869,31.269,22079.31,20.303,,,,,1982.625,1.823,3548.529,3.263,6395.406,5.881
24/11/2024,2024-11-24,16,[02:45-03:00[,2024-11-24 02:45,1087.509,32885.806,30.24,22079.31,20.303,,,,,1982.625,1.823,3594.788,3.306,5229.083,4.808
24/11/2024,2024-11-24,17,[03:00-03:15[,2024-11-24 03:00,1061.068,37086.898,34.952,22079.31,20.809,,,,,1982.625,1.869,3889.808,3.666,9135.156,8.609
24/11/2024,2024-11-24,18,[03:15-03:30[,2024-11-24 03:15,1061.068,33846.706,31.899,22079.31,20.809,,,,,1982.625,1.869,3530.898,3.328,6253.873,5.894
24/11/2024,2024-11-24,19,[03:30-03:45[,2024-11-24 03:30,1061.068,32201.679,30.348,22079.31,20.809,,,,,1982.625,1.869,3607.605,3.4,4532.139,4.271
24/11/2024,2024-11-24,20,[03:45-04:00[,2024-11-24 03:45,1061.068,32550.487,30.677,22079.31,20.809,,,,,1982.625,1.869,3965.777,3.738,4522.776,4.262
24/11/2024,2024-11-24,21,[04:00-04:15[,2024-11-24 04:00,1043.873,28555.66,27.355,22079.31,21.151,,,,,3625.76,3.473,3680.018,3.525,-829.427,-0.795
24/11/2024,2024-11-24,22,[04:15-04:30[,2024-11-24 04:15,1043.873,30476.378,29.195,22079.31,21.151,,,,,3625.76,3.473,3965.404,3.799,805.904,0.772
24/11/2024,2024-11-24,23,[04:30-04:45[,2024-11-24 04:30,1043.873,31207.123,29.896,22079.31,21.151,,,,,3625.76,3.473,3965.589,3.799,1536.465,1.472
24/11/2024,2024-11-24,24,[04:45-05:00[,2024-11-24 04:45,1043.873,31040.512,29.736,22079.31,21.151,,,,,3625.76,3.473,3479.555,3.333,1855.887,1.778
24/11/2024,2024-11-24,25,[05:00-05:15[,2024-11-24 05:00,1057.058,25807.327,24.414,22079.31,20.888,,,,,2582.64,2.443,3966.143,3.752,-2820.766,-2.669
24/11/2024,2024-11-24,26,[05:15-05:30[,2024-11-24 05:15,1057.058,30774.781,29.114,22079.31,20.888,,,,,2582.64,2.443,3966.143,3.752,2146.688,2.031
24/11/2024,2024-11-24,27,[05:30-05:45[,2024-11-24 05:30,1057.058,30394.819,28.754,22079.31,20.888,,,,,2582.64,2.443,3804.181,3.599,1928.688,1.825
24/11/2024,2024-11-24,28,[05:45-06:00[,2024-11-24 05:45,1057.058,31057.918,29.381,22079.31,20.888,,,,,2582.64,2.443,3965.96,3.752,2430.009,2.299
24/11/2024,2024-11-24,29,[06:00-06:15[,2024-11-24 06:00,1067.204,28728.776,26.92,22079.31,20.689,,,,,3852.37,3.61,2937.636,2.753,-140.539,-0.132
24/11/2024,2024-11-24,30,[06:15-06:30[,2024-11-24 06:15,1067.204,28820.737,27.006,22079.31,20.689,,,,,3852.37,3.61,2977.598,2.79,-88.541,-0.083
24/11/2024,2024-11-24,31,[06:30-06:45[,2024-11-24 06:30,1067.204,28705.896,26.898,22079.31,20.689,,,,,3852.37,3.61,2731.574,2.56,42.642,0.04
24/11/2024,2024-11-24,32,[06:45-07:00[,2024-11-24 06:45,1067.204,28646.478,26.843,22079.31,20.689,,,,,3852.37,3.61,2720.991,2.55,-6.193,-0.006
24/11/2024,2024-11-24,33,[07:00-07:15[,2024-11-24 07:00,1104.881,31889.528,28.862,22076.498,19.981,,,,,5382.795,4.872,3458.026,3.13,972.21,0.88
24/11/2024,2024-11-24,34,[07:15-07:30[,2024-11-24 07:15,1104.881,31439.536,28.455,22076.498,19.981,,,,,5382.795,4.872,4337.333,3.926,-357.089,-0.323
24/11/2024,2024-11-24,35,[07:30-07:45[,2024-11-24 07:30,1104.881,31558.451,28.563,22076.498,19.981,,,,,5382.795,4.872,4334.632,3.923,-235.473,-0.213
24/11/2024,2024-11-24,36,[07:45-08:00[,2024-11-24 07:45,1104.881,31213.51,28.251,22076.498,19.981,,,,,5382.795,4.872,4336.965,3.925,-582.748,-0.527
24/11/2024,2024-11-24,37,[08:00-08:15[,2024-11-24 08:00,1173.46,27248.899,23.221,22065.978,18.804,,,,,3852.37,3.283,3638.202,3.1,-2307.651,-1.967
24/11/2024,2024-11-24,38,[08:15-08:30[,2024-11-24 08:15,1173.46,29567.844,25.197,22065.978,18.804,,,,,3852.37,3.283,4337.156,3.696,-687.66,-0.586
24/11/2024,2024-11-24,39,[08:30-08:45[,2024-11-24 08:30,1173.46,30488.216,25.981,22065.978,18.804,,,,,3852.37,3.283,4336.975,3.696,232.894,0.198
24/11/2024,2024-11-24,40,[08:45-09:00[,2024-11-24 08:45,1173.46,30039.777,25.599,22065.978,18.804,,,,,3852.37,3.283,3764.42,3.208,357.009,0.304
24/11/2024,2024-11-24,41,[09:00-09:15[,2024-11-24 09:00,1299.556,32926.751,25.337,22068.062,16.981,,,,,5880.6,4.525,4341.435,3.341,636.654,0.49
24/11/2024,2024-11-24,42,[09:15-09:30[,2024-11-24 09:15,1299.556,39871.665,30.681,22068.062,16.981,,,,,5880.6,4.525,4242.551,3.265,7680.453,5.91
24/11/2024,2024-11-24,43,[09:30-09:45[,2024-11-24 09:30,1299.556,39656.814,30.516,22068.062,16.981,,,,,5880.6,4.525,4133.811,3.181,7574.342,5.828
24/11/2024,2024-11-24,44,[09:45-10:00[,2024-11-24 09:45,1299.556,45108.035,34.71,22068.062,16.981,,,,,5880.6,4.525,4344.977,3.343,12814.396,9.861
24/11/2024,2024-11-24,45,[10:00-10:15[,2024-11-24 10:00,1410.082,33865.534,24.017,22044.722,15.634,,,,,6045.84,4.288,4015.842,2.848,1759.13,1.248
24/11/2024,2024-11-24,46,[10:15-10:30[,2024-11-24 10:15,1410.082,35861.617,25.432,22044.722,15.634,,,,,6045.84,4.288,3836.85,2.721,3934.205,2.79
24/11/2024,2024-11-24,47,[10:30-10:45[,2024-11-24 10:30,1410.082,37325.51,26.47,22044.722,15.634,,,,,6045.84,4.288,4117.381,2.92,5117.567,3.629
24/11/2024,2024-11-24,48,[10:45-11:00[,2024-11-24 10:45,1410.082,40654.193,28.831,22044.722,15.634,,,,,6045.84,4.288,4190.972,2.972,8372.659,5.938
24/11/2024,2024-11-24,49,[11:00-11:15[,2024-11-24 11:00,1511.639,26836.701,17.753,22047.534,14.585,,,,,6094.44,4.032,3691.534,2.442,-4996.807,-3.306
24/11/2024,2024-11-24,50,[11:15-11:30[,2024-11-24 11:15,1511.639,30482.232,20.165,22047.534,14.585,,,,,6094.44,4.032,4140.728,2.739,-1800.47,-1.191
24/11/2024,2024-11-24,51,[11:30-11:45[,2024-11-24 11:30,1511.639,34160.132,22.598,22047.534,14.585,,,,,6094.44,4.032,4273.062,2.827,1745.096,1.154
24/11/2024,2024-11-24,52,[11:45-12:00[,2024-11-24 11:45,1511.639,37758.692,24.979,22047.534,14.585,,,,,6094.44,4.032,4237.066,2.803,5379.652,3.559
24/11/2024,2024-11-24,53,[12:00-12:15[,2024-11-24 12:00,1558.509,33984.108,21.806,22049.784,14.148,,,,,6143.04,3.942,4327.844,2.777,1463.44,0.939
24/11/2024,2024-11-24,54,[12:15-12:30[,2024-11-24 12:15,1558.509,32904.962,21.113,22049.784,14.148,,,,,6143.04,3.942,4363.972,2.8,348.167,0.223
24/11/2024,2024-11-24,55,[12:30-12:45[,2024-11-24 12:30,1558.509,32255.254,20.696,22049.784,14.148,,,,,6143.04,3.942,4087.367,2.623,-24.937,-0.016
24/11/2024,2024-11-24,56,[12:45-13:00[,2024-11-24 12:45,1558.509,30736.077,19.721,22049.784,14.148,,,,,6143.04,3.942,4365.088,2.801,-1821.834,-1.169
24/11/2024,2024-11-24,57,[13:00-13:15[,2024-11-24 13:00,1487.156,30041.149,20.2,22050.768,14.827,,,,,5522.78,3.714,4367.499,2.937,-1899.898,-1.278
24/11/2024,2024-11-24,58,[13:15-13:30[,2024-11-24 13:15,1487.156,27474.759,18.475,22050.768,14.827,,,,,5522.78,3.714,4263.86,2.867,-4362.649,-2.934
24/11/2024,2024-11-24,59,[13:30-13:45[,2024-11-24 13:30,1487.156,23627.982,15.888,22050.768,14.827,,,,,5522.78,3.714,4368.975,2.938,-8314.541,-5.591
24/11/2024,2024-11-24,60,[13:45-14:00[,2024-11-24 13:45,1487.156,20948.512,14.086,22050.768,14.827,,,,,5522.78,3.714,4177.221,2.809,-10802.257,-7.264
24/11/2024,2024-11-24,61,[14:00-14:15[,2024-11-24 14:00,1407.541,34055.869,24.195,22050.487,15.666,,,,,5439.8,3.865,4346.511,3.088,2219.072,1.577
24/11/2024,2024-11-24,62,[14:15-14:30[,2024-11-24 14:15,1407.541,31629.894,22.472,22050.487,15.666,,,,,5439.8,3.865,4330.176,3.076,-190.568,-0.135
24/11/2024,2024-11-24,63,[14:30-14:45[,2024-11-24 14:30,1407.541,27692.077,19.674,22050.487,15.666,,,,,5439.8,3.865,4030.806,2.864,-3829.015,-2.72
24/11/2024,2024-11-24,64,[14:45-15:00[,2024-11-24 14:45,1407.541,25784.394,18.319,22050.487,15.666,,,,,5439.8,3.865,4278.13,3.039,-5984.022,-4.251
24/11/2024,2024-11-24,65,[15:00-15:15[,2024-11-24 15:00,1387.818,28556.613,20.577,22045.56,15.885,,,,,5822.28,4.195,4319.465,3.112,-3630.692,-2.616
24/11/2024,2024-11-24,66,[15:15-15:30[,2024-11-24 15:15,1387.818,27575.048,19.869,22045.56,15.885,,,,,5822.28,4.195,3901.481,2.811,-4194.273,-3.022
24/11/2024,2024-11-24,67,[15:30-15:45[,2024-11-24 15:30,1387.818,27902.946,20.106,22045.56,15.885,,,,,5822.28,4.195,4351.797,3.136,-4316.69,-3.11
24/11/2024,2024-11-24,68,[15:45-16:00[,2024-11-24 15:45,1387.818,36874.474,26.57,22045.56,15.885,,,,,5822.28,4.195,4382.483,3.158,4624.151,3.332
24/11/2024,2024-11-24,69,[16:00-16:15[,2024-11-24 16:00,1415.594,24154.176,17.063,21680.854,15.316,,,,,5516.115,3.897,4121.251,2.911,-7164.043,-5.061
24/11/2024,2024-11-24,70,[16:15-16:30[,2024-11-24 16:15,1415.594,31185.492,22.03,21680.854,15.316,,,,,5516.115,3.897,4384.341,3.097,-395.818,-0.28
24/11/2024,2024-11-24,71,[16:30-16:45[,2024-11-24 16:30,1415.594,34996.446,24.722,21680.854,15.316,,,,,5516.115,3.897,4384.529,3.097,3414.948,2.412
24/11/2024,2024-11-24,72,[16:45-17:00[,2024-11-24 16:45,1415.594,39804.094,28.118,21680.854,15.316,,,,,5516.115,3.897,4366.477,3.085,8240.649,5.821
24/11/2024,2024-11-24,73,[17:00-17:15[,2024-11-24 17:00,1512.153,22816.359,15.089,18519.223,12.247,,,,,6026.4,3.985,4380.266,2.897,-6109.529,-4.04
24/11/2024,2024-11-24,74,[17:15-17:30[,2024-11-24 17:15,1512.153,22344.14,14.776,18519.223,12.247,,,,,6026.4,3.985,3475.124,2.298,-5676.606,-3.754
24/11/2024,2024-11-24,75,[17:30-17:45[,2024-11-24 17:30,1512.153,27725.433,18.335,18519.223,12.247,,,,,6026.4,3.985,4348.85,2.876,-1169.04,-0.773
24/11/2024,2024-11-24,76,[17:45-18:00[,2024-11-24 17:45,1512.153,33822.049,22.367,18519.223,12.247,,,,,6026.4,3.985,4380.284,2.897,4896.143,3.238
24/11/2024,2024-11-24,77,[18:00-18:15[,2024-11-24 18:00,1579.091,26872.954,17.018,18284.728,11.579,,,,,6621.264,4.193,2657.305,1.683,-690.344,-0.437
24/11/2024,2024-11-24,78,[18:15-18:30[,2024-11-24 18:15,1579.091,27099.927,17.162,18284.728,11.579,,,,,6621.264,4.193,3007.814,1.905,-813.879,-0.515
24/11/2024,2024-11-24,79,[18:30-18:45[,2024-11-24 18:30,1579.091,27880.277,17.656,18284.728,11.579,,,,,6621.264,4.193,3025.013,1.916,-50.728,-0.032
24/11/2024,2024-11-24,80,[18:45-19:00[,2024-11-24 18:45,1579.091,27539.152,17.44,18284.728,11.579,,,,,6621.264,4.193,2577.353,1.632,55.807,0.035
24/11/2024,2024-11-24,81,[19:00-19:15[,2024-11-24 19:00,1627.755,25137.213,15.443,18520.863,11.378,,,,,4826.184,2.965,2961.492,1.819,-1171.325,-0.72
24/11/2024,2024-11-24,82,[19:15-19:30[,2024-11-24 19:15,1627.755,25948.141,15.941,18520.863,11.378,,,,,4826.184,2.965,2971.575,1.826,-370.481,-0.228
24/11/2024,2024-11-24,83,[19:30-19:45[,2024-11-24 19:30,1627.755,25538.264,15.689,18520.863,11.378,,,,,4826.184,2.965,2710.236,1.665,-519.018,-0.319
24/11/2024,2024-11-24,84,[19:45-20:00[,2024-11-24 19:45,1627.755,25651.421,15.759,18520.863,11.378,,,,,4826.184,2.965,2971.575,1.826,-667.2,-0.41
24/11/2024,2024-11-24,85,[20:00-20:15[,2024-11-24 20:00,1625.268,27764.637,17.083,18662.182,11.483,,,,,6356.88,3.911,4198.871,2.583,-1453.296,-0.894
24/11/2024,2024-11-24,86,[20:15-20:30[,2024-11-24 20:15,1625.268,26740.583,16.453,18662.182,11.483,,,,,6356.88,3.911,3992.791,2.457,-2271.27,-1.397
24/11/2024,2024-11-24,87,[20:30-20:45[,2024-11-24 20:30,1625.268,28918.686,17.793,18662.182,11.483,,,,,6356.88,3.911,4230.508,2.603,-330.885,-0.204
24/11/2024,2024-11-24,88,[20:45-21:00[,2024-11-24 20:45,1625.268,29016.819,17.854,18662.182,11.483,,,,,6356.88,3.911,3943.047,2.426,54.709,0.034
24/11/2024,2024-11-24,89,[21:00-21:15[,2024-11-24 21:00,1539.578,36965,24.01,20706.691,13.45,,,,,5932.74,3.853,4077.891,2.649,6247.678,4.058
24/11/2024,2024-11-24,90,[21:15-21:30[,2024-11-24 21:15,1539.578,30932.997,20.092,20706.691,13.45,,,,,5932.74,3.853,4393.315,2.854,-99.749,-0.065
24/11/2024,2024-11-24,91,[21:30-21:45[,2024-11-24 21:30,1539.578,30176.595,19.601,20706.691,13.45,,,,,5932.74,3.853,4050.233,2.631,-513.069,-0.333
24/11/2024,2024-11-24,92,[21:45-22:00[,2024-11-24 21:45,1539.578,32998.47,21.433,20706.691,13.45,,,,,5932.74,3.853,4201.228,2.729,2157.811,1.402
24/11/2024,2024-11-24,93,[22:00-22:15[,2024-11-24 22:00,1424.923,29777.103,20.897,21645.414,15.191,,,,,5932.74,4.164,4414.575,3.098,-2215.626,-1.555
24/11/2024,2024-11-24,94,[22:15-22:30[,2024-11-24 22:15,1424.923,32449.967,22.773,21645.414,15.191,,,,,5932.74,4.164,4229.15,2.968,642.664,0.451
24/11/2024,2024-11-24,95,[22:30-22:45[,2024-11-24 22:30,1424.923,31806.205,22.321,21645.414,15.191,,,,,5932.74,4.164,4376.031,3.071,-147.98,-0.104
24/11/2024,2024-11-24,96,[22:45-23:00[,2024-11-24 22:45,1424.923,31107.124,21.831,21645.414,15.191,,,,,5932.74,4.164,4168.84,2.926,-639.87,-0.449
25/11/2024,2024-11-25,1,[23:00-23:15[,2024-11-24 23:00,1319.489,36586.433,27.728,20872.472,15.819,,,5376.475,4.075,5642.274,4.276,4414.575,3.346,280.638,0.213
25/11/2024,2024-11-25,2,[23:15-23:30[,2024-11-24 23:15,1319.489,33925.143,25.711,20872.472,15.819,,,5376.475,4.075,5642.274,4.276,4219.5,3.198,-2185.577,-1.656
25/11/2024,2024-11-25,3,[23:30-23:45[,2024-11-24 23:30,1319.489,38590.308,29.246,20872.472,15.819,,,5376.475,4.075,5642.274,4.276,4163.784,3.156,2535.304,1.921
25/11/2024,2024-11-25,4,[23:45-00:00[,2024-11-24 23:45,1319.489,33719.572,25.555,20872.472,15.819,,,5376.475,4.075,5642.274,4.276,4414.575,3.346,-2586.223,-1.96
25/11/2024,2024-11-25,5,[00:00-00:15[,2024-11-25 00:00,1229.587,33188.586,26.992,21576.749,17.548,,,4010.543,3.262,5642.274,4.589,4432.936,3.605,-2473.914,-2.012
25/11/2024,2024-11-25,6,[00:15-00:30[,2024-11-25 00:15,1229.587,36356.197,29.568,21576.749,17.548,,,4010.543,3.262,5642.274,4.589,4445.319,3.615,681.313,0.554
25/11/2024,2024-11-25,7,[00:30-00:45[,2024-11-25 00:30,1229.587,37013.866,30.103,21576.749,17.548,,,4010.543,3.262,5642.274,4.589,4563.975,3.712,1220.326,0.992
25/11/2024,2024-11-25,8,[00:45-01:00[,2024-11-25 00:45,1229.587,36258.118,29.488,21576.749,17.548,,,4010.543,3.262,5642.274,4.589,4243.937,3.452,784.616,0.638
25/11/2024,2024-11-25,9,[01:00-01:15[,2024-11-25 01:00,1167.141,30955.88,26.523,21797.354,18.676,,,,,4652.365,3.986,4560.921,3.908,-54.76,-0.047
25/11/2024,2024-11-25,10,[01:15-01:30[,2024-11-25 01:15,1167.141,34274.018,29.366,21797.354,18.676,,,,,4652.365,3.986,4551.983,3.9,3272.316,2.804
25/11/2024,2024-11-25,11,[01:30-01:45[,2024-11-25 01:30,1167.141,38022.451,32.577,21797.354,18.676,,,,,4652.365,3.986,4116.911,3.527,7455.822,6.388
25/11/2024,2024-11-25,12,[01:45-02:00[,2024-11-25 01:45,1167.141,34525.63,29.581,21797.354,18.676,,,,,4652.365,3.986,4563.975,3.91,3511.936,3.009
25/11/2024,2024-11-25,13,[02:00-02:15[,2024-11-25 02:00,1117.579,32347.453,28.944,21397.264,19.146,,,,,4652.365,4.163,4563.975,4.084,1733.849,1.551
25/11/2024,2024-11-25,14,[02:15-02:30[,2024-11-25 02:15,1117.579,29201.506,26.129,21397.264,19.146,,,,,4652.365,4.163,4314.796,3.861,-1162.919,-1.041
25/11/2024,2024-11-25,15,[02:30-02:45[,2024-11-25 02:30,1117.579,33786.827,30.232,21397.264,19.146,,,,,4652.365,4.163,4563.975,4.084,3173.223,2.839
25/11/2024,2024-11-25,16,[02:45-03:00[,2024-11-25 02:45,1117.579,31883.658,28.529,21397.264,19.146,,,,,4652.365,4.163,4423.219,3.958,1410.81,1.262
25/11/2024,2024-11-25,17,[03:00-03:15[,2024-11-25 03:00,1091.514,29898.129,27.391,21931.646,20.093,,,,,4652.365,4.262,4097.442,3.754,-783.324,-0.718
25/11/2024,2024-11-25,18,[03:15-03:30[,2024-11-25 03:15,1091.514,31025.126,28.424,21931.646,20.093,,,,,4652.365,4.262,4528.515,4.149,-87.4,-0.08
25/11/2024,2024-11-25,19,[03:30-03:45[,2024-11-25 03:30,1091.514,29742.917,27.249,21931.646,20.093,,,,,4652.365,4.262,4283.644,3.924,-1124.738,-1.03
25/11/2024,2024-11-25,20,[03:45-04:00[,2024-11-25 03:45,1091.514,30781.908,28.201,21931.646,20.093,,,,,4652.365,4.262,4396.043,4.027,-198.145,-0.182
25/11/2024,2024-11-25,21,[04:00-04:15[,2024-11-25 04:00,1085.835,28729.931,26.459,21797.354,20.074,,,,,4652.365,4.285,4498.637,4.143,-2218.424,-2.043
25/11/2024,2024-11-25,22,[04:15-04:30[,2024-11-25 04:15,1085.835,29687.026,27.34,21797.354,20.074,,,,,4652.365,4.285,4563.975,4.203,-1326.668,-1.222
25/11/2024,2024-11-25,23,[04:30-04:45[,2024-11-25 04:30,1085.835,26791.341,24.673,21797.354,20.074,,,,,4652.365,4.285,4204.085,3.872,-3862.463,-3.557
25/11/2024,2024-11-25,24,[04:45-05:00[,2024-11-25 04:45,1085.835,31587.436,29.09,21797.354,20.074,,,,,4652.365,4.285,4184.696,3.854,953.021,0.878
25/11/2024,2024-11-25,25,[05:00-05:15[,2024-11-25 05:00,1121.079,27165.675,24.232,20757.813,18.516,,,,,6176.235,5.509,4563.975,4.071,-4332.348,-3.864
25/11/2024,2024-11-25,26,[05:15-05:30[,2024-11-25 05:15,1121.079,34112.741,30.428,20757.813,18.516,,,,,6176.235,5.509,3869.938,3.452,3308.756,2.951
25/11/2024,2024-11-25,27,[05:30-05:45[,2024-11-25 05:30,1121.079,32393.489,28.895,20757.813,18.516,,,,,6176.235,5.509,3997.053,3.565,1462.388,1.304
25/11/2024,2024-11-25,28,[05:45-06:00[,2024-11-25 05:45,1121.079,43468.876,38.774,20757.813,18.516,,,,,6176.235,5.509,4523.342,4.035,12011.486,10.714
25/11/2024,2024-11-25,29,[06:00-06:15[,2024-11-25 06:00,1252.172,20208.089,16.138,15344.998,12.255,,,,,11565.54,9.236,3778.35,3.017,-10480.798,-8.37
25/11/2024,2024-11-25,30,[06:15-06:30[,2024-11-25 06:15,1252.172,26011.728,20.773,15344.998,12.255,,,,,11565.54,9.236,4456.915,3.559,-5355.725,-4.277
25/11/2024,2024-11-25,31,[06:30-06:45[,2024-11-25 06:30,1252.172,32713.064,26.125,15344.998,12.255,,,,,11565.54,9.236,4563.975,3.645,1238.551,0.989
25/11/2024,2024-11-25,32,[06:45-07:00[,2024-11-25 06:45,1252.172,37407.83,29.874,15344.998,12.255,,,,,11565.54,9.236,4100.361,3.275,6396.932,5.109
25/11/2024,2024-11-25,33,[07:00-07:15[,2024-11-25 07:00,1440.769,10677.885,7.411,9995.399,6.938,,,,,6319.53,4.386,4305.599,2.988,-9942.643,-6.901
25/11/2024,2024-11-25,34,[07:15-07:30[,2024-11-25 07:15,1440.769,18742.853,13.009,9995.399,6.938,,,,,6319.53,4.386,4563.975,3.168,-2136.052,-1.483
25/11/2024,2024-11-25,35,[07:30-07:45[,2024-11-25 07:30,1440.769,25412.797,17.638,9995.399,6.938,,,,,6319.53,4.386,4426.651,3.072,4671.217,3.242
25/11/2024,2024-11-25,36,[07:45-08:00[,2024-11-25 07:45,1440.769,27333.384,18.971,9995.399,6.938,,,,,6319.53,4.386,3368.748,2.338,7649.707,5.309
25/11/2024,2024-11-25,37,[08:00-08:15[,2024-11-25 08:00,1623.604,19364.538,11.927,10517.809,6.478,,,,,6169.065,3.8,3260.15,2.008,-582.485,-0.359
25/11/2024,2024-11-25,38,[08:15-08:30[,2024-11-25 08:15,1623.604,19568.889,12.053,10517.809,6.478,,,,,6169.065,3.8,3395.06,2.091,-513.046,-0.316
25/11/2024,2024-11-25,39,[08:30-08:45[,2024-11-25 08:30,1623.604,20562.48,12.665,10517.809,6.478,,,,,6169.065,3.8,3393.795,2.09,481.811,0.297
25/11/2024,2024-11-25,40,[08:45-09:00[,2024-11-25 08:45,1623.604,19558.687,12.046,10517.809,6.478,,,,,6169.065,3.8,3171.706,1.953,-299.893,-0.185
25/11/2024,2024-11-25,41,[09:00-09:15[,2024-11-25 09:00,1680.011,35478.247,21.118,15648.019,9.314,,,4330.7,2.578,6469.995,3.851,3302.542,1.966,5726.991,3.409
25/11/2024,2024-11-25,42,[09:15-09:30[,2024-11-25 09:15,1680.011,29044.839,17.288,15648.019,9.314,,,4305.125,2.563,6469.995,3.851,3331.872,1.983,-710.172,-0.423
25/11/2024,2024-11-25,43,[09:30-09:45[,2024-11-25 09:30,1680.011,26594.295,15.83,15648.019,9.314,,,4305.125,2.563,6469.995,3.851,3229.572,1.922,-3058.416,-1.82
25/11/2024,2024-11-25,44,[09:45-10:00[,2024-11-25 09:45,1680.011,18684.862,11.122,15648.019,9.314,,,4148.925,2.47,6469.995,3.851,3363.183,2.002,-10945.259,-6.515
25/11/2024,2024-11-25,45,[10:00-10:15[,2024-11-25 10:00,1654.526,28676.591,17.332,16523.675,9.987,,,4305.125,2.602,6469.995,3.91,3202.584,1.936,-1824.788,-1.103
25/11/2024,2024-11-25,46,[10:15-10:30[,2024-11-25 10:15,1654.526,32403.682,19.585,16523.675,9.987,,,4305.125,2.602,6469.995,3.91,3236.305,1.956,1868.582,1.129
25/11/2024,2024-11-25,47,[10:30-10:45[,2024-11-25 10:30,1654.526,27084.989,16.37,16523.675,9.987,,,4305.125,2.602,6469.995,3.91,3323.537,2.009,-3537.344,-2.138
25/11/2024,2024-11-25,48,[10:45-11:00[,2024-11-25 10:45,1654.526,27748.285,16.771,16523.675,9.987,,,4305.125,2.602,6469.995,3.91,3266.591,1.974,-2817.101,-1.703
25/11/2024,2024-11-25,49,[11:00-11:15[,2024-11-25 11:00,1687.394,22388.505,13.268,14456.306,8.567,,,4305.125,2.551,6469.995,3.834,3319.743,1.967,-6162.664,-3.652
25/11/2024,2024-11-25,50,[11:15-11:30[,2024-11-25 11:15,1687.394,23655.633,14.019,14456.306,8.567,,,4305.125,2.551,6469.995,3.834,3278.991,1.943,-4854.783,-2.877
25/11/2024,2024-11-25,51,[11:30-11:45[,2024-11-25 11:30,1687.394,26931.491,15.96,14456.306,8.567,,,4305.125,2.551,6469.995,3.834,3290.424,1.95,-1590.359,-0.942
25/11/2024,2024-11-25,52,[11:45-12:00[,2024-11-25 11:45,1687.394,31043.071,18.397,14456.306,8.567,,,4305.125,2.551,6469.995,3.834,3257.202,1.93,2554.443,1.514
25/11/2024,2024-11-25,53,[12:00-12:15[,2024-11-25 12:00,1649.218,24837.016,15.06,16213.692,9.831,,,4305.125,2.61,6469.995,3.923,3138.854,1.903,-5290.65,-3.208
25/11/2024,2024-11-25,54,[12:15-12:30[,2024-11-25 12:15,1649.218,30628.193,18.571,16213.692,9.831,,,4305.125,2.61,6469.995,3.923,3258.677,1.976,380.705,0.231
25/11/2024,2024-11-25,55,[12:30-12:45[,2024-11-25 12:30,1649.218,29751.178,18.04,16213.692,9.831,,,4305.125,2.61,6469.995,3.923,3236.559,1.962,-474.193,-0.288
25/11/2024,2024-11-25,56,[12:45-13:00[,2024-11-25 12:45,1649.218,25808.72,15.649,16213.692,9.831,,,4400.275,2.668,6469.995,3.923,3113.523,1.888,-4388.765,-2.661
25/11/2024,2024-11-25,57,[13:00-13:15[,2024-11-25 13:00,1620.567,22312.773,13.769,16247.211,10.026,,,4305.125,2.657,6469.995,3.992,3253.826,2.008,-7963.384,-4.914
25/11/2024,2024-11-25,58,[13:15-13:30[,2024-11-25 13:15,1620.567,22895.555,14.128,16247.211,10.026,,,4148.925,2.56,6469.995,3.992,2908.353,1.795,-6878.93,-4.245
25/11/2024,2024-11-25,59,[13:30-13:45[,2024-11-25 13:30,1620.567,34135.194,21.064,16247.211,10.026,,,4148.925,2.56,6469.995,3.992,3129.162,1.931,4139.9,2.555
25/11/2024,2024-11-25,60,[13:45-14:00[,2024-11-25 13:45,1620.567,37915.722,23.397,16247.211,10.026,,,4186.05,2.583,6469.995,3.992,3145.483,1.941,7866.982,4.854
25/11/2024,2024-11-25,61,[14:00-14:15[,2024-11-25 14:00,1666.909,23425.38,14.053,11355.509,6.812,,,4305.125,2.583,6469.995,3.881,2672.526,1.603,-1377.775,-0.827
25/11/2024,2024-11-25,62,[14:15-14:30[,2024-11-25 14:15,1666.909,25631.196,15.376,11355.509,6.812,,,4399.725,2.639,6469.995,3.881,2876.489,1.726,529.477,0.318
25/11/2024,2024-11-25,63,[14:30-14:45[,2024-11-25 14:30,1666.909,31727.387,19.034,11355.509,6.812,,,4420.075,2.652,6469.995,3.881,2816.606,1.69,6665.201,3.999
25/11/2024,2024-11-25,64,[14:45-15:00[,2024-11-25 14:45,1666.909,36356.041,21.81,11355.509,6.812,,,4537.775,2.722,6469.995,3.881,2558.751,1.535,11434.011,6.859
25/11/2024,2024-11-25,65,[15:00-15:15[,2024-11-25 15:00,1693.613,5365.764,3.168,4674.738,2.76,,,,,5598.6,3.306,2882.205,1.702,-7789.778,-4.6
25/11/2024,2024-11-25,66,[15:15-15:30[,2024-11-25 15:15,1693.613,22539.43,13.308,4674.738,2.76,,,,,5598.6,3.306,2882.205,1.702,9383.887,5.541
25/11/2024,2024-11-25,67,[15:30-15:45[,2024-11-25 15:30,1693.613,24601.501,14.526,4674.738,2.76,,,,,5598.6,3.306,2797.503,1.652,11530.66,6.808
25/11/2024,2024-11-25,68,[15:45-16:00[,2024-11-25 15:45,1693.613,34902.809,20.608,4674.738,2.76,,,,,5598.6,3.306,2858.329,1.688,21771.142,12.855
25/11/2024,2024-11-25,69,[16:00-16:15[,2024-11-25 16:00,1734.07,-5692.479,-3.283,,,,,7112,4.101,2351.325,1.356,1596.521,0.921,-16752.326,-9.661
25/11/2024,2024-11-25,70,[16:15-16:30[,2024-11-25 16:15,1734.07,2840.757,1.638,,,,,7112,4.101,2351.325,1.356,1656.156,0.955,-8278.723,-4.774
25/11/2024,2024-11-25,71,[16:30-16:45[,2024-11-25 16:30,1734.07,10127.267,5.84,,,,,7112,4.101,2351.325,1.356,1623.229,0.936,-959.287,-0.553
25/11/2024,2024-11-25,72,[16:45-17:00[,2024-11-25 16:45,1734.07,27784.908,16.023,,,,,7112,4.101,2351.325,1.356,1637.443,0.944,16684.14,9.621
25/11/2024,2024-11-25,73,[17:00-17:15[,2024-11-25 17:00,1823.643,-9120.566,-5.001,,,,,6878.125,3.772,3027.36,1.66,1571.145,0.862,-20597.196,-11.295
25/11/2024,2024-11-25,74,[17:15-17:30[,2024-11-25 17:15,1823.643,3854.124,2.113,,,,,6878.125,3.772,3027.36,1.66,1581.803,0.867,-7633.164,-4.186
25/11/2024,2024-11-25,75,[17:30-17:45[,2024-11-25 17:30,1823.643,11477.409,6.294,,,,,6878.125,3.772,3027.36,1.66,1585.356,0.869,-13.432,-0.007
25/11/2024,2024-11-25,76,[17:45-18:00[,2024-11-25 17:45,1823.643,16613.275,9.11,,,,,6878.125,3.772,3027.36,1.66,1585.356,0.869,5122.435,2.809
25/11/2024,2024-11-25,77,[18:00-18:15[,2024-11-25 18:00,1892.657,996.593,0.527,,,,,6889.75,3.64,1962,1.037,1503.644,0.794,-9358.801,-4.945
25/11/2024,2024-11-25,78,[18:15-18:30[,2024-11-25 18:15,1892.657,3249.669,1.717,,,,,6889.75,3.64,1962,1.037,1475.222,0.779,-7077.304,-3.739
25/11/2024,2024-11-25,79,[18:30-18:45[,2024-11-25 18:30,1892.657,8015.518,4.235,,,,,6889.75,3.64,1962,1.037,1553.47,0.821,-2389.703,-1.263
25/11/2024,2024-11-25,80,[18:45-19:00[,2024-11-25 18:45,1892.657,11512.548,6.083,,,,,6889.75,3.64,1962,1.037,1557.023,0.823,1103.775,0.583
25/11/2024,2024-11-25,81,[19:00-19:15[,2024-11-25 19:00,1938.406,2893.538,1.493,,,,,7168.75,3.698,2134.62,1.101,1654.906,0.854,-8064.738,-4.161
25/11/2024,2024-11-25,82,[19:15-19:30[,2024-11-25 19:15,1938.406,5475.678,2.825,,,,,7168.75,3.698,2134.62,1.101,1666.756,0.86,-5494.448,-2.835
25/11/2024,2024-11-25,83,[19:30-19:45[,2024-11-25 19:30,1938.406,6502.253,3.354,,,,,7168.75,3.698,2134.62,1.101,1685.594,0.87,-4486.711,-2.315
25/11/2024,2024-11-25,84,[19:45-20:00[,2024-11-25 19:45,1938.406,9151.756,4.721,,,,,7168.75,3.698,2134.62,1.101,1655.052,0.854,-1806.666,-0.932
25/11/2024,2024-11-25,85,[20:00-20:15[,2024-11-25 20:00,1887.474,8786.923,4.655,,,,,6866.5,3.638,1845.225,0.978,1660.263,0.88,-1585.065,-0.84
25/11/2024,2024-11-25,86,[20:15-20:30[,2024-11-25 20:15,1887.474,7383.354,3.912,,,,,6866.5,3.638,1845.225,0.978,1752.137,0.928,-3080.508,-1.632
25/11/2024,2024-11-25,87,[20:30-20:45[,2024-11-25 20:30,1887.474,4677.127,2.478,,,,,6866.5,3.638,1845.225,0.978,1747.436,0.926,-5782.034,-3.063
25/11/2024,2024-11-25,88,[20:45-21:00[,2024-11-25 20:45,1887.474,-2069.343,-1.096,,,,,6866.5,3.638,1845.225,0.978,1744.336,0.924,-12525.404,-6.636
25/11/2024,2024-11-25,89,[21:00-21:15[,2024-11-25 21:00,1764.75,16272.693,9.221,,,,,6866.5,3.891,3093.92,1.753,1758.858,0.997,4553.415,2.58
25/11/2024,2024-11-25,90,[21:15-21:30[,2024-11-25 21:15,1764.75,10065.602,5.704,,,,,6866.5,3.891,3093.92,1.753,1759.526,0.997,-1654.344,-0.937
25/11/2024,2024-11-25,91,[21:30-21:45[,2024-11-25 21:30,1764.75,4719.763,2.674,,,,,6866.5,3.891,3093.92,1.753,1753.502,0.994,-6994.16,-3.963
25/11/2024,2024-11-25,92,[21:45-22:00[,2024-11-25 21:45,1764.75,-1370.577,-0.777,,,,,6866.5,3.891,3093.92,1.753,1749.589,0.991,-13080.586,-7.412
25/11/2024,2024-11-25,93,[22:00-22:15[,2024-11-25 22:00,1604.474,20538.644,12.801,,,,,7106.75,4.429,3217.68,2.005,1687.601,1.052,8526.613,5.314
25/11/2024,2024-11-25,94,[22:15-22:30[,2024-11-25 22:15,1604.474,8354.175,5.207,,,,,7106.75,4.429,3217.68,2.005,1599.071,0.997,-3569.326,-2.225
25/11/2024,2024-11-25,95,[22:30-22:45[,2024-11-25 22:30,1604.474,4856.34,3.027,,,,,7106.75,4.429,3217.68,2.005,1746.141,1.088,-7214.231,-4.496
25/11/2024,2024-11-25,96,[22:45-23:00[,2024-11-25 22:45,1604.474,1313.512,0.819,,,,,7106.75,4.429,3217.68,2.005,1788.774,1.115,-10799.692,-6.731
26/11/2024,2024-11-26,1,[23:00-23:15[,2024-11-25 23:00,1450.318,8099.356,5.585,6220.9,4.289,,,,,3757.505,2.591,1799.432,1.241,-3678.481,-2.536
26/11/2024,2024-11-26,2,[23:15-23:30[,2024-11-25 23:15,1450.318,7898.458,5.446,6220.9,4.289,,,,,3757.505,2.591,1799.432,1.241,-3879.378,-2.675
26/11/2024,2024-11-26,3,[23:30-23:45[,2024-11-25 23:30,1450.318,10901.717,7.517,6220.9,4.289,,,,,3757.505,2.591,1785.54,1.231,-862.228,-0.595
26/11/2024,2024-11-26,4,[23:45-00:00[,2024-11-25 23:45,1450.318,12904.127,8.897,6220.9,4.289,,,,,3757.505,2.591,1792.326,1.236,1133.396,0.781
26/11/2024,2024-11-26,5,[00:00-00:15[,2024-11-26 00:00,1316.978,21570.566,16.379,10733.89,8.15,,,,,3144.7,2.388,1793.005,1.361,5898.971,4.479
26/11/2024,2024-11-26,6,[00:15-00:30[,2024-11-26 00:15,1316.978,14779.958,11.223,10733.89,8.15,,,,,3144.7,2.388,1800.12,1.367,-898.751,-0.682
26/11/2024,2024-11-26,7,[00:30-00:45[,2024-11-26 00:30,1316.978,12786.371,9.709,10733.89,8.15,,,,,3144.7,2.388,1779.212,1.351,-2871.431,-2.18
26/11/2024,2024-11-26,8,[00:45-01:00[,2024-11-26 00:45,1316.978,12829.588,9.742,10733.89,8.15,,,,,3144.7,2.388,1793.005,1.361,-2842.006,-2.158
26/11/2024,2024-11-26,9,[01:00-01:15[,2024-11-26 01:00,1232.68,18453.763,14.97,10505.69,8.523,,,,,2567.295,2.083,1770.547,1.436,3610.231,2.929
26/11/2024,2024-11-26,10,[01:15-01:30[,2024-11-26 01:15,1232.68,14551.061,11.804,10505.69,8.523,,,,,2567.295,2.083,1785.3,1.448,-307.224,-0.249
26/11/2024,2024-11-26,11,[01:30-01:45[,2024-11-26 01:30,1232.68,11358.591,9.215,10505.69,8.523,,,,,2567.295,2.083,1761.465,1.429,-3475.859,-2.82
26/11/2024,2024-11-26,12,[01:45-02:00[,2024-11-26 01:45,1232.68,13578.048,11.015,10505.69,8.523,,,,,2567.295,2.083,1712.689,1.389,-1207.626,-0.98
26/11/2024,2024-11-26,13,[02:00-02:15[,2024-11-26 02:00,1183.594,17544.119,14.823,10761.265,9.092,,,,,2508.975,2.12,1687.422,1.426,2586.457,2.185
26/11/2024,2024-11-26,14,[02:15-02:30[,2024-11-26 02:15,1183.594,15132.702,12.785,10761.265,9.092,,,,,2508.975,2.12,1689.197,1.427,173.265,0.146
26/11/2024,2024-11-26,15,[02:30-02:45[,2024-11-26 02:30,1183.594,14019.001,11.844,10761.265,9.092,,,,,2508.975,2.12,1744.859,1.474,-996.097,-0.842
26/11/2024,2024-11-26,16,[02:45-03:00[,2024-11-26 02:45,1183.594,12413.693,10.488,10761.265,9.092,,,,,2508.975,2.12,1747.638,1.477,-2604.185,-2.2
26/11/2024,2024-11-26,17,[03:00-03:15[,2024-11-26 03:00,1160.652,13387.885,11.535,10611.24,9.142,,,,,2635.335,2.271,1751.369,1.509,-1610.059,-1.387
26/11/2024,2024-11-26,18,[03:15-03:30[,2024-11-26 03:15,1160.652,12554.314,10.817,10611.24,9.142,,,,,2635.335,2.271,1751.369,1.509,-2443.63,-2.105
26/11/2024,2024-11-26,19,[03:30-03:45[,2024-11-26 03:30,1160.652,13496.332,11.628,10611.24,9.142,,,,,2635.335,2.271,1736.507,1.496,-1486.75,-1.281
26/11/2024,2024-11-26,20,[03:45-04:00[,2024-11-26 03:45,1160.652,15409.657,13.277,10611.24,9.142,,,,,2635.335,2.271,1731.317,1.492,431.764,0.372
26/11/2024,2024-11-26,21,[04:00-04:15[,2024-11-26 04:00,1153.833,11990.602,10.392,10501.765,9.102,,,,,3322.8,2.88,1742.947,1.511,-3576.91,-3.1
26/11/2024,2024-11-26,22,[04:15-04:30[,2024-11-26 04:15,1153.833,12902.538,11.182,10501.765,9.102,,,,,3322.8,2.88,1749.803,1.517,-2671.83,-2.316
26/11/2024,2024-11-26,23,[04:30-04:45[,2024-11-26 04:30,1153.833,18159.284,15.738,10501.765,9.102,,,,,3322.8,2.88,1736.091,1.505,2598.629,2.252
26/11/2024,2024-11-26,24,[04:45-05:00[,2024-11-26 04:45,1153.833,24027.897,20.824,10501.765,9.102,,,,,3322.8,2.88,1743.669,1.511,8459.663,7.332
26/11/2024,2024-11-26,25,[05:00-05:15[,2024-11-26 05:00,1180.259,4863.837,4.121,,,,,,,4398.405,3.727,1707.092,1.446,-1241.66,-1.052
26/11/2024,2024-11-26,26,[05:15-05:30[,2024-11-26 05:15,1180.259,6027.932,5.107,,,,,,,4398.405,3.727,1721.954,1.459,-92.427,-0.078
26/11/2024,2024-11-26,27,[05:30-05:45[,2024-11-26 05:30,1180.259,7350.192,6.228,,,,,,,4398.405,3.727,1527.162,1.294,1424.625,1.207
26/11/2024,2024-11-26,28,[05:45-06:00[,2024-11-26 05:45,1180.259,15451.289,13.091,,,,,,,4398.405,3.727,1554.959,1.317,9497.925,8.047
26/11/2024,2024-11-26,29,[06:00-06:15[,2024-11-26 06:00,1295.936,-8467.837,-6.534,,,,,,,2415,1.864,1619.295,1.25,-12502.133,-9.647
26/11/2024,2024-11-26,30,[06:15-06:30[,2024-11-26 06:15,1295.936,-58.033,-0.045,,,,,,,2415,1.864,1750.178,1.351,-4223.211,-3.259
26/11/2024,2024-11-26,31,[06:30-06:45[,2024-11-26 06:30,1295.936,7560.198,5.834,,,,,,,2415,1.864,1766.628,1.363,3378.57,2.607
26/11/2024,2024-11-26,32,[06:45-07:00[,2024-11-26 06:45,1295.936,19193.224,14.81,,,,,,,2415,1.864,1677.545,1.294,15100.679,11.652
26/11/2024,2024-11-26,33,[07:00-07:15[,2024-11-26 07:00,1486.095,-7090.075,-4.771,,,,,,,2573.72,1.732,1692.339,1.139,-11356.135,-7.642
26/11/2024,2024-11-26,34,[07:15-07:30[,2024-11-26 07:15,1486.095,-1182.61,-0.796,,,,,,,2573.72,1.732,1692.66,1.139,-5448.99,-3.667
26/11/2024,2024-11-26,35,[07:30-07:45[,2024-11-26 07:30,1486.095,7079.306,4.764,,,,,,,2573.72,1.732,1711.395,1.152,2794.191,1.88
26/11/2024,2024-11-26,36,[07:45-08:00[,2024-11-26 07:45,1486.095,11757.668,7.912,,,,,,,2573.72,1.732,1502.86,1.011,7681.088,5.169
26/11/2024,2024-11-26,37,[08:00-08:15[,2024-11-26 08:00,1678.36,-304.87,-0.182,,,,,,,2502.74,1.491,1511.693,0.901,-4319.303,-2.574
26/11/2024,2024-11-26,38,[08:15-08:30[,2024-11-26 08:15,1678.36,-4214,-2.511,,,,,,,2502.74,1.491,1528.954,0.911,-8245.695,-4.913
26/11/2024,2024-11-26,39,[08:30-08:45[,2024-11-26 08:30,1678.36,16984.26,10.12,,,,,,,2502.74,1.491,1521.849,0.907,12959.671,7.722
26/11/2024,2024-11-26,40,[08:45-09:00[,2024-11-26 08:45,1678.36,-9692.548,-5.775,,,,,,,2502.74,1.491,1564.481,0.932,-13759.769,-8.198
26/11/2024,2024-11-26,41,[09:00-09:15[,2024-11-26 09:00,1762.416,14685.686,8.333,,,,,,,2654.55,1.506,1522.158,0.864,10508.978,5.963
26/11/2024,2024-11-26,42,[09:15-09:30[,2024-11-26 09:15,1762.416,12248.289,6.95,,,,,,,2654.55,1.506,1492.334,0.847,8101.404,4.597
26/11/2024,2024-11-26,43,[09:30-09:45[,2024-11-26 09:30,1762.416,7776.54,4.412,,,,,,,2654.55,1.506,1502.47,0.853,3619.52,2.054
26/11/2024,2024-11-26,44,[09:45-10:00[,2024-11-26 09:45,1762.416,-396.375,-0.225,,,,,,,2654.55,1.506,1499.584,0.851,-4550.509,-2.582
26/11/2024,2024-11-26,45,[10:00-10:15[,2024-11-26 10:00,1740.837,19068.051,10.953,,,,,,,9510,5.463,1401.5,0.805,8156.55,4.685
26/11/2024,2024-11-26,46,[10:15-10:30[,2024-11-26 10:15,1740.837,8611.838,4.947,,,,,,,9510,5.463,1432.414,0.823,-2330.576,-1.339
26/11/2024,2024-11-26,47,[10:30-10:45[,2024-11-26 10:30,1740.837,6251.748,3.591,,,,,,,9510,5.463,1417.405,0.814,-4675.657,-2.686
26/11/2024,2024-11-26,48,[10:45-11:00[,2024-11-26 10:45,1740.837,8014.284,4.604,,,,,,,9510,5.463,1399.456,0.804,-2895.171,-1.663
26/11/2024,2024-11-26,49,[11:00-11:15[,2024-11-26 11:00,1737.027,13451.945,7.744,,,,,,,9510,5.475,1366.096,0.786,2575.849,1.483
26/11/2024,2024-11-26,50,[11:15-11:30[,2024-11-26 11:15,1737.027,9464.789,5.449,,,,,,,9510,5.475,1339.571,0.771,-1384.782,-0.797
26/11/2024,2024-11-26,51,[11:30-11:45[,2024-11-26 11:30,1737.027,8669.049,4.991,,,,,,,9510,5.475,1357.837,0.782,-2198.788,-1.266
26/11/2024,2024-11-26,52,[11:45-12:00[,2024-11-26 11:45,1737.027,4378.759,2.521,,,,,,,9510,5.475,1340.501,0.772,-6471.742,-3.726
26/11/2024,2024-11-26,53,[12:00-12:15[,2024-11-26 12:00,1657.964,14962.905,9.025,,,5506.389,3.321,,,5135.58,3.098,1369.984,0.826,2950.952,1.78
26/11/2024,2024-11-26,54,[12:15-12:30[,2024-11-26 12:15,1657.964,4787.397,2.888,,,5506.389,3.321,,,5135.58,3.098,1332.143,0.803,-7186.715,-4.335
26/11/2024,2024-11-26,55,[12:30-12:45[,2024-11-26 12:30,1657.964,5343.845,3.223,,,5506.389,3.321,,,5135.58,3.098,1306.699,0.788,-6604.823,-3.984
26/11/2024,2024-11-26,56,[12:45-13:00[,2024-11-26 12:45,1657.964,5581.21,3.366,,,5506.389,3.321,,,5135.58,3.098,1305.573,0.787,-6366.332,-3.84
26/11/2024,2024-11-26,57,[13:00-13:15[,2024-11-26 13:00,1597.137,14194.123,8.887,,,7336.389,4.593,,,5092.645,3.189,1368.455,0.857,396.634,0.248
26/11/2024,2024-11-26,58,[13:15-13:30[,2024-11-26 13:15,1597.137,5990.547,3.751,,,7336.389,4.593,,,5092.645,3.189,1394.242,0.873,-7832.729,-4.904
26/11/2024,2024-11-26,59,[13:30-13:45[,2024-11-26 13:30,1597.137,8341.354,5.223,,,7336.389,4.593,,,5092.645,3.189,1388.875,0.87,-5476.555,-3.429
26/11/2024,2024-11-26,60,[13:45-14:00[,2024-11-26 13:45,1597.137,9911.496,6.206,,,7336.389,4.593,,,5092.645,3.189,1470.728,0.921,-3988.266,-2.497
26/11/2024,2024-11-26,61,[14:00-14:15[,2024-11-26 14:00,1637.822,6101.923,3.726,,,7336.389,4.479,,,5901.485,3.603,1538.986,0.94,-8674.937,-5.297
26/11/2024,2024-11-26,62,[14:15-14:30[,2024-11-26 14:15,1637.822,16015.2,9.778,,,7336.389,4.479,,,5901.485,3.603,1553.864,0.949,1223.462,0.747
26/11/2024,2024-11-26,63,[14:30-14:45[,2024-11-26 14:30,1637.822,13658.957,8.34,,,7336.389,4.479,,,5901.485,3.603,1521.245,0.929,-1100.162,-0.672
26/11/2024,2024-11-26,64,[14:45-15:00[,2024-11-26 14:45,1637.822,16977.419,10.366,,,7336.389,4.479,,,5901.485,3.603,1559.312,0.952,2180.233,1.331
26/11/2024,2024-11-26,65,[15:00-15:15[,2024-11-26 15:00,1684.956,330.704,0.196,,,7336.389,4.354,,,2937.325,1.743,1622.861,0.963,-11565.871,-6.864
26/11/2024,2024-11-26,66,[15:15-15:30[,2024-11-26 15:15,1684.956,6199.965,3.68,,,7336.389,4.354,,,2937.325,1.743,1631.355,0.968,-5705.105,-3.386
26/11/2024,2024-11-26,67,[15:30-15:45[,2024-11-26 15:30,1684.956,12708.308,7.542,,,7336.389,4.354,,,2937.325,1.743,1656.851,0.983,777.743,0.462
26/11/2024,2024-11-26,68,[15:45-16:00[,2024-11-26 15:45,1684.956,24650.253,14.63,,,7336.389,4.354,,,2937.325,1.743,1647.719,0.978,12728.821,7.554
26/11/2024,2024-11-26,69,[16:00-16:15[,2024-11-26 16:00,1747.534,-3729.346,-2.134,,,12140.139,6.947,,,2665.125,1.525,1619.59,0.927,-20154.2,-11.533
26/11/2024,2024-11-26,70,[16:15-16:30[,2024-11-26 16:15,1747.534,2276.122,1.302,,,12140.139,6.947,,,2665.125,1.525,1582.245,0.905,-14111.387,-8.075
26/11/2024,2024-11-26,71,[16:30-16:45[,2024-11-26 16:30,1747.534,15520.127,8.881,,,12140.139,6.947,,,2665.125,1.525,1528.954,0.875,-814.091,-0.466
26/11/2024,2024-11-26,72,[16:45-17:00[,2024-11-26 16:45,1747.534,31236.871,17.875,,,12140.139,6.947,,,2665.125,1.525,1507.638,0.863,14923.969,8.54
26/11/2024,2024-11-26,73,[17:00-17:15[,2024-11-26 17:00,1844.801,-5460.638,-2.96,,,10538.889,5.713,,,2711.5,1.47,1557.376,0.844,-20268.402,-10.987
26/11/2024,2024-11-26,74,[17:15-17:30[,2024-11-26 17:15,1844.801,1158.023,0.628,,,10538.889,5.713,,,2711.5,1.47,1607.113,0.871,-13699.48,-7.426
26/11/2024,2024-11-26,75,[17:30-17:45[,2024-11-26 17:30,1844.801,8749.162,4.743,,,10538.889,5.713,,,2711.5,1.47,1600.008,0.867,-6101.235,-3.307
26/11/2024,2024-11-26,76,[17:45-18:00[,2024-11-26 17:45,1844.801,9895.178,5.364,,,10538.889,5.713,,,2711.5,1.47,1575.139,0.854,-4930.351,-2.673
26/11/2024,2024-11-26,77,[18:00-18:15[,2024-11-26 18:00,1928.23,2420.72,1.255,,,10538.889,5.466,,,2459.2,1.275,1603.582,0.832,-12180.951,-6.317
26/11/2024,2024-11-26,78,[18:15-18:30[,2024-11-26 18:15,1928.23,6292.718,3.263,,,10538.889,5.466,,,2459.2,1.275,1673.988,0.868,-8379.358,-4.346
26/11/2024,2024-11-26,79,[18:30-18:45[,2024-11-26 18:30,1928.23,6759.737,3.506,,,10538.889,5.466,,,2459.2,1.275,1759.977,0.913,-7998.328,-4.148
26/11/2024,2024-11-26,80,[18:45-19:00[,2024-11-26 18:45,1928.23,8984.932,4.66,,,10538.889,5.466,,,2459.2,1.275,1767.083,0.916,-5780.241,-2.998
26/11/2024,2024-11-26,81,[19:00-19:15[,2024-11-26 19:00,1982.092,5856.641,2.955,,,10538.889,5.317,,,2023.84,1.021,1803.818,0.91,-8509.906,-4.293
26/11/2024,2024-11-26,82,[19:15-19:30[,2024-11-26 19:15,1982.092,10657.243,5.377,,,10538.889,5.317,,,2023.84,1.021,1799.53,0.908,-3705.016,-1.869
26/11/2024,2024-11-26,83,[19:30-19:45[,2024-11-26 19:30,1982.092,4104.913,2.071,,,10538.889,5.317,,,2023.84,1.021,1774.656,0.895,-10232.472,-5.162
26/11/2024,2024-11-26,84,[19:45-20:00[,2024-11-26 19:45,1982.092,-659.453,-0.333,,,10538.889,5.317,,,2023.84,1.021,1788.87,0.903,-15011.052,-7.573
26/11/2024,2024-11-26,85,[20:00-20:15[,2024-11-26 20:00,1929.17,21675.587,11.236,,,8251.389,4.277,,,1796.72,0.931,1790.05,0.928,9837.428,5.099
26/11/2024,2024-11-26,86,[20:15-20:30[,2024-11-26 20:15,1929.17,5974.618,3.097,,,8251.389,4.277,,,1796.72,0.931,1763.407,0.914,-5836.898,-3.026
26/11/2024,2024-11-26,87,[20:30-20:45[,2024-11-26 20:30,1929.17,4140.41,2.146,,,8251.389,4.277,,,1796.72,0.931,1761.3,0.913,-7668.999,-3.975
26/11/2024,2024-11-26,88,[20:45-21:00[,2024-11-26 20:45,1929.17,-3361.204,-1.742,,,8251.389,4.277,,,1796.72,0.931,1788.87,0.927,-15198.183,-7.878
26/11/2024,2024-11-26,89,[21:00-21:15[,2024-11-26 21:00,1806.226,18778.319,10.396,,,,,,,2577.39,1.427,1788.774,0.99,14412.155,7.979
26/11/2024,2024-11-26,90,[21:15-21:30[,2024-11-26 21:15,1806.226,7535.379,4.172,,,,,,,2577.39,1.427,1788.774,0.99,3169.216,1.755
26/11/2024,2024-11-26,91,[21:30-21:45[,2024-11-26 21:30,1806.226,95.242,0.053,,,,,,,2577.39,1.427,1674.783,0.927,-4156.932,-2.301
26/11/2024,2024-11-26,92,[21:45-22:00[,2024-11-26 21:45,1806.226,-9416.095,-5.213,,,,,,,2577.39,1.427,1587.409,0.879,-13580.893,-7.519
26/11/2024,2024-11-26,93,[22:00-22:15[,2024-11-26 22:00,1646.808,18037.598,10.953,,,,,,,2942.055,1.787,1605.84,0.975,13489.703,8.191
26/11/2024,2024-11-26,94,[22:15-22:30[,2024-11-26 22:15,1646.808,9805.948,5.955,,,,,,,2942.055,1.787,1671.737,1.015,5192.156,3.153
26/11/2024,2024-11-26,95,[22:30-22:45[,2024-11-26 22:30,1646.808,1556.088,0.945,,,,,,,2942.055,1.787,1758.39,1.068,-3144.357,-1.909
26/11/2024,2024-11-26,96,[22:45-23:00[,2024-11-26 22:45,1646.808,-6982.671,-4.24,,,,,,,2942.055,1.787,1773.376,1.077,-11698.102,-7.103
27/11/2024,2024-11-27,1,[23:00-23:15[,2024-11-26 23:00,1479.338,17090.299,11.553,-47.685,-0.032,,,,,3148.5,2.128,1754.569,1.186,12234.915,8.271
27/11/2024,2024-11-27,2,[23:15-23:30[,2024-11-26 23:15,1479.338,15247.321,10.307,-47.685,-0.032,,,,,3148.5,2.128,1757.04,1.188,10389.466,7.023
27/11/2024,2024-11-27,3,[23:30-23:45[,2024-11-26 23:30,1479.338,1164.275,0.787,-47.685,-0.032,,,,,3148.5,2.128,1751.016,1.184,-3687.557,-2.493
27/11/2024,2024-11-27,4,[23:45-00:00[,2024-11-26 23:45,1479.338,-8020.245,-5.422,-47.685,-0.032,,,,,3148.5,2.128,1670.007,1.129,-12791.067,-8.646
27/11/2024,2024-11-27,5,[00:00-00:15[,2024-11-27 00:00,1339.456,10382.043,7.751,-767.402,-0.573,,,,,2886.125,2.155,1739.705,1.299,6523.615,4.87
27/11/2024,2024-11-27,6,[00:15-00:30[,2024-11-27 00:15,1339.456,7681.181,5.735,-767.402,-0.573,,,,,2886.125,2.155,1753.374,1.309,3809.083,2.844
27/11/2024,2024-11-27,7,[00:30-00:45[,2024-11-27 00:30,1339.456,1473.793,1.1,-767.402,-0.573,,,,,2886.125,2.155,1757.347,1.312,-2402.277,-1.793
27/11/2024,2024-11-27,8,[00:45-01:00[,2024-11-27 00:45,1339.456,-2375.589,-1.774,-767.402,-0.573,,,,,2886.125,2.155,1741.149,1.3,-6235.462,-4.655
27/11/2024,2024-11-27,9,[01:00-01:15[,2024-11-27 01:00,1250.442,12862.055,10.286,427.926,0.342,,,,,2945.16,2.355,1751.876,1.401,7737.093,6.187
27/11/2024,2024-11-27,10,[01:15-01:30[,2024-11-27 01:15,1250.442,8381.136,6.703,427.926,0.342,,,,,2945.16,2.355,1749.456,1.399,3258.595,2.606
27/11/2024,2024-11-27,11,[01:30-01:45[,2024-11-27 01:30,1250.442,2102.883,1.682,427.926,0.342,,,,,2945.16,2.355,1713.88,1.371,-2984.083,-2.386
27/11/2024,2024-11-27,12,[01:45-02:00[,2024-11-27 01:45,1250.442,2317.821,1.854,427.926,0.342,,,,,2945.16,2.355,1717.739,1.374,-2773.003,-2.218
27/11/2024,2024-11-27,13,[02:00-02:15[,2024-11-27 02:00,1199.965,6857.248,5.715,498.705,0.416,,,,,2357.1,1.964,1728.493,1.44,2272.95,1.894
27/11/2024,2024-11-27,14,[02:15-02:30[,2024-11-27 02:15,1199.965,6188.422,5.157,498.705,0.416,,,,,2357.1,1.964,1761.404,1.468,1571.213,1.309
27/11/2024,2024-11-27,15,[02:30-02:45[,2024-11-27 02:30,1199.965,4285.667,3.571,498.705,0.416,,,,,2357.1,1.964,1769.504,1.475,-339.642,-0.283
27/11/2024,2024-11-27,16,[02:45-03:00[,2024-11-27 02:45,1199.965,3098.962,2.583,498.705,0.416,,,,,2357.1,1.964,1785.507,1.488,-1542.35,-1.285
27/11/2024,2024-11-27,17,[03:00-03:15[,2024-11-27 03:00,1175.473,6234.178,5.304,1375.18,1.17,,,,,2221.02,1.889,1764.179,1.501,873.8,0.743
27/11/2024,2024-11-27,18,[03:15-03:30[,2024-11-27 03:15,1175.473,6137.063,5.221,1375.18,1.17,,,,,2221.02,1.889,1781.953,1.516,758.91,0.646
27/11/2024,2024-11-27,19,[03:30-03:45[,2024-11-27 03:30,1175.473,5639.901,4.798,1375.18,1.17,,,,,2221.02,1.889,1792.617,1.525,251.085,0.214
27/11/2024,2024-11-27,20,[03:45-04:00[,2024-11-27 03:45,1175.473,5588.19,4.754,1375.18,1.17,,,,,2221.02,1.889,1792.617,1.525,199.373,0.17
27/11/2024,2024-11-27,21,[04:00-04:15[,2024-11-27 04:00,1167.181,8133.125,6.968,1257.988,1.078,,,,,2779.92,2.382,1792.617,1.536,2302.601,1.973
27/11/2024,2024-11-27,22,[04:15-04:30[,2024-11-27 04:15,1167.181,6941.958,5.948,1257.988,1.078,,,,,2779.92,2.382,1785.507,1.53,1118.543,0.958
27/11/2024,2024-11-27,23,[04:30-04:45[,2024-11-27 04:30,1167.181,4285.32,3.672,1257.988,1.078,,,,,2779.92,2.382,1734.504,1.486,-1487.092,-1.274
27/11/2024,2024-11-27,24,[04:45-05:00[,2024-11-27 04:45,1167.181,5395.989,4.623,1257.988,1.078,,,,,2779.92,2.382,1576.395,1.351,-218.314,-0.187
27/11/2024,2024-11-27,25,[05:00-05:15[,2024-11-27 05:00,1194.598,-1327.744,-1.111,-1015.043,-0.85,,,,,2634.245,2.205,1637.049,1.37,-4583.995,-3.837
27/11/2024,2024-11-27,26,[05:15-05:30[,2024-11-27 05:15,1194.598,-2087.372,-1.747,-1015.043,-0.85,,,,,2634.245,2.205,1742.026,1.458,-5448.6,-4.561
27/11/2024,2024-11-27,27,[05:30-05:45[,2024-11-27 05:30,1194.598,5122.667,4.288,-1015.043,-0.85,,,,,2634.245,2.205,1668.07,1.396,1835.395,1.536
27/11/2024,2024-11-27,28,[05:45-06:00[,2024-11-27 05:45,1194.598,12614.047,10.559,-1015.043,-0.85,,,,,2634.245,2.205,1511.571,1.265,9483.274,7.938
27/11/2024,2024-11-27,29,[06:00-06:15[,2024-11-27 06:00,1322.468,-6772.284,-5.121,-1145.77,-0.866,,,,,2938.6,2.222,1510.72,1.142,-10075.835,-7.619
27/11/2024,2024-11-27,30,[06:15-06:30[,2024-11-27 06:15,1322.468,-1592.065,-1.204,-1145.77,-0.866,,,,,2938.6,2.222,1587.712,1.201,-4972.607,-3.76
27/11/2024,2024-11-27,31,[06:30-06:45[,2024-11-27 06:30,1322.468,4021.846,3.041,-1145.77,-0.866,,,,,2938.6,2.222,1748.679,1.322,480.337,0.363
27/11/2024,2024-11-27,32,[06:45-07:00[,2024-11-27 06:45,1322.468,12951.335,9.793,-1145.77,-0.866,,,,,2938.6,2.222,1759.713,1.331,9398.792,7.107
27/11/2024,2024-11-27,33,[07:00-07:15[,2024-11-27 07:00,1508.967,-3559.406,-2.359,-1321.515,-0.876,,,,,3117.015,2.066,1749.574,1.159,-7104.48,-4.708
27/11/2024,2024-11-27,34,[07:15-07:30[,2024-11-27 07:15,1508.967,-1409.103,-0.934,-1321.515,-0.876,,,,,3117.015,2.066,1637.225,1.085,-4841.829,-3.209
27/11/2024,2024-11-27,35,[07:30-07:45[,2024-11-27 07:30,1508.967,6402.16,4.243,-1321.515,-0.876,,,,,3117.015,2.066,1637.752,1.085,2968.908,1.968
27/11/2024,2024-11-27,36,[07:45-08:00[,2024-11-27 07:45,1508.967,-5707.071,-3.782,-1321.515,-0.876,,,,,3117.015,2.066,1578.094,1.046,-9080.665,-6.018
27/11/2024,2024-11-27,37,[08:00-08:15[,2024-11-27 08:00,1679.907,7100.919,4.227,-1533.875,-0.913,,,,,3033.055,1.805,1577.337,0.939,4024.402,2.396
27/11/2024,2024-11-27,38,[08:15-08:30[,2024-11-27 08:15,1679.907,8076.795,4.808,-1533.875,-0.913,,,,,3033.055,1.805,1603.307,0.954,4974.308,2.961
27/11/2024,2024-11-27,39,[08:30-08:45[,2024-11-27 08:30,1679.907,4663.385,2.776,-1533.875,-0.913,,,,,3033.055,1.805,1594.569,0.949,1569.636,0.934
27/11/2024,2024-11-27,40,[08:45-09:00[,2024-11-27 08:45,1679.907,-3143.628,-1.871,-1533.875,-0.913,,,1465.283,0.872,3033.055,1.805,1603.124,0.954,-7711.214,-4.59
27/11/2024,2024-11-27,41,[09:00-09:15[,2024-11-27 09:00,1692.626,14674.403,8.67,8361.068,4.94,,,,,4593.52,2.714,1594.559,0.942,125.257,0.074
27/11/2024,2024-11-27,42,[09:15-09:30[,2024-11-27 09:15,1692.626,13454.906,7.949,8361.068,4.94,,,,,4593.52,2.714,1614.34,0.954,-1114.021,-0.658
27/11/2024,2024-11-27,43,[09:30-09:45[,2024-11-27 09:30,1692.626,13763.013,8.131,8361.068,4.94,,,,,4593.52,2.714,1589.305,0.939,-780.879,-0.461
27/11/2024,2024-11-27,44,[09:45-10:00[,2024-11-27 09:45,1692.626,13598.513,8.034,8361.068,4.94,,,,,4593.52,2.714,1718.697,1.015,-1074.771,-0.635
27/11/2024,2024-11-27,45,[10:00-10:15[,2024-11-27 10:00,1631.344,20432.777,12.525,11084.239,6.795,,,,,5252.8,3.22,1711.837,1.049,2383.901,1.461
27/11/2024,2024-11-27,46,[10:15-10:30[,2024-11-27 10:15,1631.344,21543.627,13.206,11084.239,6.795,,,,,5252.8,3.22,1670.981,1.024,3535.607,2.167
27/11/2024,2024-11-27,47,[10:30-10:45[,2024-11-27 10:30,1631.344,19151.076,11.739,11084.239,6.795,,,29.998,0.018,5252.8,3.22,1672.472,1.025,1111.567,0.681
27/11/2024,2024-11-27,48,[10:45-11:00[,2024-11-27 10:45,1631.344,16928.019,10.377,11084.239,6.795,,,,,5252.8,3.22,1566.051,0.96,-975.072,-0.598
27/11/2024,2024-11-27,49,[11:00-11:15[,2024-11-27 11:00,1616.597,19521.305,12.076,11121.979,6.88,,,,,5338.56,3.302,1565.642,0.968,1495.125,0.925
27/11/2024,2024-11-27,50,[11:15-11:30[,2024-11-27 11:15,1616.597,19446.534,12.029,11121.979,6.88,,,,,5338.56,3.302,1462.957,0.905,1523.037,0.942
27/11/2024,2024-11-27,51,[11:30-11:45[,2024-11-27 11:30,1616.597,17341.652,10.727,11121.979,6.88,,,,,5338.56,3.302,1454.311,0.9,-573.198,-0.355
27/11/2024,2024-11-27,52,[11:45-12:00[,2024-11-27 11:45,1616.597,20581.113,12.731,11121.979,6.88,,,,,5338.56,3.302,1676.327,1.037,2444.247,1.512
27/11/2024,2024-11-27,53,[12:00-12:15[,2024-11-27 12:00,1572.349,24743.743,15.737,11125.864,7.076,,,,,5301.04,3.371,1746.91,1.111,6569.929,4.178
27/11/2024,2024-11-27,54,[12:15-12:30[,2024-11-27 12:15,1572.349,23139.842,14.717,11125.864,7.076,,,,,5301.04,3.371,1544.367,0.982,5168.571,3.287
27/11/2024,2024-11-27,55,[12:30-12:45[,2024-11-27 12:30,1572.349,17802.252,11.322,11125.864,7.076,,,,,5301.04,3.371,1560.613,0.993,-185.265,-0.118
27/11/2024,2024-11-27,56,[12:45-13:00[,2024-11-27 12:45,1572.349,17440.041,11.092,11125.864,7.076,,,,,5301.04,3.371,1414.028,0.899,-400.891,-0.255
27/11/2024,2024-11-27,57,[13:00-13:15[,2024-11-27 13:00,1552.933,16933.512,10.904,11117.514,7.159,,,,,5327.84,3.431,1391.822,0.896,-903.663,-0.582
27/11/2024,2024-11-27,58,[13:15-13:30[,2024-11-27 13:15,1552.933,18239.684,11.745,11117.514,7.159,,,,,5327.84,3.431,1445.326,0.931,349.004,0.225
27/11/2024,2024-11-27,59,[13:30-13:45[,2024-11-27 13:30,1552.933,19079.837,12.286,11117.514,7.159,,,,,5327.84,3.431,1401.738,0.903,1232.745,0.794
27/11/2024,2024-11-27,60,[13:45-14:00[,2024-11-27 13:45,1552.933,25047.082,16.129,11117.514,7.159,,,,,5327.84,3.431,1463.052,0.942,7138.676,4.597
27/11/2024,2024-11-27,61,[14:00-14:15[,2024-11-27 14:00,1625.652,23955.221,14.736,9279.937,5.708,,,38,0.023,7107.36,4.372,1441.296,0.887,6088.627,3.745
27/11/2024,2024-11-27,62,[14:15-14:30[,2024-11-27 14:15,1625.652,20552.497,12.643,9279.937,5.708,,,,,7107.36,4.372,1567.447,0.964,2597.753,1.598
27/11/2024,2024-11-27,63,[14:30-14:45[,2024-11-27 14:30,1625.652,26438.29,16.263,9279.937,5.708,,,,,7107.36,4.372,1715.607,1.055,8335.386,5.127
27/11/2024,2024-11-27,64,[14:45-15:00[,2024-11-27 14:45,1625.652,25080.456,15.428,9279.937,5.708,,,,,7107.36,4.372,1742.058,1.072,6951.101,4.276
27/11/2024,2024-11-27,65,[15:00-15:15[,2024-11-27 15:00,1676.533,5728.605,3.417,5304.379,3.164,6851.489,4.087,,,7284.56,4.345,1755.639,1.047,-15467.462,-9.226
27/11/2024,2024-11-27,66,[15:15-15:30[,2024-11-27 15:15,1676.533,15069.202,8.988,5304.379,3.164,6851.489,4.087,,,7284.56,4.345,1670.44,0.996,-6041.665,-3.604
27/11/2024,2024-11-27,67,[15:30-15:45[,2024-11-27 15:30,1676.533,22412.552,13.368,5304.379,3.164,6851.489,4.087,,,7284.56,4.345,1575.62,0.94,1396.504,0.833
27/11/2024,2024-11-27,68,[15:45-16:00[,2024-11-27 15:45,1676.533,41380.33,24.682,5304.379,3.164,6851.489,4.087,,,7284.56,4.345,1556.821,0.929,20383.082,12.158
27/11/2024,2024-11-27,69,[16:00-16:15[,2024-11-27 16:00,1738.564,-1804.248,-1.038,-1062.913,-0.611,12474.964,7.175,,,3242.955,1.865,1593.175,0.916,-18052.429,-10.384
27/11/2024,2024-11-27,70,[16:15-16:30[,2024-11-27 16:15,1738.564,3030.347,1.743,-1062.913,-0.611,12474.964,7.175,,,3242.955,1.865,1665.447,0.958,-13290.106,-7.644
27/11/2024,2024-11-27,71,[16:30-16:45[,2024-11-27 16:30,1738.564,9645.429,5.548,-1062.913,-0.611,12474.964,7.175,,,3242.955,1.865,1663.2,0.957,-6672.778,-3.838
27/11/2024,2024-11-27,72,[16:45-17:00[,2024-11-27 16:45,1738.564,18354.724,10.557,-1062.913,-0.611,12474.964,7.175,,,3242.955,1.865,1670.877,0.961,2028.84,1.167
27/11/2024,2024-11-27,73,[17:00-17:15[,2024-11-27 17:00,1846.664,3186.908,1.726,-1554.53,-0.842,11313.089,6.126,,,3347.905,1.813,1616.764,0.876,-11536.32,-6.247
27/11/2024,2024-11-27,74,[17:15-17:30[,2024-11-27 17:15,1846.664,5605.689,3.036,-1554.53,-0.842,11313.089,6.126,,,3347.905,1.813,1530.162,0.829,-9030.938,-4.89
27/11/2024,2024-11-27,75,[17:30-17:45[,2024-11-27 17:30,1846.664,12899.513,6.985,-1554.53,-0.842,11313.089,6.126,,,3347.905,1.813,1378.113,0.746,-1585.064,-0.858
27/11/2024,2024-11-27,76,[17:45-18:00[,2024-11-27 17:45,1846.664,14785.278,8.006,-1554.53,-0.842,11313.089,6.126,,,3347.905,1.813,1398.514,0.757,280.3,0.152
27/11/2024,2024-11-27,77,[18:00-18:15[,2024-11-27 18:00,1933.53,9540.875,4.934,-1481.193,-0.766,11313.089,5.851,,,3358.4,1.737,1466.97,0.759,-5116.392,-2.646
27/11/2024,2024-11-27,78,[18:15-18:30[,2024-11-27 18:15,1933.53,14065.927,7.275,-1481.193,-0.766,11313.089,5.851,,,3358.4,1.737,1623.947,0.84,-748.317,-0.387
27/11/2024,2024-11-27,79,[18:30-18:45[,2024-11-27 18:30,1933.53,13737.878,7.105,-1481.193,-0.766,11313.089,5.851,,,3358.4,1.737,1532.528,0.793,-984.947,-0.509
27/11/2024,2024-11-27,80,[18:45-19:00[,2024-11-27 18:45,1933.53,19537.718,10.105,-1481.193,-0.766,11313.089,5.851,,,3358.4,1.737,1523.905,0.788,4823.516,2.495
27/11/2024,2024-11-27,81,[19:00-19:15[,2024-11-27 19:00,1985.155,13349.458,6.725,-1551.8,-0.782,11313.089,5.699,,,2928.105,1.475,1544.033,0.778,-883.97,-0.445
27/11/2024,2024-11-27,82,[19:15-19:30[,2024-11-27 19:15,1985.155,13677.825,6.89,-1551.8,-0.782,11313.089,5.699,,,2928.105,1.475,1569.79,0.791,-581.359,-0.293
27/11/2024,2024-11-27,83,[19:30-19:45[,2024-11-27 19:30,1985.155,13103.648,6.601,-1551.8,-0.782,11313.089,5.699,,,2928.105,1.475,1633.682,0.823,-1219.428,-0.614
27/11/2024,2024-11-27,84,[19:45-20:00[,2024-11-27 19:45,1985.155,11756.965,5.922,-1551.8,-0.782,11313.089,5.699,,,2928.105,1.475,1668.477,0.84,-2600.906,-1.31
27/11/2024,2024-11-27,85,[20:00-20:15[,2024-11-27 20:00,1937.545,16606.16,8.571,-1392.753,-0.719,11313.089,5.839,,,3117.015,1.609,1648.074,0.851,1920.734,0.991
27/11/2024,2024-11-27,86,[20:15-20:30[,2024-11-27 20:15,1937.545,3823.206,1.973,-1392.753,-0.719,11313.089,5.839,,,3117.015,1.609,1668.91,0.861,-10883.055,-5.617
27/11/2024,2024-11-27,87,[20:30-20:45[,2024-11-27 20:30,1937.545,3008.786,1.553,-1392.753,-0.719,11313.089,5.839,,,3117.015,1.609,1671.698,0.863,-11700.263,-6.039
27/11/2024,2024-11-27,88,[20:45-21:00[,2024-11-27 20:45,1937.545,-9254.936,-4.777,-1392.753,-0.719,11313.089,5.839,,,3117.015,1.609,1778.718,0.918,-24071.005,-12.423
27/11/2024,2024-11-27,89,[21:00-21:15[,2024-11-27 21:00,1813.564,13443.876,7.413,-960.985,-0.53,6897.964,3.804,,,3347.905,1.846,1732.755,0.955,2426.236,1.338
27/11/2024,2024-11-27,90,[21:15-21:30[,2024-11-27 21:15,1813.564,7931.998,4.374,-960.985,-0.53,6897.964,3.804,,,3347.905,1.846,1769.003,0.975,-3121.89,-1.721
27/11/2024,2024-11-27,91,[21:30-21:45[,2024-11-27 21:30,1813.564,-1721.991,-0.95,-960.985,-0.53,6897.964,3.804,,,3347.905,1.846,1776.83,0.98,-12783.705,-7.049
27/11/2024,2024-11-27,92,[21:45-22:00[,2024-11-27 21:45,1813.564,-5456.384,-3.009,-960.985,-0.53,6897.964,3.804,,,3347.905,1.846,1776.774,0.98,-16518.042,-9.108
27/11/2024,2024-11-27,93,[22:00-22:15[,2024-11-27 22:00,1661.351,6762.05,4.07,-1015.043,-0.611,,,,,6846.28,4.121,1773.221,1.067,-842.408,-0.507
27/11/2024,2024-11-27,94,[22:15-22:30[,2024-11-27 22:15,1661.351,3814.287,2.296,-1015.043,-0.611,,,,,6846.28,4.121,1723.261,1.037,-3740.212,-2.251
27/11/2024,2024-11-27,95,[22:30-22:45[,2024-11-27 22:30,1661.351,-390.069,-0.235,-1015.043,-0.611,,,,,6846.28,4.121,1778.272,1.07,-7999.579,-4.815
27/11/2024,2024-11-27,96,[22:45-23:00[,2024-11-27 22:45,1661.351,-5134.663,-3.091,-1015.043,-0.611,,,,,6846.28,4.121,1733.867,1.044,-12699.768,-7.644
28/11/2024,2024-11-28,1,[23:00-23:15[,2024-11-27 23:00,1490.476,13042.416,8.751,4939.983,3.314,,,,,2424.105,1.626,1775.387,1.191,3902.941,2.619
28/11/2024,2024-11-28,2,[23:15-23:30[,2024-11-27 23:15,1490.476,3197.95,2.146,4939.983,3.314,,,,,2424.105,1.626,1760.654,1.181,-5926.792,-3.976
28/11/2024,2024-11-28,3,[23:30-23:45[,2024-11-27 23:30,1490.476,421.617,0.283,4939.983,3.314,,,,,2424.105,1.626,1750.142,1.174,-8692.613,-5.832
28/11/2024,2024-11-28,4,[23:45-00:00[,2024-11-27 23:45,1490.476,-1531.208,-1.027,4939.983,3.314,,,,,2424.105,1.626,1779.715,1.194,-10675.011,-7.162
28/11/2024,2024-11-28,5,[00:00-00:15[,2024-11-28 00:00,1350.576,-838.23,-0.621,5346.142,3.958,,,,,2827.4,2.093,1738.707,1.287,-10750.48,-7.96
28/11/2024,2024-11-28,6,[00:15-00:30[,2024-11-28 00:15,1350.576,4405.68,3.262,5346.142,3.958,,,,,2827.4,2.093,1724.984,1.277,-5492.846,-4.067
28/11/2024,2024-11-28,7,[00:30-00:45[,2024-11-28 00:30,1350.576,5669.374,4.198,5346.142,3.958,,,,,2827.4,2.093,1712.345,1.268,-4216.513,-3.122
28/11/2024,2024-11-28,8,[00:45-01:00[,2024-11-28 00:45,1350.576,5556.055,4.114,5346.142,3.958,,,,,2827.4,2.093,1704.761,1.262,-4322.248,-3.2
28/11/2024,2024-11-28,9,[01:00-01:15[,2024-11-28 01:00,1261.846,10278.163,8.145,11031.823,8.743,,,,,2000.47,1.585,1610.468,1.276,-4364.597,-3.459
28/11/2024,2024-11-28,10,[01:15-01:30[,2024-11-28 01:15,1261.846,9642.462,7.642,11031.823,8.743,,,,,2000.47,1.585,1645.936,1.304,-5035.766,-3.991
28/11/2024,2024-11-28,11,[01:30-01:45[,2024-11-28 01:30,1261.846,10868.164,8.613,11031.823,8.743,,,,,2000.47,1.585,1718.536,1.362,-3882.665,-3.077
28/11/2024,2024-11-28,12,[01:45-02:00[,2024-11-28 01:45,1261.846,9758.461,7.733,11031.823,8.743,,,,,2000.47,1.585,1650.915,1.308,-4924.747,-3.903
28/11/2024,2024-11-28,13,[02:00-02:15[,2024-11-28 02:00,1207.142,13192.507,10.929,10996.723,9.11,,,,,1969.095,1.631,1692.366,1.402,-1465.677,-1.214
28/11/2024,2024-11-28,14,[02:15-02:30[,2024-11-28 02:15,1207.142,11940.148,9.891,10996.723,9.11,,,,,1969.095,1.631,1633.547,1.353,-2659.217,-2.203
28/11/2024,2024-11-28,15,[02:30-02:45[,2024-11-28 02:30,1207.142,11789.17,9.766,10996.723,9.11,,,,,1969.095,1.631,1542.967,1.278,-2719.615,-2.253
28/11/2024,2024-11-28,16,[02:45-03:00[,2024-11-28 02:45,1207.142,11370.24,9.419,10996.723,9.11,,,,,1969.095,1.631,1631.382,1.351,-3226.96,-2.673
28/11/2024,2024-11-28,17,[03:00-03:15[,2024-11-28 03:00,1178.607,14224.664,12.069,10852.523,9.208,,,,,1969.095,1.671,1630.661,1.384,-227.614,-0.193
28/11/2024,2024-11-28,18,[03:15-03:30[,2024-11-28 03:15,1178.607,14115.849,11.977,10852.523,9.208,,,,,1969.095,1.671,1626.33,1.38,-332.099,-0.282
28/11/2024,2024-11-28,19,[03:30-03:45[,2024-11-28 03:30,1178.607,13679.972,11.607,10852.523,9.208,,,,,1969.095,1.671,1669.633,1.417,-811.278,-0.688
28/11/2024,2024-11-28,20,[03:45-04:00[,2024-11-28 03:45,1178.607,14051.456,11.922,10852.523,9.208,,,,,1969.095,1.671,1717.626,1.457,-487.787,-0.414
28/11/2024,2024-11-28,21,[04:00-04:15[,2024-11-28 04:00,1175.801,12180.393,10.359,10834.29,9.214,,,,,2142.66,1.822,1708.244,1.453,-2504.801,-2.13
28/11/2024,2024-11-28,22,[04:15-04:30[,2024-11-28 04:15,1175.801,12345.762,10.5,10834.29,9.214,,,,,2142.66,1.822,1686.232,1.434,-2317.419,-1.971
28/11/2024,2024-11-28,23,[04:30-04:45[,2024-11-28 04:30,1175.801,12348.811,10.502,10834.29,9.214,,,,,2142.66,1.822,1716.182,1.46,-2344.322,-1.994
28/11/2024,2024-11-28,24,[04:45-05:00[,2024-11-28 04:45,1175.801,15135.762,12.873,10834.29,9.214,,,,,2142.66,1.822,1707.522,1.452,451.29,0.384
28/11/2024,2024-11-28,25,[05:00-05:15[,2024-11-28 05:00,1203.421,-2499.612,-2.077,-1068.981,-0.888,,,,,2035,1.691,1711.491,1.422,-5177.122,-4.302
28/11/2024,2024-11-28,26,[05:15-05:30[,2024-11-28 05:15,1203.421,109.307,0.091,-1068.981,-0.888,,,,,2035,1.691,1655.176,1.375,-2511.888,-2.087
28/11/2024,2024-11-28,27,[05:30-05:45[,2024-11-28 05:30,1203.421,1349.694,1.122,-1068.981,-0.888,,,,,2035,1.691,1584.787,1.317,-1201.112,-0.998
28/11/2024,2024-11-28,28,[05:45-06:00[,2024-11-28 05:45,1203.421,6631.681,5.511,-1068.981,-0.888,,,,,2035,1.691,1646.208,1.368,4019.454,3.34
28/11/2024,2024-11-28,29,[06:00-06:15[,2024-11-28 06:00,1325.313,-7339.794,-5.538,-1269.92,-0.958,,,,,3185.52,2.404,1680.606,1.268,-10935.999,-8.252
28/11/2024,2024-11-28,30,[06:15-06:30[,2024-11-28 06:15,1325.313,-3565.338,-2.69,-1269.92,-0.958,,,,,3185.52,2.404,1721.734,1.299,-7202.672,-5.435
28/11/2024,2024-11-28,31,[06:30-06:45[,2024-11-28 06:30,1325.313,562.363,0.424,-1269.92,-0.958,,,,,3185.52,2.404,1703.719,1.286,-3056.956,-2.307
28/11/2024,2024-11-28,32,[06:45-07:00[,2024-11-28 06:45,1325.313,5797.687,4.375,-1269.92,-0.958,,,,,3185.52,2.404,1756.724,1.326,2125.363,1.604
28/11/2024,2024-11-28,33,[07:00-07:15[,2024-11-28 07:00,1517.701,-6058.748,-3.992,-1348.75,-0.889,,,,,3591.25,2.366,1756.724,1.157,-10057.972,-6.627
28/11/2024,2024-11-28,34,[07:15-07:30[,2024-11-28 07:15,1517.701,-6728.287,-4.433,-1348.75,-0.889,,,,,3591.25,2.366,1756.724,1.157,-10727.511,-7.068
28/11/2024,2024-11-28,35,[07:30-07:45[,2024-11-28 07:30,1517.701,-1603.318,-1.056,-1348.75,-0.889,,,,,3591.25,2.366,1756.724,1.157,-5602.542,-3.691
28/11/2024,2024-11-28,36,[07:45-08:00[,2024-11-28 07:45,1517.701,-111.54,-0.073,-1348.75,-0.889,,,,,3591.25,2.366,1756.724,1.157,-4110.764,-2.709
28/11/2024,2024-11-28,37,[08:00-08:15[,2024-11-28 08:00,1696.872,2941.407,1.733,-1461.795,-0.861,,,,,5508,3.246,1756.724,1.035,-2861.522,-1.686
28/11/2024,2024-11-28,38,[08:15-08:30[,2024-11-28 08:15,1696.872,4267.37,2.515,-1461.795,-0.861,,,,,5508,3.246,1828.724,1.078,-1607.558,-0.947
28/11/2024,2024-11-28,39,[08:30-08:45[,2024-11-28 08:30,1696.872,1897.262,1.118,-1461.795,-0.861,,,,,5508,3.246,1807.011,1.065,-3955.954,-2.331
28/11/2024,2024-11-28,40,[08:45-09:00[,2024-11-28 08:45,1696.872,-3575.027,-2.107,-1461.795,-0.861,,,,,5508,3.246,1801.064,1.061,-9422.296,-5.553
28/11/2024,2024-11-28,41,[09:00-09:15[,2024-11-28 09:00,1726.908,34928.634,20.226,9727.528,5.633,,,4414.85,2.557,5360.4,3.104,1529.201,0.886,13896.655,8.047
28/11/2024,2024-11-28,42,[09:15-09:30[,2024-11-28 09:15,1726.908,23989.872,13.892,9727.528,5.633,,,4312.825,2.497,5360.4,3.104,1524.139,0.883,3064.98,1.775
28/11/2024,2024-11-28,43,[09:30-09:45[,2024-11-28 09:30,1726.908,16028.653,9.282,9727.528,5.633,,,4262.775,2.468,5360.4,3.104,1518.994,0.88,-4841.044,-2.803
28/11/2024,2024-11-28,44,[09:45-10:00[,2024-11-28 09:45,1726.908,8193.254,4.744,9727.528,5.633,,,4262.775,2.468,5360.4,3.104,1521.212,0.881,-12678.661,-7.342
28/11/2024,2024-11-28,45,[10:00-10:15[,2024-11-28 10:00,1678.454,14605.999,8.702,10062.256,5.995,,,4262.775,2.54,2878.2,1.715,1464.22,0.872,-4061.452,-2.42
28/11/2024,2024-11-28,46,[10:15-10:30[,2024-11-28 10:15,1678.454,8569.899,5.106,10062.256,5.995,,,4262.775,2.54,2878.2,1.715,1410.095,0.84,-10043.427,-5.984
28/11/2024,2024-11-28,47,[10:30-10:45[,2024-11-28 10:30,1678.454,15492.307,9.23,10062.256,5.995,,,4262.775,2.54,2878.2,1.715,1434.39,0.855,-3145.313,-1.874
28/11/2024,2024-11-28,48,[10:45-11:00[,2024-11-28 10:45,1678.454,19908.403,11.861,10062.256,5.995,,,4262.775,2.54,2878.2,1.715,1392.138,0.829,1313.035,0.782
28/11/2024,2024-11-28,49,[11:00-11:15[,2024-11-28 11:00,1665.237,14895.556,8.945,10721.232,6.438,,,4262.775,2.56,2878.2,1.728,1303.329,0.783,-4269.98,-2.564
28/11/2024,2024-11-28,50,[11:15-11:30[,2024-11-28 11:15,1665.237,13644.943,8.194,10721.232,6.438,,,4262.775,2.56,2878.2,1.728,1338.292,0.804,-5555.555,-3.336
28/11/2024,2024-11-28,51,[11:30-11:45[,2024-11-28 11:30,1665.237,15619.863,9.38,10721.232,6.438,,,4262.775,2.56,2878.2,1.728,1399.996,0.841,-3642.34,-2.187
28/11/2024,2024-11-28,52,[11:45-12:00[,2024-11-28 11:45,1665.237,15021.969,9.021,10721.232,6.438,,,4262.775,2.56,2878.2,1.728,1422.344,0.854,-4262.582,-2.56
28/11/2024,2024-11-28,53,[12:00-12:15[,2024-11-28 12:00,1614.96,17049.763,10.557,10741.739,6.651,,,4262.775,2.64,2878.2,1.782,1404.567,0.87,-2237.518,-1.385
28/11/2024,2024-11-28,54,[12:15-12:30[,2024-11-28 12:15,1614.96,15673.335,9.705,10741.739,6.651,,,4262.775,2.64,2878.2,1.782,1356.531,0.84,-3565.91,-2.208
28/11/2024,2024-11-28,55,[12:30-12:45[,2024-11-28 12:30,1614.96,13901.582,8.608,10741.739,6.651,,,4262.775,2.64,2878.2,1.782,1325.525,0.821,-5306.658,-3.286
28/11/2024,2024-11-28,56,[12:45-13:00[,2024-11-28 12:45,1614.96,16213.856,10.04,10741.739,6.651,,,4262.775,2.64,2878.2,1.782,1384.919,0.858,-3053.777,-1.891
28/11/2024,2024-11-28,57,[13:00-13:15[,2024-11-28 13:00,1603.751,12827.305,7.998,10113.131,6.306,,,4262.775,2.658,2878.2,1.795,1338.43,0.835,-5765.231,-3.595
28/11/2024,2024-11-28,58,[13:15-13:30[,2024-11-28 13:15,1603.751,15381.642,9.591,10113.131,6.306,,,4262.775,2.658,2878.2,1.795,1340.945,0.836,-3213.41,-2.004
28/11/2024,2024-11-28,59,[13:30-13:45[,2024-11-28 13:30,1603.751,14939.942,9.316,10113.131,6.306,,,4262.775,2.658,2878.2,1.795,1332.01,0.831,-3646.174,-2.274
28/11/2024,2024-11-28,60,[13:45-14:00[,2024-11-28 13:45,1603.751,18821.626,11.736,10113.131,6.306,,,4262.775,2.658,2878.2,1.795,1378.799,0.86,188.72,0.118
28/11/2024,2024-11-28,61,[14:00-14:15[,2024-11-28 14:00,1673.924,8077.703,4.826,9836.91,5.877,,,,,3904.76,2.333,1420.71,0.849,-7084.677,-4.232
28/11/2024,2024-11-28,62,[14:15-14:30[,2024-11-28 14:15,1673.924,11930.995,7.128,9836.91,5.877,,,,,3904.76,2.333,1514.748,0.905,-3325.423,-1.987
28/11/2024,2024-11-28,63,[14:30-14:45[,2024-11-28 14:30,1673.924,13552.657,8.096,9836.91,5.877,,,,,3904.76,2.333,1499.816,0.896,-1688.829,-1.009
28/11/2024,2024-11-28,64,[14:45-15:00[,2024-11-28 14:45,1673.924,18569.084,11.093,9836.91,5.877,,,,,3904.76,2.333,1492.516,0.892,3334.897,1.992
28/11/2024,2024-11-28,65,[15:00-15:15[,2024-11-28 15:00,1718.084,-5477.813,-3.188,-1308.57,-0.762,,,,,2292.42,1.334,1502.876,0.875,-7964.539,-4.636
28/11/2024,2024-11-28,66,[15:15-15:30[,2024-11-28 15:15,1718.084,-2548.287,-1.483,-1308.57,-0.762,,,,,2292.42,1.334,1559.334,0.908,-5091.471,-2.963
28/11/2024,2024-11-28,67,[15:30-15:45[,2024-11-28 15:30,1718.084,5413.444,3.151,-1308.57,-0.762,,,,,2292.42,1.334,1624.276,0.945,2805.318,1.633
28/11/2024,2024-11-28,68,[15:45-16:00[,2024-11-28 15:45,1718.084,10378.501,6.041,-1308.57,-0.762,,,,,2292.42,1.334,1624.276,0.945,7770.375,4.523
28/11/2024,2024-11-28,69,[16:00-16:15[,2024-11-28 16:00,1776.984,-2823.624,-1.589,-1361.175,-0.766,,,,,2340.5,1.317,1554.253,0.875,-5357.202,-3.015
28/11/2024,2024-11-28,70,[16:15-16:30[,2024-11-28 16:15,1776.984,-5748.874,-3.235,-1361.175,-0.766,,,,,2340.5,1.317,1523.944,0.858,-8252.143,-4.644
28/11/2024,2024-11-28,71,[16:30-16:45[,2024-11-28 16:30,1776.984,136.225,0.077,-1361.175,-0.766,,,,,2340.5,1.317,1549.657,0.872,-2392.757,-1.347
28/11/2024,2024-11-28,72,[16:45-17:00[,2024-11-28 16:45,1776.984,6993.39,3.936,-1361.175,-0.766,,,,,2340.5,1.317,1570.276,0.884,4443.789,2.501
28/11/2024,2024-11-28,73,[17:00-17:15[,2024-11-28 17:00,1869.64,-7927.356,-4.24,-1528.12,-0.817,,,,,2398.4,1.283,1642.276,0.878,-10439.912,-5.584
28/11/2024,2024-11-28,74,[17:15-17:30[,2024-11-28 17:15,1869.64,996.098,0.533,-1528.12,-0.817,,,,,2398.4,1.283,1570.276,0.84,-1444.458,-0.773
28/11/2024,2024-11-28,75,[17:30-17:45[,2024-11-28 17:30,1869.64,6524.322,3.49,-1528.12,-0.817,,,,,2398.4,1.283,1570.276,0.84,4083.766,2.184
28/11/2024,2024-11-28,76,[17:45-18:00[,2024-11-28 17:45,1869.64,7930.262,4.242,-1528.12,-0.817,,,,,2398.4,1.283,1573.829,0.842,5486.153,2.934
28/11/2024,2024-11-28,77,[18:00-18:15[,2024-11-28 18:00,1934.236,-3480.743,-1.8,-1425.409,-0.737,,,,,2414.4,1.248,1403.392,0.726,-5873.126,-3.036
28/11/2024,2024-11-28,78,[18:15-18:30[,2024-11-28 18:15,1934.236,2663.073,1.377,-1425.409,-0.737,,,,,2414.4,1.248,1403.392,0.726,270.69,0.14
28/11/2024,2024-11-28,79,[18:30-18:45[,2024-11-28 18:30,1934.236,3634.343,1.879,-1425.409,-0.737,,,,,2414.4,1.248,1403.392,0.726,1241.96,0.642
28/11/2024,2024-11-28,80,[18:45-19:00[,2024-11-28 18:45,1934.236,4568.739,2.362,-1425.409,-0.737,,,,,2414.4,1.248,1403.392,0.726,2176.356,1.125
28/11/2024,2024-11-28,81,[19:00-19:15[,2024-11-28 19:00,1974.098,-7202.701,-3.649,-1362.64,-0.69,,,,,2173.55,1.101,1507.141,0.763,-9520.752,-4.823
28/11/2024,2024-11-28,82,[19:15-19:30[,2024-11-28 19:15,1974.098,-3359.475,-1.702,-1362.64,-0.69,,,,,2173.55,1.101,1604.791,0.813,-5775.176,-2.925
28/11/2024,2024-11-28,83,[19:30-19:45[,2024-11-28 19:30,1974.098,-3851.136,-1.951,-1362.64,-0.69,,,,,2173.55,1.101,1603.709,0.812,-6265.755,-3.174
28/11/2024,2024-11-28,84,[19:45-20:00[,2024-11-28 19:45,1974.098,-4.394,-0.002,-1362.64,-0.69,,,,,2173.55,1.101,1604.43,0.813,-2419.734,-1.226
28/11/2024,2024-11-28,85,[20:00-20:15[,2024-11-28 20:00,1924.301,6617.336,3.439,-1126.738,-0.586,,,,,2173.55,1.13,1610.115,0.837,3960.408,2.058
28/11/2024,2024-11-28,86,[20:15-20:30[,2024-11-28 20:15,1924.301,-624.807,-0.325,-1126.738,-0.586,,,,,2173.55,1.13,1630.336,0.847,-3301.956,-1.716
28/11/2024,2024-11-28,87,[20:30-20:45[,2024-11-28 20:30,1924.301,-4908.95,-2.551,-1126.738,-0.586,,,,,2173.55,1.13,1587.33,0.825,-7543.092,-3.92
28/11/2024,2024-11-28,88,[20:45-21:00[,2024-11-28 20:45,1924.301,-7311.911,-3.8,-1126.738,-0.586,,,,,2173.55,1.13,1499.739,0.779,-9858.462,-5.123
28/11/2024,2024-11-28,89,[21:00-21:15[,2024-11-28 21:00,1802.858,8657.713,4.802,-783.368,-0.435,,,,,2605.135,1.445,1530.361,0.849,5305.584,2.943
28/11/2024,2024-11-28,90,[21:15-21:30[,2024-11-28 21:15,1802.858,-146.679,-0.081,-783.368,-0.435,,,,,2605.135,1.445,1594.912,0.885,-3563.358,-1.977
28/11/2024,2024-11-28,91,[21:30-21:45[,2024-11-28 21:30,1802.858,-2730.318,-1.514,-783.368,-0.435,,,,,2605.135,1.445,1676.467,0.93,-6228.552,-3.455
28/11/2024,2024-11-28,92,[21:45-22:00[,2024-11-28 21:45,1802.858,-6675.293,-3.703,-783.368,-0.435,,,,,2605.135,1.445,1749.151,0.97,-10246.211,-5.683
28/11/2024,2024-11-28,93,[22:00-22:15[,2024-11-28 22:00,1651.655,-334.414,-0.202,-1304.745,-0.79,,,,,2745.96,1.663,1757.739,1.064,-3533.368,-2.139
28/11/2024,2024-11-28,94,[22:15-22:30[,2024-11-28 22:15,1651.655,-2362.483,-1.43,-1304.745,-0.79,,,,,2745.96,1.663,1757.739,1.064,-5561.437,-3.367
28/11/2024,2024-11-28,95,[22:30-22:45[,2024-11-28 22:30,1651.655,-2585.681,-1.566,-1304.745,-0.79,,,,,2745.96,1.663,1718.124,1.04,-5745.02,-3.478
28/11/2024,2024-11-28,96,[22:45-23:00[,2024-11-28 22:45,1651.655,-2736.196,-1.657,-1304.745,-0.79,,,,,2745.96,1.663,1612.897,0.977,-5790.308,-3.506
29/11/2024,2024-11-29,1,[23:00-23:15[,2024-11-28 23:00,1498.239,19078.326,12.734,6328.49,4.224,,,484.5,0.323,2862.743,1.911,2866.566,1.913,6536.027,4.362
29/11/2024,2024-11-29,2,[23:15-23:30[,2024-11-28 23:15,1498.239,16966.228,11.324,6328.49,4.224,,,484.5,0.323,2862.743,1.911,2996.222,2,4294.273,2.866
29/11/2024,2024-11-29,3,[23:30-23:45[,2024-11-28 23:30,1498.239,3022.369,2.017,6328.49,4.224,,,3904.5,2.606,2862.743,1.911,2928.721,1.955,-13002.085,-8.678
29/11/2024,2024-11-29,4,[23:45-00:00[,2024-11-28 23:45,1498.239,-1126.317,-0.752,6328.49,4.224,,,3904.5,2.606,2862.743,1.911,2785.023,1.859,-17007.072,-11.351
29/11/2024,2024-11-29,5,[00:00-00:15[,2024-11-29 00:00,1387.355,21116.621,15.221,7523.423,5.423,,,12348.75,8.901,2829.985,2.04,4467.065,3.22,-6052.601,-4.363
29/11/2024,2024-11-29,6,[00:15-00:30[,2024-11-29 00:15,1387.355,24937.684,17.975,7523.423,5.423,,,12348.75,8.901,2829.985,2.04,4621.379,3.331,-2385.852,-1.72
29/11/2024,2024-11-29,7,[00:30-00:45[,2024-11-29 00:30,1387.355,18207.289,13.124,7523.423,5.423,,,12348.75,8.901,2829.985,2.04,4488.705,3.235,-8983.573,-6.475
29/11/2024,2024-11-29,8,[00:45-01:00[,2024-11-29 00:45,1387.355,20341.134,14.662,7523.423,5.423,,,12348.75,8.901,2829.985,2.04,4160.248,2.999,-6521.271,-4.701
29/11/2024,2024-11-29,9,[01:00-01:15[,2024-11-29 01:00,1303.55,28014.534,21.491,8066.825,6.188,,,11100,8.515,2535.165,1.945,4622.138,3.546,1690.407,1.297
29/11/2024,2024-11-29,10,[01:15-01:30[,2024-11-29 01:15,1303.55,18138.005,13.914,8066.825,6.188,,,11095.623,8.512,2535.165,1.945,4261.914,3.269,-7821.522,-6
29/11/2024,2024-11-29,11,[01:30-01:45[,2024-11-29 01:30,1303.55,16629.591,12.757,8066.825,6.188,,,11100,8.515,2535.165,1.945,4622.138,3.546,-9694.536,-7.437
29/11/2024,2024-11-29,12,[01:45-02:00[,2024-11-29 01:45,1303.55,14317.546,10.984,8066.825,6.188,,,11100,8.515,2535.165,1.945,4156.69,3.189,-11541.134,-8.854
29/11/2024,2024-11-29,13,[02:00-02:15[,2024-11-29 02:00,1247.841,14266.474,11.433,8066.825,6.465,,,10637.5,8.525,2425.973,1.944,4186.958,3.355,-11050.782,-8.856
29/11/2024,2024-11-29,14,[02:15-02:30[,2024-11-29 02:15,1247.841,22746.335,18.229,8066.825,6.465,,,10637.5,8.525,2425.973,1.944,4497.45,3.604,-2881.413,-2.309
29/11/2024,2024-11-29,15,[02:30-02:45[,2024-11-29 02:30,1247.841,16803.078,13.466,8066.825,6.465,,,10637.5,8.525,2425.973,1.944,4237.094,3.396,-8564.313,-6.863
29/11/2024,2024-11-29,16,[02:45-03:00[,2024-11-29 02:45,1247.841,18083.02,14.491,8066.825,6.465,,,10637.5,8.525,2425.973,1.944,4461.205,3.575,-7508.482,-6.017
29/11/2024,2024-11-29,17,[03:00-03:15[,2024-11-29 03:00,1222.208,19446.618,15.911,8110.175,6.636,,,10498.75,8.59,2393.215,1.958,4497.45,3.68,-6052.971,-4.952
29/11/2024,2024-11-29,18,[03:15-03:30[,2024-11-29 03:15,1222.208,19743.55,16.154,8110.175,6.636,,,10498.75,8.59,2393.215,1.958,4442.08,3.634,-5700.67,-4.664
29/11/2024,2024-11-29,19,[03:30-03:45[,2024-11-29 03:30,1222.208,19433.684,15.9,8110.175,6.636,,,10498.75,8.59,2393.215,1.958,4290.415,3.51,-5858.871,-4.794
29/11/2024,2024-11-29,20,[03:45-04:00[,2024-11-29 03:45,1222.208,20074.428,16.425,8110.175,6.636,,,10498.75,8.59,2393.215,1.958,4497.45,3.68,-5425.162,-4.439
29/11/2024,2024-11-29,21,[04:00-04:15[,2024-11-29 04:00,1211.939,18692.44,15.424,8066.825,6.656,,,10822.5,8.93,2469.65,2.038,4310.369,3.557,-6976.904,-5.757
29/11/2024,2024-11-29,22,[04:15-04:30[,2024-11-29 04:15,1211.939,17300.439,14.275,8066.825,6.656,,,10822.5,8.93,2469.65,2.038,3897.995,3.216,-7956.531,-6.565
29/11/2024,2024-11-29,23,[04:30-04:45[,2024-11-29 04:30,1211.939,19498.503,16.089,8066.825,6.656,,,10822.5,8.93,2469.65,2.038,4497.45,3.711,-6357.921,-5.246
29/11/2024,2024-11-29,24,[04:45-05:00[,2024-11-29 04:45,1211.939,20762.646,17.132,8066.825,6.656,,,10822.5,8.93,2469.65,2.038,4291.966,3.541,-4888.294,-4.033
29/11/2024,2024-11-29,25,[05:00-05:15[,2024-11-29 05:00,1240.181,12348.824,9.957,6337.782,5.11,,,10915,8.801,2491.488,2.009,4180.218,3.371,-11575.664,-9.334
29/11/2024,2024-11-29,26,[05:15-05:30[,2024-11-29 05:15,1240.181,18174.138,14.654,6337.782,5.11,,,10915,8.801,2491.488,2.009,4497.091,3.626,-6067.223,-4.892
29/11/2024,2024-11-29,27,[05:30-05:45[,2024-11-29 05:30,1240.181,18952.801,15.282,6337.782,5.11,,,10915,8.801,2491.488,2.009,4459.238,3.596,-5250.707,-4.234
29/11/2024,2024-11-29,28,[05:45-06:00[,2024-11-29 05:45,1240.181,20887.222,16.842,6337.782,5.11,,,10915,8.801,2491.488,2.009,4430.79,3.573,-3287.838,-2.651
29/11/2024,2024-11-29,29,[06:00-06:15[,2024-11-29 06:00,1358.02,241.895,0.178,,,,,7168.75,5.279,3334.61,2.455,4224.432,3.111,-14485.897,-10.667
29/11/2024,2024-11-29,30,[06:15-06:30[,2024-11-29 06:15,1358.02,4070.351,2.997,,,,,7168.75,5.279,3334.61,2.455,4586.513,3.377,-11019.521,-8.114
29/11/2024,2024-11-29,31,[06:30-06:45[,2024-11-29 06:30,1358.02,13133.686,9.671,,,,,7168.75,5.279,3334.61,2.455,4586.513,3.377,-1956.187,-1.44
29/11/2024,2024-11-29,32,[06:45-07:00[,2024-11-29 06:45,1358.02,14249.061,10.493,,,,,7168.75,5.279,3334.61,2.455,2927.192,2.155,818.509,0.603
29/11/2024,2024-11-29,33,[07:00-07:15[,2024-11-29 07:00,1525.422,-2341.499,-1.535,,,,,3468.75,2.274,3562.515,2.335,3140.149,2.059,-12512.913,-8.203
29/11/2024,2024-11-29,34,[07:15-07:30[,2024-11-29 07:15,1525.422,3868.998,2.536,,,,,3468.75,2.274,3562.515,2.335,3119.636,2.045,-6281.903,-4.118
29/11/2024,2024-11-29,35,[07:30-07:45[,2024-11-29 07:30,1525.422,9035.795,5.923,,,,,3468.75,2.274,3562.515,2.335,3038.323,1.992,-1033.793,-0.678
29/11/2024,2024-11-29,36,[07:45-08:00[,2024-11-29 07:45,1525.422,5942.342,3.896,,,,,3468.75,2.274,3562.515,2.335,3103.196,2.034,-4192.119,-2.748
29/11/2024,2024-11-29,37,[08:00-08:15[,2024-11-29 08:00,1712.405,1182.391,0.69,1370.203,0.8,,,,,3478.55,2.031,2914.83,1.702,-6581.191,-3.843
29/11/2024,2024-11-29,38,[08:15-08:30[,2024-11-29 08:15,1712.405,5396.601,3.151,1370.203,0.8,,,,,3478.55,2.031,3042.138,1.777,-2494.289,-1.457
29/11/2024,2024-11-29,39,[08:30-08:45[,2024-11-29 08:30,1712.405,13417.193,7.835,1370.203,0.8,,,,,3478.55,2.031,3053.641,1.783,5514.799,3.22
29/11/2024,2024-11-29,40,[08:45-09:00[,2024-11-29 08:45,1712.405,9101.4,5.315,1370.203,0.8,,,,,3478.55,2.031,2793.281,1.631,1459.366,0.852
29/11/2024,2024-11-29,41,[09:00-09:15[,2024-11-29 09:00,1794.523,7439.367,4.146,3445.398,1.92,,,,,2706.075,1.508,1643.834,0.916,-355.94,-0.198
29/11/2024,2024-11-29,42,[09:15-09:30[,2024-11-29 09:15,1794.523,12984.137,7.235,3445.398,1.92,,,,,2706.075,1.508,1599.335,0.891,5233.329,2.916
29/11/2024,2024-11-29,43,[09:30-09:45[,2024-11-29 09:30,1794.523,5284.64,2.945,3445.398,1.92,,,,,2706.075,1.508,1631.364,0.909,-2498.197,-1.392
29/11/2024,2024-11-29,44,[09:45-10:00[,2024-11-29 09:45,1794.523,2225.742,1.24,3445.398,1.92,,,,,2706.075,1.508,1645.577,0.917,-5571.309,-3.105
29/11/2024,2024-11-29,45,[10:00-10:15[,2024-11-29 10:00,1790.683,12499.855,6.98,12630.879,7.054,,,,,2706.075,1.511,1538.748,0.859,-4375.847,-2.444
29/11/2024,2024-11-29,46,[10:15-10:30[,2024-11-29 10:15,1790.683,15233.026,8.507,12630.879,7.054,,,,,2706.075,1.511,1520.091,0.849,-1624.019,-0.907
29/11/2024,2024-11-29,47,[10:30-10:45[,2024-11-29 10:30,1790.683,17157.663,9.582,12630.879,7.054,,,,,2706.075,1.511,1549.408,0.865,271.301,0.152
29/11/2024,2024-11-29,48,[10:45-11:00[,2024-11-29 10:45,1790.683,18051.966,10.081,12630.879,7.054,,,,,2706.075,1.511,1570.728,0.877,1144.283,0.639
29/11/2024,2024-11-29,49,[11:00-11:15[,2024-11-29 11:00,1820.809,7534.046,4.138,12638.571,6.941,,,,,2706.075,1.486,1610.836,0.885,-9421.436,-5.174
29/11/2024,2024-11-29,50,[11:15-11:30[,2024-11-29 11:15,1820.809,13486.227,7.407,12638.571,6.941,,,,,2706.075,1.486,1613.082,0.886,-3471.502,-1.907
29/11/2024,2024-11-29,51,[11:30-11:45[,2024-11-29 11:30,1820.809,15807.851,8.682,12638.571,6.941,,,,,2706.075,1.486,1626.531,0.893,-1163.327,-0.639
29/11/2024,2024-11-29,52,[11:45-12:00[,2024-11-29 11:45,1820.809,12214.013,6.708,12638.571,6.941,,,,,2706.075,1.486,1636.152,0.899,-4766.786,-2.618
29/11/2024,2024-11-29,53,[12:00-12:15[,2024-11-29 12:00,1771.16,15293.371,8.635,12635.869,7.134,,,,,2706.075,1.528,1569.64,0.886,-1618.212,-0.914
29/11/2024,2024-11-29,54,[12:15-12:30[,2024-11-29 12:15,1771.16,16056.641,9.066,12635.869,7.134,,,,,2706.075,1.528,1550.739,0.876,-836.042,-0.472
29/11/2024,2024-11-29,55,[12:30-12:45[,2024-11-29 12:30,1771.16,12096.584,6.83,12635.869,7.134,,,,,2706.075,1.528,1493.088,0.843,-4738.448,-2.675
29/11/2024,2024-11-29,56,[12:45-13:00[,2024-11-29 12:45,1771.16,7438.577,4.2,12635.869,7.134,,,,,2706.075,1.528,1569.436,0.886,-9472.803,-5.348
29/11/2024,2024-11-29,57,[13:00-13:15[,2024-11-29 13:00,1736.229,4555.254,2.624,12633.322,7.276,,,,,2706.075,1.559,1552.955,0.894,-12337.098,-7.106
29/11/2024,2024-11-29,58,[13:15-13:30[,2024-11-29 13:15,1736.229,9544.939,5.498,12633.322,7.276,,,,,2706.075,1.559,1616.034,0.931,-7410.491,-4.268
29/11/2024,2024-11-29,59,[13:30-13:45[,2024-11-29 13:30,1736.229,9292.047,5.352,12633.322,7.276,,,,,2706.075,1.559,1586.559,0.914,-7633.909,-4.397
29/11/2024,2024-11-29,60,[13:45-14:00[,2024-11-29 13:45,1736.229,11691.293,6.734,12633.322,7.276,,,,,2706.075,1.559,1602.028,0.923,-5250.132,-3.024
29/11/2024,2024-11-29,61,[14:00-14:15[,2024-11-29 14:00,1785.321,-7996.512,-4.479,3437.464,1.925,,,,,2706.075,1.516,1605.722,0.899,-15745.773,-8.82
29/11/2024,2024-11-29,62,[14:15-14:30[,2024-11-29 14:15,1785.321,5870.408,3.288,3437.464,1.925,,,,,2706.075,1.516,1570.196,0.88,-1843.327,-1.032
29/11/2024,2024-11-29,63,[14:30-14:45[,2024-11-29 14:30,1785.321,16432.632,9.204,3437.464,1.925,,,,,2706.075,1.516,1605.722,0.899,8683.371,4.864
29/11/2024,2024-11-29,64,[14:45-15:00[,2024-11-29 14:45,1785.321,19087.759,10.692,3437.464,1.925,,,,,2706.075,1.516,1681.821,0.942,11262.399,6.308
29/11/2024,2024-11-29,65,[15:00-15:15[,2024-11-29 15:00,1782.992,4503.715,2.526,1500.493,0.842,,,,,3391.025,1.902,1688.519,0.947,-2076.322,-1.165
29/11/2024,2024-11-29,66,[15:15-15:30[,2024-11-29 15:15,1782.992,5655.072,3.172,1500.493,0.842,,,,,3391.025,1.902,1651.227,0.926,-887.673,-0.498
29/11/2024,2024-11-29,67,[15:30-15:45[,2024-11-29 15:30,1782.992,4511.817,2.53,1500.493,0.842,,,,,3391.025,1.902,1688.903,0.947,-2068.605,-1.16
29/11/2024,2024-11-29,68,[15:45-16:00[,2024-11-29 15:45,1782.992,12193.406,6.839,1500.493,0.842,,,,,3391.025,1.902,1668.103,0.936,5633.784,3.16
29/11/2024,2024-11-29,69,[16:00-16:15[,2024-11-29 16:00,1784.723,-1981.604,-1.11,1929.425,1.081,,,,,3898.375,2.184,1728.724,0.969,-9538.129,-5.344
29/11/2024,2024-11-29,70,[16:15-16:30[,2024-11-29 16:15,1784.723,-1133.363,-0.635,1929.425,1.081,,,,,3898.375,2.184,1743.656,0.977,-8704.82,-4.877
29/11/2024,2024-11-29,71,[16:30-16:45[,2024-11-29 16:30,1784.723,8103.605,4.541,1929.425,1.081,,,,,3898.375,2.184,1698.026,0.951,577.779,0.324
29/11/2024,2024-11-29,72,[16:45-17:00[,2024-11-29 16:45,1784.723,13545.22,7.59,1929.425,1.081,,,,,3898.375,2.184,1625.109,0.911,6092.311,3.414
29/11/2024,2024-11-29,73,[17:00-17:15[,2024-11-29 17:00,1841.601,-2876.878,-1.562,1518.619,0.825,,,,,3666.905,1.991,1680.703,0.913,-9743.105,-5.291
29/11/2024,2024-11-29,74,[17:15-17:30[,2024-11-29 17:15,1841.601,139.391,0.076,1518.619,0.825,,,,,3666.905,1.991,1699.988,0.923,-6746.121,-3.663
29/11/2024,2024-11-29,75,[17:30-17:45[,2024-11-29 17:30,1841.601,6139.876,3.334,1518.619,0.825,,,,,3666.905,1.991,1675.893,0.91,-721.541,-0.392
29/11/2024,2024-11-29,76,[17:45-18:00[,2024-11-29 17:45,1841.601,10216.082,5.547,1518.619,0.825,,,,,3666.905,1.991,1730.258,0.94,3300.301,1.792
29/11/2024,2024-11-29,77,[18:00-18:15[,2024-11-29 18:00,1880.861,4583.824,2.437,1385.436,0.737,,,,,3633.1,1.932,1564.54,0.832,-1999.252,-1.063
29/11/2024,2024-11-29,78,[18:15-18:30[,2024-11-29 18:15,1880.861,4796.971,2.55,1385.436,0.737,,,,,3633.1,1.932,1556.379,0.827,-1777.943,-0.945
29/11/2024,2024-11-29,79,[18:30-18:45[,2024-11-29 18:30,1880.861,4573.608,2.432,1385.436,0.737,,,,,3633.1,1.932,1606.82,0.854,-2051.747,-1.091
29/11/2024,2024-11-29,80,[18:45-19:00[,2024-11-29 18:45,1880.861,4198.447,2.232,1385.436,0.737,,,,,3633.1,1.932,1602.126,0.852,-2422.214,-1.288
29/11/2024,2024-11-29,81,[19:00-19:15[,2024-11-29 19:00,1895.276,-5540.507,-2.923,1415.31,0.747,,,,,3195.61,1.686,1580.963,0.834,-11732.39,-6.19
29/11/2024,2024-11-29,82,[19:15-19:30[,2024-11-29 19:15,1895.276,-2434.987,-1.285,1415.31,0.747,,,,,3195.61,1.686,1582.881,0.835,-8628.788,-4.553
29/11/2024,2024-11-29,83,[19:30-19:45[,2024-11-29 19:30,1895.276,8479.185,4.474,1415.31,0.747,,,,,3195.61,1.686,1583.167,0.835,2285.097,1.206
29/11/2024,2024-11-29,84,[19:45-20:00[,2024-11-29 19:45,1895.276,12897.936,6.805,1415.31,0.747,,,,,3195.61,1.686,1581.388,0.834,6705.628,3.538
29/11/2024,2024-11-29,85,[20:00-20:15[,2024-11-29 20:00,1837.645,13195.904,7.181,1670.19,0.909,,,,,3391.025,1.845,1692.916,0.921,6441.773,3.505
29/11/2024,2024-11-29,86,[20:15-20:30[,2024-11-29 20:15,1837.645,7970.855,4.338,1670.19,0.909,,,,,3391.025,1.845,1577.211,0.858,1332.428,0.725
29/11/2024,2024-11-29,87,[20:30-20:45[,2024-11-29 20:30,1837.645,362.382,0.197,1670.19,0.909,,,,,3391.025,1.845,1502.111,0.817,-6200.945,-3.374
29/11/2024,2024-11-29,88,[20:45-21:00[,2024-11-29 20:45,1837.645,-4254.209,-2.315,1670.19,0.909,,,,,3391.025,1.845,1550.028,0.843,-10865.453,-5.913
29/11/2024,2024-11-29,89,[21:00-21:15[,2024-11-29 21:00,1722.225,12852.602,7.463,,,,,,,3814.41,2.215,1551.422,0.901,7486.77,4.347
29/11/2024,2024-11-29,90,[21:15-21:30[,2024-11-29 21:15,1722.225,3768.921,2.188,,,,,,,3814.41,2.215,1645.459,0.955,-1690.947,-0.982
29/11/2024,2024-11-29,91,[21:30-21:45[,2024-11-29 21:30,1722.225,-993.632,-0.577,,,,,,,3814.41,2.215,1541.56,0.895,-6349.602,-3.687
29/11/2024,2024-11-29,92,[21:45-22:00[,2024-11-29 21:45,1722.225,-4841.374,-2.811,,,,,,,3814.41,2.215,1629.203,0.946,-10284.988,-5.972
29/11/2024,2024-11-29,93,[22:00-22:15[,2024-11-29 22:00,1591.192,17280.349,10.86,,,,,,,3827.835,2.406,1672.557,1.051,11779.957,7.403
29/11/2024,2024-11-29,94,[22:15-22:30[,2024-11-29 22:15,1591.192,4700.41,2.954,,,,,,,3827.835,2.406,1693.772,1.064,-821.197,-0.516
29/11/2024,2024-11-29,95,[22:30-22:45[,2024-11-29 22:30,1591.192,1978.036,1.243,,,,,,,3827.835,2.406,1679.976,1.056,-3529.775,-2.218
29/11/2024,2024-11-29,96,[22:45-23:00[,2024-11-29 22:45,1591.192,-2334.863,-1.467,,,,,,,3827.835,2.406,1584.736,0.996,-7747.434,-4.869
30/11/2024,2024-11-30,1,[23:00-23:15[,2024-11-29 23:00,1452.636,18829.858,12.963,870.009,0.599,,,-45.62,-0.031,4819.5,3.318,1623.692,1.118,11562.277,7.96
30/11/2024,2024-11-30,2,[23:15-23:30[,2024-11-29 23:15,1452.636,14939.311,10.284,870.009,0.599,,,,,4819.5,3.318,1546.741,1.065,7703.062,5.303
30/11/2024,2024-11-30,3,[23:30-23:45[,2024-11-29 23:30,1452.636,2196.037,1.512,870.009,0.599,,,,,4819.5,3.318,1550.038,1.067,-5043.509,-3.472
30/11/2024,2024-11-30,4,[23:45-00:00[,2024-11-29 23:45,1452.636,-6909.646,-4.757,870.009,0.599,,,,,4819.5,3.318,1546.844,1.065,-14145.998,-9.738
30/11/2024,2024-11-30,5,[00:00-00:15[,2024-11-30 00:00,1323.06,14842.233,11.218,1131.623,0.855,,,,,4105.41,3.103,1555.909,1.176,8049.291,6.084
30/11/2024,2024-11-30,6,[00:15-00:30[,2024-11-30 00:15,1323.06,9499.235,7.18,1131.623,0.855,,,,,4105.41,3.103,1545.824,1.168,2716.378,2.053
30/11/2024,2024-11-30,7,[00:30-00:45[,2024-11-30 00:30,1323.06,4849.972,3.666,1131.623,0.855,,,,,4105.41,3.103,1535.852,1.161,-1922.913,-1.453
30/11/2024,2024-11-30,8,[00:45-01:00[,2024-11-30 00:45,1323.06,-4407.147,-3.331,1131.623,0.855,,,,,4105.41,3.103,1554.953,1.175,-11199.133,-8.465
30/11/2024,2024-11-30,9,[01:00-01:15[,2024-11-30 01:00,1232.748,16342.02,13.257,5060.158,4.105,,,,,4041.675,3.279,1562.955,1.268,5677.232,4.605
30/11/2024,2024-11-30,10,[01:15-01:30[,2024-11-30 01:15,1232.748,8010.052,6.498,5060.158,4.105,,,,,4041.675,3.279,1530.161,1.241,-2621.942,-2.127
30/11/2024,2024-11-30,11,[01:30-01:45[,2024-11-30 01:30,1232.748,11695.036,9.487,5060.158,4.105,,,,,4041.675,3.279,1457.953,1.183,1135.249,0.921
30/11/2024,2024-11-30,12,[01:45-02:00[,2024-11-30 01:45,1232.748,7951.567,6.45,5060.158,4.105,,,,,4041.675,3.279,1474.808,1.196,-2625.074,-2.129
30/11/2024,2024-11-30,13,[02:00-02:15[,2024-11-30 02:00,1192.757,12444.094,10.433,5223.13,4.379,,,,,3549.33,2.976,2675.458,2.243,996.176,0.835
30/11/2024,2024-11-30,14,[02:15-02:30[,2024-11-30 02:15,1192.757,7813.718,6.551,5223.13,4.379,,,,,3549.33,2.976,2821.765,2.366,-3780.506,-3.17
30/11/2024,2024-11-30,15,[02:30-02:45[,2024-11-30 02:30,1192.757,9857.77,8.265,5223.13,4.379,,,,,3549.33,2.976,2915.882,2.445,-1830.573,-1.535
30/11/2024,2024-11-30,16,[02:45-03:00[,2024-11-30 02:45,1192.757,8312.54,6.969,5223.13,4.379,,,,,3549.33,2.976,2862.37,2.4,-3322.29,-2.785
30/11/2024,2024-11-30,17,[03:00-03:15[,2024-11-30 03:00,1142.183,13232.833,11.586,5901.19,5.167,,,,,3480.4,3.047,2604.122,2.28,1247.121,1.092
30/11/2024,2024-11-30,18,[03:15-03:30[,2024-11-30 03:15,1142.183,13810.351,12.091,5901.19,5.167,,,,,3480.4,3.047,2918.696,2.555,1510.066,1.322
30/11/2024,2024-11-30,19,[03:30-03:45[,2024-11-30 03:30,1142.183,9636.549,8.437,5901.19,5.167,,,,,3480.4,3.047,2919.998,2.557,-2665.039,-2.333
30/11/2024,2024-11-30,20,[03:45-04:00[,2024-11-30 03:45,1142.183,7714.634,6.754,5901.19,5.167,,,,,3480.4,3.047,2508.801,2.196,-4175.756,-3.656
30/11/2024,2024-11-30,21,[04:00-04:15[,2024-11-30 04:00,1118.972,11118.617,9.936,6008.567,5.37,,,,,3418.25,3.055,2920.006,2.61,-1228.206,-1.098
30/11/2024,2024-11-30,22,[04:15-04:30[,2024-11-30 04:15,1118.972,10306.393,9.211,6008.567,5.37,,,,,3418.25,3.055,2918.521,2.608,-2038.945,-1.822
30/11/2024,2024-11-30,23,[04:30-04:45[,2024-11-30 04:30,1118.972,10085.054,9.013,6008.567,5.37,,,,,3418.25,3.055,2764.99,2.471,-2106.753,-1.883
30/11/2024,2024-11-30,24,[04:45-05:00[,2024-11-30 04:45,1118.972,9530.691,8.517,6008.567,5.37,,,,,3418.25,3.055,2562.923,2.29,-2459.05,-2.198
30/11/2024,2024-11-30,25,[05:00-05:15[,2024-11-30 05:00,1126.279,13172.99,11.696,5542.162,4.921,,,,,3200.16,2.841,2916.294,2.589,1514.373,1.345
30/11/2024,2024-11-30,26,[05:15-05:30[,2024-11-30 05:15,1126.279,11730.63,10.415,5542.162,4.921,,,,,3200.16,2.841,2915.924,2.589,72.384,0.064
30/11/2024,2024-11-30,27,[05:30-05:45[,2024-11-30 05:30,1126.279,9392.562,8.339,5542.162,4.921,,,,,3200.16,2.841,2471.648,2.195,-1821.408,-1.617
30/11/2024,2024-11-30,28,[05:45-06:00[,2024-11-30 05:45,1126.279,9636.705,8.556,5542.162,4.921,,,,,3200.16,2.841,2916.67,2.59,-2022.287,-1.796
30/11/2024,2024-11-30,29,[06:00-06:15[,2024-11-30 06:00,1168.342,8689.651,7.438,4839.644,4.142,,,,,3838.74,3.286,2709.909,2.319,-2698.642,-2.31
30/11/2024,2024-11-30,30,[06:15-06:30[,2024-11-30 06:15,1168.342,10598.057,9.071,4839.644,4.142,,,,,3838.74,3.286,2913.253,2.493,-993.579,-0.85
30/11/2024,2024-11-30,31,[06:30-06:45[,2024-11-30 06:30,1168.342,9122.79,7.808,4839.644,4.142,,,,,3838.74,3.286,2666.897,2.283,-2222.491,-1.902
30/11/2024,2024-11-30,32,[06:45-07:00[,2024-11-30 06:45,1168.342,13980.571,11.966,4839.644,4.142,,,,,3838.74,3.286,2905.848,2.487,2396.339,2.051
30/11/2024,2024-11-30,33,[07:00-07:15[,2024-11-30 07:00,1232.134,10815.52,8.778,4404.238,3.574,,,,,4686.36,3.803,2672.233,2.169,-947.31,-0.769
30/11/2024,2024-11-30,34,[07:15-07:30[,2024-11-30 07:15,1232.134,9937.889,8.066,4404.238,3.574,,,,,4686.36,3.803,2789.264,2.264,-1941.972,-1.576
30/11/2024,2024-11-30,35,[07:30-07:45[,2024-11-30 07:30,1232.134,7040.421,5.714,4404.238,3.574,,,,,4686.36,3.803,1769.928,1.436,-3820.105,-3.1
30/11/2024,2024-11-30,36,[07:45-08:00[,2024-11-30 07:45,1232.134,5300.654,4.302,4404.238,3.574,,,,,4686.36,3.803,2837.569,2.303,-6627.513,-5.379
30/11/2024,2024-11-30,37,[08:00-08:15[,2024-11-30 08:00,1332.898,17787.766,13.345,8031.315,6.025,,,,,7236.15,5.429,2912.709,2.185,-392.408,-0.294
30/11/2024,2024-11-30,38,[08:15-08:30[,2024-11-30 08:15,1332.898,18273.21,13.709,8031.315,6.025,,,,,7236.15,5.429,2988.139,2.242,17.605,0.013
30/11/2024,2024-11-30,39,[08:30-08:45[,2024-11-30 08:30,1332.898,14274.418,10.709,8031.315,6.025,,,,,7236.15,5.429,2709.124,2.033,-3702.171,-2.778
30/11/2024,2024-11-30,40,[08:45-09:00[,2024-11-30 08:45,1332.898,16752.496,12.568,8031.315,6.025,,,,,7236.15,5.429,4185.047,3.14,-2700.016,-2.026
30/11/2024,2024-11-30,41,[09:00-09:15[,2024-11-30 09:00,1420.422,25010.483,17.608,12088.113,8.51,,,4770.715,3.359,8382.578,5.901,4354.503,3.066,-4585.425,-3.228
30/11/2024,2024-11-30,42,[09:15-09:30[,2024-11-30 09:15,1420.422,21808.449,15.354,12088.113,8.51,,,4770.715,3.359,8382.578,5.901,3836.693,2.701,-7269.649,-5.118
30/11/2024,2024-11-30,43,[09:30-09:45[,2024-11-30 09:30,1420.422,23489.999,16.537,12088.113,8.51,,,4770.715,3.359,8382.578,5.901,4061.295,2.859,-5812.701,-4.092
30/11/2024,2024-11-30,44,[09:45-10:00[,2024-11-30 09:45,1420.422,24304.832,17.111,12088.113,8.51,,,4770.715,3.359,8382.578,5.901,4357.565,3.068,-5294.138,-3.727
30/11/2024,2024-11-30,45,[10:00-10:15[,2024-11-30 10:00,1437.596,24276.265,16.887,12648.16,8.798,,,3446.113,2.397,7094.693,4.935,3978.661,2.768,-2891.361,-2.011
30/11/2024,2024-11-30,46,[10:15-10:30[,2024-11-30 10:15,1437.596,20731.757,14.421,12648.16,8.798,,,3326.863,2.314,7094.693,4.935,3925.758,2.731,-6263.716,-4.357
30/11/2024,2024-11-30,47,[10:30-10:45[,2024-11-30 10:30,1437.596,24163.89,16.809,12648.16,8.798,,,3361.991,2.339,7094.693,4.935,4356.84,3.031,-3297.793,-2.294
30/11/2024,2024-11-30,48,[10:45-11:00[,2024-11-30 10:45,1437.596,22821.766,15.875,12648.16,8.798,,,3233.113,2.249,7094.693,4.935,3981.092,2.769,-4135.291,-2.877
30/11/2024,2024-11-30,49,[11:00-11:15[,2024-11-30 11:00,1454.04,20441.873,14.059,12652.872,8.702,,,3037.703,2.089,7225.16,4.969,3808.531,2.619,-6282.393,-4.321
30/11/2024,2024-11-30,50,[11:15-11:30[,2024-11-30 11:15,1454.04,21557.233,14.826,12652.872,8.702,,,3037.703,2.089,7225.16,4.969,4357.594,2.997,-5716.096,-3.931
30/11/2024,2024-11-30,51,[11:30-11:45[,2024-11-30 11:30,1454.04,22762.594,15.655,12652.872,8.702,,,3118.298,2.145,7225.16,4.969,4147.339,2.852,-4381.074,-3.013
30/11/2024,2024-11-30,52,[11:45-12:00[,2024-11-30 11:45,1454.04,22034.625,15.154,12652.872,8.702,,,3118.298,2.145,7225.16,4.969,3696.554,2.542,-4658.259,-3.204
30/11/2024,2024-11-30,53,[12:00-12:15[,2024-11-30 12:00,1490.012,24142.811,16.203,12568.128,8.435,,,3828.003,2.569,6845.371,4.594,4255.361,2.856,-3354.05,-2.251
30/11/2024,2024-11-30,54,[12:15-12:30[,2024-11-30 12:15,1490.012,21965.208,14.742,12568.128,8.435,,,3828.003,2.569,6845.371,4.594,4356.119,2.924,-5632.412,-3.78
30/11/2024,2024-11-30,55,[12:30-12:45[,2024-11-30 12:30,1490.012,23060.051,15.476,12568.128,8.435,,,3828.003,2.569,6845.371,4.594,4356.488,2.924,-4537.938,-3.046
30/11/2024,2024-11-30,56,[12:45-13:00[,2024-11-30 12:45,1490.012,24730.428,16.597,12568.128,8.435,,,3828.003,2.569,6845.371,4.594,4064.518,2.728,-2575.592,-1.729
30/11/2024,2024-11-30,57,[13:00-13:15[,2024-11-30 13:00,1482.2,10603.973,7.154,11868.173,8.007,,,3926.745,2.649,6508.599,4.391,4212.85,2.842,-15912.394,-10.736
30/11/2024,2024-11-30,58,[13:15-13:30[,2024-11-30 13:15,1482.2,18239.284,12.306,11868.173,8.007,,,3926.745,2.649,6508.599,4.391,4354.745,2.938,-8418.978,-5.68
30/11/2024,2024-11-30,59,[13:30-13:45[,2024-11-30 13:30,1482.2,24343.121,16.424,11868.173,8.007,,,4114.935,2.776,6508.599,4.391,3649.527,2.462,-1798.113,-1.213
30/11/2024,2024-11-30,60,[13:45-14:00[,2024-11-30 13:45,1482.2,35220.577,23.762,11868.173,8.007,,,3825.255,2.581,6508.599,4.391,4352.88,2.937,8665.67,5.846
30/11/2024,2024-11-30,61,[14:00-14:15[,2024-11-30 14:00,1468.696,11592.228,7.893,10332.581,7.035,,,-423.92,-0.289,11247.96,7.658,4352.134,2.963,-13916.527,-9.475
30/11/2024,2024-11-30,62,[14:15-14:30[,2024-11-30 14:15,1468.696,22060.166,15.02,10332.581,7.035,,,,,11247.96,7.658,3921.283,2.67,-3441.658,-2.343
30/11/2024,2024-11-30,63,[14:30-14:45[,2024-11-30 14:30,1468.696,28741.882,19.57,10332.581,7.035,,,,,11247.96,7.658,4351.945,2.963,2809.396,1.913
30/11/2024,2024-11-30,64,[14:45-15:00[,2024-11-30 14:45,1468.696,31637.115,21.541,10332.581,7.035,,,,,11247.96,7.658,4204.905,2.863,5851.668,3.984
30/11/2024,2024-11-30,65,[15:00-15:15[,2024-11-30 15:00,1464.544,13523.124,9.234,10005.555,6.832,,,,,7593.825,5.185,4342.818,2.965,-8419.074,-5.749
30/11/2024,2024-11-30,66,[15:15-15:30[,2024-11-30 15:15,1464.544,21671.996,14.798,10005.555,6.832,,,,,7593.825,5.185,4079.56,2.786,-6.944,-0.005
30/11/2024,2024-11-30,67,[15:30-15:45[,2024-11-30 15:30,1464.544,23142.829,15.802,10005.555,6.832,,,,,7593.825,5.185,4095.786,2.797,1447.663,0.988
30/11/2024,2024-11-30,68,[15:45-16:00[,2024-11-30 15:45,1464.544,31065.503,21.212,10005.555,6.832,,,,,7593.825,5.185,4304.216,2.939,9161.907,6.256
30/11/2024,2024-11-30,69,[16:00-16:15[,2024-11-30 16:00,1480.357,-207.39,-0.14,685.375,0.463,,,,,4789.98,3.236,2984.559,2.016,-8667.304,-5.855
30/11/2024,2024-11-30,70,[16:15-16:30[,2024-11-30 16:15,1480.357,11055.381,7.468,685.375,0.463,,,,,4789.98,3.236,2379.266,1.607,3200.76,2.162
30/11/2024,2024-11-30,71,[16:30-16:45[,2024-11-30 16:30,1480.357,13391.584,9.046,685.375,0.463,,,,,4789.98,3.236,3048.866,2.06,4867.364,3.288
30/11/2024,2024-11-30,72,[16:45-17:00[,2024-11-30 16:45,1480.357,15932.728,10.763,685.375,0.463,,,,,4789.98,3.236,2818.735,1.904,7638.639,5.16
30/11/2024,2024-11-30,73,[17:00-17:15[,2024-11-30 17:00,1568.495,-985.47,-0.628,770.195,0.491,,,,,4098.6,2.613,1622.067,1.034,-7476.332,-4.767
30/11/2024,2024-11-30,74,[17:15-17:30[,2024-11-30 17:15,1568.495,62.857,0.04,770.195,0.491,,,,,4098.6,2.613,1579.759,1.007,-6385.698,-4.071
30/11/2024,2024-11-30,75,[17:30-17:45[,2024-11-30 17:30,1568.495,7991.169,5.095,770.195,0.491,,,,,4098.6,2.613,1579.956,1.007,1542.418,0.983
30/11/2024,2024-11-30,76,[17:45-18:00[,2024-11-30 17:45,1568.495,13738.485,8.759,770.195,0.491,,,,,4098.6,2.613,1536.923,0.98,7332.767,4.675
30/11/2024,2024-11-30,77,[18:00-18:15[,2024-11-30 18:00,1644.882,1962.038,1.193,770.29,0.468,,,,,4992.75,3.035,1492.004,0.907,-5293.006,-3.218
30/11/2024,2024-11-30,78,[18:15-18:30[,2024-11-30 18:15,1644.882,5818.616,3.537,770.29,0.468,,,,,4992.75,3.035,1488.267,0.905,-1432.691,-0.871
30/11/2024,2024-11-30,79,[18:30-18:45[,2024-11-30 18:30,1644.882,8096.259,4.922,770.29,0.468,,,,,4992.75,3.035,1486.267,0.904,846.952,0.515
30/11/2024,2024-11-30,80,[18:45-19:00[,2024-11-30 18:45,1644.882,7187.192,4.369,770.29,0.468,,,,,4992.75,3.035,1482.532,0.901,-58.38,-0.035
30/11/2024,2024-11-30,81,[19:00-19:15[,2024-11-30 19:00,1666.152,5578.826,3.348,770.29,0.462,,,,,3587.375,2.153,1475.429,0.886,-254.268,-0.153
30/11/2024,2024-11-30,82,[19:15-19:30[,2024-11-30 19:15,1666.152,4845.545,2.908,770.29,0.462,,,,,3587.375,2.153,1479.355,0.888,-991.475,-0.595
30/11/2024,2024-11-30,83,[19:30-19:45[,2024-11-30 19:30,1666.152,3165.471,1.9,770.29,0.462,,,,,3587.375,2.153,1471.878,0.883,-2664.072,-1.599
30/11/2024,2024-11-30,84,[19:45-20:00[,2024-11-30 19:45,1666.152,-1095.149,-0.657,770.29,0.462,,,,,3587.375,2.153,1465.286,0.879,-6918.101,-4.152
30/11/2024,2024-11-30,85,[20:00-20:15[,2024-11-30 20:00,1611.815,11531.79,7.155,770.29,0.478,,,,,3878,2.406,1434.513,0.89,5448.987,3.381
30/11/2024,2024-11-30,86,[20:15-20:30[,2024-11-30 20:15,1611.815,7405.004,4.594,770.29,0.478,,,,,3878,2.406,1324.311,0.822,1432.403,0.889
30/11/2024,2024-11-30,87,[20:30-20:45[,2024-11-30 20:30,1611.815,1289.305,0.8,770.29,0.478,,,,,3878,2.406,1304.804,0.81,-4663.789,-2.894
30/11/2024,2024-11-30,88,[20:45-21:00[,2024-11-30 20:45,1611.815,-8245.256,-5.116,770.29,0.478,,,,,3878,2.406,1421.994,0.882,-14315.54,-8.882
30/11/2024,2024-11-30,89,[21:00-21:15[,2024-11-30 21:00,1505.922,17336.977,11.513,902.513,0.599,,,,,5065.66,3.364,1392.464,0.925,9976.341,6.625
30/11/2024,2024-11-30,90,[21:15-21:30[,2024-11-30 21:15,1505.922,7126.2,4.732,902.513,0.599,,,,,5065.66,3.364,1444.06,0.959,-286.033,-0.19
30/11/2024,2024-11-30,91,[21:30-21:45[,2024-11-30 21:30,1505.922,3369.358,2.237,902.513,0.599,,,,,5065.66,3.364,1351.411,0.897,-3950.226,-2.623
30/11/2024,2024-11-30,92,[21:45-22:00[,2024-11-30 21:45,1505.922,-846.059,-0.562,902.513,0.599,,,,,5065.66,3.364,1330.317,0.883,-8144.548,-5.408
30/11/2024,2024-11-30,93,[22:00-22:15[,2024-11-30 22:00,1403.679,18753.309,13.36,3878.38,2.763,,,,,4777.53,3.404,1324.621,0.944,8772.778,6.25
30/11/2024,2024-11-30,94,[22:15-22:30[,2024-11-30 22:15,1403.679,12997.394,9.26,3878.38,2.763,,,,,4777.53,3.404,1296.583,0.924,3044.901,2.169
30/11/2024,2024-11-30,95,[22:30-22:45[,2024-11-30 22:30,1403.679,6690.926,4.767,3878.38,2.763,,,,,4777.53,3.404,1449.604,1.033,-3414.587,-2.433
30/11/2024,2024-11-30,96,[22:45-23:00[,2024-11-30 22:45,1403.679,1470.257,1.047,3878.38,2.763,,,,,4777.53,3.404,1486.527,1.059,-8672.18,-6.178
