dia,data_iso,periodo,intervalo,data_utc,consumo_mwh,erc_total_eur,erc_total_eur_mwh,rt_pdbf_eur,rt_pdbf_eur_mwh,rt_pdvd_eur,rt_pdvd_eur_mwh,rt_phf_eur,rt_phf_eur_mwh,banda_afrr_eur,banda_afrr_eur_mwh,banda_mfrr_eur,banda_mfrr_eur_mwh,outros_eur,outros_eur_mwh
01/09/2025,2025-09-01,1,[23:00-23:15[,2025-08-31 22:00,1339.003,26791.123,20.008,16291.562,12.167,,,,,5462.1,4.079,3323.603,2.482,1713.859,1.28
01/09/2025,2025-09-01,2,[23:15-23:30[,2025-08-31 22:15,1310.586,29053.228,22.168,16291.562,12.431,,,,,6005.42,4.582,3270.919,2.496,3485.327,2.659
01/09/2025,2025-09-01,3,[23:30-23:45[,2025-08-31 22:30,1279.73,26326.243,20.572,16291.562,12.73,,,,,5156.6,4.029,3132.722,2.448,1745.36,1.364
01/09/2025,2025-09-01,4,[23:45-00:00[,2025-08-31 22:45,1272.985,28712.081,22.555,16291.562,12.798,,,,,5543,4.354,3325.502,2.612,3552.017,2.79
01/09/2025,2025-09-01,5,[00:00-00:15[,2025-08-31 23:00,1256.675,27563.022,21.933,18902.239,15.041,,,,,6519.84,5.188,3383.325,2.692,-1242.382,-0.989
01/09/2025,2025-09-01,6,[00:15-00:30[,2025-08-31 23:15,1223.041,26711.335,21.84,18902.239,15.455,,,,,5653.4,4.622,2607.569,2.132,-451.874,-0.369
01/09/2025,2025-09-01,7,[00:30-00:45[,2025-08-31 23:30,1209.118,26309.305,21.759,18902.239,15.633,,,,,5828.2,4.82,2610.495,2.159,-1031.629,-0.853
01/09/2025,2025-09-01,8,[00:45-01:00[,2025-08-31 23:45,1186.585,26949.777,22.712,18902.239,15.93,,,,,6058.2,5.106,2472.027,2.083,-482.689,-0.407
01/09/2025,2025-09-01,9,[01:00-01:15[,2025-09-01 00:00,1178.793,25320.77,21.48,18291.029,15.517,,,,,5305.176,4.501,2553.532,2.166,-828.967,-0.703
01/09/2025,2025-09-01,10,[01:15-01:30[,2025-09-01 00:15,1164.698,26004.008,22.327,18291.029,15.705,,,,,5725.442,4.916,2636.303,2.264,-648.766,-0.557
01/09/2025,2025-09-01,11,[01:30-01:45[,2025-09-01 00:30,1150.783,25323.976,22.006,18291.029,15.894,,,,,5414.2,4.705,2644.067,2.298,-1025.32,-0.891
01/09/2025,2025-09-01,12,[01:45-02:00[,2025-09-01 00:45,1155.568,27263.561,23.593,18291.029,15.829,,,,,5579.8,4.829,3390.191,2.934,2.542,0.002
01/09/2025,2025-09-01,13,[02:00-02:15[,2025-09-01 01:00,1135.559,34870.095,30.707,19223.419,16.929,,,,,9799.44,8.63,3366.684,2.965,2480.552,2.184
01/09/2025,2025-09-01,14,[02:15-02:30[,2025-09-01 01:15,1145.003,34273.045,29.933,19223.419,16.789,,,,,10070.76,8.795,3456.768,3.019,1522.098,1.329
01/09/2025,2025-09-01,15,[02:30-02:45[,2025-09-01 01:30,1116.85,35076.904,31.407,19223.419,17.212,,,,,10336.76,9.255,3261.69,2.92,2255.036,2.019
01/09/2025,2025-09-01,16,[02:45-03:00[,2025-09-01 01:45,1118.445,36666.244,32.783,19223.419,17.188,,,,,10608.08,9.485,3476.377,3.108,3358.368,3.003
01/09/2025,2025-09-01,17,[03:00-03:15[,2025-09-01 02:00,1121.726,34412.009,30.678,19349.97,17.25,,,,,10688.32,9.528,3449.94,3.076,923.78,0.824
01/09/2025,2025-09-01,18,[03:15-03:30[,2025-09-01 02:15,1100.246,34531.484,31.385,19349.97,17.587,,,,,10688.32,9.714,3376.575,3.069,1116.619,1.015
01/09/2025,2025-09-01,19,[03:30-03:45[,2025-09-01 02:30,1103.803,35290.246,31.972,19349.97,17.53,,,,,10688.32,9.683,3400.727,3.081,1851.23,1.677
01/09/2025,2025-09-01,20,[03:45-04:00[,2025-09-01 02:45,1105.862,34716.637,31.393,19349.97,17.498,,,,,10688.32,9.665,3377.668,3.054,1300.68,1.176
01/09/2025,2025-09-01,21,[04:00-04:15[,2025-09-01 03:00,1082.127,31201.574,28.834,18510.111,17.105,,,,,10081.2,9.316,2852.474,2.636,-242.211,-0.224
01/09/2025,2025-09-01,22,[04:15-04:30[,2025-09-01 03:15,1098.025,30766.956,28.02,18510.111,16.858,,,,,9517.52,8.668,3384.684,3.083,-645.359,-0.588
01/09/2025,2025-09-01,23,[04:30-04:45[,2025-09-01 03:30,1105.385,30303.733,27.415,18510.111,16.745,,,,,9148.96,8.277,3381.915,3.059,-737.253,-0.667
01/09/2025,2025-09-01,24,[04:45-05:00[,2025-09-01 03:45,1088.998,30055.999,27.6,18510.111,16.997,,,,,8601.54,7.899,3158.103,2.9,-213.754,-0.196
01/09/2025,2025-09-01,25,[05:00-05:15[,2025-09-01 04:00,1118.21,24814.692,22.191,16726.19,14.958,,,,,5354.4,4.788,3418.431,3.057,-684.328,-0.612
01/09/2025,2025-09-01,26,[05:15-05:30[,2025-09-01 04:15,1130.048,27143.248,24.02,16726.19,14.801,,,,,8461.12,7.487,3417.681,3.024,-1461.742,-1.294
01/09/2025,2025-09-01,27,[05:30-05:45[,2025-09-01 04:30,1132.855,23931.449,21.125,16726.19,14.765,,,,,5004.986,4.418,3402.756,3.004,-1202.483,-1.061
01/09/2025,2025-09-01,28,[05:45-06:00[,2025-09-01 04:45,1157.519,24219.571,20.924,16726.19,14.45,,,,,4448.27,3.843,3469.627,2.997,-424.515,-0.367
01/09/2025,2025-09-01,29,[06:00-06:15[,2025-09-01 05:00,1193.202,22089.551,18.513,14544.315,12.189,,,,,4864,4.076,3233.082,2.71,-551.845,-0.462
01/09/2025,2025-09-01,30,[06:15-06:30[,2025-09-01 05:15,1221.115,23106.655,18.923,14544.315,11.911,,,,,4864,3.983,3399.618,2.784,298.723,0.245
01/09/2025,2025-09-01,31,[06:30-06:45[,2025-09-01 05:30,1240.854,20159.834,16.247,14544.315,11.721,,,,,4566.2,3.68,3419.57,2.756,-2370.251,-1.91
01/09/2025,2025-09-01,32,[06:45-07:00[,2025-09-01 05:45,1244.55,22172.978,17.816,14544.315,11.686,,,,,4427.48,3.557,3470.598,2.789,-269.414,-0.216
01/09/2025,2025-09-01,33,[07:00-07:15[,2025-09-01 06:00,1283.645,20561.468,16.018,13870.617,10.806,,,,,5120,3.989,3453.134,2.69,-1882.283,-1.466
01/09/2025,2025-09-01,34,[07:15-07:30[,2025-09-01 06:15,1317.455,20782.96,15.775,13870.617,10.528,,,,,5120,3.886,3337.21,2.533,-1544.867,-1.173
01/09/2025,2025-09-01,35,[07:30-07:45[,2025-09-01 06:30,1354.993,21819.181,16.103,13870.617,10.237,,,,,5120,3.779,3429.79,2.531,-601.227,-0.444
01/09/2025,2025-09-01,36,[07:45-08:00[,2025-09-01 06:45,1391.953,25288.954,18.168,13870.617,9.965,,,,,7200,5.173,3479.025,2.499,739.312,0.531
01/09/2025,2025-09-01,37,[08:00-08:15[,2025-09-01 07:00,1444.037,27626.423,19.131,16895.987,11.701,,,,,9807.66,6.792,3215.317,2.227,-2292.54,-1.588
01/09/2025,2025-09-01,38,[08:15-08:30[,2025-09-01 07:15,1483.097,29321.855,19.771,16895.987,11.392,,,,,8146.77,5.493,3402.608,2.294,876.491,0.591
01/09/2025,2025-09-01,39,[08:30-08:45[,2025-09-01 07:30,1495.634,44354.024,29.656,16895.987,11.297,,,3161.79,2.114,21739.496,14.535,3081.471,2.06,-524.719,-0.351
01/09/2025,2025-09-01,40,[08:45-09:00[,2025-09-01 07:45,1525.675,45996.46,30.148,16895.987,11.074,,,2280.19,1.495,21739.496,14.249,3269.581,2.143,1811.207,1.187
01/09/2025,2025-09-01,41,[09:00-09:15[,2025-09-01 08:00,1552.869,31598.894,20.349,20446.27,13.167,,,,,8356.54,5.381,3246.566,2.091,-450.482,-0.29
01/09/2025,2025-09-01,42,[09:15-09:30[,2025-09-01 08:15,1556.192,31836.783,20.458,20446.27,13.139,,,,,8663.54,5.567,3070.196,1.973,-343.223,-0.221
01/09/2025,2025-09-01,43,[09:30-09:45[,2025-09-01 08:30,1557.272,33401.731,21.449,20446.27,13.13,,,,,8853.88,5.686,2992.82,1.922,1108.76,0.712
01/09/2025,2025-09-01,44,[09:45-10:00[,2025-09-01 08:45,1570.579,32460.874,20.668,20446.27,13.018,,,,,8663.54,5.516,3163.872,2.014,187.192,0.119
01/09/2025,2025-09-01,45,[10:00-10:15[,2025-09-01 09:00,1572.164,31194.821,19.842,20878.716,13.28,,,,,7529.842,4.789,2969.001,1.888,-182.737,-0.116
01/09/2025,2025-09-01,46,[10:15-10:30[,2025-09-01 09:15,1567.286,31510.053,20.105,20878.716,13.322,,,,,7529.842,4.804,2996.772,1.912,104.723,0.067
01/09/2025,2025-09-01,47,[10:30-10:45[,2025-09-01 09:30,1557.552,31784.011,20.406,20878.716,13.405,,,,,7660.682,4.918,2921.432,1.876,323.181,0.207
01/09/2025,2025-09-01,48,[10:45-11:00[,2025-09-01 09:45,1563.494,31572.711,20.194,20878.716,13.354,,,,,7843.858,5.017,2973.651,1.902,-123.513,-0.079
01/09/2025,2025-09-01,49,[11:00-11:15[,2025-09-01 10:00,1564.345,31909.742,20.398,21116.984,13.499,,,,,7725.512,4.938,2931.316,1.874,135.929,0.087
01/09/2025,2025-09-01,50,[11:15-11:30[,2025-09-01 10:15,1555.171,31819.353,20.46,21116.984,13.579,,,,,7725.512,4.968,2784.365,1.79,192.492,0.124
01/09/2025,2025-09-01,51,[11:30-11:45[,2025-09-01 10:30,1549.525,31921.441,20.601,21116.984,13.628,,,,,7725.512,4.986,2898.084,1.87,180.861,0.117
01/09/2025,2025-09-01,52,[11:45-12:00[,2025-09-01 10:45,1551.673,32025.883,20.64,21116.984,13.609,,,,,7725.512,4.979,2932.474,1.89,250.913,0.162
01/09/2025,2025-09-01,53,[12:00-12:15[,2025-09-01 11:00,1542.327,32255.051,20.913,21213.47,13.754,,,,,7251.75,4.702,2934.195,1.902,855.636,0.555
01/09/2025,2025-09-01,54,[12:15-12:30[,2025-09-01 11:15,1528.799,31211.758,20.416,21213.47,13.876,,,,,7251.75,4.743,2607.555,1.706,138.983,0.091
01/09/2025,2025-09-01,55,[12:30-12:45[,2025-09-01 11:30,1517.802,34333.972,22.621,21213.47,13.976,,,,,7251.75,4.778,2739.917,1.805,3128.835,2.061
01/09/2025,2025-09-01,56,[12:45-13:00[,2025-09-01 11:45,1500.315,34689.005,23.121,21213.47,14.139,,,,,7251.75,4.833,2906.421,1.937,3317.364,2.211
01/09/2025,2025-09-01,57,[13:00-13:15[,2025-09-01 12:00,1485.771,34877.871,23.475,21214.847,14.279,,,,,7274.25,4.896,2861.14,1.926,3527.635,2.374
01/09/2025,2025-09-01,58,[13:15-13:30[,2025-09-01 12:15,1488.78,37360.346,25.095,21214.847,14.25,,,,,7274.25,4.886,2914.217,1.957,5957.032,4.001
01/09/2025,2025-09-01,59,[13:30-13:45[,2025-09-01 12:30,1493.588,34978.257,23.419,21214.847,14.204,,,,,7274.25,4.87,2969.572,1.988,3519.588,2.356
01/09/2025,2025-09-01,60,[13:45-14:00[,2025-09-01 12:45,1479.038,32347.965,21.871,21214.847,14.344,,,,,7274.25,4.918,2653.406,1.794,1205.462,0.815
01/09/2025,2025-09-01,61,[14:00-14:15[,2025-09-01 13:00,1494.247,33225.34,22.236,21215.298,14.198,,,,,7206.75,4.823,2969.525,1.987,1833.768,1.227
01/09/2025,2025-09-01,62,[14:15-14:30[,2025-09-01 13:15,1502.265,32606.73,21.705,21215.298,14.122,,,,,7206.75,4.797,2974.312,1.98,1210.371,0.806
01/09/2025,2025-09-01,63,[14:30-14:45[,2025-09-01 13:30,1490.588,32329.843,21.689,21215.298,14.233,,,,,7206.75,4.835,2831.014,1.899,1076.781,0.722
01/09/2025,2025-09-01,64,[14:45-15:00[,2025-09-01 13:45,1488.462,31906.44,21.436,21215.298,14.253,,,,,7206.75,4.842,2896.803,1.946,587.59,0.395
01/09/2025,2025-09-01,65,[15:00-15:15[,2025-09-01 14:00,1472.546,30779.729,20.902,21217.412,14.409,,,,,7071.75,4.802,1848.299,1.255,642.267,0.436
01/09/2025,2025-09-01,66,[15:15-15:30[,2025-09-01 14:15,1476.819,30591.176,20.714,21217.412,14.367,,,,,7071.75,4.789,1911.584,1.294,390.43,0.264
01/09/2025,2025-09-01,67,[15:30-15:45[,2025-09-01 14:30,1471.192,30888.901,20.996,21217.412,14.422,,,,,7071.75,4.807,1796.563,1.221,803.176,0.546
01/09/2025,2025-09-01,68,[15:45-16:00[,2025-09-01 14:45,1480.069,31028.585,20.964,21217.412,14.335,,,,,7071.75,4.778,1870.327,1.264,869.095,0.587
01/09/2025,2025-09-01,69,[16:00-16:15[,2025-09-01 15:00,1484.081,31148.644,20.989,21070.757,14.198,,,,,6513.75,4.389,1834.166,1.236,1729.971,1.166
01/09/2025,2025-09-01,70,[16:15-16:30[,2025-09-01 15:15,1495.657,32480.539,21.717,21070.757,14.088,,,,,6880.5,4.6,1840.43,1.231,2688.852,1.798
01/09/2025,2025-09-01,71,[16:30-16:45[,2025-09-01 15:30,1502.072,30646.507,20.403,21070.757,14.028,,,,,6880.5,4.581,1797.496,1.197,897.754,0.598
01/09/2025,2025-09-01,72,[16:45-17:00[,2025-09-01 15:45,1493.57,31157.823,20.861,21070.757,14.108,,,,,6880.5,4.607,1278.336,0.856,1928.23,1.291
01/09/2025,2025-09-01,73,[17:00-17:15[,2025-09-01 16:00,1487.606,30484.252,20.492,20443.878,13.743,,,,,8431.15,5.668,994.818,0.669,614.406,0.413
01/09/2025,2025-09-01,74,[17:15-17:30[,2025-09-01 16:15,1491.641,30032.893,20.134,20443.878,13.706,,,,,8395.45,5.628,1078.994,0.723,114.572,0.077
01/09/2025,2025-09-01,75,[17:30-17:45[,2025-09-01 16:30,1508.254,29054.788,19.264,20443.878,13.555,,,,,8335.95,5.527,1121.397,0.744,-846.436,-0.561
01/09/2025,2025-09-01,76,[17:45-18:00[,2025-09-01 16:45,1527.521,29047.198,19.016,20443.878,13.384,,,,,6723.5,4.402,1072.162,0.702,807.658,0.529
01/09/2025,2025-09-01,77,[18:00-18:15[,2025-09-01 17:00,1524.517,19524.421,12.807,14083.661,9.238,,,,,7151.55,4.691,1035.773,0.679,-2746.562,-1.802
01/09/2025,2025-09-01,78,[18:15-18:30[,2025-09-01 17:15,1534.017,23941.56,15.607,14083.661,9.181,,,,,7546,4.919,1066.16,0.695,1245.739,0.812
01/09/2025,2025-09-01,79,[18:30-18:45[,2025-09-01 17:30,1556.39,19853.431,12.756,14083.661,9.049,,,,,7054.86,4.533,1088.13,0.699,-2373.22,-1.525
01/09/2025,2025-09-01,80,[18:45-19:00[,2025-09-01 17:45,1587.333,18488.693,11.648,14083.661,8.873,,,,,4912,3.094,1034.881,0.652,-1541.848,-0.971
01/09/2025,2025-09-01,81,[19:00-19:15[,2025-09-01 18:00,1617.022,13726.449,8.489,11903.861,7.362,,,,,3079.2,1.904,1148.17,0.71,-2404.782,-1.487
01/09/2025,2025-09-01,82,[19:15-19:30[,2025-09-01 18:15,1649.221,20429.355,12.387,11903.861,7.218,,,,,3274.8,1.986,1207.761,0.732,4042.933,2.451
01/09/2025,2025-09-01,83,[19:30-19:45[,2025-09-01 18:30,1678.181,18513.5,11.032,11903.861,7.093,,,27.848,0.017,3274.8,1.951,1099.984,0.655,2207.007,1.315
01/09/2025,2025-09-01,84,[19:45-20:00[,2025-09-01 18:45,1703.722,22762.8,13.361,11903.861,6.987,,,,,3274.8,1.922,1172.537,0.688,6411.602,3.763
01/09/2025,2025-09-01,85,[20:00-20:15[,2025-09-01 19:00,1728.695,9919.547,5.738,9146.942,5.291,,,,,3612.5,2.09,1188.763,0.688,-4028.658,-2.33
01/09/2025,2025-09-01,86,[20:15-20:30[,2025-09-01 19:15,1754.576,10148.613,5.784,9146.942,5.213,,,,,3612.5,2.059,1185.129,0.675,-3795.957,-2.163
01/09/2025,2025-09-01,87,[20:30-20:45[,2025-09-01 19:30,1757.868,11439.061,6.507,9146.942,5.203,,,,,3612.5,2.055,1213.687,0.69,-2534.068,-1.442
01/09/2025,2025-09-01,88,[20:45-21:00[,2025-09-01 19:45,1739.153,11918.5,6.853,9146.942,5.259,,,,,3612.5,2.077,1216.292,0.699,-2057.234,-1.183
01/09/2025,2025-09-01,89,[21:00-21:15[,2025-09-01 20:00,1712.006,12436.083,7.264,10189.178,5.952,,,,,7065,4.127,1186.018,0.693,-6004.112,-3.507
01/09/2025,2025-09-01,90,[21:15-21:30[,2025-09-01 20:15,1684.642,18384.171,10.913,10189.178,6.048,,,,,7065,4.194,1197.715,0.711,-67.722,-0.04
01/09/2025,2025-09-01,91,[21:30-21:45[,2025-09-01 20:30,1651.687,17381.284,10.523,10189.178,6.169,,,,,7065,4.277,1231.121,0.745,-1104.016,-0.668
01/09/2025,2025-09-01,92,[21:45-22:00[,2025-09-01 20:45,1620.381,16273.044,10.043,10189.178,6.288,,,,,5024,3.101,1231.754,0.76,-171.887,-0.106
01/09/2025,2025-09-01,93,[22:00-22:15[,2025-09-01 21:00,1585.929,17868.895,11.267,11992.053,7.562,,,,,5264,3.319,1242.159,0.783,-629.316,-0.397
01/09/2025,2025-09-01,94,[22:15-22:30[,2025-09-01 21:15,1553.803,17702.375,11.393,11992.053,7.718,,,,,5264,3.388,1192.863,0.768,-746.54,-0.48
01/09/2025,2025-09-01,95,[22:30-22:45[,2025-09-01 21:30,1521.331,16360.039,10.754,11992.053,7.883,,,,,5264,3.46,1192.934,0.784,-2088.947,-1.373
01/09/2025,2025-09-01,96,[22:45-23:00[,2025-09-01 21:45,1486.296,16078.577,10.818,11992.053,8.068,,,,,5264,3.542,1198.757,0.807,-2376.232,-1.599
02/09/2025,2025-09-02,1,[23:00-23:15[,2025-09-01 22:00,1464.954,9721.072,6.636,6970.496,4.758,,,,,2487.936,1.698,2080.206,1.42,-1817.566,-1.241
02/09/2025,2025-09-02,2,[23:15-23:30[,2025-09-01 22:15,1431.44,10213.224,7.135,6970.496,4.87,,,,,2487.936,1.738,2240.112,1.565,-1485.32,-1.038
02/09/2025,2025-09-02,3,[23:30-23:45[,2025-09-01 22:30,1404.722,8584.435,6.111,6970.496,4.962,,,,,2487.936,1.771,2194.503,1.562,-3068.5,-2.184
02/09/2025,2025-09-02,4,[23:45-00:00[,2025-09-01 22:45,1373.832,9038.321,6.579,6970.496,5.074,,,,,2487.936,1.811,2077.367,1.512,-2497.478,-1.818
02/09/2025,2025-09-02,5,[00:00-00:15[,2025-09-01 23:00,1374.008,12914.826,9.399,7693.835,5.6,,,,,2487.936,1.811,3285.412,2.391,-552.357,-0.402
02/09/2025,2025-09-02,6,[00:15-00:30[,2025-09-01 23:15,1357.077,13217.026,9.739,7693.835,5.669,,,,,2487.936,1.833,3286.283,2.422,-251.028,-0.185
02/09/2025,2025-09-02,7,[00:30-00:45[,2025-09-01 23:30,1335.039,13060.031,9.783,7693.835,5.763,,,,,2487.936,1.864,3122.665,2.339,-244.406,-0.183
02/09/2025,2025-09-02,8,[00:45-01:00[,2025-09-01 23:45,1303.107,11855.041,9.098,7693.835,5.904,,,,,2487.936,1.909,2782.994,2.136,-1109.723,-0.852
02/09/2025,2025-09-02,9,[01:00-01:15[,2025-09-02 00:00,1301.059,12765.47,9.812,8603.92,6.613,,,,,2349.16,1.806,3285.713,2.525,-1473.323,-1.132
02/09/2025,2025-09-02,10,[01:15-01:30[,2025-09-02 00:15,1281.134,13677.889,10.676,8603.92,6.716,,,,,2349.16,1.834,2813.726,2.196,-88.917,-0.069
02/09/2025,2025-09-02,11,[01:30-01:45[,2025-09-02 00:30,1271.18,14765.4,11.616,8603.92,6.768,,,,,2349.16,1.848,3191.49,2.511,620.831,0.488
02/09/2025,2025-09-02,12,[01:45-02:00[,2025-09-02 00:45,1233.807,13095.053,10.614,8603.92,6.973,,,,,2349.16,1.904,2457.679,1.992,-315.706,-0.256
02/09/2025,2025-09-02,13,[02:00-02:15[,2025-09-02 01:00,1237.244,12508.633,10.11,9193.03,7.43,,,,,2257.2,1.824,3125.559,2.526,-2067.156,-1.671
02/09/2025,2025-09-02,14,[02:15-02:30[,2025-09-02 01:15,1231.264,11682.769,9.488,9193.03,7.466,,,,,2257.2,1.833,3281.933,2.665,-3049.394,-2.477
02/09/2025,2025-09-02,15,[02:30-02:45[,2025-09-02 01:30,1224.702,14705.172,12.007,9193.03,7.506,,,,,2257.2,1.843,3285.997,2.683,-31.055,-0.025
02/09/2025,2025-09-02,16,[02:45-03:00[,2025-09-02 01:45,1201.688,13598.679,11.316,9193.03,7.65,,,,,2257.2,1.878,2908.544,2.42,-760.095,-0.633
02/09/2025,2025-09-02,17,[03:00-03:15[,2025-09-02 02:00,1209.186,12048.284,9.964,9371.766,7.75,,,,,2232.12,1.846,3273.734,2.707,-2829.336,-2.34
02/09/2025,2025-09-02,18,[03:15-03:30[,2025-09-02 02:15,1205.921,11660.596,9.669,9371.766,7.771,,,,,2232.12,1.851,3121.834,2.589,-3065.124,-2.542
02/09/2025,2025-09-02,19,[03:30-03:45[,2025-09-02 02:30,1189.996,14300.678,12.017,9371.766,7.875,,,,,2232.12,1.876,3071.379,2.581,-374.588,-0.315
02/09/2025,2025-09-02,20,[03:45-04:00[,2025-09-02 02:45,1187.331,13643.252,11.491,9371.766,7.893,,,,,2232.12,1.88,3090.856,2.603,-1051.491,-0.886
02/09/2025,2025-09-02,21,[04:00-04:15[,2025-09-02 03:00,1189.338,12721.087,10.696,9375.207,7.883,,,,,2299,1.933,3106.78,2.612,-2059.901,-1.732
02/09/2025,2025-09-02,22,[04:15-04:30[,2025-09-02 03:15,1195.038,13070.25,10.937,9375.207,7.845,,,,,2299,1.924,3241.132,2.712,-1845.089,-1.544
02/09/2025,2025-09-02,23,[04:30-04:45[,2025-09-02 03:30,1172.862,14220.92,12.125,9375.207,7.993,,,,,2299,1.96,3010.185,2.567,-463.472,-0.395
02/09/2025,2025-09-02,24,[04:45-05:00[,2025-09-02 03:45,1180.641,14116.939,11.957,9375.207,7.941,,,,,2299,1.947,3216.206,2.724,-773.475,-0.655
02/09/2025,2025-09-02,25,[05:00-05:15[,2025-09-02 04:00,1196.082,15308.593,12.799,9236.26,7.722,,,,,2315.72,1.936,3239.253,2.708,517.36,0.433
02/09/2025,2025-09-02,26,[05:15-05:30[,2025-09-02 04:15,1195.457,11949.656,9.996,9236.26,7.726,,,,,2315.72,1.937,2278.339,1.906,-1880.662,-1.573
02/09/2025,2025-09-02,27,[05:30-05:45[,2025-09-02 04:30,1205.4,14182.381,11.766,9236.26,7.662,,,,,2315.72,1.921,2252.33,1.869,378.071,0.314
02/09/2025,2025-09-02,28,[05:45-06:00[,2025-09-02 04:45,1225.421,13997.101,11.422,9236.26,7.537,,,,,2315.72,1.89,2251.038,1.837,194.083,0.158
02/09/2025,2025-09-02,29,[06:00-06:15[,2025-09-02 05:00,1267.113,8797.388,6.943,7244.629,5.717,,,,,2487.936,1.963,3030.994,2.392,-3966.17,-3.13
02/09/2025,2025-09-02,30,[06:15-06:30[,2025-09-02 05:15,1284.944,11299.098,8.793,7244.629,5.638,,,,,2487.936,1.936,2231.144,1.736,-664.611,-0.517
02/09/2025,2025-09-02,31,[06:30-06:45[,2025-09-02 05:30,1294.954,11762.66,9.083,7244.629,5.595,,,,,2487.936,1.921,2381.376,1.839,-351.28,-0.271
02/09/2025,2025-09-02,32,[06:45-07:00[,2025-09-02 05:45,1307.585,11587.211,8.862,7244.629,5.54,,,,,2487.936,1.903,2438.996,1.865,-584.349,-0.447
02/09/2025,2025-09-02,33,[07:00-07:15[,2025-09-02 06:00,1339.788,13217.411,9.865,8224.847,6.139,,,,,3139,2.343,2439.017,1.82,-585.452,-0.437
02/09/2025,2025-09-02,34,[07:15-07:30[,2025-09-02 06:15,1380.585,13011.425,9.425,8224.847,5.958,,,,,3139,2.274,3163.015,2.291,-1515.437,-1.098
02/09/2025,2025-09-02,35,[07:30-07:45[,2025-09-02 06:30,1425.93,12468.175,8.744,8224.847,5.768,,,,,3139,2.201,3301.14,2.315,-2196.812,-1.541
02/09/2025,2025-09-02,36,[07:45-08:00[,2025-09-02 06:45,1467.205,10306.943,7.025,8224.847,5.606,,,,,3792.02,2.585,3327.694,2.268,-5037.617,-3.433
02/09/2025,2025-09-02,37,[08:00-08:15[,2025-09-02 07:00,1521.088,38074.657,25.031,14595.64,9.596,,,2337.788,1.537,21490.175,14.128,2773.121,1.823,-3122.066,-2.053
02/09/2025,2025-09-02,38,[08:15-08:30[,2025-09-02 07:15,1569.452,41607.768,26.511,14595.64,9.3,,,2337.788,1.49,21490.175,13.693,3361.031,2.142,-176.866,-0.113
02/09/2025,2025-09-02,39,[08:30-08:45[,2025-09-02 07:30,1613.417,40120.87,24.867,14595.64,9.046,,,2337.788,1.449,21490.175,13.32,3287.593,2.038,-1590.324,-0.986
02/09/2025,2025-09-02,40,[08:45-09:00[,2025-09-02 07:45,1606.983,42189.884,26.254,14595.64,9.083,,,2325.194,1.447,21490.175,13.373,2997.613,1.865,781.263,0.486
02/09/2025,2025-09-02,41,[09:00-09:15[,2025-09-02 08:00,1641.211,26647.052,16.236,18805.799,11.458,,,1950.163,1.188,8360,5.094,3339.652,2.035,-5808.561,-3.539
02/09/2025,2025-09-02,42,[09:15-09:30[,2025-09-02 08:15,1652.646,32495.579,19.663,18805.799,11.379,,,1950.163,1.18,9315.625,5.637,3224.19,1.951,-800.197,-0.484
02/09/2025,2025-09-02,43,[09:30-09:45[,2025-09-02 08:30,1645.728,31516.985,19.151,18805.799,11.427,,,1950.163,1.185,9432.5,5.732,3083.935,1.874,-1755.412,-1.067
02/09/2025,2025-09-02,44,[09:45-10:00[,2025-09-02 08:45,1655.911,24776.682,14.963,18805.799,11.357,,,1950.163,1.178,9631.875,5.817,3284.233,1.983,-8895.387,-5.372
02/09/2025,2025-09-02,45,[10:00-10:15[,2025-09-02 09:00,1637.42,31110.563,19,19371.932,11.831,,,,,8938.38,5.459,3035.845,1.854,-235.593,-0.144
02/09/2025,2025-09-02,46,[10:15-10:30[,2025-09-02 09:15,1646.002,31233.172,18.975,19371.932,11.769,,,,,8938.38,5.43,2827.37,1.718,95.49,0.058
02/09/2025,2025-09-02,47,[10:30-10:45[,2025-09-02 09:30,1659.045,31692.413,19.103,19371.932,11.677,,,,,8963.9,5.403,3240.992,1.954,115.59,0.07
02/09/2025,2025-09-02,48,[10:45-11:00[,2025-09-02 09:45,1661.651,30271.421,18.218,19371.932,11.658,,,,,8963.9,5.395,2936.311,1.767,-1000.722,-0.602
02/09/2025,2025-09-02,49,[11:00-11:15[,2025-09-02 10:00,1650.06,28317.987,17.162,19328.28,11.714,,,,,9050.46,5.485,2741.511,1.661,-2802.265,-1.698
02/09/2025,2025-09-02,50,[11:15-11:30[,2025-09-02 10:15,1662.05,30115.926,18.12,19328.28,11.629,,,,,9050.46,5.445,3210.3,1.932,-1473.114,-0.886
02/09/2025,2025-09-02,51,[11:30-11:45[,2025-09-02 10:30,1664.79,29936.028,17.982,19328.28,11.61,,,,,9050.46,5.436,3109.589,1.868,-1552.301,-0.932
02/09/2025,2025-09-02,52,[11:45-12:00[,2025-09-02 10:45,1653.015,31019.672,18.766,19328.28,11.693,,,,,9050.46,5.475,2893.228,1.75,-252.297,-0.153
02/09/2025,2025-09-02,53,[12:00-12:15[,2025-09-02 11:00,1646.569,29433.748,17.876,19354.92,11.755,,,,,7870.368,4.78,2979.619,1.81,-771.159,-0.468
02/09/2025,2025-09-02,54,[12:15-12:30[,2025-09-02 11:15,1649.294,30054.835,18.223,19354.92,11.735,,,,,7895.04,4.787,3137.898,1.903,-333.023,-0.202
02/09/2025,2025-09-02,55,[12:30-12:45[,2025-09-02 11:30,1589.078,29528.741,18.582,19354.92,12.18,,,,,7895.04,4.968,2180.412,1.372,98.369,0.062
02/09/2025,2025-09-02,56,[12:45-13:00[,2025-09-02 11:45,1567.646,29472.243,18.8,19354.92,12.346,,,,,7895.04,5.036,2060.045,1.314,162.238,0.103
02/09/2025,2025-09-02,57,[13:00-13:15[,2025-09-02 12:00,1583.665,30189.855,19.063,19366.277,12.229,,,,,7959.688,5.026,2954.131,1.865,-90.241,-0.057
02/09/2025,2025-09-02,58,[13:15-13:30[,2025-09-02 12:15,1570.886,30184.364,19.215,19366.277,12.328,,,,,7984.64,5.083,2962.418,1.886,-128.97,-0.082
02/09/2025,2025-09-02,59,[13:30-13:45[,2025-09-02 12:30,1569.157,30342.047,19.337,19366.277,12.342,,,,,7984.64,5.088,3014.674,1.921,-23.544,-0.015
02/09/2025,2025-09-02,60,[13:45-14:00[,2025-09-02 12:45,1574.005,30313.842,19.259,19366.277,12.304,,,,,7984.64,5.073,3064.023,1.947,-101.098,-0.064
02/09/2025,2025-09-02,61,[14:00-14:15[,2025-09-02 13:00,1582.12,33974.206,21.474,19322.696,12.213,4332.204,2.738,,,7934.168,5.015,2709.454,1.713,-324.317,-0.205
02/09/2025,2025-09-02,62,[14:15-14:30[,2025-09-02 13:15,1584.605,33551.69,21.174,19322.696,12.194,3403.08,2.148,,,7934.168,5.007,2932.131,1.85,-40.385,-0.025
02/09/2025,2025-09-02,63,[14:30-14:45[,2025-09-02 13:30,1582.732,38241.57,24.162,19322.696,12.208,7957.224,5.028,,,7934.168,5.013,2947.339,1.862,80.142,0.051
02/09/2025,2025-09-02,64,[14:45-15:00[,2025-09-02 13:45,1570.739,38368.108,24.427,19322.696,12.302,7957.224,5.066,,,7934.168,5.051,2835.378,1.805,318.641,0.203
02/09/2025,2025-09-02,65,[15:00-15:15[,2025-09-02 14:00,1557.219,38417.246,24.67,19368.659,12.438,8253.144,5.3,,,7856.096,5.045,2782.276,1.787,157.07,0.101
02/09/2025,2025-09-02,66,[15:15-15:30[,2025-09-02 14:15,1555.517,38353.263,24.656,19368.659,12.452,8253.144,5.306,,,7843.84,5.043,2719.828,1.749,167.792,0.108
02/09/2025,2025-09-02,67,[15:30-15:45[,2025-09-02 14:30,1563.35,38814.807,24.828,19368.659,12.389,8253.144,5.279,,,7819.328,5.002,2976.898,1.904,396.778,0.254
02/09/2025,2025-09-02,68,[15:45-16:00[,2025-09-02 14:45,1548.655,37849.486,24.44,19368.659,12.507,8253.144,5.329,,,7819.328,5.049,2488.818,1.607,-80.463,-0.052
02/09/2025,2025-09-02,69,[16:00-16:15[,2025-09-02 15:00,1557.555,39610.654,25.431,18486.052,11.869,8253.144,5.299,,,8482.3,5.446,2626.201,1.686,1762.957,1.132
02/09/2025,2025-09-02,70,[16:15-16:30[,2025-09-02 15:15,1569.557,38089.259,24.268,18486.052,11.778,8253.144,5.258,,,8400.92,5.352,2792.838,1.779,156.305,0.1
02/09/2025,2025-09-02,71,[16:30-16:45[,2025-09-02 15:30,1589.328,38224.816,24.051,18486.052,11.631,8253.144,5.193,,,7931.42,4.99,2942.998,1.852,611.202,0.385
02/09/2025,2025-09-02,72,[16:45-17:00[,2025-09-02 15:45,1580.91,39004.685,24.672,18486.052,11.693,8253.144,5.221,,,6247.48,3.952,2711.642,1.715,3306.368,2.091
02/09/2025,2025-09-02,73,[17:00-17:15[,2025-09-02 16:00,1582.407,37740.615,23.85,15757.937,9.958,8253.144,5.216,1062.713,0.672,12650.355,7.994,3001.229,1.897,-2984.763,-1.886
02/09/2025,2025-09-02,74,[17:15-17:30[,2025-09-02 16:15,1581.674,41188.035,26.041,15757.937,9.963,8253.144,5.218,2443.963,1.545,12650.355,7.998,3050.453,1.929,-967.817,-0.612
02/09/2025,2025-09-02,75,[17:30-17:45[,2025-09-02 16:30,1588.174,43708.164,27.521,15757.937,9.922,8253.144,5.197,2443.963,1.539,12650.355,7.965,3160.871,1.99,1441.894,0.908
02/09/2025,2025-09-02,76,[17:45-18:00[,2025-09-02 16:45,1605.084,43353.569,27.01,15757.937,9.818,8253.144,5.142,2443.963,1.523,12650.355,7.881,3084.429,1.922,1163.742,0.725
02/09/2025,2025-09-02,77,[18:00-18:15[,2025-09-02 17:00,1608.085,24234.311,15.07,8631.678,5.368,6658.2,4.14,,,5246.28,3.262,3018.239,1.877,679.914,0.423
02/09/2025,2025-09-02,78,[18:15-18:30[,2025-09-02 17:15,1633.565,17537.85,10.736,8631.678,5.284,8137.8,4.982,,,4164,2.549,3195.95,1.956,-6591.577,-4.035
02/09/2025,2025-09-02,79,[18:30-18:45[,2025-09-02 17:30,1659.909,28690.725,17.285,8631.678,5.2,11582.244,6.978,,,4164,2.509,3050.926,1.838,1261.878,0.76
02/09/2025,2025-09-02,80,[18:45-19:00[,2025-09-02 17:45,1695.275,28284.267,16.684,8631.678,5.092,11582.244,6.832,,,4231.2,2.496,3165.594,1.867,673.551,0.397
02/09/2025,2025-09-02,81,[19:00-19:15[,2025-09-02 18:00,1706.594,20276.278,11.881,3429.608,2.01,20733.007,12.149,,,1394.176,0.817,1687.354,0.989,-6967.866,-4.083
02/09/2025,2025-09-02,82,[19:15-19:30[,2025-09-02 18:15,1720.462,20043.32,11.65,3429.608,1.993,20733.007,12.051,,,1394.176,0.81,1396.381,0.812,-6909.851,-4.016
02/09/2025,2025-09-02,83,[19:30-19:45[,2025-09-02 18:30,1749.41,14397.221,8.23,3429.608,1.96,20733.007,11.851,,,1913.08,1.094,1455.693,0.832,-13134.166,-7.508
02/09/2025,2025-09-02,84,[19:45-20:00[,2025-09-02 18:45,1774.833,19880.165,11.201,3429.608,1.932,20733.007,11.682,,,1913.08,1.078,1492.989,0.841,-7688.518,-4.332
02/09/2025,2025-09-02,85,[20:00-20:15[,2025-09-02 19:00,1791.135,14086.203,7.864,1708.035,0.954,20733.007,11.575,,,875.16,0.489,1347.519,0.752,-10577.518,-5.905
02/09/2025,2025-09-02,86,[20:15-20:30[,2025-09-02 19:15,1814.018,16115.411,8.884,1708.035,0.942,20733.007,11.429,,,875.16,0.482,1300.699,0.717,-8501.489,-4.687
02/09/2025,2025-09-02,87,[20:30-20:45[,2025-09-02 19:30,1813.982,16217.319,8.94,1708.035,0.942,20733.007,11.43,,,875.16,0.482,1200.767,0.662,-8299.651,-4.575
02/09/2025,2025-09-02,88,[20:45-21:00[,2025-09-02 19:45,1790.768,16312.698,9.109,1708.035,0.954,20733.007,11.578,,,875.16,0.489,1197.632,0.669,-8201.136,-4.58
02/09/2025,2025-09-02,89,[21:00-21:15[,2025-09-02 20:00,1759.671,21837.05,12.41,3936.288,2.237,20733.007,11.782,,,2230.8,1.268,1214.398,0.69,-6277.443,-3.567
02/09/2025,2025-09-02,90,[21:15-21:30[,2025-09-02 20:15,1734.72,24057.758,13.868,3936.288,2.269,20733.007,11.952,,,2230.8,1.286,1251.873,0.722,-4094.21,-2.36
02/09/2025,2025-09-02,91,[21:30-21:45[,2025-09-02 20:30,1700.483,25840.488,15.196,3936.288,2.315,20733.007,12.192,,,2129.4,1.252,1290.508,0.759,-2248.715,-1.322
02/09/2025,2025-09-02,92,[21:45-22:00[,2025-09-02 20:45,1663.629,24867.038,14.947,3936.288,2.366,20733.007,12.463,,,2129.4,1.28,1308.093,0.786,-3239.75,-1.947
02/09/2025,2025-09-02,93,[22:00-22:15[,2025-09-02 21:00,1652.426,22657.169,13.711,5043.813,3.052,20733.007,12.547,,,2442.388,1.478,2296.338,1.39,-7858.376,-4.756
02/09/2025,2025-09-02,94,[22:15-22:30[,2025-09-02 21:15,1622.333,21343.491,13.156,5043.813,3.109,20733.007,12.78,,,2442.388,1.505,2268.292,1.398,-9144.008,-5.636
02/09/2025,2025-09-02,95,[22:30-22:45[,2025-09-02 21:30,1591.975,18688.952,11.739,5043.813,3.168,14870.092,9.341,,,2442.388,1.534,2215.253,1.392,-5882.594,-3.695
02/09/2025,2025-09-02,96,[22:45-23:00[,2025-09-02 21:45,1558.082,17419.698,11.18,5043.813,3.237,10149.493,6.514,,,2442.388,1.568,2287.73,1.468,-2503.725,-1.607
03/09/2025,2025-09-03,1,[23:00-23:15[,2025-09-02 22:00,1539.366,12559.304,8.159,5552.762,3.607,,,,,3472.208,2.256,3137.857,2.038,396.477,0.258
03/09/2025,2025-09-03,2,[23:15-23:30[,2025-09-02 22:15,1508.647,11850.846,7.855,5552.762,3.681,,,,,3472.208,2.302,3321.824,2.202,-495.948,-0.329
03/09/2025,2025-09-03,3,[23:30-23:45[,2025-09-02 22:30,1479.901,11664.882,7.882,5552.762,3.752,,,,,3472.208,2.346,3272.182,2.211,-632.269,-0.427
03/09/2025,2025-09-03,4,[23:45-00:00[,2025-09-02 22:45,1443.037,11932.888,8.269,5552.762,3.848,,,,,3472.208,2.406,3208.838,2.224,-300.921,-0.209
03/09/2025,2025-09-03,5,[00:00-00:15[,2025-09-02 23:00,1412.001,13312.354,9.428,7795.093,5.521,,,,,2309.376,1.636,3343.42,2.368,-135.535,-0.096
03/09/2025,2025-09-03,6,[00:15-00:30[,2025-09-02 23:15,1397.494,12803.115,9.161,7795.093,5.578,,,,,2309.376,1.653,3349.291,2.397,-650.645,-0.466
03/09/2025,2025-09-03,7,[00:30-00:45[,2025-09-02 23:30,1380.401,11756.463,8.517,7795.093,5.647,,,,,2309.376,1.673,3350.548,2.427,-1698.553,-1.23
03/09/2025,2025-09-03,8,[00:45-01:00[,2025-09-02 23:45,1354.161,12343.689,9.115,7795.093,5.756,,,,,2309.376,1.705,3323.643,2.454,-1084.423,-0.801
03/09/2025,2025-09-03,9,[01:00-01:15[,2025-09-03 00:00,1333.253,13789.026,10.342,9268.872,6.952,,,,,2255.056,1.691,3209.979,2.408,-944.88,-0.709
03/09/2025,2025-09-03,10,[01:15-01:30[,2025-09-03 00:15,1323.181,12735.094,9.625,9268.872,7.005,,,,,2255.056,1.704,3350.663,2.532,-2139.496,-1.617
03/09/2025,2025-09-03,11,[01:30-01:45[,2025-09-03 00:30,1291.023,14292.478,11.071,9268.872,7.179,,,,,2255.056,1.747,3249.774,2.517,-481.224,-0.373
03/09/2025,2025-09-03,12,[01:45-02:00[,2025-09-03 00:45,1284.372,6918.264,5.386,9268.872,7.217,,,,,2255.056,1.756,3331.024,2.594,-7936.687,-6.179
03/09/2025,2025-09-03,13,[02:00-02:15[,2025-09-03 01:00,1277.508,14322.38,11.211,10385.167,8.129,,,,,2110.72,1.652,3306.479,2.588,-1479.986,-1.158
03/09/2025,2025-09-03,14,[02:15-02:30[,2025-09-03 01:15,1252.453,14726.437,11.758,10385.167,8.292,,,,,2110.72,1.685,3201.195,2.556,-970.645,-0.775
03/09/2025,2025-09-03,15,[02:30-02:45[,2025-09-03 01:30,1257.779,15596.811,12.4,10385.167,8.257,,,,,2110.72,1.678,3307.516,2.63,-206.592,-0.164
03/09/2025,2025-09-03,16,[02:45-03:00[,2025-09-03 01:45,1248.89,15394.269,12.326,10385.167,8.316,,,,,2110.72,1.69,3298.379,2.641,-399.997,-0.32
03/09/2025,2025-09-03,17,[03:00-03:15[,2025-09-03 02:00,1227.174,16508.287,13.452,11522.58,9.39,,,,,2087.44,1.701,2960.553,2.412,-62.285,-0.051
03/09/2025,2025-09-03,18,[03:15-03:30[,2025-09-03 02:15,1234.196,15832.796,12.828,11522.58,9.336,,,,,2087.44,1.691,3350.515,2.715,-1127.739,-0.914
03/09/2025,2025-09-03,19,[03:30-03:45[,2025-09-03 02:30,1230.358,16168.973,13.142,11522.58,9.365,,,,,2087.44,1.697,3350.718,2.723,-791.765,-0.644
03/09/2025,2025-09-03,20,[03:45-04:00[,2025-09-03 02:45,1219.021,16129.462,13.231,11522.58,9.452,,,,,2087.44,1.712,3330.733,2.732,-811.29,-0.666
03/09/2025,2025-09-03,21,[04:00-04:15[,2025-09-03 03:00,1223.623,17151.056,14.017,11519.143,9.414,,,,,2149.52,1.757,3291.091,2.69,191.302,0.156
03/09/2025,2025-09-03,22,[04:15-04:30[,2025-09-03 03:15,1210.998,15765.066,13.018,11519.143,9.512,,,,,2149.52,1.775,3161.849,2.611,-1065.446,-0.88
03/09/2025,2025-09-03,23,[04:30-04:45[,2025-09-03 03:30,1215.101,15855.061,13.048,11519.143,9.48,,,,,2149.52,1.769,3351.327,2.758,-1164.929,-0.959
03/09/2025,2025-09-03,24,[04:45-05:00[,2025-09-03 03:45,1218.594,16037.006,13.16,11519.143,9.453,,,,,2149.52,1.764,3336.768,2.738,-968.426,-0.795
03/09/2025,2025-09-03,25,[05:00-05:15[,2025-09-03 04:00,1220.733,15449.711,12.656,9719.409,7.962,,,,,2165.04,1.774,3250.141,2.662,315.121,0.258
03/09/2025,2025-09-03,26,[05:15-05:30[,2025-09-03 04:15,1235.792,14358.948,11.619,9719.409,7.865,,,,,2165.04,1.752,3310.175,2.679,-835.676,-0.676
03/09/2025,2025-09-03,27,[05:30-05:45[,2025-09-03 04:30,1236.836,14753.043,11.928,9719.409,7.858,,,,,2165.04,1.75,3195.443,2.584,-326.849,-0.264
03/09/2025,2025-09-03,28,[05:45-06:00[,2025-09-03 04:45,1245.67,15145.143,12.158,9719.409,7.803,,,,,2165.04,1.738,3322.653,2.667,-61.959,-0.05
03/09/2025,2025-09-03,29,[06:00-06:15[,2025-09-03 05:00,1294.24,12904.68,9.971,8102.698,6.261,,,,,2309.376,1.784,3340.956,2.581,-848.349,-0.655
03/09/2025,2025-09-03,30,[06:15-06:30[,2025-09-03 05:15,1320.148,13365.547,10.124,8102.698,6.138,,,,,2309.376,1.749,3251.168,2.463,-297.695,-0.226
03/09/2025,2025-09-03,31,[06:30-06:45[,2025-09-03 05:30,1332.941,13044.716,9.786,8102.698,6.079,,,,,2309.376,1.733,3307.57,2.481,-674.927,-0.506
03/09/2025,2025-09-03,32,[06:45-07:00[,2025-09-03 05:45,1350.521,12535.563,9.282,8102.698,6,,,,,2309.376,1.71,3277.546,2.427,-1154.056,-0.855
03/09/2025,2025-09-03,33,[07:00-07:15[,2025-09-03 06:00,1387.897,15602.46,11.242,9825.33,7.079,,,,,3260,2.349,3231.253,2.328,-714.123,-0.515
03/09/2025,2025-09-03,34,[07:15-07:30[,2025-09-03 06:15,1413.047,16783.14,11.877,9825.33,6.953,,,,,3260,2.307,3235.985,2.29,461.825,0.327
03/09/2025,2025-09-03,35,[07:30-07:45[,2025-09-03 06:30,1453.682,19705.48,13.556,9825.33,6.759,,,,,3139,2.159,3288.222,2.262,3452.927,2.375
03/09/2025,2025-09-03,36,[07:45-08:00[,2025-09-03 06:45,1497.268,13830.52,9.237,9825.33,6.562,,,,,3605.56,2.408,3296.845,2.202,-2897.215,-1.935
03/09/2025,2025-09-03,37,[08:00-08:15[,2025-09-03 07:00,1556.516,30158.578,19.376,18312.652,11.765,,,3016.5,1.938,6917.46,4.444,3219.611,2.068,-1307.645,-0.84
03/09/2025,2025-09-03,38,[08:15-08:30[,2025-09-03 07:15,1593.965,31791.381,19.945,18312.652,11.489,,,3016.5,1.892,6917.46,4.34,3117.585,1.956,427.184,0.268
03/09/2025,2025-09-03,39,[08:30-08:45[,2025-09-03 07:30,1644.214,36644.059,22.287,18312.652,11.138,,,3016.5,1.835,9064.95,5.513,3315.036,2.016,2934.922,1.785
03/09/2025,2025-09-03,40,[08:45-09:00[,2025-09-03 07:45,1647.515,49183.869,29.853,18312.652,11.115,,,3016.5,1.831,9566.7,5.807,2880.061,1.748,15407.956,9.352
03/09/2025,2025-09-03,41,[09:00-09:15[,2025-09-03 08:00,1679.446,45874.659,27.315,20005.378,11.912,,,3016.5,1.796,9764.97,5.814,3338.207,1.988,9749.605,5.805
03/09/2025,2025-09-03,42,[09:15-09:30[,2025-09-03 08:15,1687.898,48371.799,28.658,20005.378,11.852,,,3016.5,1.787,9764.97,5.785,3306.913,1.959,12278.038,7.274
03/09/2025,2025-09-03,43,[09:30-09:45[,2025-09-03 08:30,1663.846,49354.564,29.663,20005.378,12.024,,,3016.5,1.813,9967.1,5.99,2932.207,1.762,13433.379,8.074
03/09/2025,2025-09-03,44,[09:45-10:00[,2025-09-03 08:45,1684.67,56737.897,33.679,20005.378,11.875,,,3016.5,1.791,9764.97,5.796,3270.787,1.941,20680.262,12.276
03/09/2025,2025-09-03,45,[10:00-10:15[,2025-09-03 09:00,1686.093,81706.329,48.459,20008.538,11.867,,,1508.25,0.895,9750.96,5.783,3238.974,1.921,47199.606,27.993
03/09/2025,2025-09-03,46,[10:15-10:30[,2025-09-03 09:15,1687.367,40298.31,23.882,20008.538,11.858,,,1508.25,0.894,9750.96,5.779,3088.661,1.83,5941.901,3.521
03/09/2025,2025-09-03,47,[10:30-10:45[,2025-09-03 09:30,1677.596,41935.718,24.998,20008.538,11.927,,,1508.25,0.899,9750.96,5.812,3276.985,1.953,7390.984,4.406
03/09/2025,2025-09-03,48,[10:45-11:00[,2025-09-03 09:45,1673.006,53536.22,32,20008.538,11.96,,,1508.25,0.902,9952.8,5.949,3091.111,1.848,18975.521,11.342
03/09/2025,2025-09-03,49,[11:00-11:15[,2025-09-03 10:00,1662.127,59381.194,35.726,20284.496,12.204,,,,,8840.31,5.319,2844.613,1.711,27411.774,16.492
03/09/2025,2025-09-03,50,[11:15-11:30[,2025-09-03 10:15,1680.221,57916.048,34.469,20284.496,12.073,,,,,9023.3,5.37,3124.581,1.86,25483.671,15.167
03/09/2025,2025-09-03,51,[11:30-11:45[,2025-09-03 10:30,1675.294,57851.497,34.532,20284.496,12.108,,,,,9181.05,5.48,2987.908,1.784,25398.044,15.16
03/09/2025,2025-09-03,52,[11:45-12:00[,2025-09-03 10:45,1681.671,55355.274,32.917,20284.496,12.062,,,,,9181.05,5.459,3112.106,1.851,22777.622,13.545
03/09/2025,2025-09-03,53,[12:00-12:15[,2025-09-03 11:00,1663.228,41791.251,25.127,20306.807,12.209,,,,,6418.656,3.859,3012.788,1.811,12053,7.247
03/09/2025,2025-09-03,54,[12:15-12:30[,2025-09-03 11:15,1664.602,35487.925,21.319,20306.807,12.199,,,,,6706.432,4.029,3093.321,1.858,5381.365,3.233
03/09/2025,2025-09-03,55,[12:30-12:45[,2025-09-03 11:30,1634.902,36895.696,22.568,20306.807,12.421,,,,,6756.48,4.133,3114.807,1.905,6717.602,4.109
03/09/2025,2025-09-03,56,[12:45-13:00[,2025-09-03 11:45,1624.298,37519.945,23.099,20306.807,12.502,,,,,6756.48,4.16,3021.683,1.86,7434.975,4.577
03/09/2025,2025-09-03,57,[13:00-13:15[,2025-09-03 12:00,1618.538,34927.778,21.58,20522.304,12.68,,,,,6686.512,4.131,3087.414,1.908,4631.548,2.862
03/09/2025,2025-09-03,58,[13:15-13:30[,2025-09-03 12:15,1591.759,35181.034,22.102,20522.304,12.893,,,,,6743.716,4.237,2902.437,1.823,5012.577,3.149
03/09/2025,2025-09-03,59,[13:30-13:45[,2025-09-03 12:30,1617.768,38404.28,23.739,20522.304,12.686,,,,,6864.48,4.243,2997.818,1.853,8019.679,4.957
03/09/2025,2025-09-03,60,[13:45-14:00[,2025-09-03 12:45,1622.054,35499.449,21.885,20522.304,12.652,,,,,6813.632,4.201,2973.405,1.833,5190.108,3.2
03/09/2025,2025-09-03,61,[14:00-14:15[,2025-09-03 13:00,1625.873,33290.593,20.476,20561.654,12.647,,,,,6510.996,4.005,2818.199,1.733,3399.744,2.091
03/09/2025,2025-09-03,62,[14:15-14:30[,2025-09-03 13:15,1649.928,32862.254,19.917,20561.654,12.462,,,,,6510.996,3.946,3062.071,1.856,2727.533,1.653
03/09/2025,2025-09-03,63,[14:30-14:45[,2025-09-03 13:30,1658.524,32558.026,19.631,20561.654,12.398,,,,,6510.996,3.926,3013.899,1.817,2471.477,1.49
03/09/2025,2025-09-03,64,[14:45-15:00[,2025-09-03 13:45,1647.303,34305.881,20.825,20561.654,12.482,,,,,6510.996,3.953,3037.35,1.844,4195.881,2.547
03/09/2025,2025-09-03,65,[15:00-15:15[,2025-09-03 14:00,1654.409,33209.337,20.073,20595.389,12.449,,,,,6717.152,4.06,3026.156,1.829,2870.64,1.735
03/09/2025,2025-09-03,66,[15:15-15:30[,2025-09-03 14:15,1646.655,33532.114,20.364,20595.389,12.507,,,,,6717.152,4.079,2983.199,1.812,3236.374,1.965
03/09/2025,2025-09-03,67,[15:30-15:45[,2025-09-03 14:30,1640.555,32379.362,19.737,20595.389,12.554,,,,,6428.916,3.919,3100.798,1.89,2254.258,1.374
03/09/2025,2025-09-03,68,[15:45-16:00[,2025-09-03 14:45,1647.85,31491.842,19.111,20595.389,12.498,,,,,6428.916,3.901,3172.784,1.925,1294.753,0.786
03/09/2025,2025-09-03,69,[16:00-16:15[,2025-09-03 15:00,1647.326,32084.654,19.477,20519.505,12.456,,,,,8584.928,5.211,3035.641,1.843,-55.42,-0.034
03/09/2025,2025-09-03,70,[16:15-16:30[,2025-09-03 15:15,1645.904,32281.45,19.613,20519.505,12.467,,,,,8584.928,5.216,2952.797,1.794,224.22,0.136
03/09/2025,2025-09-03,71,[16:30-16:45[,2025-09-03 15:30,1646.612,33473.464,20.329,20519.505,12.462,,,,,8584.928,5.214,2926.711,1.777,1442.32,0.876
03/09/2025,2025-09-03,72,[16:45-17:00[,2025-09-03 15:45,1666.694,32749.388,19.649,20519.505,12.312,,,,,8524.376,5.115,3037.292,1.822,668.216,0.401
03/09/2025,2025-09-03,73,[17:00-17:15[,2025-09-03 16:00,1642.467,30205.959,18.391,18839.094,11.47,,,,,10421.52,6.345,2194.25,1.336,-1248.905,-0.76
03/09/2025,2025-09-03,74,[17:15-17:30[,2025-09-03 16:15,1639.605,30027.513,18.314,18839.094,11.49,,,,,9895.6,6.035,2040.792,1.245,-747.973,-0.456
03/09/2025,2025-09-03,75,[17:30-17:45[,2025-09-03 16:30,1640.019,32716.423,19.949,18839.094,11.487,,,3162.788,1.929,8492.785,5.178,2202.243,1.343,19.514,0.012
03/09/2025,2025-09-03,76,[17:45-18:00[,2025-09-03 16:45,1647.871,28603.201,17.358,18839.094,11.432,,,3162.788,1.919,7838.935,4.757,2205.548,1.338,-3443.164,-2.089
03/09/2025,2025-09-03,77,[18:00-18:15[,2025-09-03 17:00,1640.652,23301.264,14.202,12164.135,7.414,,,,,9323.6,5.683,2182.678,1.33,-369.148,-0.225
03/09/2025,2025-09-03,78,[18:15-18:30[,2025-09-03 17:15,1664.433,26315.344,15.81,12164.135,7.308,,,,,10276,6.174,2242.356,1.347,1632.854,0.981
03/09/2025,2025-09-03,79,[18:30-18:45[,2025-09-03 17:30,1680.104,17808.83,10.6,12164.135,7.24,,,,,3500,2.083,2117.252,1.26,27.444,0.016
03/09/2025,2025-09-03,80,[18:45-19:00[,2025-09-03 17:45,1713.414,22667.27,13.229,12164.135,7.099,,,,,3500,2.043,2277.706,1.329,4725.43,2.758
03/09/2025,2025-09-03,81,[19:00-19:15[,2025-09-03 18:00,1716.155,15791.43,9.202,6953.923,4.052,9803.669,5.713,,,1371.5,0.799,1656.506,0.965,-3994.168,-2.327
03/09/2025,2025-09-03,82,[19:15-19:30[,2025-09-03 18:15,1734.278,12631.64,7.284,6953.923,4.01,9803.669,5.653,,,1371.5,0.791,1361.83,0.785,-6859.282,-3.955
03/09/2025,2025-09-03,83,[19:30-19:45[,2025-09-03 18:30,1759.006,15363.181,8.734,6953.923,3.953,9803.669,5.573,,,1387.958,0.789,1242.998,0.707,-4025.368,-2.288
03/09/2025,2025-09-03,84,[19:45-20:00[,2025-09-03 18:45,1780.469,17262.656,9.696,6953.923,3.906,9803.669,5.506,,,1607.398,0.903,1237.596,0.695,-2339.93,-1.314
03/09/2025,2025-09-03,85,[20:00-20:15[,2025-09-03 19:00,1800.332,8529.013,4.737,3453.404,1.918,9803.669,5.445,,,1295.54,0.72,1207.085,0.67,-7230.685,-4.016
03/09/2025,2025-09-03,86,[20:15-20:30[,2025-09-03 19:15,1825.5,6624.792,3.629,3453.404,1.892,9803.669,5.37,,,1295.54,0.71,1240.99,0.68,-9168.812,-5.023
03/09/2025,2025-09-03,87,[20:30-20:45[,2025-09-03 19:30,1817.511,7762.528,4.271,3453.404,1.9,9803.669,5.394,,,1295.54,0.713,1215.287,0.669,-8005.372,-4.405
03/09/2025,2025-09-03,88,[20:45-21:00[,2025-09-03 19:45,1795.758,11145.48,6.207,3453.404,1.923,9803.669,5.459,,,1295.54,0.721,1213.08,0.676,-4620.213,-2.573
03/09/2025,2025-09-03,89,[21:00-21:15[,2025-09-03 20:00,1766.895,14326.184,8.108,4622.084,2.616,9803.669,5.549,,,2072.96,1.173,1228.585,0.695,-3401.114,-1.925
03/09/2025,2025-09-03,90,[21:15-21:30[,2025-09-03 20:15,1738.565,12638.179,7.269,4622.084,2.659,9803.669,5.639,,,2072.96,1.192,1219.226,0.701,-5079.76,-2.922
03/09/2025,2025-09-03,91,[21:30-21:45[,2025-09-03 20:30,1698.153,15105.234,8.895,4622.084,2.722,9803.669,5.773,,,2072.96,1.221,1145.432,0.675,-2538.911,-1.495
03/09/2025,2025-09-03,92,[21:45-22:00[,2025-09-03 20:45,1663.352,16192.923,9.735,4622.084,2.779,9803.669,5.894,,,2072.96,1.246,1164.618,0.7,-1470.408,-0.884
03/09/2025,2025-09-03,93,[22:00-22:15[,2025-09-03 21:00,1635.141,17817.031,10.896,7243.451,4.43,9803.669,5.996,,,2171.36,1.328,1216.903,0.744,-2618.352,-1.601
03/09/2025,2025-09-03,94,[22:15-22:30[,2025-09-03 21:15,1602.777,15649.773,9.764,7243.451,4.519,9803.669,6.117,,,2171.36,1.355,1223.456,0.763,-4792.162,-2.99
03/09/2025,2025-09-03,95,[22:30-22:45[,2025-09-03 21:30,1570.553,12059.311,7.678,7243.451,4.612,9803.669,6.242,,,2171.36,1.383,1231.694,0.784,-8390.863,-5.343
03/09/2025,2025-09-03,96,[22:45-23:00[,2025-09-03 21:45,1539.873,14651.605,9.515,7243.451,4.704,9803.669,6.367,,,2171.36,1.41,1246.26,0.809,-5813.136,-3.775
04/09/2025,2025-09-04,1,[23:00-23:15[,2025-09-03 22:00,1500.768,12054.549,8.032,8640.91,5.758,5729.774,3.818,,,2749.824,1.832,1279.153,0.852,-6345.112,-4.228
04/09/2025,2025-09-04,2,[23:15-23:30[,2025-09-03 22:15,1463.14,8557.534,5.849,8640.91,5.906,,,,,2749.824,1.879,1238.748,0.847,-4071.948,-2.783
04/09/2025,2025-09-04,3,[23:30-23:45[,2025-09-03 22:30,1432.317,10472.06,7.311,8640.91,6.033,,,,,2749.824,1.92,1192.447,0.833,-2111.12,-1.474
04/09/2025,2025-09-04,4,[23:45-00:00[,2025-09-03 22:45,1400.943,10382.151,7.411,8640.91,6.168,,,,,2749.824,1.963,1203.668,0.859,-2212.251,-1.579
04/09/2025,2025-09-04,5,[00:00-00:15[,2025-09-03 23:00,1390.703,14022.48,10.083,9469.738,6.809,,,,,2596.44,1.867,2097.422,1.508,-141.12,-0.101
04/09/2025,2025-09-04,6,[00:15-00:30[,2025-09-03 23:15,1375.458,13163.88,9.571,9469.738,6.885,,,,,2596.44,1.888,2328.151,1.693,-1230.449,-0.895
04/09/2025,2025-09-04,7,[00:30-00:45[,2025-09-03 23:30,1370.548,15034.315,10.97,9469.738,6.909,,,,,2596.44,1.894,3117.564,2.275,-149.427,-0.109
04/09/2025,2025-09-04,8,[00:45-01:00[,2025-09-03 23:45,1355.767,14271.846,10.527,9469.738,6.985,,,,,2596.44,1.915,3288.944,2.426,-1083.275,-0.799
04/09/2025,2025-09-04,9,[01:00-01:15[,2025-09-04 00:00,1343.462,15101.316,11.241,10327.886,7.688,,,-389.083,-0.29,2356.2,1.754,3304.358,2.46,-498.046,-0.371
04/09/2025,2025-09-04,10,[01:15-01:30[,2025-09-04 00:15,1312.994,14533.103,11.069,10327.886,7.866,,,,,2356.2,1.795,3283.672,2.501,-1434.656,-1.093
04/09/2025,2025-09-04,11,[01:30-01:45[,2025-09-04 00:30,1304.704,15762.152,12.081,10327.886,7.916,,,,,2356.2,1.806,3307.482,2.535,-229.415,-0.176
04/09/2025,2025-09-04,12,[01:45-02:00[,2025-09-04 00:45,1296.354,12793.952,9.869,10327.886,7.967,,,,,2356.2,1.818,3311.551,2.555,-3201.685,-2.47
04/09/2025,2025-09-04,13,[02:00-02:15[,2025-09-04 01:00,1266.97,15679.012,12.375,11475.583,9.058,,,,,2263.8,1.787,3217.608,2.54,-1277.979,-1.009
04/09/2025,2025-09-04,14,[02:15-02:30[,2025-09-04 01:15,1262.897,16484.093,13.053,11475.583,9.087,,,,,2263.8,1.793,3308.338,2.62,-563.628,-0.446
04/09/2025,2025-09-04,15,[02:30-02:45[,2025-09-04 01:30,1256.643,16055.903,12.777,11475.583,9.132,,,,,2263.8,1.801,3306.541,2.631,-990.02,-0.788
04/09/2025,2025-09-04,16,[02:45-03:00[,2025-09-04 01:45,1239.059,16255.885,13.12,11475.583,9.262,,,,,2263.8,1.827,3264.522,2.635,-748.02,-0.604
04/09/2025,2025-09-04,17,[03:00-03:15[,2025-09-04 02:00,1243.463,17242.072,13.866,11872.85,9.548,,,,,2236.08,1.798,3259.444,2.621,-126.302,-0.102
04/09/2025,2025-09-04,18,[03:15-03:30[,2025-09-04 02:15,1231.007,13904.171,11.295,11872.85,9.645,,,,,2236.08,1.816,3184.996,2.587,-3389.754,-2.754
04/09/2025,2025-09-04,19,[03:30-03:45[,2025-09-04 02:30,1219.15,16927.48,13.885,11872.85,9.739,,,,,2236.08,1.834,3308.769,2.714,-490.219,-0.402
04/09/2025,2025-09-04,20,[03:45-04:00[,2025-09-04 02:45,1217.69,17128.227,14.066,11872.85,9.75,,,,,2236.08,1.836,3312.286,2.72,-292.989,-0.241
04/09/2025,2025-09-04,21,[04:00-04:15[,2025-09-04 03:00,1216.249,16919.757,13.911,11694.163,9.615,,,,,2300.76,1.892,3306.709,2.719,-381.875,-0.314
04/09/2025,2025-09-04,22,[04:15-04:30[,2025-09-04 03:15,1208.959,17190.298,14.219,11694.163,9.673,,,,,2300.76,1.903,3310.136,2.738,-114.76,-0.095
04/09/2025,2025-09-04,23,[04:30-04:45[,2025-09-04 03:30,1208.262,15920.488,13.176,11694.163,9.678,,,,,2300.76,1.904,3292.792,2.725,-1367.227,-1.132
04/09/2025,2025-09-04,24,[04:45-05:00[,2025-09-04 03:45,1212.313,15704.157,12.954,11694.163,9.646,,,,,2300.76,1.898,3308.463,2.729,-1599.229,-1.319
04/09/2025,2025-09-04,25,[05:00-05:15[,2025-09-04 04:00,1210.226,12163.417,10.051,10041.521,8.297,,,,,2319.24,1.916,3024.999,2.5,-3222.342,-2.663
04/09/2025,2025-09-04,26,[05:15-05:30[,2025-09-04 04:15,1227.504,13474.972,10.978,10041.521,8.18,,,,,2319.24,1.889,3306.897,2.694,-2192.685,-1.786
04/09/2025,2025-09-04,27,[05:30-05:45[,2025-09-04 04:30,1242.035,13229.7,10.652,10041.521,8.085,,,,,2319.24,1.867,3309.473,2.665,-2440.534,-1.965
04/09/2025,2025-09-04,28,[05:45-06:00[,2025-09-04 04:45,1232.369,15953.246,12.945,10041.521,8.148,,,,,2319.24,1.882,3074.594,2.495,517.891,0.42
04/09/2025,2025-09-04,29,[06:00-06:15[,2025-09-04 05:00,1288.471,8364.634,6.492,6960.972,5.403,,,,,2577.96,2.001,3308.775,2.568,-4483.073,-3.479
04/09/2025,2025-09-04,30,[06:15-06:30[,2025-09-04 05:15,1326.114,9064.286,6.835,6960.972,5.249,,,,,2577.96,1.944,3377.969,2.547,-3852.614,-2.905
04/09/2025,2025-09-04,31,[06:30-06:45[,2025-09-04 05:30,1327.309,9332.849,7.031,6960.972,5.244,,,,,2577.96,1.942,3075.157,2.317,-3281.239,-2.472
04/09/2025,2025-09-04,32,[06:45-07:00[,2025-09-04 05:45,1345.059,12597.941,9.366,6960.972,5.175,,,,,2577.96,1.917,3387.902,2.519,-328.893,-0.245
04/09/2025,2025-09-04,33,[07:00-07:15[,2025-09-04 06:00,1379.026,12128.4,8.795,8294.563,6.015,,,,,2749.824,1.994,3308.77,2.399,-2224.758,-1.613
04/09/2025,2025-09-04,34,[07:15-07:30[,2025-09-04 06:15,1399.03,11187.548,7.997,8294.563,5.929,,,,,2749.824,1.966,2987.942,2.136,-2844.782,-2.033
04/09/2025,2025-09-04,35,[07:30-07:45[,2025-09-04 06:30,1446.685,10742.579,7.426,8294.563,5.733,,,,,2749.824,1.901,3315.668,2.292,-3617.476,-2.501
04/09/2025,2025-09-04,36,[07:45-08:00[,2025-09-04 06:45,1463.497,14036.283,9.591,8294.563,5.668,,,,,2599.212,1.776,2953.374,2.018,189.134,0.129
04/09/2025,2025-09-04,37,[08:00-08:15[,2025-09-04 07:00,1550.959,20056.759,12.932,13573.707,8.752,,,,,2729,1.76,3298.028,2.126,456.023,0.294
04/09/2025,2025-09-04,38,[08:15-08:30[,2025-09-04 07:15,1567.008,19976.2,12.748,13573.707,8.662,,,,,2729,1.742,3260.428,2.081,413.065,0.264
04/09/2025,2025-09-04,39,[08:30-08:45[,2025-09-04 07:30,1587.653,33894.604,21.349,13573.707,8.55,,,,,17704.87,11.152,3017.939,1.901,-401.912,-0.253
04/09/2025,2025-09-04,40,[08:45-09:00[,2025-09-04 07:45,1615.57,32944.003,20.392,13573.707,8.402,,,,,17704.87,10.959,3252.337,2.013,-1586.912,-0.982
04/09/2025,2025-09-04,41,[09:00-09:15[,2025-09-04 08:00,1609.485,27569.611,17.129,17916.183,11.132,,,,,6815,4.234,2675.35,1.662,163.079,0.101
04/09/2025,2025-09-04,42,[09:15-09:30[,2025-09-04 08:15,1610.242,28232.837,17.533,17916.183,11.126,,,,,7128.2,4.427,2887.739,1.793,300.716,0.187
04/09/2025,2025-09-04,43,[09:30-09:45[,2025-09-04 08:30,1623.424,31020.477,19.108,17916.183,11.036,,,,,7853.2,4.837,3335.727,2.055,1915.368,1.18
04/09/2025,2025-09-04,44,[09:45-10:00[,2025-09-04 08:45,1605.321,33869.686,21.098,17916.183,11.16,,,,,8218.6,5.12,3148.401,1.961,4586.502,2.857
04/09/2025,2025-09-04,45,[10:00-10:15[,2025-09-04 09:00,1561.194,35705.931,22.871,19555.097,12.526,,,,,5156.6,3.303,2630.356,1.685,8363.878,5.357
04/09/2025,2025-09-04,46,[10:15-10:30[,2025-09-04 09:15,1571.376,37287.027,23.729,19555.097,12.445,,,,,5156.6,3.282,3170.94,2.018,9404.39,5.985
04/09/2025,2025-09-04,47,[10:30-10:45[,2025-09-04 09:30,1578.002,28806.147,18.255,19555.097,12.392,,,,,5156.6,3.268,3059.905,1.939,1034.545,0.656
04/09/2025,2025-09-04,48,[10:45-11:00[,2025-09-04 09:45,1575.868,29544.591,18.748,19555.097,12.409,,,,,5156.6,3.272,2854.709,1.812,1978.186,1.255
04/09/2025,2025-09-04,49,[11:00-11:15[,2025-09-04 10:00,1594.367,34345.801,21.542,19929.639,12.5,,,,,5226.48,3.278,3265.328,2.048,5924.354,3.716
04/09/2025,2025-09-04,50,[11:15-11:30[,2025-09-04 10:15,1590.883,31761.891,19.965,19929.639,12.527,,,,,5226.48,3.285,3070.062,1.93,3535.71,2.222
04/09/2025,2025-09-04,51,[11:30-11:45[,2025-09-04 10:30,1576.074,36494.023,23.155,19929.639,12.645,,,,,5226.48,3.316,2727.011,1.73,8610.893,5.464
04/09/2025,2025-09-04,52,[11:45-12:00[,2025-09-04 10:45,1577.846,39469.834,25.015,19929.639,12.631,,,,,5226.48,3.312,2830.168,1.794,11483.547,7.278
04/09/2025,2025-09-04,53,[12:00-12:15[,2025-09-04 11:00,1571.339,31628.159,20.128,20149.234,12.823,,,,,4822.02,3.069,3116.09,1.983,3540.815,2.253
04/09/2025,2025-09-04,54,[12:15-12:30[,2025-09-04 11:15,1545.221,31872.133,20.626,20149.234,13.04,,,,,4822.02,3.121,2868.374,1.856,4032.505,2.61
04/09/2025,2025-09-04,55,[12:30-12:45[,2025-09-04 11:30,1521.629,31386.032,20.627,20149.234,13.242,,,,,4822.02,3.169,2644.245,1.738,3770.533,2.478
04/09/2025,2025-09-04,56,[12:45-13:00[,2025-09-04 11:45,1523.444,34958.658,22.947,20149.234,13.226,,,,,4822.02,3.165,3078.102,2.02,6909.302,4.535
04/09/2025,2025-09-04,57,[13:00-13:15[,2025-09-04 12:00,1498.823,28727.355,19.167,20218.115,13.489,,,,,4756.08,3.173,2532.03,1.689,1221.13,0.815
04/09/2025,2025-09-04,58,[13:15-13:30[,2025-09-04 12:15,1517.481,29585.117,19.496,20218.115,13.323,,,,,4756.08,3.134,3095.029,2.04,1515.893,0.999
04/09/2025,2025-09-04,59,[13:30-13:45[,2025-09-04 12:30,1528.589,36054.929,23.587,20218.115,13.227,,,,,4756.08,3.111,3089.801,2.021,7990.933,5.228
04/09/2025,2025-09-04,60,[13:45-14:00[,2025-09-04 12:45,1510.427,28969.968,19.18,20218.115,13.386,,,,,4756.08,3.149,2283.768,1.512,1712.005,1.133
04/09/2025,2025-09-04,61,[14:00-14:15[,2025-09-04 13:00,1554.098,31184.25,20.066,20109.295,12.94,,,,,4870.8,3.134,3128.529,2.013,3075.626,1.979
04/09/2025,2025-09-04,62,[14:15-14:30[,2025-09-04 13:15,1562.959,31382.838,20.079,20109.295,12.866,,,,,4870.8,3.116,2979.464,1.906,3423.279,2.19
04/09/2025,2025-09-04,63,[14:30-14:45[,2025-09-04 13:30,1560.292,34884.644,22.358,20109.295,12.888,,,,,4870.8,3.122,3139.13,2.012,6765.419,4.336
04/09/2025,2025-09-04,64,[14:45-15:00[,2025-09-04 13:45,1558.979,31169.443,19.993,20109.295,12.899,,,,,4870.8,3.124,3126.906,2.006,3062.442,1.964
04/09/2025,2025-09-04,65,[15:00-15:15[,2025-09-04 14:00,1544.843,31071.028,20.113,19861.263,12.856,,,,,5135.06,3.324,2067.181,1.338,4007.524,2.594
04/09/2025,2025-09-04,66,[15:15-15:30[,2025-09-04 14:15,1528.478,35185.645,23.02,19861.263,12.994,,,,,5135.06,3.36,2054.303,1.344,8135.019,5.322
04/09/2025,2025-09-04,67,[15:30-15:45[,2025-09-04 14:30,1531.737,41645.334,27.188,19861.263,12.966,,,,,5135.06,3.352,2103.512,1.373,14545.499,9.496
04/09/2025,2025-09-04,68,[15:45-16:00[,2025-09-04 14:45,1536.738,39759.539,25.873,19861.263,12.924,,,,,5135.06,3.342,2047.447,1.332,12715.77,8.275
04/09/2025,2025-09-04,69,[16:00-16:15[,2025-09-04 15:00,1530.476,33109.337,21.633,19385.45,12.666,,,,,6361.944,4.157,1982.395,1.295,5379.548,3.515
04/09/2025,2025-09-04,70,[16:15-16:30[,2025-09-04 15:15,1544.609,28726.974,18.598,19385.45,12.55,,,,,5987.712,3.877,2000.03,1.295,1353.782,0.876
04/09/2025,2025-09-04,71,[16:30-16:45[,2025-09-04 15:30,1561.634,29644.601,18.983,19385.45,12.414,,,,,5704.02,3.653,2048.029,1.311,2507.102,1.605
04/09/2025,2025-09-04,72,[16:45-17:00[,2025-09-04 15:45,1551.806,33725.404,21.733,19385.45,12.492,,,,,5541.048,3.571,1318.527,0.85,7480.379,4.82
04/09/2025,2025-09-04,73,[17:00-17:15[,2025-09-04 16:00,1542.724,39582.371,25.657,17315.78,11.224,,,,,11251.875,7.294,1286.089,0.834,9728.627,6.306
04/09/2025,2025-09-04,74,[17:15-17:30[,2025-09-04 16:15,1560.136,38772.932,24.852,17315.78,11.099,,,,,11251.875,7.212,1198.624,0.768,9006.654,5.773
04/09/2025,2025-09-04,75,[17:30-17:45[,2025-09-04 16:30,1562.35,29201.506,18.691,17315.78,11.083,,,-102.443,-0.066,11251.875,7.202,1349.499,0.864,-613.204,-0.392
04/09/2025,2025-09-04,76,[17:45-18:00[,2025-09-04 16:45,1582.767,33036.72,20.873,17315.78,10.94,,,-1134.496,-0.717,11251.875,7.109,1341.278,0.847,4262.283,2.693
04/09/2025,2025-09-04,77,[18:00-18:15[,2025-09-04 17:00,1589.31,16181.457,10.181,12740.021,8.016,,,,,2329.74,1.466,1240.431,0.78,-128.735,-0.081
04/09/2025,2025-09-04,78,[18:15-18:30[,2025-09-04 17:15,1615.191,19251.571,11.919,12740.021,7.888,,,,,2329.74,1.442,1302.979,0.807,2878.831,1.782
04/09/2025,2025-09-04,79,[18:30-18:45[,2025-09-04 17:30,1640.268,15364.615,9.367,12740.021,7.767,,,,,2399.4,1.463,1317.321,0.803,-1092.128,-0.666
04/09/2025,2025-09-04,80,[18:45-19:00[,2025-09-04 17:45,1674.766,14723.555,8.791,12740.021,7.607,,,,,2399.4,1.433,1278.07,0.763,-1693.937,-1.011
04/09/2025,2025-09-04,81,[19:00-19:15[,2025-09-04 18:00,1696.925,11596.978,6.834,8291.073,4.886,,,,,1693.706,0.998,1371.65,0.808,240.549,0.142
04/09/2025,2025-09-04,82,[19:15-19:30[,2025-09-04 18:15,1727.468,10329.356,5.979,8291.073,4.8,,,,,1693.706,0.98,1356.031,0.785,-1011.454,-0.586
04/09/2025,2025-09-04,83,[19:30-19:45[,2025-09-04 18:30,1755.44,10302.851,5.869,8291.073,4.723,,,,,1693.706,0.965,1377.94,0.785,-1059.868,-0.604
04/09/2025,2025-09-04,84,[19:45-20:00[,2025-09-04 18:45,1780.061,9651.202,5.422,8291.073,4.658,,,,,1693.706,0.951,1379.662,0.775,-1713.239,-0.962
04/09/2025,2025-09-04,85,[20:00-20:15[,2025-09-04 19:00,1805.516,7579.291,4.198,4599.738,2.548,,,,,1749.686,0.969,1460.736,0.809,-230.868,-0.128
04/09/2025,2025-09-04,86,[20:15-20:30[,2025-09-04 19:15,1825.51,7538.613,4.13,4599.738,2.52,,,,,2368.44,1.297,1388.399,0.761,-817.964,-0.448
04/09/2025,2025-09-04,87,[20:30-20:45[,2025-09-04 19:30,1811.624,7912.374,4.368,4599.738,2.539,,,,,2368.44,1.307,1327.799,0.733,-383.603,-0.212
04/09/2025,2025-09-04,88,[20:45-21:00[,2025-09-04 19:45,1789.396,7544.989,4.217,4599.738,2.571,,,,,1749.686,0.978,1375.208,0.769,-179.643,-0.1
04/09/2025,2025-09-04,89,[21:00-21:15[,2025-09-04 20:00,1763.155,11192.302,6.348,8477.134,4.808,,,,,2438.1,1.383,1438.181,0.816,-1161.112,-0.659
04/09/2025,2025-09-04,90,[21:15-21:30[,2025-09-04 20:15,1732.935,12735.639,7.349,8477.134,4.892,,,,,2438.1,1.407,1430.955,0.826,389.45,0.225
04/09/2025,2025-09-04,91,[21:30-21:45[,2025-09-04 20:30,1700.703,11734.163,6.9,8477.134,4.984,,,,,2438.1,1.434,1393.806,0.82,-574.877,-0.338
04/09/2025,2025-09-04,92,[21:45-22:00[,2025-09-04 20:45,1667.477,10572.293,6.34,8477.134,5.084,,,,,2438.1,1.462,1388.001,0.832,-1730.942,-1.038
04/09/2025,2025-09-04,93,[22:00-22:15[,2025-09-04 21:00,1630.748,8989.082,5.512,9802.316,6.011,,,,,2259.093,1.385,1345.41,0.825,-4417.737,-2.709
04/09/2025,2025-09-04,94,[22:15-22:30[,2025-09-04 21:15,1596.071,16095.236,10.084,9802.316,6.142,,,,,2561.94,1.605,1420.709,0.89,2310.271,1.447
04/09/2025,2025-09-04,95,[22:30-22:45[,2025-09-04 21:30,1562.892,16649.561,10.653,9802.316,6.272,,,,,2561.94,1.639,1406.648,0.9,2878.658,1.842
04/09/2025,2025-09-04,96,[22:45-23:00[,2025-09-04 21:45,1530.917,17724.623,11.578,9802.316,6.403,,,,,2561.94,1.673,1393.341,0.91,3967.027,2.591
05/09/2025,2025-09-05,1,[23:00-23:15[,2025-09-04 22:00,1511.479,10859.213,7.184,8915.48,5.899,,,,,2743.872,1.815,2270.932,1.502,-3071.071,-2.032
05/09/2025,2025-09-05,2,[23:15-23:30[,2025-09-04 22:15,1485.572,11192.406,7.534,8915.48,6.001,,,,,2743.872,1.847,2479.636,1.669,-2946.583,-1.983
05/09/2025,2025-09-05,3,[23:30-23:45[,2025-09-04 22:30,1452.997,13632.243,9.382,8915.48,6.136,,,,,2743.872,1.888,2413.601,1.661,-440.71,-0.303
05/09/2025,2025-09-05,4,[23:45-00:00[,2025-09-04 22:45,1419.364,13750.565,9.688,8915.48,6.281,,,,,2743.872,1.933,2405.606,1.695,-314.393,-0.222
05/09/2025,2025-09-05,5,[00:00-00:15[,2025-09-04 23:00,1400.221,13810.903,9.863,10566.598,7.546,,,,,2743.872,1.96,2542.973,1.816,-2042.54,-1.459
05/09/2025,2025-09-05,6,[00:15-00:30[,2025-09-04 23:15,1373.642,15069.354,10.97,10566.598,7.692,,,,,2743.872,1.998,2580.373,1.878,-821.489,-0.598
05/09/2025,2025-09-05,7,[00:30-00:45[,2025-09-04 23:30,1351.054,15036.74,11.13,10566.598,7.821,,,,,2743.872,2.031,2573.636,1.905,-847.365,-0.627
05/09/2025,2025-09-05,8,[00:45-01:00[,2025-09-04 23:45,1330.778,15842.944,11.905,10566.598,7.94,,,,,2743.872,2.062,2438.462,1.832,94.012,0.071
05/09/2025,2025-09-05,9,[01:00-01:15[,2025-09-05 00:00,1307.904,15943.442,12.19,12706.83,9.715,,,,,2743.872,2.098,2282.623,1.745,-1789.882,-1.369
05/09/2025,2025-09-05,10,[01:15-01:30[,2025-09-05 00:15,1296.549,16624.959,12.822,12706.83,9.801,,,,,2743.872,2.116,2473.828,1.908,-1299.571,-1.002
05/09/2025,2025-09-05,11,[01:30-01:45[,2025-09-05 00:30,1279.642,17051.977,13.326,12706.83,9.93,,,,,2743.872,2.144,2519.231,1.969,-917.955,-0.717
05/09/2025,2025-09-05,12,[01:45-02:00[,2025-09-05 00:45,1262.189,16066.573,12.729,12706.83,10.067,,,,,2743.872,2.174,2479.756,1.965,-1863.885,-1.477
05/09/2025,2025-09-05,13,[02:00-02:15[,2025-09-05 01:00,1255.921,19161.596,15.257,13453.05,10.712,,,,,3274.8,2.607,2554.207,2.034,-120.461,-0.096
05/09/2025,2025-09-05,14,[02:15-02:30[,2025-09-05 01:15,1256.036,19365.453,15.418,13453.05,10.711,,,,,3274.8,2.607,3211.395,2.557,-573.791,-0.457
05/09/2025,2025-09-05,15,[02:30-02:45[,2025-09-05 01:30,1251.421,19266.237,15.395,13453.05,10.75,,,,,3274.8,2.617,3379.328,2.7,-840.941,-0.672
05/09/2025,2025-09-05,16,[02:45-03:00[,2025-09-05 01:45,1246.021,19605.542,15.735,13453.05,10.797,,,,,3274.8,2.628,3468.335,2.784,-590.643,-0.474
05/09/2025,2025-09-05,17,[03:00-03:15[,2025-09-05 02:00,1239.281,18975.884,15.312,14384.905,11.607,,,,,3079.2,2.485,3158.876,2.549,-1647.097,-1.329
05/09/2025,2025-09-05,18,[03:15-03:30[,2025-09-05 02:15,1226.16,20063.437,16.363,14384.905,11.732,,,,,3294.744,2.687,3317.615,2.706,-933.827,-0.762
05/09/2025,2025-09-05,19,[03:30-03:45[,2025-09-05 02:30,1229.898,20131.211,16.368,14384.905,11.696,,,,,3084.332,2.508,3453.998,2.808,-792.024,-0.644
05/09/2025,2025-09-05,20,[03:45-04:00[,2025-09-05 02:45,1224.284,19434.03,15.874,14384.905,11.75,,,,,3079.2,2.515,3270.78,2.672,-1300.855,-1.063
05/09/2025,2025-09-05,21,[04:00-04:15[,2025-09-05 03:00,1219.209,20697.479,16.976,13444.848,11.028,,,,,3667.48,3.008,3504.912,2.875,80.24,0.066
05/09/2025,2025-09-05,22,[04:15-04:30[,2025-09-05 03:15,1218.404,19954.859,16.378,13444.848,11.035,,,,,3274.8,2.688,3480.821,2.857,-245.61,-0.202
05/09/2025,2025-09-05,23,[04:30-04:45[,2025-09-05 03:30,1224.777,20206.322,16.498,13444.848,10.977,,,,,3274.8,2.674,3490.922,2.85,-4.248,-0.003
05/09/2025,2025-09-05,24,[04:45-05:00[,2025-09-05 03:45,1213.116,19687.855,16.229,13444.848,11.083,,,,,3274.8,2.699,3449.409,2.843,-481.202,-0.397
05/09/2025,2025-09-05,25,[05:00-05:15[,2025-09-05 04:00,1226.576,18667.304,15.219,10865.64,8.859,,,,,2572.38,2.097,3397.819,2.77,1831.466,1.493
05/09/2025,2025-09-05,26,[05:15-05:30[,2025-09-05 04:15,1239.969,16651.933,13.429,10865.64,8.763,,,,,2572.38,2.075,3474.711,2.802,-260.798,-0.21
05/09/2025,2025-09-05,27,[05:30-05:45[,2025-09-05 04:30,1227.542,16103.099,13.118,10865.64,8.852,,,,,2572.38,2.096,3143.264,2.561,-478.184,-0.39
05/09/2025,2025-09-05,28,[05:45-06:00[,2025-09-05 04:45,1251.064,17376.555,13.889,10865.64,8.685,,,,,2572.38,2.056,3347.029,2.675,591.506,0.473
05/09/2025,2025-09-05,29,[06:00-06:15[,2025-09-05 05:00,1301.692,12406.221,9.531,7644.19,5.873,,,,,2743.872,2.108,3509.546,2.696,-1491.387,-1.146
05/09/2025,2025-09-05,30,[06:15-06:30[,2025-09-05 05:15,1304.473,12724.104,9.754,7644.19,5.86,,,,,2743.872,2.103,3065.085,2.35,-729.044,-0.559
05/09/2025,2025-09-05,31,[06:30-06:45[,2025-09-05 05:30,1341.685,13481.772,10.048,7644.19,5.697,,,,,2743.872,2.045,3489.747,2.601,-396.037,-0.295
05/09/2025,2025-09-05,32,[06:45-07:00[,2025-09-05 05:45,1358.43,14488.549,10.666,7644.19,5.627,,,,,2743.872,2.02,3480.418,2.562,620.069,0.456
05/09/2025,2025-09-05,33,[07:00-07:15[,2025-09-05 06:00,1364.125,11401.211,8.358,7925.333,5.81,,,,,3139,2.301,2657.467,1.948,-2320.589,-1.701
05/09/2025,2025-09-05,34,[07:15-07:30[,2025-09-05 06:15,1392.942,14402.83,10.34,7925.333,5.69,,,,,3139,2.254,2638.616,1.894,699.882,0.502
05/09/2025,2025-09-05,35,[07:30-07:45[,2025-09-05 06:30,1429.167,12024.618,8.414,7925.333,5.545,,,,,3139,2.196,2737.687,1.916,-1777.402,-1.244
05/09/2025,2025-09-05,36,[07:45-08:00[,2025-09-05 06:45,1454.714,14240.555,9.789,7925.333,5.448,,,,,3139,2.158,2657.526,1.827,518.696,0.357
05/09/2025,2025-09-05,37,[08:00-08:15[,2025-09-05 07:00,1535.679,14045.666,9.146,9259.278,6.029,,,,,3139,2.044,3458.569,2.252,-1811.18,-1.179
05/09/2025,2025-09-05,38,[08:15-08:30[,2025-09-05 07:15,1571.396,17011.85,10.826,9259.278,5.892,,,,,3139,1.998,3260.988,2.075,1352.585,0.861
05/09/2025,2025-09-05,39,[08:30-08:45[,2025-09-05 07:30,1609.9,14272.481,8.865,9259.278,5.751,,,,,3139,1.95,3503.481,2.176,-1629.278,-1.012
05/09/2025,2025-09-05,40,[08:45-09:00[,2025-09-05 07:45,1619.412,15864.016,9.796,9259.278,5.718,,,,,3888,2.401,3507.041,2.166,-790.302,-0.488
05/09/2025,2025-09-05,41,[09:00-09:15[,2025-09-05 08:00,1618.498,27565.738,17.032,15307.149,9.458,,,,,8936.33,5.521,3129.748,1.934,192.511,0.119
05/09/2025,2025-09-05,42,[09:15-09:30[,2025-09-05 08:15,1629.416,30655.939,18.814,15307.149,9.394,,,,,8936.33,5.484,3373.829,2.071,3038.631,1.865
05/09/2025,2025-09-05,43,[09:30-09:45[,2025-09-05 08:30,1628.176,32115.844,19.725,15307.149,9.401,,,,,8936.33,5.489,3385.947,2.08,4486.418,2.755
05/09/2025,2025-09-05,44,[09:45-10:00[,2025-09-05 08:45,1595.484,28887.897,18.106,15307.149,9.594,,,,,8936.33,5.601,2669.987,1.673,1974.432,1.238
05/09/2025,2025-09-05,45,[10:00-10:15[,2025-09-05 09:00,1598.779,28320.528,17.714,18668.559,11.677,,,,,6335.658,3.963,3373.979,2.11,-57.667,-0.036
05/09/2025,2025-09-05,46,[10:15-10:30[,2025-09-05 09:15,1590.542,28583.141,17.971,18668.559,11.737,,,,,6335.658,3.983,3278.016,2.061,300.909,0.189
05/09/2025,2025-09-05,47,[10:30-10:45[,2025-09-05 09:30,1604.822,30274.588,18.865,18668.559,11.633,,,,,6621.048,4.126,3357.471,2.092,1627.51,1.014
05/09/2025,2025-09-05,48,[10:45-11:00[,2025-09-05 09:45,1589.921,28313.542,17.808,18668.559,11.742,,,,,6849.36,4.308,2795.986,1.759,-0.362,0
05/09/2025,2025-09-05,49,[11:00-11:15[,2025-09-05 10:00,1586.942,33269.243,20.964,19595.243,12.348,,,,,7528.06,4.744,3021.288,1.904,3124.653,1.969
05/09/2025,2025-09-05,50,[11:15-11:30[,2025-09-05 10:15,1595.831,32900.97,20.617,19595.243,12.279,,,,,7528.06,4.717,3320.236,2.081,2457.431,1.54
05/09/2025,2025-09-05,51,[11:30-11:45[,2025-09-05 10:30,1594.78,33297.197,20.879,19595.243,12.287,,,,,7548.046,4.733,3275.62,2.054,2878.288,1.805
05/09/2025,2025-09-05,52,[11:45-12:00[,2025-09-05 10:45,1580.128,34683.947,21.95,19595.243,12.401,,,,,7548.046,4.777,2847.253,1.802,4693.406,2.97
05/09/2025,2025-09-05,53,[12:00-12:15[,2025-09-05 11:00,1572.507,33609.011,21.373,19593.633,12.46,,,,,5160.6,3.282,3275.994,2.083,5578.785,3.548
05/09/2025,2025-09-05,54,[12:15-12:30[,2025-09-05 11:15,1572.676,32348.2,20.569,19593.633,12.459,,,,,5160.6,3.281,3141.735,1.998,4452.233,2.831
05/09/2025,2025-09-05,55,[12:30-12:45[,2025-09-05 11:30,1534.608,32409.849,21.119,19593.633,12.768,,,,,5160.6,3.363,2535.246,1.652,5120.37,3.337
05/09/2025,2025-09-05,56,[12:45-13:00[,2025-09-05 11:45,1513.729,32282.514,21.326,19593.633,12.944,,,,,5160.6,3.409,2373.01,1.568,5155.272,3.406
05/09/2025,2025-09-05,57,[13:00-13:15[,2025-09-05 12:00,1504.016,28609.444,19.022,19667.963,13.077,,,,,4912,3.266,2317.934,1.541,1711.548,1.138
05/09/2025,2025-09-05,58,[13:15-13:30[,2025-09-05 12:15,1510.687,30075.698,19.909,19667.963,13.019,,,,,4912,3.252,2617.496,1.733,2878.24,1.905
05/09/2025,2025-09-05,59,[13:30-13:45[,2025-09-05 12:30,1517.466,30077.004,19.821,19667.963,12.961,,,,,4912,3.237,2441.942,1.609,3055.099,2.013
05/09/2025,2025-09-05,60,[13:45-14:00[,2025-09-05 12:45,1512.442,30932.71,20.452,19667.963,13.004,,,,,4912,3.248,2479.881,1.64,3872.867,2.561
05/09/2025,2025-09-05,61,[14:00-14:15[,2025-09-05 13:00,1543.315,33420.29,21.655,19479.93,12.622,,,,,7472.052,4.842,3048.494,1.975,3419.814,2.216
05/09/2025,2025-09-05,62,[14:15-14:30[,2025-09-05 13:15,1569.061,36026.024,22.96,19479.93,12.415,,,,,7472.052,4.762,3203.175,2.041,5870.867,3.742
05/09/2025,2025-09-05,63,[14:30-14:45[,2025-09-05 13:30,1574.196,39337.34,24.989,19479.93,12.375,,,,,7472.052,4.747,3175.265,2.017,9210.092,5.851
05/09/2025,2025-09-05,64,[14:45-15:00[,2025-09-05 13:45,1549.694,32577.75,21.022,19479.93,12.57,,,,,7472.052,4.822,2604.254,1.68,3021.514,1.95
05/09/2025,2025-09-05,65,[15:00-15:15[,2025-09-05 14:00,1537.37,37047.207,24.098,19481.19,12.672,,,,,7328.772,4.767,2062.386,1.342,8174.859,5.317
05/09/2025,2025-09-05,66,[15:15-15:30[,2025-09-05 14:15,1554.314,32938.744,21.192,19481.19,12.534,,,,,7328.772,4.715,2872.198,1.848,3256.583,2.095
05/09/2025,2025-09-05,67,[15:30-15:45[,2025-09-05 14:30,1560.517,30133.709,19.31,19481.19,12.484,,,,,7328.772,4.696,3147.263,2.017,176.484,0.113
05/09/2025,2025-09-05,68,[15:45-16:00[,2025-09-05 14:45,1563.535,32828.52,20.996,19481.19,12.46,,,,,7291.944,4.664,2938.294,1.879,3117.092,1.994
05/09/2025,2025-09-05,69,[16:00-16:15[,2025-09-05 15:00,1575.038,31663.507,20.103,19483.57,12.37,,,,,8353.12,5.303,3041.089,1.931,785.729,0.499
05/09/2025,2025-09-05,70,[16:15-16:30[,2025-09-05 15:15,1567.134,35539.1,22.678,19483.57,12.433,,,,,8353.12,5.33,3042.296,1.941,4660.114,2.974
05/09/2025,2025-09-05,71,[16:30-16:45[,2025-09-05 15:30,1582.155,37061.1,23.424,19483.57,12.315,,,,,8353.12,5.28,2636.668,1.667,6587.742,4.164
05/09/2025,2025-09-05,72,[16:45-17:00[,2025-09-05 15:45,1601.033,42418.429,26.494,19483.57,12.169,,,,,8353.12,5.217,3050.811,1.906,11530.928,7.202
05/09/2025,2025-09-05,73,[17:00-17:15[,2025-09-05 16:00,1567.403,41491.789,26.472,14077.512,8.981,,,2172.698,1.386,23787.621,15.176,3067.921,1.957,-1613.962,-1.03
05/09/2025,2025-09-05,74,[17:15-17:30[,2025-09-05 16:15,1579.96,41376.673,26.188,14077.512,8.91,,,2172.698,1.375,23787.621,15.056,2956.521,1.871,-1617.678,-1.024
05/09/2025,2025-09-05,75,[17:30-17:45[,2025-09-05 16:30,1601.311,41412.595,25.862,14077.512,8.791,,,2172.698,1.357,23787.621,14.855,3207.374,2.003,-1832.609,-1.144
05/09/2025,2025-09-05,76,[17:45-18:00[,2025-09-05 16:45,1605.76,42465.596,26.446,14077.512,8.767,,,2172.698,1.353,23787.621,14.814,3022.266,1.882,-594.501,-0.37
05/09/2025,2025-09-05,77,[18:00-18:15[,2025-09-05 17:00,1622.937,14126.704,8.704,8500.263,5.238,,,,,3620.8,2.231,3145.121,1.938,-1139.48,-0.702
05/09/2025,2025-09-05,78,[18:15-18:30[,2025-09-05 17:15,1646.789,12040.152,7.311,8500.263,5.162,,,,,3343.172,2.03,3174.157,1.927,-2977.44,-1.808
05/09/2025,2025-09-05,79,[18:30-18:45[,2025-09-05 17:30,1651.821,12459.273,7.543,8500.263,5.146,,,,,3343.172,2.024,2792.781,1.691,-2176.942,-1.318
05/09/2025,2025-09-05,80,[18:45-19:00[,2025-09-05 17:45,1698.392,24689.891,14.537,8500.263,5.005,,,,,3343.172,1.968,3170.741,1.867,9675.716,5.697
05/09/2025,2025-09-05,81,[19:00-19:15[,2025-09-05 18:00,1716.411,16311.108,9.503,3984.9,2.322,9452.589,5.507,,,1546.664,0.901,1403.214,0.818,-76.259,-0.044
05/09/2025,2025-09-05,82,[19:15-19:30[,2025-09-05 18:15,1697.578,15095.773,8.893,3984.9,2.347,9452.589,5.568,,,1546.664,0.911,1436.036,0.846,-1324.416,-0.78
05/09/2025,2025-09-05,83,[19:30-19:45[,2025-09-05 18:30,1717.142,16747.562,9.753,3984.9,2.321,9452.589,5.505,,,1546.664,0.901,1406.544,0.819,356.864,0.208
05/09/2025,2025-09-05,84,[19:45-20:00[,2025-09-05 18:45,1739.932,15037.424,8.643,3984.9,2.29,9452.589,5.433,,,1813.518,1.042,1478.603,0.85,-1692.185,-0.973
05/09/2025,2025-09-05,85,[20:00-20:15[,2025-09-05 19:00,1756.401,15582.519,8.872,3694.863,2.104,9452.589,5.382,,,1727.182,0.983,1355.166,0.772,-647.281,-0.369
05/09/2025,2025-09-05,86,[20:15-20:30[,2025-09-05 19:15,1778.766,17122.932,9.626,3694.863,2.077,9452.589,5.314,,,2821.32,1.586,1543.844,0.868,-389.683,-0.219
05/09/2025,2025-09-05,87,[20:30-20:45[,2025-09-05 19:30,1763.058,19623.212,11.13,3694.863,2.096,9452.589,5.361,,,2821.32,1.6,1457.559,0.827,2196.882,1.246
05/09/2025,2025-09-05,88,[20:45-21:00[,2025-09-05 19:45,1738.872,18885.724,10.861,3694.863,2.125,9452.589,5.436,,,1597.784,0.919,1472.097,0.847,2668.392,1.535
05/09/2025,2025-09-05,89,[21:00-21:15[,2025-09-05 20:00,1731.047,21465.485,12.4,9320.213,5.384,9452.589,5.461,,,2895.08,1.672,2274.837,1.314,-2477.234,-1.431
05/09/2025,2025-09-05,90,[21:15-21:30[,2025-09-05 20:15,1702.45,19857.557,11.664,9320.213,5.475,9452.589,5.552,,,2895.08,1.701,2279.315,1.339,-4089.639,-2.402
05/09/2025,2025-09-05,91,[21:30-21:45[,2025-09-05 20:30,1674.958,18666.019,11.144,9320.213,5.564,9452.589,5.643,,,2895.08,1.728,2157.589,1.288,-5159.451,-3.08
05/09/2025,2025-09-05,92,[21:45-22:00[,2025-09-05 20:45,1627.473,17456.179,10.726,9320.213,5.727,9452.589,5.808,,,2895.08,1.779,2094.387,1.287,-6306.089,-3.875
05/09/2025,2025-09-05,93,[22:00-22:15[,2025-09-05 21:00,1606.712,20508.828,12.764,10271.838,6.393,9452.589,5.883,,,3042.6,1.894,2208.628,1.375,-4466.826,-2.78
05/09/2025,2025-09-05,94,[22:15-22:30[,2025-09-05 21:15,1591.578,21790.346,13.691,10271.838,6.454,9452.589,5.939,,,3042.6,1.912,2253.748,1.416,-3230.429,-2.03
05/09/2025,2025-09-05,95,[22:30-22:45[,2025-09-05 21:30,1546.383,21112.045,13.653,10271.838,6.642,9452.589,6.113,,,3042.6,1.968,2234.561,1.445,-3889.542,-2.515
05/09/2025,2025-09-05,96,[22:45-23:00[,2025-09-05 21:45,1507.956,23994.775,15.912,10271.838,6.812,9452.589,6.268,,,3042.6,2.018,2163.724,1.435,-935.975,-0.621
06/09/2025,2025-09-06,1,[23:00-23:15[,2025-09-05 22:00,1494.451,24061.081,16.1,12085.256,8.087,5420.368,3.627,,,3475.5,2.326,2988.974,2,90.983,0.061
06/09/2025,2025-09-06,2,[23:15-23:30[,2025-09-05 22:15,1468.68,17428.37,11.867,12085.256,8.229,,,,,3475.5,2.366,3223.641,2.195,-1356.027,-0.923
06/09/2025,2025-09-06,3,[23:30-23:45[,2025-09-05 22:30,1436.325,19679.527,13.701,12085.256,8.414,,,,,3475.5,2.42,3207.279,2.233,911.492,0.635
06/09/2025,2025-09-06,4,[23:45-00:00[,2025-09-05 22:45,1403.982,18978.36,13.518,12085.256,8.608,,,,,3604.65,2.567,3119.611,2.222,168.843,0.12
06/09/2025,2025-09-06,5,[00:00-00:15[,2025-09-05 23:00,1392.736,21925.894,15.743,14684.964,10.544,,,,,3221.96,2.313,3195.554,2.294,823.417,0.591
06/09/2025,2025-09-06,6,[00:15-00:30[,2025-09-05 23:15,1348.231,20275.452,15.039,14684.964,10.892,,,,,3221.96,2.39,2579.209,1.913,-210.68,-0.156
06/09/2025,2025-09-06,7,[00:30-00:45[,2025-09-05 23:30,1333.63,21222.287,15.913,14684.964,11.011,,,,,3221.96,2.416,3185.132,2.388,130.231,0.098
06/09/2025,2025-09-06,8,[00:45-01:00[,2025-09-05 23:45,1324.646,20767.616,15.678,14684.964,11.086,,,,,3170.16,2.393,3205.873,2.42,-293.38,-0.221
06/09/2025,2025-09-06,9,[01:00-01:15[,2025-09-06 00:00,1311.853,22918.975,17.471,16631.981,12.678,,,,,3039.624,2.317,3171.838,2.418,75.532,0.058
06/09/2025,2025-09-06,10,[01:15-01:30[,2025-09-06 00:15,1280.249,22811.027,17.818,16631.981,12.991,,,,,3039.624,2.374,2879.307,2.249,260.115,0.203
06/09/2025,2025-09-06,11,[01:30-01:45[,2025-09-06 00:30,1273.712,22754.051,17.864,16631.981,13.058,,,,,2870.756,2.254,3235.378,2.54,15.936,0.013
06/09/2025,2025-09-06,12,[01:45-02:00[,2025-09-06 00:45,1257.161,22348.017,17.777,16631.981,13.23,,,,,2870.756,2.284,2994.944,2.382,-149.664,-0.119
06/09/2025,2025-09-06,13,[02:00-02:15[,2025-09-06 01:00,1248.579,24029.088,19.245,17656.125,14.141,,,,,3252,2.605,3231.342,2.588,-110.379,-0.088
06/09/2025,2025-09-06,14,[02:15-02:30[,2025-09-06 01:15,1212.625,22758.292,18.768,17656.125,14.56,,,,,3252,2.682,2541.177,2.096,-691.009,-0.57
06/09/2025,2025-09-06,15,[02:30-02:45[,2025-09-06 01:30,1207.089,22900.697,18.972,17656.125,14.627,,,,,3252,2.694,2956.447,2.449,-963.874,-0.799
06/09/2025,2025-09-06,16,[02:45-03:00[,2025-09-06 01:45,1212.992,23848.718,19.661,17656.125,14.556,,,,,3252,2.681,3224.185,2.658,-283.592,-0.234
06/09/2025,2025-09-06,17,[03:00-03:15[,2025-09-06 02:00,1207.38,24853.48,20.585,18498.228,15.321,,,,,3159.096,2.616,3149.76,2.609,46.397,0.038
06/09/2025,2025-09-06,18,[03:15-03:30[,2025-09-06 02:15,1189.961,24610.148,20.681,18498.228,15.545,,,,,3159.096,2.655,3229.564,2.714,-276.741,-0.233
06/09/2025,2025-09-06,19,[03:30-03:45[,2025-09-06 02:30,1190.168,24664.953,20.724,18498.228,15.543,,,,,3159.096,2.654,3229.443,2.713,-221.814,-0.186
06/09/2025,2025-09-06,20,[03:45-04:00[,2025-09-06 02:45,1182.578,24102.065,20.381,18498.228,15.642,,,,,3159.096,2.671,3105.534,2.626,-660.793,-0.559
06/09/2025,2025-09-06,21,[04:00-04:15[,2025-09-06 03:00,1176.418,24754.901,21.043,18562.397,15.779,,,,,3288,2.795,3229.587,2.745,-325.082,-0.276
06/09/2025,2025-09-06,22,[04:15-04:30[,2025-09-06 03:15,1154.833,19641.188,17.008,18562.397,16.074,,,,,3288,2.847,3013.596,2.61,-5222.805,-4.523
06/09/2025,2025-09-06,23,[04:30-04:45[,2025-09-06 03:30,1165.138,24544.664,21.066,18562.397,15.932,,,,,3288,2.822,3226.251,2.769,-531.984,-0.457
06/09/2025,2025-09-06,24,[04:45-05:00[,2025-09-06 03:45,1169.113,25515.194,21.824,18562.397,15.877,,,,,3288,2.812,3226.259,2.76,438.539,0.375
06/09/2025,2025-09-06,25,[05:00-05:15[,2025-09-06 04:00,1155.602,23826.64,20.618,18291.903,15.829,,,,,2913.808,2.521,3017.723,2.611,-396.794,-0.343
06/09/2025,2025-09-06,26,[05:15-05:30[,2025-09-06 04:15,1168.502,25097.708,21.479,18291.903,15.654,,,,,2913.808,2.494,3229.498,2.764,662.499,0.567
06/09/2025,2025-09-06,27,[05:30-05:45[,2025-09-06 04:30,1172.968,24854.885,21.19,18291.903,15.595,,,,,2913.808,2.484,3185.917,2.716,463.258,0.395
06/09/2025,2025-09-06,28,[05:45-06:00[,2025-09-06 04:45,1172.165,23711.519,20.229,18291.903,15.605,,,,,2913.808,2.486,3187.545,2.719,-681.736,-0.582
06/09/2025,2025-09-06,29,[06:00-06:15[,2025-09-06 05:00,1185.12,28329.721,23.905,17358.519,14.647,,,,,8488.44,7.163,3172.8,2.677,-690.038,-0.582
06/09/2025,2025-09-06,30,[06:15-06:30[,2025-09-06 05:15,1191.852,28318.376,23.76,17358.519,14.564,,,,,8488.44,7.122,2928.813,2.457,-457.395,-0.384
06/09/2025,2025-09-06,31,[06:30-06:45[,2025-09-06 05:30,1209.879,28849.053,23.845,17358.519,14.347,,,,,8488.44,7.016,3167.773,2.618,-165.679,-0.137
06/09/2025,2025-09-06,32,[06:45-07:00[,2025-09-06 05:45,1182.737,28366.308,23.984,17358.519,14.677,,,,,8488.44,7.177,2792.181,2.361,-272.832,-0.231
06/09/2025,2025-09-06,33,[07:00-07:15[,2025-09-06 06:00,1200.862,35396.134,29.476,18513.813,15.417,,,,,14039.28,11.691,3064.381,2.552,-221.34,-0.184
06/09/2025,2025-09-06,34,[07:15-07:30[,2025-09-06 06:15,1220.228,35851.734,29.381,18513.813,15.172,,,,,14039.28,11.505,3140.811,2.574,157.83,0.129
06/09/2025,2025-09-06,35,[07:30-07:45[,2025-09-06 06:30,1219.011,36373.714,29.839,18513.813,15.188,,,,,14039.28,11.517,2400.255,1.969,1420.366,1.165
06/09/2025,2025-09-06,36,[07:45-08:00[,2025-09-06 06:45,1210.87,34919.902,28.839,18513.813,15.29,,,,,14039.28,11.594,2011.171,1.661,355.637,0.294
06/09/2025,2025-09-06,37,[08:00-08:15[,2025-09-06 07:00,1238.525,27984.801,22.595,19196.849,15.5,,,,,6646.64,5.367,2384.215,1.925,-242.902,-0.196
06/09/2025,2025-09-06,38,[08:15-08:30[,2025-09-06 07:15,1248.99,27749.797,22.218,19196.849,15.37,,,,,6646.64,5.322,2389.461,1.913,-483.153,-0.387
06/09/2025,2025-09-06,39,[08:30-08:45[,2025-09-06 07:30,1275.639,-48509.545,-38.028,19196.849,15.049,,,,,7489.09,5.871,3005.27,2.356,-78200.754,-61.303
06/09/2025,2025-09-06,40,[08:45-09:00[,2025-09-06 07:45,1286.126,28507.592,22.165,19196.849,14.926,,,,,7489.09,5.823,3129.994,2.434,-1308.34,-1.017
06/09/2025,2025-09-06,41,[09:00-09:15[,2025-09-06 08:00,1302.566,30704.441,23.572,21140.811,16.23,,,,,6565,5.04,3122.221,2.397,-123.591,-0.095
06/09/2025,2025-09-06,42,[09:15-09:30[,2025-09-06 08:15,1297.14,37395.938,28.83,21140.811,16.298,,,,,6635,5.115,2926.11,2.256,6694.017,5.161
06/09/2025,2025-09-06,43,[09:30-09:45[,2025-09-06 08:30,1309.98,31093.206,23.736,21140.811,16.138,,,,,6635,5.065,3092.391,2.361,225.004,0.172
06/09/2025,2025-09-06,44,[09:45-10:00[,2025-09-06 08:45,1299.973,30601.992,23.54,21140.811,16.263,,,,,6635,5.104,2644.581,2.034,181.6,0.14
06/09/2025,2025-09-06,45,[10:00-10:15[,2025-09-06 09:00,1297.049,49771.436,38.373,21605.473,16.657,,,,,4893.232,3.773,2965.209,2.286,20307.522,15.657
06/09/2025,2025-09-06,46,[10:15-10:30[,2025-09-06 09:15,1308.794,48024.385,36.694,21605.473,16.508,,,,,6218.656,4.751,3052.313,2.332,17147.943,13.102
06/09/2025,2025-09-06,47,[10:30-10:45[,2025-09-06 09:30,1306.154,50080.154,38.342,21605.473,16.541,,,,,6550.012,5.015,2755.763,2.11,19168.906,14.676
06/09/2025,2025-09-06,48,[10:45-11:00[,2025-09-06 09:45,1307.123,46287.656,35.412,21605.473,16.529,,,,,6550.012,5.011,3060.315,2.341,15071.857,11.531
06/09/2025,2025-09-06,49,[11:00-11:15[,2025-09-06 10:00,1319.016,33332.248,25.271,21657.005,16.419,,,,,6727.152,5.1,3003.887,2.277,1944.204,1.474
06/09/2025,2025-09-06,50,[11:15-11:30[,2025-09-06 10:15,1323.509,35679.469,26.958,21657.005,16.363,,,,,6727.152,5.083,2911.984,2.2,4383.328,3.312
06/09/2025,2025-09-06,51,[11:30-11:45[,2025-09-06 10:30,1325.159,37625.242,28.393,21657.005,16.343,,,,,6727.152,5.076,2883.187,2.176,6357.898,4.798
06/09/2025,2025-09-06,52,[11:45-12:00[,2025-09-06 10:45,1341.788,42689.238,31.815,21657.005,16.14,,,,,6895.008,5.139,2964.778,2.21,11172.447,8.327
06/09/2025,2025-09-06,53,[12:00-12:15[,2025-09-06 11:00,1349.75,34521.469,25.576,21873.743,16.206,,,,,4515,3.345,2895.803,2.145,5236.924,3.88
06/09/2025,2025-09-06,54,[12:15-12:30[,2025-09-06 11:15,1349.374,35714.245,26.467,21873.743,16.21,,,,,4515,3.346,2919.632,2.164,6405.87,4.747
06/09/2025,2025-09-06,55,[12:30-12:45[,2025-09-06 11:30,1353.673,30412.625,22.467,21873.743,16.159,,,,,4515,3.335,2778.322,2.052,1245.561,0.92
06/09/2025,2025-09-06,56,[12:45-13:00[,2025-09-06 11:45,1369.37,29528.985,21.564,21873.743,15.974,,,,,4515,3.297,2979.341,2.176,160.902,0.118
06/09/2025,2025-09-06,57,[13:00-13:15[,2025-09-06 12:00,1347.162,41255.149,30.624,22297.838,16.552,,,,,4665,3.463,2913.061,2.162,11379.25,8.447
06/09/2025,2025-09-06,58,[13:15-13:30[,2025-09-06 12:15,1335.176,36124.823,27.056,22297.838,16.7,,,,,4665,3.494,2833.07,2.122,6328.916,4.74
06/09/2025,2025-09-06,59,[13:30-13:45[,2025-09-06 12:30,1329.049,43371.553,32.634,22297.838,16.777,,,,,4665,3.51,2978.384,2.241,13430.332,10.105
06/09/2025,2025-09-06,60,[13:45-14:00[,2025-09-06 12:45,1306.112,43811.462,33.543,22297.838,17.072,,,,,4665,3.572,2927.874,2.242,13920.75,10.658
06/09/2025,2025-09-06,61,[14:00-14:15[,2025-09-06 13:00,1290.335,39366.38,30.509,21773.118,16.874,,,,,4447.5,3.447,2763.632,2.142,10382.131,8.046
06/09/2025,2025-09-06,62,[14:15-14:30[,2025-09-06 13:15,1283.355,38705.122,30.159,21773.118,16.966,,,,,4447.5,3.466,2909.025,2.267,9575.48,7.461
06/09/2025,2025-09-06,63,[14:30-14:45[,2025-09-06 13:30,1289.214,48287.242,37.455,21773.118,16.889,,,,,4447.5,3.45,2884.888,2.238,19181.736,14.879
06/09/2025,2025-09-06,64,[14:45-15:00[,2025-09-06 13:45,1287.097,47312.697,36.759,21773.118,16.916,,,,,4447.5,3.455,2883.739,2.24,18208.34,14.147
06/09/2025,2025-09-06,65,[15:00-15:15[,2025-09-06 14:00,1272.206,52498.513,41.266,21706.835,17.062,,,,,4785.51,3.762,2817.942,2.215,23188.227,18.227
06/09/2025,2025-09-06,66,[15:15-15:30[,2025-09-06 14:15,1261.52,61628.339,48.852,21706.835,17.207,,,,,4785.51,3.793,2783.844,2.207,32352.149,25.645
06/09/2025,2025-09-06,67,[15:30-15:45[,2025-09-06 14:30,1279.869,65115.843,50.877,21706.835,16.96,,,,,4785.51,3.739,2856.615,2.232,35766.883,27.946
06/09/2025,2025-09-06,68,[15:45-16:00[,2025-09-06 14:45,1297.212,64975.015,50.088,21706.835,16.733,,,,,4785.51,3.689,2927.38,2.257,35555.289,27.409
06/09/2025,2025-09-06,69,[16:00-16:15[,2025-09-06 15:00,1300.652,55545.868,42.706,21694.473,16.68,,,,,7737.704,5.949,2951.588,2.269,23162.103,17.808
06/09/2025,2025-09-06,70,[16:15-16:30[,2025-09-06 15:15,1319.985,51361.033,38.91,21694.473,16.435,,,,,7389.444,5.598,2977.31,2.256,19299.806,14.621
06/09/2025,2025-09-06,71,[16:30-16:45[,2025-09-06 15:30,1314.498,54403.923,41.388,21694.473,16.504,,,,,7389.444,5.621,2695.687,2.051,22624.319,17.211
06/09/2025,2025-09-06,72,[16:45-17:00[,2025-09-06 15:45,1329.905,63788.521,47.965,21694.473,16.313,,,,,7389.444,5.556,2968.57,2.232,31736.035,23.863
06/09/2025,2025-09-06,73,[17:00-17:15[,2025-09-06 16:00,1349.853,34992.116,25.923,21747.868,16.111,,,,,9437.22,6.991,3108.843,2.303,698.186,0.517
06/09/2025,2025-09-06,74,[17:15-17:30[,2025-09-06 16:15,1353.123,33720.12,24.92,21747.868,16.072,,,,,9437.22,6.974,3062.343,2.263,-527.311,-0.39
06/09/2025,2025-09-06,75,[17:30-17:45[,2025-09-06 16:30,1377.769,33754.418,24.499,21747.868,15.785,,,,,9077.58,6.589,3114.969,2.261,-185.999,-0.135
06/09/2025,2025-09-06,76,[17:45-18:00[,2025-09-06 16:45,1403.48,27122.017,19.325,21747.868,15.496,,,,,7425.9,5.291,3166.867,2.256,-5218.618,-3.718
06/09/2025,2025-09-06,77,[18:00-18:15[,2025-09-06 17:00,1429.627,43471.313,30.407,19063.385,13.335,,,,,8022.8,5.612,3244.03,2.269,13141.098,9.192
06/09/2025,2025-09-06,78,[18:15-18:30[,2025-09-06 17:15,1426.098,34344.691,24.083,19063.385,13.368,,,,,7991.8,5.604,3160.562,2.216,4128.945,2.895
06/09/2025,2025-09-06,79,[18:30-18:45[,2025-09-06 17:30,1444.344,27896.956,19.315,19063.385,13.199,,,,,5065.4,3.507,2930.591,2.029,837.58,0.58
06/09/2025,2025-09-06,80,[18:45-19:00[,2025-09-06 17:45,1479.087,26486.088,17.907,19063.385,12.889,,,,,4650,3.144,3241.638,2.192,-468.935,-0.317
06/09/2025,2025-09-06,81,[19:00-19:15[,2025-09-06 18:00,1491.187,26249.09,17.603,18147.085,12.17,,,,,4453,2.986,2229.882,1.495,1419.123,0.952
06/09/2025,2025-09-06,82,[19:15-19:30[,2025-09-06 18:15,1507.698,25511.83,16.921,18147.085,12.036,,,,,4292.4,2.847,2232.058,1.48,840.287,0.557
06/09/2025,2025-09-06,83,[19:30-19:45[,2025-09-06 18:30,1531.781,23474.712,15.325,18147.085,11.847,,,,,3813.576,2.49,2233.018,1.458,-718.967,-0.469
06/09/2025,2025-09-06,84,[19:45-20:00[,2025-09-06 18:45,1541.884,24235.625,15.718,18147.085,11.769,,,,,3706.908,2.404,2232.054,1.448,149.579,0.097
06/09/2025,2025-09-06,85,[20:00-20:15[,2025-09-06 19:00,1553.481,17841.343,11.485,15713.763,10.115,,,,,1973.94,1.271,1465.343,0.943,-1311.702,-0.844
06/09/2025,2025-09-06,86,[20:15-20:30[,2025-09-06 19:15,1569.906,17830.934,11.358,15713.763,10.009,,,,,1973.94,1.257,1465.766,0.934,-1322.534,-0.842
06/09/2025,2025-09-06,87,[20:30-20:45[,2025-09-06 19:30,1556.192,18889.154,12.138,15713.763,10.098,,,,,1973.94,1.268,1463.573,0.94,-262.121,-0.168
06/09/2025,2025-09-06,88,[20:45-21:00[,2025-09-06 19:45,1538.353,21173.837,13.764,15713.763,10.215,,,,,1973.94,1.283,1463.412,0.951,2022.723,1.315
06/09/2025,2025-09-06,89,[21:00-21:15[,2025-09-06 20:00,1511.399,17265.83,11.424,15987.512,10.578,,,,,2761.728,1.827,1616.398,1.069,-3099.808,-2.051
06/09/2025,2025-09-06,90,[21:15-21:30[,2025-09-06 20:15,1495.741,18733.324,12.524,15987.512,10.689,,,,,2761.728,1.846,2146.077,1.435,-2161.992,-1.445
06/09/2025,2025-09-06,91,[21:30-21:45[,2025-09-06 20:30,1480.364,20941.526,14.146,15987.512,10.8,,,,,2636.544,1.781,2198.556,1.485,118.915,0.08
06/09/2025,2025-09-06,92,[21:45-22:00[,2025-09-06 20:45,1462.406,20048.255,13.709,15987.512,10.932,,,,,2636.544,1.803,2200.366,1.505,-776.167,-0.531
06/09/2025,2025-09-06,93,[22:00-22:15[,2025-09-06 21:00,1444.422,27303.472,18.903,18485.416,12.798,,,,,4999.248,3.461,3203.832,2.218,614.977,0.426
06/09/2025,2025-09-06,94,[22:15-22:30[,2025-09-06 21:15,1426.318,28699.221,20.121,18485.416,12.96,,,,,5056.464,3.545,3242.764,2.274,1914.577,1.342
06/09/2025,2025-09-06,95,[22:30-22:45[,2025-09-06 21:30,1410.324,26924.025,19.091,18485.416,13.107,,,,,5263.872,3.732,3250.808,2.305,-76.071,-0.054
06/09/2025,2025-09-06,96,[22:45-23:00[,2025-09-06 21:45,1388.162,26960.423,19.422,18485.416,13.316,,,,,5707.296,4.111,3250.645,2.342,-482.933,-0.348
07/09/2025,2025-09-07,1,[23:00-23:15[,2025-09-06 22:00,1348.647,28515.33,21.144,20138.497,14.932,,,,,5915.28,4.386,3207.402,2.378,-745.849,-0.553
07/09/2025,2025-09-07,2,[23:15-23:30[,2025-09-06 22:15,1329.724,29309.932,22.042,20138.497,15.145,,,,,5915.28,4.449,3186.8,2.397,69.355,0.052
07/09/2025,2025-09-07,3,[23:30-23:45[,2025-09-06 22:30,1314.607,30450.237,23.163,20138.497,15.319,,,,,5915.28,4.5,3247.166,2.47,1149.294,0.874
07/09/2025,2025-09-07,4,[23:45-00:00[,2025-09-06 22:45,1268.712,29184.471,23.003,20138.497,15.873,,,,,6062.156,4.778,2755.747,2.172,228.071,0.18
07/09/2025,2025-09-07,5,[00:00-00:15[,2025-09-06 23:00,1270.001,29041.927,22.868,20885.288,16.445,,,,,4752,3.742,3291.007,2.591,113.633,0.089
07/09/2025,2025-09-07,6,[00:15-00:30[,2025-09-06 23:15,1257.301,28565.64,22.72,20885.288,16.611,,,,,4752,3.78,3270.286,2.601,-341.934,-0.272
07/09/2025,2025-09-07,7,[00:30-00:45[,2025-09-06 23:30,1226.788,30438.117,24.811,20885.288,17.024,,,,,6465.18,5.27,3291.429,2.683,-203.78,-0.166
07/09/2025,2025-09-07,8,[00:45-01:00[,2025-09-06 23:45,1211.373,29989.428,24.757,20885.288,17.241,,,,,6465.18,5.337,3046.547,2.515,-407.586,-0.336
07/09/2025,2025-09-07,9,[01:00-01:15[,2025-09-07 00:00,1206.639,27822.385,23.058,20869.686,17.296,,,,,5281.12,4.377,3292.614,2.729,-1621.035,-1.343
07/09/2025,2025-09-07,10,[01:15-01:30[,2025-09-07 00:15,1200.054,29226.664,24.354,20869.686,17.391,,,,,5281.12,4.401,3277.138,2.731,-201.28,-0.168
07/09/2025,2025-09-07,11,[01:30-01:45[,2025-09-07 00:30,1162.829,28645.863,24.635,20869.686,17.947,,,,,5291.276,4.55,2899.352,2.493,-414.451,-0.356
07/09/2025,2025-09-07,12,[01:45-02:00[,2025-09-07 00:45,1171.889,29350.707,25.046,20869.686,17.809,,,,,5291.276,4.515,3278.409,2.798,-88.665,-0.076
07/09/2025,2025-09-07,13,[02:00-02:15[,2025-09-07 01:00,1171.084,28809.479,24.601,21150.726,18.061,,,,,4357.584,3.721,3278.486,2.8,22.684,0.019
07/09/2025,2025-09-07,14,[02:15-02:30[,2025-09-07 01:15,1139.349,28417.375,24.942,21150.726,18.564,,,,,4357.584,3.825,2895.129,2.541,13.937,0.012
07/09/2025,2025-09-07,15,[02:30-02:45[,2025-09-07 01:30,1142.267,28743.498,25.164,21150.726,18.516,,,,,4471.632,3.915,3295.547,2.885,-174.407,-0.153
07/09/2025,2025-09-07,16,[02:45-03:00[,2025-09-07 01:45,1132.29,29306.103,25.882,21150.726,18.68,,,,,4595.184,4.058,3295.154,2.91,265.04,0.234
07/09/2025,2025-09-07,17,[03:00-03:15[,2025-09-07 02:00,1136.74,28410.477,24.993,21367.323,18.797,,,,,3841,3.379,3293.035,2.897,-90.881,-0.08
07/09/2025,2025-09-07,18,[03:15-03:30[,2025-09-07 02:15,1113.158,28554.247,25.652,21367.323,19.195,,,,,4181.76,3.757,3139.326,2.82,-134.161,-0.121
07/09/2025,2025-09-07,19,[03:30-03:45[,2025-09-07 02:30,1110.281,28743.394,25.888,21367.323,19.245,,,,,4181.76,3.766,3208.717,2.89,-14.406,-0.013
07/09/2025,2025-09-07,20,[03:45-04:00[,2025-09-07 02:45,1120.34,28947.396,25.838,21367.323,19.072,,,,,4181.76,3.733,3292.671,2.939,105.642,0.094
07/09/2025,2025-09-07,21,[04:00-04:15[,2025-09-07 03:00,1124.813,26915.032,23.928,20484.696,18.212,,,,,4281.552,3.806,3292.606,2.927,-1143.822,-1.017
07/09/2025,2025-09-07,22,[04:15-04:30[,2025-09-07 03:15,1103.738,25878.633,23.446,20484.696,18.559,,,,,4281.552,3.879,3088.4,2.798,-1976.016,-1.79
07/09/2025,2025-09-07,23,[04:30-04:45[,2025-09-07 03:30,1113.476,27550.495,24.743,20484.696,18.397,,,,,4281.552,3.845,3293.119,2.958,-508.872,-0.457
07/09/2025,2025-09-07,24,[04:45-05:00[,2025-09-07 03:45,1112.028,27747.129,24.952,20484.696,18.421,,,,,4281.552,3.85,3250.194,2.923,-269.314,-0.242
07/09/2025,2025-09-07,25,[05:00-05:15[,2025-09-07 04:00,1118.188,29057.714,25.986,21378.738,19.119,,,-247.5,-0.221,4536.24,4.057,3292.709,2.945,97.528,0.087
07/09/2025,2025-09-07,26,[05:15-05:30[,2025-09-07 04:15,1105.623,27495.509,24.869,21378.738,19.336,,,-247.5,-0.224,4536.24,4.103,3106.051,2.809,-1278.019,-1.156
07/09/2025,2025-09-07,27,[05:30-05:45[,2025-09-07 04:30,1109.336,27042.195,24.377,21378.738,19.272,,,,,4267.296,3.847,2911.219,2.624,-1515.058,-1.366
07/09/2025,2025-09-07,28,[05:45-06:00[,2025-09-07 04:45,1127.079,29618.53,26.279,21378.738,18.968,,,,,4468.64,3.965,3272.79,2.904,498.362,0.442
07/09/2025,2025-09-07,29,[06:00-06:15[,2025-09-07 05:00,1119.526,36685.746,32.769,21313.487,19.038,,,,,6636.6,5.928,3243.623,2.897,5492.036,4.906
07/09/2025,2025-09-07,30,[06:15-06:30[,2025-09-07 05:15,1113.699,34688.945,31.148,21313.487,19.138,,,,,6636.6,5.959,3145.664,2.825,3593.194,3.226
07/09/2025,2025-09-07,31,[06:30-06:45[,2025-09-07 05:30,1128.712,35117.665,31.113,21313.487,18.883,,,,,6636.6,5.88,3288.183,2.913,3879.394,3.437
07/09/2025,2025-09-07,32,[06:45-07:00[,2025-09-07 05:45,1125.099,37153.79,33.023,21313.487,18.944,,,,,6404.4,5.692,3269.905,2.906,6165.998,5.48
07/09/2025,2025-09-07,33,[07:00-07:15[,2025-09-07 06:00,1107.834,29377.788,26.518,20410.875,18.424,,,,,6199.2,5.596,3098.108,2.797,-330.395,-0.298
07/09/2025,2025-09-07,34,[07:15-07:30[,2025-09-07 06:15,1125.309,29781.048,26.465,20410.875,18.138,,,,,6199.2,5.509,3284.128,2.918,-113.155,-0.101
07/09/2025,2025-09-07,35,[07:30-07:45[,2025-09-07 06:30,1134.63,29110.994,25.657,20410.875,17.989,,,,,6199.2,5.464,2475.851,2.182,25.068,0.022
07/09/2025,2025-09-07,36,[07:45-08:00[,2025-09-07 06:45,1151.597,28098.722,24.4,20410.875,17.724,,,,,6199.2,5.383,2546.465,2.211,-1057.818,-0.919
07/09/2025,2025-09-07,37,[08:00-08:15[,2025-09-07 07:00,1144.03,39852.932,34.836,20133.837,17.599,,,,,6280.2,5.49,2541.603,2.222,10897.292,9.525
07/09/2025,2025-09-07,38,[08:15-08:30[,2025-09-07 07:15,1155.379,28693.994,24.835,20133.837,17.426,,,,,6280.2,5.436,2473.288,2.141,-193.331,-0.167
07/09/2025,2025-09-07,39,[08:30-08:45[,2025-09-07 07:30,1177.652,28630.54,24.312,20133.837,17.097,,,,,6280.2,5.333,2535.296,2.153,-318.793,-0.271
07/09/2025,2025-09-07,40,[08:45-09:00[,2025-09-07 07:45,1193.36,29102.425,24.387,20133.837,16.872,,,,,6280.2,5.263,2515.266,2.108,173.122,0.145
07/09/2025,2025-09-07,41,[09:00-09:15[,2025-09-07 08:00,1246.42,38812.507,31.139,21242.475,17.043,,,,,7084.8,5.684,3273.061,2.626,7212.172,5.786
07/09/2025,2025-09-07,42,[09:15-09:30[,2025-09-07 08:15,1266.549,38731.139,30.58,21242.475,16.772,,,,,7084.8,5.594,3274.619,2.585,7129.246,5.629
07/09/2025,2025-09-07,43,[09:30-09:45[,2025-09-07 08:30,1287.231,38091.674,29.592,21242.475,16.502,,,,,7084.8,5.504,3255.07,2.529,6509.328,5.057
07/09/2025,2025-09-07,44,[09:45-10:00[,2025-09-07 08:45,1284.861,43799.301,34.089,21242.475,16.533,,,,,7084.8,5.514,2581.965,2.01,12890.061,10.032
07/09/2025,2025-09-07,45,[10:00-10:15[,2025-09-07 09:00,1326.408,34802.363,26.238,21351.271,16.097,,,,,7103.644,5.356,3246.656,2.448,3100.793,2.338
07/09/2025,2025-09-07,46,[10:15-10:30[,2025-09-07 09:15,1327.775,40952.653,30.843,21351.271,16.08,,,,,7103.644,5.35,3196.558,2.407,9301.18,7.005
07/09/2025,2025-09-07,47,[10:30-10:45[,2025-09-07 09:30,1329.797,41949.04,31.545,21351.271,16.056,,,,,7103.644,5.342,3220.068,2.421,10274.057,7.726
07/09/2025,2025-09-07,48,[10:45-11:00[,2025-09-07 09:45,1332.377,40261.591,30.218,21351.271,16.025,,,,,7103.644,5.332,2952.899,2.216,8853.777,6.645
07/09/2025,2025-09-07,49,[11:00-11:15[,2025-09-07 10:00,1351.371,51868.589,38.382,21383.879,15.824,,,,,7301.724,5.403,3158.16,2.337,20024.826,14.818
07/09/2025,2025-09-07,50,[11:15-11:30[,2025-09-07 10:15,1351.02,48106.014,35.607,21383.879,15.828,,,,,7301.724,5.405,3144.83,2.328,16275.581,12.047
07/09/2025,2025-09-07,51,[11:30-11:45[,2025-09-07 10:30,1351.837,48171.672,35.634,21383.879,15.818,,,,,7301.724,5.401,2910.019,2.153,16576.049,12.262
07/09/2025,2025-09-07,52,[11:45-12:00[,2025-09-07 10:45,1369.743,44612.208,32.57,21383.879,15.612,,,,,7301.724,5.331,3117.858,2.276,12808.746,9.351
07/09/2025,2025-09-07,53,[12:00-12:15[,2025-09-07 11:00,1360.624,36561.534,26.871,21376.502,15.711,,,,,5281.848,3.882,2938.137,2.159,6965.048,5.119
07/09/2025,2025-09-07,54,[12:15-12:30[,2025-09-07 11:15,1360.944,42898.917,31.521,21376.502,15.707,,,,,5281.848,3.881,2865.788,2.106,13374.78,9.828
07/09/2025,2025-09-07,55,[12:30-12:45[,2025-09-07 11:30,1363.718,42201.877,30.946,21376.502,15.675,,,,,5281.848,3.873,2990.741,2.193,12552.786,9.205
07/09/2025,2025-09-07,56,[12:45-13:00[,2025-09-07 11:45,1333.482,41804.391,31.35,21376.502,16.031,,,,,5281.848,3.961,2977.032,2.233,12169.009,9.126
07/09/2025,2025-09-07,57,[13:00-13:15[,2025-09-07 12:00,1314.113,41206.243,31.357,21379.355,16.269,,,,,5400.408,4.11,2743.258,2.088,11683.222,8.891
07/09/2025,2025-09-07,58,[13:15-13:30[,2025-09-07 12:15,1310.237,41919.257,31.994,21379.355,16.317,,,,,5400.408,4.122,3017.388,2.303,12122.105,9.252
07/09/2025,2025-09-07,59,[13:30-13:45[,2025-09-07 12:30,1276.673,42479.125,33.273,21379.355,16.746,,,,,5400.408,4.23,3012.957,2.36,12686.404,9.937
07/09/2025,2025-09-07,60,[13:45-14:00[,2025-09-07 12:45,1263.709,40514.929,32.06,21379.355,16.918,,,,,5487.864,4.343,3089.668,2.445,10558.042,8.355
07/09/2025,2025-09-07,61,[14:00-14:15[,2025-09-07 13:00,1229.658,31204.784,25.377,21383.885,17.39,,,,,3925.8,3.193,2450.326,1.993,3444.773,2.801
07/09/2025,2025-09-07,62,[14:15-14:30[,2025-09-07 13:15,1217.159,33444.28,27.477,21383.885,17.569,,,,,3925.8,3.225,2363.265,1.942,5771.33,4.742
07/09/2025,2025-09-07,63,[14:30-14:45[,2025-09-07 13:30,1216.673,31426.959,25.83,21383.885,17.576,,,,,3925.8,3.227,2694.575,2.215,3422.699,2.813
07/09/2025,2025-09-07,64,[14:45-15:00[,2025-09-07 13:45,1218.582,31258.053,25.651,21383.885,17.548,,,,,3925.8,3.222,3074.156,2.523,2874.212,2.359
07/09/2025,2025-09-07,65,[15:00-15:15[,2025-09-07 14:00,1203.495,30456.411,25.307,21366.254,17.754,,,,,4022.32,3.342,2763.258,2.296,2304.58,1.915
07/09/2025,2025-09-07,66,[15:15-15:30[,2025-09-07 14:15,1203.287,29576.272,24.58,21366.254,17.757,,,,,4022.32,3.343,3024.145,2.513,1163.554,0.967
07/09/2025,2025-09-07,67,[15:30-15:45[,2025-09-07 14:30,1200.053,29849.884,24.874,21366.254,17.804,,,,,4022.32,3.352,3025.363,2.521,1435.948,1.197
07/09/2025,2025-09-07,68,[15:45-16:00[,2025-09-07 14:45,1174.491,31241.842,26.6,21366.254,18.192,,,,,4022.32,3.425,2441.691,2.079,3411.578,2.905
07/09/2025,2025-09-07,69,[16:00-16:15[,2025-09-07 15:00,1189.212,29921.044,25.16,21220.884,17.844,,,,,4731,3.978,3058.699,2.572,910.461,0.766
07/09/2025,2025-09-07,70,[16:15-16:30[,2025-09-07 15:15,1195.705,32582.853,27.25,21220.884,17.748,,,,,5001.58,4.183,3071.727,2.569,3288.662,2.75
07/09/2025,2025-09-07,71,[16:30-16:45[,2025-09-07 15:30,1176.944,29218.164,24.825,21220.884,18.03,,,,,5001.58,4.25,2642.914,2.246,352.787,0.3
07/09/2025,2025-09-07,72,[16:45-17:00[,2025-09-07 15:45,1193.446,32604.349,27.32,21220.884,17.781,,,,,4849.35,4.063,3132.932,2.625,3401.183,2.85
07/09/2025,2025-09-07,73,[17:00-17:15[,2025-09-07 16:00,1210.82,26141.528,21.59,16979.508,14.023,,,,,8301.432,6.856,3218.753,2.658,-2358.165,-1.948
07/09/2025,2025-09-07,74,[17:15-17:30[,2025-09-07 16:15,1225.262,22776.717,18.589,16979.508,13.858,,,,,8301.432,6.775,3238.686,2.643,-5742.908,-4.687
07/09/2025,2025-09-07,75,[17:30-17:45[,2025-09-07 16:30,1237.631,30491.39,24.637,16979.508,13.719,,,,,8301.432,6.708,3240.924,2.619,1969.526,1.591
07/09/2025,2025-09-07,76,[17:45-18:00[,2025-09-07 16:45,1258.234,19670.931,15.634,16979.508,13.495,,,,,4455.048,3.541,3209.82,2.551,-4973.444,-3.953
07/09/2025,2025-09-07,77,[18:00-18:15[,2025-09-07 17:00,1289.48,15485.299,12.009,12126.556,9.404,,,,,4800,3.722,3253.126,2.523,-4694.383,-3.641
07/09/2025,2025-09-07,78,[18:15-18:30[,2025-09-07 17:15,1308.392,18681.887,14.279,12126.556,9.268,,,,,4800,3.669,3241.452,2.477,-1486.121,-1.136
07/09/2025,2025-09-07,79,[18:30-18:45[,2025-09-07 17:30,1337.341,17722.474,13.252,12126.556,9.068,,,,,4800,3.589,3145.308,2.352,-2349.39,-1.757
07/09/2025,2025-09-07,80,[18:45-19:00[,2025-09-07 17:45,1372.876,21893.098,15.947,12126.556,8.833,,,,,4800,3.496,3188.341,2.322,1778.201,1.295
07/09/2025,2025-09-07,81,[19:00-19:15[,2025-09-07 18:00,1387.344,12717.633,9.167,8401.12,6.056,,,,,4087.2,2.946,2174.616,1.567,-1945.303,-1.402
07/09/2025,2025-09-07,82,[19:15-19:30[,2025-09-07 18:15,1410.118,14135.006,10.024,8401.12,5.958,,,,,4087.2,2.898,2173.082,1.541,-526.397,-0.373
07/09/2025,2025-09-07,83,[19:30-19:45[,2025-09-07 18:30,1430.726,13780.17,9.632,8401.12,5.872,,,,,4087.2,2.857,2157.569,1.508,-865.719,-0.605
07/09/2025,2025-09-07,84,[19:45-20:00[,2025-09-07 18:45,1450.666,14426.62,9.945,8401.12,5.791,,,,,4087.2,2.817,1476.235,1.018,462.065,0.319
07/09/2025,2025-09-07,85,[20:00-20:15[,2025-09-07 19:00,1489.881,13084.612,8.782,5513.503,3.701,,,,,3422.968,2.297,1445.56,0.97,2702.581,1.814
07/09/2025,2025-09-07,86,[20:15-20:30[,2025-09-07 19:15,1518.782,10422.941,6.863,5513.503,3.63,,,,,3422.968,2.254,1441.905,0.949,44.565,0.029
07/09/2025,2025-09-07,87,[20:30-20:45[,2025-09-07 19:30,1515.738,11976.115,7.901,5513.503,3.638,,,,,3422.968,2.258,1442.715,0.952,1596.93,1.054
07/09/2025,2025-09-07,88,[20:45-21:00[,2025-09-07 19:45,1502.256,12346.127,8.218,5513.503,3.67,,,,,3422.968,2.279,1422.206,0.947,1987.45,1.323
07/09/2025,2025-09-07,89,[21:00-21:15[,2025-09-07 20:00,1476.022,16963.668,11.493,5636.461,3.819,,,,,3544.8,2.402,1339.65,0.908,6442.757,4.365
07/09/2025,2025-09-07,90,[21:15-21:30[,2025-09-07 20:15,1453.379,18412.702,12.669,5636.461,3.878,,,,,3740.4,2.574,1190.879,0.819,7844.962,5.398
07/09/2025,2025-09-07,91,[21:30-21:45[,2025-09-07 20:30,1434.293,13611.891,9.49,5636.461,3.93,,,,,3740.4,2.608,1212.408,0.845,3022.622,2.107
07/09/2025,2025-09-07,92,[21:45-22:00[,2025-09-07 20:45,1411.52,17186.862,12.176,5636.461,3.993,,,,,3696,2.618,1224.149,0.867,6630.253,4.697
07/09/2025,2025-09-07,93,[22:00-22:15[,2025-09-07 21:00,1408.45,15056.504,10.69,8655.097,6.145,,,,,4458.24,3.165,2284.705,1.622,-341.538,-0.242
07/09/2025,2025-09-07,94,[22:15-22:30[,2025-09-07 21:15,1406.326,16528.084,11.753,8655.097,6.154,,,,,4458.24,3.17,3059.3,2.175,355.447,0.253
07/09/2025,2025-09-07,95,[22:30-22:45[,2025-09-07 21:30,1383.945,17139.467,12.385,8655.097,6.254,,,,,4458.24,3.221,3066.944,2.216,959.186,0.693
07/09/2025,2025-09-07,96,[22:45-23:00[,2025-09-07 21:45,1365.525,17830.844,13.058,8655.097,6.338,,,,,4458.24,3.265,2863.055,2.097,1854.453,1.358
08/09/2025,2025-09-08,1,[23:00-23:15[,2025-09-07 22:00,1339.512,7575.995,5.656,3157.1,2.357,,,,,2564.8,1.915,3091.364,2.308,-1237.269,-0.924
08/09/2025,2025-09-08,2,[23:15-23:30[,2025-09-07 22:15,1315.369,8593.489,6.533,3157.1,2.4,,,,,2564.8,1.95,3136.296,2.384,-264.708,-0.201
08/09/2025,2025-09-08,3,[23:30-23:45[,2025-09-07 22:30,1293.064,8029.964,6.21,3157.1,2.442,,,,,2564.8,1.984,2851.491,2.205,-543.428,-0.42
08/09/2025,2025-09-08,4,[23:45-00:00[,2025-09-07 22:45,1269.352,9345.133,7.362,3157.1,2.487,,,,,2564.8,2.021,3115.528,2.454,507.705,0.4
08/09/2025,2025-09-08,5,[00:00-00:15[,2025-09-07 23:00,1255.923,14462.492,11.515,6387.2,5.086,,,,,2412.8,1.921,3238.618,2.579,2423.874,1.93
08/09/2025,2025-09-08,6,[00:15-00:30[,2025-09-07 23:15,1251.509,12400.753,9.909,6387.2,5.104,,,,,2412.8,1.928,3243.147,2.591,357.606,0.286
08/09/2025,2025-09-08,7,[00:30-00:45[,2025-09-07 23:30,1226.141,11526.845,9.401,6387.2,5.209,,,,,2412.8,1.968,3264.5,2.662,-537.654,-0.438
08/09/2025,2025-09-08,8,[00:45-01:00[,2025-09-07 23:45,1208.672,11303.915,9.352,6387.2,5.284,,,,,2412.8,1.996,3083.112,2.551,-579.197,-0.479
08/09/2025,2025-09-08,9,[01:00-01:15[,2025-09-08 00:00,1212.466,12549.31,10.35,6777.04,5.589,,,,,1941.84,1.602,3334.617,2.75,495.813,0.409
08/09/2025,2025-09-08,10,[01:15-01:30[,2025-09-08 00:15,1177.36,11345.417,9.636,6777.04,5.756,,,,,1941.84,1.649,3178.095,2.699,-551.558,-0.468
08/09/2025,2025-09-08,11,[01:30-01:45[,2025-09-08 00:30,1173.164,11803.817,10.062,6777.04,5.777,,,,,1941.84,1.655,3333.285,2.841,-248.348,-0.212
08/09/2025,2025-09-08,12,[01:45-02:00[,2025-09-08 00:45,1158.638,10823.93,9.342,6777.04,5.849,,,,,1941.84,1.676,3279.316,2.83,-1174.267,-1.013
08/09/2025,2025-09-08,13,[02:00-02:15[,2025-09-08 01:00,1140.242,14433.452,12.658,8580.209,7.525,,,,,2108.8,1.849,3196.868,2.804,547.575,0.48
08/09/2025,2025-09-08,14,[02:15-02:30[,2025-09-08 01:15,1139.324,13603.721,11.94,8580.209,7.531,,,,,2108.8,1.851,3259.208,2.861,-344.496,-0.302
08/09/2025,2025-09-08,15,[02:30-02:45[,2025-09-08 01:30,1131.941,13849.011,12.235,8580.209,7.58,,,,,2108.8,1.863,3226.355,2.85,-66.353,-0.059
08/09/2025,2025-09-08,16,[02:45-03:00[,2025-09-08 01:45,1108.401,14584.128,13.158,8580.209,7.741,,,,,2108.8,1.903,3009.339,2.715,885.781,0.799
08/09/2025,2025-09-08,17,[03:00-03:15[,2025-09-08 02:00,1116.577,11686.574,10.466,9682.37,8.671,,,,,2131.708,1.909,3305.018,2.96,-3432.521,-3.074
08/09/2025,2025-09-08,18,[03:15-03:30[,2025-09-08 02:15,1112.638,15079.444,13.553,9682.37,8.702,,,,,2131.708,1.916,3201.912,2.878,63.454,0.057
08/09/2025,2025-09-08,19,[03:30-03:45[,2025-09-08 02:30,1103.636,15398.753,13.953,9682.37,8.773,,,,,2131.708,1.932,3312.553,3.001,272.122,0.247
08/09/2025,2025-09-08,20,[03:45-04:00[,2025-09-08 02:45,1106.675,14586.747,13.181,9682.37,8.749,,,,,2131.708,1.926,3246.256,2.933,-473.587,-0.428
08/09/2025,2025-09-08,21,[04:00-04:15[,2025-09-08 03:00,1096.711,15224.72,13.882,9104.684,8.302,,,,,2175.624,1.984,2697.959,2.46,1246.453,1.137
08/09/2025,2025-09-08,22,[04:15-04:30[,2025-09-08 03:15,1080.39,14971.573,13.858,9104.684,8.427,,,,,2175.624,2.014,2398.834,2.22,1292.431,1.196
08/09/2025,2025-09-08,23,[04:30-04:45[,2025-09-08 03:30,1092.642,14670.438,13.427,9104.684,8.333,,,,,2175.624,1.991,2560.908,2.344,829.222,0.759
08/09/2025,2025-09-08,24,[04:45-05:00[,2025-09-08 03:45,1113.041,14145.044,12.708,9104.684,8.18,,,,,2175.624,1.955,3334.047,2.995,-469.311,-0.422
08/09/2025,2025-09-08,25,[05:00-05:15[,2025-09-08 04:00,1110.259,11754.514,10.587,6650.84,5.99,,,,,2636.504,2.375,2959.921,2.666,-492.751,-0.444
08/09/2025,2025-09-08,26,[05:15-05:30[,2025-09-08 04:15,1123.999,12577.7,11.19,6650.84,5.917,,,,,2636.504,2.346,3265.724,2.905,24.632,0.022
08/09/2025,2025-09-08,27,[05:30-05:45[,2025-09-08 04:30,1137.902,13420.871,11.794,6650.84,5.845,,,,,2636.504,2.317,3348.427,2.943,785.1,0.69
08/09/2025,2025-09-08,28,[05:45-06:00[,2025-09-08 04:45,1158.157,11772.88,10.165,6650.84,5.743,,,,,2636.504,2.276,3368.28,2.908,-882.743,-0.762
08/09/2025,2025-09-08,29,[06:00-06:15[,2025-09-08 05:00,1210.035,7438.123,6.147,3449.082,2.85,,,,,3684,3.045,3415.193,2.822,-3110.153,-2.57
08/09/2025,2025-09-08,30,[06:15-06:30[,2025-09-08 05:15,1238.414,9179.261,7.412,3449.082,2.785,,,,,3684,2.975,3392.751,2.74,-1346.572,-1.087
08/09/2025,2025-09-08,31,[06:30-06:45[,2025-09-08 05:30,1257.995,10272.63,8.166,3449.082,2.742,,,,,3684,2.928,3240.27,2.576,-100.722,-0.08
08/09/2025,2025-09-08,32,[06:45-07:00[,2025-09-08 05:45,1274.271,12270.575,9.629,3449.082,2.707,,,,,3684,2.891,3346.401,2.626,1791.092,1.406
08/09/2025,2025-09-08,33,[07:00-07:15[,2025-09-08 06:00,1310.95,11509.21,8.779,3114.929,2.376,,,,,9162.72,6.989,3366.91,2.568,-4135.35,-3.154
08/09/2025,2025-09-08,34,[07:15-07:30[,2025-09-08 06:15,1348.423,13559.462,10.056,3114.929,2.31,,,,,9162.72,6.795,3321.861,2.464,-2040.048,-1.513
08/09/2025,2025-09-08,35,[07:30-07:45[,2025-09-08 06:30,1380.4,17783.761,12.883,3114.929,2.257,,,,,9162.72,6.638,3347.875,2.425,2158.237,1.563
08/09/2025,2025-09-08,36,[07:45-08:00[,2025-09-08 06:45,1421.328,17154.375,12.069,3114.929,2.192,,,,,9162.72,6.447,3341.039,2.351,1535.687,1.08
08/09/2025,2025-09-08,37,[08:00-08:15[,2025-09-08 07:00,1489.574,10275.301,6.898,5566.588,3.737,,,,,3792,2.546,3388.985,2.275,-2472.271,-1.66
08/09/2025,2025-09-08,38,[08:15-08:30[,2025-09-08 07:15,1510.036,10295.007,6.818,5566.588,3.686,,,,,3792,2.511,3042.695,2.015,-2106.276,-1.395
08/09/2025,2025-09-08,39,[08:30-08:45[,2025-09-08 07:30,1531.472,11963.601,7.812,5566.588,3.635,,,,,3792,2.476,3255.995,2.126,-650.981,-0.425
08/09/2025,2025-09-08,40,[08:45-09:00[,2025-09-08 07:45,1540.851,10805.656,7.013,5566.588,3.613,,,,,3792,2.461,3056.367,1.984,-1609.299,-1.044
08/09/2025,2025-09-08,41,[09:00-09:15[,2025-09-08 08:00,1550.164,13606.681,8.778,7520.163,4.851,,,,,4020,2.593,3084.539,1.99,-1018.02,-0.657
08/09/2025,2025-09-08,42,[09:15-09:30[,2025-09-08 08:15,1545.563,13681.177,8.852,7520.163,4.866,,,,,4020,2.601,3063.391,1.982,-922.377,-0.597
08/09/2025,2025-09-08,43,[09:30-09:45[,2025-09-08 08:30,1548.021,13820.966,8.928,7520.163,4.858,,,,,4020,2.597,3053.981,1.973,-773.178,-0.499
08/09/2025,2025-09-08,44,[09:45-10:00[,2025-09-08 08:45,1520.36,10807.139,7.108,7520.163,4.946,,,,,3558.5,2.341,2702.373,1.777,-2973.896,-1.956
08/09/2025,2025-09-08,45,[10:00-10:15[,2025-09-08 09:00,1528.14,27341.719,17.892,11455.575,7.496,,,,,13520,8.847,2963.759,1.939,-597.615,-0.391
08/09/2025,2025-09-08,46,[10:15-10:30[,2025-09-08 09:15,1528.268,26011.905,17.021,11455.575,7.496,,,,,13520,8.847,2977.824,1.948,-1941.494,-1.27
08/09/2025,2025-09-08,47,[10:30-10:45[,2025-09-08 09:30,1508.351,26877.283,17.819,11455.575,7.595,,,,,13520,8.963,2542.51,1.686,-640.802,-0.425
08/09/2025,2025-09-08,48,[10:45-11:00[,2025-09-08 09:45,1508.634,26669.638,17.678,11455.575,7.593,,,,,13520,8.962,2769.266,1.836,-1075.204,-0.713
08/09/2025,2025-09-08,49,[11:00-11:15[,2025-09-08 10:00,1505.5,32637.121,21.679,12436.093,8.26,,,,,18510.82,12.295,2771.318,1.841,-1081.11,-0.718
08/09/2025,2025-09-08,50,[11:15-11:30[,2025-09-08 10:15,1512.211,31093.278,20.561,12436.093,8.224,,,,,18510.82,12.241,2551.852,1.687,-2405.487,-1.591
08/09/2025,2025-09-08,51,[11:30-11:45[,2025-09-08 10:30,1505.369,32113.165,21.332,12436.093,8.261,,,,,18510.82,12.297,2740.281,1.82,-1574.029,-1.046
08/09/2025,2025-09-08,52,[11:45-12:00[,2025-09-08 10:45,1515.457,32340.972,21.341,12436.093,8.206,,,,,18510.82,12.215,2767.379,1.826,-1373.32,-0.906
08/09/2025,2025-09-08,53,[12:00-12:15[,2025-09-08 11:00,1504.481,24289.431,16.145,14059.338,9.345,,,,,8546.32,5.681,2675.865,1.779,-992.092,-0.659
08/09/2025,2025-09-08,54,[12:15-12:30[,2025-09-08 11:15,1485.745,24660.465,16.598,14059.338,9.463,,,,,8546.32,5.752,2408.096,1.621,-353.289,-0.238
08/09/2025,2025-09-08,55,[12:30-12:45[,2025-09-08 11:30,1464.953,22668.427,15.474,14059.338,9.597,,,,,8546.32,5.834,2569.933,1.754,-2507.163,-1.711
08/09/2025,2025-09-08,56,[12:45-13:00[,2025-09-08 11:45,1459.167,20078.928,13.761,14059.338,9.635,,,,,8546.32,5.857,2982.595,2.044,-5509.324,-3.776
08/09/2025,2025-09-08,57,[13:00-13:15[,2025-09-08 12:00,1438.965,23647.753,16.434,15692.055,10.905,,,,,7322.48,5.089,2706.951,1.881,-2073.733,-1.441
08/09/2025,2025-09-08,58,[13:15-13:30[,2025-09-08 12:15,1429.301,25683.5,17.969,15692.055,10.979,,,,,7322.48,5.123,2677.326,1.873,-8.362,-0.006
08/09/2025,2025-09-08,59,[13:30-13:45[,2025-09-08 12:30,1446.212,24763.897,17.123,15692.055,10.85,,,,,7322.48,5.063,2889.591,1.998,-1140.228,-0.788
08/09/2025,2025-09-08,60,[13:45-14:00[,2025-09-08 12:45,1434.88,24432.131,17.027,15692.055,10.936,,,,,7322.48,5.103,2680.803,1.868,-1263.206,-0.88
08/09/2025,2025-09-08,61,[14:00-14:15[,2025-09-08 13:00,1458.427,24351.484,16.697,15709.305,10.771,,,,,7230.3,4.958,2894.938,1.985,-1483.058,-1.017
08/09/2025,2025-09-08,62,[14:15-14:30[,2025-09-08 13:15,1465.61,24750.79,16.888,15709.305,10.719,,,,,7230.3,4.933,2880.098,1.965,-1068.913,-0.729
08/09/2025,2025-09-08,63,[14:30-14:45[,2025-09-08 13:30,1455.923,21505.826,14.771,15709.305,10.79,,,,,7230.3,4.966,2633.636,1.809,-4067.414,-2.794
08/09/2025,2025-09-08,64,[14:45-15:00[,2025-09-08 13:45,1438.278,20155.751,14.014,15709.305,10.922,,,,,7230.3,5.027,1974.893,1.373,-4758.746,-3.309
08/09/2025,2025-09-08,65,[15:00-15:15[,2025-09-08 14:00,1461.467,25810.836,17.661,15692.055,10.737,,,,,7688.32,5.261,2941.917,2.013,-511.456,-0.35
08/09/2025,2025-09-08,66,[15:15-15:30[,2025-09-08 14:15,1460.645,25371.23,17.37,15692.055,10.743,,,,,7688.32,5.264,2887.487,1.977,-896.633,-0.614
08/09/2025,2025-09-08,67,[15:30-15:45[,2025-09-08 14:30,1462.317,25361.276,17.343,15692.055,10.731,,,,,7688.32,5.258,2972.418,2.033,-991.517,-0.678
08/09/2025,2025-09-08,68,[15:45-16:00[,2025-09-08 14:45,1466.231,25542.865,17.421,15692.055,10.702,,,,,7688.32,5.244,2930.292,1.999,-767.802,-0.524
08/09/2025,2025-09-08,69,[16:00-16:15[,2025-09-08 15:00,1469.47,35130.974,23.907,12647.35,8.607,,,1573.263,1.071,19421.085,13.216,2238.34,1.523,-749.063,-0.51
08/09/2025,2025-09-08,70,[16:15-16:30[,2025-09-08 15:15,1469.946,34479.917,23.457,12647.35,8.604,,,1573.263,1.07,19421.085,13.212,2248.387,1.53,-1410.167,-0.959
08/09/2025,2025-09-08,71,[16:30-16:45[,2025-09-08 15:30,1472.985,33528.887,22.763,12647.35,8.586,,,1573.263,1.068,19421.085,13.185,2125.429,1.443,-2238.239,-1.52
08/09/2025,2025-09-08,72,[16:45-17:00[,2025-09-08 15:45,1488.118,33964.954,22.824,12647.35,8.499,,,1659.075,1.115,19421.085,13.051,2200.074,1.478,-1962.63,-1.319
08/09/2025,2025-09-08,73,[17:00-17:15[,2025-09-08 16:00,1477.751,25438.575,17.214,10278.205,6.955,,,,,13654.55,9.24,1652.886,1.119,-147.065,-0.1
08/09/2025,2025-09-08,74,[17:15-17:30[,2025-09-08 16:15,1476.753,24101.37,16.321,10278.205,6.96,,,,,13654.55,9.246,1482.882,1.004,-1314.266,-0.89
08/09/2025,2025-09-08,75,[17:30-17:45[,2025-09-08 16:30,1484.742,23501.37,15.829,10278.205,6.923,,,,,13654.55,9.197,1352.721,0.911,-1784.106,-1.202
08/09/2025,2025-09-08,76,[17:45-18:00[,2025-09-08 16:45,1506.88,23443.289,15.558,10278.205,6.821,,,,,13654.55,9.061,1346.832,0.894,-1836.297,-1.219
08/09/2025,2025-09-08,77,[18:00-18:15[,2025-09-08 17:00,1518.222,9159.84,6.033,6541.138,4.308,,,,,3838.8,2.528,1231.75,0.811,-2451.847,-1.615
08/09/2025,2025-09-08,78,[18:15-18:30[,2025-09-08 17:15,1543.565,10561.822,6.842,6541.138,4.238,,,,,3708,2.402,1256.57,0.814,-943.886,-0.611
08/09/2025,2025-09-08,79,[18:30-18:45[,2025-09-08 17:30,1571.797,10260.201,6.528,6541.138,4.162,,,,,3708,2.359,1260.988,0.802,-1249.924,-0.795
08/09/2025,2025-09-08,80,[18:45-19:00[,2025-09-08 17:45,1612.24,7287.333,4.52,6541.138,4.057,,,,,3708,2.3,1229.474,0.763,-4191.279,-2.6
08/09/2025,2025-09-08,81,[19:00-19:15[,2025-09-08 18:00,1641.882,19668.345,11.979,5547.863,3.379,,,,,2116.8,1.289,1320.955,0.805,10682.728,6.506
08/09/2025,2025-09-08,82,[19:15-19:30[,2025-09-08 18:15,1674.406,12484.969,7.456,5547.863,3.313,,,,,2116.8,1.264,1325.316,0.792,3494.991,2.087
08/09/2025,2025-09-08,83,[19:30-19:45[,2025-09-08 18:30,1700.713,9783.337,5.752,5547.863,3.262,,,,,2116.8,1.245,1302.715,0.766,815.959,0.48
08/09/2025,2025-09-08,84,[19:45-20:00[,2025-09-08 18:45,1732.722,10481.592,6.049,5547.863,3.202,,,,,2116.8,1.222,1319.186,0.761,1497.744,0.864
08/09/2025,2025-09-08,85,[20:00-20:15[,2025-09-08 19:00,1768.833,4631.079,2.618,6009.097,3.397,,,,,1689.12,0.955,1371.805,0.776,-4438.943,-2.51
08/09/2025,2025-09-08,86,[20:15-20:30[,2025-09-08 19:15,1782.828,7722.13,4.331,6009.097,3.371,,,,,1689.12,0.947,1400.385,0.785,-1376.472,-0.772
08/09/2025,2025-09-08,87,[20:30-20:45[,2025-09-08 19:30,1762.006,7661.903,4.348,6009.097,3.41,,,,,1689.12,0.959,1389.951,0.789,-1426.265,-0.809
08/09/2025,2025-09-08,88,[20:45-21:00[,2025-09-08 19:45,1734.659,8968.012,5.17,6009.097,3.464,,,,,1689.12,0.974,1399.615,0.807,-129.819,-0.075
08/09/2025,2025-09-08,89,[21:00-21:15[,2025-09-08 20:00,1706.144,9456.777,5.543,6822.061,3.999,,,,,2513.7,1.473,1343.495,0.787,-1222.479,-0.717
08/09/2025,2025-09-08,90,[21:15-21:30[,2025-09-08 20:15,1674.358,10848.281,6.479,6822.061,4.074,,,,,2513.7,1.501,1315.001,0.785,197.52,0.118
08/09/2025,2025-09-08,91,[21:30-21:45[,2025-09-08 20:30,1643.97,10181.857,6.193,6822.061,4.15,,,,,2513.7,1.529,1306.099,0.794,-460.003,-0.28
08/09/2025,2025-09-08,92,[21:45-22:00[,2025-09-08 20:45,1616.548,10549.693,6.526,6822.061,4.22,,,,,2513.7,1.555,1396.99,0.864,-183.057,-0.113
08/09/2025,2025-09-08,93,[22:00-22:15[,2025-09-08 21:00,1585.612,13214.831,8.334,10699.75,6.748,,,,,4620,2.914,1348.381,0.85,-3453.3,-2.178
08/09/2025,2025-09-08,94,[22:15-22:30[,2025-09-08 21:15,1545.629,16319.287,10.558,10699.75,6.923,,,,,4620,2.989,1366.722,0.884,-367.185,-0.238
08/09/2025,2025-09-08,95,[22:30-22:45[,2025-09-08 21:30,1514.608,15128.625,9.988,10699.75,7.064,,,,,4620,3.05,1323.734,0.874,-1514.859,-1
08/09/2025,2025-09-08,96,[22:45-23:00[,2025-09-08 21:45,1485.059,16879.656,11.366,10699.75,7.205,,,,,5134.8,3.458,1400.855,0.943,-355.749,-0.24
09/09/2025,2025-09-09,1,[23:00-23:15[,2025-09-08 22:00,1465.217,17249.793,11.773,11544.757,7.879,,,,,4125,2.815,2310.606,1.577,-730.57,-0.499
09/09/2025,2025-09-09,2,[23:15-23:30[,2025-09-08 22:15,1435.191,16712.756,11.645,11544.757,8.044,,,,,4125,2.874,2471.389,1.722,-1428.39,-0.995
09/09/2025,2025-09-09,3,[23:30-23:45[,2025-09-08 22:30,1406.486,16844.506,11.976,11544.757,8.208,,,,,4125,2.933,2471.121,1.757,-1296.371,-0.922
09/09/2025,2025-09-09,4,[23:45-00:00[,2025-09-08 22:45,1370.872,17596.874,12.836,11544.757,8.421,,,,,4125,3.009,2355.429,1.718,-428.312,-0.312
09/09/2025,2025-09-09,5,[00:00-00:15[,2025-09-08 23:00,1326.716,16654.655,12.553,11582.648,8.73,,,,,3572.182,2.692,2703.256,2.038,-1203.431,-0.907
09/09/2025,2025-09-09,6,[00:15-00:30[,2025-09-08 23:15,1348.983,17497.751,12.971,11582.648,8.586,,,,,3572.182,2.648,3448.133,2.556,-1105.212,-0.819
09/09/2025,2025-09-09,7,[00:30-00:45[,2025-09-08 23:30,1326.351,17461.252,13.165,11582.648,8.733,,,,,3572.182,2.693,3184.669,2.401,-878.247,-0.662
09/09/2025,2025-09-09,8,[00:45-01:00[,2025-09-08 23:45,1323.251,18539.226,14.01,11582.648,8.753,,,,,3572.182,2.7,3447.468,2.605,-63.072,-0.048
09/09/2025,2025-09-09,9,[01:00-01:15[,2025-09-09 00:00,1286.029,18853.704,14.66,12531.692,9.744,,,,,3645.6,2.835,3039.903,2.364,-363.491,-0.283
09/09/2025,2025-09-09,10,[01:15-01:30[,2025-09-09 00:15,1274.228,18737.986,14.705,12531.692,9.835,,,,,3645.6,2.861,3070.834,2.41,-510.139,-0.4
09/09/2025,2025-09-09,11,[01:30-01:45[,2025-09-09 00:30,1268.35,18783.937,14.81,12531.692,9.88,,,,,3645.6,2.874,3440.914,2.713,-834.269,-0.658
09/09/2025,2025-09-09,12,[01:45-02:00[,2025-09-09 00:45,1231.541,18499.125,15.021,12531.692,10.176,,,,,3645.6,2.96,2620.553,2.128,-298.72,-0.243
09/09/2025,2025-09-09,13,[02:00-02:15[,2025-09-09 01:00,1240.988,19518.537,15.728,12535.916,10.102,,,,,3925.6,3.163,3412.504,2.75,-355.482,-0.286
09/09/2025,2025-09-09,14,[02:15-02:30[,2025-09-09 01:15,1226.391,17671.557,14.409,12535.916,10.222,,,,,3925.6,3.201,3108.056,2.534,-1898.015,-1.548
09/09/2025,2025-09-09,15,[02:30-02:45[,2025-09-09 01:30,1222.942,19138.102,15.649,12535.916,10.251,,,,,3925.6,3.21,3441.743,2.814,-765.156,-0.626
09/09/2025,2025-09-09,16,[02:45-03:00[,2025-09-09 01:45,1213.262,19664.988,16.208,12535.916,10.332,,,,,3925.6,3.236,3441.442,2.837,-237.969,-0.196
09/09/2025,2025-09-09,17,[03:00-03:15[,2025-09-09 02:00,1210.195,19900.846,16.444,12541.764,10.363,,,,,3998.4,3.304,3376.757,2.79,-16.074,-0.013
09/09/2025,2025-09-09,18,[03:15-03:30[,2025-09-09 02:15,1202.488,18952.903,15.761,12541.764,10.43,,,,,3998.4,3.325,3435.73,2.857,-1022.99,-0.851
09/09/2025,2025-09-09,19,[03:30-03:45[,2025-09-09 02:30,1187.004,18843.246,15.875,12541.764,10.566,,,,,3998.4,3.368,3334.168,2.809,-1031.086,-0.869
09/09/2025,2025-09-09,20,[03:45-04:00[,2025-09-09 02:45,1200.071,21076.468,17.563,12541.764,10.451,,,,,3998.4,3.332,3439.936,2.866,1096.368,0.914
09/09/2025,2025-09-09,21,[04:00-04:15[,2025-09-09 03:00,1197.508,16850.668,14.071,11514.478,9.615,,,,,3757.6,3.138,3396.036,2.836,-1817.446,-1.518
09/09/2025,2025-09-09,22,[04:15-04:30[,2025-09-09 03:15,1178.482,18190.962,15.436,11514.478,9.771,,,,,3757.6,3.189,3406.438,2.891,-487.553,-0.414
09/09/2025,2025-09-09,23,[04:30-04:45[,2025-09-09 03:30,1188.689,16985.888,14.29,11514.478,9.687,,,,,3757.6,3.161,3440.583,2.894,-1726.774,-1.453
09/09/2025,2025-09-09,24,[04:45-05:00[,2025-09-09 03:45,1187.246,18428.423,15.522,11514.478,9.698,,,,,3757.6,3.165,3399.81,2.864,-243.465,-0.205
09/09/2025,2025-09-09,25,[05:00-05:15[,2025-09-09 04:00,1189.605,15499.397,13.029,9845.264,8.276,,,,,3500,2.942,3170.265,2.665,-1016.131,-0.854
09/09/2025,2025-09-09,26,[05:15-05:30[,2025-09-09 04:15,1204.557,15198.53,12.618,9845.264,8.173,,,,,3500,2.906,3198.006,2.655,-1344.739,-1.116
09/09/2025,2025-09-09,27,[05:30-05:45[,2025-09-09 04:30,1200.098,14474.66,12.061,9845.264,8.204,,,,,3500,2.916,2992.683,2.494,-1863.287,-1.553
09/09/2025,2025-09-09,28,[05:45-06:00[,2025-09-09 04:45,1217.367,12816.878,10.528,9845.264,8.087,,,,,3500,2.875,3196.842,2.626,-3725.227,-3.06
09/09/2025,2025-09-09,29,[06:00-06:15[,2025-09-09 05:00,1258.999,18420.041,14.631,8026.602,6.375,,,,,5308.62,4.217,3100.106,2.462,1984.712,1.576
09/09/2025,2025-09-09,30,[06:15-06:30[,2025-09-09 05:15,1278.186,14257.538,11.155,8026.602,6.28,,,,,5308.62,4.153,2901.126,2.27,-1978.81,-1.548
09/09/2025,2025-09-09,31,[06:30-06:45[,2025-09-09 05:30,1313.479,15182.508,11.559,8026.602,6.111,,,,,5308.62,4.042,2971.466,2.262,-1124.181,-0.856
09/09/2025,2025-09-09,32,[06:45-07:00[,2025-09-09 05:45,1322.123,15661.041,11.845,8026.602,6.071,,,,,5308.62,4.015,2973.836,2.249,-648.017,-0.49
09/09/2025,2025-09-09,33,[07:00-07:15[,2025-09-09 06:00,1345.585,9033.297,6.713,7725.55,5.741,,,,,3553.348,2.641,2805.26,2.085,-5050.862,-3.754
09/09/2025,2025-09-09,34,[07:15-07:30[,2025-09-09 06:15,1390.985,11166.221,8.028,7725.55,5.554,,,,,3553.348,2.555,2889.722,2.077,-3002.399,-2.158
09/09/2025,2025-09-09,35,[07:30-07:45[,2025-09-09 06:30,1426.214,12816.656,8.986,7725.55,5.417,,,,,3553.348,2.491,2924.413,2.05,-1386.655,-0.972
09/09/2025,2025-09-09,36,[07:45-08:00[,2025-09-09 06:45,1442.279,20460.984,14.187,7725.55,5.356,,,,,3553.348,2.464,2632.247,1.825,6549.839,4.541
09/09/2025,2025-09-09,37,[08:00-08:15[,2025-09-09 07:00,1505.842,11808.683,7.842,9719.136,6.454,,,,,4250.4,2.823,2142.745,1.423,-4303.598,-2.858
09/09/2025,2025-09-09,38,[08:15-08:30[,2025-09-09 07:15,1523.868,17923.147,11.762,9719.136,6.378,,,,,4250.4,2.789,1989.877,1.306,1963.734,1.289
09/09/2025,2025-09-09,39,[08:30-08:45[,2025-09-09 07:30,1542.139,14585.065,9.458,9719.136,6.302,,,,,4250.4,2.756,2084.801,1.352,-1469.272,-0.953
09/09/2025,2025-09-09,40,[08:45-09:00[,2025-09-09 07:45,1542.839,18365.116,11.903,9719.136,6.3,,,,,4564.106,2.958,2088.185,1.353,1993.689,1.292
09/09/2025,2025-09-09,41,[09:00-09:15[,2025-09-09 08:00,1552.927,21061.464,13.562,13037.693,8.396,,,2783.25,1.792,7448.09,4.796,2295.616,1.478,-4503.185,-2.9
09/09/2025,2025-09-09,42,[09:15-09:30[,2025-09-09 08:15,1572.539,24656.353,15.679,13037.693,8.291,,,2036.7,1.295,7448.09,4.736,2776.338,1.766,-642.467,-0.409
09/09/2025,2025-09-09,43,[09:30-09:45[,2025-09-09 08:30,1563.332,24170.488,15.461,13037.693,8.34,,,2036.7,1.303,7448.09,4.764,2791.948,1.786,-1143.942,-0.732
09/09/2025,2025-09-09,44,[09:45-10:00[,2025-09-09 08:45,1557.204,21410.9,13.75,13037.693,8.373,,,2098.35,1.348,7448.09,4.783,2662.33,1.71,-3835.563,-2.463
09/09/2025,2025-09-09,45,[10:00-10:15[,2025-09-09 09:00,1506.783,25440.389,16.884,15481.957,10.275,,,,,7829.52,5.196,1990.713,1.321,138.199,0.092
09/09/2025,2025-09-09,46,[10:15-10:30[,2025-09-09 09:15,1513.8,27803.189,18.366,15481.957,10.227,,,,,7829.52,5.172,2650.222,1.751,1841.489,1.216
09/09/2025,2025-09-09,47,[10:30-10:45[,2025-09-09 09:30,1518.822,30584.207,20.137,15481.957,10.193,,,5236.458,3.448,7829.52,5.155,2763.188,1.819,-726.916,-0.479
09/09/2025,2025-09-09,48,[10:45-11:00[,2025-09-09 09:45,1516.133,22621.439,14.92,15481.957,10.211,,,1841.885,1.215,7829.52,5.164,2757.912,1.819,-5289.836,-3.489
09/09/2025,2025-09-09,49,[11:00-11:15[,2025-09-09 10:00,1508.789,26157.663,17.337,16085.423,10.661,,,,,7596.6,5.035,2668.823,1.769,-193.183,-0.128
09/09/2025,2025-09-09,50,[11:15-11:30[,2025-09-09 10:15,1522.541,25480.833,16.736,16085.423,10.565,,,,,7596.6,4.989,2719.812,1.786,-921.002,-0.605
09/09/2025,2025-09-09,51,[11:30-11:45[,2025-09-09 10:30,1523.809,27787.478,18.236,16085.423,10.556,,,,,7596.6,4.985,2720.793,1.786,1384.662,0.909
09/09/2025,2025-09-09,52,[11:45-12:00[,2025-09-09 10:45,1507.037,28403.187,18.847,16085.423,10.674,,,,,7616.4,5.054,2561.011,1.699,2140.353,1.42
09/09/2025,2025-09-09,53,[12:00-12:15[,2025-09-09 11:00,1492.039,25339.906,16.983,17056.955,11.432,,,,,6118.532,4.101,2635.796,1.767,-471.378,-0.316
09/09/2025,2025-09-09,54,[12:15-12:30[,2025-09-09 11:15,1496.799,25262.105,16.877,17056.955,11.396,,,,,6118.532,4.088,2601.017,1.738,-514.399,-0.344
09/09/2025,2025-09-09,55,[12:30-12:45[,2025-09-09 11:30,1452.406,25229.333,17.371,17056.955,11.744,,,,,6118.532,4.213,2570.229,1.77,-516.383,-0.356
09/09/2025,2025-09-09,56,[12:45-13:00[,2025-09-09 11:45,1449.407,25088.408,17.309,17056.955,11.768,,,,,5815.026,4.012,2654.007,1.831,-437.58,-0.302
09/09/2025,2025-09-09,57,[13:00-13:15[,2025-09-09 12:00,1448.796,24433.285,16.865,17352.976,11.978,,,,,5192.236,3.584,2659.201,1.835,-771.128,-0.532
09/09/2025,2025-09-09,58,[13:15-13:30[,2025-09-09 12:15,1445.866,24702.939,17.085,17352.976,12.002,,,,,5192.236,3.591,2698.756,1.867,-541.029,-0.374
09/09/2025,2025-09-09,59,[13:30-13:45[,2025-09-09 12:30,1470.468,25435.111,17.297,17352.976,11.801,,,,,5198.522,3.535,2725.93,1.854,157.683,0.107
09/09/2025,2025-09-09,60,[13:45-14:00[,2025-09-09 12:45,1470.338,25472.486,17.324,17352.976,11.802,,,,,5871.124,3.993,2726.332,1.854,-477.946,-0.325
09/09/2025,2025-09-09,61,[14:00-14:15[,2025-09-09 13:00,1502.4,26799.047,17.837,18538.549,12.339,,,,,5443.2,3.623,2752.78,1.832,64.517,0.043
09/09/2025,2025-09-09,62,[14:15-14:30[,2025-09-09 13:15,1498.91,26559.038,17.719,18538.549,12.368,,,,,5443.2,3.631,2731.222,1.822,-153.933,-0.103
09/09/2025,2025-09-09,63,[14:30-14:45[,2025-09-09 13:30,1510.76,26529.052,17.56,18538.549,12.271,,,,,5443.2,3.603,2707.033,1.792,-159.73,-0.106
09/09/2025,2025-09-09,64,[14:45-15:00[,2025-09-09 13:45,1534.822,26946.442,17.557,18538.549,12.079,,,,,5443.2,3.546,2720.336,1.772,244.358,0.159
09/09/2025,2025-09-09,65,[15:00-15:15[,2025-09-09 14:00,1530.874,26024.823,17,17442.013,11.393,,,,,6302.34,4.117,2343.383,1.531,-62.913,-0.041
09/09/2025,2025-09-09,66,[15:15-15:30[,2025-09-09 14:15,1555.987,28029.09,18.014,17442.013,11.21,,,,,6625.08,4.258,2702.88,1.737,1259.117,0.809
09/09/2025,2025-09-09,67,[15:30-15:45[,2025-09-09 14:30,1559.339,26505.961,16.998,17442.013,11.186,,,,,6625.08,4.249,2510.098,1.61,-71.229,-0.046
09/09/2025,2025-09-09,68,[15:45-16:00[,2025-09-09 14:45,1562.139,28003.501,17.926,17442.013,11.165,,,,,6625.08,4.241,2586.106,1.655,1350.302,0.864
09/09/2025,2025-09-09,69,[16:00-16:15[,2025-09-09 15:00,1545.646,36364.551,23.527,15514.45,10.038,,,,,11704,7.572,2368.726,1.533,6777.375,4.385
09/09/2025,2025-09-09,70,[16:15-16:30[,2025-09-09 15:15,1568.844,34068.077,21.715,15514.45,9.889,,,,,11704,7.46,2623.471,1.672,4226.155,2.694
09/09/2025,2025-09-09,71,[16:30-16:45[,2025-09-09 15:30,1591.979,34138.863,21.444,15514.45,9.745,,,,,11704,7.352,2650.604,1.665,4269.809,2.682
09/09/2025,2025-09-09,72,[16:45-17:00[,2025-09-09 15:45,1611.587,37007.638,22.963,15514.45,9.627,,,,,11704,7.262,2710.284,1.682,7078.904,4.393
09/09/2025,2025-09-09,73,[17:00-17:15[,2025-09-09 16:00,1605.369,35492.244,22.108,12639.868,7.873,,,1687.65,1.051,9884.48,6.157,2801.905,1.745,8478.341,5.281
09/09/2025,2025-09-09,74,[17:15-17:30[,2025-09-09 16:15,1617.261,34001.126,21.024,12639.868,7.816,,,1687.65,1.044,8589.12,5.311,2824.385,1.746,8260.103,5.107
09/09/2025,2025-09-09,75,[17:30-17:45[,2025-09-09 16:30,1629.312,24170.317,14.835,12639.868,7.758,,,4223.1,2.592,5336,3.275,2809.179,1.724,-837.829,-0.514
09/09/2025,2025-09-09,76,[17:45-18:00[,2025-09-09 16:45,1613.764,23983.757,14.862,12639.868,7.833,,,4329.5,2.683,5336,3.307,2106.038,1.305,-427.648,-0.265
09/09/2025,2025-09-09,77,[18:00-18:15[,2025-09-09 17:00,1626.992,9075.17,5.578,8760.7,5.385,,,,,11070.28,6.804,2694.251,1.656,-13450.061,-8.267
09/09/2025,2025-09-09,78,[18:15-18:30[,2025-09-09 17:15,1659.458,24199.521,14.583,8760.7,5.279,,,,,11070.28,6.671,2812.026,1.695,1556.515,0.938
09/09/2025,2025-09-09,79,[18:30-18:45[,2025-09-09 17:30,1681.33,27661.298,16.452,8760.7,5.211,,,,,11070.28,6.584,2735.433,1.627,5094.885,3.03
09/09/2025,2025-09-09,80,[18:45-19:00[,2025-09-09 17:45,1704.324,19431.983,11.402,8760.7,5.14,,,,,11070.28,6.495,2816.955,1.653,-3215.952,-1.887
09/09/2025,2025-09-09,81,[19:00-19:15[,2025-09-09 18:00,1728.227,1713.168,0.991,3954.116,2.288,,,,,2639,1.527,1898.684,1.099,-6778.633,-3.922
09/09/2025,2025-09-09,82,[19:15-19:30[,2025-09-09 18:15,1748.122,7715.203,4.413,3954.116,2.262,,,,,2943.04,1.684,1906.218,1.09,-1088.171,-0.622
09/09/2025,2025-09-09,83,[19:30-19:45[,2025-09-09 18:30,1763.192,3839.604,2.178,3954.116,2.243,,,,,2943.04,1.669,1110.371,0.63,-4167.922,-2.364
09/09/2025,2025-09-09,84,[19:45-20:00[,2025-09-09 18:45,1778.252,9878.056,5.555,3954.116,2.224,,,,,2943.04,1.655,1124.791,0.633,1856.108,1.044
09/09/2025,2025-09-09,85,[20:00-20:15[,2025-09-09 19:00,1794.824,10023.334,5.585,4471.489,2.491,,,,,3941.88,2.196,1080.877,0.602,529.089,0.295
09/09/2025,2025-09-09,86,[20:15-20:30[,2025-09-09 19:15,1797.891,6668.568,3.709,4471.489,2.487,,,,,3941.88,2.193,1052.525,0.585,-2797.326,-1.556
09/09/2025,2025-09-09,87,[20:30-20:45[,2025-09-09 19:30,1779.363,10739.667,6.036,4471.489,2.513,,,,,3941.88,2.215,1147.319,0.645,1178.979,0.663
09/09/2025,2025-09-09,88,[20:45-21:00[,2025-09-09 19:45,1757.112,9260.466,5.27,4471.489,2.545,,,,,3941.88,2.243,1157.294,0.659,-310.197,-0.177
09/09/2025,2025-09-09,89,[21:00-21:15[,2025-09-09 20:00,1724.924,6493.752,3.765,4537.259,2.63,,,,,2572.24,1.491,1041.862,0.604,-1657.608,-0.961
09/09/2025,2025-09-09,90,[21:15-21:30[,2025-09-09 20:15,1692.174,8075.772,4.772,4537.259,2.681,,,,,2572.24,1.52,1009.078,0.596,-42.804,-0.025
09/09/2025,2025-09-09,91,[21:30-21:45[,2025-09-09 20:30,1657.521,7213.012,4.352,4537.259,2.737,,,,,2572.24,1.552,996.038,0.601,-892.524,-0.538
09/09/2025,2025-09-09,92,[21:45-22:00[,2025-09-09 20:45,1634.206,7184.494,4.396,4537.259,2.776,,,,,2572.24,1.574,1030.477,0.631,-955.482,-0.585
09/09/2025,2025-09-09,93,[22:00-22:15[,2025-09-09 21:00,1615.729,13239.047,8.194,9497.119,5.878,,,,,2833.36,1.754,1932.011,1.196,-1023.443,-0.633
09/09/2025,2025-09-09,94,[22:15-22:30[,2025-09-09 21:15,1576.177,12704.988,8.061,9497.119,6.025,,,,,2833.36,1.798,1698.196,1.077,-1323.687,-0.84
09/09/2025,2025-09-09,95,[22:30-22:45[,2025-09-09 21:30,1558.363,12640.545,8.111,9497.119,6.094,,,,,2833.36,1.818,2182.377,1.4,-1872.311,-1.201
09/09/2025,2025-09-09,96,[22:45-23:00[,2025-09-09 21:45,1522.071,13686.591,8.992,9497.119,6.24,,,,,2833.36,1.862,2161.974,1.42,-805.862,-0.529
10/09/2025,2025-09-10,1,[23:00-23:15[,2025-09-09 22:00,1488.501,16332.089,10.972,11106.776,7.462,,,,,3972,2.668,2806.775,1.886,-1553.462,-1.044
10/09/2025,2025-09-10,2,[23:15-23:30[,2025-09-09 22:15,1473.571,18280.031,12.405,11106.776,7.537,,,,,3972,2.695,3140.953,2.132,60.302,0.041
10/09/2025,2025-09-10,3,[23:30-23:45[,2025-09-09 22:30,1450.729,17928.209,12.358,11106.776,7.656,,,,,3972,2.738,3241.994,2.235,-392.561,-0.271
10/09/2025,2025-09-10,4,[23:45-00:00[,2025-09-09 22:45,1399.737,17933.285,12.812,11106.776,7.935,,,,,3972,2.838,3078.292,2.199,-223.783,-0.16
10/09/2025,2025-09-10,5,[00:00-00:15[,2025-09-09 23:00,1386.061,18628.386,13.44,11837.679,8.541,,,,,3352.452,2.419,3144.251,2.268,294.005,0.212
10/09/2025,2025-09-10,6,[00:15-00:30[,2025-09-09 23:15,1380.481,18531.851,13.424,11837.679,8.575,,,,,3352.452,2.428,3297.585,2.389,44.136,0.032
10/09/2025,2025-09-10,7,[00:30-00:45[,2025-09-09 23:30,1340.72,17924.189,13.369,11837.679,8.829,,,,,3352.452,2.5,3163.567,2.36,-429.509,-0.32
10/09/2025,2025-09-10,8,[00:45-01:00[,2025-09-09 23:45,1334.637,19378.638,14.52,11837.679,8.87,,,,,3352.452,2.512,3321.492,2.489,867.016,0.65
10/09/2025,2025-09-10,9,[01:00-01:15[,2025-09-10 00:00,1327.54,16918.156,12.744,11836.405,8.916,,,,,3138.852,2.364,3405.765,2.565,-1462.866,-1.102
10/09/2025,2025-09-10,10,[01:15-01:30[,2025-09-10 00:15,1296.093,18362.087,14.167,11836.405,9.132,,,,,3138.852,2.422,3242.522,2.502,144.309,0.111
10/09/2025,2025-09-10,11,[01:30-01:45[,2025-09-10 00:30,1288.948,18396.008,14.272,11836.405,9.183,,,,,3138.852,2.435,3383.196,2.625,37.556,0.029
10/09/2025,2025-09-10,12,[01:45-02:00[,2025-09-10 00:45,1284.625,18896.671,14.71,11836.405,9.214,,,,,3138.852,2.443,3393.445,2.642,527.97,0.411
10/09/2025,2025-09-10,13,[02:00-02:15[,2025-09-10 01:00,1256.834,17603.764,14.006,12045.589,9.584,,,,,2915.64,2.32,3324.778,2.645,-682.242,-0.543
10/09/2025,2025-09-10,14,[02:15-02:30[,2025-09-10 01:15,1256.241,18329.614,14.591,12045.589,9.589,,,,,2915.64,2.321,3469.97,2.762,-101.584,-0.081
10/09/2025,2025-09-10,15,[02:30-02:45[,2025-09-10 01:30,1251.194,18452.654,14.748,12045.589,9.627,,,,,2915.64,2.33,3411.436,2.727,79.99,0.064
10/09/2025,2025-09-10,16,[02:45-03:00[,2025-09-10 01:45,1233.679,18678.584,15.141,12045.589,9.764,,,,,2915.64,2.363,3200.48,2.594,516.876,0.419
10/09/2025,2025-09-10,17,[03:00-03:15[,2025-09-10 02:00,1218.983,18647.151,15.297,12910.63,10.591,,,,,2872.92,2.357,2763.014,2.267,100.587,0.083
10/09/2025,2025-09-10,18,[03:15-03:30[,2025-09-10 02:15,1229.557,17039.319,13.858,12910.63,10.5,,,,,2872.92,2.337,3458.339,2.813,-2202.57,-1.791
10/09/2025,2025-09-10,19,[03:30-03:45[,2025-09-10 02:30,1223.391,19031.853,15.557,12910.63,10.553,,,,,2872.92,2.348,3394.717,2.775,-146.413,-0.12
10/09/2025,2025-09-10,20,[03:45-04:00[,2025-09-10 02:45,1220.713,17726.935,14.522,12910.63,10.576,,,,,2872.92,2.353,3402.363,2.787,-1458.978,-1.195
10/09/2025,2025-09-10,21,[04:00-04:15[,2025-09-10 03:00,1222.029,18302.713,14.977,13875.811,11.355,,,,,2969.04,2.43,3426.29,2.804,-1968.428,-1.611
10/09/2025,2025-09-10,22,[04:15-04:30[,2025-09-10 03:15,1226.152,16268.779,13.268,13875.811,11.317,,,,,2969.04,2.421,3433.176,2.8,-4009.248,-3.27
10/09/2025,2025-09-10,23,[04:30-04:45[,2025-09-10 03:30,1216.986,20063.99,16.487,13875.811,11.402,,,,,2969.04,2.44,3448.168,2.833,-229.028,-0.188
10/09/2025,2025-09-10,24,[04:45-05:00[,2025-09-10 03:45,1204.718,19081.282,15.839,13875.811,11.518,,,,,2969.04,2.465,3281.216,2.724,-1044.785,-0.867
10/09/2025,2025-09-10,25,[05:00-05:15[,2025-09-10 04:00,1223.436,16804.515,13.736,12427.859,10.158,,,,,2990.4,2.444,3447.971,2.818,-2061.715,-1.685
10/09/2025,2025-09-10,26,[05:15-05:30[,2025-09-10 04:15,1240.148,17697.426,14.27,12427.859,10.021,,,,,2990.4,2.411,3458.062,2.788,-1178.896,-0.951
10/09/2025,2025-09-10,27,[05:30-05:45[,2025-09-10 04:30,1223.533,18432.054,15.065,12427.859,10.157,,,,,2990.4,2.444,3238.825,2.647,-225.03,-0.184
10/09/2025,2025-09-10,28,[05:45-06:00[,2025-09-10 04:45,1251.437,18407.486,14.709,12427.859,9.931,,,,,2990.4,2.39,3469.082,2.772,-479.855,-0.383
10/09/2025,2025-09-10,29,[06:00-06:15[,2025-09-10 05:00,1297.25,22471.288,17.322,11708.929,9.026,,,,,3352.452,2.584,3427.449,2.642,3982.459,3.07
10/09/2025,2025-09-10,30,[06:15-06:30[,2025-09-10 05:15,1312.633,24238.393,18.465,11708.929,8.92,,,,,3352.452,2.554,3331.575,2.538,5845.438,4.453
10/09/2025,2025-09-10,31,[06:30-06:45[,2025-09-10 05:30,1354.108,25361.554,18.729,11708.929,8.647,,,,,3352.452,2.476,3469.97,2.563,6830.204,5.044
10/09/2025,2025-09-10,32,[06:45-07:00[,2025-09-10 05:45,1374.586,21490.028,15.634,11708.929,8.518,,,,,3352.452,2.439,3470.483,2.525,2958.165,2.152
10/09/2025,2025-09-10,33,[07:00-07:15[,2025-09-10 06:00,1384.87,18355.059,13.254,11936.746,8.619,,,,,4012.5,2.897,3083.431,2.227,-677.618,-0.489
10/09/2025,2025-09-10,34,[07:15-07:30[,2025-09-10 06:15,1432.927,18242.815,12.731,11936.746,8.33,,,,,4012.5,2.8,3362.599,2.347,-1069.03,-0.746
10/09/2025,2025-09-10,35,[07:30-07:45[,2025-09-10 06:30,1474.927,19496.38,13.219,11936.746,8.093,,,,,4012.5,2.72,3335.083,2.261,212.05,0.144
10/09/2025,2025-09-10,36,[07:45-08:00[,2025-09-10 06:45,1513.368,19491.448,12.88,11936.746,7.888,,,,,4237.2,2.8,3335.744,2.204,-18.243,-0.012
10/09/2025,2025-09-10,37,[08:00-08:15[,2025-09-10 07:00,1583.249,26961.87,17.029,16021.318,10.119,,,,,3759.906,2.375,3326.773,2.101,3853.873,2.434
10/09/2025,2025-09-10,38,[08:15-08:30[,2025-09-10 07:15,1628.602,24632.209,15.125,16021.318,9.837,,,,,3759.906,2.309,3272.199,2.009,1578.787,0.969
10/09/2025,2025-09-10,39,[08:30-08:45[,2025-09-10 07:30,1674.573,22785.247,13.607,16021.318,9.567,,,,,4999.104,2.985,3352.361,2.002,-1587.535,-0.948
10/09/2025,2025-09-10,40,[08:45-09:00[,2025-09-10 07:45,1684.791,27711.45,16.448,16021.318,9.509,,,,,6173.136,3.664,3153.5,1.872,2363.497,1.403
10/09/2025,2025-09-10,41,[09:00-09:15[,2025-09-10 08:00,1711.389,29344.442,17.147,19809.75,11.575,,,,,5801.964,3.39,3204.846,1.873,527.882,0.308
10/09/2025,2025-09-10,42,[09:15-09:30[,2025-09-10 08:15,1735.081,29945.222,17.259,19809.75,11.417,,,,,6718.768,3.872,3239.499,1.867,177.205,0.102
10/09/2025,2025-09-10,43,[09:30-09:45[,2025-09-10 08:30,1726.162,28641.72,16.593,19809.75,11.476,,,,,7465.248,4.325,2651.156,1.536,-1284.434,-0.744
10/09/2025,2025-09-10,44,[09:45-10:00[,2025-09-10 08:45,1740.081,30638.775,17.608,19809.75,11.384,,,,,7634.298,4.387,3154.597,1.813,40.13,0.023
10/09/2025,2025-09-10,45,[10:00-10:15[,2025-09-10 09:00,1745.054,26094.943,14.954,20966.513,12.015,,,,,8204.43,4.702,3219.296,1.845,-6295.295,-3.608
10/09/2025,2025-09-10,46,[10:15-10:30[,2025-09-10 09:15,1750.639,30478.26,17.41,20966.513,11.976,,,,,8204.43,4.687,2890.801,1.651,-1583.484,-0.905
10/09/2025,2025-09-10,47,[10:30-10:45[,2025-09-10 09:30,1750.718,31929.782,18.238,20966.513,11.976,,,,,8169.69,4.666,2853.779,1.63,-60.199,-0.034
10/09/2025,2025-09-10,48,[10:45-11:00[,2025-09-10 09:45,1770.167,32669.744,18.456,20966.513,11.844,,,,,8204.43,4.635,3187.801,1.801,311,0.176
10/09/2025,2025-09-10,49,[11:00-11:15[,2025-09-10 10:00,1775.831,29084.587,16.378,21011.573,11.832,,,,,8052.48,4.534,3172.165,1.786,-3151.63,-1.775
10/09/2025,2025-09-10,50,[11:15-11:30[,2025-09-10 10:15,1769.201,29910.647,16.906,21011.573,11.876,,,,,8127.36,4.594,2892.323,1.635,-2120.608,-1.199
10/09/2025,2025-09-10,51,[11:30-11:45[,2025-09-10 10:30,1798.24,32478.532,18.061,21011.573,11.685,,,,,8127.36,4.52,3130.813,1.741,208.786,0.116
10/09/2025,2025-09-10,52,[11:45-12:00[,2025-09-10 10:45,1793.442,33480.098,18.668,21011.573,11.716,,,,,8161.92,4.551,3106.987,1.732,1199.619,0.669
10/09/2025,2025-09-10,53,[12:00-12:15[,2025-09-10 11:00,1754.994,37013.413,21.09,20997.503,11.964,,,,,8195.574,4.67,2314.488,1.319,5505.849,3.137
10/09/2025,2025-09-10,54,[12:15-12:30[,2025-09-10 11:15,1752.096,37986.485,21.681,20997.503,11.984,,,1102.68,0.629,8317.896,4.747,2715.653,1.55,4852.754,2.77
10/09/2025,2025-09-10,55,[12:30-12:45[,2025-09-10 11:30,1726.935,32370.141,18.744,20997.503,12.159,,,,,8317.896,4.817,3305.55,1.914,-250.808,-0.145
10/09/2025,2025-09-10,56,[12:45-13:00[,2025-09-10 11:45,1702.947,32586.025,19.135,20997.503,12.33,,,,,8317.896,4.884,3273.796,1.922,-3.17,-0.002
10/09/2025,2025-09-10,57,[13:00-13:15[,2025-09-10 12:00,1688.971,30895.533,18.293,21133.655,12.513,,,,,7179.384,4.251,3282.152,1.943,-699.657,-0.414
10/09/2025,2025-09-10,58,[13:15-13:30[,2025-09-10 12:15,1683.613,38844.572,23.072,21133.655,12.553,,,,,7179.384,4.264,3231.29,1.919,7300.244,4.336
10/09/2025,2025-09-10,59,[13:30-13:45[,2025-09-10 12:30,1694.982,30577.101,18.04,21133.655,12.468,,,,,7179.384,4.236,3232.067,1.907,-968.004,-0.571
10/09/2025,2025-09-10,60,[13:45-14:00[,2025-09-10 12:45,1670.851,29829.551,17.853,21133.655,12.648,,,,,7179.384,4.297,2389.735,1.43,-873.223,-0.523
10/09/2025,2025-09-10,61,[14:00-14:15[,2025-09-10 13:00,1686.643,31898.355,18.912,21008.723,12.456,,,,,7226.064,4.284,2452.522,1.454,1211.046,0.718
10/09/2025,2025-09-10,62,[14:15-14:30[,2025-09-10 13:15,1699.977,30428.982,17.9,21008.723,12.358,,,,,7108.416,4.181,2503.449,1.473,-191.606,-0.113
10/09/2025,2025-09-10,63,[14:30-14:45[,2025-09-10 13:30,1699.58,30480.31,17.934,21008.723,12.361,,,,,7108.416,4.182,2479.368,1.459,-116.196,-0.068
10/09/2025,2025-09-10,64,[14:45-15:00[,2025-09-10 13:45,1691.297,30251.14,17.886,21008.723,12.422,,,,,7108.416,4.203,2534.538,1.499,-400.537,-0.237
10/09/2025,2025-09-10,65,[15:00-15:15[,2025-09-10 14:00,1691.005,31757.363,18.78,21116.33,12.487,,,,,7995.004,4.728,2521.969,1.491,124.059,0.073
10/09/2025,2025-09-10,66,[15:15-15:30[,2025-09-10 14:15,1695.543,30799.451,18.165,21116.33,12.454,,,,,8343.736,4.921,2353.547,1.388,-1014.162,-0.598
10/09/2025,2025-09-10,67,[15:30-15:45[,2025-09-10 14:30,1680.839,30935.215,18.405,21116.33,12.563,,,,,7995.004,4.757,2136.518,1.271,-312.637,-0.186
10/09/2025,2025-09-10,68,[15:45-16:00[,2025-09-10 14:45,1687.289,31646.179,18.756,21116.33,12.515,,,,,7995.004,4.738,2372.278,1.406,162.567,0.096
10/09/2025,2025-09-10,69,[16:00-16:15[,2025-09-10 15:00,1677.404,32151.649,19.168,20258.718,12.077,,,,,9394.71,5.601,2349.992,1.401,148.23,0.088
10/09/2025,2025-09-10,70,[16:15-16:30[,2025-09-10 15:15,1677.874,31741.799,18.918,20258.718,12.074,,,,,8996.91,5.362,2113.811,1.26,372.361,0.222
10/09/2025,2025-09-10,71,[16:30-16:45[,2025-09-10 15:30,1694.27,33646.412,19.859,20258.718,11.957,,,,,8996.91,5.31,2430.542,1.435,1960.243,1.157
10/09/2025,2025-09-10,72,[16:45-17:00[,2025-09-10 15:45,1700.155,27263.177,16.036,20258.718,11.916,,,,,8493.03,4.995,2382.521,1.401,-3871.092,-2.277
10/09/2025,2025-09-10,73,[17:00-17:15[,2025-09-10 16:00,1685.87,30358.595,18.008,17704.564,10.502,,,,,8828.424,5.237,2397.098,1.422,1428.51,0.847
10/09/2025,2025-09-10,74,[17:15-17:30[,2025-09-10 16:15,1679.974,27357.94,16.285,17704.564,10.539,,,,,7688.604,4.577,2415.618,1.438,-450.846,-0.268
10/09/2025,2025-09-10,75,[17:30-17:45[,2025-09-10 16:30,1666.793,23689.263,14.212,17704.564,10.622,,,,,6966.96,4.18,2381.181,1.429,-3363.442,-2.018
10/09/2025,2025-09-10,76,[17:45-18:00[,2025-09-10 16:45,1679.179,23189.312,13.81,17704.564,10.544,,,,,4691.04,2.794,2410.559,1.436,-1616.85,-0.963
10/09/2025,2025-09-10,77,[18:00-18:15[,2025-09-10 17:00,1672.345,15854.725,9.481,13723.325,8.206,,,,,5241.12,3.134,2412.794,1.443,-5522.514,-3.302
10/09/2025,2025-09-10,78,[18:15-18:30[,2025-09-10 17:15,1673.034,15429.352,9.222,13723.325,8.203,,,,,4414.72,2.639,2405.502,1.438,-5114.195,-3.057
10/09/2025,2025-09-10,79,[18:30-18:45[,2025-09-10 17:30,1708.745,19797.156,11.586,13723.325,8.031,,,,,4118.106,2.41,2459.23,1.439,-503.505,-0.295
10/09/2025,2025-09-10,80,[18:45-19:00[,2025-09-10 17:45,1732.04,20697.816,11.95,13723.325,7.923,,,,,4118.106,2.378,2269.047,1.31,587.339,0.339
10/09/2025,2025-09-10,81,[19:00-19:15[,2025-09-10 18:00,1734.548,3023.752,1.743,11283.425,6.505,,,,,2904.96,1.675,1483.533,0.855,-12648.167,-7.292
10/09/2025,2025-09-10,82,[19:15-19:30[,2025-09-10 18:15,1758.167,9242.13,5.257,11283.425,6.418,,,,,2904.96,1.652,1540.178,0.876,-6486.433,-3.689
10/09/2025,2025-09-10,83,[19:30-19:45[,2025-09-10 18:30,1785.315,8973.873,5.026,11283.425,6.32,,,,,2904.96,1.627,1535.978,0.86,-6750.491,-3.781
10/09/2025,2025-09-10,84,[19:45-20:00[,2025-09-10 18:45,1821.948,11101.926,6.093,11283.425,6.193,,,,,2904.96,1.594,1592.72,0.874,-4679.179,-2.568
10/09/2025,2025-09-10,85,[20:00-20:15[,2025-09-10 19:00,1851.626,12333.171,6.661,10246.183,5.534,,,,,3278.76,1.771,1529.328,0.826,-2721.099,-1.47
10/09/2025,2025-09-10,86,[20:15-20:30[,2025-09-10 19:15,1859.201,12546.579,6.748,10246.183,5.511,,,,,3278.76,1.764,1590.086,0.855,-2568.45,-1.381
10/09/2025,2025-09-10,87,[20:30-20:45[,2025-09-10 19:30,1835.11,15022.447,8.186,10246.183,5.583,,,,,3278.76,1.787,1611.134,0.878,-113.63,-0.062
10/09/2025,2025-09-10,88,[20:45-21:00[,2025-09-10 19:45,1812.87,15563.719,8.585,10246.183,5.652,,,,,3278.76,1.809,1611.322,0.889,427.454,0.236
10/09/2025,2025-09-10,89,[21:00-21:15[,2025-09-10 20:00,1780.24,13290.179,7.465,11176.149,6.278,,,,,3364.2,1.89,1613.817,0.907,-2863.987,-1.609
10/09/2025,2025-09-10,90,[21:15-21:30[,2025-09-10 20:15,1750.56,12993.611,7.423,11176.149,6.384,,,,,3364.2,1.922,1629.018,0.931,-3175.756,-1.814
10/09/2025,2025-09-10,91,[21:30-21:45[,2025-09-10 20:30,1714.065,13369.935,7.8,11176.149,6.52,,,,,3364.2,1.963,1624.002,0.947,-2794.416,-1.63
10/09/2025,2025-09-10,92,[21:45-22:00[,2025-09-10 20:45,1680.102,14644.947,8.717,11176.149,6.652,,,,,3364.2,2.002,1634.784,0.973,-1530.186,-0.911
10/09/2025,2025-09-10,93,[22:00-22:15[,2025-09-10 21:00,1643.044,17014.914,10.356,12634.582,7.69,,,,,3544.692,2.157,1647.289,1.003,-811.649,-0.494
10/09/2025,2025-09-10,94,[22:15-22:30[,2025-09-10 21:15,1603.096,17430.848,10.873,12634.582,7.881,,,,,3544.692,2.211,1582.876,0.987,-331.302,-0.207
10/09/2025,2025-09-10,95,[22:30-22:45[,2025-09-10 21:30,1573.855,17674.631,11.23,12634.582,8.028,,,,,3544.692,2.252,1589.511,1.01,-94.154,-0.06
10/09/2025,2025-09-10,96,[22:45-23:00[,2025-09-10 21:45,1538.465,18253.141,11.865,12634.582,8.212,,,,,3544.692,2.304,1620.376,1.053,453.491,0.295
11/09/2025,2025-09-11,1,[23:00-23:15[,2025-09-10 22:00,1518.404,12800.982,8.431,13042.438,8.59,,,,,3468,2.284,2604.196,1.715,-6313.652,-4.158
11/09/2025,2025-09-11,2,[23:15-23:30[,2025-09-10 22:15,1484.561,13655.446,9.198,13042.438,8.785,,,,,3468,2.336,2654.923,1.788,-5509.915,-3.711
11/09/2025,2025-09-11,3,[23:30-23:45[,2025-09-10 22:30,1452.3,13324.743,9.175,13042.438,8.981,,,,,3468,2.388,2390.512,1.646,-5576.206,-3.84
11/09/2025,2025-09-11,4,[23:45-00:00[,2025-09-10 22:45,1417.154,17844.586,12.592,13042.438,9.203,,,,,3468,2.447,2265.398,1.599,-931.25,-0.657
11/09/2025,2025-09-11,5,[00:00-00:15[,2025-09-10 23:00,1395.768,17105.108,12.255,14291.925,10.239,,,,,3744,2.682,2677.604,1.918,-3608.421,-2.585
11/09/2025,2025-09-11,6,[00:15-00:30[,2025-09-10 23:15,1390.045,20104.37,14.463,14291.925,10.282,,,,,3744,2.693,3580.415,2.576,-1511.97,-1.088
11/09/2025,2025-09-11,7,[00:30-00:45[,2025-09-10 23:30,1365.394,18485.127,13.538,14291.925,10.467,,,,,3744,2.742,3597.305,2.635,-3148.103,-2.306
11/09/2025,2025-09-11,8,[00:45-01:00[,2025-09-10 23:45,1353.802,18404.641,13.595,14291.925,10.557,,,,,3744,2.766,3609.626,2.666,-3240.91,-2.394
11/09/2025,2025-09-11,9,[01:00-01:15[,2025-09-11 00:00,1332.855,20858.05,15.649,15716.113,11.791,,,,,2840,2.131,3478.438,2.61,-1176.501,-0.883
11/09/2025,2025-09-11,10,[01:15-01:30[,2025-09-11 00:15,1318.742,20514.496,15.556,15716.113,11.918,,,,,2840,2.154,3610.005,2.737,-1651.621,-1.252
11/09/2025,2025-09-11,11,[01:30-01:45[,2025-09-11 00:30,1302.116,22524.799,17.299,15716.113,12.07,,,,,2840,2.181,3534.129,2.714,434.558,0.334
11/09/2025,2025-09-11,12,[01:45-02:00[,2025-09-11 00:45,1291.665,22923.359,17.747,15716.113,12.167,,,,,2840,2.199,3610.769,2.795,756.478,0.586
11/09/2025,2025-09-11,13,[02:00-02:15[,2025-09-11 01:00,1262.825,22398.19,17.737,15717.538,12.446,,,,,2730,2.162,3347.954,2.651,602.699,0.477
11/09/2025,2025-09-11,14,[02:15-02:30[,2025-09-11 01:15,1268.964,24607.062,19.391,15717.538,12.386,,,,,2730,2.151,3596.024,2.834,2563.5,2.02
11/09/2025,2025-09-11,15,[02:30-02:45[,2025-09-11 01:30,1256.448,25678.008,20.437,15717.538,12.51,,,,,2730,2.173,3579.588,2.849,3650.883,2.906
11/09/2025,2025-09-11,16,[02:45-03:00[,2025-09-11 01:45,1230.3,22782.837,18.518,15717.538,12.775,,,,,2730,2.219,2919.85,2.373,1415.45,1.15
11/09/2025,2025-09-11,17,[03:00-03:15[,2025-09-11 02:00,1245.025,20641.977,16.58,15431.165,12.394,,,,,2690,2.161,3610.785,2.9,-1089.973,-0.875
11/09/2025,2025-09-11,18,[03:15-03:30[,2025-09-11 02:15,1230.391,21385.989,17.381,15431.165,12.542,,,,,2690,2.186,3507.089,2.85,-242.265,-0.197
11/09/2025,2025-09-11,19,[03:30-03:45[,2025-09-11 02:30,1219.857,19068.103,15.631,15431.165,12.65,,,,,2690,2.205,3525.874,2.89,-2578.936,-2.114
11/09/2025,2025-09-11,20,[03:45-04:00[,2025-09-11 02:45,1224.012,19188.847,15.677,15431.165,12.607,,,,,2690,2.198,3447.355,2.816,-2379.673,-1.944
11/09/2025,2025-09-11,21,[04:00-04:15[,2025-09-11 03:00,1208.999,20257.92,16.756,14889.904,12.316,,,,,2780,2.299,3246.17,2.685,-658.154,-0.544
11/09/2025,2025-09-11,22,[04:15-04:30[,2025-09-11 03:15,1211.793,20672.027,17.059,14889.904,12.287,,,,,2780,2.294,3216.63,2.654,-214.507,-0.177
11/09/2025,2025-09-11,23,[04:30-04:45[,2025-09-11 03:30,1206.829,18943.176,15.697,14889.904,12.338,,,,,2780,2.304,3252.713,2.695,-1979.44,-1.64
11/09/2025,2025-09-11,24,[04:45-05:00[,2025-09-11 03:45,1212.032,18984.996,15.664,14889.904,12.285,,,,,2780,2.294,3266.699,2.695,-1951.606,-1.61
11/09/2025,2025-09-11,25,[05:00-05:15[,2025-09-11 04:00,1228.944,20313.985,16.53,14115.823,11.486,,,,,3292.2,2.679,3267.456,2.659,-361.493,-0.294
11/09/2025,2025-09-11,26,[05:15-05:30[,2025-09-11 04:15,1216.569,20369.533,16.743,14115.823,11.603,,,,,3348,2.752,3165.16,2.602,-259.45,-0.213
11/09/2025,2025-09-11,27,[05:30-05:45[,2025-09-11 04:30,1235.604,20742.971,16.788,14115.823,11.424,,,,,3348,2.71,3240.525,2.623,38.624,0.031
11/09/2025,2025-09-11,28,[05:45-06:00[,2025-09-11 04:45,1251.542,20242.364,16.174,14115.823,11.279,,,,,3348,2.675,3282.703,2.623,-504.161,-0.403
11/09/2025,2025-09-11,29,[06:00-06:15[,2025-09-11 05:00,1279.228,15595.92,12.192,11459.725,8.958,,,,,4116.8,3.218,3018.037,2.359,-2998.642,-2.344
11/09/2025,2025-09-11,30,[06:15-06:30[,2025-09-11 05:15,1317.033,15737.005,11.949,11459.725,8.701,,,,,4116.8,3.126,3268.902,2.482,-3108.421,-2.36
11/09/2025,2025-09-11,31,[06:30-06:45[,2025-09-11 05:30,1341.266,15841.077,11.811,11459.725,8.544,,,,,4116.8,3.069,3239.154,2.415,-2974.602,-2.218
11/09/2025,2025-09-11,32,[06:45-07:00[,2025-09-11 05:45,1349.119,17282.569,12.81,11459.725,8.494,,,,,4116.8,3.051,2957.145,2.192,-1251.1,-0.927
11/09/2025,2025-09-11,33,[07:00-07:15[,2025-09-11 06:00,1394.885,24770.206,17.758,12523.195,8.978,,,,,4342.56,3.113,3249.476,2.33,4654.975,3.337
11/09/2025,2025-09-11,34,[07:15-07:30[,2025-09-11 06:15,1430.126,19406.011,13.569,12523.195,8.757,,,,,4342.56,3.036,3210.958,2.245,-670.703,-0.469
11/09/2025,2025-09-11,35,[07:30-07:45[,2025-09-11 06:30,1468.369,17887.901,12.182,12523.195,8.529,,,,,4342.56,2.957,3241.52,2.208,-2219.375,-1.511
11/09/2025,2025-09-11,36,[07:45-08:00[,2025-09-11 06:45,1504.676,16359.184,10.872,12523.195,8.323,,,,,4342.56,2.886,3202.096,2.128,-3708.667,-2.465
11/09/2025,2025-09-11,37,[08:00-08:15[,2025-09-11 07:00,1568.153,24675.699,15.736,19137.519,12.204,,,,,3011.06,1.92,3148.066,2.007,-620.946,-0.396
11/09/2025,2025-09-11,38,[08:15-08:30[,2025-09-11 07:15,1615.078,25750.116,15.944,19137.519,11.849,,,,,3011.06,1.864,3143.801,1.947,457.736,0.283
11/09/2025,2025-09-11,39,[08:30-08:45[,2025-09-11 07:30,1631.194,22600.728,13.855,19137.519,11.732,,,,,3240,1.986,3059.524,1.876,-2836.314,-1.739
11/09/2025,2025-09-11,40,[08:45-09:00[,2025-09-11 07:45,1655.693,25617.331,15.472,19137.519,11.559,,,,,3240,1.957,3199.05,1.932,40.763,0.025
11/09/2025,2025-09-11,41,[09:00-09:15[,2025-09-11 08:00,1677.77,31923.303,19.027,21391.815,12.75,,,,,7363.368,4.389,3130.283,1.866,37.838,0.023
11/09/2025,2025-09-11,42,[09:15-09:30[,2025-09-11 08:15,1666.514,32673.689,19.606,21391.815,12.836,,,,,7363.368,4.418,3151.386,1.891,767.12,0.46
11/09/2025,2025-09-11,43,[09:30-09:45[,2025-09-11 08:30,1668.393,35576.285,21.324,21391.815,12.822,,,,,7449.142,4.465,3128.476,1.875,3606.852,2.162
11/09/2025,2025-09-11,44,[09:45-10:00[,2025-09-11 08:45,1658.284,37144.208,22.399,21391.815,12.9,,,,,7449.142,4.492,3077.489,1.856,5225.762,3.151
11/09/2025,2025-09-11,45,[10:00-10:15[,2025-09-11 09:00,1639.78,31147.361,18.995,20773.036,12.668,,,4392.85,2.679,6657.436,4.06,2983.708,1.82,-3659.668,-2.232
11/09/2025,2025-09-11,46,[10:15-10:30[,2025-09-11 09:15,1651.246,31386.01,19.007,20773.036,12.58,,,,,6657.436,4.032,2978.51,1.804,977.029,0.592
11/09/2025,2025-09-11,47,[10:30-10:45[,2025-09-11 09:30,1645.636,31105.964,18.902,20773.036,12.623,,,,,6657.436,4.046,2924.753,1.777,750.739,0.456
11/09/2025,2025-09-11,48,[10:45-11:00[,2025-09-11 09:45,1635.954,32462.346,19.843,20773.036,12.698,,,,,6696.868,4.094,2630.306,1.608,2362.137,1.444
11/09/2025,2025-09-11,49,[11:00-11:15[,2025-09-11 10:00,1661.629,31215.713,18.786,21247.796,12.787,,,,,7018.956,4.224,3003.541,1.808,-54.58,-0.033
11/09/2025,2025-09-11,50,[11:15-11:30[,2025-09-11 10:15,1672.131,31229.59,18.677,21247.796,12.707,,,,,7018.956,4.198,3020.707,1.807,-57.87,-0.035
11/09/2025,2025-09-11,51,[11:30-11:45[,2025-09-11 10:30,1665.887,32005.753,19.212,21247.796,12.755,,,,,7018.956,4.213,2810.079,1.687,928.922,0.558
11/09/2025,2025-09-11,52,[11:45-12:00[,2025-09-11 10:45,1664.76,33280.91,19.991,21247.796,12.763,,,,,7127.148,4.281,3022.03,1.815,1883.936,1.132
11/09/2025,2025-09-11,53,[12:00-12:15[,2025-09-11 11:00,1655.388,32175.285,19.437,21499.789,12.988,,,,,6309.368,3.811,2923.107,1.766,1443.021,0.872
11/09/2025,2025-09-11,54,[12:15-12:30[,2025-09-11 11:15,1644.966,33352.15,20.275,21499.789,13.07,,,,,6309.368,3.836,2837.057,1.725,2705.936,1.645
11/09/2025,2025-09-11,55,[12:30-12:45[,2025-09-11 11:30,1619.645,33187.394,20.491,21499.789,13.274,,,,,6417.93,3.963,2843.431,1.756,2426.243,1.498
11/09/2025,2025-09-11,56,[12:45-13:00[,2025-09-11 11:45,1605.96,34136.682,21.256,21499.789,13.387,,,,,6571.194,4.092,2854.383,1.777,3211.317,2
11/09/2025,2025-09-11,57,[13:00-13:15[,2025-09-11 12:00,1588.966,30235.722,19.029,21510.034,13.537,,,,,6279.728,3.952,2750.563,1.731,-304.602,-0.192
11/09/2025,2025-09-11,58,[13:15-13:30[,2025-09-11 12:15,1589.992,30170.311,18.975,21510.034,13.528,,,,,6279.728,3.95,2841.904,1.787,-461.354,-0.29
11/09/2025,2025-09-11,59,[13:30-13:45[,2025-09-11 12:30,1610.982,30822.891,19.133,21510.034,13.352,,,,,6502.188,4.036,2771.2,1.72,39.469,0.025
11/09/2025,2025-09-11,60,[13:45-14:00[,2025-09-11 12:45,1597.407,30616.479,19.166,21510.034,13.466,,,,,6502.188,4.07,2614.543,1.637,-10.285,-0.006
11/09/2025,2025-09-11,61,[14:00-14:15[,2025-09-11 13:00,1626.165,29903.533,18.389,21277.913,13.085,,,,,6240.208,3.837,2828.395,1.739,-442.982,-0.272
11/09/2025,2025-09-11,62,[14:15-14:30[,2025-09-11 13:15,1630.705,30397.52,18.641,21277.913,13.048,,,,,6240.208,3.827,2804.867,1.72,74.532,0.046
11/09/2025,2025-09-11,63,[14:30-14:45[,2025-09-11 13:30,1624.176,30589.521,18.834,21277.913,13.101,,,,,6341.264,3.904,2824.709,1.739,145.635,0.09
11/09/2025,2025-09-11,64,[14:45-15:00[,2025-09-11 13:45,1631.76,30576.111,18.738,21277.913,13.04,,,,,6240.208,3.824,2800.094,1.716,257.897,0.158
11/09/2025,2025-09-11,65,[15:00-15:15[,2025-09-11 14:00,1625.131,30314.734,18.654,21494.03,13.226,,,,,6550.614,4.031,1875.68,1.154,394.41,0.243
11/09/2025,2025-09-11,66,[15:15-15:30[,2025-09-11 14:15,1604.669,29898.947,18.632,21494.03,13.395,,,,,6397.83,3.987,1788.632,1.115,218.455,0.136
11/09/2025,2025-09-11,67,[15:30-15:45[,2025-09-11 14:30,1617.063,29895.045,18.487,21494.03,13.292,,,,,6391.464,3.953,1870.69,1.157,138.861,0.086
11/09/2025,2025-09-11,68,[15:45-16:00[,2025-09-11 14:45,1624.001,29525.514,18.181,21494.03,13.235,,,,,6289.608,3.873,1900.765,1.17,-158.888,-0.098
11/09/2025,2025-09-11,69,[16:00-16:15[,2025-09-11 15:00,1610.768,30655.041,19.031,21494.23,13.344,,,,,7089.264,4.401,1819.659,1.13,251.889,0.156
11/09/2025,2025-09-11,70,[16:15-16:30[,2025-09-11 15:15,1627.261,29939.282,18.399,21494.23,13.209,,,,,6738.696,4.141,1841.425,1.132,-135.069,-0.083
11/09/2025,2025-09-11,71,[16:30-16:45[,2025-09-11 15:30,1640.575,28929.21,17.634,21494.23,13.102,,,,,6738.696,4.108,1788.227,1.09,-1091.944,-0.666
11/09/2025,2025-09-11,72,[16:45-17:00[,2025-09-11 15:45,1623.275,26325.5,16.218,21494.23,13.241,,,,,6738.696,4.151,981.15,0.604,-2888.576,-1.779
11/09/2025,2025-09-11,73,[17:00-17:15[,2025-09-11 16:00,1609.406,22076.411,13.717,20758.383,12.898,,,,,5629.92,3.498,1018.531,0.633,-5330.422,-3.312
11/09/2025,2025-09-11,74,[17:15-17:30[,2025-09-11 16:15,1614.633,26514.499,16.421,20758.383,12.856,,,,,5629.92,3.487,1067.221,0.661,-941.024,-0.583
11/09/2025,2025-09-11,75,[17:30-17:45[,2025-09-11 16:30,1619.852,25662.984,15.843,20758.383,12.815,,,,,4819.568,2.975,1126.353,0.695,-1041.32,-0.643
11/09/2025,2025-09-11,76,[17:45-18:00[,2025-09-11 16:45,1634.995,24659.867,15.083,20758.383,12.696,,,,,2876.38,1.759,1132.135,0.692,-107.031,-0.065
11/09/2025,2025-09-11,77,[18:00-18:15[,2025-09-11 17:00,1636.249,13217.47,8.078,12700.378,7.762,,,,,3358.24,2.052,1114.457,0.681,-3955.605,-2.417
11/09/2025,2025-09-11,78,[18:15-18:30[,2025-09-11 17:15,1653.107,11665.424,7.057,12700.378,7.683,,,,,3110,1.881,1094.328,0.662,-5239.281,-3.169
11/09/2025,2025-09-11,79,[18:30-18:45[,2025-09-11 17:30,1675.823,13816.031,8.244,12700.378,7.579,,,,,3110,1.856,1050.24,0.627,-3044.586,-1.817
11/09/2025,2025-09-11,80,[18:45-19:00[,2025-09-11 17:45,1704.673,9041.506,5.304,12700.378,7.45,,,,,3358.24,1.97,964.632,0.566,-7981.744,-4.682
11/09/2025,2025-09-11,81,[19:00-19:15[,2025-09-11 18:00,1727.977,-511.795,-0.296,7494.313,4.337,5722.988,3.312,1250.805,0.724,3252,1.882,957.099,0.554,-19189,-11.105
11/09/2025,2025-09-11,82,[19:15-19:30[,2025-09-11 18:15,1758.649,18174.065,10.334,7494.313,4.261,11252.399,6.398,,,3252,1.849,985.639,0.56,-4810.285,-2.735
11/09/2025,2025-09-11,83,[19:30-19:45[,2025-09-11 18:30,1790.262,16313.386,9.112,7494.313,4.186,11252.399,6.285,,,3252,1.816,1064.437,0.595,-6749.763,-3.77
11/09/2025,2025-09-11,84,[19:45-20:00[,2025-09-11 18:45,1821.81,10712.801,5.88,7494.313,4.114,11252.399,6.176,,,3274.8,1.798,1096.959,0.602,-12405.669,-6.81
11/09/2025,2025-09-11,85,[20:00-20:15[,2025-09-11 19:00,1855.18,633.847,0.342,4491.013,2.421,11252.399,6.065,,,3891.04,2.097,1102.984,0.595,-20103.588,-10.836
11/09/2025,2025-09-11,86,[20:15-20:30[,2025-09-11 19:15,1859.957,12735.801,6.847,4491.013,2.415,11252.399,6.05,,,3891.04,2.092,1160.462,0.624,-8059.113,-4.333
11/09/2025,2025-09-11,87,[20:30-20:45[,2025-09-11 19:30,1834.559,10699.571,5.832,4491.013,2.448,11252.399,6.134,,,3891.04,2.121,1128.781,0.615,-10063.662,-5.486
11/09/2025,2025-09-11,88,[20:45-21:00[,2025-09-11 19:45,1809.277,15948.192,8.815,4491.013,2.482,11252.399,6.219,,,3891.04,2.151,1145.823,0.633,-4832.082,-2.671
11/09/2025,2025-09-11,89,[21:00-21:15[,2025-09-11 20:00,1779.491,19397.45,10.901,7004.928,3.936,11252.399,6.323,,,4183.2,2.351,1085.663,0.61,-4128.74,-2.32
11/09/2025,2025-09-11,90,[21:15-21:30[,2025-09-11 20:15,1751.443,20284.821,11.582,7004.928,4,11252.399,6.425,,,4183.2,2.388,1054.504,0.602,-3210.21,-1.833
11/09/2025,2025-09-11,91,[21:30-21:45[,2025-09-11 20:30,1721.293,20781.814,12.073,7004.928,4.07,11252.399,6.537,,,4183.2,2.43,1133.413,0.658,-2792.126,-1.622
11/09/2025,2025-09-11,92,[21:45-22:00[,2025-09-11 20:45,1689.83,21792.881,12.896,7004.928,4.145,11252.399,6.659,,,4183.2,2.476,1188.184,0.703,-1835.83,-1.086
11/09/2025,2025-09-11,93,[22:00-22:15[,2025-09-11 21:00,1651.498,24982.558,15.127,12218.22,7.398,11252.399,6.813,,,4395.68,2.662,1165.341,0.706,-4049.082,-2.452
11/09/2025,2025-09-11,94,[22:15-22:30[,2025-09-11 21:15,1619.771,24087.691,14.871,12218.22,7.543,11252.399,6.947,,,4395.68,2.714,1147.208,0.708,-4925.816,-3.041
11/09/2025,2025-09-11,95,[22:30-22:45[,2025-09-11 21:30,1587.378,23631.473,14.887,12218.22,7.697,11252.399,7.089,,,4395.68,2.769,1183.213,0.745,-5418.039,-3.413
11/09/2025,2025-09-11,96,[22:45-23:00[,2025-09-11 21:45,1551.555,23266.757,14.996,12218.22,7.875,11252.399,7.252,,,4395.68,2.833,1248.093,0.804,-5847.635,-3.769
12/09/2025,2025-09-12,1,[23:00-23:15[,2025-09-11 22:00,1524.52,14292.907,9.375,7075.17,4.641,5625.41,3.69,,,2990,1.961,2042.523,1.34,-3440.196,-2.257
12/09/2025,2025-09-12,2,[23:15-23:30[,2025-09-11 22:15,1477.171,8373.76,5.669,7075.17,4.79,,,,,2990,2.024,1753.465,1.187,-3444.875,-2.332
12/09/2025,2025-09-12,3,[23:30-23:45[,2025-09-11 22:30,1456.421,8474.017,5.818,7075.17,4.858,,,,,2990,2.053,2283.42,1.568,-3874.573,-2.66
12/09/2025,2025-09-12,4,[23:45-00:00[,2025-09-11 22:45,1422.188,11156.377,7.845,7075.17,4.975,,,,,2902.792,2.041,2055.206,1.445,-876.791,-0.617
12/09/2025,2025-09-12,5,[00:00-00:15[,2025-09-11 23:00,1421.204,14696.95,10.341,9132.646,6.426,,,,,2468.594,1.737,3184.546,2.241,-88.836,-0.063
12/09/2025,2025-09-12,6,[00:15-00:30[,2025-09-11 23:15,1398.846,14299.81,10.223,9132.646,6.529,,,,,2427.36,1.735,3127.42,2.236,-387.617,-0.277
12/09/2025,2025-09-12,7,[00:30-00:45[,2025-09-11 23:30,1376.673,13413.126,9.743,9132.646,6.634,,,,,2427.36,1.763,3144.881,2.284,-1291.761,-0.938
12/09/2025,2025-09-12,8,[00:45-01:00[,2025-09-11 23:45,1353.119,12761.384,9.431,9132.646,6.749,,,,,2427.36,1.794,3052.668,2.256,-1851.289,-1.368
12/09/2025,2025-09-12,9,[01:00-01:15[,2025-09-12 00:00,1334.324,15949.277,11.953,9562.515,7.167,,,,,1837.728,1.377,2907.816,2.179,1641.218,1.23
12/09/2025,2025-09-12,10,[01:15-01:30[,2025-09-12 00:15,1322.1,13470.344,10.189,9562.515,7.233,,,,,1798.024,1.36,2974.599,2.25,-864.794,-0.654
12/09/2025,2025-09-12,11,[01:30-01:45[,2025-09-12 00:30,1308.733,11083.227,8.469,9562.515,7.307,,,,,1627.864,1.244,3071.101,2.347,-3178.253,-2.428
12/09/2025,2025-09-12,12,[01:45-02:00[,2025-09-12 00:45,1294.259,11989.255,9.263,9562.515,7.388,,,,,1593.832,1.231,3273.338,2.529,-2440.43,-1.886
12/09/2025,2025-09-12,13,[02:00-02:15[,2025-09-12 01:00,1281.923,13830.185,10.789,9674.341,7.547,,,,,1352.538,1.055,3110.66,2.427,-307.354,-0.24
12/09/2025,2025-09-12,14,[02:15-02:30[,2025-09-12 01:15,1282.278,14015.07,10.93,9674.341,7.545,,,,,1352.538,1.055,3277.179,2.556,-288.988,-0.225
12/09/2025,2025-09-12,15,[02:30-02:45[,2025-09-12 01:30,1257.953,11834.175,9.407,9674.341,7.691,,,,,1352.538,1.075,3074.524,2.444,-2267.228,-1.802
12/09/2025,2025-09-12,16,[02:45-03:00[,2025-09-12 01:45,1256.252,12165.525,9.684,9674.341,7.701,,,,,1352.538,1.077,3249.153,2.586,-2110.507,-1.68
12/09/2025,2025-09-12,17,[03:00-03:15[,2025-09-12 02:00,1257.247,12221.476,9.721,9674.211,7.695,,,,,1352.538,1.076,3257.654,2.591,-2062.927,-1.641
12/09/2025,2025-09-12,18,[03:15-03:30[,2025-09-12 02:15,1227.454,13124.482,10.692,9674.211,7.882,,,,,1352.538,1.102,2960.979,2.412,-863.246,-0.703
12/09/2025,2025-09-12,19,[03:30-03:45[,2025-09-12 02:30,1234.316,11909.112,9.648,9674.211,7.838,,,,,1352.538,1.096,3256.489,2.638,-2374.126,-1.923
12/09/2025,2025-09-12,20,[03:45-04:00[,2025-09-12 02:45,1231.288,11256.131,9.142,9674.211,7.857,,,,,1352.538,1.098,3269.162,2.655,-3039.78,-2.469
12/09/2025,2025-09-12,21,[04:00-04:15[,2025-09-12 03:00,1214.874,12567.185,10.344,9232.646,7.6,,,,,1352.538,1.113,3203.658,2.637,-1221.656,-1.006
12/09/2025,2025-09-12,22,[04:15-04:30[,2025-09-12 03:15,1220.791,13792.494,11.298,9232.646,7.563,,,,,1352.538,1.108,3267.331,2.676,-60.021,-0.049
12/09/2025,2025-09-12,23,[04:30-04:45[,2025-09-12 03:30,1217.318,12825.488,10.536,9232.646,7.584,,,,,1352.538,1.111,3268.444,2.685,-1028.14,-0.845
12/09/2025,2025-09-12,24,[04:45-05:00[,2025-09-12 03:45,1212.979,12756.106,10.516,9232.646,7.612,,,,,1352.538,1.115,3241.857,2.673,-1070.936,-0.883
12/09/2025,2025-09-12,25,[05:00-05:15[,2025-09-12 04:00,1227.975,7405.615,6.031,4606.385,3.751,,,,,1769.526,1.441,3242.901,2.641,-2213.196,-1.802
12/09/2025,2025-09-12,26,[05:15-05:30[,2025-09-12 04:15,1231.856,9611.347,7.802,4606.385,3.739,,,,,2074.248,1.684,3154.096,2.56,-223.382,-0.181
12/09/2025,2025-09-12,27,[05:30-05:45[,2025-09-12 04:30,1243.122,6982.211,5.617,4606.385,3.705,,,,,2287.32,1.84,3259.295,2.622,-3170.789,-2.551
12/09/2025,2025-09-12,28,[05:45-06:00[,2025-09-12 04:45,1255.336,14383.437,11.458,4606.385,3.669,,,,,2287.32,1.822,3224.234,2.568,4265.498,3.398
12/09/2025,2025-09-12,29,[06:00-06:15[,2025-09-12 05:00,1297.235,9092.044,7.009,2282.58,1.76,,,,,3757.2,2.896,3066.476,2.364,-14.212,-0.011
12/09/2025,2025-09-12,30,[06:15-06:30[,2025-09-12 05:15,1343.767,24765.684,18.43,2282.58,1.699,,,,,4192.5,3.12,3221.869,2.398,15068.735,11.214
12/09/2025,2025-09-12,31,[06:30-06:45[,2025-09-12 05:30,1362.781,25661.291,18.83,2282.58,1.675,,,,,4192.5,3.076,3199.476,2.348,15986.736,11.731
12/09/2025,2025-09-12,32,[06:45-07:00[,2025-09-12 05:45,1369.417,12849.91,9.383,2282.58,1.667,,,,,4192.5,3.062,3020.584,2.206,3354.246,2.449
12/09/2025,2025-09-12,33,[07:00-07:15[,2025-09-12 06:00,1421.522,9324.018,6.559,4246.22,2.987,,,,,3444.14,2.423,3234.281,2.275,-1600.624,-1.126
12/09/2025,2025-09-12,34,[07:15-07:30[,2025-09-12 06:15,1450.961,10574.012,7.288,4246.22,2.926,,,,,3444.14,2.374,3223.433,2.222,-339.781,-0.234
12/09/2025,2025-09-12,35,[07:30-07:45[,2025-09-12 06:30,1490.618,8781.866,5.891,4246.22,2.849,,,,,3270,2.194,3226.101,2.164,-1960.455,-1.315
12/09/2025,2025-09-12,36,[07:45-08:00[,2025-09-12 06:45,1539.236,7949.306,5.164,4246.22,2.759,,,,,2468.594,1.604,3191.671,2.074,-1957.179,-1.272
12/09/2025,2025-09-12,37,[08:00-08:15[,2025-09-12 07:00,1574.874,19498.733,12.381,9227.073,5.859,,,,,4483.734,2.847,2798.412,1.777,2989.514,1.898
12/09/2025,2025-09-12,38,[08:15-08:30[,2025-09-12 07:15,1623.365,19426.744,11.967,9227.073,5.684,,,,,4485.14,2.763,3106.266,1.913,2608.265,1.607
12/09/2025,2025-09-12,39,[08:30-08:45[,2025-09-12 07:30,1654.631,23127.324,13.977,9227.073,5.577,,,,,4485.14,2.711,3207.841,1.939,6207.269,3.751
12/09/2025,2025-09-12,40,[08:45-09:00[,2025-09-12 07:45,1661.245,16314.447,9.821,9227.073,5.554,,,,,4485.14,2.7,3001.629,1.807,-399.396,-0.24
12/09/2025,2025-09-12,41,[09:00-09:15[,2025-09-12 08:00,1682.73,20765.025,12.34,14266.142,8.478,,,,,5936.2,3.528,3089.255,1.836,-2526.572,-1.501
12/09/2025,2025-09-12,42,[09:15-09:30[,2025-09-12 08:15,1695.463,19821.514,11.691,14266.142,8.414,,,,,5936.2,3.501,3325.499,1.961,-3706.328,-2.186
12/09/2025,2025-09-12,43,[09:30-09:45[,2025-09-12 08:30,1678.506,17465.688,10.405,14266.142,8.499,,,,,5936.2,3.537,3025.735,1.803,-5762.39,-3.433
12/09/2025,2025-09-12,44,[09:45-10:00[,2025-09-12 08:45,1694.049,24081.468,14.215,14266.142,8.421,,,,,5936.2,3.504,3258.816,1.924,620.309,0.366
12/09/2025,2025-09-12,45,[10:00-10:15[,2025-09-12 09:00,1675.686,27622.19,16.484,18166.217,10.841,,,,,6817.85,4.069,3155.383,1.883,-517.259,-0.309
12/09/2025,2025-09-12,46,[10:15-10:30[,2025-09-12 09:15,1670.346,27759.912,16.619,18166.217,10.876,,,,,6817.85,4.082,3211.371,1.923,-435.527,-0.261
12/09/2025,2025-09-12,47,[10:30-10:45[,2025-09-12 09:30,1670.761,28060.982,16.795,18166.217,10.873,,,,,6817.85,4.081,3231.211,1.934,-154.296,-0.092
12/09/2025,2025-09-12,48,[10:45-11:00[,2025-09-12 09:45,1660.265,27221.563,16.396,18166.217,10.942,,,,,6817.85,4.106,3190.966,1.922,-953.471,-0.574
12/09/2025,2025-09-12,49,[11:00-11:15[,2025-09-12 10:00,1663.304,29443.491,17.702,19741.223,11.869,,,,,5427.24,3.263,3242.734,1.95,1032.293,0.621
12/09/2025,2025-09-12,50,[11:15-11:30[,2025-09-12 10:15,1662.991,29004.94,17.441,19741.223,11.871,,,,,5427.24,3.264,3312.669,1.992,523.807,0.315
12/09/2025,2025-09-12,51,[11:30-11:45[,2025-09-12 10:30,1647.465,29227.496,17.741,19741.223,11.983,,,,,5427.24,3.294,3105.054,1.885,953.979,0.579
12/09/2025,2025-09-12,52,[11:45-12:00[,2025-09-12 10:45,1637.439,29270.767,17.876,19741.223,12.056,,,,,5427.24,3.314,3168.73,1.935,933.573,0.57
12/09/2025,2025-09-12,53,[12:00-12:15[,2025-09-12 11:00,1624.166,28211.198,17.37,20132.383,12.396,,,,,5081.6,3.129,2991.571,1.842,5.644,0.003
12/09/2025,2025-09-12,54,[12:15-12:30[,2025-09-12 11:15,1626.066,28285.133,17.395,20132.383,12.381,,,,,5081.6,3.125,3172.589,1.951,-101.439,-0.062
12/09/2025,2025-09-12,55,[12:30-12:45[,2025-09-12 11:30,1599.662,27972.549,17.487,20132.383,12.585,,,,,5081.6,3.177,3281.105,2.051,-522.54,-0.327
12/09/2025,2025-09-12,56,[12:45-13:00[,2025-09-12 11:45,1578.805,28017.052,17.746,20132.383,12.752,,,,,4848.164,3.071,3109.743,1.97,-73.238,-0.046
12/09/2025,2025-09-12,57,[13:00-13:15[,2025-09-12 12:00,1575.928,28239.747,17.919,20337.45,12.905,,,,,4747.65,3.013,3324.671,2.11,-170.025,-0.108
12/09/2025,2025-09-12,58,[13:15-13:30[,2025-09-12 12:15,1558.658,27309.783,17.521,20337.45,13.048,,,,,4747.65,3.046,3078.224,1.975,-853.541,-0.548
12/09/2025,2025-09-12,59,[13:30-13:45[,2025-09-12 12:30,1574.061,28408.492,18.048,20337.45,12.92,,,,,4747.65,3.016,3251.21,2.065,72.181,0.046
12/09/2025,2025-09-12,60,[13:45-14:00[,2025-09-12 12:45,1587.727,29171.818,18.373,20337.45,12.809,,,,,4900.8,3.087,3285.63,2.069,647.938,0.408
12/09/2025,2025-09-12,61,[14:00-14:15[,2025-09-12 13:00,1586.76,28304.89,17.838,20237.312,12.754,,,,,4929.6,3.107,3093.046,1.949,44.932,0.028
12/09/2025,2025-09-12,62,[14:15-14:30[,2025-09-12 13:15,1593.044,28856.672,18.114,20237.312,12.704,,,,,4929.6,3.094,3295.071,2.068,394.689,0.248
12/09/2025,2025-09-12,63,[14:30-14:45[,2025-09-12 13:30,1591.213,29363.705,18.454,20237.312,12.718,,,,,4929.6,3.098,3221.847,2.025,974.946,0.613
12/09/2025,2025-09-12,64,[14:45-15:00[,2025-09-12 13:45,1579.852,30122.735,19.067,20237.312,12.81,,,,,4929.6,3.12,3249.172,2.057,1706.651,1.08
12/09/2025,2025-09-12,65,[15:00-15:15[,2025-09-12 14:00,1592.685,30028.857,18.854,20335.598,12.768,,,,,5617.424,3.527,3298.982,2.071,776.853,0.488
12/09/2025,2025-09-12,66,[15:15-15:30[,2025-09-12 14:15,1591.06,29638.437,18.628,20335.598,12.781,,,,,5720.496,3.595,3174.126,1.995,408.217,0.257
12/09/2025,2025-09-12,67,[15:30-15:45[,2025-09-12 14:30,1592.099,31009.717,19.477,20335.598,12.773,,,,,6461.326,4.058,3362.125,2.112,850.668,0.534
12/09/2025,2025-09-12,68,[15:45-16:00[,2025-09-12 14:45,1608.388,28958.851,18.005,20335.598,12.643,,,,,4837.14,3.007,3343.878,2.079,442.235,0.275
12/09/2025,2025-09-12,69,[16:00-16:15[,2025-09-12 15:00,1603.047,31316.019,19.535,18855.091,11.762,,,2461,1.535,8251.734,5.148,3203.089,1.998,-1454.895,-0.908
12/09/2025,2025-09-12,70,[16:15-16:30[,2025-09-12 15:15,1619.638,30253.528,18.679,18855.091,11.642,,,2461,1.519,7671.21,4.736,3395.431,2.096,-2129.204,-1.315
12/09/2025,2025-09-12,71,[16:30-16:45[,2025-09-12 15:30,1627.012,26802.862,16.474,18855.091,11.589,,,2461,1.513,7173.618,4.409,3421.824,2.103,-5108.671,-3.14
12/09/2025,2025-09-12,72,[16:45-17:00[,2025-09-12 15:45,1636.047,28218.259,17.248,18855.091,11.525,,,2461,1.504,7173.618,4.385,3407.858,2.083,-3679.307,-2.249
12/09/2025,2025-09-12,73,[17:00-17:15[,2025-09-12 16:00,1638.472,23743.55,14.491,17018.075,10.387,,,,,6731.368,4.108,3505.037,2.139,-3510.93,-2.143
12/09/2025,2025-09-12,74,[17:15-17:30[,2025-09-12 16:15,1645.837,25634.449,15.575,17018.075,10.34,,,,,6288.828,3.821,3405.416,2.069,-1077.87,-0.655
12/09/2025,2025-09-12,75,[17:30-17:45[,2025-09-12 16:30,1667.224,26507.961,15.899,17018.075,10.207,,,,,4710.1,2.825,3557.159,2.134,1222.627,0.733
12/09/2025,2025-09-12,76,[17:45-18:00[,2025-09-12 16:45,1685.273,27237.004,16.162,17018.075,10.098,,,,,4710.1,2.795,3550.934,2.107,1957.896,1.162
12/09/2025,2025-09-12,77,[18:00-18:15[,2025-09-12 17:00,1664.571,14895.217,8.948,9840.57,5.912,4126.643,2.479,,,2613.302,1.57,3251.614,1.953,-4936.912,-2.966
12/09/2025,2025-09-12,78,[18:15-18:30[,2025-09-12 17:15,1693.186,25934.809,15.317,9840.57,5.812,4381.776,2.588,,,2613.302,1.543,3495.825,2.065,5603.338,3.309
12/09/2025,2025-09-12,79,[18:30-18:45[,2025-09-12 17:30,1708.267,23866.361,13.971,9840.57,5.761,5475.201,3.205,,,3623,2.121,3461.865,2.027,1465.726,0.858
12/09/2025,2025-09-12,80,[18:45-19:00[,2025-09-12 17:45,1728.144,17242.607,9.978,9840.57,5.694,3134.485,1.814,,,3460,2.002,3396.657,1.965,-2589.105,-1.498
12/09/2025,2025-09-12,81,[19:00-19:15[,2025-09-12 18:00,1762.414,3871.809,2.197,3831.108,2.174,5467.125,3.102,,,2209.52,1.254,2636.043,1.496,-10271.987,-5.828
12/09/2025,2025-09-12,82,[19:15-19:30[,2025-09-12 18:15,1761.251,9973.063,5.662,3831.108,2.175,9302.188,5.282,,,2209.52,1.255,1736.476,0.986,-7106.229,-4.035
12/09/2025,2025-09-12,83,[19:30-19:45[,2025-09-12 18:30,1767.133,11892.196,6.73,3831.108,2.168,9302.188,5.264,,,2209.52,1.25,1725.301,0.976,-5175.921,-2.929
12/09/2025,2025-09-12,84,[19:45-20:00[,2025-09-12 18:45,1795.941,8486.737,4.726,3831.108,2.133,9302.188,5.18,,,2209.52,1.23,1666.808,0.928,-8522.887,-4.746
12/09/2025,2025-09-12,85,[20:00-20:15[,2025-09-12 19:00,1823.627,9783.781,5.365,2939.878,1.612,9119.951,5.001,,,2341.78,1.284,1562.176,0.857,-6180.003,-3.389
12/09/2025,2025-09-12,86,[20:15-20:30[,2025-09-12 19:15,1813.625,10067.041,5.551,2939.878,1.621,9119.951,5.029,,,2341.78,1.291,1564.826,0.863,-5899.394,-3.253
12/09/2025,2025-09-12,87,[20:30-20:45[,2025-09-12 19:30,1788.251,6825.453,3.817,2939.878,1.644,9119.951,5.1,,,2341.78,1.31,1538.734,0.86,-9114.889,-5.097
12/09/2025,2025-09-12,88,[20:45-21:00[,2025-09-12 19:45,1760.81,12439.249,7.065,2939.878,1.67,9119.951,5.179,,,2341.78,1.33,1461.13,0.83,-3423.489,-1.944
12/09/2025,2025-09-12,89,[21:00-21:15[,2025-09-12 20:00,1733.081,13822.363,7.976,7150.174,4.126,9119.951,5.262,,,3140,1.812,1480.077,0.854,-7067.84,-4.078
12/09/2025,2025-09-12,90,[21:15-21:30[,2025-09-12 20:15,1710.601,14119.247,8.254,7150.174,4.18,9119.951,5.331,,,3140,1.836,1510.197,0.883,-6801.075,-3.976
12/09/2025,2025-09-12,91,[21:30-21:45[,2025-09-12 20:30,1667.092,13883.125,8.328,7150.174,4.289,9119.951,5.471,,,2960.2,1.776,1529.17,0.917,-6876.37,-4.125
12/09/2025,2025-09-12,92,[21:45-22:00[,2025-09-12 20:45,1628.03,17575.178,10.795,7150.174,4.392,9119.951,5.602,,,2810.632,1.726,1542.946,0.948,-3048.525,-1.873
12/09/2025,2025-09-12,93,[22:00-22:15[,2025-09-12 21:00,1615.298,16767.663,10.381,8699.067,5.385,4986.804,3.087,,,2595.408,1.607,2487.362,1.54,-2000.978,-1.239
12/09/2025,2025-09-12,94,[22:15-22:30[,2025-09-12 21:15,1580.395,10415.888,6.591,8699.067,5.504,,,,,2595.408,1.642,2287.803,1.448,-3166.39,-2.004
12/09/2025,2025-09-12,95,[22:30-22:45[,2025-09-12 21:30,1564.306,9292.062,5.94,8699.067,5.561,,,,,2595.408,1.659,2377.503,1.52,-4379.915,-2.8
12/09/2025,2025-09-12,96,[22:45-23:00[,2025-09-12 21:45,1528.387,10237.543,6.698,8699.067,5.692,,,,,2559.62,1.675,2191.836,1.434,-3212.98,-2.102
13/09/2025,2025-09-13,1,[23:00-23:15[,2025-09-12 22:00,1511.396,10223.817,6.764,7198.353,4.763,,,,,1890,1.25,3190.8,2.111,-2055.336,-1.36
13/09/2025,2025-09-13,2,[23:15-23:30[,2025-09-12 22:15,1483.131,12816.733,8.642,7198.353,4.853,,,,,1890,1.274,3318.707,2.238,409.673,0.276
13/09/2025,2025-09-13,3,[23:30-23:45[,2025-09-12 22:30,1450.016,13522.974,9.326,7198.353,4.964,,,,,1890,1.303,3268.008,2.254,1166.614,0.805
13/09/2025,2025-09-13,4,[23:45-00:00[,2025-09-12 22:45,1421.974,16082.392,11.31,7198.353,5.062,,,8640.825,6.077,1890,1.329,3299.099,2.32,-4945.884,-3.478
13/09/2025,2025-09-13,5,[00:00-00:15[,2025-09-12 23:00,1399.176,10333.424,7.385,7526.785,5.379,,,,,1721.664,1.23,3323.784,2.376,-2238.81,-1.6
13/09/2025,2025-09-13,6,[00:15-00:30[,2025-09-12 23:15,1375.576,10441.44,7.591,7526.785,5.472,,,,,1721.664,1.252,3328.137,2.419,-2135.146,-1.552
13/09/2025,2025-09-13,7,[00:30-00:45[,2025-09-12 23:30,1355.346,11915.801,8.792,7526.785,5.553,,,,,1721.664,1.27,3330.113,2.457,-662.761,-0.489
13/09/2025,2025-09-13,8,[00:45-01:00[,2025-09-12 23:45,1337.902,9739.903,7.28,7526.785,5.626,,,,,1721.664,1.287,3329.272,2.488,-2837.817,-2.121
13/09/2025,2025-09-13,9,[01:00-01:15[,2025-09-13 00:00,1321.067,11567.912,8.756,7768.703,5.881,,,,,1981,1.5,3285.699,2.487,-1467.49,-1.111
13/09/2025,2025-09-13,10,[01:15-01:30[,2025-09-13 00:15,1298.883,13958.359,10.746,7768.703,5.981,,,,,1981,1.525,3333.992,2.567,874.664,0.673
13/09/2025,2025-09-13,11,[01:30-01:45[,2025-09-13 00:30,1282.433,13177.857,10.276,7768.703,6.058,,,,,1981,1.545,3349.83,2.612,78.324,0.061
13/09/2025,2025-09-13,12,[01:45-02:00[,2025-09-13 00:45,1269.797,12809.799,10.088,7768.703,6.118,,,,,1981,1.56,3345.925,2.635,-285.829,-0.225
13/09/2025,2025-09-13,13,[02:00-02:15[,2025-09-13 01:00,1252.009,11615.421,9.277,7915.172,6.322,,,,,1590,1.27,3342.876,2.67,-1232.627,-0.985
13/09/2025,2025-09-13,14,[02:15-02:30[,2025-09-13 01:15,1234.079,10486.191,8.497,7915.172,6.414,,,,,1590,1.288,3272.082,2.651,-2291.063,-1.856
13/09/2025,2025-09-13,15,[02:30-02:45[,2025-09-13 01:30,1232.614,11730.567,9.517,7915.172,6.421,,,,,1590,1.29,3341.011,2.711,-1115.616,-0.905
13/09/2025,2025-09-13,16,[02:45-03:00[,2025-09-13 01:45,1208.823,12464.7,10.311,7915.172,6.548,,,,,1590,1.315,3122.156,2.583,-162.628,-0.135
13/09/2025,2025-09-13,17,[03:00-03:15[,2025-09-13 02:00,1205.987,11897.599,9.865,8014.87,6.646,,,,,1590,1.318,3298.14,2.735,-1005.412,-0.834
13/09/2025,2025-09-13,18,[03:15-03:30[,2025-09-13 02:15,1207.074,11596.1,9.607,8014.87,6.64,,,,,1590,1.317,3339.16,2.766,-1347.93,-1.117
13/09/2025,2025-09-13,19,[03:30-03:45[,2025-09-13 02:30,1187.767,11221.459,9.448,8014.87,6.748,,,,,1590,1.339,3231.207,2.72,-1614.618,-1.359
13/09/2025,2025-09-13,20,[03:45-04:00[,2025-09-13 02:45,1184.854,13085.031,11.044,8014.87,6.764,,,,,1590,1.342,3325.186,2.806,154.975,0.131
13/09/2025,2025-09-13,21,[04:00-04:15[,2025-09-13 03:00,1183.174,12783.695,10.805,8936.528,7.553,,,,,1590,1.344,3327.226,2.812,-1070.059,-0.904
13/09/2025,2025-09-13,22,[04:15-04:30[,2025-09-13 03:15,1175.163,12887.189,10.966,8936.528,7.605,,,,,1590,1.353,3332.323,2.836,-971.662,-0.827
13/09/2025,2025-09-13,23,[04:30-04:45[,2025-09-13 03:30,1161.235,11952.532,10.293,8936.528,7.696,,,,,1590,1.369,3088.401,2.66,-1662.397,-1.432
13/09/2025,2025-09-13,24,[04:45-05:00[,2025-09-13 03:45,1168.3,11565.27,9.899,8936.528,7.649,,,,,1590,1.361,3334.064,2.854,-2295.323,-1.965
13/09/2025,2025-09-13,25,[05:00-05:15[,2025-09-13 04:00,1171.363,11240.877,9.596,8328.211,7.11,,,,,1590,1.357,3247.89,2.773,-1925.224,-1.644
13/09/2025,2025-09-13,26,[05:15-05:30[,2025-09-13 04:15,1164.388,12739.942,10.941,8328.211,7.152,,,,,1590,1.366,3208.426,2.755,-386.696,-0.332
13/09/2025,2025-09-13,27,[05:30-05:45[,2025-09-13 04:30,1169.135,13309.703,11.384,8328.211,7.123,,,,,1590,1.36,3357.876,2.872,33.616,0.029
13/09/2025,2025-09-13,28,[05:45-06:00[,2025-09-13 04:45,1170.986,12338.015,10.536,8328.211,7.112,,,,,1590,1.358,3358.066,2.868,-938.261,-0.801
13/09/2025,2025-09-13,29,[06:00-06:15[,2025-09-13 05:00,1184.264,9294.391,7.848,7491.842,6.326,,,,,2128,1.797,3343.149,2.823,-3668.6,-3.098
13/09/2025,2025-09-13,30,[06:15-06:30[,2025-09-13 05:15,1193.635,10381.752,8.698,7491.842,6.276,,,,,2128,1.783,3319.873,2.781,-2557.963,-2.143
13/09/2025,2025-09-13,31,[06:30-06:45[,2025-09-13 05:30,1205.826,9987.296,8.283,7491.842,6.213,,,,,2128,1.765,3316.141,2.75,-2948.687,-2.445
13/09/2025,2025-09-13,32,[06:45-07:00[,2025-09-13 05:45,1200.045,9649.051,8.041,7491.842,6.243,,,,,2128,1.773,3299.299,2.749,-3270.089,-2.725
13/09/2025,2025-09-13,33,[07:00-07:15[,2025-09-13 06:00,1205.7,1099.506,0.912,7471.959,6.197,,,,,2268,1.881,3231.746,2.68,-11872.199,-9.847
13/09/2025,2025-09-13,34,[07:15-07:30[,2025-09-13 06:15,1225.362,5432.622,4.433,7471.959,6.098,,,,,2268,1.851,3267.299,2.666,-7574.637,-6.182
13/09/2025,2025-09-13,35,[07:30-07:45[,2025-09-13 06:30,1227.182,10258.214,8.359,7471.959,6.089,,,,,2268,1.848,3250.019,2.648,-2731.765,-2.226
13/09/2025,2025-09-13,36,[07:45-08:00[,2025-09-13 06:45,1256.212,9605.756,7.647,7471.959,5.948,,,184.633,0.147,2268,1.805,3266.88,2.601,-3585.715,-2.854
13/09/2025,2025-09-13,37,[08:00-08:15[,2025-09-13 07:00,1265.717,19661.269,15.534,13017.224,10.284,,,,,5280.4,4.172,3265.907,2.58,-1902.263,-1.503
13/09/2025,2025-09-13,38,[08:15-08:30[,2025-09-13 07:15,1279.502,20585.907,16.089,13017.224,10.174,,,,,5280.4,4.127,3265.653,2.552,-977.371,-0.764
13/09/2025,2025-09-13,39,[08:30-08:45[,2025-09-13 07:30,1284.653,18098.086,14.088,13017.224,10.133,,,,,5280.4,4.11,3265.475,2.542,-3465.013,-2.697
13/09/2025,2025-09-13,40,[08:45-09:00[,2025-09-13 07:45,1295.248,21515.63,16.611,13017.224,10.05,,,,,5280.4,4.077,3264.787,2.521,-46.781,-0.036
13/09/2025,2025-09-13,41,[09:00-09:15[,2025-09-13 08:00,1305.112,23433.439,17.955,19597.978,15.016,,,,,3577.32,2.741,3201.92,2.453,-2943.779,-2.256
13/09/2025,2025-09-13,42,[09:15-09:30[,2025-09-13 08:15,1311.603,26043.522,19.856,19597.978,14.942,,,,,3577.32,2.727,3250.74,2.478,-382.517,-0.292
13/09/2025,2025-09-13,43,[09:30-09:45[,2025-09-13 08:30,1311.979,24776.128,18.885,19597.978,14.938,,,,,3577.32,2.727,3246.045,2.474,-1645.215,-1.254
13/09/2025,2025-09-13,44,[09:45-10:00[,2025-09-13 08:45,1313.207,26796.528,20.405,19597.978,14.924,,,,,3577.32,2.724,3237.33,2.465,383.9,0.292
13/09/2025,2025-09-13,45,[10:00-10:15[,2025-09-13 09:00,1308.894,25202.222,19.255,20319.754,15.524,,,,,2516,1.922,3105.119,2.372,-738.651,-0.564
13/09/2025,2025-09-13,46,[10:15-10:30[,2025-09-13 09:15,1315.961,26102.704,19.835,20319.754,15.441,,,,,2516,1.912,3243.299,2.465,23.652,0.018
13/09/2025,2025-09-13,47,[10:30-10:45[,2025-09-13 09:30,1309.039,25929.893,19.808,20319.754,15.523,,,,,2516,1.922,3196.542,2.442,-102.403,-0.078
13/09/2025,2025-09-13,48,[10:45-11:00[,2025-09-13 09:45,1301.845,25751.428,19.781,20319.754,15.608,,,,,2516,1.933,3201.782,2.459,-286.108,-0.22
13/09/2025,2025-09-13,49,[11:00-11:15[,2025-09-13 10:00,1311.233,25634.167,19.55,20863.625,15.911,,,,,1854.56,1.414,3178.73,2.424,-262.748,-0.2
13/09/2025,2025-09-13,50,[11:15-11:30[,2025-09-13 10:15,1317.101,26133.166,19.841,20863.625,15.841,,,,,1854.56,1.408,3165.976,2.404,249.004,0.189
13/09/2025,2025-09-13,51,[11:30-11:45[,2025-09-13 10:30,1309.084,25765.573,19.682,20863.625,15.938,,,,,1854.56,1.417,2819.965,2.154,227.423,0.174
13/09/2025,2025-09-13,52,[11:45-12:00[,2025-09-13 10:45,1322.097,25092.139,18.979,20863.625,15.781,,,,,1854.56,1.403,3109.554,2.352,-735.6,-0.556
13/09/2025,2025-09-13,53,[12:00-12:15[,2025-09-13 11:00,1338.483,25459.007,19.021,21114.857,15.775,,,,,1362.68,1.018,3121.648,2.332,-140.178,-0.105
13/09/2025,2025-09-13,54,[12:15-12:30[,2025-09-13 11:15,1341.596,25642.076,19.113,21114.857,15.739,,,,,1362.68,1.016,3088.369,2.302,76.17,0.057
13/09/2025,2025-09-13,55,[12:30-12:45[,2025-09-13 11:30,1341.033,25747.646,19.2,21114.857,15.745,,,,,1362.68,1.016,3078.123,2.295,191.986,0.143
13/09/2025,2025-09-13,56,[12:45-13:00[,2025-09-13 11:45,1330.5,25719.483,19.331,21114.857,15.87,,,,,1362.68,1.024,3115.821,2.342,126.125,0.095
13/09/2025,2025-09-13,57,[13:00-13:15[,2025-09-13 12:00,1309.246,23356.376,17.84,21115.107,16.128,,,,,1292,0.987,3050.115,2.33,-2100.846,-1.605
13/09/2025,2025-09-13,58,[13:15-13:30[,2025-09-13 12:15,1282.925,24233.032,18.889,21115.107,16.459,,,,,1292,1.007,2796.772,2.18,-970.847,-0.757
13/09/2025,2025-09-13,59,[13:30-13:45[,2025-09-13 12:30,1281.57,25575.716,19.957,21115.107,16.476,,,,,1292,1.008,3043.028,2.374,125.581,0.098
13/09/2025,2025-09-13,60,[13:45-14:00[,2025-09-13 12:45,1274.306,25544.019,20.045,21115.107,16.57,,,,,1292,1.014,3060.387,2.402,76.525,0.06
13/09/2025,2025-09-13,61,[14:00-14:15[,2025-09-13 13:00,1257.145,26498.077,21.078,21117.507,16.798,,,,,1218.58,0.969,3003.919,2.389,1158.072,0.921
13/09/2025,2025-09-13,62,[14:15-14:30[,2025-09-13 13:15,1252.327,26574.592,21.22,21117.507,16.863,,,,,1218.58,0.973,3021.302,2.413,1217.203,0.972
13/09/2025,2025-09-13,63,[14:30-14:45[,2025-09-13 13:30,1254.526,26200.223,20.885,21117.507,16.833,,,,,1218.58,0.971,3037.673,2.421,826.463,0.659
13/09/2025,2025-09-13,64,[14:45-15:00[,2025-09-13 13:45,1246.596,25628.484,20.559,21117.507,16.94,,,,,1218.58,0.978,3032.347,2.433,260.051,0.209
13/09/2025,2025-09-13,65,[15:00-15:15[,2025-09-13 14:00,1258.085,25809.846,20.515,21114.357,16.783,,,,,1477.44,1.174,3035.73,2.413,182.319,0.145
13/09/2025,2025-09-13,66,[15:15-15:30[,2025-09-13 14:15,1256.38,25671.297,20.433,21114.357,16.806,,,,,1477.44,1.176,3055.081,2.432,24.418,0.019
13/09/2025,2025-09-13,67,[15:30-15:45[,2025-09-13 14:30,1244.535,25826.776,20.752,21114.357,16.966,,,,,1477.44,1.187,2746.23,2.207,488.749,0.393
13/09/2025,2025-09-13,68,[15:45-16:00[,2025-09-13 14:45,1256.829,25587.953,20.359,21114.357,16.8,,,,,1477.44,1.176,3080.897,2.451,-84.742,-0.067
13/09/2025,2025-09-13,69,[16:00-16:15[,2025-09-13 15:00,1273.703,26488.866,20.797,21035.983,16.516,,,,,2009.98,1.578,3105.412,2.438,337.49,0.265
13/09/2025,2025-09-13,70,[16:15-16:30[,2025-09-13 15:15,1269.762,25778.816,20.302,21035.983,16.567,,,,,2009.98,1.583,2823.802,2.224,-90.949,-0.072
13/09/2025,2025-09-13,71,[16:30-16:45[,2025-09-13 15:30,1285.795,26531.463,20.634,21035.983,16.36,,,,,2009.98,1.563,3106.421,2.416,379.079,0.295
13/09/2025,2025-09-13,72,[16:45-17:00[,2025-09-13 15:45,1305.254,26502.77,20.305,21035.983,16.116,,,,,2009.98,1.54,3143.008,2.408,313.799,0.24
13/09/2025,2025-09-13,73,[17:00-17:15[,2025-09-13 16:00,1321.499,27595.886,20.882,20033.797,15.16,,,,,4368.72,3.306,3192.24,2.416,1.13,0.001
13/09/2025,2025-09-13,74,[17:15-17:30[,2025-09-13 16:15,1328.624,27447.076,20.658,20033.797,15.079,,,,,4368.72,3.288,3111.572,2.342,-67.013,-0.05
13/09/2025,2025-09-13,75,[17:30-17:45[,2025-09-13 16:30,1357.017,28786.17,21.213,20033.797,14.763,,,,,4368.72,3.219,3180.738,2.344,1202.915,0.886
13/09/2025,2025-09-13,76,[17:45-18:00[,2025-09-13 16:45,1371.313,25792.989,18.809,20033.797,14.609,,,,,2498.28,1.822,3194.775,2.33,66.137,0.048
13/09/2025,2025-09-13,77,[18:00-18:15[,2025-09-13 17:00,1393.287,27364.352,19.64,11875.896,8.524,,,,,9737.6,6.989,3202.702,2.299,2548.154,1.829
13/09/2025,2025-09-13,78,[18:15-18:30[,2025-09-13 17:15,1416.864,24308.393,17.156,11875.896,8.382,,,,,9737.6,6.873,3165.299,2.234,-470.402,-0.332
13/09/2025,2025-09-13,79,[18:30-18:45[,2025-09-13 17:30,1438.311,19780.886,13.753,11875.896,8.257,,,,,6000.3,4.172,3134.968,2.18,-1230.278,-0.855
13/09/2025,2025-09-13,80,[18:45-19:00[,2025-09-13 17:45,1469.743,14890.875,10.132,11875.896,8.08,,,,,6000.3,4.083,3157.996,2.149,-6143.317,-4.18
13/09/2025,2025-09-13,81,[19:00-19:15[,2025-09-13 18:00,1506.445,15980.745,10.608,7522.398,4.993,,,-1663.75,-1.104,1963.1,1.303,3218.407,2.136,4940.59,3.28
13/09/2025,2025-09-13,82,[19:15-19:30[,2025-09-13 18:15,1534.256,11019.739,7.182,7522.398,4.903,,,,,1963.1,1.28,3199.87,2.086,-1665.629,-1.086
13/09/2025,2025-09-13,83,[19:30-19:45[,2025-09-13 18:30,1555.323,8908.839,5.728,7522.398,4.837,,,,,1963.1,1.262,3238.935,2.082,-3815.594,-2.453
13/09/2025,2025-09-13,84,[19:45-20:00[,2025-09-13 18:45,1579.842,9535.501,6.036,7522.398,4.761,,,,,1963.1,1.243,2832.99,1.793,-2782.987,-1.762
13/09/2025,2025-09-13,85,[20:00-20:15[,2025-09-13 19:00,1601.389,5747.259,3.589,5633.897,3.518,,,,,1758.2,1.098,2037.517,1.272,-3682.355,-2.299
13/09/2025,2025-09-13,86,[20:15-20:30[,2025-09-13 19:15,1594.47,8170.196,5.124,5633.897,3.533,,,,,1758.2,1.103,1376.093,0.863,-597.994,-0.375
13/09/2025,2025-09-13,87,[20:30-20:45[,2025-09-13 19:30,1575.773,7821.504,4.964,5633.897,3.575,,,,,1758.2,1.116,1374.672,0.872,-945.265,-0.6
13/09/2025,2025-09-13,88,[20:45-21:00[,2025-09-13 19:45,1548.736,7626.893,4.925,5633.897,3.638,,,,,1758.2,1.135,1373.574,0.887,-1138.778,-0.735
13/09/2025,2025-09-13,89,[21:00-21:15[,2025-09-13 20:00,1522.925,7568.55,4.97,7693.319,5.052,,,,,1494.5,0.981,1362.676,0.895,-2981.945,-1.958
13/09/2025,2025-09-13,90,[21:15-21:30[,2025-09-13 20:15,1498.065,8899.773,5.941,7693.319,5.136,,,,,1494.5,0.998,1334.086,0.891,-1622.132,-1.083
13/09/2025,2025-09-13,91,[21:30-21:45[,2025-09-13 20:30,1469.525,5983.908,4.072,7693.319,5.235,,,,,1494.5,1.017,1260.595,0.858,-4464.506,-3.038
13/09/2025,2025-09-13,92,[21:45-22:00[,2025-09-13 20:45,1436.208,7672.949,5.343,7693.319,5.357,,,,,1494.5,1.041,1261.608,0.878,-2776.477,-1.933
13/09/2025,2025-09-13,93,[22:00-22:15[,2025-09-13 21:00,1429.818,13209.602,9.239,8684.819,6.074,,,,,1744.5,1.22,2200.175,1.539,580.107,0.406
13/09/2025,2025-09-13,94,[22:15-22:30[,2025-09-13 21:15,1396.397,10057.704,7.203,8684.819,6.219,,,,,1744.5,1.249,1835.665,1.315,-2207.28,-1.581
13/09/2025,2025-09-13,95,[22:30-22:45[,2025-09-13 21:30,1368.3,10486.606,7.664,8684.819,6.347,,,,,1744.5,1.275,1463.498,1.07,-1406.212,-1.028
13/09/2025,2025-09-13,96,[22:45-23:00[,2025-09-13 21:45,1346.976,9123.96,6.774,8684.819,6.448,,,,,1744.5,1.295,1459.297,1.083,-2764.656,-2.052
14/09/2025,2025-09-14,1,[23:00-23:15[,2025-09-13 22:00,1328.446,13019.669,9.801,11442.68,8.614,,,,,3390,2.552,1329.403,1.001,-3142.415,-2.365
14/09/2025,2025-09-14,2,[23:15-23:30[,2025-09-13 22:15,1315.674,17237.686,13.102,11442.68,8.697,,,,,3390,2.577,1853.19,1.409,551.816,0.419
14/09/2025,2025-09-14,3,[23:30-23:45[,2025-09-13 22:30,1294.067,15945.198,12.322,11442.68,8.842,,,,,3390,2.62,1829.992,1.414,-717.475,-0.554
14/09/2025,2025-09-14,4,[23:45-00:00[,2025-09-13 22:45,1275.047,16902.634,13.256,11442.68,8.974,,,,,3390,2.659,2120.383,1.663,-50.428,-0.04
14/09/2025,2025-09-14,5,[00:00-00:15[,2025-09-13 23:00,1264.529,18552.816,14.672,12825.918,10.143,,,,,3060,2.42,2772.094,2.192,-105.195,-0.083
14/09/2025,2025-09-14,6,[00:15-00:30[,2025-09-13 23:15,1247.185,17887.171,14.342,12825.918,10.284,,,,,3060,2.454,2607.348,2.091,-606.095,-0.486
14/09/2025,2025-09-14,7,[00:30-00:45[,2025-09-13 23:30,1245.083,17026.632,13.675,12825.918,10.301,,,,,3060,2.458,2781.715,2.234,-1641,-1.318
14/09/2025,2025-09-14,8,[00:45-01:00[,2025-09-13 23:45,1217.349,16319.428,13.406,12825.918,10.536,,,,,3060,2.514,1787.341,1.468,-1353.831,-1.112
14/09/2025,2025-09-14,9,[01:00-01:15[,2025-09-14 00:00,1198.662,17728.617,14.79,13124.893,10.95,,,,,1982.4,1.654,2596.809,2.166,24.516,0.02
14/09/2025,2025-09-14,10,[01:15-01:30[,2025-09-14 00:15,1195.149,17649.436,14.768,13124.893,10.982,,,,,2004.8,1.677,2796.71,2.34,-276.966,-0.232
14/09/2025,2025-09-14,11,[01:30-01:45[,2025-09-14 00:30,1166.113,17779.355,15.247,13124.893,11.255,,,,,2357.6,2.022,2669.689,2.289,-372.827,-0.32
14/09/2025,2025-09-14,12,[01:45-02:00[,2025-09-14 00:45,1153.181,18091.827,15.689,13124.893,11.381,,,,,2357.6,2.044,2657.186,2.304,-47.851,-0.041
14/09/2025,2025-09-14,13,[02:00-02:15[,2025-09-14 01:00,1149.742,17200.33,14.96,13123.455,11.414,,,,,2458.4,2.138,2796.097,2.432,-1177.622,-1.024
14/09/2025,2025-09-14,14,[02:15-02:30[,2025-09-14 01:15,1123.302,17582.509,15.653,13123.455,11.683,,,,,2458.4,2.189,2569.905,2.288,-569.251,-0.507
14/09/2025,2025-09-14,15,[02:30-02:45[,2025-09-14 01:30,1121.692,18113.128,16.148,13123.455,11.7,,,,,2458.4,2.192,2796.536,2.493,-265.263,-0.236
14/09/2025,2025-09-14,16,[02:45-03:00[,2025-09-14 01:45,1116.046,18273.559,16.373,13123.455,11.759,,,,,2458.4,2.203,2796.39,2.506,-104.686,-0.094
14/09/2025,2025-09-14,17,[03:00-03:15[,2025-09-14 02:00,1095.554,17590.764,16.057,13050.143,11.912,,,,,2360.16,2.154,2559.824,2.337,-379.363,-0.346
14/09/2025,2025-09-14,18,[03:15-03:30[,2025-09-14 02:15,1104.504,18295.553,16.564,13050.143,11.815,,,,,2360.16,2.137,2797.293,2.533,87.958,0.08
14/09/2025,2025-09-14,19,[03:30-03:45[,2025-09-14 02:30,1100.646,18012.829,16.366,13050.143,11.857,,,,,2360.16,2.144,2796.322,2.541,-193.796,-0.176
14/09/2025,2025-09-14,20,[03:45-04:00[,2025-09-14 02:45,1078.177,18040.549,16.732,13050.143,12.104,,,,,2360.16,2.189,2711.928,2.515,-81.682,-0.076
14/09/2025,2025-09-14,21,[04:00-04:15[,2025-09-14 03:00,1088.735,17808.994,16.358,11867.055,10.9,,,,,2262.4,2.078,2792.816,2.565,886.723,0.814
14/09/2025,2025-09-14,22,[04:15-04:30[,2025-09-14 03:15,1080.454,16614.787,15.378,11867.055,10.983,,,,,2262.4,2.094,2738.093,2.534,-252.761,-0.234
14/09/2025,2025-09-14,23,[04:30-04:45[,2025-09-14 03:30,1073.775,18454.645,17.187,11867.055,11.052,,,,,2262.4,2.107,2606.976,2.428,1718.214,1.6
14/09/2025,2025-09-14,24,[04:45-05:00[,2025-09-14 03:45,1079.129,17563.223,16.275,11867.055,10.997,,,,,2262.4,2.097,2793.004,2.588,640.764,0.594
14/09/2025,2025-09-14,25,[05:00-05:15[,2025-09-14 04:00,1075.103,16042.005,14.921,11867.055,11.038,,,,,1736.462,1.615,2685.597,2.498,-247.109,-0.23
14/09/2025,2025-09-14,26,[05:15-05:30[,2025-09-14 04:15,1078.347,16713.869,15.5,11867.055,11.005,,,,,1736.462,1.61,2785.342,2.583,325.01,0.301
14/09/2025,2025-09-14,27,[05:30-05:45[,2025-09-14 04:30,1083.91,16524.099,15.245,11867.055,10.948,,,,,1842.4,1.7,2786.297,2.571,28.347,0.026
14/09/2025,2025-09-14,28,[05:45-06:00[,2025-09-14 04:45,1084.895,17907.878,16.507,11867.055,10.938,,,,,1842.4,1.698,2786.443,2.568,1411.98,1.301
14/09/2025,2025-09-14,29,[06:00-06:15[,2025-09-14 05:00,1095.398,16306.965,14.887,11163.193,10.191,,,,,2890,2.638,2678.838,2.446,-425.066,-0.388
14/09/2025,2025-09-14,30,[06:15-06:30[,2025-09-14 05:15,1104.011,15878.435,14.382,11163.193,10.111,,,,,2890,2.618,2789.165,2.526,-963.922,-0.873
14/09/2025,2025-09-14,31,[06:30-06:45[,2025-09-14 05:30,1111.977,16404.429,14.752,11163.193,10.039,,,,,2890,2.599,2788.919,2.508,-437.682,-0.394
14/09/2025,2025-09-14,32,[06:45-07:00[,2025-09-14 05:45,1106.513,17712.023,16.007,11163.193,10.089,,,,,2890,2.612,2787.972,2.52,870.858,0.787
14/09/2025,2025-09-14,33,[07:00-07:15[,2025-09-14 06:00,1101.725,26682.82,24.219,13137.642,11.925,,,,,10116.16,9.182,2702.573,2.453,726.445,0.659
14/09/2025,2025-09-14,34,[07:15-07:30[,2025-09-14 06:15,1109.025,25006.699,22.548,13137.642,11.846,,,,,10116.16,9.122,2784.412,2.511,-1031.516,-0.93
14/09/2025,2025-09-14,35,[07:30-07:45[,2025-09-14 06:30,1117.063,24676.419,22.09,13137.642,11.761,,,,,10116.16,9.056,2781.353,2.49,-1358.736,-1.216
14/09/2025,2025-09-14,36,[07:45-08:00[,2025-09-14 06:45,1125.574,24103.088,21.414,13137.642,11.672,,,,,10116.16,8.988,2649.03,2.353,-1799.744,-1.599
14/09/2025,2025-09-14,37,[08:00-08:15[,2025-09-14 07:00,1132.662,26285.98,23.207,18815.343,16.612,,,,,1595.164,1.408,2780.456,2.455,3095.017,2.733
14/09/2025,2025-09-14,38,[08:15-08:30[,2025-09-14 07:15,1156.921,26000.979,22.474,18815.343,16.263,,,,,4572.474,3.952,2774.66,2.398,-161.498,-0.14
14/09/2025,2025-09-14,39,[08:30-08:45[,2025-09-14 07:30,1159.596,27395.394,23.625,18815.343,16.226,,,,,5868.702,5.061,2616.345,2.256,95.004,0.082
14/09/2025,2025-09-14,40,[08:45-09:00[,2025-09-14 07:45,1190.897,30772.466,25.84,18815.343,15.799,,,,,6142.218,5.158,2876.933,2.416,2937.972,2.467
14/09/2025,2025-09-14,41,[09:00-09:15[,2025-09-14 08:00,1216.739,32940.048,27.072,20097.301,16.517,,,,,1347.24,1.107,2873.072,2.361,8622.435,7.087
14/09/2025,2025-09-14,42,[09:15-09:30[,2025-09-14 08:15,1222.429,33189.818,27.151,20097.301,16.44,,,,,1347.24,1.102,2865.68,2.344,8879.597,7.264
14/09/2025,2025-09-14,43,[09:30-09:45[,2025-09-14 08:30,1244.392,24823.331,19.948,20097.301,16.15,,,,,1347.24,1.083,2859.018,2.298,519.773,0.418
14/09/2025,2025-09-14,44,[09:45-10:00[,2025-09-14 08:45,1254.461,24663.662,19.661,20097.301,16.021,,,,,1347.24,1.074,2853.745,2.275,365.377,0.291
14/09/2025,2025-09-14,45,[10:00-10:15[,2025-09-14 09:00,1263.405,42670.964,33.775,20785.708,16.452,,,,,5270.68,4.172,2853.262,2.258,13761.314,10.892
14/09/2025,2025-09-14,46,[10:15-10:30[,2025-09-14 09:15,1284.797,43487.456,33.848,20785.708,16.178,,,,,5270.68,4.102,2861.548,2.227,14569.521,11.34
14/09/2025,2025-09-14,47,[10:30-10:45[,2025-09-14 09:30,1294.998,28444.654,21.965,20785.708,16.051,,,,,5270.68,4.07,2859.15,2.208,-470.884,-0.364
14/09/2025,2025-09-14,48,[10:45-11:00[,2025-09-14 09:45,1296.726,28846.555,22.246,20785.708,16.029,,,,,5270.68,4.065,2691.959,2.076,98.209,0.076
14/09/2025,2025-09-14,49,[11:00-11:15[,2025-09-14 10:00,1305.248,33868.034,25.948,20901.948,16.014,,,,,5813.6,4.454,2794.642,2.141,4357.844,3.339
14/09/2025,2025-09-14,50,[11:15-11:30[,2025-09-14 10:15,1324.141,32586.814,24.61,20901.948,15.785,,,,,5813.6,4.39,2836.693,2.142,3034.574,2.292
14/09/2025,2025-09-14,51,[11:30-11:45[,2025-09-14 10:30,1335.833,32925.465,24.648,20901.948,15.647,,,,,5813.6,4.352,2829.447,2.118,3380.47,2.531
14/09/2025,2025-09-14,52,[11:45-12:00[,2025-09-14 10:45,1333.133,34162.584,25.626,20901.948,15.679,,,,,5813.6,4.361,2480.588,1.861,4966.449,3.725
14/09/2025,2025-09-14,53,[12:00-12:15[,2025-09-14 11:00,1349.424,44925.605,33.292,21022.613,15.579,,,,,6078.24,4.504,2759.588,2.045,15065.165,11.164
14/09/2025,2025-09-14,54,[12:15-12:30[,2025-09-14 11:15,1353.72,42902.359,31.692,21022.613,15.53,,,,,6078.24,4.49,2802.62,2.07,12998.886,9.602
14/09/2025,2025-09-14,55,[12:30-12:45[,2025-09-14 11:30,1334.369,44975.731,33.706,21022.613,15.755,,,,,6078.24,4.555,2428.096,1.82,15446.783,11.576
14/09/2025,2025-09-14,56,[12:45-13:00[,2025-09-14 11:45,1322.526,45477.39,34.387,21022.613,15.896,,,,,6078.24,4.596,2685.907,2.031,15690.63,11.864
14/09/2025,2025-09-14,57,[13:00-13:15[,2025-09-14 12:00,1297.472,38951.919,30.021,21023.888,16.204,,,,,6054.4,4.666,2638.77,2.034,9234.862,7.118
14/09/2025,2025-09-14,58,[13:15-13:30[,2025-09-14 12:15,1263.875,32099.065,25.397,21023.888,16.634,,,,,6054.4,4.79,2618.026,2.071,2402.752,1.901
14/09/2025,2025-09-14,59,[13:30-13:45[,2025-09-14 12:30,1244.748,30636.624,24.613,21023.888,16.89,,,,,6054.4,4.864,2645.431,2.125,912.906,0.733
14/09/2025,2025-09-14,60,[13:45-14:00[,2025-09-14 12:45,1221.839,30376.983,24.862,21023.888,17.207,,,,,6054.4,4.955,2657.134,2.175,641.562,0.525
14/09/2025,2025-09-14,61,[14:00-14:15[,2025-09-14 13:00,1215.397,28396.491,23.364,21022.613,17.297,,,,,5770.16,4.748,2651.025,2.181,-1047.307,-0.862
14/09/2025,2025-09-14,62,[14:15-14:30[,2025-09-14 13:15,1211.598,29480.859,24.332,21022.613,17.351,,,,,5770.16,4.762,2661.348,2.197,26.738,0.022
14/09/2025,2025-09-14,63,[14:30-14:45[,2025-09-14 13:30,1192.196,29289.174,24.567,21022.613,17.634,,,,,5770.16,4.84,2653.275,2.226,-156.874,-0.132
14/09/2025,2025-09-14,64,[14:45-15:00[,2025-09-14 13:45,1195.164,29239.74,24.465,21022.613,17.59,,,,,5770.16,4.828,2669.722,2.234,-222.754,-0.186
14/09/2025,2025-09-14,65,[15:00-15:15[,2025-09-14 14:00,1195.785,29413.534,24.598,21022.613,17.581,,,,,5572.56,4.66,2686.552,2.247,131.809,0.11
14/09/2025,2025-09-14,66,[15:15-15:30[,2025-09-14 14:15,1192.877,29194.989,24.474,21022.613,17.623,,,,,5572.56,4.672,2554.978,2.142,44.839,0.038
14/09/2025,2025-09-14,67,[15:30-15:45[,2025-09-14 14:30,1192.068,29456.82,24.711,21022.613,17.635,,,,,5572.56,4.675,2772.42,2.326,89.228,0.075
14/09/2025,2025-09-14,68,[15:45-16:00[,2025-09-14 14:45,1188.926,29229.872,24.585,21022.613,17.682,,,,,5572.56,4.687,2775.415,2.334,-140.715,-0.118
14/09/2025,2025-09-14,69,[16:00-16:15[,2025-09-14 15:00,1199.317,29159.569,24.313,20714.775,17.272,,,,,5371.92,4.479,2785.363,2.322,287.511,0.24
14/09/2025,2025-09-14,70,[16:15-16:30[,2025-09-14 15:15,1203.33,29087.582,24.173,20714.775,17.215,,,,,5371.92,4.464,2798.412,2.326,202.476,0.168
14/09/2025,2025-09-14,71,[16:30-16:45[,2025-09-14 15:30,1211.238,28871.541,23.836,20714.775,17.102,,,,,5371.92,4.435,2616.828,2.16,168.018,0.139
14/09/2025,2025-09-14,72,[16:45-17:00[,2025-09-14 15:45,1237.839,28683.472,23.172,20714.775,16.735,,,,,5371.92,4.34,2804.151,2.265,-207.374,-0.168
14/09/2025,2025-09-14,73,[17:00-17:15[,2025-09-14 16:00,1244.059,29205.003,23.476,19443.563,15.629,,,,,6662.144,5.355,2838.719,2.282,260.578,0.209
14/09/2025,2025-09-14,74,[17:15-17:30[,2025-09-14 16:15,1262.675,28704.555,22.733,19443.563,15.399,,,,,6499.494,5.147,2769.468,2.193,-7.97,-0.006
14/09/2025,2025-09-14,75,[17:30-17:45[,2025-09-14 16:30,1285.625,28395.223,22.087,19443.563,15.124,,,,,4772.6,3.712,2897.065,2.253,1281.995,0.997
14/09/2025,2025-09-14,76,[17:45-18:00[,2025-09-14 16:45,1287.234,26756.358,20.786,19443.563,15.105,,,,,3559.04,2.765,2204.537,1.713,1549.218,1.204
14/09/2025,2025-09-14,77,[18:00-18:15[,2025-09-14 17:00,1333.991,46604.288,34.936,13286.778,9.96,,,,,11889.36,8.913,2946.953,2.209,18481.197,13.854
14/09/2025,2025-09-14,78,[18:15-18:30[,2025-09-14 17:15,1354.474,41857.791,30.903,13286.778,9.81,,,,,11889.36,8.778,2897.767,2.139,13783.887,10.177
14/09/2025,2025-09-14,79,[18:30-18:45[,2025-09-14 17:30,1374.175,40508.777,29.479,13286.778,9.669,,,,,11889.36,8.652,2690.691,1.958,12641.948,9.2
14/09/2025,2025-09-14,80,[18:45-19:00[,2025-09-14 17:45,1425.996,39922.93,27.997,13286.778,9.318,,,,,11889.36,8.338,2801.846,1.965,11944.947,8.377
14/09/2025,2025-09-14,81,[19:00-19:15[,2025-09-14 18:00,1469.578,4430.559,3.015,7245.124,4.93,,,,,1680,1.143,2786.459,1.896,-7281.024,-4.954
14/09/2025,2025-09-14,82,[19:15-19:30[,2025-09-14 18:15,1478.54,8809.552,5.958,7245.124,4.9,,,,,1680,1.136,2538.337,1.717,-2653.908,-1.795
14/09/2025,2025-09-14,83,[19:30-19:45[,2025-09-14 18:30,1520.65,9909.768,6.517,7245.124,4.764,,,,,1680,1.105,2767.615,1.82,-1782.97,-1.173
14/09/2025,2025-09-14,84,[19:45-20:00[,2025-09-14 18:45,1565.674,7843.942,5.01,7245.124,4.627,,,,,1680,1.073,2644.881,1.689,-3726.063,-2.38
14/09/2025,2025-09-14,85,[20:00-20:15[,2025-09-14 19:00,1582.768,5425.163,3.428,4584.581,2.897,,,,,2687.96,1.698,1033.992,0.653,-2881.37,-1.82
14/09/2025,2025-09-14,86,[20:15-20:30[,2025-09-14 19:15,1578.568,6684.316,4.234,4584.581,2.904,,,,,2687.96,1.703,1026.738,0.65,-1614.963,-1.023
14/09/2025,2025-09-14,87,[20:30-20:45[,2025-09-14 19:30,1561.034,5794.156,3.712,4584.581,2.937,,,,,2687.96,1.722,1034.608,0.663,-2512.993,-1.61
14/09/2025,2025-09-14,88,[20:45-21:00[,2025-09-14 19:45,1541.979,6626.407,4.297,4584.581,2.973,,,,,2687.96,1.743,1034.414,0.671,-1680.548,-1.09
14/09/2025,2025-09-14,89,[21:00-21:15[,2025-09-14 20:00,1522.278,5705.86,3.748,4626.461,3.039,,,,,1866.48,1.226,1026.627,0.674,-1813.709,-1.191
14/09/2025,2025-09-14,90,[21:15-21:30[,2025-09-14 20:15,1516.187,6560.936,4.327,4626.461,3.051,,,,,1866.48,1.231,1796.504,1.185,-1728.508,-1.14
14/09/2025,2025-09-14,91,[21:30-21:45[,2025-09-14 20:30,1494.255,6557.737,4.389,4626.461,3.096,,,,,1535.616,1.028,1796.18,1.202,-1400.52,-0.937
14/09/2025,2025-09-14,92,[21:45-22:00[,2025-09-14 20:45,1474.064,6993.149,4.744,4626.461,3.139,,,,,1297.536,0.88,1796.495,1.219,-727.343,-0.493
14/09/2025,2025-09-14,93,[22:00-22:15[,2025-09-14 21:00,1456.975,11826.807,8.117,7834.184,5.377,,,,,2001.45,1.374,2508.349,1.722,-517.175,-0.355
14/09/2025,2025-09-14,94,[22:15-22:30[,2025-09-14 21:15,1448.929,10984.527,7.581,7834.184,5.407,,,,,2001.45,1.381,2792.575,1.927,-1643.681,-1.134
14/09/2025,2025-09-14,95,[22:30-22:45[,2025-09-14 21:30,1423.161,10454.838,7.346,7834.184,5.505,,,,,2001.45,1.406,2792.471,1.962,-2173.266,-1.527
14/09/2025,2025-09-14,96,[22:45-23:00[,2025-09-14 21:45,1374.218,11324.894,8.241,7834.184,5.701,,,,,2001.45,1.456,2404.97,1.75,-915.71,-0.666
15/09/2025,2025-09-15,1,[23:00-23:15[,2025-09-14 22:00,1369.98,10951.689,7.994,6081.91,4.439,,,,,1575.778,1.15,3234.327,2.361,59.675,0.044
15/09/2025,2025-09-15,2,[23:15-23:30[,2025-09-14 22:15,1350.939,7956.436,5.89,6081.91,4.502,,,,,1575.778,1.166,3234.949,2.395,-2936.201,-2.173
15/09/2025,2025-09-15,3,[23:30-23:45[,2025-09-14 22:30,1307.993,10031.538,7.669,6081.91,4.65,,,,,1575.778,1.205,2937.97,2.246,-564.119,-0.431
15/09/2025,2025-09-15,4,[23:45-00:00[,2025-09-14 22:45,1301.046,7805.396,5.999,6081.91,4.675,,,,,1575.778,1.211,3235.445,2.487,-3087.737,-2.373
15/09/2025,2025-09-15,5,[00:00-00:15[,2025-09-14 23:00,1284.152,10495.25,8.173,6668.96,5.193,,,,,1440.384,1.122,3353.799,2.612,-967.893,-0.754
15/09/2025,2025-09-15,6,[00:15-00:30[,2025-09-14 23:15,1260.217,10865.016,8.622,6668.96,5.292,,,,,1440.384,1.143,3239.398,2.571,-483.726,-0.384
15/09/2025,2025-09-15,7,[00:30-00:45[,2025-09-14 23:30,1249.842,10301.811,8.242,6668.96,5.336,,,,,1440.384,1.152,3352.712,2.683,-1160.244,-0.928
15/09/2025,2025-09-15,8,[00:45-01:00[,2025-09-14 23:45,1224.558,10424.992,8.513,6668.96,5.446,,,,,1440.384,1.176,3287.294,2.684,-971.646,-0.793
15/09/2025,2025-09-15,9,[01:00-01:15[,2025-09-15 00:00,1212.335,12281.572,10.131,7380.522,6.088,,,,,1506.6,1.243,3287.895,2.712,106.554,0.088
15/09/2025,2025-09-15,10,[01:15-01:30[,2025-09-15 00:15,1207.323,11839.958,9.807,7380.522,6.113,,,,,1506.6,1.248,3374.676,2.795,-421.84,-0.349
15/09/2025,2025-09-15,11,[01:30-01:45[,2025-09-15 00:30,1187.538,8961.118,7.546,7380.522,6.215,,,,,1506.6,1.269,3260.077,2.745,-3186.081,-2.683
15/09/2025,2025-09-15,12,[01:45-02:00[,2025-09-15 00:45,1174.021,12067.812,10.279,7380.522,6.287,,,,,1506.6,1.283,3357.69,2.86,-177.001,-0.151
15/09/2025,2025-09-15,13,[02:00-02:15[,2025-09-15 01:00,1163.106,10988.744,9.448,7524.922,6.47,,,,,1319.5,1.134,3345.573,2.876,-1201.25,-1.033
15/09/2025,2025-09-15,14,[02:15-02:30[,2025-09-15 01:15,1160.764,11481.551,9.891,7524.922,6.483,,,,,1319.5,1.137,3407.643,2.936,-770.514,-0.664
15/09/2025,2025-09-15,15,[02:30-02:45[,2025-09-15 01:30,1160.576,11229.052,9.675,7524.922,6.484,,,,,1319.5,1.137,3404.228,2.933,-1019.597,-0.879
15/09/2025,2025-09-15,16,[02:45-03:00[,2025-09-15 01:45,1132.467,11813.449,10.432,7524.922,6.645,,,-52.178,-0.046,1319.5,1.165,3174.662,2.803,-153.458,-0.136
15/09/2025,2025-09-15,17,[03:00-03:15[,2025-09-15 02:00,1134.271,11629.475,10.253,7823.985,6.898,,,,,1319.5,1.163,3314.467,2.922,-828.477,-0.73
15/09/2025,2025-09-15,18,[03:15-03:30[,2025-09-15 02:15,1134.734,11689.093,10.301,7823.985,6.895,,,,,1319.5,1.163,3301.032,2.909,-755.424,-0.666
15/09/2025,2025-09-15,19,[03:30-03:45[,2025-09-15 02:30,1119.316,12495.639,11.164,7823.985,6.99,,,-159.266,-0.142,1319.5,1.179,3259.718,2.912,251.703,0.225
15/09/2025,2025-09-15,20,[03:45-04:00[,2025-09-15 02:45,1125.697,10932.284,9.712,7823.985,6.95,,,,,1319.5,1.172,3291.451,2.924,-1502.652,-1.335
15/09/2025,2025-09-15,21,[04:00-04:15[,2025-09-15 03:00,1125.326,9347.904,8.307,6785.109,6.029,,,,,1319.5,1.173,3249.146,2.887,-2005.851,-1.782
15/09/2025,2025-09-15,22,[04:15-04:30[,2025-09-15 03:15,1123.522,9113.192,8.111,6785.109,6.039,,,,,1319.5,1.174,3370.112,3,-2361.528,-2.102
15/09/2025,2025-09-15,23,[04:30-04:45[,2025-09-15 03:30,1131.081,9499.673,8.399,6785.109,5.999,,,,,1319.5,1.167,3341.201,2.954,-1946.136,-1.721
15/09/2025,2025-09-15,24,[04:45-05:00[,2025-09-15 03:45,1129.895,11165.965,9.882,6785.109,6.005,,,,,1319.5,1.168,3304.211,2.924,-242.854,-0.215
15/09/2025,2025-09-15,25,[05:00-05:15[,2025-09-15 04:00,1124.48,8274.405,7.358,5893.938,5.241,,,,,1319.5,1.173,2861.52,2.545,-1800.553,-1.601
15/09/2025,2025-09-15,26,[05:15-05:30[,2025-09-15 04:15,1146.996,9086.212,7.922,5893.938,5.139,,,,,1319.5,1.15,3365.102,2.934,-1492.328,-1.301
15/09/2025,2025-09-15,27,[05:30-05:45[,2025-09-15 04:30,1161.297,7830.197,6.743,5893.938,5.075,,,,,1319.5,1.136,3388.248,2.918,-2771.488,-2.387
15/09/2025,2025-09-15,28,[05:45-06:00[,2025-09-15 04:45,1170.831,10319.283,8.814,5893.938,5.034,,,,,1319.5,1.127,3348.917,2.86,-243.072,-0.208
15/09/2025,2025-09-15,29,[06:00-06:15[,2025-09-15 05:00,1224.535,5829.574,4.761,2818.558,2.302,,,,,2735.04,2.234,3201.624,2.615,-2925.648,-2.389
15/09/2025,2025-09-15,30,[06:15-06:30[,2025-09-15 05:15,1272.799,6303.02,4.952,2818.558,2.214,,,,,2642.688,2.076,3407.507,2.677,-2565.732,-2.016
15/09/2025,2025-09-15,31,[06:30-06:45[,2025-09-15 05:30,1303.162,5064.609,3.886,2818.558,2.163,,,,,3080,2.363,3405.586,2.613,-4239.534,-3.253
15/09/2025,2025-09-15,32,[06:45-07:00[,2025-09-15 05:45,1322.399,5284.007,3.996,2818.558,2.131,,,,,3080,2.329,3254.159,2.461,-3868.709,-2.926
15/09/2025,2025-09-15,33,[07:00-07:15[,2025-09-15 06:00,1380.694,4693.037,3.399,2445.93,1.772,,,,,4153.74,3.008,3335.928,2.416,-5242.561,-3.797
15/09/2025,2025-09-15,34,[07:15-07:30[,2025-09-15 06:15,1408.593,6138.8,4.358,2445.93,1.736,,,,,3959.64,2.811,3317.3,2.355,-3584.07,-2.544
15/09/2025,2025-09-15,35,[07:30-07:45[,2025-09-15 06:30,1446.08,2007.075,1.388,2445.93,1.691,,,,,3235,2.237,3134.183,2.167,-6808.038,-4.708
15/09/2025,2025-09-15,36,[07:45-08:00[,2025-09-15 06:45,1498.189,3052.081,2.037,2445.93,1.633,,,,,3396,2.267,3422.739,2.285,-6212.589,-4.147
15/09/2025,2025-09-15,37,[08:00-08:15[,2025-09-15 07:00,1546.012,17020.003,11.009,8857.791,5.729,,,,,3180,2.057,3450.826,2.232,1531.386,0.991
15/09/2025,2025-09-15,38,[08:15-08:30[,2025-09-15 07:15,1585.945,16320.526,10.291,8857.791,5.585,,,,,3180,2.005,3368.515,2.124,914.22,0.576
15/09/2025,2025-09-15,39,[08:30-08:45[,2025-09-15 07:30,1621.25,11548.724,7.123,8857.791,5.464,,,,,3180,1.961,3364.366,2.075,-3853.433,-2.377
15/09/2025,2025-09-15,40,[08:45-09:00[,2025-09-15 07:45,1627.502,13184.327,8.101,8857.791,5.443,,,,,3052,1.875,3189.943,1.96,-1915.407,-1.177
15/09/2025,2025-09-15,41,[09:00-09:15[,2025-09-15 08:00,1643.778,23885.27,14.531,16649.688,10.129,,,,,2491.64,1.516,3030.43,1.844,1713.512,1.042
15/09/2025,2025-09-15,42,[09:15-09:30[,2025-09-15 08:15,1655.596,25825.231,15.599,16649.688,10.057,,,,,4422.16,2.671,3226.744,1.949,1526.639,0.922
15/09/2025,2025-09-15,43,[09:30-09:45[,2025-09-15 08:30,1632.812,24410.491,14.95,16649.688,10.197,,,,,5025.064,3.078,3025.35,1.853,-289.611,-0.177
15/09/2025,2025-09-15,44,[09:45-10:00[,2025-09-15 08:45,1625.76,26401.891,16.24,16649.688,10.241,,,,,5038.5,3.099,2947.909,1.813,1765.794,1.086
15/09/2025,2025-09-15,45,[10:00-10:15[,2025-09-15 09:00,1613.222,32492.461,20.141,18530.01,11.486,,,,,4316.48,2.676,3171.544,1.966,6474.426,4.013
15/09/2025,2025-09-15,46,[10:15-10:30[,2025-09-15 09:15,1604.944,26959.573,16.798,18530.01,11.546,,,,,4316.48,2.689,2934.551,1.828,1178.532,0.734
15/09/2025,2025-09-15,47,[10:30-10:45[,2025-09-15 09:30,1606.684,31619.511,19.68,18530.01,11.533,,,,,4316.48,2.687,3155.759,1.964,5617.262,3.496
15/09/2025,2025-09-15,48,[10:45-11:00[,2025-09-15 09:45,1599.066,32010.802,20.018,18530.01,11.588,,,,,5527.144,3.456,2980.187,1.864,4973.461,3.11
15/09/2025,2025-09-15,49,[11:00-11:15[,2025-09-15 10:00,1603.081,35791.744,22.327,18515.448,11.55,,,,,5728.852,3.574,3058.839,1.908,8488.605,5.295
15/09/2025,2025-09-15,50,[11:15-11:30[,2025-09-15 10:15,1601.481,29439.036,18.382,18515.448,11.561,,,,,5795.312,3.619,3106.816,1.94,2021.46,1.262
15/09/2025,2025-09-15,51,[11:30-11:45[,2025-09-15 10:30,1596.793,29429.007,18.43,18515.448,11.595,,,,,6180.78,3.871,2776.644,1.739,1956.135,1.225
15/09/2025,2025-09-15,52,[11:45-12:00[,2025-09-15 10:45,1598.826,30578.131,19.125,18515.448,11.581,,,,,6227.302,3.895,3079.177,1.926,2756.204,1.724
15/09/2025,2025-09-15,53,[12:00-12:15[,2025-09-15 11:00,1586.063,28162.097,17.756,19075.305,12.027,,,,,1339.64,0.845,3047.713,1.922,4699.439,2.963
15/09/2025,2025-09-15,54,[12:15-12:30[,2025-09-15 11:15,1569.78,28714.708,18.292,19075.305,12.152,,,,,1339.64,0.853,2878.895,1.834,5420.868,3.453
15/09/2025,2025-09-15,55,[12:30-12:45[,2025-09-15 11:30,1546.999,27124.718,17.534,19075.305,12.331,,,,,1339.64,0.866,3186.867,2.06,3522.906,2.277
15/09/2025,2025-09-15,56,[12:45-13:00[,2025-09-15 11:45,1537.985,27502.076,17.882,19075.305,12.403,,,,,1339.64,0.871,3078.104,2.001,4009.027,2.607
15/09/2025,2025-09-15,57,[13:00-13:15[,2025-09-15 12:00,1544.685,29979.675,19.408,19362.167,12.535,,,,,6328.158,4.097,3075.938,1.991,1213.412,0.786
15/09/2025,2025-09-15,58,[13:15-13:30[,2025-09-15 12:15,1532.987,30003.099,19.572,19362.167,12.63,,,,,6328.158,4.128,3065.827,2,1246.948,0.813
15/09/2025,2025-09-15,59,[13:30-13:45[,2025-09-15 12:30,1524.124,29215.027,19.168,19362.167,12.704,,,,,6328.158,4.152,2345.79,1.539,1178.912,0.774
15/09/2025,2025-09-15,60,[13:45-14:00[,2025-09-15 12:45,1549.778,29436.044,18.994,19362.167,12.494,,,,,6328.158,4.083,3059.704,1.974,686.016,0.443
15/09/2025,2025-09-15,61,[14:00-14:15[,2025-09-15 13:00,1554.771,29416.766,18.92,19215.976,12.359,,,,,6328.158,4.07,3170.674,2.039,701.959,0.451
15/09/2025,2025-09-15,62,[14:15-14:30[,2025-09-15 13:15,1567.117,30833.999,19.676,19215.976,12.262,,,,,6309.78,4.026,2967.07,1.893,2341.173,1.494
15/09/2025,2025-09-15,63,[14:30-14:45[,2025-09-15 13:30,1583.891,29239.488,18.461,19215.976,12.132,,,,,6242.394,3.941,3162.075,1.996,619.043,0.391
15/09/2025,2025-09-15,64,[14:45-15:00[,2025-09-15 13:45,1574.04,28200.773,17.916,19215.976,12.208,,,,,6217.89,3.95,3117.632,1.981,-350.725,-0.223
15/09/2025,2025-09-15,65,[15:00-15:15[,2025-09-15 14:00,1580.936,25839.493,16.344,19009.18,12.024,,,,,4316.42,2.73,3018.891,1.91,-504.997,-0.319
15/09/2025,2025-09-15,66,[15:15-15:30[,2025-09-15 14:15,1578.658,29518.632,18.699,19009.18,12.041,,,,,4316.42,2.734,3061.109,1.939,3131.923,1.984
15/09/2025,2025-09-15,67,[15:30-15:45[,2025-09-15 14:30,1573.517,28504.209,18.115,19009.18,12.081,,,,,4316.42,2.743,3006.061,1.91,2172.549,1.381
15/09/2025,2025-09-15,68,[15:45-16:00[,2025-09-15 14:45,1586.091,28134.361,17.738,19009.18,11.985,,,,,4316.42,2.721,3105.947,1.958,1702.815,1.074
15/09/2025,2025-09-15,69,[16:00-16:15[,2025-09-15 15:00,1589.867,28196.88,17.735,17743.363,11.16,,,,,7588.434,4.773,3195.326,2.01,-330.242,-0.208
15/09/2025,2025-09-15,70,[16:15-16:30[,2025-09-15 15:15,1589.018,25595.26,16.108,17743.363,11.166,,,,,7029,4.423,2711.443,1.706,-1888.546,-1.188
15/09/2025,2025-09-15,71,[16:30-16:45[,2025-09-15 15:30,1621.585,24470.647,15.091,17743.363,10.942,,,,,6171,3.806,3198.196,1.972,-2641.912,-1.629
15/09/2025,2025-09-15,72,[16:45-17:00[,2025-09-15 15:45,1614.59,22856.599,14.156,17743.363,10.989,,,,,5365.8,3.323,2980.461,1.846,-3233.024,-2.002
15/09/2025,2025-09-15,73,[17:00-17:15[,2025-09-15 16:00,1584.841,22382.271,14.123,16233.54,10.243,,,,,7388.16,4.662,1418.107,0.895,-2657.535,-1.677
15/09/2025,2025-09-15,74,[17:15-17:30[,2025-09-15 16:15,1591.01,23050.554,14.488,16233.54,10.203,,,,,7388.16,4.644,1334.951,0.839,-1906.096,-1.198
15/09/2025,2025-09-15,75,[17:30-17:45[,2025-09-15 16:30,1599.083,23003.572,14.385,16233.54,10.152,,,,,7388.16,4.62,1338.689,0.837,-1956.816,-1.224
15/09/2025,2025-09-15,76,[17:45-18:00[,2025-09-15 16:45,1616.956,22413.445,13.862,16233.54,10.04,,,,,7388.16,4.569,1341.118,0.829,-2549.372,-1.577
15/09/2025,2025-09-15,77,[18:00-18:15[,2025-09-15 17:00,1621.504,11971.313,7.383,7183.082,4.43,,,,,2720.064,1.677,1353.491,0.835,714.676,0.441
15/09/2025,2025-09-15,78,[18:15-18:30[,2025-09-15 17:15,1646.918,10950.77,6.649,7183.082,4.362,,,,,2708.16,1.644,1445.788,0.878,-386.261,-0.235
15/09/2025,2025-09-15,79,[18:30-18:45[,2025-09-15 17:30,1679.602,18216.774,10.846,7183.082,4.277,,,,,2708.16,1.612,1385.318,0.825,6940.214,4.132
15/09/2025,2025-09-15,80,[18:45-19:00[,2025-09-15 17:45,1714.335,8318.263,4.852,7183.082,4.19,,,,,2708.16,1.58,1387.818,0.81,-2960.797,-1.727
15/09/2025,2025-09-15,81,[19:00-19:15[,2025-09-15 18:00,1747.853,1848.453,1.058,2941.326,1.683,,,,,1831.466,1.048,1499.387,0.858,-4423.726,-2.531
15/09/2025,2025-09-15,82,[19:15-19:30[,2025-09-15 18:15,1777.514,6143.757,3.456,2941.326,1.655,,,,,2353.988,1.324,1444.871,0.813,-596.427,-0.336
15/09/2025,2025-09-15,83,[19:30-19:45[,2025-09-15 18:30,1809.442,6106.299,3.375,2941.326,1.626,,,,,2485.938,1.374,1458.55,0.806,-779.516,-0.431
15/09/2025,2025-09-15,84,[19:45-20:00[,2025-09-15 18:45,1851.204,1146.527,0.619,2941.326,1.589,,,,,2522.884,1.363,1528.925,0.826,-5846.608,-3.158
15/09/2025,2025-09-15,85,[20:00-20:15[,2025-09-15 19:00,1877.073,5.365,0.003,3010.275,1.604,,,,,2930,1.561,1473.784,0.785,-7408.694,-3.947
15/09/2025,2025-09-15,86,[20:15-20:30[,2025-09-15 19:15,1861.868,4113.117,2.209,3010.275,1.617,,,,,2930,1.574,1539.76,0.827,-3366.918,-1.808
15/09/2025,2025-09-15,87,[20:30-20:45[,2025-09-15 19:30,1836.602,6908.829,3.762,3010.275,1.639,,,,,2930,1.595,1297.23,0.706,-328.676,-0.179
15/09/2025,2025-09-15,88,[20:45-21:00[,2025-09-15 19:45,1808.469,3227.816,1.785,3010.275,1.665,,,,,2930,1.62,1355.22,0.749,-4067.679,-2.249
15/09/2025,2025-09-15,89,[21:00-21:15[,2025-09-15 20:00,1776.356,9897.466,5.572,5717.585,3.219,,,,,1569.5,0.884,1365.851,0.769,1244.53,0.701
15/09/2025,2025-09-15,90,[21:15-21:30[,2025-09-15 20:15,1744.103,7399.572,4.243,5717.585,3.278,,,,,1569.5,0.9,1369.615,0.785,-1257.128,-0.721
15/09/2025,2025-09-15,91,[21:30-21:45[,2025-09-15 20:30,1709.577,8516.461,4.982,5717.585,3.344,,,,,1569.5,0.918,1516.626,0.887,-287.25,-0.168
15/09/2025,2025-09-15,92,[21:45-22:00[,2025-09-15 20:45,1671.632,6627.033,3.964,5717.585,3.42,,,,,1569.5,0.939,1491.43,0.892,-2151.482,-1.287
15/09/2025,2025-09-15,93,[22:00-22:15[,2025-09-15 21:00,1639.702,12300.341,7.502,9732.883,5.936,,,,,1980,1.208,1508.38,0.92,-920.922,-0.562
15/09/2025,2025-09-15,94,[22:15-22:30[,2025-09-15 21:15,1606.9,15170.559,9.441,9732.883,6.057,,,,,1980,1.232,1514.365,0.942,1943.311,1.209
15/09/2025,2025-09-15,95,[22:30-22:45[,2025-09-15 21:30,1572.845,13075.559,8.313,9732.883,6.188,,,,,1980,1.259,1496.064,0.951,-133.387,-0.085
15/09/2025,2025-09-15,96,[22:45-23:00[,2025-09-15 21:45,1537.61,13201.011,8.585,9732.883,6.33,,,,,1980,1.288,1455.806,0.947,32.322,0.021
16/09/2025,2025-09-16,1,[23:00-23:15[,2025-09-15 22:00,1515.811,11502.421,7.588,9772.347,6.447,,,,,1794,1.184,2020.26,1.333,-2084.186,-1.375
16/09/2025,2025-09-16,2,[23:15-23:30[,2025-09-15 22:15,1476.447,11298.098,7.652,9772.347,6.619,,,,,1794,1.215,2302.111,1.559,-2570.359,-1.741
16/09/2025,2025-09-16,3,[23:30-23:45[,2025-09-15 22:30,1449.271,11431.368,7.888,9772.347,6.743,,,,,1794,1.238,2311.773,1.595,-2446.752,-1.688
16/09/2025,2025-09-16,4,[23:45-00:00[,2025-09-15 22:45,1414.344,12985.023,9.181,9772.347,6.909,,,,,1794,1.268,2181.394,1.542,-762.718,-0.539
16/09/2025,2025-09-16,5,[00:00-00:15[,2025-09-15 23:00,1408.466,14016.222,9.951,10063.671,7.145,,,,,1977.96,1.404,3180.466,2.258,-1205.874,-0.856
16/09/2025,2025-09-16,6,[00:15-00:30[,2025-09-15 23:15,1389.233,12983.002,9.345,10063.671,7.244,,,,,1977.96,1.424,3098.632,2.23,-2157.26,-1.553
16/09/2025,2025-09-16,7,[00:30-00:45[,2025-09-15 23:30,1370.421,12707.079,9.272,10063.671,7.343,,,,,1977.96,1.443,3046.941,2.223,-2381.493,-1.738
16/09/2025,2025-09-16,8,[00:45-01:00[,2025-09-15 23:45,1347.013,13183.983,9.788,10063.671,7.471,,,,,1977.96,1.468,3076.76,2.284,-1934.407,-1.436
16/09/2025,2025-09-16,9,[01:00-01:15[,2025-09-16 00:00,1335.068,17099.423,12.808,11221.491,8.405,,,,,2692.32,2.017,3139.028,2.351,46.583,0.035
16/09/2025,2025-09-16,10,[01:15-01:30[,2025-09-16 00:15,1329.025,16698.976,12.565,11221.491,8.443,,,,,2692.32,2.026,3165.417,2.382,-380.252,-0.286
16/09/2025,2025-09-16,11,[01:30-01:45[,2025-09-16 00:30,1296.739,16684.866,12.867,11221.491,8.654,,,,,2692.32,2.076,3110.335,2.399,-339.28,-0.262
16/09/2025,2025-09-16,12,[01:45-02:00[,2025-09-16 00:45,1281.66,16360.877,12.765,11221.491,8.755,,,,,2692.32,2.101,3034.463,2.368,-587.397,-0.458
16/09/2025,2025-09-16,13,[02:00-02:15[,2025-09-16 01:00,1288.743,17564.91,13.629,10871.297,8.436,,,,,2388.16,1.853,3185.39,2.472,1120.063,0.869
16/09/2025,2025-09-16,14,[02:15-02:30[,2025-09-16 01:15,1261.428,16113.076,12.774,10871.297,8.618,,,,,2388.16,1.893,3176.867,2.518,-323.248,-0.256
16/09/2025,2025-09-16,15,[02:30-02:45[,2025-09-16 01:30,1259.749,16309.399,12.947,10871.297,8.63,,,,,2388.16,1.896,3152.721,2.503,-102.779,-0.082
16/09/2025,2025-09-16,16,[02:45-03:00[,2025-09-16 01:45,1260.077,16656.622,13.219,10871.297,8.627,,,,,2388.16,1.895,3185.708,2.528,211.457,0.168
16/09/2025,2025-09-16,17,[03:00-03:15[,2025-09-16 02:00,1237.725,15584.339,12.591,9776.387,7.899,,,,,1753.88,1.417,3137.884,2.535,916.188,0.74
16/09/2025,2025-09-16,18,[03:15-03:30[,2025-09-16 02:15,1247.04,16037.051,12.86,9776.387,7.84,,,,,1753.88,1.406,3185.453,2.554,1321.331,1.06
16/09/2025,2025-09-16,19,[03:30-03:45[,2025-09-16 02:30,1246.404,13115.383,10.523,9776.387,7.844,,,,,1753.88,1.407,3147.307,2.525,-1562.19,-1.253
16/09/2025,2025-09-16,20,[03:45-04:00[,2025-09-16 02:45,1220.646,16163.312,13.242,9776.387,8.009,,,,,1753.88,1.437,3036.382,2.488,1596.663,1.308
16/09/2025,2025-09-16,21,[04:00-04:15[,2025-09-16 03:00,1225.382,13134.949,10.719,8534.396,6.965,,,,,1444.5,1.179,3185.58,2.6,-29.526,-0.024
16/09/2025,2025-09-16,22,[04:15-04:30[,2025-09-16 03:15,1227.286,12392.615,10.098,8534.396,6.954,,,,,1444.5,1.177,3142.741,2.561,-729.022,-0.594
16/09/2025,2025-09-16,23,[04:30-04:45[,2025-09-16 03:30,1216.984,13485.617,11.081,8534.396,7.013,,,,,1444.5,1.187,3179.604,2.613,327.118,0.269
16/09/2025,2025-09-16,24,[04:45-05:00[,2025-09-16 03:45,1223.149,12483.644,10.206,8534.396,6.977,,,,,1444.5,1.181,3153.119,2.578,-648.371,-0.53
16/09/2025,2025-09-16,25,[05:00-05:15[,2025-09-16 04:00,1236.004,9073.519,7.341,6476.834,5.24,,,,,2153.88,1.743,3108.778,2.515,-2665.973,-2.157
16/09/2025,2025-09-16,26,[05:15-05:30[,2025-09-16 04:15,1240.768,9909.715,7.987,6476.834,5.22,,,,,2153.88,1.736,3184.475,2.567,-1905.474,-1.536
16/09/2025,2025-09-16,27,[05:30-05:45[,2025-09-16 04:30,1253.389,10904.982,8.7,6476.834,5.167,,,,,2153.88,1.718,3185.237,2.541,-910.969,-0.727
16/09/2025,2025-09-16,28,[05:45-06:00[,2025-09-16 04:45,1256.793,11617.332,9.244,6476.834,5.153,,,,,2153.88,1.714,3101.24,2.468,-114.622,-0.091
16/09/2025,2025-09-16,29,[06:00-06:15[,2025-09-16 05:00,1314.483,9670.632,7.357,3810.346,2.899,,,,,3720,2.83,3161.79,2.405,-1021.504,-0.777
16/09/2025,2025-09-16,30,[06:15-06:30[,2025-09-16 05:15,1345.139,8479.007,6.303,3810.346,2.833,,,,,3720,2.766,3131.306,2.328,-2182.644,-1.623
16/09/2025,2025-09-16,31,[06:30-06:45[,2025-09-16 05:30,1374.727,7852.61,5.712,3810.346,2.772,,,,,3720,2.706,3184.117,2.316,-2861.853,-2.082
16/09/2025,2025-09-16,32,[06:45-07:00[,2025-09-16 05:45,1405.061,8521.445,6.065,3810.346,2.712,,,,,3778.8,2.689,3182.188,2.265,-2249.889,-1.601
16/09/2025,2025-09-16,33,[07:00-07:15[,2025-09-16 06:00,1455.77,8650.764,5.942,3705.19,2.545,,,,,3994.8,2.744,3172.829,2.179,-2222.056,-1.526
16/09/2025,2025-09-16,34,[07:15-07:30[,2025-09-16 06:15,1475.763,8291.254,5.618,3705.19,2.511,,,,,3924,2.659,3027.122,2.051,-2365.059,-1.603
16/09/2025,2025-09-16,35,[07:30-07:45[,2025-09-16 06:30,1504.896,10369.848,6.891,3705.19,2.462,,,,,3924,2.607,2746.288,1.825,-5.629,-0.004
16/09/2025,2025-09-16,36,[07:45-08:00[,2025-09-16 06:45,1562.542,10778.077,6.898,3705.19,2.371,,,,,3924,2.511,3230.475,2.067,-81.589,-0.052
16/09/2025,2025-09-16,37,[08:00-08:15[,2025-09-16 07:00,1610.194,9264.728,5.754,7300.993,4.534,,,,,3502.62,2.175,3133.454,1.946,-4672.338,-2.902
16/09/2025,2025-09-16,38,[08:15-08:30[,2025-09-16 07:15,1617.474,13901.844,8.595,7300.993,4.514,,,,,3502.62,2.165,2967.001,1.834,131.23,0.081
16/09/2025,2025-09-16,39,[08:30-08:45[,2025-09-16 07:30,1632.294,12676.759,7.766,7300.993,4.473,,,,,3502.62,2.146,2487.338,1.524,-614.192,-0.376
16/09/2025,2025-09-16,40,[08:45-09:00[,2025-09-16 07:45,1638.058,9022.066,5.508,7300.993,4.457,,,,,3502.62,2.138,2908.921,1.776,-4690.467,-2.863
16/09/2025,2025-09-16,41,[09:00-09:15[,2025-09-16 08:00,1652.179,26580.499,16.088,16130.475,9.763,,,,,4306.86,2.607,2735.885,1.656,3407.279,2.062
16/09/2025,2025-09-16,42,[09:15-09:30[,2025-09-16 08:15,1643.017,23687.87,14.417,16130.475,9.818,,,,,4306.86,2.621,2669.292,1.625,581.243,0.354
16/09/2025,2025-09-16,43,[09:30-09:45[,2025-09-16 08:30,1626.033,25681.535,15.794,16130.475,9.92,,,,,4576.034,2.814,2438.92,1.5,2536.105,1.56
16/09/2025,2025-09-16,44,[09:45-10:00[,2025-09-16 08:45,1626.123,26733.584,16.44,16130.475,9.92,,,,,5666.408,3.485,3037.595,1.868,1899.106,1.168
16/09/2025,2025-09-16,45,[10:00-10:15[,2025-09-16 09:00,1620.292,22621.503,13.961,18405.905,11.36,,,,,3472.74,2.143,3309.344,2.042,-2566.486,-1.584
16/09/2025,2025-09-16,46,[10:15-10:30[,2025-09-16 09:15,1612.979,26726.51,16.57,18405.905,11.411,,,,,5105.582,3.165,2971,1.842,244.023,0.151
16/09/2025,2025-09-16,47,[10:30-10:45[,2025-09-16 09:30,1609.636,27480.616,17.073,18405.905,11.435,,,,,5413.07,3.363,3115.963,1.936,545.678,0.339
16/09/2025,2025-09-16,48,[10:45-11:00[,2025-09-16 09:45,1609.776,27540.13,17.108,18405.905,11.434,,,,,5560.408,3.454,3226.425,2.004,347.392,0.216
16/09/2025,2025-09-16,49,[11:00-11:15[,2025-09-16 10:00,1616.31,30584.226,18.922,19290.605,11.935,,,,,3213.72,1.988,2817.16,1.743,5262.741,3.256
16/09/2025,2025-09-16,50,[11:15-11:30[,2025-09-16 10:15,1614.802,25714.414,15.924,19290.605,11.946,,,,,3213.72,1.99,3191.746,1.977,18.343,0.011
16/09/2025,2025-09-16,51,[11:30-11:45[,2025-09-16 10:30,1617.952,26238.094,16.217,19290.605,11.923,,,,,3213.72,1.986,3197.009,1.976,536.76,0.332
16/09/2025,2025-09-16,52,[11:45-12:00[,2025-09-16 10:45,1619.724,25555.135,15.777,19290.605,11.91,,,,,3213.72,1.984,3121.727,1.927,-70.918,-0.044
16/09/2025,2025-09-16,53,[12:00-12:15[,2025-09-16 11:00,1598.016,27035.192,16.918,19315.212,12.087,,,,,2869.96,1.796,2915.011,1.824,1935.009,1.211
16/09/2025,2025-09-16,54,[12:15-12:30[,2025-09-16 11:15,1591.605,28655.101,18.004,19315.212,12.136,,,,,2869.96,1.803,3075.558,1.932,3394.372,2.133
16/09/2025,2025-09-16,55,[12:30-12:45[,2025-09-16 11:30,1582.34,27758.731,17.543,19315.212,12.207,,,,,2869.96,1.814,3227.979,2.04,2345.58,1.482
16/09/2025,2025-09-16,56,[12:45-13:00[,2025-09-16 11:45,1558.98,27599.008,17.703,19315.212,12.39,,,,,2869.96,1.841,3076.642,1.973,2337.195,1.499
16/09/2025,2025-09-16,57,[13:00-13:15[,2025-09-16 12:00,1555.188,31754.725,20.419,19805.461,12.735,,,,,2268,1.458,2914.864,1.874,6766.399,4.351
16/09/2025,2025-09-16,58,[13:15-13:30[,2025-09-16 12:15,1569.478,30520.934,19.447,19805.461,12.619,,,,,2268,1.445,3297.859,2.101,5149.614,3.281
16/09/2025,2025-09-16,59,[13:30-13:45[,2025-09-16 12:30,1575.102,29417.656,18.677,19805.461,12.574,,,,,2268,1.44,3314.208,2.104,4029.987,2.559
16/09/2025,2025-09-16,60,[13:45-14:00[,2025-09-16 12:45,1578.458,31656.613,20.055,19805.461,12.547,,,,,2268,1.437,3303.685,2.093,6279.466,3.978
16/09/2025,2025-09-16,61,[14:00-14:15[,2025-09-16 13:00,1598.918,26603.775,16.639,19801.191,12.384,,,,,2211.08,1.383,3238.296,2.025,1353.208,0.846
16/09/2025,2025-09-16,62,[14:15-14:30[,2025-09-16 13:15,1611.129,27037.382,16.782,19801.191,12.29,,,,,2211.08,1.372,3195.301,1.983,1829.811,1.136
16/09/2025,2025-09-16,63,[14:30-14:45[,2025-09-16 13:30,1622.45,27417.721,16.899,19801.191,12.204,,,,,1369.188,0.844,3287.89,2.026,2959.453,1.824
16/09/2025,2025-09-16,64,[14:45-15:00[,2025-09-16 13:45,1622.425,29406.721,18.125,19801.191,12.205,,,,,1369.188,0.844,3262.753,2.011,4973.59,3.066
16/09/2025,2025-09-16,65,[15:00-15:15[,2025-09-16 14:00,1625.16,29493.355,18.148,19299.096,11.875,,,,,3178.32,1.956,3266.246,2.01,3749.693,2.307
16/09/2025,2025-09-16,66,[15:15-15:30[,2025-09-16 14:15,1630.735,25613.828,15.707,19299.096,11.835,,,,,3178.32,1.949,3359.447,2.06,-223.035,-0.137
16/09/2025,2025-09-16,67,[15:30-15:45[,2025-09-16 14:30,1628.615,25457.317,15.631,19299.096,11.85,,,,,3178.32,1.952,3326.928,2.043,-347.027,-0.213
16/09/2025,2025-09-16,68,[15:45-16:00[,2025-09-16 14:45,1640.907,26174.119,15.951,19299.096,11.761,,,,,3178.32,1.937,3250.494,1.981,446.208,0.272
16/09/2025,2025-09-16,69,[16:00-16:15[,2025-09-16 15:00,1648.48,25682.121,15.579,16453.292,9.981,,,,,6000.104,3.64,3339.791,2.026,-111.066,-0.067
16/09/2025,2025-09-16,70,[16:15-16:30[,2025-09-16 15:15,1646.295,24844.22,15.091,16453.292,9.994,,,,,6000.104,3.645,3051.249,1.853,-660.425,-0.401
16/09/2025,2025-09-16,71,[16:30-16:45[,2025-09-16 15:30,1666.772,24342.494,14.605,16453.292,9.871,,,,,5168,3.101,3394.555,2.037,-673.354,-0.404
16/09/2025,2025-09-16,72,[16:45-17:00[,2025-09-16 15:45,1682.843,21581.136,12.824,16453.292,9.777,,,,,4678.4,2.78,3360.689,1.997,-2911.245,-1.73
16/09/2025,2025-09-16,73,[17:00-17:15[,2025-09-16 16:00,1662.845,22161.005,13.327,12199.631,7.337,,,,,4971.692,2.99,3363.746,2.023,1625.936,0.978
16/09/2025,2025-09-16,74,[17:15-17:30[,2025-09-16 16:15,1669.612,20932.393,12.537,12199.631,7.307,,,,,4299.54,2.575,3389.74,2.03,1043.481,0.625
16/09/2025,2025-09-16,75,[17:30-17:45[,2025-09-16 16:30,1678.834,20731.393,12.349,12199.631,7.267,,,,,4299.54,2.561,3427.813,2.042,804.408,0.479
16/09/2025,2025-09-16,76,[17:45-18:00[,2025-09-16 16:45,1684.946,23317.823,13.839,12199.631,7.24,,,,,4299.54,2.552,3324.83,1.973,3493.822,2.074
16/09/2025,2025-09-16,77,[18:00-18:15[,2025-09-16 17:00,1711.107,-8771.65,-5.126,3862.541,2.257,,,,,2990.52,1.748,3380.181,1.975,-19004.892,-11.107
16/09/2025,2025-09-16,78,[18:15-18:30[,2025-09-16 17:15,1729.606,5403.808,3.124,3862.541,2.233,,,,,2990.52,1.729,3308.548,1.913,-4757.801,-2.751
16/09/2025,2025-09-16,79,[18:30-18:45[,2025-09-16 17:30,1755.498,6667.735,3.798,3862.541,2.2,,,,,3125.988,1.781,3370.374,1.92,-3691.168,-2.103
16/09/2025,2025-09-16,80,[18:45-19:00[,2025-09-16 17:45,1800.564,5046.369,2.803,3862.541,2.145,,,,,3015.386,1.675,3445.986,1.914,-5277.543,-2.931
16/09/2025,2025-09-16,81,[19:00-19:15[,2025-09-16 18:00,1810.884,16710.741,9.228,1424.725,0.787,25002.359,13.807,,,4051.32,2.237,2474.264,1.366,-16241.926,-8.969
16/09/2025,2025-09-16,82,[19:15-19:30[,2025-09-16 18:15,1818.882,17972.83,9.881,1424.725,0.783,25002.359,13.746,,,4051.32,2.227,1610.688,0.886,-14116.262,-7.761
16/09/2025,2025-09-16,83,[19:30-19:45[,2025-09-16 18:30,1846.534,17820.312,9.651,1424.725,0.772,25002.359,13.54,,,4244.24,2.298,1642.214,0.889,-14493.225,-7.849
16/09/2025,2025-09-16,84,[19:45-20:00[,2025-09-16 18:45,1887.872,17798.103,9.428,1424.725,0.755,25002.359,13.244,,,4244.24,2.248,1655.277,0.877,-14528.498,-7.696
16/09/2025,2025-09-16,85,[20:00-20:15[,2025-09-16 19:00,1905.218,8150.667,4.278,656.7,0.345,25002.359,13.123,,,8790,4.614,1544.708,0.811,-27843.1,-14.614
16/09/2025,2025-09-16,86,[20:15-20:30[,2025-09-16 19:15,1884.861,22062.379,11.705,656.7,0.348,25002.359,13.265,,,8790,4.663,1505.221,0.799,-13891.9,-7.37
16/09/2025,2025-09-16,87,[20:30-20:45[,2025-09-16 19:30,1858.121,20321.797,10.937,656.7,0.353,25002.359,13.456,,,8790,4.731,1524.116,0.82,-15651.378,-8.423
16/09/2025,2025-09-16,88,[20:45-21:00[,2025-09-16 19:45,1830.024,21451.132,11.722,656.7,0.359,25002.359,13.662,,,8790,4.803,1477.133,0.807,-14475.06,-7.91
16/09/2025,2025-09-16,89,[21:00-21:15[,2025-09-16 20:00,1798.347,21977.324,12.221,3783.403,2.104,25002.359,13.903,,,2230.8,1.24,1485.49,0.826,-10524.727,-5.852
16/09/2025,2025-09-16,90,[21:15-21:30[,2025-09-16 20:15,1766.354,21165.656,11.983,3783.403,2.142,25002.359,14.155,,,2230.8,1.263,1510.825,0.855,-11361.73,-6.432
16/09/2025,2025-09-16,91,[21:30-21:45[,2025-09-16 20:30,1725.709,23508.395,13.622,3783.403,2.192,25002.359,14.488,,,2230.8,1.293,1490.027,0.863,-8998.194,-5.214
16/09/2025,2025-09-16,92,[21:45-22:00[,2025-09-16 20:45,1684.706,21401.063,12.703,3783.403,2.246,25002.359,14.841,,,2230.8,1.324,1501.861,0.891,-11117.359,-6.599
16/09/2025,2025-09-16,93,[22:00-22:15[,2025-09-16 21:00,1671.518,26414.5,15.803,6117.33,3.66,25002.359,14.958,,,1906.56,1.141,2479.373,1.483,-9091.121,-5.439
16/09/2025,2025-09-16,94,[22:15-22:30[,2025-09-16 21:15,1637.404,26198.757,16,6117.33,3.736,25002.359,15.27,,,1906.56,1.164,2318.177,1.416,-9145.668,-5.585
16/09/2025,2025-09-16,95,[22:30-22:45[,2025-09-16 21:30,1614.372,25421.834,15.747,6117.33,3.789,25002.359,15.487,,,1906.56,1.181,2327.236,1.442,-9931.649,-6.152
16/09/2025,2025-09-16,96,[22:45-23:00[,2025-09-16 21:45,1563.166,32297.91,20.662,6117.33,3.913,25002.359,15.995,,,1906.56,1.22,2245.853,1.437,-2974.191,-1.903
17/09/2025,2025-09-17,1,[23:00-23:15[,2025-09-16 22:00,1544.702,15348.619,9.936,3565.525,2.308,13831.906,8.954,,,2878.304,1.863,3212.865,2.08,-8139.981,-5.27
17/09/2025,2025-09-17,2,[23:15-23:30[,2025-09-16 22:15,1523.393,15238.905,10.003,3565.525,2.341,8448.064,5.546,,,2546.192,1.671,3394.981,2.229,-2715.857,-1.783
17/09/2025,2025-09-17,3,[23:30-23:45[,2025-09-16 22:30,1481.26,7264.716,4.904,3565.525,2.407,,,,,2442,1.649,3433.577,2.318,-2176.386,-1.469
17/09/2025,2025-09-17,4,[23:45-00:00[,2025-09-16 22:45,1447.599,9163.123,6.33,3565.525,2.463,,,,,2442,1.687,3415.755,2.36,-260.157,-0.18
17/09/2025,2025-09-17,5,[00:00-00:15[,2025-09-16 23:00,1434.676,10426.21,7.267,6316.2,4.403,,,,,1848,1.288,3463.131,2.414,-1201.121,-0.837
17/09/2025,2025-09-17,6,[00:15-00:30[,2025-09-16 23:15,1393.455,11293.27,8.105,6316.2,4.533,,,,,1848,1.326,3345.42,2.401,-216.35,-0.155
17/09/2025,2025-09-17,7,[00:30-00:45[,2025-09-16 23:30,1374.099,13111.548,9.542,6316.2,4.597,,,,,1848,1.345,3298.032,2.4,1649.315,1.2
17/09/2025,2025-09-17,8,[00:45-01:00[,2025-09-16 23:45,1351.914,10490.376,7.76,6316.2,4.672,,,,,1848,1.367,3290.64,2.434,-964.464,-0.713
17/09/2025,2025-09-17,9,[01:00-01:15[,2025-09-17 00:00,1331.204,9160.861,6.882,7521.425,5.65,,,,,1680,1.262,3289.855,2.471,-3330.419,-2.502
17/09/2025,2025-09-17,10,[01:15-01:30[,2025-09-17 00:15,1322.696,12934.086,9.779,7521.425,5.686,,,,,1680,1.27,3398.626,2.569,334.036,0.253
17/09/2025,2025-09-17,11,[01:30-01:45[,2025-09-17 00:30,1302.029,11950.684,9.179,7521.425,5.777,,,,,1680,1.29,3404.782,2.615,-655.523,-0.503
17/09/2025,2025-09-17,12,[01:45-02:00[,2025-09-17 00:45,1285.891,13241.23,10.297,7521.425,5.849,,,,,1680,1.306,3386.24,2.633,653.565,0.508
17/09/2025,2025-09-17,13,[02:00-02:15[,2025-09-17 01:00,1284.881,12125.759,9.437,8770.641,6.826,,,,,1319.5,1.027,3476.411,2.706,-1440.792,-1.121
17/09/2025,2025-09-17,14,[02:15-02:30[,2025-09-17 01:15,1259.349,12508.089,9.932,8770.641,6.964,,,,,1319.5,1.048,3460.444,2.748,-1042.496,-0.828
17/09/2025,2025-09-17,15,[02:30-02:45[,2025-09-17 01:30,1259.662,12565.797,9.976,8770.641,6.963,,,,,1319.5,1.048,3463.072,2.749,-987.415,-0.784
17/09/2025,2025-09-17,16,[02:45-03:00[,2025-09-17 01:45,1258.017,11517.601,9.155,8770.641,6.972,,,,,1319.5,1.049,3378.25,2.685,-1950.789,-1.551
17/09/2025,2025-09-17,17,[03:00-03:15[,2025-09-17 02:00,1229.652,14090.288,11.459,10048,8.171,,,,,1319.5,1.073,2809.021,2.284,-86.233,-0.07
17/09/2025,2025-09-17,18,[03:15-03:30[,2025-09-17 02:15,1241.031,15479.502,12.473,10048,8.096,,,,,1319.5,1.063,3454.616,2.784,657.385,0.53
17/09/2025,2025-09-17,19,[03:30-03:45[,2025-09-17 02:30,1236.005,13428.747,10.865,10048,8.129,,,,,1319.5,1.068,3456.447,2.796,-1395.199,-1.129
17/09/2025,2025-09-17,20,[03:45-04:00[,2025-09-17 02:45,1227.536,15761.247,12.84,10048,8.186,,,,,1319.5,1.075,3422.978,2.788,970.769,0.791
17/09/2025,2025-09-17,21,[04:00-04:15[,2025-09-17 03:00,1230.22,11821.268,9.609,7555.175,6.141,,,,,1680,1.366,3475.804,2.825,-889.711,-0.723
17/09/2025,2025-09-17,22,[04:15-04:30[,2025-09-17 03:15,1216.567,12462.388,10.244,7555.175,6.21,,,,,1680,1.381,3283.193,2.699,-55.98,-0.046
17/09/2025,2025-09-17,23,[04:30-04:45[,2025-09-17 03:30,1221.755,12185.518,9.974,7555.175,6.184,,,,,1680,1.375,3475.15,2.844,-524.807,-0.43
17/09/2025,2025-09-17,24,[04:45-05:00[,2025-09-17 03:45,1222.358,12441.208,10.178,7555.175,6.181,,,,,1680,1.374,3430.67,2.807,-224.637,-0.184
17/09/2025,2025-09-17,25,[05:00-05:15[,2025-09-17 04:00,1231.85,4499.68,3.653,6316.2,5.127,,,,,1680,1.364,3367.449,2.734,-6863.969,-5.572
17/09/2025,2025-09-17,26,[05:15-05:30[,2025-09-17 04:15,1229.417,10676.875,8.685,6316.2,5.138,,,,,1680,1.367,3395.828,2.762,-715.154,-0.582
17/09/2025,2025-09-17,27,[05:30-05:45[,2025-09-17 04:30,1225.665,11186.568,9.127,6316.2,5.153,,,,,1680,1.371,2872.295,2.343,318.074,0.26
17/09/2025,2025-09-17,28,[05:45-06:00[,2025-09-17 04:45,1259.079,10703.733,8.501,6316.2,5.017,,,,,1680,1.334,3425.537,2.721,-718.004,-0.57
17/09/2025,2025-09-17,29,[06:00-06:15[,2025-09-17 05:00,1308.167,7643.141,5.843,3208.863,2.453,,,,,3449.306,2.637,3366.741,2.574,-2381.768,-1.821
17/09/2025,2025-09-17,30,[06:15-06:30[,2025-09-17 05:15,1320.135,8320.895,6.303,3208.863,2.431,,,,,3720,2.818,2995.432,2.269,-1603.4,-1.215
17/09/2025,2025-09-17,31,[06:30-06:45[,2025-09-17 05:30,1367.633,8062.483,5.895,3208.863,2.346,,,,,3712.8,2.715,3373.24,2.466,-2232.419,-1.632
17/09/2025,2025-09-17,32,[06:45-07:00[,2025-09-17 05:45,1392.663,7240.811,5.199,3208.863,2.304,,,,,3712.8,2.666,3459.993,2.484,-3140.845,-2.255
17/09/2025,2025-09-17,33,[07:00-07:15[,2025-09-17 06:00,1435.628,12091.994,8.423,3458.77,2.409,,,,,5491.492,3.825,3393.239,2.364,-251.507,-0.175
17/09/2025,2025-09-17,34,[07:15-07:30[,2025-09-17 06:15,1468.835,10471.122,7.129,3458.77,2.355,,,,,5491.492,3.739,3161.339,2.152,-1640.48,-1.117
17/09/2025,2025-09-17,35,[07:30-07:45[,2025-09-17 06:30,1512.626,10491.469,6.936,3458.77,2.287,,,,,5491.492,3.63,3307.445,2.187,-1766.238,-1.168
17/09/2025,2025-09-17,36,[07:45-08:00[,2025-09-17 06:45,1561.386,8388.656,5.373,3458.77,2.215,,,,,5491.492,3.517,3365.017,2.155,-3926.623,-2.515
17/09/2025,2025-09-17,37,[08:00-08:15[,2025-09-17 07:00,1589.314,21118.973,13.288,10833.078,6.816,,,,,7170.24,4.512,2585.09,1.627,530.566,0.334
17/09/2025,2025-09-17,38,[08:15-08:30[,2025-09-17 07:15,1640.064,21338.725,13.011,10833.078,6.605,,,,,7170.24,4.372,3250.338,1.982,85.069,0.052
17/09/2025,2025-09-17,39,[08:30-08:45[,2025-09-17 07:30,1662.529,19360.493,11.645,10833.078,6.516,,,,,7170.24,4.313,3366.296,2.025,-2009.121,-1.208
17/09/2025,2025-09-17,40,[08:45-09:00[,2025-09-17 07:45,1676.107,23727.387,14.156,10833.078,6.463,,,,,7170.24,4.278,3295.955,1.966,2428.114,1.449
17/09/2025,2025-09-17,41,[09:00-09:15[,2025-09-17 08:00,1672.332,20712.776,12.386,12830.505,7.672,,,,,5964.72,3.567,2990.859,1.788,-1073.308,-0.642
17/09/2025,2025-09-17,42,[09:15-09:30[,2025-09-17 08:15,1674.172,21365.46,12.762,12830.505,7.664,,,,,5964.72,3.563,3235.002,1.932,-664.766,-0.397
17/09/2025,2025-09-17,43,[09:30-09:45[,2025-09-17 08:30,1670.53,19911.917,11.92,12830.505,7.68,,,,,5964.72,3.571,3179.65,1.903,-2062.958,-1.235
17/09/2025,2025-09-17,44,[09:45-10:00[,2025-09-17 08:45,1651.353,21937.146,13.284,12830.505,7.77,,,,,5964.72,3.612,3216.582,1.948,-74.66,-0.045
17/09/2025,2025-09-17,45,[10:00-10:15[,2025-09-17 09:00,1616.088,22496.694,13.92,13949.297,8.632,,,,,6122.34,3.788,2348.599,1.453,76.458,0.047
17/09/2025,2025-09-17,46,[10:15-10:30[,2025-09-17 09:15,1605.617,21480.341,13.378,13949.297,8.688,,,,,6122.34,3.813,1980.749,1.234,-572.045,-0.356
17/09/2025,2025-09-17,47,[10:30-10:45[,2025-09-17 09:30,1603.55,20587.777,12.839,13949.297,8.699,,,,,6122.34,3.818,1981.091,1.235,-1464.95,-0.914
17/09/2025,2025-09-17,48,[10:45-11:00[,2025-09-17 09:45,1605.317,20969.643,13.063,13949.297,8.689,,,,,6122.34,3.814,2530.657,1.576,-1632.651,-1.017
17/09/2025,2025-09-17,49,[11:00-11:15[,2025-09-17 10:00,1613.164,26200.934,16.242,16422.615,10.18,,,,,5515.278,3.419,2780.84,1.724,1482.201,0.919
17/09/2025,2025-09-17,50,[11:15-11:30[,2025-09-17 10:15,1617.159,24431.501,15.108,16422.615,10.155,,,,,5718.576,3.536,2770.822,1.713,-480.512,-0.297
17/09/2025,2025-09-17,51,[11:30-11:45[,2025-09-17 10:30,1617.624,24373.737,15.068,16422.615,10.152,,,,,5797.272,3.584,2628.265,1.625,-474.415,-0.293
17/09/2025,2025-09-17,52,[11:45-12:00[,2025-09-17 10:45,1625.419,25406.631,15.631,16422.615,10.104,,,,,5757.924,3.542,2830.551,1.741,395.541,0.243
17/09/2025,2025-09-17,53,[12:00-12:15[,2025-09-17 11:00,1592.768,24542.246,15.409,16438.428,10.321,,,,,5016.76,3.15,2386.136,1.498,700.922,0.44
17/09/2025,2025-09-17,54,[12:15-12:30[,2025-09-17 11:15,1584.932,23485.328,14.818,16438.428,10.372,,,,,5016.76,3.165,2674.983,1.688,-644.843,-0.407
17/09/2025,2025-09-17,55,[12:30-12:45[,2025-09-17 11:30,1569.132,23774.508,15.151,16438.428,10.476,,,,,5016.76,3.197,2937.315,1.872,-617.995,-0.394
17/09/2025,2025-09-17,56,[12:45-13:00[,2025-09-17 11:45,1552.984,23479.013,15.119,16438.428,10.585,,,,,5216.184,3.359,2834.735,1.825,-1010.333,-0.651
17/09/2025,2025-09-17,57,[13:00-13:15[,2025-09-17 12:00,1539.804,25071.685,16.282,17080.555,11.093,,,,,5359.52,3.481,2810.854,1.825,-179.245,-0.116
17/09/2025,2025-09-17,58,[13:15-13:30[,2025-09-17 12:15,1548.226,25682.314,16.588,17080.555,11.032,,,,,5403.144,3.49,2999.112,1.937,199.503,0.129
17/09/2025,2025-09-17,59,[13:30-13:45[,2025-09-17 12:30,1555.423,26044.641,16.744,17080.555,10.981,,,,,5446.768,3.502,2962.509,1.905,554.808,0.357
17/09/2025,2025-09-17,60,[13:45-14:00[,2025-09-17 12:45,1551.25,25363.845,16.351,17080.555,11.011,,,,,5574.064,3.593,2446.28,1.577,262.947,0.17
17/09/2025,2025-09-17,61,[14:00-14:15[,2025-09-17 13:00,1586.85,25285.745,15.935,16893.68,10.646,,,,,5502.856,3.468,2980.792,1.878,-91.583,-0.058
17/09/2025,2025-09-17,62,[14:15-14:30[,2025-09-17 13:15,1594.582,25028.788,15.696,16893.68,10.594,,,,,5415.608,3.396,2885.687,1.81,-166.187,-0.104
17/09/2025,2025-09-17,63,[14:30-14:45[,2025-09-17 13:30,1594.561,24436.158,15.325,16893.68,10.595,,,,,5259.808,3.299,2520.212,1.581,-237.542,-0.149
17/09/2025,2025-09-17,64,[14:45-15:00[,2025-09-17 13:45,1611.441,24872.782,15.435,16893.68,10.484,,,,,5185.024,3.218,3011.903,1.869,-217.824,-0.135
17/09/2025,2025-09-17,65,[15:00-15:15[,2025-09-17 14:00,1617.798,26887.692,16.62,16329.178,10.093,,,,,7569.96,4.679,3138.287,1.94,-149.733,-0.093
17/09/2025,2025-09-17,66,[15:15-15:30[,2025-09-17 14:15,1629.546,26923.303,16.522,16329.178,10.021,,,,,7569.96,4.645,3219.673,1.976,-195.507,-0.12
17/09/2025,2025-09-17,67,[15:30-15:45[,2025-09-17 14:30,1627.923,27216.661,16.719,16329.178,10.031,,,,,7569.96,4.65,3219.361,1.978,98.163,0.06
17/09/2025,2025-09-17,68,[15:45-16:00[,2025-09-17 14:45,1626.448,26975.574,16.586,16329.178,10.04,,,,,7569.96,4.654,3098.296,1.905,-21.86,-0.013
17/09/2025,2025-09-17,69,[16:00-16:15[,2025-09-17 15:00,1633.151,39994.254,24.489,12985.8,7.951,,,,,22817.16,13.971,3223.533,1.974,967.761,0.593
17/09/2025,2025-09-17,70,[16:15-16:30[,2025-09-17 15:15,1650.351,38883.513,23.561,12985.8,7.869,,,,,22817.16,13.826,2995.866,1.815,84.687,0.051
17/09/2025,2025-09-17,71,[16:30-16:45[,2025-09-17 15:30,1669.624,39387.256,23.59,12985.8,7.778,,,,,22817.16,13.666,3238.141,1.939,346.155,0.207
17/09/2025,2025-09-17,72,[16:45-17:00[,2025-09-17 15:45,1662.216,38167.4,22.962,12985.8,7.812,,,,,22817.16,13.727,2504.845,1.507,-140.405,-0.084
17/09/2025,2025-09-17,73,[17:00-17:15[,2025-09-17 16:00,1652.755,14388.437,8.706,11067.329,6.696,,,,,5070,3.068,2416.326,1.462,-4165.219,-2.52
17/09/2025,2025-09-17,74,[17:15-17:30[,2025-09-17 16:15,1666.201,15745.555,9.45,11067.329,6.642,,,,,5070,3.043,2450.56,1.471,-2842.334,-1.706
17/09/2025,2025-09-17,75,[17:30-17:45[,2025-09-17 16:30,1667.896,16605.253,9.956,11067.329,6.636,,,,,5070,3.04,2451.359,1.47,-1983.436,-1.189
17/09/2025,2025-09-17,76,[17:45-18:00[,2025-09-17 16:45,1695.694,16798.519,9.907,11067.329,6.527,,,,,5070,2.99,2578.886,1.521,-1917.696,-1.131
17/09/2025,2025-09-17,77,[18:00-18:15[,2025-09-17 17:00,1700.426,21517.826,12.654,4144.168,2.437,24082.001,14.162,,,3768,2.216,1210.689,0.712,-11687.032,-6.873
17/09/2025,2025-09-17,78,[18:15-18:30[,2025-09-17 17:15,1700.229,23061.643,13.564,4144.168,2.437,24082.001,14.164,,,3768,2.216,1149.59,0.676,-10082.116,-5.93
17/09/2025,2025-09-17,79,[18:30-18:45[,2025-09-17 17:30,1732.75,21566.609,12.446,4144.168,2.392,24082.001,13.898,,,3879.6,2.239,1057.026,0.61,-11596.186,-6.692
17/09/2025,2025-09-17,80,[18:45-19:00[,2025-09-17 17:45,1769.683,26253.839,14.835,4144.168,2.342,24082.001,13.608,,,4678.6,2.644,1063.639,0.601,-7714.568,-4.359
17/09/2025,2025-09-17,81,[19:00-19:15[,2025-09-17 18:00,1796.315,13768.541,7.665,3332.092,1.855,31808.501,17.708,,,5135.262,2.859,1025.5,0.571,-27532.813,-15.327
17/09/2025,2025-09-17,82,[19:15-19:30[,2025-09-17 18:15,1823.647,11743.415,6.44,3332.092,1.827,31808.501,17.442,,,5378.24,2.949,956.601,0.525,-29732.018,-16.304
17/09/2025,2025-09-17,83,[19:30-19:45[,2025-09-17 18:30,1855.072,23070.884,12.437,3332.092,1.796,31808.501,17.147,,,5378.24,2.899,1004.921,0.542,-18452.869,-9.947
17/09/2025,2025-09-17,84,[19:45-20:00[,2025-09-17 18:45,1894.612,16569.077,8.745,3332.092,1.759,31808.501,16.789,,,5378.24,2.839,959.968,0.507,-24909.723,-13.148
17/09/2025,2025-09-17,85,[20:00-20:15[,2025-09-17 19:00,1915.369,8693.139,4.539,9131.488,4.767,31808.501,16.607,,,4329,2.26,1146.733,0.599,-37722.582,-19.695
17/09/2025,2025-09-17,86,[20:15-20:30[,2025-09-17 19:15,1893.812,25115.21,13.262,9131.488,4.822,31808.501,16.796,,,4329,2.286,1259.178,0.665,-21412.956,-11.307
17/09/2025,2025-09-17,87,[20:30-20:45[,2025-09-17 19:30,1864.97,27703.507,14.855,9131.488,4.896,31808.501,17.056,,,4329,2.321,1229.039,0.659,-18794.52,-10.078
17/09/2025,2025-09-17,88,[20:45-21:00[,2025-09-17 19:45,1832.789,26291.467,14.345,9131.488,4.982,31808.501,17.355,,,4329,2.362,1210.453,0.66,-20187.973,-11.015
17/09/2025,2025-09-17,89,[21:00-21:15[,2025-09-17 20:00,1805.949,19109.133,10.581,4062.498,2.25,31808.501,17.613,,,2193.972,1.215,1273.544,0.705,-20229.381,-11.202
17/09/2025,2025-09-17,90,[21:15-21:30[,2025-09-17 20:15,1774.411,24234.968,13.658,4062.498,2.289,31808.501,17.926,,,2193.972,1.236,1309.893,0.738,-15139.895,-8.532
17/09/2025,2025-09-17,91,[21:30-21:45[,2025-09-17 20:30,1736.285,30096.031,17.334,4062.498,2.34,35621.001,20.516,,,2193.972,1.264,1331.957,0.767,-13113.397,-7.553
17/09/2025,2025-09-17,92,[21:45-22:00[,2025-09-17 20:45,1701.785,29968.528,17.61,4062.498,2.387,35621.001,20.932,,,2193.972,1.289,1330.258,0.782,-13239.2,-7.78
17/09/2025,2025-09-17,93,[22:00-22:15[,2025-09-17 21:00,1686.158,39099.002,23.188,7901.48,4.686,19076.043,11.313,13891.675,8.239,1306.508,0.775,2320.414,1.376,-5397.117,-3.201
17/09/2025,2025-09-17,94,[22:15-22:30[,2025-09-17 21:15,1656.954,26556.62,16.027,7901.48,4.769,14038.903,8.473,7033.113,4.245,1306.508,0.788,2365.917,1.428,-6089.3,-3.675
17/09/2025,2025-09-17,95,[22:30-22:45[,2025-09-17 21:30,1626.413,25910.848,15.931,7901.48,4.858,14038.903,8.632,5064.55,3.114,1306.508,0.803,2353.724,1.447,-4754.317,-2.923
17/09/2025,2025-09-17,96,[22:45-23:00[,2025-09-17 21:45,1576.682,25894.482,16.423,7901.48,5.011,14038.903,8.904,5064.55,3.212,1306.508,0.829,2129.324,1.351,-4546.282,-2.883
18/09/2025,2025-09-18,1,[23:00-23:15[,2025-09-17 22:00,1536.591,12337.996,8.029,3356.875,2.185,,,8775.45,5.711,2072.7,1.349,2286.631,1.488,-4153.66,-2.703
18/09/2025,2025-09-18,2,[23:15-23:30[,2025-09-17 22:15,1500.568,9822.837,6.546,3356.875,2.237,,,2437.625,1.624,2072.7,1.381,2275.406,1.516,-319.769,-0.213
18/09/2025,2025-09-18,3,[23:30-23:45[,2025-09-17 22:30,1460.75,7717.898,5.284,3356.875,2.298,,,487.525,0.334,2175.39,1.489,2228.069,1.525,-529.961,-0.363
18/09/2025,2025-09-18,4,[23:45-00:00[,2025-09-17 22:45,1433.525,6303.922,4.397,3356.875,2.342,,,,,2097.9,1.463,2352.824,1.641,-1503.676,-1.049
18/09/2025,2025-09-18,5,[00:00-00:15[,2025-09-17 23:00,1420.841,10554.125,7.428,6062.265,4.267,,,,,1452.48,1.022,3214.515,2.262,-175.136,-0.123
18/09/2025,2025-09-18,6,[00:15-00:30[,2025-09-17 23:15,1400.852,8878.176,6.338,6062.265,4.328,,,,,1452.48,1.037,3237.13,2.311,-1873.698,-1.338
18/09/2025,2025-09-18,7,[00:30-00:45[,2025-09-17 23:30,1388.221,8414.74,6.062,6062.265,4.367,,,,,1452.48,1.046,3219.286,2.319,-2319.291,-1.671
18/09/2025,2025-09-18,8,[00:45-01:00[,2025-09-17 23:45,1342.102,9216.643,6.867,6062.265,4.517,,,,,1452.48,1.082,2631.996,1.961,-930.099,-0.693
18/09/2025,2025-09-18,9,[01:00-01:15[,2025-09-18 00:00,1345.764,11094.159,8.244,6084.765,4.521,,,,,1306.4,0.971,3257.547,2.421,445.447,0.331
18/09/2025,2025-09-18,10,[01:15-01:30[,2025-09-18 00:15,1334.247,10094.938,7.566,6084.765,4.56,,,,,1306.4,0.979,3261.11,2.444,-557.336,-0.418
18/09/2025,2025-09-18,11,[01:30-01:45[,2025-09-18 00:30,1306.355,10183.72,7.796,6084.765,4.658,,,,,1306.4,1,2853.751,2.185,-61.197,-0.047
18/09/2025,2025-09-18,12,[01:45-02:00[,2025-09-18 00:45,1290.106,10756.533,8.338,6084.765,4.716,,,,,1306.4,1.013,3289.558,2.55,75.809,0.059
18/09/2025,2025-09-18,13,[02:00-02:15[,2025-09-18 01:00,1287.936,10265.675,7.971,6077.265,4.719,,,,,1277.64,0.992,3334.151,2.589,-423.38,-0.329
18/09/2025,2025-09-18,14,[02:15-02:30[,2025-09-18 01:15,1275.135,10198.443,7.998,6077.265,4.766,,,,,1277.64,1.002,3331.789,2.613,-488.251,-0.383
18/09/2025,2025-09-18,15,[02:30-02:45[,2025-09-18 01:30,1253.539,10814.807,8.627,6077.265,4.848,,,,,1277.64,1.019,3166.295,2.526,293.607,0.234
18/09/2025,2025-09-18,16,[02:45-03:00[,2025-09-18 01:45,1246.511,11047.279,8.863,6077.265,4.875,,,,,1277.64,1.025,3139.848,2.519,552.526,0.443
18/09/2025,2025-09-18,17,[03:00-03:15[,2025-09-18 02:00,1258.652,10051.381,7.986,6077.265,4.828,,,,,1258.92,1,3368.695,2.676,-653.499,-0.519
18/09/2025,2025-09-18,18,[03:15-03:30[,2025-09-18 02:15,1235.668,11005.695,8.907,6077.265,4.918,,,,,1258.92,1.019,3273.692,2.649,395.817,0.32
18/09/2025,2025-09-18,19,[03:30-03:45[,2025-09-18 02:30,1227.897,11531.787,9.391,6077.265,4.949,,,,,1258.92,1.025,3313.435,2.698,882.168,0.718
18/09/2025,2025-09-18,20,[03:45-04:00[,2025-09-18 02:45,1232.353,11762.94,9.545,6077.265,4.931,,,,,1258.92,1.022,3339.995,2.71,1086.76,0.882
18/09/2025,2025-09-18,21,[04:00-04:15[,2025-09-18 03:00,1223.89,12006.575,9.81,6062.265,4.953,,,,,1301.04,1.063,3322.785,2.715,1320.485,1.079
18/09/2025,2025-09-18,22,[04:15-04:30[,2025-09-18 03:15,1210.462,11373.905,9.396,6062.265,5.008,,,,,1301.04,1.075,3098.521,2.56,912.079,0.753
18/09/2025,2025-09-18,23,[04:30-04:45[,2025-09-18 03:30,1220.043,10383.067,8.51,6062.265,4.969,,,,,1301.04,1.066,3352.155,2.748,-332.393,-0.272
18/09/2025,2025-09-18,24,[04:45-05:00[,2025-09-18 03:45,1220.605,10748.306,8.806,6062.265,4.967,,,,,1301.04,1.066,3176.107,2.602,208.894,0.171
18/09/2025,2025-09-18,25,[05:00-05:15[,2025-09-18 04:00,1226.619,7326.499,5.973,3694.82,3.012,,,,,1310.4,1.068,3111.229,2.536,-789.95,-0.644
18/09/2025,2025-09-18,26,[05:15-05:30[,2025-09-18 04:15,1247.828,10271.119,8.231,3694.82,2.961,,,,,1310.4,1.05,3369.388,2.7,1896.511,1.52
18/09/2025,2025-09-18,27,[05:30-05:45[,2025-09-18 04:30,1258.001,6397.427,5.085,3694.82,2.937,,,,,1310.4,1.042,3345.382,2.659,-1953.175,-1.553
18/09/2025,2025-09-18,28,[05:45-06:00[,2025-09-18 04:45,1259.33,13055.019,10.367,3694.82,2.934,,,,,1310.4,1.041,3374.231,2.679,4675.567,3.713
18/09/2025,2025-09-18,29,[06:00-06:15[,2025-09-18 05:00,1307.613,5372.672,4.109,2396.313,1.833,,,,,2237.76,1.711,3414.878,2.612,-2676.279,-2.047
18/09/2025,2025-09-18,30,[06:15-06:30[,2025-09-18 05:15,1344.887,4985.487,3.707,2396.313,1.782,,,,,2237.76,1.664,3414.252,2.539,-3062.837,-2.277
18/09/2025,2025-09-18,31,[06:30-06:45[,2025-09-18 05:30,1380.742,5322.573,3.855,2396.313,1.736,,,,,2237.76,1.621,3401.209,2.463,-2712.709,-1.965
18/09/2025,2025-09-18,32,[06:45-07:00[,2025-09-18 05:45,1384.125,6593.223,4.763,2396.313,1.731,,,,,2237.76,1.617,2887.006,2.086,-927.855,-0.67
18/09/2025,2025-09-18,33,[07:00-07:15[,2025-09-18 06:00,1445.616,9585.536,6.631,3607.475,2.495,,,,,2851.44,1.972,3328.306,2.302,-201.685,-0.14
18/09/2025,2025-09-18,34,[07:15-07:30[,2025-09-18 06:15,1493.265,6571.171,4.401,3607.475,2.416,,,,,2636.504,1.766,3319.633,2.223,-2992.44,-2.004
18/09/2025,2025-09-18,35,[07:30-07:45[,2025-09-18 06:30,1509.947,5434.845,3.599,3607.475,2.389,,,,,1957.8,1.297,2369.517,1.569,-2499.947,-1.656
18/09/2025,2025-09-18,36,[07:45-08:00[,2025-09-18 06:45,1538.24,5489.604,3.569,3607.475,2.345,,,,,1962,1.275,2414.44,1.57,-2494.31,-1.622
18/09/2025,2025-09-18,37,[08:00-08:15[,2025-09-18 07:00,1582.343,7030.186,4.443,6854.358,4.332,,,,,2344.68,1.482,2453.216,1.55,-4622.068,-2.921
18/09/2025,2025-09-18,38,[08:15-08:30[,2025-09-18 07:15,1616.187,12049.853,7.456,6854.358,4.241,,,,,2344.68,1.451,2504.938,1.55,345.877,0.214
18/09/2025,2025-09-18,39,[08:30-08:45[,2025-09-18 07:30,1639.065,11701.207,7.139,6854.358,4.182,,,,,2344.68,1.43,2285.964,1.395,216.206,0.132
18/09/2025,2025-09-18,40,[08:45-09:00[,2025-09-18 07:45,1649.469,6041.587,3.663,6854.358,4.155,,,,,2344.68,1.421,2177.743,1.32,-5335.194,-3.234
18/09/2025,2025-09-18,41,[09:00-09:15[,2025-09-18 08:00,1666.119,17601.436,10.564,11330.955,6.801,,,,,9153,5.494,2229.902,1.338,-5112.421,-3.068
18/09/2025,2025-09-18,42,[09:15-09:30[,2025-09-18 08:15,1671.3,17736.203,10.612,11330.955,6.78,,,,,9153,5.477,2204.287,1.319,-4952.039,-2.963
18/09/2025,2025-09-18,43,[09:30-09:45[,2025-09-18 08:30,1686.047,19459.587,11.542,11330.955,6.72,,,202.538,0.12,9153,5.429,2963.216,1.757,-4190.122,-2.485
18/09/2025,2025-09-18,44,[09:45-10:00[,2025-09-18 08:45,1693.209,24240.262,14.316,11330.955,6.692,,,,,9153,5.406,3245.896,1.917,510.411,0.301
18/09/2025,2025-09-18,45,[10:00-10:15[,2025-09-18 09:00,1681.387,28071.61,16.696,10813.531,6.431,,,9750.5,5.799,10920,6.495,3179.698,1.891,-6592.119,-3.921
18/09/2025,2025-09-18,46,[10:15-10:30[,2025-09-18 09:15,1657.755,26019.815,15.696,10813.531,6.523,,,12694,7.657,10920,6.587,2351.343,1.418,-10759.059,-6.49
18/09/2025,2025-09-18,47,[10:30-10:45[,2025-09-18 09:30,1683.658,33233.61,19.739,10813.531,6.423,2698.4,1.603,12694,7.54,10920,6.486,3174.71,1.886,-7067.03,-4.197
18/09/2025,2025-09-18,48,[10:45-11:00[,2025-09-18 09:45,1688.021,26796.288,15.874,10813.531,6.406,5735.2,3.398,12694,7.52,10920,6.469,3133.763,1.856,-16500.206,-9.775
18/09/2025,2025-09-18,49,[11:00-11:15[,2025-09-18 10:00,1688.091,12254.544,7.259,12239.606,7.251,6494.4,3.847,14024.138,8.308,9810,5.811,3094.17,1.833,-33407.77,-19.79
18/09/2025,2025-09-18,50,[11:15-11:30[,2025-09-18 10:15,1704.943,12870.743,7.549,12239.606,7.179,8351.2,4.898,19141.134,11.227,9810,5.754,3039.675,1.783,-39710.871,-23.292
18/09/2025,2025-09-18,51,[11:30-11:45[,2025-09-18 10:30,1709.02,12614.893,7.381,12239.606,7.162,8772,5.133,18296.5,10.706,9810,5.74,3049.912,1.785,-39553.124,-23.144
18/09/2025,2025-09-18,52,[11:45-12:00[,2025-09-18 10:45,1710.782,24016.677,14.038,12239.606,7.154,8772,5.127,18415.183,10.764,9810,5.734,3106.491,1.816,-28326.603,-16.558
18/09/2025,2025-09-18,53,[12:00-12:15[,2025-09-18 11:00,1695.931,14195.733,8.37,12251.38,7.224,8772,5.172,,,5562,3.28,3204.461,1.889,-15594.107,-9.195
18/09/2025,2025-09-18,54,[12:15-12:30[,2025-09-18 11:15,1695.05,16024.311,9.454,12251.38,7.228,8772,5.175,,,5562,3.281,2917.261,1.721,-13478.33,-7.952
18/09/2025,2025-09-18,55,[12:30-12:45[,2025-09-18 11:30,1669.996,18634.054,11.158,12251.38,7.336,8772,5.253,,,5562,3.331,3281.579,1.965,-11232.905,-6.726
18/09/2025,2025-09-18,56,[12:45-13:00[,2025-09-18 11:45,1660.808,19998.475,12.041,12251.38,7.377,8772,5.282,,,5562,3.349,3330.851,2.006,-9917.756,-5.972
18/09/2025,2025-09-18,57,[13:00-13:15[,2025-09-18 12:00,1654.352,19113.126,11.553,13110.2,7.925,8772,5.302,,,5351.88,3.235,3368.45,2.036,-11489.405,-6.945
18/09/2025,2025-09-18,58,[13:15-13:30[,2025-09-18 12:15,1639.345,23508.308,14.34,13110.2,7.997,8772,5.351,,,5351.88,3.265,3301.645,2.014,-7027.416,-4.287
18/09/2025,2025-09-18,59,[13:30-13:45[,2025-09-18 12:30,1646.788,20507.251,12.453,13110.2,7.961,8772,5.327,,,5351.88,3.25,3170.21,1.925,-9897.039,-6.01
18/09/2025,2025-09-18,60,[13:45-14:00[,2025-09-18 12:45,1664.387,24842.822,14.926,13110.2,7.877,8772,5.27,,,5351.88,3.216,3281.167,1.971,-5672.425,-3.408
18/09/2025,2025-09-18,61,[14:00-14:15[,2025-09-18 13:00,1709.63,20966.097,12.264,13113.075,7.67,8772,5.131,38.329,0.022,3777.448,2.21,3288.966,1.924,-8023.721,-4.693
18/09/2025,2025-09-18,62,[14:15-14:30[,2025-09-18 13:15,1745.061,17071.117,9.783,13113.075,7.514,8772,5.027,,,3777.448,2.165,3295.678,1.889,-11887.085,-6.812
18/09/2025,2025-09-18,63,[14:30-14:45[,2025-09-18 13:30,1750.788,15178.202,8.669,13113.075,7.49,8772,5.01,,,3777.448,2.158,3305.672,1.888,-13789.992,-7.876
18/09/2025,2025-09-18,64,[14:45-15:00[,2025-09-18 13:45,1747.503,15302.167,8.757,13113.075,7.504,8772,5.02,,,3777.448,2.162,2617.4,1.498,-12977.756,-7.426
18/09/2025,2025-09-18,65,[15:00-15:15[,2025-09-18 14:00,1761.61,10289.302,5.841,11540.972,6.551,8772,4.98,,,6231,3.537,2292.417,1.301,-18547.088,-10.528
18/09/2025,2025-09-18,66,[15:15-15:30[,2025-09-18 14:15,1746.533,8923.885,5.109,11540.972,6.608,8772,5.023,,,6231,3.568,2243.938,1.285,-19864.025,-11.373
18/09/2025,2025-09-18,67,[15:30-15:45[,2025-09-18 14:30,1751.612,14935.104,8.526,11540.972,6.589,8772,5.008,,,6231,3.557,2306.927,1.317,-13915.795,-7.945
18/09/2025,2025-09-18,68,[15:45-16:00[,2025-09-18 14:45,1750.046,11887.304,6.793,11540.972,6.595,8772,5.012,,,6231,3.56,2284.731,1.306,-16941.4,-9.681
18/09/2025,2025-09-18,69,[16:00-16:15[,2025-09-18 15:00,1750.347,21426.299,12.241,9907.727,5.66,8772,5.012,,,11180,6.387,2163.819,1.236,-10597.247,-6.054
18/09/2025,2025-09-18,70,[16:15-16:30[,2025-09-18 15:15,1754.02,18344.789,10.459,9907.727,5.649,8772,5.001,,,11180,6.374,2181.135,1.244,-13696.073,-7.808
18/09/2025,2025-09-18,71,[16:30-16:45[,2025-09-18 15:30,1741.352,19803.808,11.373,9907.727,5.69,8772,5.037,,,11180,6.42,2207.233,1.268,-12263.153,-7.042
18/09/2025,2025-09-18,72,[16:45-17:00[,2025-09-18 15:45,1729.239,20794.259,12.025,9907.727,5.73,8772,5.073,,,11180,6.465,2162.915,1.251,-11228.383,-6.493
18/09/2025,2025-09-18,73,[17:00-17:15[,2025-09-18 16:00,1717.002,22205.084,12.932,8169.153,4.758,8772,5.109,9750.5,5.679,6209.92,3.617,2200.682,1.282,-12897.172,-7.511
18/09/2025,2025-09-18,74,[17:15-17:30[,2025-09-18 16:15,1697.804,19479.02,11.473,8169.153,4.812,8772,5.167,9750.5,5.743,6209.92,3.658,1429.934,0.842,-14852.487,-8.748
18/09/2025,2025-09-18,75,[17:30-17:45[,2025-09-18 16:30,1689.911,17018.456,10.071,8169.153,4.834,8772,5.191,9750.5,5.77,6209.92,3.675,1434.881,0.849,-17317.997,-10.248
18/09/2025,2025-09-18,76,[17:45-18:00[,2025-09-18 16:45,1689.778,15078.114,8.923,8169.153,4.834,8772,5.191,9750.5,5.77,6209.92,3.675,1436.557,0.85,-19260.016,-11.398
18/09/2025,2025-09-18,77,[18:00-18:15[,2025-09-18 17:00,1693.573,29260.253,17.277,10662.6,6.296,17904.975,10.572,13163.175,7.772,1884,1.112,1269.057,0.749,-15623.554,-9.225
18/09/2025,2025-09-18,78,[18:15-18:30[,2025-09-18 17:15,1709.134,21710.508,12.703,10662.6,6.239,17904.975,10.476,13163.175,7.702,2373.48,1.389,1288.22,0.754,-23681.942,-13.856
18/09/2025,2025-09-18,79,[18:30-18:45[,2025-09-18 17:30,1732.524,21345.435,12.32,10662.6,6.154,17904.975,10.335,13163.175,7.598,3235.428,1.867,1292.944,0.746,-24913.687,-14.38
18/09/2025,2025-09-18,80,[18:45-19:00[,2025-09-18 17:45,1766.387,20013.424,11.33,10662.6,6.036,17904.975,10.136,13163.175,7.452,3573.32,2.023,1246.104,0.705,-26536.75,-15.023
18/09/2025,2025-09-18,81,[19:00-19:15[,2025-09-18 18:00,1785.22,24807.743,13.896,8227.625,4.609,29131.975,16.318,13163.175,7.373,3411.6,1.911,1224.306,0.686,-30350.938,-17.001
18/09/2025,2025-09-18,82,[19:15-19:30[,2025-09-18 18:15,1810.727,28406.719,15.688,8227.625,4.544,29131.975,16.089,13163.175,7.27,3216,1.776,1209.771,0.668,-26541.827,-14.658
18/09/2025,2025-09-18,83,[19:30-19:45[,2025-09-18 18:30,1847.874,14208.488,7.689,8227.625,4.452,29131.975,15.765,13163.175,7.123,3216,1.74,1199.908,0.649,-40730.195,-22.042
18/09/2025,2025-09-18,84,[19:45-20:00[,2025-09-18 18:45,1891.376,14649.54,7.745,8227.625,4.35,29131.975,15.403,13163.175,6.96,3216,1.7,1315.55,0.696,-40404.785,-21.363
18/09/2025,2025-09-18,85,[20:00-20:15[,2025-09-18 19:00,1909.385,3874.707,2.029,6051.25,3.169,29131.975,15.257,13500,7.07,5015,2.627,1240.495,0.65,-51064.013,-26.744
18/09/2025,2025-09-18,86,[20:15-20:30[,2025-09-18 19:15,1888.189,21825.608,11.559,6051.25,3.205,29131.975,15.429,13500,7.15,5015,2.656,1237.002,0.655,-33109.62,-17.535
18/09/2025,2025-09-18,87,[20:30-20:45[,2025-09-18 19:30,1859.95,21918.631,11.785,6051.25,3.253,29131.975,15.663,13500,7.258,5015,2.696,1247.251,0.671,-33026.845,-17.757
18/09/2025,2025-09-18,88,[20:45-21:00[,2025-09-18 19:45,1833.719,21058.644,11.484,6051.25,3.3,29131.975,15.887,13500,7.362,5015,2.735,1272.179,0.694,-33911.759,-18.493
18/09/2025,2025-09-18,89,[21:00-21:15[,2025-09-18 20:00,1799.774,32891.563,18.275,10118.649,5.622,29131.975,16.186,13163.175,7.314,1902,1.057,1443.37,0.802,-22867.606,-12.706
18/09/2025,2025-09-18,90,[21:15-21:30[,2025-09-18 20:15,1772.185,25574.061,14.431,10118.649,5.71,29131.975,16.438,13163.175,7.428,1902,1.073,1285.223,0.725,-30026.96,-16.943
18/09/2025,2025-09-18,91,[21:30-21:45[,2025-09-18 20:30,1736.467,26823.695,15.447,10118.649,5.827,29131.975,16.777,13163.175,7.58,1902,1.095,1268.707,0.731,-28760.81,-16.563
18/09/2025,2025-09-18,92,[21:45-22:00[,2025-09-18 20:45,1698.027,32957.753,19.409,10118.649,5.959,29131.975,17.156,13163.175,7.752,1622.07,0.955,1235.258,0.727,-22313.374,-13.141
18/09/2025,2025-09-18,93,[22:00-22:15[,2025-09-18 21:00,1668.098,28565.561,17.125,12799.748,7.673,19999,11.989,13163.175,7.891,1427.952,0.856,1281.41,0.768,-20105.723,-12.053
18/09/2025,2025-09-18,94,[22:15-22:30[,2025-09-18 21:15,1636.234,31450.353,19.221,12799.748,7.823,19999,12.223,13163.175,8.045,1427.952,0.873,1282.363,0.784,-17221.885,-10.525
18/09/2025,2025-09-18,95,[22:30-22:45[,2025-09-18 21:30,1603.448,34634.211,21.6,12799.748,7.983,19999,12.472,13163.175,8.209,1427.952,0.891,1375.711,0.858,-14131.375,-8.813
18/09/2025,2025-09-18,96,[22:45-23:00[,2025-09-18 21:45,1571.012,47445.036,30.2,12799.748,8.147,19999,12.73,13163.175,8.379,1427.952,0.909,1384.062,0.881,-1328.901,-0.846
19/09/2025,2025-09-19,1,[23:00-23:15[,2025-09-18 22:00,1545.229,5248.858,3.397,2281.698,1.477,,,,,2933.532,1.898,2335.778,1.512,-2302.149,-1.49
19/09/2025,2025-09-19,2,[23:15-23:30[,2025-09-18 22:15,1512.174,7741.609,5.12,2281.698,1.509,,,,,2753.928,1.821,2438.58,1.613,267.404,0.177
19/09/2025,2025-09-19,3,[23:30-23:45[,2025-09-18 22:30,1481.021,6849.497,4.625,2281.698,1.541,,,,,2547.716,1.72,2551.34,1.723,-531.257,-0.359
19/09/2025,2025-09-19,4,[23:45-00:00[,2025-09-18 22:45,1441.21,2090.809,1.451,2281.698,1.583,,,,,2501.152,1.735,2330.694,1.617,-5022.735,-3.485
19/09/2025,2025-09-19,5,[00:00-00:15[,2025-09-18 23:00,1443.356,8595.642,5.955,2588.262,1.793,,,,,2602.828,1.803,3453.863,2.393,-49.31,-0.034
19/09/2025,2025-09-19,6,[00:15-00:30[,2025-09-18 23:15,1414.997,7635.484,5.396,2588.262,1.829,,,,,2478.588,1.752,3198.815,2.261,-630.181,-0.445
19/09/2025,2025-09-19,7,[00:30-00:45[,2025-09-18 23:30,1400.298,6235.624,4.453,2588.262,1.848,,,,,2273.592,1.624,3221.305,2.3,-1847.534,-1.319
19/09/2025,2025-09-19,8,[00:45-01:00[,2025-09-18 23:45,1363.506,4179.115,3.065,2588.262,1.898,,,,,2236.32,1.64,2835.475,2.08,-3480.942,-2.553
19/09/2025,2025-09-19,9,[01:00-01:15[,2025-09-19 00:00,1354.167,11031.688,8.146,2678.013,1.978,,,,,2100.736,1.551,3178.303,2.347,3074.636,2.27
19/09/2025,2025-09-19,10,[01:15-01:30[,2025-09-19 00:15,1346.544,8295.565,6.161,2678.013,1.989,,,,,2100.736,1.56,3270.527,2.429,246.289,0.183
19/09/2025,2025-09-19,11,[01:30-01:45[,2025-09-19 00:30,1331.098,9423.521,7.08,2678.013,2.012,,,,,2021.888,1.519,3277.719,2.462,1445.9,1.086
19/09/2025,2025-09-19,12,[01:45-02:00[,2025-09-19 00:45,1298.531,6867.564,5.289,2678.013,2.062,,,,,1903.616,1.466,3130.007,2.41,-844.073,-0.65
19/09/2025,2025-09-19,13,[02:00-02:15[,2025-09-19 01:00,1303.516,8355.125,6.41,2820.267,2.164,,,,,1827.992,1.402,3276.067,2.513,430.799,0.33
19/09/2025,2025-09-19,14,[02:15-02:30[,2025-09-19 01:15,1296.787,8413.876,6.488,2820.267,2.175,,,,,1827.992,1.41,3276.598,2.527,489.019,0.377
19/09/2025,2025-09-19,15,[02:30-02:45[,2025-09-19 01:30,1270.032,7553.757,5.948,2820.267,2.221,,,,,1827.992,1.439,3195.145,2.516,-289.647,-0.228
19/09/2025,2025-09-19,16,[02:45-03:00[,2025-09-19 01:45,1276.056,8081.238,6.333,2820.267,2.21,,,,,1827.992,1.433,3274.518,2.566,158.461,0.124
19/09/2025,2025-09-19,17,[03:00-03:15[,2025-09-19 02:00,1273.303,3725.219,2.926,2860.659,2.247,,,,,1319.5,1.036,3209.704,2.521,-3664.643,-2.878
19/09/2025,2025-09-19,18,[03:15-03:30[,2025-09-19 02:15,1252.813,6976.7,5.569,2860.659,2.283,,,,,1319.5,1.053,3272.14,2.612,-475.598,-0.38
19/09/2025,2025-09-19,19,[03:30-03:45[,2025-09-19 02:30,1256.44,6600.934,5.254,2860.659,2.277,,,,,1319.5,1.05,3271.471,2.604,-850.696,-0.677
19/09/2025,2025-09-19,20,[03:45-04:00[,2025-09-19 02:45,1245.758,6303.847,5.06,2860.659,2.296,,,,,1319.5,1.059,3193.175,2.563,-1069.487,-0.859
19/09/2025,2025-09-19,21,[04:00-04:15[,2025-09-19 03:00,1242.745,6737.141,5.421,2819.963,2.269,,,,,1734.39,1.396,3266.422,2.628,-1083.633,-0.872
19/09/2025,2025-09-19,22,[04:15-04:30[,2025-09-19 03:15,1238.07,7915.605,6.394,2819.963,2.278,,,,,1734.39,1.401,3262.476,2.635,98.777,0.08
19/09/2025,2025-09-19,23,[04:30-04:45[,2025-09-19 03:30,1234.377,8383.003,6.791,2819.963,2.285,,,,,1761.92,1.427,3155.781,2.557,645.339,0.523
19/09/2025,2025-09-19,24,[04:45-05:00[,2025-09-19 03:45,1243.552,3518.302,2.829,2819.963,2.268,,,,,1916.088,1.541,3262.306,2.623,-4480.055,-3.603
19/09/2025,2025-09-19,25,[05:00-05:15[,2025-09-19 04:00,1241.926,5511.911,4.438,2599.388,2.093,,,,,2044.476,1.646,3220.003,2.593,-2351.956,-1.894
19/09/2025,2025-09-19,26,[05:15-05:30[,2025-09-19 04:15,1252.901,8319.376,6.64,2599.388,2.075,,,,,2044.476,1.632,3262.615,2.604,412.897,0.33
19/09/2025,2025-09-19,27,[05:30-05:45[,2025-09-19 04:30,1269.961,6776.718,5.336,2599.388,2.047,,,,,2234.4,1.759,3260.159,2.567,-1317.228,-1.037
19/09/2025,2025-09-19,28,[05:45-06:00[,2025-09-19 04:45,1264.672,7838.82,6.198,2599.388,2.055,,,,,2800,2.214,3167.866,2.505,-728.434,-0.576
19/09/2025,2025-09-19,29,[06:00-06:15[,2025-09-19 05:00,1319.917,7349.278,5.568,2018.07,1.529,,,,,3110,2.356,3276.83,2.483,-1055.622,-0.8
19/09/2025,2025-09-19,30,[06:15-06:30[,2025-09-19 05:15,1360.828,6639.331,4.879,2018.07,1.483,,,,,3243,2.383,3278.387,2.409,-1900.126,-1.396
19/09/2025,2025-09-19,31,[06:30-06:45[,2025-09-19 05:30,1371.518,7773.029,5.667,2018.07,1.471,,,,,3080,2.246,3252.29,2.371,-577.331,-0.421
19/09/2025,2025-09-19,32,[06:45-07:00[,2025-09-19 05:45,1410.016,7103.12,5.038,2018.07,1.431,,,,,3080,2.184,3268.351,2.318,-1263.301,-0.896
19/09/2025,2025-09-19,33,[07:00-07:15[,2025-09-19 06:00,1451.877,7181.029,4.946,2151.76,1.482,,,,,3190,2.197,3210.623,2.211,-1371.354,-0.945
19/09/2025,2025-09-19,34,[07:15-07:30[,2025-09-19 06:15,1481.19,5628.821,3.8,2151.76,1.453,,,,,3190,2.154,3203.348,2.163,-2916.287,-1.969
19/09/2025,2025-09-19,35,[07:30-07:45[,2025-09-19 06:30,1506.307,4572.463,3.036,2151.76,1.429,,,,,3280,2.178,2361.383,1.568,-3220.68,-2.138
19/09/2025,2025-09-19,36,[07:45-08:00[,2025-09-19 06:45,1538.333,2422.442,1.575,2151.76,1.399,,,,,2938,1.91,2226.222,1.447,-4893.541,-3.181
19/09/2025,2025-09-19,37,[08:00-08:15[,2025-09-19 07:00,1605.804,10834.107,6.747,6268.959,3.904,,,,,3210,1.999,2348.374,1.462,-993.227,-0.619
19/09/2025,2025-09-19,38,[08:15-08:30[,2025-09-19 07:15,1637.878,7715.129,4.71,6268.959,3.827,,,,,3210,1.96,2349.287,1.434,-4113.118,-2.511
19/09/2025,2025-09-19,39,[08:30-08:45[,2025-09-19 07:30,1680.883,5895.305,3.507,6268.959,3.73,,,,,3657,2.176,3116.13,1.854,-7146.784,-4.252
19/09/2025,2025-09-19,40,[08:45-09:00[,2025-09-19 07:45,1698.332,15935.56,9.383,6268.959,3.691,,,,,3657,2.153,3187.817,1.877,2821.783,1.662
19/09/2025,2025-09-19,41,[09:00-09:15[,2025-09-19 08:00,1711.305,12771.038,7.463,9079.05,5.305,,,,,3400,1.987,2758.003,1.612,-2466.015,-1.441
19/09/2025,2025-09-19,42,[09:15-09:30[,2025-09-19 08:15,1699.658,15522.365,9.133,9079.05,5.342,,,,,4394,2.585,2784.376,1.638,-735.061,-0.432
19/09/2025,2025-09-19,43,[09:30-09:45[,2025-09-19 08:30,1694.696,15562.404,9.183,9079.05,5.357,,,,,4394,2.593,3066.777,1.81,-977.423,-0.577
19/09/2025,2025-09-19,44,[09:45-10:00[,2025-09-19 08:45,1686.457,15184.471,9.004,9079.05,5.384,,,,,4394,2.605,2874.857,1.705,-1163.436,-0.69
19/09/2025,2025-09-19,45,[10:00-10:15[,2025-09-19 09:00,1685.573,20564.977,12.201,11043.979,6.552,,,,,5333.64,3.164,3093.158,1.835,1094.2,0.649
19/09/2025,2025-09-19,46,[10:15-10:30[,2025-09-19 09:15,1660.531,20123.731,12.119,11043.979,6.651,,,,,5333.64,3.212,2153.559,1.297,1592.554,0.959
19/09/2025,2025-09-19,47,[10:30-10:45[,2025-09-19 09:30,1669.028,19524.304,11.698,11043.979,6.617,,,,,5333.64,3.196,2242.17,1.343,904.515,0.542
19/09/2025,2025-09-19,48,[10:45-11:00[,2025-09-19 09:45,1696.696,18160.348,10.703,11043.979,6.509,,,,,5333.64,3.144,3086.87,1.819,-1304.14,-0.769
19/09/2025,2025-09-19,49,[11:00-11:15[,2025-09-19 10:00,1715.937,17221.991,10.036,11495.479,6.699,,,,,3593.784,2.094,2968.777,1.73,-836.049,-0.487
19/09/2025,2025-09-19,50,[11:15-11:30[,2025-09-19 10:15,1720.36,17276.329,10.042,11495.479,6.682,,,,,3757.734,2.184,3070.325,1.785,-1047.208,-0.609
19/09/2025,2025-09-19,51,[11:30-11:45[,2025-09-19 10:30,1723.278,13128.839,7.619,11495.479,6.671,,,,,3757.734,2.181,2834.223,1.645,-4958.597,-2.877
19/09/2025,2025-09-19,52,[11:45-12:00[,2025-09-19 10:45,1731.239,25175.592,14.542,11495.479,6.64,,,,,3757.734,2.171,2887.957,1.668,7034.423,4.063
19/09/2025,2025-09-19,53,[12:00-12:15[,2025-09-19 11:00,1718.009,23356.302,13.595,12056.113,7.017,,,,,3670.648,2.137,2965.903,1.726,4663.639,2.715
19/09/2025,2025-09-19,54,[12:15-12:30[,2025-09-19 11:15,1694.187,20795.659,12.275,12056.113,7.116,,,,,3913.696,2.31,2278.359,1.345,2547.491,1.504
19/09/2025,2025-09-19,55,[12:30-12:45[,2025-09-19 11:30,1687.445,26375.678,15.631,12056.113,7.145,,,,,3913.696,2.319,2985.768,1.769,7420.101,4.397
19/09/2025,2025-09-19,56,[12:45-13:00[,2025-09-19 11:45,1689.5,12656.775,7.491,12056.113,7.136,,,,,3913.696,2.316,2977.319,1.762,-6290.353,-3.723
19/09/2025,2025-09-19,57,[13:00-13:15[,2025-09-19 12:00,1668.628,23023.492,13.798,14047.05,8.418,,,,,4393.56,2.633,2857.774,1.713,1725.108,1.034
19/09/2025,2025-09-19,58,[13:15-13:30[,2025-09-19 12:15,1667.317,20218.31,12.126,14047.05,8.425,,,,,4393.56,2.635,2971.705,1.782,-1194.005,-0.716
19/09/2025,2025-09-19,59,[13:30-13:45[,2025-09-19 12:30,1678.696,19109.391,11.383,14047.05,8.368,,,,,4393.56,2.617,3194.253,1.903,-2525.472,-1.504
19/09/2025,2025-09-19,60,[13:45-14:00[,2025-09-19 12:45,1678.177,25682.319,15.304,14047.05,8.37,,,,,4393.56,2.618,3039.847,1.811,4201.862,2.504
19/09/2025,2025-09-19,61,[14:00-14:15[,2025-09-19 13:00,1677.891,19358.614,11.537,13851.55,8.255,,,-117.238,-0.07,4250.224,2.533,2618.007,1.56,-1243.929,-0.741
19/09/2025,2025-09-19,62,[14:15-14:30[,2025-09-19 13:15,1701.008,21715.189,12.766,13851.55,8.143,,,,,4175.44,2.455,3007.642,1.768,680.557,0.4
19/09/2025,2025-09-19,63,[14:30-14:45[,2025-09-19 13:30,1722.471,16999.741,9.869,13851.55,8.042,,,,,4175.44,2.424,3247.697,1.885,-4274.946,-2.482
19/09/2025,2025-09-19,64,[14:45-15:00[,2025-09-19 13:45,1711.56,19861.479,11.604,13851.55,8.093,,,,,3801.52,2.221,3089.26,1.805,-880.851,-0.515
19/09/2025,2025-09-19,65,[15:00-15:15[,2025-09-19 14:00,1715.075,13960.695,8.14,10699.732,6.239,,,,,3803.64,2.218,3151.567,1.838,-3694.244,-2.154
19/09/2025,2025-09-19,66,[15:15-15:30[,2025-09-19 14:15,1721.475,16093.656,9.349,10699.732,6.215,,,,,3803.64,2.21,3273.041,1.901,-1682.757,-0.978
19/09/2025,2025-09-19,67,[15:30-15:45[,2025-09-19 14:30,1713.332,17017.951,9.933,10699.732,6.245,,,,,3793.2,2.214,3306.134,1.93,-781.114,-0.456
19/09/2025,2025-09-19,68,[15:45-16:00[,2025-09-19 14:45,1717.495,18909.035,11.01,10699.732,6.23,,,,,3793.2,2.209,3324.315,1.936,1091.789,0.636
19/09/2025,2025-09-19,69,[16:00-16:15[,2025-09-19 15:00,1716.542,18473.868,10.762,9360.083,5.453,,,,,5160,3.006,3358.965,1.957,594.82,0.347
19/09/2025,2025-09-19,70,[16:15-16:30[,2025-09-19 15:15,1711.234,19124.368,11.176,9360.083,5.47,,,,,5160,3.015,2792.316,1.632,1811.969,1.059
19/09/2025,2025-09-19,71,[16:30-16:45[,2025-09-19 15:30,1724.174,14233.541,8.255,9360.083,5.429,,,,,5160,2.993,3285.901,1.906,-3572.443,-2.072
19/09/2025,2025-09-19,72,[16:45-17:00[,2025-09-19 15:45,1730.118,16054.424,9.279,9360.083,5.41,,,,,5160,2.982,3318.955,1.918,-1784.614,-1.031
19/09/2025,2025-09-19,73,[17:00-17:15[,2025-09-19 16:00,1728.343,18002.389,10.416,8527.746,4.934,,,,,5295,3.064,3198.467,1.851,981.176,0.568
19/09/2025,2025-09-19,74,[17:15-17:30[,2025-09-19 16:15,1717.581,15555.663,9.057,8527.746,4.965,,,,,5295,3.083,3286.916,1.914,-1553.998,-0.905
19/09/2025,2025-09-19,75,[17:30-17:45[,2025-09-19 16:30,1711.344,17630.903,10.302,8527.746,4.983,,,,,5295,3.094,3167.043,1.851,641.114,0.375
19/09/2025,2025-09-19,76,[17:45-18:00[,2025-09-19 16:45,1737.768,14297.696,8.228,8527.746,4.907,,,,,5295,3.047,3303.289,1.901,-2828.339,-1.628
19/09/2025,2025-09-19,77,[18:00-18:15[,2025-09-19 17:00,1736.382,5648.566,3.253,3138.5,1.807,,,,,3812.58,2.196,2260.556,1.302,-3563.07,-2.052
19/09/2025,2025-09-19,78,[18:15-18:30[,2025-09-19 17:15,1736.613,13733.378,7.908,3138.5,1.807,,,,,3812.58,2.195,2201.416,1.268,4580.882,2.638
19/09/2025,2025-09-19,79,[18:30-18:45[,2025-09-19 17:30,1731.277,10464.634,6.044,3138.5,1.813,,,,,3641.598,2.103,1444.625,0.834,2239.911,1.294
19/09/2025,2025-09-19,80,[18:45-19:00[,2025-09-19 17:45,1749.292,7038.878,4.024,3138.5,1.794,,,,,4588.002,2.623,1484.786,0.849,-2172.41,-1.242
19/09/2025,2025-09-19,81,[19:00-19:15[,2025-09-19 18:00,1765.495,5410.283,3.064,2594.164,1.469,,,,,2443.302,1.384,1446.953,0.82,-1074.136,-0.608
19/09/2025,2025-09-19,82,[19:15-19:30[,2025-09-19 18:15,1788.891,4253.636,2.378,2594.164,1.45,,,,,2448.768,1.369,1399.807,0.783,-2189.103,-1.224
19/09/2025,2025-09-19,83,[19:30-19:45[,2025-09-19 18:30,1823.612,5359.831,2.939,2594.164,1.423,,,,,2514.36,1.379,1435.663,0.787,-1184.357,-0.649
19/09/2025,2025-09-19,84,[19:45-20:00[,2025-09-19 18:45,1865.839,5980.301,3.205,2594.164,1.39,,,,,2519.826,1.351,1579.966,0.847,-713.655,-0.382
19/09/2025,2025-09-19,85,[20:00-20:15[,2025-09-19 19:00,1876.801,21231.807,11.313,2834.683,1.51,,,,,2940,1.566,1519.214,0.809,13937.91,7.426
19/09/2025,2025-09-19,86,[20:15-20:30[,2025-09-19 19:15,1855.188,10515.755,5.668,2834.683,1.528,,,,,2940,1.585,1505.298,0.811,3235.774,1.744
19/09/2025,2025-09-19,87,[20:30-20:45[,2025-09-19 19:30,1832.189,13509.963,7.374,2834.683,1.547,,,,,2853.692,1.558,1446.994,0.79,6374.594,3.479
19/09/2025,2025-09-19,88,[20:45-21:00[,2025-09-19 19:45,1805.56,10351.23,5.733,2834.683,1.57,,,,,2609.588,1.445,1468.472,0.813,3438.488,1.904
19/09/2025,2025-09-19,89,[21:00-21:15[,2025-09-19 20:00,1779.101,8588.119,4.827,6709.119,3.771,,,,,1524.484,0.857,1418.42,0.797,-1063.904,-0.598
19/09/2025,2025-09-19,90,[21:15-21:30[,2025-09-19 20:15,1747.16,9132.162,5.227,6709.119,3.84,,,,,1524.484,0.873,1360.31,0.779,-461.751,-0.264
19/09/2025,2025-09-19,91,[21:30-21:45[,2025-09-19 20:30,1709.743,8628.889,5.047,6709.119,3.924,,,,,1524.484,0.892,1313.209,0.768,-917.923,-0.537
19/09/2025,2025-09-19,92,[21:45-22:00[,2025-09-19 20:45,1672.712,11773.733,7.039,6709.119,4.011,,,,,1524.484,0.911,1273.959,0.762,2266.171,1.355
19/09/2025,2025-09-19,93,[22:00-22:15[,2025-09-19 21:00,1651.996,11776.389,7.129,6875.024,4.162,,,,,3088,1.869,2183.052,1.321,-369.686,-0.224
19/09/2025,2025-09-19,94,[22:15-22:30[,2025-09-19 21:15,1627.858,12526.246,7.695,6875.024,4.223,,,,,3088,1.897,2415.419,1.484,147.803,0.091
19/09/2025,2025-09-19,95,[22:30-22:45[,2025-09-19 21:30,1596.179,12821.354,8.033,6875.024,4.307,,,,,3088,1.935,2406.225,1.507,452.105,0.283
19/09/2025,2025-09-19,96,[22:45-23:00[,2025-09-19 21:45,1555.31,16537.053,10.633,6875.024,4.42,,,,,3088,1.985,2288.749,1.472,4285.28,2.755
20/09/2025,2025-09-20,1,[23:00-23:15[,2025-09-19 22:00,1533.414,4603.578,3.002,2678.513,1.747,,,,,3522.68,2.297,2576.744,1.68,-4174.359,-2.722
20/09/2025,2025-09-20,2,[23:15-23:30[,2025-09-19 22:15,1511.564,5626.845,3.723,2678.513,1.772,,,,,3374.56,2.232,3197.977,2.116,-3624.204,-2.398
20/09/2025,2025-09-20,3,[23:30-23:45[,2025-09-19 22:30,1497.437,6313.852,4.216,2678.513,1.789,,,,,3220,2.15,3269.561,2.183,-2854.221,-1.906
20/09/2025,2025-09-20,4,[23:45-00:00[,2025-09-19 22:45,1448.769,8519.272,5.88,2678.513,1.849,,,,,3220,2.223,2945.032,2.033,-324.272,-0.224
20/09/2025,2025-09-20,5,[00:00-00:15[,2025-09-19 23:00,1424.096,14212.8,9.98,6634.578,4.659,,,,,3200,2.247,3160.746,2.219,1217.476,0.855
20/09/2025,2025-09-20,6,[00:15-00:30[,2025-09-19 23:15,1412.512,12497.304,8.848,6634.578,4.697,,,,,3200,2.265,3137.126,2.221,-474.401,-0.336
20/09/2025,2025-09-20,7,[00:30-00:45[,2025-09-19 23:30,1377.966,9900.939,7.185,6634.578,4.815,,,,,3200,2.322,3094.616,2.246,-3028.255,-2.198
20/09/2025,2025-09-20,8,[00:45-01:00[,2025-09-19 23:45,1356.466,9660.513,7.122,6634.578,4.891,,,,,3200,2.359,2834.038,2.089,-3008.104,-2.218
20/09/2025,2025-09-20,9,[01:00-01:15[,2025-09-20 00:00,1354.306,13241.068,9.777,7438.248,5.492,,,,,2840,2.097,3140.988,2.319,-178.169,-0.132
20/09/2025,2025-09-20,10,[01:15-01:30[,2025-09-20 00:15,1313.02,14183.168,10.802,7438.248,5.665,,,,,2840,2.163,3091.31,2.354,813.609,0.62
20/09/2025,2025-09-20,11,[01:30-01:45[,2025-09-20 00:30,1304.405,14236.795,10.914,7438.248,5.702,,,,,2840,2.177,3138.404,2.406,820.143,0.629
20/09/2025,2025-09-20,12,[01:45-02:00[,2025-09-20 00:45,1290.05,12112.033,9.389,7438.248,5.766,,,,,2840,2.201,3134.684,2.43,-1300.899,-1.008
20/09/2025,2025-09-20,13,[02:00-02:15[,2025-09-20 01:00,1269.494,14471.136,11.399,8274.093,6.518,,,,,3205.02,2.525,3100.127,2.442,-108.104,-0.085
20/09/2025,2025-09-20,14,[02:15-02:30[,2025-09-20 01:15,1261.361,12290.306,9.744,8274.093,6.56,,,,,3205.02,2.541,3137.863,2.488,-2326.671,-1.845
20/09/2025,2025-09-20,15,[02:30-02:45[,2025-09-20 01:30,1259.288,11927.494,9.472,8274.093,6.57,,,,,3205.02,2.545,3131.874,2.487,-2683.494,-2.131
20/09/2025,2025-09-20,16,[02:45-03:00[,2025-09-20 01:45,1230.355,12914.639,10.497,8274.093,6.725,,,,,3205.02,2.605,2825.013,2.296,-1389.487,-1.129
20/09/2025,2025-09-20,17,[03:00-03:15[,2025-09-20 02:00,1246.996,12012.631,9.633,8011.868,6.425,,,,,2313,1.855,3130.776,2.511,-1443.013,-1.157
20/09/2025,2025-09-20,18,[03:15-03:30[,2025-09-20 02:15,1237.638,12032.153,9.722,8011.868,6.474,,,,,2313,1.869,3131.263,2.53,-1423.977,-1.151
20/09/2025,2025-09-20,19,[03:30-03:45[,2025-09-20 02:30,1220.514,13012.405,10.661,8011.868,6.564,,,,,2313,1.895,3132.113,2.566,-444.576,-0.364
20/09/2025,2025-09-20,20,[03:45-04:00[,2025-09-20 02:45,1218.068,12518.282,10.277,8011.868,6.578,,,,,2313,1.899,3129.507,2.569,-936.092,-0.769
20/09/2025,2025-09-20,21,[04:00-04:15[,2025-09-20 03:00,1209.353,13905.164,11.498,7833.338,6.477,,,,,3263.72,2.699,3055.615,2.527,-247.51,-0.205
20/09/2025,2025-09-20,22,[04:15-04:30[,2025-09-20 03:15,1213.491,13829.629,11.397,7833.338,6.455,,,,,3263.72,2.69,3126.605,2.577,-394.034,-0.325
20/09/2025,2025-09-20,23,[04:30-04:45[,2025-09-20 03:30,1205.764,13568.69,11.253,7833.338,6.497,,,,,3263.72,2.707,3129.593,2.596,-657.961,-0.546
20/09/2025,2025-09-20,24,[04:45-05:00[,2025-09-20 03:45,1198.806,14264.187,11.899,7833.338,6.534,,,,,3263.72,2.722,2952.263,2.463,214.865,0.179
20/09/2025,2025-09-20,25,[05:00-05:15[,2025-09-20 04:00,1209.148,11428.361,9.452,5697.883,4.712,,,,,3263.72,2.699,3128.342,2.587,-661.583,-0.547
20/09/2025,2025-09-20,26,[05:15-05:30[,2025-09-20 04:15,1195.904,11693.814,9.778,5697.883,4.764,,,,,3263.72,2.729,2957.705,2.473,-225.493,-0.189
20/09/2025,2025-09-20,27,[05:30-05:45[,2025-09-20 04:30,1202.009,12322.177,10.251,5697.883,4.74,,,,,3263.72,2.715,3118.958,2.595,241.616,0.201
20/09/2025,2025-09-20,28,[05:45-06:00[,2025-09-20 04:45,1211.315,11853.592,9.786,5697.883,4.704,,,,,3263.72,2.694,3127.339,2.582,-235.349,-0.194
20/09/2025,2025-09-20,29,[06:00-06:15[,2025-09-20 05:00,1218.601,10728.615,8.804,5179.575,4.25,,,,,3200,2.626,3119.695,2.56,-770.655,-0.632
20/09/2025,2025-09-20,30,[06:15-06:30[,2025-09-20 05:15,1235.461,12907.377,10.447,5179.575,4.192,,,,,3200,2.59,3116.788,2.523,1411.014,1.142
20/09/2025,2025-09-20,31,[06:30-06:45[,2025-09-20 05:30,1251.037,11856.206,9.477,5179.575,4.14,,,,,3200,2.558,2382.03,1.904,1094.601,0.875
20/09/2025,2025-09-20,32,[06:45-07:00[,2025-09-20 05:45,1226.13,10224.67,8.339,5179.575,4.224,,,,,3200,2.61,2350.788,1.917,-505.694,-0.412
20/09/2025,2025-09-20,33,[07:00-07:15[,2025-09-20 06:00,1240.213,11235.389,9.059,5322.687,4.292,,,,,3039,2.45,2363.594,1.906,510.107,0.411
20/09/2025,2025-09-20,34,[07:15-07:30[,2025-09-20 06:15,1250.031,10208.127,8.166,5322.687,4.258,,,,,3200,2.56,2499.55,2,-814.11,-0.651
20/09/2025,2025-09-20,35,[07:30-07:45[,2025-09-20 06:30,1270.831,10579.965,8.325,5322.687,4.188,,,,,3200,2.518,2791.765,2.197,-734.488,-0.578
20/09/2025,2025-09-20,36,[07:45-08:00[,2025-09-20 06:45,1309.889,9910.717,7.566,5322.687,4.063,,,,,3200,2.443,3117.167,2.38,-1729.138,-1.32
20/09/2025,2025-09-20,37,[08:00-08:15[,2025-09-20 07:00,1315.766,19600.41,14.897,10120.236,7.692,,,,,6217.08,4.725,3103.793,2.359,159.301,0.121
20/09/2025,2025-09-20,38,[08:15-08:30[,2025-09-20 07:15,1338.908,18496.086,13.814,10120.236,7.559,,,,,6217.08,4.643,2980.716,2.226,-821.946,-0.614
20/09/2025,2025-09-20,39,[08:30-08:45[,2025-09-20 07:30,1360.102,18162.718,13.354,10120.236,7.441,,,,,6217.08,4.571,3103.891,2.282,-1278.49,-0.94
20/09/2025,2025-09-20,40,[08:45-09:00[,2025-09-20 07:45,1364.076,16407.022,12.028,10120.236,7.419,,,,,6217.08,4.558,3073.665,2.253,-3003.959,-2.202
20/09/2025,2025-09-20,41,[09:00-09:15[,2025-09-20 08:00,1400.494,25882.266,18.481,15059.458,10.753,,,,,10126.62,7.231,3054.82,2.181,-2358.631,-1.684
20/09/2025,2025-09-20,42,[09:15-09:30[,2025-09-20 08:15,1423.161,27447.183,19.286,15059.458,10.582,,,,,10126.62,7.116,3041.81,2.137,-780.704,-0.549
20/09/2025,2025-09-20,43,[09:30-09:45[,2025-09-20 08:30,1422.891,30477.875,21.42,15059.458,10.584,,,,,10126.62,7.117,2870.647,2.017,2421.151,1.702
20/09/2025,2025-09-20,44,[09:45-10:00[,2025-09-20 08:45,1445.86,36174.396,25.019,15059.458,10.416,,,,,10126.62,7.004,3027.629,2.094,7960.689,5.506
20/09/2025,2025-09-20,45,[10:00-10:15[,2025-09-20 09:00,1461.705,24958.714,17.075,18269.814,12.499,,,,,4388.64,3.002,3051.434,2.088,-751.174,-0.514
20/09/2025,2025-09-20,46,[10:15-10:30[,2025-09-20 09:15,1455.552,25455.379,17.488,18269.814,12.552,,,,,4388.64,3.015,2932.068,2.014,-135.143,-0.093
20/09/2025,2025-09-20,47,[10:30-10:45[,2025-09-20 09:30,1473.741,26273.797,17.828,18269.814,12.397,,,,,5230.254,3.549,3063.229,2.079,-289.5,-0.196
20/09/2025,2025-09-20,48,[10:45-11:00[,2025-09-20 09:45,1481.019,27998.915,18.905,18269.814,12.336,,,,,6323.436,4.27,3079.789,2.08,325.876,0.22
20/09/2025,2025-09-20,49,[11:00-11:15[,2025-09-20 10:00,1479.482,27900.995,18.859,18505.187,12.508,,,,,6569.688,4.441,3085.54,2.086,-259.42,-0.175
20/09/2025,2025-09-20,50,[11:15-11:30[,2025-09-20 10:15,1497.692,27815.334,18.572,18505.187,12.356,,,,,6589.536,4.4,3050.102,2.037,-329.491,-0.22
20/09/2025,2025-09-20,51,[11:30-11:45[,2025-09-20 10:30,1497.808,27933.448,18.65,18505.187,12.355,,,,,6655.696,4.444,2783.344,1.858,-10.779,-0.007
20/09/2025,2025-09-20,52,[11:45-12:00[,2025-09-20 10:45,1506.518,28633.626,19.006,18505.187,12.283,,,,,6708.624,4.453,2996.685,1.989,423.13,0.281
20/09/2025,2025-09-20,53,[12:00-12:15[,2025-09-20 11:00,1523.402,28906.41,18.975,19183.38,12.592,,,,,6424.704,4.217,3044.668,1.999,253.658,0.167
20/09/2025,2025-09-20,54,[12:15-12:30[,2025-09-20 11:15,1537.54,29101.731,18.927,19183.38,12.477,,,,,6424.704,4.179,2972.182,1.933,521.465,0.339
20/09/2025,2025-09-20,55,[12:30-12:45[,2025-09-20 11:30,1537.333,29145.184,18.958,19183.38,12.478,,,,,6424.704,4.179,2950.328,1.919,586.772,0.382
20/09/2025,2025-09-20,56,[12:45-13:00[,2025-09-20 11:45,1532.28,28179.193,18.39,19183.38,12.52,,,,,6424.704,4.193,3119.223,2.036,-548.114,-0.358
20/09/2025,2025-09-20,57,[13:00-13:15[,2025-09-20 12:00,1511.169,26363.815,17.446,19539.088,12.93,,,,,6240.936,4.13,3027.7,2.004,-2443.91,-1.617
20/09/2025,2025-09-20,58,[13:15-13:30[,2025-09-20 12:15,1482.419,27129.818,18.301,19539.088,13.181,,,,,6240.936,4.21,3102.091,2.093,-1752.297,-1.182
20/09/2025,2025-09-20,59,[13:30-13:45[,2025-09-20 12:30,1473.336,25723.648,17.459,19539.088,13.262,,,,,6353.724,4.312,2982.155,2.024,-3151.319,-2.139
20/09/2025,2025-09-20,60,[13:45-14:00[,2025-09-20 12:45,1470.476,29682.844,20.186,19539.088,13.288,,,,,6353.724,4.321,3073.104,2.09,716.928,0.488
20/09/2025,2025-09-20,61,[14:00-14:15[,2025-09-20 13:00,1446.016,26573.991,18.377,19648.246,13.588,,,,,6187.382,4.279,2853.7,1.973,-2115.337,-1.463
20/09/2025,2025-09-20,62,[14:15-14:30[,2025-09-20 13:15,1446.022,26087.437,18.041,19648.246,13.588,,,,,6187.382,4.279,3066.045,2.12,-2814.235,-1.946
20/09/2025,2025-09-20,63,[14:30-14:45[,2025-09-20 13:30,1446.774,23929.764,16.54,19648.246,13.581,,,,,6292.884,4.35,3075.356,2.126,-5086.721,-3.516
20/09/2025,2025-09-20,64,[14:45-15:00[,2025-09-20 13:45,1427.544,21810.923,15.279,19648.246,13.764,,,,,6292.884,4.408,2975.004,2.084,-7105.211,-4.977
20/09/2025,2025-09-20,65,[15:00-15:15[,2025-09-20 14:00,1424.547,23277.449,16.34,18509.187,12.993,,,,,6003.312,4.214,3041.425,2.135,-4276.475,-3.002
20/09/2025,2025-09-20,66,[15:15-15:30[,2025-09-20 14:15,1423.104,25292.981,17.773,18509.187,13.006,,,,,6003.312,4.218,3059.473,2.15,-2278.991,-1.601
20/09/2025,2025-09-20,67,[15:30-15:45[,2025-09-20 14:30,1403.554,25990.525,18.518,18509.187,13.187,,,,,5946.558,4.237,2909.753,2.073,-1374.973,-0.98
20/09/2025,2025-09-20,68,[15:45-16:00[,2025-09-20 14:45,1405.542,21777.115,15.494,18509.187,13.169,,,,,5133.084,3.652,3036.661,2.16,-4901.817,-3.487
20/09/2025,2025-09-20,69,[16:00-16:15[,2025-09-20 15:00,1394.503,22788.742,16.342,16585.263,11.893,,,,,5359.284,3.843,3038.686,2.179,-2194.491,-1.574
20/09/2025,2025-09-20,70,[16:15-16:30[,2025-09-20 15:15,1374.784,22707.562,16.517,16585.263,12.064,,,,,5359.284,3.898,2813.568,2.047,-2050.552,-1.492
20/09/2025,2025-09-20,71,[16:30-16:45[,2025-09-20 15:30,1380.523,20688.036,14.986,16585.263,12.014,,,,,5359.284,3.882,3093.613,2.241,-4350.123,-3.151
20/09/2025,2025-09-20,72,[16:45-17:00[,2025-09-20 15:45,1388.316,20724.446,14.928,16585.263,11.946,,,,,4442.16,3.2,3081.359,2.219,-3384.336,-2.438
20/09/2025,2025-09-20,73,[17:00-17:15[,2025-09-20 16:00,1366.852,25543.254,18.688,13753.651,10.062,,,,,7767.98,5.683,2762.635,2.021,1258.988,0.921
20/09/2025,2025-09-20,74,[17:15-17:30[,2025-09-20 16:15,1387.803,27268.138,19.648,13753.651,9.91,,,,,7767.98,5.597,3095.467,2.23,2651.041,1.91
20/09/2025,2025-09-20,75,[17:30-17:45[,2025-09-20 16:30,1400.777,21902.265,15.636,13753.651,9.819,,,,,7767.98,5.545,2966.619,2.118,-2585.985,-1.846
20/09/2025,2025-09-20,76,[17:45-18:00[,2025-09-20 16:45,1407.975,22027.282,15.645,13753.651,9.768,,,,,7767.98,5.517,3095.445,2.199,-2589.793,-1.839
20/09/2025,2025-09-20,77,[18:00-18:15[,2025-09-20 17:00,1428.503,9778.754,6.845,7917.615,5.543,,,,,4392.08,3.075,3061.267,2.143,-5592.207,-3.915
20/09/2025,2025-09-20,78,[18:15-18:30[,2025-09-20 17:15,1445.237,12593.262,8.714,7917.615,5.478,,,,,4392.08,3.039,2936.102,2.032,-2652.535,-1.835
20/09/2025,2025-09-20,79,[18:30-18:45[,2025-09-20 17:30,1468.854,12851.768,8.75,7917.615,5.39,,,,,4392.08,2.99,3031.79,2.064,-2489.716,-1.695
20/09/2025,2025-09-20,80,[18:45-19:00[,2025-09-20 17:45,1492.305,16101.633,10.79,7917.615,5.306,,,,,4392.08,2.943,2897.628,1.942,894.311,0.599
20/09/2025,2025-09-20,81,[19:00-19:15[,2025-09-20 18:00,1520.549,4086.635,2.688,2619.387,1.723,,,,,2660,1.749,2079.108,1.367,-3271.86,-2.152
20/09/2025,2025-09-20,82,[19:15-19:30[,2025-09-20 18:15,1533.456,6403.16,4.176,2619.387,1.708,,,,,2660,1.735,2055.445,1.34,-931.672,-0.608
20/09/2025,2025-09-20,83,[19:30-19:45[,2025-09-20 18:30,1568.089,7769.57,4.955,2619.387,1.67,,,,,2660,1.696,2053.838,1.31,436.345,0.278
20/09/2025,2025-09-20,84,[19:45-20:00[,2025-09-20 18:45,1613.288,7328.059,4.542,2619.387,1.624,,,,,2660,1.649,2064.316,1.28,-15.644,-0.01
20/09/2025,2025-09-20,85,[20:00-20:15[,2025-09-20 19:00,1613.098,2502.966,1.552,2676.163,1.659,,,,,2870,1.779,1265.398,0.784,-4308.595,-2.671
20/09/2025,2025-09-20,86,[20:15-20:30[,2025-09-20 19:15,1592.515,6859.719,4.307,2676.163,1.68,,,,,2870,1.802,1271.907,0.799,41.65,0.026
20/09/2025,2025-09-20,87,[20:30-20:45[,2025-09-20 19:30,1568.821,5181.364,3.303,2676.163,1.706,,,,,2870,1.829,1273.125,0.812,-1637.923,-1.044
20/09/2025,2025-09-20,88,[20:45-21:00[,2025-09-20 19:45,1544.874,5453.494,3.53,2676.163,1.732,,,,,2870,1.858,1270.768,0.823,-1363.437,-0.883
20/09/2025,2025-09-20,89,[21:00-21:15[,2025-09-20 20:00,1527.913,9190.435,6.015,5033.025,3.294,,,,,3039,1.989,2228.214,1.458,-1109.803,-0.726
20/09/2025,2025-09-20,90,[21:15-21:30[,2025-09-20 20:15,1503.349,7217.343,4.801,5033.025,3.348,,,,,3039,2.021,2231.798,1.485,-3086.48,-2.053
20/09/2025,2025-09-20,91,[21:30-21:45[,2025-09-20 20:30,1484.762,5748.655,3.872,5033.025,3.39,,,,,3200,2.155,2314.64,1.559,-4799.01,-3.232
20/09/2025,2025-09-20,92,[21:45-22:00[,2025-09-20 20:45,1453.195,11863.738,8.164,5033.025,3.463,,,,,3200,2.202,2202.531,1.516,1428.182,0.983
20/09/2025,2025-09-20,93,[22:00-22:15[,2025-09-20 21:00,1429.801,10214.931,7.144,5221.598,3.652,,,,,4238.14,2.964,2245.392,1.57,-1490.199,-1.042
20/09/2025,2025-09-20,94,[22:15-22:30[,2025-09-20 21:15,1402.929,10398.44,7.412,5221.598,3.722,,,,,4238.14,3.021,2110.376,1.504,-1171.674,-0.835
20/09/2025,2025-09-20,95,[22:30-22:45[,2025-09-20 21:30,1397.753,13412.097,9.595,5221.598,3.736,,,,,4238.14,3.032,3079.456,2.203,872.903,0.625
20/09/2025,2025-09-20,96,[22:45-23:00[,2025-09-20 21:45,1382.665,13795.278,9.977,5221.598,3.776,,,,,4238.14,3.065,3080.664,2.228,1254.875,0.908
21/09/2025,2025-09-21,1,[23:00-23:15[,2025-09-20 22:00,1354.183,20627.52,15.232,11870.575,8.766,,,,,3384,2.499,2861.927,2.113,2511.019,1.854
21/09/2025,2025-09-21,2,[23:15-23:30[,2025-09-20 22:15,1326.895,18666.339,14.068,11870.575,8.946,,,,,3384,2.55,2994.763,2.257,417,0.314
21/09/2025,2025-09-21,3,[23:30-23:45[,2025-09-20 22:30,1311.027,24458.341,18.656,11870.575,9.054,,,,,3274.568,2.498,3079.434,2.349,6233.764,4.755
21/09/2025,2025-09-21,4,[23:45-00:00[,2025-09-20 22:45,1279.313,21706.834,16.968,11870.575,9.279,,,,,3614.408,2.825,2962.625,2.316,3259.227,2.548
21/09/2025,2025-09-21,5,[00:00-00:15[,2025-09-20 23:00,1256.27,20198.67,16.078,12323.888,9.81,,,,,3060,2.436,3080.056,2.452,1734.726,1.381
21/09/2025,2025-09-21,6,[00:15-00:30[,2025-09-20 23:15,1241.619,19027.82,15.325,12323.888,9.926,,,,,3060,2.465,3023.612,2.435,620.32,0.5
21/09/2025,2025-09-21,7,[00:30-00:45[,2025-09-20 23:30,1223.852,16174.686,13.216,12323.888,10.07,,,,,3060,2.5,3022.127,2.469,-2231.329,-1.823
21/09/2025,2025-09-21,8,[00:45-01:00[,2025-09-20 23:45,1204.169,16132.443,13.397,12323.888,10.234,,,,,3060,2.541,3022.425,2.51,-2273.87,-1.888
21/09/2025,2025-09-21,9,[01:00-01:15[,2025-09-21 00:00,1191.26,17835.015,14.972,13932.15,11.695,,,,,2693.6,2.261,3028.424,2.542,-1819.159,-1.527
21/09/2025,2025-09-21,10,[01:15-01:30[,2025-09-21 00:15,1183.992,17378.784,14.678,13932.15,11.767,,,,,2790,2.356,3023.801,2.554,-2367.168,-1.999
21/09/2025,2025-09-21,11,[01:30-01:45[,2025-09-21 00:30,1147.09,17324.871,15.103,13932.15,12.146,,,,,2897,2.526,3022.193,2.635,-2526.472,-2.203
21/09/2025,2025-09-21,12,[01:45-02:00[,2025-09-21 00:45,1139.569,19412.203,17.035,13932.15,12.226,,,,,2897,2.542,3012.625,2.644,-429.572,-0.377
21/09/2025,2025-09-21,13,[02:00-02:15[,2025-09-21 01:00,1134.006,31026.163,27.36,13420.575,11.835,,,,,2132.312,1.88,3008.01,2.653,12465.267,10.992
21/09/2025,2025-09-21,14,[02:15-02:30[,2025-09-21 01:15,1117.537,31437.71,28.131,13420.575,12.009,,,,,2438.436,2.182,2827.366,2.53,12751.333,11.41
21/09/2025,2025-09-21,15,[02:30-02:45[,2025-09-21 01:30,1116.677,33376.811,29.889,13420.575,12.018,,,,,2670,2.391,3016.68,2.701,14269.556,12.779
21/09/2025,2025-09-21,16,[02:45-03:00[,2025-09-21 01:45,1101.226,29277.926,26.587,13420.575,12.187,,,,,2670,2.425,3012.827,2.736,10174.524,9.239
21/09/2025,2025-09-21,17,[03:00-03:15[,2025-09-21 02:00,1093.136,19461.646,17.803,13400.388,12.259,,,,,1847.3,1.69,2939.773,2.689,1274.185,1.166
21/09/2025,2025-09-21,18,[03:15-03:30[,2025-09-21 02:15,1093.077,17660.099,16.156,13400.388,12.259,,,,,2142.868,1.96,3006.261,2.75,-889.418,-0.814
21/09/2025,2025-09-21,19,[03:30-03:45[,2025-09-21 02:30,1073.219,18518.703,17.255,13400.388,12.486,,,,,2470.104,2.302,2994.645,2.79,-346.434,-0.323
21/09/2025,2025-09-21,20,[03:45-04:00[,2025-09-21 02:45,1072.977,19989.907,18.63,13400.388,12.489,,,,,2538.718,2.366,3007.124,2.803,1043.678,0.973
21/09/2025,2025-09-21,21,[04:00-04:15[,2025-09-21 03:00,1081.557,18767.948,17.353,13611.138,12.585,,,,,2417.324,2.235,3009.989,2.783,-270.503,-0.25
21/09/2025,2025-09-21,22,[04:15-04:30[,2025-09-21 03:15,1060.524,18600.705,17.539,13611.138,12.834,,,,,2720,2.565,2896.919,2.732,-627.352,-0.592
21/09/2025,2025-09-21,23,[04:30-04:45[,2025-09-21 03:30,1069.532,18951.045,17.719,13611.138,12.726,,,,,2720,2.543,3009.491,2.814,-389.583,-0.364
21/09/2025,2025-09-21,24,[04:45-05:00[,2025-09-21 03:45,1066.608,18350.618,17.205,13611.138,12.761,,,,,2720,2.55,3007.344,2.82,-987.863,-0.926
21/09/2025,2025-09-21,25,[05:00-05:15[,2025-09-21 04:00,1061.592,16550.808,15.591,13449.325,12.669,,,,,2730,2.572,2661.138,2.507,-2289.655,-2.157
21/09/2025,2025-09-21,26,[05:15-05:30[,2025-09-21 04:15,1070.499,19949.455,18.636,13449.325,12.564,,,,,2730,2.55,3000.05,2.802,770.08,0.719
21/09/2025,2025-09-21,27,[05:30-05:45[,2025-09-21 04:30,1069.185,18449.229,17.255,13449.325,12.579,,,,,2730,2.553,3030.385,2.834,-760.48,-0.711
21/09/2025,2025-09-21,28,[05:45-06:00[,2025-09-21 04:45,1071.569,19623.779,18.313,13449.325,12.551,,,,,2343.432,2.187,2880.002,2.688,951.019,0.888
21/09/2025,2025-09-21,29,[06:00-06:15[,2025-09-21 05:00,1093.351,17905.49,16.377,12165.475,11.127,,,,,3000,2.744,2926.893,2.677,-186.878,-0.171
21/09/2025,2025-09-21,30,[06:15-06:30[,2025-09-21 05:15,1072.702,16700.145,15.568,12165.475,11.341,,,,,3000,2.797,2061.841,1.922,-527.172,-0.491
21/09/2025,2025-09-21,31,[06:30-06:45[,2025-09-21 05:30,1083.736,21288.167,19.643,12165.475,11.225,,,,,3396,3.134,2121.083,1.957,3605.609,3.327
21/09/2025,2025-09-21,32,[06:45-07:00[,2025-09-21 05:45,1107.889,20324.772,18.345,12165.475,10.981,,,,,3396,3.065,2934.963,2.649,1828.334,1.65
21/09/2025,2025-09-21,33,[07:00-07:15[,2025-09-21 06:00,1089.879,28263.227,25.932,14089.55,12.928,,,,,10689.12,9.808,2862.303,2.626,622.254,0.571
21/09/2025,2025-09-21,34,[07:15-07:30[,2025-09-21 06:15,1094.643,27985.746,25.566,14089.55,12.871,,,,,10689.12,9.765,2976.749,2.719,230.327,0.21
21/09/2025,2025-09-21,35,[07:30-07:45[,2025-09-21 06:30,1107.971,26648.435,24.052,14089.55,12.717,,,,,10689.12,9.647,2994.438,2.703,-1124.673,-1.015
21/09/2025,2025-09-21,36,[07:45-08:00[,2025-09-21 06:45,1114.087,27628.8,24.799,14089.55,12.647,,,,,10689.12,9.595,2975.265,2.671,-125.135,-0.112
21/09/2025,2025-09-21,37,[08:00-08:15[,2025-09-21 07:00,1123.298,29509.188,26.27,21060.173,18.749,,,,,5815.6,5.177,2997.001,2.668,-363.586,-0.324
21/09/2025,2025-09-21,38,[08:15-08:30[,2025-09-21 07:15,1141.396,30891.695,27.065,21060.173,18.451,,,,,5815.6,5.095,2998.503,2.627,1017.42,0.891
21/09/2025,2025-09-21,39,[08:30-08:45[,2025-09-21 07:30,1130.853,29863.843,26.408,21060.173,18.623,,,,,5854.488,5.177,2671.558,2.362,277.624,0.245
21/09/2025,2025-09-21,40,[08:45-09:00[,2025-09-21 07:45,1154.1,29529.692,25.587,21060.173,18.248,,,,,5531.198,4.793,3022.781,2.619,-84.46,-0.073
21/09/2025,2025-09-21,41,[09:00-09:15[,2025-09-21 08:00,1174.588,28892.38,24.598,22204.57,18.904,,,,,3413.682,2.906,2959.823,2.52,314.305,0.268
21/09/2025,2025-09-21,42,[09:15-09:30[,2025-09-21 08:15,1167.138,27741.243,23.769,22204.57,19.025,,,,,3413.682,2.925,2957.593,2.534,-834.601,-0.715
21/09/2025,2025-09-21,43,[09:30-09:45[,2025-09-21 08:30,1188.486,31158.899,26.217,22204.57,18.683,,,,,6467.58,5.442,2993.725,2.519,-506.976,-0.427
21/09/2025,2025-09-21,44,[09:45-10:00[,2025-09-21 08:45,1194.17,32181.85,26.949,22204.57,18.594,,,,,7002.828,5.864,2942.907,2.464,31.546,0.026
21/09/2025,2025-09-21,45,[10:00-10:15[,2025-09-21 09:00,1193.58,33804.576,28.322,23168.723,19.411,,,,,6191.484,5.187,2699.628,2.262,1744.742,1.462
21/09/2025,2025-09-21,46,[10:15-10:30[,2025-09-21 09:15,1205.871,33346.977,27.654,23168.723,19.213,,,,,6191.484,5.134,2923.291,2.424,1063.48,0.882
21/09/2025,2025-09-21,47,[10:30-10:45[,2025-09-21 09:30,1211.154,33659.041,27.791,23168.723,19.129,,,,,6191.484,5.112,2904.88,2.398,1393.955,1.151
21/09/2025,2025-09-21,48,[10:45-11:00[,2025-09-21 09:45,1200.063,33298.101,27.747,23168.723,19.306,,,,,6191.484,5.159,2590.671,2.159,1347.223,1.123
21/09/2025,2025-09-21,49,[11:00-11:15[,2025-09-21 10:00,1214.133,34296.935,28.248,23254.418,19.153,,,,,7165.248,5.902,2852.766,2.35,1024.503,0.844
21/09/2025,2025-09-21,50,[11:15-11:30[,2025-09-21 10:15,1232.358,33676.454,27.327,23254.418,18.87,,,,,7165.248,5.814,2852.881,2.315,403.908,0.328
21/09/2025,2025-09-21,51,[11:30-11:45[,2025-09-21 10:30,1228.647,31297.801,25.473,23254.418,18.927,,,,,7332.48,5.968,2603.731,2.119,-1892.827,-1.541
21/09/2025,2025-09-21,52,[11:45-12:00[,2025-09-21 10:45,1247.047,32752.643,26.264,23254.418,18.648,,,,,7332.48,5.88,2793.119,2.24,-627.374,-0.503
21/09/2025,2025-09-21,53,[12:00-12:15[,2025-09-21 11:00,1260.573,33122.841,26.276,23253.825,18.447,,,,,6191.484,4.912,2775.073,2.201,902.46,0.716
21/09/2025,2025-09-21,54,[12:15-12:30[,2025-09-21 11:15,1247.948,33631.086,26.949,23253.825,18.634,,,,,6350.24,5.089,2657.731,2.13,1369.289,1.097
21/09/2025,2025-09-21,55,[12:30-12:45[,2025-09-21 11:30,1250.766,33618.73,26.879,23253.825,18.592,,,,,6521.208,5.214,2750.214,2.199,1093.483,0.874
21/09/2025,2025-09-21,56,[12:45-13:00[,2025-09-21 11:45,1246.591,33621.158,26.97,23253.825,18.654,,,,,6521.208,5.231,2749.749,2.206,1096.376,0.879
21/09/2025,2025-09-21,57,[13:00-13:15[,2025-09-21 12:00,1213.124,33597.006,27.695,23258.013,19.172,,,,,6150.924,5.07,2711.98,2.236,1476.09,1.217
21/09/2025,2025-09-21,58,[13:15-13:30[,2025-09-21 12:15,1197.901,33246.499,27.754,23258.013,19.416,,,,,6150.924,5.135,2713.611,2.265,1123.951,0.938
21/09/2025,2025-09-21,59,[13:30-13:45[,2025-09-21 12:30,1184.302,33895.633,28.621,23258.013,19.639,,,,,6478.488,5.47,2720.774,2.297,1438.359,1.215
21/09/2025,2025-09-21,60,[13:45-14:00[,2025-09-21 12:45,1144.397,33793.298,29.529,23258.013,20.323,,,,,6478.488,5.661,2262.912,1.977,1793.885,1.568
21/09/2025,2025-09-21,61,[14:00-14:15[,2025-09-21 13:00,1158.16,33177.215,28.646,23330.575,20.145,,,,,6090.084,5.258,2728.224,2.356,1028.332,0.888
21/09/2025,2025-09-21,62,[14:15-14:30[,2025-09-21 13:15,1155.691,33218.675,28.744,23330.575,20.188,,,,,6228.222,5.389,2736.354,2.368,923.524,0.799
21/09/2025,2025-09-21,63,[14:30-14:45[,2025-09-21 13:30,1128.54,33019.132,29.258,23330.575,20.673,,,,,6414.408,5.684,2478.748,2.196,795.402,0.705
21/09/2025,2025-09-21,64,[14:45-15:00[,2025-09-21 13:45,1128.293,33565.792,29.749,23330.575,20.678,,,,,6414.408,5.685,2654.8,2.353,1166.009,1.033
21/09/2025,2025-09-21,65,[15:00-15:15[,2025-09-21 14:00,1132.196,32707.171,28.888,23350.996,20.625,,,,,6171.204,5.451,2791.385,2.465,393.586,0.348
21/09/2025,2025-09-21,66,[15:15-15:30[,2025-09-21 14:15,1117.405,32315.353,28.92,23350.996,20.898,,,,,6171.204,5.523,2725.266,2.439,67.886,0.061
21/09/2025,2025-09-21,67,[15:30-15:45[,2025-09-21 14:30,1115.554,32329.457,28.981,23350.996,20.932,,,,,6171.204,5.532,2632.606,2.36,174.651,0.157
21/09/2025,2025-09-21,68,[15:45-16:00[,2025-09-21 14:45,1123.343,32486.116,28.919,23350.996,20.787,,,,,6171.204,5.494,2733.601,2.433,230.315,0.205
21/09/2025,2025-09-21,69,[16:00-16:15[,2025-09-21 15:00,1127.774,33628.153,29.818,23270.908,20.634,,,,,7120.688,6.314,2789.14,2.473,447.417,0.397
21/09/2025,2025-09-21,70,[16:15-16:30[,2025-09-21 15:15,1125.114,33635.396,29.895,23270.908,20.683,,,,,7120.688,6.329,2352.335,2.091,891.466,0.792
21/09/2025,2025-09-21,71,[16:30-16:45[,2025-09-21 15:30,1140.623,38831.872,34.044,23270.908,20.402,,,,,7120.688,6.243,2703.981,2.371,5736.296,5.029
21/09/2025,2025-09-21,72,[16:45-17:00[,2025-09-21 15:45,1144.059,33149.632,28.975,23270.908,20.341,,,,,7120.688,6.224,1988.416,1.738,769.62,0.673
21/09/2025,2025-09-21,73,[17:00-17:15[,2025-09-21 16:00,1190.37,33000.001,27.722,22755.516,19.116,,,,,8416.984,7.071,2882.102,2.421,-1054.601,-0.886
21/09/2025,2025-09-21,74,[17:15-17:30[,2025-09-21 16:15,1199.662,44677.193,37.241,22755.516,18.968,,,,,8058.532,6.717,2843.073,2.37,11020.073,9.186
21/09/2025,2025-09-21,75,[17:30-17:45[,2025-09-21 16:30,1231.774,48515.981,39.387,22755.516,18.474,,,,,7467.75,6.063,2905.507,2.359,15387.208,12.492
21/09/2025,2025-09-21,76,[17:45-18:00[,2025-09-21 16:45,1269.988,42332.629,33.333,22755.516,17.918,,,,,3449.508,2.716,2916.271,2.296,13211.334,10.403
21/09/2025,2025-09-21,77,[18:00-18:15[,2025-09-21 17:00,1276.276,41275.195,32.34,16686.129,13.074,,,,,7056.408,5.529,2881.765,2.258,14650.893,11.479
21/09/2025,2025-09-21,78,[18:15-18:30[,2025-09-21 17:15,1314.133,26792.325,20.388,16686.129,12.697,,,,,7402.88,5.633,2923.881,2.225,-220.564,-0.168
21/09/2025,2025-09-21,79,[18:30-18:45[,2025-09-21 17:30,1343.908,28439.644,21.162,16686.129,12.416,,,,,7402.88,5.508,2924.08,2.176,1426.555,1.061
21/09/2025,2025-09-21,80,[18:45-19:00[,2025-09-21 17:45,1371.454,21207.558,15.464,16686.129,12.167,,,,,5158.4,3.761,2924.025,2.132,-3560.995,-2.597
21/09/2025,2025-09-21,81,[19:00-19:15[,2025-09-21 18:00,1416.654,52302.933,36.92,14439.925,10.193,,,,,2893,2.042,2948.352,2.081,32021.656,22.604
21/09/2025,2025-09-21,82,[19:15-19:30[,2025-09-21 18:15,1446.788,28232.147,19.514,14439.925,9.981,,,,,3054,2.111,2866.843,1.982,7871.379,5.441
21/09/2025,2025-09-21,83,[19:30-19:45[,2025-09-21 18:30,1479.804,24754.453,16.728,14439.925,9.758,,,,,3054,2.064,2788.608,1.884,4471.921,3.022
21/09/2025,2025-09-21,84,[19:45-20:00[,2025-09-21 18:45,1538.727,35223.102,22.891,14439.925,9.384,,,,,3054,1.985,2909.299,1.891,14819.878,9.631
21/09/2025,2025-09-21,85,[20:00-20:15[,2025-09-21 19:00,1558.906,13233.514,8.489,15383.7,9.868,,,,,2178.232,1.397,1362.166,0.874,-5690.584,-3.65
21/09/2025,2025-09-21,86,[20:15-20:30[,2025-09-21 19:15,1528.798,16752.405,10.958,15383.7,10.063,,,,,2178.232,1.425,1362.132,0.891,-2171.659,-1.421
21/09/2025,2025-09-21,87,[20:30-20:45[,2025-09-21 19:30,1509.027,18780.677,12.446,15383.7,10.194,,,,,2178.232,1.443,1316.067,0.872,-97.323,-0.064
21/09/2025,2025-09-21,88,[20:45-21:00[,2025-09-21 19:45,1488.939,18509.263,12.431,15383.7,10.332,,,,,2178.232,1.463,1324.735,0.89,-377.404,-0.253
21/09/2025,2025-09-21,89,[21:00-21:15[,2025-09-21 20:00,1461.255,15922.056,10.896,15975.655,10.933,,,,,3383.928,2.316,1215.455,0.832,-4652.982,-3.184
21/09/2025,2025-09-21,90,[21:15-21:30[,2025-09-21 20:15,1441.597,16442.326,11.406,15975.655,11.082,,,,,3902.76,2.707,1204.519,0.836,-4640.608,-3.219
21/09/2025,2025-09-21,91,[21:30-21:45[,2025-09-21 20:30,1418.72,19707.653,13.891,15975.655,11.261,,,,,3902.76,2.751,1235.531,0.871,-1406.293,-0.991
21/09/2025,2025-09-21,92,[21:45-22:00[,2025-09-21 20:45,1391.647,19774.07,14.209,15975.655,11.48,,,,,3721.83,2.674,1400.692,1.006,-1324.107,-0.951
21/09/2025,2025-09-21,93,[22:00-22:15[,2025-09-21 21:00,1404.577,27343.707,19.468,17311.67,12.325,,,,,5944.32,4.232,2933.059,2.088,1154.658,0.822
21/09/2025,2025-09-21,94,[22:15-22:30[,2025-09-21 21:15,1387.579,23396.048,16.861,17311.67,12.476,,,,,5944.32,4.284,2995.125,2.159,-2855.067,-2.058
21/09/2025,2025-09-21,95,[22:30-22:45[,2025-09-21 21:30,1374.238,25299.464,18.41,17311.67,12.597,,,,,5944.32,4.326,2989.266,2.175,-945.792,-0.688
21/09/2025,2025-09-21,96,[22:45-23:00[,2025-09-21 21:45,1326.323,27194.897,20.504,17311.67,13.052,,,,,6742.4,5.084,2781.612,2.097,359.215,0.271
22/09/2025,2025-09-22,1,[23:00-23:15[,2025-09-21 22:00,1317.256,27674.333,21.009,21440.99,16.277,,,,,5448.996,4.137,2887.231,2.192,-2102.884,-1.596
22/09/2025,2025-09-22,2,[23:15-23:30[,2025-09-21 22:15,1290.98,29784.118,23.071,21440.99,16.608,,,,,5708.472,4.422,2867.194,2.221,-232.538,-0.18
22/09/2025,2025-09-22,3,[23:30-23:45[,2025-09-21 22:30,1244.44,30053.752,24.15,21440.99,17.229,,,,,6452.44,5.185,2622.435,2.107,-462.113,-0.371
22/09/2025,2025-09-22,4,[23:45-00:00[,2025-09-21 22:45,1240.288,30608.935,24.679,21440.99,17.287,,,,,6452.44,5.202,2897.081,2.336,-181.576,-0.146
22/09/2025,2025-09-22,5,[00:00-00:15[,2025-09-21 23:00,1231.973,27828.596,22.589,21482.755,17.438,,,,,4459.24,3.62,3000.625,2.436,-1114.023,-0.904
22/09/2025,2025-09-22,6,[00:15-00:30[,2025-09-21 23:15,1202.675,28090.585,23.357,21482.755,17.862,,,,,4555.656,3.788,2991.454,2.487,-939.28,-0.781
22/09/2025,2025-09-22,7,[00:30-00:45[,2025-09-21 23:30,1200.034,27789.098,23.157,21482.755,17.902,,,,,4676.176,3.897,3004.407,2.504,-1374.24,-1.145
22/09/2025,2025-09-22,8,[00:45-01:00[,2025-09-21 23:45,1178.291,28986.905,24.601,21482.755,18.232,,,,,4832.852,4.102,2949.845,2.503,-278.547,-0.236
22/09/2025,2025-09-22,9,[01:00-01:15[,2025-09-22 00:00,1165.334,30211.474,25.925,22082.428,18.949,,,,,5621.4,4.824,3005.282,2.579,-497.636,-0.427
22/09/2025,2025-09-22,10,[01:15-01:30[,2025-09-22 00:15,1156.804,31832.605,27.518,22082.428,19.089,,,,,5702.4,4.929,2972.022,2.569,1075.756,0.93
22/09/2025,2025-09-22,11,[01:30-01:45[,2025-09-22 00:30,1128.436,29789.103,26.399,22082.428,19.569,,,,,5821.2,5.159,2811.159,2.491,-925.684,-0.82
22/09/2025,2025-09-22,12,[01:45-02:00[,2025-09-22 00:45,1134.703,30287.76,26.692,22082.428,19.461,,,,,5702.4,5.025,3036.355,2.676,-533.422,-0.47
22/09/2025,2025-09-22,13,[02:00-02:15[,2025-09-22 01:00,1129.772,28959.177,25.633,22086.413,19.549,,,,,4854.568,4.297,3077.125,2.724,-1058.928,-0.937
22/09/2025,2025-09-22,14,[02:15-02:30[,2025-09-22 01:15,1109.663,29528.821,26.611,22086.413,19.904,,,,,4935.816,4.448,2951.794,2.66,-445.202,-0.401
22/09/2025,2025-09-22,15,[02:30-02:45[,2025-09-22 01:30,1111.231,29484.946,26.534,22086.413,19.876,,,,,5093.234,4.583,3106.418,2.795,-801.118,-0.721
22/09/2025,2025-09-22,16,[02:45-03:00[,2025-09-22 01:45,1109.431,30188.423,27.211,22086.413,19.908,,,,,4935.816,4.449,3107.246,2.801,58.948,0.053
22/09/2025,2025-09-22,17,[03:00-03:15[,2025-09-22 02:00,1089.948,29743.196,27.289,21160.803,19.415,,,,,4859.646,4.459,2988.221,2.742,734.527,0.674
22/09/2025,2025-09-22,18,[03:15-03:30[,2025-09-22 02:15,1098.316,29212.191,26.597,21160.803,19.267,,,,,4854.568,4.42,3107.053,2.829,89.767,0.082
22/09/2025,2025-09-22,19,[03:30-03:45[,2025-09-22 02:30,1091.163,28605.156,26.215,21160.803,19.393,,,,,4702.228,4.309,3106.734,2.847,-364.609,-0.334
22/09/2025,2025-09-22,20,[03:45-04:00[,2025-09-22 02:45,1084.317,27644.312,25.495,21160.803,19.515,,,,,4235.052,3.906,3082.064,2.842,-833.606,-0.769
22/09/2025,2025-09-22,21,[04:00-04:15[,2025-09-22 03:00,1088.974,27354.41,25.119,21650.92,19.882,,,,,3773.172,3.465,3055.016,2.805,-1124.697,-1.033
22/09/2025,2025-09-22,22,[04:15-04:30[,2025-09-22 03:15,1085.313,27815.938,25.629,21650.92,19.949,,,,,3927.68,3.619,2922.33,2.693,-684.991,-0.631
22/09/2025,2025-09-22,23,[04:30-04:45[,2025-09-22 03:30,1096.259,27802.276,25.361,21650.92,19.75,,,,,3927.68,3.583,3098.428,2.826,-874.751,-0.798
22/09/2025,2025-09-22,24,[04:45-05:00[,2025-09-22 03:45,1088.432,28289.138,25.991,21650.92,19.892,,,,,3261.6,2.997,3095.278,2.844,281.341,0.258
22/09/2025,2025-09-22,25,[05:00-05:15[,2025-09-22 04:00,1101.723,28917.311,26.247,21485.028,19.501,,,,,4642,4.213,2947.247,2.675,-156.963,-0.142
22/09/2025,2025-09-22,26,[05:15-05:30[,2025-09-22 04:15,1123.005,27791.04,24.747,21485.028,19.132,,,,,3723.72,3.316,3079.224,2.742,-496.931,-0.443
22/09/2025,2025-09-22,27,[05:30-05:45[,2025-09-22 04:30,1117.337,27640.875,24.738,21485.028,19.229,,,,,3155.88,2.824,3107.057,2.781,-107.09,-0.096
22/09/2025,2025-09-22,28,[05:45-06:00[,2025-09-22 04:45,1145.115,27693.177,24.184,21485.028,18.762,,,,,3155.88,2.756,3126.638,2.73,-74.368,-0.065
22/09/2025,2025-09-22,29,[06:00-06:15[,2025-09-22 05:00,1206.764,27715.114,22.966,17802.293,14.752,,,,,4549.74,3.77,3173.305,2.63,2189.777,1.815
22/09/2025,2025-09-22,30,[06:15-06:30[,2025-09-22 05:15,1218.781,23105.125,18.958,17802.293,14.607,,,,,4181.34,3.431,2707.763,2.222,-1586.271,-1.302
22/09/2025,2025-09-22,31,[06:30-06:45[,2025-09-22 05:30,1271.028,24149.587,19,17802.293,14.006,,,,,3487.52,2.744,3120.36,2.455,-260.585,-0.205
22/09/2025,2025-09-22,32,[06:45-07:00[,2025-09-22 05:45,1310.426,26027.643,19.862,17802.293,13.585,,,,,3487.52,2.661,3117.417,2.379,1620.414,1.237
22/09/2025,2025-09-22,33,[07:00-07:15[,2025-09-22 06:00,1338.11,20043.397,14.979,17572.112,13.132,,,,,3300,2.466,2754.462,2.058,-3583.177,-2.678
22/09/2025,2025-09-22,34,[07:15-07:30[,2025-09-22 06:15,1387.502,20582.01,14.834,17572.112,12.665,,,,,3300,2.378,3124.908,2.252,-3415.01,-2.461
22/09/2025,2025-09-22,35,[07:30-07:45[,2025-09-22 06:30,1428.498,24525.729,17.169,17572.112,12.301,,,,,3565.904,2.496,3126.299,2.189,261.414,0.183
22/09/2025,2025-09-22,36,[07:45-08:00[,2025-09-22 06:45,1467.352,27092.616,18.464,17572.112,11.975,,,,,5602.992,3.818,3150.401,2.147,767.111,0.523
22/09/2025,2025-09-22,37,[08:00-08:15[,2025-09-22 07:00,1522.224,36982.203,24.295,22368.499,14.695,,,,,10543.42,6.926,3141.819,2.064,928.465,0.61
22/09/2025,2025-09-22,38,[08:15-08:30[,2025-09-22 07:15,1555.434,35046.117,22.531,22368.499,14.381,,,,,10543.42,6.778,2966.67,1.907,-832.471,-0.535
22/09/2025,2025-09-22,39,[08:30-08:45[,2025-09-22 07:30,1586.235,35147.775,22.158,22368.499,14.102,,,,,10543.42,6.647,3112.617,1.962,-876.761,-0.553
22/09/2025,2025-09-22,40,[08:45-09:00[,2025-09-22 07:45,1572.694,36364.856,23.123,22368.499,14.223,,,,,10543.42,6.704,2542.935,1.617,910.002,0.579
22/09/2025,2025-09-22,41,[09:00-09:15[,2025-09-22 08:00,1586.674,44400.357,27.983,24510.03,15.447,,,,,6406.208,4.038,2739.322,1.726,10744.796,6.772
22/09/2025,2025-09-22,42,[09:15-09:30[,2025-09-22 08:15,1585.921,42431.877,26.755,24510.03,15.455,,,,,7597.024,4.79,2885.151,1.819,7439.672,4.691
22/09/2025,2025-09-22,43,[09:30-09:45[,2025-09-22 08:30,1563.079,43217.384,27.649,24510.03,15.681,,,,,7660.704,4.901,2789.454,1.785,8257.195,5.283
22/09/2025,2025-09-22,44,[09:45-10:00[,2025-09-22 08:45,1555.337,41056.892,26.397,24510.03,15.759,,,,,7730.752,4.97,2842.024,1.827,5974.086,3.841
22/09/2025,2025-09-22,45,[10:00-10:15[,2025-09-22 09:00,1539.909,37286.415,24.213,25212.27,16.373,,,,,7791.452,5.06,2845.956,1.848,1436.738,0.933
22/09/2025,2025-09-22,46,[10:15-10:30[,2025-09-22 09:15,1504.599,39757.929,26.424,25212.27,16.757,,,,,7791.452,5.178,2487.388,1.653,4266.819,2.836
22/09/2025,2025-09-22,47,[10:30-10:45[,2025-09-22 09:30,1503.507,37006.229,24.613,25212.27,16.769,,,,,7791.452,5.182,2665.508,1.773,1336.999,0.889
22/09/2025,2025-09-22,48,[10:45-11:00[,2025-09-22 09:45,1504.897,36938.179,24.545,25212.27,16.753,,,,,7791.452,5.177,2673.493,1.777,1260.964,0.838
22/09/2025,2025-09-22,49,[11:00-11:15[,2025-09-22 10:00,1481.764,36804.872,24.839,25193.534,17.002,,,,,7900.558,5.332,2366.957,1.597,1343.823,0.907
22/09/2025,2025-09-22,50,[11:15-11:30[,2025-09-22 10:15,1490.529,36603.036,24.557,25193.534,16.902,,,,,7791.452,5.227,2681.153,1.799,936.897,0.629
22/09/2025,2025-09-22,51,[11:30-11:45[,2025-09-22 10:30,1487.966,35970.415,24.174,25193.534,16.932,,,,,7791.452,5.236,2526.005,1.698,459.424,0.309
22/09/2025,2025-09-22,52,[11:45-12:00[,2025-09-22 10:45,1473.396,35922.538,24.381,25193.534,17.099,,,,,7791.452,5.288,2467.211,1.675,470.341,0.319
22/09/2025,2025-09-22,53,[12:00-12:15[,2025-09-22 11:00,1461.425,35022.841,23.965,25183.833,17.232,,,,,6847.408,4.685,2577.789,1.764,413.811,0.283
22/09/2025,2025-09-22,54,[12:15-12:30[,2025-09-22 11:15,1462.497,35284.56,24.126,25183.833,17.22,,,,,6847.408,4.682,2477.218,1.694,776.102,0.531
22/09/2025,2025-09-22,55,[12:30-12:45[,2025-09-22 11:30,1430.36,34175.169,23.893,25183.833,17.607,,,,,6847.408,4.787,2485.259,1.738,-341.331,-0.239
22/09/2025,2025-09-22,56,[12:45-13:00[,2025-09-22 11:45,1414.39,34724.79,24.551,25183.833,17.805,,,,,6847.408,4.841,2687.559,1.9,5.989,0.004
22/09/2025,2025-09-22,57,[13:00-13:15[,2025-09-22 12:00,1422.566,35649.846,25.06,25180.539,17.701,,,,,6932.696,4.873,2838.398,1.995,698.213,0.491
22/09/2025,2025-09-22,58,[13:15-13:30[,2025-09-22 12:15,1404.577,35249.687,25.096,25180.539,17.927,,,,,6847.408,4.875,2487.026,1.771,734.715,0.523
22/09/2025,2025-09-22,59,[13:30-13:45[,2025-09-22 12:30,1418.081,35028.041,24.701,25180.539,17.757,,,,,6847.408,4.829,2787.05,1.965,213.045,0.15
22/09/2025,2025-09-22,60,[13:45-14:00[,2025-09-22 12:45,1434.413,35047.779,24.434,25180.539,17.555,,,,,6883.96,4.799,2923.149,2.038,60.131,0.042
22/09/2025,2025-09-22,61,[14:00-14:15[,2025-09-22 13:00,1439.39,36366.929,25.266,25185.111,17.497,,,,,6987.524,4.855,2753.371,1.913,1440.923,1.001
22/09/2025,2025-09-22,62,[14:15-14:30[,2025-09-22 13:15,1455.614,36121.041,24.815,25185.111,17.302,,,,,6963.156,4.784,2967.424,2.039,1005.35,0.691
22/09/2025,2025-09-22,63,[14:30-14:45[,2025-09-22 13:30,1467.496,36241.417,24.696,25185.111,17.162,,,,,6963.156,4.745,2883.141,1.965,1210.01,0.825
22/09/2025,2025-09-22,64,[14:45-15:00[,2025-09-22 13:45,1449.065,35698.46,24.636,25185.111,17.38,,,,,6938.788,4.788,2615.755,1.805,958.807,0.662
22/09/2025,2025-09-22,65,[15:00-15:15[,2025-09-22 14:00,1455.39,35743.334,24.559,25199.599,17.315,,,,,6987.524,4.801,2802.131,1.925,754.08,0.518
22/09/2025,2025-09-22,66,[15:15-15:30[,2025-09-22 14:15,1467.646,35330.742,24.073,25199.599,17.17,,,,,6890.052,4.695,2897.999,1.975,343.092,0.234
22/09/2025,2025-09-22,67,[15:30-15:45[,2025-09-22 14:30,1461.822,35139.922,24.038,25199.599,17.238,,,,,6847.408,4.684,2752.888,1.883,340.027,0.233
22/09/2025,2025-09-22,68,[15:45-16:00[,2025-09-22 14:45,1474.201,36684.477,24.884,25199.599,17.094,,,,,6847.408,4.645,2925.686,1.985,1711.784,1.161
22/09/2025,2025-09-22,69,[16:00-16:15[,2025-09-22 15:00,1468.941,45291.215,30.833,25185.813,17.146,,,,,8803.8,5.993,2406.428,1.638,8895.175,6.056
22/09/2025,2025-09-22,70,[16:15-16:30[,2025-09-22 15:15,1495.55,47209.938,31.567,25185.813,16.841,,,,,8803.8,5.887,2898.678,1.938,10321.648,6.902
22/09/2025,2025-09-22,71,[16:30-16:45[,2025-09-22 15:30,1510.144,46966.937,31.101,25185.813,16.678,,,,,8803.8,5.83,3042.881,2.015,9934.443,6.578
22/09/2025,2025-09-22,72,[16:45-17:00[,2025-09-22 15:45,1534.713,37762.134,24.605,25185.813,16.411,,,,,7993.1,5.208,3052.716,1.989,1530.506,0.997
22/09/2025,2025-09-22,73,[17:00-17:15[,2025-09-22 16:00,1505.338,34144.566,22.682,23220.953,15.426,,,,,6975.296,4.634,1209.047,0.803,2739.27,1.82
22/09/2025,2025-09-22,74,[17:15-17:30[,2025-09-22 16:15,1496.07,37690.116,25.193,23220.953,15.521,,,,,6457.632,4.316,1222.857,0.817,6788.675,4.538
22/09/2025,2025-09-22,75,[17:30-17:45[,2025-09-22 16:30,1511.208,29183.995,19.312,23220.953,15.366,,,,,3994.776,2.643,1221.003,0.808,747.263,0.494
22/09/2025,2025-09-22,76,[17:45-18:00[,2025-09-22 16:45,1535.936,26971.492,17.56,23220.953,15.118,,,,,2901.6,1.889,1259.271,0.82,-410.332,-0.267
22/09/2025,2025-09-22,77,[18:00-18:15[,2025-09-22 17:00,1547.444,25957.164,16.774,17943.985,11.596,,,,,7331.022,4.738,1240.117,0.801,-557.96,-0.361
22/09/2025,2025-09-22,78,[18:15-18:30[,2025-09-22 17:15,1572.801,28273.974,17.977,17943.985,11.409,,,,,7286.22,4.633,1242.897,0.79,1800.872,1.145
22/09/2025,2025-09-22,79,[18:30-18:45[,2025-09-22 17:30,1609.654,23341.007,14.501,17943.985,11.148,,,,,7286.22,4.527,1136.31,0.706,-3025.508,-1.88
22/09/2025,2025-09-22,80,[18:45-19:00[,2025-09-22 17:45,1652.955,24311.708,14.708,17943.985,10.856,,,,,7286.22,4.408,1136.42,0.688,-2054.917,-1.243
22/09/2025,2025-09-22,81,[19:00-19:15[,2025-09-22 18:00,1685.055,6543.28,3.883,8299.075,4.925,,,,,2898.198,1.72,1166.736,0.692,-5820.729,-3.454
22/09/2025,2025-09-22,82,[19:15-19:30[,2025-09-22 18:15,1717.35,7265.71,4.231,8299.075,4.832,,,,,3061.938,1.783,1110.489,0.647,-5205.793,-3.031
22/09/2025,2025-09-22,83,[19:30-19:45[,2025-09-22 18:30,1766.286,10650.107,6.03,8299.075,4.699,,,,,3225.678,1.826,1130.276,0.64,-2004.923,-1.135
22/09/2025,2025-09-22,84,[19:45-20:00[,2025-09-22 18:45,1815.504,14846.367,8.178,8299.075,4.571,,,,,3443.998,1.897,1209.246,0.666,1894.048,1.043
22/09/2025,2025-09-22,85,[20:00-20:15[,2025-09-22 19:00,1829.731,7165.32,3.916,8265.338,4.517,,,,,2424.806,1.325,1213.003,0.663,-4737.827,-2.589
22/09/2025,2025-09-22,86,[20:15-20:30[,2025-09-22 19:15,1805.085,8619.353,4.775,8265.338,4.579,,,,,2424.806,1.343,1137.542,0.63,-3208.332,-1.777
22/09/2025,2025-09-22,87,[20:30-20:45[,2025-09-22 19:30,1773.204,8880.026,5.008,8265.338,4.661,,,,,2424.806,1.367,1110.124,0.626,-2920.241,-1.647
22/09/2025,2025-09-22,88,[20:45-21:00[,2025-09-22 19:45,1744.44,12113.567,6.944,8265.338,4.738,,,,,2517.04,1.443,1133.573,0.65,197.616,0.113
22/09/2025,2025-09-22,89,[21:00-21:15[,2025-09-22 20:00,1714.195,21136.367,12.33,15451.263,9.014,,,,,2197.3,1.282,1184.684,0.691,2303.12,1.344
22/09/2025,2025-09-22,90,[21:15-21:30[,2025-09-22 20:15,1683.152,17641.939,10.481,15451.263,9.18,,,,,2197.3,1.305,1214.017,0.721,-1220.64,-0.725
22/09/2025,2025-09-22,91,[21:30-21:45[,2025-09-22 20:30,1647.87,21307.24,12.93,15451.263,9.377,,,,,2197.3,1.333,1153.346,0.7,2505.331,1.52
22/09/2025,2025-09-22,92,[21:45-22:00[,2025-09-22 20:45,1607.74,21128.958,13.142,15451.263,9.611,,,,,2304.026,1.433,1127.151,0.701,2246.518,1.397
22/09/2025,2025-09-22,93,[22:00-22:15[,2025-09-22 21:00,1575.472,20507.574,13.017,15854.013,10.063,,,,,3390,2.152,1233.246,0.783,30.316,0.019
22/09/2025,2025-09-22,94,[22:15-22:30[,2025-09-22 21:15,1548.806,15820.425,10.215,15854.013,10.236,,,,,3390,2.189,1212.66,0.783,-4636.248,-2.993
22/09/2025,2025-09-22,95,[22:30-22:45[,2025-09-22 21:30,1515.104,17450.393,11.518,15854.013,10.464,,,,,3390,2.237,1209.634,0.798,-3003.253,-1.982
22/09/2025,2025-09-22,96,[22:45-23:00[,2025-09-22 21:45,1475.329,15386.402,10.429,15854.013,10.746,,,,,3390,2.298,1178.429,0.799,-5036.04,-3.414
23/09/2025,2025-09-23,1,[23:00-23:15[,2025-09-22 22:00,1452.304,19096.952,13.149,13381.6,9.214,,,,,1720.128,1.184,2169.727,1.494,1825.497,1.257
23/09/2025,2025-09-23,2,[23:15-23:30[,2025-09-22 22:15,1420.285,14867.669,10.468,13381.6,9.422,,,,,1720.128,1.211,2304.424,1.623,-2538.482,-1.787
23/09/2025,2025-09-23,3,[23:30-23:45[,2025-09-22 22:30,1388.47,15773.008,11.36,13381.6,9.638,,,,,1720.128,1.239,2316.097,1.668,-1644.817,-1.185
23/09/2025,2025-09-23,4,[23:45-00:00[,2025-09-22 22:45,1346.339,17334.977,12.876,13381.6,9.939,,,,,2368.896,1.76,2166.41,1.609,-581.929,-0.432
23/09/2025,2025-09-23,5,[00:00-00:15[,2025-09-22 23:00,1327.892,18363.499,13.829,15451.473,11.636,,,,,1720.128,1.295,2241.575,1.688,-1049.676,-0.79
23/09/2025,2025-09-23,6,[00:15-00:30[,2025-09-22 23:15,1304.268,19114.176,14.655,15451.473,11.847,,,,,1720.128,1.319,2217.026,1.7,-274.45,-0.21
23/09/2025,2025-09-23,7,[00:30-00:45[,2025-09-22 23:30,1276.668,20604.073,16.139,15451.473,12.103,,,,,1720.128,1.347,2052.812,1.608,1379.661,1.081
23/09/2025,2025-09-23,8,[00:45-01:00[,2025-09-22 23:45,1265.187,23489.43,18.566,15451.473,12.213,,,,,2398.656,1.896,2256.27,1.783,3383.032,2.674
23/09/2025,2025-09-23,9,[01:00-01:15[,2025-09-23 00:00,1271.285,15298.991,12.034,12145.463,9.554,,,,,1629.96,1.282,3171.056,2.494,-1647.487,-1.296
23/09/2025,2025-09-23,10,[01:15-01:30[,2025-09-23 00:15,1254.821,16820.655,13.405,12145.463,9.679,,,,,1629.96,1.299,3211.203,2.559,-165.97,-0.132
23/09/2025,2025-09-23,11,[01:30-01:45[,2025-09-23 00:30,1236.687,16673.446,13.482,12145.463,9.821,,,,,1629.96,1.318,3160.982,2.556,-262.958,-0.213
23/09/2025,2025-09-23,12,[01:45-02:00[,2025-09-23 00:45,1214.709,16591.706,13.659,12145.463,9.999,,,,,1629.96,1.342,2956.729,2.434,-140.445,-0.116
23/09/2025,2025-09-23,13,[02:00-02:15[,2025-09-23 01:00,1219.593,18558.481,15.217,13343.55,10.941,,,,,1566.38,1.284,3211.481,2.633,437.071,0.358
23/09/2025,2025-09-23,14,[02:15-02:30[,2025-09-23 01:15,1213.136,17671.776,14.567,13343.55,10.999,,,,,1566.38,1.291,3205.235,2.642,-443.388,-0.365
23/09/2025,2025-09-23,15,[02:30-02:45[,2025-09-23 01:30,1194.621,17903.56,14.987,13343.55,11.17,,,,,1566.38,1.311,3204.482,2.682,-210.852,-0.177
23/09/2025,2025-09-23,16,[02:45-03:00[,2025-09-23 01:45,1192.922,18094.128,15.168,13343.55,11.186,,,,,1566.38,1.313,3202.112,2.684,-17.914,-0.015
23/09/2025,2025-09-23,17,[03:00-03:15[,2025-09-23 02:00,1190.225,16609.13,13.955,13034.6,10.951,,,,,1549.04,1.301,3168.046,2.662,-1142.556,-0.96
23/09/2025,2025-09-23,18,[03:15-03:30[,2025-09-23 02:15,1177.896,17681.04,15.011,13034.6,11.066,,,,,1549.04,1.315,3197.536,2.715,-100.136,-0.085
23/09/2025,2025-09-23,19,[03:30-03:45[,2025-09-23 02:30,1176.152,17795.462,15.13,13034.6,11.082,,,,,1549.04,1.317,3197.153,2.718,14.669,0.012
23/09/2025,2025-09-23,20,[03:45-04:00[,2025-09-23 02:45,1169.94,17118.788,14.632,13034.6,11.141,,,,,1549.04,1.324,3099.977,2.65,-564.83,-0.483
23/09/2025,2025-09-23,21,[04:00-04:15[,2025-09-23 03:00,1152.529,15773.305,13.686,12371.938,10.735,,,,,1595.28,1.384,2699.371,2.342,-893.283,-0.775
23/09/2025,2025-09-23,22,[04:15-04:30[,2025-09-23 03:15,1163.177,17500.344,15.045,12371.938,10.636,,,,,1595.28,1.371,3073.483,2.642,459.643,0.395
23/09/2025,2025-09-23,23,[04:30-04:45[,2025-09-23 03:30,1166.335,16865.322,14.46,12371.938,10.608,,,,,1595.28,1.368,3196.898,2.741,-298.793,-0.256
23/09/2025,2025-09-23,24,[04:45-05:00[,2025-09-23 03:45,1162.294,16719.057,14.385,12371.938,10.644,,,,,1595.28,1.373,3120.107,2.684,-368.267,-0.317
23/09/2025,2025-09-23,25,[05:00-05:15[,2025-09-23 04:00,1173.013,16309.05,13.904,12086.313,10.304,,,,,1606.84,1.37,3045.614,2.596,-429.717,-0.366
23/09/2025,2025-09-23,26,[05:15-05:30[,2025-09-23 04:15,1183.704,16890.193,14.269,12086.313,10.211,,,,,1606.84,1.357,3174.587,2.682,22.454,0.019
23/09/2025,2025-09-23,27,[05:30-05:45[,2025-09-23 04:30,1192.012,16348.246,13.715,12086.313,10.139,,,,,1606.84,1.348,3115.245,2.613,-460.151,-0.386
23/09/2025,2025-09-23,28,[05:45-06:00[,2025-09-23 04:45,1197.038,17219.568,14.385,12086.313,10.097,,,,,1606.84,1.342,3055.64,2.553,470.776,0.393
23/09/2025,2025-09-23,29,[06:00-06:15[,2025-09-23 05:00,1253.991,16057.844,12.805,11898.213,9.488,,,,,1720.128,1.372,3131.868,2.498,-692.364,-0.552
23/09/2025,2025-09-23,30,[06:15-06:30[,2025-09-23 05:15,1289.143,15860.232,12.303,11898.213,9.23,,,,,1720.128,1.334,3071.467,2.383,-829.575,-0.644
23/09/2025,2025-09-23,31,[06:30-06:45[,2025-09-23 05:30,1317.936,16377.345,12.427,11898.213,9.028,,,,,1720.128,1.305,3084.758,2.341,-325.753,-0.247
23/09/2025,2025-09-23,32,[06:45-07:00[,2025-09-23 05:45,1358.471,18099.291,13.323,11898.213,8.759,,,,,1720.128,1.266,3172.425,2.335,1308.526,0.963
23/09/2025,2025-09-23,33,[07:00-07:15[,2025-09-23 06:00,1399.579,15338.807,10.96,11429.288,8.166,,,,,1871.08,1.337,3006.006,2.148,-967.567,-0.691
23/09/2025,2025-09-23,34,[07:15-07:30[,2025-09-23 06:15,1447.125,15367.057,10.619,11429.288,7.898,,,,,1871.08,1.293,3226.316,2.229,-1159.626,-0.801
23/09/2025,2025-09-23,35,[07:30-07:45[,2025-09-23 06:30,1484.326,15594.347,10.506,11429.288,7.7,,,,,1871.08,1.261,3226.316,2.174,-932.337,-0.628
23/09/2025,2025-09-23,36,[07:45-08:00[,2025-09-23 06:45,1510.109,18524.98,12.267,11429.288,7.569,,,,,2844.9,1.884,3181.052,2.107,1069.74,0.708
23/09/2025,2025-09-23,37,[08:00-08:15[,2025-09-23 07:00,1562.056,22212.62,14.22,16850.613,10.787,,,,,3320,2.125,3077.623,1.97,-1035.616,-0.663
23/09/2025,2025-09-23,38,[08:15-08:30[,2025-09-23 07:15,1598.377,25239.593,15.791,16850.613,10.542,,,,,3320,2.077,3091.655,1.934,1977.326,1.237
23/09/2025,2025-09-23,39,[08:30-08:45[,2025-09-23 07:30,1606.937,31540.51,19.628,16850.613,10.486,,,,,13553.16,8.434,2965.845,1.846,-1829.107,-1.138
23/09/2025,2025-09-23,40,[08:45-09:00[,2025-09-23 07:45,1607.322,33408.889,20.785,16850.613,10.484,,,,,13553.16,8.432,3071.122,1.911,-66.005,-0.041
23/09/2025,2025-09-23,41,[09:00-09:15[,2025-09-23 08:00,1614.714,34722.433,21.504,21135.441,13.089,,,,,5440.11,3.369,3125.931,1.936,5020.951,3.109
23/09/2025,2025-09-23,42,[09:15-09:30[,2025-09-23 08:15,1600.562,39032.344,24.387,21135.441,13.205,,,,,7461.642,4.662,2977.98,1.861,7457.281,4.659
23/09/2025,2025-09-23,43,[09:30-09:45[,2025-09-23 08:30,1579.902,35359.02,22.381,21135.441,13.378,,,,,7854.36,4.971,2830.128,1.791,3539.091,2.24
23/09/2025,2025-09-23,44,[09:45-10:00[,2025-09-23 08:45,1568.16,32997.573,21.042,21135.441,13.478,,,,,7854.36,5.009,3035.004,1.935,972.768,0.62
23/09/2025,2025-09-23,45,[10:00-10:15[,2025-09-23 09:00,1551.344,36316.787,23.41,22000.142,14.181,,,,,6983.804,4.502,3020.892,1.947,4311.949,2.779
23/09/2025,2025-09-23,46,[10:15-10:30[,2025-09-23 09:15,1534.247,35306.121,23.012,22000.142,14.339,,,,,7023.56,4.578,2686.636,1.751,3595.783,2.344
23/09/2025,2025-09-23,47,[10:30-10:45[,2025-09-23 09:30,1531.484,32727.587,21.37,22000.142,14.365,,,,,7023.56,4.586,2680.479,1.75,1023.406,0.668
23/09/2025,2025-09-23,48,[10:45-11:00[,2025-09-23 09:45,1536.555,32682.116,21.27,22000.142,14.318,,,,,7023.56,4.571,2888.519,1.88,769.895,0.501
23/09/2025,2025-09-23,49,[11:00-11:15[,2025-09-23 10:00,1518.571,33136.488,21.821,22072.156,14.535,,,,,7076.568,4.66,2774.114,1.827,1213.651,0.799
23/09/2025,2025-09-23,50,[11:15-11:30[,2025-09-23 10:15,1518.778,33026.056,21.745,22072.156,14.533,,,,,7076.568,4.659,2735.893,1.801,1141.439,0.752
23/09/2025,2025-09-23,51,[11:30-11:45[,2025-09-23 10:30,1524.264,33329.338,21.866,22072.156,14.481,,,,,7076.568,4.643,2908.761,1.908,1271.853,0.834
23/09/2025,2025-09-23,52,[11:45-12:00[,2025-09-23 10:45,1502.994,34364.291,22.864,22072.156,14.685,,,,,7036.812,4.682,2591.181,1.724,2664.142,1.773
23/09/2025,2025-09-23,53,[12:00-12:15[,2025-09-23 11:00,1488.605,39523.723,26.551,22055.073,14.816,,,,,5585.56,3.752,2749.837,1.847,9133.253,6.135
23/09/2025,2025-09-23,54,[12:15-12:30[,2025-09-23 11:15,1480.767,36446.818,24.613,22055.073,14.894,,,,,5585.56,3.772,2759.783,1.864,6046.403,4.083
23/09/2025,2025-09-23,55,[12:30-12:45[,2025-09-23 11:30,1432.713,35424.971,24.726,22055.073,15.394,,,,,5585.56,3.899,2464.692,1.72,5319.646,3.713
23/09/2025,2025-09-23,56,[12:45-13:00[,2025-09-23 11:45,1426.002,33638.704,23.59,22055.073,15.466,,,,,5585.56,3.917,2732.552,1.916,3265.519,2.29
23/09/2025,2025-09-23,57,[13:00-13:15[,2025-09-23 12:00,1425.489,32043.474,22.479,21941.981,15.393,,,,,6424.292,4.507,2741.245,1.923,935.956,0.657
23/09/2025,2025-09-23,58,[13:15-13:30[,2025-09-23 12:15,1405.805,31913.722,22.701,21941.981,15.608,,,,,6374.004,4.534,2390.122,1.7,1207.615,0.859
23/09/2025,2025-09-23,59,[13:30-13:45[,2025-09-23 12:30,1434.055,33194.641,23.147,21941.981,15.301,,,,,6374.004,4.445,2788.216,1.944,2090.44,1.458
23/09/2025,2025-09-23,60,[13:45-14:00[,2025-09-23 12:45,1449.386,34337.509,23.691,21941.981,15.139,,,,,6374.004,4.398,2786.485,1.923,3235.038,2.232
23/09/2025,2025-09-23,61,[14:00-14:15[,2025-09-23 13:00,1448.221,35137.646,24.263,21719.069,14.997,,,,,2954.72,2.04,2471.767,1.707,7992.09,5.519
23/09/2025,2025-09-23,62,[14:15-14:30[,2025-09-23 13:15,1470.74,36399.521,24.749,21719.069,14.767,,,,,2954.72,2.009,2722.32,1.851,9003.411,6.122
23/09/2025,2025-09-23,63,[14:30-14:45[,2025-09-23 13:30,1477.03,38966.068,26.381,21719.069,14.705,,,,,2954.72,2,2688.51,1.82,11603.768,7.856
23/09/2025,2025-09-23,64,[14:45-15:00[,2025-09-23 13:45,1481.678,41719.565,28.157,21719.069,14.658,,,,,2954.72,1.994,2820.968,1.904,14224.808,9.6
23/09/2025,2025-09-23,65,[15:00-15:15[,2025-09-23 14:00,1485.66,43834.127,29.505,20922.609,14.083,,,,,6853.328,4.613,2852.068,1.92,13206.122,8.889
23/09/2025,2025-09-23,66,[15:15-15:30[,2025-09-23 14:15,1482.306,38292.016,25.833,20922.609,14.115,,,,,6853.328,4.623,2710.756,1.829,7805.323,5.266
23/09/2025,2025-09-23,67,[15:30-15:45[,2025-09-23 14:30,1491.206,36952.063,24.78,20922.609,14.031,,,,,6853.328,4.596,2832.263,1.899,6343.864,4.254
23/09/2025,2025-09-23,68,[15:45-16:00[,2025-09-23 14:45,1509.168,45488.062,30.141,20922.609,13.864,,,,,6804.112,4.509,2912.817,1.93,14848.525,9.839
23/09/2025,2025-09-23,69,[16:00-16:15[,2025-09-23 15:00,1504.965,34911.986,23.198,21153.935,14.056,,,,,7989.558,5.309,2813.277,1.869,2955.216,1.964
23/09/2025,2025-09-23,70,[16:15-16:30[,2025-09-23 15:15,1517.029,32221.465,21.24,21153.935,13.944,,,,,7989.558,5.267,2946.618,1.942,131.353,0.087
23/09/2025,2025-09-23,71,[16:30-16:45[,2025-09-23 15:30,1540.349,32268.896,20.949,21153.935,13.733,,,,,7815.732,5.074,3021.939,1.962,277.289,0.18
23/09/2025,2025-09-23,72,[16:45-17:00[,2025-09-23 15:45,1554.843,32052.071,20.614,21153.935,13.605,,,,,7281.378,4.683,2933.699,1.887,683.06,0.439
23/09/2025,2025-09-23,73,[17:00-17:15[,2025-09-23 16:00,1537.31,37021.11,24.082,18016,11.719,,,,,15517.84,10.094,2834.577,1.844,652.693,0.425
23/09/2025,2025-09-23,74,[17:15-17:30[,2025-09-23 16:15,1556.163,36510.423,23.462,18016,11.577,,,,,15517.84,9.972,2798.986,1.799,177.597,0.114
23/09/2025,2025-09-23,75,[17:30-17:45[,2025-09-23 16:30,1587.062,36406.069,22.939,18016,11.352,,,,,15517.84,9.778,2969.692,1.871,-97.464,-0.061
23/09/2025,2025-09-23,76,[17:45-18:00[,2025-09-23 16:45,1597.031,27376.56,17.142,18016,11.281,,,,,3320,2.079,3003.175,1.88,3037.385,1.902
23/09/2025,2025-09-23,77,[18:00-18:15[,2025-09-23 17:00,1598.462,12607.546,7.887,11535.438,7.217,,,,,3175.5,1.987,2804.459,1.754,-4907.85,-3.07
23/09/2025,2025-09-23,78,[18:15-18:30[,2025-09-23 17:15,1635.758,13857.953,8.472,11535.438,7.052,,,,,2016.08,1.233,2954.374,1.806,-2647.938,-1.619
23/09/2025,2025-09-23,79,[18:30-18:45[,2025-09-23 17:30,1677.705,16300.455,9.716,11535.438,6.876,,,,,2016.08,1.202,2947.493,1.757,-198.555,-0.118
23/09/2025,2025-09-23,80,[18:45-19:00[,2025-09-23 17:45,1721.737,15132.322,8.789,11535.438,6.7,,,,,2016.08,1.171,2992.981,1.738,-1412.177,-0.82
23/09/2025,2025-09-23,81,[19:00-19:15[,2025-09-23 18:00,1742.419,9639.677,5.532,9213.925,5.288,,,,,1572.16,0.902,1170.023,0.671,-2316.431,-1.329
23/09/2025,2025-09-23,82,[19:15-19:30[,2025-09-23 18:15,1767.093,11299.352,6.394,9213.925,5.214,,,,,1572.16,0.89,1181.643,0.669,-668.377,-0.378
23/09/2025,2025-09-23,83,[19:30-19:45[,2025-09-23 18:30,1802.71,11279.954,6.257,9213.925,5.111,,,,,1572.16,0.872,1141.565,0.633,-647.696,-0.359
23/09/2025,2025-09-23,84,[19:45-20:00[,2025-09-23 18:45,1843.997,12011.207,6.514,9213.925,4.997,,,,,1572.16,0.853,1181.643,0.641,43.479,0.024
23/09/2025,2025-09-23,85,[20:00-20:15[,2025-09-23 19:00,1861.841,17652.568,9.481,10437.238,5.606,,,,,1720.128,0.924,2053.871,1.103,3441.331,1.848
23/09/2025,2025-09-23,86,[20:15-20:30[,2025-09-23 19:15,1834.539,16371.105,8.924,10437.238,5.689,,,,,1720.128,0.938,2030.41,1.107,2183.329,1.19
23/09/2025,2025-09-23,87,[20:30-20:45[,2025-09-23 19:30,1807.321,20568.947,11.381,10437.238,5.775,,,,,1720.128,0.952,1993.313,1.103,6418.268,3.551
23/09/2025,2025-09-23,88,[20:45-21:00[,2025-09-23 19:45,1760.642,22232.395,12.627,10437.238,5.928,,,,,1720.128,0.977,1801.009,1.023,8274.02,4.699
23/09/2025,2025-09-23,89,[21:00-21:15[,2025-09-23 20:00,1731.995,20138.71,11.627,13643.638,7.877,,,,,1813.08,1.047,2148.328,1.24,2533.665,1.463
23/09/2025,2025-09-23,90,[21:15-21:30[,2025-09-23 20:15,1710.339,20797.008,12.16,13643.638,7.977,,,,,1813.08,1.06,2132.649,1.247,3207.642,1.875
23/09/2025,2025-09-23,91,[21:30-21:45[,2025-09-23 20:30,1661.931,23970.514,14.423,13643.638,8.21,,,,,1813.08,1.091,1996.538,1.201,6517.258,3.921
23/09/2025,2025-09-23,92,[21:45-22:00[,2025-09-23 20:45,1628.909,26991.983,16.571,13643.638,8.376,,,,,2450.784,1.505,2039.187,1.252,8858.374,5.438
23/09/2025,2025-09-23,93,[22:00-22:15[,2025-09-23 21:00,1598.808,17328.2,10.838,13695.263,8.566,,,,,1905.88,1.192,2040.889,1.277,-313.831,-0.196
23/09/2025,2025-09-23,94,[22:15-22:30[,2025-09-23 21:15,1550.589,17080.142,11.015,13695.263,8.832,,,,,1905.88,1.229,1842.306,1.188,-363.307,-0.234
23/09/2025,2025-09-23,95,[22:30-22:45[,2025-09-23 21:30,1528.246,18026.673,11.796,13695.263,8.961,,,,,2155.616,1.411,2012.816,1.317,162.978,0.107
23/09/2025,2025-09-23,96,[22:45-23:00[,2025-09-23 21:45,1498.229,17669.539,11.794,13695.263,9.141,,,,,2871,1.916,2028.796,1.354,-925.519,-0.618
24/09/2025,2025-09-24,1,[23:00-23:15[,2025-09-23 22:00,1463.944,22120.481,15.11,16184.338,11.055,,,,,3159.668,2.158,2916.459,1.992,-139.985,-0.096
24/09/2025,2025-09-24,2,[23:15-23:30[,2025-09-23 22:15,1442.439,20728.315,14.37,16184.338,11.22,,,,,3159.668,2.191,3093.605,2.145,-1709.295,-1.185
24/09/2025,2025-09-24,3,[23:30-23:45[,2025-09-23 22:30,1416.559,22727.47,16.044,16184.338,11.425,,,,,3159.668,2.231,3094.592,2.185,288.872,0.204
24/09/2025,2025-09-24,4,[23:45-00:00[,2025-09-23 22:45,1364.76,22260.884,16.311,16184.338,11.859,,,,,3159.668,2.315,3051.437,2.236,-134.559,-0.099
24/09/2025,2025-09-24,5,[00:00-00:15[,2025-09-23 23:00,1352.65,26253.346,19.409,18598.905,13.75,,,,,4439.2,3.282,3044.917,2.251,170.324,0.126
24/09/2025,2025-09-24,6,[00:15-00:30[,2025-09-23 23:15,1339.43,28774.83,21.483,18598.905,13.886,,,,,4439.2,3.314,3044.59,2.273,2692.135,2.01
24/09/2025,2025-09-24,7,[00:30-00:45[,2025-09-23 23:30,1302.664,26663.913,20.469,18598.905,14.278,,,,,4439.2,3.408,2876.912,2.208,748.895,0.575
24/09/2025,2025-09-24,8,[00:45-01:00[,2025-09-23 23:45,1287.871,27401.781,21.277,18598.905,14.442,,,,,4439.2,3.447,2995.316,2.326,1368.36,1.062
24/09/2025,2025-09-24,9,[01:00-01:15[,2025-09-24 00:00,1268.679,22281.236,17.563,16740.855,13.196,,,,,4052.56,3.194,3037.185,2.394,-1549.363,-1.221
24/09/2025,2025-09-24,10,[01:15-01:30[,2025-09-24 00:15,1253.459,23452.858,18.711,16740.855,13.356,,,,,4052.56,3.233,2874.164,2.293,-214.721,-0.171
24/09/2025,2025-09-24,11,[01:30-01:45[,2025-09-24 00:30,1245.546,22867.805,18.36,16740.855,13.441,,,,,4052.56,3.254,3129.379,2.512,-1054.989,-0.847
24/09/2025,2025-09-24,12,[01:45-02:00[,2025-09-24 00:45,1228.488,23789.416,19.365,16740.855,13.627,,,,,4052.56,3.299,2988.444,2.433,7.558,0.006
24/09/2025,2025-09-24,13,[02:00-02:15[,2025-09-24 01:00,1207.412,24732.839,20.484,17813.177,14.753,,,,,3880.72,3.214,2865.188,2.373,173.755,0.144
24/09/2025,2025-09-24,14,[02:15-02:30[,2025-09-24 01:15,1202.801,24762.39,20.587,17813.177,14.81,,,,,3880.72,3.226,3092.835,2.571,-24.342,-0.02
24/09/2025,2025-09-24,15,[02:30-02:45[,2025-09-24 01:30,1200.111,24838.254,20.697,17813.177,14.843,,,,,3880.72,3.234,3129.55,2.608,14.807,0.012
24/09/2025,2025-09-24,16,[02:45-03:00[,2025-09-24 01:45,1189.944,24213.631,20.349,17813.177,14.97,,,,,3880.72,3.261,3069.97,2.58,-550.236,-0.462
24/09/2025,2025-09-24,17,[03:00-03:15[,2025-09-24 02:00,1177.981,23062.474,19.578,18095.401,15.361,,,,,3837.76,3.258,2982.992,2.532,-1853.678,-1.574
24/09/2025,2025-09-24,18,[03:15-03:30[,2025-09-24 02:15,1182.356,24001.232,20.299,18095.401,15.305,,,,,3837.76,3.246,3129.465,2.647,-1061.393,-0.898
24/09/2025,2025-09-24,19,[03:30-03:45[,2025-09-24 02:30,1177.294,23839.531,20.249,18095.401,15.37,,,,,3837.76,3.26,3129.546,2.658,-1223.176,-1.039
24/09/2025,2025-09-24,20,[03:45-04:00[,2025-09-24 02:45,1154.097,23643.106,20.486,18095.401,15.679,,,,,3837.76,3.325,2439.039,2.113,-729.094,-0.632
24/09/2025,2025-09-24,21,[04:00-04:15[,2025-09-24 03:00,1172.265,21693.812,18.506,16744.951,14.284,,,,,1803.48,1.538,3108.44,2.652,36.942,0.032
24/09/2025,2025-09-24,22,[04:15-04:30[,2025-09-24 03:15,1166.085,20666.493,17.723,16744.951,14.36,,,,,1803.48,1.547,3030.792,2.599,-912.73,-0.783
24/09/2025,2025-09-24,23,[04:30-04:45[,2025-09-24 03:30,1159.594,21501.51,18.542,16744.951,14.44,,,,,1803.48,1.555,2855.663,2.463,97.416,0.084
24/09/2025,2025-09-24,24,[04:45-05:00[,2025-09-24 03:45,1172.893,18494.738,15.768,16744.951,14.277,,,,,1803.48,1.538,3130.48,2.669,-3184.173,-2.715
24/09/2025,2025-09-24,25,[05:00-05:15[,2025-09-24 04:00,1174.826,22406.6,19.072,16721.907,14.234,,,,,1803.48,1.535,3043.409,2.591,837.805,0.713
24/09/2025,2025-09-24,26,[05:15-05:30[,2025-09-24 04:15,1179.556,20427.472,17.318,16721.907,14.176,,,,,1803.48,1.529,3052.526,2.588,-1150.44,-0.975
24/09/2025,2025-09-24,27,[05:30-05:45[,2025-09-24 04:30,1189.754,22038.888,18.524,16721.907,14.055,,,,,1803.48,1.516,3113.967,2.617,399.535,0.336
24/09/2025,2025-09-24,28,[05:45-06:00[,2025-09-24 04:45,1214.479,19938.858,16.418,16721.907,13.769,,,,,1913.994,1.576,3145.594,2.59,-1842.636,-1.517
24/09/2025,2025-09-24,29,[06:00-06:15[,2025-09-24 05:00,1236.529,18370.909,14.857,14714.712,11.9,,,,,2126.208,1.719,2311.531,1.869,-781.542,-0.632
24/09/2025,2025-09-24,30,[06:15-06:30[,2025-09-24 05:15,1262.019,15651.129,12.402,14714.712,11.66,,,,,2126.208,1.685,2284.022,1.81,-3473.812,-2.753
24/09/2025,2025-09-24,31,[06:30-06:45[,2025-09-24 05:30,1299.274,13796.354,10.619,14714.712,11.325,,,,,2126.208,1.636,2230.37,1.717,-5274.936,-4.06
24/09/2025,2025-09-24,32,[06:45-07:00[,2025-09-24 05:45,1331.744,14643.234,10.996,14714.712,11.049,,,,,2126.208,1.597,2301.951,1.729,-4499.636,-3.379
24/09/2025,2025-09-24,33,[07:00-07:15[,2025-09-24 06:00,1379.622,14282.601,10.353,14146.885,10.254,,,,,2207.568,1.6,2338.873,1.695,-4410.725,-3.197
24/09/2025,2025-09-24,34,[07:15-07:30[,2025-09-24 06:15,1432.44,16537.5,11.545,14146.885,9.876,,,,,2207.568,1.541,3029.997,2.115,-2846.951,-1.987
24/09/2025,2025-09-24,35,[07:30-07:45[,2025-09-24 06:30,1476.611,18114.374,12.268,14146.885,9.581,,,,,2207.568,1.495,3139.57,2.126,-1379.649,-0.934
24/09/2025,2025-09-24,36,[07:45-08:00[,2025-09-24 06:45,1519.24,20403.245,13.43,14146.885,9.312,,,,,3229.952,2.126,3110.946,2.048,-84.538,-0.056
24/09/2025,2025-09-24,37,[08:00-08:15[,2025-09-24 07:00,1561.71,14557.147,9.321,15797.156,10.115,,,7119.01,4.558,2153.328,1.379,2796.52,1.791,-13308.866,-8.522
24/09/2025,2025-09-24,38,[08:15-08:30[,2025-09-24 07:15,1604.422,22371.121,13.943,15797.156,9.846,,,8475.153,5.282,2153.328,1.342,3101.675,1.933,-7156.19,-4.46
24/09/2025,2025-09-24,39,[08:30-08:45[,2025-09-24 07:30,1631.025,23310.596,14.292,15797.156,9.685,,,11372.795,6.973,2820.288,1.729,3087.065,1.893,-9766.708,-5.988
24/09/2025,2025-09-24,40,[08:45-09:00[,2025-09-24 07:45,1635.094,31591.083,19.321,15797.156,9.661,,,10811.613,6.612,5103.52,3.121,3097.577,1.894,-3218.782,-1.969
24/09/2025,2025-09-24,41,[09:00-09:15[,2025-09-24 08:00,1620.935,41797.089,25.786,21593.17,13.321,,,7362.888,4.542,10986.2,6.778,2924.115,1.804,-1069.283,-0.66
24/09/2025,2025-09-24,42,[09:15-09:30[,2025-09-24 08:15,1623.933,46032.014,28.346,21593.17,13.297,,,7362.888,4.534,10986.2,6.765,3113.558,1.917,2976.199,1.833
24/09/2025,2025-09-24,43,[09:30-09:45[,2025-09-24 08:30,1624.2,41425.365,25.505,21593.17,13.295,,,7362.888,4.533,10986.2,6.764,3109.506,1.914,-1626.398,-1.001
24/09/2025,2025-09-24,44,[09:45-10:00[,2025-09-24 08:45,1594.089,43527.576,27.306,21593.17,13.546,,,7362.888,4.619,10986.2,6.892,3003.675,1.884,581.644,0.365
24/09/2025,2025-09-24,45,[10:00-10:15[,2025-09-24 09:00,1579.751,40274.043,25.494,21792.593,13.795,,,7362.888,4.661,7812.468,4.945,3068.622,1.942,237.473,0.15
24/09/2025,2025-09-24,46,[10:15-10:30[,2025-09-24 09:15,1566.11,40203.852,25.671,21792.593,13.915,,,7362.888,4.701,7929.072,5.063,2713.059,1.732,406.24,0.259
24/09/2025,2025-09-24,47,[10:30-10:45[,2025-09-24 09:30,1557.741,33889.985,21.756,21792.593,13.99,,,665.035,0.427,8071.588,5.182,2973.056,1.909,387.713,0.249
24/09/2025,2025-09-24,48,[10:45-11:00[,2025-09-24 09:45,1554.892,34202.397,21.997,21792.593,14.016,,,665.035,0.428,8071.588,5.191,3014.483,1.939,658.698,0.424
24/09/2025,2025-09-24,49,[11:00-11:15[,2025-09-24 10:00,1544.653,33669.546,21.797,22077.315,14.293,,,760.04,0.492,7929.072,5.133,2801.949,1.814,101.17,0.065
24/09/2025,2025-09-24,50,[11:15-11:30[,2025-09-24 10:15,1551.274,34280.121,22.098,22077.315,14.232,,,950.05,0.612,7929.072,5.111,3007.879,1.939,315.804,0.204
24/09/2025,2025-09-24,51,[11:30-11:45[,2025-09-24 10:30,1531.474,33980.281,22.188,22077.315,14.416,,,1520.08,0.993,7929.072,5.177,2397.911,1.566,55.902,0.037
24/09/2025,2025-09-24,52,[11:45-12:00[,2025-09-24 10:45,1536.927,34707.792,22.583,22077.315,14.365,,,2090.11,1.36,7929.072,5.159,2981.488,1.94,-370.194,-0.241
24/09/2025,2025-09-24,53,[12:00-12:15[,2025-09-24 11:00,1515.282,34126.715,22.522,22076.906,14.57,,,2660.14,1.756,6914.848,4.563,2963.167,1.956,-488.345,-0.322
24/09/2025,2025-09-24,54,[12:15-12:30[,2025-09-24 11:15,1489.845,35024.435,23.509,22076.906,14.818,,,3230.17,2.168,6914.848,4.641,2672.167,1.794,130.344,0.087
24/09/2025,2025-09-24,55,[12:30-12:45[,2025-09-24 11:30,1467.347,36584.797,24.933,22076.906,15.045,,,4750.25,3.237,6914.848,4.712,2781.148,1.895,61.645,0.042
24/09/2025,2025-09-24,56,[12:45-13:00[,2025-09-24 11:45,1457.038,39759.32,27.288,22076.906,15.152,,,7600.4,5.216,6914.848,4.746,2909.215,1.997,257.951,0.177
24/09/2025,2025-09-24,57,[13:00-13:15[,2025-09-24 12:00,1448.505,44282.512,30.571,20886.475,14.419,,,12502.988,8.632,6853.328,4.731,2789.58,1.926,1250.141,0.863
24/09/2025,2025-09-24,58,[13:15-13:30[,2025-09-24 12:15,1441.358,38491.264,26.705,20886.475,14.491,,,7848.175,5.445,6853.328,4.755,2760.866,1.915,142.42,0.099
24/09/2025,2025-09-24,59,[13:30-13:45[,2025-09-24 12:30,1461.317,83373.566,57.054,20886.475,14.293,,,12853.175,8.796,6853.328,4.69,2783.872,1.905,39996.717,27.37
24/09/2025,2025-09-24,60,[13:45-14:00[,2025-09-24 12:45,1473.248,49364.935,33.508,20886.475,14.177,,,12853.175,8.724,6816.416,4.627,2850.955,1.935,5957.914,4.044
24/09/2025,2025-09-24,61,[14:00-14:15[,2025-09-24 13:00,1484.504,43725.597,29.455,18529.713,12.482,,,12853.175,8.658,5434.176,3.661,2903.418,1.956,4005.115,2.698
24/09/2025,2025-09-24,62,[14:15-14:30[,2025-09-24 13:15,1491.381,42818.047,28.71,18529.713,12.425,,,12853.175,8.618,5434.176,3.644,2769.756,1.857,3231.228,2.167
24/09/2025,2025-09-24,63,[14:30-14:45[,2025-09-24 13:30,1512.874,39931.335,26.394,18529.713,12.248,,,12853.175,8.496,5434.176,3.592,2980.452,1.97,133.82,0.088
24/09/2025,2025-09-24,64,[14:45-15:00[,2025-09-24 13:45,1511.591,39971.308,26.443,18529.713,12.258,,,12853.175,8.503,5434.176,3.595,2952.23,1.953,202.014,0.134
24/09/2025,2025-09-24,65,[15:00-15:15[,2025-09-24 14:00,1505.115,39385.294,26.168,20659.79,13.726,,,12853.175,8.54,2399.04,1.594,2819.112,1.873,654.178,0.435
24/09/2025,2025-09-24,66,[15:15-15:30[,2025-09-24 14:15,1523.726,38828.719,25.483,20659.79,13.559,,,12825.675,8.417,2399.04,1.574,2971.334,1.95,-27.119,-0.018
24/09/2025,2025-09-24,67,[15:30-15:45[,2025-09-24 14:30,1535.188,38573.139,25.126,20659.79,13.457,,,12825.675,8.354,2399.04,1.563,2986.469,1.945,-297.834,-0.194
24/09/2025,2025-09-24,68,[15:45-16:00[,2025-09-24 14:45,1522.283,38428.429,25.244,20659.79,13.572,,,12825.675,8.425,2399.04,1.576,2613.336,1.717,-69.412,-0.046
24/09/2025,2025-09-24,69,[16:00-16:15[,2025-09-24 15:00,1545.814,45972.332,29.74,19744.527,12.773,,,12825.675,8.297,10288.72,6.656,3021.138,1.954,92.272,0.06
24/09/2025,2025-09-24,70,[16:15-16:30[,2025-09-24 15:15,1566.515,38970.172,24.877,19744.527,12.604,,,7895.2,5.04,10288.72,6.568,2951.027,1.884,-1909.301,-1.219
24/09/2025,2025-09-24,71,[16:30-16:45[,2025-09-24 15:30,1571.208,38366.031,24.418,19744.527,12.566,,,2597.05,1.653,10288.72,6.548,3061.176,1.948,2674.558,1.702
24/09/2025,2025-09-24,72,[16:45-17:00[,2025-09-24 15:45,1590.224,39389.421,24.77,19744.527,12.416,,,8145.175,5.122,10288.72,6.47,3132.418,1.97,-1921.419,-1.208
24/09/2025,2025-09-24,73,[17:00-17:15[,2025-09-24 16:00,1584.243,30362.101,19.165,12039.055,7.599,,,7837.913,4.947,5459.544,3.446,2867.254,1.81,2158.335,1.362
24/09/2025,2025-09-24,74,[17:15-17:30[,2025-09-24 16:15,1599.239,25015.381,15.642,12039.055,7.528,,,7362.888,4.604,3800.082,2.376,2273.455,1.422,-460.098,-0.288
24/09/2025,2025-09-24,75,[17:30-17:45[,2025-09-24 16:30,1581.82,21818.869,13.794,12039.055,7.611,,,7362.888,4.655,2440.482,1.543,2264.216,1.431,-2287.772,-1.446
24/09/2025,2025-09-24,76,[17:45-18:00[,2025-09-24 16:45,1605.426,20306.022,12.648,12039.055,7.499,,,7362.888,4.586,2379.3,1.482,2325.57,1.449,-3800.79,-2.367
24/09/2025,2025-09-24,77,[18:00-18:15[,2025-09-24 17:00,1618.928,26850.162,16.585,10750.344,6.64,,,7362.888,4.548,3100,1.915,1312.4,0.811,4324.53,2.671
24/09/2025,2025-09-24,78,[18:15-18:30[,2025-09-24 17:15,1623.32,14076.2,8.671,10750.344,6.622,,,7362.888,4.536,2024.508,1.247,1330.367,0.82,-7391.907,-4.554
24/09/2025,2025-09-24,79,[18:30-18:45[,2025-09-24 17:30,1651.05,18135.375,10.984,10750.344,6.511,,,7362.888,4.46,2024.508,1.226,1191.177,0.721,-3193.542,-1.934
24/09/2025,2025-09-24,80,[18:45-19:00[,2025-09-24 17:45,1689.281,16460.194,9.744,10750.344,6.364,,,7362.888,4.359,2024.508,1.198,1166.746,0.691,-4844.292,-2.868
24/09/2025,2025-09-24,81,[19:00-19:15[,2025-09-24 18:00,1718.067,17510.734,10.192,11254.527,6.551,,,7621.35,4.436,1850.94,1.077,1157.183,0.674,-4373.266,-2.545
24/09/2025,2025-09-24,82,[19:15-19:30[,2025-09-24 18:15,1755.339,18396.555,10.48,11254.527,6.412,,,7744.188,4.412,1850.94,1.054,1152.809,0.657,-3605.909,-2.054
24/09/2025,2025-09-24,83,[19:30-19:45[,2025-09-24 18:30,1805.923,18676.562,10.342,11254.527,6.232,,,7659.713,4.241,1850.94,1.025,1124.116,0.622,-3212.734,-1.779
24/09/2025,2025-09-24,84,[19:45-20:00[,2025-09-24 18:45,1850.658,18265.034,9.869,11254.527,6.081,,,7659.713,4.139,1850.94,1,1157.838,0.626,-3657.984,-1.977
24/09/2025,2025-09-24,85,[20:00-20:15[,2025-09-24 19:00,1853.502,17786.861,9.596,11723.778,6.325,,,7362.888,3.972,2024.508,1.092,1226.679,0.662,-4550.991,-2.455
24/09/2025,2025-09-24,86,[20:15-20:30[,2025-09-24 19:15,1829.369,19334.379,10.569,11723.778,6.409,,,7362.888,4.025,2024.508,1.107,1223.387,0.669,-3000.181,-1.64
24/09/2025,2025-09-24,87,[20:30-20:45[,2025-09-24 19:30,1801.938,17236.924,9.566,11723.778,6.506,,,7362.888,4.086,2024.508,1.124,1219.741,0.677,-5093.99,-2.827
24/09/2025,2025-09-24,88,[20:45-21:00[,2025-09-24 19:45,1769.898,18556.832,10.485,11723.778,6.624,,,7362.888,4.16,2024.508,1.144,1184.801,0.669,-3739.141,-2.113
24/09/2025,2025-09-24,89,[21:00-21:15[,2025-09-24 20:00,1738.033,19341.041,11.128,11938.67,6.869,,,7362.888,4.236,2204.3,1.268,1226.78,0.706,-3391.597,-1.951
24/09/2025,2025-09-24,90,[21:15-21:30[,2025-09-24 20:15,1703.126,19464.061,11.428,11938.67,7.01,,,7362.888,4.323,2204.3,1.294,1253.188,0.736,-3294.984,-1.935
24/09/2025,2025-09-24,91,[21:30-21:45[,2025-09-24 20:30,1671.275,17381.72,10.4,11938.67,7.143,,,7362.888,4.406,2204.3,1.319,1254.009,0.75,-5378.146,-3.218
24/09/2025,2025-09-24,92,[21:45-22:00[,2025-09-24 20:45,1630.743,20660.044,12.669,11938.67,7.321,,,7362.888,4.515,2204.3,1.352,1274.996,0.782,-2120.81,-1.301
24/09/2025,2025-09-24,93,[22:00-22:15[,2025-09-24 21:00,1613.585,20240.339,12.544,12715.006,7.88,,,7362.888,4.563,2204.3,1.366,2249.78,1.394,-4291.635,-2.66
24/09/2025,2025-09-24,94,[22:15-22:30[,2025-09-24 21:15,1580.439,21523.905,13.619,12715.006,8.045,,,7362.888,4.659,2204.3,1.395,2385.364,1.509,-3143.653,-1.989
24/09/2025,2025-09-24,95,[22:30-22:45[,2025-09-24 21:30,1544.788,22549.044,14.597,12715.006,8.231,,,7362.888,4.766,2204.3,1.427,2385.332,1.544,-2118.482,-1.371
24/09/2025,2025-09-24,96,[22:45-23:00[,2025-09-24 21:45,1501.748,24572.733,16.363,12715.006,8.467,,,7362.888,4.903,2204.3,1.468,2159.447,1.438,131.092,0.087
25/09/2025,2025-09-25,1,[23:00-23:15[,2025-09-24 22:00,1466.769,16537.604,11.275,11382.35,7.76,,,,,2890,1.97,2278.185,1.553,-12.931,-0.009
25/09/2025,2025-09-25,2,[23:15-23:30[,2025-09-24 22:15,1433.219,16663.754,11.627,11382.35,7.942,,,,,2890,2.016,2313.891,1.614,77.513,0.054
25/09/2025,2025-09-25,3,[23:30-23:45[,2025-09-24 22:30,1395.508,16046.904,11.499,11382.35,8.156,,,,,2890,2.071,2305.543,1.652,-530.989,-0.38
25/09/2025,2025-09-25,4,[23:45-00:00[,2025-09-24 22:45,1366.393,15717.255,11.503,11382.35,8.33,,,,,2890,2.115,2264.431,1.657,-819.526,-0.6
25/09/2025,2025-09-25,5,[00:00-00:15[,2025-09-24 23:00,1357.295,19551.333,14.405,12363.4,9.109,,,,,4228.4,3.115,3144.786,2.317,-185.253,-0.136
25/09/2025,2025-09-25,6,[00:15-00:30[,2025-09-24 23:15,1344.129,19555.325,14.549,12363.4,9.198,,,,,4228.4,3.146,3122.842,2.323,-159.318,-0.119
25/09/2025,2025-09-25,7,[00:30-00:45[,2025-09-24 23:30,1328.541,17891.14,13.467,12363.4,9.306,,,,,4228.4,3.183,3159.199,2.378,-1859.858,-1.4
25/09/2025,2025-09-25,8,[00:45-01:00[,2025-09-24 23:45,1286.621,18436.519,14.329,12363.4,9.609,,,,,4228.4,3.286,2665.803,2.072,-821.083,-0.638
25/09/2025,2025-09-25,9,[01:00-01:15[,2025-09-25 00:00,1291.687,18573.074,14.379,12359.825,9.569,,,,,2890,2.237,3150.11,2.439,173.139,0.134
25/09/2025,2025-09-25,10,[01:15-01:30[,2025-09-25 00:15,1274.505,17344.338,13.609,12359.825,9.698,,,,,2890,2.268,3137.689,2.462,-1043.176,-0.818
25/09/2025,2025-09-25,11,[01:30-01:45[,2025-09-25 00:30,1251.358,18702.613,14.946,12359.825,9.877,,,,,2890,2.309,3184.601,2.545,268.188,0.214
25/09/2025,2025-09-25,12,[01:45-02:00[,2025-09-25 00:45,1247.025,18525.457,14.856,12359.825,9.911,,,,,2890,2.318,3207.418,2.572,68.214,0.055
25/09/2025,2025-09-25,13,[02:00-02:15[,2025-09-25 01:00,1236.375,16777.206,13.57,12285.725,9.937,,,,,2720,2.2,3153.881,2.551,-1382.4,-1.118
25/09/2025,2025-09-25,14,[02:15-02:30[,2025-09-25 01:15,1206.29,18074.221,14.983,12285.725,10.185,,,,,2720,2.255,2581.5,2.14,486.996,0.404
25/09/2025,2025-09-25,15,[02:30-02:45[,2025-09-25 01:30,1211.192,18495.844,15.271,12285.725,10.143,,,,,2720,2.246,3128.648,2.583,361.471,0.298
25/09/2025,2025-09-25,16,[02:45-03:00[,2025-09-25 01:45,1201.992,18741.431,15.592,12285.725,10.221,,,,,2720,2.263,3134.911,2.608,600.795,0.5
25/09/2025,2025-09-25,17,[03:00-03:15[,2025-09-25 02:00,1193.836,17496.57,14.656,11839.1,9.917,,,,,2680,2.245,3141.698,2.632,-164.228,-0.138
25/09/2025,2025-09-25,18,[03:15-03:30[,2025-09-25 02:15,1187.183,17751.531,14.953,11839.1,9.972,,,,,2680,2.257,3173.937,2.674,58.494,0.049
25/09/2025,2025-09-25,19,[03:30-03:45[,2025-09-25 02:30,1183.066,17289.535,14.614,11839.1,10.007,,,,,2680,2.265,3052.317,2.58,-281.882,-0.238
25/09/2025,2025-09-25,20,[03:45-04:00[,2025-09-25 02:45,1173.885,18092.149,15.412,11839.1,10.085,,,,,2680,2.283,3091.837,2.634,481.212,0.41
25/09/2025,2025-09-25,21,[04:00-04:15[,2025-09-25 03:00,1174.615,19644.242,16.724,12199.65,10.386,,,,,4126.92,3.513,2942.631,2.505,375.04,0.319
25/09/2025,2025-09-25,22,[04:15-04:30[,2025-09-25 03:15,1181.114,19078.23,16.153,12199.65,10.329,,,,,4126.92,3.494,3130.437,2.65,-378.777,-0.321
25/09/2025,2025-09-25,23,[04:30-04:45[,2025-09-25 03:30,1166.831,19164.487,16.424,12199.65,10.455,,,,,4126.92,3.537,3088.342,2.647,-250.425,-0.215
25/09/2025,2025-09-25,24,[04:45-05:00[,2025-09-25 03:45,1174.457,21926.06,18.669,12199.65,10.387,,,,,4126.92,3.514,3137.866,2.672,2461.624,2.096
25/09/2025,2025-09-25,25,[05:00-05:15[,2025-09-25 04:00,1193.997,16481.469,13.804,11066.613,9.269,,,,,2890,2.42,3209.492,2.688,-684.636,-0.573
25/09/2025,2025-09-25,26,[05:15-05:30[,2025-09-25 04:15,1188.96,16843.58,14.167,11066.613,9.308,,,,,2890,2.431,3115.067,2.62,-228.099,-0.192
25/09/2025,2025-09-25,27,[05:30-05:45[,2025-09-25 04:30,1200.965,17150.398,14.281,11066.613,9.215,,,,,2890,2.406,3209.305,2.672,-15.52,-0.013
25/09/2025,2025-09-25,28,[05:45-06:00[,2025-09-25 04:45,1203.288,17272.306,14.354,11066.613,9.197,,,,,2890,2.402,3111.907,2.586,203.786,0.169
25/09/2025,2025-09-25,29,[06:00-06:15[,2025-09-25 05:00,1250.574,10423.559,8.335,5000.265,3.998,,,,,4882.2,3.904,3093.87,2.474,-2552.776,-2.041
25/09/2025,2025-09-25,30,[06:15-06:30[,2025-09-25 05:15,1294.043,11723.703,9.06,5000.265,3.864,,,,,4882.2,3.773,3210.91,2.481,-1369.672,-1.058
25/09/2025,2025-09-25,31,[06:30-06:45[,2025-09-25 05:30,1317.89,12786.489,9.702,5000.265,3.794,,,,,4882.2,3.705,3196.904,2.426,-292.88,-0.222
25/09/2025,2025-09-25,32,[06:45-07:00[,2025-09-25 05:45,1364.535,13261.489,9.719,5000.265,3.664,,,,,4882.2,3.578,3221.759,2.361,157.265,0.115
25/09/2025,2025-09-25,33,[07:00-07:15[,2025-09-25 06:00,1412.019,19979.785,14.15,4786.025,3.389,,,,,12896.88,9.134,3097.866,2.194,-800.986,-0.567
25/09/2025,2025-09-25,34,[07:15-07:30[,2025-09-25 06:15,1432.494,20495.024,14.307,4786.025,3.341,,,,,12896.88,9.003,3031.394,2.116,-219.275,-0.153
25/09/2025,2025-09-25,35,[07:30-07:45[,2025-09-25 06:30,1483.698,21575.221,14.542,4786.025,3.226,,,,,12896.88,8.692,3197.111,2.155,695.205,0.469
25/09/2025,2025-09-25,36,[07:45-08:00[,2025-09-25 06:45,1522.853,21622.492,14.199,4786.025,3.143,,,,,12896.88,8.469,3198.634,2.1,740.953,0.487
25/09/2025,2025-09-25,37,[08:00-08:15[,2025-09-25 07:00,1559.711,20174.878,12.935,10562.388,6.772,,,,,5483.76,3.516,3033.924,1.945,1094.807,0.702
25/09/2025,2025-09-25,38,[08:15-08:30[,2025-09-25 07:15,1599.023,17981.822,11.246,10562.388,6.606,,,,,5483.76,3.429,3144.004,1.966,-1208.329,-0.756
25/09/2025,2025-09-25,39,[08:30-08:45[,2025-09-25 07:30,1613.847,18185.159,11.268,10562.388,6.545,,,,,5483.76,3.398,3030.218,1.878,-891.206,-0.552
25/09/2025,2025-09-25,40,[08:45-09:00[,2025-09-25 07:45,1611.853,24156.355,14.987,10562.388,6.553,,,,,5483.76,3.402,3277.341,2.033,4832.866,2.998
25/09/2025,2025-09-25,41,[09:00-09:15[,2025-09-25 08:00,1625.45,26768.179,16.468,14320.283,8.81,,,,,8916.6,5.486,3160.213,1.944,371.084,0.228
25/09/2025,2025-09-25,42,[09:15-09:30[,2025-09-25 08:15,1611.324,26088.451,16.191,14320.283,8.887,,,,,8916.6,5.534,3006.188,1.866,-154.62,-0.096
25/09/2025,2025-09-25,43,[09:30-09:45[,2025-09-25 08:30,1598.28,25719.532,16.092,14320.283,8.96,,,,,8916.6,5.579,3061.926,1.916,-579.277,-0.362
25/09/2025,2025-09-25,44,[09:45-10:00[,2025-09-25 08:45,1581.933,26621.821,16.829,14320.283,9.052,,,,,8916.6,5.637,3034.112,1.918,350.826,0.222
25/09/2025,2025-09-25,45,[10:00-10:15[,2025-09-25 09:00,1567.956,36943.137,23.561,20425.17,13.027,,,,,13133.52,8.376,3093.377,1.973,291.07,0.186
25/09/2025,2025-09-25,46,[10:15-10:30[,2025-09-25 09:15,1571.097,36283.677,23.094,20425.17,13.001,,,,,13133.52,8.359,3041.52,1.936,-316.534,-0.201
25/09/2025,2025-09-25,47,[10:30-10:45[,2025-09-25 09:30,1554.252,35491.387,22.835,20425.17,13.141,,,,,13133.52,8.45,2748.91,1.769,-816.213,-0.525
25/09/2025,2025-09-25,48,[10:45-11:00[,2025-09-25 09:45,1554.693,35807.321,23.032,20425.17,13.138,,,,,13133.52,8.448,2999.904,1.93,-751.273,-0.483
25/09/2025,2025-09-25,49,[11:00-11:15[,2025-09-25 10:00,1551.592,36360.781,23.434,20342.25,13.111,,,,,13370.16,8.617,2949.378,1.901,-301.006,-0.194
25/09/2025,2025-09-25,50,[11:15-11:30[,2025-09-25 10:15,1549.685,36654.34,23.653,20342.25,13.127,,,,,13370.16,8.628,2862.859,1.847,79.071,0.051
25/09/2025,2025-09-25,51,[11:30-11:45[,2025-09-25 10:30,1552.709,38373.085,24.714,20342.25,13.101,,,,,13370.16,8.611,3033.593,1.954,1627.083,1.048
25/09/2025,2025-09-25,52,[11:45-12:00[,2025-09-25 10:45,1547.723,37176.751,24.02,20342.25,13.143,,,,,13370.16,8.639,2937.158,1.898,527.183,0.341
25/09/2025,2025-09-25,53,[12:00-12:15[,2025-09-25 11:00,1542.132,35073.211,22.743,21066.127,13.66,,,,,10781.8,6.991,2891.667,1.875,333.617,0.216
25/09/2025,2025-09-25,54,[12:15-12:30[,2025-09-25 11:15,1525.009,34271.663,22.473,21066.127,13.814,,,,,10781.8,7.07,2894.35,1.898,-470.614,-0.309
25/09/2025,2025-09-25,55,[12:30-12:45[,2025-09-25 11:30,1487.235,32833.032,22.077,21066.127,14.165,,,,,10781.8,7.25,2812.54,1.891,-1827.435,-1.229
25/09/2025,2025-09-25,56,[12:45-13:00[,2025-09-25 11:45,1473.646,34635.165,23.503,21066.127,14.295,,,,,10781.8,7.316,2922.366,1.983,-135.128,-0.092
25/09/2025,2025-09-25,57,[13:00-13:15[,2025-09-25 12:00,1470.351,31712.103,21.568,21543.225,14.652,,,,,7767.9,5.283,2790.59,1.898,-389.612,-0.265
25/09/2025,2025-09-25,58,[13:15-13:30[,2025-09-25 12:15,1475.587,32700.348,22.161,21543.225,14.6,,,,,7767.9,5.264,2858.785,1.937,530.438,0.359
25/09/2025,2025-09-25,59,[13:30-13:45[,2025-09-25 12:30,1483.748,32569.673,21.951,21543.225,14.519,,,,,7767.9,5.235,2922.308,1.97,336.24,0.227
25/09/2025,2025-09-25,60,[13:45-14:00[,2025-09-25 12:45,1495.335,32290.04,21.594,21543.225,14.407,,,,,7767.9,5.195,2780.953,1.86,197.961,0.132
25/09/2025,2025-09-25,61,[14:00-14:15[,2025-09-25 13:00,1521.991,32940.568,21.643,19600.643,12.878,,,,,9547.58,6.273,2927.773,1.924,864.572,0.568
25/09/2025,2025-09-25,62,[14:15-14:30[,2025-09-25 13:15,1510.558,31518.153,20.865,19600.643,12.976,,,,,9547.58,6.321,2585.271,1.711,-215.341,-0.143
25/09/2025,2025-09-25,63,[14:30-14:45[,2025-09-25 13:30,1531.272,32334.644,21.116,19600.643,12.8,,,,,9547.58,6.235,2927.604,1.912,258.817,0.169
25/09/2025,2025-09-25,64,[14:45-15:00[,2025-09-25 13:45,1532.016,32383.578,21.138,19600.643,12.794,,,,,9547.58,6.232,2927.739,1.911,307.616,0.201
25/09/2025,2025-09-25,65,[15:00-15:15[,2025-09-25 14:00,1516.283,32852.608,21.667,18961.313,12.505,,,,,11589.6,7.643,1933.452,1.275,368.244,0.243
25/09/2025,2025-09-25,66,[15:15-15:30[,2025-09-25 14:15,1527.597,32645.803,21.371,18961.313,12.413,,,,,11589.6,7.587,1981.206,1.297,113.685,0.074
25/09/2025,2025-09-25,67,[15:30-15:45[,2025-09-25 14:30,1528.848,32338.229,21.152,18961.313,12.402,,,,,11589.6,7.581,1930.684,1.263,-143.367,-0.094
25/09/2025,2025-09-25,68,[15:45-16:00[,2025-09-25 14:45,1538.31,32800.139,21.322,18961.313,12.326,,,,,11589.6,7.534,1927.121,1.253,322.106,0.209
25/09/2025,2025-09-25,69,[16:00-16:15[,2025-09-25 15:00,1545.539,28328.546,18.329,14957.488,9.678,,,,,11910.88,7.707,1927.037,1.247,-466.858,-0.302
25/09/2025,2025-09-25,70,[16:15-16:30[,2025-09-25 15:15,1546.39,28507.793,18.435,14957.488,9.673,,,,,11910.88,7.702,1911.232,1.236,-271.807,-0.176
25/09/2025,2025-09-25,71,[16:30-16:45[,2025-09-25 15:30,1568.92,27858.976,17.757,14957.488,9.534,,,,,11910.88,7.592,1993.277,1.27,-1002.669,-0.639
25/09/2025,2025-09-25,72,[16:45-17:00[,2025-09-25 15:45,1578.53,29113.142,18.443,14957.488,9.476,,,,,11910.88,7.546,1992.582,1.262,252.192,0.16
25/09/2025,2025-09-25,73,[17:00-17:15[,2025-09-25 16:00,1553.396,25877.077,16.658,11235.988,7.233,,,,,12226.4,7.871,1232.985,0.794,1181.704,0.761
25/09/2025,2025-09-25,74,[17:15-17:30[,2025-09-25 16:15,1566.06,31865.555,20.348,11235.988,7.175,,,,,12226.4,7.807,1215.012,0.776,7188.156,4.59
25/09/2025,2025-09-25,75,[17:30-17:45[,2025-09-25 16:30,1579.002,37268.348,23.602,11235.988,7.116,,,188.669,0.119,12226.4,7.743,1216.027,0.77,12401.265,7.854
25/09/2025,2025-09-25,76,[17:45-18:00[,2025-09-25 16:45,1585.738,22587.361,14.244,11235.988,7.086,,,,,10642.68,6.711,1134.631,0.716,-425.938,-0.269
25/09/2025,2025-09-25,77,[18:00-18:15[,2025-09-25 17:00,1593.67,7489.593,4.7,4865.779,3.053,5776.463,3.625,,,7370.7,4.625,1142.793,0.717,-11666.142,-7.32
25/09/2025,2025-09-25,78,[18:15-18:30[,2025-09-25 17:15,1623.078,5883.4,3.625,4865.779,2.998,5776.463,3.559,,,7370.7,4.541,1020.674,0.629,-13150.215,-8.102
25/09/2025,2025-09-25,79,[18:30-18:45[,2025-09-25 17:30,1659.505,10852.135,6.539,4865.779,2.932,5776.463,3.481,,,9218.04,5.555,1092.215,0.658,-10100.361,-6.086
25/09/2025,2025-09-25,80,[18:45-19:00[,2025-09-25 17:45,1702.245,14787.623,8.687,4865.779,2.858,8926.463,5.244,,,9303.996,5.466,1128.716,0.663,-9437.331,-5.544
25/09/2025,2025-09-25,81,[19:00-19:15[,2025-09-25 18:00,1731.191,9722.256,5.616,1829.725,1.057,8926.463,5.156,,,11200,6.47,1157.188,0.668,-13391.12,-7.735
25/09/2025,2025-09-25,82,[19:15-19:30[,2025-09-25 18:15,1765.565,12597.316,7.135,1829.725,1.036,8926.463,5.056,,,11200,6.344,1142.488,0.647,-10501.359,-5.948
25/09/2025,2025-09-25,83,[19:30-19:45[,2025-09-25 18:30,1809.994,10306.235,5.694,1829.725,1.011,8926.463,4.932,,,11200,6.188,1104.261,0.61,-12754.214,-7.047
25/09/2025,2025-09-25,84,[19:45-20:00[,2025-09-25 18:45,1854.303,11915.97,6.426,1829.725,0.987,8926.463,4.814,,,11200,6.04,1231.703,0.664,-11271.92,-6.079
25/09/2025,2025-09-25,85,[20:00-20:15[,2025-09-25 19:00,1850.897,12397.197,6.698,1813.488,0.98,8926.463,4.823,,,12042.3,6.506,1277.118,0.69,-11662.171,-6.301
25/09/2025,2025-09-25,86,[20:15-20:30[,2025-09-25 19:15,1828.456,14039.83,7.679,1813.488,0.992,8926.463,4.882,,,11200,6.125,1298.355,0.71,-9198.475,-5.031
25/09/2025,2025-09-25,87,[20:30-20:45[,2025-09-25 19:30,1799.725,18260.874,10.146,1813.488,1.008,8926.463,4.96,,,11200,6.223,1233.89,0.686,-4912.965,-2.73
25/09/2025,2025-09-25,88,[20:45-21:00[,2025-09-25 19:45,1773.238,15634.228,8.817,1813.488,1.023,8926.463,5.034,,,11200,6.316,1212.617,0.684,-7518.339,-4.24
25/09/2025,2025-09-25,89,[21:00-21:15[,2025-09-25 20:00,1743.689,19960.688,11.447,4215.635,2.418,8926.463,5.119,,,10270.808,5.89,1258.625,0.722,-4710.843,-2.702
25/09/2025,2025-09-25,90,[21:15-21:30[,2025-09-25 20:15,1712.009,18474.773,10.791,4215.635,2.462,8926.463,5.214,,,9595.84,5.605,1288.659,0.753,-5551.823,-3.243
25/09/2025,2025-09-25,91,[21:30-21:45[,2025-09-25 20:30,1680.263,19002.4,11.309,4215.635,2.509,8926.463,5.313,,,9595.84,5.711,1278.406,0.761,-5013.944,-2.984
25/09/2025,2025-09-25,92,[21:45-22:00[,2025-09-25 20:45,1640.682,17074.971,10.407,4215.635,2.569,8926.463,5.441,,,9595.84,5.849,1275.568,0.777,-6938.535,-4.229
25/09/2025,2025-09-25,93,[22:00-22:15[,2025-09-25 21:00,1604.264,23618.602,14.722,8962.925,5.587,8926.463,5.564,,,7671.716,4.782,1151.695,0.718,-3094.197,-1.929
25/09/2025,2025-09-25,94,[22:15-22:30[,2025-09-25 21:15,1573.381,23880.127,15.178,8962.925,5.697,8926.463,5.673,,,7062,4.488,1126.805,0.716,-2198.065,-1.397
25/09/2025,2025-09-25,95,[22:30-22:45[,2025-09-25 21:30,1537.815,20239.326,13.161,8962.925,5.828,8926.463,5.805,,,5803.68,3.774,1120.528,0.729,-4574.27,-2.975
25/09/2025,2025-09-25,96,[22:45-23:00[,2025-09-25 21:45,1503.632,22207.922,14.77,8962.925,5.961,8926.463,5.937,,,5803.68,3.86,1088.383,0.724,-2573.529,-1.712
26/09/2025,2025-09-26,1,[23:00-23:15[,2025-09-25 22:00,1477.595,10713.784,7.251,3038.531,2.056,,,,,5082,3.439,2238.452,1.515,354.8,0.24
26/09/2025,2025-09-26,2,[23:15-23:30[,2025-09-25 22:15,1445.995,10517.276,7.273,3038.531,2.101,,,,,5082,3.515,2385.481,1.65,11.264,0.008
26/09/2025,2025-09-26,3,[23:30-23:45[,2025-09-25 22:30,1414.864,10455.842,7.39,3038.531,2.148,,,,,5082,3.592,2374.63,1.678,-39.319,-0.028
26/09/2025,2025-09-26,4,[23:45-00:00[,2025-09-25 22:45,1377.087,10654.303,7.737,3038.531,2.206,,,,,5082,3.69,2240.223,1.627,293.549,0.213
26/09/2025,2025-09-26,5,[00:00-00:15[,2025-09-25 23:00,1374.323,15757.641,11.466,6061.904,4.411,,,,,4774,3.474,3230.718,2.351,1691.019,1.23
26/09/2025,2025-09-26,6,[00:15-00:30[,2025-09-25 23:15,1354.687,14112.257,10.417,6061.904,4.475,,,,,4774,3.524,3203.599,2.365,72.755,0.054
26/09/2025,2025-09-26,7,[00:30-00:45[,2025-09-25 23:30,1337.828,13937.013,10.418,6061.904,4.531,,,,,4774,3.568,3216.235,2.404,-115.126,-0.086
26/09/2025,2025-09-26,8,[00:45-01:00[,2025-09-25 23:45,1304.923,12767.579,9.784,6061.904,4.645,,,,,4774,3.658,2976.069,2.281,-1044.394,-0.8
26/09/2025,2025-09-26,9,[01:00-01:15[,2025-09-26 00:00,1301.473,14209.821,10.918,7432.825,5.711,,,,,2820,2.167,3160.84,2.429,796.156,0.612
26/09/2025,2025-09-26,10,[01:15-01:30[,2025-09-26 00:15,1292.283,12399.923,9.595,7432.825,5.752,,,,,2820,2.182,3185.029,2.465,-1037.931,-0.803
26/09/2025,2025-09-26,11,[01:30-01:45[,2025-09-26 00:30,1266.897,13595.051,10.731,7432.825,5.867,,,,,2820,2.226,3183.292,2.513,158.934,0.125
26/09/2025,2025-09-26,12,[01:45-02:00[,2025-09-26 00:45,1255.445,13345.377,10.63,7432.825,5.92,,,,,2820,2.246,3010.981,2.398,81.571,0.065
26/09/2025,2025-09-26,13,[02:00-02:15[,2025-09-26 01:00,1250.188,13083.584,10.465,7515.738,6.012,,,,,2710,2.168,3107.151,2.485,-249.304,-0.199
26/09/2025,2025-09-26,14,[02:15-02:30[,2025-09-26 01:15,1228.49,13575.786,11.051,7515.738,6.118,,,,,2710,2.206,3083.627,2.51,266.421,0.217
26/09/2025,2025-09-26,15,[02:30-02:45[,2025-09-26 01:30,1206.723,13200.762,10.939,7515.738,6.228,,,,,2710,2.246,2494.901,2.068,480.123,0.398
26/09/2025,2025-09-26,16,[02:45-03:00[,2025-09-26 01:45,1217.101,13441.823,11.044,7515.738,6.175,,,,,2710,2.227,3105.209,2.551,110.876,0.091
26/09/2025,2025-09-26,17,[03:00-03:15[,2025-09-26 02:00,1210.607,13461.749,11.12,7497.25,6.193,,,,,2680,2.214,3104.901,2.565,179.598,0.148
26/09/2025,2025-09-26,18,[03:15-03:30[,2025-09-26 02:15,1206.604,13929.372,11.544,7497.25,6.214,,,,,2680,2.221,3029.86,2.511,722.262,0.599
26/09/2025,2025-09-26,19,[03:30-03:45[,2025-09-26 02:30,1202.535,13673.536,11.371,7497.25,6.235,,,,,2680,2.229,3105.553,2.583,390.733,0.325
26/09/2025,2025-09-26,20,[03:45-04:00[,2025-09-26 02:45,1189.75,14585.381,12.259,7497.25,6.302,,,,,2680,2.253,3104.22,2.609,1303.911,1.096
26/09/2025,2025-09-26,21,[04:00-04:15[,2025-09-26 03:00,1194.926,11791.188,9.868,6064.838,5.075,,,,,2890,2.419,3078.44,2.576,-242.089,-0.203
26/09/2025,2025-09-26,22,[04:15-04:30[,2025-09-26 03:15,1193.749,12182.132,10.205,6064.838,5.08,,,,,2890,2.421,3083.723,2.583,143.571,0.12
26/09/2025,2025-09-26,23,[04:30-04:45[,2025-09-26 03:30,1181.659,12165.042,10.295,6064.838,5.132,,,,,2890,2.446,3031.775,2.566,178.429,0.151
26/09/2025,2025-09-26,24,[04:45-05:00[,2025-09-26 03:45,1189.849,12963.808,10.895,6064.838,5.097,,,,,2729,2.294,3100.942,2.606,1069.028,0.898
26/09/2025,2025-09-26,25,[05:00-05:15[,2025-09-26 04:00,1204.217,7264.284,6.032,3026,2.513,,,,,2890,2.4,3100.162,2.574,-1751.878,-1.455
26/09/2025,2025-09-26,26,[05:15-05:30[,2025-09-26 04:15,1200.82,9268.453,7.718,3026,2.52,,,,,2890,2.407,3018.678,2.514,333.775,0.278
26/09/2025,2025-09-26,27,[05:30-05:45[,2025-09-26 04:30,1219.696,8523.324,6.988,3026,2.481,,,,,2729,2.237,3099.378,2.541,-331.054,-0.271
26/09/2025,2025-09-26,28,[05:45-06:00[,2025-09-26 04:45,1217.38,10933.245,8.981,3026,2.486,,,,,2729,2.242,2772.652,2.278,2405.592,1.976
26/09/2025,2025-09-26,29,[06:00-06:15[,2025-09-26 05:00,1281.162,9047.518,7.062,2552.953,1.993,,,,,4758.6,3.714,3114.266,2.431,-1378.301,-1.076
26/09/2025,2025-09-26,30,[06:15-06:30[,2025-09-26 05:15,1298.456,9879.691,7.609,2552.953,1.966,,,,,4758.6,3.665,2639.524,2.033,-71.385,-0.055
26/09/2025,2025-09-26,31,[06:30-06:45[,2025-09-26 05:30,1348.466,9559.701,7.089,2552.953,1.893,,,,,4829.44,3.581,3081.075,2.285,-903.767,-0.67
26/09/2025,2025-09-26,32,[06:45-07:00[,2025-09-26 05:45,1389.082,9601.184,6.912,2552.953,1.838,,,,,4829.44,3.477,3112.778,2.241,-893.986,-0.644
26/09/2025,2025-09-26,33,[07:00-07:15[,2025-09-26 06:00,1432.192,9692.552,6.768,2535.365,1.77,,,,,4871.02,3.401,3115.01,2.175,-828.842,-0.579
26/09/2025,2025-09-26,34,[07:15-07:30[,2025-09-26 06:15,1461.016,11441.12,7.831,2535.365,1.735,,,,,5122.04,3.506,3043.052,2.083,740.663,0.507
26/09/2025,2025-09-26,35,[07:30-07:45[,2025-09-26 06:30,1503.737,11133.861,7.404,2535.365,1.686,,,,,5035.8,3.349,3113.723,2.071,448.973,0.299
26/09/2025,2025-09-26,36,[07:45-08:00[,2025-09-26 06:45,1527.024,3429.927,2.246,2535.365,1.66,,,,,5035.8,3.298,2901.63,1.9,-7042.868,-4.612
26/09/2025,2025-09-26,37,[08:00-08:15[,2025-09-26 07:00,1587.53,-24209.811,-15.25,2786.513,1.755,,,,,4732.42,2.981,3107.301,1.957,-34836.044,-21.944
26/09/2025,2025-09-26,38,[08:15-08:30[,2025-09-26 07:15,1620.933,1853.209,1.143,2786.513,1.719,,,,,4912.6,3.031,3094.323,1.909,-8940.226,-5.515
26/09/2025,2025-09-26,39,[08:30-08:45[,2025-09-26 07:30,1621.768,5087.476,3.137,2786.513,1.718,,,,,4912.6,3.029,2867.787,1.768,-5479.423,-3.379
26/09/2025,2025-09-26,40,[08:45-09:00[,2025-09-26 07:45,1633.438,11256.271,6.891,2786.513,1.706,,,,,4912.6,3.008,3095.242,1.895,461.916,0.283
26/09/2025,2025-09-26,41,[09:00-09:15[,2025-09-26 08:00,1628.542,31590.628,19.398,7139.413,4.384,,,8336.875,5.119,5095.2,3.129,2504.171,1.538,8514.969,5.229
26/09/2025,2025-09-26,42,[09:15-09:30[,2025-09-26 08:15,1613.846,30767.328,19.065,7139.413,4.424,,,8740.625,5.416,5095.2,3.157,2030.356,1.258,7761.735,4.809
26/09/2025,2025-09-26,43,[09:30-09:45[,2025-09-26 08:30,1607.339,31986.432,19.9,7139.413,4.442,,,8740.625,5.438,5095.2,3.17,2118.319,1.318,8892.876,5.533
26/09/2025,2025-09-26,44,[09:45-10:00[,2025-09-26 08:45,1609.269,31077.876,19.312,7139.413,4.436,,,8740.625,5.431,5095.2,3.166,3020.541,1.877,7082.098,4.401
26/09/2025,2025-09-26,45,[10:00-10:15[,2025-09-26 09:00,1577.83,40006.964,25.356,13936.138,8.832,1166.24,0.739,10365.875,6.57,14465.52,9.168,2301.996,1.459,-2228.804,-1.413
26/09/2025,2025-09-26,46,[10:15-10:30[,2025-09-26 09:15,1589.343,40831.359,25.691,13936.138,8.768,1312.02,0.826,10365.875,6.522,14465.52,9.102,2875.447,1.809,-2123.641,-1.336
26/09/2025,2025-09-26,47,[10:30-10:45[,2025-09-26 09:30,1581.018,41611.084,26.319,13936.138,8.815,2186.7,1.383,10365.875,6.556,14465.52,9.149,2749.528,1.739,-2092.676,-1.324
26/09/2025,2025-09-26,48,[10:45-11:00[,2025-09-26 09:45,1562.132,42147.525,26.981,13936.138,8.921,6268.54,4.013,10365.875,6.636,14465.52,9.26,2478.816,1.587,-5367.364,-3.436
26/09/2025,2025-09-26,49,[11:00-11:15[,2025-09-26 10:00,1574.104,47058.682,29.896,15262.95,9.696,9508.752,6.041,8740.625,5.553,12733.56,8.089,2924.922,1.858,-2112.126,-1.342
26/09/2025,2025-09-26,50,[11:15-11:30[,2025-09-26 10:15,1577.345,47013.564,29.806,15262.95,9.676,9508.752,6.028,10368.75,6.574,12733.56,8.073,2841.699,1.802,-3702.148,-2.347
26/09/2025,2025-09-26,51,[11:30-11:45[,2025-09-26 10:30,1576.622,50690.747,32.151,15262.95,9.681,9508.752,6.031,13204.688,8.375,12733.56,8.076,2864.899,1.817,-2884.102,-1.829
26/09/2025,2025-09-26,52,[11:45-12:00[,2025-09-26 10:45,1572.698,51634.734,32.832,15262.95,9.705,9508.752,6.046,13204.688,8.396,12733.56,8.097,2877.793,1.83,-1953.009,-1.242
26/09/2025,2025-09-26,53,[12:00-12:15[,2025-09-26 11:00,1546.341,49985.767,32.325,14768.45,9.551,9508.752,6.149,11142.125,7.205,13813.92,8.933,2851.65,1.844,-2099.13,-1.357
26/09/2025,2025-09-26,54,[12:15-12:30[,2025-09-26 11:15,1537.377,51644.816,33.593,14768.45,9.606,9508.752,6.185,12654.063,8.231,13813.92,8.985,2884.363,1.876,-1984.731,-1.291
26/09/2025,2025-09-26,55,[12:30-12:45[,2025-09-26 11:30,1502.989,51374.749,34.182,14768.45,9.826,9508.752,6.327,12654.063,8.419,13813.92,9.191,2799.045,1.862,-2169.481,-1.443
26/09/2025,2025-09-26,56,[12:45-13:00[,2025-09-26 11:45,1492.849,51545.521,34.528,14768.45,9.893,9508.752,6.37,12654.063,8.476,13813.92,9.253,2895.501,1.94,-2095.164,-1.403
26/09/2025,2025-09-26,57,[13:00-13:15[,2025-09-26 12:00,1484.617,50847.218,34.249,15866.7,10.687,11911.572,8.023,13868.125,9.341,6014,4.051,2873.309,1.935,313.512,0.211
26/09/2025,2025-09-26,58,[13:15-13:30[,2025-09-26 12:15,1471.641,50853.322,34.556,15866.7,10.782,11911.572,8.094,13868.125,9.424,6107,4.15,2822.827,1.918,277.098,0.188
26/09/2025,2025-09-26,59,[13:30-13:45[,2025-09-26 12:30,1479.764,46645.317,31.522,15866.7,10.722,11911.572,8.05,10000,6.758,6038.8,4.081,2824.959,1.909,3.286,0.002
26/09/2025,2025-09-26,60,[13:45-14:00[,2025-09-26 12:45,1472.672,46666.074,31.688,15866.7,10.774,11911.572,8.088,10000,6.79,6206.2,4.214,2555.228,1.735,126.374,0.086
26/09/2025,2025-09-26,61,[14:00-14:15[,2025-09-26 13:00,1498.997,46244.519,30.85,13026.964,8.69,12712.512,8.481,12554.688,8.375,4718.2,3.148,2934.714,1.958,297.441,0.198
26/09/2025,2025-09-26,62,[14:15-14:30[,2025-09-26 13:15,1514.874,45365.727,29.947,13026.964,8.599,12712.512,8.392,10000,6.601,4606.6,3.041,2910.472,1.921,2109.18,1.392
26/09/2025,2025-09-26,63,[14:30-14:45[,2025-09-26 13:30,1501.508,45299.935,30.17,13026.964,8.676,12712.512,8.466,11873.438,7.908,4606.6,3.068,2478.013,1.65,602.409,0.401
26/09/2025,2025-09-26,64,[14:45-15:00[,2025-09-26 13:45,1519.136,44389.977,29.221,13026.964,8.575,12712.512,8.368,11873.438,7.816,4445.4,2.926,2957.337,1.947,-625.674,-0.412
26/09/2025,2025-09-26,65,[15:00-15:15[,2025-09-26 14:00,1521.712,53668.007,35.268,12487.833,8.206,12712.512,8.354,10846.25,7.128,13900.8,9.135,2805.882,1.844,914.73,0.601
26/09/2025,2025-09-26,66,[15:15-15:30[,2025-09-26 14:15,1516.501,53924.211,35.558,12487.833,8.235,12712.512,8.383,10000,6.594,13900.8,9.166,2807.837,1.852,2015.229,1.329
26/09/2025,2025-09-26,67,[15:30-15:45[,2025-09-26 14:30,1529.206,55185.102,36.087,12487.833,8.166,12712.512,8.313,10000,6.539,13900.8,9.09,2991.874,1.956,3092.084,2.022
26/09/2025,2025-09-26,68,[15:45-16:00[,2025-09-26 14:45,1533.842,52297.18,34.096,12487.833,8.142,12712.512,8.288,10000,6.52,13900.8,9.063,2573.034,1.678,623.001,0.406
26/09/2025,2025-09-26,69,[16:00-16:15[,2025-09-26 15:00,1538.037,49559.384,32.222,11048.121,7.183,13079.609,8.504,10000,6.502,14682.72,9.546,2983.744,1.94,-2234.811,-1.453
26/09/2025,2025-09-26,70,[16:15-16:30[,2025-09-26 15:15,1554.455,47030.129,30.255,11048.121,7.107,13079.609,8.414,-750,-0.482,14682.72,9.446,3064.088,1.971,5905.591,3.799
26/09/2025,2025-09-26,71,[16:30-16:45[,2025-09-26 15:30,1574.328,38684.577,24.572,11048.121,7.018,13079.609,8.308,-450,-0.286,14682.72,9.326,3136.662,1.992,-2812.536,-1.786
26/09/2025,2025-09-26,72,[16:45-17:00[,2025-09-26 15:45,1564.058,39345.098,25.156,11048.121,7.064,15068.509,9.634,72.5,0.046,14682.72,9.388,3034.147,1.94,-4560.899,-2.916
26/09/2025,2025-09-26,73,[17:00-17:15[,2025-09-26 16:00,1560.165,33788.857,21.657,6770.9,4.34,15449.057,9.902,11500,7.371,5343.8,3.425,3119.034,1.999,-8393.933,-5.38
26/09/2025,2025-09-26,74,[17:15-17:30[,2025-09-26 16:15,1586.418,31256.405,19.703,6770.9,4.268,15449.057,9.738,11000.5,6.934,5343.8,3.368,3153.067,1.988,-10460.919,-6.594
26/09/2025,2025-09-26,75,[17:30-17:45[,2025-09-26 16:30,1583.601,26843.502,16.951,6770.9,4.276,15449.057,9.756,10411,6.574,5343.8,3.374,3175.478,2.005,-14306.732,-9.034
26/09/2025,2025-09-26,76,[17:45-18:00[,2025-09-26 16:45,1593.589,28072.572,17.616,6770.9,4.249,17437.957,10.943,9820.5,6.163,5343.8,3.353,2212.013,1.388,-13512.598,-8.479
26/09/2025,2025-09-26,77,[18:00-18:15[,2025-09-26 17:00,1607.279,31711.642,19.73,2665.767,1.659,18839.602,11.721,8640.825,5.376,5343.8,3.325,2221.648,1.382,-6000,-3.733
26/09/2025,2025-09-26,78,[18:15-18:30[,2025-09-26 17:15,1636.12,34475.483,21.071,2665.767,1.629,18839.602,11.515,9645.75,5.896,5343.8,3.266,2211.327,1.352,-4230.763,-2.586
26/09/2025,2025-09-26,79,[18:30-18:45[,2025-09-26 17:30,1668.057,33918.912,20.334,2665.767,1.598,18839.602,11.294,9634.196,5.776,5357.68,3.212,2231.368,1.338,-4809.702,-2.883
26/09/2025,2025-09-26,80,[18:45-19:00[,2025-09-26 17:45,1672.453,21581.149,12.904,2665.767,1.594,18839.602,11.265,9645.75,5.767,5357.68,3.203,1426.221,0.853,-16353.872,-9.778
26/09/2025,2025-09-26,81,[19:00-19:15[,2025-09-26 18:00,1696.387,14089.056,8.305,3766.432,2.22,18839.602,11.106,9571.13,5.642,4199.68,2.476,1259.338,0.742,-23547.126,-13.881
26/09/2025,2025-09-26,82,[19:15-19:30[,2025-09-26 18:15,1730.454,8690.59,5.022,3766.432,2.177,18839.602,10.887,10131.5,5.855,4199.68,2.427,1315.324,0.76,-29561.948,-17.083
26/09/2025,2025-09-26,83,[19:30-19:45[,2025-09-26 18:30,1787.118,6775.595,3.791,3766.432,2.108,18839.602,10.542,10131.5,5.669,4199.68,2.35,1334.764,0.747,-31496.382,-17.624
26/09/2025,2025-09-26,84,[19:45-20:00[,2025-09-26 18:45,1820.991,5443.566,2.989,3766.432,2.068,18839.602,10.346,10131.5,5.564,4199.68,2.306,1467.186,0.806,-32960.834,-18.1
26/09/2025,2025-09-26,85,[20:00-20:15[,2025-09-26 19:00,1808.989,13139.002,7.263,4189,2.316,18839.602,10.414,9422.4,5.209,4493.04,2.484,1375.461,0.76,-25180.501,-13.92
26/09/2025,2025-09-26,86,[20:15-20:30[,2025-09-26 19:15,1786.559,14195.272,7.946,4189,2.345,18839.602,10.545,9422.4,5.274,4493.04,2.515,1459.472,0.817,-24208.242,-13.55
26/09/2025,2025-09-26,87,[20:30-20:45[,2025-09-26 19:30,1756.463,16946.166,9.648,4189,2.385,18839.602,10.726,9422.4,5.364,4493.04,2.558,1340.059,0.763,-21337.935,-12.148
26/09/2025,2025-09-26,88,[20:45-21:00[,2025-09-26 19:45,1727.222,16841.336,9.751,4189,2.425,18839.602,10.907,9422.4,5.455,4493.04,2.601,1390.247,0.805,-21492.953,-12.444
26/09/2025,2025-09-26,89,[21:00-21:15[,2025-09-26 20:00,1698.355,14026.124,8.259,3041.008,1.791,18839.602,11.093,9246.475,5.444,4640.02,2.732,1381.005,0.813,-23121.987,-13.614
26/09/2025,2025-09-26,90,[21:15-21:30[,2025-09-26 20:15,1666.627,16915.918,10.15,3041.008,1.825,18839.602,11.304,9246.475,5.548,4891.04,2.935,1315.087,0.789,-20417.295,-12.251
26/09/2025,2025-09-26,91,[21:30-21:45[,2025-09-26 20:30,1635.852,17013.363,10.4,3041.008,1.859,18839.602,11.517,9425.875,5.762,4820.2,2.947,1402.235,0.857,-20515.557,-12.541
26/09/2025,2025-09-26,92,[21:45-22:00[,2025-09-26 20:45,1596.528,19728.106,12.357,3041.008,1.905,18839.602,11.8,9605.275,6.016,4820.2,3.019,1361.903,0.853,-17939.882,-11.237
26/09/2025,2025-09-26,93,[22:00-22:15[,2025-09-26 21:00,1580.185,20220.234,12.796,3244.759,2.053,18839.602,11.922,8795.125,5.566,5651.04,3.576,2239.778,1.417,-18550.07,-11.739
26/09/2025,2025-09-26,94,[22:15-22:30[,2025-09-26 21:15,1551.382,17638.62,11.37,3244.759,2.092,18839.602,12.144,8795.125,5.669,5682.6,3.663,2342.769,1.51,-21266.235,-13.708
26/09/2025,2025-09-26,95,[22:30-22:45[,2025-09-26 21:30,1527.968,20983.784,13.733,3244.759,2.124,18839.602,12.33,8795.125,5.756,5682.6,3.719,2532.266,1.657,-18110.567,-11.853
26/09/2025,2025-09-26,96,[22:45-23:00[,2025-09-26 21:45,1488.137,20387.856,13.7,3244.759,2.18,18839.602,12.66,8881.825,5.968,5682.6,3.819,2454.596,1.649,-18715.525,-12.576
27/09/2025,2025-09-27,1,[23:00-23:15[,2025-09-26 22:00,1459.918,11587.166,7.937,5385.38,3.689,,,,,3763.76,2.578,2693.107,1.845,-255.081,-0.175
27/09/2025,2025-09-27,2,[23:15-23:30[,2025-09-26 22:15,1444.708,11801.877,8.169,5385.38,3.728,,,,,3763.76,2.605,3341.147,2.313,-688.41,-0.477
27/09/2025,2025-09-27,3,[23:30-23:45[,2025-09-26 22:30,1414.151,12631.337,8.932,5385.38,3.808,,,,,3763.76,2.661,3394.606,2.4,87.59,0.062
27/09/2025,2025-09-27,4,[23:45-00:00[,2025-09-26 22:45,1385.116,12000.07,8.664,5385.38,3.888,,,,,3763.76,2.717,3388.011,2.446,-537.081,-0.388
27/09/2025,2025-09-27,5,[00:00-00:15[,2025-09-26 23:00,1347.124,11265.752,8.363,5988.925,4.446,,,,,2979,2.211,3341.528,2.48,-1043.701,-0.775
27/09/2025,2025-09-27,6,[00:15-00:30[,2025-09-26 23:15,1336.01,12091.026,9.05,5988.925,4.483,,,,,2979,2.23,3321.904,2.486,-198.803,-0.149
27/09/2025,2025-09-27,7,[00:30-00:45[,2025-09-26 23:30,1312.527,11719.273,8.929,5988.925,4.563,,,,,2979,2.27,3228.318,2.46,-476.969,-0.363
27/09/2025,2025-09-27,8,[00:45-01:00[,2025-09-26 23:45,1283.646,11986.375,9.338,5988.925,4.666,,,,,3140,2.446,3210.992,2.501,-353.542,-0.275
27/09/2025,2025-09-27,9,[01:00-01:15[,2025-09-27 00:00,1279.581,12725.752,9.945,6274.668,4.904,,,,,2810,2.196,3311.474,2.588,329.609,0.258
27/09/2025,2025-09-27,10,[01:15-01:30[,2025-09-27 00:15,1264.567,12491.109,9.878,6274.668,4.962,,,,,2810,2.222,3287.628,2.6,118.813,0.094
27/09/2025,2025-09-27,11,[01:30-01:45[,2025-09-27 00:30,1236.265,12088.175,9.778,6274.668,5.076,,,,,2810,2.273,3216.381,2.602,-212.874,-0.172
27/09/2025,2025-09-27,12,[01:45-02:00[,2025-09-27 00:45,1230.483,13090.903,10.639,6274.668,5.099,,,,,2810,2.284,3333.45,2.709,672.784,0.547
27/09/2025,2025-09-27,13,[02:00-02:15[,2025-09-27 01:00,1212.706,12020.241,9.912,5974.927,4.927,,,,,2700,2.226,3328.23,2.744,17.085,0.014
27/09/2025,2025-09-27,14,[02:15-02:30[,2025-09-27 01:15,1199.586,11412.527,9.514,5974.927,4.981,,,,,2700,2.251,3325.184,2.772,-587.585,-0.49
27/09/2025,2025-09-27,15,[02:30-02:45[,2025-09-27 01:30,1197.646,11112.795,9.279,5974.927,4.989,,,,,2700,2.254,3339.339,2.788,-901.471,-0.753
27/09/2025,2025-09-27,16,[02:45-03:00[,2025-09-27 01:45,1181.489,11171.728,9.456,5974.927,5.057,,,,,2700,2.285,3279.235,2.776,-782.434,-0.662
27/09/2025,2025-09-27,17,[03:00-03:15[,2025-09-27 02:00,1179.363,12304.821,10.433,6278.362,5.324,,,,,2295,1.946,3300.193,2.798,431.266,0.366
27/09/2025,2025-09-27,18,[03:15-03:30[,2025-09-27 02:15,1173.506,11392.233,9.708,6278.362,5.35,,,,,2295,1.956,3338.885,2.845,-520.014,-0.443
27/09/2025,2025-09-27,19,[03:30-03:45[,2025-09-27 02:30,1152.787,11902.073,10.325,6278.362,5.446,,,,,2295,1.991,3317.871,2.878,10.84,0.009
27/09/2025,2025-09-27,20,[03:45-04:00[,2025-09-27 02:45,1157.07,11129.009,9.618,6278.362,5.426,,,,,2295,1.983,3326.277,2.875,-770.63,-0.666
27/09/2025,2025-09-27,21,[04:00-04:15[,2025-09-27 03:00,1153.625,16750.56,14.52,10327.183,8.952,,,,,2740,2.375,3335.259,2.891,348.117,0.302
27/09/2025,2025-09-27,22,[04:15-04:30[,2025-09-27 03:15,1137.009,16768.192,14.748,10327.183,9.083,,,,,2740,2.41,3229.95,2.841,471.059,0.414
27/09/2025,2025-09-27,23,[04:30-04:45[,2025-09-27 03:30,1141.559,16709.248,14.637,10327.183,9.047,,,,,2740,2.4,3336.107,2.922,305.958,0.268
27/09/2025,2025-09-27,24,[04:45-05:00[,2025-09-27 03:45,1136.8,15506.213,13.64,10327.183,9.084,,,,,2740,2.41,3132.924,2.756,-693.895,-0.61
27/09/2025,2025-09-27,25,[05:00-05:15[,2025-09-27 04:00,1136.2,18450.261,16.239,11336.16,9.977,,,,,2750,2.42,3255.754,2.865,1108.347,0.975
27/09/2025,2025-09-27,26,[05:15-05:30[,2025-09-27 04:15,1145.401,17144.37,14.968,11336.16,9.897,,,,,2750,2.401,3209.808,2.802,-151.599,-0.132
27/09/2025,2025-09-27,27,[05:30-05:45[,2025-09-27 04:30,1144.027,17508.918,15.305,11336.16,9.909,,,,,2750,2.404,3213.001,2.809,209.757,0.183
27/09/2025,2025-09-27,28,[05:45-06:00[,2025-09-27 04:45,1138.026,19967.806,17.546,11336.16,9.961,,,,,2750,2.416,3226.417,2.835,2655.229,2.333
27/09/2025,2025-09-27,29,[06:00-06:15[,2025-09-27 05:00,1163.083,13192.777,11.343,9259.858,7.961,,,,,3030,2.605,3191.246,2.744,-2288.328,-1.967
27/09/2025,2025-09-27,30,[06:15-06:30[,2025-09-27 05:15,1168.274,14416.8,12.34,9259.858,7.926,,,,,3030,2.594,2932.048,2.51,-805.107,-0.689
27/09/2025,2025-09-27,31,[06:30-06:45[,2025-09-27 05:30,1178.218,14993.54,12.726,9259.858,7.859,,,,,3030,2.572,3176.376,2.696,-472.694,-0.401
27/09/2025,2025-09-27,32,[06:45-07:00[,2025-09-27 05:45,1197.205,15919.717,13.297,9259.858,7.735,,,,,3030,2.531,3158.562,2.638,471.297,0.394
27/09/2025,2025-09-27,33,[07:00-07:15[,2025-09-27 06:00,1214.567,10530.713,8.67,5762.242,4.744,,,,,3160,2.602,2972.474,2.447,-1364.003,-1.123
27/09/2025,2025-09-27,34,[07:15-07:30[,2025-09-27 06:15,1212.679,11734.108,9.676,5762.242,4.752,,,,,3160,2.606,3184.032,2.626,-372.166,-0.307
27/09/2025,2025-09-27,35,[07:30-07:45[,2025-09-27 06:30,1230.192,11305.273,9.19,5762.242,4.684,,,,,3160,2.569,3174.805,2.581,-791.774,-0.644
27/09/2025,2025-09-27,36,[07:45-08:00[,2025-09-27 06:45,1255.655,12141.184,9.669,5762.242,4.589,,,,,3160,2.517,3158.43,2.515,60.512,0.048
27/09/2025,2025-09-27,37,[08:00-08:15[,2025-09-27 07:00,1264.817,21072.411,16.66,12987.872,10.269,,,,,4433.08,3.505,3074.37,2.431,577.089,0.456
27/09/2025,2025-09-27,38,[08:15-08:30[,2025-09-27 07:15,1286.514,18855.003,14.656,12987.872,10.095,,,,,4433.08,3.446,3102.891,2.412,-1668.84,-1.297
27/09/2025,2025-09-27,39,[08:30-08:45[,2025-09-27 07:30,1310.566,21858.744,16.679,12987.872,9.91,,,,,4433.08,3.383,3140.605,2.396,1297.187,0.99
27/09/2025,2025-09-27,40,[08:45-09:00[,2025-09-27 07:45,1316.407,22355.728,16.982,12987.872,9.866,,,,,4433.08,3.368,3038.094,2.308,1896.682,1.441
27/09/2025,2025-09-27,41,[09:00-09:15[,2025-09-27 08:00,1336.996,26253.669,19.636,16234.25,12.142,,,,,7484.96,5.598,2993.593,2.239,-459.133,-0.343
27/09/2025,2025-09-27,42,[09:15-09:30[,2025-09-27 08:15,1365.927,26057.716,19.077,16234.25,11.885,,,,,7484.96,5.48,3130.81,2.292,-792.304,-0.58
27/09/2025,2025-09-27,43,[09:30-09:45[,2025-09-27 08:30,1366.324,27617.313,20.213,16234.25,11.882,,,,,7484.96,5.478,3110.119,2.276,787.984,0.577
27/09/2025,2025-09-27,44,[09:45-10:00[,2025-09-27 08:45,1364.213,31393.597,23.012,16234.25,11.9,,,,,7484.96,5.487,3099.247,2.272,4575.14,3.354
27/09/2025,2025-09-27,45,[10:00-10:15[,2025-09-27 09:00,1373.101,27752.748,20.212,18344.946,13.36,,,,,6065.478,4.417,3081.92,2.244,260.404,0.19
27/09/2025,2025-09-27,46,[10:15-10:30[,2025-09-27 09:15,1370.741,26811.693,19.56,18344.946,13.383,,,,,6151.968,4.488,3045.861,2.222,-731.082,-0.533
27/09/2025,2025-09-27,47,[10:30-10:45[,2025-09-27 09:30,1391.674,27800.128,19.976,18344.946,13.182,,,,,6151.968,4.421,3092.566,2.222,210.648,0.151
27/09/2025,2025-09-27,48,[10:45-11:00[,2025-09-27 09:45,1406.206,27538.747,19.584,18344.946,13.046,,,,,6151.968,4.375,3096.989,2.202,-55.155,-0.039
27/09/2025,2025-09-27,49,[11:00-11:15[,2025-09-27 10:00,1406.883,25672.11,18.248,18842.321,13.393,,,,,5489.942,3.902,2757.201,1.96,-1417.354,-1.007
27/09/2025,2025-09-27,50,[11:15-11:30[,2025-09-27 10:15,1447.378,28494.924,19.687,18842.321,13.018,,,,,5489.942,3.793,3050.522,2.108,1112.139,0.768
27/09/2025,2025-09-27,51,[11:30-11:45[,2025-09-27 10:30,1460.223,28221.156,19.327,18842.321,12.904,,,,,5489.942,3.76,3020.708,2.069,868.186,0.595
27/09/2025,2025-09-27,52,[11:45-12:00[,2025-09-27 10:45,1462.158,20630.373,14.11,18842.321,12.887,,,,,5496.348,3.759,3056.546,2.09,-6764.842,-4.627
27/09/2025,2025-09-27,53,[12:00-12:15[,2025-09-27 11:00,1477.468,28779.954,19.479,19400.071,13.131,,,,,3641.02,2.464,3071.463,2.079,2667.4,1.805
27/09/2025,2025-09-27,54,[12:15-12:30[,2025-09-27 11:15,1490.328,14437.753,9.688,19400.071,13.017,,,,,3641.02,2.443,2990.38,2.007,-11593.718,-7.779
27/09/2025,2025-09-27,55,[12:30-12:45[,2025-09-27 11:30,1497.372,14985.095,10.008,19400.071,12.956,,,,,3641.02,2.432,3078.212,2.056,-11134.207,-7.436
27/09/2025,2025-09-27,56,[12:45-13:00[,2025-09-27 11:45,1503.45,16285.587,10.832,19400.071,12.904,,,,,3641.02,2.422,3077.106,2.047,-9832.611,-6.54
27/09/2025,2025-09-27,57,[13:00-13:15[,2025-09-27 12:00,1487.724,11149.486,7.494,20320.539,13.659,,,,,848.4,0.57,3026.109,2.034,-13045.561,-8.769
27/09/2025,2025-09-27,58,[13:15-13:30[,2025-09-27 12:15,1482.084,13361.777,9.016,20320.539,13.711,,,,,848.4,0.572,3136.995,2.117,-10944.156,-7.384
27/09/2025,2025-09-27,59,[13:30-13:45[,2025-09-27 12:30,1470.056,24196.052,16.459,20320.539,13.823,,,,,848.4,0.577,3114.829,2.119,-87.716,-0.06
27/09/2025,2025-09-27,60,[13:45-14:00[,2025-09-27 12:45,1456.349,23922.933,16.427,20320.539,13.953,,,,,848.4,0.583,3205.507,2.201,-451.512,-0.31
27/09/2025,2025-09-27,61,[14:00-14:15[,2025-09-27 13:00,1458.197,28351.867,19.443,20394.311,13.986,,,,,629.64,0.432,3238.931,2.221,4088.985,2.804
27/09/2025,2025-09-27,62,[14:15-14:30[,2025-09-27 13:15,1451.942,28610.312,19.705,20394.311,14.046,,,,,629.64,0.434,3136.219,2.16,4450.142,3.065
27/09/2025,2025-09-27,63,[14:30-14:45[,2025-09-27 13:30,1434.17,32963.899,22.985,20394.311,14.22,,,,,629.64,0.439,2789.547,1.945,9150.401,6.38
27/09/2025,2025-09-27,64,[14:45-15:00[,2025-09-27 13:45,1445.741,35800.504,24.763,20394.311,14.106,,,,,629.64,0.436,3219.236,2.227,11557.317,7.994
27/09/2025,2025-09-27,65,[15:00-15:15[,2025-09-27 14:00,1441.328,17857.234,12.389,19492.071,13.524,,,,,5998.496,4.162,3130.189,2.172,-10763.522,-7.468
27/09/2025,2025-09-27,66,[15:15-15:30[,2025-09-27 14:15,1427.03,18030.359,12.635,19492.071,13.659,,,,,5998.496,4.203,2526.901,1.771,-9987.109,-6.999
27/09/2025,2025-09-27,67,[15:30-15:45[,2025-09-27 14:30,1437.004,17475.516,12.161,19492.071,13.564,,,,,5894.014,4.102,3189.729,2.22,-11100.298,-7.725
27/09/2025,2025-09-27,68,[15:45-16:00[,2025-09-27 14:45,1437.471,14857.178,10.336,19492.071,13.56,,,,,5402.334,3.758,3189.753,2.219,-13226.979,-9.202
27/09/2025,2025-09-27,69,[16:00-16:15[,2025-09-27 15:00,1424.996,26854.842,18.846,17059.921,11.972,,,,,7496.412,5.261,3025.884,2.123,-727.376,-0.51
27/09/2025,2025-09-27,70,[16:15-16:30[,2025-09-27 15:15,1412.997,26814.394,18.977,17059.921,12.074,,,,,6836.676,4.838,3049.541,2.158,-131.744,-0.093
27/09/2025,2025-09-27,71,[16:30-16:45[,2025-09-27 15:30,1411.471,21346.866,15.124,17059.921,12.087,,,,,6001.698,4.252,3158.103,2.237,-4872.856,-3.452
27/09/2025,2025-09-27,72,[16:45-17:00[,2025-09-27 15:45,1415.521,20576.054,14.536,17059.921,12.052,,,,,5057.754,3.573,3192.035,2.255,-4733.656,-3.344
27/09/2025,2025-09-27,73,[17:00-17:15[,2025-09-27 16:00,1397.003,17256.123,12.352,14517.067,10.392,,,,,4574.88,3.275,2780.043,1.99,-4615.867,-3.304
27/09/2025,2025-09-27,74,[17:15-17:30[,2025-09-27 16:15,1420.389,20638.279,14.53,14517.067,10.22,,,,,4574.88,3.221,3159.492,2.224,-1613.16,-1.136
27/09/2025,2025-09-27,75,[17:30-17:45[,2025-09-27 16:30,1432.414,19290.87,13.467,14517.067,10.135,,,,,4393.44,3.067,3041.727,2.123,-2661.364,-1.858
27/09/2025,2025-09-27,76,[17:45-18:00[,2025-09-27 16:45,1437.915,21842.112,15.19,14517.067,10.096,,,,,4393.44,3.055,3161.308,2.199,-229.703,-0.16
27/09/2025,2025-09-27,77,[18:00-18:15[,2025-09-27 17:00,1464.497,16549.39,11.3,11674.158,7.971,,,,,3416,2.333,3163.567,2.16,-1704.336,-1.164
27/09/2025,2025-09-27,78,[18:15-18:30[,2025-09-27 17:15,1478.076,24473.003,16.557,11674.158,7.898,,,,,3400,2.3,3127.972,2.116,6270.872,4.243
27/09/2025,2025-09-27,79,[18:30-18:45[,2025-09-27 17:30,1501.685,21354.214,14.22,11674.158,7.774,,,,,3400,2.264,3163.83,2.107,3116.226,2.075
27/09/2025,2025-09-27,80,[18:45-19:00[,2025-09-27 17:45,1515.367,14919.262,9.845,11674.158,7.704,,,,,3400,2.244,2898.073,1.912,-3052.969,-2.015
27/09/2025,2025-09-27,81,[19:00-19:15[,2025-09-27 18:00,1519.089,13630.969,8.973,10488.307,6.904,,,,,2295,1.511,1370.196,0.902,-522.534,-0.344
27/09/2025,2025-09-27,82,[19:15-19:30[,2025-09-27 18:15,1553.866,13408.356,8.629,10488.307,6.75,,,,,2295,1.477,1368.178,0.88,-743.129,-0.478
27/09/2025,2025-09-27,83,[19:30-19:45[,2025-09-27 18:30,1592.403,11654.384,7.319,10488.307,6.586,,,,,2295,1.441,1367.521,0.859,-2496.444,-1.568
27/09/2025,2025-09-27,84,[19:45-20:00[,2025-09-27 18:45,1620.8,14847.601,9.161,10488.307,6.471,,,,,2295,1.416,1367.223,0.844,697.07,0.43
27/09/2025,2025-09-27,85,[20:00-20:15[,2025-09-27 19:00,1618.993,13794.708,8.521,11237.401,6.941,,,,,2860,1.767,1351.593,0.835,-1654.286,-1.022
27/09/2025,2025-09-27,86,[20:15-20:30[,2025-09-27 19:15,1596.752,13305.197,8.333,11237.401,7.038,,,,,2860,1.791,1334.672,0.836,-2126.875,-1.332
27/09/2025,2025-09-27,87,[20:30-20:45[,2025-09-27 19:30,1570.646,14050.983,8.946,11237.401,7.155,,,,,2860,1.821,1222.98,0.779,-1269.398,-0.808
27/09/2025,2025-09-27,88,[20:45-21:00[,2025-09-27 19:45,1546.192,16305.636,10.546,11237.401,7.268,,,,,2860,1.85,1224.916,0.792,983.319,0.636
27/09/2025,2025-09-27,89,[21:00-21:15[,2025-09-27 20:00,1537.086,16073.34,10.457,12082.737,7.861,,,,,4255,2.768,2599.869,1.691,-2864.265,-1.863
27/09/2025,2025-09-27,90,[21:15-21:30[,2025-09-27 20:15,1525.961,17424.306,11.419,12082.737,7.918,,,,,4255,2.788,3244.833,2.126,-2158.264,-1.414
27/09/2025,2025-09-27,91,[21:30-21:45[,2025-09-27 20:30,1499.569,18600.26,12.404,12082.737,8.057,,,,,4255,2.837,3244.37,2.164,-981.847,-0.655
27/09/2025,2025-09-27,92,[21:45-22:00[,2025-09-27 20:45,1478.168,18511.272,12.523,12082.737,8.174,,,,,4255,2.879,3239.66,2.192,-1066.125,-0.721
27/09/2025,2025-09-27,93,[22:00-22:15[,2025-09-27 21:00,1452.665,18394.98,12.663,12492.535,8.6,,,,,3600,2.478,3245.13,2.234,-942.685,-0.649
27/09/2025,2025-09-27,94,[22:15-22:30[,2025-09-27 21:15,1437.504,18198.638,12.66,12492.535,8.69,,,,,3600,2.504,3242.634,2.256,-1136.531,-0.791
27/09/2025,2025-09-27,95,[22:30-22:45[,2025-09-27 21:30,1406.498,18243.596,12.971,12492.535,8.882,,,,,3600,2.56,3234.758,2.3,-1083.697,-0.77
27/09/2025,2025-09-27,96,[22:45-23:00[,2025-09-27 21:45,1385.644,19862.335,14.334,12492.535,9.016,,,,,3600,2.598,3246.88,2.343,522.92,0.377
28/09/2025,2025-09-28,1,[23:00-23:15[,2025-09-27 22:00,1359.99,20766.567,15.27,13945.763,10.254,,,,,4140.5,3.045,3089.047,2.271,-408.743,-0.301
28/09/2025,2025-09-28,2,[23:15-23:30[,2025-09-27 22:15,1328.781,20553.802,15.468,13945.763,10.495,,,,,4140.5,3.116,2895.042,2.179,-427.503,-0.322
28/09/2025,2025-09-28,3,[23:30-23:45[,2025-09-27 22:30,1313.137,21308.907,16.227,13945.763,10.62,,,,,4330.326,3.298,3105.135,2.365,-72.316,-0.055
28/09/2025,2025-09-28,4,[23:45-00:00[,2025-09-27 22:45,1293.15,20980.402,16.224,13945.763,10.784,,,,,4365.526,3.376,3084.917,2.386,-415.803,-0.322
28/09/2025,2025-09-28,5,[00:00-00:15[,2025-09-27 23:00,1255.393,16842.825,13.416,14313.88,11.402,,,,,3035.52,2.418,2759.49,2.198,-3266.064,-2.602
28/09/2025,2025-09-28,6,[00:15-00:30[,2025-09-27 23:15,1248.673,18979.481,15.2,14313.88,11.463,,,,,3035.52,2.431,3067.163,2.456,-1437.081,-1.151
28/09/2025,2025-09-28,7,[00:30-00:45[,2025-09-27 23:30,1237.674,20108.032,16.247,14313.88,11.565,,,,,3048.416,2.463,3067.287,2.478,-321.551,-0.26
28/09/2025,2025-09-28,8,[00:45-01:00[,2025-09-27 23:45,1205.914,19395.673,16.084,14313.88,11.87,,,,,2886.72,2.394,2693.509,2.234,-498.436,-0.413
28/09/2025,2025-09-28,9,[01:00-01:15[,2025-09-28 00:00,1192.179,17975.469,15.078,11965.713,10.037,,,,,2741.08,2.299,3080.397,2.584,188.279,0.158
28/09/2025,2025-09-28,10,[01:15-01:30[,2025-09-28 00:15,1182.339,18024.196,15.245,11965.713,10.12,,,,,2741.08,2.318,3079.808,2.605,237.596,0.201
28/09/2025,2025-09-28,11,[01:30-01:45[,2025-09-28 00:30,1173.526,17938.555,15.286,11965.713,10.196,,,,,2773.618,2.363,3078.436,2.623,120.789,0.103
28/09/2025,2025-09-28,12,[01:45-02:00[,2025-09-28 00:45,1150.216,19007.572,16.525,11965.713,10.403,,,,,2773.618,2.411,3005.759,2.613,1262.482,1.098
28/09/2025,2025-09-28,13,[02:00-02:15[,2025-09-28 01:00,1141.641,19852.455,17.389,14938.491,13.085,,,,,2682.228,2.349,3078.691,2.697,-846.956,-0.742
28/09/2025,2025-09-28,14,[02:15-02:30[,2025-09-28 01:15,1131.48,19325.072,17.079,14938.491,13.203,,,,,2682.228,2.371,3079.603,2.722,-1375.249,-1.215
28/09/2025,2025-09-28,15,[02:30-02:45[,2025-09-28 01:30,1112.549,17835.878,16.032,14938.491,13.427,,,,,2519.88,2.265,3080.121,2.769,-2702.614,-2.429
28/09/2025,2025-09-28,16,[02:45-03:00[,2025-09-28 01:45,1115.365,18312.801,16.419,14938.491,13.393,,,,,2519.88,2.259,3090.346,2.771,-2235.917,-2.005
28/09/2025,2025-09-28,17,[03:00-03:15[,2025-09-28 02:00,1098.596,19977.317,18.184,14973.138,13.629,,,,,2652.348,2.414,2852.108,2.596,-500.277,-0.455
28/09/2025,2025-09-28,18,[03:15-03:30[,2025-09-28 02:15,1091.479,20289.216,18.589,14973.138,13.718,,,,,2652.348,2.43,3077.529,2.82,-413.799,-0.379
28/09/2025,2025-09-28,19,[03:30-03:45[,2025-09-28 02:30,1090.586,19834.764,18.187,14973.138,13.729,,,,,2490,2.283,3089.99,2.833,-718.363,-0.659
28/09/2025,2025-09-28,20,[03:45-04:00[,2025-09-28 02:45,1086.793,19943.238,18.351,14973.138,13.777,,,,,2490,2.291,3091.324,2.844,-611.224,-0.562
28/09/2025,2025-09-28,21,[04:00-04:15[,2025-09-28 03:00,1080.225,20287.179,18.781,14506.096,13.429,,,,,2732.028,2.529,3064.899,2.837,-15.844,-0.015
28/09/2025,2025-09-28,22,[04:15-04:30[,2025-09-28 03:15,1082.934,19817.573,18.3,14506.096,13.395,,,,,2732.028,2.523,3091.134,2.854,-511.685,-0.472
28/09/2025,2025-09-28,23,[04:30-04:45[,2025-09-28 03:30,1071.29,18378.783,17.156,14506.096,13.541,,,,,2732.028,2.55,3023.013,2.822,-1882.354,-1.757
28/09/2025,2025-09-28,24,[04:45-05:00[,2025-09-28 03:45,1076.555,19590.631,18.198,14506.096,13.475,,,,,2732.028,2.538,3088.713,2.869,-736.206,-0.684
28/09/2025,2025-09-28,25,[05:00-05:15[,2025-09-28 04:00,1078.184,20374.719,18.897,14512.465,13.46,,,,,2730.976,2.533,3086.796,2.863,44.482,0.041
28/09/2025,2025-09-28,26,[05:15-05:30[,2025-09-28 04:15,1069.53,20351.935,19.029,14512.465,13.569,,,,,2730.976,2.553,3088.083,2.887,20.411,0.019
28/09/2025,2025-09-28,27,[05:30-05:45[,2025-09-28 04:30,1077.151,20150.419,18.707,14512.465,13.473,,,,,2730.976,2.535,3087.376,2.866,-180.398,-0.167
28/09/2025,2025-09-28,28,[05:45-06:00[,2025-09-28 04:45,1081.209,19979.895,18.479,14512.465,13.422,,,,,2698.24,2.496,3086.717,2.855,-317.527,-0.294
28/09/2025,2025-09-28,29,[06:00-06:15[,2025-09-28 05:00,1083.879,20276.169,18.707,14386.492,13.273,,,,,3300.96,3.046,2902.002,2.677,-313.285,-0.289
28/09/2025,2025-09-28,30,[06:15-06:30[,2025-09-28 05:15,1100.474,20473.001,18.604,14386.492,13.073,,,,,3300.96,3,3085.592,2.804,-300.042,-0.273
28/09/2025,2025-09-28,31,[06:30-06:45[,2025-09-28 05:30,1105.964,20758.58,18.77,14386.492,13.008,,,,,3300.96,2.985,3085.415,2.79,-14.286,-0.013
28/09/2025,2025-09-28,32,[06:45-07:00[,2025-09-28 05:45,1106.191,20246.505,18.303,14386.492,13.005,,,,,3300.96,2.984,3085.762,2.79,-526.709,-0.476
28/09/2025,2025-09-28,33,[07:00-07:15[,2025-09-28 06:00,1121.517,25486.056,22.725,14378.511,12.821,,,,,8118.24,7.239,3086.499,2.752,-97.194,-0.087
28/09/2025,2025-09-28,34,[07:15-07:30[,2025-09-28 06:15,1111.536,25421.025,22.87,14378.511,12.936,,,,,8118.24,7.304,3058.263,2.751,-133.99,-0.121
28/09/2025,2025-09-28,35,[07:30-07:45[,2025-09-28 06:30,1110.778,24947.34,22.459,14378.511,12.945,,,,,8118.24,7.309,3018.949,2.718,-568.36,-0.512
28/09/2025,2025-09-28,36,[07:45-08:00[,2025-09-28 06:45,1136.3,24711.575,21.747,14378.511,12.654,,,,,8118.24,7.144,3086.184,2.716,-871.36,-0.767
28/09/2025,2025-09-28,37,[08:00-08:15[,2025-09-28 07:00,1148.781,27643.627,24.063,18157.459,15.806,,,,,7970.48,6.938,2960.372,2.577,-1444.684,-1.258
28/09/2025,2025-09-28,38,[08:15-08:30[,2025-09-28 07:15,1158.874,30206.698,26.066,18157.459,15.668,,,,,7970.48,6.878,3061.782,2.642,1016.977,0.878
28/09/2025,2025-09-28,39,[08:30-08:45[,2025-09-28 07:30,1187.543,25862.317,21.778,18157.459,15.29,,,,,7970.48,6.712,3058.885,2.576,-3324.507,-2.799
28/09/2025,2025-09-28,40,[08:45-09:00[,2025-09-28 07:45,1204.385,31169.518,25.88,18157.459,15.076,,,,,7970.48,6.618,3009.24,2.499,2032.339,1.687
28/09/2025,2025-09-28,41,[09:00-09:15[,2025-09-28 08:00,1226.704,33050.121,26.942,15842.886,12.915,,,,,12223.12,9.964,3031.75,2.471,1952.366,1.592
28/09/2025,2025-09-28,42,[09:15-09:30[,2025-09-28 08:15,1246.805,36329.99,29.138,15842.886,12.707,,,,,12223.12,9.804,3037.5,2.436,5226.485,4.192
28/09/2025,2025-09-28,43,[09:30-09:45[,2025-09-28 08:30,1259.331,40932.14,32.503,15842.886,12.58,,,,,12223.12,9.706,3032.9,2.408,9833.235,7.808
28/09/2025,2025-09-28,44,[09:45-10:00[,2025-09-28 08:45,1285.087,41141.379,32.014,15842.886,12.328,,,,,12223.12,9.512,3020.731,2.351,10054.642,7.824
28/09/2025,2025-09-28,45,[10:00-10:15[,2025-09-28 09:00,1296.592,49907.886,38.492,16063.919,12.389,,,,,13122.48,10.121,2903.743,2.24,17817.744,13.742
28/09/2025,2025-09-28,46,[10:15-10:30[,2025-09-28 09:15,1310.18,46558.816,35.536,16063.919,12.261,,,,,13122.48,10.016,2906.749,2.219,14465.668,11.041
28/09/2025,2025-09-28,47,[10:30-10:45[,2025-09-28 09:30,1328.734,45779.418,34.453,16063.919,12.09,,,,,13122.48,9.876,2988.884,2.249,13604.134,10.238
28/09/2025,2025-09-28,48,[10:45-11:00[,2025-09-28 09:45,1338.16,48431.991,36.193,16063.919,12.004,,,,,13122.48,9.806,2963.648,2.215,16281.944,12.167
28/09/2025,2025-09-28,49,[11:00-11:15[,2025-09-28 10:00,1342.076,30969.716,23.076,18771.59,13.987,,,,,3977.662,2.964,2952.464,2.2,5267.999,3.925
28/09/2025,2025-09-28,50,[11:15-11:30[,2025-09-28 10:15,1347.381,31466.71,23.354,18771.59,13.932,,,1258.6,0.934,4454.774,3.306,2875.045,2.134,4106.701,3.048
28/09/2025,2025-09-28,51,[11:30-11:45[,2025-09-28 10:30,1363.454,35156.663,25.785,18771.59,13.768,,,,,4750.376,3.484,2884.877,2.116,8749.82,6.417
28/09/2025,2025-09-28,52,[11:45-12:00[,2025-09-28 10:45,1363.049,35195.836,25.821,18771.59,13.772,,,,,5128.954,3.763,2786.37,2.044,8508.922,6.243
28/09/2025,2025-09-28,53,[12:00-12:15[,2025-09-28 11:00,1373.64,36589.183,26.637,19120.873,13.92,,,,,4632.96,3.373,2651.822,1.931,10183.529,7.414
28/09/2025,2025-09-28,54,[12:15-12:30[,2025-09-28 11:15,1390.158,35692.501,25.675,19120.873,13.754,,,,,4700.524,3.381,2804.202,2.017,9066.903,6.522
28/09/2025,2025-09-28,55,[12:30-12:45[,2025-09-28 11:30,1370.801,37260.311,27.181,19120.873,13.949,,,,,5035.86,3.674,2726.196,1.989,10377.383,7.57
28/09/2025,2025-09-28,56,[12:45-13:00[,2025-09-28 11:45,1363.91,37022.718,27.145,19120.873,14.019,,,,,5050.818,3.703,2759.881,2.024,10091.147,7.399
28/09/2025,2025-09-28,57,[13:00-13:15[,2025-09-28 12:00,1344.594,43192.865,32.123,18828.833,14.003,,,4218.089,3.137,4708.032,3.501,2784.516,2.071,12653.395,9.411
28/09/2025,2025-09-28,58,[13:15-13:30[,2025-09-28 12:15,1312.514,38271.93,29.159,18828.833,14.346,,,,,4470.732,3.406,2690.067,2.05,12282.298,9.358
28/09/2025,2025-09-28,59,[13:30-13:45[,2025-09-28 12:30,1297.406,43593.897,33.601,18828.833,14.513,,,,,4304.622,3.318,2717.318,2.094,17743.124,13.676
28/09/2025,2025-09-28,60,[13:45-14:00[,2025-09-28 12:45,1263.855,43022.676,34.041,18828.833,14.898,,,,,4176.48,3.305,2816.687,2.229,17200.676,13.61
28/09/2025,2025-09-28,61,[14:00-14:15[,2025-09-28 13:00,1247.034,38755.606,31.078,18614.817,14.927,,,,,4292.72,3.442,2691.543,2.158,13156.526,10.55
28/09/2025,2025-09-28,62,[14:15-14:30[,2025-09-28 13:15,1248.286,34191.038,27.39,18614.817,14.912,,,,,4292.72,3.439,2840.434,2.275,8443.067,6.764
28/09/2025,2025-09-28,63,[14:30-14:45[,2025-09-28 13:30,1225.499,37614.309,30.693,18614.817,15.19,,,,,4311.384,3.518,2833.634,2.312,11854.474,9.673
28/09/2025,2025-09-28,64,[14:45-15:00[,2025-09-28 13:45,1227.294,41256.027,33.615,18614.817,15.167,,,,,4292.72,3.498,2877.812,2.345,15470.678,12.606
28/09/2025,2025-09-28,65,[15:00-15:15[,2025-09-28 14:00,1224.734,40375.214,32.967,18128.896,14.802,,,,,4313.23,3.522,2891.252,2.361,15041.836,12.282
28/09/2025,2025-09-28,66,[15:15-15:30[,2025-09-28 14:15,1205.408,36058.989,29.914,18128.896,15.04,,,,,4036.802,3.349,2804.481,2.327,11088.81,9.199
28/09/2025,2025-09-28,67,[15:30-15:45[,2025-09-28 14:30,1213.979,38568.064,31.77,18128.896,14.933,,,,,4012.972,3.306,2905.919,2.394,13520.277,11.137
28/09/2025,2025-09-28,68,[15:45-16:00[,2025-09-28 14:45,1209.129,37151.081,30.725,18128.896,14.993,,,,,3717.48,3.075,2936.272,2.428,12368.433,10.229
28/09/2025,2025-09-28,69,[16:00-16:15[,2025-09-28 15:00,1209.548,37204.384,30.759,15801.559,13.064,,,,,11916.72,9.852,2852.315,2.358,6633.791,5.485
28/09/2025,2025-09-28,70,[16:15-16:30[,2025-09-28 15:15,1226.199,39238.343,32,15801.559,12.887,,,,,11916.72,9.718,3019.916,2.463,8500.148,6.932
28/09/2025,2025-09-28,71,[16:30-16:45[,2025-09-28 15:30,1214.513,52864.475,43.527,15801.559,13.011,,,,,11916.72,9.812,2638.639,2.173,22507.558,18.532
28/09/2025,2025-09-28,72,[16:45-17:00[,2025-09-28 15:45,1219.552,42916.844,35.191,15801.559,12.957,,,,,11916.72,9.771,2224.311,1.824,12974.254,10.639
28/09/2025,2025-09-28,73,[17:00-17:15[,2025-09-28 16:00,1229.652,27201.368,22.121,17412.027,14.16,,,,,8316.6,6.763,2198.2,1.788,-725.459,-0.59
28/09/2025,2025-09-28,74,[17:15-17:30[,2025-09-28 16:15,1254.699,29358.856,23.399,17412.027,13.877,,,,,8316.6,6.628,3000.951,2.392,629.278,0.502
28/09/2025,2025-09-28,75,[17:30-17:45[,2025-09-28 16:30,1285.656,29961.31,23.304,17412.027,13.543,,,,,8316.6,6.469,3005.535,2.338,1227.148,0.954
28/09/2025,2025-09-28,76,[17:45-18:00[,2025-09-28 16:45,1300.244,23615.358,18.162,17412.027,13.391,,,,,8316.6,6.396,2647.552,2.036,-4760.821,-3.661
28/09/2025,2025-09-28,77,[18:00-18:15[,2025-09-28 17:00,1309.576,24002.394,18.328,14344.679,10.954,,,,,5281.92,4.033,2214.042,1.691,2161.753,1.651
28/09/2025,2025-09-28,78,[18:15-18:30[,2025-09-28 17:15,1343.041,23395.702,17.42,14344.679,10.681,,,,,5281.92,3.933,2340.339,1.743,1428.765,1.064
28/09/2025,2025-09-28,79,[18:30-18:45[,2025-09-28 17:30,1361.465,19434.056,14.274,14344.679,10.536,,,,,5281.92,3.88,2192.211,1.61,-2384.753,-1.752
28/09/2025,2025-09-28,80,[18:45-19:00[,2025-09-28 17:45,1398.802,23917.082,17.098,14344.679,10.255,,,,,5281.92,3.776,2198.405,1.572,2092.079,1.496
28/09/2025,2025-09-28,81,[19:00-19:15[,2025-09-28 18:00,1431.871,20878.069,14.581,14048.396,9.811,,,,,3773.84,2.636,1237.654,0.864,1818.178,1.27
28/09/2025,2025-09-28,82,[19:15-19:30[,2025-09-28 18:15,1462.766,21121.047,14.439,14048.396,9.604,,,,,3773.84,2.58,1239.634,0.847,2059.176,1.408
28/09/2025,2025-09-28,83,[19:30-19:45[,2025-09-28 18:30,1517.126,18199.503,11.996,14048.396,9.26,,,,,3773.84,2.487,1242.666,0.819,-865.4,-0.57
28/09/2025,2025-09-28,84,[19:45-20:00[,2025-09-28 18:45,1553.855,19818.277,12.754,14048.396,9.041,,,,,3773.84,2.429,1327.238,0.854,668.803,0.43
28/09/2025,2025-09-28,85,[20:00-20:15[,2025-09-28 19:00,1560.305,15183.165,9.731,15623.969,10.013,,,,,2851.36,1.827,1264.189,0.81,-4556.353,-2.92
28/09/2025,2025-09-28,86,[20:15-20:30[,2025-09-28 19:15,1549.75,20121.374,12.984,15623.969,10.082,,,,,2851.36,1.84,1263.117,0.815,382.928,0.247
28/09/2025,2025-09-28,87,[20:30-20:45[,2025-09-28 19:30,1528.718,21323.922,13.949,15623.969,10.22,,,,,2851.36,1.865,1268.334,0.83,1580.258,1.034
28/09/2025,2025-09-28,88,[20:45-21:00[,2025-09-28 19:45,1508.359,25416.694,16.851,15623.969,10.358,,,,,2851.36,1.89,1267.959,0.841,5673.406,3.761
28/09/2025,2025-09-28,89,[21:00-21:15[,2025-09-28 20:00,1502.987,19547.016,13.005,14657.462,9.752,,,,,3453.76,2.298,2225.026,1.48,-789.232,-0.525
28/09/2025,2025-09-28,90,[21:15-21:30[,2025-09-28 20:15,1481.775,19894.919,13.426,14657.462,9.892,,,,,3453.76,2.331,2303.73,1.555,-520.033,-0.351
28/09/2025,2025-09-28,91,[21:30-21:45[,2025-09-28 20:30,1452.713,19882.385,13.686,14657.462,10.09,,,,,3453.76,2.377,2303.579,1.586,-532.416,-0.366
28/09/2025,2025-09-28,92,[21:45-22:00[,2025-09-28 20:45,1420.861,21847.641,15.376,14657.462,10.316,,,,,3453.76,2.431,2157.038,1.518,1579.381,1.112
28/09/2025,2025-09-28,93,[22:00-22:15[,2025-09-28 21:00,1407.458,32982.255,23.434,15713.7,11.165,,,,,15889.34,11.289,2301.213,1.635,-921.998,-0.655
28/09/2025,2025-09-28,94,[22:15-22:30[,2025-09-28 21:15,1381.316,34999.446,25.338,15713.7,11.376,,,,,15889.34,11.503,2296.706,1.663,1099.7,0.796
28/09/2025,2025-09-28,95,[22:30-22:45[,2025-09-28 21:30,1347.979,34263.83,25.419,15713.7,11.657,,,,,15889.34,11.788,2175.74,1.614,485.05,0.36
28/09/2025,2025-09-28,96,[22:45-23:00[,2025-09-28 21:45,1328.363,34797.389,26.196,15713.7,11.829,,,,,15889.34,11.962,2148.974,1.618,1045.374,0.787
29/09/2025,2025-09-29,1,[23:00-23:15[,2025-09-28 22:00,1297.364,22068.064,17.01,15251.079,11.755,,,,,4577.76,3.529,2247.455,1.732,-8.231,-0.006
29/09/2025,2025-09-29,2,[23:15-23:30[,2025-09-28 22:15,1282.174,22403.429,17.473,15251.079,11.895,,,,,4577.76,3.57,2415.277,1.884,159.313,0.124
29/09/2025,2025-09-29,3,[23:30-23:45[,2025-09-28 22:30,1258.356,22208.779,17.649,15251.079,12.12,,,,,4577.76,3.638,2372.09,1.885,7.849,0.006
29/09/2025,2025-09-29,4,[23:45-00:00[,2025-09-28 22:45,1226.967,23665.615,19.288,15251.079,12.43,,,,,4577.76,3.731,2235.064,1.822,1601.712,1.305
29/09/2025,2025-09-29,5,[00:00-00:15[,2025-09-28 23:00,1219.918,21347.687,17.499,15597.18,12.785,,,,,3623.04,2.97,2459.907,2.016,-332.439,-0.273
29/09/2025,2025-09-29,6,[00:15-00:30[,2025-09-28 23:15,1205.471,21648.425,17.958,15597.18,12.939,,,,,4036.48,3.348,2538.693,2.106,-523.928,-0.435
29/09/2025,2025-09-29,7,[00:30-00:45[,2025-09-28 23:30,1181.514,22385.181,18.946,15597.18,13.201,,,,,4194.24,3.55,2433.752,2.06,160.01,0.135
29/09/2025,2025-09-29,8,[00:45-01:00[,2025-09-28 23:45,1172.537,24401.181,20.811,15597.18,13.302,,,,,4322.736,3.687,2489.766,2.123,1991.499,1.698
29/09/2025,2025-09-29,9,[01:00-01:15[,2025-09-29 00:00,1158.449,19682.312,16.99,15811.755,13.649,,,,,2054.54,1.774,2556.61,2.207,-740.593,-0.639
29/09/2025,2025-09-29,10,[01:15-01:30[,2025-09-29 00:15,1147.013,24018.285,20.94,15811.755,13.785,,,,,2780.796,2.424,2577.046,2.247,2848.688,2.484
29/09/2025,2025-09-29,11,[01:30-01:45[,2025-09-29 00:30,1135.962,21448.805,18.882,15811.755,13.919,,,,,3191.472,2.809,2573.792,2.266,-128.215,-0.113
29/09/2025,2025-09-29,12,[01:45-02:00[,2025-09-29 00:45,1120.204,21059.616,18.8,15811.755,14.115,,,,,3191.472,2.849,2525.148,2.254,-468.758,-0.418
29/09/2025,2025-09-29,13,[02:00-02:15[,2025-09-29 01:00,1120.311,22562.584,20.14,16669.053,14.879,,,,,2325.072,2.075,2919.999,2.606,648.46,0.579
29/09/2025,2025-09-29,14,[02:15-02:30[,2025-09-29 01:15,1117.302,22452.022,20.095,16669.053,14.919,,,,,2171.2,1.943,3452.378,3.09,159.392,0.143
29/09/2025,2025-09-29,15,[02:30-02:45[,2025-09-29 01:30,1106.844,21940.281,19.822,16669.053,15.06,,,,,2171.2,1.962,3146.02,2.842,-45.992,-0.042
29/09/2025,2025-09-29,16,[02:45-03:00[,2025-09-29 01:45,1112.467,24373.457,21.909,16669.053,14.984,,,,,2171.2,1.952,3490.489,3.138,2042.715,1.836
29/09/2025,2025-09-29,17,[03:00-03:15[,2025-09-29 02:00,1096.803,24302.539,22.158,16879.663,15.39,,,-118.342,-0.108,2171.2,1.98,3192.587,2.911,2177.432,1.985
29/09/2025,2025-09-29,18,[03:15-03:30[,2025-09-29 02:15,1090.075,21555.699,19.775,16879.663,15.485,,,,,2171.2,1.992,3444.341,3.16,-939.505,-0.862
29/09/2025,2025-09-29,19,[03:30-03:45[,2025-09-29 02:30,1100.313,21280.262,19.34,16879.663,15.341,,,,,2325.072,2.113,3490.169,3.172,-1414.641,-1.286
29/09/2025,2025-09-29,20,[03:45-04:00[,2025-09-29 02:45,1088.722,21978.792,20.188,16879.663,15.504,,,,,2171.2,1.994,3461.526,3.179,-533.596,-0.49
29/09/2025,2025-09-29,21,[04:00-04:15[,2025-09-29 03:00,1097.562,22150.247,20.181,16616.053,15.139,,,,,3132.936,2.854,3490.232,3.18,-1088.973,-0.992
29/09/2025,2025-09-29,22,[04:15-04:30[,2025-09-29 03:15,1098.966,24333.621,22.142,16616.053,15.12,,,,,2369.406,2.156,3456.348,3.145,1891.814,1.721
29/09/2025,2025-09-29,23,[04:30-04:45[,2025-09-29 03:30,1084.447,22273.588,20.539,16616.053,15.322,,,-41.68,-0.038,2325.072,2.144,3301.652,3.045,72.492,0.067
29/09/2025,2025-09-29,24,[04:45-05:00[,2025-09-29 03:45,1106.043,21910.193,19.81,16616.053,15.023,,,,,2054.54,1.858,3491.635,3.157,-252.035,-0.228
29/09/2025,2025-09-29,25,[05:00-05:15[,2025-09-29 04:00,1132.411,20900.584,18.457,15387.319,13.588,,,,,2546.742,2.249,3491.318,3.083,-524.794,-0.463
29/09/2025,2025-09-29,26,[05:15-05:30[,2025-09-29 04:15,1117.609,22347.765,19.996,15387.319,13.768,,,,,2177.292,1.948,3364.799,3.011,1418.356,1.269
29/09/2025,2025-09-29,27,[05:30-05:45[,2025-09-29 04:30,1139.992,21773.267,19.099,15387.319,13.498,,,,,1507.356,1.322,3451.039,3.027,1427.554,1.252
29/09/2025,2025-09-29,28,[05:45-06:00[,2025-09-29 04:45,1164.812,22280.704,19.128,15387.319,13.21,,,,,1511.64,1.298,3502.201,3.007,1879.545,1.614
29/09/2025,2025-09-29,29,[06:00-06:15[,2025-09-29 05:00,1208.494,15849.435,13.115,11909.736,9.855,,,,,1689.12,1.398,3538.933,2.928,-1288.353,-1.066
29/09/2025,2025-09-29,30,[06:15-06:30[,2025-09-29 05:15,1252.248,17099.27,13.655,11909.736,9.511,,,,,1689.12,1.349,3551.577,2.836,-51.163,-0.041
29/09/2025,2025-09-29,31,[06:30-06:45[,2025-09-29 05:30,1282.167,16641.533,12.979,11909.736,9.289,,,,,1689.12,1.317,3362.915,2.623,-320.238,-0.25
29/09/2025,2025-09-29,32,[06:45-07:00[,2025-09-29 05:45,1314.519,16667.612,12.68,11909.736,9.06,,,,,1689.12,1.285,3341.396,2.542,-272.64,-0.207
29/09/2025,2025-09-29,33,[07:00-07:15[,2025-09-29 06:00,1386,16800.357,12.121,12848.883,9.27,,,,,1698.912,1.226,3512.976,2.535,-1260.414,-0.909
29/09/2025,2025-09-29,34,[07:15-07:30[,2025-09-29 06:15,1421.78,16134.747,11.348,12848.883,9.037,,,,,1698.912,1.195,3497.423,2.46,-1910.471,-1.344
29/09/2025,2025-09-29,35,[07:30-07:45[,2025-09-29 06:30,1453.501,17268.905,11.881,12848.883,8.84,,,,,1698.912,1.169,3506.581,2.413,-785.471,-0.54
29/09/2025,2025-09-29,36,[07:45-08:00[,2025-09-29 06:45,1508.097,16130.688,10.696,12848.883,8.52,,,,,1698.912,1.127,3539.62,2.347,-1956.728,-1.297
29/09/2025,2025-09-29,37,[08:00-08:15[,2025-09-29 07:00,1558.288,17777.134,11.408,13780.019,8.843,,,,,1698.912,1.09,3155.773,2.025,-857.571,-0.55
29/09/2025,2025-09-29,38,[08:15-08:30[,2025-09-29 07:15,1583.289,17090.113,10.794,13780.019,8.703,,,,,1698.912,1.073,3108.759,1.963,-1497.577,-0.946
29/09/2025,2025-09-29,39,[08:30-08:45[,2025-09-29 07:30,1613.931,17334.13,10.74,13780.019,8.538,,,,,1698.912,1.053,3427.846,2.124,-1572.648,-0.974
29/09/2025,2025-09-29,40,[08:45-09:00[,2025-09-29 07:45,1618.958,20409.514,12.607,13780.019,8.512,,,,,3924.072,2.424,3355.278,2.072,-649.855,-0.401
29/09/2025,2025-09-29,41,[09:00-09:15[,2025-09-29 08:00,1604.916,22291.021,13.889,15357.681,9.569,,,,,2521.662,1.571,3013.112,1.877,1398.567,0.871
29/09/2025,2025-09-29,42,[09:15-09:30[,2025-09-29 08:15,1596.262,21460.403,13.444,15357.681,9.621,,,,,3103.584,1.944,3117.302,1.953,-118.163,-0.074
29/09/2025,2025-09-29,43,[09:30-09:45[,2025-09-29 08:30,1595.011,22487.95,14.099,15357.681,9.629,,,,,3977.1,2.493,3226.474,2.023,-73.305,-0.046
29/09/2025,2025-09-29,44,[09:45-10:00[,2025-09-29 08:45,1569.93,22984.644,14.641,15357.681,9.782,,,,,4677.552,2.979,3008.573,1.916,-59.162,-0.038
29/09/2025,2025-09-29,45,[10:00-10:15[,2025-09-29 09:00,1547.406,25043.465,16.184,17755.729,11.475,,,291.924,0.189,4560.336,2.947,2957.751,1.911,-522.275,-0.338
29/09/2025,2025-09-29,46,[10:15-10:30[,2025-09-29 09:15,1554.682,25651.486,16.5,17755.729,11.421,,,,,4974.912,3.2,3161.43,2.033,-240.586,-0.155
29/09/2025,2025-09-29,47,[10:30-10:45[,2025-09-29 09:30,1529.867,26066.361,17.038,17755.729,11.606,,,,,5487.374,3.587,2712.282,1.773,110.976,0.073
29/09/2025,2025-09-29,48,[10:45-11:00[,2025-09-29 09:45,1535.164,25657.895,16.713,17755.729,11.566,,,,,5648.598,3.679,3121.413,2.033,-867.844,-0.565
29/09/2025,2025-09-29,49,[11:00-11:15[,2025-09-29 10:00,1539.567,25620.317,16.641,18013.013,11.7,,,,,5136.136,3.336,3086.881,2.005,-615.714,-0.4
29/09/2025,2025-09-29,50,[11:15-11:30[,2025-09-29 10:15,1521.401,24862.789,16.342,18013.013,11.84,,,,,5642.84,3.709,2640.394,1.736,-1433.458,-0.942
29/09/2025,2025-09-29,51,[11:30-11:45[,2025-09-29 10:30,1533.232,24659.631,16.083,18013.013,11.748,,,,,5504.648,3.59,3037.88,1.981,-1895.91,-1.237
29/09/2025,2025-09-29,52,[11:45-12:00[,2025-09-29 10:45,1535.659,25636.032,16.694,18013.013,11.73,,,,,5637.082,3.671,3052.522,1.988,-1066.585,-0.695
29/09/2025,2025-09-29,53,[12:00-12:15[,2025-09-29 11:00,1502.834,26802.655,17.835,18634.388,12.399,,,,,4758.432,3.166,2861.662,1.904,548.174,0.365
29/09/2025,2025-09-29,54,[12:15-12:30[,2025-09-29 11:15,1504.422,24708.537,16.424,18634.388,12.386,,,,,4774.728,3.174,3005.102,1.998,-1705.68,-1.134
29/09/2025,2025-09-29,55,[12:30-12:45[,2025-09-29 11:30,1469.872,27048.913,18.402,18634.388,12.678,,,,,4807.32,3.271,2636.049,1.793,971.157,0.661
29/09/2025,2025-09-29,56,[12:45-13:00[,2025-09-29 11:45,1457.77,26501.818,18.18,18634.388,12.783,,,,,4959.416,3.402,2881.984,1.977,26.03,0.018
29/09/2025,2025-09-29,57,[13:00-13:15[,2025-09-29 12:00,1464.18,25591.337,17.478,19541.652,13.346,,,,,5187.56,3.543,3074.033,2.099,-2211.907,-1.511
29/09/2025,2025-09-29,58,[13:15-13:30[,2025-09-29 12:15,1455.117,24652.453,16.942,19541.652,13.43,,,,,5187.56,3.565,2854.365,1.962,-2931.124,-2.014
29/09/2025,2025-09-29,59,[13:30-13:45[,2025-09-29 12:30,1474.103,26061.503,17.68,19541.652,13.257,,,,,5187.56,3.519,3091.515,2.097,-1759.224,-1.193
29/09/2025,2025-09-29,60,[13:45-14:00[,2025-09-29 12:45,1477.445,26030.585,17.619,19541.652,13.227,,,,,5111.512,3.46,3076.005,2.082,-1698.584,-1.15
29/09/2025,2025-09-29,61,[14:00-14:15[,2025-09-29 13:00,1494.222,25634.743,17.156,18686.138,12.506,,,,,4807.32,3.217,3081.358,2.062,-940.072,-0.629
29/09/2025,2025-09-29,62,[14:15-14:30[,2025-09-29 13:15,1516.703,25320.396,16.694,18686.138,12.32,,,,,4807.32,3.17,3120.171,2.057,-1293.233,-0.853
29/09/2025,2025-09-29,63,[14:30-14:45[,2025-09-29 13:30,1522.611,24730.628,16.242,18686.138,12.272,,,,,4807.32,3.157,3083.784,2.025,-1846.614,-1.213
29/09/2025,2025-09-29,64,[14:45-15:00[,2025-09-29 13:45,1520.799,25805.794,16.969,18686.138,12.287,,,,,4687.816,3.082,3193.924,2.1,-762.084,-0.501
29/09/2025,2025-09-29,65,[15:00-15:15[,2025-09-29 14:00,1524.32,28489.404,18.69,18016.938,11.82,,,,,5671.63,3.721,3117.661,2.045,1683.175,1.104
29/09/2025,2025-09-29,66,[15:15-15:30[,2025-09-29 14:15,1520.431,28652.966,18.845,18016.938,11.85,,,,,5648.598,3.715,2707.924,1.781,2279.506,1.499
29/09/2025,2025-09-29,67,[15:30-15:45[,2025-09-29 14:30,1520.928,26342.741,17.32,18016.938,11.846,,,,,4790.656,3.15,2859.237,1.88,675.91,0.444
29/09/2025,2025-09-29,68,[15:45-16:00[,2025-09-29 14:45,1534.241,25167.678,16.404,18016.938,11.743,,,,,4617.916,3.01,2776.026,1.809,-243.202,-0.159
29/09/2025,2025-09-29,69,[16:00-16:15[,2025-09-29 15:00,1547.125,25213.992,16.297,16752.024,10.828,,,,,4677.552,3.023,2913.592,1.883,870.824,0.563
29/09/2025,2025-09-29,70,[16:15-16:30[,2025-09-29 15:15,1558.351,23011.473,14.767,16752.024,10.75,,,,,4519.164,2.9,2895.199,1.858,-1154.914,-0.741
29/09/2025,2025-09-29,71,[16:30-16:45[,2025-09-29 15:30,1566.603,21717.617,13.863,16752.024,10.693,,,,,3626.726,2.315,2901.748,1.852,-1562.882,-0.998
29/09/2025,2025-09-29,72,[16:45-17:00[,2025-09-29 15:45,1569.73,19568.781,12.466,16752.024,10.672,,,,,2157.226,1.374,2567.388,1.636,-1907.857,-1.215
29/09/2025,2025-09-29,73,[17:00-17:15[,2025-09-29 16:00,1551.688,16883.199,10.881,13392.412,8.631,,,,,1989,1.282,1090.921,0.703,410.867,0.265
29/09/2025,2025-09-29,74,[17:15-17:30[,2025-09-29 16:15,1549.425,13961.039,9.01,13392.412,8.643,,,,,1809.408,1.168,1030.213,0.665,-2270.994,-1.466
29/09/2025,2025-09-29,75,[17:30-17:45[,2025-09-29 16:30,1558.47,16167.537,10.374,13392.412,8.593,,,,,1488,0.955,1265.179,0.812,21.945,0.014
29/09/2025,2025-09-29,76,[17:45-18:00[,2025-09-29 16:45,1582.94,15172.659,9.585,13392.412,8.46,,,,,1488,0.94,1268.427,0.801,-976.181,-0.617
29/09/2025,2025-09-29,77,[18:00-18:15[,2025-09-29 17:00,1603.405,16350.295,10.197,12761.434,7.959,,,,,1488,0.928,1267.34,0.79,833.521,0.52
29/09/2025,2025-09-29,78,[18:15-18:30[,2025-09-29 17:15,1632.673,14659.121,8.979,12761.434,7.816,,,,,1488,0.911,1260.22,0.772,-850.533,-0.521
29/09/2025,2025-09-29,79,[18:30-18:45[,2025-09-29 17:30,1667.862,14898.224,8.933,12761.434,7.651,,,,,1488,0.892,1042.547,0.625,-393.758,-0.236
29/09/2025,2025-09-29,80,[18:45-19:00[,2025-09-29 17:45,1704.029,15119.431,8.873,12761.434,7.489,,,,,1488,0.873,1000.263,0.587,-130.267,-0.076
29/09/2025,2025-09-29,81,[19:00-19:15[,2025-09-29 18:00,1738.168,7573.182,4.357,6110.839,3.516,,,,,1325,0.762,1163.857,0.67,-1026.514,-0.591
29/09/2025,2025-09-29,82,[19:15-19:30[,2025-09-29 18:15,1787.877,8390.959,4.693,6110.839,3.418,,,,,1325,0.741,1232.838,0.69,-277.718,-0.155
29/09/2025,2025-09-29,83,[19:30-19:45[,2025-09-29 18:30,1845.942,8377.879,4.539,6110.839,3.31,,,,,1325,0.718,1207.566,0.654,-265.526,-0.144
29/09/2025,2025-09-29,84,[19:45-20:00[,2025-09-29 18:45,1878.975,7338.133,3.905,6110.839,3.252,,,,,1325,0.705,1386.767,0.738,-1484.473,-0.79
29/09/2025,2025-09-29,85,[20:00-20:15[,2025-09-29 19:00,1870.315,17428.97,9.319,12359.612,6.608,,,,,1488,0.796,1509.704,0.807,2071.655,1.108
29/09/2025,2025-09-29,86,[20:15-20:30[,2025-09-29 19:15,1840.701,16852.599,9.156,12359.612,6.715,,,,,1488,0.808,1535.667,0.834,1469.321,0.798
29/09/2025,2025-09-29,87,[20:30-20:45[,2025-09-29 19:30,1803.535,15779.382,8.749,12359.612,6.853,,,,,1488,0.825,1437.982,0.797,493.788,0.274
29/09/2025,2025-09-29,88,[20:45-21:00[,2025-09-29 19:45,1773.76,14315.796,8.071,12359.612,6.968,,,,,1488,0.839,1455.557,0.821,-987.372,-0.557
29/09/2025,2025-09-29,89,[21:00-21:15[,2025-09-29 20:00,1739.041,17993.998,10.347,14306.954,8.227,,,,,1921.68,1.105,1498.089,0.861,267.276,0.154
29/09/2025,2025-09-29,90,[21:15-21:30[,2025-09-29 20:15,1708.417,18276.379,10.698,14306.954,8.374,,,,,1921.68,1.125,1457.173,0.853,590.572,0.346
29/09/2025,2025-09-29,91,[21:30-21:45[,2025-09-29 20:30,1677.195,16056.577,9.573,14306.954,8.53,,,,,1921.68,1.146,1518.553,0.905,-1690.609,-1.008
29/09/2025,2025-09-29,92,[21:45-22:00[,2025-09-29 20:45,1641.398,18898.691,11.514,14306.954,8.716,,,,,1921.68,1.171,1544.734,0.941,1125.323,0.686
29/09/2025,2025-09-29,93,[22:00-22:15[,2025-09-29 21:00,1603.355,14698.803,9.168,14348.526,8.949,,,,,2013.48,1.256,1561.972,0.974,-3225.175,-2.012
29/09/2025,2025-09-29,94,[22:15-22:30[,2025-09-29 21:15,1575.209,17635.846,11.196,14348.526,9.109,,,,,2013.48,1.278,1561.972,0.992,-288.131,-0.183
29/09/2025,2025-09-29,95,[22:30-22:45[,2025-09-29 21:30,1536.288,16416.908,10.686,14348.526,9.34,,,,,2013.48,1.311,1489.615,0.97,-1434.713,-0.934
29/09/2025,2025-09-29,96,[22:45-23:00[,2025-09-29 21:45,1500.702,17029.655,11.348,14348.526,9.561,,,,,2013.48,1.342,1525.267,1.016,-857.618,-0.571
30/09/2025,2025-09-30,1,[23:00-23:15[,2025-09-29 22:00,1480.306,12261.344,8.283,7444.939,5.029,,,,,1880.832,1.271,2528.915,1.708,406.658,0.275
30/09/2025,2025-09-30,2,[23:15-23:30[,2025-09-29 22:15,1446.285,11817.676,8.171,7444.939,5.148,,,,,1880.832,1.3,2646.506,1.83,-154.601,-0.107
30/09/2025,2025-09-30,3,[23:30-23:45[,2025-09-29 22:30,1407.976,12447.389,8.841,7444.939,5.288,,,,,1880.832,1.336,2635.483,1.872,486.135,0.345
30/09/2025,2025-09-30,4,[23:45-00:00[,2025-09-29 22:45,1370.426,11057.687,8.069,7444.939,5.433,,,,,1880.832,1.372,2408.539,1.758,-676.623,-0.494
30/09/2025,2025-09-30,5,[00:00-00:15[,2025-09-29 23:00,1370.71,11893.856,8.677,7083.7,5.168,,,,,1880.832,1.372,3622.373,2.643,-693.049,-0.506
30/09/2025,2025-09-30,6,[00:15-00:30[,2025-09-29 23:15,1349.307,11693.183,8.666,7083.7,5.25,,,,,1880.832,1.394,3486.044,2.584,-757.393,-0.561
30/09/2025,2025-09-30,7,[00:30-00:45[,2025-09-29 23:30,1328.088,13112.695,9.873,7083.7,5.334,,,,,1880.832,1.416,3318.671,2.499,829.492,0.625
30/09/2025,2025-09-30,8,[00:45-01:00[,2025-09-29 23:45,1302.651,11830.415,9.082,7083.7,5.438,,,,,1880.832,1.444,3326.159,2.553,-460.276,-0.353
30/09/2025,2025-09-30,9,[01:00-01:15[,2025-09-30 00:00,1294.321,13955.754,10.782,8269.713,6.389,,,,,1861.872,1.438,3470.062,2.681,354.108,0.274
30/09/2025,2025-09-30,10,[01:15-01:30[,2025-09-30 00:15,1278.692,14709.04,11.503,8269.713,6.467,,,,,1861.872,1.456,3516.303,2.75,1061.153,0.83
30/09/2025,2025-09-30,11,[01:30-01:45[,2025-09-30 00:30,1261.098,14807.733,11.742,8269.713,6.558,,,,,1861.872,1.476,3516.366,2.788,1159.783,0.92
30/09/2025,2025-09-30,12,[01:45-02:00[,2025-09-30 00:45,1240.356,14570.547,11.747,8269.713,6.667,,,,,1861.872,1.501,3429.956,2.765,1009.007,0.813
30/09/2025,2025-09-30,13,[02:00-02:15[,2025-09-30 01:00,1237.464,13540.162,10.942,8787.938,7.102,,,,,1786.032,1.443,3444.098,2.783,-477.905,-0.386
30/09/2025,2025-09-30,14,[02:15-02:30[,2025-09-30 01:15,1239.014,13756.292,11.103,8787.938,7.093,,,,,1786.032,1.441,3447.101,2.782,-264.779,-0.214
30/09/2025,2025-09-30,15,[02:30-02:45[,2025-09-30 01:30,1204.582,14008.562,11.629,8787.938,7.295,,,,,1786.032,1.483,3136.772,2.604,297.82,0.247
30/09/2025,2025-09-30,16,[02:45-03:00[,2025-09-30 01:45,1212.571,14754.41,12.168,8787.938,7.247,,,,,1786.032,1.473,3444.802,2.841,735.639,0.607
30/09/2025,2025-09-30,17,[03:00-03:15[,2025-09-30 02:00,1210.707,13235.611,10.932,8558.925,7.069,,,,,1760.752,1.454,3432.937,2.835,-517.003,-0.427
30/09/2025,2025-09-30,18,[03:15-03:30[,2025-09-30 02:15,1189.736,13949.406,11.725,8558.925,7.194,,,,,1760.752,1.48,3260.747,2.741,368.982,0.31
30/09/2025,2025-09-30,19,[03:30-03:45[,2025-09-30 02:30,1195.34,13764.387,11.515,8558.925,7.16,,,,,1760.752,1.473,3503.713,2.931,-59.003,-0.049
30/09/2025,2025-09-30,20,[03:45-04:00[,2025-09-30 02:45,1195.871,12864.356,10.757,8558.925,7.157,,,,,1760.752,1.472,3456.182,2.89,-911.503,-0.762
30/09/2025,2025-09-30,21,[04:00-04:15[,2025-09-30 03:00,1189.543,13605.308,11.437,8269.763,6.952,,,,,1817.632,1.528,3422.829,2.877,95.085,0.08
30/09/2025,2025-09-30,22,[04:15-04:30[,2025-09-30 03:15,1185.882,13746.109,11.591,8269.763,6.974,,,,,1817.632,1.533,3466.082,2.923,192.632,0.162
30/09/2025,2025-09-30,23,[04:30-04:45[,2025-09-30 03:30,1186.66,12910.607,10.88,8269.763,6.969,,,,,1817.632,1.532,3426.104,2.887,-602.891,-0.508
30/09/2025,2025-09-30,24,[04:45-05:00[,2025-09-30 03:45,1182.827,13997.324,11.834,8269.763,6.992,,,,,1817.632,1.537,3503.504,2.962,406.425,0.344
30/09/2025,2025-09-30,25,[05:00-05:15[,2025-09-30 04:00,1194.421,12127.959,10.154,6511.157,5.451,,,,,1830.272,1.532,3504.72,2.934,281.81,0.236
30/09/2025,2025-09-30,26,[05:15-05:30[,2025-09-30 04:15,1211.559,11012.027,9.089,6511.157,5.374,,,,,1830.272,1.511,3511.205,2.898,-840.607,-0.694
30/09/2025,2025-09-30,27,[05:30-05:45[,2025-09-30 04:30,1219.956,11299.987,9.263,6511.157,5.337,,,,,1830.272,1.5,3515.969,2.882,-557.41,-0.457
30/09/2025,2025-09-30,28,[05:45-06:00[,2025-09-30 04:45,1222.27,11382.31,9.312,6511.157,5.327,,,,,1830.272,1.497,3532.366,2.89,-491.485,-0.402
30/09/2025,2025-09-30,29,[06:00-06:15[,2025-09-30 05:00,1271.688,7529.896,5.921,3239.873,2.548,,,,,1880.832,1.479,3520.559,2.768,-1111.368,-0.874
30/09/2025,2025-09-30,30,[06:15-06:30[,2025-09-30 05:15,1311.679,7470.316,5.695,3239.873,2.47,,,,,1976.064,1.507,3493.758,2.664,-1239.379,-0.945
30/09/2025,2025-09-30,31,[06:30-06:45[,2025-09-30 05:30,1311.883,7219.239,5.503,3239.873,2.47,,,,,2196.288,1.674,2556.13,1.948,-773.051,-0.589
30/09/2025,2025-09-30,32,[06:45-07:00[,2025-09-30 05:45,1352.518,10879.637,8.044,3239.873,2.395,,,,,2553.408,1.888,2651.577,1.96,2434.779,1.8
30/09/2025,2025-09-30,33,[07:00-07:15[,2025-09-30 06:00,1412.104,6149.701,4.355,2376.487,1.683,,,,,3240,2.294,2663.577,1.886,-2130.363,-1.509
30/09/2025,2025-09-30,34,[07:15-07:30[,2025-09-30 06:15,1441.372,7184.201,4.984,2376.487,1.649,,,,,3240,2.248,2592.64,1.799,-1024.926,-0.711
30/09/2025,2025-09-30,35,[07:30-07:45[,2025-09-30 06:30,1479.47,8624.52,5.829,2376.487,1.606,,,,,3403,2.3,2612.144,1.766,232.889,0.157
30/09/2025,2025-09-30,36,[07:45-08:00[,2025-09-30 06:45,1515.644,9080.249,5.991,2376.487,1.568,,,,,3245.726,2.141,2554.282,1.685,903.754,0.596
30/09/2025,2025-09-30,37,[08:00-08:15[,2025-09-30 07:00,1598.705,10764.275,6.733,7296.869,4.564,,,,,4339.636,2.714,3555.279,2.224,-4427.509,-2.769
30/09/2025,2025-09-30,38,[08:15-08:30[,2025-09-30 07:15,1637.21,20361.654,12.437,7296.869,4.457,,,,,2680.706,1.637,3556.145,2.172,6827.934,4.17
30/09/2025,2025-09-30,39,[08:30-08:45[,2025-09-30 07:30,1651.459,15143.633,9.17,7296.869,4.418,,,,,2197.3,1.331,3556.145,2.153,2093.319,1.268
30/09/2025,2025-09-30,40,[08:45-09:00[,2025-09-30 07:45,1637.485,24177.278,14.765,7296.869,4.456,,,,,3966.402,2.422,3513.246,2.146,9400.762,5.741
30/09/2025,2025-09-30,41,[09:00-09:15[,2025-09-30 08:00,1635.645,21343.177,13.049,11740.133,7.178,,,,,4688.64,2.867,3440.237,2.103,1474.167,0.901
30/09/2025,2025-09-30,42,[09:15-09:30[,2025-09-30 08:15,1627.234,21820.808,13.41,11740.133,7.215,,,,,4688.64,2.881,3336.427,2.05,2055.608,1.263
30/09/2025,2025-09-30,43,[09:30-09:45[,2025-09-30 08:30,1618.365,22363.171,13.818,11740.133,7.254,,,,,4688.64,2.897,3304.545,2.042,2629.854,1.625
30/09/2025,2025-09-30,44,[09:45-10:00[,2025-09-30 08:45,1598.767,22805.204,14.264,11740.133,7.343,,,,,4474.188,2.799,2989.045,1.87,3601.838,2.253
30/09/2025,2025-09-30,45,[10:00-10:15[,2025-09-30 09:00,1581.177,23155.278,14.644,15266.038,9.655,,,,,4935,3.121,3215.701,2.034,-261.46,-0.165
30/09/2025,2025-09-30,46,[10:15-10:30[,2025-09-30 09:15,1587.124,23663.737,14.91,15266.038,9.619,,,,,4935,3.109,3309.746,2.085,152.953,0.096
30/09/2025,2025-09-30,47,[10:30-10:45[,2025-09-30 09:30,1567.564,23776.508,15.168,15266.038,9.739,,,,,5500.88,3.509,3211.476,2.049,-201.885,-0.129
30/09/2025,2025-09-30,48,[10:45-11:00[,2025-09-30 09:45,1567.394,24890.363,15.88,15266.038,9.74,,,,,6415.5,4.093,3268.435,2.085,-59.609,-0.038
30/09/2025,2025-09-30,49,[11:00-11:15[,2025-09-30 10:00,1575.876,26846.003,17.036,16211.335,10.287,,,,,5049,3.204,3281.188,2.082,2304.48,1.462
30/09/2025,2025-09-30,50,[11:15-11:30[,2025-09-30 10:15,1556.112,24679.104,15.859,16211.335,10.418,,,,,5183.64,3.331,3103.918,1.995,180.212,0.116
30/09/2025,2025-09-30,51,[11:30-11:45[,2025-09-30 10:30,1560.529,24427.101,15.653,16211.335,10.388,,,,,5082.66,3.257,3247.441,2.081,-114.335,-0.073
30/09/2025,2025-09-30,52,[11:45-12:00[,2025-09-30 10:45,1576.405,24821.832,15.746,16211.335,10.284,,,,,5123.052,3.25,3208.061,2.035,279.384,0.177
30/09/2025,2025-09-30,53,[12:00-12:15[,2025-09-30 11:00,1526.524,24748.242,16.212,16588.273,10.867,,,,,4804.5,3.147,3028.551,1.984,326.918,0.214
30/09/2025,2025-09-30,54,[12:15-12:30[,2025-09-30 11:15,1534.521,28124.701,18.328,16588.273,10.81,,,,,4785,3.118,3177.319,2.071,3574.109,2.329
30/09/2025,2025-09-30,55,[12:30-12:45[,2025-09-30 11:30,1518.977,23823.825,15.684,16588.273,10.921,,,,,4785,3.15,3191.204,2.101,-740.652,-0.488
30/09/2025,2025-09-30,56,[12:45-13:00[,2025-09-30 11:45,1493.918,25123.43,16.817,16588.273,11.104,,,,,4785,3.203,3209.322,2.148,540.836,0.362
30/09/2025,2025-09-30,57,[13:00-13:15[,2025-09-30 12:00,1481.266,22634.271,15.28,16573.898,11.189,,,,,3885.384,2.623,2273.387,1.535,-98.398,-0.066
30/09/2025,2025-09-30,58,[13:15-13:30[,2025-09-30 12:15,1472.682,22773.408,15.464,16573.898,11.254,,,,,3879.332,2.634,2279.519,1.548,40.66,0.028
30/09/2025,2025-09-30,59,[13:30-13:45[,2025-09-30 12:30,1492.823,22525.691,15.089,16573.898,11.102,,,,,3364.912,2.254,2330.639,1.561,256.243,0.172
30/09/2025,2025-09-30,60,[13:45-14:00[,2025-09-30 12:45,1502.781,22930.814,15.259,16573.898,11.029,,,,,3770.396,2.509,2410.198,1.604,176.322,0.117
30/09/2025,2025-09-30,61,[14:00-14:15[,2025-09-30 13:00,1514.364,21526.046,14.215,15535.663,10.259,,,,,3546.168,2.342,2236.955,1.477,207.261,0.137
30/09/2025,2025-09-30,62,[14:15-14:30[,2025-09-30 13:15,1527.017,22016.369,14.418,15535.663,10.174,,,,,3199.2,2.095,2310.328,1.513,971.179,0.636
30/09/2025,2025-09-30,63,[14:30-14:45[,2025-09-30 13:30,1531.18,20254.579,13.228,15535.663,10.146,,,,,2790,1.822,2415.419,1.577,-486.502,-0.318
30/09/2025,2025-09-30,64,[14:45-15:00[,2025-09-30 13:45,1536.978,22203.14,14.446,15535.663,10.108,,,,,2790,1.815,2709.873,1.763,1167.605,0.76
30/09/2025,2025-09-30,65,[15:00-15:15[,2025-09-30 14:00,1548.836,22395.95,14.46,14665.538,9.469,2601.3,1.68,,,4956.336,3.2,3324.622,2.147,-3151.845,-2.035
30/09/2025,2025-09-30,66,[15:15-15:30[,2025-09-30 14:15,1554.64,21240.244,13.662,14665.538,9.433,2601.3,1.673,,,4935,3.174,3229.202,2.077,-4190.796,-2.696
30/09/2025,2025-09-30,67,[15:30-15:45[,2025-09-30 14:30,1554.044,24696.094,15.892,14665.538,9.437,2601.3,1.674,,,4935,3.176,2938.603,1.891,-444.346,-0.286
30/09/2025,2025-09-30,68,[15:45-16:00[,2025-09-30 14:45,1559.884,27397.581,17.564,14665.538,9.402,5091.675,3.264,,,4935,3.164,2572.53,1.649,132.838,0.085
30/09/2025,2025-09-30,69,[16:00-16:15[,2025-09-30 15:00,1568.253,23408.374,14.926,11793.038,7.52,3201.6,2.042,,,5293.5,3.375,3251.868,2.074,-131.631,-0.084
30/09/2025,2025-09-30,70,[16:15-16:30[,2025-09-30 15:15,1597.025,20417.451,12.785,11793.038,7.384,3201.6,2.005,,,4556,2.853,3371.047,2.111,-2504.234,-1.568
30/09/2025,2025-09-30,71,[16:30-16:45[,2025-09-30 15:30,1610.962,23114.81,14.348,11793.038,7.32,5691.975,3.533,,,4462.2,2.77,3369.912,2.092,-2202.315,-1.367
30/09/2025,2025-09-30,72,[16:45-17:00[,2025-09-30 15:45,1608.118,22800.469,14.178,11793.038,7.333,5691.975,3.54,,,4462.2,2.775,3028.587,1.883,-2175.33,-1.353
30/09/2025,2025-09-30,73,[17:00-17:15[,2025-09-30 16:00,1620.881,22028.585,13.591,8136.268,5.02,7359.475,4.54,,,2847.48,1.757,3362.314,2.074,323.048,0.199
30/09/2025,2025-09-30,74,[17:15-17:30[,2025-09-30 16:15,1632.991,21278.112,13.03,8136.268,4.982,7359.475,4.507,,,2715.22,1.663,3250.319,1.99,-183.17,-0.112
30/09/2025,2025-09-30,75,[17:30-17:45[,2025-09-30 16:30,1636.375,21251.592,12.987,8136.268,4.972,7359.475,4.497,,,2715.22,1.659,3147.053,1.923,-106.424,-0.065
30/09/2025,2025-09-30,76,[17:45-18:00[,2025-09-30 16:45,1655.825,18265.153,11.031,8136.268,4.914,7359.475,4.445,,,2847.48,1.72,3383.127,2.043,-3461.197,-2.09
30/09/2025,2025-09-30,77,[18:00-18:15[,2025-09-30 17:00,1654.076,20736.642,12.537,2975.482,1.799,19099.95,11.547,,,1880.832,1.137,2401.669,1.452,-5621.291,-3.398
30/09/2025,2025-09-30,78,[18:15-18:30[,2025-09-30 17:15,1672.514,19433.647,11.619,2975.482,1.779,19099.95,11.42,,,2427.36,1.451,2401.669,1.436,-7470.814,-4.467
30/09/2025,2025-09-30,79,[18:30-18:45[,2025-09-30 17:30,1709.681,20794.25,12.163,2975.482,1.74,19099.95,11.172,,,2544.06,1.488,2328.538,1.362,-6153.779,-3.599
30/09/2025,2025-09-30,80,[18:45-19:00[,2025-09-30 17:45,1735.449,14839.775,8.551,2975.482,1.715,19099.95,11.006,,,2544.06,1.466,2184.896,1.259,-11964.614,-6.894
30/09/2025,2025-09-30,81,[19:00-19:15[,2025-09-30 18:00,1757.946,24726.653,14.066,3429.432,1.951,19099.95,10.865,,,2225.08,1.266,1511.611,0.86,-1539.419,-0.876
30/09/2025,2025-09-30,82,[19:15-19:30[,2025-09-30 18:15,1806.422,19270.436,10.668,3429.432,1.898,19099.95,10.573,,,2225.08,1.232,1511.611,0.837,-6995.636,-3.873
30/09/2025,2025-09-30,83,[19:30-19:45[,2025-09-30 18:30,1858.898,26691.937,14.359,3429.432,1.845,19099.95,10.275,,,2225.08,1.197,1441.773,0.776,495.702,0.267
30/09/2025,2025-09-30,84,[19:45-20:00[,2025-09-30 18:45,1888.704,42168.555,22.327,3429.432,1.816,19099.95,10.113,,,2225.08,1.178,1643.611,0.87,15770.482,8.35
30/09/2025,2025-09-30,85,[20:00-20:15[,2025-09-30 19:00,1878.457,32708.676,17.413,3840.329,2.044,19099.95,10.168,,,2388.46,1.272,1655.611,0.881,5724.326,3.047
30/09/2025,2025-09-30,86,[20:15-20:30[,2025-09-30 19:15,1847.42,20991.497,11.363,3840.329,2.079,19099.95,10.339,,,2388.46,1.293,1649.531,0.893,-5986.773,-3.241
30/09/2025,2025-09-30,87,[20:30-20:45[,2025-09-30 19:30,1813.501,24799.922,13.675,3840.329,2.118,19099.95,10.532,,,2388.46,1.317,1516.869,0.836,-2045.687,-1.128
30/09/2025,2025-09-30,88,[20:45-21:00[,2025-09-30 19:45,1787.275,22913.487,12.82,3840.329,2.149,19099.95,10.687,,,2388.46,1.336,1534.653,0.859,-3949.904,-2.21
30/09/2025,2025-09-30,89,[21:00-21:15[,2025-09-30 20:00,1756.892,16329.5,9.295,3075.792,1.751,19099.95,10.871,,,2559.62,1.457,1542.54,0.878,-9948.402,-5.663
30/09/2025,2025-09-30,90,[21:15-21:30[,2025-09-30 20:15,1722.801,15891.08,9.224,3075.792,1.785,19099.95,11.087,,,2559.62,1.486,1542.54,0.895,-10386.822,-6.029
30/09/2025,2025-09-30,91,[21:30-21:45[,2025-09-30 20:30,1682.956,19794.312,11.762,3075.792,1.828,19099.95,11.349,,,2559.62,1.521,1540.828,0.916,-6481.877,-3.851
30/09/2025,2025-09-30,92,[21:45-22:00[,2025-09-30 20:45,1645.667,19804.766,12.034,3075.792,1.869,19099.95,11.606,,,2559.62,1.555,1542.54,0.937,-6473.136,-3.933
30/09/2025,2025-09-30,93,[22:00-22:15[,2025-09-30 21:00,1632.701,31060.832,19.024,7145.474,4.376,19099.95,11.698,,,2995.3,1.835,2816.963,1.725,-996.856,-0.611
30/09/2025,2025-09-30,94,[22:15-22:30[,2025-09-30 21:15,1615.462,32737.118,20.265,7145.474,4.423,19099.95,11.823,,,2855.26,1.767,3298.921,2.042,337.513,0.209
30/09/2025,2025-09-30,95,[22:30-22:45[,2025-09-30 21:30,1592.399,28106.037,17.65,7145.474,4.487,19099.95,11.994,,,2855.26,1.793,3462.932,2.175,-4457.58,-2.799
30/09/2025,2025-09-30,96,[22:45-23:00[,2025-09-30 21:45,1536.666,27134.665,17.658,7145.474,4.65,19099.95,12.429,,,2855.26,1.858,3340.817,2.174,-5306.836,-3.453
