dia,data_iso,periodo,intervalo,data_utc,consumo_mwh,erc_total_eur,erc_total_eur_mwh,rt_pdbf_eur,rt_pdbf_eur_mwh,rt_pdvd_eur,rt_pdvd_eur_mwh,rt_phf_eur,rt_phf_eur_mwh,banda_afrr_eur,banda_afrr_eur_mwh,banda_mfrr_eur,banda_mfrr_eur_mwh,outros_eur,outros_eur_mwh
01/07/2025,2025-07-01,1,[23:00-23:15[,2025-06-30 22:00,1762.393,8031.557,4.557,716.394,0.406,12372.325,7.02,,,3552,2.015,2357.321,1.338,-10966.482,-6.222
01/07/2025,2025-07-01,2,[23:15-23:30[,2025-06-30 22:15,1724.488,18857.502,10.935,716.394,0.415,6329.379,3.67,,,3552,2.06,2461.257,1.427,5798.472,3.362
01/07/2025,2025-07-01,3,[23:30-23:45[,2025-06-30 22:30,1681.983,4819.354,2.865,716.394,0.426,,,,,3552,2.112,2423.346,1.441,-1872.385,-1.113
01/07/2025,2025-07-01,4,[23:45-00:00[,2025-06-30 22:45,1638.7,6043.436,3.688,716.394,0.437,,,,,3552,2.168,2321.848,1.417,-546.805,-0.334
01/07/2025,2025-07-01,5,[00:00-00:15[,2025-06-30 23:00,1608.138,6778.549,4.215,986.435,0.613,,,,,3960.6,2.463,2382.745,1.482,-551.232,-0.343
01/07/2025,2025-07-01,6,[00:15-00:30[,2025-06-30 23:15,1584.105,6227.485,3.931,986.435,0.623,,,,,3960.6,2.5,2370.745,1.497,-1090.295,-0.688
01/07/2025,2025-07-01,7,[00:30-00:45[,2025-06-30 23:30,1549.5,5373.383,3.468,986.435,0.637,,,,,3960.6,2.556,2234.362,1.442,-1808.014,-1.167
01/07/2025,2025-07-01,8,[00:45-01:00[,2025-06-30 23:45,1521.424,5816.357,3.823,986.435,0.648,,,,,3960.6,2.603,2297.681,1.51,-1428.359,-0.939
01/07/2025,2025-07-01,9,[01:00-01:15[,2025-07-01 00:00,1510.055,5939.205,3.933,1028.561,0.681,,,,,4066.4,2.693,2801.792,1.855,-1957.548,-1.296
01/07/2025,2025-07-01,10,[01:15-01:30[,2025-07-01 00:15,1480.994,6097.718,4.117,1028.561,0.695,,,,,4066.4,2.746,2761.372,1.865,-1758.616,-1.187
01/07/2025,2025-07-01,11,[01:30-01:45[,2025-07-01 00:30,1468.239,8658.279,5.897,1028.561,0.701,,,,,4066.4,2.77,2962.939,2.018,600.379,0.409
01/07/2025,2025-07-01,12,[01:45-02:00[,2025-07-01 00:45,1438.303,6383.4,4.438,1028.561,0.715,,,,,4066.4,2.827,2938.005,2.043,-1649.566,-1.147
01/07/2025,2025-07-01,13,[02:00-02:15[,2025-07-01 01:00,1430.003,8045.927,5.627,1031.92,0.722,,,,,3474.1,2.429,2968.303,2.076,571.603,0.4
01/07/2025,2025-07-01,14,[02:15-02:30[,2025-07-01 01:15,1422.502,6529.792,4.59,1031.92,0.725,,,,,3346.7,2.353,2976.948,2.093,-825.776,-0.581
01/07/2025,2025-07-01,15,[02:30-02:45[,2025-07-01 01:30,1394.513,4543.147,3.258,1031.92,0.74,,,,,3346.7,2.4,2810.654,2.016,-2646.127,-1.898
01/07/2025,2025-07-01,16,[02:45-03:00[,2025-07-01 01:45,1398.947,7769.974,5.554,1031.92,0.738,,,,,3346.7,2.392,3039.663,2.173,351.691,0.251
01/07/2025,2025-07-01,17,[03:00-03:15[,2025-07-01 02:00,1391.046,5801.334,4.17,1036.372,0.745,,,,,3243.8,2.332,3039.663,2.185,-1518.501,-1.092
01/07/2025,2025-07-01,18,[03:15-03:30[,2025-07-01 02:15,1377.503,6289.181,4.566,1036.372,0.752,,,,,3243.8,2.355,2865.879,2.08,-856.87,-0.622
01/07/2025,2025-07-01,19,[03:30-03:45[,2025-07-01 02:30,1377.135,5774.344,4.193,1036.372,0.753,,,,,3243.8,2.355,2998.342,2.177,-1504.17,-1.092
01/07/2025,2025-07-01,20,[03:45-04:00[,2025-07-01 02:45,1359.483,6199.422,4.56,1036.372,0.762,,,,,3243.8,2.386,2912.529,2.142,-993.28,-0.731
01/07/2025,2025-07-01,21,[04:00-04:15[,2025-07-01 03:00,1365.141,6053.542,4.434,1032.489,0.756,,,,,3346.7,2.452,3039.663,2.227,-1365.309,-1
01/07/2025,2025-07-01,22,[04:15-04:30[,2025-07-01 03:15,1365.766,5822.703,4.263,1032.489,0.756,,,,,3346.7,2.45,3039.663,2.226,-1596.148,-1.169
01/07/2025,2025-07-01,23,[04:30-04:45[,2025-07-01 03:30,1343.721,6809.276,5.067,1032.489,0.768,,,,,3346.7,2.491,2831.788,2.107,-401.701,-0.299
01/07/2025,2025-07-01,24,[04:45-05:00[,2025-07-01 03:45,1350.888,10955.828,8.11,1032.489,0.764,,,,,3400.6,2.517,2984.099,2.209,3538.641,2.619
01/07/2025,2025-07-01,25,[05:00-05:15[,2025-07-01 04:00,1356.142,5479.15,4.04,974.655,0.719,,,,,3345.6,2.467,2912.142,2.147,-1753.247,-1.293
01/07/2025,2025-07-01,26,[05:15-05:30[,2025-07-01 04:15,1362.081,7698.5,5.652,974.655,0.716,,,,,3345.6,2.456,2929.601,2.151,448.644,0.329
01/07/2025,2025-07-01,27,[05:30-05:45[,2025-07-01 04:30,1367.288,4713.586,3.447,974.655,0.713,,,,,3345.6,2.447,2944.527,2.154,-2551.196,-1.866
01/07/2025,2025-07-01,28,[05:45-06:00[,2025-07-01 04:45,1354.134,6618.881,4.888,974.655,0.72,,,,,3345.6,2.471,2814.771,2.079,-516.145,-0.381
01/07/2025,2025-07-01,29,[06:00-06:15[,2025-07-01 05:00,1378.136,5001.773,3.629,736.501,0.534,,,,,5333.52,3.87,2992.52,2.171,-4060.768,-2.947
01/07/2025,2025-07-01,30,[06:15-06:30[,2025-07-01 05:15,1406.337,7278.47,5.175,736.501,0.524,,,,,5333.52,3.792,2992.52,2.128,-1784.071,-1.269
01/07/2025,2025-07-01,31,[06:30-06:45[,2025-07-01 05:30,1403.491,2688.362,1.915,736.501,0.525,,,,,5333.52,3.8,2233.535,1.591,-5615.194,-4.001
01/07/2025,2025-07-01,32,[06:45-07:00[,2025-07-01 05:45,1425.418,12320.696,8.644,736.501,0.517,,,,,5333.52,3.742,2327.116,1.633,3923.559,2.753
01/07/2025,2025-07-01,33,[07:00-07:15[,2025-07-01 06:00,1484.705,10580.717,7.126,924.212,0.622,,,,,6190.84,4.17,2896.551,1.951,569.115,0.383
01/07/2025,2025-07-01,34,[07:15-07:30[,2025-07-01 06:15,1533.66,10250.979,6.684,924.212,0.603,,,,,6185.2,4.033,2961.057,1.931,180.51,0.118
01/07/2025,2025-07-01,35,[07:30-07:45[,2025-07-01 06:30,1577.527,8425.078,5.341,924.212,0.586,,,,,6185.2,3.921,2969.755,1.883,-1654.089,-1.049
01/07/2025,2025-07-01,36,[07:45-08:00[,2025-07-01 06:45,1582.014,11059.28,6.991,924.212,0.584,,,,,6185.2,3.91,2475.834,1.565,1474.035,0.932
01/07/2025,2025-07-01,37,[08:00-08:15[,2025-07-01 07:00,1680.551,18207.587,10.834,2831.126,1.685,,,,,16479.46,9.806,2892.53,1.721,-3995.528,-2.378
01/07/2025,2025-07-01,38,[08:15-08:30[,2025-07-01 07:15,1736.294,17203.74,9.908,2831.126,1.631,,,,,16479.46,9.491,2740.392,1.578,-4847.238,-2.792
01/07/2025,2025-07-01,39,[08:30-08:45[,2025-07-01 07:30,1769.397,19462.595,11,2831.126,1.6,,,,,16479.46,9.314,2592.001,1.465,-2439.992,-1.379
01/07/2025,2025-07-01,40,[08:45-09:00[,2025-07-01 07:45,1776.487,18785.94,10.575,2831.126,1.594,,,,,16479.46,9.276,2461.048,1.385,-2985.694,-1.681
01/07/2025,2025-07-01,41,[09:00-09:15[,2025-07-01 08:00,1819.863,17252.57,9.48,3541.055,1.946,,,,,13768.02,7.565,2850.371,1.566,-2906.876,-1.597
01/07/2025,2025-07-01,42,[09:15-09:30[,2025-07-01 08:15,1827.363,15104.894,8.266,3541.055,1.938,,,,,13768.02,7.534,2603.387,1.425,-4807.568,-2.631
01/07/2025,2025-07-01,43,[09:30-09:45[,2025-07-01 08:30,1823.905,25266.085,13.853,3541.055,1.941,,,,,13768.02,7.549,2752.216,1.509,5204.794,2.854
01/07/2025,2025-07-01,44,[09:45-10:00[,2025-07-01 08:45,1832.529,32731.69,17.861,3541.055,1.932,,,,,13768.02,7.513,2829.694,1.544,12592.921,6.872
01/07/2025,2025-07-01,45,[10:00-10:15[,2025-07-01 09:00,1822.057,14482.765,7.949,5242.355,2.877,,,,,11368.94,6.24,2560.157,1.405,-4688.687,-2.573
01/07/2025,2025-07-01,46,[10:15-10:30[,2025-07-01 09:15,1818.45,15504.103,8.526,5242.355,2.883,,,,,11368.94,6.252,2757.996,1.517,-3865.187,-2.126
01/07/2025,2025-07-01,47,[10:30-10:45[,2025-07-01 09:30,1829.3,15837.243,8.658,5242.355,2.866,,,,,11368.94,6.215,2757.961,1.508,-3532.013,-1.931
01/07/2025,2025-07-01,48,[10:45-11:00[,2025-07-01 09:45,1825.48,16776.602,9.19,5242.355,2.872,,,,,11368.94,6.228,2590.737,1.419,-2425.43,-1.329
01/07/2025,2025-07-01,49,[11:00-11:15[,2025-07-01 10:00,1818.521,17658.916,9.711,5316.354,2.923,,,,,11804.16,6.491,2521.143,1.386,-1982.74,-1.09
01/07/2025,2025-07-01,50,[11:15-11:30[,2025-07-01 10:15,1829.131,20392.508,11.149,5316.354,2.906,,,,,11804.16,6.453,2410.54,1.318,861.454,0.471
01/07/2025,2025-07-01,51,[11:30-11:45[,2025-07-01 10:30,1838.412,19889.678,10.819,5316.354,2.892,,,,,11804.16,6.421,2499.025,1.359,270.139,0.147
01/07/2025,2025-07-01,52,[11:45-12:00[,2025-07-01 10:45,1820.838,19713.135,10.826,5316.354,2.92,,,,,11804.16,6.483,2526.984,1.388,65.637,0.036
01/07/2025,2025-07-01,53,[12:00-12:15[,2025-07-01 11:00,1814.86,18343.637,10.107,5316.348,2.929,,,,,11559.6,6.369,2438.533,1.344,-970.844,-0.535
01/07/2025,2025-07-01,54,[12:15-12:30[,2025-07-01 11:15,1820.147,13057.017,7.174,5316.348,2.921,,,39.561,0.022,11559.6,6.351,2601.951,1.43,-6460.443,-3.549
01/07/2025,2025-07-01,55,[12:30-12:45[,2025-07-01 11:30,1779.217,18746.836,10.537,5316.348,2.988,,,880.433,0.495,11559.6,6.497,2631.313,1.479,-1640.858,-0.922
01/07/2025,2025-07-01,56,[12:45-13:00[,2025-07-01 11:45,1774.04,19468.34,10.974,5316.348,2.997,,,,,11559.6,6.516,2383.07,1.343,209.322,0.118
01/07/2025,2025-07-01,57,[13:00-13:15[,2025-07-01 12:00,1772.812,16753.425,9.45,5295.89,2.987,,,56.843,0.032,11443.6,6.455,2639.394,1.489,-2682.302,-1.513
01/07/2025,2025-07-01,58,[13:15-13:30[,2025-07-01 12:15,1752.78,16334.891,9.319,5295.89,3.021,,,,,11443.6,6.529,2624.385,1.497,-3028.984,-1.728
01/07/2025,2025-07-01,59,[13:30-13:45[,2025-07-01 12:30,1770.598,14792.74,8.355,5295.89,2.991,,,,,11443.6,6.463,2477.073,1.399,-4423.823,-2.498
01/07/2025,2025-07-01,60,[13:45-14:00[,2025-07-01 12:45,1781.739,12688.31,7.121,5295.89,2.972,,,,,11443.6,6.423,2542.965,1.427,-6594.146,-3.701
01/07/2025,2025-07-01,61,[14:00-14:15[,2025-07-01 13:00,1787.91,15235.323,8.521,5273.831,2.95,,,,,11369.36,6.359,2528.82,1.414,-3936.688,-2.202
01/07/2025,2025-07-01,62,[14:15-14:30[,2025-07-01 13:15,1809.272,15537.96,8.588,5273.831,2.915,,,,,11369.36,6.284,2559.697,1.415,-3664.928,-2.026
01/07/2025,2025-07-01,63,[14:30-14:45[,2025-07-01 13:30,1821.138,19066.303,10.469,5273.831,2.896,,,,,11369.36,6.243,2563.623,1.408,-140.512,-0.077
01/07/2025,2025-07-01,64,[14:45-15:00[,2025-07-01 13:45,1810.212,12652.15,6.989,5273.831,2.913,,,,,11369.36,6.281,2441.218,1.349,-6432.26,-3.553
01/07/2025,2025-07-01,65,[15:00-15:15[,2025-07-01 14:00,1819.401,17420.424,9.575,4056.57,2.23,,,,,9724.78,5.345,2524.562,1.388,1114.512,0.613
01/07/2025,2025-07-01,66,[15:15-15:30[,2025-07-01 14:15,1821.543,14517.609,7.97,4056.57,2.227,,,,,9724.78,5.339,2511.772,1.379,-1775.513,-0.975
01/07/2025,2025-07-01,67,[15:30-15:45[,2025-07-01 14:30,1804.495,19127.913,10.6,4056.57,2.248,,,,,9724.78,5.389,2473.748,1.371,2872.814,1.592
01/07/2025,2025-07-01,68,[15:45-16:00[,2025-07-01 14:45,1809.589,18656.295,10.31,4056.57,2.242,,,,,9724.78,5.374,2488.587,1.375,2386.358,1.319
01/07/2025,2025-07-01,69,[16:00-16:15[,2025-07-01 15:00,1805.288,19269.355,10.674,2950.878,1.635,,,,,13829.52,7.661,2400.472,1.33,88.485,0.049
01/07/2025,2025-07-01,70,[16:15-16:30[,2025-07-01 15:15,1800.206,19598.072,10.887,2950.878,1.639,,,,,13829.52,7.682,2588.304,1.438,229.369,0.127
01/07/2025,2025-07-01,71,[16:30-16:45[,2025-07-01 15:30,1815.682,15861.054,8.736,2950.878,1.625,,,,,13829.52,7.617,2546.647,1.403,-3465.991,-1.909
01/07/2025,2025-07-01,72,[16:45-17:00[,2025-07-01 15:45,1806.11,12464.375,6.901,2950.878,1.634,,,,,13829.52,7.657,1635.349,0.905,-5951.372,-3.295
01/07/2025,2025-07-01,73,[17:00-17:15[,2025-07-01 16:00,1782.878,16528.967,9.271,2508.325,1.407,,,,,12870.2,7.219,1500.077,0.841,-349.634,-0.196
01/07/2025,2025-07-01,74,[17:15-17:30[,2025-07-01 16:15,1792,16601.986,9.265,2508.325,1.4,,,,,12870.2,7.182,1567.407,0.875,-343.946,-0.192
01/07/2025,2025-07-01,75,[17:30-17:45[,2025-07-01 16:30,1804.855,13232.8,7.332,2508.325,1.39,,,,,12870.2,7.131,1562.14,0.866,-3707.865,-2.054
01/07/2025,2025-07-01,76,[17:45-18:00[,2025-07-01 16:45,1804.236,17836.483,9.886,2508.325,1.39,,,,,12870.2,7.133,1506.121,0.835,951.838,0.528
01/07/2025,2025-07-01,77,[18:00-18:15[,2025-07-01 17:00,1805.77,9088.774,5.033,856.224,0.474,,,,,5599.52,3.101,1592.786,0.882,1040.244,0.576
01/07/2025,2025-07-01,78,[18:15-18:30[,2025-07-01 17:15,1823.577,4075.629,2.235,856.224,0.47,,,,,5599.52,3.071,1627.038,0.892,-4007.153,-2.197
01/07/2025,2025-07-01,79,[18:30-18:45[,2025-07-01 17:30,1835.253,3719.44,2.027,856.224,0.467,,,,,5599.52,3.051,1629.645,0.888,-4365.949,-2.379
01/07/2025,2025-07-01,80,[18:45-19:00[,2025-07-01 17:45,1865.675,6601.834,3.539,856.224,0.459,,,,,5599.52,3.001,1587.803,0.851,-1441.713,-0.773
01/07/2025,2025-07-01,81,[19:00-19:15[,2025-07-01 18:00,1878.356,7365.734,3.921,521.299,0.278,8569.308,4.562,,,3220,1.714,1112.645,0.592,-6057.518,-3.225
01/07/2025,2025-07-01,82,[19:15-19:30[,2025-07-01 18:15,1890.8,4639.788,2.454,521.299,0.276,8569.308,4.532,,,3220,1.703,1134.822,0.6,-8805.641,-4.657
01/07/2025,2025-07-01,83,[19:30-19:45[,2025-07-01 18:30,1910.622,4397.647,2.302,521.299,0.273,8569.308,4.485,,,3220,1.685,1135.812,0.594,-9048.772,-4.736
01/07/2025,2025-07-01,84,[19:45-20:00[,2025-07-01 18:45,1927.725,9162.756,4.753,521.299,0.27,8569.308,4.445,,,3220,1.67,1130.931,0.587,-4278.782,-2.22
01/07/2025,2025-07-01,85,[20:00-20:15[,2025-07-01 19:00,1933.508,-2721.267,-1.407,-372.194,-0.192,8569.308,4.432,,,2539.98,1.314,1129.007,0.584,-14587.368,-7.545
01/07/2025,2025-07-01,86,[20:15-20:30[,2025-07-01 19:15,1920.767,2484.238,1.293,-372.194,-0.194,8569.308,4.461,,,2539.98,1.322,1067.9,0.556,-9320.757,-4.853
01/07/2025,2025-07-01,87,[20:30-20:45[,2025-07-01 19:30,1907.476,7057.349,3.7,-372.194,-0.195,8569.308,4.492,,,2539.98,1.332,1018.442,0.534,-4698.187,-2.463
01/07/2025,2025-07-01,88,[20:45-21:00[,2025-07-01 19:45,1894.524,6183.043,3.264,-372.194,-0.196,8569.308,4.523,,,2539.98,1.341,997.498,0.527,-5551.549,-2.93
01/07/2025,2025-07-01,89,[21:00-21:15[,2025-07-01 20:00,1885.119,6718.688,3.564,65.328,0.035,8569.308,4.546,,,2624.04,1.392,997.619,0.529,-5537.607,-2.938
01/07/2025,2025-07-01,90,[21:15-21:30[,2025-07-01 20:15,1894.202,3027.8,1.598,65.328,0.034,8569.308,4.524,,,2624.04,1.385,1023.898,0.541,-9254.773,-4.886
01/07/2025,2025-07-01,91,[21:30-21:45[,2025-07-01 20:30,1887.932,3331.054,1.764,65.328,0.035,8569.308,4.539,,,2624.04,1.39,1041.431,0.552,-8969.052,-4.751
01/07/2025,2025-07-01,92,[21:45-22:00[,2025-07-01 20:45,1862.726,5942.677,3.19,65.328,0.035,8569.308,4.6,,,2624.04,1.409,1043.701,0.56,-6359.7,-3.414
01/07/2025,2025-07-01,93,[22:00-22:15[,2025-07-01 21:00,1828.102,8455.546,4.625,657.538,0.36,8569.308,4.688,,,3372.16,1.845,1002.096,0.548,-5145.555,-2.815
01/07/2025,2025-07-01,94,[22:15-22:30[,2025-07-01 21:15,1793.381,9039.483,5.04,657.538,0.367,8569.308,4.778,,,3372.16,1.88,839.016,0.468,-4398.538,-2.453
01/07/2025,2025-07-01,95,[22:30-22:45[,2025-07-01 21:30,1761.395,9491.107,5.388,657.538,0.373,8569.308,4.865,,,3372.16,1.914,927.387,0.527,-4035.286,-2.291
01/07/2025,2025-07-01,96,[22:45-23:00[,2025-07-01 21:45,1723.02,13039.076,7.568,657.538,0.382,8569.308,4.973,,,3228.46,1.874,971.859,0.564,-388.088,-0.225
02/07/2025,2025-07-02,1,[23:00-23:15[,2025-07-01 22:00,1696.287,8040.509,4.74,1222.938,0.721,4623.839,2.726,,,3910.752,2.305,1815.406,1.07,-3532.426,-2.082
02/07/2025,2025-07-02,2,[23:15-23:30[,2025-07-01 22:15,1668.626,6298.049,3.774,1222.938,0.733,,,,,3910.752,2.344,2134.166,1.279,-969.807,-0.581
02/07/2025,2025-07-02,3,[23:30-23:45[,2025-07-01 22:30,1625.53,6823.179,4.198,1222.938,0.752,,,,,3910.752,2.406,2097.788,1.291,-408.299,-0.251
02/07/2025,2025-07-02,4,[23:45-00:00[,2025-07-01 22:45,1581.044,6271.553,3.967,1222.938,0.774,,,,,3910.752,2.474,1921.899,1.216,-784.036,-0.496
02/07/2025,2025-07-02,5,[00:00-00:15[,2025-07-01 23:00,1573.042,8454.139,5.374,1355.778,0.862,,,,,4841.812,3.078,3193.781,2.03,-937.232,-0.596
02/07/2025,2025-07-02,6,[00:15-00:30[,2025-07-01 23:15,1542.33,9028.734,5.854,1355.778,0.879,,,,,4738.146,3.072,3161.593,2.05,-226.783,-0.147
02/07/2025,2025-07-02,7,[00:30-00:45[,2025-07-01 23:30,1517.727,8277.942,5.454,1355.778,0.893,,,,,4658.872,3.07,2908.952,1.917,-645.66,-0.425
02/07/2025,2025-07-02,8,[00:45-01:00[,2025-07-01 23:45,1481.978,9419.026,6.356,1355.778,0.915,,,,,4402.756,2.971,3041.544,2.052,618.947,0.418
02/07/2025,2025-07-02,9,[01:00-01:15[,2025-07-02 00:00,1471.726,7368.722,5.007,1898.85,1.29,,,,,4167.384,2.832,3106.232,2.111,-1803.744,-1.226
02/07/2025,2025-07-02,10,[01:15-01:30[,2025-07-02 00:15,1448.983,7957.12,5.492,1898.85,1.31,,,,,3834.828,2.647,2951.121,2.037,-727.68,-0.502
02/07/2025,2025-07-02,11,[01:30-01:45[,2025-07-02 00:30,1421.004,8238.949,5.798,1898.85,1.336,,,,,3487.5,2.454,3135.243,2.206,-282.643,-0.199
02/07/2025,2025-07-02,12,[01:45-02:00[,2025-07-02 00:45,1402.952,8442.381,6.018,1898.85,1.353,,,,,3437.28,2.45,2879.145,2.052,227.106,0.162
02/07/2025,2025-07-02,13,[02:00-02:15[,2025-07-02 01:00,1396.78,9558.046,6.843,3437.068,2.461,,,,,3617.712,2.59,2927.155,2.096,-423.888,-0.303
02/07/2025,2025-07-02,14,[02:15-02:30[,2025-07-02 01:15,1379.679,10075.87,7.303,3437.068,2.491,,,,,3834.828,2.78,3150.638,2.284,-346.664,-0.251
02/07/2025,2025-07-02,15,[02:30-02:45[,2025-07-02 01:30,1369.81,10006.772,7.305,3437.068,2.509,,,,,3834.828,2.8,2883.515,2.105,-148.639,-0.109
02/07/2025,2025-07-02,16,[02:45-03:00[,2025-07-02 01:45,1367.083,10266.626,7.51,3437.068,2.514,,,,,3409.38,2.494,3160.709,2.312,259.47,0.19
02/07/2025,2025-07-02,17,[03:00-03:15[,2025-07-02 02:00,1346.178,6623.868,4.92,1898.85,1.411,,,,,3349.346,2.488,3031.719,2.252,-1656.047,-1.23
02/07/2025,2025-07-02,18,[03:15-03:30[,2025-07-02 02:15,1338.012,8959.746,6.696,1898.85,1.419,,,,,3212.638,2.401,2709.445,2.025,1138.813,0.851
02/07/2025,2025-07-02,19,[03:30-03:45[,2025-07-02 02:30,1340.416,7730.883,5.768,1898.85,1.417,,,,,3212.638,2.397,3053.81,2.278,-434.415,-0.324
02/07/2025,2025-07-02,20,[03:45-04:00[,2025-07-02 02:45,1317.389,6979.755,5.298,1898.85,1.441,,,,,3233.67,2.455,3014.92,2.289,-1167.685,-0.886
02/07/2025,2025-07-02,21,[04:00-04:15[,2025-07-02 03:00,1318.128,9171.433,6.958,1879.1,1.426,,,,,3414.96,2.591,2941.719,2.232,935.654,0.71
02/07/2025,2025-07-02,22,[04:15-04:30[,2025-07-02 03:15,1324.551,7972.758,6.019,1879.1,1.419,,,,,3515.4,2.654,3065.806,2.315,-487.548,-0.368
02/07/2025,2025-07-02,23,[04:30-04:45[,2025-07-02 03:30,1299.857,8853.81,6.811,1879.1,1.446,,,,,3834.828,2.95,2649.596,2.038,490.286,0.377
02/07/2025,2025-07-02,24,[04:45-05:00[,2025-07-02 03:45,1315.945,9211.376,7,1879.1,1.428,,,,,3617.712,2.749,3065.109,2.329,649.454,0.494
02/07/2025,2025-07-02,25,[05:00-05:15[,2025-07-02 04:00,1332.698,8486.92,6.368,3453.338,2.591,,,,,3396,2.548,3064.321,2.299,-1426.739,-1.071
02/07/2025,2025-07-02,26,[05:15-05:30[,2025-07-02 04:15,1325.448,8975.066,6.771,3453.338,2.605,,,,,3442.8,2.597,2841.132,2.144,-762.204,-0.575
02/07/2025,2025-07-02,27,[05:30-05:45[,2025-07-02 04:30,1333.257,9630.162,7.223,3453.338,2.59,,,,,3247.2,2.436,3061.678,2.296,-132.053,-0.099
02/07/2025,2025-07-02,28,[05:45-06:00[,2025-07-02 04:45,1325.259,11626.561,8.773,3453.338,2.606,,,,,3315.286,2.502,3042.241,2.296,1815.697,1.37
02/07/2025,2025-07-02,29,[06:00-06:15[,2025-07-02 05:00,1331.035,7003.203,5.261,1863.35,1.4,,,,,3933.672,2.955,2204.48,1.656,-998.299,-0.75
02/07/2025,2025-07-02,30,[06:15-06:30[,2025-07-02 05:15,1354.998,8286.504,6.116,1863.35,1.375,,,,,3927.648,2.899,2435.165,1.797,60.341,0.045
02/07/2025,2025-07-02,31,[06:30-06:45[,2025-07-02 05:30,1372.557,7540.988,5.494,1863.35,1.358,,,,,3704.76,2.699,2216.948,1.615,-244.071,-0.178
02/07/2025,2025-07-02,32,[06:45-07:00[,2025-07-02 05:45,1397.967,12030.346,8.606,1863.35,1.333,,,,,3905.25,2.794,2402.276,1.718,3859.471,2.761
02/07/2025,2025-07-02,33,[07:00-07:15[,2025-07-02 06:00,1468.111,15070.884,10.265,3556.386,2.422,,,,,6163.2,4.198,3032.776,2.066,2318.522,1.579
02/07/2025,2025-07-02,34,[07:15-07:30[,2025-07-02 06:15,1494.066,10819.814,7.242,3556.386,2.38,,,,,5097.48,3.412,2721.762,1.822,-555.814,-0.372
02/07/2025,2025-07-02,35,[07:30-07:45[,2025-07-02 06:30,1548.843,12741.849,8.227,3556.386,2.296,,,,,4635.24,2.993,3022.467,1.951,1527.756,0.986
02/07/2025,2025-07-02,36,[07:45-08:00[,2025-07-02 06:45,1566.55,11643.019,7.432,3556.386,2.27,,,,,4635.24,2.959,2969.935,1.896,481.458,0.307
02/07/2025,2025-07-02,37,[08:00-08:15[,2025-07-02 07:00,1642.959,11753.391,7.154,3799.841,2.313,,,,,4660.92,2.837,2921.662,1.778,370.968,0.226
02/07/2025,2025-07-02,38,[08:15-08:30[,2025-07-02 07:15,1694.553,12109.445,7.146,3799.841,2.242,,,,,4635.24,2.735,3065.622,1.809,608.743,0.359
02/07/2025,2025-07-02,39,[08:30-08:45[,2025-07-02 07:30,1705.061,11040.065,6.475,3799.841,2.229,,,,,4635.24,2.719,2560.937,1.502,44.047,0.026
02/07/2025,2025-07-02,40,[08:45-09:00[,2025-07-02 07:45,1732.83,14262.073,8.231,3799.841,2.193,,,,,4635.24,2.675,3068.834,1.771,2758.158,1.592
02/07/2025,2025-07-02,41,[09:00-09:15[,2025-07-02 08:00,1761.413,12734.173,7.23,7006.755,3.978,,,,,6760,3.838,2996.953,1.701,-4029.535,-2.288
02/07/2025,2025-07-02,42,[09:15-09:30[,2025-07-02 08:15,1758.02,16240.02,9.238,7006.755,3.986,,,,,6760,3.845,2820.573,1.604,-347.308,-0.198
02/07/2025,2025-07-02,43,[09:30-09:45[,2025-07-02 08:30,1750.785,15937.25,9.103,7006.755,4.002,,,,,6760,3.861,3068.731,1.753,-898.236,-0.513
02/07/2025,2025-07-02,44,[09:45-10:00[,2025-07-02 08:45,1747.354,18591.206,10.64,7006.755,4.01,,,,,6760,3.869,3124.191,1.788,1700.261,0.973
02/07/2025,2025-07-02,45,[10:00-10:15[,2025-07-02 09:00,1731.422,17375.831,10.036,7783.205,4.495,,,-116.981,-0.068,6760,3.904,2836.514,1.638,113.093,0.065
02/07/2025,2025-07-02,46,[10:15-10:30[,2025-07-02 09:15,1729.88,17574.173,10.159,7783.205,4.499,,,,,6760,3.908,3110.415,1.798,-79.446,-0.046
02/07/2025,2025-07-02,47,[10:30-10:45[,2025-07-02 09:30,1734.736,15485.617,8.927,7783.205,4.487,,,,,6760,3.897,3073.948,1.772,-2131.535,-1.229
02/07/2025,2025-07-02,48,[10:45-11:00[,2025-07-02 09:45,1732.9,16690.488,9.632,7783.205,4.491,,,,,6760,3.901,3075.926,1.775,-928.642,-0.536
02/07/2025,2025-07-02,49,[11:00-11:15[,2025-07-02 10:00,1732.58,16907.379,9.758,8609.876,4.969,,,,,6760,3.902,2933.733,1.693,-1396.23,-0.806
02/07/2025,2025-07-02,50,[11:15-11:30[,2025-07-02 10:15,1729.312,10549.459,6.1,8609.876,4.979,,,,,6760,3.909,2571.786,1.487,-7392.203,-4.275
02/07/2025,2025-07-02,51,[11:30-11:45[,2025-07-02 10:30,1741.612,15902.538,9.131,8609.876,4.944,,,,,6760,3.881,3049.983,1.751,-2517.321,-1.445
02/07/2025,2025-07-02,52,[11:45-12:00[,2025-07-02 10:45,1746.005,16991.665,9.732,8609.876,4.931,,,,,6760,3.872,3010.634,1.724,-1388.845,-0.795
02/07/2025,2025-07-02,53,[12:00-12:15[,2025-07-02 11:00,1703.063,14042.742,8.246,8610.483,5.056,,,,,4635.24,2.722,2600.004,1.527,-1802.984,-1.059
02/07/2025,2025-07-02,54,[12:15-12:30[,2025-07-02 11:15,1710.595,15578.887,9.107,8610.483,5.034,,,,,4635.24,2.71,2972.943,1.738,-639.779,-0.374
02/07/2025,2025-07-02,55,[12:30-12:45[,2025-07-02 11:30,1691.782,15421.021,9.115,8610.483,5.09,,,,,4635.24,2.74,2815.54,1.664,-640.242,-0.378
02/07/2025,2025-07-02,56,[12:45-13:00[,2025-07-02 11:45,1668.81,16756.157,10.041,8610.483,5.16,,,,,4635.24,2.778,2830.311,1.696,680.123,0.408
02/07/2025,2025-07-02,57,[13:00-13:15[,2025-07-02 12:00,1663.568,16051.451,9.649,8610.533,5.176,,,,,4635.24,2.786,2874.766,1.728,-69.088,-0.042
02/07/2025,2025-07-02,58,[13:15-13:30[,2025-07-02 12:15,1660.303,15545.78,9.363,8610.533,5.186,,,,,4635.24,2.792,2631.717,1.585,-331.71,-0.2
02/07/2025,2025-07-02,59,[13:30-13:45[,2025-07-02 12:30,1683.665,15465.706,9.186,8610.533,5.114,,,,,4635.24,2.753,2942.023,1.747,-722.089,-0.429
02/07/2025,2025-07-02,60,[13:45-14:00[,2025-07-02 12:45,1674.608,14305.084,8.542,8610.533,5.142,,,,,4635.24,2.768,2903.38,1.734,-1844.068,-1.101
02/07/2025,2025-07-02,61,[14:00-14:15[,2025-07-02 13:00,1692.98,15212.237,8.985,8476.614,5.007,,,,,4635.24,2.738,2504.774,1.48,-404.391,-0.239
02/07/2025,2025-07-02,62,[14:15-14:30[,2025-07-02 13:15,1717.779,15828.911,9.215,8476.614,4.935,,,,,4635.24,2.698,2923.324,1.702,-206.267,-0.12
02/07/2025,2025-07-02,63,[14:30-14:45[,2025-07-02 13:30,1712.103,16932.467,9.89,8476.614,4.951,,,,,4635.24,2.707,2856.635,1.668,963.978,0.563
02/07/2025,2025-07-02,64,[14:45-15:00[,2025-07-02 13:45,1718.443,-1901.046,-1.106,8476.614,4.933,,,,,4635.24,2.697,2850.394,1.659,-17863.294,-10.395
02/07/2025,2025-07-02,65,[15:00-15:15[,2025-07-02 14:00,1731.302,14789.297,8.542,7302.483,4.218,,,,,4635.24,2.677,2936.37,1.696,-84.796,-0.049
02/07/2025,2025-07-02,66,[15:15-15:30[,2025-07-02 14:15,1727.74,15469.367,8.954,7302.483,4.227,,,,,4635.24,2.683,2718.19,1.573,813.454,0.471
02/07/2025,2025-07-02,67,[15:30-15:45[,2025-07-02 14:30,1727.271,15551.853,9.004,7302.483,4.228,,,,,4635.24,2.684,2931.676,1.697,682.454,0.395
02/07/2025,2025-07-02,68,[15:45-16:00[,2025-07-02 14:45,1744.244,15452.534,8.859,7302.483,4.187,,,,,4635.24,2.657,2973.921,1.705,540.89,0.31
02/07/2025,2025-07-02,69,[16:00-16:15[,2025-07-02 15:00,1745.113,15877.763,9.098,7261.6,4.161,,,,,6380.24,3.656,2744.689,1.573,-508.766,-0.292
02/07/2025,2025-07-02,70,[16:15-16:30[,2025-07-02 15:15,1750.35,16988.658,9.706,7261.6,4.149,,,,,6380.24,3.645,2879.157,1.645,467.661,0.267
02/07/2025,2025-07-02,71,[16:30-16:45[,2025-07-02 15:30,1768.065,15335.459,8.674,7261.6,4.107,,,,,6380.24,3.609,2966.88,1.678,-1273.261,-0.72
02/07/2025,2025-07-02,72,[16:45-17:00[,2025-07-02 15:45,1778.929,11425.293,6.423,7261.6,4.082,,,,,6380.24,3.587,2841.11,1.597,-5057.656,-2.843
02/07/2025,2025-07-02,73,[17:00-17:15[,2025-07-02 16:00,1761.53,15563.039,8.835,6258.972,3.553,,,,,6380.24,3.622,2346.068,1.332,577.758,0.328
02/07/2025,2025-07-02,74,[17:15-17:30[,2025-07-02 16:15,1743.819,16543.208,9.487,6258.972,3.589,,,,,6380.24,3.659,2167.286,1.243,1736.71,0.996
02/07/2025,2025-07-02,75,[17:30-17:45[,2025-07-02 16:30,1755.091,13771.116,7.846,6258.972,3.566,,,,,6380.24,3.635,2231.348,1.271,-1099.444,-0.626
02/07/2025,2025-07-02,76,[17:45-18:00[,2025-07-02 16:45,1767.36,13754.443,7.782,6258.972,3.541,,,,,6380.24,3.61,2282.88,1.292,-1167.649,-0.661
02/07/2025,2025-07-02,77,[18:00-18:15[,2025-07-02 17:00,1759.421,13404.159,7.619,3470.389,1.972,,,,,6380.24,3.626,2062.356,1.172,1491.174,0.848
02/07/2025,2025-07-02,78,[18:15-18:30[,2025-07-02 17:15,1778.965,10531.167,5.92,3470.389,1.951,,,,,6380.24,3.586,2311.927,1.3,-1631.389,-0.917
02/07/2025,2025-07-02,79,[18:30-18:45[,2025-07-02 17:30,1805.035,7840.438,4.344,3470.389,1.923,,,,,6380.24,3.535,2069.89,1.147,-4080.08,-2.26
02/07/2025,2025-07-02,80,[18:45-19:00[,2025-07-02 17:45,1838.27,10281.054,5.593,3470.389,1.888,,,,,6380.24,3.471,2163.468,1.177,-1733.042,-0.943
02/07/2025,2025-07-02,81,[19:00-19:15[,2025-07-02 18:00,1865.232,10974.117,5.884,1577.308,0.846,,,,,2473.28,1.326,2239.8,1.201,4683.729,2.511
02/07/2025,2025-07-02,82,[19:15-19:30[,2025-07-02 18:15,1877.259,6466.417,3.445,1577.308,0.84,,,,,2473.28,1.317,1558.599,0.83,857.231,0.457
02/07/2025,2025-07-02,83,[19:30-19:45[,2025-07-02 18:30,1916.013,-2685.05,-1.401,1577.308,0.823,,,,,3347.058,1.747,2240.225,1.169,-9849.641,-5.141
02/07/2025,2025-07-02,84,[19:45-20:00[,2025-07-02 18:45,1927.847,-1602.833,-0.831,1577.308,0.818,,,,,3520.476,1.826,2203.183,1.143,-8903.801,-4.619
02/07/2025,2025-07-02,85,[20:00-20:15[,2025-07-02 19:00,1916.983,6115.869,3.19,1017.749,0.531,,,,,4624.5,2.412,1119.831,0.584,-646.211,-0.337
02/07/2025,2025-07-02,86,[20:15-20:30[,2025-07-02 19:15,1917.141,6205.317,3.237,1017.749,0.531,,,,,4624.5,2.412,1118.055,0.583,-554.987,-0.289
02/07/2025,2025-07-02,87,[20:30-20:45[,2025-07-02 19:30,1903.538,6484.628,3.407,1017.749,0.535,,,,,4624.5,2.429,1113.893,0.585,-271.514,-0.143
02/07/2025,2025-07-02,88,[20:45-21:00[,2025-07-02 19:45,1890.91,8678.479,4.59,1017.749,0.538,,,,,4624.5,2.446,1096.29,0.58,1939.94,1.026
02/07/2025,2025-07-02,89,[21:00-21:15[,2025-07-02 20:00,1882.067,3687.408,1.959,1073.231,0.57,,,,,4869,2.587,1150.332,0.611,-3405.155,-1.809
02/07/2025,2025-07-02,90,[21:15-21:30[,2025-07-02 20:15,1899.054,6475.755,3.41,1073.231,0.565,,,,,4785,2.52,1251.552,0.659,-634.028,-0.334
02/07/2025,2025-07-02,91,[21:30-21:45[,2025-07-02 20:30,1890.644,1818.216,0.962,1073.231,0.568,,,,,4785,2.531,1251.269,0.662,-5291.284,-2.799
02/07/2025,2025-07-02,92,[21:45-22:00[,2025-07-02 20:45,1862.88,1851.963,0.994,1073.231,0.576,,,,,3815.252,2.048,1253.701,0.673,-4290.221,-2.303
02/07/2025,2025-07-02,93,[22:00-22:15[,2025-07-02 21:00,1845.576,15410.74,8.35,3159.828,1.712,,,,,6011.44,3.257,2134.539,1.157,4104.933,2.224
02/07/2025,2025-07-02,94,[22:15-22:30[,2025-07-02 21:15,1819.194,9722.905,5.345,3159.828,1.737,,,,,6011.44,3.304,2328.947,1.28,-1777.31,-0.977
02/07/2025,2025-07-02,95,[22:30-22:45[,2025-07-02 21:30,1784.496,11766.655,6.594,3159.828,1.771,,,,,6011.44,3.369,2328.936,1.305,266.451,0.149
02/07/2025,2025-07-02,96,[22:45-23:00[,2025-07-02 21:45,1738.065,10552.401,6.071,3159.828,1.818,,,,,6011.44,3.459,2194.56,1.263,-813.426,-0.468
03/07/2025,2025-07-03,1,[23:00-23:15[,2025-07-02 22:00,1700.422,-1341.586,-0.789,4153.505,2.443,,,,,4056,2.385,2443.86,1.437,-11994.951,-7.054
03/07/2025,2025-07-03,2,[23:15-23:30[,2025-07-02 22:15,1657.397,5723.574,3.453,4153.505,2.506,,,,,4056,2.447,2409.154,1.454,-4895.085,-2.953
03/07/2025,2025-07-03,3,[23:30-23:45[,2025-07-02 22:30,1616.334,9393.398,5.812,4153.505,2.57,,,,,3811.36,2.358,2205.522,1.365,-776.989,-0.481
03/07/2025,2025-07-03,4,[23:45-00:00[,2025-07-02 22:45,1582.755,22316.479,14.1,4153.505,2.624,,,,,3758.24,2.374,2443.807,1.544,11960.926,7.557
03/07/2025,2025-07-03,5,[00:00-00:15[,2025-07-02 23:00,1562.49,29182.075,18.677,4473.58,2.863,,,,,3612.96,2.312,3097.174,1.982,17998.36,11.519
03/07/2025,2025-07-03,6,[00:15-00:30[,2025-07-02 23:15,1544.545,26312.383,17.036,4473.58,2.896,,,,,3531.84,2.287,3274.453,2.12,15032.51,9.733
03/07/2025,2025-07-03,7,[00:30-00:45[,2025-07-02 23:30,1526.985,29448.006,19.285,4473.58,2.93,,,,,3531.84,2.313,3281.124,2.149,18161.462,11.894
03/07/2025,2025-07-03,8,[00:45-01:00[,2025-07-02 23:45,1477.006,28960.52,19.608,4473.58,3.029,,,,,3531.84,2.391,2830.227,1.916,18124.873,12.271
03/07/2025,2025-07-03,9,[01:00-01:15[,2025-07-03 00:00,1469.265,27169.484,18.492,4974.225,3.386,,,,,2962.4,2.016,3168.267,2.156,16064.592,10.934
03/07/2025,2025-07-03,10,[01:15-01:30[,2025-07-03 00:15,1447.553,19806.376,13.683,4974.225,3.436,,,,,2772,1.915,3281.064,2.267,8779.087,6.065
03/07/2025,2025-07-03,11,[01:30-01:45[,2025-07-03 00:30,1425.686,20161.198,14.141,4974.225,3.489,,,,,2732.8,1.917,2972.478,2.085,9481.695,6.651
03/07/2025,2025-07-03,12,[01:45-02:00[,2025-07-03 00:45,1399.513,17708.859,12.654,4974.225,3.554,,,,,2732.8,1.953,3280.166,2.344,6721.668,4.803
03/07/2025,2025-07-03,13,[02:00-02:15[,2025-07-03 01:00,1386.471,14867.193,10.723,5941.296,4.285,,,,,2177.64,1.571,3321.279,2.395,3426.977,2.472
03/07/2025,2025-07-03,14,[02:15-02:30[,2025-07-03 01:15,1379.301,12564.31,9.109,5941.296,4.307,,,,,2177.64,1.579,3210.42,2.328,1234.954,0.895
03/07/2025,2025-07-03,15,[02:30-02:45[,2025-07-03 01:30,1360.235,10285.478,7.562,5941.296,4.368,,,,,2177.64,1.601,3321.663,2.442,-1155.121,-0.849
03/07/2025,2025-07-03,16,[02:45-03:00[,2025-07-03 01:45,1353.598,11087.272,8.191,5941.296,4.389,,,,,2177.64,1.609,3110.996,2.298,-142.66,-0.105
03/07/2025,2025-07-03,17,[03:00-03:15[,2025-07-03 02:00,1353.363,12898.454,9.531,7208.97,5.327,,,,,2177.64,1.609,3301.972,2.44,209.873,0.155
03/07/2025,2025-07-03,18,[03:15-03:30[,2025-07-03 02:15,1333.866,11617.554,8.71,7208.97,5.405,,,,,2177.64,1.633,3325.314,2.493,-1094.37,-0.82
03/07/2025,2025-07-03,19,[03:30-03:45[,2025-07-03 02:30,1322.686,11414.529,8.63,7208.97,5.45,,,,,2177.64,1.646,2966.79,2.243,-938.871,-0.71
03/07/2025,2025-07-03,20,[03:45-04:00[,2025-07-03 02:45,1324.919,10794.92,8.148,7208.97,5.441,,,,,2177.64,1.644,3326.774,2.511,-1918.464,-1.448
03/07/2025,2025-07-03,21,[04:00-04:15[,2025-07-03 03:00,1301.052,10540.197,8.101,6300.484,4.843,,,,,2732.8,2.1,2766.906,2.127,-1259.992,-0.968
03/07/2025,2025-07-03,22,[04:15-04:30[,2025-07-03 03:15,1315.629,10134.64,7.703,6300.484,4.789,,,,,2732.8,2.077,3269.052,2.485,-2167.696,-1.648
03/07/2025,2025-07-03,23,[04:30-04:45[,2025-07-03 03:30,1313.83,9366.393,7.129,6300.484,4.796,,,,,2732.8,2.08,3326.774,2.532,-2993.665,-2.279
03/07/2025,2025-07-03,24,[04:45-05:00[,2025-07-03 03:45,1313.033,12574.257,9.576,6300.484,4.798,,,,,2732.8,2.081,3078.699,2.345,462.274,0.352
03/07/2025,2025-07-03,25,[05:00-05:15[,2025-07-03 04:00,1323.398,9375.259,7.084,4827.458,3.648,,,,,2732.8,2.065,3326.774,2.514,-1511.773,-1.142
03/07/2025,2025-07-03,26,[05:15-05:30[,2025-07-03 04:15,1330.081,8752.941,6.581,4827.458,3.629,,,,,2783.2,2.093,3289.003,2.473,-2146.719,-1.614
03/07/2025,2025-07-03,27,[05:30-05:45[,2025-07-03 04:30,1321.796,9383.165,7.099,4827.458,3.652,,,,,3012.8,2.279,2923.64,2.212,-1380.733,-1.045
03/07/2025,2025-07-03,28,[05:45-06:00[,2025-07-03 04:45,1330.41,9170.092,6.893,4827.458,3.629,,,,,3242.4,2.437,3326.774,2.501,-2226.54,-1.674
03/07/2025,2025-07-03,29,[06:00-06:15[,2025-07-03 05:00,1353.76,9532.535,7.042,4400.129,3.25,,,,,3714.7,2.744,3324.043,2.455,-1906.337,-1.408
03/07/2025,2025-07-03,30,[06:15-06:30[,2025-07-03 05:15,1364.661,8982.718,6.582,4400.129,3.224,,,,,3824.182,2.802,3062.816,2.244,-2304.408,-1.689
03/07/2025,2025-07-03,31,[06:30-06:45[,2025-07-03 05:30,1391.609,9249.168,6.646,4400.129,3.162,,,,,3714.7,2.669,3326.774,2.391,-2192.435,-1.575
03/07/2025,2025-07-03,32,[06:45-07:00[,2025-07-03 05:45,1421.566,7490.356,5.269,4400.129,3.095,,,,,3475.24,2.445,3107.258,2.186,-3492.271,-2.457
03/07/2025,2025-07-03,33,[07:00-07:15[,2025-07-03 06:00,1479.155,11367.017,7.685,5301.018,3.584,,,,,3726,2.519,3312.406,2.239,-972.406,-0.657
03/07/2025,2025-07-03,34,[07:15-07:30[,2025-07-03 06:15,1499.831,8798.874,5.867,5301.018,3.534,,,,,3667.68,2.445,3305.446,2.204,-3475.269,-2.317
03/07/2025,2025-07-03,35,[07:30-07:45[,2025-07-03 06:30,1530.471,10819.804,7.07,5301.018,3.464,,,,,3667.68,2.396,3129.893,2.045,-1278.787,-0.836
03/07/2025,2025-07-03,36,[07:45-08:00[,2025-07-03 06:45,1570.044,10735.145,6.837,5301.018,3.376,,,,,3667.68,2.336,3310.235,2.108,-1543.788,-0.983
03/07/2025,2025-07-03,37,[08:00-08:15[,2025-07-03 07:00,1622.281,18176.557,11.204,9766.1,6.02,,,,,3599.76,2.219,3245.459,2.001,1565.238,0.965
03/07/2025,2025-07-03,38,[08:15-08:30[,2025-07-03 07:15,1661.417,15869.469,9.552,9766.1,5.878,,,,,3599.76,2.167,3066.672,1.846,-563.062,-0.339
03/07/2025,2025-07-03,39,[08:30-08:45[,2025-07-03 07:30,1703.921,12735.379,7.474,9766.1,5.732,,,,,3599.76,2.113,3152.394,1.85,-3782.875,-2.22
03/07/2025,2025-07-03,40,[08:45-09:00[,2025-07-03 07:45,1716.771,14943.999,8.705,9766.1,5.689,,,,,3599.76,2.097,3187.291,1.857,-1609.151,-0.937
03/07/2025,2025-07-03,41,[09:00-09:15[,2025-07-03 08:00,1737.89,17576.003,10.113,10220.35,5.881,,,,,4370.14,2.515,3089.166,1.778,-103.653,-0.06
03/07/2025,2025-07-03,42,[09:15-09:30[,2025-07-03 08:15,1741.385,16795.455,9.645,10220.35,5.869,,,,,4370.14,2.51,3155.634,1.812,-950.669,-0.546
03/07/2025,2025-07-03,43,[09:30-09:45[,2025-07-03 08:30,1725.236,17036.518,9.875,10220.35,5.924,,,,,4370.14,2.533,2966.696,1.72,-520.668,-0.302
03/07/2025,2025-07-03,44,[09:45-10:00[,2025-07-03 08:45,1738.183,17816.522,10.25,10220.35,5.88,,,,,4370.14,2.514,3114.35,1.792,111.681,0.064
03/07/2025,2025-07-03,45,[10:00-10:15[,2025-07-03 09:00,1733.152,20036.673,11.561,11925.788,6.881,,,,,4146.062,2.392,3084.85,1.78,879.974,0.508
03/07/2025,2025-07-03,46,[10:15-10:30[,2025-07-03 09:15,1725.02,25122.609,14.564,11925.788,6.913,,,,,4146.062,2.403,2891.492,1.676,6159.267,3.571
03/07/2025,2025-07-03,47,[10:30-10:45[,2025-07-03 09:30,1735.028,25581.412,14.744,11925.788,6.874,,,,,4146.062,2.39,2998.071,1.728,6511.492,3.753
03/07/2025,2025-07-03,48,[10:45-11:00[,2025-07-03 09:45,1742.503,26206.769,15.04,11925.788,6.844,,,,,4146.062,2.379,2715.607,1.558,7419.313,4.258
03/07/2025,2025-07-03,49,[11:00-11:15[,2025-07-03 10:00,1749.851,17972.613,10.271,13854.913,7.918,,,,,4496.608,2.57,2835.975,1.621,-3214.883,-1.837
03/07/2025,2025-07-03,50,[11:15-11:30[,2025-07-03 10:15,1764.677,18374.153,10.412,13854.913,7.851,,,,,4496.608,2.548,2851.71,1.616,-2829.078,-1.603
03/07/2025,2025-07-03,51,[11:30-11:45[,2025-07-03 10:30,1765.625,16054.185,9.093,13854.913,7.847,,,,,4496.608,2.547,2670.45,1.512,-4967.786,-2.814
03/07/2025,2025-07-03,52,[11:45-12:00[,2025-07-03 10:45,1764.116,18137.372,10.281,13854.913,7.854,,,,,4496.608,2.549,2843.374,1.612,-3057.522,-1.733
03/07/2025,2025-07-03,53,[12:00-12:15[,2025-07-03 11:00,1749.812,19276.774,11.016,14567.913,8.325,,,,,5193.936,2.968,2717.297,1.553,-3202.372,-1.83
03/07/2025,2025-07-03,54,[12:15-12:30[,2025-07-03 11:15,1759.559,21771.072,12.373,14567.913,8.279,,,,,4885.71,2.777,2856.91,1.624,-539.46,-0.307
03/07/2025,2025-07-03,55,[12:30-12:45[,2025-07-03 11:30,1721.559,17849.976,10.368,14567.913,8.462,,,,,4866.036,2.827,2731.977,1.587,-4315.949,-2.507
03/07/2025,2025-07-03,56,[12:45-13:00[,2025-07-03 11:45,1706.832,18189.233,10.657,14567.913,8.535,,,,,4866.036,2.851,2189.563,1.283,-3434.278,-2.012
03/07/2025,2025-07-03,57,[13:00-13:15[,2025-07-03 12:00,1717.382,15410.296,8.973,14218.6,8.279,,,,,4990.464,2.906,2326.807,1.355,-6125.575,-3.567
03/07/2025,2025-07-03,58,[13:15-13:30[,2025-07-03 12:15,1713.707,17555.678,10.244,14218.6,8.297,,,,,4867.002,2.84,2745.886,1.602,-4275.81,-2.495
03/07/2025,2025-07-03,59,[13:30-13:45[,2025-07-03 12:30,1736.35,19824.07,11.417,14218.6,8.189,,,,,4620.078,2.661,2774.254,1.598,-1788.861,-1.03
03/07/2025,2025-07-03,60,[13:45-14:00[,2025-07-03 12:45,1739.671,15906.957,9.144,14218.6,8.173,,,,,4620.078,2.656,2534.187,1.457,-5465.907,-3.142
03/07/2025,2025-07-03,61,[14:00-14:15[,2025-07-03 13:00,1751.849,17630.388,10.064,11769.1,6.718,,,,,3985.122,2.275,2772.109,1.582,-895.943,-0.511
03/07/2025,2025-07-03,62,[14:15-14:30[,2025-07-03 13:15,1765.643,17593.953,9.965,11769.1,6.666,,,,,4184.44,2.37,2488.497,1.409,-848.084,-0.48
03/07/2025,2025-07-03,63,[14:30-14:45[,2025-07-03 13:30,1782.32,18754.23,10.522,11769.1,6.603,,,,,4184.44,2.348,2790.689,1.566,10.001,0.006
03/07/2025,2025-07-03,64,[14:45-15:00[,2025-07-03 13:45,1770.783,11363.824,6.417,11769.1,6.646,,,,,4184.44,2.363,2658.493,1.501,-7248.209,-4.093
03/07/2025,2025-07-03,65,[15:00-15:15[,2025-07-03 14:00,1762.908,14405.242,8.171,10609.913,6.018,,,,,3667.68,2.08,1624.686,0.922,-1497.036,-0.849
03/07/2025,2025-07-03,66,[15:15-15:30[,2025-07-03 14:15,1775.171,15953.127,8.987,10609.913,5.977,,,,,3667.68,2.066,1702.507,0.959,-26.973,-0.015
03/07/2025,2025-07-03,67,[15:30-15:45[,2025-07-03 14:30,1758.463,13296.843,7.562,10609.913,6.034,,,,,3667.68,2.086,1540.624,0.876,-2521.374,-1.434
03/07/2025,2025-07-03,68,[15:45-16:00[,2025-07-03 14:45,1774.145,13152.107,7.413,10609.913,5.98,,,,,3667.68,2.067,1614.261,0.91,-2739.747,-1.544
03/07/2025,2025-07-03,69,[16:00-16:15[,2025-07-03 15:00,1780.814,11835.314,6.646,8248.413,4.632,,,,,3792.2,2.129,1660.197,0.932,-1865.495,-1.048
03/07/2025,2025-07-03,70,[16:15-16:30[,2025-07-03 15:15,1782.79,11895.825,6.673,8248.413,4.627,,,,,3792.2,2.127,1621.735,0.91,-1766.523,-0.991
03/07/2025,2025-07-03,71,[16:30-16:45[,2025-07-03 15:30,1798.044,9249.524,5.144,8248.413,4.587,,,,,3792.2,2.109,1632.603,0.908,-4423.691,-2.46
03/07/2025,2025-07-03,72,[16:45-17:00[,2025-07-03 15:45,1797.442,14858.271,8.266,8248.413,4.589,,,,,3792.2,2.11,1657.389,0.922,1160.27,0.646
03/07/2025,2025-07-03,73,[17:00-17:15[,2025-07-03 16:00,1776.613,11598.852,6.529,6831.233,3.845,,,,,3531.84,1.988,1675.65,0.943,-439.871,-0.248
03/07/2025,2025-07-03,74,[17:15-17:30[,2025-07-03 16:15,1780.807,13314.72,7.477,6831.233,3.836,,,,,3531.84,1.983,1665.541,0.935,1286.107,0.722
03/07/2025,2025-07-03,75,[17:30-17:45[,2025-07-03 16:30,1790.881,13064.959,7.295,6831.233,3.814,,,,,3531.84,1.972,1652.566,0.923,1049.321,0.586
03/07/2025,2025-07-03,76,[17:45-18:00[,2025-07-03 16:45,1784.679,12207.264,6.84,6831.233,3.828,,,,,3531.84,1.979,1179.297,0.661,664.894,0.373
03/07/2025,2025-07-03,77,[18:00-18:15[,2025-07-03 17:00,1786.571,12180.964,6.818,4757.305,2.663,,,906.304,0.507,3520.52,1.971,1132.793,0.634,1864.042,1.043
03/07/2025,2025-07-03,78,[18:15-18:30[,2025-07-03 17:15,1806.338,8579.635,4.75,4757.305,2.634,,,,,3520.52,1.949,1213.615,0.672,-911.805,-0.505
03/07/2025,2025-07-03,79,[18:30-18:45[,2025-07-03 17:30,1827.112,11166.806,6.112,4757.305,2.604,,,,,3520.52,1.927,1173.309,0.642,1715.672,0.939
03/07/2025,2025-07-03,80,[18:45-19:00[,2025-07-03 17:45,1860.073,11639.681,6.258,4757.305,2.558,,,,,3792,2.039,1212.511,0.652,1877.865,1.01
03/07/2025,2025-07-03,81,[19:00-19:15[,2025-07-03 18:00,1878.931,5155.574,2.744,1952.568,1.039,,,,,3590.912,1.911,1238.059,0.659,-1625.965,-0.865
03/07/2025,2025-07-03,82,[19:15-19:30[,2025-07-03 18:15,1907.218,7576.174,3.972,1952.568,1.024,,,,,3590.912,1.883,1209.091,0.634,823.604,0.432
03/07/2025,2025-07-03,83,[19:30-19:45[,2025-07-03 18:30,1932.746,7280.91,3.767,1952.568,1.01,,,,,3711.384,1.92,1153.756,0.597,463.202,0.24
03/07/2025,2025-07-03,84,[19:45-20:00[,2025-07-03 18:45,1947.721,6983.061,3.585,1952.568,1.002,,,,,3798.2,1.95,1121.718,0.576,110.574,0.057
03/07/2025,2025-07-03,85,[20:00-20:15[,2025-07-03 19:00,1955.495,3580.38,1.831,1612.024,0.824,,,,,5127.1,2.622,1206.885,0.617,-4365.629,-2.232
03/07/2025,2025-07-03,86,[20:15-20:30[,2025-07-03 19:15,1953.132,6373.949,3.263,1612.024,0.825,,,,,5127.1,2.625,1210.9,0.62,-1576.075,-0.807
03/07/2025,2025-07-03,87,[20:30-20:45[,2025-07-03 19:30,1946.642,6442.032,3.309,1612.024,0.828,,,,,5127.1,2.634,1205.116,0.619,-1502.209,-0.772
03/07/2025,2025-07-03,88,[20:45-21:00[,2025-07-03 19:45,1935.554,8530.505,4.407,1612.024,0.833,,,,,5127.1,2.649,1413.357,0.73,378.024,0.195
03/07/2025,2025-07-03,89,[21:00-21:15[,2025-07-03 20:00,1926.734,7576.137,3.932,1628.544,0.845,,,,,5561.6,2.887,1524.752,0.791,-1138.759,-0.591
03/07/2025,2025-07-03,90,[21:15-21:30[,2025-07-03 20:15,1933.74,8824.041,4.563,1628.544,0.842,,,,,5561.6,2.876,1496.909,0.774,136.987,0.071
03/07/2025,2025-07-03,91,[21:30-21:45[,2025-07-03 20:30,1927.699,8390.13,4.352,1628.544,0.845,,,,,5155.29,2.674,1476.421,0.766,129.875,0.067
03/07/2025,2025-07-03,92,[21:45-22:00[,2025-07-03 20:45,1900.741,5480.824,2.884,1628.544,0.857,,,,,5196.8,2.734,1506.49,0.793,-2851.011,-1.5
03/07/2025,2025-07-03,93,[22:00-22:15[,2025-07-03 21:00,1860.022,9249.116,4.973,1914.266,1.029,,,,,5888.16,3.166,1508.451,0.811,-61.761,-0.033
03/07/2025,2025-07-03,94,[22:15-22:30[,2025-07-03 21:15,1830.474,4022.875,2.198,1914.266,1.046,,,,,5874.44,3.209,1522.423,0.832,-5288.254,-2.889
03/07/2025,2025-07-03,95,[22:30-22:45[,2025-07-03 21:30,1801.243,4673.275,2.594,1914.266,1.063,,,,,5874.44,3.261,1513.638,0.84,-4629.069,-2.57
03/07/2025,2025-07-03,96,[22:45-23:00[,2025-07-03 21:45,1764.399,8590.609,4.869,1914.266,1.085,,,,,5874.44,3.329,1481.821,0.84,-679.918,-0.385
04/07/2025,2025-07-04,1,[23:00-23:15[,2025-07-03 22:00,1730.833,12900.782,7.454,3846.313,2.222,,,,,2662.88,1.538,2452.057,1.417,3939.532,2.276
04/07/2025,2025-07-04,2,[23:15-23:30[,2025-07-03 22:15,1696.348,9362.006,5.519,3846.313,2.267,,,,,2662.88,1.57,2588.608,1.526,264.206,0.156
04/07/2025,2025-07-04,3,[23:30-23:45[,2025-07-03 22:30,1655.65,12369.179,7.471,3846.313,2.323,,,,,2662.88,1.608,2585.573,1.562,3274.413,1.978
04/07/2025,2025-07-04,4,[23:45-00:00[,2025-07-03 22:45,1602.027,11681.013,7.291,3846.313,2.401,,,,,2662.88,1.662,2125.65,1.327,3046.17,1.901
04/07/2025,2025-07-04,5,[00:00-00:15[,2025-07-03 23:00,1582.096,11806.782,7.463,4296.188,2.716,,,,,2252.676,1.424,2612.986,1.652,2644.932,1.672
04/07/2025,2025-07-04,6,[00:15-00:30[,2025-07-03 23:15,1558.836,9599.495,6.158,4296.188,2.756,,,,,2252.676,1.445,2660.725,1.707,389.906,0.25
04/07/2025,2025-07-04,7,[00:30-00:45[,2025-07-03 23:30,1525.966,9979.129,6.54,4296.188,2.815,,,,,2252.676,1.476,2436.802,1.597,993.463,0.651
04/07/2025,2025-07-04,8,[00:45-01:00[,2025-07-03 23:45,1506.842,9496.583,6.302,4296.188,2.851,,,,,2252.676,1.495,2651.676,1.76,296.044,0.196
04/07/2025,2025-07-04,9,[01:00-01:15[,2025-07-04 00:00,1476.449,9731.051,6.591,4405.938,2.984,,,,,1952.784,1.323,2489.613,1.686,882.716,0.598
04/07/2025,2025-07-04,10,[01:15-01:30[,2025-07-04 00:15,1442.164,10540.705,7.309,4405.938,3.055,,,,,1952.784,1.354,2126.189,1.474,2055.795,1.425
04/07/2025,2025-07-04,11,[01:30-01:45[,2025-07-04 00:30,1425.312,14261.553,10.006,4405.938,3.091,,,,,1952.784,1.37,2281.582,1.601,5621.249,3.944
04/07/2025,2025-07-04,12,[01:45-02:00[,2025-07-04 00:45,1406.394,14131.949,10.048,4405.938,3.133,,,,,1952.784,1.389,2205.005,1.568,5568.223,3.959
04/07/2025,2025-07-04,13,[02:00-02:15[,2025-07-04 01:00,1399.438,6830.112,4.881,4463.813,3.19,,,,,1426.228,1.019,2348.052,1.678,-1407.981,-1.006
04/07/2025,2025-07-04,14,[02:15-02:30[,2025-07-04 01:15,1386.999,5583.226,4.025,4463.813,3.218,,,,,1426.228,1.028,2365.079,1.705,-2671.894,-1.926
04/07/2025,2025-07-04,15,[02:30-02:45[,2025-07-04 01:30,1370.299,4639.246,3.386,4463.813,3.258,,,,,1426.228,1.041,2108.276,1.539,-3359.071,-2.451
04/07/2025,2025-07-04,16,[02:45-03:00[,2025-07-04 01:45,1369.067,6446.047,4.708,4463.813,3.26,,,,,1426.228,1.042,2405.881,1.757,-1849.874,-1.351
04/07/2025,2025-07-04,17,[03:00-03:15[,2025-07-04 02:00,1355.182,1485.256,1.096,4435.438,3.273,,,,,1445.372,1.067,2318.17,1.711,-6713.723,-4.954
04/07/2025,2025-07-04,18,[03:15-03:30[,2025-07-04 02:15,1346.921,756.649,0.562,4435.438,3.293,,,,,1445.372,1.073,2475.525,1.838,-7599.685,-5.642
04/07/2025,2025-07-04,19,[03:30-03:45[,2025-07-04 02:30,1340.237,6303.75,4.703,4435.438,3.309,,,,,1445.372,1.078,2464.822,1.839,-2041.882,-1.524
04/07/2025,2025-07-04,20,[03:45-04:00[,2025-07-04 02:45,1330.136,1555.238,1.169,4435.438,3.335,,,,,1445.372,1.087,2209.54,1.661,-6535.112,-4.913
04/07/2025,2025-07-04,21,[04:00-04:15[,2025-07-04 03:00,1331.065,7599.014,5.709,4344.688,3.264,,,,,1998.792,1.502,2438.683,1.832,-1183.149,-0.889
04/07/2025,2025-07-04,22,[04:15-04:30[,2025-07-04 03:15,1327.221,3635.418,2.739,4344.688,3.274,,,,,1998.792,1.506,2453.379,1.849,-5161.44,-3.889
04/07/2025,2025-07-04,23,[04:30-04:45[,2025-07-04 03:30,1319.637,4342.287,3.291,4344.688,3.292,,,,,1998.792,1.515,2273.552,1.723,-4274.744,-3.239
04/07/2025,2025-07-04,24,[04:45-05:00[,2025-07-04 03:45,1318.776,7612.15,5.772,4344.688,3.294,,,,,1998.792,1.516,2432.309,1.844,-1163.638,-0.882
04/07/2025,2025-07-04,25,[05:00-05:15[,2025-07-04 04:00,1332.848,1443.462,1.083,3762.113,2.823,,,,,2412.864,1.81,2497.52,1.874,-7229.035,-5.424
04/07/2025,2025-07-04,26,[05:15-05:30[,2025-07-04 04:15,1328.112,2240.373,1.687,3762.113,2.833,,,,,2412.864,1.817,2316.822,1.744,-6251.426,-4.707
04/07/2025,2025-07-04,27,[05:30-05:45[,2025-07-04 04:30,1337.245,2024.867,1.514,3762.113,2.813,,,,,2412.864,1.804,2554.004,1.91,-6704.113,-5.013
04/07/2025,2025-07-04,28,[05:45-06:00[,2025-07-04 04:45,1336.78,3401.058,2.544,3762.113,2.814,,,,,2412.864,1.805,2550.17,1.908,-5324.088,-3.983
04/07/2025,2025-07-04,29,[06:00-06:15[,2025-07-04 05:00,1357.133,10757.34,7.927,6627.702,4.884,,,,,6556.9,4.831,2376.502,1.751,-4803.765,-3.54
04/07/2025,2025-07-04,30,[06:15-06:30[,2025-07-04 05:15,1380.913,12258.301,8.877,6627.702,4.8,,,,,6556.9,4.748,2628.072,1.903,-3554.372,-2.574
04/07/2025,2025-07-04,31,[06:30-06:45[,2025-07-04 05:30,1396.251,10276.962,7.36,6627.702,4.747,,,,,6556.9,4.696,2497.901,1.789,-5405.541,-3.871
04/07/2025,2025-07-04,32,[06:45-07:00[,2025-07-04 05:45,1422.068,9883.814,6.95,6627.702,4.661,,,,,6556.9,4.611,2590.084,1.821,-5890.872,-4.142
04/07/2025,2025-07-04,33,[07:00-07:15[,2025-07-04 06:00,1493.194,9676.184,6.48,3712.925,2.487,,,,,6600,4.42,3368.669,2.256,-4005.41,-2.682
04/07/2025,2025-07-04,34,[07:15-07:30[,2025-07-04 06:15,1522.407,13312.79,8.745,3712.925,2.439,,,,,6600,4.335,3136.671,2.06,-136.806,-0.09
04/07/2025,2025-07-04,35,[07:30-07:45[,2025-07-04 06:30,1559.212,12613.644,8.09,3712.925,2.381,,,,,6600,4.233,3359.918,2.155,-1059.2,-0.679
04/07/2025,2025-07-04,36,[07:45-08:00[,2025-07-04 06:45,1593.22,9908.6,6.219,3712.925,2.33,,,,,6600,4.143,3324.265,2.087,-3728.59,-2.34
04/07/2025,2025-07-04,37,[08:00-08:15[,2025-07-04 07:00,1656.665,11392.838,6.877,6546.225,3.951,,,,,3049.12,1.841,3076.191,1.857,-1278.698,-0.772
04/07/2025,2025-07-04,38,[08:15-08:30[,2025-07-04 07:15,1705.032,10755.45,6.308,6546.225,3.839,,,,,3049.12,1.788,3283.14,1.926,-2123.035,-1.245
04/07/2025,2025-07-04,39,[08:30-08:45[,2025-07-04 07:30,1745.986,8345.324,4.78,6546.225,3.749,,,,,3049.12,1.746,3290.817,1.885,-4540.838,-2.601
04/07/2025,2025-07-04,40,[08:45-09:00[,2025-07-04 07:45,1742.659,13921.217,7.988,6546.225,3.756,,,,,3049.12,1.75,2992.115,1.717,1333.758,0.765
04/07/2025,2025-07-04,41,[09:00-09:15[,2025-07-04 08:00,1776.037,12451.392,7.011,8726.463,4.913,,,,,3587.32,2.02,3214.947,1.81,-3077.337,-1.733
04/07/2025,2025-07-04,42,[09:15-09:30[,2025-07-04 08:15,1784.025,22976.393,12.879,8726.463,4.891,,,,,3587.32,2.011,3109.264,1.743,7553.346,4.234
04/07/2025,2025-07-04,43,[09:30-09:45[,2025-07-04 08:30,1789.311,17635.206,9.856,8726.463,4.877,,,,,3587.32,2.005,3214.682,1.797,2106.741,1.177
04/07/2025,2025-07-04,44,[09:45-10:00[,2025-07-04 08:45,1795.211,22807.383,12.705,8726.463,4.861,,,,,2482.72,1.383,3212.001,1.789,8386.199,4.671
04/07/2025,2025-07-04,45,[10:00-10:15[,2025-07-04 09:00,1780.179,8008.392,4.499,9146.336,5.138,,,,,5536.32,3.11,2738.426,1.538,-9412.69,-5.287
04/07/2025,2025-07-04,46,[10:15-10:30[,2025-07-04 09:15,1791.644,15586.568,8.7,9146.336,5.105,,,,,7172.338,4.003,3132.893,1.749,-3864.999,-2.157
04/07/2025,2025-07-04,47,[10:30-10:45[,2025-07-04 09:30,1795.631,15732.761,8.762,9146.336,5.094,,,,,7989.12,4.449,3117.193,1.736,-4519.888,-2.517
04/07/2025,2025-07-04,48,[10:45-11:00[,2025-07-04 09:45,1789.649,13959.764,7.8,9146.336,5.111,,,,,7989.12,4.464,2894.815,1.618,-6070.507,-3.392
04/07/2025,2025-07-04,49,[11:00-11:15[,2025-07-04 10:00,1804.535,12903.259,7.15,8875.488,4.918,,,,,7280.14,4.034,3079.567,1.707,-6331.935,-3.509
04/07/2025,2025-07-04,50,[11:15-11:30[,2025-07-04 10:15,1791.165,792.759,0.443,8875.488,4.955,,,,,7280.14,4.064,3024.635,1.689,-18387.503,-10.266
04/07/2025,2025-07-04,51,[11:30-11:45[,2025-07-04 10:30,1801.688,18527.676,10.284,8875.488,4.926,,,,,7280.14,4.041,2903.282,1.611,-531.234,-0.295
04/07/2025,2025-07-04,52,[11:45-12:00[,2025-07-04 10:45,1804.041,18148.253,10.06,8875.488,4.92,,,,,7280.14,4.035,2965.678,1.644,-973.052,-0.539
04/07/2025,2025-07-04,53,[12:00-12:15[,2025-07-04 11:00,1764.57,12770.007,7.237,8983.306,5.091,,,,,2903.04,1.645,2779.762,1.575,-1896.1,-1.075
04/07/2025,2025-07-04,54,[12:15-12:30[,2025-07-04 11:15,1776.838,12802.665,7.205,8983.306,5.056,,,,,2903.04,1.634,2947.928,1.659,-2031.609,-1.143
04/07/2025,2025-07-04,55,[12:30-12:45[,2025-07-04 11:30,1750.365,15150.953,8.656,8983.306,5.132,,,,,2903.04,1.659,2849.212,1.628,415.395,0.237
04/07/2025,2025-07-04,56,[12:45-13:00[,2025-07-04 11:45,1722.902,13136.832,7.625,8983.306,5.214,,,,,2903.04,1.685,2636.079,1.53,-1385.593,-0.804
04/07/2025,2025-07-04,57,[13:00-13:15[,2025-07-04 12:00,1731.56,13835.204,7.99,8765.799,5.062,,,,,2903.04,1.677,2930.08,1.692,-763.715,-0.441
04/07/2025,2025-07-04,58,[13:15-13:30[,2025-07-04 12:15,1724.058,14376.736,8.339,8765.799,5.084,,,,,2903.04,1.684,2966.965,1.721,-259.067,-0.15
04/07/2025,2025-07-04,59,[13:30-13:45[,2025-07-04 12:30,1725.421,13372.922,7.751,8765.799,5.08,,,,,2903.04,1.683,2614.012,1.515,-909.929,-0.527
04/07/2025,2025-07-04,60,[13:45-14:00[,2025-07-04 12:45,1735.63,13203.792,7.607,8765.799,5.05,,,,,2903.04,1.673,2967.668,1.71,-1432.715,-0.825
04/07/2025,2025-07-04,61,[14:00-14:15[,2025-07-04 13:00,1748.456,12976.344,7.422,8945.367,5.116,,,,,2903.04,1.66,2879.499,1.647,-1751.562,-1.002
04/07/2025,2025-07-04,62,[14:15-14:30[,2025-07-04 13:15,1761.337,14658.515,8.322,8945.367,5.079,,,,,2903.04,1.648,2980.014,1.692,-169.906,-0.096
04/07/2025,2025-07-04,63,[14:30-14:45[,2025-07-04 13:30,1757.37,14090.153,8.018,8945.367,5.09,,,,,2903.04,1.652,2966.239,1.688,-724.493,-0.412
04/07/2025,2025-07-04,64,[14:45-15:00[,2025-07-04 13:45,1751.894,14933.219,8.524,8945.367,5.106,,,,,2903.04,1.657,2671.947,1.525,412.866,0.236
04/07/2025,2025-07-04,65,[15:00-15:15[,2025-07-04 14:00,1751.723,12588.583,7.186,8972.467,5.122,,,,,2883.6,1.646,2831.272,1.616,-2098.756,-1.198
04/07/2025,2025-07-04,66,[15:15-15:30[,2025-07-04 14:15,1750.775,14465.849,8.263,8972.467,5.125,,,,,2883.6,1.647,2870.766,1.64,-260.984,-0.149
04/07/2025,2025-07-04,67,[15:30-15:45[,2025-07-04 14:30,1754.044,12391.131,7.064,8972.467,5.115,,,,,2883.6,1.644,2774.841,1.582,-2239.778,-1.277
04/07/2025,2025-07-04,68,[15:45-16:00[,2025-07-04 14:45,1764.153,13159.384,7.459,8972.467,5.086,,,,,2883.6,1.635,2996.743,1.699,-1693.426,-0.96
04/07/2025,2025-07-04,69,[16:00-16:15[,2025-07-04 15:00,1746.555,23288.997,13.334,8188.563,4.688,,,,,10377.36,5.942,2817.653,1.613,1905.422,1.091
04/07/2025,2025-07-04,70,[16:15-16:30[,2025-07-04 15:15,1759.866,20625.288,11.72,8188.563,4.653,,,,,10377.36,5.897,2891.962,1.643,-832.597,-0.473
04/07/2025,2025-07-04,71,[16:30-16:45[,2025-07-04 15:30,1775.461,21366.152,12.034,8188.563,4.612,,,,,10377.36,5.845,3028.966,1.706,-228.736,-0.129
04/07/2025,2025-07-04,72,[16:45-17:00[,2025-07-04 15:45,1765.253,23328.477,13.215,8188.563,4.639,,,,,10377.36,5.879,2796.35,1.584,1966.204,1.114
04/07/2025,2025-07-04,73,[17:00-17:15[,2025-07-04 16:00,1760.006,12745.28,7.242,6915.6,3.929,,,,,4214.76,2.395,3132.185,1.78,-1517.265,-0.862
04/07/2025,2025-07-04,74,[17:15-17:30[,2025-07-04 16:15,1764.538,12907.249,7.315,6915.6,3.919,,,,,4214.76,2.389,3160.901,1.791,-1384.013,-0.784
04/07/2025,2025-07-04,75,[17:30-17:45[,2025-07-04 16:30,1752.79,11896.039,6.787,6915.6,3.945,,,,,4214.76,2.405,3024.843,1.726,-2259.163,-1.289
04/07/2025,2025-07-04,76,[17:45-18:00[,2025-07-04 16:45,1772.141,13360.67,7.539,6915.6,3.902,,,366.552,0.207,4214.76,2.378,3201.811,1.807,-1338.053,-0.755
04/07/2025,2025-07-04,77,[18:00-18:15[,2025-07-04 17:00,1778.022,6953.843,3.911,4110.913,2.312,,,,,3771.46,2.121,3218.723,1.81,-4147.253,-2.333
04/07/2025,2025-07-04,78,[18:15-18:30[,2025-07-04 17:15,1785.365,6665.133,3.733,4110.913,2.303,,,,,3771.46,2.112,3087.035,1.729,-4304.275,-2.411
04/07/2025,2025-07-04,79,[18:30-18:45[,2025-07-04 17:30,1813.717,7496.842,4.133,4110.913,2.267,,,,,3771.46,2.079,3236.805,1.785,-3622.336,-1.997
04/07/2025,2025-07-04,80,[18:45-19:00[,2025-07-04 17:45,1841.33,3715.726,2.018,4110.913,2.233,,,,,3771.46,2.048,2985.784,1.622,-7152.43,-3.884
04/07/2025,2025-07-04,81,[19:00-19:15[,2025-07-04 18:00,1845.354,6398.704,3.467,1952.825,1.058,,,,,3025.158,1.639,2668.789,1.446,-1248.068,-0.676
04/07/2025,2025-07-04,82,[19:15-19:30[,2025-07-04 18:15,1868.003,7369.007,3.945,1952.825,1.045,,,,,3025.158,1.619,2594.103,1.389,-203.08,-0.109
04/07/2025,2025-07-04,83,[19:30-19:45[,2025-07-04 18:30,1883.073,3627.51,1.926,1952.825,1.037,,,,,3025.158,1.607,2416.999,1.284,-3767.472,-2.001
04/07/2025,2025-07-04,84,[19:45-20:00[,2025-07-04 18:45,1907.122,-1407.797,-0.738,1952.825,1.024,,,,,3025.158,1.586,2690.34,1.411,-9076.119,-4.759
04/07/2025,2025-07-04,85,[20:00-20:15[,2025-07-04 19:00,1891.953,6296.713,3.328,-267.913,-0.142,,,,,3675,1.942,1587.444,0.839,1302.182,0.688
04/07/2025,2025-07-04,86,[20:15-20:30[,2025-07-04 19:15,1883.459,4096.101,2.175,-267.913,-0.142,,,,,3675,1.951,1654.422,0.878,-965.408,-0.513
04/07/2025,2025-07-04,87,[20:30-20:45[,2025-07-04 19:30,1873.266,3596.989,1.92,-267.913,-0.143,,,,,3675,1.962,1547.179,0.826,-1357.277,-0.725
04/07/2025,2025-07-04,88,[20:45-21:00[,2025-07-04 19:45,1861.557,3024.716,1.625,-267.913,-0.144,,,,,3675,1.974,1530.853,0.822,-1913.224,-1.028
04/07/2025,2025-07-04,89,[21:00-21:15[,2025-07-04 20:00,1853.455,5814.405,3.137,-158.65,-0.086,,,,,3987.5,2.151,1493.059,0.806,492.495,0.266
04/07/2025,2025-07-04,90,[21:15-21:30[,2025-07-04 20:15,1862.78,4193.728,2.251,-158.65,-0.085,,,,,3987.5,2.141,1418.912,0.762,-1054.034,-0.566
04/07/2025,2025-07-04,91,[21:30-21:45[,2025-07-04 20:30,1854.108,8886.67,4.793,-158.65,-0.086,,,,,3987.5,2.151,1450.46,0.782,3607.36,1.946
04/07/2025,2025-07-04,92,[21:45-22:00[,2025-07-04 20:45,1823.101,4750.186,2.606,-158.65,-0.087,,,,,3987.5,2.187,1348.605,0.74,-427.27,-0.234
04/07/2025,2025-07-04,93,[22:00-22:15[,2025-07-04 21:00,1793.975,5307.702,2.959,1153.633,0.643,,,,,4403.75,2.455,1360.801,0.759,-1610.482,-0.898
04/07/2025,2025-07-04,94,[22:15-22:30[,2025-07-04 21:15,1765.586,5213.837,2.953,1153.633,0.653,,,,,4403.75,2.494,1358.936,0.77,-1702.481,-0.964
04/07/2025,2025-07-04,95,[22:30-22:45[,2025-07-04 21:30,1732.264,5828.202,3.365,1153.633,0.666,,,,,4403.75,2.542,1377.017,0.795,-1106.197,-0.639
04/07/2025,2025-07-04,96,[22:45-23:00[,2025-07-04 21:45,1693.885,6598.784,3.896,1153.633,0.681,,,,,4403.75,2.6,1343.064,0.793,-301.663,-0.178
05/07/2025,2025-07-05,1,[23:00-23:15[,2025-07-04 22:00,1669.562,7482.804,4.482,1876.163,1.124,,,,,4225,2.531,2183.018,1.308,-801.376,-0.48
05/07/2025,2025-07-05,2,[23:15-23:30[,2025-07-04 22:15,1638.762,6031.39,3.68,1876.163,1.145,,,,,4225,2.578,2365.348,1.443,-2435.12,-1.486
05/07/2025,2025-07-05,3,[23:30-23:45[,2025-07-04 22:30,1603.452,7645.73,4.768,1876.163,1.17,,,,,4024.046,2.51,2302.369,1.436,-556.847,-0.347
05/07/2025,2025-07-05,4,[23:45-00:00[,2025-07-04 22:45,1562.239,6792.339,4.348,1876.163,1.201,,,,,3951.6,2.529,2146.535,1.374,-1181.959,-0.757
05/07/2025,2025-07-05,5,[00:00-00:15[,2025-07-04 23:00,1547.245,10001.165,6.464,3040.438,1.965,,,,,3816,2.466,3068.203,1.983,76.524,0.049
05/07/2025,2025-07-05,6,[00:15-00:30[,2025-07-04 23:15,1530.213,9754.555,6.375,3040.438,1.987,,,,,3816,2.494,3100.402,2.026,-202.284,-0.132
05/07/2025,2025-07-05,7,[00:30-00:45[,2025-07-04 23:30,1502.581,9388.037,6.248,3040.438,2.023,,,,,3816,2.54,2873.999,1.913,-342.399,-0.228
05/07/2025,2025-07-05,8,[00:45-01:00[,2025-07-04 23:45,1473.606,8683.66,5.893,3040.438,2.063,,,,,3816,2.59,3099.984,2.104,-1272.761,-0.864
05/07/2025,2025-07-05,9,[01:00-01:15[,2025-07-05 00:00,1459.916,11750.261,8.049,5567.213,3.813,,,,,2152.956,1.475,3098.903,2.123,931.19,0.638
05/07/2025,2025-07-05,10,[01:15-01:30[,2025-07-05 00:15,1433.463,10860.726,7.577,5567.213,3.884,,,,,2152.956,1.502,2872.39,2.004,268.168,0.187
05/07/2025,2025-07-05,11,[01:30-01:45[,2025-07-05 00:30,1415.488,7886.295,5.571,5567.213,3.933,,,,,2152.956,1.521,3093.526,2.185,-2927.399,-2.068
05/07/2025,2025-07-05,12,[01:45-02:00[,2025-07-05 00:45,1382.304,11382.774,8.235,5567.213,4.027,,,,,2152.956,1.558,2938.967,2.126,723.638,0.524
05/07/2025,2025-07-05,13,[02:00-02:15[,2025-07-05 01:00,1377.224,12095.499,8.783,5927.048,4.304,,,,,2055.976,1.493,3033.417,2.203,1079.059,0.784
05/07/2025,2025-07-05,14,[02:15-02:30[,2025-07-05 01:15,1366.543,10841.133,7.933,5927.048,4.337,,,,,2055.976,1.505,3051.751,2.233,-193.642,-0.142
05/07/2025,2025-07-05,15,[02:30-02:45[,2025-07-05 01:30,1338.815,12269.668,9.165,5927.048,4.427,,,,,2055.976,1.536,2826.778,2.111,1459.867,1.09
05/07/2025,2025-07-05,16,[02:45-03:00[,2025-07-05 01:45,1338.225,11743.907,8.776,5927.048,4.429,,,,,2055.976,1.536,3051.078,2.28,709.805,0.53
05/07/2025,2025-07-05,17,[03:00-03:15[,2025-07-05 02:00,1334.763,12691.242,9.508,5929.713,4.443,,,,,2026.136,1.518,3084.769,2.311,1650.624,1.237
05/07/2025,2025-07-05,18,[03:15-03:30[,2025-07-05 02:15,1307.79,10245.434,7.834,5929.713,4.534,,,,,2026.136,1.549,2897.308,2.215,-607.723,-0.465
05/07/2025,2025-07-05,19,[03:30-03:45[,2025-07-05 02:30,1309.871,10412.587,7.949,5929.713,4.527,,,,,2026.136,1.547,3083.964,2.354,-627.226,-0.479
05/07/2025,2025-07-05,20,[03:45-04:00[,2025-07-05 02:45,1306.333,8626.375,6.604,5929.713,4.539,,,,,2026.136,1.551,3083.829,2.361,-2413.303,-1.847
05/07/2025,2025-07-05,21,[04:00-04:15[,2025-07-05 03:00,1281.78,10322.862,8.054,6087.61,4.749,,,,,2093.276,1.633,2809.301,2.192,-667.325,-0.521
05/07/2025,2025-07-05,22,[04:15-04:30[,2025-07-05 03:15,1289.666,10417.952,8.078,6087.61,4.72,,,,,2093.276,1.623,3083.025,2.391,-845.959,-0.656
05/07/2025,2025-07-05,23,[04:30-04:45[,2025-07-05 03:30,1284.407,8594.73,6.692,6087.61,4.74,,,,,2093.276,1.63,3038.17,2.365,-2624.326,-2.043
05/07/2025,2025-07-05,24,[04:45-05:00[,2025-07-05 03:45,1269.979,9865.854,7.769,6087.61,4.793,,,,,2093.276,1.648,3083.158,2.428,-1398.19,-1.101
05/07/2025,2025-07-05,25,[05:00-05:15[,2025-07-05 04:00,1280.291,7953.063,6.212,5638.748,4.404,,,,,2100.736,1.641,2998.419,2.342,-2784.84,-2.175
05/07/2025,2025-07-05,26,[05:15-05:30[,2025-07-05 04:15,1280.124,9178.249,7.17,5638.748,4.405,,,,,2100.736,1.641,2906.693,2.271,-1467.928,-1.147
05/07/2025,2025-07-05,27,[05:30-05:45[,2025-07-05 04:30,1269.757,12816.986,10.094,5638.748,4.441,,,,,2100.736,1.654,2995.662,2.359,2081.841,1.64
05/07/2025,2025-07-05,28,[05:45-06:00[,2025-07-05 04:45,1265.454,11134.517,8.799,5638.748,4.456,,,-229.977,-0.182,2100.736,1.66,2993.121,2.365,631.89,0.499
05/07/2025,2025-07-05,29,[06:00-06:15[,2025-07-05 05:00,1266.056,5009.172,3.957,5218.708,4.122,,,,,3931.2,3.105,2862.714,2.261,-7003.45,-5.532
05/07/2025,2025-07-05,30,[06:15-06:30[,2025-07-05 05:15,1261.474,12289.858,9.742,5218.708,4.137,,,,,3931.2,3.116,2990.879,2.371,149.071,0.118
05/07/2025,2025-07-05,31,[06:30-06:45[,2025-07-05 05:30,1274.404,11978.461,9.399,5218.708,4.095,,,,,3931.2,3.085,2989.789,2.346,-161.236,-0.127
05/07/2025,2025-07-05,32,[06:45-07:00[,2025-07-05 05:45,1274.338,13632.786,10.698,5218.708,4.095,,,,,3931.2,3.085,2886.375,2.265,1596.503,1.253
05/07/2025,2025-07-05,33,[07:00-07:15[,2025-07-05 06:00,1282.491,13193.042,10.287,6792.663,5.296,,,,,3217.08,2.508,2571.123,2.005,612.176,0.477
05/07/2025,2025-07-05,34,[07:15-07:30[,2025-07-05 06:15,1315.105,12022.208,9.142,6792.663,5.165,,,,,3217.08,2.446,2954.464,2.247,-941.998,-0.716
05/07/2025,2025-07-05,35,[07:30-07:45[,2025-07-05 06:30,1331.212,11847.329,8.9,6792.663,5.103,,,,,3056.724,2.296,2959.902,2.223,-961.959,-0.723
05/07/2025,2025-07-05,36,[07:45-08:00[,2025-07-05 06:45,1332.82,14026.124,10.524,6792.663,5.096,,,,,4757.22,3.569,2959.367,2.22,-483.125,-0.362
05/07/2025,2025-07-05,37,[08:00-08:15[,2025-07-05 07:00,1347.318,16434.336,12.198,15502.324,11.506,,,,,2958.12,2.196,2603.111,1.932,-4629.219,-3.436
05/07/2025,2025-07-05,38,[08:15-08:30[,2025-07-05 07:15,1382.047,15649.868,11.324,15502.324,11.217,,,,,4088.448,2.958,2986.682,2.161,-6927.586,-5.013
05/07/2025,2025-07-05,39,[08:30-08:45[,2025-07-05 07:30,1394.986,20431.832,14.647,15502.324,11.113,,,,,5034.63,3.609,2970.134,2.129,-3075.256,-2.205
05/07/2025,2025-07-05,40,[08:45-09:00[,2025-07-05 07:45,1402.801,27280.042,19.447,15502.324,11.051,,,,,5034.63,3.589,2701.53,1.926,4041.558,2.881
05/07/2025,2025-07-05,41,[09:00-09:15[,2025-07-05 08:00,1423.87,22553.149,15.839,20002.512,14.048,,,,,4809.42,3.378,2973.504,2.088,-5232.287,-3.675
05/07/2025,2025-07-05,42,[09:15-09:30[,2025-07-05 08:15,1441.345,21696.575,15.053,20002.512,13.878,,,,,4809.42,3.337,2966.043,2.058,-6081.4,-4.219
05/07/2025,2025-07-05,43,[09:30-09:45[,2025-07-05 08:30,1440.282,27437.434,19.05,20002.512,13.888,,,,,4809.42,3.339,2671.311,1.855,-45.809,-0.032
05/07/2025,2025-07-05,44,[09:45-10:00[,2025-07-05 08:45,1449.773,27484.875,18.958,20002.512,13.797,,,,,4809.42,3.317,2872.774,1.982,-199.831,-0.138
05/07/2025,2025-07-05,45,[10:00-10:15[,2025-07-05 09:00,1458.724,27519.468,18.865,20338.816,13.943,,,,,4802.4,3.292,2651.816,1.818,-273.564,-0.188
05/07/2025,2025-07-05,46,[10:15-10:30[,2025-07-05 09:15,1469.62,27616.505,18.792,20338.816,13.84,,,,,4802.4,3.268,2777.764,1.89,-302.475,-0.206
05/07/2025,2025-07-05,47,[10:30-10:45[,2025-07-05 09:30,1478.114,30959.807,20.945,20338.816,13.76,,,,,4802.4,3.249,2818.089,1.907,3000.503,2.03
05/07/2025,2025-07-05,48,[10:45-11:00[,2025-07-05 09:45,1479.577,30756.92,20.788,20338.816,13.746,,,,,4802.4,3.246,2610.507,1.764,3005.198,2.031
05/07/2025,2025-07-05,49,[11:00-11:15[,2025-07-05 10:00,1489.911,24594.474,16.507,20246.772,13.589,,,,,4871.55,3.27,2834.614,1.903,-3358.461,-2.254
05/07/2025,2025-07-05,50,[11:15-11:30[,2025-07-05 10:15,1498.247,23919.272,15.965,20246.772,13.514,,,,,4871.55,3.251,2817.132,1.88,-4016.181,-2.681
05/07/2025,2025-07-05,51,[11:30-11:45[,2025-07-05 10:30,1493.748,29056.003,19.452,20246.772,13.554,,,,,4871.55,3.261,2229.541,1.493,1708.14,1.144
05/07/2025,2025-07-05,52,[11:45-12:00[,2025-07-05 10:45,1510.838,28678.767,18.982,20246.772,13.401,,,,,4871.55,3.224,2804.434,1.856,756.011,0.5
05/07/2025,2025-07-05,53,[12:00-12:15[,2025-07-05 11:00,1518.982,23938.72,15.76,20150.08,13.266,,,,,4608.16,3.034,2804.707,1.846,-3624.226,-2.386
05/07/2025,2025-07-05,54,[12:15-12:30[,2025-07-05 11:15,1514.442,23896.393,15.779,20150.08,13.305,,,,,4608.16,3.043,2579.875,1.704,-3441.722,-2.273
05/07/2025,2025-07-05,55,[12:30-12:45[,2025-07-05 11:30,1516.34,26495.806,17.474,20150.08,13.289,,,,,4608.16,3.039,2777.076,1.831,-1039.51,-0.686
05/07/2025,2025-07-05,56,[12:45-13:00[,2025-07-05 11:45,1507.957,27401.927,18.172,20150.08,13.363,,,,,4608.16,3.056,2778.016,1.842,-134.329,-0.089
05/07/2025,2025-07-05,57,[13:00-13:15[,2025-07-05 12:00,1480.943,22043.789,14.885,20154.804,13.609,,,,,4632.32,3.128,2438.081,1.646,-5181.416,-3.499
05/07/2025,2025-07-05,58,[13:15-13:30[,2025-07-05 12:15,1471.957,24414.744,16.587,20154.804,13.693,,,,,4632.32,3.147,2663.42,1.809,-3035.8,-2.062
05/07/2025,2025-07-05,59,[13:30-13:45[,2025-07-05 12:30,1456.139,25991.054,17.849,20154.804,13.841,,,,,4632.32,3.181,2710.455,1.861,-1506.525,-1.035
05/07/2025,2025-07-05,60,[13:45-14:00[,2025-07-05 12:45,1438.731,26096.285,18.138,20154.804,14.009,,,,,4632.32,3.22,2640.468,1.835,-1331.307,-0.925
05/07/2025,2025-07-05,61,[14:00-14:15[,2025-07-05 13:00,1437.859,26475.108,18.413,20157.68,14.019,,,,,4427.08,3.079,2853.455,1.985,-963.107,-0.67
05/07/2025,2025-07-05,62,[14:15-14:30[,2025-07-05 13:15,1426.691,25674.655,17.996,20157.68,14.129,,,,,4427.08,3.103,2626.227,1.841,-1536.332,-1.077
05/07/2025,2025-07-05,63,[14:30-14:45[,2025-07-05 13:30,1422.045,24956.849,17.55,20157.68,14.175,,,,,4427.08,3.113,2765.008,1.944,-2392.918,-1.683
05/07/2025,2025-07-05,64,[14:45-15:00[,2025-07-05 13:45,1422.874,30844.809,21.678,20157.68,14.167,,,,,4427.08,3.111,2767.292,1.945,3492.757,2.455
05/07/2025,2025-07-05,65,[15:00-15:15[,2025-07-05 14:00,1421.557,25792.705,18.144,20151.421,14.176,,,,,4402.3,3.097,2522.238,1.774,-1283.253,-0.903
05/07/2025,2025-07-05,66,[15:15-15:30[,2025-07-05 14:15,1420.703,26522.621,18.669,20151.421,14.184,,,,,4402.3,3.099,2755.452,1.939,-786.552,-0.554
05/07/2025,2025-07-05,67,[15:30-15:45[,2025-07-05 14:30,1415.58,26817.323,18.944,20151.421,14.235,,,,,4402.3,3.11,2755.325,1.946,-491.723,-0.347
05/07/2025,2025-07-05,68,[15:45-16:00[,2025-07-05 14:45,1420.337,24360.167,17.151,20151.421,14.188,,,,,4402.3,3.099,2519.723,1.774,-2713.277,-1.91
05/07/2025,2025-07-05,69,[16:00-16:15[,2025-07-05 15:00,1428.845,24396.392,17.074,17155.437,12.007,,,,,4844,3.39,2778.222,1.944,-381.267,-0.267
05/07/2025,2025-07-05,70,[16:15-16:30[,2025-07-05 15:15,1432.688,22639.02,15.802,17155.437,11.974,,,,,4622.56,3.226,2757.277,1.925,-1896.254,-1.324
05/07/2025,2025-07-05,71,[16:30-16:45[,2025-07-05 15:30,1438.858,20086.83,13.96,17155.437,11.923,,,,,4548.778,3.161,2628.606,1.827,-4245.991,-2.951
05/07/2025,2025-07-05,72,[16:45-17:00[,2025-07-05 15:45,1437.686,22810.696,15.866,17155.437,11.933,,,,,4433.92,3.084,2730.453,1.899,-1509.114,-1.05
05/07/2025,2025-07-05,73,[17:00-17:15[,2025-07-05 16:00,1448.396,22448.035,15.499,15302.355,10.565,,,,,5392.5,3.723,2652.507,1.831,-899.328,-0.621
05/07/2025,2025-07-05,74,[17:15-17:30[,2025-07-05 16:15,1467.59,21870.2,14.902,15302.355,10.427,,,,,5392.5,3.674,2861.747,1.95,-1686.401,-1.149
05/07/2025,2025-07-05,75,[17:30-17:45[,2025-07-05 16:30,1469.331,20996.09,14.29,15302.355,10.415,,,,,4551.792,3.098,2859.11,1.946,-1717.167,-1.169
05/07/2025,2025-07-05,76,[17:45-18:00[,2025-07-05 16:45,1492.691,22321.986,14.954,15302.355,10.252,,,,,4181.25,2.801,2742.109,1.837,96.272,0.064
05/07/2025,2025-07-05,77,[18:00-18:15[,2025-07-05 17:00,1510.48,14093.239,9.33,6992.463,4.629,,,,,5284.62,3.499,2899.86,1.92,-1083.703,-0.717
05/07/2025,2025-07-05,78,[18:15-18:30[,2025-07-05 17:15,1508.821,12942.577,8.578,6992.463,4.634,,,,,4302,2.851,2902.714,1.924,-1254.599,-0.832
05/07/2025,2025-07-05,79,[18:30-18:45[,2025-07-05 17:30,1535.117,11739.085,7.647,6992.463,4.555,,,,,4302,2.802,2751.725,1.793,-2307.102,-1.503
05/07/2025,2025-07-05,80,[18:45-19:00[,2025-07-05 17:45,1564.984,9734.602,6.22,6992.463,4.468,,,,,4302,2.749,2911.913,1.861,-4471.773,-2.857
05/07/2025,2025-07-05,81,[19:00-19:15[,2025-07-05 18:00,1573.31,3382.727,2.15,3533.594,2.246,,,,,2199.184,1.398,2632.07,1.673,-4982.122,-3.167
05/07/2025,2025-07-05,82,[19:15-19:30[,2025-07-05 18:15,1613.323,7052.537,4.371,3533.594,2.19,,,,,2199.184,1.363,2853.856,1.769,-1534.097,-0.951
05/07/2025,2025-07-05,83,[19:30-19:45[,2025-07-05 18:30,1639.185,5730.055,3.496,3533.594,2.156,,,,,3321.288,2.026,2896.181,1.767,-4021.008,-2.453
05/07/2025,2025-07-05,84,[19:45-20:00[,2025-07-05 18:45,1609.782,4186.428,2.601,3533.594,2.195,,,,,3576,2.221,1246.176,0.774,-4169.342,-2.59
05/07/2025,2025-07-05,85,[20:00-20:15[,2025-07-05 19:00,1615.252,4727.771,2.927,1884.169,1.166,,,,,3300.5,2.043,1206.077,0.747,-1662.975,-1.03
05/07/2025,2025-07-05,86,[20:15-20:30[,2025-07-05 19:15,1614.492,2586.427,1.602,1884.169,1.167,,,,,3300.5,2.044,1248.047,0.773,-3846.289,-2.382
05/07/2025,2025-07-05,87,[20:30-20:45[,2025-07-05 19:30,1610.231,5585.324,3.469,1884.169,1.17,,,,,3300.5,2.05,1275.673,0.792,-875.018,-0.543
05/07/2025,2025-07-05,88,[20:45-21:00[,2025-07-05 19:45,1602.949,3969.471,2.476,1884.169,1.175,,,,,3300.5,2.059,1274.828,0.795,-2490.026,-1.553
05/07/2025,2025-07-05,89,[21:00-21:15[,2025-07-05 20:00,1596.51,1210.03,0.758,1678.213,1.051,,,,,3588,2.247,1244.548,0.78,-5300.73,-3.32
05/07/2025,2025-07-05,90,[21:15-21:30[,2025-07-05 20:15,1606.755,4062.71,2.529,1678.213,1.044,,,,,3588,2.233,1130.429,0.704,-2333.931,-1.453
05/07/2025,2025-07-05,91,[21:30-21:45[,2025-07-05 20:30,1605.2,852.235,0.531,1678.213,1.045,,,,,3588,2.235,1130.306,0.704,-5544.284,-3.454
05/07/2025,2025-07-05,92,[21:45-22:00[,2025-07-05 20:45,1603.403,4397.519,2.743,1678.213,1.047,,,,,3588,2.238,1825.598,1.139,-2694.292,-1.68
05/07/2025,2025-07-05,93,[22:00-22:15[,2025-07-05 21:00,1599.599,11792.642,7.372,2873.588,1.796,,,,,5496.26,3.436,2863.969,1.79,558.826,0.349
05/07/2025,2025-07-05,94,[22:15-22:30[,2025-07-05 21:15,1589.447,9552.134,6.01,2873.588,1.808,,,,,5353.5,3.368,2952.377,1.857,-1627.331,-1.024
05/07/2025,2025-07-05,95,[22:30-22:45[,2025-07-05 21:30,1555.893,10215.404,6.566,2873.588,1.847,,,,,5353.5,3.441,2951.7,1.897,-963.383,-0.619
05/07/2025,2025-07-05,96,[22:45-23:00[,2025-07-05 21:45,1530.298,13070.205,8.541,2873.588,1.878,,,,,4837.14,3.161,2937.878,1.92,2421.599,1.582
06/07/2025,2025-07-06,1,[23:00-23:15[,2025-07-05 22:00,1508.08,9008.247,5.973,4432.975,2.939,,,,,2470.08,1.638,3066.368,2.033,-961.176,-0.637
06/07/2025,2025-07-06,2,[23:15-23:30[,2025-07-05 22:15,1471.241,13601.636,9.245,4432.975,3.013,,,,,2470.08,1.679,2981.169,2.026,3717.412,2.527
06/07/2025,2025-07-06,3,[23:30-23:45[,2025-07-05 22:30,1446.802,11864.517,8.201,4432.975,3.064,,,,,2470.08,1.707,3066.087,2.119,1895.376,1.31
06/07/2025,2025-07-06,4,[23:45-00:00[,2025-07-05 22:45,1419.547,10799.335,7.608,4432.975,3.123,,,,,2470.08,1.74,3066.352,2.16,829.927,0.585
06/07/2025,2025-07-06,5,[00:00-00:15[,2025-07-05 23:00,1389.156,11433.9,8.231,6840.575,4.924,,,,,1708.3,1.23,2793.519,2.011,91.505,0.066
06/07/2025,2025-07-06,6,[00:15-00:30[,2025-07-05 23:15,1376.778,11394.875,8.276,6840.575,4.969,,,,,1708.3,1.241,2991.358,2.173,-145.357,-0.106
06/07/2025,2025-07-06,7,[00:30-00:45[,2025-07-05 23:30,1348.517,10610.337,7.868,6840.575,5.073,,,,,1708.3,1.267,2991.354,2.218,-929.892,-0.69
06/07/2025,2025-07-06,8,[00:45-01:00[,2025-07-05 23:45,1323.138,11396.587,8.613,6840.575,5.17,,,,,1708.3,1.291,2866.866,2.167,-19.154,-0.014
06/07/2025,2025-07-06,9,[01:00-01:15[,2025-07-06 00:00,1307.945,11920.052,9.114,7574.14,5.791,,,,,1548.8,1.184,3050.806,2.333,-253.693,-0.194
06/07/2025,2025-07-06,10,[01:15-01:30[,2025-07-06 00:15,1286.694,10456.459,8.127,7574.14,5.887,,,,,1548.8,1.204,2648.599,2.058,-1315.08,-1.022
06/07/2025,2025-07-06,11,[01:30-01:45[,2025-07-06 00:30,1270.51,10501.082,8.265,7574.14,5.961,,,,,1548.8,1.219,3051.485,2.402,-1673.343,-1.317
06/07/2025,2025-07-06,12,[01:45-02:00[,2025-07-06 00:45,1258.038,10498.247,8.345,7574.14,6.021,,,,,1548.8,1.231,3036.002,2.413,-1660.695,-1.32
06/07/2025,2025-07-06,13,[02:00-02:15[,2025-07-06 01:00,1237.927,12436.277,10.046,7896.385,6.379,,,,,1463.4,1.182,2702.143,2.183,374.349,0.302
06/07/2025,2025-07-06,14,[02:15-02:30[,2025-07-06 01:15,1233.376,11541.223,9.357,7896.385,6.402,,,,,1463.4,1.186,2993.727,2.427,-812.288,-0.659
06/07/2025,2025-07-06,15,[02:30-02:45[,2025-07-06 01:30,1220.706,11011.436,9.021,7896.385,6.469,,,,,1463.4,1.199,2993.724,2.452,-1342.073,-1.099
06/07/2025,2025-07-06,16,[02:45-03:00[,2025-07-06 01:45,1202.771,10722.84,8.915,7896.385,6.565,,,,,1463.4,1.217,2791.177,2.321,-1428.122,-1.187
06/07/2025,2025-07-06,17,[03:00-03:15[,2025-07-06 02:00,1200.739,11936,9.941,7948.388,6.62,,,,,1449.8,1.207,2993.585,2.493,-455.772,-0.38
06/07/2025,2025-07-06,18,[03:15-03:30[,2025-07-06 02:15,1190.858,12044.124,10.114,7948.388,6.675,,,,,1449.8,1.217,2799.054,2.35,-153.118,-0.129
06/07/2025,2025-07-06,19,[03:30-03:45[,2025-07-06 02:30,1181.157,12657.141,10.716,7948.388,6.729,,,,,1449.8,1.227,2993.316,2.534,265.638,0.225
06/07/2025,2025-07-06,20,[03:45-04:00[,2025-07-06 02:45,1178.486,10934.452,9.278,7948.388,6.745,,,,,1449.8,1.23,2993.449,2.54,-1457.185,-1.236
06/07/2025,2025-07-06,21,[04:00-04:15[,2025-07-06 03:00,1164.691,11335.678,9.733,7871.769,6.759,,,,,1364,1.171,2695.46,2.314,-595.551,-0.511
06/07/2025,2025-07-06,22,[04:15-04:30[,2025-07-06 03:15,1168.174,11289.356,9.664,7871.769,6.739,,,,,1364,1.168,2991.056,2.56,-937.469,-0.803
06/07/2025,2025-07-06,23,[04:30-04:45[,2025-07-06 03:30,1161.327,11307.25,9.736,7871.769,6.778,,,,,1364,1.175,2980.206,2.566,-908.725,-0.782
06/07/2025,2025-07-06,24,[04:45-05:00[,2025-07-06 03:45,1149.569,12394.572,10.782,7871.769,6.848,,,,,1364,1.187,2646.125,2.302,512.677,0.446
06/07/2025,2025-07-06,25,[05:00-05:15[,2025-07-06 04:00,1158.542,12305.91,10.622,7820.925,6.751,,,,,1309,1.13,2993.044,2.583,182.942,0.158
06/07/2025,2025-07-06,26,[05:15-05:30[,2025-07-06 04:15,1149.098,11780.783,10.252,7820.925,6.806,,,,,1309,1.139,2799.497,2.436,-148.638,-0.129
06/07/2025,2025-07-06,27,[05:30-05:45[,2025-07-06 04:30,1155.301,12449.051,10.776,7820.925,6.77,,,,,1309,1.133,2993.578,2.591,325.548,0.282
06/07/2025,2025-07-06,28,[05:45-06:00[,2025-07-06 04:45,1151.049,11930.438,10.365,7820.925,6.795,,,,,1309,1.137,2993.173,2.6,-192.66,-0.167
06/07/2025,2025-07-06,29,[06:00-06:15[,2025-07-06 05:00,1126.217,12944.747,11.494,8284.631,7.356,,,,,1887.48,1.676,2565.101,2.278,207.536,0.184
06/07/2025,2025-07-06,30,[06:15-06:30[,2025-07-06 05:15,1137.692,13346.933,11.732,8284.631,7.282,,,,,1887.48,1.659,2993.344,2.631,181.479,0.16
06/07/2025,2025-07-06,31,[06:30-06:45[,2025-07-06 05:30,1136.834,12715.386,11.185,8284.631,7.287,,,,,1887.48,1.66,2993.21,2.633,-449.934,-0.396
06/07/2025,2025-07-06,32,[06:45-07:00[,2025-07-06 05:45,1129.273,12590.093,11.149,8284.631,7.336,,,,,2456.72,2.175,2683.927,2.377,-835.184,-0.74
06/07/2025,2025-07-06,33,[07:00-07:15[,2025-07-06 06:00,1153.42,19526.989,16.93,15492.363,13.432,,,,,2722.048,2.36,3038.839,2.635,-1726.26,-1.497
06/07/2025,2025-07-06,34,[07:15-07:30[,2025-07-06 06:15,1160.365,21943.29,18.911,15492.363,13.351,,,,,3224.718,2.779,2995.89,2.582,230.319,0.198
06/07/2025,2025-07-06,35,[07:30-07:45[,2025-07-06 06:30,1157.006,21129.264,18.262,15492.363,13.39,,,,,3057.48,2.643,2978.821,2.575,-399.4,-0.345
06/07/2025,2025-07-06,36,[07:45-08:00[,2025-07-06 06:45,1174.177,25852.876,22.018,15492.363,13.194,,,,,3057.48,2.604,3039.109,2.588,4263.924,3.631
06/07/2025,2025-07-06,37,[08:00-08:15[,2025-07-06 07:00,1177.417,24589.512,20.884,20565.791,17.467,,,,,4313.472,3.664,2687.285,2.282,-2977.036,-2.528
06/07/2025,2025-07-06,38,[08:15-08:30[,2025-07-06 07:15,1182.635,25245.423,21.347,20565.791,17.39,,,,,4232,3.578,3020.531,2.554,-2572.899,-2.176
06/07/2025,2025-07-06,39,[08:30-08:45[,2025-07-06 07:30,1195.64,29248.454,24.463,20565.791,17.201,,,,,4232,3.54,3018.322,2.524,1432.341,1.198
06/07/2025,2025-07-06,40,[08:45-09:00[,2025-07-06 07:45,1184.785,27377.478,23.108,20565.791,17.358,,,,,4232,3.572,2473.1,2.087,106.587,0.09
06/07/2025,2025-07-06,41,[09:00-09:15[,2025-07-06 08:00,1223.936,28604.059,23.371,21341.706,17.437,,,,,4504.32,3.68,2981.594,2.436,-223.56,-0.183
06/07/2025,2025-07-06,42,[09:15-09:30[,2025-07-06 08:15,1224.259,31150.736,25.445,21341.706,17.432,,,,,4504.32,3.679,2965.396,2.422,2339.315,1.911
06/07/2025,2025-07-06,43,[09:30-09:45[,2025-07-06 08:30,1224.465,31436.179,25.673,21341.706,17.429,,,,,4504.32,3.679,2436.644,1.99,3153.509,2.575
06/07/2025,2025-07-06,44,[09:45-10:00[,2025-07-06 08:45,1252.609,29095.509,23.228,21341.706,17.038,,,,,4504.32,3.596,2958.542,2.362,290.941,0.232
06/07/2025,2025-07-06,45,[10:00-10:15[,2025-07-06 09:00,1261.058,31816.365,25.23,21485.455,17.038,,,,,4489.6,3.56,2944.21,2.335,2897.1,2.297
06/07/2025,2025-07-06,46,[10:15-10:30[,2025-07-06 09:15,1268.301,28857.382,22.753,21485.455,16.94,,,,,4489.6,3.54,2643.079,2.084,239.247,0.189
06/07/2025,2025-07-06,47,[10:30-10:45[,2025-07-06 09:30,1285.629,32024.046,24.909,21485.455,16.712,,,,,4489.6,3.492,2932.27,2.281,3116.721,2.424
06/07/2025,2025-07-06,48,[10:45-11:00[,2025-07-06 09:45,1275.5,28880.78,22.643,21485.455,16.845,,,,,4489.6,3.52,2628.052,2.06,277.673,0.218
06/07/2025,2025-07-06,49,[11:00-11:15[,2025-07-06 10:00,1292.913,28975.369,22.411,21507.018,16.635,,,,,4614.72,3.569,2614.993,2.023,238.639,0.185
06/07/2025,2025-07-06,50,[11:15-11:30[,2025-07-06 10:15,1313.213,29269.846,22.289,21507.018,16.377,,,,,4614.72,3.514,2851.683,2.172,296.425,0.226
06/07/2025,2025-07-06,51,[11:30-11:45[,2025-07-06 10:30,1307.635,29432.855,22.508,21507.018,16.447,,,,,4614.72,3.529,2689.987,2.057,621.13,0.475
06/07/2025,2025-07-06,52,[11:45-12:00[,2025-07-06 10:45,1319.549,31945.267,24.209,21507.018,16.299,,,,,4614.72,3.497,2765.59,2.096,3057.939,2.317
06/07/2025,2025-07-06,53,[12:00-12:15[,2025-07-06 11:00,1335.22,41793.875,31.301,21123.205,15.82,,,,,4357.12,3.263,2798.778,2.096,13514.772,10.122
06/07/2025,2025-07-06,54,[12:15-12:30[,2025-07-06 11:15,1329.831,42128.653,31.68,21123.205,15.884,,,,,4357.12,3.276,2593.407,1.95,14054.921,10.569
06/07/2025,2025-07-06,55,[12:30-12:45[,2025-07-06 11:30,1338.953,41447.709,30.955,21123.205,15.776,,,,,4357.12,3.254,2771.102,2.07,13196.282,9.856
06/07/2025,2025-07-06,56,[12:45-13:00[,2025-07-06 11:45,1336.59,48403.193,36.214,21123.205,15.804,,,,,4357.12,3.26,2777.273,2.078,20145.595,15.072
06/07/2025,2025-07-06,57,[13:00-13:15[,2025-07-06 12:00,1308.32,40807.211,31.191,21199.392,16.204,,,,,4298.24,3.285,2533.966,1.937,12775.614,9.765
06/07/2025,2025-07-06,58,[13:15-13:30[,2025-07-06 12:15,1305.77,41613.136,31.869,21199.392,16.235,,,,,4298.24,3.292,2844.067,2.178,13271.438,10.164
06/07/2025,2025-07-06,59,[13:30-13:45[,2025-07-06 12:30,1291.865,36390.579,28.169,21199.392,16.41,,,,,4298.24,3.327,2728.127,2.112,8164.821,6.32
06/07/2025,2025-07-06,60,[13:45-14:00[,2025-07-06 12:45,1269.143,42807.668,33.73,21199.392,16.704,,,,,4298.24,3.387,2746.13,2.164,14563.907,11.475
06/07/2025,2025-07-06,61,[14:00-14:15[,2025-07-06 13:00,1267.749,39245.856,30.957,21535.764,16.987,,,,,4268.8,3.367,2832.751,2.234,10608.541,8.368
06/07/2025,2025-07-06,62,[14:15-14:30[,2025-07-06 13:15,1257.291,42042.25,33.439,21535.764,17.129,,,,,4268.8,3.395,2561.632,2.037,13676.054,10.877
06/07/2025,2025-07-06,63,[14:30-14:45[,2025-07-06 13:30,1247.466,40377.028,32.367,21535.764,17.264,,,,,4268.8,3.422,2648.53,2.123,11923.934,9.559
06/07/2025,2025-07-06,64,[14:45-15:00[,2025-07-06 13:45,1253.259,42858.114,34.197,21535.764,17.184,,,,,4268.8,3.406,2742.91,2.189,14310.64,11.419
06/07/2025,2025-07-06,65,[15:00-15:15[,2025-07-06 14:00,1252.332,29954.686,23.919,21535.886,17.197,,,,,4320.32,3.45,2471.643,1.974,1626.836,1.299
06/07/2025,2025-07-06,66,[15:15-15:30[,2025-07-06 14:15,1248.878,35501.524,28.427,21535.886,17.244,,,,,4320.32,3.459,2789.001,2.233,6856.316,5.49
06/07/2025,2025-07-06,67,[15:30-15:45[,2025-07-06 14:30,1240.572,30480.445,24.57,21535.886,17.36,,,,,4320.32,3.483,2836.058,2.286,1788.181,1.441
06/07/2025,2025-07-06,68,[15:45-16:00[,2025-07-06 14:45,1243.971,30055.168,24.161,21535.886,17.312,,,,,4320.32,3.473,2701.731,2.172,1497.231,1.204
06/07/2025,2025-07-06,69,[16:00-16:15[,2025-07-06 15:00,1251.844,30090.001,24.037,21535.932,17.203,,,,,4563.2,3.645,2867.622,2.291,1123.247,0.897
06/07/2025,2025-07-06,70,[16:15-16:30[,2025-07-06 15:15,1249.109,28917.699,23.151,21535.932,17.241,,,,,4563.2,3.653,2605.925,2.086,212.642,0.17
06/07/2025,2025-07-06,71,[16:30-16:45[,2025-07-06 15:30,1261.009,28901.065,22.919,21535.932,17.078,,,,,4563.2,3.619,2878.67,2.283,-76.738,-0.061
06/07/2025,2025-07-06,72,[16:45-17:00[,2025-07-06 15:45,1274.436,28901.873,22.678,21535.932,16.898,,,,,4563.2,3.581,2886.454,2.265,-83.713,-0.066
06/07/2025,2025-07-06,73,[17:00-17:15[,2025-07-06 16:00,1276.48,28604.393,22.409,21010.458,16.46,,,,,4717.76,3.696,2286.068,1.791,590.107,0.462
06/07/2025,2025-07-06,74,[17:15-17:30[,2025-07-06 16:15,1298.692,34803.29,26.799,21010.458,16.178,,,,,4717.76,3.633,2386.564,1.838,6688.509,5.15
06/07/2025,2025-07-06,75,[17:30-17:45[,2025-07-06 16:30,1320.235,39951.255,30.261,21010.458,15.914,,,,,4717.76,3.573,2947.694,2.233,11275.344,8.54
06/07/2025,2025-07-06,76,[17:45-18:00[,2025-07-06 16:45,1345.174,41122.282,30.57,21010.458,15.619,,,,,4717.76,3.507,2947.694,2.191,12446.371,9.253
06/07/2025,2025-07-06,77,[18:00-18:15[,2025-07-06 17:00,1363.426,33954.502,24.904,17096.65,12.539,,,,,4721.652,3.463,2442.757,1.792,9693.443,7.11
06/07/2025,2025-07-06,78,[18:15-18:30[,2025-07-06 17:15,1393.011,32902.991,23.62,17096.65,12.273,,,,,4721.652,3.39,2974.062,2.135,8110.627,5.822
06/07/2025,2025-07-06,79,[18:30-18:45[,2025-07-06 17:30,1423.13,33396.242,23.467,17096.65,12.013,,,,,4721.652,3.318,2974.062,2.09,8603.878,6.046
06/07/2025,2025-07-06,80,[18:45-19:00[,2025-07-06 17:45,1446.498,29285.71,20.246,17096.65,11.819,,,,,4106.97,2.839,2677.605,1.851,5404.486,3.736
06/07/2025,2025-07-06,81,[19:00-19:15[,2025-07-06 18:00,1476.419,14976.05,10.143,9345.338,6.33,,,,,2891.94,1.959,3012.43,2.04,-273.658,-0.185
06/07/2025,2025-07-06,82,[19:15-19:30[,2025-07-06 18:15,1499.702,18744.228,12.499,9345.338,6.231,,,,,2891.94,1.928,2647.912,1.766,3859.039,2.573
06/07/2025,2025-07-06,83,[19:30-19:45[,2025-07-06 18:30,1529.969,14752.521,9.642,9345.338,6.108,,,,,2188.368,1.43,2940.118,1.922,278.698,0.182
06/07/2025,2025-07-06,84,[19:45-20:00[,2025-07-06 18:45,1541.922,18795.614,12.19,9345.338,6.061,,,,,2188.368,1.419,2950.178,1.913,4311.73,2.796
06/07/2025,2025-07-06,85,[20:00-20:15[,2025-07-06 19:00,1550.807,7437.632,4.796,6703.954,4.323,,,,,1673.28,1.079,1851.335,1.194,-2790.936,-1.8
06/07/2025,2025-07-06,86,[20:15-20:30[,2025-07-06 19:15,1559.522,8839.044,5.668,6703.954,4.299,,,,,1673.28,1.073,1908.419,1.224,-1446.608,-0.928
06/07/2025,2025-07-06,87,[20:30-20:45[,2025-07-06 19:30,1551.083,9311.214,6.003,6703.954,4.322,,,,,1673.28,1.079,1929.476,1.244,-995.496,-0.642
06/07/2025,2025-07-06,88,[20:45-21:00[,2025-07-06 19:45,1553.388,10915.708,7.027,6703.954,4.316,,,,,1673.28,1.077,1929.209,1.242,609.265,0.392
06/07/2025,2025-07-06,89,[21:00-21:15[,2025-07-06 20:00,1564.842,6797.453,4.344,4581.188,2.928,,,,,1711.2,1.094,1915.671,1.224,-1410.606,-0.901
06/07/2025,2025-07-06,90,[21:15-21:30[,2025-07-06 20:15,1572.16,7172.05,4.562,4581.188,2.914,,,,,1711.2,1.088,1871.999,1.191,-992.336,-0.631
06/07/2025,2025-07-06,91,[21:30-21:45[,2025-07-06 20:30,1584.862,6782.054,4.279,4581.188,2.891,,,,,1711.2,1.08,1897.877,1.198,-1408.21,-0.889
06/07/2025,2025-07-06,92,[21:45-22:00[,2025-07-06 20:45,1575.234,6561.44,4.165,4581.188,2.908,,,,,1711.2,1.086,1898.414,1.205,-1629.361,-1.034
06/07/2025,2025-07-06,93,[22:00-22:15[,2025-07-06 21:00,1572.132,9713.197,6.178,6651.546,4.231,,,,,1681.44,1.07,2916.44,1.855,-1536.228,-0.977
06/07/2025,2025-07-06,94,[22:15-22:30[,2025-07-06 21:15,1558.225,9013.963,5.785,6651.546,4.269,,,,,1681.44,1.079,2984.839,1.916,-2303.862,-1.479
06/07/2025,2025-07-06,95,[22:30-22:45[,2025-07-06 21:30,1538.534,8560.849,5.564,6651.546,4.323,,,,,1681.44,1.093,2371.047,1.541,-2143.183,-1.393
06/07/2025,2025-07-06,96,[22:45-23:00[,2025-07-06 21:45,1488.244,8344.43,5.607,6651.546,4.469,,,,,1681.44,1.13,2331.991,1.567,-2320.546,-1.559
07/07/2025,2025-07-07,1,[23:00-23:15[,2025-07-06 22:00,1463.591,12006.139,8.203,6936.524,4.739,,,,,1063.59,0.727,2430.774,1.661,1575.252,1.076
07/07/2025,2025-07-07,2,[23:15-23:30[,2025-07-06 22:15,1436.759,9402.007,6.544,6936.524,4.828,,,,,1063.59,0.74,2442.548,1.7,-1040.655,-0.724
07/07/2025,2025-07-07,3,[23:30-23:45[,2025-07-06 22:30,1409.589,4419.579,3.135,6936.524,4.921,,,,,1063.59,0.755,2455.856,1.742,-6036.39,-4.282
07/07/2025,2025-07-07,4,[23:45-00:00[,2025-07-06 22:45,1387.464,9657.046,6.96,6936.524,4.999,,,,,1063.59,0.767,2491.806,1.796,-834.874,-0.602
07/07/2025,2025-07-07,5,[00:00-00:15[,2025-07-06 23:00,1356.11,5916.165,4.363,8038.794,5.928,,,,,1314.636,0.969,2219.095,1.636,-5656.36,-4.171
07/07/2025,2025-07-07,6,[00:15-00:30[,2025-07-06 23:15,1344.449,9918.761,7.378,8038.794,5.979,,,,,1314.636,0.978,2629.612,1.956,-2064.281,-1.535
07/07/2025,2025-07-07,7,[00:30-00:45[,2025-07-06 23:30,1329.037,10648.883,8.012,8038.794,6.049,,,,,1314.636,0.989,2653.615,1.997,-1358.161,-1.022
07/07/2025,2025-07-07,8,[00:45-01:00[,2025-07-06 23:45,1304.699,9669.363,7.411,8038.794,6.161,,,,,1314.636,1.008,2405.599,1.844,-2089.666,-1.602
07/07/2025,2025-07-07,9,[01:00-01:15[,2025-07-07 00:00,1296.066,7821.213,6.035,8993.387,6.939,,,,,1252.608,0.966,2714.462,2.094,-5139.244,-3.965
07/07/2025,2025-07-07,10,[01:15-01:30[,2025-07-07 00:15,1273.814,11645.452,9.142,8993.387,7.06,,,,,1252.608,0.983,2517.591,1.976,-1118.134,-0.878
07/07/2025,2025-07-07,11,[01:30-01:45[,2025-07-07 00:30,1258.49,12621.613,10.029,8993.387,7.146,,,,,1252.608,0.995,2580.336,2.05,-204.718,-0.163
07/07/2025,2025-07-07,12,[01:45-02:00[,2025-07-07 00:45,1245.799,13407.666,10.762,8993.387,7.219,,,,,1252.608,1.005,2584.8,2.075,576.872,0.463
07/07/2025,2025-07-07,13,[02:00-02:15[,2025-07-07 01:00,1228.813,12137.491,9.877,9653.075,7.856,,,,,973.522,0.792,2375.147,1.933,-864.253,-0.703
07/07/2025,2025-07-07,14,[02:15-02:30[,2025-07-07 01:15,1221.724,13257.343,10.851,9653.075,7.901,,,,,973.522,0.797,2591.548,2.121,39.198,0.032
07/07/2025,2025-07-07,15,[02:30-02:45[,2025-07-07 01:30,1213.945,12968.012,10.683,9653.075,7.952,,,,,973.522,0.802,2587.71,2.132,-246.294,-0.203
07/07/2025,2025-07-07,16,[02:45-03:00[,2025-07-07 01:45,1197.417,12569.169,10.497,9653.075,8.062,,,,,973.522,0.813,2256.911,1.885,-314.339,-0.263
07/07/2025,2025-07-07,17,[03:00-03:15[,2025-07-07 02:00,1207.53,13780.292,11.412,10233.4,8.475,,,,,1253.088,1.038,3237.852,2.681,-944.048,-0.782
07/07/2025,2025-07-07,18,[03:15-03:30[,2025-07-07 02:15,1205.606,13429.959,11.14,10233.4,8.488,,,,,1253.088,1.039,3180.203,2.638,-1236.732,-1.026
07/07/2025,2025-07-07,19,[03:30-03:45[,2025-07-07 02:30,1202.06,12310.386,10.241,10233.4,8.513,,,,,1253.088,1.042,3051.289,2.538,-2227.391,-1.853
07/07/2025,2025-07-07,20,[03:45-04:00[,2025-07-07 02:45,1190.835,17104.443,14.363,10233.4,8.593,,,,,1253.088,1.052,3274.736,2.75,2343.219,1.968
07/07/2025,2025-07-07,21,[04:00-04:15[,2025-07-07 03:00,1196.156,11264.717,9.417,8472.573,7.083,,,,,1039.976,0.869,3077.605,2.573,-1325.436,-1.108
07/07/2025,2025-07-07,22,[04:15-04:30[,2025-07-07 03:15,1198.506,11549.999,9.637,8472.573,7.069,,,,,1039.976,0.868,3199.83,2.67,-1162.379,-0.97
07/07/2025,2025-07-07,23,[04:30-04:45[,2025-07-07 03:30,1190.271,6115.786,5.138,8472.573,7.118,,,,,1039.976,0.874,3274.881,2.751,-6671.644,-5.605
07/07/2025,2025-07-07,24,[04:45-05:00[,2025-07-07 03:45,1192.199,14543.78,12.199,8472.573,7.107,,,,,1039.976,0.872,3134.011,2.629,1897.22,1.591
07/07/2025,2025-07-07,25,[05:00-05:15[,2025-07-07 04:00,1209.798,11824.265,9.774,7213.788,5.963,,,,,871.398,0.72,3282.524,2.713,456.555,0.377
07/07/2025,2025-07-07,26,[05:15-05:30[,2025-07-07 04:15,1212.362,11231.135,9.264,7213.788,5.95,,,,,871.398,0.719,3209.638,2.647,-63.688,-0.053
07/07/2025,2025-07-07,27,[05:30-05:45[,2025-07-07 04:30,1206.124,10581.242,8.773,7213.788,5.981,,,,,871.398,0.722,2324.165,1.927,171.891,0.143
07/07/2025,2025-07-07,28,[05:45-06:00[,2025-07-07 04:45,1214.607,11095.581,9.135,7213.788,5.939,,,,,871.398,0.717,2148.806,1.769,861.59,0.709
07/07/2025,2025-07-07,29,[06:00-06:15[,2025-07-07 05:00,1245.399,7483.728,6.009,6883.801,5.527,,,,,1373.904,1.103,2000.6,1.606,-2774.577,-2.228
07/07/2025,2025-07-07,30,[06:15-06:30[,2025-07-07 05:15,1267.637,8504.367,6.709,6883.801,5.43,,,,,1373.904,1.084,2670.842,2.107,-2424.18,-1.912
07/07/2025,2025-07-07,31,[06:30-06:45[,2025-07-07 05:30,1295.722,10310.219,7.957,6883.801,5.313,,,,,1373.904,1.06,2663.17,2.055,-610.657,-0.471
07/07/2025,2025-07-07,32,[06:45-07:00[,2025-07-07 05:45,1319.278,10823.417,8.204,6883.801,5.218,,,,,1373.904,1.041,2607.598,1.977,-41.886,-0.032
07/07/2025,2025-07-07,33,[07:00-07:15[,2025-07-07 06:00,1370.192,13199.598,9.633,8626.484,6.296,,,,,2697.5,1.969,2500.142,1.825,-624.528,-0.456
07/07/2025,2025-07-07,34,[07:15-07:30[,2025-07-07 06:15,1402.312,13936.836,9.938,8626.484,6.152,,,,,2697.5,1.924,2483.947,1.771,128.906,0.092
07/07/2025,2025-07-07,35,[07:30-07:45[,2025-07-07 06:30,1440.342,12871.572,8.936,8626.484,5.989,,,,,2697.5,1.873,2432.758,1.689,-885.17,-0.615
07/07/2025,2025-07-07,36,[07:45-08:00[,2025-07-07 06:45,1480.264,10399.165,7.025,8626.484,5.828,,,,,2821.17,1.906,2407.533,1.626,-3456.022,-2.335
07/07/2025,2025-07-07,37,[08:00-08:15[,2025-07-07 07:00,1545.086,21769.848,14.09,14509.934,9.391,,,,,4548.94,2.944,2452.574,1.587,258.4,0.167
07/07/2025,2025-07-07,38,[08:15-08:30[,2025-07-07 07:15,1619.997,20285.21,12.522,14509.934,8.957,,,,,4548.94,2.808,3084.163,1.904,-1857.827,-1.147
07/07/2025,2025-07-07,39,[08:30-08:45[,2025-07-07 07:30,1657.062,24076.407,14.53,14509.934,8.756,,,,,4548.94,2.745,3067.45,1.851,1950.082,1.177
07/07/2025,2025-07-07,40,[08:45-09:00[,2025-07-07 07:45,1681.089,25208.476,14.995,14509.934,8.631,,,,,5646.3,3.359,2938.018,1.748,2114.223,1.258
07/07/2025,2025-07-07,41,[09:00-09:15[,2025-07-07 08:00,1690.923,28105.63,16.621,15979.375,9.45,,,,,5199.3,3.075,2999.075,1.774,3927.88,2.323
07/07/2025,2025-07-07,42,[09:15-09:30[,2025-07-07 08:15,1691.556,32462.84,19.191,15979.375,9.447,,,,,5245.08,3.101,2209.516,1.306,9028.869,5.338
07/07/2025,2025-07-07,43,[09:30-09:45[,2025-07-07 08:30,1712.764,35222.276,20.565,15979.375,9.33,,,,,5787.9,3.379,2980.438,1.74,10474.563,6.116
07/07/2025,2025-07-07,44,[09:45-10:00[,2025-07-07 08:45,1683.127,32927.058,19.563,15979.375,9.494,,,,,6088.74,3.618,2037.151,1.21,8821.792,5.241
07/07/2025,2025-07-07,45,[10:00-10:15[,2025-07-07 09:00,1674.459,27218.198,16.255,18943.987,11.313,,,,,5694.816,3.401,1970.413,1.177,608.982,0.364
07/07/2025,2025-07-07,46,[10:15-10:30[,2025-07-07 09:15,1687.25,27320.959,16.193,18943.987,11.228,,,,,5694.816,3.375,1845.713,1.094,836.443,0.496
07/07/2025,2025-07-07,47,[10:30-10:45[,2025-07-07 09:30,1675.399,26582.829,15.867,18943.987,11.307,,,,,5694.816,3.399,1926.796,1.15,17.23,0.01
07/07/2025,2025-07-07,48,[10:45-11:00[,2025-07-07 09:45,1680.934,29959.854,17.823,18943.987,11.27,,,,,5694.816,3.388,1844.465,1.097,3476.586,2.068
07/07/2025,2025-07-07,49,[11:00-11:15[,2025-07-07 10:00,1691.831,28690.437,16.958,19425.881,11.482,,,,,5929.216,3.505,1861.457,1.1,1473.883,0.871
07/07/2025,2025-07-07,50,[11:15-11:30[,2025-07-07 10:15,1680.77,29215.645,17.382,19425.881,11.558,,,,,5929.216,3.528,1850.705,1.101,2009.842,1.196
07/07/2025,2025-07-07,51,[11:30-11:45[,2025-07-07 10:30,1685.145,27439.245,16.283,19425.881,11.528,,,,,5929.216,3.519,1760.762,1.045,323.385,0.192
07/07/2025,2025-07-07,52,[11:45-12:00[,2025-07-07 10:45,1691.203,26880.822,15.894,19425.881,11.486,,,,,5652.768,3.342,1829.14,1.082,-26.968,-0.016
07/07/2025,2025-07-07,53,[12:00-12:15[,2025-07-07 11:00,1678.039,35500.297,21.156,20720.094,12.348,,,,,4789.2,2.854,2007.774,1.197,7983.228,4.757
07/07/2025,2025-07-07,54,[12:15-12:30[,2025-07-07 11:15,1671.325,31628.79,18.924,20720.094,12.397,,,,,4789.2,2.866,2613.382,1.564,3506.114,2.098
07/07/2025,2025-07-07,55,[12:30-12:45[,2025-07-07 11:30,1660.461,33708.613,20.301,20720.094,12.479,,,,,4789.2,2.884,2753.423,1.658,5445.896,3.28
07/07/2025,2025-07-07,56,[12:45-13:00[,2025-07-07 11:45,1645.476,34401.048,20.906,20720.094,12.592,,,,,4789.2,2.911,2223.563,1.351,6668.191,4.052
07/07/2025,2025-07-07,57,[13:00-13:15[,2025-07-07 12:00,1639.084,29289.31,17.869,20676.288,12.615,,,,,4806.8,2.933,2810.098,1.714,996.124,0.608
07/07/2025,2025-07-07,58,[13:15-13:30[,2025-07-07 12:15,1626.825,28488.137,17.511,20676.288,12.71,,,,,4806.8,2.955,2203.53,1.354,801.519,0.493
07/07/2025,2025-07-07,59,[13:30-13:45[,2025-07-07 12:30,1632.103,29310.054,17.958,20676.288,12.668,,,,,4806.8,2.945,2037.385,1.248,1789.581,1.096
07/07/2025,2025-07-07,60,[13:45-14:00[,2025-07-07 12:45,1645.723,30353.29,18.444,20676.288,12.564,,,,,4806.8,2.921,2365.965,1.438,2504.237,1.522
07/07/2025,2025-07-07,61,[14:00-14:15[,2025-07-07 13:00,1665.591,33622.279,20.186,20861.856,12.525,,,,,6072.888,3.646,2442.367,1.466,4245.167,2.549
07/07/2025,2025-07-07,62,[14:15-14:30[,2025-07-07 13:15,1670.407,33273.573,19.919,20861.856,12.489,,,,,6380.376,3.82,2145.834,1.285,3885.507,2.326
07/07/2025,2025-07-07,63,[14:30-14:45[,2025-07-07 13:30,1676.408,34905.535,20.822,20861.856,12.444,,,,,6380.376,3.806,2355.844,1.405,5307.458,3.166
07/07/2025,2025-07-07,64,[14:45-15:00[,2025-07-07 13:45,1699.569,34925.496,20.55,20861.856,12.275,,,,,6380.376,3.754,2829.783,1.665,4853.481,2.856
07/07/2025,2025-07-07,65,[15:00-15:15[,2025-07-07 14:00,1705.068,30900.749,18.123,20985.225,12.308,,,,,4464,2.618,3017.07,1.769,2434.455,1.428
07/07/2025,2025-07-07,66,[15:15-15:30[,2025-07-07 14:15,1711.298,29537.888,17.261,20985.225,12.263,,,,,4464,2.609,3044.548,1.779,1044.116,0.61
07/07/2025,2025-07-07,67,[15:30-15:45[,2025-07-07 14:30,1705.575,31982.281,18.752,20985.225,12.304,,,,,4464,2.617,2747.754,1.611,3785.302,2.219
07/07/2025,2025-07-07,68,[15:45-16:00[,2025-07-07 14:45,1712.183,32619.315,19.051,20985.225,12.256,,,,,4464,2.607,3045.824,1.779,4124.266,2.409
07/07/2025,2025-07-07,69,[16:00-16:15[,2025-07-07 15:00,1715.074,35368.149,20.622,21000.65,12.245,,,,,4904.03,2.859,2756.308,1.607,6707.161,3.911
07/07/2025,2025-07-07,70,[16:15-16:30[,2025-07-07 15:15,1724.829,36547.075,21.189,21000.65,12.175,,,,,4904.03,2.843,3041.227,1.763,7601.168,4.407
07/07/2025,2025-07-07,71,[16:30-16:45[,2025-07-07 15:30,1742.716,28486.609,16.346,21000.65,12.051,,,,,4904.03,2.814,3103.314,1.781,-521.385,-0.299
07/07/2025,2025-07-07,72,[16:45-17:00[,2025-07-07 15:45,1708.139,34668.792,20.296,21000.65,12.294,,,,,4904.03,2.871,1692.576,0.991,7071.536,4.14
07/07/2025,2025-07-07,73,[17:00-17:15[,2025-07-07 16:00,1696.672,26016.274,15.334,18813.091,11.088,,,,,5741.628,3.384,1466.779,0.865,-5.223,-0.003
07/07/2025,2025-07-07,74,[17:15-17:30[,2025-07-07 16:15,1698.922,26506.901,15.602,18813.091,11.074,,,,,5741.628,3.38,1475.379,0.868,476.803,0.281
07/07/2025,2025-07-07,75,[17:30-17:45[,2025-07-07 16:30,1696.096,26321.995,15.519,18813.091,11.092,,,,,5741.628,3.385,1417.682,0.836,349.594,0.206
07/07/2025,2025-07-07,76,[17:45-18:00[,2025-07-07 16:45,1708.911,22771.977,13.325,18813.091,11.009,,,,,2591.16,1.516,1410.623,0.825,-42.897,-0.025
07/07/2025,2025-07-07,77,[18:00-18:15[,2025-07-07 17:00,1708.191,20028.836,11.725,13915.321,8.146,,,,,4953.2,2.9,1393.481,0.816,-233.166,-0.136
07/07/2025,2025-07-07,78,[18:15-18:30[,2025-07-07 17:15,1727.12,20535.261,11.89,13915.321,8.057,,,,,4953.2,2.868,1439.999,0.834,226.741,0.131
07/07/2025,2025-07-07,79,[18:30-18:45[,2025-07-07 17:30,1752.428,19473.228,11.112,13915.321,7.941,,,,,4953.2,2.826,1336.181,0.762,-731.475,-0.417
07/07/2025,2025-07-07,80,[18:45-19:00[,2025-07-07 17:45,1779.094,20432.841,11.485,13915.321,7.822,,,,,4953.2,2.784,1290.648,0.725,273.672,0.154
07/07/2025,2025-07-07,81,[19:00-19:15[,2025-07-07 18:00,1801.434,15530.99,8.621,11668.879,6.478,,,,,2703.54,1.501,1138.327,0.632,20.245,0.011
07/07/2025,2025-07-07,82,[19:15-19:30[,2025-07-07 18:15,1832.657,15726.303,8.581,11668.879,6.367,,,,,2131.732,1.163,1367.747,0.746,557.945,0.304
07/07/2025,2025-07-07,83,[19:30-19:45[,2025-07-07 18:30,1862.922,12897.837,6.923,11668.879,6.264,,,,,1813.88,0.974,1366.512,0.734,-1951.434,-1.048
07/07/2025,2025-07-07,84,[19:45-20:00[,2025-07-07 18:45,1881.95,15596.76,8.288,11668.879,6.2,,,,,1813.88,0.964,1326.616,0.705,787.386,0.418
07/07/2025,2025-07-07,85,[20:00-20:15[,2025-07-07 19:00,1887.087,5904.829,3.129,6873.575,3.642,,,,,1252.56,0.664,1368.514,0.725,-3589.82,-1.902
07/07/2025,2025-07-07,86,[20:15-20:30[,2025-07-07 19:15,1882.931,6379.607,3.388,6873.575,3.65,,,,,1252.56,0.665,1401.816,0.744,-3148.344,-1.672
07/07/2025,2025-07-07,87,[20:30-20:45[,2025-07-07 19:30,1874.084,8780.963,4.685,6873.575,3.668,,,,,1252.56,0.668,1416.347,0.756,-761.519,-0.406
07/07/2025,2025-07-07,88,[20:45-21:00[,2025-07-07 19:45,1861.056,9606.676,5.162,6873.575,3.693,,,,,1252.56,0.673,1417.488,0.762,63.053,0.034
07/07/2025,2025-07-07,89,[21:00-21:15[,2025-07-07 20:00,1848.596,8182.107,4.426,6933.96,3.751,,,,,1282.38,0.694,1374.725,0.744,-1408.957,-0.762
07/07/2025,2025-07-07,90,[21:15-21:30[,2025-07-07 20:15,1860.541,9797.602,5.266,6933.96,3.727,,,,,1282.38,0.689,1417.876,0.762,163.386,0.088
07/07/2025,2025-07-07,91,[21:30-21:45[,2025-07-07 20:30,1855.369,8108.357,4.37,6933.96,3.737,,,,,1282.38,0.691,1415.764,0.763,-1523.746,-0.821
07/07/2025,2025-07-07,92,[21:45-22:00[,2025-07-07 20:45,1826.012,8149.709,4.463,6933.96,3.797,,,,,1282.38,0.702,1430.497,0.783,-1497.128,-0.82
07/07/2025,2025-07-07,93,[22:00-22:15[,2025-07-07 21:00,1793.713,11330.975,6.317,8752.919,4.88,,,,,1421.136,0.792,1448.699,0.808,-291.779,-0.163
07/07/2025,2025-07-07,94,[22:15-22:30[,2025-07-07 21:15,1760.262,10346.859,5.878,8752.919,4.973,,,,,1421.136,0.807,1419.357,0.806,-1246.552,-0.708
07/07/2025,2025-07-07,95,[22:30-22:45[,2025-07-07 21:30,1729.601,11392.639,6.587,8752.919,5.061,,,,,1421.136,0.822,1459.146,0.844,-240.563,-0.139
07/07/2025,2025-07-07,96,[22:45-23:00[,2025-07-07 21:45,1687.784,14985.845,8.879,8752.919,5.186,,,,,1537.38,0.911,1464.737,0.868,3230.81,1.914
08/07/2025,2025-07-08,1,[23:00-23:15[,2025-07-07 22:00,1657.202,18326.824,11.059,14379.247,8.677,,,,,4944.96,2.984,2258.383,1.363,-3255.766,-1.965
08/07/2025,2025-07-08,2,[23:15-23:30[,2025-07-07 22:15,1626.278,21136.529,12.997,14379.247,8.842,,,,,4944.96,3.041,2364.018,1.454,-551.696,-0.339
08/07/2025,2025-07-08,3,[23:30-23:45[,2025-07-07 22:30,1595.397,22306.967,13.982,14379.247,9.013,,,,,4944.96,3.1,2503.595,1.569,479.165,0.3
08/07/2025,2025-07-08,4,[23:45-00:00[,2025-07-07 22:45,1551.986,20885.92,13.458,14379.247,9.265,,,,,4944.96,3.186,2332.824,1.503,-771.111,-0.497
08/07/2025,2025-07-08,5,[00:00-00:15[,2025-07-07 23:00,1525.784,25574.374,16.761,16293.521,10.679,,,,,4619,3.027,2519.026,1.651,2142.827,1.404
08/07/2025,2025-07-08,6,[00:15-00:30[,2025-07-07 23:15,1503.096,23410.745,15.575,16293.521,10.84,,,,,4619,3.073,2597.01,1.728,-98.785,-0.066
08/07/2025,2025-07-08,7,[00:30-00:45[,2025-07-07 23:30,1469.09,23024.051,15.672,16293.521,11.091,,,,,4619,3.144,2316.586,1.577,-205.056,-0.14
08/07/2025,2025-07-08,8,[00:45-01:00[,2025-07-07 23:45,1459.793,21324.038,14.608,16293.521,11.162,,,,,4619,3.164,2981.763,2.043,-2570.245,-1.761
08/07/2025,2025-07-08,9,[01:00-01:15[,2025-07-08 00:00,1446.368,23714.638,16.396,16707.666,11.551,,,,,2648.8,1.831,3081.782,2.131,1276.39,0.882
08/07/2025,2025-07-08,10,[01:15-01:30[,2025-07-08 00:15,1426.788,20121.723,14.103,16707.666,11.71,,,,,2806.976,1.967,3142.24,2.202,-2535.159,-1.777
08/07/2025,2025-07-08,11,[01:30-01:45[,2025-07-08 00:30,1413.612,23034.956,16.295,16707.666,11.819,,,,,2933.52,2.075,3331.135,2.356,62.635,0.044
08/07/2025,2025-07-08,12,[01:45-02:00[,2025-07-08 00:45,1389.162,21354.505,15.372,16707.666,12.027,,,,,3008.296,2.166,3331.253,2.398,-1692.71,-1.219
08/07/2025,2025-07-08,13,[02:00-02:15[,2025-07-08 01:00,1372.738,22700.5,16.537,17773.17,12.947,,,,,3124.668,2.276,3094.992,2.255,-1292.329,-0.941
08/07/2025,2025-07-08,14,[02:15-02:30[,2025-07-08 01:15,1364.827,23975.275,17.567,17773.17,13.022,,,,,3357.126,2.46,3253.294,2.384,-408.315,-0.299
08/07/2025,2025-07-08,15,[02:30-02:45[,2025-07-08 01:30,1348.306,23497.889,17.428,17773.17,13.182,,,,,3357.126,2.49,3260.667,2.418,-893.074,-0.662
08/07/2025,2025-07-08,16,[02:45-03:00[,2025-07-08 01:45,1350.425,20330.008,15.055,17773.17,13.161,,,,,3427.404,2.538,3309.106,2.45,-4179.672,-3.095
08/07/2025,2025-07-08,17,[03:00-03:15[,2025-07-08 02:00,1341.965,24420.909,18.198,17772.16,13.243,,,,,3492.276,2.602,3312.429,2.468,-155.957,-0.116
08/07/2025,2025-07-08,18,[03:15-03:30[,2025-07-08 02:15,1328.858,24287.41,18.277,17772.16,13.374,,,,,3562.554,2.681,3067.145,2.308,-114.45,-0.086
08/07/2025,2025-07-08,19,[03:30-03:45[,2025-07-08 02:30,1318.818,23241.764,17.623,17772.16,13.476,,,,,3562.554,2.701,3053.507,2.315,-1146.457,-0.869
08/07/2025,2025-07-08,20,[03:45-04:00[,2025-07-08 02:45,1323.07,22948.121,17.345,17772.16,13.433,,,,,3384.156,2.558,3254.538,2.46,-1462.734,-1.106
08/07/2025,2025-07-08,21,[04:00-04:15[,2025-07-08 03:00,1313.479,22649.185,17.244,17958.342,13.672,,,,,4140.736,3.152,3191.287,2.43,-2641.179,-2.011
08/07/2025,2025-07-08,22,[04:15-04:30[,2025-07-08 03:15,1313.073,23755.648,18.092,17958.342,13.677,,,,,3897.726,2.968,3292.535,2.508,-1392.954,-1.061
08/07/2025,2025-07-08,23,[04:30-04:45[,2025-07-08 03:30,1313.11,24236.73,18.458,17958.342,13.676,,,,,3897.726,2.968,3305.036,2.517,-924.373,-0.704
08/07/2025,2025-07-08,24,[04:45-05:00[,2025-07-08 03:45,1298.89,26025.588,20.037,17958.342,13.826,,,,,3665.268,2.822,3180.923,2.449,1221.055,0.94
08/07/2025,2025-07-08,25,[05:00-05:15[,2025-07-08 04:00,1315.475,25158.467,19.125,16348.59,12.428,,,,,3911.58,2.974,3257.374,2.476,1640.923,1.247
08/07/2025,2025-07-08,26,[05:15-05:30[,2025-07-08 04:15,1319.616,23308.421,17.663,16348.59,12.389,,,,,2723.04,2.064,3049.731,2.311,1187.061,0.9
08/07/2025,2025-07-08,27,[05:30-05:45[,2025-07-08 04:30,1312.309,22640.491,17.252,16348.59,12.458,,,,,2566.8,1.956,3123.697,2.38,601.404,0.458
08/07/2025,2025-07-08,28,[05:45-06:00[,2025-07-08 04:45,1316.003,26003.414,19.759,16348.59,12.423,,,,,2566.8,1.95,3121.727,2.372,3966.297,3.014
08/07/2025,2025-07-08,29,[06:00-06:15[,2025-07-08 05:00,1342.231,19713.939,14.687,14297.629,10.652,,,,,4665,3.476,2672.541,1.991,-1921.231,-1.431
08/07/2025,2025-07-08,30,[06:15-06:30[,2025-07-08 05:15,1350.368,20277.64,15.016,14297.629,10.588,,,,,4665,3.455,2884.826,2.136,-1569.815,-1.163
08/07/2025,2025-07-08,31,[06:30-06:45[,2025-07-08 05:30,1387.063,20667.316,14.9,14297.629,10.308,,,,,4665,3.363,2912.816,2.1,-1208.13,-0.871
08/07/2025,2025-07-08,32,[06:45-07:00[,2025-07-08 05:45,1407.834,20854.723,14.813,14297.629,10.156,,,,,4665,3.314,2755.534,1.957,-863.44,-0.613
08/07/2025,2025-07-08,33,[07:00-07:15[,2025-07-08 06:00,1438.597,20920.177,14.542,15746.188,10.946,,,,,4048.8,2.814,2604.678,1.811,-1479.488,-1.028
08/07/2025,2025-07-08,34,[07:15-07:30[,2025-07-08 06:15,1486.595,22594.696,15.199,15746.188,10.592,,,,,4048.8,2.724,2752.534,1.852,47.175,0.032
08/07/2025,2025-07-08,35,[07:30-07:45[,2025-07-08 06:30,1512.886,24047.513,15.895,15746.188,10.408,,,,,4048.8,2.676,2942.535,1.945,1309.991,0.866
08/07/2025,2025-07-08,36,[07:45-08:00[,2025-07-08 06:45,1533.353,26337.267,17.176,15746.188,10.269,,,,,5940.72,3.874,2944.318,1.92,1706.041,1.113
08/07/2025,2025-07-08,37,[08:00-08:15[,2025-07-08 07:00,1591.955,25788.403,16.199,19214.046,12.069,,,,,3973.494,2.496,2746.874,1.725,-146.01,-0.092
08/07/2025,2025-07-08,38,[08:15-08:30[,2025-07-08 07:15,1633.347,27597.42,16.896,19214.046,11.764,,,,,5278.504,3.232,2889.4,1.769,215.471,0.132
08/07/2025,2025-07-08,39,[08:30-08:45[,2025-07-08 07:30,1625.877,26853.277,16.516,19214.046,11.818,,,,,5819.282,3.579,1921.252,1.182,-101.303,-0.062
08/07/2025,2025-07-08,40,[08:45-09:00[,2025-07-08 07:45,1640.376,27666.188,16.866,19214.046,11.713,,,,,6688.684,4.078,2017.901,1.23,-254.442,-0.155
08/07/2025,2025-07-08,41,[09:00-09:15[,2025-07-08 08:00,1662.241,28399.122,17.085,21271.961,12.797,,,,,5390.28,3.243,1835.774,1.104,-98.893,-0.059
08/07/2025,2025-07-08,42,[09:15-09:30[,2025-07-08 08:15,1667.748,28078.167,16.836,21271.961,12.755,,,,,5390.28,3.232,2091.412,1.254,-675.486,-0.405
08/07/2025,2025-07-08,43,[09:30-09:45[,2025-07-08 08:30,1664.55,30275.2,18.188,21271.961,12.779,,,,,5390.28,3.238,1951.128,1.172,1661.832,0.998
08/07/2025,2025-07-08,44,[09:45-10:00[,2025-07-08 08:45,1683.7,33324.86,19.793,21271.961,12.634,,,,,5390.28,3.201,2892.219,1.718,3770.401,2.239
08/07/2025,2025-07-08,45,[10:00-10:15[,2025-07-08 09:00,1678.837,43037.577,25.635,21569.454,12.848,,,,,5097.71,3.036,2871.562,1.71,13498.851,8.041
08/07/2025,2025-07-08,46,[10:15-10:30[,2025-07-08 09:15,1689.323,19866.612,11.76,21569.454,12.768,,,,,5097.71,3.018,2634.465,1.559,-9435.017,-5.585
08/07/2025,2025-07-08,47,[10:30-10:45[,2025-07-08 09:30,1679.652,28827.668,17.163,21569.454,12.842,,,,,5097.71,3.035,2712.66,1.615,-552.156,-0.329
08/07/2025,2025-07-08,48,[10:45-11:00[,2025-07-08 09:45,1693.267,33182.656,19.597,21569.454,12.738,,,,,5097.71,3.011,2803.201,1.655,3712.291,2.192
08/07/2025,2025-07-08,49,[11:00-11:15[,2025-07-08 10:00,1693.852,29676.546,17.52,21569.619,12.734,,,,,5422.5,3.201,2178.119,1.286,506.308,0.299
08/07/2025,2025-07-08,50,[11:15-11:30[,2025-07-08 10:15,1703.051,34950.21,20.522,21569.619,12.665,,,,,5422.5,3.184,2754.501,1.617,5203.59,3.055
08/07/2025,2025-07-08,51,[11:30-11:45[,2025-07-08 10:30,1713.398,31086.418,18.143,21569.619,12.589,,,,,5422.5,3.165,2745.614,1.602,1348.685,0.787
08/07/2025,2025-07-08,52,[11:45-12:00[,2025-07-08 10:45,1714.223,31805.585,18.554,21569.619,12.583,,,,,5422.5,3.163,2599.014,1.516,2214.452,1.292
08/07/2025,2025-07-08,53,[12:00-12:15[,2025-07-08 11:00,1699.179,29413.882,17.311,21412.684,12.602,,,,,5458.32,3.212,2600.308,1.53,-57.43,-0.034
08/07/2025,2025-07-08,54,[12:15-12:30[,2025-07-08 11:15,1691.717,29968.423,17.715,21412.684,12.657,,,,,5458.32,3.226,2464.253,1.457,633.166,0.374
08/07/2025,2025-07-08,55,[12:30-12:45[,2025-07-08 11:30,1677.972,30225.844,18.013,21412.684,12.761,,,,,5458.32,3.253,2696.55,1.607,658.29,0.392
08/07/2025,2025-07-08,56,[12:45-13:00[,2025-07-08 11:45,1673.595,29953.878,17.898,21412.684,12.794,,,,,5458.32,3.261,2701.099,1.614,381.776,0.228
08/07/2025,2025-07-08,57,[13:00-13:15[,2025-07-08 12:00,1652.863,30466.863,18.433,21306.094,12.89,,,,,5308.74,3.212,2346.879,1.42,1505.151,0.911
08/07/2025,2025-07-08,58,[13:15-13:30[,2025-07-08 12:15,1662.411,31083.963,18.698,21306.094,12.816,,,,,5308.74,3.193,2666.9,1.604,1802.229,1.084
08/07/2025,2025-07-08,59,[13:30-13:45[,2025-07-08 12:30,1679.869,39438.084,23.477,21306.094,12.683,,,,,5308.74,3.16,2667.607,1.588,10155.644,6.045
08/07/2025,2025-07-08,60,[13:45-14:00[,2025-07-08 12:45,1667.884,34100.586,20.445,21306.094,12.774,,,,,5308.74,3.183,2599.109,1.558,4886.643,2.93
08/07/2025,2025-07-08,61,[14:00-14:15[,2025-07-08 13:00,1704.776,35018.384,20.541,21185.149,12.427,,,,,5200.26,3.05,2704.889,1.587,5928.085,3.477
08/07/2025,2025-07-08,62,[14:15-14:30[,2025-07-08 13:15,1723.606,36683.19,21.283,21185.149,12.291,,,,,5200.26,3.017,2478.012,1.438,7819.769,4.537
08/07/2025,2025-07-08,63,[14:30-14:45[,2025-07-08 13:30,1720.806,40582.237,23.583,21185.149,12.311,,,,,5200.26,3.022,2611.42,1.518,11585.408,6.733
08/07/2025,2025-07-08,64,[14:45-15:00[,2025-07-08 13:45,1734.459,40169.275,23.16,21185.149,12.214,,,,,5200.26,2.998,2696.777,1.555,11087.089,6.392
08/07/2025,2025-07-08,65,[15:00-15:15[,2025-07-08 14:00,1732.957,33494.607,19.328,20970.988,12.101,,,,,5104.41,2.945,2494.353,1.439,4924.856,2.842
08/07/2025,2025-07-08,66,[15:15-15:30[,2025-07-08 14:15,1734.182,32614.829,18.807,20970.988,12.093,,,,,5104.41,2.943,2738.66,1.579,3800.771,2.192
08/07/2025,2025-07-08,67,[15:30-15:45[,2025-07-08 14:30,1735.339,33361.361,19.225,20970.988,12.085,,,,,5104.41,2.941,2749.196,1.584,4536.767,2.614
08/07/2025,2025-07-08,68,[15:45-16:00[,2025-07-08 14:45,1737.355,34165.729,19.665,20970.988,12.071,,,,,5104.41,2.938,2556.766,1.472,5533.566,3.185
08/07/2025,2025-07-08,69,[16:00-16:15[,2025-07-08 15:00,1745.377,19775.039,11.33,19344.703,11.083,,,,,3634.429,2.082,2781.699,1.594,-5985.792,-3.43
08/07/2025,2025-07-08,70,[16:15-16:30[,2025-07-08 15:15,1745.43,27122.824,15.539,19344.703,11.083,,,,,3596.35,2.06,2630.291,1.507,1551.48,0.889
08/07/2025,2025-07-08,71,[16:30-16:45[,2025-07-08 15:30,1764.47,25442.085,14.419,19344.703,10.963,,,,,3873.45,2.195,2821.709,1.599,-597.777,-0.339
08/07/2025,2025-07-08,72,[16:45-17:00[,2025-07-08 15:45,1780.881,27423.158,15.399,19344.703,10.862,,,,,3915.95,2.199,2911.479,1.635,1251.027,0.702
08/07/2025,2025-07-08,73,[17:00-17:15[,2025-07-08 16:00,1750.039,16390.213,9.366,15076.71,8.615,,,,,4133.42,2.362,2663.772,1.522,-5483.689,-3.133
08/07/2025,2025-07-08,74,[17:15-17:30[,2025-07-08 16:15,1767.773,21260.106,12.026,15076.71,8.529,,,,,4133.42,2.338,2958.066,1.673,-908.09,-0.514
08/07/2025,2025-07-08,75,[17:30-17:45[,2025-07-08 16:30,1775.686,21164.376,11.919,15076.71,8.491,,,,,4133.42,2.328,2881.967,1.623,-927.721,-0.522
08/07/2025,2025-07-08,76,[17:45-18:00[,2025-07-08 16:45,1770.373,32421.656,18.313,15076.71,8.516,,,6130.651,3.463,4133.42,2.335,2932.122,1.656,4148.753,2.343
08/07/2025,2025-07-08,77,[18:00-18:15[,2025-07-08 17:00,1774.607,16078.02,9.06,15604.267,8.793,,,,,3174.066,1.789,2945.647,1.66,-5645.96,-3.182
08/07/2025,2025-07-08,78,[18:15-18:30[,2025-07-08 17:15,1789.63,18628.426,10.409,15604.267,8.719,,,,,3123.6,1.745,2679.051,1.497,-2778.492,-1.553
08/07/2025,2025-07-08,79,[18:30-18:45[,2025-07-08 17:30,1812.991,18778.767,10.358,15604.267,8.607,,,,,3316.8,1.829,2982.439,1.645,-3124.738,-1.724
08/07/2025,2025-07-08,80,[18:45-19:00[,2025-07-08 17:45,1822.575,20531.028,11.265,15604.267,8.562,,,,,3316.8,1.82,2130.075,1.169,-520.114,-0.285
08/07/2025,2025-07-08,81,[19:00-19:15[,2025-07-08 18:00,1834.259,11760.751,6.412,9265.575,5.051,,,,,4262.5,2.324,1382.108,0.753,-3149.432,-1.717
08/07/2025,2025-07-08,82,[19:15-19:30[,2025-07-08 18:15,1863.692,13881.504,7.448,9265.575,4.972,,,,,4262.5,2.287,1430.127,0.767,-1076.698,-0.578
08/07/2025,2025-07-08,83,[19:30-19:45[,2025-07-08 18:30,1888.075,10119.361,5.36,9265.575,4.907,,,,,4262.5,2.258,1293.372,0.685,-4702.086,-2.49
08/07/2025,2025-07-08,84,[19:45-20:00[,2025-07-08 18:45,1911.681,10867.972,5.685,9265.575,4.847,,,,,3300,1.726,1427.333,0.747,-3124.936,-1.635
08/07/2025,2025-07-08,85,[20:00-20:15[,2025-07-08 19:00,1905.263,10286.507,5.399,6293.372,3.303,,,,,4457.04,2.339,1262.837,0.663,-1726.742,-0.906
08/07/2025,2025-07-08,86,[20:15-20:30[,2025-07-08 19:15,1899.955,11895.159,6.261,6293.372,3.312,,,,,4457.04,2.346,1244.282,0.655,-99.535,-0.052
08/07/2025,2025-07-08,87,[20:30-20:45[,2025-07-08 19:30,1889.801,12463.784,6.595,6293.372,3.33,,,,,4457.04,2.358,1288.28,0.682,425.092,0.225
08/07/2025,2025-07-08,88,[20:45-21:00[,2025-07-08 19:45,1879.052,19478.14,10.366,6293.372,3.349,,,,,4457.04,2.372,1318.494,0.702,7409.234,3.943
08/07/2025,2025-07-08,89,[21:00-21:15[,2025-07-08 20:00,1875.796,12447.467,6.636,6293.81,3.355,,,,,3840,2.047,1274.518,0.679,1039.14,0.554
08/07/2025,2025-07-08,90,[21:15-21:30[,2025-07-08 20:15,1883.394,11519.911,6.117,6293.81,3.342,,,,,3840,2.039,1276.986,0.678,109.115,0.058
08/07/2025,2025-07-08,91,[21:30-21:45[,2025-07-08 20:30,1872.057,11429.636,6.105,6293.81,3.362,,,366.125,0.196,3840,2.051,1244.839,0.665,-315.138,-0.168
08/07/2025,2025-07-08,92,[21:45-22:00[,2025-07-08 20:45,1844.737,8930.923,4.841,6293.81,3.412,,,,,3840,2.082,1665.949,0.903,-2868.836,-1.555
08/07/2025,2025-07-08,93,[22:00-22:15[,2025-07-08 21:00,1832.986,16245.571,8.863,9309.679,5.079,,,,,4048.8,2.209,2268.952,1.238,618.141,0.337
08/07/2025,2025-07-08,94,[22:15-22:30[,2025-07-08 21:15,1804.102,12138.568,6.728,9309.679,5.16,,,,,4048.8,2.244,2280.614,1.264,-3500.524,-1.94
08/07/2025,2025-07-08,95,[22:30-22:45[,2025-07-08 21:30,1771.714,14175.324,8.001,9309.679,5.255,,,,,4048.8,2.285,2244.492,1.267,-1427.647,-0.806
08/07/2025,2025-07-08,96,[22:45-23:00[,2025-07-08 21:45,1713.831,17218.37,10.047,9309.679,5.432,,,,,4048.8,2.362,2028.801,1.184,1831.09,1.068
09/07/2025,2025-07-09,1,[23:00-23:15[,2025-07-08 22:00,1678.764,7400.137,4.408,1511.194,0.9,,,,,3190.72,1.901,2848.246,1.697,-150.023,-0.089
09/07/2025,2025-07-09,2,[23:15-23:30[,2025-07-08 22:15,1649.876,9638.015,5.842,1511.194,0.916,,,,,3190.72,1.934,3416.421,2.071,1519.681,0.921
09/07/2025,2025-07-09,3,[23:30-23:45[,2025-07-08 22:30,1624.714,9444.092,5.813,1511.194,0.93,,,,,3190.72,1.964,3408.247,2.098,1333.931,0.821
09/07/2025,2025-07-09,4,[23:45-00:00[,2025-07-08 22:45,1591.365,9448.783,5.938,1511.194,0.95,,,,,3190.72,2.005,3279.295,2.061,1467.574,0.922
09/07/2025,2025-07-09,5,[00:00-00:15[,2025-07-08 23:00,1554.908,9739.831,6.264,2603.838,1.675,,,,,2992.48,1.925,3481,2.239,662.514,0.426
09/07/2025,2025-07-09,6,[00:15-00:30[,2025-07-08 23:15,1535.561,8953.304,5.831,2603.838,1.696,,,,,2992.48,1.949,3481,2.267,-124.013,-0.081
09/07/2025,2025-07-09,7,[00:30-00:45[,2025-07-08 23:30,1508.679,9210.186,6.105,2603.838,1.726,,,,,2992.48,1.984,3389.889,2.247,223.98,0.148
09/07/2025,2025-07-09,8,[00:45-01:00[,2025-07-08 23:45,1486.601,9212.248,6.197,2603.838,1.752,,,,,2992.48,2.013,3456.39,2.325,159.54,0.107
09/07/2025,2025-07-09,9,[01:00-01:15[,2025-07-09 00:00,1451.623,9503.862,6.547,3032.069,2.089,,,,,2718.72,1.873,3253.978,2.242,499.096,0.344
09/07/2025,2025-07-09,10,[01:15-01:30[,2025-07-09 00:15,1442.919,9371.683,6.495,3032.069,2.101,,,,,2718.72,1.884,3517,2.437,103.895,0.072
09/07/2025,2025-07-09,11,[01:30-01:45[,2025-07-09 00:30,1431.311,9529.411,6.658,3032.069,2.118,,,,,2718.72,1.899,3500.606,2.446,278.016,0.194
09/07/2025,2025-07-09,12,[01:45-02:00[,2025-07-09 00:45,1387.939,9203.164,6.631,3032.069,2.185,,,,,2718.72,1.959,3116.787,2.246,335.589,0.242
09/07/2025,2025-07-09,13,[02:00-02:15[,2025-07-09 01:00,1386.735,9113.305,6.572,2717.975,1.96,,,,,2605.44,1.879,3501.228,2.525,288.661,0.208
09/07/2025,2025-07-09,14,[02:15-02:30[,2025-07-09 01:15,1369.571,8201.843,5.989,2717.975,1.985,,,,,2605.44,1.902,3501.47,2.557,-623.043,-0.455
09/07/2025,2025-07-09,15,[02:30-02:45[,2025-07-09 01:30,1345.422,8906.476,6.62,2717.975,2.02,,,,,2605.44,1.937,3150.179,2.341,432.882,0.322
09/07/2025,2025-07-09,16,[02:45-03:00[,2025-07-09 01:45,1346.271,8933.233,6.636,2717.975,2.019,,,,,2605.44,1.935,3390.899,2.519,218.919,0.163
09/07/2025,2025-07-09,17,[03:00-03:15[,2025-07-09 02:00,1340.46,7562.099,5.641,1845.125,1.376,,,,,2577.12,1.923,3342.16,2.493,-202.306,-0.151
09/07/2025,2025-07-09,18,[03:15-03:30[,2025-07-09 02:15,1336.12,7915.612,5.924,1845.125,1.381,,,,,2577.12,1.929,3409.039,2.551,84.328,0.063
09/07/2025,2025-07-09,19,[03:30-03:45[,2025-07-09 02:30,1311.153,9061.889,6.911,1845.125,1.407,,,,,2577.12,1.966,3184.021,2.428,1455.624,1.11
09/07/2025,2025-07-09,20,[03:45-04:00[,2025-07-09 02:45,1313.734,8090.79,6.159,1845.125,1.404,,,,,2577.12,1.962,3176.968,2.418,491.577,0.374
09/07/2025,2025-07-09,21,[04:00-04:15[,2025-07-09 03:00,1326.592,6512.29,4.909,1552.45,1.17,,,,,2652.64,2,3415.993,2.575,-1108.793,-0.836
09/07/2025,2025-07-09,22,[04:15-04:30[,2025-07-09 03:15,1315.632,7116.946,5.41,1552.45,1.18,,,,,2652.64,2.016,3481,2.646,-569.144,-0.433
09/07/2025,2025-07-09,23,[04:30-04:45[,2025-07-09 03:30,1302.376,7798.399,5.988,1552.45,1.192,,,,,2652.64,2.037,3258.256,2.502,335.052,0.257
09/07/2025,2025-07-09,24,[04:45-05:00[,2025-07-09 03:45,1310.898,10486.879,8,1552.45,1.184,,,,,2652.64,2.024,3481,2.655,2800.789,2.137
09/07/2025,2025-07-09,25,[05:00-05:15[,2025-07-09 04:00,1327.248,5326.778,4.013,2064.919,1.556,,,,,2662.08,2.006,3242.272,2.443,-2642.492,-1.991
09/07/2025,2025-07-09,26,[05:15-05:30[,2025-07-09 04:15,1319.594,7750.927,5.874,2064.919,1.565,,,,,2662.08,2.017,3442.874,2.609,-418.945,-0.317
09/07/2025,2025-07-09,27,[05:30-05:45[,2025-07-09 04:30,1331.809,6638.101,4.984,2064.919,1.55,,,,,2662.08,1.999,3452.358,2.592,-1541.256,-1.157
09/07/2025,2025-07-09,28,[05:45-06:00[,2025-07-09 04:45,1330.173,7537.892,5.667,2064.919,1.552,,,,,2662.08,2.001,3164.253,2.379,-353.359,-0.266
09/07/2025,2025-07-09,29,[06:00-06:15[,2025-07-09 05:00,1362.291,5834.634,4.283,1312.819,0.964,,,,,2935.84,2.155,3440.18,2.525,-1854.204,-1.361
09/07/2025,2025-07-09,30,[06:15-06:30[,2025-07-09 05:15,1366.757,6649.117,4.865,1312.819,0.961,,,,,2935.84,2.148,3397.624,2.486,-997.166,-0.73
09/07/2025,2025-07-09,31,[06:30-06:45[,2025-07-09 05:30,1393.416,7749.658,5.562,1312.819,0.942,,,,,2935.84,2.107,3344.896,2.401,156.104,0.112
09/07/2025,2025-07-09,32,[06:45-07:00[,2025-07-09 05:45,1431.491,6453.2,4.508,1312.819,0.917,,,,,2935.84,2.051,3480.613,2.431,-1276.072,-0.891
09/07/2025,2025-07-09,33,[07:00-07:15[,2025-07-09 06:00,1459.73,3595.374,2.463,1820.256,1.247,,,,,3096.32,2.121,3337.387,2.286,-4658.589,-3.191
09/07/2025,2025-07-09,34,[07:15-07:30[,2025-07-09 06:15,1506.887,10744.327,7.13,1820.256,1.208,,,,,3096.32,2.055,3448.977,2.289,2378.773,1.579
09/07/2025,2025-07-09,35,[07:30-07:45[,2025-07-09 06:30,1547.759,7503.962,4.848,1820.256,1.176,,,,,3096.32,2.001,3412.774,2.205,-825.388,-0.533
09/07/2025,2025-07-09,36,[07:45-08:00[,2025-07-09 06:45,1578.437,5463.776,3.462,1820.256,1.153,,,,,3096.32,1.962,2651.712,1.68,-2104.512,-1.333
09/07/2025,2025-07-09,37,[08:00-08:15[,2025-07-09 07:00,1633.237,8724.637,5.342,3349.469,2.051,,,,,3039.68,1.861,2919.462,1.788,-583.973,-0.358
09/07/2025,2025-07-09,38,[08:15-08:30[,2025-07-09 07:15,1681.668,8108.275,4.822,3349.469,1.992,,,,,3039.68,1.808,2975.985,1.77,-1256.859,-0.747
09/07/2025,2025-07-09,39,[08:30-08:45[,2025-07-09 07:30,1694.569,8226.265,4.854,3349.469,1.977,,,,,3039.68,1.794,2653.424,1.566,-816.308,-0.482
09/07/2025,2025-07-09,40,[08:45-09:00[,2025-07-09 07:45,1709.705,6520.495,3.814,3349.469,1.959,,,,,3039.68,1.778,2778.278,1.625,-2646.931,-1.548
09/07/2025,2025-07-09,41,[09:00-09:15[,2025-07-09 08:00,1745.948,18541.89,10.62,10749.896,6.157,,,,,8200.5,4.697,3291.021,1.885,-3699.526,-2.119
09/07/2025,2025-07-09,42,[09:15-09:30[,2025-07-09 08:15,1742.842,21965.86,12.603,10749.896,6.168,,,,,8200.5,4.705,3433.595,1.97,-418.13,-0.24
09/07/2025,2025-07-09,43,[09:30-09:45[,2025-07-09 08:30,1747.615,25475.939,14.578,10749.896,6.151,,,,,8200.5,4.692,3412.646,1.953,3112.897,1.781
09/07/2025,2025-07-09,44,[09:45-10:00[,2025-07-09 08:45,1722.987,20688.582,12.007,10749.896,6.239,,,,,8200.5,4.759,3201.328,1.858,-1463.141,-0.849
09/07/2025,2025-07-09,45,[10:00-10:15[,2025-07-09 09:00,1716.224,26997.464,15.731,13685.638,7.974,,,,,6195.2,3.61,3353.961,1.954,3762.666,2.192
09/07/2025,2025-07-09,46,[10:15-10:30[,2025-07-09 09:15,1720.548,27692.318,16.095,13685.638,7.954,,,,,6195.2,3.601,3266.473,1.899,4545.007,2.642
09/07/2025,2025-07-09,47,[10:30-10:45[,2025-07-09 09:30,1691.61,28668.983,16.948,13685.638,8.09,,,,,6195.2,3.662,2933.269,1.734,5854.877,3.461
09/07/2025,2025-07-09,48,[10:45-11:00[,2025-07-09 09:45,1693.854,30988.217,18.295,13685.638,8.08,,,,,6195.2,3.657,3226.935,1.905,7880.445,4.652
09/07/2025,2025-07-09,49,[11:00-11:15[,2025-07-09 10:00,1697.359,27252.452,16.056,14434.333,8.504,,,,,7739.96,4.56,3133.986,1.846,1944.173,1.145
09/07/2025,2025-07-09,50,[11:15-11:30[,2025-07-09 10:15,1681.1,27886.195,16.588,14434.333,8.586,,,,,7739.96,4.604,3181.416,1.892,2530.486,1.505
09/07/2025,2025-07-09,51,[11:30-11:45[,2025-07-09 10:30,1686.492,28135.439,16.683,14434.333,8.559,,,,,7739.96,4.589,3180.461,1.886,2780.685,1.649
09/07/2025,2025-07-09,52,[11:45-12:00[,2025-07-09 10:45,1674.652,28038.228,16.743,14434.333,8.619,,,,,7739.96,4.622,2973.042,1.775,2890.893,1.726
09/07/2025,2025-07-09,53,[12:00-12:15[,2025-07-09 11:00,1652.993,24750.205,14.973,14266.259,8.631,,,,,7432.8,4.497,3117.046,1.886,-65.9,-0.04
09/07/2025,2025-07-09,54,[12:15-12:30[,2025-07-09 11:15,1640.702,24297.266,14.809,14266.259,8.695,,,,,7432.8,4.53,3034.3,1.849,-436.092,-0.266
09/07/2025,2025-07-09,55,[12:30-12:45[,2025-07-09 11:30,1605.881,24362.432,15.171,14266.259,8.884,,,,,7432.8,4.628,2853.93,1.777,-190.556,-0.119
09/07/2025,2025-07-09,56,[12:45-13:00[,2025-07-09 11:45,1603.718,25950.85,16.182,14266.259,8.896,,,,,7432.8,4.635,3080.971,1.921,1170.82,0.73
09/07/2025,2025-07-09,57,[13:00-13:15[,2025-07-09 12:00,1592.737,23829.365,14.961,14266.259,8.957,,,,,7487.14,4.701,2846.476,1.787,-770.51,-0.484
09/07/2025,2025-07-09,58,[13:15-13:30[,2025-07-09 12:15,1594.81,24338.99,15.261,14266.259,8.945,,,,,7487.14,4.695,3116.479,1.954,-530.887,-0.333
09/07/2025,2025-07-09,59,[13:30-13:45[,2025-07-09 12:30,1599.692,24345.252,15.219,14266.259,8.918,,,,,7487.14,4.68,3101.851,1.939,-509.998,-0.319
09/07/2025,2025-07-09,60,[13:45-14:00[,2025-07-09 12:45,1599.974,24020.246,15.013,14266.259,8.917,,,,,7487.14,4.68,2704.836,1.691,-437.988,-0.274
09/07/2025,2025-07-09,61,[14:00-14:15[,2025-07-09 13:00,1611.135,25303.171,15.705,14369.938,8.919,,,,,7734.44,4.801,3095.945,1.922,102.848,0.064
09/07/2025,2025-07-09,62,[14:15-14:30[,2025-07-09 13:15,1623.725,24863.699,15.313,14369.938,8.85,,,,,7734.44,4.763,3134.909,1.931,-375.588,-0.231
09/07/2025,2025-07-09,63,[14:30-14:45[,2025-07-09 13:30,1628.903,24510.606,15.047,14369.938,8.822,,,,,7734.44,4.748,2973.877,1.826,-567.649,-0.348
09/07/2025,2025-07-09,64,[14:45-15:00[,2025-07-09 13:45,1626.418,24910.231,15.316,14369.938,8.835,,,,,7734.44,4.756,3114.478,1.915,-308.625,-0.19
09/07/2025,2025-07-09,65,[15:00-15:15[,2025-07-09 14:00,1628.713,22079.399,13.556,12707.164,7.802,,,,,6749.28,4.144,2856.312,1.754,-233.357,-0.143
09/07/2025,2025-07-09,66,[15:15-15:30[,2025-07-09 14:15,1643.352,20389.608,12.407,12707.164,7.732,,,,,6749.28,4.107,3171.392,1.93,-2238.227,-1.362
09/07/2025,2025-07-09,67,[15:30-15:45[,2025-07-09 14:30,1634.47,21105.823,12.913,12707.164,7.774,,,,,6749.28,4.129,3173.691,1.942,-1524.312,-0.933
09/07/2025,2025-07-09,68,[15:45-16:00[,2025-07-09 14:45,1632.759,22069.392,13.517,12707.164,7.783,,,,,6749.28,4.134,2986.534,1.829,-373.586,-0.229
09/07/2025,2025-07-09,69,[16:00-16:15[,2025-07-09 15:00,1650.901,18825.729,11.403,9662.319,5.853,,,2488.968,1.508,7632,4.623,3131.774,1.897,-4089.332,-2.477
09/07/2025,2025-07-09,70,[16:15-16:30[,2025-07-09 15:15,1638.748,14414.178,8.796,9662.319,5.896,,,,,7632,4.657,2751.6,1.679,-5631.741,-3.437
09/07/2025,2025-07-09,71,[16:30-16:45[,2025-07-09 15:30,1661.115,16891.437,10.169,9662.319,5.817,,,,,7632,4.595,3172.879,1.91,-3575.761,-2.153
09/07/2025,2025-07-09,72,[16:45-17:00[,2025-07-09 15:45,1661.288,16837.525,10.135,9662.319,5.816,,,,,7632,4.594,3206.512,1.93,-3663.306,-2.205
09/07/2025,2025-07-09,73,[17:00-17:15[,2025-07-09 16:00,1617.711,13762.086,8.507,7333.5,4.533,,,,,7978.58,4.932,1630.312,1.008,-3180.306,-1.966
09/07/2025,2025-07-09,74,[17:15-17:30[,2025-07-09 16:15,1619.019,16152.164,9.977,7333.5,4.53,,,,,7978.58,4.928,1590.44,0.982,-750.356,-0.463
09/07/2025,2025-07-09,75,[17:30-17:45[,2025-07-09 16:30,1629.956,15785.196,9.684,7333.5,4.499,,,,,7978.58,4.895,1627.005,0.998,-1153.888,-0.708
09/07/2025,2025-07-09,76,[17:45-18:00[,2025-07-09 16:45,1643.562,16567.686,10.08,7333.5,4.462,,,,,7978.58,4.854,1680.466,1.022,-424.859,-0.258
09/07/2025,2025-07-09,77,[18:00-18:15[,2025-07-09 17:00,1646.984,15315.786,9.299,1545.838,0.939,11780.913,7.153,,,2964.16,1.8,1619.143,0.983,-2594.268,-1.575
09/07/2025,2025-07-09,78,[18:15-18:30[,2025-07-09 17:15,1668.405,10836.322,6.495,1545.838,0.927,11780.913,7.061,,,2964.16,1.777,1613.776,0.967,-7068.364,-4.237
09/07/2025,2025-07-09,79,[18:30-18:45[,2025-07-09 17:30,1691.273,11025.857,6.519,1545.838,0.914,11780.913,6.966,,,2964.16,1.753,1493.287,0.883,-6758.341,-3.996
09/07/2025,2025-07-09,80,[18:45-19:00[,2025-07-09 17:45,1722.409,10598.101,6.153,1545.838,0.897,11780.913,6.84,,,2964.16,1.721,1426.154,0.828,-7118.963,-4.133
09/07/2025,2025-07-09,81,[19:00-19:15[,2025-07-09 18:00,1749.077,11005.752,6.292,787.993,0.451,11780.913,6.736,,,2586.56,1.479,1523.15,0.871,-5672.864,-3.243
09/07/2025,2025-07-09,82,[19:15-19:30[,2025-07-09 18:15,1778.003,11197.539,6.298,787.993,0.443,11780.913,6.626,,,2586.56,1.455,1528.319,0.86,-5486.246,-3.086
09/07/2025,2025-07-09,83,[19:30-19:45[,2025-07-09 18:30,1801.805,6564.916,3.644,787.993,0.437,11780.913,6.538,,,2586.56,1.436,1529.076,0.849,-10119.625,-5.616
09/07/2025,2025-07-09,84,[19:45-20:00[,2025-07-09 18:45,1817.597,9739.027,5.358,787.993,0.434,11780.913,6.482,,,2586.56,1.423,1556.126,0.856,-6972.564,-3.836
09/07/2025,2025-07-09,85,[20:00-20:15[,2025-07-09 19:00,1822.469,3133.208,1.719,-3367.016,-1.848,11780.913,6.464,,,2765.92,1.518,1495.234,0.82,-9541.843,-5.236
09/07/2025,2025-07-09,86,[20:15-20:30[,2025-07-09 19:15,1815.359,4288.431,2.362,-3367.016,-1.855,11780.913,6.49,,,2765.92,1.524,1487.021,0.819,-8378.407,-4.615
09/07/2025,2025-07-09,87,[20:30-20:45[,2025-07-09 19:30,1806.618,-680.744,-0.377,-3367.016,-1.864,11780.913,6.521,,,2765.92,1.531,1549.656,0.858,-13410.217,-7.423
09/07/2025,2025-07-09,88,[20:45-21:00[,2025-07-09 19:45,1796.671,4944.82,2.752,-3367.016,-1.874,11780.913,6.557,,,2765.92,1.539,1621.71,0.903,-7856.707,-4.373
09/07/2025,2025-07-09,89,[21:00-21:15[,2025-07-09 20:00,1786.843,6915.123,3.87,-2270.865,-1.271,11780.913,6.593,,,3001.92,1.68,1417.625,0.793,-7014.471,-3.926
09/07/2025,2025-07-09,90,[21:15-21:30[,2025-07-09 20:15,1800.245,2529.638,1.405,-2270.865,-1.261,11780.913,6.544,,,3001.92,1.668,1513.679,0.841,-11496.008,-6.386
09/07/2025,2025-07-09,91,[21:30-21:45[,2025-07-09 20:30,1794.317,3755.994,2.093,-2270.865,-1.266,11780.913,6.566,,,3001.92,1.673,1587.994,0.885,-10343.968,-5.765
09/07/2025,2025-07-09,92,[21:45-22:00[,2025-07-09 20:45,1768.382,3113.006,1.76,-2270.865,-1.284,11780.913,6.662,,,3001.92,1.698,1638.873,0.927,-11037.835,-6.242
09/07/2025,2025-07-09,93,[22:00-22:15[,2025-07-09 21:00,1743.397,7842.271,4.498,281.763,0.162,11780.913,6.757,,,3162.4,1.814,1638.591,0.94,-9021.396,-5.175
09/07/2025,2025-07-09,94,[22:15-22:30[,2025-07-09 21:15,1711.628,6837.353,3.995,281.763,0.165,11780.913,6.883,,,3162.4,1.848,1595.023,0.932,-9982.746,-5.832
09/07/2025,2025-07-09,95,[22:30-22:45[,2025-07-09 21:30,1683.125,7330.512,4.355,281.763,0.167,11780.913,6.999,,,3162.4,1.879,1608.58,0.956,-9503.143,-5.646
09/07/2025,2025-07-09,96,[22:45-23:00[,2025-07-09 21:45,1646.865,7579.527,4.602,281.763,0.171,11780.913,7.154,,,3162.4,1.92,1635.943,0.993,-9281.491,-5.636
10/07/2025,2025-07-10,1,[23:00-23:15[,2025-07-09 22:00,1620.508,8787.05,5.422,827.188,0.51,10389.313,6.411,,,4864,3.002,2499.953,1.543,-9793.403,-6.043
10/07/2025,2025-07-10,2,[23:15-23:30[,2025-07-09 22:15,1589.629,9865.25,6.206,827.188,0.52,7414.413,4.664,,,4848,3.05,2682.458,1.687,-5906.808,-3.716
10/07/2025,2025-07-10,3,[23:30-23:45[,2025-07-09 22:30,1552.179,9329.602,6.011,827.188,0.533,4609.913,2.97,,,4014.674,2.586,2629.763,1.694,-2751.936,-1.773
10/07/2025,2025-07-10,4,[23:45-00:00[,2025-07-09 22:45,1510.661,6633.383,4.391,827.188,0.548,,,,,3938.26,2.607,2410.202,1.595,-542.266,-0.359
10/07/2025,2025-07-10,5,[00:00-00:15[,2025-07-09 23:00,1507.26,7120.871,4.724,1559.95,1.035,,,622.427,0.413,5204.8,3.453,3453.126,2.291,-3719.432,-2.468
10/07/2025,2025-07-10,6,[00:15-00:30[,2025-07-09 23:15,1486.231,8187.277,5.509,1559.95,1.05,,,,,4658.656,3.135,3445,2.318,-1476.329,-0.993
10/07/2025,2025-07-10,7,[00:30-00:45[,2025-07-09 23:30,1459.93,8896.963,6.094,1559.95,1.069,,,,,4192.16,2.871,3196.546,2.19,-51.694,-0.035
10/07/2025,2025-07-10,8,[00:45-01:00[,2025-07-09 23:45,1427.56,8959.116,6.276,1559.95,1.093,,,,,3965.216,2.778,3237.289,2.268,196.661,0.138
10/07/2025,2025-07-10,9,[01:00-01:15[,2025-07-10 00:00,1419.363,8439.303,5.946,1816.4,1.28,,,,,3523.2,2.482,3170.462,2.234,-70.759,-0.05
10/07/2025,2025-07-10,10,[01:15-01:30[,2025-07-10 00:15,1411.565,8181.324,5.796,1816.4,1.287,,,,,3444,2.44,3431.32,2.431,-510.397,-0.362
10/07/2025,2025-07-10,11,[01:30-01:45[,2025-07-10 00:30,1382.56,9042.065,6.54,1816.4,1.314,,,,,3444,2.491,3445,2.492,336.665,0.244
10/07/2025,2025-07-10,12,[01:45-02:00[,2025-07-10 00:45,1365.441,8261.008,6.05,1816.4,1.33,,,,,3050.46,2.234,3084.95,2.259,309.198,0.226
10/07/2025,2025-07-10,13,[02:00-02:15[,2025-07-10 01:00,1362.236,8664.46,6.36,1871.23,1.374,,,,,3300,2.422,3436.068,2.522,57.162,0.042
10/07/2025,2025-07-10,14,[02:15-02:30[,2025-07-10 01:15,1338.743,8502.605,6.351,1871.23,1.398,,,,,3300,2.465,3431.471,2.563,-100.095,-0.075
10/07/2025,2025-07-10,15,[02:30-02:45[,2025-07-10 01:30,1325.388,9056.129,6.833,1871.23,1.412,,,,,3300,2.49,3174.098,2.395,710.801,0.536
10/07/2025,2025-07-10,16,[02:45-03:00[,2025-07-10 01:45,1318.674,9017.089,6.838,1871.23,1.419,,,,,3300,2.503,3444.82,2.612,401.039,0.304
10/07/2025,2025-07-10,17,[03:00-03:15[,2025-07-10 02:00,1304.367,7602.863,5.829,1871.38,1.435,,,,,2819.45,2.162,3231.614,2.478,-319.581,-0.245
10/07/2025,2025-07-10,18,[03:15-03:30[,2025-07-10 02:15,1297.741,8292.651,6.39,1871.38,1.442,,,,,2819.45,2.173,3440.511,2.651,161.311,0.124
10/07/2025,2025-07-10,19,[03:30-03:45[,2025-07-10 02:30,1297.651,8285.714,6.385,1871.38,1.442,,,,,3172.55,2.445,3445,2.655,-203.216,-0.157
10/07/2025,2025-07-10,20,[03:45-04:00[,2025-07-10 02:45,1295.796,8008.715,6.181,1871.38,1.444,,,,,3264,2.519,3180.209,2.454,-306.874,-0.237
10/07/2025,2025-07-10,21,[04:00-04:15[,2025-07-10 03:00,1277.836,7302.593,5.715,1771.588,1.386,,,,,2331.136,1.824,3051.126,2.388,148.743,0.116
10/07/2025,2025-07-10,22,[04:15-04:30[,2025-07-10 03:15,1286.438,7768.846,6.039,1771.588,1.377,,,,,2466.784,1.918,3344.42,2.6,186.055,0.145
10/07/2025,2025-07-10,23,[04:30-04:45[,2025-07-10 03:30,1281.101,7573.773,5.912,1771.588,1.383,,,,,2622.528,2.047,3236.621,2.526,-56.964,-0.044
10/07/2025,2025-07-10,24,[04:45-05:00[,2025-07-10 03:45,1278.27,8375.559,6.552,1771.588,1.386,,,,,3024,2.366,3359.206,2.628,220.766,0.173
10/07/2025,2025-07-10,25,[05:00-05:15[,2025-07-10 04:00,1292.248,6462.945,5.001,1378.628,1.067,,,,,2830.5,2.19,3121.59,2.416,-867.773,-0.672
10/07/2025,2025-07-10,26,[05:15-05:30[,2025-07-10 04:15,1308.156,1145.387,0.876,1378.628,1.054,,,,,3372,2.578,3422.84,2.617,-7028.081,-5.373
10/07/2025,2025-07-10,27,[05:30-05:45[,2025-07-10 04:30,1304.322,2149.758,1.648,1378.628,1.057,,,,,3358.694,2.575,3433,2.632,-6020.564,-4.616
10/07/2025,2025-07-10,28,[05:45-06:00[,2025-07-10 04:45,1304.109,2003.107,1.536,1378.628,1.057,,,,,4018.3,3.081,3189.741,2.446,-6583.562,-5.048
10/07/2025,2025-07-10,29,[06:00-06:15[,2025-07-10 05:00,1334.464,3734.473,2.798,827.188,0.62,,,,,4120.96,3.088,2827.415,2.119,-4041.089,-3.028
10/07/2025,2025-07-10,30,[06:15-06:30[,2025-07-10 05:15,1327.549,5803.718,4.372,827.188,0.623,,,,,4481.92,3.376,2628.095,1.98,-2133.485,-1.607
10/07/2025,2025-07-10,31,[06:30-06:45[,2025-07-10 05:30,1352.431,6358.753,4.702,827.188,0.612,,,,,4481.92,3.314,2860.853,2.115,-1811.208,-1.339
10/07/2025,2025-07-10,32,[06:45-07:00[,2025-07-10 05:45,1377.988,7167.481,5.201,827.188,0.6,,,,,3609.6,2.619,2861.254,2.076,-130.56,-0.095
10/07/2025,2025-07-10,33,[07:00-07:15[,2025-07-10 06:00,1438.31,5567.083,3.871,3246.951,2.257,,,,,3780,2.628,3030.863,2.107,-4490.731,-3.122
10/07/2025,2025-07-10,34,[07:15-07:30[,2025-07-10 06:15,1485.327,6502.922,4.378,3246.951,2.186,,,,,3975.6,2.677,3323.59,2.238,-4043.218,-2.722
10/07/2025,2025-07-10,35,[07:30-07:45[,2025-07-10 06:30,1522.812,8330.832,5.471,3246.951,2.132,,,,,3070.672,2.016,3161.458,2.076,-1148.249,-0.754
10/07/2025,2025-07-10,36,[07:45-08:00[,2025-07-10 06:45,1555.479,9497.414,6.106,3246.951,2.087,,,,,2914.752,1.874,3260.695,2.096,75.016,0.048
10/07/2025,2025-07-10,37,[08:00-08:15[,2025-07-10 07:00,1641.482,4372.618,2.664,3678.142,2.241,,,,,3780,2.303,3389.906,2.065,-6475.43,-3.945
10/07/2025,2025-07-10,38,[08:15-08:30[,2025-07-10 07:15,1684.333,3978.045,2.362,3678.142,2.184,,,,,3780,2.244,3098.821,1.84,-6578.919,-3.906
10/07/2025,2025-07-10,39,[08:30-08:45[,2025-07-10 07:30,1716.7,4849.38,2.825,3678.142,2.143,,,,,3550.26,2.068,3270.612,1.905,-5649.634,-3.291
10/07/2025,2025-07-10,40,[08:45-09:00[,2025-07-10 07:45,1744.985,5596.076,3.207,3678.142,2.108,,,,,2829.472,1.621,3181.862,1.823,-4093.401,-2.346
10/07/2025,2025-07-10,41,[09:00-09:15[,2025-07-10 08:00,1768.68,7687.208,4.346,3960.404,2.239,,,,,4190.04,2.369,2926.675,1.655,-3389.91,-1.917
10/07/2025,2025-07-10,42,[09:15-09:30[,2025-07-10 08:15,1793.046,6193.239,3.454,3960.404,2.209,,,-386.775,-0.216,3627.3,2.023,3101.734,1.73,-4109.424,-2.292
10/07/2025,2025-07-10,43,[09:30-09:45[,2025-07-10 08:30,1780.724,1589.023,0.892,3960.404,2.224,,,,,3390,1.904,2992.279,1.68,-8753.659,-4.916
10/07/2025,2025-07-10,44,[09:45-10:00[,2025-07-10 08:45,1792.24,12240.34,6.83,3960.404,2.21,,,,,3390,1.891,3033.021,1.692,1856.915,1.036
10/07/2025,2025-07-10,45,[10:00-10:15[,2025-07-10 09:00,1798.917,9083.672,5.05,6418.055,3.568,,,,,3174.92,1.765,3259.599,1.812,-3768.902,-2.095
10/07/2025,2025-07-10,46,[10:15-10:30[,2025-07-10 09:15,1800.006,12831.153,7.128,6418.055,3.566,,,,,2988.16,1.66,3078.99,1.711,345.948,0.192
10/07/2025,2025-07-10,47,[10:30-10:45[,2025-07-10 09:30,1792.047,13342.275,7.445,6418.055,3.581,,,,,2988.16,1.667,3074.847,1.716,861.214,0.481
10/07/2025,2025-07-10,48,[10:45-11:00[,2025-07-10 09:45,1820.125,14907.857,8.191,6418.055,3.526,,,,,2988.16,1.642,3170.979,1.742,2330.664,1.28
10/07/2025,2025-07-10,49,[11:00-11:15[,2025-07-10 10:00,1826.657,12023.224,6.582,7989.363,4.374,,,-237.218,-0.13,3290.04,1.801,3027.518,1.657,-2046.479,-1.12
10/07/2025,2025-07-10,50,[11:15-11:30[,2025-07-10 10:15,1821.189,14238.772,7.818,7989.363,4.387,,,,,3290.04,1.807,3140.648,1.725,-181.279,-0.1
10/07/2025,2025-07-10,51,[11:30-11:45[,2025-07-10 10:30,1825.646,14794.484,8.104,7989.363,4.376,,,,,3290.04,1.802,3180.205,1.742,334.877,0.183
10/07/2025,2025-07-10,52,[11:45-12:00[,2025-07-10 10:45,1812.546,13092.883,7.223,7989.363,4.408,,,,,3290.04,1.815,3072.399,1.695,-1258.918,-0.695
10/07/2025,2025-07-10,53,[12:00-12:15[,2025-07-10 11:00,1788.137,15177.008,8.488,8260.459,4.62,,,,,2978.88,1.666,3038.589,1.699,899.081,0.503
10/07/2025,2025-07-10,54,[12:15-12:30[,2025-07-10 11:15,1754.675,11265.649,6.42,8260.459,4.708,,,,,2978.88,1.698,3005.057,1.713,-2978.746,-1.698
10/07/2025,2025-07-10,55,[12:30-12:45[,2025-07-10 11:30,1713.202,12209.386,7.127,8260.459,4.822,,,,,2978.88,1.739,3064.066,1.789,-2094.019,-1.222
10/07/2025,2025-07-10,56,[12:45-13:00[,2025-07-10 11:45,1699.503,11865.151,6.982,8260.459,4.861,,,,,2978.88,1.753,3099.97,1.824,-2474.158,-1.456
10/07/2025,2025-07-10,57,[13:00-13:15[,2025-07-10 12:00,1663.218,15318.539,9.21,8300.345,4.991,,,,,2978.88,1.791,2809.005,1.689,1230.31,0.74
10/07/2025,2025-07-10,58,[13:15-13:30[,2025-07-10 12:15,1666.546,12748.638,7.65,8300.345,4.981,,,,,2978.88,1.787,2959.331,1.776,-1489.917,-0.894
10/07/2025,2025-07-10,59,[13:30-13:45[,2025-07-10 12:30,1678.016,16842.956,10.037,8300.345,4.947,,,,,2978.88,1.775,2943.73,1.754,2620.002,1.561
10/07/2025,2025-07-10,60,[13:45-14:00[,2025-07-10 12:45,1659.69,14248.794,8.585,8300.345,5.001,,,,,2978.88,1.795,2981.154,1.796,-11.585,-0.007
10/07/2025,2025-07-10,61,[14:00-14:15[,2025-07-10 13:00,1678.506,10059.828,5.993,8335.768,4.966,,,,,2790.72,1.663,3102.218,1.848,-4168.878,-2.484
10/07/2025,2025-07-10,62,[14:15-14:30[,2025-07-10 13:15,1668.731,12074.452,7.236,8335.768,4.995,,,,,2790.72,1.672,2691.39,1.613,-1743.425,-1.045
10/07/2025,2025-07-10,63,[14:30-14:45[,2025-07-10 13:30,1678.049,10642.404,6.342,8335.768,4.968,,,,,2790.72,1.663,3085.869,1.839,-3569.953,-2.127
10/07/2025,2025-07-10,64,[14:45-15:00[,2025-07-10 13:45,1641.724,12436.636,7.575,8335.768,5.077,,,,,2790.72,1.7,2375.602,1.447,-1065.454,-0.649
10/07/2025,2025-07-10,65,[15:00-15:15[,2025-07-10 14:00,1638.909,11075.984,6.758,8486.793,5.178,,,,,2978.88,1.818,1919.264,1.171,-2308.953,-1.409
10/07/2025,2025-07-10,66,[15:15-15:30[,2025-07-10 14:15,1643.103,14061.487,8.558,8486.793,5.165,,,,,2978.88,1.813,1967.623,1.198,628.191,0.382
10/07/2025,2025-07-10,67,[15:30-15:45[,2025-07-10 14:30,1624.646,14618.116,8.998,8486.793,5.224,,,,,2978.88,1.834,1968.498,1.212,1183.945,0.729
10/07/2025,2025-07-10,68,[15:45-16:00[,2025-07-10 14:45,1628.142,15789.165,9.698,8486.793,5.213,,,,,2978.88,1.83,1919.637,1.179,2403.855,1.476
10/07/2025,2025-07-10,69,[16:00-16:15[,2025-07-10 15:00,1623.106,13179.871,8.12,8155.413,5.025,,,,,3319.96,2.045,1886.302,1.162,-181.804,-0.112
10/07/2025,2025-07-10,70,[16:15-16:30[,2025-07-10 15:15,1624.165,12543.528,7.723,8155.413,5.021,,,,,3319.96,2.044,1872.667,1.153,-804.511,-0.495
10/07/2025,2025-07-10,71,[16:30-16:45[,2025-07-10 15:30,1627.911,13809.407,8.483,8155.413,5.01,,,,,3319.96,2.039,1870.924,1.149,463.111,0.284
10/07/2025,2025-07-10,72,[16:45-17:00[,2025-07-10 15:45,1635.205,9781.795,5.982,8155.413,4.987,,,,,3319.96,2.03,1834.571,1.122,-3528.149,-2.158
10/07/2025,2025-07-10,73,[17:00-17:15[,2025-07-10 16:00,1632.016,4588.894,2.812,7094.98,4.347,,,,,2790.72,1.71,1366.6,0.837,-6663.406,-4.083
10/07/2025,2025-07-10,74,[17:15-17:30[,2025-07-10 16:15,1618.385,2813.235,1.738,7094.98,4.384,,,,,2790.72,1.724,1345.041,0.831,-8417.506,-5.201
10/07/2025,2025-07-10,75,[17:30-17:45[,2025-07-10 16:30,1609.021,8501.568,5.284,7094.98,4.41,,,,,2790.72,1.734,1259.165,0.783,-2643.297,-1.643
10/07/2025,2025-07-10,76,[17:45-18:00[,2025-07-10 16:45,1620.075,7642.562,4.717,7094.98,4.379,,,,,3181.36,1.964,1322.292,0.816,-3956.071,-2.442
10/07/2025,2025-07-10,77,[18:00-18:15[,2025-07-10 17:00,1623.168,6968.136,4.293,5119.518,3.154,,,,,2790.72,1.719,1383.384,0.852,-2325.486,-1.433
10/07/2025,2025-07-10,78,[18:15-18:30[,2025-07-10 17:15,1639.506,6819.139,4.159,5119.518,3.123,,,,,2829.472,1.726,1462.944,0.892,-2592.795,-1.581
10/07/2025,2025-07-10,79,[18:30-18:45[,2025-07-10 17:30,1659.429,6115.891,3.686,5119.518,3.085,,,,,4366.168,2.631,1359.957,0.82,-4729.752,-2.85
10/07/2025,2025-07-10,80,[18:45-19:00[,2025-07-10 17:45,1688.124,3901.798,2.311,5119.518,3.033,,,,,3780,2.239,1322.688,0.784,-6320.408,-3.744
10/07/2025,2025-07-10,81,[19:00-19:15[,2025-07-10 18:00,1707.887,3855.436,2.257,1279.783,0.749,,,,,3264,1.911,1342.925,0.786,-2031.272,-1.189
10/07/2025,2025-07-10,82,[19:15-19:30[,2025-07-10 18:15,1731.681,3040.367,1.756,1279.783,0.739,,,,,3135.6,1.811,1350.624,0.78,-2725.639,-1.574
10/07/2025,2025-07-10,83,[19:30-19:45[,2025-07-10 18:30,1748.875,1091.362,0.624,1279.783,0.732,,,,,4352,2.488,1380.807,0.79,-5921.228,-3.386
10/07/2025,2025-07-10,84,[19:45-20:00[,2025-07-10 18:45,1763.265,-1002.259,-0.568,1279.783,0.726,,,,,4352,2.468,1407.64,0.798,-8041.681,-4.561
10/07/2025,2025-07-10,85,[20:00-20:15[,2025-07-10 19:00,1763.806,-5946.791,-3.372,88.467,0.05,,,,,4864,2.758,1331.536,0.755,-12230.793,-6.934
10/07/2025,2025-07-10,86,[20:15-20:30[,2025-07-10 19:15,1752.779,-8090.22,-4.616,88.467,0.05,,,,,4864,2.775,1269.447,0.724,-14312.133,-8.165
10/07/2025,2025-07-10,87,[20:30-20:45[,2025-07-10 19:30,1745.644,-8142.378,-4.664,88.467,0.051,,,,,4864,2.786,1351.295,0.774,-14446.139,-8.276
10/07/2025,2025-07-10,88,[20:45-21:00[,2025-07-10 19:45,1741.671,-5262.753,-3.022,88.467,0.051,,,,,4864,2.793,1475.826,0.847,-11691.046,-6.713
10/07/2025,2025-07-10,89,[21:00-21:15[,2025-07-10 20:00,1739.198,-8995.556,-5.172,497.474,0.286,,,,,4864,2.797,1489.954,0.857,-15846.983,-9.112
10/07/2025,2025-07-10,90,[21:15-21:30[,2025-07-10 20:15,1752.893,-10781.863,-6.151,497.474,0.284,,,,,4864,2.775,1456.374,0.831,-17599.711,-10.04
10/07/2025,2025-07-10,91,[21:30-21:45[,2025-07-10 20:30,1735.818,-11044.488,-6.363,497.474,0.287,,,,,4864,2.802,1389.605,0.801,-17795.567,-10.252
10/07/2025,2025-07-10,92,[21:45-22:00[,2025-07-10 20:45,1711.833,-8817.769,-5.151,497.474,0.291,,,,,4864,2.841,1475.022,0.862,-15654.266,-9.145
10/07/2025,2025-07-10,93,[22:00-22:15[,2025-07-10 21:00,1687.742,-6222.636,-3.687,748.823,0.444,,,,,3947.88,2.339,1456.168,0.863,-12375.507,-7.333
10/07/2025,2025-07-10,94,[22:15-22:30[,2025-07-10 21:15,1652.773,-4477.357,-2.709,748.823,0.453,,,,,3947.88,2.389,1487.965,0.9,-10662.024,-6.451
10/07/2025,2025-07-10,95,[22:30-22:45[,2025-07-10 21:30,1624.236,-3370.058,-2.075,748.823,0.461,,,,,3947.88,2.431,1484.452,0.914,-9551.212,-5.88
10/07/2025,2025-07-10,96,[22:45-23:00[,2025-07-10 21:45,1592.563,1601.836,1.006,748.823,0.47,,,,,3947.88,2.479,1534.992,0.964,-4629.859,-2.907
11/07/2025,2025-07-11,1,[23:00-23:15[,2025-07-10 22:00,1572.493,-560.767,-0.357,1657.048,1.054,,,,,3208.5,2.04,2395.305,1.523,-7821.62,-4.974
11/07/2025,2025-07-11,2,[23:15-23:30[,2025-07-10 22:15,1542.261,-1676.701,-1.087,1657.048,1.074,,,,,3208.5,2.08,2612.8,1.694,-9155.048,-5.936
11/07/2025,2025-07-11,3,[23:30-23:45[,2025-07-10 22:30,1510.813,797.786,0.528,1657.048,1.097,,,,,3030.732,2.006,2630.351,1.741,-6520.345,-4.316
11/07/2025,2025-07-11,4,[23:45-00:00[,2025-07-10 22:45,1474.635,913.112,0.619,1657.048,1.124,,,,,2966.866,2.012,2456.43,1.666,-6167.231,-4.182
11/07/2025,2025-07-11,5,[00:00-00:15[,2025-07-10 23:00,1473.352,2713.654,1.842,2185.325,1.483,,,,,2668,1.811,3391.928,2.302,-5531.599,-3.754
11/07/2025,2025-07-11,6,[00:15-00:30[,2025-07-10 23:15,1453.82,1436.944,0.988,2185.325,1.503,,,,,2668,1.835,3368.771,2.317,-6785.152,-4.667
11/07/2025,2025-07-11,7,[00:30-00:45[,2025-07-10 23:30,1428.085,1222.253,0.856,2185.325,1.53,,,,,2635.52,1.845,3170.076,2.22,-6768.667,-4.74
11/07/2025,2025-07-11,8,[00:45-01:00[,2025-07-10 23:45,1402.192,2624.012,1.871,2185.325,1.559,,,,,2635.52,1.88,3311.614,2.362,-5508.448,-3.928
11/07/2025,2025-07-11,9,[01:00-01:15[,2025-07-11 00:00,1386.897,3081.334,2.222,2328.213,1.679,,,,,2151.51,1.551,3140.804,2.265,-4539.192,-3.273
11/07/2025,2025-07-11,10,[01:15-01:30[,2025-07-11 00:15,1378.679,2324.675,1.686,2328.213,1.689,,,,,2111.942,1.532,3313.76,2.404,-5429.24,-3.938
11/07/2025,2025-07-11,11,[01:30-01:45[,2025-07-11 00:30,1353.428,3913.463,2.892,2328.213,1.72,,,,,2111.942,1.56,3316.473,2.45,-3843.164,-2.84
11/07/2025,2025-07-11,12,[01:45-02:00[,2025-07-11 00:45,1333.995,7031.33,5.271,2328.213,1.745,,,,,2111.942,1.583,3091.112,2.317,-499.936,-0.375
11/07/2025,2025-07-11,13,[02:00-02:15[,2025-07-11 01:00,1331.992,5679.038,4.264,2427.613,1.823,,,,,2027.86,1.522,3356.449,2.52,-2132.884,-1.601
11/07/2025,2025-07-11,14,[02:15-02:30[,2025-07-11 01:15,1315.468,6878.981,5.229,2427.613,1.845,,,,,2027.86,1.542,3375.116,2.566,-951.607,-0.723
11/07/2025,2025-07-11,15,[02:30-02:45[,2025-07-11 01:30,1302.416,6454.363,4.956,2427.613,1.864,,,,,2027.86,1.557,3142.356,2.413,-1143.465,-0.878
11/07/2025,2025-07-11,16,[02:45-03:00[,2025-07-11 01:45,1304.087,6825.678,5.234,2427.613,1.862,,,,,2027.86,1.555,3369.901,2.584,-999.696,-0.767
11/07/2025,2025-07-11,17,[03:00-03:15[,2025-07-11 02:00,1282.034,6767.011,5.278,2427.613,1.894,,,,,1984,1.548,3091.622,2.411,-736.223,-0.574
11/07/2025,2025-07-11,18,[03:15-03:30[,2025-07-11 02:15,1287.232,6780.106,5.267,2427.613,1.886,,,,,1984,1.541,3294.091,2.559,-925.598,-0.719
11/07/2025,2025-07-11,19,[03:30-03:45[,2025-07-11 02:30,1284.362,6476.97,5.043,2427.613,1.89,,,,,1984,1.545,3291.224,2.563,-1225.866,-0.954
11/07/2025,2025-07-11,20,[03:45-04:00[,2025-07-11 02:45,1260.862,6123.826,4.857,2427.613,1.925,,,,,1984,1.574,3049.806,2.419,-1337.592,-1.061
11/07/2025,2025-07-11,21,[04:00-04:15[,2025-07-11 03:00,1267.456,6643.25,5.241,2374.363,1.873,,,,,1984,1.565,3300.745,2.604,-1015.858,-0.801
11/07/2025,2025-07-11,22,[04:15-04:30[,2025-07-11 03:15,1271.242,6238.014,4.907,2374.363,1.868,,,,,1984,1.561,3262.244,2.566,-1382.592,-1.088
11/07/2025,2025-07-11,23,[04:30-04:45[,2025-07-11 03:30,1256.795,6841.265,5.443,2374.363,1.889,,,,,1984,1.579,3224.59,2.566,-741.688,-0.59
11/07/2025,2025-07-11,24,[04:45-05:00[,2025-07-11 03:45,1261.129,7659.876,6.074,2374.363,1.883,,,,,1984,1.573,3200.876,2.538,100.637,0.08
11/07/2025,2025-07-11,25,[05:00-05:15[,2025-07-11 04:00,1271.264,6282.401,4.942,1930.283,1.518,,,,,1958.616,1.541,2972.781,2.338,-579.279,-0.456
11/07/2025,2025-07-11,26,[05:15-05:30[,2025-07-11 04:15,1272.932,7860.077,6.175,1930.283,1.516,,,,,1984,1.559,3252.213,2.555,693.581,0.545
11/07/2025,2025-07-11,27,[05:30-05:45[,2025-07-11 04:30,1284.643,6079.152,4.732,1930.283,1.503,,,,,1984,1.544,3215.221,2.503,-1050.352,-0.818
11/07/2025,2025-07-11,28,[05:45-06:00[,2025-07-11 04:45,1278.933,9694.701,7.58,1930.283,1.509,,,,,1984,1.551,2826.755,2.21,2953.663,2.309
11/07/2025,2025-07-11,29,[06:00-06:15[,2025-07-11 05:00,1310.967,5149.501,3.928,1339.962,1.022,,,,,3360,2.563,3294.433,2.513,-2844.894,-2.17
11/07/2025,2025-07-11,30,[06:15-06:30[,2025-07-11 05:15,1325.799,2174.381,1.64,1339.962,1.011,,,,,3360,2.534,3312.409,2.498,-5837.99,-4.403
11/07/2025,2025-07-11,31,[06:30-06:45[,2025-07-11 05:30,1354.654,6297.197,4.649,1339.962,0.989,,,,,3360,2.48,3235.173,2.388,-1637.938,-1.209
11/07/2025,2025-07-11,32,[06:45-07:00[,2025-07-11 05:45,1382.009,8749.006,6.331,1339.962,0.97,,,,,3256.708,2.357,3302.091,2.389,850.245,0.615
11/07/2025,2025-07-11,33,[07:00-07:15[,2025-07-11 06:00,1427.359,7.772,0.005,2573.549,1.803,,,,,3540,2.48,3093.091,2.167,-9198.867,-6.445
11/07/2025,2025-07-11,34,[07:15-07:30[,2025-07-11 06:15,1470.912,4875.886,3.315,2573.549,1.75,,,,,3540,2.407,3308.614,2.249,-4546.277,-3.091
11/07/2025,2025-07-11,35,[07:30-07:45[,2025-07-11 06:30,1504.961,1669.172,1.109,2573.549,1.71,,,,,3353.532,2.228,3297.298,2.191,-7555.206,-5.02
11/07/2025,2025-07-11,36,[07:45-08:00[,2025-07-11 06:45,1546.524,-1564.506,-1.012,2573.549,1.664,,,,,2505.048,1.62,2999.378,1.939,-9642.48,-6.235
11/07/2025,2025-07-11,37,[08:00-08:15[,2025-07-11 07:00,1624.359,9857.007,6.068,4834.249,2.976,,,,,3261.18,2.008,3169.719,1.951,-1408.141,-0.867
11/07/2025,2025-07-11,38,[08:15-08:30[,2025-07-11 07:15,1673.34,6439.267,3.848,4834.249,2.889,,,,,2296,1.372,3173.73,1.897,-3864.711,-2.31
11/07/2025,2025-07-11,39,[08:30-08:45[,2025-07-11 07:30,1703.62,9731.369,5.712,4834.249,2.838,,,,,2227.12,1.307,3076.143,1.806,-406.142,-0.238
11/07/2025,2025-07-11,40,[08:45-09:00[,2025-07-11 07:45,1729.071,9806.71,5.672,4834.249,2.796,,,,,2227.12,1.288,3179.26,1.839,-433.919,-0.251
11/07/2025,2025-07-11,41,[09:00-09:15[,2025-07-11 08:00,1737.675,13295.745,7.651,10935.923,6.293,,,,,2383.36,1.372,2773.973,1.596,-2797.511,-1.61
11/07/2025,2025-07-11,42,[09:15-09:30[,2025-07-11 08:15,1752.826,8026.68,4.579,10935.923,6.239,,,,,2383.36,1.36,3179.85,1.814,-8472.453,-4.834
11/07/2025,2025-07-11,43,[09:30-09:45[,2025-07-11 08:30,1761.463,12166.821,6.907,10935.923,6.208,,,,,2383.36,1.353,3158.899,1.793,-4311.361,-2.448
11/07/2025,2025-07-11,44,[09:45-10:00[,2025-07-11 08:45,1749.716,17277.399,9.874,10935.923,6.25,,,,,2383.36,1.362,2928.012,1.673,1030.104,0.589
11/07/2025,2025-07-11,45,[10:00-10:15[,2025-07-11 09:00,1749.881,13128.192,7.502,8990.61,5.138,,,,,2383.36,1.362,3161.776,1.807,-1407.554,-0.804
11/07/2025,2025-07-11,46,[10:15-10:30[,2025-07-11 09:15,1758.56,6976.136,3.967,8990.61,5.112,,,,,2383.36,1.355,3123.009,1.776,-7520.843,-4.277
11/07/2025,2025-07-11,47,[10:30-10:45[,2025-07-11 09:30,1751.929,14412.982,8.227,8990.61,5.132,,,,,2383.36,1.36,3262.973,1.863,-223.961,-0.128
11/07/2025,2025-07-11,48,[10:45-11:00[,2025-07-11 09:45,1761.062,14682.614,8.337,8990.61,5.105,,,,,2383.36,1.353,3239.353,1.839,69.29,0.039
11/07/2025,2025-07-11,49,[11:00-11:15[,2025-07-11 10:00,1760.746,12894.376,7.323,8523.32,4.841,,,,,2452,1.393,3034.599,1.723,-1115.542,-0.634
11/07/2025,2025-07-11,50,[11:15-11:30[,2025-07-11 10:15,1770.901,12899.54,7.284,8523.32,4.813,,,,,2452,1.385,3183.479,1.798,-1259.258,-0.711
11/07/2025,2025-07-11,51,[11:30-11:45[,2025-07-11 10:30,1781.502,13396.2,7.52,8523.32,4.784,,,,,2452,1.376,3136.124,1.76,-715.243,-0.401
11/07/2025,2025-07-11,52,[11:45-12:00[,2025-07-11 10:45,1774.298,8735.882,4.924,8523.32,4.804,,,,,2452,1.382,2908.539,1.639,-5147.976,-2.901
11/07/2025,2025-07-11,53,[12:00-12:15[,2025-07-11 11:00,1761.028,9515.307,5.403,9339.43,5.303,,,-174.825,-0.099,2165.04,1.229,3078.368,1.748,-4892.707,-2.778
11/07/2025,2025-07-11,54,[12:15-12:30[,2025-07-11 11:15,1757.606,6496.599,3.696,9339.43,5.314,,,,,2165.04,1.232,2966.475,1.688,-7974.346,-4.537
11/07/2025,2025-07-11,55,[12:30-12:45[,2025-07-11 11:30,1734.457,10337.346,5.96,9339.43,5.385,,,,,2165.04,1.248,3141.82,1.811,-4308.945,-2.484
11/07/2025,2025-07-11,56,[12:45-13:00[,2025-07-11 11:45,1711.62,8130.671,4.75,9339.43,5.456,,,,,2165.04,1.265,3127.327,1.827,-6501.125,-3.798
11/07/2025,2025-07-11,57,[13:00-13:15[,2025-07-11 12:00,1702.868,12297.147,7.221,11054.678,6.492,,,,,2165.04,1.271,2956.052,1.736,-3878.623,-2.278
11/07/2025,2025-07-11,58,[13:15-13:30[,2025-07-11 12:15,1709.452,11734.685,6.865,11054.678,6.467,,,,,2165.04,1.267,3131.003,1.832,-4616.036,-2.7
11/07/2025,2025-07-11,59,[13:30-13:45[,2025-07-11 12:30,1696.655,9624.512,5.673,11054.678,6.516,,,,,2165.04,1.276,2949.915,1.739,-6545.121,-3.858
11/07/2025,2025-07-11,60,[13:45-14:00[,2025-07-11 12:45,1711.728,6326.877,3.696,11054.678,6.458,,,-342.045,-0.2,2165.04,1.265,3127.534,1.827,-9678.331,-5.654
11/07/2025,2025-07-11,61,[14:00-14:15[,2025-07-11 13:00,1736.273,8900.444,5.126,11466.379,6.604,,,,,2165.04,1.247,3166.062,1.823,-7897.036,-4.548
11/07/2025,2025-07-11,62,[14:15-14:30[,2025-07-11 13:15,1724.127,13331.525,7.732,11466.379,6.651,,,,,2165.04,1.256,2824.444,1.638,-3124.338,-1.812
11/07/2025,2025-07-11,63,[14:30-14:45[,2025-07-11 13:30,1743.23,28439.869,16.314,11466.379,6.578,,,,,2165.04,1.242,3199.419,1.835,11609.031,6.659
11/07/2025,2025-07-11,64,[14:45-15:00[,2025-07-11 13:45,1736.804,24877.673,14.324,11466.379,6.602,,,,,2165.04,1.247,3125.762,1.8,8120.493,4.676
11/07/2025,2025-07-11,65,[15:00-15:15[,2025-07-11 14:00,1731.969,11907.391,6.875,12114.18,6.994,,,,,2165.04,1.25,2718.468,1.57,-5090.298,-2.939
11/07/2025,2025-07-11,66,[15:15-15:30[,2025-07-11 14:15,1741.062,12116.375,6.959,12114.18,6.958,,,1264.725,0.726,2165.04,1.244,3136.261,1.801,-6563.831,-3.77
11/07/2025,2025-07-11,67,[15:30-15:45[,2025-07-11 14:30,1734.298,12789.159,7.374,12114.18,6.985,,,,,2165.04,1.248,3062.752,1.766,-4552.813,-2.625
11/07/2025,2025-07-11,68,[15:45-16:00[,2025-07-11 14:45,1726.043,14906.937,8.636,12114.18,7.018,,,,,2165.04,1.254,2823.833,1.636,-2196.116,-1.272
11/07/2025,2025-07-11,69,[16:00-16:15[,2025-07-11 15:00,1722.708,10248.731,5.949,11168.329,6.483,,,,,2391.2,1.388,3088.544,1.793,-6399.341,-3.715
11/07/2025,2025-07-11,70,[16:15-16:30[,2025-07-11 15:15,1702.924,15617.785,9.171,11168.329,6.558,,,,,2391.2,1.404,2838.964,1.667,-780.708,-0.458
11/07/2025,2025-07-11,71,[16:30-16:45[,2025-07-11 15:30,1707.025,16185.683,9.482,11168.329,6.543,,,,,2391.2,1.401,3107.094,1.82,-480.939,-0.282
11/07/2025,2025-07-11,72,[16:45-17:00[,2025-07-11 15:45,1706.403,16592.346,9.724,11168.329,6.545,,,,,2391.2,1.401,3202.662,1.877,-169.844,-0.1
11/07/2025,2025-07-11,73,[17:00-17:15[,2025-07-11 16:00,1669.107,14721.453,8.82,10427.786,6.248,,,,,2504,1.5,2800.676,1.678,-1011.009,-0.606
11/07/2025,2025-07-11,74,[17:15-17:30[,2025-07-11 16:15,1650.336,16180.638,9.804,10427.786,6.319,,,,,2504,1.517,3068.604,1.859,180.249,0.109
11/07/2025,2025-07-11,75,[17:30-17:45[,2025-07-11 16:30,1650.4,14805.874,8.971,10427.786,6.318,,,,,2504,1.517,3176.175,1.924,-1302.086,-0.789
11/07/2025,2025-07-11,76,[17:45-18:00[,2025-07-11 16:45,1642.928,9129.276,5.557,10427.786,6.347,,,,,2504,1.524,2635.221,1.604,-6437.73,-3.918
11/07/2025,2025-07-11,77,[18:00-18:15[,2025-07-11 17:00,1632.632,11186.535,6.852,5829.619,3.571,,,,,2320.64,1.421,3249.891,1.991,-213.615,-0.131
11/07/2025,2025-07-11,78,[18:15-18:30[,2025-07-11 17:15,1648.328,8451.577,5.127,5829.619,3.537,,,,,2320.64,1.408,3180.388,1.929,-2879.07,-1.747
11/07/2025,2025-07-11,79,[18:30-18:45[,2025-07-11 17:30,1665.991,9294.583,5.579,5829.619,3.499,,,,,2320.64,1.393,3258.399,1.956,-2114.074,-1.269
11/07/2025,2025-07-11,80,[18:45-19:00[,2025-07-11 17:45,1666.494,9164.464,5.499,5829.619,3.498,,,,,3147.14,1.888,2776.149,1.666,-2588.443,-1.553
11/07/2025,2025-07-11,81,[19:00-19:15[,2025-07-11 18:00,1670.392,10101.309,6.047,2293.174,1.373,,,,,1996.44,1.195,2358.15,1.412,3453.546,2.068
11/07/2025,2025-07-11,82,[19:15-19:30[,2025-07-11 18:15,1688.35,5159.142,3.056,2293.174,1.358,,,,,2114.4,1.252,2627.817,1.556,-1876.248,-1.111
11/07/2025,2025-07-11,83,[19:30-19:45[,2025-07-11 18:30,1706.444,7228.311,4.236,2293.174,1.344,,,,,3252,1.906,2663.231,1.561,-980.094,-0.574
11/07/2025,2025-07-11,84,[19:45-20:00[,2025-07-11 18:45,1716.54,11744.836,6.842,2293.174,1.336,,,,,3252,1.895,2679.97,1.561,3519.692,2.05
11/07/2025,2025-07-11,85,[20:00-20:15[,2025-07-11 19:00,1696.45,12800.102,7.545,1315.612,0.776,13492.15,7.953,,,2384,1.405,3557.146,2.097,-7948.806,-4.686
11/07/2025,2025-07-11,86,[20:15-20:30[,2025-07-11 19:15,1652.29,414112.315,250.629,1315.612,0.796,13492.15,8.166,468057.653,283.278,2384,1.443,3550.357,2.149,-74687.456,-45.202
11/07/2025,2025-07-11,87,[20:30-20:45[,2025-07-11 19:30,1651.911,12797.565,7.747,1315.612,0.796,13492.15,8.168,,,2384,1.443,3552.139,2.15,-7946.335,-4.81
11/07/2025,2025-07-11,88,[20:45-21:00[,2025-07-11 19:45,1656.103,12140.7,7.331,1315.612,0.794,13492.15,8.147,,,2384,1.44,973.884,0.588,-6024.946,-3.638
11/07/2025,2025-07-11,89,[21:00-21:15[,2025-07-11 20:00,1660.269,14469.732,8.715,1304.088,0.785,13492.15,8.126,,,2746.8,1.654,1114.103,0.671,-4187.409,-2.522
11/07/2025,2025-07-11,90,[21:15-21:30[,2025-07-11 20:15,1680.269,14917.113,8.878,1304.088,0.776,13492.15,8.03,,,2746.8,1.635,1371.847,0.816,-3997.772,-2.379
11/07/2025,2025-07-11,91,[21:30-21:45[,2025-07-11 20:30,1666.886,14705.701,8.822,1304.088,0.782,13492.15,8.094,,,2746.8,1.648,1468.007,0.881,-4305.343,-2.583
11/07/2025,2025-07-11,92,[21:45-22:00[,2025-07-11 20:45,1654.03,14660.804,8.864,1304.088,0.788,13492.15,8.157,,,2746.8,1.661,1444.546,0.873,-4326.779,-2.616
11/07/2025,2025-07-11,93,[22:00-22:15[,2025-07-11 21:00,1619.63,14627.823,9.032,1319.929,0.815,13492.15,8.33,,,2927.08,1.807,1416.987,0.875,-4528.323,-2.796
11/07/2025,2025-07-11,94,[22:15-22:30[,2025-07-11 21:15,1592.33,15217.589,9.557,1319.929,0.829,13492.15,8.473,,,2927.08,1.838,1416.546,0.89,-3938.116,-2.473
11/07/2025,2025-07-11,95,[22:30-22:45[,2025-07-11 21:30,1562.212,15536.956,9.945,1319.929,0.845,13492.15,8.637,,,2927.08,1.874,1446.626,0.926,-3648.828,-2.336
11/07/2025,2025-07-11,96,[22:45-23:00[,2025-07-11 21:45,1530.5,12249.241,8.003,1319.929,0.862,13492.15,8.816,,,2927.08,1.912,1473.405,0.963,-6963.322,-4.55
12/07/2025,2025-07-12,1,[23:00-23:15[,2025-07-11 22:00,1538.086,4621.251,3.005,5677.642,3.691,,,,,2775.52,1.805,3306.263,2.15,-7138.173,-4.641
12/07/2025,2025-07-12,2,[23:15-23:30[,2025-07-11 22:15,1507.812,9599.197,6.366,5677.642,3.765,,,,,2775.52,1.841,3325.718,2.206,-2179.682,-1.446
12/07/2025,2025-07-12,3,[23:30-23:45[,2025-07-11 22:30,1487.539,9415.834,6.33,5677.642,3.817,,,,,2775.52,1.866,3391.219,2.28,-2428.547,-1.633
12/07/2025,2025-07-12,4,[23:45-00:00[,2025-07-11 22:45,1429.95,10378.273,7.258,5677.642,3.971,,,,,2775.52,1.941,3247.828,2.271,-1322.717,-0.925
12/07/2025,2025-07-12,5,[00:00-00:15[,2025-07-11 23:00,1413.439,8571.586,6.064,5972.963,4.226,,,,,2164.77,1.532,3233.659,2.288,-2799.806,-1.981
12/07/2025,2025-07-12,6,[00:15-00:30[,2025-07-11 23:15,1395.509,8662.696,6.208,5972.963,4.28,,,,,2164.77,1.551,3200.004,2.293,-2675.041,-1.917
12/07/2025,2025-07-12,7,[00:30-00:45[,2025-07-11 23:30,1369.544,9137.264,6.672,5972.963,4.361,,,,,2164.77,1.581,3297.132,2.407,-2297.602,-1.678
12/07/2025,2025-07-12,8,[00:45-01:00[,2025-07-11 23:45,1356.445,8019.934,5.912,5972.963,4.403,,,,,2164.77,1.596,3313.308,2.443,-3431.107,-2.529
12/07/2025,2025-07-12,9,[01:00-01:15[,2025-07-12 00:00,1334.919,16592.791,12.43,10970.182,8.218,,,,,1826,1.368,3090.83,2.315,705.78,0.529
12/07/2025,2025-07-12,10,[01:15-01:30[,2025-07-12 00:15,1320.871,13779.302,10.432,10970.182,8.305,,,,,1826,1.382,3311.95,2.507,-2328.831,-1.763
12/07/2025,2025-07-12,11,[01:30-01:45[,2025-07-12 00:30,1299.225,15197.932,11.698,10970.182,8.444,,,,,1826,1.405,3311.402,2.549,-909.652,-0.7
12/07/2025,2025-07-12,12,[01:45-02:00[,2025-07-12 00:45,1282.762,13389.07,10.438,10970.182,8.552,,,,,1826,1.423,3073.635,2.396,-2480.747,-1.934
12/07/2025,2025-07-12,13,[02:00-02:15[,2025-07-12 01:00,1265.141,15820.551,12.505,11686.819,9.238,,,,,1739.68,1.375,3296.887,2.606,-902.835,-0.714
12/07/2025,2025-07-12,14,[02:15-02:30[,2025-07-12 01:15,1244.842,15245.461,12.247,11686.819,9.388,,,,,1739.68,1.398,2826.755,2.271,-1007.792,-0.81
12/07/2025,2025-07-12,15,[02:30-02:45[,2025-07-12 01:30,1232.174,15250.244,12.377,11686.819,9.485,,,,,1739.68,1.412,2738.985,2.223,-915.24,-0.743
12/07/2025,2025-07-12,16,[02:45-03:00[,2025-07-12 01:45,1226.656,15496.078,12.633,11686.819,9.527,,,,,1739.68,1.418,2860.459,2.332,-790.879,-0.645
12/07/2025,2025-07-12,17,[03:00-03:15[,2025-07-12 02:00,1226.637,16427.632,13.392,11985.359,9.771,,,,,1739.68,1.418,2993.503,2.44,-290.91,-0.237
12/07/2025,2025-07-12,18,[03:15-03:30[,2025-07-12 02:15,1229.714,15991.164,13.004,11985.359,9.746,,,,,1739.68,1.415,3297.079,2.681,-1030.954,-0.838
12/07/2025,2025-07-12,19,[03:30-03:45[,2025-07-12 02:30,1218.862,15121.985,12.407,11985.359,9.833,,,,,1739.68,1.427,3297.746,2.706,-1900.8,-1.559
12/07/2025,2025-07-12,20,[03:45-04:00[,2025-07-12 02:45,1207.23,15664.28,12.975,11985.359,9.928,,,,,1739.68,1.441,2940.36,2.436,-1001.119,-0.829
12/07/2025,2025-07-12,21,[04:00-04:15[,2025-07-12 03:00,1212.234,17057.712,14.071,12245.307,10.101,,,,,1891.62,1.56,3282.432,2.708,-361.647,-0.298
12/07/2025,2025-07-12,22,[04:15-04:30[,2025-07-12 03:15,1194.106,17512.17,14.666,12245.307,10.255,,,,,1891.62,1.584,3162.584,2.648,212.659,0.178
12/07/2025,2025-07-12,23,[04:30-04:45[,2025-07-12 03:30,1195.531,17046.464,14.258,12245.307,10.243,,,,,1891.62,1.582,3213.539,2.688,-304.001,-0.254
12/07/2025,2025-07-12,24,[04:45-05:00[,2025-07-12 03:45,1200.284,17150.557,14.289,12245.307,10.202,,,,,1891.62,1.576,3297.601,2.747,-283.971,-0.237
12/07/2025,2025-07-12,25,[05:00-05:15[,2025-07-12 04:00,1196.023,14452.57,12.084,11012.183,9.207,,,,,1891.62,1.582,3086.076,2.58,-1537.309,-1.285
12/07/2025,2025-07-12,26,[05:15-05:30[,2025-07-12 04:15,1204.376,16321.53,13.552,11012.183,9.143,,,,,1891.62,1.571,3289.314,2.731,128.414,0.107
12/07/2025,2025-07-12,27,[05:30-05:45[,2025-07-12 04:30,1202.138,16001.014,13.31,11012.183,9.16,,,,,1891.62,1.574,3297.064,2.743,-199.853,-0.166
12/07/2025,2025-07-12,28,[05:45-06:00[,2025-07-12 04:45,1180.558,17274.059,14.632,11012.183,9.328,,,,,1891.62,1.602,2899.024,2.456,1471.232,1.246
12/07/2025,2025-07-12,29,[06:00-06:15[,2025-07-12 05:00,1196.58,8410.215,7.029,6100.594,5.098,,,,,2478.826,2.072,3281.45,2.742,-3450.656,-2.884
12/07/2025,2025-07-12,30,[06:15-06:30[,2025-07-12 05:15,1191.635,10465.718,8.783,6100.594,5.12,,,,,2310.77,1.939,3280.913,2.753,-1226.559,-1.029
12/07/2025,2025-07-12,31,[06:30-06:45[,2025-07-12 05:30,1175.555,9423.685,8.016,6100.594,5.19,,,,,2130.71,1.813,2256.057,1.919,-1063.676,-0.905
12/07/2025,2025-07-12,32,[06:45-07:00[,2025-07-12 05:45,1200.936,9063.664,7.547,6100.594,5.08,,,,,2130.71,1.774,3216.449,2.678,-2384.089,-1.985
12/07/2025,2025-07-12,33,[07:00-07:15[,2025-07-12 06:00,1233.514,17384.494,14.093,9927.868,8.048,,,,,4251,3.446,3280.912,2.66,-75.286,-0.061
12/07/2025,2025-07-12,34,[07:15-07:30[,2025-07-12 06:15,1239.557,14023.682,11.313,9927.868,8.009,,,,,4251,3.429,3042.614,2.455,-3197.8,-2.58
12/07/2025,2025-07-12,35,[07:30-07:45[,2025-07-12 06:30,1254.339,14184.237,11.308,9927.868,7.915,,,,,4251,3.389,3281.186,2.616,-3275.816,-2.612
12/07/2025,2025-07-12,36,[07:45-08:00[,2025-07-12 06:45,1273.339,12416.478,9.751,9927.868,7.797,,,,,4251,3.338,3280.788,2.577,-5043.179,-3.961
12/07/2025,2025-07-12,37,[08:00-08:15[,2025-07-12 07:00,1281.894,24135.274,18.828,17232.653,13.443,,,,,5863.22,4.574,3086.24,2.408,-2046.839,-1.597
12/07/2025,2025-07-12,38,[08:15-08:30[,2025-07-12 07:15,1309.965,23897.416,18.243,17232.653,13.155,,,20.245,0.015,5863.22,4.476,3281.331,2.505,-2500.033,-1.908
12/07/2025,2025-07-12,39,[08:30-08:45[,2025-07-12 07:30,1334.693,20202.515,15.136,17232.653,12.911,,,,,5863.22,4.393,3282.543,2.459,-6175.901,-4.627
12/07/2025,2025-07-12,40,[08:45-09:00[,2025-07-12 07:45,1338.285,26033.653,19.453,17232.653,12.877,,,,,5863.22,4.381,3030.352,2.264,-92.572,-0.069
12/07/2025,2025-07-12,41,[09:00-09:15[,2025-07-12 08:00,1388.032,30195.199,21.754,23180.291,16.7,,,,,5429.38,3.912,3269.708,2.356,-1684.18,-1.213
12/07/2025,2025-07-12,42,[09:15-09:30[,2025-07-12 08:15,1401.375,28083.942,20.04,23180.291,16.541,,,,,5429.38,3.874,3269.31,2.333,-3795.039,-2.708
12/07/2025,2025-07-12,43,[09:30-09:45[,2025-07-12 08:30,1393.41,32485.843,23.314,23180.291,16.636,,,,,5429.38,3.896,3013.123,2.162,863.049,0.619
12/07/2025,2025-07-12,44,[09:45-10:00[,2025-07-12 08:45,1400.423,32618.699,23.292,23180.291,16.552,,,,,5429.38,3.877,3269.449,2.335,739.578,0.528
12/07/2025,2025-07-12,45,[10:00-10:15[,2025-07-12 09:00,1412.442,33839.418,23.958,28118.738,19.908,,,,,4918.08,3.482,3057.969,2.165,-2255.368,-1.597
12/07/2025,2025-07-12,46,[10:15-10:30[,2025-07-12 09:15,1419.468,34549.367,24.34,28118.738,19.809,,,,,4918.08,3.465,3268.514,2.303,-1755.964,-1.237
12/07/2025,2025-07-12,47,[10:30-10:45[,2025-07-12 09:30,1424.224,30377.891,21.329,28118.738,19.743,,,,,4918.08,3.453,3264.237,2.292,-5923.163,-4.159
12/07/2025,2025-07-12,48,[10:45-11:00[,2025-07-12 09:45,1423.961,32921.89,23.12,28118.738,19.747,,,,,4918.08,3.454,3026.694,2.126,-3141.622,-2.206
12/07/2025,2025-07-12,49,[11:00-11:15[,2025-07-12 10:00,1430.585,34845.946,24.358,29276.163,20.464,,,-105,-0.073,4649.94,3.25,3253.237,2.274,-2228.394,-1.558
12/07/2025,2025-07-12,50,[11:15-11:30[,2025-07-12 10:15,1440.539,34285.727,23.801,29276.163,20.323,,,,,4649.94,3.228,3254.943,2.26,-2895.319,-2.01
12/07/2025,2025-07-12,51,[11:30-11:45[,2025-07-12 10:30,1443.326,32964.436,22.839,29276.163,20.284,,,,,4649.94,3.222,3112.902,2.157,-4074.568,-2.823
12/07/2025,2025-07-12,52,[11:45-12:00[,2025-07-12 10:45,1437.546,38017.364,26.446,29276.163,20.365,,,,,4649.94,3.235,3184.192,2.215,907.07,0.631
12/07/2025,2025-07-12,53,[12:00-12:15[,2025-07-12 11:00,1442.106,35464.173,24.592,31262.338,21.678,,,,,2552,1.77,3005.304,2.084,-1355.469,-0.94
12/07/2025,2025-07-12,54,[12:15-12:30[,2025-07-12 11:15,1452.208,37439.932,25.781,31262.338,21.527,,,,,2552,1.757,3182.803,2.192,442.792,0.305
12/07/2025,2025-07-12,55,[12:30-12:45[,2025-07-12 11:30,1440.244,34433.847,23.908,31262.338,21.706,,,,,2552,1.772,3162.04,2.195,-2542.531,-1.765
12/07/2025,2025-07-12,56,[12:45-13:00[,2025-07-12 11:45,1423.281,33470.701,23.517,31262.338,21.965,,,,,2552,1.793,2764.4,1.942,-3108.036,-2.184
12/07/2025,2025-07-12,57,[13:00-13:15[,2025-07-12 12:00,1417.079,32385.35,22.854,31781.068,22.427,,,,,2711.5,1.913,3128.446,2.208,-5235.664,-3.695
12/07/2025,2025-07-12,58,[13:15-13:30[,2025-07-12 12:15,1387.879,31944.522,23.017,31781.068,22.899,,,,,2711.5,1.954,3080,2.219,-5628.045,-4.055
12/07/2025,2025-07-12,59,[13:30-13:45[,2025-07-12 12:30,1364.963,33953.566,24.875,31781.068,23.283,,,,,2711.5,1.987,2836.313,2.078,-3375.315,-2.473
12/07/2025,2025-07-12,60,[13:45-14:00[,2025-07-12 12:45,1361.62,32935.039,24.188,31781.068,23.341,,,,,2711.5,1.991,3021.863,2.219,-4579.391,-3.363
12/07/2025,2025-07-12,61,[14:00-14:15[,2025-07-12 13:00,1340.085,36043.989,26.897,32524.988,24.271,,,,,2005.28,1.496,2867.799,2.14,-1354.077,-1.01
12/07/2025,2025-07-12,62,[14:15-14:30[,2025-07-12 13:15,1334.696,34981.975,26.21,32524.988,24.369,,,,,2005.28,1.502,3082.386,2.309,-2630.678,-1.971
12/07/2025,2025-07-12,63,[14:30-14:45[,2025-07-12 13:30,1334.923,37611.516,28.175,32524.988,24.365,,,,,2005.28,1.502,3077.809,2.306,3.439,0.003
12/07/2025,2025-07-12,64,[14:45-15:00[,2025-07-12 13:45,1312.801,39941.587,30.425,32524.988,24.775,,,,,2005.28,1.527,2856.983,2.176,2554.337,1.946
12/07/2025,2025-07-12,65,[15:00-15:15[,2025-07-12 14:00,1314.605,35932.19,27.333,29560.238,22.486,,,,,4006.64,3.048,3064.04,2.331,-698.727,-0.532
12/07/2025,2025-07-12,66,[15:15-15:30[,2025-07-12 14:15,1278.795,33557.362,26.241,29560.238,23.116,,,,,4006.64,3.133,2509.816,1.963,-2519.331,-1.97
12/07/2025,2025-07-12,67,[15:30-15:45[,2025-07-12 14:30,1252.239,33423.782,26.691,29560.238,23.606,,,,,4006.64,3.2,1412.379,1.128,-1555.475,-1.242
12/07/2025,2025-07-12,68,[15:45-16:00[,2025-07-12 14:45,1261.519,34754.707,27.55,29560.238,23.432,,,,,4006.64,3.176,2178.063,1.727,-990.233,-0.785
12/07/2025,2025-07-12,69,[16:00-16:15[,2025-07-12 15:00,1263.754,7640.714,6.046,24775.663,19.605,,,,,5435.08,4.301,2577.246,2.039,-25147.275,-19.899
12/07/2025,2025-07-12,70,[16:15-16:30[,2025-07-12 15:15,1261.55,29879.771,23.685,24775.663,19.639,,,,,5435.08,4.308,2480.816,1.966,-2811.787,-2.229
12/07/2025,2025-07-12,71,[16:30-16:45[,2025-07-12 15:30,1260.122,30824.769,24.462,24775.663,19.661,,,,,5435.08,4.313,2452.443,1.946,-1838.416,-1.459
12/07/2025,2025-07-12,72,[16:45-17:00[,2025-07-12 15:45,1271.413,34118.854,26.835,24775.663,19.487,,,,,5435.08,4.275,2463.926,1.938,1444.186,1.136
12/07/2025,2025-07-12,73,[17:00-17:15[,2025-07-12 16:00,1273.779,28085.339,22.049,22113.564,17.361,,,,,7260.24,5.7,2227.742,1.749,-3516.206,-2.76
12/07/2025,2025-07-12,74,[17:15-17:30[,2025-07-12 16:15,1282.002,26739.757,20.858,22113.564,17.249,,,,,7260.24,5.663,2425.986,1.892,-5060.033,-3.947
12/07/2025,2025-07-12,75,[17:30-17:45[,2025-07-12 16:30,1318.479,29509.885,22.382,22113.564,16.772,,,,,7260.24,5.507,3204.785,2.431,-3068.704,-2.327
12/07/2025,2025-07-12,76,[17:45-18:00[,2025-07-12 16:45,1325.76,27947.286,21.08,22113.564,16.68,,,,,7260.24,5.476,2862.471,2.159,-4288.99,-3.235
12/07/2025,2025-07-12,77,[18:00-18:15[,2025-07-12 17:00,1363.95,29345.058,21.515,16902.653,12.392,,,,,7674.96,5.627,3223.226,2.363,1544.22,1.132
12/07/2025,2025-07-12,78,[18:15-18:30[,2025-07-12 17:15,1367.434,23647.273,17.293,16902.653,12.361,,,,,7674.96,5.613,3127.019,2.287,-4057.358,-2.967
12/07/2025,2025-07-12,79,[18:30-18:45[,2025-07-12 17:30,1391.96,32820.182,23.578,16902.653,12.143,,,,,7674.96,5.514,3080.167,2.213,5162.403,3.709
12/07/2025,2025-07-12,80,[18:45-19:00[,2025-07-12 17:45,1426.602,27332.148,19.159,16902.653,11.848,,,392.5,0.275,7674.96,5.38,3205.255,2.247,-843.22,-0.591
12/07/2025,2025-07-12,81,[19:00-19:15[,2025-07-12 18:00,1431.592,17150.448,11.98,9271.631,6.476,,,18.3,0.013,1891.62,1.321,2762.227,1.929,3206.67,2.24
12/07/2025,2025-07-12,82,[19:15-19:30[,2025-07-12 18:15,1462.8,17032.81,11.644,9271.631,6.338,,,,,1891.62,1.293,3246.667,2.219,2622.891,1.793
12/07/2025,2025-07-12,83,[19:30-19:45[,2025-07-12 18:30,1473.144,9275.578,6.296,9271.631,6.294,,,1809.425,1.228,1891.62,1.284,3202.657,2.174,-6899.755,-4.684
12/07/2025,2025-07-12,84,[19:45-20:00[,2025-07-12 18:45,1481.363,14101.32,9.519,9271.631,6.259,,,,,1891.62,1.277,2324.333,1.569,613.735,0.414
12/07/2025,2025-07-12,85,[20:00-20:15[,2025-07-12 19:00,1488.882,2339.244,1.571,5619.811,3.775,,,,,1981,1.331,2205.426,1.481,-7466.993,-5.015
12/07/2025,2025-07-12,86,[20:15-20:30[,2025-07-12 19:15,1492.902,9662.808,6.472,5619.811,3.764,,,,,1981,1.327,2205.022,1.477,-143.024,-0.096
12/07/2025,2025-07-12,87,[20:30-20:45[,2025-07-12 19:30,1491.531,12976.018,8.7,5619.811,3.768,,,,,1981,1.328,2205.559,1.479,3169.648,2.125
12/07/2025,2025-07-12,88,[20:45-21:00[,2025-07-12 19:45,1478.272,10879.888,7.36,5619.811,3.802,,,,,1981,1.34,2205.289,1.492,1073.788,0.726
12/07/2025,2025-07-12,89,[21:00-21:15[,2025-07-12 20:00,1490.261,5119.892,3.436,6320.189,4.241,,,,,2198,1.475,2145.181,1.439,-5543.478,-3.72
12/07/2025,2025-07-12,90,[21:15-21:30[,2025-07-12 20:15,1513.609,3987.234,2.634,6320.189,4.176,,,,,2198,1.452,2145.316,1.417,-6676.271,-4.411
12/07/2025,2025-07-12,91,[21:30-21:45[,2025-07-12 20:30,1494.996,9092.231,6.082,6320.189,4.228,,,,,2198,1.47,2145.585,1.435,-1571.543,-1.051
12/07/2025,2025-07-12,92,[21:45-22:00[,2025-07-12 20:45,1478.762,8055.377,5.447,6320.189,4.274,,,-162.08,-0.11,2198,1.486,2145.312,1.451,-2446.044,-1.654
12/07/2025,2025-07-12,93,[22:00-22:15[,2025-07-12 21:00,1476.538,8959.293,6.068,6361.145,4.308,,,,,2355,1.595,3088.323,2.092,-2845.176,-1.927
12/07/2025,2025-07-12,94,[22:15-22:30[,2025-07-12 21:15,1445.114,11569.478,8.006,6361.145,4.402,,,,,2355,1.63,3098.746,2.144,-245.412,-0.17
12/07/2025,2025-07-12,95,[22:30-22:45[,2025-07-12 21:30,1435.763,11418.205,7.953,6361.145,4.43,,,,,2355,1.64,3208.601,2.235,-506.541,-0.353
12/07/2025,2025-07-12,96,[22:45-23:00[,2025-07-12 21:45,1409.644,10389.661,7.37,6361.145,4.513,,,,,2355,1.671,3089.678,2.192,-1416.161,-1.005
13/07/2025,2025-07-13,1,[23:00-23:15[,2025-07-12 22:00,1375.717,17669.377,12.844,2223.348,1.616,,,,,2894.174,2.104,3260.842,2.37,9291.013,6.754
13/07/2025,2025-07-13,2,[23:15-23:30[,2025-07-12 22:15,1356.796,5482.246,4.041,2223.348,1.639,,,,,2894.174,2.133,3232.753,2.383,-2868.029,-2.114
13/07/2025,2025-07-13,3,[23:30-23:45[,2025-07-12 22:30,1340.003,4519.673,3.373,2223.348,1.659,,,,,2894.174,2.16,3280.019,2.448,-3877.867,-2.894
13/07/2025,2025-07-13,4,[23:45-00:00[,2025-07-12 22:45,1302.159,5992.512,4.602,2223.348,1.707,,,,,2894.174,2.223,3222.416,2.475,-2347.426,-1.803
13/07/2025,2025-07-13,5,[00:00-00:15[,2025-07-12 23:00,1288.289,8570.776,6.653,2229.098,1.73,,,,,2754.024,2.138,3073.453,2.386,514.202,0.399
13/07/2025,2025-07-13,6,[00:15-00:30[,2025-07-12 23:15,1277.398,8318.67,6.512,2229.098,1.745,,,,,2754.024,2.156,3263.175,2.555,72.374,0.057
13/07/2025,2025-07-13,7,[00:30-00:45[,2025-07-12 23:30,1240.599,8609.833,6.94,2229.098,1.797,,,,,2754.024,2.22,3042.03,2.452,584.682,0.471
13/07/2025,2025-07-13,8,[00:45-01:00[,2025-07-12 23:45,1231.734,9505.163,7.717,2229.098,1.81,,,,,2754.024,2.236,3202.849,2.6,1319.193,1.071
13/07/2025,2025-07-13,9,[01:00-01:15[,2025-07-13 00:00,1225.23,8031.713,6.555,2849.724,2.326,,,,,2082.5,1.7,3266.882,2.666,-167.393,-0.137
13/07/2025,2025-07-13,10,[01:15-01:30[,2025-07-13 00:15,1193.729,9501.946,7.96,2849.724,2.387,,,,,2082.5,1.745,3063.428,2.566,1506.294,1.262
13/07/2025,2025-07-13,11,[01:30-01:45[,2025-07-13 00:30,1190.256,8630.733,7.251,2849.724,2.394,,,,,2082.5,1.75,3266.871,2.745,431.637,0.363
13/07/2025,2025-07-13,12,[01:45-02:00[,2025-07-13 00:45,1179.504,8574.663,7.27,2849.724,2.416,,,,,2082.5,1.766,3267.27,2.77,375.169,0.318
13/07/2025,2025-07-13,13,[02:00-02:15[,2025-07-13 01:00,1147.642,10306.874,8.981,5753.844,5.014,,,,,1470,1.281,3075.916,2.68,7.115,0.006
13/07/2025,2025-07-13,14,[02:15-02:30[,2025-07-13 01:15,1146.05,9382.488,8.187,5753.844,5.021,,,,,1470,1.283,3266.95,2.851,-1108.306,-0.967
13/07/2025,2025-07-13,15,[02:30-02:45[,2025-07-13 01:30,1136.774,8825.597,7.764,5753.844,5.062,,,,,1470,1.293,3114.634,2.74,-1512.88,-1.331
13/07/2025,2025-07-13,16,[02:45-03:00[,2025-07-13 01:45,1124.355,10240.278,9.108,5753.844,5.117,,,,,1470,1.307,3267.213,2.906,-250.779,-0.223
13/07/2025,2025-07-13,17,[03:00-03:15[,2025-07-13 02:00,1124.29,9969.94,8.868,6461.845,5.747,,,,,1144.5,1.018,3266.81,2.906,-903.215,-0.803
13/07/2025,2025-07-13,18,[03:15-03:30[,2025-07-13 02:15,1111.065,9863.095,8.877,6461.845,5.816,,,,,1144.5,1.03,2766.879,2.49,-510.129,-0.459
13/07/2025,2025-07-13,19,[03:30-03:45[,2025-07-13 02:30,1105.99,10592.977,9.578,6461.845,5.843,,,,,1144.5,1.035,3267.208,2.954,-280.576,-0.254
13/07/2025,2025-07-13,20,[03:45-04:00[,2025-07-13 02:45,1106.773,10411.48,9.407,6461.845,5.838,,,,,1144.5,1.034,3266.939,2.952,-461.804,-0.417
13/07/2025,2025-07-13,21,[04:00-04:15[,2025-07-13 03:00,1101.537,12609.633,11.447,7084.93,6.432,,,,,1470,1.334,3131.233,2.843,923.47,0.838
13/07/2025,2025-07-13,22,[04:15-04:30[,2025-07-13 03:15,1088.459,12864.213,11.819,7084.93,6.509,,,,,1470,1.351,3178.561,2.92,1130.722,1.039
13/07/2025,2025-07-13,23,[04:30-04:45[,2025-07-13 03:30,1090.32,13333.367,12.229,7084.93,6.498,,,,,1470,1.348,3265.732,2.995,1512.705,1.387
13/07/2025,2025-07-13,24,[04:45-05:00[,2025-07-13 03:45,1080.513,12559.527,11.624,7084.93,6.557,,,,,1470,1.36,2910.288,2.693,1094.31,1.013
13/07/2025,2025-07-13,25,[05:00-05:15[,2025-07-13 04:00,1098.803,10196.735,9.28,7084.93,6.448,,,,,1470,1.338,3266.134,2.972,-1624.329,-1.478
13/07/2025,2025-07-13,26,[05:15-05:30[,2025-07-13 04:15,1088.484,10904.643,10.018,7084.93,6.509,,,,,1470,1.351,3224.165,2.962,-874.453,-0.803
13/07/2025,2025-07-13,27,[05:30-05:45[,2025-07-13 04:30,1093.814,11708.782,10.705,7084.93,6.477,,,,,1470,1.344,3226.294,2.95,-72.443,-0.066
13/07/2025,2025-07-13,28,[05:45-06:00[,2025-07-13 04:45,1092.742,10736.617,9.825,7084.93,6.484,,,,,1470,1.345,3265.997,2.989,-1084.31,-0.992
13/07/2025,2025-07-13,29,[06:00-06:15[,2025-07-13 05:00,1072.026,11654.967,10.872,6583.113,6.141,,,,,2337.3,2.18,2903.015,2.708,-168.46,-0.157
13/07/2025,2025-07-13,30,[06:15-06:30[,2025-07-13 05:15,1077.221,11328.799,10.517,6583.113,6.111,,,,,2337.3,2.17,3264.696,3.031,-856.309,-0.795
13/07/2025,2025-07-13,31,[06:30-06:45[,2025-07-13 05:30,1086.157,11001.218,10.129,6583.113,6.061,,,,,2337.3,2.152,3265.766,3.007,-1184.961,-1.091
13/07/2025,2025-07-13,32,[06:45-07:00[,2025-07-13 05:45,1067.713,11520.243,10.79,6583.113,6.166,,,,,2337.3,2.189,2853.29,2.672,-253.459,-0.237
13/07/2025,2025-07-13,33,[07:00-07:15[,2025-07-13 06:00,1100.93,17397.604,15.803,11759.986,10.682,,,,,2621.536,2.381,3265.495,2.966,-249.413,-0.227
13/07/2025,2025-07-13,34,[07:15-07:30[,2025-07-13 06:15,1112.948,16729.408,15.032,11759.986,10.567,,,,,2621.536,2.355,3260.733,2.93,-912.846,-0.82
13/07/2025,2025-07-13,35,[07:30-07:45[,2025-07-13 06:30,1096.591,16494.854,15.042,11759.986,10.724,,,,,2621.536,2.391,2805.312,2.558,-691.98,-0.631
13/07/2025,2025-07-13,36,[07:45-08:00[,2025-07-13 06:45,1129.981,17601.376,15.577,11759.986,10.407,,,,,2621.536,2.32,3231.59,2.86,-11.736,-0.01
13/07/2025,2025-07-13,37,[08:00-08:15[,2025-07-13 07:00,1142.614,26677.683,23.348,16286.588,14.254,,,,,4631.728,4.054,3228.604,2.826,2530.763,2.215
13/07/2025,2025-07-13,38,[08:15-08:30[,2025-07-13 07:15,1133.708,27923.208,24.63,16286.588,14.366,,,,,4631.728,4.085,2919.659,2.575,4085.233,3.603
13/07/2025,2025-07-13,39,[08:30-08:45[,2025-07-13 07:30,1150.72,24305.371,21.122,16286.588,14.153,,,,,4631.728,4.025,3207.821,2.788,179.235,0.156
13/07/2025,2025-07-13,40,[08:45-09:00[,2025-07-13 07:45,1176.118,22583.808,19.202,16286.588,13.848,,,,,4631.728,3.938,3189.507,2.712,-1524.014,-1.296
13/07/2025,2025-07-13,41,[09:00-09:15[,2025-07-13 08:00,1185.821,27639.515,23.308,18905.713,15.943,,,,,5617.2,4.737,3208.708,2.706,-92.106,-0.078
13/07/2025,2025-07-13,42,[09:15-09:30[,2025-07-13 08:15,1199.702,27882.792,23.241,18905.713,15.759,,,,,5617.2,4.682,3220.169,2.684,139.711,0.116
13/07/2025,2025-07-13,43,[09:30-09:45[,2025-07-13 08:30,1205.53,27963.619,23.196,18905.713,15.682,,,,,5617.2,4.66,2866.078,2.377,574.628,0.477
13/07/2025,2025-07-13,44,[09:45-10:00[,2025-07-13 08:45,1217.507,28942.595,23.772,18905.713,15.528,,,,,5617.2,4.614,3169.08,2.603,1250.603,1.027
13/07/2025,2025-07-13,45,[10:00-10:15[,2025-07-13 09:00,1236.43,28004.636,22.65,19513.775,15.782,,,,,4739.58,3.833,3137.004,2.537,614.276,0.497
13/07/2025,2025-07-13,46,[10:15-10:30[,2025-07-13 09:15,1238.397,26975.184,21.782,19513.775,15.757,,,,,4739.58,3.827,2894.982,2.338,-173.153,-0.14
13/07/2025,2025-07-13,47,[10:30-10:45[,2025-07-13 09:30,1249.012,28467.251,22.792,19513.775,15.623,,,,,4739.58,3.795,3100.549,2.482,1113.347,0.891
13/07/2025,2025-07-13,48,[10:45-11:00[,2025-07-13 09:45,1253.626,28672.172,22.871,19513.775,15.566,,,,,4739.58,3.781,2702.849,2.156,1715.967,1.369
13/07/2025,2025-07-13,49,[11:00-11:15[,2025-07-13 10:00,1262.536,27695.786,21.937,19521.084,15.462,,,,,4976.76,3.942,3070.845,2.432,127.097,0.101
13/07/2025,2025-07-13,50,[11:15-11:30[,2025-07-13 10:15,1278.186,27105.927,21.207,19521.084,15.272,,,,,4976.76,3.894,3070.075,2.402,-461.992,-0.361
13/07/2025,2025-07-13,51,[11:30-11:45[,2025-07-13 10:30,1283.005,27157.38,21.167,19521.084,15.215,,,,,4976.76,3.879,2716.714,2.117,-57.178,-0.045
13/07/2025,2025-07-13,52,[11:45-12:00[,2025-07-13 10:45,1285.231,27403.074,21.322,19521.084,15.189,,,,,4976.76,3.872,2988.963,2.326,-83.732,-0.065
13/07/2025,2025-07-13,53,[12:00-12:15[,2025-07-13 11:00,1303.604,33125.098,25.41,19521.088,14.975,,,,,4510.35,3.46,2991.202,2.295,6102.459,4.681
13/07/2025,2025-07-13,54,[12:15-12:30[,2025-07-13 11:15,1311.822,29376.407,22.394,19521.088,14.881,,,,,4510.35,3.438,2815.654,2.146,2529.316,1.928
13/07/2025,2025-07-13,55,[12:30-12:45[,2025-07-13 11:30,1300.9,27561.733,21.187,19521.088,15.006,,,,,4510.35,3.467,3038.572,2.336,491.724,0.378
13/07/2025,2025-07-13,56,[12:45-13:00[,2025-07-13 11:45,1301.386,28784.409,22.118,19521.088,15,,,,,4510.35,3.466,3113.206,2.392,1639.766,1.26
13/07/2025,2025-07-13,57,[13:00-13:15[,2025-07-13 12:00,1282.208,29369.61,22.905,19521.088,15.225,,,,,4464,3.481,2895.107,2.258,2489.415,1.942
13/07/2025,2025-07-13,58,[13:15-13:30[,2025-07-13 12:15,1260.12,31716.091,25.169,19521.088,15.491,,,,,4464,3.543,3184.531,2.527,4546.473,3.608
13/07/2025,2025-07-13,59,[13:30-13:45[,2025-07-13 12:30,1246.422,29471.203,23.645,19521.088,15.662,,,,,4464,3.581,3169.174,2.543,2316.941,1.859
13/07/2025,2025-07-13,60,[13:45-14:00[,2025-07-13 12:45,1224.991,29120.898,23.772,19521.088,15.936,,,,,4464,3.644,2953.271,2.411,2182.539,1.782
13/07/2025,2025-07-13,61,[14:00-14:15[,2025-07-13 13:00,1220.484,33527.875,27.471,19521.202,15.995,,,,,4600.8,3.77,3148.947,2.58,6256.926,5.127
13/07/2025,2025-07-13,62,[14:15-14:30[,2025-07-13 13:15,1209.719,28023.757,23.166,19521.202,16.137,,,,,4600.8,3.803,2998.55,2.479,903.206,0.747
13/07/2025,2025-07-13,63,[14:30-14:45[,2025-07-13 13:30,1200.481,28344.871,23.611,19521.202,16.261,,,,,4600.8,3.832,3180.191,2.649,1042.678,0.869
13/07/2025,2025-07-13,64,[14:45-15:00[,2025-07-13 13:45,1198.476,27625.511,23.051,19521.202,16.288,,,,,4600.8,3.839,3146.948,2.626,356.561,0.298
13/07/2025,2025-07-13,65,[15:00-15:15[,2025-07-13 14:00,1202.779,27401.318,22.782,19379.168,16.112,,,,,4633.31,3.852,3001.102,2.495,387.738,0.322
13/07/2025,2025-07-13,66,[15:15-15:30[,2025-07-13 14:15,1191.403,27553.182,23.127,19379.168,16.266,,,,,4633.31,3.889,3075.578,2.581,465.126,0.39
13/07/2025,2025-07-13,67,[15:30-15:45[,2025-07-13 14:30,1190.944,27430.029,23.032,19379.168,16.272,,,,,4633.31,3.89,2887.481,2.425,530.07,0.445
13/07/2025,2025-07-13,68,[15:45-16:00[,2025-07-13 14:45,1202.914,28242.061,23.478,19379.168,16.11,,,,,4633.31,3.852,3128.341,2.601,1101.242,0.915
13/07/2025,2025-07-13,69,[16:00-16:15[,2025-07-13 15:00,1193.492,27297.9,22.872,18692.198,15.662,,,,,5733.44,4.804,3149.249,2.639,-276.986,-0.232
13/07/2025,2025-07-13,70,[16:15-16:30[,2025-07-13 15:15,1193.378,27281.203,22.86,18692.198,15.663,,,,,5733.44,4.804,2912.636,2.441,-57.071,-0.048
13/07/2025,2025-07-13,71,[16:30-16:45[,2025-07-13 15:30,1216.46,27415.791,22.537,18692.198,15.366,,,,,5733.44,4.713,3154.123,2.593,-163.969,-0.135
13/07/2025,2025-07-13,72,[16:45-17:00[,2025-07-13 15:45,1213.267,27492.664,22.66,18692.198,15.406,,,,,5733.44,4.726,3172.793,2.615,-105.767,-0.087
13/07/2025,2025-07-13,73,[17:00-17:15[,2025-07-13 16:00,1225.116,21030.437,17.166,15153.255,12.369,,,,,4734.618,3.865,2659.846,2.171,-1517.282,-1.238
13/07/2025,2025-07-13,74,[17:15-17:30[,2025-07-13 16:15,1259.853,23961.122,19.019,15153.255,12.028,,,,,4734.618,3.758,3184.287,2.528,888.962,0.706
13/07/2025,2025-07-13,75,[17:30-17:45[,2025-07-13 16:30,1262.114,25470.275,20.181,15153.255,12.006,,,,,4734.618,3.751,3182.123,2.521,2400.278,1.902
13/07/2025,2025-07-13,76,[17:45-18:00[,2025-07-13 16:45,1291.572,26356.756,20.407,15153.255,11.732,,,40.385,0.031,4734.618,3.666,3015.337,2.335,3413.161,2.643
13/07/2025,2025-07-13,77,[18:00-18:15[,2025-07-13 17:00,1318.4,21893.72,16.606,12311.559,9.338,,,,,2654.82,2.014,3163.91,2.4,3763.431,2.855
13/07/2025,2025-07-13,78,[18:15-18:30[,2025-07-13 17:15,1329.586,22407.656,16.853,12311.559,9.26,,,,,2654.82,1.997,3065.493,2.306,4375.784,3.291
13/07/2025,2025-07-13,79,[18:30-18:45[,2025-07-13 17:30,1362.543,18860.455,13.842,12311.559,9.036,,,,,2654.82,1.948,3191.664,2.342,702.412,0.516
13/07/2025,2025-07-13,80,[18:45-19:00[,2025-07-13 17:45,1387.037,26367.792,19.01,12311.559,8.876,,,,,2654.82,1.914,3191.532,2.301,8209.881,5.919
13/07/2025,2025-07-13,81,[19:00-19:15[,2025-07-13 18:00,1399.543,7291.262,5.21,5792.074,4.139,,,,,3257.28,2.327,2940.764,2.101,-4698.856,-3.357
13/07/2025,2025-07-13,82,[19:15-19:30[,2025-07-13 18:15,1433.562,10672.179,7.445,5792.074,4.04,,,,,3257.28,2.272,3201.737,2.233,-1578.912,-1.101
13/07/2025,2025-07-13,83,[19:30-19:45[,2025-07-13 18:30,1453.134,10039.058,6.909,5792.074,3.986,,,,,3257.28,2.242,3048,2.098,-2058.295,-1.416
13/07/2025,2025-07-13,84,[19:45-20:00[,2025-07-13 18:45,1461.356,12201.414,8.349,5792.074,3.963,,,,,3257.28,2.229,2695.024,1.844,457.036,0.313
13/07/2025,2025-07-13,85,[20:00-20:15[,2025-07-13 19:00,1480.663,-633.695,-0.428,1801.007,1.216,,,,,2693,1.819,1549.243,1.046,-6676.945,-4.509
13/07/2025,2025-07-13,86,[20:15-20:30[,2025-07-13 19:15,1466.644,5310.055,3.621,1801.007,1.228,,,,,2693,1.836,1558.056,1.062,-742.008,-0.506
13/07/2025,2025-07-13,87,[20:30-20:45[,2025-07-13 19:30,1467.621,3699.618,2.521,1801.007,1.227,,,,,2693,1.835,1558.056,1.062,-2352.445,-1.603
13/07/2025,2025-07-13,88,[20:45-21:00[,2025-07-13 19:45,1473.651,8590.224,5.829,1801.007,1.222,,,,,2693,1.827,1552.74,1.054,2543.477,1.726
13/07/2025,2025-07-13,89,[21:00-21:15[,2025-07-13 20:00,1488.412,4460.504,2.997,1779.456,1.196,,,,,3843.84,2.583,1488.741,1,-2651.533,-1.781
13/07/2025,2025-07-13,90,[21:15-21:30[,2025-07-13 20:15,1504.758,7569.133,5.03,1779.456,1.183,,,,,3843.84,2.554,1480.43,0.984,465.407,0.309
13/07/2025,2025-07-13,91,[21:30-21:45[,2025-07-13 20:30,1500.999,6794.767,4.527,1779.456,1.186,,,-230.213,-0.153,3843.84,2.561,1351.766,0.901,49.918,0.033
13/07/2025,2025-07-13,92,[21:45-22:00[,2025-07-13 20:45,1482.944,5315.641,3.585,1779.456,1.2,,,-184.295,-0.124,3843.84,2.592,1354.466,0.913,-1477.826,-0.997
13/07/2025,2025-07-13,93,[22:00-22:15[,2025-07-13 21:00,1500.236,6826.583,4.55,1857.482,1.238,,,,,3173,2.115,2861.141,1.907,-1065.04,-0.71
13/07/2025,2025-07-13,94,[22:15-22:30[,2025-07-13 21:15,1484.693,7685.521,5.177,1857.482,1.251,,,,,3173,2.137,2985.909,2.011,-330.87,-0.223
13/07/2025,2025-07-13,95,[22:30-22:45[,2025-07-13 21:30,1473.524,8043.648,5.459,1857.482,1.261,,,,,3173,2.153,3136.162,2.128,-122.995,-0.083
13/07/2025,2025-07-13,96,[22:45-23:00[,2025-07-13 21:45,1435.201,5727.513,3.991,1857.482,1.294,,,,,3173,2.211,2929.973,2.042,-2232.941,-1.556
14/07/2025,2025-07-14,1,[23:00-23:15[,2025-07-13 22:00,1418.413,13994.371,9.866,4546.159,3.205,,,,,3540,2.496,3190.51,2.249,2717.702,1.916
14/07/2025,2025-07-14,2,[23:15-23:30[,2025-07-13 22:15,1398.401,10938.574,7.822,4546.159,3.251,,,,,3433.92,2.456,3189.381,2.281,-230.885,-0.165
14/07/2025,2025-07-14,3,[23:30-23:45[,2025-07-13 22:30,1352.162,9770.829,7.226,4546.159,3.362,,,,,3051.72,2.257,2898.761,2.144,-725.811,-0.537
14/07/2025,2025-07-14,4,[23:45-00:00[,2025-07-13 22:45,1340.45,9320.543,6.953,4546.159,3.392,,,,,2763.6,2.062,3189.608,2.38,-1178.823,-0.879
14/07/2025,2025-07-14,5,[00:00-00:15[,2025-07-13 23:00,1327.869,10235.788,7.708,8277.48,6.234,,,,,2293.56,1.727,3392.82,2.555,-3728.072,-2.808
14/07/2025,2025-07-14,6,[00:15-00:30[,2025-07-13 23:15,1299.28,13157.127,10.126,8277.48,6.371,,,,,2293.56,1.765,3213.186,2.473,-627.099,-0.483
14/07/2025,2025-07-14,7,[00:30-00:45[,2025-07-13 23:30,1286.117,12006.951,9.336,8277.48,6.436,,,,,2293.56,1.783,3374.244,2.624,-1938.332,-1.507
14/07/2025,2025-07-14,8,[00:45-01:00[,2025-07-13 23:45,1260.699,11136.085,8.833,8277.48,6.566,,,,,2293.56,1.819,3200.777,2.539,-2635.732,-2.091
14/07/2025,2025-07-14,9,[01:00-01:15[,2025-07-14 00:00,1249.109,14903.276,11.931,8347.975,6.683,,,,,1470,1.177,3404.887,2.726,1680.414,1.345
14/07/2025,2025-07-14,10,[01:15-01:30[,2025-07-14 00:15,1238.163,12173.859,9.832,8347.975,6.742,,,,,1470,1.187,3453.167,2.789,-1097.283,-0.886
14/07/2025,2025-07-14,11,[01:30-01:45[,2025-07-14 00:30,1210.702,11205.705,9.256,8347.975,6.895,,,,,1470,1.214,3234.142,2.671,-1846.412,-1.525
14/07/2025,2025-07-14,12,[01:45-02:00[,2025-07-14 00:45,1207.642,12400.746,10.269,8347.975,6.913,,,,,1470,1.217,3382.535,2.801,-799.764,-0.662
14/07/2025,2025-07-14,13,[02:00-02:15[,2025-07-14 01:00,1203.258,13182.753,10.956,8365.379,6.952,,,,,1470,1.222,3409.357,2.833,-61.983,-0.052
14/07/2025,2025-07-14,14,[02:15-02:30[,2025-07-14 01:15,1171.194,12799.986,10.929,8365.379,7.143,,,,,1470,1.255,2984.077,2.548,-19.469,-0.017
14/07/2025,2025-07-14,15,[02:30-02:45[,2025-07-14 01:30,1180.545,12565.511,10.644,8365.379,7.086,,,,,1470,1.245,3411.922,2.89,-681.79,-0.578
14/07/2025,2025-07-14,16,[02:45-03:00[,2025-07-14 01:45,1179.305,11751.52,9.965,8365.379,7.093,,,,,1470,1.246,3429.62,2.908,-1513.478,-1.283
14/07/2025,2025-07-14,17,[03:00-03:15[,2025-07-14 02:00,1156.756,12399.305,10.719,8366.18,7.232,,,,,1144.5,0.989,3152.357,2.725,-263.732,-0.228
14/07/2025,2025-07-14,18,[03:15-03:30[,2025-07-14 02:15,1162.552,12107.336,10.414,8366.18,7.196,,,,,1144.5,0.984,3482.333,2.995,-885.677,-0.762
14/07/2025,2025-07-14,19,[03:30-03:45[,2025-07-14 02:30,1161.792,12719.897,10.949,8366.18,7.201,,,,,1144.5,0.985,3482.333,2.997,-273.116,-0.235
14/07/2025,2025-07-14,20,[03:45-04:00[,2025-07-14 02:45,1139,11523.081,10.117,8366.18,7.345,,,,,1144.5,1.005,3347.926,2.939,-1335.525,-1.173
14/07/2025,2025-07-14,21,[04:00-04:15[,2025-07-14 03:00,1151.61,13302.008,11.551,8368.072,7.266,,,,,1470,1.276,3404.723,2.956,59.213,0.051
14/07/2025,2025-07-14,22,[04:15-04:30[,2025-07-14 03:15,1154.241,8956.12,7.759,8368.072,7.25,,,,,1470,1.274,3278.154,2.84,-4160.107,-3.604
14/07/2025,2025-07-14,23,[04:30-04:45[,2025-07-14 03:30,1153.566,12586.773,10.911,8368.072,7.254,,,,,1470,1.274,3457.712,2.997,-709.011,-0.615
14/07/2025,2025-07-14,24,[04:45-05:00[,2025-07-14 03:45,1155.961,11045.039,9.555,8368.072,7.239,,,,,1470,1.272,3482.333,3.013,-2275.367,-1.968
14/07/2025,2025-07-14,25,[05:00-05:15[,2025-07-14 04:00,1169.336,5553.273,4.749,4547.017,3.889,,,,,2709.7,2.317,3148.393,2.692,-4851.836,-4.149
14/07/2025,2025-07-14,26,[05:15-05:30[,2025-07-14 04:15,1174.464,10150.257,8.642,4547.017,3.872,,,,,2988,2.544,3491.402,2.973,-876.161,-0.746
14/07/2025,2025-07-14,27,[05:30-05:45[,2025-07-14 04:30,1180.692,13218.068,11.195,4547.017,3.851,,,,,2988,2.531,3412.706,2.89,2270.345,1.923
14/07/2025,2025-07-14,28,[05:45-06:00[,2025-07-14 04:45,1174.251,13395.35,11.408,4547.017,3.872,,,,,2988,2.545,2963.021,2.523,2897.313,2.467
14/07/2025,2025-07-14,29,[06:00-06:15[,2025-07-14 05:00,1229.676,8315.202,6.762,3963.955,3.224,,,,,3379.2,2.748,3494.333,2.842,-2522.286,-2.051
14/07/2025,2025-07-14,30,[06:15-06:30[,2025-07-14 05:15,1234.549,9140.191,7.404,3963.955,3.211,,,,,3379.2,2.737,3488.594,2.826,-1691.558,-1.37
14/07/2025,2025-07-14,31,[06:30-06:45[,2025-07-14 05:30,1251.493,10763.403,8.6,3963.955,3.167,,,,,3379.2,2.7,3398.762,2.716,21.485,0.017
14/07/2025,2025-07-14,32,[06:45-07:00[,2025-07-14 05:45,1285.383,9912.535,7.712,3963.955,3.084,,,,,3379.2,2.629,3415.587,2.657,-846.206,-0.658
14/07/2025,2025-07-14,33,[07:00-07:15[,2025-07-14 06:00,1332.432,10641.29,7.986,4544.177,3.41,,,,,3504,2.63,3181.235,2.388,-588.122,-0.441
14/07/2025,2025-07-14,34,[07:15-07:30[,2025-07-14 06:15,1383.915,11178.308,8.077,4544.177,3.284,,,,,3504,2.532,3442.688,2.488,-312.556,-0.226
14/07/2025,2025-07-14,35,[07:30-07:45[,2025-07-14 06:30,1407.866,11497.936,8.167,4544.177,3.228,,,,,3504,2.489,3194.343,2.269,255.416,0.181
14/07/2025,2025-07-14,36,[07:45-08:00[,2025-07-14 06:45,1445.507,12021.329,8.316,4544.177,3.144,,,,,3504,2.424,3080.429,2.131,892.723,0.618
14/07/2025,2025-07-14,37,[08:00-08:15[,2025-07-14 07:00,1530.027,16671.16,10.896,10457.963,6.835,,,,,2318.4,1.515,3530.321,2.307,364.476,0.238
14/07/2025,2025-07-14,38,[08:15-08:30[,2025-07-14 07:15,1578.936,16370.59,10.368,10457.963,6.623,,,,,2318.4,1.468,3475.825,2.201,118.403,0.075
14/07/2025,2025-07-14,39,[08:30-08:45[,2025-07-14 07:30,1597.782,17425.175,10.906,10457.963,6.545,,,,,2600.1,1.627,2951.292,1.847,1415.82,0.886
14/07/2025,2025-07-14,40,[08:45-09:00[,2025-07-14 07:45,1633.4,31233.979,19.122,10457.963,6.403,,,,,2464.304,1.509,3482.746,2.132,14828.966,9.079
14/07/2025,2025-07-14,41,[09:00-09:15[,2025-07-14 08:00,1667.241,16818.041,10.087,11922.775,7.151,,,,,2745,1.646,3305.349,1.983,-1155.083,-0.693
14/07/2025,2025-07-14,42,[09:15-09:30[,2025-07-14 08:15,1662.905,15923.749,9.576,11922.775,7.17,,,,,2745,1.651,3147.88,1.893,-1891.906,-1.138
14/07/2025,2025-07-14,43,[09:30-09:45[,2025-07-14 08:30,1644.886,28655.261,17.421,11922.775,7.248,,,,,2998.992,1.823,3110.944,1.891,10622.55,6.458
14/07/2025,2025-07-14,44,[09:45-10:00[,2025-07-14 08:45,1652.41,34090.451,20.631,11922.775,7.215,,,,,3132.668,1.896,3273.176,1.981,15761.831,9.539
14/07/2025,2025-07-14,45,[10:00-10:15[,2025-07-14 09:00,1638.291,35276.881,21.533,16419.563,10.022,,,,,4147.072,2.531,3080.234,1.88,11630.013,7.099
14/07/2025,2025-07-14,46,[10:15-10:30[,2025-07-14 09:15,1637.533,52588.154,32.114,16419.563,10.027,,,,,4147.072,2.533,3222.635,1.968,28798.884,17.587
14/07/2025,2025-07-14,47,[10:30-10:45[,2025-07-14 09:30,1625.304,51516.579,31.697,16419.563,10.102,,,,,4147.072,2.552,2970.385,1.828,27979.559,17.215
14/07/2025,2025-07-14,48,[10:45-11:00[,2025-07-14 09:45,1617.044,51716.656,31.982,16419.563,10.154,,,,,4147.072,2.565,3021.35,1.868,28128.672,17.395
14/07/2025,2025-07-14,49,[11:00-11:15[,2025-07-14 10:00,1618.666,34788.476,21.492,16370.688,10.114,,,,,4631.436,2.861,3078.151,1.902,10708.202,6.615
14/07/2025,2025-07-14,50,[11:15-11:30[,2025-07-14 10:15,1613.581,32834.507,20.349,16370.688,10.146,,,,,4643.592,2.878,2948.938,1.828,8871.289,5.498
14/07/2025,2025-07-14,51,[11:30-11:45[,2025-07-14 10:30,1605.6,32054.386,19.964,16370.688,10.196,,,,,4643.592,2.892,2998.017,1.867,8042.09,5.009
14/07/2025,2025-07-14,52,[11:45-12:00[,2025-07-14 10:45,1593.6,39224.323,24.614,16370.688,10.273,,,,,4643.592,2.914,2301.962,1.445,15908.082,9.982
14/07/2025,2025-07-14,53,[12:00-12:15[,2025-07-14 11:00,1597.255,40640.592,25.444,15827.744,9.909,,,,,3912.772,2.45,3027.755,1.896,17872.322,11.189
14/07/2025,2025-07-14,54,[12:15-12:30[,2025-07-14 11:15,1582.558,35786.632,22.613,15827.744,10.001,,,,,3963.514,2.504,2891.174,1.827,13104.201,8.28
14/07/2025,2025-07-14,55,[12:30-12:45[,2025-07-14 11:30,1563.001,29119.931,18.631,15827.744,10.127,,,,,3969.152,2.539,2915.204,1.865,6407.831,4.1
14/07/2025,2025-07-14,56,[12:45-13:00[,2025-07-14 11:45,1549.677,28187.75,18.189,15827.744,10.214,,,,,4025.532,2.598,2875.085,1.855,5459.389,3.523
14/07/2025,2025-07-14,57,[13:00-13:15[,2025-07-14 12:00,1538.099,36079.431,23.457,16742.282,10.885,,,,,4428.932,2.879,3079.996,2.002,11828.221,7.69
14/07/2025,2025-07-14,58,[13:15-13:30[,2025-07-14 12:15,1539.239,40659.323,26.415,16742.282,10.877,,,,,4428.932,2.877,3093.622,2.01,16394.487,10.651
14/07/2025,2025-07-14,59,[13:30-13:45[,2025-07-14 12:30,1545.26,36335.949,23.514,16742.282,10.835,,,,,4378.73,2.834,3028.559,1.96,12186.378,7.886
14/07/2025,2025-07-14,60,[13:45-14:00[,2025-07-14 12:45,1551.817,36984.948,23.833,16742.282,10.789,,,,,4428.932,2.854,3093.917,1.994,12719.816,8.197
14/07/2025,2025-07-14,61,[14:00-14:15[,2025-07-14 13:00,1575.689,37406.262,23.74,18651.354,11.837,,,,,5342.718,3.391,3006.043,1.908,10406.147,6.604
14/07/2025,2025-07-14,62,[14:15-14:30[,2025-07-14 13:15,1588.42,40385.024,25.425,18651.354,11.742,,,,,5342.718,3.364,2945.068,1.854,13445.883,8.465
14/07/2025,2025-07-14,63,[14:30-14:45[,2025-07-14 13:30,1598.854,41319.578,25.843,18651.354,11.665,,,,,5393.28,3.373,3138.292,1.963,14136.653,8.842
14/07/2025,2025-07-14,64,[14:45-15:00[,2025-07-14 13:45,1598.363,38316.288,23.972,18651.354,11.669,,,,,5398.898,3.378,2984.488,1.867,11281.548,7.058
14/07/2025,2025-07-14,65,[15:00-15:15[,2025-07-14 14:00,1592.776,38513.093,24.18,17374.849,10.909,,,-17.959,-0.011,4905.522,3.08,3136.669,1.969,13114.013,8.233
14/07/2025,2025-07-14,66,[15:15-15:30[,2025-07-14 14:15,1602.86,30360.11,18.941,17374.849,10.84,,,,,4905.522,3.06,3120.678,1.947,4959.061,3.094
14/07/2025,2025-07-14,67,[15:30-15:45[,2025-07-14 14:30,1589.776,27894.714,17.546,17374.849,10.929,,,,,4853.52,3.053,2228.302,1.402,3438.043,2.163
14/07/2025,2025-07-14,68,[15:45-16:00[,2025-07-14 14:45,1599.654,26364.653,16.481,17374.849,10.862,,,,,4564.62,2.854,3134.175,1.959,1291.009,0.807
14/07/2025,2025-07-14,69,[16:00-16:15[,2025-07-14 15:00,1605.322,29174.931,18.174,15663.163,9.757,,,,,3173.352,1.977,3125.046,1.947,7213.371,4.493
14/07/2025,2025-07-14,70,[16:15-16:30[,2025-07-14 15:15,1609.224,28807.156,17.901,15663.163,9.733,,,,,3173.352,1.972,2770.183,1.721,7200.459,4.474
14/07/2025,2025-07-14,71,[16:30-16:45[,2025-07-14 15:30,1605.3,38326.311,23.875,15663.163,9.757,,,,,3173.352,1.977,3133.693,1.952,16356.104,10.189
14/07/2025,2025-07-14,72,[16:45-17:00[,2025-07-14 15:45,1610.574,30937.261,19.209,15663.163,9.725,,,,,3161.728,1.963,3038.209,1.886,9074.161,5.634
14/07/2025,2025-07-14,73,[17:00-17:15[,2025-07-14 16:00,1590.131,53307.86,33.524,14466.393,9.098,,,-3.005,-0.002,4297.6,2.703,1833.685,1.153,32713.187,20.573
14/07/2025,2025-07-14,74,[17:15-17:30[,2025-07-14 16:15,1576.336,49126.282,31.165,14466.393,9.177,,,,,4229.6,2.683,1855.47,1.177,28574.819,18.127
14/07/2025,2025-07-14,75,[17:30-17:45[,2025-07-14 16:30,1587.458,29536.161,18.606,14466.393,9.113,,,,,3081.276,1.941,1815.251,1.143,10173.241,6.409
14/07/2025,2025-07-14,76,[17:45-18:00[,2025-07-14 16:45,1609.64,27959.173,17.37,14466.393,8.987,,,,,2745,1.705,1886.033,1.172,8861.747,5.505
14/07/2025,2025-07-14,77,[18:00-18:15[,2025-07-14 17:00,1587.69,19529.317,12.3,11999.289,7.558,,,,,4098.208,2.581,1278.24,0.805,2153.58,1.356
14/07/2025,2025-07-14,78,[18:15-18:30[,2025-07-14 17:15,1608.623,16110.832,10.015,11999.289,7.459,,,,,2921.688,1.816,1306.766,0.812,-116.911,-0.073
14/07/2025,2025-07-14,79,[18:30-18:45[,2025-07-14 17:30,1636.705,13773.75,8.416,11999.289,7.331,,,,,2745,1.677,1334.891,0.816,-2305.43,-1.409
14/07/2025,2025-07-14,80,[18:45-19:00[,2025-07-14 17:45,1662.555,14866.079,8.942,11999.289,7.217,,,,,2745,1.651,1282.024,0.771,-1160.234,-0.698
14/07/2025,2025-07-14,81,[19:00-19:15[,2025-07-14 18:00,1691.429,3869.186,2.288,3749.308,2.217,,,,,2075.04,1.227,1385.707,0.819,-3340.869,-1.975
14/07/2025,2025-07-14,82,[19:15-19:30[,2025-07-14 18:15,1720.945,5494.222,3.193,3749.308,2.179,,,,,2075.04,1.206,1343.361,0.781,-1673.487,-0.972
14/07/2025,2025-07-14,83,[19:30-19:45[,2025-07-14 18:30,1746.039,8965.064,5.135,3749.308,2.147,,,,,2444.4,1.4,1282.568,0.735,1488.788,0.853
14/07/2025,2025-07-14,84,[19:45-20:00[,2025-07-14 18:45,1766.657,7399.839,4.189,3749.308,2.122,,,,,2601.816,1.473,1365.852,0.773,-317.138,-0.18
14/07/2025,2025-07-14,85,[20:00-20:15[,2025-07-14 19:00,1777.888,10040.954,5.648,3417.85,1.922,,,,,3648,2.052,1345.688,0.757,1629.416,0.916
14/07/2025,2025-07-14,86,[20:15-20:30[,2025-07-14 19:15,1772.839,9102.957,5.135,3417.85,1.928,,,,,3648,2.058,1359.069,0.767,678.038,0.382
14/07/2025,2025-07-14,87,[20:30-20:45[,2025-07-14 19:30,1757.851,8523.877,4.849,3417.85,1.944,,,,,3648,2.075,1266.966,0.721,191.061,0.109
14/07/2025,2025-07-14,88,[20:45-21:00[,2025-07-14 19:45,1748.737,9770.118,5.587,3417.85,1.954,,,,,3648,2.086,1232.858,0.705,1471.41,0.841
14/07/2025,2025-07-14,89,[21:00-21:15[,2025-07-14 20:00,1746.79,5856.018,3.352,3417.85,1.957,,,,,3670.8,2.101,1302.675,0.746,-2535.307,-1.451
14/07/2025,2025-07-14,90,[21:15-21:30[,2025-07-14 20:15,1760.342,7392.771,4.2,3417.85,1.942,,,,,3670.8,2.085,1309.895,0.744,-1005.774,-0.571
14/07/2025,2025-07-14,91,[21:30-21:45[,2025-07-14 20:30,1743.795,7018.35,4.025,3417.85,1.96,,,,,3864,2.216,1219.659,0.699,-1483.159,-0.851
14/07/2025,2025-07-14,92,[21:45-22:00[,2025-07-14 20:45,1713.819,8441.685,4.926,3417.85,1.994,,,-4.203,-0.002,3864,2.255,1196.797,0.698,-32.76,-0.019
14/07/2025,2025-07-14,93,[22:00-22:15[,2025-07-14 21:00,1683.339,8029.887,4.77,3950.675,2.347,,,,,3999.24,2.376,1219.416,0.724,-1139.444,-0.677
14/07/2025,2025-07-14,94,[22:15-22:30[,2025-07-14 21:15,1650.678,7675.993,4.65,3950.675,2.393,,,,,3864,2.341,1254.991,0.76,-1393.673,-0.844
14/07/2025,2025-07-14,95,[22:30-22:45[,2025-07-14 21:30,1615.733,8393.53,5.195,3950.675,2.445,,,,,3864,2.391,1206.871,0.747,-628.016,-0.389
14/07/2025,2025-07-14,96,[22:45-23:00[,2025-07-14 21:45,1583.129,8852.959,5.592,3950.675,2.495,,,,,3864,2.441,1364.278,0.862,-325.994,-0.206
15/07/2025,2025-07-15,1,[23:00-23:15[,2025-07-14 22:00,1563.886,8137.692,5.204,4855.061,3.104,,,,,3010,1.925,2235.637,1.43,-1963.006,-1.255
15/07/2025,2025-07-15,2,[23:15-23:30[,2025-07-14 22:15,1525.06,10832.189,7.103,4855.061,3.184,,,,,3010,1.974,2352.398,1.542,614.73,0.403
15/07/2025,2025-07-15,3,[23:30-23:45[,2025-07-14 22:30,1491.671,11809.517,7.917,4855.061,3.255,,,-51.84,-0.035,2939.31,1.97,2406.27,1.613,1660.716,1.113
15/07/2025,2025-07-15,4,[23:45-00:00[,2025-07-14 22:45,1449.375,7359.351,5.078,4855.061,3.35,,,,,2820.55,1.946,2049.476,1.414,-2365.736,-1.632
15/07/2025,2025-07-15,5,[00:00-00:15[,2025-07-14 23:00,1443.98,14434.049,9.996,7455.708,5.163,,,,,2973.5,2.059,3261.564,2.259,743.278,0.515
15/07/2025,2025-07-15,6,[00:15-00:30[,2025-07-14 23:15,1426.315,11987.027,8.404,7455.708,5.227,,,,,2973.5,2.085,3290.796,2.307,-1732.976,-1.215
15/07/2025,2025-07-15,7,[00:30-00:45[,2025-07-14 23:30,1398.812,12743.094,9.11,7455.708,5.33,,,,,2973.5,2.126,2973.182,2.126,-659.296,-0.471
15/07/2025,2025-07-15,8,[00:45-01:00[,2025-07-14 23:45,1377.535,12686.558,9.21,7455.708,5.412,,,,,2973.5,2.159,3284.603,2.384,-1027.253,-0.746
15/07/2025,2025-07-15,9,[01:00-01:15[,2025-07-15 00:00,1369.439,13355.283,9.752,7461.983,5.449,,,,,2371.5,1.732,3270.84,2.388,250.96,0.183
15/07/2025,2025-07-15,10,[01:15-01:30[,2025-07-15 00:15,1343.665,12609.415,9.384,7461.983,5.553,,,,,2371.5,1.765,2959.413,2.202,-183.481,-0.137
15/07/2025,2025-07-15,11,[01:30-01:45[,2025-07-15 00:30,1329.111,12888.431,9.697,7461.983,5.614,,,,,2371.5,1.784,3272.217,2.462,-217.269,-0.163
15/07/2025,2025-07-15,12,[01:45-02:00[,2025-07-15 00:45,1320.299,11934.427,9.039,7461.983,5.652,,,,,2371.5,1.796,3275.643,2.481,-1174.699,-0.89
15/07/2025,2025-07-15,13,[02:00-02:15[,2025-07-15 01:00,1302.195,13257.307,10.181,7466.163,5.734,,,,,2096,1.61,3100.919,2.381,594.225,0.456
15/07/2025,2025-07-15,14,[02:15-02:30[,2025-07-15 01:15,1285.559,12938.126,10.064,7466.163,5.808,,,,,2096,1.63,3330.127,2.59,45.835,0.036
15/07/2025,2025-07-15,15,[02:30-02:45[,2025-07-15 01:30,1278.413,11921.44,9.325,7466.163,5.84,,,,,2096,1.64,3271.696,2.559,-912.419,-0.714
15/07/2025,2025-07-15,16,[02:45-03:00[,2025-07-15 01:45,1270.376,13102.068,10.314,7466.163,5.877,,,,,2096,1.65,3304.571,2.601,235.334,0.185
15/07/2025,2025-07-15,17,[03:00-03:15[,2025-07-15 02:00,1271.046,12112.824,9.53,8041.498,6.327,,,,,2096,1.649,3329.699,2.62,-1354.373,-1.066
15/07/2025,2025-07-15,18,[03:15-03:30[,2025-07-15 02:15,1252.306,12167.4,9.716,8041.498,6.421,,,,,2096,1.674,3071.447,2.453,-1041.545,-0.832
15/07/2025,2025-07-15,19,[03:30-03:45[,2025-07-15 02:30,1254.449,12420.685,9.901,8041.498,6.41,,,,,2096,1.671,3330.127,2.655,-1046.94,-0.835
15/07/2025,2025-07-15,20,[03:45-04:00[,2025-07-15 02:45,1252.222,13561.983,10.83,8041.498,6.422,,,,,2096,1.674,3288.217,2.626,136.268,0.109
15/07/2025,2025-07-15,21,[04:00-04:15[,2025-07-15 03:00,1230.86,11733.717,9.533,7460.957,6.062,,,,,2371.5,1.927,3029.254,2.461,-1127.993,-0.916
15/07/2025,2025-07-15,22,[04:15-04:30[,2025-07-15 03:15,1240.188,13010.513,10.491,7460.957,6.016,,,,,2371.5,1.912,3330.123,2.685,-152.066,-0.123
15/07/2025,2025-07-15,23,[04:30-04:45[,2025-07-15 03:30,1246.193,11301.925,9.069,7460.957,5.987,,,,,2371.5,1.903,3292.073,2.642,-1822.605,-1.463
15/07/2025,2025-07-15,24,[04:45-05:00[,2025-07-15 03:45,1225.432,13179.382,10.755,7460.957,6.088,,,,,2371.5,1.935,3061.254,2.498,285.672,0.233
15/07/2025,2025-07-15,25,[05:00-05:15[,2025-07-15 04:00,1247.742,6918.31,5.545,4730.669,3.791,,,,,2519.1,2.019,3256.01,2.61,-3587.47,-2.875
15/07/2025,2025-07-15,26,[05:15-05:30[,2025-07-15 04:15,1258.142,8424.166,6.696,4730.669,3.76,,,,,2665.7,2.119,3166.49,2.517,-2138.692,-1.7
15/07/2025,2025-07-15,27,[05:30-05:45[,2025-07-15 04:30,1249.465,8038.688,6.434,4730.669,3.786,,,,,2665.7,2.133,3027.827,2.423,-2385.508,-1.909
15/07/2025,2025-07-15,28,[05:45-06:00[,2025-07-15 04:45,1265.031,10845.43,8.573,4730.669,3.74,,,,,2682.536,2.121,3294.87,2.605,137.355,0.109
15/07/2025,2025-07-15,29,[06:00-06:15[,2025-07-15 05:00,1296.692,6712.864,5.177,3414.258,2.633,,,,,3090,2.383,3045.112,2.348,-2836.506,-2.187
15/07/2025,2025-07-15,30,[06:15-06:30[,2025-07-15 05:15,1294.776,8256.312,6.377,3414.258,2.637,,,,,3233,2.497,3191.712,2.465,-1582.658,-1.222
15/07/2025,2025-07-15,31,[06:30-06:45[,2025-07-15 05:30,1322.714,8352.247,6.314,3414.258,2.581,,,,,3090,2.336,3241.109,2.45,-1393.12,-1.053
15/07/2025,2025-07-15,32,[06:45-07:00[,2025-07-15 05:45,1343.616,7937.551,5.908,3414.258,2.541,,,,,3090,2.3,2946.571,2.193,-1513.278,-1.126
15/07/2025,2025-07-15,33,[07:00-07:15[,2025-07-15 06:00,1399.308,12544.763,8.965,6349.57,4.538,,,,,2973.5,2.125,3247.247,2.321,-25.554,-0.018
15/07/2025,2025-07-15,34,[07:15-07:30[,2025-07-15 06:15,1417.979,10159.128,7.165,6349.57,4.478,,,,,2973.5,2.097,3253.506,2.294,-2417.448,-1.705
15/07/2025,2025-07-15,35,[07:30-07:45[,2025-07-15 06:30,1451.874,12116.404,8.345,6349.57,4.373,,,,,2973.5,2.048,2984.161,2.055,-190.827,-0.131
15/07/2025,2025-07-15,36,[07:45-08:00[,2025-07-15 06:45,1499.896,13066.441,8.712,6349.57,4.233,,,,,2973.5,1.982,3279.99,2.187,463.381,0.309
15/07/2025,2025-07-15,37,[08:00-08:15[,2025-07-15 07:00,1540.844,16653.674,10.808,10590.241,6.873,,,,,3912.5,2.539,2962.425,1.923,-811.491,-0.527
15/07/2025,2025-07-15,38,[08:15-08:30[,2025-07-15 07:15,1598.329,17836.695,11.16,10590.241,6.626,,,,,3912.5,2.448,3128.942,1.958,205.012,0.128
15/07/2025,2025-07-15,39,[08:30-08:45[,2025-07-15 07:30,1623.547,16484.329,10.153,10590.241,6.523,,,,,3912.5,2.41,3180.762,1.959,-1199.174,-0.739
15/07/2025,2025-07-15,40,[08:45-09:00[,2025-07-15 07:45,1632.76,18363.664,11.247,10590.241,6.486,,,,,3912.5,2.396,2785.046,1.706,1075.878,0.659
15/07/2025,2025-07-15,41,[09:00-09:15[,2025-07-15 08:00,1654.214,26230.876,15.857,16703.36,10.097,,,-11.633,-0.007,6780,4.099,3171.277,1.917,-412.128,-0.249
15/07/2025,2025-07-15,42,[09:15-09:30[,2025-07-15 08:15,1640.288,26615.47,16.226,16703.36,10.183,,,,,6780,4.133,3171.535,1.934,-39.425,-0.024
15/07/2025,2025-07-15,43,[09:30-09:45[,2025-07-15 08:30,1631.128,25864.03,15.857,16703.36,10.24,,,,,6780,4.157,2872.22,1.761,-491.55,-0.301
15/07/2025,2025-07-15,44,[09:45-10:00[,2025-07-15 08:45,1624.038,28097.563,17.301,16703.36,10.285,,,,,6780,4.175,3106.632,1.913,1507.571,0.928
15/07/2025,2025-07-15,45,[10:00-10:15[,2025-07-15 09:00,1623.077,24853.295,15.312,15363.039,9.465,,,,,6720,4.14,3062.854,1.887,-292.599,-0.18
15/07/2025,2025-07-15,46,[10:15-10:30[,2025-07-15 09:15,1624.928,24763.105,15.24,15363.039,9.455,,,,,6720,4.136,2627.87,1.617,52.197,0.032
15/07/2025,2025-07-15,47,[10:30-10:45[,2025-07-15 09:30,1605.08,24851.324,15.483,15363.039,9.572,,,,,6720,4.187,2613.295,1.628,154.99,0.097
15/07/2025,2025-07-15,48,[10:45-11:00[,2025-07-15 09:45,1622.404,25604.374,15.782,15363.039,9.469,,,,,6720,4.142,2822.87,1.74,698.464,0.431
15/07/2025,2025-07-15,49,[11:00-11:15[,2025-07-15 10:00,1636.782,26029.442,15.903,14456.02,8.832,,,,,7080,4.326,2751.962,1.681,1741.459,1.064
15/07/2025,2025-07-15,50,[11:15-11:30[,2025-07-15 10:15,1634.676,32504.855,19.885,14456.02,8.843,,,,,7080,4.331,2843.932,1.74,8124.902,4.97
15/07/2025,2025-07-15,51,[11:30-11:45[,2025-07-15 10:30,1646.225,29847.454,18.131,14456.02,8.781,,,,,7080,4.301,2594.74,1.576,5716.694,3.473
15/07/2025,2025-07-15,52,[11:45-12:00[,2025-07-15 10:45,1658.381,32013.701,19.304,14456.02,8.717,,,,,7080,4.269,2872.519,1.732,7605.162,4.586
15/07/2025,2025-07-15,53,[12:00-12:15[,2025-07-15 11:00,1639.384,27103.148,16.533,14631.593,8.925,,,,,5871.88,3.582,2844.861,1.735,3754.814,2.29
15/07/2025,2025-07-15,54,[12:15-12:30[,2025-07-15 11:15,1628.309,26953.167,16.553,14631.593,8.986,,,,,5871.88,3.606,2408.2,1.479,4041.494,2.482
15/07/2025,2025-07-15,55,[12:30-12:45[,2025-07-15 11:30,1612.489,39055.998,24.221,14631.593,9.074,,,,,5871.88,3.642,2747.484,1.704,15805.041,9.802
15/07/2025,2025-07-15,56,[12:45-13:00[,2025-07-15 11:45,1590.36,35291.062,22.191,14631.593,9.2,,,-19.888,-0.013,5871.88,3.692,2120.546,1.333,12686.931,7.977
15/07/2025,2025-07-15,57,[13:00-13:15[,2025-07-15 12:00,1559.294,22975.692,14.735,16069.563,10.306,,,,,5871.88,3.766,1866.011,1.197,-831.762,-0.533
15/07/2025,2025-07-15,58,[13:15-13:30[,2025-07-15 12:15,1563.816,22785.025,14.57,16069.563,10.276,,,,,5871.88,3.755,1940.148,1.241,-1096.566,-0.701
15/07/2025,2025-07-15,59,[13:30-13:45[,2025-07-15 12:30,1570.324,21812.672,13.891,16069.563,10.233,,,,,5871.88,3.739,1753.346,1.117,-1882.117,-1.199
15/07/2025,2025-07-15,60,[13:45-14:00[,2025-07-15 12:45,1587.688,21212.792,13.361,16069.563,10.121,,,,,5871.88,3.698,2150.632,1.355,-2879.282,-1.814
15/07/2025,2025-07-15,61,[14:00-14:15[,2025-07-15 13:00,1603.935,33467.106,20.866,16795.587,10.471,,,,,5871.88,3.661,2109.462,1.315,8690.177,5.418
15/07/2025,2025-07-15,62,[14:15-14:30[,2025-07-15 13:15,1611.763,32239.754,20.003,16795.587,10.421,,,,,5871.88,3.643,1637.175,1.016,7935.112,4.923
15/07/2025,2025-07-15,63,[14:30-14:45[,2025-07-15 13:30,1622.119,31852.517,19.636,16795.587,10.354,,,,,5871.88,3.62,1859.22,1.146,7325.831,4.516
15/07/2025,2025-07-15,64,[14:45-15:00[,2025-07-15 13:45,1631.2,33780.163,20.709,16795.587,10.296,,,,,5871.88,3.6,2129.996,1.306,8982.699,5.507
15/07/2025,2025-07-15,65,[15:00-15:15[,2025-07-15 14:00,1629.204,27785.906,17.055,16794.967,10.309,,,,,5871.88,3.604,1786.274,1.096,3332.785,2.046
15/07/2025,2025-07-15,66,[15:15-15:30[,2025-07-15 14:15,1639.924,29104.344,17.747,16794.967,10.241,,,,,5871.88,3.581,2180.222,1.329,4257.276,2.596
15/07/2025,2025-07-15,67,[15:30-15:45[,2025-07-15 14:30,1640.551,27929.85,17.025,16794.967,10.237,,,,,5871.88,3.579,2128.762,1.298,3134.24,1.91
15/07/2025,2025-07-15,68,[15:45-16:00[,2025-07-15 14:45,1642.332,28159.738,17.146,16794.967,10.226,,,,,5871.88,3.575,1957.389,1.192,3535.502,2.153
15/07/2025,2025-07-15,69,[16:00-16:15[,2025-07-15 15:00,1650.253,22853.575,13.849,14054.055,8.516,,,,,6840,4.145,2132.029,1.292,-172.51,-0.105
15/07/2025,2025-07-15,70,[16:15-16:30[,2025-07-15 15:15,1654.084,21605.333,13.062,14054.055,8.497,,,,,6840,4.135,1771.937,1.071,-1060.659,-0.641
15/07/2025,2025-07-15,71,[16:30-16:45[,2025-07-15 15:30,1673.165,22461.494,13.425,14054.055,8.4,,,,,6840,4.088,2190.253,1.309,-622.815,-0.372
15/07/2025,2025-07-15,72,[16:45-17:00[,2025-07-15 15:45,1682.501,20508.21,12.189,14054.055,8.353,,,,,6840,4.065,2232.924,1.327,-2618.769,-1.556
15/07/2025,2025-07-15,73,[17:00-17:15[,2025-07-15 16:00,1671.795,21800.793,13.04,13892.505,8.31,,,,,7020,4.199,1937.193,1.159,-1048.904,-0.627
15/07/2025,2025-07-15,74,[17:15-17:30[,2025-07-15 16:15,1683.29,22934.519,13.625,13892.505,8.253,,,,,7020,4.17,2322.599,1.38,-300.584,-0.179
15/07/2025,2025-07-15,75,[17:30-17:45[,2025-07-15 16:30,1693.696,23028.018,13.596,13892.505,8.202,,,,,7020,4.145,2317.758,1.368,-202.244,-0.119
15/07/2025,2025-07-15,76,[17:45-18:00[,2025-07-15 16:45,1690.034,20450.461,12.101,13892.505,8.22,,,,,7020,4.154,1801.155,1.066,-2263.199,-1.339
15/07/2025,2025-07-15,77,[18:00-18:15[,2025-07-15 17:00,1701.327,19267.781,11.325,10771.462,6.331,,,,,4816,2.831,2265.944,1.332,1414.375,0.831
15/07/2025,2025-07-15,78,[18:15-18:30[,2025-07-15 17:15,1716.823,10332.05,6.018,10771.462,6.274,,,,,4816,2.805,2106.563,1.227,-7361.975,-4.288
15/07/2025,2025-07-15,79,[18:30-18:45[,2025-07-15 17:30,1745.773,9858.187,5.647,10771.462,6.17,,,,,4816,2.759,2259.439,1.294,-7988.714,-4.576
15/07/2025,2025-07-15,80,[18:45-19:00[,2025-07-15 17:45,1776.931,12074.388,6.795,10771.462,6.062,,,,,4816,2.71,2203.832,1.24,-5716.906,-3.217
15/07/2025,2025-07-15,81,[19:00-19:15[,2025-07-15 18:00,1777.749,5993.359,3.371,3728.627,2.097,,,,,2096,1.179,1110.638,0.625,-941.906,-0.53
15/07/2025,2025-07-15,82,[19:15-19:30[,2025-07-15 18:15,1812.435,7435.692,4.103,3728.627,2.057,,,,,2096,1.156,1208.949,0.667,402.116,0.222
15/07/2025,2025-07-15,83,[19:30-19:45[,2025-07-15 18:30,1836.993,8179.227,4.453,3728.627,2.03,,,,,2510.85,1.367,1213.092,0.66,726.658,0.396
15/07/2025,2025-07-15,84,[19:45-20:00[,2025-07-15 18:45,1854.555,5032.322,2.713,3728.627,2.011,,,,,2730,1.472,1284.535,0.693,-2710.84,-1.462
15/07/2025,2025-07-15,85,[20:00-20:15[,2025-07-15 19:00,1856.11,6955.574,3.747,2062.671,1.111,,,,,2930,1.579,1305.225,0.703,657.678,0.354
15/07/2025,2025-07-15,86,[20:15-20:30[,2025-07-15 19:15,1848.479,6313.251,3.415,2062.671,1.116,,,,,3070,1.661,1263.293,0.683,-82.712,-0.045
15/07/2025,2025-07-15,87,[20:30-20:45[,2025-07-15 19:30,1837.748,6052.738,3.294,2062.671,1.122,,,,,3070,1.671,1338.208,0.728,-418.14,-0.228
15/07/2025,2025-07-15,88,[20:45-21:00[,2025-07-15 19:45,1826.538,6908.458,3.782,2062.671,1.129,,,,,3070,1.681,1359.29,0.744,416.498,0.228
15/07/2025,2025-07-15,89,[21:00-21:15[,2025-07-15 20:00,1822.214,7554.874,4.146,3143.536,1.725,,,,,3070,1.685,1150.727,0.631,190.611,0.105
15/07/2025,2025-07-15,90,[21:15-21:30[,2025-07-15 20:15,1831.425,7456.12,4.071,3143.536,1.716,,,,,3070,1.676,1129.553,0.617,113.031,0.062
15/07/2025,2025-07-15,91,[21:30-21:45[,2025-07-15 20:30,1811.085,7678.164,4.24,3143.536,1.736,,,,,3070,1.695,1080.843,0.597,383.785,0.212
15/07/2025,2025-07-15,92,[21:45-22:00[,2025-07-15 20:45,1779.515,6962.014,3.912,3143.536,1.767,,,,,3233,1.817,1039.61,0.584,-454.133,-0.255
15/07/2025,2025-07-15,93,[22:00-22:15[,2025-07-15 21:00,1749.646,9408.722,5.378,4169.658,2.383,,,,,3233,1.848,1049.328,0.6,956.736,0.547
15/07/2025,2025-07-15,94,[22:15-22:30[,2025-07-15 21:15,1719.155,8871.621,5.16,4169.658,2.425,,,,,3396,1.975,1070.804,0.623,235.159,0.137
15/07/2025,2025-07-15,95,[22:30-22:45[,2025-07-15 21:30,1684.084,8603.881,5.109,4169.658,2.476,,,,,3350,1.989,1064.759,0.632,19.464,0.012
15/07/2025,2025-07-15,96,[22:45-23:00[,2025-07-15 21:45,1646.362,8730.015,5.303,4169.658,2.533,,,,,3350,2.035,1063.397,0.646,146.961,0.089
16/07/2025,2025-07-16,1,[23:00-23:15[,2025-07-15 22:00,1612.909,7849.991,4.867,3154.246,1.956,,,,,2950.66,1.829,1979.476,1.227,-234.391,-0.145
16/07/2025,2025-07-16,2,[23:15-23:30[,2025-07-15 22:15,1577.108,8978.794,5.693,3154.246,2,,,,,2950.66,1.871,2163.5,1.372,710.388,0.45
16/07/2025,2025-07-16,3,[23:30-23:45[,2025-07-15 22:30,1540.516,8534.64,5.54,3154.246,2.048,,,,,2950.66,1.915,2187.987,1.42,241.748,0.157
16/07/2025,2025-07-16,4,[23:45-00:00[,2025-07-15 22:45,1499.265,6222.784,4.151,3154.246,2.104,,,,,2950.66,1.968,2063.015,1.376,-1945.136,-1.297
16/07/2025,2025-07-16,5,[00:00-00:15[,2025-07-15 23:00,1476.099,12086.833,8.188,5706.047,3.866,,,,,2679,1.815,2278.398,1.544,1423.388,0.964
16/07/2025,2025-07-16,6,[00:15-00:30[,2025-07-15 23:15,1448.057,10551.699,7.287,5706.047,3.94,,,,,2679,1.85,2116.067,1.461,50.585,0.035
16/07/2025,2025-07-16,7,[00:30-00:45[,2025-07-15 23:30,1427.336,11563.987,8.102,5706.047,3.998,,,,,2679,1.877,2171.13,1.521,1007.81,0.706
16/07/2025,2025-07-16,8,[00:45-01:00[,2025-07-15 23:45,1404.379,9531.296,6.787,5706.047,4.063,,,,,2679,1.908,2170.584,1.546,-1024.334,-0.729
16/07/2025,2025-07-16,9,[01:00-01:15[,2025-07-16 00:00,1377.154,13231.46,9.608,5711.289,4.147,,,,,2425.2,1.761,2023.025,1.469,3071.946,2.231
16/07/2025,2025-07-16,10,[01:15-01:30[,2025-07-16 00:15,1360.636,11405.271,8.382,5711.289,4.198,,,,,2425.2,1.782,2260.35,1.661,1008.432,0.741
16/07/2025,2025-07-16,11,[01:30-01:45[,2025-07-16 00:30,1338.891,10370.399,7.746,5711.289,4.266,,,,,2425.2,1.811,2304.183,1.721,-70.273,-0.052
16/07/2025,2025-07-16,12,[01:45-02:00[,2025-07-16 00:45,1318.642,11002.305,8.344,5711.289,4.331,,,,,2425.2,1.839,2137.508,1.621,728.308,0.552
16/07/2025,2025-07-16,13,[02:00-02:15[,2025-07-16 01:00,1302.051,9658.776,7.418,5712.943,4.388,,,,,1470,1.129,2265.833,1.74,210,0.161
16/07/2025,2025-07-16,14,[02:15-02:30[,2025-07-16 01:15,1284.944,9936.555,7.733,5712.943,4.446,,,,,1470,1.144,2043.741,1.591,709.872,0.552
16/07/2025,2025-07-16,15,[02:30-02:45[,2025-07-16 01:30,1276.729,10555.197,8.267,5712.943,4.475,,,,,1470,1.151,2171.505,1.701,1200.749,0.94
16/07/2025,2025-07-16,16,[02:45-03:00[,2025-07-16 01:45,1275.954,10962.899,8.592,5712.943,4.477,,,,,1470,1.152,2247.388,1.761,1532.569,1.201
16/07/2025,2025-07-16,17,[03:00-03:15[,2025-07-16 02:00,1263.747,8986.859,7.111,5711.194,4.519,,,,,1470,1.163,2164.898,1.713,-359.233,-0.284
16/07/2025,2025-07-16,18,[03:15-03:30[,2025-07-16 02:15,1257.718,9450.759,7.514,5711.194,4.541,,,,,1470,1.169,2302.752,1.831,-33.188,-0.026
16/07/2025,2025-07-16,19,[03:30-03:45[,2025-07-16 02:30,1250.961,9501.73,7.596,5711.194,4.565,,,,,1470,1.175,2221.528,1.776,99.008,0.079
16/07/2025,2025-07-16,20,[03:45-04:00[,2025-07-16 02:45,1233.91,10784.844,8.74,5711.194,4.629,,,,,1470,1.191,1817.619,1.473,1786.031,1.447
16/07/2025,2025-07-16,21,[04:00-04:15[,2025-07-16 03:00,1241.588,6936.298,5.587,3165.968,2.55,,,,,2461.86,1.983,2244.046,1.807,-935.575,-0.754
16/07/2025,2025-07-16,22,[04:15-04:30[,2025-07-16 03:15,1240.498,7270.913,5.861,3165.968,2.552,,,,,2461.86,1.985,2236.953,1.803,-593.868,-0.479
16/07/2025,2025-07-16,23,[04:30-04:45[,2025-07-16 03:30,1232.802,8165.367,6.623,3165.968,2.568,,,,,2461.86,1.997,2132.869,1.73,404.67,0.328
16/07/2025,2025-07-16,24,[04:45-05:00[,2025-07-16 03:45,1237.978,9685.655,7.824,3165.968,2.557,,,,,2461.86,1.989,2299.145,1.857,1758.682,1.421
16/07/2025,2025-07-16,25,[05:00-05:15[,2025-07-16 04:00,1238.051,5205.43,4.205,2984.389,2.411,,,,,2416.576,1.952,1893.7,1.53,-2089.235,-1.688
16/07/2025,2025-07-16,26,[05:15-05:30[,2025-07-16 04:15,1248.49,6082.562,4.872,2984.389,2.39,,,,,2416.576,1.936,2240.366,1.794,-1558.769,-1.249
16/07/2025,2025-07-16,27,[05:30-05:45[,2025-07-16 04:30,1257.204,7017.074,5.581,2984.389,2.374,,,,,2416.576,1.922,2274.415,1.809,-658.307,-0.524
16/07/2025,2025-07-16,28,[05:45-06:00[,2025-07-16 04:45,1251.713,7515.581,6.004,2984.389,2.384,,,,,2416.576,1.931,1981.099,1.583,133.517,0.107
16/07/2025,2025-07-16,29,[06:00-06:15[,2025-07-16 05:00,1280.721,7524.42,5.875,2697.343,2.106,,,,,3014.94,2.354,2275.99,1.777,-463.853,-0.362
16/07/2025,2025-07-16,30,[06:15-06:30[,2025-07-16 05:15,1296.235,8014.118,6.183,2697.343,2.081,,,,,3014.94,2.326,2316.183,1.787,-14.348,-0.011
16/07/2025,2025-07-16,31,[06:30-06:45[,2025-07-16 05:30,1312.437,7879.59,6.004,2697.343,2.055,,,,,3014.94,2.297,2161.552,1.647,5.755,0.004
16/07/2025,2025-07-16,32,[06:45-07:00[,2025-07-16 05:45,1340.407,7487.714,5.586,2697.343,2.012,,,,,3014.94,2.249,2281.29,1.702,-505.859,-0.377
16/07/2025,2025-07-16,33,[07:00-07:15[,2025-07-16 06:00,1388.766,8762.728,6.31,2874.284,2.07,,,,,2773,1.997,2085.283,1.502,1030.162,0.742
16/07/2025,2025-07-16,34,[07:15-07:30[,2025-07-16 06:15,1426.873,7398.024,5.185,2874.284,2.014,,,,,2773,1.943,2193.463,1.537,-442.722,-0.31
16/07/2025,2025-07-16,35,[07:30-07:45[,2025-07-16 06:30,1461.908,8119.87,5.554,2874.284,1.966,,,,,2773,1.897,2233.735,1.528,238.851,0.163
16/07/2025,2025-07-16,36,[07:45-08:00[,2025-07-16 06:45,1486.393,8762.479,5.895,2874.284,1.934,,,,,2773,1.866,1965.404,1.322,1149.791,0.774
16/07/2025,2025-07-16,37,[08:00-08:15[,2025-07-16 07:00,1564.959,13841.365,8.845,6722.363,4.296,,,,,5097.12,3.257,2052.551,1.312,-30.669,-0.02
16/07/2025,2025-07-16,38,[08:15-08:30[,2025-07-16 07:15,1605.655,11515.109,7.172,6722.363,4.187,,,,,5097.12,3.174,2047.018,1.275,-2351.391,-1.464
16/07/2025,2025-07-16,39,[08:30-08:45[,2025-07-16 07:30,1628.327,11749.063,7.215,6722.363,4.128,,,,,5097.12,3.13,1852.593,1.138,-1923.013,-1.181
16/07/2025,2025-07-16,40,[08:45-09:00[,2025-07-16 07:45,1649.156,11106.783,6.735,6722.363,4.076,,,,,5097.12,3.091,2082.881,1.263,-2795.58,-1.695
16/07/2025,2025-07-16,41,[09:00-09:15[,2025-07-16 08:00,1664.126,9716.248,5.839,8738.003,5.251,,,,,3486.6,2.095,1906.797,1.146,-4415.151,-2.653
16/07/2025,2025-07-16,42,[09:15-09:30[,2025-07-16 08:15,1663.665,11393.889,6.849,8738.003,5.252,,,,,3486.6,2.096,1812.203,1.089,-2642.916,-1.589
16/07/2025,2025-07-16,43,[09:30-09:45[,2025-07-16 08:30,1666.424,12432.482,7.461,8738.003,5.244,,,,,3486.6,2.092,2051.834,1.231,-1843.954,-1.107
16/07/2025,2025-07-16,44,[09:45-10:00[,2025-07-16 08:45,1654.475,12232.693,7.394,8738.003,5.281,,,,,3486.6,2.107,1739.87,1.052,-1731.779,-1.047
16/07/2025,2025-07-16,45,[10:00-10:15[,2025-07-16 09:00,1646.841,11089.423,6.734,9442.378,5.734,,,,,3486.6,2.117,1925.805,1.169,-3765.36,-2.286
16/07/2025,2025-07-16,46,[10:15-10:30[,2025-07-16 09:15,1655.777,12551.247,7.58,9442.378,5.703,,,,,3486.6,2.106,1910.226,1.154,-2287.956,-1.382
16/07/2025,2025-07-16,47,[10:30-10:45[,2025-07-16 09:30,1648.743,12645.501,7.67,9442.378,5.727,,,,,3486.6,2.115,1708.306,1.036,-1991.782,-1.208
16/07/2025,2025-07-16,48,[10:45-11:00[,2025-07-16 09:45,1656.478,14457.034,8.728,9442.378,5.7,,,,,3486.6,2.105,1921.54,1.16,-393.483,-0.238
16/07/2025,2025-07-16,49,[11:00-11:15[,2025-07-16 10:00,1660.04,9597.369,5.781,9443.053,5.688,,,,,3486.6,2.1,1869.719,1.126,-5202.003,-3.134
16/07/2025,2025-07-16,50,[11:15-11:30[,2025-07-16 10:15,1668.364,10926.872,6.549,9443.053,5.66,,,,,3486.6,2.09,1806.28,1.083,-3809.061,-2.283
16/07/2025,2025-07-16,51,[11:30-11:45[,2025-07-16 10:30,1675.346,13169.294,7.861,9443.053,5.636,,,,,3486.6,2.081,1905.634,1.137,-1665.992,-0.994
16/07/2025,2025-07-16,52,[11:45-12:00[,2025-07-16 10:45,1670.38,12553.262,7.515,9443.053,5.653,,,,,3486.6,2.087,1699.597,1.017,-2075.988,-1.243
16/07/2025,2025-07-16,53,[12:00-12:15[,2025-07-16 11:00,1661.92,15011.338,9.033,9755.141,5.87,,,,,7661.76,4.61,1878.821,1.131,-4284.384,-2.578
16/07/2025,2025-07-16,54,[12:15-12:30[,2025-07-16 11:15,1650.375,19993.937,12.115,9755.141,5.911,,,,,7661.76,4.642,1811.236,1.097,765.801,0.464
16/07/2025,2025-07-16,55,[12:30-12:45[,2025-07-16 11:30,1624.614,20561.951,12.657,9755.141,6.005,,,,,7661.76,4.716,1731.492,1.066,1413.558,0.87
16/07/2025,2025-07-16,56,[12:45-13:00[,2025-07-16 11:45,1613.89,18478.948,11.45,9755.141,6.044,,,,,7661.76,4.747,1861.287,1.153,-799.239,-0.495
16/07/2025,2025-07-16,57,[13:00-13:15[,2025-07-16 12:00,1596.729,12802.199,8.018,9578.337,5.999,,,,,2324,1.455,1684.733,1.055,-784.871,-0.492
16/07/2025,2025-07-16,58,[13:15-13:30[,2025-07-16 12:15,1597.696,12908.244,8.079,9578.337,5.995,,,,,2324,1.455,1864.721,1.167,-858.814,-0.538
16/07/2025,2025-07-16,59,[13:30-13:45[,2025-07-16 12:30,1609.401,13206.483,8.206,9578.337,5.951,,,,,2324,1.444,1804.47,1.121,-500.325,-0.311
16/07/2025,2025-07-16,60,[13:45-14:00[,2025-07-16 12:45,1609.713,13570.05,8.43,9578.337,5.95,,,,,2324,1.444,1600.101,0.994,67.612,0.042
16/07/2025,2025-07-16,61,[14:00-14:15[,2025-07-16 13:00,1632.847,14337.907,8.781,9597.228,5.878,,,,,2324,1.423,1963.501,1.203,453.178,0.278
16/07/2025,2025-07-16,62,[14:15-14:30[,2025-07-16 13:15,1643.678,13179.489,8.018,9597.228,5.839,,,,,2324,1.414,1795.84,1.093,-537.578,-0.327
16/07/2025,2025-07-16,63,[14:30-14:45[,2025-07-16 13:30,1654.75,11824.15,7.146,9597.228,5.8,,,,,2324,1.404,1919.59,1.16,-2016.668,-1.219
16/07/2025,2025-07-16,64,[14:45-15:00[,2025-07-16 13:45,1658.37,13168.616,7.941,9597.228,5.787,,,,,2324,1.401,2041.609,1.231,-794.22,-0.479
16/07/2025,2025-07-16,65,[15:00-15:15[,2025-07-16 14:00,1655.134,13369.643,8.078,9584.939,5.791,,,,,2324,1.404,1877.916,1.135,-417.212,-0.252
16/07/2025,2025-07-16,66,[15:15-15:30[,2025-07-16 14:15,1658.676,13493.124,8.135,9584.939,5.779,,,,,2324,1.401,2139.133,1.29,-554.948,-0.335
16/07/2025,2025-07-16,67,[15:30-15:45[,2025-07-16 14:30,1649.589,12794.122,7.756,9584.939,5.811,,,,,2324,1.409,2031.431,1.231,-1146.248,-0.695
16/07/2025,2025-07-16,68,[15:45-16:00[,2025-07-16 14:45,1658.871,12063.164,7.272,9584.939,5.778,,,,,2324,1.401,2178.455,1.313,-2024.23,-1.22
16/07/2025,2025-07-16,69,[16:00-16:15[,2025-07-16 15:00,1660.661,15621.222,9.407,10020.338,6.034,,,,,3486.6,2.1,2205.524,1.328,-91.24,-0.055
16/07/2025,2025-07-16,70,[16:15-16:30[,2025-07-16 15:15,1660.169,13580.346,8.18,10020.338,6.036,,,,,3486.6,2.1,1829.794,1.102,-1756.385,-1.058
16/07/2025,2025-07-16,71,[16:30-16:45[,2025-07-16 15:30,1680.031,11909.257,7.089,10020.338,5.964,,,,,3486.6,2.075,2201.225,1.31,-3798.906,-2.261
16/07/2025,2025-07-16,72,[16:45-17:00[,2025-07-16 15:45,1681.36,15344.967,9.127,10020.338,5.96,,,,,3486.6,2.074,2170.92,1.291,-332.891,-0.198
16/07/2025,2025-07-16,73,[17:00-17:15[,2025-07-16 16:00,1673.993,18560.673,11.088,10427.682,6.229,,,,,6091.78,3.639,2149.046,1.284,-107.835,-0.064
16/07/2025,2025-07-16,74,[17:15-17:30[,2025-07-16 16:15,1677.12,16361.516,9.756,10427.682,6.218,,,,,6091.78,3.632,2251.326,1.342,-2409.273,-1.437
16/07/2025,2025-07-16,75,[17:30-17:45[,2025-07-16 16:30,1675.551,18298.208,10.921,10427.682,6.223,,,,,6091.78,3.636,2006.328,1.197,-227.582,-0.136
16/07/2025,2025-07-16,76,[17:45-18:00[,2025-07-16 16:45,1697.153,20151.875,11.874,10427.682,6.144,,,,,6091.78,3.589,2238.51,1.319,1393.902,0.821
16/07/2025,2025-07-16,77,[18:00-18:15[,2025-07-16 17:00,1702.116,4911.43,2.885,2799.173,1.645,,,,,2848.2,1.673,2264.803,1.331,-3000.746,-1.763
16/07/2025,2025-07-16,78,[18:15-18:30[,2025-07-16 17:15,1718.236,6177.224,3.595,2799.173,1.629,,,,,2848.2,1.658,2148.817,1.251,-1618.966,-0.942
16/07/2025,2025-07-16,79,[18:30-18:45[,2025-07-16 17:30,1749.851,10550.118,6.029,2799.173,1.6,,,,,2848.2,1.628,2202.773,1.259,2699.973,1.543
16/07/2025,2025-07-16,80,[18:45-19:00[,2025-07-16 17:45,1760.08,5862.402,3.331,2799.173,1.59,,,,,2848.2,1.618,1424.842,0.81,-1209.812,-0.687
16/07/2025,2025-07-16,81,[19:00-19:15[,2025-07-16 18:00,1774.797,19998.257,11.268,2624.777,1.479,18523.487,10.437,,,3662.12,2.063,1186.274,0.668,-5998.4,-3.38
16/07/2025,2025-07-16,82,[19:15-19:30[,2025-07-16 18:15,1805.55,21933.428,12.148,2624.777,1.454,18523.487,10.259,,,3662.12,2.028,1229.75,0.681,-4106.705,-2.274
16/07/2025,2025-07-16,83,[19:30-19:45[,2025-07-16 18:30,1830.125,18117.011,9.899,2624.777,1.434,18523.487,10.121,,,3662.12,2.001,1217.972,0.666,-7911.345,-4.323
16/07/2025,2025-07-16,84,[19:45-20:00[,2025-07-16 18:45,1845.819,12626.04,6.84,2624.777,1.422,18523.487,10.035,,,3662.12,1.984,1298.857,0.704,-13483.201,-7.305
16/07/2025,2025-07-16,85,[20:00-20:15[,2025-07-16 19:00,1845.555,14843.3,8.043,2409.985,1.306,23431.855,12.696,,,3649.36,1.977,1231.527,0.667,-15879.427,-8.604
16/07/2025,2025-07-16,86,[20:15-20:30[,2025-07-16 19:15,1839.036,15318.428,8.33,2409.985,1.31,23431.855,12.741,,,3649.36,1.984,1232.879,0.67,-15405.651,-8.377
16/07/2025,2025-07-16,87,[20:30-20:45[,2025-07-16 19:30,1824.589,17863.55,9.79,2409.985,1.321,23431.855,12.842,,,3649.36,2,1251.812,0.686,-12879.463,-7.059
16/07/2025,2025-07-16,88,[20:45-21:00[,2025-07-16 19:45,1816.001,14168.89,7.802,2409.985,1.327,23431.855,12.903,,,3649.36,2.01,1268.276,0.698,-16590.586,-9.136
16/07/2025,2025-07-16,89,[21:00-21:15[,2025-07-16 20:00,1805.641,16700.959,9.249,2428.347,1.345,23431.855,12.977,,,5028.3,2.785,1280.276,0.709,-15467.819,-8.566
16/07/2025,2025-07-16,90,[21:15-21:30[,2025-07-16 20:15,1812.652,19025.147,10.496,2428.347,1.34,23431.855,12.927,,,5028.3,2.774,1183.065,0.653,-13046.421,-7.197
16/07/2025,2025-07-16,91,[21:30-21:45[,2025-07-16 20:30,1793.721,24604.467,13.717,2428.347,1.354,23431.855,13.063,,,5028.3,2.803,1277.383,0.712,-7561.419,-4.215
16/07/2025,2025-07-16,92,[21:45-22:00[,2025-07-16 20:45,1760.059,18144.927,10.309,2428.347,1.38,23431.855,13.313,,,5028.3,2.857,1161.843,0.66,-13905.418,-7.901
16/07/2025,2025-07-16,93,[22:00-22:15[,2025-07-16 21:00,1729.38,19703.3,11.393,2540.035,1.469,23431.855,13.549,,,3232,1.869,1167.102,0.675,-10667.692,-6.169
16/07/2025,2025-07-16,94,[22:15-22:30[,2025-07-16 21:15,1698.731,19240.075,11.326,2540.035,1.495,23431.855,13.794,,,3232,1.903,1171.159,0.689,-11134.974,-6.555
16/07/2025,2025-07-16,95,[22:30-22:45[,2025-07-16 21:30,1666.652,18118.971,10.871,2540.035,1.524,23431.855,14.059,,,3232,1.939,1209.491,0.726,-12294.41,-7.377
16/07/2025,2025-07-16,96,[22:45-23:00[,2025-07-16 21:45,1627.855,21132.147,12.982,2540.035,1.56,23431.855,14.394,,,3232,1.985,1221.776,0.751,-9293.519,-5.709
17/07/2025,2025-07-17,1,[23:00-23:15[,2025-07-16 22:00,1603.918,13438.308,8.378,2380.185,1.484,12813.608,7.989,,,2639.4,1.646,2070.924,1.291,-6465.809,-4.031
17/07/2025,2025-07-17,2,[23:15-23:30[,2025-07-16 22:15,1572.873,7851.625,4.992,2380.185,1.513,3607.673,2.294,,,2639.4,1.678,2225.039,1.415,-3000.672,-1.908
17/07/2025,2025-07-17,3,[23:30-23:45[,2025-07-16 22:30,1539.512,2161.575,1.404,2380.185,1.546,669.465,0.435,,,2639.4,1.714,2152.408,1.398,-5679.883,-3.689
17/07/2025,2025-07-17,4,[23:45-00:00[,2025-07-16 22:45,1495.443,6240.243,4.173,2380.185,1.592,,,,,2639.4,1.765,1914.622,1.28,-693.964,-0.464
17/07/2025,2025-07-17,5,[00:00-00:15[,2025-07-16 23:00,1473.333,4142.833,2.812,2930.497,1.989,,,,,2481.7,1.684,2309.751,1.568,-3579.115,-2.429
17/07/2025,2025-07-17,6,[00:15-00:30[,2025-07-16 23:15,1449.499,3077.695,2.123,2930.497,2.022,,,,,2481.7,1.712,2310.245,1.594,-4644.747,-3.204
17/07/2025,2025-07-17,7,[00:30-00:45[,2025-07-16 23:30,1421.976,4730.866,3.327,2930.497,2.061,,,,,2481.7,1.745,2137.034,1.503,-2818.365,-1.982
17/07/2025,2025-07-17,8,[00:45-01:00[,2025-07-16 23:45,1401.539,4914.771,3.507,2930.497,2.091,,,,,2481.7,1.771,2299.483,1.641,-2796.909,-1.996
17/07/2025,2025-07-17,9,[01:00-01:15[,2025-07-17 00:00,1379.551,4889.456,3.544,3019.852,2.189,,,,,2064,1.496,2036.854,1.476,-2231.25,-1.617
17/07/2025,2025-07-17,10,[01:15-01:30[,2025-07-17 00:15,1366.504,5447.176,3.986,3019.852,2.21,,,,,2064,1.51,2310.245,1.691,-1946.92,-1.425
17/07/2025,2025-07-17,11,[01:30-01:45[,2025-07-17 00:30,1348.78,4978.302,3.691,3019.852,2.239,,,,,2064,1.53,2298.885,1.704,-2404.434,-1.783
17/07/2025,2025-07-17,12,[01:45-02:00[,2025-07-17 00:45,1321.656,4775.285,3.613,3019.852,2.285,,,,,2064,1.562,2029.01,1.535,-2337.577,-1.769
17/07/2025,2025-07-17,13,[02:00-02:15[,2025-07-17 01:00,1313.468,8518.521,6.486,3640.814,2.772,,,,,1984,1.511,2292.304,1.745,601.404,0.458
17/07/2025,2025-07-17,14,[02:15-02:30[,2025-07-17 01:15,1302.275,7277.69,5.588,3640.814,2.796,,,,,1984,1.523,2299.575,1.766,-646.698,-0.497
17/07/2025,2025-07-17,15,[02:30-02:45[,2025-07-17 01:30,1287.372,6197.656,4.814,3640.814,2.828,,,,,1984,1.541,2125.737,1.651,-1552.895,-1.206
17/07/2025,2025-07-17,16,[02:45-03:00[,2025-07-17 01:45,1286.293,6208.662,4.827,3640.814,2.83,,,,,1984,1.542,2297.314,1.786,-1713.465,-1.332
17/07/2025,2025-07-17,17,[03:00-03:15[,2025-07-17 02:00,1268.4,5656.43,4.46,3641.254,2.871,,,,,1960,1.545,1953.092,1.54,-1897.916,-1.496
17/07/2025,2025-07-17,18,[03:15-03:30[,2025-07-17 02:15,1265.005,6518.239,5.153,3641.254,2.878,,,,,1960,1.549,2255.39,1.783,-1338.405,-1.058
17/07/2025,2025-07-17,19,[03:30-03:45[,2025-07-17 02:30,1262.908,7078.286,5.605,3641.254,2.883,,,,,1960,1.552,2302.467,1.823,-825.435,-0.654
17/07/2025,2025-07-17,20,[03:45-04:00[,2025-07-17 02:45,1249.059,7631.549,6.11,3641.254,2.915,,,,,1960,1.569,2076.703,1.663,-46.407,-0.037
17/07/2025,2025-07-17,21,[04:00-04:15[,2025-07-17 03:00,1251.826,6128.102,4.895,3177.706,2.538,,,,,2016,1.61,2249.504,1.797,-1315.108,-1.051
17/07/2025,2025-07-17,22,[04:15-04:30[,2025-07-17 03:15,1243.014,7104.738,5.716,3177.706,2.556,,,,,2016,1.622,1976.313,1.59,-65.281,-0.053
17/07/2025,2025-07-17,23,[04:30-04:45[,2025-07-17 03:30,1245.076,5857.588,4.705,3177.706,2.552,,,,,2016,1.619,2297.588,1.845,-1633.707,-1.312
17/07/2025,2025-07-17,24,[04:45-05:00[,2025-07-17 03:45,1244.193,6179.712,4.967,3177.706,2.554,,,,,2016,1.62,2299.575,1.848,-1313.569,-1.056
17/07/2025,2025-07-17,25,[05:00-05:15[,2025-07-17 04:00,1250.576,5385.49,4.306,2382.753,1.905,,,,,2024,1.618,2040.064,1.631,-1061.327,-0.849
17/07/2025,2025-07-17,26,[05:15-05:30[,2025-07-17 04:15,1259.459,6758.822,5.366,2382.753,1.892,,,,,2024,1.607,2299.575,1.826,52.495,0.042
17/07/2025,2025-07-17,27,[05:30-05:45[,2025-07-17 04:30,1261.654,4084.613,3.238,2382.753,1.889,,,,,2024,1.604,2063.626,1.636,-2385.766,-1.891
17/07/2025,2025-07-17,28,[05:45-06:00[,2025-07-17 04:45,1269.621,5017.453,3.952,2382.753,1.877,,,,,2024,1.594,2296.682,1.809,-1685.982,-1.328
17/07/2025,2025-07-17,29,[06:00-06:15[,2025-07-17 05:00,1296.639,4470.35,3.448,2365.569,1.824,,,,,2240,1.728,2265.853,1.747,-2401.071,-1.852
17/07/2025,2025-07-17,30,[06:15-06:30[,2025-07-17 05:15,1300.375,4402.526,3.386,2365.569,1.819,,,,,2240,1.723,2081.793,1.601,-2284.835,-1.757
17/07/2025,2025-07-17,31,[06:30-06:45[,2025-07-17 05:30,1327.41,4177.823,3.147,2365.569,1.782,,,,,2240,1.687,2296.76,1.73,-2724.506,-2.052
17/07/2025,2025-07-17,32,[06:45-07:00[,2025-07-17 05:45,1346.557,6912.556,5.134,2365.569,1.757,,,,,2240,1.664,2109.454,1.567,197.533,0.147
17/07/2025,2025-07-17,33,[07:00-07:15[,2025-07-17 06:00,1399.308,1517.789,1.085,2433.126,1.739,,,,,2360,1.687,2215.928,1.584,-5491.265,-3.924
17/07/2025,2025-07-17,34,[07:15-07:30[,2025-07-17 06:15,1439.791,7478.188,5.194,2433.126,1.69,,,,,2360,1.639,2245.885,1.56,439.178,0.305
17/07/2025,2025-07-17,35,[07:30-07:45[,2025-07-17 06:30,1468.534,4057.165,2.763,2433.126,1.657,,,,,2099.52,1.43,1838.607,1.252,-2314.088,-1.576
17/07/2025,2025-07-17,36,[07:45-08:00[,2025-07-17 06:45,1517.86,2611.499,1.721,2433.126,1.603,,,,,2124,1.399,2151.409,1.417,-4097.035,-2.699
17/07/2025,2025-07-17,37,[08:00-08:15[,2025-07-17 07:00,1598.619,11288.914,7.062,4404.606,2.755,,,,,3108,1.944,2012.203,1.259,1764.105,1.104
17/07/2025,2025-07-17,38,[08:15-08:30[,2025-07-17 07:15,1633.101,10938.523,6.698,4404.606,2.697,,,,,3108,1.903,1967.075,1.205,1458.843,0.893
17/07/2025,2025-07-17,39,[08:30-08:45[,2025-07-17 07:30,1670.188,9119.034,5.46,4404.606,2.637,,,,,3108,1.861,2060.43,1.234,-454.001,-0.272
17/07/2025,2025-07-17,40,[08:45-09:00[,2025-07-17 07:45,1684.919,7867.021,4.669,4404.606,2.614,,,,,3108,1.845,2060.62,1.223,-1706.205,-1.013
17/07/2025,2025-07-17,41,[09:00-09:15[,2025-07-17 08:00,1712.757,12742.999,7.44,7170.968,4.187,,,,,4466.88,2.608,2079.913,1.214,-974.761,-0.569
17/07/2025,2025-07-17,42,[09:15-09:30[,2025-07-17 08:15,1716.01,12557.207,7.318,7170.968,4.179,,,,,4466.88,2.603,2076.203,1.21,-1156.844,-0.674
17/07/2025,2025-07-17,43,[09:30-09:45[,2025-07-17 08:30,1707.031,14592.815,8.549,7170.968,4.201,,,,,4466.88,2.617,1882.923,1.103,1072.045,0.628
17/07/2025,2025-07-17,44,[09:45-10:00[,2025-07-17 08:45,1709.252,21402.079,12.521,7170.968,4.195,,,,,4466.88,2.613,2061.817,1.206,7702.414,4.506
17/07/2025,2025-07-17,45,[10:00-10:15[,2025-07-17 09:00,1695.486,13703.422,8.082,8347.644,4.923,,,,,4466.88,2.635,1782.253,1.051,-893.355,-0.527
17/07/2025,2025-07-17,46,[10:15-10:30[,2025-07-17 09:15,1703.907,13141.263,7.712,8347.644,4.899,,,,,4466.88,2.622,2003.556,1.176,-1676.817,-0.984
17/07/2025,2025-07-17,47,[10:30-10:45[,2025-07-17 09:30,1702.086,16422.506,9.648,8347.644,4.904,,,,,4466.88,2.624,2004.373,1.178,1603.609,0.942
17/07/2025,2025-07-17,48,[10:45-11:00[,2025-07-17 09:45,1693.482,13170.654,7.777,8347.644,4.929,,,,,4466.88,2.638,1763.11,1.041,-1406.98,-0.831
17/07/2025,2025-07-17,49,[11:00-11:15[,2025-07-17 10:00,1695.471,14894.269,8.785,8345.231,4.922,,,,,4466.88,2.635,1878.748,1.108,203.411,0.12
17/07/2025,2025-07-17,50,[11:15-11:30[,2025-07-17 10:15,1695.909,12912.605,7.614,8345.231,4.921,,,,,4466.88,2.634,1855.37,1.094,-1754.875,-1.035
17/07/2025,2025-07-17,51,[11:30-11:45[,2025-07-17 10:30,1686.445,15607.445,9.255,8345.231,4.948,,,,,4466.88,2.649,1826.795,1.083,968.539,0.574
17/07/2025,2025-07-17,52,[11:45-12:00[,2025-07-17 10:45,1673.386,12625.108,7.545,8345.231,4.987,,,,,4466.88,2.669,1825.549,1.091,-2012.552,-1.203
17/07/2025,2025-07-17,53,[12:00-12:15[,2025-07-17 11:00,1638.182,12903.517,7.877,8664.362,5.289,,,,,3096.9,1.89,1705.146,1.041,-562.89,-0.344
17/07/2025,2025-07-17,54,[12:15-12:30[,2025-07-17 11:15,1626.996,12942.428,7.955,8664.362,5.325,,,,,3096.9,1.903,1827.399,1.123,-646.233,-0.397
17/07/2025,2025-07-17,55,[12:30-12:45[,2025-07-17 11:30,1600.169,12968.639,8.105,8664.362,5.415,,,,,3096.9,1.935,1891.2,1.182,-683.823,-0.427
17/07/2025,2025-07-17,56,[12:45-13:00[,2025-07-17 11:45,1599.64,12376.524,7.737,8664.362,5.416,,,,,3096.9,1.936,1931.429,1.207,-1316.166,-0.823
17/07/2025,2025-07-17,57,[13:00-13:15[,2025-07-17 12:00,1589.838,13471.154,8.473,9084.3,5.714,,,,,3096.9,1.948,1956.989,1.231,-667.034,-0.42
17/07/2025,2025-07-17,58,[13:15-13:30[,2025-07-17 12:15,1582.278,14765.417,9.332,9084.3,5.741,,,,,3096.9,1.957,1915.289,1.21,668.928,0.423
17/07/2025,2025-07-17,59,[13:30-13:45[,2025-07-17 12:30,1591.69,15147.884,9.517,9084.3,5.707,,,,,3096.9,1.946,1987.477,1.249,979.207,0.615
17/07/2025,2025-07-17,60,[13:45-14:00[,2025-07-17 12:45,1595.274,14261.654,8.94,9084.3,5.695,,,,,3096.9,1.941,1820.507,1.141,259.947,0.163
17/07/2025,2025-07-17,61,[14:00-14:15[,2025-07-17 13:00,1610.731,15788.331,9.802,9387.203,5.828,,,,,3096.9,1.923,1901.009,1.18,1403.219,0.871
17/07/2025,2025-07-17,62,[14:15-14:30[,2025-07-17 13:15,1619.533,17690.824,10.923,9387.203,5.796,,,,,3096.9,1.912,2053.459,1.268,3153.262,1.947
17/07/2025,2025-07-17,63,[14:30-14:45[,2025-07-17 13:30,1610.647,15670.167,9.729,9387.203,5.828,,,,,3096.9,1.923,1685.574,1.047,1500.491,0.932
17/07/2025,2025-07-17,64,[14:45-15:00[,2025-07-17 13:45,1607.755,17050.034,10.605,9387.203,5.839,,,,,3096.9,1.926,1917.612,1.193,2648.319,1.647
17/07/2025,2025-07-17,65,[15:00-15:15[,2025-07-17 14:00,1591.954,11359.275,7.135,8522.35,5.353,,,,,3096.9,1.945,882.313,0.554,-1142.289,-0.718
17/07/2025,2025-07-17,66,[15:15-15:30[,2025-07-17 14:15,1582.483,12349.327,7.804,8522.35,5.385,,,,,3096.9,1.957,828.074,0.523,-97.997,-0.062
17/07/2025,2025-07-17,67,[15:30-15:45[,2025-07-17 14:30,1575.761,10166.402,6.452,8522.35,5.408,,,,,3096.9,1.965,836.868,0.531,-2289.716,-1.453
17/07/2025,2025-07-17,68,[15:45-16:00[,2025-07-17 14:45,1583.842,9790,6.181,8522.35,5.381,,,,,3096.9,1.955,882.547,0.557,-2711.797,-1.712
17/07/2025,2025-07-17,69,[16:00-16:15[,2025-07-17 15:00,1583.496,16217.205,10.241,7915.957,4.999,,,,,4451.84,2.811,856.691,0.541,2992.717,1.89
17/07/2025,2025-07-17,70,[16:15-16:30[,2025-07-17 15:15,1595.859,11791.867,7.389,7915.957,4.96,,,,,4451.84,2.79,1202.003,0.753,-1777.932,-1.114
17/07/2025,2025-07-17,71,[16:30-16:45[,2025-07-17 15:30,1603.921,11691.175,7.289,7915.957,4.935,,,,,4451.84,2.776,1151.436,0.718,-1828.058,-1.14
17/07/2025,2025-07-17,72,[16:45-17:00[,2025-07-17 15:45,1613.565,8376.009,5.191,7915.957,4.906,,,,,4451.84,2.759,1155.186,0.716,-5146.974,-3.19
17/07/2025,2025-07-17,73,[17:00-17:15[,2025-07-17 16:00,1607.785,13388.642,8.327,8247.123,5.129,,,,,6312.6,3.926,1187.392,0.739,-2358.472,-1.467
17/07/2025,2025-07-17,74,[17:15-17:30[,2025-07-17 16:15,1616.361,15119.818,9.354,8247.123,5.102,,,,,6312.6,3.905,1206.89,0.747,-646.794,-0.4
17/07/2025,2025-07-17,75,[17:30-17:45[,2025-07-17 16:30,1618.47,22499.284,13.902,8247.123,5.096,,,,,6312.6,3.9,1216.57,0.752,6722.991,4.154
17/07/2025,2025-07-17,76,[17:45-18:00[,2025-07-17 16:45,1630.315,18786.937,11.524,8247.123,5.059,,,2478.445,1.52,6312.6,3.872,1207.494,0.741,541.276,0.332
17/07/2025,2025-07-17,77,[18:00-18:15[,2025-07-17 17:00,1635.938,4860.383,2.971,3830.306,2.341,,,,,2171.52,1.327,1279.768,0.782,-2421.211,-1.48
17/07/2025,2025-07-17,78,[18:15-18:30[,2025-07-17 17:15,1654.117,6418.718,3.88,3830.306,2.316,,,,,2171.52,1.313,1262.969,0.764,-846.076,-0.511
17/07/2025,2025-07-17,79,[18:30-18:45[,2025-07-17 17:30,1680.722,7877.282,4.687,3830.306,2.279,,,,,2221.44,1.322,1212.964,0.722,612.573,0.364
17/07/2025,2025-07-17,80,[18:45-19:00[,2025-07-17 17:45,1709.086,2074.923,1.214,3830.306,2.241,,,,,2183.76,1.278,1269.206,0.743,-5208.348,-3.047
17/07/2025,2025-07-17,81,[19:00-19:15[,2025-07-17 18:00,1730.198,8665.144,5.008,2409.769,1.393,,,,,2365.5,1.367,1347.899,0.779,2541.977,1.469
17/07/2025,2025-07-17,82,[19:15-19:30[,2025-07-17 18:15,1754.782,6076.558,3.463,2409.769,1.373,,,,,2365.5,1.348,1333.586,0.76,-32.297,-0.018
17/07/2025,2025-07-17,83,[19:30-19:45[,2025-07-17 18:30,1781,4950.261,2.779,2409.769,1.353,,,,,2365.5,1.328,1348.38,0.757,-1173.388,-0.659
17/07/2025,2025-07-17,84,[19:45-20:00[,2025-07-17 18:45,1801.562,176.282,0.098,2409.769,1.338,,,,,2365.5,1.313,1276.464,0.709,-5875.451,-3.261
17/07/2025,2025-07-17,85,[20:00-20:15[,2025-07-17 19:00,1796.682,10390.985,5.783,2283.074,1.271,,,,,2531.5,1.409,1353.971,0.754,4222.441,2.35
17/07/2025,2025-07-17,86,[20:15-20:30[,2025-07-17 19:15,1789.119,7155.368,3.999,2283.074,1.276,,,,,2531.5,1.415,1352.803,0.756,987.991,0.552
17/07/2025,2025-07-17,87,[20:30-20:45[,2025-07-17 19:30,1781.885,6415.024,3.6,2283.074,1.281,,,,,2531.5,1.421,1388.845,0.779,211.606,0.119
17/07/2025,2025-07-17,88,[20:45-21:00[,2025-07-17 19:45,1769.62,9506.071,5.372,2283.074,1.29,,,,,2531.5,1.431,1366.41,0.772,3325.088,1.879
17/07/2025,2025-07-17,89,[21:00-21:15[,2025-07-17 20:00,1776.194,1807.646,1.018,2283.101,1.285,,,,,2747.3,1.547,1393.956,0.785,-4616.711,-2.599
17/07/2025,2025-07-17,90,[21:15-21:30[,2025-07-17 20:15,1790.443,5557.686,3.104,2283.101,1.275,,,,,2747.3,1.534,1408.259,0.787,-880.975,-0.492
17/07/2025,2025-07-17,91,[21:30-21:45[,2025-07-17 20:30,1772.381,5928.605,3.345,2283.101,1.288,,,,,2747.3,1.55,1407.961,0.794,-509.757,-0.288
17/07/2025,2025-07-17,92,[21:45-22:00[,2025-07-17 20:45,1740.559,2943.437,1.691,2283.101,1.312,,,,,2747.3,1.578,1408.447,0.809,-3495.411,-2.008
17/07/2025,2025-07-17,93,[22:00-22:15[,2025-07-17 21:00,1713.105,6096.651,3.559,2597.12,1.516,,,,,2896.7,1.691,1440.462,0.841,-837.63,-0.489
17/07/2025,2025-07-17,94,[22:15-22:30[,2025-07-17 21:15,1683.655,4336.908,2.576,2597.12,1.543,,,,,2896.7,1.72,1458.226,0.866,-2615.137,-1.553
17/07/2025,2025-07-17,95,[22:30-22:45[,2025-07-17 21:30,1647.687,5512.124,3.345,2597.12,1.576,,,,,2763.9,1.677,1449.961,0.88,-1298.857,-0.788
17/07/2025,2025-07-17,96,[22:45-23:00[,2025-07-17 21:45,1611.023,8906.006,5.528,2597.12,1.612,,,,,2682.72,1.665,1352.679,0.84,2273.486,1.411
18/07/2025,2025-07-18,1,[23:00-23:15[,2025-07-17 22:00,1575.239,-967.645,-0.614,2585.991,1.642,,,,,2275.2,1.444,1302.171,0.827,-7131.007,-4.527
18/07/2025,2025-07-18,2,[23:15-23:30[,2025-07-17 22:15,1542.073,5226.464,3.389,2585.991,1.677,,,,,2275.2,1.475,1367.051,0.887,-1001.778,-0.65
18/07/2025,2025-07-18,3,[23:30-23:45[,2025-07-17 22:30,1508.819,4437.254,2.941,2585.991,1.714,,,,,2275.2,1.508,1353.091,0.897,-1777.028,-1.178
18/07/2025,2025-07-18,4,[23:45-00:00[,2025-07-17 22:45,1478.903,5417.591,3.663,2585.991,1.749,,,,,2275.2,1.538,1643.821,1.112,-1087.422,-0.735
18/07/2025,2025-07-18,5,[00:00-00:15[,2025-07-17 23:00,1458.958,9135.312,6.262,6064.288,4.157,,,,,1901.76,1.304,2302.339,1.578,-1133.075,-0.777
18/07/2025,2025-07-18,6,[00:15-00:30[,2025-07-17 23:15,1438.236,7287.671,5.067,6064.288,4.216,,,,,1901.76,1.322,2354.405,1.637,-3032.782,-2.109
18/07/2025,2025-07-18,7,[00:30-00:45[,2025-07-17 23:30,1415.585,9636.675,6.808,6064.288,4.284,,,,,1901.76,1.343,2335.006,1.649,-664.379,-0.469
18/07/2025,2025-07-18,8,[00:45-01:00[,2025-07-17 23:45,1396.527,3891.251,2.786,6064.288,4.342,,,,,1901.76,1.362,2361.834,1.691,-6436.631,-4.609
18/07/2025,2025-07-18,9,[01:00-01:15[,2025-07-18 00:00,1377.604,10573.56,7.675,6065.641,4.403,,,,,1234.5,0.896,2502.902,1.817,770.518,0.559
18/07/2025,2025-07-18,10,[01:15-01:30[,2025-07-18 00:15,1350.962,9211.268,6.818,6065.641,4.49,,,,,1234.5,0.914,2291.99,1.697,-380.862,-0.282
18/07/2025,2025-07-18,11,[01:30-01:45[,2025-07-18 00:30,1340.95,9239.887,6.891,6065.641,4.523,,,,,1234.5,0.921,2499.213,1.864,-559.466,-0.417
18/07/2025,2025-07-18,12,[01:45-02:00[,2025-07-18 00:45,1326.73,8523.76,6.425,6065.641,4.572,,,,,1234.5,0.93,2499.862,1.884,-1276.243,-0.962
18/07/2025,2025-07-18,13,[02:00-02:15[,2025-07-18 01:00,1308.623,4981.436,3.807,6069.742,4.638,,,,,986.4,0.754,2306.568,1.763,-4381.274,-3.348
18/07/2025,2025-07-18,14,[02:15-02:30[,2025-07-18 01:15,1298.742,8929.617,6.876,6069.742,4.674,,,,,986.4,0.76,2443.462,1.881,-569.987,-0.439
18/07/2025,2025-07-18,15,[02:30-02:45[,2025-07-18 01:30,1283.521,8746.306,6.814,6069.742,4.729,,,,,986.4,0.769,2350.217,1.831,-660.053,-0.514
18/07/2025,2025-07-18,16,[02:45-03:00[,2025-07-18 01:45,1273.256,4746.34,3.728,6069.742,4.767,,,,,986.4,0.775,2334.24,1.833,-4644.042,-3.647
18/07/2025,2025-07-18,17,[03:00-03:15[,2025-07-18 02:00,1267.262,7957.053,6.279,6072.213,4.792,,,,,830.928,0.656,2426.388,1.915,-1372.476,-1.083
18/07/2025,2025-07-18,18,[03:15-03:30[,2025-07-18 02:15,1258.159,7549.201,6,6072.213,4.826,,,,,830.928,0.66,2271.618,1.806,-1625.558,-1.292
18/07/2025,2025-07-18,19,[03:30-03:45[,2025-07-18 02:30,1259.124,8605.113,6.834,6072.213,4.823,,,,,830.928,0.66,2487.826,1.976,-785.853,-0.624
18/07/2025,2025-07-18,20,[03:45-04:00[,2025-07-18 02:45,1254.134,9139.625,7.288,6072.213,4.842,,,,,830.928,0.663,2502.095,1.995,-265.611,-0.212
18/07/2025,2025-07-18,21,[04:00-04:15[,2025-07-18 03:00,1241.989,5509.595,4.436,6063.62,4.882,,,,,986.4,0.794,2245.241,1.808,-3785.665,-3.048
18/07/2025,2025-07-18,22,[04:15-04:30[,2025-07-18 03:15,1243.444,6980.809,5.614,6063.62,4.876,,,,,986.4,0.793,2475.697,1.991,-2544.908,-2.047
18/07/2025,2025-07-18,23,[04:30-04:45[,2025-07-18 03:30,1240.465,7402.009,5.967,6063.62,4.888,,,,,986.4,0.795,2388.771,1.926,-2036.782,-1.642
18/07/2025,2025-07-18,24,[04:45-05:00[,2025-07-18 03:45,1245.347,9982.433,8.016,6063.62,4.869,,,,,986.4,0.792,2491.796,2.001,440.617,0.354
18/07/2025,2025-07-18,25,[05:00-05:15[,2025-07-18 04:00,1258.134,4070.299,3.235,3488.5,2.773,,,,,1470,1.168,2495.426,1.983,-3383.628,-2.689
18/07/2025,2025-07-18,26,[05:15-05:30[,2025-07-18 04:15,1252.796,5596.811,4.467,3488.5,2.785,,,,,1470,1.173,2228.871,1.779,-1590.561,-1.27
18/07/2025,2025-07-18,27,[05:30-05:45[,2025-07-18 04:30,1257.895,7263.858,5.775,3488.5,2.773,,,,,1470,1.169,2375.057,1.888,-69.7,-0.055
18/07/2025,2025-07-18,28,[05:45-06:00[,2025-07-18 04:45,1265.004,6704.225,5.3,3488.5,2.758,,,,,1470,1.162,2282.062,1.804,-536.337,-0.424
18/07/2025,2025-07-18,29,[06:00-06:15[,2025-07-18 05:00,1295.488,5343.699,4.125,2346.601,1.811,,,,,3487.5,2.692,2473.407,1.909,-2963.808,-2.288
18/07/2025,2025-07-18,30,[06:15-06:30[,2025-07-18 05:15,1305.478,5832.923,4.468,2346.601,1.798,,,,,3487.5,2.671,2447.237,1.875,-2448.415,-1.875
18/07/2025,2025-07-18,31,[06:30-06:45[,2025-07-18 05:30,1316.074,5014.659,3.81,2346.601,1.783,,,,,3487.5,2.65,2021.202,1.536,-2840.644,-2.158
18/07/2025,2025-07-18,32,[06:45-07:00[,2025-07-18 05:45,1345.172,5430.272,4.037,2346.601,1.744,,,,,3487.5,2.593,2437.191,1.812,-2841.021,-2.112
18/07/2025,2025-07-18,33,[07:00-07:15[,2025-07-18 06:00,1394.492,10022.231,7.187,5102.328,3.659,,,,,2950,2.115,2439.81,1.75,-469.907,-0.337
18/07/2025,2025-07-18,34,[07:15-07:30[,2025-07-18 06:15,1425.354,9721.745,6.821,5102.328,3.58,,,,,2950,2.07,2320.781,1.628,-651.364,-0.457
18/07/2025,2025-07-18,35,[07:30-07:45[,2025-07-18 06:30,1462.672,9380.542,6.413,5102.328,3.488,,,,,2950,2.017,2400.384,1.641,-1072.169,-0.733
18/07/2025,2025-07-18,36,[07:45-08:00[,2025-07-18 06:45,1483.079,7747.575,5.224,5102.328,3.44,,,,,2950,1.989,2130.822,1.437,-2435.574,-1.642
18/07/2025,2025-07-18,37,[08:00-08:15[,2025-07-18 07:00,1569.269,13338.357,8.5,6650.504,4.238,,,,,2935.08,1.87,2466.36,1.572,1286.414,0.82
18/07/2025,2025-07-18,38,[08:15-08:30[,2025-07-18 07:15,1611.035,11364.383,7.054,6650.504,4.128,,,,,2935.08,1.822,2444.025,1.517,-665.226,-0.413
18/07/2025,2025-07-18,39,[08:30-08:45[,2025-07-18 07:30,1637.262,10546.453,6.442,6650.504,4.062,,,,,2935.08,1.793,2305.812,1.408,-1344.942,-0.821
18/07/2025,2025-07-18,40,[08:45-09:00[,2025-07-18 07:45,1668.442,12589.848,7.546,6650.504,3.986,,,,,2935.08,1.759,2413.678,1.447,590.586,0.354
18/07/2025,2025-07-18,41,[09:00-09:15[,2025-07-18 08:00,1675.33,5975.432,3.567,8116.481,4.845,,,,,2308.8,1.378,2222.088,1.326,-6671.936,-3.982
18/07/2025,2025-07-18,42,[09:15-09:30[,2025-07-18 08:15,1672.662,13016.104,7.782,8116.481,4.852,,,,,2308.8,1.38,2427.037,1.451,163.786,0.098
18/07/2025,2025-07-18,43,[09:30-09:45[,2025-07-18 08:30,1664.729,15896.325,9.549,8116.481,4.876,,,,,2308.8,1.387,2384.585,1.432,3086.459,1.854
18/07/2025,2025-07-18,44,[09:45-10:00[,2025-07-18 08:45,1654.435,19496.426,11.784,8116.481,4.906,,,,,2308.8,1.396,2172.887,1.313,6898.258,4.17
18/07/2025,2025-07-18,45,[10:00-10:15[,2025-07-18 09:00,1647.996,9130.761,5.541,8047.508,4.883,,,,,3196.8,1.94,2335,1.417,-4448.546,-2.699
18/07/2025,2025-07-18,46,[10:15-10:30[,2025-07-18 09:15,1638.129,10988.052,6.708,8047.508,4.913,,,,,3196.8,1.951,2039.916,1.245,-2296.172,-1.402
18/07/2025,2025-07-18,47,[10:30-10:45[,2025-07-18 09:30,1636.233,11942.647,7.299,8047.508,4.918,,,,,3196.8,1.954,2203.627,1.347,-1505.288,-0.92
18/07/2025,2025-07-18,48,[10:45-11:00[,2025-07-18 09:45,1637.241,11527.67,7.041,8047.508,4.915,,,,,3196.8,1.953,2222.463,1.357,-1939.101,-1.184
18/07/2025,2025-07-18,49,[11:00-11:15[,2025-07-18 10:00,1640.273,10331.681,6.299,8188.017,4.992,,,,,1787.84,1.09,2074.936,1.265,-1719.112,-1.048
18/07/2025,2025-07-18,50,[11:15-11:30[,2025-07-18 10:15,1652.719,11903.217,7.202,8188.017,4.954,,,,,1787.84,1.082,2215.503,1.341,-288.143,-0.174
18/07/2025,2025-07-18,51,[11:30-11:45[,2025-07-18 10:30,1650.648,10213.527,6.188,8188.017,4.96,,,,,1787.84,1.083,1931.145,1.17,-1693.475,-1.026
18/07/2025,2025-07-18,52,[11:45-12:00[,2025-07-18 10:45,1647.475,10587.084,6.426,8188.017,4.97,,,,,1787.84,1.085,2120.653,1.287,-1509.426,-0.916
18/07/2025,2025-07-18,53,[12:00-12:15[,2025-07-18 11:00,1630.618,9420.254,5.777,8936.048,5.48,,,,,1674,1.027,2147.679,1.317,-3337.472,-2.047
18/07/2025,2025-07-18,54,[12:15-12:30[,2025-07-18 11:15,1631.589,10306.038,6.317,8936.048,5.477,,,,,1701.9,1.043,1855.407,1.137,-2187.316,-1.341
18/07/2025,2025-07-18,55,[12:30-12:45[,2025-07-18 11:30,1602.674,12393.141,7.733,8936.048,5.576,,,,,1830.24,1.142,2121.919,1.324,-495.065,-0.309
18/07/2025,2025-07-18,56,[12:45-13:00[,2025-07-18 11:45,1569.201,12366.425,7.881,8936.048,5.695,,,,,1813.5,1.156,2100.141,1.338,-483.264,-0.308
18/07/2025,2025-07-18,57,[13:00-13:15[,2025-07-18 12:00,1557.504,12861.85,8.258,9197.673,5.905,,,,,1707.39,1.096,2207.111,1.417,-250.323,-0.161
18/07/2025,2025-07-18,58,[13:15-13:30[,2025-07-18 12:15,1554.212,9837.751,6.33,9197.673,5.918,,,,,1707.39,1.099,2206.734,1.42,-3274.045,-2.107
18/07/2025,2025-07-18,59,[13:30-13:45[,2025-07-18 12:30,1553.658,12181.353,7.84,9197.673,5.92,,,,,1707.39,1.099,2039.951,1.313,-763.661,-0.492
18/07/2025,2025-07-18,60,[13:45-14:00[,2025-07-18 12:45,1557.526,11859.787,7.615,9197.673,5.905,,,,,1707.39,1.096,2172.454,1.395,-1217.729,-0.782
18/07/2025,2025-07-18,61,[14:00-14:15[,2025-07-18 13:00,1571.87,12219.839,7.774,8984.923,5.716,,,,,1802.34,1.147,2168.542,1.38,-735.966,-0.468
18/07/2025,2025-07-18,62,[14:15-14:30[,2025-07-18 13:15,1560.906,11056.801,7.084,8984.923,5.756,,,,,1841.4,1.18,1360.517,0.872,-1130.038,-0.724
18/07/2025,2025-07-18,63,[14:30-14:45[,2025-07-18 13:30,1580.746,12028.742,7.61,8984.923,5.684,,,,,1841.4,1.165,2211.161,1.399,-1008.742,-0.638
18/07/2025,2025-07-18,64,[14:45-15:00[,2025-07-18 13:45,1581.581,12572.482,7.949,8984.923,5.681,,,,,1713.06,1.083,2230.446,1.41,-355.947,-0.225
18/07/2025,2025-07-18,65,[15:00-15:15[,2025-07-18 14:00,1579.853,12007.564,7.6,8966.235,5.675,,,,,1969.74,1.247,2001.04,1.267,-929.451,-0.588
18/07/2025,2025-07-18,66,[15:15-15:30[,2025-07-18 14:15,1587.343,11858.452,7.471,8966.235,5.649,,,,,1969.74,1.241,2288.96,1.442,-1366.483,-0.861
18/07/2025,2025-07-18,67,[15:30-15:45[,2025-07-18 14:30,1586.258,11704.636,7.379,8966.235,5.652,,,,,1969.74,1.242,2237.168,1.41,-1468.507,-0.926
18/07/2025,2025-07-18,68,[15:45-16:00[,2025-07-18 14:45,1595.337,11897.217,7.457,8966.235,5.62,,,,,1969.74,1.235,2393.325,1.5,-1432.083,-0.898
18/07/2025,2025-07-18,69,[16:00-16:15[,2025-07-18 15:00,1612.23,14473.39,8.977,8967.673,5.562,,,,,3865.76,2.398,2408.766,1.494,-768.808,-0.477
18/07/2025,2025-07-18,70,[16:15-16:30[,2025-07-18 15:15,1615.72,12524.306,7.752,8967.673,5.55,,,,,3865.76,2.393,2266.163,1.403,-2575.29,-1.594
18/07/2025,2025-07-18,71,[16:30-16:45[,2025-07-18 15:30,1630.758,13949.847,8.554,8967.673,5.499,,,,,3865.76,2.371,2435.734,1.494,-1319.319,-0.809
18/07/2025,2025-07-18,72,[16:45-17:00[,2025-07-18 15:45,1622.568,11709.276,7.217,8967.673,5.527,,,,,3865.76,2.382,2145.15,1.322,-3269.307,-2.015
18/07/2025,2025-07-18,73,[17:00-17:15[,2025-07-18 16:00,1609.545,13935.897,8.658,9214.923,5.725,,,,,5477.5,3.403,2248.861,1.397,-3005.386,-1.867
18/07/2025,2025-07-18,74,[17:15-17:30[,2025-07-18 16:15,1616.294,11458.566,7.089,9214.923,5.701,,,,,5477.5,3.389,2397.589,1.483,-5631.445,-3.484
18/07/2025,2025-07-18,75,[17:30-17:45[,2025-07-18 16:30,1621.375,16015.655,9.878,9214.923,5.683,,,,,5477.5,3.378,2380.88,1.468,-1057.648,-0.652
18/07/2025,2025-07-18,76,[17:45-18:00[,2025-07-18 16:45,1632.205,16105.856,9.868,9214.923,5.646,,,,,5477.5,3.356,2241.205,1.373,-827.772,-0.507
18/07/2025,2025-07-18,77,[18:00-18:15[,2025-07-18 17:00,1638.134,15480.635,9.45,8968.91,5.475,,,,,4096.64,2.501,2435.101,1.487,-20.016,-0.012
18/07/2025,2025-07-18,78,[18:15-18:30[,2025-07-18 17:15,1652.757,15421.981,9.331,8968.91,5.427,,,,,4096.64,2.479,2201.751,1.332,154.68,0.094
18/07/2025,2025-07-18,79,[18:30-18:45[,2025-07-18 17:30,1685.759,15229.987,9.034,8968.91,5.32,,,,,4096.64,2.43,2452.618,1.455,-288.182,-0.171
18/07/2025,2025-07-18,80,[18:45-19:00[,2025-07-18 17:45,1703.685,9798.554,5.751,8968.91,5.264,,,,,4096.64,2.405,2285.206,1.341,-5552.201,-3.259
18/07/2025,2025-07-18,81,[19:00-19:15[,2025-07-18 18:00,1699.791,3929.333,2.312,4184.933,2.462,,,,,1314.5,0.773,1336.108,0.786,-2906.208,-1.71
18/07/2025,2025-07-18,82,[19:15-19:30[,2025-07-18 18:15,1711.898,1973.914,1.153,4184.933,2.445,,,,,1314.5,0.768,1290.717,0.754,-4816.236,-2.813
18/07/2025,2025-07-18,83,[19:30-19:45[,2025-07-18 18:30,1734.938,3818.321,2.201,4184.933,2.412,,,,,1314.5,0.758,1357.373,0.782,-3038.485,-1.751
18/07/2025,2025-07-18,84,[19:45-20:00[,2025-07-18 18:45,1747.466,-2983.928,-1.708,4184.933,2.395,,,,,1314.5,0.752,1377.688,0.788,-9861.049,-5.643
18/07/2025,2025-07-18,85,[20:00-20:15[,2025-07-18 19:00,1751.459,4215.276,2.407,1685.266,0.962,,,,,1009.28,0.576,1314.429,0.75,206.301,0.118
18/07/2025,2025-07-18,86,[20:15-20:30[,2025-07-18 19:15,1744.767,2051.219,1.176,1685.266,0.966,,,,,1009.28,0.578,1263.41,0.724,-1906.736,-1.093
18/07/2025,2025-07-18,87,[20:30-20:45[,2025-07-18 19:30,1733.143,-1310.183,-0.756,1685.266,0.972,,,,,1009.28,0.582,1320.491,0.762,-5325.219,-3.073
18/07/2025,2025-07-18,88,[20:45-21:00[,2025-07-18 19:45,1723.812,3186.486,1.849,1685.266,0.978,,,,,1009.28,0.585,1281.17,0.743,-789.23,-0.458
18/07/2025,2025-07-18,89,[21:00-21:15[,2025-07-18 20:00,1728.307,4508.422,2.609,2758.77,1.596,,,,,1168.2,0.676,1319.652,0.764,-738.2,-0.427
18/07/2025,2025-07-18,90,[21:15-21:30[,2025-07-18 20:15,1734.411,1993.73,1.15,2758.77,1.591,,,,,1168.2,0.674,1262.474,0.728,-3195.714,-1.843
18/07/2025,2025-07-18,91,[21:30-21:45[,2025-07-18 20:30,1712.689,2508.1,1.464,2758.77,1.611,,,,,1168.2,0.682,1310.611,0.765,-2729.481,-1.594
18/07/2025,2025-07-18,92,[21:45-22:00[,2025-07-18 20:45,1681.506,5540.053,3.295,2758.77,1.641,,,,,1168.2,0.695,1235.846,0.735,377.237,0.224
18/07/2025,2025-07-18,93,[22:00-22:15[,2025-07-18 21:00,1652.061,8829.233,5.344,2995.802,1.813,,,3344.217,2.024,2776,1.68,1218.498,0.738,-1505.285,-0.911
18/07/2025,2025-07-18,94,[22:15-22:30[,2025-07-18 21:15,1623.619,5959.121,3.67,2995.802,1.845,,,151.847,0.094,2776,1.71,1203.461,0.741,-1167.989,-0.719
18/07/2025,2025-07-18,95,[22:30-22:45[,2025-07-18 21:30,1590.598,5994.993,3.769,2995.802,1.883,,,2.696,0.002,2776,1.745,1182.847,0.744,-962.351,-0.605
18/07/2025,2025-07-18,96,[22:45-23:00[,2025-07-18 21:45,1556.411,7020.144,4.51,2995.802,1.925,,,-146.456,-0.094,2776,1.784,1205.868,0.775,188.929,0.121
19/07/2025,2025-07-19,1,[23:00-23:15[,2025-07-18 22:00,1536.25,14367.55,9.352,8430.252,5.488,,,,,3404,2.216,2108.601,1.373,424.697,0.276
19/07/2025,2025-07-19,2,[23:15-23:30[,2025-07-18 22:15,1507.073,14893.068,9.882,8430.252,5.594,,,,,3404,2.259,2234.273,1.483,824.543,0.547
19/07/2025,2025-07-19,3,[23:30-23:45[,2025-07-18 22:30,1473.884,15208.946,10.319,8430.252,5.72,,,,,3404,2.31,2219.076,1.506,1155.618,0.784
19/07/2025,2025-07-19,4,[23:45-00:00[,2025-07-18 22:45,1437.907,15355.316,10.679,8430.252,5.863,,,,,3404,2.367,2108.871,1.467,1412.193,0.982
19/07/2025,2025-07-19,5,[00:00-00:15[,2025-07-18 23:00,1415.778,16718.86,11.809,10418.036,7.359,,,,,3069,2.168,1604.694,1.133,1627.131,1.149
19/07/2025,2025-07-19,6,[00:15-00:30[,2025-07-18 23:15,1390.331,15123.728,10.878,10418.036,7.493,,,,,3069,2.207,1502.568,1.081,134.125,0.096
19/07/2025,2025-07-19,7,[00:30-00:45[,2025-07-18 23:30,1366.313,16318.658,11.944,10418.036,7.625,,,,,3069,2.246,1500.143,1.098,1331.479,0.975
19/07/2025,2025-07-19,8,[00:45-01:00[,2025-07-18 23:45,1347.233,14139.296,10.495,10418.036,7.733,,,,,3069,2.278,1548.311,1.149,-896.05,-0.665
19/07/2025,2025-07-19,9,[01:00-01:15[,2025-07-19 00:00,1323.022,20025.561,15.136,13079.854,9.886,,,,,2450,1.852,1312.076,0.992,3183.631,2.406
19/07/2025,2025-07-19,10,[01:15-01:30[,2025-07-19 00:15,1309.735,18796.007,14.351,13079.854,9.987,,,,,2450,1.871,1545.802,1.18,1720.35,1.314
19/07/2025,2025-07-19,11,[01:30-01:45[,2025-07-19 00:30,1290.851,19181.992,14.86,13079.854,10.133,,,,,2450,1.898,1577.328,1.222,2074.81,1.607
19/07/2025,2025-07-19,12,[01:45-02:00[,2025-07-19 00:45,1265.094,20376.472,16.107,13079.854,10.339,,,,,2450,1.937,1178.37,0.931,3668.248,2.9
19/07/2025,2025-07-19,13,[02:00-02:15[,2025-07-19 01:00,1262.498,17634.935,13.968,14598.64,11.563,,,,,2450,1.941,1621.59,1.284,-1035.295,-0.82
19/07/2025,2025-07-19,14,[02:15-02:30[,2025-07-19 01:15,1244.642,17912.571,14.392,14598.64,11.729,,,,,2450,1.968,1463.359,1.176,-599.428,-0.482
19/07/2025,2025-07-19,15,[02:30-02:45[,2025-07-19 01:30,1237.438,17855.91,14.43,14598.64,11.797,,,,,2450,1.98,1572.226,1.271,-764.956,-0.618
19/07/2025,2025-07-19,16,[02:45-03:00[,2025-07-19 01:45,1232.073,17651.479,14.327,14598.64,11.849,,,,,2450,1.989,1615.109,1.311,-1012.27,-0.822
19/07/2025,2025-07-19,17,[03:00-03:15[,2025-07-19 02:00,1218.32,17576.444,14.427,14607.485,11.99,,,,,2450,2.011,1397.39,1.147,-878.43,-0.721
19/07/2025,2025-07-19,18,[03:15-03:30[,2025-07-19 02:15,1214.295,18504.744,15.239,14607.485,12.03,,,,,2450,2.018,1616.452,1.331,-169.192,-0.139
19/07/2025,2025-07-19,19,[03:30-03:45[,2025-07-19 02:30,1201.186,18244.374,15.189,14607.485,12.161,,,,,2450,2.04,1484.047,1.235,-297.158,-0.247
19/07/2025,2025-07-19,20,[03:45-04:00[,2025-07-19 02:45,1198.752,19512.918,16.278,14607.485,12.186,,,,,2450,2.044,1541.698,1.286,913.736,0.762
19/07/2025,2025-07-19,21,[04:00-04:15[,2025-07-19 03:00,1197.407,17087.568,14.27,14602.153,12.195,,,,,2450,2.046,1545.618,1.291,-1510.203,-1.261
19/07/2025,2025-07-19,22,[04:15-04:30[,2025-07-19 03:15,1184.889,18273.704,15.422,14602.153,12.324,,,,,2450,2.068,1308.871,1.105,-87.319,-0.074
19/07/2025,2025-07-19,23,[04:30-04:45[,2025-07-19 03:30,1184.97,19070.587,16.094,14602.153,12.323,,,,,2450,2.068,1545.485,1.304,472.949,0.399
19/07/2025,2025-07-19,24,[04:45-05:00[,2025-07-19 03:45,1183.582,17453.318,14.746,14602.153,12.337,,,,,2450,2.07,1572.226,1.328,-1171.061,-0.989
19/07/2025,2025-07-19,25,[05:00-05:15[,2025-07-19 04:00,1183.643,18159.695,15.342,14575.461,12.314,,,,,2450,2.07,1351.695,1.142,-217.461,-0.184
19/07/2025,2025-07-19,26,[05:15-05:30[,2025-07-19 04:15,1186.74,17215.026,14.506,14575.461,12.282,,,,,2450,2.064,1540.218,1.298,-1350.652,-1.138
19/07/2025,2025-07-19,27,[05:30-05:45[,2025-07-19 04:30,1182.858,18909.403,15.986,14575.461,12.322,,,,,2450,2.071,1387.786,1.173,496.156,0.419
19/07/2025,2025-07-19,28,[05:45-06:00[,2025-07-19 04:45,1182.285,17765.557,15.026,14575.461,12.328,,,,,2450,2.072,1530.37,1.294,-790.273,-0.668
19/07/2025,2025-07-19,29,[06:00-06:15[,2025-07-19 05:00,1186.783,15112.436,12.734,12417.229,10.463,,,,,2751,2.318,1533.601,1.292,-1589.393,-1.339
19/07/2025,2025-07-19,30,[06:15-06:30[,2025-07-19 05:15,1168.339,16179.609,13.848,12417.229,10.628,,,,,2751,2.355,1327.613,1.136,-316.233,-0.271
19/07/2025,2025-07-19,31,[06:30-06:45[,2025-07-19 05:30,1175.378,15963.299,13.581,12417.229,10.564,,,,,2751,2.341,1525.373,1.298,-730.303,-0.621
19/07/2025,2025-07-19,32,[06:45-07:00[,2025-07-19 05:45,1177.713,16599.747,14.095,12417.229,10.544,,,,,2751,2.336,1425.081,1.21,6.437,0.005
19/07/2025,2025-07-19,33,[07:00-07:15[,2025-07-19 06:00,1205.328,19680.46,16.328,16292.479,13.517,,,,,3069,2.546,1520.476,1.261,-1201.495,-0.997
19/07/2025,2025-07-19,34,[07:15-07:30[,2025-07-19 06:15,1217.164,20038.104,16.463,16292.479,13.386,,,,,3069,2.521,1026.519,0.843,-349.895,-0.287
19/07/2025,2025-07-19,35,[07:30-07:45[,2025-07-19 06:30,1239.324,19746.96,15.934,16292.479,13.146,,,,,3597.292,2.903,1513.794,1.221,-1656.605,-1.337
19/07/2025,2025-07-19,36,[07:45-08:00[,2025-07-19 06:45,1250.959,21428.143,17.129,16292.479,13.024,,,,,5250,4.197,1421.622,1.136,-1535.958,-1.228
19/07/2025,2025-07-19,37,[08:00-08:15[,2025-07-19 07:00,1272.353,27026.093,21.241,19889.765,15.632,,,,,6663.02,5.237,1514.209,1.19,-1040.901,-0.818
19/07/2025,2025-07-19,38,[08:15-08:30[,2025-07-19 07:15,1283.238,27500.772,21.431,19889.765,15.5,,,,,6663.02,5.192,1262.197,0.984,-314.21,-0.245
19/07/2025,2025-07-19,39,[08:30-08:45[,2025-07-19 07:30,1299.292,27982.267,21.537,19889.765,15.308,,,,,6663.02,5.128,1517.522,1.168,-88.041,-0.068
19/07/2025,2025-07-19,40,[08:45-09:00[,2025-07-19 07:45,1319.681,28287.925,21.435,19889.765,15.072,,,,,6663.02,5.049,1516.308,1.149,218.832,0.166
19/07/2025,2025-07-19,41,[09:00-09:15[,2025-07-19 08:00,1327.996,36438.474,27.439,20992.767,15.808,,,,,8030,6.047,1302.256,0.981,6113.451,4.604
19/07/2025,2025-07-19,42,[09:15-09:30[,2025-07-19 08:15,1337.267,38666.503,28.915,20992.767,15.698,,,,,8030,6.005,1491.384,1.115,8152.351,6.096
19/07/2025,2025-07-19,43,[09:30-09:45[,2025-07-19 08:30,1338.256,34659.854,25.899,20992.767,15.687,,,,,8030,6,1491.251,1.114,4145.836,3.098
19/07/2025,2025-07-19,44,[09:45-10:00[,2025-07-19 08:45,1338.191,35152.241,26.268,20992.767,15.687,,,,,8030,6.001,1364.319,1.02,4765.155,3.561
19/07/2025,2025-07-19,45,[10:00-10:15[,2025-07-19 09:00,1346.786,35200.281,26.137,21426.339,15.909,,,,,6475.04,4.808,1488.282,1.105,5810.62,4.314
19/07/2025,2025-07-19,46,[10:15-10:30[,2025-07-19 09:15,1339.137,36815.424,27.492,21426.339,16,,,,,6858.28,5.121,1243.122,0.928,7287.683,5.442
19/07/2025,2025-07-19,47,[10:30-10:45[,2025-07-19 09:30,1336.613,38576.222,28.861,21426.339,16.03,,,,,6858.28,5.131,1418.481,1.061,8873.122,6.639
19/07/2025,2025-07-19,48,[10:45-11:00[,2025-07-19 09:45,1340.716,41005.73,30.585,21426.339,15.981,,,,,7167.16,5.346,1484.589,1.107,10927.642,8.151
19/07/2025,2025-07-19,49,[11:00-11:15[,2025-07-19 10:00,1337.986,37196.723,27.801,21532.893,16.094,,,,,7062.11,5.278,1243.706,0.93,7358.015,5.499
19/07/2025,2025-07-19,50,[11:15-11:30[,2025-07-19 10:15,1347.291,38287.026,28.418,21532.893,15.982,,,,,7380.17,5.478,1469.544,1.091,7904.419,5.867
19/07/2025,2025-07-19,51,[11:30-11:45[,2025-07-19 10:30,1346.479,37970.565,28.2,21532.893,15.992,,,,,7380.17,5.481,1384.178,1.028,7673.324,5.699
19/07/2025,2025-07-19,52,[11:45-12:00[,2025-07-19 10:45,1350.794,38290.284,28.347,21532.893,15.941,,,,,7380.17,5.464,1469.009,1.088,7908.212,5.854
19/07/2025,2025-07-19,53,[12:00-12:15[,2025-07-19 11:00,1350.265,30296.676,22.438,21432.012,15.872,,,,,6159.326,4.562,1469.143,1.088,1236.196,0.916
19/07/2025,2025-07-19,54,[12:15-12:30[,2025-07-19 11:15,1343.57,31176.405,23.204,21432.012,15.952,,,,,6159.326,4.584,1240.543,0.923,2344.524,1.745
19/07/2025,2025-07-19,55,[12:30-12:45[,2025-07-19 11:30,1338.096,35211.547,26.315,21432.012,16.017,,,,,6223.43,4.651,1463.224,1.094,6092.882,4.553
19/07/2025,2025-07-19,56,[12:45-13:00[,2025-07-19 11:45,1331.752,34108.41,25.612,21432.012,16.093,,,,,6356.98,4.773,1404.568,1.055,4914.851,3.691
19/07/2025,2025-07-19,57,[13:00-13:15[,2025-07-19 12:00,1318.13,29094.817,22.073,21432.012,16.259,,,,,6193.916,4.699,1432.847,1.087,36.042,0.027
19/07/2025,2025-07-19,58,[13:15-13:30[,2025-07-19 12:15,1298.351,29243.657,22.524,21432.012,16.507,,,,,6435.656,4.957,1453.974,1.12,-77.984,-0.06
19/07/2025,2025-07-19,59,[13:30-13:45[,2025-07-19 12:30,1272.244,28661.675,22.528,21432.012,16.846,,,,,6285.24,4.94,1196.028,0.94,-251.605,-0.198
19/07/2025,2025-07-19,60,[13:45-14:00[,2025-07-19 12:45,1263.128,29139.028,23.069,21432.012,16.967,,,,,6193.916,4.904,1427.848,1.13,85.253,0.067
19/07/2025,2025-07-19,61,[14:00-14:15[,2025-07-19 13:00,1263.075,27728.373,21.953,21526.78,17.043,,,,,5870.858,4.648,1383.086,1.095,-1052.351,-0.833
19/07/2025,2025-07-19,62,[14:15-14:30[,2025-07-19 13:15,1255.528,28503.211,22.702,21526.78,17.146,,,,,5993.724,4.774,1316.468,1.049,-333.761,-0.266
19/07/2025,2025-07-19,63,[14:30-14:45[,2025-07-19 13:30,1260.307,29102.908,23.092,21526.78,17.081,,,,,6159.326,4.887,1371.316,1.088,45.486,0.036
19/07/2025,2025-07-19,64,[14:45-15:00[,2025-07-19 13:45,1257.063,29808.888,23.713,21526.78,17.125,,,,,6159.326,4.9,1294.302,1.03,828.48,0.659
19/07/2025,2025-07-19,65,[15:00-15:15[,2025-07-19 14:00,1264.162,30098.819,23.809,21530.28,17.031,,,,,6722.364,5.318,1331.727,1.053,514.448,0.407
19/07/2025,2025-07-19,66,[15:15-15:30[,2025-07-19 14:15,1252.237,29447.424,23.516,21530.28,17.193,,,,,6722.364,5.368,1337.109,1.068,-142.329,-0.114
19/07/2025,2025-07-19,67,[15:30-15:45[,2025-07-19 14:30,1242.621,29045.54,23.374,21530.28,17.327,,,,,6722.364,5.41,892.484,0.718,-99.588,-0.08
19/07/2025,2025-07-19,68,[15:45-16:00[,2025-07-19 14:45,1250.02,29805.993,23.844,21530.28,17.224,,,,,6722.364,5.378,1352.396,1.082,200.952,0.161
19/07/2025,2025-07-19,69,[16:00-16:15[,2025-07-19 15:00,1257.779,30068.645,23.906,21428.264,17.037,,,,,7167.16,5.698,1361.259,1.082,111.962,0.089
19/07/2025,2025-07-19,70,[16:15-16:30[,2025-07-19 15:15,1260.768,30876.658,24.49,21428.264,16.996,,,,,7121.4,5.648,1241.123,0.984,1085.871,0.861
19/07/2025,2025-07-19,71,[16:30-16:45[,2025-07-19 15:30,1274.897,32051.118,25.14,21428.264,16.808,,,,,6858.28,5.379,1360.025,1.067,2404.549,1.886
19/07/2025,2025-07-19,72,[16:45-17:00[,2025-07-19 15:45,1274.919,39151.671,30.709,21428.264,16.808,,,,,6858.28,5.379,1190.297,0.934,9674.83,7.589
19/07/2025,2025-07-19,73,[17:00-17:15[,2025-07-19 16:00,1292.365,42618.848,32.977,20994.342,16.245,,,,,8277.5,6.405,1383.641,1.071,11963.366,9.257
19/07/2025,2025-07-19,74,[17:15-17:30[,2025-07-19 16:15,1302.288,45703.297,35.095,20994.342,16.121,,,,,8277.5,6.356,1383.929,1.063,15047.526,11.555
19/07/2025,2025-07-19,75,[17:30-17:45[,2025-07-19 16:30,1312.653,49089.392,37.397,20994.342,15.994,,,,,8277.5,6.306,1325.388,1.01,18492.162,14.088
19/07/2025,2025-07-19,76,[17:45-18:00[,2025-07-19 16:45,1331.157,49259.364,37.005,20994.342,15.771,,,,,8277.5,6.218,1383.792,1.04,18603.73,13.976
19/07/2025,2025-07-19,77,[18:00-18:15[,2025-07-19 17:00,1343.781,32645.701,24.294,16624.098,12.371,,,,,3600,2.679,1337.542,0.995,11084.062,8.248
19/07/2025,2025-07-19,78,[18:15-18:30[,2025-07-19 17:15,1362.197,44314.062,32.531,16624.098,12.204,,,,,3600,2.643,1345.685,0.988,22744.279,16.697
19/07/2025,2025-07-19,79,[18:30-18:45[,2025-07-19 17:30,1386.116,53969.086,38.935,16624.098,11.993,,,1274.098,0.919,3404,2.456,1383.811,0.998,31283.079,22.569
19/07/2025,2025-07-19,80,[18:45-19:00[,2025-07-19 17:45,1409.52,52008.308,36.898,16624.098,11.794,,,866.313,0.615,3404,2.415,1290.533,0.916,29823.365,21.159
19/07/2025,2025-07-19,81,[19:00-19:15[,2025-07-19 18:00,1436.345,43762.967,30.468,16141.11,11.238,,,18.687,0.013,3171.6,2.208,1401.756,0.976,23029.813,16.034
19/07/2025,2025-07-19,82,[19:15-19:30[,2025-07-19 18:15,1457.028,46418.689,31.858,16141.11,11.078,,,,,2850.56,1.956,1237.797,0.85,26189.223,17.974
19/07/2025,2025-07-19,83,[19:30-19:45[,2025-07-19 18:30,1484.327,52185.962,35.158,16141.11,10.874,,,,,2751,1.853,1395.029,0.94,31898.824,21.49
19/07/2025,2025-07-19,84,[19:45-20:00[,2025-07-19 18:45,1495.128,46415.906,31.045,16141.11,10.796,,,,,2751,1.84,1133.192,0.758,26390.604,17.651
19/07/2025,2025-07-19,85,[20:00-20:15[,2025-07-19 19:00,1502.221,10210.53,6.797,8328.808,5.544,,,,,3069,2.043,293.293,0.195,-1480.571,-0.986
19/07/2025,2025-07-19,86,[20:15-20:30[,2025-07-19 19:15,1502.195,10911.577,7.264,8328.808,5.544,,,,,3069,2.043,292.733,0.195,-778.964,-0.519
19/07/2025,2025-07-19,87,[20:30-20:45[,2025-07-19 19:30,1498.882,10541.502,7.033,8328.808,5.557,,,,,3069,2.048,293.4,0.196,-1149.706,-0.767
19/07/2025,2025-07-19,88,[20:45-21:00[,2025-07-19 19:45,1497.928,7703.535,5.143,8328.808,5.56,,,,,3069,2.049,296.871,0.198,-3991.144,-2.664
19/07/2025,2025-07-19,89,[21:00-21:15[,2025-07-19 20:00,1502.39,11501.439,7.655,8305.54,5.528,,,,,3404,2.266,222.047,0.148,-430.148,-0.286
19/07/2025,2025-07-19,90,[21:15-21:30[,2025-07-19 20:15,1518.81,11191.845,7.369,8305.54,5.468,,,,,3404,2.241,221.627,0.146,-739.322,-0.487
19/07/2025,2025-07-19,91,[21:30-21:45[,2025-07-19 20:30,1505.035,11756.925,7.812,8305.54,5.519,,,,,3404,2.262,223.361,0.148,-175.976,-0.117
19/07/2025,2025-07-19,92,[21:45-22:00[,2025-07-19 20:45,1481.852,11660.376,7.869,8305.54,5.605,,,,,3404,2.297,220.011,0.148,-269.174,-0.182
19/07/2025,2025-07-19,93,[22:00-22:15[,2025-07-19 21:00,1473.744,13121.657,8.904,8340.006,5.659,,,,,3756,2.549,1151.552,0.781,-125.902,-0.085
19/07/2025,2025-07-19,94,[22:15-22:30[,2025-07-19 21:15,1454.475,11194.67,7.697,8340.006,5.734,,,,,3756,2.582,1296.843,0.892,-2198.179,-1.511
19/07/2025,2025-07-19,95,[22:30-22:45[,2025-07-19 21:30,1429.883,11162.123,7.806,8340.006,5.833,,,,,3756,2.627,1292.402,0.904,-2226.286,-1.557
19/07/2025,2025-07-19,96,[22:45-23:00[,2025-07-19 21:45,1402.914,14611.435,10.415,8340.006,5.945,,,,,3756,2.677,1252.647,0.893,1262.782,0.9
20/07/2025,2025-07-20,1,[23:00-23:15[,2025-07-19 22:00,1380.483,31006.808,22.461,18434.033,13.353,,,,,10360,7.505,1412.416,1.023,800.359,0.58
20/07/2025,2025-07-20,2,[23:15-23:30[,2025-07-19 22:15,1348.627,28656.782,21.249,18434.033,13.669,,,,,10360,7.682,1367.451,1.014,-1504.702,-1.116
20/07/2025,2025-07-20,3,[23:30-23:45[,2025-07-19 22:30,1324.939,29692.157,22.41,18434.033,13.913,,,,,10360,7.819,1412.403,1.066,-514.279,-0.388
20/07/2025,2025-07-20,4,[23:45-00:00[,2025-07-19 22:45,1304.141,29996.289,23.001,18434.033,14.135,,,,,10360,7.944,1418.459,1.088,-216.203,-0.166
20/07/2025,2025-07-20,5,[00:00-00:15[,2025-07-19 23:00,1277.083,29188.639,22.856,20208.371,15.824,,,,,8640,6.765,1870.296,1.465,-1530.028,-1.198
20/07/2025,2025-07-20,6,[00:15-00:30[,2025-07-19 23:15,1261.574,31373.053,24.868,20208.371,16.018,,,,,8640,6.849,2134.157,1.692,390.524,0.31
20/07/2025,2025-07-20,7,[00:30-00:45[,2025-07-19 23:30,1242.525,30253.511,24.348,20208.371,16.264,,,,,8640,6.954,2084.534,1.678,-679.394,-0.547
20/07/2025,2025-07-20,8,[00:45-01:00[,2025-07-19 23:45,1227.927,31469.999,25.629,20208.371,16.457,,,,,8640,7.036,2133.869,1.738,487.758,0.397
20/07/2025,2025-07-20,9,[01:00-01:15[,2025-07-20 00:00,1213.948,25886.885,21.325,20479.973,16.871,,,,,3983.7,3.282,2136.895,1.76,-713.683,-0.588
20/07/2025,2025-07-20,10,[01:15-01:30[,2025-07-20 00:15,1193.385,26127.267,21.893,20479.973,17.161,,,,,4390.4,3.679,1951.792,1.636,-694.899,-0.582
20/07/2025,2025-07-20,11,[01:30-01:45[,2025-07-20 00:30,1176.884,27736.716,23.568,20479.973,17.402,,,,,5287.1,4.492,2028.003,1.723,-58.36,-0.05
20/07/2025,2025-07-20,12,[01:45-02:00[,2025-07-20 00:45,1163.757,27763.694,23.857,20479.973,17.598,,,,,5287.1,4.543,2137.423,1.837,-140.802,-0.121
20/07/2025,2025-07-20,13,[02:00-02:15[,2025-07-20 01:00,1153.111,24917.232,21.609,20471.011,17.753,,,,,4375.7,3.795,2007.709,1.741,-1937.188,-1.68
20/07/2025,2025-07-20,14,[02:15-02:30[,2025-07-20 01:15,1147.751,26135.257,22.771,20471.011,17.836,,,,,4679.5,4.077,2134.423,1.86,-1149.677,-1.002
20/07/2025,2025-07-20,15,[02:30-02:45[,2025-07-20 01:30,1133.994,27369.671,24.136,20471.011,18.052,,,,,5292,4.667,1957.02,1.726,-350.36,-0.309
20/07/2025,2025-07-20,16,[02:45-03:00[,2025-07-20 01:45,1133.56,26543.935,23.416,20471.011,18.059,,,,,5292,4.668,2134.137,1.883,-1353.213,-1.194
20/07/2025,2025-07-20,17,[03:00-03:15[,2025-07-20 02:00,1128.239,25726.508,22.802,20466.836,18.141,,,,,4257.54,3.774,2134.536,1.892,-1132.403,-1.004
20/07/2025,2025-07-20,18,[03:15-03:30[,2025-07-20 02:15,1113.767,26164.108,23.492,20466.836,18.376,,,,,4715.34,4.234,2006.519,1.802,-1024.587,-0.92
20/07/2025,2025-07-20,19,[03:30-03:45[,2025-07-20 02:30,1111.888,26636.049,23.956,20466.836,18.407,,,,,4715.34,4.241,2134.396,1.92,-680.523,-0.612
20/07/2025,2025-07-20,20,[03:45-04:00[,2025-07-20 02:45,1100.276,26920.746,24.467,20466.836,18.602,,,,,4701.606,4.273,2008.272,1.825,-255.968,-0.233
20/07/2025,2025-07-20,21,[04:00-04:15[,2025-07-20 03:00,1102.762,27432.91,24.877,20468.852,18.561,,,,,5292,4.799,2125.977,1.928,-453.918,-0.412
20/07/2025,2025-07-20,22,[04:15-04:30[,2025-07-20 03:15,1099.459,27294.22,24.825,20468.852,18.617,,,,,5292,4.813,2132.747,1.94,-599.379,-0.545
20/07/2025,2025-07-20,23,[04:30-04:45[,2025-07-20 03:30,1090.249,27751.932,25.455,20468.852,18.774,,,,,5292,4.854,1969.017,1.806,22.064,0.02
20/07/2025,2025-07-20,24,[04:45-05:00[,2025-07-20 03:45,1091.343,28470.177,26.087,20468.852,18.756,,,,,5292,4.849,2129.047,1.951,580.278,0.532
20/07/2025,2025-07-20,25,[05:00-05:15[,2025-07-20 04:00,1088.692,26612.637,24.445,20123.774,18.484,,,,,5287.1,4.856,1983.023,1.821,-781.26,-0.718
20/07/2025,2025-07-20,26,[05:15-05:30[,2025-07-20 04:15,1094.87,27887.281,25.471,20123.774,18.38,,,,,5287.1,4.829,2209.159,2.018,267.248,0.244
20/07/2025,2025-07-20,27,[05:30-05:45[,2025-07-20 04:30,1093.517,26073.286,23.844,20123.774,18.403,,,,,5287.1,4.835,2212.675,2.023,-1550.263,-1.418
20/07/2025,2025-07-20,28,[05:45-06:00[,2025-07-20 04:45,1086.569,26167.788,24.083,20123.774,18.52,,,,,4601.1,4.235,2120.638,1.952,-677.724,-0.624
20/07/2025,2025-07-20,29,[06:00-06:15[,2025-07-20 05:00,1093.826,28183,25.766,19864.025,18.16,,,,,6550,5.988,2211.103,2.021,-442.128,-0.404
20/07/2025,2025-07-20,30,[06:15-06:30[,2025-07-20 05:15,1072.37,27592.349,25.73,19864.025,18.523,,,,,6550,6.108,2051.203,1.913,-872.879,-0.814
20/07/2025,2025-07-20,31,[06:30-06:45[,2025-07-20 05:30,1074.916,29587.453,27.525,19864.025,18.48,,,,,6550,6.093,2181.543,2.03,991.885,0.923
20/07/2025,2025-07-20,32,[06:45-07:00[,2025-07-20 05:45,1080.581,28397.546,26.28,19864.025,18.383,,,,,6565.72,6.076,2223.056,2.057,-255.255,-0.236
20/07/2025,2025-07-20,33,[07:00-07:15[,2025-07-20 06:00,1094.815,25166.099,22.987,20825.678,19.022,,,,,8760,8.001,2068.946,1.89,-6488.525,-5.927
20/07/2025,2025-07-20,34,[07:15-07:30[,2025-07-20 06:15,1108.478,30707.046,27.702,20825.678,18.788,,,,,8760,7.903,2236.071,2.017,-1114.703,-1.006
20/07/2025,2025-07-20,35,[07:30-07:45[,2025-07-20 06:30,1107.547,31522.206,28.461,20825.678,18.803,,,,,8760,7.909,2014.104,1.819,-77.576,-0.07
20/07/2025,2025-07-20,36,[07:45-08:00[,2025-07-20 06:45,1123.77,32637.207,29.043,20825.678,18.532,,,,,8760,7.795,2211.117,1.968,840.413,0.748
20/07/2025,2025-07-20,37,[08:00-08:15[,2025-07-20 07:00,1142.935,30361.645,26.565,21174.942,18.527,,,,,6550,5.731,2236.368,1.957,400.335,0.35
20/07/2025,2025-07-20,38,[08:15-08:30[,2025-07-20 07:15,1133.744,38269.569,33.755,21174.942,18.677,,,,,6880.12,6.068,2073.13,1.829,8141.377,7.181
20/07/2025,2025-07-20,39,[08:30-08:45[,2025-07-20 07:30,1152.781,35458.03,30.759,21174.942,18.369,,,,,7163.08,6.214,2236.619,1.94,4883.388,4.236
20/07/2025,2025-07-20,40,[08:45-09:00[,2025-07-20 07:45,1168.233,31207.431,26.713,21174.942,18.126,,,,,7377.92,6.315,2142.439,1.834,512.13,0.438
20/07/2025,2025-07-20,41,[09:00-09:15[,2025-07-20 08:00,1197.544,30515.907,25.482,21335.363,17.816,,,,,7548.62,6.303,2260.891,1.888,-628.966,-0.525
20/07/2025,2025-07-20,42,[09:15-09:30[,2025-07-20 08:15,1208.146,28614.833,23.685,21335.363,17.66,,,,,7588.59,6.281,2265.135,1.875,-2574.255,-2.131
20/07/2025,2025-07-20,43,[09:30-09:45[,2025-07-20 08:30,1212.075,31072.363,25.636,21335.363,17.602,,,,,7588.59,6.261,2136.107,1.762,12.304,0.01
20/07/2025,2025-07-20,44,[09:45-10:00[,2025-07-20 08:45,1227.685,32922.197,26.816,21335.363,17.379,,,,,7588.59,6.181,2262.674,1.843,1735.571,1.414
20/07/2025,2025-07-20,45,[10:00-10:15[,2025-07-20 09:00,1235.991,28352.16,22.939,21343.685,17.268,,,,,6305.712,5.102,2051.781,1.66,-1349.019,-1.091
20/07/2025,2025-07-20,46,[10:15-10:30[,2025-07-20 09:15,1246.76,29002.601,23.262,21343.685,17.119,,,,,6464.864,5.185,2139.323,1.716,-945.271,-0.758
20/07/2025,2025-07-20,47,[10:30-10:45[,2025-07-20 09:30,1251.432,29592.486,23.647,21343.685,17.055,,,,,6602.064,5.276,2140.521,1.71,-493.784,-0.395
20/07/2025,2025-07-20,48,[10:45-11:00[,2025-07-20 09:45,1247.37,29960.215,24.019,21343.685,17.111,,,,,6877.5,5.514,1970.278,1.58,-231.247,-0.185
20/07/2025,2025-07-20,49,[11:00-11:15[,2025-07-20 10:00,1257.234,29929.143,23.806,21342.189,16.976,,,,,6618.004,5.264,2054.805,1.634,-85.855,-0.068
20/07/2025,2025-07-20,50,[11:15-11:30[,2025-07-20 10:15,1264.967,29800.627,23.558,21342.189,16.872,,,,,6618.004,5.232,2029.266,1.604,-188.832,-0.149
20/07/2025,2025-07-20,51,[11:30-11:45[,2025-07-20 10:30,1268.692,29989.862,23.638,21342.189,16.822,,,,,6758.454,5.327,2070.611,1.632,-181.392,-0.143
20/07/2025,2025-07-20,52,[11:45-12:00[,2025-07-20 10:45,1283.378,29855.331,23.263,21342.189,16.63,,,,,6758.454,5.266,2038.352,1.588,-283.664,-0.221
20/07/2025,2025-07-20,53,[12:00-12:15[,2025-07-20 11:00,1291.169,28995.446,22.457,21337.446,16.526,,,,,5881.848,4.555,1890.644,1.464,-114.492,-0.089
20/07/2025,2025-07-20,54,[12:15-12:30[,2025-07-20 11:15,1294.153,28832.734,22.279,21337.446,16.488,,,,,6122.688,4.731,1942.293,1.501,-569.693,-0.44
20/07/2025,2025-07-20,55,[12:30-12:45[,2025-07-20 11:30,1286.056,29019.578,22.565,21337.446,16.591,,,,,6170.856,4.798,1999.906,1.555,-488.63,-0.38
20/07/2025,2025-07-20,56,[12:45-13:00[,2025-07-20 11:45,1277.513,29796.67,23.324,21337.446,16.702,,,,,6170.856,4.83,1994.751,1.561,293.617,0.23
20/07/2025,2025-07-20,57,[13:00-13:15[,2025-07-20 12:00,1259.379,33174.131,26.342,21336.726,16.942,,,,,6093.456,4.838,1981.043,1.573,3762.906,2.988
20/07/2025,2025-07-20,58,[13:15-13:30[,2025-07-20 12:15,1232.434,35136.775,28.51,21336.726,17.313,,,,,6228.506,5.054,1843.398,1.496,5728.145,4.648
20/07/2025,2025-07-20,59,[13:30-13:45[,2025-07-20 12:30,1213.179,29065.63,23.958,21336.726,17.587,,,,,6228.506,5.134,1990.812,1.641,-490.413,-0.404
20/07/2025,2025-07-20,60,[13:45-14:00[,2025-07-20 12:45,1195.142,29940.751,25.052,21336.726,17.853,,,,,6228.506,5.212,1995.164,1.669,380.355,0.318
20/07/2025,2025-07-20,61,[14:00-14:15[,2025-07-20 13:00,1191.133,29559.225,24.816,21458.107,18.015,,,,,6182.386,5.19,1986.352,1.668,-67.62,-0.057
20/07/2025,2025-07-20,62,[14:15-14:30[,2025-07-20 13:15,1178.869,29549.388,25.066,21458.107,18.202,,,,,6225.282,5.281,2036.912,1.728,-170.914,-0.145
20/07/2025,2025-07-20,63,[14:30-14:45[,2025-07-20 13:30,1160.669,29227.804,25.182,21458.107,18.488,,,,,6236.006,5.373,1892.2,1.63,-358.509,-0.309
20/07/2025,2025-07-20,64,[14:45-15:00[,2025-07-20 13:45,1156.209,29147.522,25.21,21458.107,18.559,,,,,6225.282,5.384,2064.172,1.785,-600.039,-0.519
20/07/2025,2025-07-20,65,[15:00-15:15[,2025-07-20 14:00,1164.811,29183.082,25.054,21500.174,18.458,,,,,6106.632,5.243,2024.232,1.738,-447.956,-0.385
20/07/2025,2025-07-20,66,[15:15-15:30[,2025-07-20 14:15,1151.641,29139.402,25.303,21500.174,18.669,,,,,6170.856,5.358,1873.839,1.627,-405.468,-0.352
20/07/2025,2025-07-20,67,[15:30-15:45[,2025-07-20 14:30,1148.359,29311.605,25.525,21500.174,18.723,,,,,6170.856,5.374,2020.499,1.759,-379.925,-0.331
20/07/2025,2025-07-20,68,[15:45-16:00[,2025-07-20 14:45,1142.478,29517.754,25.837,21500.174,18.819,,,,,6170.856,5.401,2014.59,1.763,-167.866,-0.147
20/07/2025,2025-07-20,69,[16:00-16:15[,2025-07-20 15:00,1138.144,30430.367,26.737,21456.591,18.852,,,,,6674.244,5.864,2041.514,1.794,258.018,0.227
20/07/2025,2025-07-20,70,[16:15-16:30[,2025-07-20 15:15,1135.409,30169.246,26.571,21456.591,18.898,,,,,6674.244,5.878,2055.999,1.811,-17.588,-0.015
20/07/2025,2025-07-20,71,[16:30-16:45[,2025-07-20 15:30,1133.516,29666.101,26.172,21456.591,18.929,,,,,6674.244,5.888,1742.32,1.537,-207.054,-0.183
20/07/2025,2025-07-20,72,[16:45-17:00[,2025-07-20 15:45,1152.012,29837.296,25.9,21456.591,18.625,,,,,6674.244,5.794,2090.19,1.814,-383.728,-0.333
20/07/2025,2025-07-20,73,[17:00-17:15[,2025-07-20 16:00,1169.656,30078.737,25.716,21312.507,18.221,,,,,7085,6.057,2121.487,1.814,-440.257,-0.376
20/07/2025,2025-07-20,74,[17:15-17:30[,2025-07-20 16:15,1171.6,30319.882,25.879,21312.507,18.191,,,,,7028.6,5.999,1939.61,1.656,39.166,0.033
20/07/2025,2025-07-20,75,[17:30-17:45[,2025-07-20 16:30,1189.67,29605.331,24.885,21312.507,17.915,,,,,6774.35,5.694,2140.707,1.799,-622.233,-0.523
20/07/2025,2025-07-20,76,[17:45-18:00[,2025-07-20 16:45,1200.832,30067.499,25.039,21312.507,17.748,,,,,6774.35,5.641,2016.575,1.679,-35.934,-0.03
20/07/2025,2025-07-20,77,[18:00-18:15[,2025-07-20 17:00,1225.931,32129.023,26.208,20848.654,17.006,,,,,8940,7.292,2185.071,1.782,155.298,0.127
20/07/2025,2025-07-20,78,[18:15-18:30[,2025-07-20 17:15,1252.514,32107.952,25.635,20848.654,16.645,,,,,8940,7.138,2196.361,1.754,122.937,0.098
20/07/2025,2025-07-20,79,[18:30-18:45[,2025-07-20 17:30,1276.556,32006.954,25.073,20848.654,16.332,,,,,8940,7.003,1987.808,1.557,230.491,0.181
20/07/2025,2025-07-20,80,[18:45-19:00[,2025-07-20 17:45,1311.931,31738.354,24.192,20848.654,15.892,,,,,8940,6.814,2197.201,1.675,-247.501,-0.189
20/07/2025,2025-07-20,81,[19:00-19:15[,2025-07-20 18:00,1336.895,26482.214,19.809,18877.126,14.12,,,,,5938.128,4.442,2175.863,1.628,-508.903,-0.381
20/07/2025,2025-07-20,82,[19:15-19:30[,2025-07-20 18:15,1366.809,26380.491,19.301,18877.126,13.811,,,,,4932,3.608,2240.728,1.639,330.637,0.242
20/07/2025,2025-07-20,83,[19:30-19:45[,2025-07-20 18:30,1388.935,23735.043,17.089,18877.126,13.591,,,,,3930,2.83,2014.063,1.45,-1086.146,-0.782
20/07/2025,2025-07-20,84,[19:45-20:00[,2025-07-20 18:45,1401.886,22395.973,15.976,18877.126,13.466,,,,,2590,1.848,1287.922,0.919,-359.075,-0.256
20/07/2025,2025-07-20,85,[20:00-20:15[,2025-07-20 19:00,1423.5,16212.609,11.389,12398.253,8.71,,,,,4058.55,2.851,1169.425,0.822,-1413.619,-0.993
20/07/2025,2025-07-20,86,[20:15-20:30[,2025-07-20 19:15,1431.393,16625.58,11.615,12398.253,8.662,,,,,3906,2.729,1169.062,0.817,-847.734,-0.592
20/07/2025,2025-07-20,87,[20:30-20:45[,2025-07-20 19:30,1434.629,15994.8,11.149,12398.253,8.642,,,,,2884,2.01,1173.151,0.818,-460.603,-0.321
20/07/2025,2025-07-20,88,[20:45-21:00[,2025-07-20 19:45,1438.892,16998.385,11.814,12398.253,8.617,,,,,2800,1.946,1168.4,0.812,631.732,0.439
20/07/2025,2025-07-20,89,[21:00-21:15[,2025-07-20 20:00,1453.61,15371.187,10.574,12413.335,8.54,,,,,3034,2.087,1112.545,0.765,-1188.693,-0.818
20/07/2025,2025-07-20,90,[21:15-21:30[,2025-07-20 20:15,1477.472,17385.691,11.767,12413.335,8.402,,,,,3034,2.054,1112.408,0.753,825.949,0.559
20/07/2025,2025-07-20,91,[21:30-21:45[,2025-07-20 20:30,1469.119,12588.797,8.569,12413.335,8.45,,,,,3034,2.065,1109.873,0.755,-3968.411,-2.701
20/07/2025,2025-07-20,92,[21:45-22:00[,2025-07-20 20:45,1453.767,17453.47,12.006,12413.335,8.539,,,,,3288.856,2.262,1115.524,0.767,635.754,0.437
20/07/2025,2025-07-20,93,[22:00-22:15[,2025-07-20 21:00,1460.352,16750.074,11.47,13077.3,8.955,,,,,4325.4,2.962,2061.098,1.411,-2713.724,-1.858
20/07/2025,2025-07-20,94,[22:15-22:30[,2025-07-20 21:15,1441.93,17747.974,12.308,13077.3,9.069,,,,,4325.4,3,2179.062,1.511,-1833.788,-1.272
20/07/2025,2025-07-20,95,[22:30-22:45[,2025-07-20 21:30,1418.669,19544.281,13.776,13077.3,9.218,,,,,4695,3.309,2173.546,1.532,-401.565,-0.283
20/07/2025,2025-07-20,96,[22:45-23:00[,2025-07-20 21:45,1389.42,18322.668,13.187,13077.3,9.412,,,,,4695,3.379,2026.532,1.459,-1476.164,-1.062
21/07/2025,2025-07-21,1,[23:00-23:15[,2025-07-20 22:00,1368.123,20455.764,14.952,16461.153,12.032,,,,,2388.24,1.746,2586.089,1.89,-979.718,-0.716
21/07/2025,2025-07-21,2,[23:15-23:30[,2025-07-20 22:15,1336.854,20537.521,15.363,16461.153,12.313,,,,,2388.24,1.786,2421.002,1.811,-732.874,-0.548
21/07/2025,2025-07-21,3,[23:30-23:45[,2025-07-20 22:30,1314.397,19908.847,15.147,16461.153,12.524,,,,,2407.14,1.831,2551.395,1.941,-1510.84,-1.149
21/07/2025,2025-07-21,4,[23:45-00:00[,2025-07-20 22:45,1290.05,20561.065,15.938,16461.153,12.76,,,,,2569.11,1.991,2597.744,2.014,-1066.942,-0.827
21/07/2025,2025-07-21,5,[00:00-00:15[,2025-07-20 23:00,1264.862,21683.01,17.143,16966.289,13.414,,,,,3654.9,2.89,2320.728,1.835,-1258.906,-0.995
21/07/2025,2025-07-21,6,[00:15-00:30[,2025-07-20 23:15,1254.838,22351.762,17.812,16966.289,13.521,,,,,3654.9,2.913,2620.025,2.088,-889.452,-0.709
21/07/2025,2025-07-21,7,[00:30-00:45[,2025-07-20 23:30,1241.442,23190.521,18.68,16966.289,13.667,,,,,3654.9,2.944,2701.44,2.176,-132.107,-0.106
21/07/2025,2025-07-21,8,[00:45-01:00[,2025-07-20 23:45,1213.772,22867.274,18.84,16966.289,13.978,,,,,3654.9,3.011,2127.706,1.753,118.38,0.098
21/07/2025,2025-07-21,9,[01:00-01:15[,2025-07-21 00:00,1204.199,22248.018,18.475,17186.952,14.273,,,,,3077.2,2.555,2556.117,2.123,-572.252,-0.475
21/07/2025,2025-07-21,10,[01:15-01:30[,2025-07-21 00:15,1189.383,22914.733,19.266,17186.952,14.45,,,,,3381,2.843,2572.405,2.163,-225.624,-0.19
21/07/2025,2025-07-21,11,[01:30-01:45[,2025-07-21 00:30,1152.489,22555.495,19.571,17186.952,14.913,,,,,3381,2.934,1523.232,1.322,464.311,0.403
21/07/2025,2025-07-21,12,[01:45-02:00[,2025-07-21 00:45,1144.989,23868.191,20.846,17186.952,15.011,,,,,3381,2.953,1833.951,1.602,1466.288,1.281
21/07/2025,2025-07-21,13,[02:00-02:15[,2025-07-21 01:00,1155.224,22407.072,19.396,17361.663,15.029,,,,,3689.7,3.194,2687,2.326,-1331.291,-1.152
21/07/2025,2025-07-21,14,[02:15-02:30[,2025-07-21 01:15,1152.267,23255.842,20.183,17361.663,15.067,,,,,3689.7,3.202,2669.352,2.317,-464.873,-0.403
21/07/2025,2025-07-21,15,[02:30-02:45[,2025-07-21 01:30,1137.91,23110.967,20.31,17361.663,15.258,,,,,3689.7,3.243,2462.87,2.164,-403.266,-0.354
21/07/2025,2025-07-21,16,[02:45-03:00[,2025-07-21 01:45,1134.231,22802.466,20.104,17361.663,15.307,,,,,3689.7,3.253,2550.447,2.249,-799.345,-0.705
21/07/2025,2025-07-21,17,[03:00-03:15[,2025-07-21 02:00,1128.713,25704.889,22.774,18909.401,16.753,,,,,4472.706,3.963,2526.32,2.238,-203.538,-0.18
21/07/2025,2025-07-21,18,[03:15-03:30[,2025-07-21 02:15,1124.487,25950.555,23.078,18909.401,16.816,,,,,4312.476,3.835,2716.544,2.416,12.134,0.011
21/07/2025,2025-07-21,19,[03:30-03:45[,2025-07-21 02:30,1118.291,25474.184,22.78,18909.401,16.909,,,,,4266.696,3.815,2725.504,2.437,-427.417,-0.382
21/07/2025,2025-07-21,20,[03:45-04:00[,2025-07-21 02:45,1108.504,25105.574,22.648,18909.401,17.058,,,,,4083.576,3.684,2413.157,2.177,-300.56,-0.271
21/07/2025,2025-07-21,21,[04:00-04:15[,2025-07-21 03:00,1117.067,21909.958,19.614,17035.977,15.251,,,,,3091.9,2.768,2626.992,2.352,-844.911,-0.756
21/07/2025,2025-07-21,22,[04:15-04:30[,2025-07-21 03:15,1112.642,21231.922,19.082,17035.977,15.311,,,,,3077.2,2.766,2673.889,2.403,-1555.144,-1.398
21/07/2025,2025-07-21,23,[04:30-04:45[,2025-07-21 03:30,1111.978,21549.645,19.38,17035.977,15.32,,,,,3077.2,2.767,2711.921,2.439,-1275.453,-1.147
21/07/2025,2025-07-21,24,[04:45-05:00[,2025-07-21 03:45,1118.803,19239.394,17.196,17035.977,15.227,,,,,3072.3,2.746,2744.786,2.453,-3613.668,-3.23
21/07/2025,2025-07-21,25,[05:00-05:15[,2025-07-21 04:00,1124.634,17807.358,15.834,13259.831,11.79,,,,,2905.7,2.584,2416.968,2.149,-775.14,-0.689
21/07/2025,2025-07-21,26,[05:15-05:30[,2025-07-21 04:15,1138.42,19994.895,17.564,13259.831,11.648,,,,,2724.4,2.393,2720.838,2.39,1289.826,1.133
21/07/2025,2025-07-21,27,[05:30-05:45[,2025-07-21 04:30,1149.805,16833.538,14.64,13259.831,11.532,,,,,1817.9,1.581,2748.119,2.39,-992.312,-0.863
21/07/2025,2025-07-21,28,[05:45-06:00[,2025-07-21 04:45,1153.532,15846.682,13.738,13259.831,11.495,,,,,1514.1,1.313,2487.825,2.157,-1415.073,-1.227
21/07/2025,2025-07-21,29,[06:00-06:15[,2025-07-21 05:00,1198.265,15160.932,12.652,9874.121,8.24,,,,,3723.5,3.107,2765.419,2.308,-1202.108,-1.003
21/07/2025,2025-07-21,30,[06:15-06:30[,2025-07-21 05:15,1204.398,13986.858,11.613,9874.121,8.198,,,,,3756.5,3.119,2626.078,2.18,-2269.842,-1.885
21/07/2025,2025-07-21,31,[06:30-06:45[,2025-07-21 05:30,1229.425,13429.876,10.924,9874.121,8.031,,,,,3756.5,3.055,2793.934,2.273,-2994.68,-2.436
21/07/2025,2025-07-21,32,[06:45-07:00[,2025-07-21 05:45,1257.675,15412.553,12.255,9874.121,7.851,,,,,3712.5,2.952,2737.536,2.177,-911.604,-0.725
21/07/2025,2025-07-21,33,[07:00-07:15[,2025-07-21 06:00,1299.932,15389.021,11.838,12588.796,9.684,,,,,3040,2.339,2423.02,1.864,-2662.794,-2.048
21/07/2025,2025-07-21,34,[07:15-07:30[,2025-07-21 06:15,1341.379,18871.111,14.068,12588.796,9.385,,,,,3040,2.266,2796.572,2.085,445.743,0.332
21/07/2025,2025-07-21,35,[07:30-07:45[,2025-07-21 06:30,1368.925,15182.672,11.091,12588.796,9.196,,,,,3306,2.415,2745.393,2.006,-3457.517,-2.526
21/07/2025,2025-07-21,36,[07:45-08:00[,2025-07-21 06:45,1387.665,13686.701,9.863,12588.796,9.072,,,,,3306,2.382,1885.03,1.358,-4093.124,-2.95
21/07/2025,2025-07-21,37,[08:00-08:15[,2025-07-21 07:00,1448.85,27550.052,19.015,17306.455,11.945,,,,,6759.5,4.665,1807.226,1.247,1676.872,1.157
21/07/2025,2025-07-21,38,[08:15-08:30[,2025-07-21 07:15,1504.931,35086.413,23.314,17306.455,11.5,,,,,6759.5,4.492,2612.331,1.736,8408.127,5.587
21/07/2025,2025-07-21,39,[08:30-08:45[,2025-07-21 07:30,1534.347,36290.453,23.652,17306.455,11.279,,,344.933,0.225,6759.5,4.405,2734.119,1.782,9145.447,5.96
21/07/2025,2025-07-21,40,[08:45-09:00[,2025-07-21 07:45,1543.868,26060.443,16.88,17306.455,11.21,,,,,6759.5,4.378,2582.593,1.673,-588.105,-0.381
21/07/2025,2025-07-21,41,[09:00-09:15[,2025-07-21 08:00,1568.924,28263.571,18.015,20744.704,13.222,,,,,4233.794,2.699,2686.404,1.712,598.669,0.382
21/07/2025,2025-07-21,42,[09:15-09:30[,2025-07-21 08:15,1579.056,28252.267,17.892,20744.704,13.137,,,,,4233.794,2.681,2842.889,1.8,430.881,0.273
21/07/2025,2025-07-21,43,[09:30-09:45[,2025-07-21 08:30,1579.922,28266.808,17.891,20744.704,13.13,,,,,4847.58,3.068,2571.328,1.628,103.196,0.065
21/07/2025,2025-07-21,44,[09:45-10:00[,2025-07-21 08:45,1588.511,28450.594,17.91,20744.704,13.059,,,,,4847.58,3.052,2818.167,1.774,40.144,0.025
21/07/2025,2025-07-21,45,[10:00-10:15[,2025-07-21 09:00,1576.836,27775.922,17.615,20616.959,13.075,,,,,4809.6,3.05,2631.715,1.669,-282.351,-0.179
21/07/2025,2025-07-21,46,[10:15-10:30[,2025-07-21 09:15,1573.54,28228.979,17.94,20616.959,13.102,,,,,4809.6,3.057,2450.183,1.557,352.238,0.224
21/07/2025,2025-07-21,47,[10:30-10:45[,2025-07-21 09:30,1578.295,29805.48,18.885,20616.959,13.063,,,,,4809.6,3.047,2652.797,1.681,1726.124,1.094
21/07/2025,2025-07-21,48,[10:45-11:00[,2025-07-21 09:45,1571.503,41195.352,26.214,20616.959,13.119,,,9678.822,6.159,4809.6,3.061,2350.456,1.496,3739.515,2.38
21/07/2025,2025-07-21,49,[11:00-11:15[,2025-07-21 10:00,1580.094,30469.559,19.283,19290.149,12.208,,,1749.094,1.107,5720.238,3.62,2651.438,1.678,1058.64,0.67
21/07/2025,2025-07-21,50,[11:15-11:30[,2025-07-21 10:15,1582.995,27143.599,17.147,19290.149,12.186,,,,,5720.238,3.614,2574.42,1.626,-441.207,-0.279
21/07/2025,2025-07-21,51,[11:30-11:45[,2025-07-21 10:30,1573.03,23882.772,15.183,19290.149,12.263,,,,,5720.238,3.636,2211.208,1.406,-3338.823,-2.123
21/07/2025,2025-07-21,52,[11:45-12:00[,2025-07-21 10:45,1575.414,27414.696,17.402,19290.149,12.244,,,,,5720.238,3.631,2525.108,1.603,-120.799,-0.077
21/07/2025,2025-07-21,53,[12:00-12:15[,2025-07-21 11:00,1552.067,25400.589,16.366,18459.633,11.894,,,,,5529,3.562,2367.963,1.526,-956.006,-0.616
21/07/2025,2025-07-21,54,[12:15-12:30[,2025-07-21 11:15,1542.433,26157.504,16.959,18459.633,11.968,,,,,5529,3.585,2262.601,1.467,-93.73,-0.061
21/07/2025,2025-07-21,55,[12:30-12:45[,2025-07-21 11:30,1518.505,25965.058,17.099,18459.633,12.156,,,,,5529,3.641,2460.06,1.62,-483.634,-0.318
21/07/2025,2025-07-21,56,[12:45-13:00[,2025-07-21 11:45,1496.993,26187.617,17.493,18459.633,12.331,,,,,5529,3.693,2350.283,1.57,-151.299,-0.101
21/07/2025,2025-07-21,57,[13:00-13:15[,2025-07-21 12:00,1485.673,26519.773,17.85,19004.108,12.792,,,,,5465.16,3.679,2475.449,1.666,-424.944,-0.286
21/07/2025,2025-07-21,58,[13:15-13:30[,2025-07-21 12:15,1473.702,26401.182,17.915,19004.108,12.895,,,,,5465.16,3.708,2469.41,1.676,-537.496,-0.365
21/07/2025,2025-07-21,59,[13:30-13:45[,2025-07-21 12:30,1470.432,25393.118,17.269,19004.108,12.924,,,,,5465.16,3.717,1940.348,1.32,-1016.498,-0.691
21/07/2025,2025-07-21,60,[13:45-14:00[,2025-07-21 12:45,1479.104,24947.566,16.867,19004.108,12.848,,,,,5465.16,3.695,2479.418,1.676,-2001.12,-1.353
21/07/2025,2025-07-21,61,[14:00-14:15[,2025-07-21 13:00,1489.334,27196.711,18.261,19178.04,12.877,,,,,5344.62,3.589,2492.535,1.674,181.516,0.122
21/07/2025,2025-07-21,62,[14:15-14:30[,2025-07-21 13:15,1486.782,26774.828,18.009,19178.04,12.899,,,,,5344.62,3.595,2301.39,1.548,-49.222,-0.033
21/07/2025,2025-07-21,63,[14:30-14:45[,2025-07-21 13:30,1493.863,27180.159,18.195,19178.04,12.838,,,,,5344.62,3.578,2430.289,1.627,227.21,0.152
21/07/2025,2025-07-21,64,[14:45-15:00[,2025-07-21 13:45,1494.158,27458.97,18.378,19178.04,12.835,,,,,5540.526,3.708,2466.624,1.651,273.78,0.183
21/07/2025,2025-07-21,65,[15:00-15:15[,2025-07-21 14:00,1489.971,27117.381,18.2,20195.774,13.554,,,,,4558.72,3.06,2292.07,1.538,70.817,0.048
21/07/2025,2025-07-21,66,[15:15-15:30[,2025-07-21 14:15,1493.537,27469.413,18.392,20195.774,13.522,,,,,4558.72,3.052,2541.715,1.702,173.205,0.116
21/07/2025,2025-07-21,67,[15:30-15:45[,2025-07-21 14:30,1485.079,26570.87,17.892,20195.774,13.599,,,,,4558.72,3.07,2244.569,1.511,-428.193,-0.288
21/07/2025,2025-07-21,68,[15:45-16:00[,2025-07-21 14:45,1490.757,26637.694,17.869,20195.774,13.547,,,,,4558.72,3.058,2469.282,1.656,-586.081,-0.393
21/07/2025,2025-07-21,69,[16:00-16:15[,2025-07-21 15:00,1491.936,27800.376,18.634,18284.562,12.256,,,,,6518.2,4.369,2416.384,1.62,581.231,0.39
21/07/2025,2025-07-21,70,[16:15-16:30[,2025-07-21 15:15,1493.428,27965.556,18.726,18284.562,12.243,,,,,6440.46,4.313,2225.089,1.49,1015.445,0.68
21/07/2025,2025-07-21,71,[16:30-16:45[,2025-07-21 15:30,1505.09,27200.946,18.073,18284.562,12.148,,,,,6440.46,4.279,2470.188,1.641,5.737,0.004
21/07/2025,2025-07-21,72,[16:45-17:00[,2025-07-21 15:45,1496.364,26485.57,17.7,18284.562,12.219,,,,,6440.46,4.304,1611.608,1.077,148.94,0.1
21/07/2025,2025-07-21,73,[17:00-17:15[,2025-07-21 16:00,1485.961,26642.271,17.929,17921.572,12.061,,,,,7120.086,4.792,1433.776,0.965,166.838,0.112
21/07/2025,2025-07-21,74,[17:15-17:30[,2025-07-21 16:15,1492.091,25259.997,16.929,17921.572,12.011,,,,,7090.16,4.752,1386.384,0.929,-1138.118,-0.763
21/07/2025,2025-07-21,75,[17:30-17:45[,2025-07-21 16:30,1504.92,24553.307,16.315,17921.572,11.909,,,,,6898.92,4.584,1401.779,0.931,-1668.964,-1.109
21/07/2025,2025-07-21,76,[17:45-18:00[,2025-07-21 16:45,1519.709,26499.148,17.437,17921.572,11.793,,,,,6898.92,4.54,1409.022,0.927,269.635,0.177
21/07/2025,2025-07-21,77,[18:00-18:15[,2025-07-21 17:00,1520.184,19032.738,12.52,14520.098,9.552,,,,,3694.68,2.43,1419.475,0.934,-601.516,-0.396
21/07/2025,2025-07-21,78,[18:15-18:30[,2025-07-21 17:15,1543.577,20169.248,13.067,14520.098,9.407,,,,,3843.96,2.49,1431,0.927,374.19,0.242
21/07/2025,2025-07-21,79,[18:30-18:45[,2025-07-21 17:30,1576.401,19766.956,12.539,14520.098,9.211,,,,,3843.96,2.438,1414.579,0.897,-11.68,-0.007
21/07/2025,2025-07-21,80,[18:45-19:00[,2025-07-21 17:45,1602.809,20133.629,12.561,14520.098,9.059,,,,,3526.4,2.2,1423.76,0.888,663.37,0.414
21/07/2025,2025-07-21,81,[19:00-19:15[,2025-07-21 18:00,1629.291,6629.515,4.069,4670.084,2.866,,,,,4556.86,2.797,1454.729,0.893,-4052.158,-2.487
21/07/2025,2025-07-21,82,[19:15-19:30[,2025-07-21 18:15,1661.314,8506.383,5.12,4670.084,2.811,,,,,2894.44,1.742,1463.762,0.881,-521.903,-0.314
21/07/2025,2025-07-21,83,[19:30-19:45[,2025-07-21 18:30,1692.27,6816.878,4.028,4670.084,2.76,,,,,4497.68,2.658,1505.88,0.89,-3856.766,-2.279
21/07/2025,2025-07-21,84,[19:45-20:00[,2025-07-21 18:45,1718.803,9755.946,5.676,4670.084,2.717,,,,,4556.86,2.651,1580.863,0.92,-1051.861,-0.612
21/07/2025,2025-07-21,85,[20:00-20:15[,2025-07-21 19:00,1729.093,-1426.294,-0.825,2648.37,1.532,,,,,2138.16,1.237,1667.558,0.964,-7880.382,-4.558
21/07/2025,2025-07-21,86,[20:15-20:30[,2025-07-21 19:15,1724.847,198.065,0.115,2648.37,1.535,,,,,2138.16,1.24,1602.019,0.929,-6190.484,-3.589
21/07/2025,2025-07-21,87,[20:30-20:45[,2025-07-21 19:30,1717.167,4389.048,2.556,2648.37,1.542,,,,,2138.16,1.245,1589.698,0.926,-1987.18,-1.157
21/07/2025,2025-07-21,88,[20:45-21:00[,2025-07-21 19:45,1710.4,4755.714,2.78,2648.37,1.548,,,,,2138.16,1.25,1488.785,0.87,-1519.6,-0.888
21/07/2025,2025-07-21,89,[21:00-21:15[,2025-07-21 20:00,1716.275,7785.461,4.536,4737.317,2.76,,,,,2381.96,1.388,1579.594,0.92,-913.41,-0.532
21/07/2025,2025-07-21,90,[21:15-21:30[,2025-07-21 20:15,1728.612,7194.896,4.162,4737.317,2.741,,,,,2381.96,1.378,1623.842,0.939,-1548.223,-0.896
21/07/2025,2025-07-21,91,[21:30-21:45[,2025-07-21 20:30,1706.002,6628.658,3.885,4737.317,2.777,,,,,2381.96,1.396,1614.982,0.947,-2105.602,-1.234
21/07/2025,2025-07-21,92,[21:45-22:00[,2025-07-21 20:45,1679.117,7298.552,4.347,4737.317,2.821,,,,,2381.96,1.419,1593.851,0.949,-1414.576,-0.842
21/07/2025,2025-07-21,93,[22:00-22:15[,2025-07-21 21:00,1651.312,8655.745,5.242,5268.21,3.19,,,,,1972.2,1.194,1577.105,0.955,-161.769,-0.098
21/07/2025,2025-07-21,94,[22:15-22:30[,2025-07-21 21:15,1619.927,8367.274,5.165,5268.21,3.252,,,,,1972.2,1.217,1698.065,1.048,-571.2,-0.353
21/07/2025,2025-07-21,95,[22:30-22:45[,2025-07-21 21:30,1586.139,8034.839,5.066,5268.21,3.321,,,,,1972.2,1.243,1595.297,1.006,-800.868,-0.505
21/07/2025,2025-07-21,96,[22:45-23:00[,2025-07-21 21:45,1550.151,9540.718,6.155,5268.21,3.399,,,,,1886.7,1.217,1638.753,1.057,747.054,0.482
22/07/2025,2025-07-22,1,[23:00-23:15[,2025-07-21 22:00,1530.77,8194.704,5.353,6068.647,3.964,,,,,3336.84,2.18,2554.517,1.669,-3765.301,-2.46
22/07/2025,2025-07-22,2,[23:15-23:30[,2025-07-21 22:15,1494.568,10354.192,6.928,6068.647,4.06,,,,,3336.84,2.233,2538.306,1.698,-1589.601,-1.064
22/07/2025,2025-07-22,3,[23:30-23:45[,2025-07-21 22:30,1464.328,11024.846,7.529,6068.647,4.144,,,,,3336.84,2.279,2678.931,1.829,-1059.572,-0.724
22/07/2025,2025-07-22,4,[23:45-00:00[,2025-07-21 22:45,1418.796,11040.741,7.782,6068.647,4.277,,,,,3088.64,2.177,2329.957,1.642,-446.503,-0.315
22/07/2025,2025-07-22,5,[00:00-00:15[,2025-07-21 23:00,1396.001,10709.874,7.672,6086.074,4.36,,,,,2703.22,1.936,2756.095,1.974,-835.515,-0.599
22/07/2025,2025-07-22,6,[00:15-00:30[,2025-07-21 23:15,1375.944,9965.143,7.242,6086.074,4.423,,,,,2703.22,1.965,2740.687,1.992,-1564.838,-1.137
22/07/2025,2025-07-22,7,[00:30-00:45[,2025-07-21 23:30,1344.117,10586.413,7.876,6086.074,4.528,,,,,2703.22,2.011,2406.51,1.79,-609.391,-0.453
22/07/2025,2025-07-22,8,[00:45-01:00[,2025-07-21 23:45,1327.232,10128.421,7.631,6086.074,4.586,,,,,2703.22,2.037,2748.319,2.071,-1409.192,-1.062
22/07/2025,2025-07-22,9,[01:00-01:15[,2025-07-22 00:00,1308.952,15526.289,11.862,12126.084,9.264,,,,,1295.4,0.99,2775.39,2.12,-670.584,-0.512
22/07/2025,2025-07-22,10,[01:15-01:30[,2025-07-22 00:15,1283.545,15226.358,11.863,12126.084,9.447,,,,,1295.4,1.009,2409.486,1.877,-604.611,-0.471
22/07/2025,2025-07-22,11,[01:30-01:45[,2025-07-22 00:30,1270.298,15328.285,12.067,12126.084,9.546,,,,,1295.4,1.02,2734.877,2.153,-828.076,-0.652
22/07/2025,2025-07-22,12,[01:45-02:00[,2025-07-22 00:45,1250.255,15180.099,12.142,12126.084,9.699,,,,,1295.4,1.036,2470.078,1.976,-711.463,-0.569
22/07/2025,2025-07-22,13,[02:00-02:15[,2025-07-22 01:00,1242.948,15281.228,12.294,12123.214,9.754,,,,,1504.3,1.21,2641.973,2.126,-988.259,-0.795
22/07/2025,2025-07-22,14,[02:15-02:30[,2025-07-22 01:15,1246.894,14738.648,11.82,12123.214,9.723,,,,,1504.3,1.206,2780.192,2.23,-1669.058,-1.339
22/07/2025,2025-07-22,15,[02:30-02:45[,2025-07-22 01:30,1230.157,13987.096,11.37,12123.214,9.855,,,,,1504.3,1.223,2482.655,2.018,-2123.073,-1.726
22/07/2025,2025-07-22,16,[02:45-03:00[,2025-07-22 01:45,1228.971,15166.077,12.34,12123.214,9.865,,,,,1504.3,1.224,2777.601,2.26,-1239.038,-1.008
22/07/2025,2025-07-22,17,[03:00-03:15[,2025-07-22 02:00,1224.199,15342.275,12.533,13181.49,10.767,,,,,1355.2,1.107,2733.24,2.233,-1927.655,-1.575
22/07/2025,2025-07-22,18,[03:15-03:30[,2025-07-22 02:15,1210.935,15029.586,12.412,13181.49,10.885,,,,,1355.2,1.119,2468.014,2.038,-1975.118,-1.631
22/07/2025,2025-07-22,19,[03:30-03:45[,2025-07-22 02:30,1209.781,15161.828,12.533,13181.49,10.896,,,,,1355.2,1.12,2654.47,2.194,-2029.332,-1.677
22/07/2025,2025-07-22,20,[03:45-04:00[,2025-07-22 02:45,1204.183,17060.937,14.168,13181.49,10.946,,,,,1355.2,1.125,2719.83,2.259,-195.583,-0.162
22/07/2025,2025-07-22,21,[04:00-04:15[,2025-07-22 03:00,1199.223,11365.709,9.478,11023.253,9.192,,,,,1577.8,1.316,2504.595,2.089,-3739.939,-3.119
22/07/2025,2025-07-22,22,[04:15-04:30[,2025-07-22 03:15,1200.589,12831.808,10.688,11023.253,9.182,,,,,1621.9,1.351,2750.052,2.291,-2563.396,-2.135
22/07/2025,2025-07-22,23,[04:30-04:45[,2025-07-22 03:30,1195.113,12962.726,10.846,11023.253,9.224,,,,,1812.72,1.517,2523.313,2.111,-2396.56,-2.005
22/07/2025,2025-07-22,24,[04:45-05:00[,2025-07-22 03:45,1202.069,13423.183,11.167,11023.253,9.17,,,,,1812.72,1.508,2738.189,2.278,-2150.979,-1.789
22/07/2025,2025-07-22,25,[05:00-05:15[,2025-07-22 04:00,1213.566,6644.466,5.475,6098.597,5.025,,,,,2116.8,1.744,2721.019,2.242,-4291.949,-3.537
22/07/2025,2025-07-22,26,[05:15-05:30[,2025-07-22 04:15,1213.872,9516.148,7.839,6098.597,5.024,,,,,2304.18,1.898,2464.093,2.03,-1350.721,-1.113
22/07/2025,2025-07-22,27,[05:30-05:45[,2025-07-22 04:30,1229.119,9230.54,7.51,6098.597,4.962,,,,,2304.18,1.875,2767.99,2.252,-1940.227,-1.579
22/07/2025,2025-07-22,28,[05:45-06:00[,2025-07-22 04:45,1233.772,8153.481,6.609,6098.597,4.943,,,,,2405.16,1.949,2752.666,2.231,-3102.941,-2.515
22/07/2025,2025-07-22,29,[06:00-06:15[,2025-07-22 05:00,1249.776,10884.439,8.709,5771.039,4.618,,,,,3722.88,2.979,2364.087,1.892,-973.567,-0.779
22/07/2025,2025-07-22,30,[06:15-06:30[,2025-07-22 05:15,1261.577,11732.279,9.3,5771.039,4.574,,,,,3722.88,2.951,2673.574,2.119,-435.213,-0.345
22/07/2025,2025-07-22,31,[06:30-06:45[,2025-07-22 05:30,1281.221,10693.649,8.346,5771.039,4.504,,,,,3722.88,2.906,2633.375,2.055,-1433.644,-1.119
22/07/2025,2025-07-22,32,[06:45-07:00[,2025-07-22 05:45,1302.979,12070.959,9.264,5771.039,4.429,,,,,3368.32,2.585,2733.286,2.098,198.314,0.152
22/07/2025,2025-07-22,33,[07:00-07:15[,2025-07-22 06:00,1358.53,14828.032,10.915,10599.75,7.802,,,,,3416.34,2.515,2798.239,2.06,-1986.297,-1.462
22/07/2025,2025-07-22,34,[07:15-07:30[,2025-07-22 06:15,1383.529,15548.902,11.239,10599.75,7.661,,,,,3173.76,2.294,2494.483,1.803,-719.091,-0.52
22/07/2025,2025-07-22,35,[07:30-07:45[,2025-07-22 06:30,1419.851,18350.51,12.924,10599.75,7.465,,,,,3040,2.141,2796.982,1.97,1913.778,1.348
22/07/2025,2025-07-22,36,[07:45-08:00[,2025-07-22 06:45,1454.5,18330.73,12.603,10599.75,7.288,,,,,3265.02,2.245,2747.834,1.889,1718.126,1.181
22/07/2025,2025-07-22,37,[08:00-08:15[,2025-07-22 07:00,1504.448,19370.691,12.876,13540.735,9,,,,,2840,1.888,2420.138,1.609,569.818,0.379
22/07/2025,2025-07-22,38,[08:15-08:30[,2025-07-22 07:15,1549.46,17775.075,11.472,13540.735,8.739,,,,,2840,1.833,2555.487,1.649,-1161.146,-0.749
22/07/2025,2025-07-22,39,[08:30-08:45[,2025-07-22 07:30,1570.327,17445.503,11.109,13540.735,8.623,,,,,5435.76,3.462,2298.42,1.464,-3829.412,-2.439
22/07/2025,2025-07-22,40,[08:45-09:00[,2025-07-22 07:45,1587.902,17222.99,10.846,13540.735,8.527,,,,,5792.04,3.648,2472.478,1.557,-4582.263,-2.886
22/07/2025,2025-07-22,41,[09:00-09:15[,2025-07-22 08:00,1607.707,22447.479,13.962,15105.838,9.396,,,,,4797.94,2.984,2470.617,1.537,73.085,0.045
22/07/2025,2025-07-22,42,[09:15-09:30[,2025-07-22 08:15,1600.947,21360.803,13.343,15105.838,9.436,,,,,4797.94,2.997,2322.772,1.451,-865.747,-0.541
22/07/2025,2025-07-22,43,[09:30-09:45[,2025-07-22 08:30,1600.592,23384.346,14.61,15105.838,9.438,,,,,4797.94,2.998,2578.955,1.611,901.613,0.563
22/07/2025,2025-07-22,44,[09:45-10:00[,2025-07-22 08:45,1596.132,34773.083,21.786,15105.838,9.464,,,,,4935.024,3.092,2619.698,1.641,12112.524,7.589
22/07/2025,2025-07-22,45,[10:00-10:15[,2025-07-22 09:00,1577.75,22117.247,14.018,15450.173,9.793,,,,,4702.44,2.98,2217.95,1.406,-253.316,-0.161
22/07/2025,2025-07-22,46,[10:15-10:30[,2025-07-22 09:15,1589.955,22649.149,14.245,15450.173,9.717,,,,,4702.44,2.958,2541.694,1.599,-45.158,-0.028
22/07/2025,2025-07-22,47,[10:30-10:45[,2025-07-22 09:30,1589.185,22966.44,14.452,15450.173,9.722,,,,,4702.44,2.959,2585.521,1.627,228.305,0.144
22/07/2025,2025-07-22,48,[10:45-11:00[,2025-07-22 09:45,1583.665,22610.162,14.277,15450.173,9.756,,,,,4702.44,2.969,2537.293,1.602,-79.744,-0.05
22/07/2025,2025-07-22,49,[11:00-11:15[,2025-07-22 10:00,1582.961,21891.829,13.83,15442.289,9.755,,,,,3903.768,2.466,2481.832,1.568,63.94,0.04
22/07/2025,2025-07-22,50,[11:15-11:30[,2025-07-22 10:15,1572.52,19639.137,12.489,15442.289,9.82,,,,,3903.768,2.482,2080.693,1.323,-1787.613,-1.137
22/07/2025,2025-07-22,51,[11:30-11:45[,2025-07-22 10:30,1578.949,21515.895,13.627,15442.289,9.78,,,,,3903.768,2.472,2414.48,1.529,-244.642,-0.155
22/07/2025,2025-07-22,52,[11:45-12:00[,2025-07-22 10:45,1586.583,21452.678,13.521,15442.289,9.733,,,,,3903.768,2.46,2382.217,1.501,-275.596,-0.174
22/07/2025,2025-07-22,53,[12:00-12:15[,2025-07-22 11:00,1560.866,22013.148,14.103,16494.216,10.567,,,,,3798.582,2.434,1909.819,1.224,-189.469,-0.121
22/07/2025,2025-07-22,54,[12:15-12:30[,2025-07-22 11:15,1557.299,22481.708,14.436,16494.216,10.592,,,,,3724.768,2.392,2232.403,1.434,30.321,0.019
22/07/2025,2025-07-22,55,[12:30-12:45[,2025-07-22 11:30,1527.619,22264.444,14.575,16494.216,10.797,,,,,3724.768,2.438,2201.19,1.441,-155.729,-0.102
22/07/2025,2025-07-22,56,[12:45-13:00[,2025-07-22 11:45,1511.71,22365.598,14.795,16494.216,10.911,,,,,3815.616,2.524,1993.18,1.318,62.586,0.041
22/07/2025,2025-07-22,57,[13:00-13:15[,2025-07-22 12:00,1512.391,21880.848,14.468,16516.821,10.921,,,,,3649.896,2.413,2237.816,1.48,-523.685,-0.346
22/07/2025,2025-07-22,58,[13:15-13:30[,2025-07-22 12:15,1508.67,21928.137,14.535,16516.821,10.948,,,,,3537.936,2.345,2079.243,1.378,-205.862,-0.136
22/07/2025,2025-07-22,59,[13:30-13:45[,2025-07-22 12:30,1533.848,22723.086,14.814,16516.821,10.768,,,,,3537.936,2.307,2360.828,1.539,307.502,0.2
22/07/2025,2025-07-22,60,[13:45-14:00[,2025-07-22 12:45,1539.612,21411.312,13.907,16516.821,10.728,,,,,3778.65,2.454,2361.922,1.534,-1246.08,-0.809
22/07/2025,2025-07-22,61,[14:00-14:15[,2025-07-22 13:00,1557.499,22489.151,14.439,16561.357,10.633,,,,,3794.374,2.436,2076.495,1.333,56.925,0.037
22/07/2025,2025-07-22,62,[14:15-14:30[,2025-07-22 13:15,1570.767,22510.312,14.331,16561.357,10.543,,,,,3805.65,2.423,2343.105,1.492,-199.8,-0.127
22/07/2025,2025-07-22,63,[14:30-14:45[,2025-07-22 13:30,1577.296,22547.9,14.295,16561.357,10.5,,,,,3929.686,2.491,2372.997,1.504,-316.14,-0.2
22/07/2025,2025-07-22,64,[14:45-15:00[,2025-07-22 13:45,1578.602,22435.467,14.212,16561.357,10.491,,,,,4098.826,2.596,2276.08,1.442,-500.795,-0.317
22/07/2025,2025-07-22,65,[15:00-15:15[,2025-07-22 14:00,1583.098,23808.624,15.039,17088.317,10.794,,,,,4003.668,2.529,2453.131,1.55,263.508,0.166
22/07/2025,2025-07-22,66,[15:15-15:30[,2025-07-22 14:15,1587.328,21828.602,13.752,17088.317,10.765,,,,,4003.668,2.522,2324.167,1.464,-1587.549,-1
22/07/2025,2025-07-22,67,[15:30-15:45[,2025-07-22 14:30,1596.093,21632.654,13.554,17088.317,10.706,,,,,4199.04,2.631,2544.256,1.594,-2198.959,-1.378
22/07/2025,2025-07-22,68,[15:45-16:00[,2025-07-22 14:45,1604.412,22156.138,13.81,17088.317,10.651,,,,,4199.04,2.617,2593.617,1.617,-1724.835,-1.075
22/07/2025,2025-07-22,69,[16:00-16:15[,2025-07-22 15:00,1594.694,22131.693,13.878,16479.228,10.334,,,,,5332.8,3.344,2442.817,1.532,-2123.152,-1.331
22/07/2025,2025-07-22,70,[16:15-16:30[,2025-07-22 15:15,1606.638,23043.27,14.343,16479.228,10.257,,,,,5332.8,3.319,2533.625,1.577,-1302.383,-0.811
22/07/2025,2025-07-22,71,[16:30-16:45[,2025-07-22 15:30,1616.238,23286.805,14.408,16479.228,10.196,,,,,5332.8,3.3,2398.177,1.484,-923.4,-0.571
22/07/2025,2025-07-22,72,[16:45-17:00[,2025-07-22 15:45,1629.186,23202.225,14.242,16479.228,10.115,,,,,5332.8,3.273,2643.568,1.623,-1253.371,-0.769
22/07/2025,2025-07-22,73,[17:00-17:15[,2025-07-22 16:00,1619.941,19218.881,11.864,14634.267,9.034,,,,,5117.676,3.159,2676.69,1.652,-3209.752,-1.981
22/07/2025,2025-07-22,74,[17:15-17:30[,2025-07-22 16:15,1614.696,19484.15,12.067,14634.267,9.063,,,,,4515.954,2.797,2259.249,1.399,-1925.32,-1.192
22/07/2025,2025-07-22,75,[17:30-17:45[,2025-07-22 16:30,1631.357,20109.886,12.327,14634.267,8.971,,,,,4472.28,2.741,2626.851,1.61,-1623.512,-0.995
22/07/2025,2025-07-22,76,[17:45-18:00[,2025-07-22 16:45,1648.305,17935.056,10.881,14634.267,8.878,,,,,4472.28,2.713,2597.323,1.576,-3768.814,-2.286
22/07/2025,2025-07-22,77,[18:00-18:15[,2025-07-22 17:00,1647.387,14565.094,8.841,12522.235,7.601,,,,,2099.52,1.274,2737.69,1.662,-2794.351,-1.696
22/07/2025,2025-07-22,78,[18:15-18:30[,2025-07-22 17:15,1658.083,11572.903,6.98,12522.235,7.552,,,,,2099.52,1.266,2732.246,1.648,-5781.098,-3.487
22/07/2025,2025-07-22,79,[18:30-18:45[,2025-07-22 17:30,1681.02,12054.324,7.171,12522.235,7.449,,,,,1854,1.103,2494.585,1.484,-4816.495,-2.865
22/07/2025,2025-07-22,80,[18:45-19:00[,2025-07-22 17:45,1715.862,17482.455,10.189,12522.235,7.298,,,,,1854,1.081,2713.351,1.581,392.87,0.229
22/07/2025,2025-07-22,81,[19:00-19:15[,2025-07-22 18:00,1716.696,8531.767,4.97,3904.596,2.274,,,,,2710,1.579,1667.254,0.971,249.917,0.146
22/07/2025,2025-07-22,82,[19:15-19:30[,2025-07-22 18:15,1737.64,8167.046,4.7,3904.596,2.247,,,,,2710,1.56,1702.802,0.98,-150.352,-0.087
22/07/2025,2025-07-22,83,[19:30-19:45[,2025-07-22 18:30,1762.56,4532.284,2.571,3904.596,2.215,,,,,2715.42,1.541,1684.837,0.956,-3772.568,-2.14
22/07/2025,2025-07-22,84,[19:45-20:00[,2025-07-22 18:45,1783.607,5622.968,3.153,3904.596,2.189,,,,,2805.6,1.573,1696.261,0.951,-2783.488,-1.561
22/07/2025,2025-07-22,85,[20:00-20:15[,2025-07-22 19:00,1792.619,-1836.335,-1.024,1768.763,0.987,,,,,1733.16,0.967,1648.141,0.919,-6986.399,-3.897
22/07/2025,2025-07-22,86,[20:15-20:30[,2025-07-22 19:15,1779.577,4306.309,2.42,1768.763,0.994,,,,,1733.16,0.974,1654.133,0.93,-849.747,-0.477
22/07/2025,2025-07-22,87,[20:30-20:45[,2025-07-22 19:30,1766.851,3672.014,2.078,1768.763,1.001,,,,,1733.16,0.981,1658.1,0.938,-1488.01,-0.842
22/07/2025,2025-07-22,88,[20:45-21:00[,2025-07-22 19:45,1761.194,3623.465,2.057,1768.763,1.004,,,,,1733.16,0.984,1712.636,0.972,-1591.094,-0.903
22/07/2025,2025-07-22,89,[21:00-21:15[,2025-07-22 20:00,1762.907,5827.591,3.306,2945.451,1.671,,,,,1782,1.011,1690.83,0.959,-590.69,-0.335
22/07/2025,2025-07-22,90,[21:15-21:30[,2025-07-22 20:15,1767.727,5319.124,3.009,2945.451,1.666,,,,,1782,1.008,1662.449,0.94,-1070.776,-0.606
22/07/2025,2025-07-22,91,[21:30-21:45[,2025-07-22 20:30,1739.504,5567.61,3.201,2945.451,1.693,,,,,1782,1.024,1539.664,0.885,-699.505,-0.402
22/07/2025,2025-07-22,92,[21:45-22:00[,2025-07-22 20:45,1708.454,5561.668,3.255,2945.451,1.724,,,,,1782,1.043,1631.812,0.955,-797.595,-0.467
22/07/2025,2025-07-22,93,[22:00-22:15[,2025-07-22 21:00,1682.061,4643.696,2.761,3984.28,2.369,,,,,1630.9,0.97,1686.528,1.003,-2658.012,-1.58
22/07/2025,2025-07-22,94,[22:15-22:30[,2025-07-22 21:15,1648.048,5044.56,3.061,3984.28,2.418,,,,,1630.9,0.99,1681.619,1.02,-2252.239,-1.367
22/07/2025,2025-07-22,95,[22:30-22:45[,2025-07-22 21:30,1614.958,4505.449,2.79,3984.28,2.467,,,,,1630.9,1.01,1685.035,1.043,-2794.766,-1.731
22/07/2025,2025-07-22,96,[22:45-23:00[,2025-07-22 21:45,1575.37,7080.147,4.494,3984.28,2.529,,,,,1630.9,1.035,1620.279,1.029,-155.312,-0.099
23/07/2025,2025-07-23,1,[23:00-23:15[,2025-07-22 22:00,1553.465,11561.819,7.443,4607.476,2.966,,,,,2879,1.853,2632.484,1.695,1442.86,0.929
23/07/2025,2025-07-23,2,[23:15-23:30[,2025-07-22 22:15,1524.991,14402.078,9.444,4607.476,3.021,,,,,2879,1.888,2812.684,1.844,4102.919,2.69
23/07/2025,2025-07-23,3,[23:30-23:45[,2025-07-22 22:30,1489.377,13017.643,8.74,4607.476,3.094,,,,,3040,2.041,2753.194,1.849,2616.973,1.757
23/07/2025,2025-07-23,4,[23:45-00:00[,2025-07-22 22:45,1449.253,14403.009,9.938,4607.476,3.179,,,,,3040,2.098,2695.89,1.86,4059.643,2.801
23/07/2025,2025-07-23,5,[00:00-00:15[,2025-07-22 23:00,1427.168,11573.873,8.11,6755.476,4.733,,,,,2267.28,1.589,2917.004,2.044,-365.886,-0.256
23/07/2025,2025-07-23,6,[00:15-00:30[,2025-07-22 23:15,1403.007,10388.622,7.405,6755.476,4.815,,,,,2267.28,1.616,2847.92,2.03,-1482.053,-1.056
23/07/2025,2025-07-23,7,[00:30-00:45[,2025-07-22 23:30,1376.862,11312.381,8.216,6755.476,4.906,,,,,2267.28,1.647,2586.992,1.879,-297.367,-0.216
23/07/2025,2025-07-23,8,[00:45-01:00[,2025-07-22 23:45,1362.613,11077.876,8.13,6755.476,4.958,,,,,2267.28,1.664,2892.38,2.123,-837.26,-0.614
23/07/2025,2025-07-23,9,[01:00-01:15[,2025-07-23 00:00,1337.776,11677.529,8.729,8617.819,6.442,,,,,1656.2,1.238,2714.783,2.029,-1311.274,-0.98
23/07/2025,2025-07-23,10,[01:15-01:30[,2025-07-23 00:15,1316.929,10555.545,8.015,8617.819,6.544,,,,,1470,1.116,2742.185,2.082,-2274.459,-1.727
23/07/2025,2025-07-23,11,[01:30-01:45[,2025-07-23 00:30,1298.707,12424.499,9.567,8617.819,6.636,,,,,1470,1.132,2818.965,2.171,-482.285,-0.371
23/07/2025,2025-07-23,12,[01:45-02:00[,2025-07-23 00:45,1276.969,13832.844,10.833,8617.819,6.749,,,,,1470,1.151,2546.803,1.994,1198.221,0.938
23/07/2025,2025-07-23,13,[02:00-02:15[,2025-07-23 01:00,1267.062,10910.925,8.611,8617.363,6.801,,,,,1470,1.16,2820.508,2.226,-1996.946,-1.576
23/07/2025,2025-07-23,14,[02:15-02:30[,2025-07-23 01:15,1261.065,12686.713,10.06,8617.363,6.833,,,,,1470,1.166,2867.034,2.274,-267.684,-0.212
23/07/2025,2025-07-23,15,[02:30-02:45[,2025-07-23 01:30,1246.448,11118.392,8.92,8617.363,6.914,,,,,1470,1.179,2436.343,1.955,-1405.314,-1.127
23/07/2025,2025-07-23,16,[02:45-03:00[,2025-07-23 01:45,1248.584,11438.092,9.161,8617.363,6.902,,,,,1484.7,1.189,2887.556,2.313,-1551.527,-1.243
23/07/2025,2025-07-23,17,[03:00-03:15[,2025-07-23 02:00,1236.853,11996.415,9.699,7886.803,6.377,,,,,1470,1.189,2680.747,2.167,-41.134,-0.033
23/07/2025,2025-07-23,18,[03:15-03:30[,2025-07-23 02:15,1236.513,10890.234,8.807,7886.803,6.378,,,,,1470,1.189,2866.774,2.318,-1333.343,-1.078
23/07/2025,2025-07-23,19,[03:30-03:45[,2025-07-23 02:30,1231.649,11976.057,9.724,7886.803,6.403,,,,,1484.7,1.205,2894.702,2.35,-290.147,-0.236
23/07/2025,2025-07-23,20,[03:45-04:00[,2025-07-23 02:45,1217.898,10133.589,8.321,7886.803,6.476,,,,,1631.7,1.34,2377.229,1.952,-1762.142,-1.447
23/07/2025,2025-07-23,21,[04:00-04:15[,2025-07-23 03:00,1227.526,11982.248,9.761,7889.148,6.427,,,,,1470,1.198,2897.561,2.36,-274.46,-0.224
23/07/2025,2025-07-23,22,[04:15-04:30[,2025-07-23 03:15,1221.442,13030.255,10.668,7889.148,6.459,,,,,1470,1.203,2828.165,2.315,842.942,0.69
23/07/2025,2025-07-23,23,[04:30-04:45[,2025-07-23 03:30,1211.84,10484.73,8.652,7889.148,6.51,,,,,1470,1.213,2654.643,2.191,-1529.06,-1.262
23/07/2025,2025-07-23,24,[04:45-05:00[,2025-07-23 03:45,1216.074,11959.368,9.834,7889.148,6.487,,,,,1690.5,1.39,2818.686,2.318,-438.966,-0.361
23/07/2025,2025-07-23,25,[05:00-05:15[,2025-07-23 04:00,1222.221,7499.633,6.136,6823.778,5.583,,,,,1749.3,1.431,2472.126,2.023,-3545.571,-2.901
23/07/2025,2025-07-23,26,[05:15-05:30[,2025-07-23 04:15,1235.985,11175.851,9.042,6823.778,5.521,,,,,1749.3,1.415,2889.193,2.338,-286.42,-0.232
23/07/2025,2025-07-23,27,[05:30-05:45[,2025-07-23 04:30,1244.233,11887.598,9.554,6823.778,5.484,,,,,2023.7,1.626,2847.156,2.288,192.964,0.155
23/07/2025,2025-07-23,28,[05:45-06:00[,2025-07-23 04:45,1247.813,9757.837,7.82,6823.778,5.469,,,,,2273.6,1.822,2659.942,2.132,-1999.483,-1.602
23/07/2025,2025-07-23,29,[06:00-06:15[,2025-07-23 05:00,1283.77,6277.583,4.89,3765.722,2.933,,,,,3825.18,2.98,2859.3,2.227,-4172.62,-3.25
23/07/2025,2025-07-23,30,[06:15-06:30[,2025-07-23 05:15,1294.046,7652.93,5.914,3765.722,2.91,,,,,3825.18,2.956,2880.91,2.226,-2818.882,-2.178
23/07/2025,2025-07-23,31,[06:30-06:45[,2025-07-23 05:30,1306.984,8739.115,6.686,3765.722,2.881,,,,,3825.18,2.927,2713.943,2.076,-1565.73,-1.198
23/07/2025,2025-07-23,32,[06:45-07:00[,2025-07-23 05:45,1331.693,9718.98,7.298,3765.722,2.828,,,,,3825.18,2.872,2926.604,2.198,-798.526,-0.6
23/07/2025,2025-07-23,33,[07:00-07:15[,2025-07-23 06:00,1376.521,14173.223,10.296,8491.934,6.169,,,,,4833.6,3.511,2735.539,1.987,-1887.85,-1.371
23/07/2025,2025-07-23,34,[07:15-07:30[,2025-07-23 06:15,1413.744,17460.426,12.35,8491.934,6.007,,,,,4833.6,3.419,2809.541,1.987,1325.351,0.937
23/07/2025,2025-07-23,35,[07:30-07:45[,2025-07-23 06:30,1453.14,14460.879,9.951,8491.934,5.844,,,,,4833.6,3.326,2913.263,2.005,-1777.918,-1.224
23/07/2025,2025-07-23,36,[07:45-08:00[,2025-07-23 06:45,1482.324,15043.446,10.149,8491.934,5.729,,,,,4833.6,3.261,2691.654,1.816,-973.742,-0.657
23/07/2025,2025-07-23,37,[08:00-08:15[,2025-07-23 07:00,1554.141,14648.52,9.425,9313.099,5.992,,,,,3716.4,2.391,2836.266,1.825,-1217.245,-0.783
23/07/2025,2025-07-23,38,[08:15-08:30[,2025-07-23 07:15,1598.122,15322.451,9.588,9313.099,5.828,,,,,3716.4,2.325,2715.38,1.699,-422.428,-0.264
23/07/2025,2025-07-23,39,[08:30-08:45[,2025-07-23 07:30,1618.503,13849.197,8.557,9313.099,5.754,,,,,3716.4,2.296,2691.45,1.663,-1871.752,-1.156
23/07/2025,2025-07-23,40,[08:45-09:00[,2025-07-23 07:45,1636.586,18077.162,11.046,9313.099,5.691,,,,,6298.5,3.849,2840.031,1.735,-374.468,-0.229
23/07/2025,2025-07-23,41,[09:00-09:15[,2025-07-23 08:00,1649.094,17119.966,10.381,9719.266,5.894,,,,,3295.36,1.998,2606.038,1.58,1499.302,0.909
23/07/2025,2025-07-23,42,[09:15-09:30[,2025-07-23 08:15,1653.412,16717.743,10.111,9719.266,5.878,,,,,3325.76,2.011,2771.044,1.676,901.673,0.545
23/07/2025,2025-07-23,43,[09:30-09:45[,2025-07-23 08:30,1643.969,24731.86,15.044,9719.266,5.912,,,,,5556.8,3.38,2731.624,1.662,6724.171,4.09
23/07/2025,2025-07-23,44,[09:45-10:00[,2025-07-23 08:45,1626.932,23792.242,14.624,9719.266,5.974,,,,,5556.8,3.416,2558.377,1.573,5957.8,3.662
23/07/2025,2025-07-23,45,[10:00-10:15[,2025-07-23 09:00,1614.034,21286.534,13.188,10544.788,6.533,,,,,6942.6,4.301,2806.825,1.739,992.321,0.615
23/07/2025,2025-07-23,46,[10:15-10:30[,2025-07-23 09:15,1610.187,22654.563,14.07,10544.788,6.549,,,,,6942.6,4.312,2686.869,1.669,2480.306,1.54
23/07/2025,2025-07-23,47,[10:30-10:45[,2025-07-23 09:30,1595.09,23404.341,14.673,10544.788,6.611,,,,,6942.6,4.352,2698.637,1.692,3218.317,2.018
23/07/2025,2025-07-23,48,[10:45-11:00[,2025-07-23 09:45,1584.452,21577.044,13.618,10544.788,6.655,,,,,6942.6,4.382,2658.129,1.678,1431.527,0.903
23/07/2025,2025-07-23,49,[11:00-11:15[,2025-07-23 10:00,1582.712,25064.692,15.837,11399.687,7.203,,,,,9916.48,6.265,2397.773,1.515,1350.753,0.853
23/07/2025,2025-07-23,50,[11:15-11:30[,2025-07-23 10:15,1587.443,23764.324,14.97,11399.687,7.181,,,,,9916.48,6.247,2667.682,1.68,-219.525,-0.138
23/07/2025,2025-07-23,51,[11:30-11:45[,2025-07-23 10:30,1586.544,28993.764,18.275,11399.687,7.185,,,,,9916.48,6.25,2672.868,1.685,5004.729,3.154
23/07/2025,2025-07-23,52,[11:45-12:00[,2025-07-23 10:45,1580.654,29328.184,18.554,11399.687,7.212,,,,,9916.48,6.274,2652.883,1.678,5359.134,3.39
23/07/2025,2025-07-23,53,[12:00-12:15[,2025-07-23 11:00,1562.167,29363.502,18.797,12425.282,7.954,,,,,7353,4.707,2581.227,1.652,7003.993,4.484
23/07/2025,2025-07-23,54,[12:15-12:30[,2025-07-23 11:15,1547.209,28847.077,18.645,12425.282,8.031,,,,,7353,4.752,2299.698,1.486,6769.096,4.375
23/07/2025,2025-07-23,55,[12:30-12:45[,2025-07-23 11:30,1528.169,30058.146,19.669,12425.282,8.131,,,,,7353,4.812,2577.084,1.686,7702.78,5.041
23/07/2025,2025-07-23,56,[12:45-13:00[,2025-07-23 11:45,1497.577,25182.786,16.816,12425.282,8.297,,,,,7353,4.91,2570.606,1.717,2833.898,1.892
23/07/2025,2025-07-23,57,[13:00-13:15[,2025-07-23 12:00,1486.906,20852.348,14.024,13450.894,9.046,,,,,6116.1,4.113,2376.214,1.598,-1090.86,-0.734
23/07/2025,2025-07-23,58,[13:15-13:30[,2025-07-23 12:15,1485.618,22204.793,14.947,13450.894,9.054,,,,,6116.1,4.117,2488.413,1.675,149.387,0.101
23/07/2025,2025-07-23,59,[13:30-13:45[,2025-07-23 12:30,1496.653,23984.006,16.025,13450.894,8.987,,,,,6116.1,4.087,2405.81,1.607,2011.202,1.344
23/07/2025,2025-07-23,60,[13:45-14:00[,2025-07-23 12:45,1502.22,23627.87,15.729,13450.894,8.954,,,,,6116.1,4.071,2597.285,1.729,1463.591,0.974
23/07/2025,2025-07-23,61,[14:00-14:15[,2025-07-23 13:00,1518.554,20170.752,13.283,13202.525,8.694,,,,,6897,4.542,2558.731,1.685,-2487.504,-1.638
23/07/2025,2025-07-23,62,[14:15-14:30[,2025-07-23 13:15,1521.387,22424.177,14.739,13202.525,8.678,,,,,6897,4.533,2388.165,1.57,-63.512,-0.042
23/07/2025,2025-07-23,63,[14:30-14:45[,2025-07-23 13:30,1518.3,23037.767,15.173,13202.525,8.696,,,,,6897,4.543,2604.793,1.716,333.45,0.22
23/07/2025,2025-07-23,64,[14:45-15:00[,2025-07-23 13:45,1508.292,21120.139,14.003,13202.525,8.753,,,,,6897,4.573,2439.814,1.618,-1419.199,-0.941
23/07/2025,2025-07-23,65,[15:00-15:15[,2025-07-23 14:00,1508.819,22555.498,14.949,13086.513,8.673,,,,,7444.2,4.934,2627.325,1.741,-602.539,-0.399
23/07/2025,2025-07-23,66,[15:15-15:30[,2025-07-23 14:15,1519.429,20599.669,13.558,13086.513,8.613,,,99.429,0.065,7444.2,4.899,2633.042,1.733,-2663.514,-1.753
23/07/2025,2025-07-23,67,[15:30-15:45[,2025-07-23 14:30,1513.71,20125.109,13.295,13086.513,8.645,,,,,7444.2,4.918,2420.15,1.599,-2825.754,-1.867
23/07/2025,2025-07-23,68,[15:45-16:00[,2025-07-23 14:45,1510.342,22096.331,14.63,13086.513,8.665,,,,,7444.2,4.929,2621.832,1.736,-1056.214,-0.699
23/07/2025,2025-07-23,69,[16:00-16:15[,2025-07-23 15:00,1509.905,18995.525,12.581,12500.474,8.279,,,,,9682.12,6.412,2638.31,1.747,-5825.379,-3.858
23/07/2025,2025-07-23,70,[16:15-16:30[,2025-07-23 15:15,1515.659,30703.946,20.258,12500.474,8.248,,,,,9682.12,6.388,2454.341,1.619,6067.012,4.003
23/07/2025,2025-07-23,71,[16:30-16:45[,2025-07-23 15:30,1533.767,31841.981,20.761,12500.474,8.15,,,,,9682.12,6.313,2469.704,1.61,7189.684,4.688
23/07/2025,2025-07-23,72,[16:45-17:00[,2025-07-23 15:45,1534.325,20429.321,13.315,12500.474,8.147,,,,,9682.12,6.31,2512.215,1.637,-4265.487,-2.78
23/07/2025,2025-07-23,73,[17:00-17:15[,2025-07-23 16:00,1532.332,25718.016,16.784,12333.438,8.049,,,,,10924.4,7.129,2591.782,1.691,-131.604,-0.086
23/07/2025,2025-07-23,74,[17:15-17:30[,2025-07-23 16:15,1542.187,25919.568,16.807,12333.438,7.997,,,,,10924.4,7.084,2668.61,1.73,-6.88,-0.004
23/07/2025,2025-07-23,75,[17:30-17:45[,2025-07-23 16:30,1547.891,24685.05,15.948,12333.438,7.968,,,,,10924.4,7.058,2532.001,1.636,-1104.789,-0.714
23/07/2025,2025-07-23,76,[17:45-18:00[,2025-07-23 16:45,1567.262,21989.56,14.031,12333.438,7.869,,,,,10924.4,6.97,2764.199,1.764,-4032.477,-2.573
23/07/2025,2025-07-23,77,[18:00-18:15[,2025-07-23 17:00,1564.346,15646.003,10.002,9596.375,6.134,,,,,4350.72,2.781,2471.653,1.58,-772.744,-0.494
23/07/2025,2025-07-23,78,[18:15-18:30[,2025-07-23 17:15,1592.612,17375.263,10.91,9596.375,6.026,,,,,4350.72,2.732,2759.672,1.733,668.495,0.42
23/07/2025,2025-07-23,79,[18:30-18:45[,2025-07-23 17:30,1617.313,13698.177,8.47,9596.375,5.934,,,,,3040,1.88,2606.425,1.612,-1544.624,-0.955
23/07/2025,2025-07-23,80,[18:45-19:00[,2025-07-23 17:45,1637.689,13638.472,8.328,9596.375,5.86,,,,,3040,1.856,1750.83,1.069,-748.732,-0.457
23/07/2025,2025-07-23,81,[19:00-19:15[,2025-07-23 18:00,1667.693,11872.967,7.119,6882.375,4.127,,,,,2700,1.619,1621.57,0.972,669.022,0.401
23/07/2025,2025-07-23,82,[19:15-19:30[,2025-07-23 18:15,1703.651,9763.336,5.731,6882.375,4.04,,,,,2700,1.585,1598.786,0.938,-1417.824,-0.832
23/07/2025,2025-07-23,83,[19:30-19:45[,2025-07-23 18:30,1730.479,9408.68,5.437,6882.375,3.977,,,,,2700,1.56,1601.772,0.926,-1775.467,-1.026
23/07/2025,2025-07-23,84,[19:45-20:00[,2025-07-23 18:45,1754.023,11593.882,6.61,6882.375,3.924,,,,,2700,1.539,1603.649,0.914,407.858,0.233
23/07/2025,2025-07-23,85,[20:00-20:15[,2025-07-23 19:00,1760.871,8294.005,4.71,3592.625,2.04,,,-11.25,-0.006,1729.56,0.982,1595.737,0.906,1387.333,0.788
23/07/2025,2025-07-23,86,[20:15-20:30[,2025-07-23 19:15,1751.673,6307.056,3.601,3592.625,2.051,,,,,1729.56,0.987,1594.242,0.91,-609.371,-0.348
23/07/2025,2025-07-23,87,[20:30-20:45[,2025-07-23 19:30,1741.565,5805.662,3.334,3592.625,2.063,,,,,1729.56,0.993,1607.959,0.923,-1124.483,-0.646
23/07/2025,2025-07-23,88,[20:45-21:00[,2025-07-23 19:45,1738.946,5906.024,3.396,3592.625,2.066,,,,,1729.56,0.995,1598.123,0.919,-1014.283,-0.583
23/07/2025,2025-07-23,89,[21:00-21:15[,2025-07-23 20:00,1741.771,6176.928,3.546,3605.834,2.07,,,,,1751.904,1.006,1557.653,0.894,-738.463,-0.424
23/07/2025,2025-07-23,90,[21:15-21:30[,2025-07-23 20:15,1751.098,6253.554,3.571,3605.834,2.059,,,,,1422.382,0.812,1592.478,0.909,-367.14,-0.21
23/07/2025,2025-07-23,91,[21:30-21:45[,2025-07-23 20:30,1728.234,5483.303,3.173,3605.834,2.086,,,,,1422.382,0.823,1530.82,0.886,-1075.733,-0.622
23/07/2025,2025-07-23,92,[21:45-22:00[,2025-07-23 20:45,1698.783,6019.125,3.543,3605.834,2.123,,,,,1437.056,0.846,1546.28,0.91,-570.045,-0.336
23/07/2025,2025-07-23,93,[22:00-22:15[,2025-07-23 21:00,1673.322,9594.48,5.734,6809.534,4.069,,,,,1736.784,1.038,1586.59,0.948,-538.427,-0.322
23/07/2025,2025-07-23,94,[22:15-22:30[,2025-07-23 21:15,1641.161,7006.435,4.269,6809.534,4.149,,,,,1673.28,1.02,1595.622,0.972,-3072.001,-1.872
23/07/2025,2025-07-23,95,[22:30-22:45[,2025-07-23 21:30,1611.025,10154.534,6.303,6809.534,4.227,,,,,1673.28,1.039,1626.666,1.01,45.055,0.028
23/07/2025,2025-07-23,96,[22:45-23:00[,2025-07-23 21:45,1576.19,11020.653,6.992,6809.534,4.32,,,,,1673.28,1.062,1550.081,0.983,987.759,0.627
24/07/2025,2025-07-24,1,[23:00-23:15[,2025-07-23 22:00,1552.167,12951.337,8.344,11721.663,7.552,,,84.825,0.055,1302,0.839,2480.099,1.598,-2637.249,-1.699
24/07/2025,2025-07-24,2,[23:15-23:30[,2025-07-23 22:15,1518.903,13187.337,8.682,11721.663,7.717,,,,,1302,0.857,2600.378,1.712,-2436.704,-1.604
24/07/2025,2025-07-24,3,[23:30-23:45[,2025-07-23 22:30,1485.113,14618.108,9.843,11721.663,7.893,,,,,1302,0.877,2680.787,1.805,-1086.342,-0.731
24/07/2025,2025-07-24,4,[23:45-00:00[,2025-07-23 22:45,1449.164,14617.914,10.087,11721.663,8.089,,,,,1302,0.898,2580.701,1.781,-986.45,-0.681
24/07/2025,2025-07-24,5,[00:00-00:15[,2025-07-23 23:00,1423.837,16706.155,11.733,13076.413,9.184,,,,,2098.08,1.474,2793.027,1.962,-1261.364,-0.886
24/07/2025,2025-07-24,6,[00:15-00:30[,2025-07-23 23:15,1402.978,17021.081,12.132,13076.413,9.32,,,,,2098.08,1.495,2776.899,1.979,-930.311,-0.663
24/07/2025,2025-07-24,7,[00:30-00:45[,2025-07-23 23:30,1372.466,17284.234,12.594,13076.413,9.528,,,,,2098.08,1.529,2788.371,2.032,-678.63,-0.494
24/07/2025,2025-07-24,8,[00:45-01:00[,2025-07-23 23:45,1351.171,15722.005,11.636,13076.413,9.678,,,,,2098.08,1.553,2761.225,2.044,-2213.713,-1.638
24/07/2025,2025-07-24,9,[01:00-01:15[,2025-07-24 00:00,1329.772,18559.339,13.957,15418.057,11.595,,,,,1470,1.105,2583.443,1.943,-912.161,-0.686
24/07/2025,2025-07-24,10,[01:15-01:30[,2025-07-24 00:15,1310.709,17712.076,13.513,15418.057,11.763,,,,,1470,1.122,2624.495,2.002,-1800.477,-1.374
24/07/2025,2025-07-24,11,[01:30-01:45[,2025-07-24 00:30,1298.118,18959.862,14.606,15418.057,11.877,,,,,1470,1.132,2784.29,2.145,-712.485,-0.549
24/07/2025,2025-07-24,12,[01:45-02:00[,2025-07-24 00:45,1275.467,17451.34,13.682,15418.057,12.088,,,,,1470,1.153,2394.341,1.877,-1831.057,-1.436
24/07/2025,2025-07-24,13,[02:00-02:15[,2025-07-24 01:00,1269.898,19197.91,15.118,16870.234,13.285,,,,,1754.2,1.381,2796.384,2.202,-2222.908,-1.75
24/07/2025,2025-07-24,14,[02:15-02:30[,2025-07-24 01:15,1258.227,20468.032,16.267,16870.234,13.408,,,,,1754.2,1.394,2719.795,2.162,-876.197,-0.696
24/07/2025,2025-07-24,15,[02:30-02:45[,2025-07-24 01:30,1250.563,20980.377,16.777,16870.234,13.49,,,,,1754.2,1.403,2795.719,2.236,-439.776,-0.352
24/07/2025,2025-07-24,16,[02:45-03:00[,2025-07-24 01:45,1242.647,21023.34,16.918,16870.234,13.576,,,,,1754.2,1.412,2780.788,2.238,-381.881,-0.307
24/07/2025,2025-07-24,17,[03:00-03:15[,2025-07-24 02:00,1232.001,21487.347,17.441,16898.274,13.716,,,,,2263.8,1.837,2629.639,2.134,-304.366,-0.247
24/07/2025,2025-07-24,18,[03:15-03:30[,2025-07-24 02:15,1229.171,21701.471,17.655,16898.274,13.748,,,,,2263.8,1.842,2753.608,2.24,-214.21,-0.174
24/07/2025,2025-07-24,19,[03:30-03:45[,2025-07-24 02:30,1221.053,21063.954,17.251,16898.274,13.839,,,,,2263.8,1.854,2620.536,2.146,-718.656,-0.589
24/07/2025,2025-07-24,20,[03:45-04:00[,2025-07-24 02:45,1223.414,20021.723,16.365,16898.274,13.812,,,,,2263.8,1.85,2797.132,2.286,-1937.482,-1.584
24/07/2025,2025-07-24,21,[04:00-04:15[,2025-07-24 03:00,1221.913,17513.831,14.333,15448.519,12.643,,,,,1705.2,1.396,2775.109,2.271,-2414.996,-1.976
24/07/2025,2025-07-24,22,[04:15-04:30[,2025-07-24 03:15,1212.156,17390.895,14.347,15448.519,12.745,,,,,1705.2,1.407,2622.876,2.164,-2385.7,-1.968
24/07/2025,2025-07-24,23,[04:30-04:45[,2025-07-24 03:30,1215.095,18491.434,15.218,15448.519,12.714,,,,,1705.2,1.403,2766.13,2.276,-1428.415,-1.176
24/07/2025,2025-07-24,24,[04:45-05:00[,2025-07-24 03:45,1212.088,18350.167,15.139,15448.519,12.745,,,,,1705.2,1.407,2692.729,2.222,-1496.281,-1.234
24/07/2025,2025-07-24,25,[05:00-05:15[,2025-07-24 04:00,1227.848,15797.122,12.866,11695.438,9.525,,,,,1911,1.556,2791.837,2.274,-601.152,-0.49
24/07/2025,2025-07-24,26,[05:15-05:30[,2025-07-24 04:15,1230.827,14223.121,11.556,11695.438,9.502,,,,,1911,1.553,2721.512,2.211,-2104.828,-1.71
24/07/2025,2025-07-24,27,[05:30-05:45[,2025-07-24 04:30,1230.595,15851.257,12.881,11695.438,9.504,,,,,1911,1.553,2595.704,2.109,-350.884,-0.285
24/07/2025,2025-07-24,28,[05:45-06:00[,2025-07-24 04:45,1243.001,16375.694,13.174,11695.438,9.409,,,,,1911,1.537,2797.132,2.25,-27.875,-0.022
24/07/2025,2025-07-24,29,[06:00-06:15[,2025-07-24 05:00,1271.889,14718.831,11.572,11508.066,9.048,,,,,3028.94,2.381,2502.441,1.967,-2320.615,-1.825
24/07/2025,2025-07-24,30,[06:15-06:30[,2025-07-24 05:15,1282.921,15789.883,12.308,11508.066,8.97,,,,,3028.94,2.361,2764.345,2.155,-1511.467,-1.178
24/07/2025,2025-07-24,31,[06:30-06:45[,2025-07-24 05:30,1303.738,14575.653,11.18,11508.066,8.827,,,,,3028.94,2.323,2750.523,2.11,-2711.875,-2.08
24/07/2025,2025-07-24,32,[06:45-07:00[,2025-07-24 05:45,1320.499,14139.953,10.708,11508.066,8.715,,,,,3028.94,2.294,2499.235,1.893,-2896.288,-2.193
24/07/2025,2025-07-24,33,[07:00-07:15[,2025-07-24 06:00,1376.327,31649.425,22.996,17426.488,12.662,,,,,9469.76,6.88,2782.763,2.022,1970.414,1.432
24/07/2025,2025-07-24,34,[07:15-07:30[,2025-07-24 06:15,1410.51,29387.803,20.835,17426.488,12.355,,,,,9469.76,6.714,2782.172,1.972,-290.617,-0.206
24/07/2025,2025-07-24,35,[07:30-07:45[,2025-07-24 06:30,1431.844,29351.453,20.499,17426.488,12.171,,,,,9469.76,6.614,2468.562,1.724,-13.356,-0.009
24/07/2025,2025-07-24,36,[07:45-08:00[,2025-07-24 06:45,1462.94,29682.89,20.29,17426.488,11.912,,,,,9469.76,6.473,2677.092,1.83,109.551,0.075
24/07/2025,2025-07-24,37,[08:00-08:15[,2025-07-24 07:00,1532.964,29878.062,19.49,21440.728,13.986,,,,,6914.56,4.511,2569.473,1.676,-1046.699,-0.683
24/07/2025,2025-07-24,38,[08:15-08:30[,2025-07-24 07:15,1566.862,30828.256,19.675,21440.728,13.684,,,,,6914.56,4.413,2645.644,1.688,-172.676,-0.11
24/07/2025,2025-07-24,39,[08:30-08:45[,2025-07-24 07:30,1584.498,28530.264,18.006,21440.728,13.532,,,,,6914.56,4.364,2664.987,1.682,-2490.011,-1.571
24/07/2025,2025-07-24,40,[08:45-09:00[,2025-07-24 07:45,1583.974,30520.055,19.268,21440.728,13.536,,,,,6914.56,4.365,2526.418,1.595,-361.651,-0.228
24/07/2025,2025-07-24,41,[09:00-09:15[,2025-07-24 08:00,1592.373,29610.04,18.595,22440.63,14.093,,,,,4788,3.007,2566.284,1.612,-184.874,-0.116
24/07/2025,2025-07-24,42,[09:15-09:30[,2025-07-24 08:15,1585.896,30665.144,19.336,22440.63,14.15,,,,,4788,3.019,2545.63,1.605,890.884,0.562
24/07/2025,2025-07-24,43,[09:30-09:45[,2025-07-24 08:30,1573.942,30357.98,19.288,22440.63,14.258,,,,,4788,3.042,2491.408,1.583,637.942,0.405
24/07/2025,2025-07-24,44,[09:45-10:00[,2025-07-24 08:45,1575.96,29968.11,19.016,22440.63,14.239,,,,,4788,3.038,2621.417,1.663,118.063,0.075
24/07/2025,2025-07-24,45,[10:00-10:15[,2025-07-24 09:00,1558.837,29105.543,18.671,22515.129,14.444,,,,,4350.8,2.791,2469.029,1.584,-229.414,-0.147
24/07/2025,2025-07-24,46,[10:15-10:30[,2025-07-24 09:15,1558.258,29550.854,18.964,22515.129,14.449,,,,,4350.8,2.792,2537.613,1.628,147.313,0.095
24/07/2025,2025-07-24,47,[10:30-10:45[,2025-07-24 09:30,1557.636,29858.519,19.169,22515.129,14.455,,,,,4350.8,2.793,2510.089,1.611,482.502,0.31
24/07/2025,2025-07-24,48,[10:45-11:00[,2025-07-24 09:45,1557.356,31047.907,19.936,22515.129,14.457,,,,,4350.8,2.794,2547.854,1.636,1634.125,1.049
24/07/2025,2025-07-24,49,[11:00-11:15[,2025-07-24 10:00,1565.383,29706.882,18.977,22516.54,14.384,,,,,4494.3,2.871,2514.86,1.607,181.182,0.116
24/07/2025,2025-07-24,50,[11:15-11:30[,2025-07-24 10:15,1559.897,29184.551,18.709,22516.54,14.435,,,,,4494.3,2.881,2129.829,1.365,43.881,0.028
24/07/2025,2025-07-24,51,[11:30-11:45[,2025-07-24 10:30,1564.424,30182.879,19.293,22516.54,14.393,,,,,4494.3,2.873,2436.419,1.557,735.619,0.47
24/07/2025,2025-07-24,52,[11:45-12:00[,2025-07-24 10:45,1567.634,30733.546,19.605,22516.54,14.363,,,,,4494.3,2.867,2442.138,1.558,1280.567,0.817
24/07/2025,2025-07-24,53,[12:00-12:15[,2025-07-24 11:00,1545.352,30254.89,19.578,22514.889,14.569,,,,,4476,2.896,2245.413,1.453,1018.588,0.659
24/07/2025,2025-07-24,54,[12:15-12:30[,2025-07-24 11:15,1540.402,31101.276,20.19,22514.889,14.616,,,,,4476,2.906,2292.006,1.488,1818.381,1.18
24/07/2025,2025-07-24,55,[12:30-12:45[,2025-07-24 11:30,1515.944,23311.373,15.377,22514.889,14.852,,,,,4476,2.953,2300.878,1.518,-5980.394,-3.945
24/07/2025,2025-07-24,56,[12:45-13:00[,2025-07-24 11:45,1503.492,31472.107,20.933,22514.889,14.975,,,,,4476,2.977,2324.501,1.546,2156.717,1.434
24/07/2025,2025-07-24,57,[13:00-13:15[,2025-07-24 12:00,1504.068,29503.945,19.616,22514.649,14.969,,,,,4490.64,2.986,2372.678,1.578,125.978,0.084
24/07/2025,2025-07-24,58,[13:15-13:30[,2025-07-24 12:15,1497.222,29386.899,19.628,22514.649,15.038,,,,,4490.64,2.999,2309.878,1.543,71.732,0.048
24/07/2025,2025-07-24,59,[13:30-13:45[,2025-07-24 12:30,1508.731,28427.702,18.842,22514.649,14.923,,,,,4490.64,2.976,2434.647,1.614,-1012.235,-0.671
24/07/2025,2025-07-24,60,[13:45-14:00[,2025-07-24 12:45,1508.295,28716.436,19.039,22514.649,14.927,,,,,4490.64,2.977,2271.71,1.506,-560.563,-0.372
24/07/2025,2025-07-24,61,[14:00-14:15[,2025-07-24 13:00,1523.833,29374.437,19.277,22516.957,14.777,,,,,4163.94,2.733,2401.525,1.576,292.015,0.192
24/07/2025,2025-07-24,62,[14:15-14:30[,2025-07-24 13:15,1533.896,29069.945,18.952,22516.957,14.68,,,,,4163.94,2.715,2379.522,1.551,9.527,0.006
24/07/2025,2025-07-24,63,[14:30-14:45[,2025-07-24 13:30,1533.63,28960.617,18.884,22516.957,14.682,,,,,4163.94,2.715,2377.612,1.55,-97.892,-0.064
24/07/2025,2025-07-24,64,[14:45-15:00[,2025-07-24 13:45,1541.136,29038.453,18.842,22516.957,14.611,,,,,4163.94,2.702,2401.524,1.558,-43.968,-0.029
24/07/2025,2025-07-24,65,[15:00-15:15[,2025-07-24 14:00,1530.59,28235.833,18.448,22516.82,14.711,,,,,4232.2,2.765,1283.681,0.839,203.131,0.133
24/07/2025,2025-07-24,66,[15:15-15:30[,2025-07-24 14:15,1535.758,31082.066,20.239,22516.82,14.662,,,,,4232.2,2.756,1332.145,0.867,3000.9,1.954
24/07/2025,2025-07-24,67,[15:30-15:45[,2025-07-24 14:30,1530.197,31259.981,20.429,22516.82,14.715,,,,,4232.2,2.766,1339.924,0.876,3171.037,2.072
24/07/2025,2025-07-24,68,[15:45-16:00[,2025-07-24 14:45,1538.731,39161.326,25.45,22516.82,14.633,,,,,4232.2,2.75,1313.185,0.853,11099.121,7.213
24/07/2025,2025-07-24,69,[16:00-16:15[,2025-07-24 15:00,1542.635,38364.6,24.87,22051.465,14.295,,,,,4210.32,2.729,1275.752,0.827,10827.063,7.019
24/07/2025,2025-07-24,70,[16:15-16:30[,2025-07-24 15:15,1551.879,27018.446,17.41,22051.465,14.21,,,,,4210.32,2.713,1285.383,0.828,-528.722,-0.341
24/07/2025,2025-07-24,71,[16:30-16:45[,2025-07-24 15:30,1564.536,27549.888,17.609,22051.465,14.095,,,,,4210.32,2.691,1298.581,0.83,-10.478,-0.007
24/07/2025,2025-07-24,72,[16:45-17:00[,2025-07-24 15:45,1570.811,27632.502,17.591,22051.465,14.038,,,,,4210.32,2.68,1290.997,0.822,79.721,0.051
24/07/2025,2025-07-24,73,[17:00-17:15[,2025-07-24 16:00,1572.565,28616.924,18.198,22051.465,14.023,,,,,4830.42,3.072,1310,0.833,425.039,0.27
24/07/2025,2025-07-24,74,[17:15-17:30[,2025-07-24 16:15,1582.048,27922.206,17.649,22051.465,13.939,,,,,4830.42,3.053,1334.477,0.844,-294.157,-0.186
24/07/2025,2025-07-24,75,[17:30-17:45[,2025-07-24 16:30,1591.214,27619.635,17.358,22051.465,13.858,,,,,4830.42,3.036,1353.622,0.851,-615.872,-0.387
24/07/2025,2025-07-24,76,[17:45-18:00[,2025-07-24 16:45,1610.826,28155.197,17.479,22051.465,13.69,,,,,4830.42,2.999,1451.088,0.901,-177.776,-0.11
24/07/2025,2025-07-24,77,[18:00-18:15[,2025-07-24 17:00,1611.339,20744.256,12.874,21937.311,13.614,,,,,5115.384,3.175,1465.966,0.91,-7774.405,-4.825
24/07/2025,2025-07-24,78,[18:15-18:30[,2025-07-24 17:15,1634.134,30966.597,18.95,21937.311,13.424,,,,,5115.384,3.13,1459.505,0.893,2454.397,1.502
24/07/2025,2025-07-24,79,[18:30-18:45[,2025-07-24 17:30,1663.738,36815.422,22.128,21937.311,13.186,,,,,5115.384,3.075,1390.608,0.836,8372.119,5.032
24/07/2025,2025-07-24,80,[18:45-19:00[,2025-07-24 17:45,1698.346,34230.777,20.155,21937.311,12.917,,,,,5115.384,3.012,1368.777,0.806,5809.304,3.421
24/07/2025,2025-07-24,81,[19:00-19:15[,2025-07-24 18:00,1721.911,25309.76,14.699,16966.627,9.853,,,,,4085.44,2.373,1474.562,0.856,2783.131,1.616
24/07/2025,2025-07-24,82,[19:15-19:30[,2025-07-24 18:15,1756.026,21953.092,12.502,16966.627,9.662,,,,,4085.44,2.327,1501.803,0.855,-600.778,-0.342
24/07/2025,2025-07-24,83,[19:30-19:45[,2025-07-24 18:30,1778.736,22699.667,12.762,16966.627,9.539,,,,,4085.44,2.297,1502.692,0.845,144.908,0.081
24/07/2025,2025-07-24,84,[19:45-20:00[,2025-07-24 18:45,1793.672,23436.963,13.066,16966.627,9.459,,,,,4085.44,2.278,1470.299,0.82,914.596,0.51
24/07/2025,2025-07-24,85,[20:00-20:15[,2025-07-24 19:00,1798.98,15664.757,8.708,12823.323,7.128,,,,,1476.2,0.821,1511.883,0.84,-146.649,-0.082
24/07/2025,2025-07-24,86,[20:15-20:30[,2025-07-24 19:15,1797.88,15405.014,8.568,12823.323,7.132,,,,,1476.2,0.821,1615.404,0.899,-509.913,-0.284
24/07/2025,2025-07-24,87,[20:30-20:45[,2025-07-24 19:30,1792.591,15109.998,8.429,12823.323,7.154,,,,,1476.2,0.824,1606.852,0.896,-796.376,-0.444
24/07/2025,2025-07-24,88,[20:45-21:00[,2025-07-24 19:45,1785.553,16590.648,9.292,12823.323,7.182,,,,,1476.2,0.827,1571.341,0.88,719.784,0.403
24/07/2025,2025-07-24,89,[21:00-21:15[,2025-07-24 20:00,1791.731,17989.882,10.041,12824.637,7.158,,,,,1508.92,0.842,1517.103,0.847,2139.223,1.194
24/07/2025,2025-07-24,90,[21:15-21:30[,2025-07-24 20:15,1801.205,17036.366,9.458,12824.637,7.12,,,,,1508.92,0.838,1480.259,0.822,1222.55,0.679
24/07/2025,2025-07-24,91,[21:30-21:45[,2025-07-24 20:30,1777.665,16067.774,9.039,12824.637,7.214,,,,,1508.92,0.849,1567.787,0.882,166.43,0.094
24/07/2025,2025-07-24,92,[21:45-22:00[,2025-07-24 20:45,1747.634,16757.026,9.588,12824.637,7.338,,,,,1508.92,0.863,1644.485,0.941,778.985,0.446
24/07/2025,2025-07-24,93,[22:00-22:15[,2025-07-24 21:00,1718.28,20725.301,12.062,16926.795,9.851,,,,,2937.06,1.709,1656.143,0.964,-794.697,-0.462
24/07/2025,2025-07-24,94,[22:15-22:30[,2025-07-24 21:15,1689.976,18167.525,10.75,16926.795,10.016,,,,,2937.06,1.738,1607.597,0.951,-3303.926,-1.955
24/07/2025,2025-07-24,95,[22:30-22:45[,2025-07-24 21:30,1657.004,17198.921,10.38,16926.795,10.215,,,,,2937.06,1.773,1572.961,0.949,-4237.895,-2.558
24/07/2025,2025-07-24,96,[22:45-23:00[,2025-07-24 21:45,1625.196,23985.472,14.759,16926.795,10.415,,,,,2937.06,1.807,1628.756,1.002,2492.861,1.534
25/07/2025,2025-07-25,1,[23:00-23:15[,2025-07-24 22:00,1604.1,17169.514,10.704,13491.95,8.411,,,,,2672.88,1.666,2099.723,1.309,-1095.039,-0.683
25/07/2025,2025-07-25,2,[23:15-23:30[,2025-07-24 22:15,1571.015,18171.211,11.567,13491.95,8.588,,,,,2672.88,1.701,2371.001,1.509,-364.62,-0.232
25/07/2025,2025-07-25,3,[23:30-23:45[,2025-07-24 22:30,1534.905,17841.674,11.624,13491.95,8.79,,,,,2672.88,1.741,2344.48,1.527,-667.636,-0.435
25/07/2025,2025-07-25,4,[23:45-00:00[,2025-07-24 22:45,1497.005,18204.809,12.161,13491.95,9.013,,,,,2672.88,1.785,2216.58,1.481,-176.602,-0.118
25/07/2025,2025-07-25,5,[00:00-00:15[,2025-07-24 23:00,1474.888,16196.911,10.982,14393.195,9.759,,,,,2521.92,1.71,2543.887,1.725,-3262.091,-2.212
25/07/2025,2025-07-25,6,[00:15-00:30[,2025-07-24 23:15,1454.264,19257.223,13.242,14393.195,9.897,,,,,2521.92,1.734,2549.422,1.753,-207.315,-0.143
25/07/2025,2025-07-25,7,[00:30-00:45[,2025-07-24 23:30,1426.055,19337.136,13.56,14393.195,10.093,,,,,2521.92,1.768,2260.975,1.585,161.046,0.113
25/07/2025,2025-07-25,8,[00:45-01:00[,2025-07-24 23:45,1405.889,18597.244,13.228,14393.195,10.238,,,,,2521.92,1.794,2481.299,1.765,-799.169,-0.568
25/07/2025,2025-07-25,9,[01:00-01:15[,2025-07-25 00:00,1384.973,22693.324,16.385,15304.451,11.05,,,,,2138.6,1.544,2358.434,1.703,2891.84,2.088
25/07/2025,2025-07-25,10,[01:15-01:30[,2025-07-25 00:15,1366.484,21402.481,15.662,15304.451,11.2,,,,,2138.6,1.565,2555.742,1.87,1403.689,1.027
25/07/2025,2025-07-25,11,[01:30-01:45[,2025-07-25 00:30,1346.733,21985.014,16.325,15304.451,11.364,,,,,2138.6,1.588,2549.649,1.893,1992.315,1.479
25/07/2025,2025-07-25,12,[01:45-02:00[,2025-07-25 00:45,1323.106,22187.321,16.769,15304.451,11.567,,,,,2138.6,1.616,2253.534,1.703,2490.736,1.882
25/07/2025,2025-07-25,13,[02:00-02:15[,2025-07-25 01:00,1315.052,18341.213,13.947,15305.223,11.638,,,,,2053.6,1.562,2522.851,1.918,-1540.461,-1.171
25/07/2025,2025-07-25,14,[02:15-02:30[,2025-07-25 01:15,1298.774,19529.371,15.037,15305.223,11.784,,,,,2053.6,1.581,2461.79,1.895,-291.241,-0.224
25/07/2025,2025-07-25,15,[02:30-02:45[,2025-07-25 01:30,1288.797,21623.289,16.778,15305.223,11.876,,,,,2053.6,1.593,2562.167,1.988,1702.299,1.321
25/07/2025,2025-07-25,16,[02:45-03:00[,2025-07-25 01:45,1280.97,19745.873,15.415,15305.223,11.948,,,,,2053.6,1.603,2545.359,1.987,-158.309,-0.124
25/07/2025,2025-07-25,17,[03:00-03:15[,2025-07-25 02:00,1263.047,21243.649,16.819,16806.859,13.307,,,,,2400.316,1.9,2326.208,1.842,-289.734,-0.229
25/07/2025,2025-07-25,18,[03:15-03:30[,2025-07-25 02:15,1260.682,21427.667,16.997,16806.859,13.332,,,,,2400.316,1.904,2528.828,2.006,-308.336,-0.245
25/07/2025,2025-07-25,19,[03:30-03:45[,2025-07-25 02:30,1249.968,20618.779,16.495,16806.859,13.446,,,,,2400.316,1.92,2486.756,1.989,-1075.151,-0.86
25/07/2025,2025-07-25,20,[03:45-04:00[,2025-07-25 02:45,1241.71,20552.998,16.552,16806.859,13.535,,,,,2400.316,1.933,2273.05,1.831,-927.227,-0.747
25/07/2025,2025-07-25,21,[04:00-04:15[,2025-07-25 03:00,1243.979,17253.447,13.87,14381.275,11.561,,,,,2226.15,1.79,2570.245,2.066,-1924.223,-1.547
25/07/2025,2025-07-25,22,[04:15-04:30[,2025-07-25 03:15,1235.541,17740.928,14.359,14381.275,11.64,,,,,2226.15,1.802,2309.351,1.869,-1175.848,-0.952
25/07/2025,2025-07-25,23,[04:30-04:45[,2025-07-25 03:30,1240.317,18770.916,15.134,14381.275,11.595,,,,,2226.15,1.795,2577.325,2.078,-413.833,-0.334
25/07/2025,2025-07-25,24,[04:45-05:00[,2025-07-25 03:45,1237.661,18701.241,15.11,14381.275,11.62,,,,,2226.15,1.799,2546.639,2.058,-452.822,-0.366
25/07/2025,2025-07-25,25,[05:00-05:15[,2025-07-25 04:00,1243.012,17104.315,13.76,14370.343,11.561,,,,,2102.1,1.691,2288.001,1.841,-1656.129,-1.332
25/07/2025,2025-07-25,26,[05:15-05:30[,2025-07-25 04:15,1255.057,17314.795,13.796,14370.343,11.45,,,,,2102.1,1.675,2480.91,1.977,-1638.557,-1.306
25/07/2025,2025-07-25,27,[05:30-05:45[,2025-07-25 04:30,1261.522,19357.038,15.344,14370.343,11.391,,,,,2102.1,1.666,2340.441,1.855,544.155,0.431
25/07/2025,2025-07-25,28,[05:45-06:00[,2025-07-25 04:45,1271.938,21587.096,16.972,14370.343,11.298,,,,,2102.1,1.653,2466.955,1.94,2647.699,2.082
25/07/2025,2025-07-25,29,[06:00-06:15[,2025-07-25 05:00,1306.238,17104.927,13.095,13452.975,10.299,,,,,2486.4,1.903,2487.013,1.904,-1321.462,-1.012
25/07/2025,2025-07-25,30,[06:15-06:30[,2025-07-25 05:15,1306.053,16561.386,12.68,13452.975,10.3,,,,,2486.4,1.904,2165.745,1.658,-1543.734,-1.182
25/07/2025,2025-07-25,31,[06:30-06:45[,2025-07-25 05:30,1333.018,17726.248,13.298,13452.975,10.092,,,,,2486.4,1.865,2471.013,1.854,-684.139,-0.513
25/07/2025,2025-07-25,32,[06:45-07:00[,2025-07-25 05:45,1350.59,18770.07,13.898,13452.975,9.961,,,,,2486.4,1.841,2487.908,1.842,342.787,0.254
25/07/2025,2025-07-25,33,[07:00-07:15[,2025-07-25 06:00,1400.564,19816.487,14.149,16105.689,11.499,,,,,3034.5,2.167,2322.43,1.658,-1646.131,-1.175
25/07/2025,2025-07-25,34,[07:15-07:30[,2025-07-25 06:15,1434.142,25318.548,17.654,16105.689,11.23,,,,,3034.5,2.116,2510.652,1.751,3667.707,2.557
25/07/2025,2025-07-25,35,[07:30-07:45[,2025-07-25 06:30,1462.058,22575.817,15.441,16105.689,11.016,,,,,3034.5,2.075,2363.367,1.616,1072.262,0.733
25/07/2025,2025-07-25,36,[07:45-08:00[,2025-07-25 06:45,1487.354,20423.572,13.731,16105.689,10.828,,,,,3034.5,2.04,2399.031,1.613,-1115.648,-0.75
25/07/2025,2025-07-25,37,[08:00-08:15[,2025-07-25 07:00,1564.016,26506.281,16.948,21041.726,13.454,,,,,3288.12,2.102,2432.073,1.555,-255.638,-0.163
25/07/2025,2025-07-25,38,[08:15-08:30[,2025-07-25 07:15,1588.512,26668.964,16.789,21041.726,13.246,,,,,3288.12,2.07,2143.902,1.35,195.216,0.123
25/07/2025,2025-07-25,39,[08:30-08:45[,2025-07-25 07:30,1600.16,26836.617,16.771,21041.726,13.15,,,,,3288.12,2.055,2310.388,1.444,196.383,0.123
25/07/2025,2025-07-25,40,[08:45-09:00[,2025-07-25 07:45,1612.207,26563.839,16.477,21041.726,13.052,,,,,3288.12,2.04,2316.427,1.437,-82.433,-0.051
25/07/2025,2025-07-25,41,[09:00-09:15[,2025-07-25 08:00,1628.581,29384.238,18.043,21750.56,13.356,,,,,5255.86,3.227,2334.475,1.433,43.343,0.027
25/07/2025,2025-07-25,42,[09:15-09:30[,2025-07-25 08:15,1626.826,29702.161,18.258,21750.56,13.37,,,,,5255.86,3.231,2300.948,1.414,394.793,0.243
25/07/2025,2025-07-25,43,[09:30-09:45[,2025-07-25 08:30,1612.277,29149.519,18.08,21750.56,13.491,,,,,5255.86,3.26,1919.718,1.191,223.381,0.139
25/07/2025,2025-07-25,44,[09:45-10:00[,2025-07-25 08:45,1608.321,29447.231,18.309,21750.56,13.524,,,,,5255.86,3.268,2208.658,1.373,232.153,0.144
25/07/2025,2025-07-25,45,[10:00-10:15[,2025-07-25 09:00,1593.383,28399.676,17.824,21904.722,13.747,,,,,4801.42,3.013,2162.828,1.357,-469.294,-0.295
25/07/2025,2025-07-25,46,[10:15-10:30[,2025-07-25 09:15,1597.377,28632.496,17.925,21904.722,13.713,,,,,4801.42,3.006,2164.762,1.355,-238.409,-0.149
25/07/2025,2025-07-25,47,[10:30-10:45[,2025-07-25 09:30,1591.101,28738.266,18.062,21904.722,13.767,,,,,4801.42,3.018,2084.13,1.31,-52.006,-0.033
25/07/2025,2025-07-25,48,[10:45-11:00[,2025-07-25 09:45,1584.708,29258.907,18.463,21904.722,13.823,,,,,4801.42,3.03,1861.118,1.174,691.647,0.436
25/07/2025,2025-07-25,49,[11:00-11:15[,2025-07-25 10:00,1586.408,28718.141,18.103,21876.179,13.79,,,,,5600,3.53,1523.523,0.96,-281.56,-0.177
25/07/2025,2025-07-25,50,[11:15-11:30[,2025-07-25 10:15,1603.287,29697.562,18.523,21876.179,13.645,,,,,5600,3.493,2089.818,1.303,131.566,0.082
25/07/2025,2025-07-25,51,[11:30-11:45[,2025-07-25 10:30,1598.459,29289.294,18.323,21876.179,13.686,,,,,5600,3.503,1762.105,1.102,51.01,0.032
25/07/2025,2025-07-25,52,[11:45-12:00[,2025-07-25 10:45,1603.952,29730.416,18.536,21876.179,13.639,,,,,5600,3.491,2120.872,1.322,133.365,0.083
25/07/2025,2025-07-25,53,[12:00-12:15[,2025-07-25 11:00,1586.608,30211.41,19.042,21853.599,13.774,,,,,5472.24,3.449,2084.366,1.314,801.205,0.505
25/07/2025,2025-07-25,54,[12:15-12:30[,2025-07-25 11:15,1577.441,29929.413,18.973,21853.599,13.854,,,,,5472.24,3.469,1859.498,1.179,744.075,0.472
25/07/2025,2025-07-25,55,[12:30-12:45[,2025-07-25 11:30,1560.819,30172.716,19.331,21853.599,14.001,,,,,5472.24,3.506,2020.101,1.294,826.776,0.53
25/07/2025,2025-07-25,56,[12:45-13:00[,2025-07-25 11:45,1545.725,30036.187,19.432,21853.599,14.138,,,,,5472.24,3.54,1929.471,1.248,780.876,0.505
25/07/2025,2025-07-25,57,[13:00-13:15[,2025-07-25 12:00,1537.855,29052.132,18.891,21833.979,14.198,,,,,5472,3.558,1593.741,1.036,152.412,0.099
25/07/2025,2025-07-25,58,[13:15-13:30[,2025-07-25 12:15,1543.979,29447.481,19.072,21833.979,14.141,,,,,5472,3.544,1852.111,1.2,289.391,0.187
25/07/2025,2025-07-25,59,[13:30-13:45[,2025-07-25 12:30,1555.959,29513.569,18.968,21833.979,14.032,,,,,5472,3.517,2024.339,1.301,183.252,0.118
25/07/2025,2025-07-25,60,[13:45-14:00[,2025-07-25 12:45,1555.047,29336.363,18.865,21833.979,14.041,,,,,5472,3.519,1796.391,1.155,233.993,0.15
25/07/2025,2025-07-25,61,[14:00-14:15[,2025-07-25 13:00,1573.922,29882.258,18.986,21679.186,13.774,,,,,5633.16,3.579,2052.724,1.304,517.188,0.329
25/07/2025,2025-07-25,62,[14:15-14:30[,2025-07-25 13:15,1587.658,29600.058,18.644,21679.186,13.655,,,,,5633.16,3.548,2008.24,1.265,279.472,0.176
25/07/2025,2025-07-25,63,[14:30-14:45[,2025-07-25 13:30,1584.83,30689.906,19.365,21679.186,13.679,,,,,5633.16,3.554,1586.16,1.001,1791.401,1.13
25/07/2025,2025-07-25,64,[14:45-15:00[,2025-07-25 13:45,1589.436,31714.562,19.953,21679.186,13.64,,,,,5633.16,3.544,1776.248,1.118,2625.968,1.652
25/07/2025,2025-07-25,65,[15:00-15:15[,2025-07-25 14:00,1591.621,31747.998,19.947,21585.581,13.562,,,,,5812.48,3.652,1909.527,1.2,2440.41,1.533
25/07/2025,2025-07-25,66,[15:15-15:30[,2025-07-25 14:15,1590.869,30778.539,19.347,21585.581,13.568,,,,,5812.48,3.654,1678.529,1.055,1701.949,1.07
25/07/2025,2025-07-25,67,[15:30-15:45[,2025-07-25 14:30,1596.822,29504.905,18.477,21585.581,13.518,,,,,5812.48,3.64,1899.493,1.19,207.35,0.13
25/07/2025,2025-07-25,68,[15:45-16:00[,2025-07-25 14:45,1597.424,30931.056,19.363,21585.581,13.513,,,,,5812.48,3.639,1636.77,1.025,1896.225,1.187
25/07/2025,2025-07-25,69,[16:00-16:15[,2025-07-25 15:00,1602.746,28277.334,17.643,21884.584,13.654,,,,,4943.4,3.084,1938.071,1.209,-488.721,-0.305
25/07/2025,2025-07-25,70,[16:15-16:30[,2025-07-25 15:15,1612.995,28052.986,17.392,21884.584,13.568,,,,,4943.4,3.065,1919.515,1.19,-694.513,-0.431
25/07/2025,2025-07-25,71,[16:30-16:45[,2025-07-25 15:30,1612.402,27186.025,16.861,21884.584,13.573,,,,,4943.4,3.066,1650.774,1.024,-1292.733,-0.802
25/07/2025,2025-07-25,72,[16:45-17:00[,2025-07-25 15:45,1622.391,27958.878,17.233,21884.584,13.489,,,,,4943.4,3.047,1660.96,1.024,-530.066,-0.327
25/07/2025,2025-07-25,73,[17:00-17:15[,2025-07-25 16:00,1620.742,29520.206,18.214,21634.174,13.348,,,,,5277.78,3.256,2013.848,1.243,594.405,0.367
25/07/2025,2025-07-25,74,[17:15-17:30[,2025-07-25 16:15,1625.411,29034.7,17.863,21634.174,13.31,,,,,5277.78,3.247,1895.882,1.166,226.864,0.14
25/07/2025,2025-07-25,75,[17:30-17:45[,2025-07-25 16:30,1640.717,27999.957,17.066,21634.174,13.186,,,,,5277.78,3.217,2056.128,1.253,-968.124,-0.59
25/07/2025,2025-07-25,76,[17:45-18:00[,2025-07-25 16:45,1644.237,25473.81,15.493,21634.174,13.158,,,,,5277.78,3.21,1703.57,1.036,-3141.714,-1.911
25/07/2025,2025-07-25,77,[18:00-18:15[,2025-07-25 17:00,1661.497,26700.174,16.07,20326.077,12.234,,,,,3498,2.105,2100.509,1.264,775.588,0.467
25/07/2025,2025-07-25,78,[18:15-18:30[,2025-07-25 17:15,1682.539,25577.655,15.202,20326.077,12.081,,,,,3498,2.079,2102.141,1.249,-348.563,-0.207
25/07/2025,2025-07-25,79,[18:30-18:45[,2025-07-25 17:30,1703.444,26800.924,15.733,20326.077,11.932,,,217.278,0.128,3498,2.053,1917.161,1.125,842.409,0.495
25/07/2025,2025-07-25,80,[18:45-19:00[,2025-07-25 17:45,1733.987,23875.672,13.769,20326.077,11.722,,,,,3498,2.017,2060.176,1.188,-2008.58,-1.158
25/07/2025,2025-07-25,81,[19:00-19:15[,2025-07-25 18:00,1755.537,20655.844,11.766,16251.231,9.257,,,,,2424.24,1.381,1852.467,1.055,127.907,0.073
25/07/2025,2025-07-25,82,[19:15-19:30[,2025-07-25 18:15,1785.793,24244.614,13.576,16251.231,9.1,,,,,2424.24,1.358,2067.134,1.158,3502.009,1.961
25/07/2025,2025-07-25,83,[19:30-19:45[,2025-07-25 18:30,1809.585,16689.876,9.223,16251.231,8.981,,,,,2424.24,1.34,2131.668,1.178,-4117.263,-2.275
25/07/2025,2025-07-25,84,[19:45-20:00[,2025-07-25 18:45,1806.612,17476.275,9.674,16251.231,8.995,,,,,2424.24,1.342,1104.939,0.612,-2304.135,-1.275
25/07/2025,2025-07-25,85,[20:00-20:15[,2025-07-25 19:00,1809.781,12021.281,6.642,10755.448,5.943,,,,,2717.28,1.501,1123.12,0.621,-2574.566,-1.423
25/07/2025,2025-07-25,86,[20:15-20:30[,2025-07-25 19:15,1795.095,12269.877,6.835,10755.448,5.992,,,-590.241,-0.329,2717.28,1.514,1037.946,0.578,-1650.556,-0.919
25/07/2025,2025-07-25,87,[20:30-20:45[,2025-07-25 19:30,1780.313,14314.024,8.04,10755.448,6.041,,,-804.875,-0.452,2717.28,1.526,1042.33,0.585,603.842,0.339
25/07/2025,2025-07-25,88,[20:45-21:00[,2025-07-25 19:45,1772.794,13828.628,7.8,10755.448,6.067,,,-375.609,-0.212,2717.28,1.533,1013.129,0.571,-281.62,-0.159
25/07/2025,2025-07-25,89,[21:00-21:15[,2025-07-25 20:00,1782.285,12371.583,6.941,10663.823,5.983,,,-804.875,-0.452,2814.96,1.579,1135.127,0.637,-1437.451,-0.807
25/07/2025,2025-07-25,90,[21:15-21:30[,2025-07-25 20:15,1781.099,14951.474,8.395,10663.823,5.987,,,-366.8,-0.206,2814.96,1.58,1103.34,0.619,736.151,0.413
25/07/2025,2025-07-25,91,[21:30-21:45[,2025-07-25 20:30,1756.384,13539.47,7.709,10663.823,6.071,,,-366.8,-0.209,2814.96,1.603,1080.297,0.615,-652.81,-0.372
25/07/2025,2025-07-25,92,[21:45-22:00[,2025-07-25 20:45,1727.661,13684.016,7.921,10663.823,6.172,,,-366.8,-0.212,2814.96,1.629,1136.836,0.658,-564.803,-0.327
25/07/2025,2025-07-25,93,[22:00-22:15[,2025-07-25 21:00,1700.497,15824.207,9.306,12032.366,7.076,,,,,2957.04,1.739,1130.088,0.665,-295.287,-0.174
25/07/2025,2025-07-25,94,[22:15-22:30[,2025-07-25 21:15,1670.957,15327.902,9.173,12032.366,7.201,,,,,2957.04,1.77,1126.359,0.674,-787.863,-0.472
25/07/2025,2025-07-25,95,[22:30-22:45[,2025-07-25 21:30,1633.489,15695.72,9.609,12032.366,7.366,,,,,2957.04,1.81,1088.422,0.666,-382.108,-0.234
25/07/2025,2025-07-25,96,[22:45-23:00[,2025-07-25 21:45,1600.202,17893.745,11.182,12032.366,7.519,,,,,2957.04,1.848,1112.606,0.695,1791.734,1.12
26/07/2025,2025-07-26,1,[23:00-23:15[,2025-07-25 22:00,1580.701,7370.23,4.663,6084.644,3.849,,,,,888.9,0.562,1933.104,1.223,-1536.418,-0.972
26/07/2025,2025-07-26,2,[23:15-23:30[,2025-07-25 22:15,1551.012,7813.328,5.038,6084.644,3.923,,,,,888.9,0.573,2195.851,1.416,-1356.067,-0.874
26/07/2025,2025-07-26,3,[23:30-23:45[,2025-07-25 22:30,1514.557,7971.196,5.263,6084.644,4.017,,,,,888.9,0.587,2198.04,1.451,-1200.388,-0.793
26/07/2025,2025-07-26,4,[23:45-00:00[,2025-07-25 22:45,1472.8,8951.845,6.078,6084.644,4.131,,,,,888.9,0.604,2023.444,1.374,-45.144,-0.031
26/07/2025,2025-07-26,5,[00:00-00:15[,2025-07-25 23:00,1450.048,13472.672,9.291,9170.52,6.324,,,,,1172.908,0.809,2246.614,1.549,882.631,0.609
26/07/2025,2025-07-26,6,[00:15-00:30[,2025-07-25 23:15,1427.405,12732.933,8.92,9170.52,6.425,,,,,1172.908,0.822,2226.351,1.56,163.155,0.114
26/07/2025,2025-07-26,7,[00:30-00:45[,2025-07-25 23:30,1398.323,12283.573,8.785,9170.52,6.558,,,,,1172.908,0.839,2051.495,1.467,-111.35,-0.08
26/07/2025,2025-07-26,8,[00:45-01:00[,2025-07-25 23:45,1379.485,12724.204,9.224,9170.52,6.648,,,,,1666.764,1.208,2194.229,1.591,-307.309,-0.223
26/07/2025,2025-07-26,9,[01:00-01:15[,2025-07-26 00:00,1355.327,12216.635,9.014,10928.382,8.063,,,,,1601.86,1.182,1986.874,1.466,-2300.481,-1.697
26/07/2025,2025-07-26,10,[01:15-01:30[,2025-07-26 00:15,1338.645,12735.301,9.514,10928.382,8.164,,,,,1502.43,1.122,2215.411,1.655,-1910.921,-1.428
26/07/2025,2025-07-26,11,[01:30-01:45[,2025-07-26 00:30,1319.663,14996.356,11.364,10928.382,8.281,,,,,1645.284,1.247,2217.202,1.68,205.489,0.156
26/07/2025,2025-07-26,12,[01:45-02:00[,2025-07-26 00:45,1294.519,15282.481,11.806,10928.382,8.442,,,,,1802.916,1.393,1849.939,1.429,701.245,0.542
26/07/2025,2025-07-26,13,[02:00-02:15[,2025-07-26 01:00,1281.904,17061.159,13.309,12452.166,9.714,,,,,2069.19,1.614,2136.949,1.667,402.855,0.314
26/07/2025,2025-07-26,14,[02:15-02:30[,2025-07-26 01:15,1266.012,16570.66,13.089,12452.166,9.836,,,,,2253.672,1.78,2156.101,1.703,-291.278,-0.23
26/07/2025,2025-07-26,15,[02:30-02:45[,2025-07-26 01:30,1255.117,15931.736,12.693,12452.166,9.921,,,,,2253.672,1.796,2165.23,1.725,-939.332,-0.748
26/07/2025,2025-07-26,16,[02:45-03:00[,2025-07-26 01:45,1252.924,16029.347,12.794,12452.166,9.938,,,,,2253.672,1.799,2208.555,1.763,-885.045,-0.706
26/07/2025,2025-07-26,17,[03:00-03:15[,2025-07-26 02:00,1237.094,15814.057,12.783,14124.541,11.418,,,,,1530,1.237,1985.91,1.605,-1826.394,-1.476
26/07/2025,2025-07-26,18,[03:15-03:30[,2025-07-26 02:15,1232.759,17379.476,14.098,14124.541,11.458,,,,,1530,1.241,2218.622,1.8,-493.687,-0.4
26/07/2025,2025-07-26,19,[03:30-03:45[,2025-07-26 02:30,1225.399,17651.031,14.404,14124.541,11.526,,,,,1530,1.249,2211.073,1.804,-214.583,-0.175
26/07/2025,2025-07-26,20,[03:45-04:00[,2025-07-26 02:45,1211.481,17143.961,14.151,14124.541,11.659,,,,,1530,1.263,1971.661,1.627,-482.241,-0.398
26/07/2025,2025-07-26,21,[04:00-04:15[,2025-07-26 03:00,1206.197,20125.77,16.685,13436.924,11.14,,,,,2328.12,1.93,2171.066,1.8,2189.661,1.815
26/07/2025,2025-07-26,22,[04:15-04:30[,2025-07-26 03:15,1197.992,22405.158,18.702,13436.924,11.216,,,,,2328.12,1.943,2069.465,1.727,4570.65,3.815
26/07/2025,2025-07-26,23,[04:30-04:45[,2025-07-26 03:30,1192.258,18028.705,15.121,13436.924,11.27,,,,,2328.12,1.953,2002.723,1.68,260.938,0.219
26/07/2025,2025-07-26,24,[04:45-05:00[,2025-07-26 03:45,1192.09,18038.268,15.132,13436.924,11.272,,,,,2328.12,1.953,2211.998,1.856,61.227,0.051
26/07/2025,2025-07-26,25,[05:00-05:15[,2025-07-26 04:00,1195.702,14026.286,11.731,11995.635,10.032,,,,,1173.76,0.982,1971.845,1.649,-1114.954,-0.932
26/07/2025,2025-07-26,26,[05:15-05:30[,2025-07-26 04:15,1197.646,15090.036,12.6,11995.635,10.016,,,,,1173.76,0.98,2148.162,1.794,-227.521,-0.19
26/07/2025,2025-07-26,27,[05:30-05:45[,2025-07-26 04:30,1196.886,15119.775,12.633,11995.635,10.022,,,,,1173.76,0.981,2144.55,1.792,-194.17,-0.162
26/07/2025,2025-07-26,28,[05:45-06:00[,2025-07-26 04:45,1191.211,14892.37,12.502,11995.635,10.07,,,,,1173.76,0.985,1901.441,1.596,-178.467,-0.15
26/07/2025,2025-07-26,29,[06:00-06:15[,2025-07-26 05:00,1204.787,16722.507,13.88,12370.825,10.268,,,,,2497.55,2.073,2147.867,1.783,-293.735,-0.244
26/07/2025,2025-07-26,30,[06:15-06:30[,2025-07-26 05:15,1192.264,17152.913,14.387,12370.825,10.376,,,,,2692.096,2.258,2152.176,1.805,-62.184,-0.052
26/07/2025,2025-07-26,31,[06:30-06:45[,2025-07-26 05:30,1184.662,16818.392,14.197,12370.825,10.442,,,,,3154.8,2.663,1833.568,1.548,-540.801,-0.457
26/07/2025,2025-07-26,32,[06:45-07:00[,2025-07-26 05:45,1198.318,20893.87,17.436,12370.825,10.323,,,,,3584.96,2.992,2109.354,1.76,2828.731,2.361
26/07/2025,2025-07-26,33,[07:00-07:15[,2025-07-26 06:00,1224.127,18397.318,15.029,14625.641,11.948,,,,,3208.5,2.621,1961.142,1.602,-1397.965,-1.142
26/07/2025,2025-07-26,34,[07:15-07:30[,2025-07-26 06:15,1241.782,21059.983,16.959,14625.641,11.778,,,,,3208.5,2.584,2097.263,1.689,1128.579,0.909
26/07/2025,2025-07-26,35,[07:30-07:45[,2025-07-26 06:30,1252.681,21422.93,17.102,14625.641,11.675,,,,,4251.96,3.394,2084.905,1.664,460.424,0.368
26/07/2025,2025-07-26,36,[07:45-08:00[,2025-07-26 06:45,1248.589,21805.74,17.464,14625.641,11.714,,,,,5038.2,4.035,1693.503,1.356,448.396,0.359
26/07/2025,2025-07-26,37,[08:00-08:15[,2025-07-26 07:00,1280.298,24076.341,18.805,20567.071,16.064,,,,,2710.512,2.117,2096.793,1.638,-1298.035,-1.014
26/07/2025,2025-07-26,38,[08:15-08:30[,2025-07-26 07:15,1295.815,26514.989,20.462,20567.071,15.872,,,,,4874.656,3.762,2079.19,1.605,-1005.928,-0.776
26/07/2025,2025-07-26,39,[08:30-08:45[,2025-07-26 07:30,1306.717,28163.132,21.553,20567.071,15.739,,,,,5751.872,4.402,2042.698,1.563,-198.509,-0.152
26/07/2025,2025-07-26,40,[08:45-09:00[,2025-07-26 07:45,1318.811,29458.117,22.337,20567.071,15.595,,,,,5929.536,4.496,2129.403,1.615,832.107,0.631
26/07/2025,2025-07-26,41,[09:00-09:15[,2025-07-26 08:00,1326.154,28508.752,21.497,21042.258,15.867,,,,,5745.168,4.332,1666.421,1.257,54.905,0.041
26/07/2025,2025-07-26,42,[09:15-09:30[,2025-07-26 08:15,1339.814,30845.758,23.022,21042.258,15.705,,,,,5745.168,4.288,2078.456,1.551,1979.876,1.478
26/07/2025,2025-07-26,43,[09:30-09:45[,2025-07-26 08:30,1348.09,29624.777,21.975,21042.258,15.609,,,,,5846.256,4.337,2101.277,1.559,634.986,0.471
26/07/2025,2025-07-26,44,[09:45-10:00[,2025-07-26 08:45,1346.423,30246.66,22.464,21042.258,15.628,,,,,5924.88,4.4,1881.453,1.397,1398.07,1.038
26/07/2025,2025-07-26,45,[10:00-10:15[,2025-07-26 09:00,1363.875,31042.656,22.761,21125.724,15.489,,,,,6730.56,4.935,2047.793,1.501,1138.579,0.835
26/07/2025,2025-07-26,46,[10:15-10:30[,2025-07-26 09:15,1365.374,30808.184,22.564,21125.724,15.472,,,,,6730.56,4.929,2022.25,1.481,929.65,0.681
26/07/2025,2025-07-26,47,[10:30-10:45[,2025-07-26 09:30,1359.675,30037.45,22.092,21125.724,15.537,,,,,6730.56,4.95,1745.858,1.284,435.309,0.32
26/07/2025,2025-07-26,48,[10:45-11:00[,2025-07-26 09:45,1367.386,31608.651,23.116,21125.724,15.45,,,,,6855.2,5.013,1956.501,1.431,1671.227,1.222
26/07/2025,2025-07-26,49,[11:00-11:15[,2025-07-26 10:00,1368.794,31277.54,22.85,21112.968,15.425,,,,,7099.084,5.186,1728.072,1.262,1337.416,0.977
26/07/2025,2025-07-26,50,[11:15-11:30[,2025-07-26 10:15,1385.347,31165.123,22.496,21112.968,15.24,,,,,7118.41,5.138,1922.343,1.388,1011.402,0.73
26/07/2025,2025-07-26,51,[11:30-11:45[,2025-07-26 10:30,1391.614,31778.675,22.836,21112.968,15.172,,,,,7118.41,5.115,1914.791,1.376,1632.505,1.173
26/07/2025,2025-07-26,52,[11:45-12:00[,2025-07-26 10:45,1389.479,31772.969,22.867,21112.968,15.195,,,,,7118.41,5.123,1661.391,1.196,1880.2,1.353
26/07/2025,2025-07-26,53,[12:00-12:15[,2025-07-26 11:00,1397.063,29910.26,21.409,21120.269,15.118,,,,,6309.78,4.516,1775.521,1.271,704.69,0.504
26/07/2025,2025-07-26,54,[12:15-12:30[,2025-07-26 11:15,1385.935,29017.747,20.937,21120.269,15.239,,,,,6309.78,4.553,883.959,0.638,703.739,0.508
26/07/2025,2025-07-26,55,[12:30-12:45[,2025-07-26 11:30,1383.986,28602.882,20.667,21120.269,15.26,,,,,6309.78,4.559,893.258,0.645,279.575,0.202
26/07/2025,2025-07-26,56,[12:45-13:00[,2025-07-26 11:45,1374.218,28531.317,20.762,21120.269,15.369,,,,,6462.93,4.703,774.9,0.564,173.219,0.126
26/07/2025,2025-07-26,57,[13:00-13:15[,2025-07-26 12:00,1358.492,29100.96,21.422,21132.758,15.556,,,,,4959.5,3.651,743.188,0.547,2265.514,1.668
26/07/2025,2025-07-26,58,[13:15-13:30[,2025-07-26 12:15,1345.703,27336.152,20.314,21132.758,15.704,,,,,4959.5,3.685,772.627,0.574,471.267,0.35
26/07/2025,2025-07-26,59,[13:30-13:45[,2025-07-26 12:30,1333.167,26984.431,20.241,21132.758,15.852,,,,,4959.5,3.72,813.319,0.61,78.853,0.059
26/07/2025,2025-07-26,60,[13:45-14:00[,2025-07-26 12:45,1322.61,26768.122,20.239,21132.758,15.978,,,,,4959.5,3.75,725.935,0.549,-50.071,-0.038
26/07/2025,2025-07-26,61,[14:00-14:15[,2025-07-26 13:00,1321.09,28809.566,21.807,21140.732,16.002,,,,,4782.9,3.62,914.592,0.692,1971.342,1.492
26/07/2025,2025-07-26,62,[14:15-14:30[,2025-07-26 13:15,1334.713,28935.126,21.679,21140.732,15.839,,,,,4782.9,3.583,1806.535,1.354,1204.96,0.903
26/07/2025,2025-07-26,63,[14:30-14:45[,2025-07-26 13:30,1331.649,30084.606,22.592,21140.732,15.876,,,,,4782.9,3.592,1743.76,1.309,2417.214,1.815
26/07/2025,2025-07-26,64,[14:45-15:00[,2025-07-26 13:45,1331.834,30454.727,22.867,21140.732,15.873,,,,,4782.9,3.591,1772.269,1.331,2758.826,2.071
26/07/2025,2025-07-26,65,[15:00-15:15[,2025-07-26 14:00,1329.065,31699.716,23.851,21142.315,15.908,,,,,5071.29,3.816,1653.926,1.244,3832.186,2.883
26/07/2025,2025-07-26,66,[15:15-15:30[,2025-07-26 14:15,1327.763,32428.468,24.423,21142.315,15.923,,,,,5071.29,3.819,1788.623,1.347,4426.24,3.334
26/07/2025,2025-07-26,67,[15:30-15:45[,2025-07-26 14:30,1328.364,31999.567,24.089,21142.315,15.916,,,,,5071.29,3.818,1771.921,1.334,4014.042,3.022
26/07/2025,2025-07-26,68,[15:45-16:00[,2025-07-26 14:45,1311.226,27620.373,21.065,21142.315,16.124,,,,,5071.29,3.868,771.515,0.588,635.253,0.484
26/07/2025,2025-07-26,69,[16:00-16:15[,2025-07-26 15:00,1312.418,30508.625,23.246,21138.313,16.106,,,,,5168.9,3.938,610.134,0.465,3591.278,2.736
26/07/2025,2025-07-26,70,[16:15-16:30[,2025-07-26 15:15,1314.69,30046.916,22.855,21138.313,16.079,,,,,5168.9,3.932,599.505,0.456,3140.198,2.389
26/07/2025,2025-07-26,71,[16:30-16:45[,2025-07-26 15:30,1325.811,29822.98,22.494,21138.313,15.944,,,,,5168.9,3.899,711.707,0.537,2804.06,2.115
26/07/2025,2025-07-26,72,[16:45-17:00[,2025-07-26 15:45,1339.033,29042.82,21.689,21138.313,15.786,,,,,5168.9,3.86,576.71,0.431,2158.897,1.612
26/07/2025,2025-07-26,73,[17:00-17:15[,2025-07-26 16:00,1345.934,31341.241,23.286,21041.024,15.633,,,,,6488.56,4.821,537.072,0.399,3274.585,2.433
26/07/2025,2025-07-26,74,[17:15-17:30[,2025-07-26 16:15,1360.993,30939.715,22.733,21041.024,15.46,,,,,6300.656,4.629,670.084,0.492,2927.952,2.151
26/07/2025,2025-07-26,75,[17:30-17:45[,2025-07-26 16:30,1379.792,30602.259,22.179,21041.024,15.249,,,,,6165.6,4.468,808.633,0.586,2587.002,1.875
26/07/2025,2025-07-26,76,[17:45-18:00[,2025-07-26 16:45,1398.107,30819.598,22.044,21041.024,15.05,,,,,5531.424,3.956,691.565,0.495,3555.585,2.543
26/07/2025,2025-07-26,77,[18:00-18:15[,2025-07-26 17:00,1421.472,26699.88,18.783,17307.302,12.176,,,,,7064.33,4.97,799.081,0.562,1529.167,1.076
26/07/2025,2025-07-26,78,[18:15-18:30[,2025-07-26 17:15,1445.11,27151.457,18.789,17307.302,11.976,,,,,6081.776,4.209,744.397,0.515,3017.983,2.088
26/07/2025,2025-07-26,79,[18:30-18:45[,2025-07-26 17:30,1473.309,22255.671,15.106,17307.302,11.747,,,,,3928.32,2.666,725.589,0.492,294.461,0.2
26/07/2025,2025-07-26,80,[18:45-19:00[,2025-07-26 17:45,1503.899,17269.442,11.483,17307.302,11.508,,,,,1847.04,1.228,743.781,0.495,-2628.681,-1.748
26/07/2025,2025-07-26,81,[19:00-19:15[,2025-07-26 18:00,1526.687,24985.098,16.366,10725.579,7.025,,,,,2235.12,1.464,634.359,0.416,11390.04,7.461
26/07/2025,2025-07-26,82,[19:15-19:30[,2025-07-26 18:15,1552.316,17258.87,11.118,10725.579,6.909,,,,,2235.12,1.44,665.905,0.429,3632.266,2.34
26/07/2025,2025-07-26,83,[19:30-19:45[,2025-07-26 18:30,1578.179,14053.716,8.905,10725.579,6.796,,,,,1314.5,0.833,766.08,0.485,1247.557,0.791
26/07/2025,2025-07-26,84,[19:45-20:00[,2025-07-26 18:45,1612.591,20101.007,12.465,10725.579,6.651,,,,,1314.5,0.815,1555.703,0.965,6505.225,4.034
26/07/2025,2025-07-26,85,[20:00-20:15[,2025-07-26 19:00,1625.642,6293.038,3.871,6310.639,3.882,,,,,975.444,0.6,1777.464,1.093,-2770.509,-1.704
26/07/2025,2025-07-26,86,[20:15-20:30[,2025-07-26 19:15,1628.151,7794.836,4.788,6310.639,3.876,,,,,975.444,0.599,1923.573,1.181,-1414.821,-0.869
26/07/2025,2025-07-26,87,[20:30-20:45[,2025-07-26 19:30,1615.831,8817.219,5.457,6310.639,3.906,,,,,975.444,0.604,1669.341,1.033,-138.205,-0.086
26/07/2025,2025-07-26,88,[20:45-21:00[,2025-07-26 19:45,1613.38,11461.951,7.104,6310.639,3.911,,,,,975.444,0.605,1856.827,1.151,2319.042,1.437
26/07/2025,2025-07-26,89,[21:00-21:15[,2025-07-26 20:00,1626.756,5223.789,3.211,5109.863,3.141,,,,,1773.44,1.09,1744.72,1.073,-3404.234,-2.093
26/07/2025,2025-07-26,90,[21:15-21:30[,2025-07-26 20:15,1635.927,7901.65,4.83,5109.863,3.124,,,,,1773.44,1.084,1912.975,1.169,-894.628,-0.547
26/07/2025,2025-07-26,91,[21:30-21:45[,2025-07-26 20:30,1615.457,7349.853,4.55,5109.863,3.163,,,,,1773.44,1.098,1948.748,1.206,-1482.197,-0.918
26/07/2025,2025-07-26,92,[21:45-22:00[,2025-07-26 20:45,1586.044,7149.169,4.508,5109.863,3.222,,,,,1773.44,1.118,1763.821,1.112,-1497.955,-0.944
26/07/2025,2025-07-26,93,[22:00-22:15[,2025-07-26 21:00,1564.193,10708.05,6.846,6991.573,4.47,,,,,1306.4,0.835,1712.216,1.095,697.861,0.446
26/07/2025,2025-07-26,94,[22:15-22:30[,2025-07-26 21:15,1540.695,9243.654,6,6991.573,4.538,,,,,1306.4,0.848,1954.368,1.268,-1008.687,-0.655
26/07/2025,2025-07-26,95,[22:30-22:45[,2025-07-26 21:30,1509.471,8779.929,5.817,6991.573,4.632,,,,,1306.4,0.865,1652.286,1.095,-1170.33,-0.775
26/07/2025,2025-07-26,96,[22:45-23:00[,2025-07-26 21:45,1487.847,9688.211,6.512,6991.573,4.699,,,,,1306.4,0.878,1951.894,1.312,-561.655,-0.377
27/07/2025,2025-07-27,1,[23:00-23:15[,2025-07-26 22:00,1454.952,19660.79,13.513,14851.925,10.208,,,,,3890.7,2.674,1822.393,1.253,-904.228,-0.621
27/07/2025,2025-07-27,2,[23:15-23:30[,2025-07-26 22:15,1430.096,20224.529,14.142,14851.925,10.385,,,,,3890.7,2.721,1977.15,1.383,-495.246,-0.346
27/07/2025,2025-07-27,3,[23:30-23:45[,2025-07-26 22:30,1402.915,20546.601,14.646,14851.925,10.586,,,,,3890.7,2.773,1973.143,1.406,-169.166,-0.121
27/07/2025,2025-07-27,4,[23:45-00:00[,2025-07-26 22:45,1371.977,18073.433,13.173,14851.925,10.825,,,,,2970,2.165,1725.853,1.258,-1474.346,-1.075
27/07/2025,2025-07-27,5,[00:00-00:15[,2025-07-26 23:00,1351.729,20734.49,15.339,15730.53,11.637,,,,,2800,2.071,2016.953,1.492,187.007,0.138
27/07/2025,2025-07-27,6,[00:15-00:30[,2025-07-26 23:15,1322.641,19558.925,14.788,15730.53,11.893,,,,,2800,2.117,1764.27,1.334,-735.875,-0.556
27/07/2025,2025-07-27,7,[00:30-00:45[,2025-07-26 23:30,1307.035,20314.519,15.542,15730.53,12.035,,,,,2800,2.142,2012.03,1.539,-228.041,-0.174
27/07/2025,2025-07-27,8,[00:45-01:00[,2025-07-26 23:45,1289.837,20287.266,15.729,15730.53,12.196,,,,,2845,2.206,2006.579,1.556,-294.842,-0.229
27/07/2025,2025-07-27,9,[01:00-01:15[,2025-07-27 00:00,1265.601,18807.186,14.86,15702.072,12.407,,,,,1886.5,1.491,1824.01,1.441,-605.396,-0.478
27/07/2025,2025-07-27,10,[01:15-01:30[,2025-07-27 00:15,1250.148,19368.652,15.493,15702.072,12.56,,,,,2082.5,1.666,2014.423,1.611,-430.343,-0.344
27/07/2025,2025-07-27,11,[01:30-01:45[,2025-07-27 00:30,1230.947,19928.797,16.19,15702.072,12.756,,,,,2082.5,1.692,2019.317,1.64,124.909,0.101
27/07/2025,2025-07-27,12,[01:45-02:00[,2025-07-27 00:45,1214.676,20353.176,16.756,15702.072,12.927,,,,,2082.5,1.714,2005.424,1.651,563.18,0.464
27/07/2025,2025-07-27,13,[02:00-02:15[,2025-07-27 01:00,1203.591,18653.988,15.499,15706.979,13.05,,,,,2087.4,1.734,2011.012,1.671,-1151.404,-0.957
27/07/2025,2025-07-27,14,[02:15-02:30[,2025-07-27 01:15,1181.116,18145.157,15.363,15706.979,13.298,,,,,2097.2,1.776,1755.439,1.486,-1414.461,-1.198
27/07/2025,2025-07-27,15,[02:30-02:45[,2025-07-27 01:30,1177.908,19669.241,16.698,15706.979,13.335,,,,,2273.6,1.93,2007.721,1.704,-319.059,-0.271
27/07/2025,2025-07-27,16,[02:45-03:00[,2025-07-27 01:45,1164.457,18862.19,16.198,15706.979,13.489,,,,,2239.3,1.923,2007.179,1.724,-1091.268,-0.937
27/07/2025,2025-07-27,17,[03:00-03:15[,2025-07-27 02:00,1148.37,20697.848,18.024,16466.556,14.339,,,,,2522.478,2.197,1886.027,1.642,-177.213,-0.154
27/07/2025,2025-07-27,18,[03:15-03:30[,2025-07-27 02:15,1144.326,21166.154,18.497,16466.556,14.39,,,,,2614.038,2.284,2006.37,1.753,79.19,0.069
27/07/2025,2025-07-27,19,[03:30-03:45[,2025-07-27 02:30,1127.738,20801.724,18.446,16466.556,14.601,,,,,2687.286,2.383,1687.005,1.496,-39.123,-0.035
27/07/2025,2025-07-27,20,[03:45-04:00[,2025-07-27 02:45,1127.285,21259.227,18.859,16466.556,14.607,,,,,2687.286,2.384,2007.662,1.781,97.723,0.087
27/07/2025,2025-07-27,21,[04:00-04:15[,2025-07-27 03:00,1123.959,21148.167,18.816,16486.508,14.668,,,,,3136,2.79,2006.98,1.786,-481.321,-0.428
27/07/2025,2025-07-27,22,[04:15-04:30[,2025-07-27 03:15,1114.692,20623.728,18.502,16486.508,14.79,,,,,3136,2.813,1833.708,1.645,-832.488,-0.747
27/07/2025,2025-07-27,23,[04:30-04:45[,2025-07-27 03:30,1114.508,20754.458,18.622,16486.508,14.793,,,,,3052.7,2.739,2005.919,1.8,-790.668,-0.709
27/07/2025,2025-07-27,24,[04:45-05:00[,2025-07-27 03:45,1105.152,20814.534,18.834,16486.508,14.918,,,,,2959.6,2.678,1776.072,1.607,-407.646,-0.369
27/07/2025,2025-07-27,25,[05:00-05:15[,2025-07-27 04:00,1110.344,21117.559,19.019,16488.553,14.85,,,,,2895.9,2.608,2025.048,1.824,-291.942,-0.263
27/07/2025,2025-07-27,26,[05:15-05:30[,2025-07-27 04:15,1108.736,20921.416,18.87,16488.553,14.871,,,,,2807.7,2.532,2009.079,1.812,-383.916,-0.346
27/07/2025,2025-07-27,27,[05:30-05:45[,2025-07-27 04:30,1101.096,20831.404,18.919,16488.553,14.975,,,,,2807.7,2.55,1751.553,1.591,-216.403,-0.197
27/07/2025,2025-07-27,28,[05:45-06:00[,2025-07-27 04:45,1105.878,21332.388,19.29,16488.553,14.91,,,,,2807.7,2.539,2006.549,1.814,29.585,0.027
27/07/2025,2025-07-27,29,[06:00-06:15[,2025-07-27 05:00,1110.13,21219.187,19.114,16023.244,14.434,,,,,3550.1,3.198,1999.631,1.801,-353.788,-0.319
27/07/2025,2025-07-27,30,[06:15-06:30[,2025-07-27 05:15,1089.657,21411.4,19.65,16023.244,14.705,,,,,3550.1,3.258,1847.389,1.695,-9.333,-0.009
27/07/2025,2025-07-27,31,[06:30-06:45[,2025-07-27 05:30,1084.876,21783.388,20.079,16023.244,14.77,,,,,3550.1,3.272,2001.168,1.845,208.877,0.193
27/07/2025,2025-07-27,32,[06:45-07:00[,2025-07-27 05:45,1084.529,21806.89,20.107,16023.244,14.774,,,,,3720.4,3.43,1801.113,1.661,262.133,0.242
27/07/2025,2025-07-27,33,[07:00-07:15[,2025-07-27 06:00,1102.428,20616.875,18.701,17119.829,15.529,,,,,2350.08,2.132,1854.454,1.682,-707.488,-0.642
27/07/2025,2025-07-27,34,[07:15-07:30[,2025-07-27 06:15,1117.651,22084.929,19.76,17119.829,15.318,,,,,2343.778,2.097,2010.818,1.799,610.503,0.546
27/07/2025,2025-07-27,35,[07:30-07:45[,2025-07-27 06:30,1117.9,23118.718,20.68,17119.829,15.314,,,,,4380.8,3.919,1749.222,1.565,-131.133,-0.117
27/07/2025,2025-07-27,36,[07:45-08:00[,2025-07-27 06:45,1126.598,23706.231,21.042,17119.829,15.196,,,-53.6,-0.048,4380.8,3.889,1996.244,1.772,262.958,0.233
27/07/2025,2025-07-27,37,[08:00-08:15[,2025-07-27 07:00,1136.695,34489.471,30.342,21248.354,18.693,,,8687.52,7.643,3686.528,3.243,1981.558,1.743,-1114.489,-0.98
27/07/2025,2025-07-27,38,[08:15-08:30[,2025-07-27 07:15,1151.948,28791.39,24.994,21248.354,18.446,,,-29.25,-0.025,4939.98,4.288,1868.94,1.622,763.366,0.663
27/07/2025,2025-07-27,39,[08:30-08:45[,2025-07-27 07:30,1162.193,28692.428,24.688,21248.354,18.283,,,-6.75,-0.006,4939.98,4.251,1984.741,1.708,526.103,0.453
27/07/2025,2025-07-27,40,[08:45-09:00[,2025-07-27 07:45,1163.36,28932.673,24.87,21248.354,18.265,,,-322.5,-0.277,4939.98,4.246,1732.391,1.489,1334.448,1.147
27/07/2025,2025-07-27,41,[09:00-09:15[,2025-07-27 08:00,1189.011,39814.448,33.485,21755.834,18.297,,,-5604,-4.713,4716,3.966,1957.295,1.646,16989.32,14.289
27/07/2025,2025-07-27,42,[09:15-09:30[,2025-07-27 08:15,1198.492,52810.253,44.064,21755.834,18.153,,,-2254.338,-1.881,4716,3.935,1951.906,1.629,26640.851,22.229
27/07/2025,2025-07-27,43,[09:30-09:45[,2025-07-27 08:30,1194.667,48230.69,40.372,21755.834,18.211,,,211.788,0.177,4716,3.948,1493.031,1.25,20054.038,16.786
27/07/2025,2025-07-27,44,[09:45-10:00[,2025-07-27 08:45,1213.161,34417.915,28.37,21755.834,17.933,,,,,4716,3.887,1928.376,1.59,6017.706,4.96
27/07/2025,2025-07-27,45,[10:00-10:15[,2025-07-27 09:00,1229.731,31625.486,25.717,21758.788,17.694,,,,,5052.06,4.108,1835.909,1.493,2978.729,2.422
27/07/2025,2025-07-27,46,[10:15-10:30[,2025-07-27 09:15,1239.968,30665.711,24.731,21758.788,17.548,,,,,5052.06,4.074,1796.227,1.449,2058.636,1.66
27/07/2025,2025-07-27,47,[10:30-10:45[,2025-07-27 09:30,1251.838,31189.269,24.915,21758.788,17.381,,,,,5052.06,4.036,1851.602,1.479,2526.819,2.018
27/07/2025,2025-07-27,48,[10:45-11:00[,2025-07-27 09:45,1250.012,34645.018,27.716,21758.788,17.407,,,,,5052.06,4.042,1502.83,1.202,6331.34,5.065
27/07/2025,2025-07-27,49,[11:00-11:15[,2025-07-27 10:00,1272.359,31463.559,24.729,21758.788,17.101,,,,,5963.6,4.687,1791.486,1.408,1949.685,1.532
27/07/2025,2025-07-27,50,[11:15-11:30[,2025-07-27 10:15,1284.018,31961.544,24.892,21758.788,16.946,,,,,5963.6,4.644,1793.845,1.397,2445.311,1.904
27/07/2025,2025-07-27,51,[11:30-11:45[,2025-07-27 10:30,1286.806,31110.517,24.177,21758.788,16.909,,,,,5963.6,4.634,1433.038,1.114,1955.091,1.519
27/07/2025,2025-07-27,52,[11:45-12:00[,2025-07-27 10:45,1301.717,32503.426,24.97,21758.788,16.715,,,,,5963.6,4.581,1779.956,1.367,3001.082,2.305
27/07/2025,2025-07-27,53,[12:00-12:15[,2025-07-27 11:00,1309.188,31847.572,24.326,21758.785,16.62,,,,,5952.4,4.547,1585.537,1.211,2550.85,1.948
27/07/2025,2025-07-27,54,[12:15-12:30[,2025-07-27 11:15,1315.485,30574.094,23.242,21758.785,16.541,,,,,5952.4,4.525,1693.379,1.287,1169.53,0.889
27/07/2025,2025-07-27,55,[12:30-12:45[,2025-07-27 11:30,1312.8,30662.32,23.356,21758.785,16.574,,,,,5952.4,4.534,1685.527,1.284,1265.608,0.964
27/07/2025,2025-07-27,56,[12:45-13:00[,2025-07-27 11:45,1300.662,31094.983,23.907,21758.785,16.729,,,,,5952.4,4.576,1565.552,1.204,1818.247,1.398
27/07/2025,2025-07-27,57,[13:00-13:15[,2025-07-27 12:00,1289.44,32710.583,25.368,21762.939,16.878,,,,,5894.4,4.571,1647.442,1.278,3405.801,2.641
27/07/2025,2025-07-27,58,[13:15-13:30[,2025-07-27 12:15,1269.347,32674.895,25.741,21762.939,17.145,,,,,5894.4,4.644,1490.142,1.174,3527.414,2.779
27/07/2025,2025-07-27,59,[13:30-13:45[,2025-07-27 12:30,1261.184,33277.724,26.386,21762.939,17.256,,,,,5894.4,4.674,1648.616,1.307,3971.769,3.149
27/07/2025,2025-07-27,60,[13:45-14:00[,2025-07-27 12:45,1252.662,31932.091,25.491,21762.939,17.373,,,,,5894.4,4.705,1654.933,1.321,2619.819,2.091
27/07/2025,2025-07-27,61,[14:00-14:15[,2025-07-27 13:00,1243.271,38194.541,30.721,21833.363,17.561,,,,,5810.94,4.674,1451.984,1.168,9098.254,7.318
27/07/2025,2025-07-27,62,[14:15-14:30[,2025-07-27 13:15,1241.723,41031.024,33.044,21833.363,17.583,,,,,5810.94,4.68,1891.61,1.523,11495.112,9.257
27/07/2025,2025-07-27,63,[14:30-14:45[,2025-07-27 13:30,1234.744,41452.005,33.571,21833.363,17.683,,,,,5810.94,4.706,1762.473,1.427,12045.23,9.755
27/07/2025,2025-07-27,64,[14:45-15:00[,2025-07-27 13:45,1233.76,40798.84,33.069,21833.363,17.697,,,,,5810.94,4.71,1898.557,1.539,11255.98,9.123
27/07/2025,2025-07-27,65,[15:00-15:15[,2025-07-27 14:00,1232.932,32434.44,26.307,21847.719,17.72,,,,,5623.92,4.561,1906.815,1.547,3055.986,2.479
27/07/2025,2025-07-27,66,[15:15-15:30[,2025-07-27 14:15,1225.286,43210.102,35.265,21847.719,17.831,,,,,5623.92,4.59,1699.508,1.387,14038.956,11.458
27/07/2025,2025-07-27,67,[15:30-15:45[,2025-07-27 14:30,1227.753,42230.535,34.397,21847.719,17.795,,,,,5623.92,4.581,1913.886,1.559,12845.01,10.462
27/07/2025,2025-07-27,68,[15:45-16:00[,2025-07-27 14:45,1223.324,42319.432,34.594,21847.719,17.859,,,,,5623.92,4.597,1762.082,1.44,13085.711,10.697
27/07/2025,2025-07-27,69,[16:00-16:15[,2025-07-27 15:00,1230.404,30582.067,24.855,21833.319,17.745,,,,,4977.07,4.045,1784.231,1.45,1987.447,1.615
27/07/2025,2025-07-27,70,[16:15-16:30[,2025-07-27 15:15,1235.405,31074.405,25.153,21833.319,17.673,,,,,4977.07,4.029,1929.649,1.562,2334.367,1.89
27/07/2025,2025-07-27,71,[16:30-16:45[,2025-07-27 15:30,1241.105,32136.291,25.893,21833.319,17.592,,,,,4977.07,4.01,1734.343,1.397,3591.559,2.894
27/07/2025,2025-07-27,72,[16:45-17:00[,2025-07-27 15:45,1261.034,35709.086,28.317,21833.319,17.314,,,,,4977.07,3.947,1944.985,1.542,6953.712,5.514
27/07/2025,2025-07-27,73,[17:00-17:15[,2025-07-27 16:00,1266.065,27488.237,21.712,21759.855,17.187,,,,,4747.68,3.75,860.664,0.68,120.039,0.095
27/07/2025,2025-07-27,74,[17:15-17:30[,2025-07-27 16:15,1276.237,28529.726,22.355,21759.855,17.05,,,,,4747.68,3.72,873.548,0.684,1148.643,0.9
27/07/2025,2025-07-27,75,[17:30-17:45[,2025-07-27 16:30,1294.031,27735.362,21.433,21759.855,16.816,,,,,4747.68,3.669,882.477,0.682,345.35,0.267
27/07/2025,2025-07-27,76,[17:45-18:00[,2025-07-27 16:45,1313.103,26467.02,20.156,21759.855,16.571,,,,,4747.68,3.616,892.634,0.68,-933.148,-0.711
27/07/2025,2025-07-27,77,[18:00-18:15[,2025-07-27 17:00,1340.707,27512.721,20.521,21112.976,15.748,,,,,6545.88,4.882,849.099,0.633,-995.235,-0.742
27/07/2025,2025-07-27,78,[18:15-18:30[,2025-07-27 17:15,1367.03,28121.442,20.571,21112.976,15.444,,,,,5848.164,4.278,881.285,0.645,279.017,0.204
27/07/2025,2025-07-27,79,[18:30-18:45[,2025-07-27 17:30,1395.031,28094.262,20.139,21112.976,15.134,,,,,4613.104,3.307,879.508,0.63,1488.674,1.067
27/07/2025,2025-07-27,80,[18:45-19:00[,2025-07-27 17:45,1419.363,25118.982,17.697,21112.976,14.875,,,,,2645.52,1.864,882.473,0.622,478.012,0.337
27/07/2025,2025-07-27,81,[19:00-19:15[,2025-07-27 18:00,1462.279,22623.836,15.472,18673.779,12.77,,,,,2981.12,2.039,1928.166,1.319,-959.229,-0.656
27/07/2025,2025-07-27,82,[19:15-19:30[,2025-07-27 18:15,1490.939,21630.851,14.508,18673.779,12.525,,,,,2981.12,1.999,2070.557,1.389,-2094.606,-1.405
27/07/2025,2025-07-27,83,[19:30-19:45[,2025-07-27 18:30,1513.258,23496.708,15.527,18673.779,12.34,,,,,2311.764,1.528,2067.571,1.366,443.594,0.293
27/07/2025,2025-07-27,84,[19:45-20:00[,2025-07-27 18:45,1524.615,19561.326,12.83,18673.779,12.248,,,,,2014.58,1.321,1888.121,1.238,-3015.154,-1.978
27/07/2025,2025-07-27,85,[20:00-20:15[,2025-07-27 19:00,1545.23,19632.998,12.706,15956.535,10.326,,,,,2715,1.757,2083.523,1.348,-1122.06,-0.726
27/07/2025,2025-07-27,86,[20:15-20:30[,2025-07-27 19:15,1557.517,19551.069,12.553,15956.535,10.245,,,,,2840,1.823,2244.541,1.441,-1490.008,-0.957
27/07/2025,2025-07-27,87,[20:30-20:45[,2025-07-27 19:30,1554.011,18155.431,11.683,15956.535,10.268,,,,,2840,1.828,1913.522,1.231,-2554.627,-1.644
27/07/2025,2025-07-27,88,[20:45-21:00[,2025-07-27 19:45,1566.282,22493.685,14.361,15956.535,10.188,,,,,2840,1.813,2247.475,1.435,1449.675,0.926
27/07/2025,2025-07-27,89,[21:00-21:15[,2025-07-27 20:00,1584.137,15117.834,9.543,12922.744,8.158,,,,,4257.5,2.688,2077.662,1.312,-4140.072,-2.613
27/07/2025,2025-07-27,90,[21:15-21:30[,2025-07-27 20:15,1594.515,17698.082,11.099,12922.744,8.104,,,,,4257.5,2.67,2156.765,1.353,-1638.927,-1.028
27/07/2025,2025-07-27,91,[21:30-21:45[,2025-07-27 20:30,1584.077,17034.573,10.754,12922.744,8.158,,,,,4257.5,2.688,2257.343,1.425,-2403.014,-1.517
27/07/2025,2025-07-27,92,[21:45-22:00[,2025-07-27 20:45,1559.619,18107.205,11.61,12922.744,8.286,,,,,4061,2.604,1869.292,1.199,-745.831,-0.478
27/07/2025,2025-07-27,93,[22:00-22:15[,2025-07-27 21:00,1550.943,20780.798,13.399,15537.582,10.018,,,,,4283.7,2.762,2265.41,1.461,-1305.893,-0.842
27/07/2025,2025-07-27,94,[22:15-22:30[,2025-07-27 21:15,1526.825,20425.787,13.378,15537.582,10.176,,,,,4283.7,2.806,2266.807,1.485,-1662.302,-1.089
27/07/2025,2025-07-27,95,[22:30-22:45[,2025-07-27 21:30,1493.004,17963.808,12.032,15537.582,10.407,,,,,3139,2.102,2055.149,1.377,-2767.924,-1.854
27/07/2025,2025-07-27,96,[22:45-23:00[,2025-07-27 21:45,1475.318,20488.042,13.887,15537.582,10.532,,,,,3649.32,2.474,2266.796,1.536,-965.656,-0.655
28/07/2025,2025-07-28,1,[23:00-23:15[,2025-07-27 22:00,1445.381,13143.178,9.093,14670.92,10.15,,,,,1297.794,0.898,2241.883,1.551,-5067.418,-3.506
28/07/2025,2025-07-28,2,[23:15-23:30[,2025-07-27 22:15,1418.22,16345.539,11.525,14670.92,10.345,,,,,1682.984,1.187,2269.928,1.601,-2278.292,-1.606
28/07/2025,2025-07-28,3,[23:30-23:45[,2025-07-27 22:30,1388.868,18196.324,13.102,14670.92,10.563,,,,,1773.2,1.277,2266.964,1.632,-514.76,-0.371
28/07/2025,2025-07-28,4,[23:45-00:00[,2025-07-27 22:45,1354.787,18553.721,13.695,14670.92,10.829,,,,,1773.2,1.309,2013.525,1.486,96.076,0.071
28/07/2025,2025-07-28,5,[00:00-00:15[,2025-07-27 23:00,1340.967,16180.502,12.066,15352.726,11.449,,,,,1805.16,1.346,2270.42,1.693,-3247.804,-2.422
28/07/2025,2025-07-28,6,[00:15-00:30[,2025-07-27 23:15,1316.514,17096.021,12.986,15352.726,11.662,,,,,1805.16,1.371,2349.599,1.785,-2411.465,-1.832
28/07/2025,2025-07-28,7,[00:30-00:45[,2025-07-27 23:30,1292.758,19473.951,15.064,15352.726,11.876,,,,,1805.16,1.396,2182.842,1.689,133.223,0.103
28/07/2025,2025-07-28,8,[00:45-01:00[,2025-07-27 23:45,1278.697,18029.92,14.1,15352.726,12.007,,,,,1805.16,1.412,2353.338,1.84,-1481.304,-1.158
28/07/2025,2025-07-28,9,[01:00-01:15[,2025-07-28 00:00,1256.584,19471.882,15.496,15754.32,12.537,,,,,1738.4,1.383,2178.366,1.734,-199.204,-0.159
28/07/2025,2025-07-28,10,[01:15-01:30[,2025-07-28 00:15,1241.261,19805.742,15.956,15754.32,12.692,,,,,1738.4,1.401,2312.468,1.863,0.554,0
28/07/2025,2025-07-28,11,[01:30-01:45[,2025-07-28 00:30,1228.915,19584.252,15.936,15754.32,12.82,,,,,1738.4,1.415,2373.877,1.932,-282.345,-0.23
28/07/2025,2025-07-28,12,[01:45-02:00[,2025-07-28 00:45,1209.268,18181.912,15.035,15754.32,13.028,,,,,1738.4,1.438,2143.14,1.772,-1453.948,-1.202
28/07/2025,2025-07-28,13,[02:00-02:15[,2025-07-28 01:00,1206.616,19319.214,16.011,16678.986,13.823,,,,,1917.6,1.589,2370.931,1.965,-1648.302,-1.366
28/07/2025,2025-07-28,14,[02:15-02:30[,2025-07-28 01:15,1191.869,20582.008,17.269,16678.986,13.994,,,,,1917.6,1.609,2220.099,1.863,-234.677,-0.197
28/07/2025,2025-07-28,15,[02:30-02:45[,2025-07-28 01:30,1186.418,20877.583,17.597,16678.986,14.058,,,,,1917.6,1.616,2313.343,1.95,-32.346,-0.027
28/07/2025,2025-07-28,16,[02:45-03:00[,2025-07-28 01:45,1180.669,21025.588,17.808,16678.986,14.127,,,,,1917.6,1.624,2341.271,1.983,87.731,0.074
28/07/2025,2025-07-28,17,[03:00-03:15[,2025-07-28 02:00,1168.603,22509.002,19.261,17812.625,15.243,,,,,2514.96,2.152,2127.524,1.821,53.893,0.046
28/07/2025,2025-07-28,18,[03:15-03:30[,2025-07-28 02:15,1167.174,22789.607,19.525,17812.625,15.261,,,,,2514.96,2.155,2373.075,2.033,88.947,0.076
28/07/2025,2025-07-28,19,[03:30-03:45[,2025-07-28 02:30,1161.008,20654.79,17.79,17812.625,15.342,,,,,2514.96,2.166,2363.13,2.035,-2035.926,-1.754
28/07/2025,2025-07-28,20,[03:45-04:00[,2025-07-28 02:45,1155.714,22266.148,19.266,17812.625,15.413,,,,,2514.96,2.176,2347.623,2.031,-409.06,-0.354
28/07/2025,2025-07-28,21,[04:00-04:15[,2025-07-28 03:00,1158.337,20406.128,17.617,16680.26,14.4,,,,,2548,2.2,2379.795,2.054,-1201.926,-1.038
28/07/2025,2025-07-28,22,[04:15-04:30[,2025-07-28 03:15,1150.925,21078.286,18.314,16680.26,14.493,,,,,2548,2.214,2210.27,1.92,-360.244,-0.313
28/07/2025,2025-07-28,23,[04:30-04:45[,2025-07-28 03:30,1153.633,19702.058,17.078,16680.26,14.459,,,,,2548,2.209,2425.424,2.102,-1951.626,-1.692
28/07/2025,2025-07-28,24,[04:45-05:00[,2025-07-28 03:45,1154.306,21153.11,18.325,16680.26,14.45,,,,,2142.81,1.856,2425.527,2.101,-95.487,-0.083
28/07/2025,2025-07-28,25,[05:00-05:15[,2025-07-28 04:00,1157.914,20411.622,17.628,15757.575,13.609,,,,,2709.3,2.34,2081.049,1.797,-136.302,-0.118
28/07/2025,2025-07-28,26,[05:15-05:30[,2025-07-28 04:15,1173.377,20327.746,17.324,15757.575,13.429,,,,,2157.588,1.839,2445.214,2.084,-32.63,-0.028
28/07/2025,2025-07-28,27,[05:30-05:45[,2025-07-28 04:30,1179.185,19135.289,16.228,15757.575,13.363,,,,,2128.032,1.805,2292.872,1.944,-1043.189,-0.885
28/07/2025,2025-07-28,28,[05:45-06:00[,2025-07-28 04:45,1197.182,18769.044,15.678,15757.575,13.162,,,,,2113.254,1.765,2446.118,2.043,-1547.903,-1.293
28/07/2025,2025-07-28,29,[06:00-06:15[,2025-07-28 05:00,1233.962,17756.787,14.39,14612.328,11.842,,,,,2565.88,2.079,2391.87,1.938,-1813.292,-1.469
28/07/2025,2025-07-28,30,[06:15-06:30[,2025-07-28 05:15,1238.186,18159.125,14.666,14612.328,11.801,,,,,2314.87,1.87,2176.918,1.758,-944.991,-0.763
28/07/2025,2025-07-28,31,[06:30-06:45[,2025-07-28 05:30,1260.328,17637.838,13.995,14612.328,11.594,,,,,2359.494,1.872,2323.098,1.843,-1657.082,-1.315
28/07/2025,2025-07-28,32,[06:45-07:00[,2025-07-28 05:45,1283.515,20776.992,16.188,14612.328,11.385,,,,,2565.88,1.999,2210.516,1.722,1388.268,1.082
28/07/2025,2025-07-28,33,[07:00-07:15[,2025-07-28 06:00,1338.549,15225.123,11.374,13776.337,10.292,,,,,2696.3,2.014,2295.482,1.715,-3542.995,-2.647
28/07/2025,2025-07-28,34,[07:15-07:30[,2025-07-28 06:15,1377.615,16920.785,12.283,13776.337,10,,,,,2696.3,1.957,2313.905,1.68,-1865.757,-1.354
28/07/2025,2025-07-28,35,[07:30-07:45[,2025-07-28 06:30,1399.053,15948.589,11.4,13776.337,9.847,,,,,2549.146,1.822,2030.112,1.451,-2407.006,-1.72
28/07/2025,2025-07-28,36,[07:45-08:00[,2025-07-28 06:45,1439.321,16707.834,11.608,13776.337,9.571,,,,,3460.8,2.404,2239.417,1.556,-2768.72,-1.924
28/07/2025,2025-07-28,37,[08:00-08:15[,2025-07-28 07:00,1506.806,23215.626,15.407,17944.464,11.909,,,,,5536.44,3.674,2182.788,1.449,-2448.066,-1.625
28/07/2025,2025-07-28,38,[08:15-08:30[,2025-07-28 07:15,1550.551,27954.574,18.029,17944.464,11.573,,,,,5536.44,3.571,2185.958,1.41,2287.712,1.475
28/07/2025,2025-07-28,39,[08:30-08:45[,2025-07-28 07:30,1584.73,24772.78,15.632,17944.464,11.323,,,,,5536.44,3.494,2206.808,1.393,-914.932,-0.577
28/07/2025,2025-07-28,40,[08:45-09:00[,2025-07-28 07:45,1599.308,25768.364,16.112,17944.464,11.22,,,,,5536.44,3.462,2107.538,1.318,179.921,0.112
28/07/2025,2025-07-28,41,[09:00-09:15[,2025-07-28 08:00,1617.113,28187.666,17.431,21161.564,13.086,,,,,4868.192,3.01,2047.86,1.266,110.05,0.068
28/07/2025,2025-07-28,42,[09:15-09:30[,2025-07-28 08:15,1618.004,29477.657,18.219,21161.564,13.079,,,,,5546.556,3.428,2030.017,1.255,739.52,0.457
28/07/2025,2025-07-28,43,[09:30-09:45[,2025-07-28 08:30,1612.376,28149.097,17.458,21161.564,13.124,,,,,5752.308,3.568,1927.766,1.196,-692.541,-0.43
28/07/2025,2025-07-28,44,[09:45-10:00[,2025-07-28 08:45,1613.439,31228.074,19.355,21161.564,13.116,,,,,6089.15,3.774,2004.953,1.243,1972.407,1.222
28/07/2025,2025-07-28,45,[10:00-10:15[,2025-07-28 09:00,1605.054,29956.04,18.664,21478.651,13.382,,,,,6500.7,4.05,1895.081,1.181,81.608,0.051
28/07/2025,2025-07-28,46,[10:15-10:30[,2025-07-28 09:15,1608.768,32191.313,20.01,21478.651,13.351,,,,,6500.7,4.041,1944.025,1.208,2267.937,1.41
28/07/2025,2025-07-28,47,[10:30-10:45[,2025-07-28 09:30,1612.54,30276.393,18.776,21478.651,13.32,,,,,6500.7,4.031,1961.121,1.216,335.921,0.208
28/07/2025,2025-07-28,48,[10:45-11:00[,2025-07-28 09:45,1608.275,30245.969,18.806,21478.651,13.355,,,,,6500.7,4.042,1772.012,1.102,494.606,0.308
28/07/2025,2025-07-28,49,[11:00-11:15[,2025-07-28 10:00,1618.326,31256.516,19.314,21810.61,13.477,,,,,6515.6,4.026,1908.448,1.179,1021.858,0.631
28/07/2025,2025-07-28,50,[11:15-11:30[,2025-07-28 10:15,1623.419,30944.455,19.061,21810.61,13.435,,,49.487,0.03,6515.6,4.014,1968.842,1.213,599.917,0.37
28/07/2025,2025-07-28,51,[11:30-11:45[,2025-07-28 10:30,1621.497,30877.514,19.043,21810.61,13.451,,,,,6515.6,4.018,1598.207,0.986,953.097,0.588
28/07/2025,2025-07-28,52,[11:45-12:00[,2025-07-28 10:45,1627.42,32312.587,19.855,21810.61,13.402,,,,,6515.6,4.004,1979.509,1.216,2006.868,1.233
28/07/2025,2025-07-28,53,[12:00-12:15[,2025-07-28 11:00,1615.057,30766.515,19.05,21862.529,13.537,,,0.783,0,4795.98,2.97,1863.465,1.154,2243.758,1.389
28/07/2025,2025-07-28,54,[12:15-12:30[,2025-07-28 11:15,1609.599,32108.961,19.948,21862.529,13.583,,,,,4795.98,2.98,1791.973,1.113,3658.479,2.273
28/07/2025,2025-07-28,55,[12:30-12:45[,2025-07-28 11:30,1597.922,32273.461,20.197,21862.529,13.682,,,,,4795.98,3.001,1913.354,1.197,3701.598,2.317
28/07/2025,2025-07-28,56,[12:45-13:00[,2025-07-28 11:45,1582.737,32487.339,20.526,21862.529,13.813,,,,,4795.98,3.03,1743.954,1.102,4084.876,2.581
28/07/2025,2025-07-28,57,[13:00-13:15[,2025-07-28 12:00,1580.283,33741.203,21.351,21902.119,13.86,,,,,4927.52,3.118,1956.54,1.238,4955.023,3.136
28/07/2025,2025-07-28,58,[13:15-13:30[,2025-07-28 12:15,1573.433,31056.105,19.738,21902.119,13.92,,,,,4927.52,3.132,1688.123,1.073,2538.343,1.613
28/07/2025,2025-07-28,59,[13:30-13:45[,2025-07-28 12:30,1577.652,30034.713,19.038,21902.119,13.883,,,,,4927.52,3.123,1138.452,0.722,2066.622,1.31
28/07/2025,2025-07-28,60,[13:45-14:00[,2025-07-28 12:45,1598.274,31213.583,19.53,21902.119,13.704,,,,,4927.52,3.083,1937.945,1.213,2445.999,1.53
28/07/2025,2025-07-28,61,[14:00-14:15[,2025-07-28 13:00,1619.607,33165.018,20.477,21980.801,13.572,,,,,5576.12,3.443,2002.538,1.236,3605.559,2.226
28/07/2025,2025-07-28,62,[14:15-14:30[,2025-07-28 13:15,1622.318,33481.714,20.638,21980.801,13.549,,,,,5576.12,3.437,1788.361,1.102,4136.433,2.55
28/07/2025,2025-07-28,63,[14:30-14:45[,2025-07-28 13:30,1629.136,34297.227,21.052,21980.801,13.492,,,,,5576.12,3.423,1963.57,1.205,4776.737,2.932
28/07/2025,2025-07-28,64,[14:45-15:00[,2025-07-28 13:45,1632.042,33950.606,20.803,21980.801,13.468,,,,,5576.12,3.417,1870.246,1.146,4523.439,2.772
28/07/2025,2025-07-28,65,[15:00-15:15[,2025-07-28 14:00,1637.485,31251.233,19.085,21980.865,13.424,,,,,5900.51,3.603,1954.164,1.193,1415.693,0.865
28/07/2025,2025-07-28,66,[15:15-15:30[,2025-07-28 14:15,1647.195,31094.832,18.877,21980.865,13.344,,,,,5900.51,3.582,2053.031,1.246,1160.425,0.704
28/07/2025,2025-07-28,67,[15:30-15:45[,2025-07-28 14:30,1641.627,28962.618,17.643,21980.865,13.39,,,,,5900.51,3.594,1630.568,0.993,-549.325,-0.335
28/07/2025,2025-07-28,68,[15:45-16:00[,2025-07-28 14:45,1651.408,31392.705,19.01,21980.865,13.31,,,,,5900.51,3.573,1899.894,1.15,1611.435,0.976
28/07/2025,2025-07-28,69,[16:00-16:15[,2025-07-28 15:00,1657.746,30660.616,18.495,21856.841,13.185,,,,,6402.81,3.862,2006.648,1.21,394.317,0.238
28/07/2025,2025-07-28,70,[16:15-16:30[,2025-07-28 15:15,1665.502,30932.754,18.573,21856.841,13.123,,,,,6402.81,3.844,1794.106,1.077,878.997,0.528
28/07/2025,2025-07-28,71,[16:30-16:45[,2025-07-28 15:30,1683.736,30503.563,18.117,21856.841,12.981,,,,,6402.81,3.803,2052.692,1.219,191.22,0.114
28/07/2025,2025-07-28,72,[16:45-17:00[,2025-07-28 15:45,1683.686,29745.654,17.667,21856.841,12.982,,,,,6402.81,3.803,1675.131,0.995,-189.128,-0.112
28/07/2025,2025-07-28,73,[17:00-17:15[,2025-07-28 16:00,1667.849,28220.263,16.92,21480.442,12.879,,,,,6379.7,3.825,968.771,0.581,-608.65,-0.365
28/07/2025,2025-07-28,74,[17:15-17:30[,2025-07-28 16:15,1673.159,28166.142,16.834,21480.442,12.838,,,,,6379.7,3.813,931.64,0.557,-625.64,-0.374
28/07/2025,2025-07-28,75,[17:30-17:45[,2025-07-28 16:30,1682.271,28526.297,16.957,21480.442,12.769,,,,,6379.7,3.792,944.079,0.561,-277.924,-0.165
28/07/2025,2025-07-28,76,[17:45-18:00[,2025-07-28 16:45,1696.472,28970.244,17.077,21480.442,12.662,,,,,6379.7,3.761,885.242,0.522,224.859,0.133
28/07/2025,2025-07-28,77,[18:00-18:15[,2025-07-28 17:00,1698.602,27290.69,16.067,20172.654,11.876,,,,,7248.06,4.267,860.93,0.507,-990.954,-0.583
28/07/2025,2025-07-28,78,[18:15-18:30[,2025-07-28 17:15,1716.843,27874.691,16.236,20172.654,11.75,,,,,7248.06,4.222,894.913,0.521,-440.936,-0.257
28/07/2025,2025-07-28,79,[18:30-18:45[,2025-07-28 17:30,1738.462,28490.695,16.388,20172.654,11.604,,,,,6112.17,3.516,866.769,0.499,1339.103,0.77
28/07/2025,2025-07-28,80,[18:45-19:00[,2025-07-28 17:45,1770.027,29432.11,16.628,20172.654,11.397,,,,,6112.17,3.453,861.275,0.487,2286.012,1.292
28/07/2025,2025-07-28,81,[19:00-19:15[,2025-07-28 18:00,1795.291,20881.693,11.631,15096.786,8.409,,,,,2399.32,1.336,813.776,0.453,2571.812,1.433
28/07/2025,2025-07-28,82,[19:15-19:30[,2025-07-28 18:15,1818.458,17392.891,9.565,15096.786,8.302,,,,,2399.32,1.319,783.471,0.431,-886.686,-0.488
28/07/2025,2025-07-28,83,[19:30-19:45[,2025-07-28 18:30,1846.977,16836.72,9.116,15096.786,8.174,,,,,1498.976,0.812,831.755,0.45,-590.797,-0.32
28/07/2025,2025-07-28,84,[19:45-20:00[,2025-07-28 18:45,1870.807,18119.37,9.685,15096.786,8.07,,,,,1589.604,0.85,863.255,0.461,569.726,0.305
28/07/2025,2025-07-28,85,[20:00-20:15[,2025-07-28 19:00,1874.214,14237.848,7.597,14067.18,7.506,,,,,882.9,0.471,880.089,0.47,-1592.321,-0.85
28/07/2025,2025-07-28,86,[20:15-20:30[,2025-07-28 19:15,1865.723,16452.654,8.818,14067.18,7.54,,,,,882.9,0.473,887.018,0.475,615.556,0.33
28/07/2025,2025-07-28,87,[20:30-20:45[,2025-07-28 19:30,1855.018,16370.57,8.825,14067.18,7.583,,,,,882.9,0.476,902.473,0.487,518.017,0.279
28/07/2025,2025-07-28,88,[20:45-21:00[,2025-07-28 19:45,1849.53,15234.62,8.237,14067.18,7.606,,,,,882.9,0.477,910.177,0.492,-625.637,-0.338
28/07/2025,2025-07-28,89,[21:00-21:15[,2025-07-28 20:00,1862.246,12531.171,6.729,12660.158,6.798,,,,,1469.6,0.789,935.937,0.503,-2534.524,-1.361
28/07/2025,2025-07-28,90,[21:15-21:30[,2025-07-28 20:15,1864.045,13525.397,7.256,12660.158,6.792,,,,,1469.6,0.788,968.335,0.519,-1572.696,-0.844
28/07/2025,2025-07-28,91,[21:30-21:45[,2025-07-28 20:30,1835.642,14914.97,8.125,12660.158,6.897,,,,,1469.6,0.801,906.293,0.494,-121.081,-0.066
28/07/2025,2025-07-28,92,[21:45-22:00[,2025-07-28 20:45,1804.125,14247.14,7.897,12660.158,7.017,,,,,1469.6,0.815,979.103,0.543,-861.721,-0.478
28/07/2025,2025-07-28,93,[22:00-22:15[,2025-07-28 21:00,1770.771,17472.79,9.867,14982.108,8.461,,,,,1644.5,0.929,994.268,0.561,-148.085,-0.084
28/07/2025,2025-07-28,94,[22:15-22:30[,2025-07-28 21:15,1738.451,17219.947,9.905,14982.108,8.618,,,,,1933.932,1.112,981.099,0.564,-677.191,-0.39
28/07/2025,2025-07-28,95,[22:30-22:45[,2025-07-28 21:30,1700.834,17492.377,10.285,14982.108,8.809,,,,,2117.2,1.245,929.463,0.546,-536.393,-0.315
28/07/2025,2025-07-28,96,[22:45-23:00[,2025-07-28 21:45,1662.186,15968.081,9.607,14982.108,9.013,,,,,2218.32,1.335,996.663,0.6,-2229.01,-1.341
29/07/2025,2025-07-29,1,[23:00-23:15[,2025-07-28 22:00,1635.839,19205.702,11.741,16331.574,9.984,,,,,888.9,0.543,1862.542,1.139,122.686,0.075
29/07/2025,2025-07-29,2,[23:15-23:30[,2025-07-28 22:15,1603.994,19371.233,12.077,16331.574,10.182,,,,,1137.792,0.709,2066.333,1.288,-164.467,-0.103
29/07/2025,2025-07-29,3,[23:30-23:45[,2025-07-28 22:30,1571.357,17393.052,11.069,16331.574,10.393,,,,,2346.84,1.494,2044.56,1.301,-3329.923,-2.119
29/07/2025,2025-07-29,4,[23:45-00:00[,2025-07-28 22:45,1528.708,17689.225,11.571,16331.574,10.683,,,,,2346.84,1.535,1728.926,1.131,-2718.114,-1.778
29/07/2025,2025-07-29,5,[00:00-00:15[,2025-07-28 23:00,1498.541,21216.525,14.158,17937.637,11.97,,,,,1889.58,1.261,2183.127,1.457,-793.819,-0.53
29/07/2025,2025-07-29,6,[00:15-00:30[,2025-07-28 23:15,1469.568,22086.381,15.029,17937.637,12.206,,,,,3155.026,2.147,2037.62,1.387,-1043.902,-0.71
29/07/2025,2025-07-29,7,[00:30-00:45[,2025-07-28 23:30,1443.63,24530.899,16.993,17937.637,12.425,,,,,3366.888,2.332,1784.515,1.236,1441.859,0.999
29/07/2025,2025-07-29,8,[00:45-01:00[,2025-07-28 23:45,1431.464,25691.318,17.948,17937.637,12.531,,,,,3968.118,2.772,2176.176,1.52,1609.387,1.124
29/07/2025,2025-07-29,9,[01:00-01:15[,2025-07-29 00:00,1408.735,22653.424,16.081,18345.115,13.022,,,,,2700,1.917,2163.24,1.536,-554.932,-0.394
29/07/2025,2025-07-29,10,[01:15-01:30[,2025-07-29 00:15,1380.472,21958.915,15.907,18345.115,13.289,,,,,2700,1.956,1810.211,1.311,-896.412,-0.649
29/07/2025,2025-07-29,11,[01:30-01:45[,2025-07-29 00:30,1368.891,19321.045,14.114,18345.115,13.401,,,,,2700,1.972,2199.534,1.607,-3923.604,-2.866
29/07/2025,2025-07-29,12,[01:45-02:00[,2025-07-29 00:45,1345.858,20870.333,15.507,18345.115,13.631,,,,,2700,2.006,1955.52,1.453,-2130.302,-1.583
29/07/2025,2025-07-29,13,[02:00-02:15[,2025-07-29 01:00,1336.262,21853.125,16.354,18657.024,13.962,,,,,3753.4,2.809,2188.584,1.638,-2745.883,-2.055
29/07/2025,2025-07-29,14,[02:15-02:30[,2025-07-29 01:15,1325.361,22311.894,16.835,18657.024,14.077,,,,,3983.7,3.006,2199.242,1.659,-2528.072,-1.907
29/07/2025,2025-07-29,15,[02:30-02:45[,2025-07-29 01:30,1307.101,23525.945,17.999,18657.024,14.274,,,,,3983.7,3.048,1844.769,1.411,-959.548,-0.734
29/07/2025,2025-07-29,16,[02:45-03:00[,2025-07-29 01:45,1304.983,23533.841,18.034,18657.024,14.297,,,,,3983.7,3.053,2159.077,1.654,-1265.96,-0.97
29/07/2025,2025-07-29,17,[03:00-03:15[,2025-07-29 02:00,1293.266,24930.859,19.277,18848.927,14.575,,,,,4086.6,3.16,2110.18,1.632,-114.848,-0.089
29/07/2025,2025-07-29,18,[03:15-03:30[,2025-07-29 02:15,1280.351,24382.926,19.044,18848.927,14.722,,,,,4086.6,3.192,2041.73,1.595,-594.331,-0.464
29/07/2025,2025-07-29,19,[03:30-03:45[,2025-07-29 02:30,1277.309,25240.324,19.761,18848.927,14.757,,,,,4086.6,3.199,2199.608,1.722,105.189,0.082
29/07/2025,2025-07-29,20,[03:45-04:00[,2025-07-29 02:45,1265.488,23064.581,18.226,18848.927,14.895,,,,,4086.6,3.229,1891.396,1.495,-1762.342,-1.393
29/07/2025,2025-07-29,21,[04:00-04:15[,2025-07-29 03:00,1268.271,23369.89,18.427,18345.54,14.465,,,,,3292.76,2.596,2127.725,1.678,-396.135,-0.312
29/07/2025,2025-07-29,22,[04:15-04:30[,2025-07-29 03:15,1266.742,23539.277,18.583,18345.54,14.482,,,,,3292.76,2.599,2139.919,1.689,-238.942,-0.189
29/07/2025,2025-07-29,23,[04:30-04:45[,2025-07-29 03:30,1258.1,22855.572,18.167,18345.54,14.582,,,,,3292.76,2.617,1896.108,1.507,-678.836,-0.54
29/07/2025,2025-07-29,24,[04:45-05:00[,2025-07-29 03:45,1261.678,22321.797,17.692,18345.54,14.541,,,,,2948.176,2.337,2129.326,1.688,-1101.246,-0.873
29/07/2025,2025-07-29,25,[05:00-05:15[,2025-07-29 04:00,1271.756,20421.843,16.058,17054.82,13.41,,,,,2895.6,2.277,2014.642,1.584,-1543.219,-1.213
29/07/2025,2025-07-29,26,[05:15-05:30[,2025-07-29 04:15,1277.09,21203.352,16.603,17054.82,13.354,,,,,2519.172,1.973,2036.064,1.594,-406.704,-0.318
29/07/2025,2025-07-29,27,[05:30-05:45[,2025-07-29 04:30,1286.846,20304.227,15.778,17054.82,13.253,,,,,2641.32,2.053,2126.869,1.653,-1518.782,-1.18
29/07/2025,2025-07-29,28,[05:45-06:00[,2025-07-29 04:45,1295.518,18723.984,14.453,17054.82,13.164,,,,,1960,1.513,1865.871,1.44,-2156.707,-1.665
29/07/2025,2025-07-29,29,[06:00-06:15[,2025-07-29 05:00,1337.307,18022.871,13.477,15446.324,11.55,,,,,3360,2.513,2103.477,1.573,-2886.931,-2.159
29/07/2025,2025-07-29,30,[06:15-06:30[,2025-07-29 05:15,1346.1,18218.767,13.534,15446.324,11.475,,,,,3360,2.496,2102.211,1.562,-2689.768,-1.998
29/07/2025,2025-07-29,31,[06:30-06:45[,2025-07-29 05:30,1353.267,19396.148,14.333,15446.324,11.414,,,,,3360,2.483,1806.776,1.335,-1216.952,-0.899
29/07/2025,2025-07-29,32,[06:45-07:00[,2025-07-29 05:45,1383.203,19612.892,14.179,15446.324,11.167,,,,,3360,2.429,2102.76,1.52,-1296.192,-0.937
29/07/2025,2025-07-29,33,[07:00-07:15[,2025-07-29 06:00,1429.246,19096.941,13.362,15183.268,10.623,,,,,3640.8,2.547,1862.963,1.303,-1590.089,-1.113
29/07/2025,2025-07-29,34,[07:15-07:30[,2025-07-29 06:15,1468.282,20448.79,13.927,15183.268,10.341,,,,,3640.8,2.48,2127.33,1.449,-502.608,-0.342
29/07/2025,2025-07-29,35,[07:30-07:45[,2025-07-29 06:30,1494.608,18256.097,12.215,15183.268,10.159,,,,,5320.796,3.56,2083.487,1.394,-4331.454,-2.898
29/07/2025,2025-07-29,36,[07:45-08:00[,2025-07-29 06:45,1517.081,24310.878,16.025,15183.268,10.008,,,,,6657.6,4.388,1788.074,1.179,681.936,0.45
29/07/2025,2025-07-29,37,[08:00-08:15[,2025-07-29 07:00,1585.391,27312.87,17.228,19869.056,12.533,,,,,5554.12,3.503,1965.607,1.24,-75.913,-0.048
29/07/2025,2025-07-29,38,[08:15-08:30[,2025-07-29 07:15,1624.99,27102.25,16.678,19869.056,12.227,,,,,5688.118,3.5,1923.286,1.184,-378.21,-0.233
29/07/2025,2025-07-29,39,[08:30-08:45[,2025-07-29 07:30,1648.266,27108.967,16.447,19869.056,12.055,,,,,5592.852,3.393,1704.047,1.034,-56.988,-0.035
29/07/2025,2025-07-29,40,[08:45-09:00[,2025-07-29 07:45,1672.537,28881.778,17.268,19869.056,11.88,,,,,5858.388,3.503,1891.216,1.131,1263.119,0.755
29/07/2025,2025-07-29,41,[09:00-09:15[,2025-07-29 08:00,1684.021,26288.572,15.611,21236.186,12.61,,,,,6027.516,3.579,1618.989,0.961,-2594.118,-1.54
29/07/2025,2025-07-29,42,[09:15-09:30[,2025-07-29 08:15,1690.046,30307.14,17.933,21236.186,12.565,,,,,6180.708,3.657,1949.816,1.154,940.43,0.556
29/07/2025,2025-07-29,43,[09:30-09:45[,2025-07-29 08:30,1682.003,29896.269,17.774,21236.186,12.626,,,,,6286.764,3.738,1998.983,1.188,374.336,0.223
29/07/2025,2025-07-29,44,[09:45-10:00[,2025-07-29 08:45,1670.401,29630.127,17.738,21236.186,12.713,,,,,6292.656,3.767,1723.186,1.032,378.099,0.226
29/07/2025,2025-07-29,45,[10:00-10:15[,2025-07-29 09:00,1662.385,31441.678,18.914,21728.014,13.07,,,,,6167.53,3.71,2022.113,1.216,1524.02,0.917
29/07/2025,2025-07-29,46,[10:15-10:30[,2025-07-29 09:15,1654.991,30738.353,18.573,21728.014,13.129,,,,,6167.53,3.727,1664.786,1.006,1178.023,0.712
29/07/2025,2025-07-29,47,[10:30-10:45[,2025-07-29 09:30,1661.274,30539.733,18.383,21728.014,13.079,,,,,6167.53,3.713,2019.317,1.216,624.872,0.376
29/07/2025,2025-07-29,48,[10:45-11:00[,2025-07-29 09:45,1665.309,30372.451,18.238,21728.014,13.047,,,,,6167.53,3.704,1976.403,1.187,500.505,0.301
29/07/2025,2025-07-29,49,[11:00-11:15[,2025-07-29 10:00,1659.457,31590.051,19.036,21720.679,13.089,,,,,6436.026,3.878,1676.525,1.01,1756.821,1.059
29/07/2025,2025-07-29,50,[11:15-11:30[,2025-07-29 10:15,1667.224,30697.515,18.412,21720.679,13.028,,,,,6436.026,3.86,1902.668,1.141,638.142,0.383
29/07/2025,2025-07-29,51,[11:30-11:45[,2025-07-29 10:30,1669.116,30833.432,18.473,21720.679,13.013,,,,,6429.96,3.852,1804.345,1.081,878.448,0.526
29/07/2025,2025-07-29,52,[11:45-12:00[,2025-07-29 10:45,1675.095,33913.559,20.246,21720.679,12.967,,,,,6429.96,3.839,1890.629,1.129,3872.29,2.312
29/07/2025,2025-07-29,53,[12:00-12:15[,2025-07-29 11:00,1665.623,31412.13,18.859,21651.499,12.999,,,,,4013.6,2.41,1876.692,1.127,3870.339,2.324
29/07/2025,2025-07-29,54,[12:15-12:30[,2025-07-29 11:15,1656.197,31306.019,18.902,21651.499,13.073,,,,,4013.6,2.423,1617.467,0.977,4023.452,2.429
29/07/2025,2025-07-29,55,[12:30-12:45[,2025-07-29 11:30,1644.919,33907.683,20.614,21651.499,13.163,,,,,4013.6,2.44,1980.933,1.204,6261.651,3.807
29/07/2025,2025-07-29,56,[12:45-13:00[,2025-07-29 11:45,1634.767,31833.021,19.473,21651.499,13.244,,,,,4013.6,2.455,1987.637,1.216,4180.286,2.557
29/07/2025,2025-07-29,57,[13:00-13:15[,2025-07-29 12:00,1628.189,33114.598,20.338,21679.964,13.315,,,,,4350,2.672,1859.646,1.142,5224.988,3.209
29/07/2025,2025-07-29,58,[13:15-13:30[,2025-07-29 12:15,1629.171,34088.714,20.924,21679.964,13.307,,,,,4350,2.67,1936.83,1.189,6121.92,3.758
29/07/2025,2025-07-29,59,[13:30-13:45[,2025-07-29 12:30,1637.36,33419.404,20.411,21679.964,13.241,,,19.443,0.012,4350,2.657,1778.277,1.086,5591.721,3.415
29/07/2025,2025-07-29,60,[13:45-14:00[,2025-07-29 12:45,1654.621,32965.813,19.923,21679.964,13.103,,,,,4350,2.629,2032.638,1.228,4903.211,2.963
29/07/2025,2025-07-29,61,[14:00-14:15[,2025-07-29 13:00,1678.2,30370.395,18.097,21649.59,12.9,,,,,4342.5,2.588,2098.341,1.25,2279.965,1.359
29/07/2025,2025-07-29,62,[14:15-14:30[,2025-07-29 13:15,1682.091,30592.202,18.187,21649.59,12.871,,,,,4342.5,2.582,1725.925,1.026,2874.187,1.709
29/07/2025,2025-07-29,63,[14:30-14:45[,2025-07-29 13:30,1694.255,29764.152,17.568,21649.59,12.778,,,,,4342.5,2.563,1887.282,1.114,1884.781,1.112
29/07/2025,2025-07-29,64,[14:45-15:00[,2025-07-29 13:45,1700.658,31524.251,18.537,21649.59,12.73,,,,,4342.5,2.553,2008.468,1.181,3523.693,2.072
29/07/2025,2025-07-29,65,[15:00-15:15[,2025-07-29 14:00,1714.716,30299.759,17.67,21644.613,12.623,,,,,7035.798,4.103,2125.881,1.24,-506.533,-0.295
29/07/2025,2025-07-29,66,[15:15-15:30[,2025-07-29 14:15,1716.519,29999.398,17.477,21644.613,12.61,,,,,7035.798,4.099,2063.248,1.202,-744.262,-0.434
29/07/2025,2025-07-29,67,[15:30-15:45[,2025-07-29 14:30,1713.145,29464.224,17.199,21644.613,12.634,,,,,6990.984,4.081,1856.87,1.084,-1028.243,-0.6
29/07/2025,2025-07-29,68,[15:45-16:00[,2025-07-29 14:45,1723.126,31364.292,18.202,21644.613,12.561,,,,,6990.984,4.057,1985.753,1.152,742.941,0.431
29/07/2025,2025-07-29,69,[16:00-16:15[,2025-07-29 15:00,1724.77,33550.105,19.452,21577.46,12.51,,,,,8131.14,4.714,2009.094,1.165,1832.411,1.062
29/07/2025,2025-07-29,70,[16:15-16:30[,2025-07-29 15:15,1736.028,32822.111,18.906,21577.46,12.429,,,,,8103.9,4.668,1974.189,1.137,1166.562,0.672
29/07/2025,2025-07-29,71,[16:30-16:45[,2025-07-29 15:30,1749.992,33454.993,19.117,21577.46,12.33,,,,,8063.04,4.607,2147.803,1.227,1666.69,0.952
29/07/2025,2025-07-29,72,[16:45-17:00[,2025-07-29 15:45,1754.092,24721.132,14.093,21577.46,12.301,,,,,8042.61,4.585,1918.724,1.094,-6817.662,-3.887
29/07/2025,2025-07-29,73,[17:00-17:15[,2025-07-29 16:00,1753.066,30103.877,17.172,20592.011,11.746,,,,,7359.66,4.198,2140.942,1.221,11.263,0.006
29/07/2025,2025-07-29,74,[17:15-17:30[,2025-07-29 16:15,1766.283,25588.189,14.487,20592.011,11.658,,,,,7223.37,4.09,2294.092,1.299,-4521.283,-2.56
29/07/2025,2025-07-29,75,[17:30-17:45[,2025-07-29 16:30,1766.577,24915.581,14.104,20592.011,11.656,,,,,6574.37,3.722,1975.044,1.118,-4225.844,-2.392
29/07/2025,2025-07-29,76,[17:45-18:00[,2025-07-29 16:45,1785.336,23550.604,13.191,20592.011,11.534,,,,,5153.06,2.886,2120.075,1.187,-4314.542,-2.417
29/07/2025,2025-07-29,77,[18:00-18:15[,2025-07-29 17:00,1788.313,30302.966,16.945,18035.059,10.085,,,,,11437.5,6.396,2040.424,1.141,-1210.016,-0.677
29/07/2025,2025-07-29,78,[18:15-18:30[,2025-07-29 17:15,1810.512,30070.74,16.609,18035.059,9.961,,,,,11437.5,6.317,2067.165,1.142,-1468.984,-0.811
29/07/2025,2025-07-29,79,[18:30-18:45[,2025-07-29 17:30,1846.047,28652.49,15.521,18035.059,9.77,,,,,11437.5,6.196,2295.498,1.243,-3115.567,-1.688
29/07/2025,2025-07-29,80,[18:45-19:00[,2025-07-29 17:45,1867.475,27275.84,14.606,18035.059,9.657,,,,,11437.5,6.125,2141.955,1.147,-4338.674,-2.323
29/07/2025,2025-07-29,81,[19:00-19:15[,2025-07-29 18:00,1891.924,17965.76,9.496,15605.944,8.249,,,,,1948.8,1.03,1198.895,0.634,-787.878,-0.416
29/07/2025,2025-07-29,82,[19:15-19:30[,2025-07-29 18:15,1905.607,17115.254,8.982,15605.944,8.189,,,,,1948.8,1.023,1195.31,0.627,-1634.799,-0.858
29/07/2025,2025-07-29,83,[19:30-19:45[,2025-07-29 18:30,1924.206,15691.743,8.155,15605.944,8.11,,,,,1455.858,0.757,1213.836,0.631,-2583.894,-1.343
29/07/2025,2025-07-29,84,[19:45-20:00[,2025-07-29 18:45,1940.895,16475.595,8.489,15605.944,8.041,,,,,1455.858,0.75,1229.286,0.633,-1815.493,-0.935
29/07/2025,2025-07-29,85,[20:00-20:15[,2025-07-29 19:00,1944.055,9858.673,5.071,10772.1,5.541,,,,,885.9,0.456,1252.558,0.644,-3051.885,-1.57
29/07/2025,2025-07-29,86,[20:15-20:30[,2025-07-29 19:15,1935.246,8579.499,4.433,10772.1,5.566,,,,,885.9,0.458,1248.839,0.645,-4327.339,-2.236
29/07/2025,2025-07-29,87,[20:30-20:45[,2025-07-29 19:30,1922.385,14086.837,7.328,10772.1,5.604,,,,,885.9,0.461,1212.053,0.63,1216.784,0.633
29/07/2025,2025-07-29,88,[20:45-21:00[,2025-07-29 19:45,1915.441,5716.453,2.984,10772.1,5.624,,,,,885.9,0.463,1176.95,0.614,-7118.497,-3.716
29/07/2025,2025-07-29,89,[21:00-21:15[,2025-07-29 20:00,1923.563,19165.356,9.963,10040.788,5.22,,,2062.625,1.072,1720.32,0.894,1217.18,0.633,4124.443,2.144
29/07/2025,2025-07-29,90,[21:15-21:30[,2025-07-29 20:15,1919.229,20427.54,10.644,10040.788,5.232,,,2062.625,1.075,1720.32,0.896,1249.46,0.651,5354.348,2.79
29/07/2025,2025-07-29,91,[21:30-21:45[,2025-07-29 20:30,1889.889,20329.219,10.757,10040.788,5.313,,,2062.625,1.091,1720.32,0.91,1280.25,0.677,5225.236,2.765
29/07/2025,2025-07-29,92,[21:45-22:00[,2025-07-29 20:45,1858.475,19407.157,10.443,10040.788,5.403,,,2062.625,1.11,1720.32,0.926,1265.82,0.681,4317.605,2.323
29/07/2025,2025-07-29,93,[22:00-22:15[,2025-07-29 21:00,1823.223,12029.493,6.598,13167.163,7.222,,,,,1644.5,0.902,1194.4,0.655,-3976.57,-2.181
29/07/2025,2025-07-29,94,[22:15-22:30[,2025-07-29 21:15,1795.917,14476.278,8.061,13167.163,7.332,,,,,1644.5,0.916,1309.302,0.729,-1644.686,-0.916
29/07/2025,2025-07-29,95,[22:30-22:45[,2025-07-29 21:30,1755.273,15566.693,8.869,13167.163,7.501,,,,,1644.5,0.937,1319.994,0.752,-564.963,-0.322
29/07/2025,2025-07-29,96,[22:45-23:00[,2025-07-29 21:45,1713.99,11191.927,6.53,13167.163,7.682,,,,,2464,1.438,1328.048,0.775,-5767.284,-3.365
30/07/2025,2025-07-30,1,[23:00-23:15[,2025-07-29 22:00,1688.401,19635.277,11.63,15024.862,8.899,,,,,3034,1.797,2253.794,1.335,-677.379,-0.401
30/07/2025,2025-07-30,2,[23:15-23:30[,2025-07-29 22:15,1650.383,19147.672,11.602,15024.862,9.104,,,,,3034,1.838,2321.309,1.407,-1232.499,-0.747
30/07/2025,2025-07-30,3,[23:30-23:45[,2025-07-29 22:30,1615.993,18990.254,11.751,15024.862,9.298,,,,,3034,1.877,2330.622,1.442,-1399.23,-0.866
30/07/2025,2025-07-30,4,[23:45-00:00[,2025-07-29 22:45,1568.6,18367.586,11.71,15024.862,9.579,,,,,3034,1.934,2281.011,1.454,-1972.287,-1.257
30/07/2025,2025-07-30,5,[00:00-00:15[,2025-07-29 23:00,1535.565,21221.373,13.82,15745.597,10.254,,,,,3575,2.328,2479.963,1.615,-579.187,-0.377
30/07/2025,2025-07-30,6,[00:15-00:30[,2025-07-29 23:15,1503.759,19234.785,12.791,15745.597,10.471,,,,,3575,2.377,2364.412,1.572,-2450.224,-1.629
30/07/2025,2025-07-30,7,[00:30-00:45[,2025-07-29 23:30,1483.211,21507.392,14.501,15745.597,10.616,,,,,3575,2.41,2515.34,1.696,-328.545,-0.222
30/07/2025,2025-07-30,8,[00:45-01:00[,2025-07-29 23:45,1458.421,22237.701,15.248,15745.597,10.796,,,,,3575,2.451,2519.046,1.727,398.058,0.273
30/07/2025,2025-07-30,9,[01:00-01:15[,2025-07-30 00:00,1429.507,19506.133,13.645,16901.856,11.824,,,,,3237.5,2.265,2343.661,1.639,-2976.884,-2.082
30/07/2025,2025-07-30,10,[01:15-01:30[,2025-07-30 00:15,1412.909,21214.094,15.014,16901.856,11.962,,,,,3237.5,2.291,2601.397,1.841,-1526.658,-1.081
30/07/2025,2025-07-30,11,[01:30-01:45[,2025-07-30 00:30,1388.87,21468.126,15.457,16901.856,12.17,,,,,3237.5,2.331,2421.664,1.744,-1092.894,-0.787
30/07/2025,2025-07-30,12,[01:45-02:00[,2025-07-30 00:45,1373.664,21976.223,15.998,16901.856,12.304,,,,,3237.5,2.357,2580.611,1.879,-743.744,-0.541
30/07/2025,2025-07-30,13,[02:00-02:15[,2025-07-30 01:00,1360.536,23677.874,17.403,17741.455,13.04,,,,,3100,2.279,2574.809,1.892,261.611,0.192
30/07/2025,2025-07-30,14,[02:15-02:30[,2025-07-30 01:15,1344.369,22561.128,16.782,17741.455,13.197,,,,,3100,2.306,2413.948,1.796,-694.275,-0.516
30/07/2025,2025-07-30,15,[02:30-02:45[,2025-07-30 01:30,1339.845,22784.982,17.006,17741.455,13.241,,,,,3100,2.314,2600.297,1.941,-656.77,-0.49
30/07/2025,2025-07-30,16,[02:45-03:00[,2025-07-30 01:45,1329.112,21833.631,16.427,17741.455,13.348,,,,,3100,2.332,2573.036,1.936,-1580.86,-1.189
30/07/2025,2025-07-30,17,[03:00-03:15[,2025-07-30 02:00,1319.971,25689.381,19.462,18649.018,14.128,,,,,3212.5,2.434,2400.451,1.819,1427.412,1.081
30/07/2025,2025-07-30,18,[03:15-03:30[,2025-07-30 02:15,1314.376,22929.398,17.445,18649.018,14.188,,,,,3212.5,2.444,2601.035,1.979,-1533.156,-1.166
30/07/2025,2025-07-30,19,[03:30-03:45[,2025-07-30 02:30,1301.456,23447.162,18.016,18649.018,14.329,,,,,3212.5,2.468,2468.35,1.897,-882.706,-0.678
30/07/2025,2025-07-30,20,[03:45-04:00[,2025-07-30 02:45,1299.508,24773.034,19.063,18649.018,14.351,,,,,3212.5,2.472,2530.609,1.947,380.908,0.293
30/07/2025,2025-07-30,21,[04:00-04:15[,2025-07-30 03:00,1297.406,23152.508,17.845,17745.315,13.678,,,,,3300,2.544,2599.736,2.004,-492.544,-0.38
30/07/2025,2025-07-30,22,[04:15-04:30[,2025-07-30 03:15,1285.687,23618.286,18.37,17745.315,13.802,,,,,3300,2.567,2242.888,1.745,330.083,0.257
30/07/2025,2025-07-30,23,[04:30-04:45[,2025-07-30 03:30,1290.83,23315.122,18.062,17745.315,13.747,,,,,3150,2.44,2586.369,2.004,-166.563,-0.129
30/07/2025,2025-07-30,24,[04:45-05:00[,2025-07-30 03:45,1288.026,21495.246,16.689,17745.315,13.777,,,,,3150,2.446,2524.73,1.96,-1924.799,-1.494
30/07/2025,2025-07-30,25,[05:00-05:15[,2025-07-30 04:00,1300.606,21694.987,16.681,16663.22,12.812,,,,,3162.5,2.432,2527.01,1.943,-657.744,-0.506
30/07/2025,2025-07-30,26,[05:15-05:30[,2025-07-30 04:15,1306.782,22296.554,17.062,16663.22,12.751,,,,,3162.5,2.42,2599.708,1.989,-128.873,-0.099
30/07/2025,2025-07-30,27,[05:30-05:45[,2025-07-30 04:30,1306.495,20384.585,15.602,16663.22,12.754,,,,,3162.5,2.421,2368.307,1.813,-1809.441,-1.385
30/07/2025,2025-07-30,28,[05:45-06:00[,2025-07-30 04:45,1318.255,21078.19,15.989,16663.22,12.64,,,,,2396.1,1.818,2586.292,1.962,-567.422,-0.43
30/07/2025,2025-07-30,29,[06:00-06:15[,2025-07-30 05:00,1351.504,16328.623,12.082,14592.518,10.797,,,,,2940,2.175,2587.32,1.914,-3791.214,-2.805
30/07/2025,2025-07-30,30,[06:15-06:30[,2025-07-30 05:15,1357.983,18641.621,13.727,14592.518,10.746,,,,,3427.2,2.524,2500.791,1.842,-1878.887,-1.384
30/07/2025,2025-07-30,31,[06:30-06:45[,2025-07-30 05:30,1373.785,18264.29,13.295,14592.518,10.622,,,,,3500,2.548,2600.962,1.893,-2429.19,-1.768
30/07/2025,2025-07-30,32,[06:45-07:00[,2025-07-30 05:45,1393.206,17507.753,12.567,14592.518,10.474,,,,,3136,2.251,2362.79,1.696,-2583.554,-1.854
30/07/2025,2025-07-30,33,[07:00-07:15[,2025-07-30 06:00,1448.304,17818.563,12.303,14993.745,10.353,,,,,3687.5,2.546,2518.605,1.739,-3381.286,-2.335
30/07/2025,2025-07-30,34,[07:15-07:30[,2025-07-30 06:15,1482.009,20274.814,13.681,14993.745,10.117,,,,,3687.5,2.488,2519.405,1.7,-925.836,-0.625
30/07/2025,2025-07-30,35,[07:30-07:45[,2025-07-30 06:30,1510.959,17339.051,11.476,14993.745,9.923,,,,,3687.5,2.441,2299.036,1.522,-3641.23,-2.41
30/07/2025,2025-07-30,36,[07:45-08:00[,2025-07-30 06:45,1552.942,24218.856,15.595,14993.745,9.655,,,,,4635,2.985,2590.586,1.668,1999.524,1.288
30/07/2025,2025-07-30,37,[08:00-08:15[,2025-07-30 07:00,1612.424,20363.937,12.629,17794.605,11.036,,,,,3575,2.217,2618.236,1.624,-3623.903,-2.247
30/07/2025,2025-07-30,38,[08:15-08:30[,2025-07-30 07:15,1647.793,19389.873,11.767,17794.605,10.799,,,,,3575,2.17,2273.953,1.38,-4253.684,-2.581
30/07/2025,2025-07-30,39,[08:30-08:45[,2025-07-30 07:30,1676.042,20900.953,12.47,17794.605,10.617,,,,,3450,2.058,2527.185,1.508,-2870.837,-1.713
30/07/2025,2025-07-30,40,[08:45-09:00[,2025-07-30 07:45,1690.62,22174.214,13.116,17794.605,10.525,,,,,3450,2.041,2504.107,1.481,-1574.498,-0.931
30/07/2025,2025-07-30,41,[09:00-09:15[,2025-07-30 08:00,1714.816,31954.82,18.635,20801.547,12.13,,,,,9795,5.712,2485.754,1.45,-1127.482,-0.657
30/07/2025,2025-07-30,42,[09:15-09:30[,2025-07-30 08:15,1716.504,31620.296,18.421,20801.547,12.119,,,,,9795,5.706,2454.754,1.43,-1431.004,-0.834
30/07/2025,2025-07-30,43,[09:30-09:45[,2025-07-30 08:30,1712.514,32996.896,19.268,20801.547,12.147,,,,,9795,5.72,2413.922,1.41,-13.572,-0.008
30/07/2025,2025-07-30,44,[09:45-10:00[,2025-07-30 08:45,1714.308,37365.889,21.796,20801.547,12.134,,,,,9795,5.714,2606.22,1.52,4163.122,2.428
30/07/2025,2025-07-30,45,[10:00-10:15[,2025-07-30 09:00,1710.142,28168.14,16.471,21599.366,12.63,,,,,10215,5.973,2608.835,1.526,-6255.061,-3.658
30/07/2025,2025-07-30,46,[10:15-10:30[,2025-07-30 09:15,1705.495,33719.945,19.771,21599.366,12.665,,,,,10215,5.989,1891.088,1.109,14.49,0.008
30/07/2025,2025-07-30,47,[10:30-10:45[,2025-07-30 09:30,1705.352,33531.699,19.663,21599.366,12.666,,,,,10215,5.99,1611.499,0.945,105.833,0.062
30/07/2025,2025-07-30,48,[10:45-11:00[,2025-07-30 09:45,1718.874,34385.968,20.005,21599.366,12.566,,,,,10215,5.943,2472.844,1.439,98.758,0.057
30/07/2025,2025-07-30,49,[11:00-11:15[,2025-07-30 10:00,1729.818,34512.605,19.952,21485.814,12.421,,,,,10545,6.096,2469.776,1.428,12.016,0.007
30/07/2025,2025-07-30,50,[11:15-11:30[,2025-07-30 10:15,1733.841,36041.937,20.787,21485.814,12.392,,,,,10545,6.082,2373.547,1.369,1637.576,0.944
30/07/2025,2025-07-30,51,[11:30-11:45[,2025-07-30 10:30,1743.201,31968.033,18.339,21485.814,12.325,,,,,10545,6.049,2524.93,1.448,-2587.711,-1.484
30/07/2025,2025-07-30,52,[11:45-12:00[,2025-07-30 10:45,1748.34,33636.871,19.239,21485.814,12.289,,,,,10545,6.031,2487.914,1.423,-881.856,-0.504
30/07/2025,2025-07-30,53,[12:00-12:15[,2025-07-30 11:00,1730.55,28857.674,16.675,21370.823,12.349,,,,,6019.53,3.478,2310.563,1.335,-843.243,-0.487
30/07/2025,2025-07-30,54,[12:15-12:30[,2025-07-30 11:15,1728.877,27345.356,15.817,21370.823,12.361,,,,,5975.5,3.456,2393.429,1.384,-2394.397,-1.385
30/07/2025,2025-07-30,55,[12:30-12:45[,2025-07-30 11:30,1702.855,25881.646,15.199,21370.823,12.55,,,,,6189.36,3.635,1973.327,1.159,-3651.863,-2.145
30/07/2025,2025-07-30,56,[12:45-13:00[,2025-07-30 11:45,1703.562,27807.888,16.323,21370.823,12.545,,,,,6837.23,4.013,2388.119,1.402,-2788.285,-1.637
30/07/2025,2025-07-30,57,[13:00-13:15[,2025-07-30 12:00,1702.774,24873.69,14.608,21273.083,12.493,,,,,5901.952,3.466,2325.244,1.366,-4626.589,-2.717
30/07/2025,2025-07-30,58,[13:15-13:30[,2025-07-30 12:15,1696.107,25516.585,15.044,21273.083,12.542,,,,,5889.408,3.472,2008.588,1.184,-3654.494,-2.155
30/07/2025,2025-07-30,59,[13:30-13:45[,2025-07-30 12:30,1680.884,26785.483,15.935,21273.083,12.656,,,,,5807.872,3.455,1707.781,1.016,-2003.253,-1.192
30/07/2025,2025-07-30,60,[13:45-14:00[,2025-07-30 12:45,1690.471,26403.562,15.619,21273.083,12.584,,,,,5713.792,3.38,1851.386,1.095,-2434.699,-1.44
30/07/2025,2025-07-30,61,[14:00-14:15[,2025-07-30 13:00,1713.264,28511.19,16.641,21485.841,12.541,,,,,6113.88,3.569,1595.312,0.931,-683.842,-0.399
30/07/2025,2025-07-30,62,[14:15-14:30[,2025-07-30 13:15,1743.804,25762.505,14.774,21485.841,12.321,,,,,6113.88,3.506,1839.401,1.055,-3676.616,-2.108
30/07/2025,2025-07-30,63,[14:30-14:45[,2025-07-30 13:30,1753.058,29501.254,16.828,21485.841,12.256,,,,,6157.91,3.513,1687.548,0.963,169.956,0.097
30/07/2025,2025-07-30,64,[14:45-15:00[,2025-07-30 13:45,1758.015,28062.159,15.962,21485.841,12.222,,,,,6113.88,3.478,1867.298,1.062,-1404.86,-0.799
30/07/2025,2025-07-30,65,[15:00-15:15[,2025-07-30 14:00,1763.425,36461.868,20.677,21386.656,12.128,,,6853,3.886,6668.302,3.781,1966.753,1.115,-412.843,-0.234
30/07/2025,2025-07-30,66,[15:15-15:30[,2025-07-30 14:15,1764.723,33660.959,19.074,21386.656,12.119,,,6853,3.883,6700.392,3.797,1588.314,0.9,-2867.403,-1.625
30/07/2025,2025-07-30,67,[15:30-15:45[,2025-07-30 14:30,1772.662,32291.834,18.217,21386.656,12.065,,,6853,3.866,6668.302,3.762,1905.744,1.075,-4521.868,-2.551
30/07/2025,2025-07-30,68,[15:45-16:00[,2025-07-30 14:45,1777.388,31835.813,17.912,21386.656,12.033,,,6853,3.856,6668.302,3.752,2169.592,1.221,-5241.737,-2.949
30/07/2025,2025-07-30,69,[16:00-16:15[,2025-07-30 15:00,1767.443,36981.541,20.924,21242.907,12.019,,,6853,3.877,10185,5.763,1738.206,0.983,-3037.572,-1.719
30/07/2025,2025-07-30,70,[16:15-16:30[,2025-07-30 15:15,1786.239,33432.361,18.717,21242.907,11.893,,,6871.403,3.847,10185,5.702,2236.36,1.252,-7103.308,-3.977
30/07/2025,2025-07-30,71,[16:30-16:45[,2025-07-30 15:30,1795.428,37329.884,20.792,21242.907,11.832,,,6853,3.817,10185,5.673,2253.642,1.255,-3204.665,-1.785
30/07/2025,2025-07-30,72,[16:45-17:00[,2025-07-30 15:45,1794.805,35381.06,19.713,21242.907,11.836,,,6853,3.818,10185,5.675,1968.48,1.097,-4868.327,-2.712
30/07/2025,2025-07-30,73,[17:00-17:15[,2025-07-30 16:00,1800.699,31830.585,17.677,18681.922,10.375,,,6853,3.806,9705,5.39,1318.204,0.732,-4727.54,-2.625
30/07/2025,2025-07-30,74,[17:15-17:30[,2025-07-30 16:15,1798.685,32648.195,18.151,18681.922,10.386,,,6853,3.81,9705,5.396,1385.024,0.77,-3976.75,-2.211
30/07/2025,2025-07-30,75,[17:30-17:45[,2025-07-30 16:30,1795.613,29183.524,16.253,18681.922,10.404,,,6853,3.817,9705,5.405,1332.634,0.742,-7389.032,-4.115
30/07/2025,2025-07-30,76,[17:45-18:00[,2025-07-30 16:45,1804.985,32358.479,17.927,18681.922,10.35,,,6853,3.797,9705,5.377,1387.693,0.769,-4269.135,-2.365
30/07/2025,2025-07-30,77,[18:00-18:15[,2025-07-30 17:00,1801.886,27753.06,15.402,18093.387,10.041,,,7120.624,3.952,4665,2.589,1316.479,0.731,-3442.429,-1.91
30/07/2025,2025-07-30,78,[18:15-18:30[,2025-07-30 17:15,1818.217,24517.753,13.485,18093.387,9.951,,,2175.425,1.196,4482.684,2.465,1276.688,0.702,-1510.431,-0.831
30/07/2025,2025-07-30,79,[18:30-18:45[,2025-07-30 17:30,1843.202,22960.983,12.457,18093.387,9.816,,,2024.85,1.099,3937.5,2.136,1271.316,0.69,-2366.069,-1.284
30/07/2025,2025-07-30,80,[18:45-19:00[,2025-07-30 17:45,1869.288,21894.16,11.713,18093.387,9.679,,,1889.312,1.011,3937.5,2.106,1249.802,0.669,-3275.84,-1.752
30/07/2025,2025-07-30,81,[19:00-19:15[,2025-07-30 18:00,1892.167,17975.873,9.5,14248.001,7.53,,,,,3176.12,1.679,1278.301,0.676,-726.549,-0.384
30/07/2025,2025-07-30,82,[19:15-19:30[,2025-07-30 18:15,1907.813,18551.441,9.724,14248.001,7.468,,,,,2755.5,1.444,1227.34,0.643,320.6,0.168
30/07/2025,2025-07-30,83,[19:30-19:45[,2025-07-30 18:30,1921.816,18723.192,9.742,14248.001,7.414,,,,,3437.5,1.789,1125.536,0.586,-87.845,-0.046
30/07/2025,2025-07-30,84,[19:45-20:00[,2025-07-30 18:45,1940.366,17694.13,9.119,14248.001,7.343,,,,,3437.5,1.772,800.03,0.412,-791.401,-0.408
30/07/2025,2025-07-30,85,[20:00-20:15[,2025-07-30 19:00,1941.054,21455.342,11.053,11215.113,5.778,,,,,3034,1.563,779.994,0.402,6426.236,3.311
30/07/2025,2025-07-30,86,[20:15-20:30[,2025-07-30 19:15,1933.147,15591.181,8.065,11215.113,5.801,,,,,3040.068,1.573,871.807,0.451,464.194,0.24
30/07/2025,2025-07-30,87,[20:30-20:45[,2025-07-30 19:30,1922.683,15244.863,7.929,11215.113,5.833,,,,,3687.5,1.918,936.465,0.487,-594.214,-0.309
30/07/2025,2025-07-30,88,[20:45-21:00[,2025-07-30 19:45,1914.996,15720.8,8.209,11215.113,5.856,,,,,3687.5,1.926,965.649,0.504,-147.461,-0.077
30/07/2025,2025-07-30,89,[21:00-21:15[,2025-07-30 20:00,1923.752,8485.699,4.411,10802.55,5.615,,,,,4000,2.079,902.164,0.469,-7219.015,-3.753
30/07/2025,2025-07-30,90,[21:15-21:30[,2025-07-30 20:15,1918.075,8803.785,4.59,10802.55,5.632,,,,,4000,2.085,906.297,0.473,-6905.061,-3.6
30/07/2025,2025-07-30,91,[21:30-21:45[,2025-07-30 20:30,1887.346,12977.032,6.876,10802.55,5.724,,,,,4339.2,2.299,870.422,0.461,-3035.14,-1.608
30/07/2025,2025-07-30,92,[21:45-22:00[,2025-07-30 20:45,1858.491,11248.074,6.052,10802.55,5.813,,,,,5040,2.712,896.983,0.483,-5491.458,-2.955
30/07/2025,2025-07-30,93,[22:00-22:15[,2025-07-30 21:00,1827.169,18636.224,10.2,12545.425,6.866,,,,,4200,2.299,891.299,0.488,999.5,0.547
30/07/2025,2025-07-30,94,[22:15-22:30[,2025-07-30 21:15,1801.242,16976.31,9.425,12545.425,6.965,,,,,4200,2.332,1017.233,0.565,-786.348,-0.437
30/07/2025,2025-07-30,95,[22:30-22:45[,2025-07-30 21:30,1762.729,17097.256,9.699,12545.425,7.117,,,,,4312.5,2.446,1084.136,0.615,-844.806,-0.479
30/07/2025,2025-07-30,96,[22:45-23:00[,2025-07-30 21:45,1727.058,16323.328,9.452,12545.425,7.264,,,,,4312.5,2.497,1147.481,0.664,-1682.078,-0.974
31/07/2025,2025-07-31,1,[23:00-23:15[,2025-07-30 22:00,1698.394,15790.901,9.298,12079.475,7.112,,,,,2812.1,1.656,2074.389,1.221,-1175.062,-0.692
31/07/2025,2025-07-31,2,[23:15-23:30[,2025-07-30 22:15,1657.281,16291.433,9.83,12079.475,7.289,,,,,2812.1,1.697,2286.763,1.38,-886.905,-0.535
31/07/2025,2025-07-31,3,[23:30-23:45[,2025-07-30 22:30,1621.213,17135.974,10.57,12079.475,7.451,,,,,2812.1,1.735,2299.861,1.419,-55.462,-0.034
31/07/2025,2025-07-31,4,[23:45-00:00[,2025-07-30 22:45,1579.559,17963.1,11.372,12079.475,7.647,,,,,2812.1,1.78,2147.715,1.36,923.809,0.585
31/07/2025,2025-07-31,5,[00:00-00:15[,2025-07-30 23:00,1557.157,18163.77,11.665,13834.21,8.884,,,,,2577.26,1.655,2555.921,1.641,-803.621,-0.516
31/07/2025,2025-07-31,6,[00:15-00:30[,2025-07-30 23:15,1529.34,18550.548,12.13,13834.21,9.046,,,,,2577.26,1.685,2518.097,1.647,-379.019,-0.248
31/07/2025,2025-07-31,7,[00:30-00:45[,2025-07-30 23:30,1501.372,18807.9,12.527,13834.21,9.214,,,,,2577.26,1.717,2538.342,1.691,-141.912,-0.095
31/07/2025,2025-07-31,8,[00:45-01:00[,2025-07-30 23:45,1476.156,19298.551,13.074,13834.21,9.372,,,,,2577.26,1.746,2518.914,1.706,368.168,0.249
31/07/2025,2025-07-31,9,[01:00-01:15[,2025-07-31 00:00,1448.722,20381.338,14.068,14668.57,10.125,,,,,2481.22,1.713,2305.221,1.591,926.327,0.639
31/07/2025,2025-07-31,10,[01:15-01:30[,2025-07-31 00:15,1429.868,21233.732,14.85,14668.57,10.259,,,,,2481.22,1.735,2507.186,1.753,1576.757,1.103
31/07/2025,2025-07-31,11,[01:30-01:45[,2025-07-31 00:30,1405.306,22551.66,16.048,14668.57,10.438,,,,,2481.22,1.766,2506.117,1.783,2895.753,2.061
31/07/2025,2025-07-31,12,[01:45-02:00[,2025-07-31 00:45,1383.449,23427.482,16.934,14668.57,10.603,,,,,2481.22,1.794,2320.299,1.677,3957.393,2.861
31/07/2025,2025-07-31,13,[02:00-02:15[,2025-07-31 01:00,1370.067,21195.5,15.47,15834.463,11.557,,,,,1817.9,1.327,2482.051,1.812,1061.086,0.774
31/07/2025,2025-07-31,14,[02:15-02:30[,2025-07-31 01:15,1347.519,20261.638,15.036,15834.463,11.751,,,,,2058,1.527,2229.207,1.654,139.968,0.104
31/07/2025,2025-07-31,15,[02:30-02:45[,2025-07-31 01:30,1339.867,20342.341,15.182,15834.463,11.818,,,,,2244.2,1.675,2451.576,1.83,-187.898,-0.14
31/07/2025,2025-07-31,16,[02:45-03:00[,2025-07-31 01:45,1332.546,20711.908,15.543,15834.463,11.883,,,,,2366.7,1.776,2534.256,1.902,-23.511,-0.018
31/07/2025,2025-07-31,17,[03:00-03:15[,2025-07-31 02:00,1319.629,20345.979,15.418,15836.289,12.001,,,,,2205.9,1.672,2308.256,1.749,-4.465,-0.003
31/07/2025,2025-07-31,18,[03:15-03:30[,2025-07-31 02:15,1311.468,20531.851,15.656,15836.289,12.075,,,,,2205.9,1.682,2580.445,1.968,-90.783,-0.069
31/07/2025,2025-07-31,19,[03:30-03:45[,2025-07-31 02:30,1304.155,20619.018,15.81,15836.289,12.143,,,,,2205.9,1.691,2528.785,1.939,48.045,0.037
31/07/2025,2025-07-31,20,[03:45-04:00[,2025-07-31 02:45,1290.711,20392.124,15.799,15836.289,12.269,,,,,2205.9,1.709,2316.368,1.795,33.567,0.026
31/07/2025,2025-07-31,21,[04:00-04:15[,2025-07-31 03:00,1296.239,20621.748,15.909,15833.225,12.215,,,,,2286.87,1.764,2572.926,1.985,-71.272,-0.055
31/07/2025,2025-07-31,22,[04:15-04:30[,2025-07-31 03:15,1293.129,19667.939,15.21,15833.225,12.244,,,,,2286.87,1.768,2580.726,1.996,-1032.882,-0.799
31/07/2025,2025-07-31,23,[04:30-04:45[,2025-07-31 03:30,1285.236,20092.203,15.633,15833.225,12.319,,,,,2067.8,1.609,2446.18,1.903,-255.002,-0.198
31/07/2025,2025-07-31,24,[04:45-05:00[,2025-07-31 03:45,1284.405,21783.9,16.96,15833.225,12.327,,,,,1509.2,1.175,2533.963,1.973,1907.512,1.485
31/07/2025,2025-07-31,25,[05:00-05:15[,2025-07-31 04:00,1292.218,16150.576,12.498,13206.835,10.22,,,,,1470,1.138,2429.75,1.88,-956.009,-0.74
31/07/2025,2025-07-31,26,[05:15-05:30[,2025-07-31 04:15,1302.811,16447.022,12.624,13206.835,10.137,,,,,1470,1.128,2580.638,1.981,-810.451,-0.622
31/07/2025,2025-07-31,27,[05:30-05:45[,2025-07-31 04:30,1308.675,17423.822,13.314,13206.835,10.092,,,,,1470,1.123,2580.008,1.971,166.979,0.128
31/07/2025,2025-07-31,28,[05:45-06:00[,2025-07-31 04:45,1310.737,17593.012,13.422,13206.835,10.076,,,,,1470,1.122,2297.799,1.753,618.377,0.472
31/07/2025,2025-07-31,29,[06:00-06:15[,2025-07-31 05:00,1348.673,16168.395,11.988,10663.725,7.907,,,,,3883.42,2.879,2471.329,1.832,-850.079,-0.63
31/07/2025,2025-07-31,30,[06:15-06:30[,2025-07-31 05:15,1360.157,17109.673,12.579,10663.725,7.84,,,,,4085.74,3.004,2557.739,1.88,-197.531,-0.145
31/07/2025,2025-07-31,31,[06:30-06:45[,2025-07-31 05:30,1367.569,16620.959,12.154,10663.725,7.798,,,,,4085.74,2.988,2461.621,1.8,-590.127,-0.432
31/07/2025,2025-07-31,32,[06:45-07:00[,2025-07-31 05:45,1390.058,16755.023,12.053,10663.725,7.671,,,,,4018.3,2.891,2549.442,1.834,-476.444,-0.343
31/07/2025,2025-07-31,33,[07:00-07:15[,2025-07-31 06:00,1439.475,18023.267,12.521,11931.888,8.289,,,,,4760.64,3.307,2461.189,1.71,-1130.449,-0.785
31/07/2025,2025-07-31,34,[07:15-07:30[,2025-07-31 06:15,1477.674,17280.052,11.694,11931.888,8.075,,,,,4170.88,2.823,2510.259,1.699,-1332.974,-0.902
31/07/2025,2025-07-31,35,[07:30-07:45[,2025-07-31 06:30,1512.112,16885.349,11.167,11931.888,7.891,,,,,3368.32,2.228,2545.904,1.684,-960.763,-0.635
31/07/2025,2025-07-31,36,[07:45-08:00[,2025-07-31 06:45,1537.083,18392.421,11.966,11931.888,7.763,,,,,3097.804,2.015,2295.187,1.493,1067.542,0.695
31/07/2025,2025-07-31,37,[08:00-08:15[,2025-07-31 07:00,1613.334,27414.369,16.992,15852.846,9.826,,,,,8971.8,5.561,2568.502,1.592,21.221,0.013
31/07/2025,2025-07-31,38,[08:15-08:30[,2025-07-31 07:15,1660.25,19016.907,11.454,15852.846,9.548,,,,,8971.8,5.404,2512.911,1.514,-8320.649,-5.012
31/07/2025,2025-07-31,39,[08:30-08:45[,2025-07-31 07:30,1678.055,23953.537,14.275,15852.846,9.447,,,,,8971.8,5.347,2223.607,1.325,-3094.716,-1.844
31/07/2025,2025-07-31,40,[08:45-09:00[,2025-07-31 07:45,1699.24,26979.54,15.877,15852.846,9.329,,,,,8971.8,5.28,2445.678,1.439,-290.784,-0.171
31/07/2025,2025-07-31,41,[09:00-09:15[,2025-07-31 08:00,1727.018,25378.23,14.695,17216.123,9.969,,,,,8443.35,4.889,2424.428,1.404,-2705.67,-1.567
31/07/2025,2025-07-31,42,[09:15-09:30[,2025-07-31 08:15,1724.64,26935.292,15.618,17216.123,9.982,,,,,8443.35,4.896,1876.803,1.088,-600.984,-0.348
31/07/2025,2025-07-31,43,[09:30-09:45[,2025-07-31 08:30,1737.415,27399.115,15.77,17216.123,9.909,,,,,8443.35,4.86,2405.264,1.384,-665.622,-0.383
31/07/2025,2025-07-31,44,[09:45-10:00[,2025-07-31 08:45,1738.419,31802.478,18.294,17216.123,9.903,,,,,8443.35,4.857,2469.016,1.42,3673.989,2.113
31/07/2025,2025-07-31,45,[10:00-10:15[,2025-07-31 09:00,1720.225,24173.661,14.053,18162.066,10.558,,,,,7064.48,4.107,2036.914,1.184,-3089.8,-1.796
31/07/2025,2025-07-31,46,[10:15-10:30[,2025-07-31 09:15,1733.046,27156.788,15.67,18162.066,10.48,,,,,7064.48,4.076,2331.693,1.345,-401.451,-0.232
31/07/2025,2025-07-31,47,[10:30-10:45[,2025-07-31 09:30,1744.766,26980.663,15.464,18162.066,10.409,,,,,7064.48,4.049,2451.969,1.405,-697.852,-0.4
31/07/2025,2025-07-31,48,[10:45-11:00[,2025-07-31 09:45,1745.212,27007.848,15.475,18162.066,10.407,,,,,7064.48,4.048,2435.148,1.395,-653.846,-0.375
31/07/2025,2025-07-31,49,[11:00-11:15[,2025-07-31 10:00,1753.518,28304.655,16.142,17430.322,9.94,,,,,7744.88,4.417,2449.25,1.397,680.204,0.388
31/07/2025,2025-07-31,50,[11:15-11:30[,2025-07-31 10:15,1753.936,25987.749,14.817,17430.322,9.938,,,,,7744.88,4.416,2218.623,1.265,-1406.075,-0.802
31/07/2025,2025-07-31,51,[11:30-11:45[,2025-07-31 10:30,1763.84,27212.182,15.428,17430.322,9.882,,,,,7744.88,4.391,2462.537,1.396,-425.556,-0.241
31/07/2025,2025-07-31,52,[11:45-12:00[,2025-07-31 10:45,1768.996,27231.321,15.394,17430.322,9.853,,,,,7744.88,4.378,2512.048,1.42,-455.929,-0.258
31/07/2025,2025-07-31,53,[12:00-12:15[,2025-07-31 11:00,1750.34,26674.307,15.24,18222.461,10.411,,,,,5755.8,3.288,2287.746,1.307,408.3,0.233
31/07/2025,2025-07-31,54,[12:15-12:30[,2025-07-31 11:15,1751.222,26689.028,15.24,18222.461,10.406,,,,,5768.52,3.294,2512.326,1.435,185.721,0.106
31/07/2025,2025-07-31,55,[12:30-12:45[,2025-07-31 11:30,1719.712,26041.428,15.143,18222.461,10.596,,,,,5768.52,3.354,2226.052,1.294,-175.605,-0.102
31/07/2025,2025-07-31,56,[12:45-13:00[,2025-07-31 11:45,1716.279,25141.887,14.649,18222.461,10.617,,,,,5819.4,3.391,2516.551,1.466,-1416.525,-0.825
31/07/2025,2025-07-31,57,[13:00-13:15[,2025-07-31 12:00,1712.526,25991.045,15.177,17969.471,10.493,,,,,5521.2,3.224,2498.761,1.459,1.613,0.001
31/07/2025,2025-07-31,58,[13:15-13:30[,2025-07-31 12:15,1705.194,25460.953,14.931,17969.471,10.538,,,,,5521.2,3.238,2182.995,1.28,-212.713,-0.125
31/07/2025,2025-07-31,59,[13:30-13:45[,2025-07-31 12:30,1728.359,25911.106,14.992,17969.471,10.397,,,,,5161.68,2.986,2630.109,1.522,149.846,0.087
31/07/2025,2025-07-31,60,[13:45-14:00[,2025-07-31 12:45,1730.63,21893.699,12.651,17969.471,10.383,,,,,5161.68,2.983,2610.361,1.508,-3847.812,-2.223
31/07/2025,2025-07-31,61,[14:00-14:15[,2025-07-31 13:00,1748.811,21512.311,12.301,17503.653,10.009,,,,,6143.46,3.513,2507.962,1.434,-4642.763,-2.655
31/07/2025,2025-07-31,62,[14:15-14:30[,2025-07-31 13:15,1765.029,25854.755,14.648,17503.653,9.917,,,,,6143.46,3.481,2609.384,1.478,-401.741,-0.228
31/07/2025,2025-07-31,63,[14:30-14:45[,2025-07-31 13:30,1764.358,24418.425,13.84,17503.653,9.921,,,,,6143.46,3.482,2260.294,1.281,-1488.982,-0.844
31/07/2025,2025-07-31,64,[14:45-15:00[,2025-07-31 13:45,1774.568,23646.009,13.325,17503.653,9.864,,,,,6143.46,3.462,2630.485,1.482,-2631.59,-1.483
31/07/2025,2025-07-31,65,[15:00-15:15[,2025-07-31 14:00,1774.125,23718.803,13.369,17288.031,9.745,,,,,7868.64,4.435,1581.155,0.891,-3019.023,-1.702
31/07/2025,2025-07-31,66,[15:15-15:30[,2025-07-31 14:15,1757.163,26298.372,14.966,17288.031,9.839,,,,,7868.64,4.478,1464.664,0.834,-322.963,-0.184
31/07/2025,2025-07-31,67,[15:30-15:45[,2025-07-31 14:30,1759.949,26064.477,14.81,17288.031,9.823,,,,,7868.64,4.471,1650.83,0.938,-743.024,-0.422
31/07/2025,2025-07-31,68,[15:45-16:00[,2025-07-31 14:45,1770.938,27564.341,15.565,17288.031,9.762,,,,,7868.64,4.443,1673.847,0.945,733.823,0.414
31/07/2025,2025-07-31,69,[16:00-16:15[,2025-07-31 15:00,1777.201,28367.415,15.962,15979.855,8.992,,,,,9514,5.353,2097.852,1.18,775.708,0.436
31/07/2025,2025-07-31,70,[16:15-16:30[,2025-07-31 15:15,1794.485,27945.497,15.573,15979.855,8.905,,,,,9514,5.302,2164.295,1.206,287.347,0.16
31/07/2025,2025-07-31,71,[16:30-16:45[,2025-07-31 15:30,1798.277,25800.568,14.347,15979.855,8.886,,,,,9514,5.291,1569.968,0.873,-1263.255,-0.702
31/07/2025,2025-07-31,72,[16:45-17:00[,2025-07-31 15:45,1789.51,25277.261,14.125,15979.855,8.93,,,,,9514,5.317,1628.92,0.91,-1845.514,-1.031
31/07/2025,2025-07-31,73,[17:00-17:15[,2025-07-31 16:00,1775.425,32860.022,18.508,15880.863,8.945,,,2592.288,1.46,9749.225,5.491,1578.391,0.889,3059.256,1.723
31/07/2025,2025-07-31,74,[17:15-17:30[,2025-07-31 16:15,1782.019,36059.706,20.235,15880.863,8.912,,,2592.288,1.455,9749.225,5.471,1603.665,0.9,6233.666,3.498
31/07/2025,2025-07-31,75,[17:30-17:45[,2025-07-31 16:30,1794.755,31558.56,17.584,15880.863,8.848,,,2592.288,1.444,9749.225,5.432,1609.47,0.897,1726.715,0.962
31/07/2025,2025-07-31,76,[17:45-18:00[,2025-07-31 16:45,1805.72,31979.724,17.71,15880.863,8.795,,,2592.288,1.436,9749.225,5.399,1621.223,0.898,2136.126,1.183
31/07/2025,2025-07-31,77,[18:00-18:15[,2025-07-31 17:00,1803.583,27323.825,15.15,14077.863,7.805,,,,,7533.12,4.177,1675.517,0.929,4037.326,2.239
31/07/2025,2025-07-31,78,[18:15-18:30[,2025-07-31 17:15,1816.131,24103.031,13.272,14077.863,7.752,,,,,7533.12,4.148,1518.247,0.836,973.802,0.536
31/07/2025,2025-07-31,79,[18:30-18:45[,2025-07-31 17:30,1845.658,24286.292,13.159,14077.863,7.628,,,,,7533.12,4.082,2025.111,1.097,650.198,0.352
31/07/2025,2025-07-31,80,[18:45-19:00[,2025-07-31 17:45,1883.088,25079.675,13.318,14077.863,7.476,,,,,7533.12,4,2176.473,1.156,1292.219,0.686
31/07/2025,2025-07-31,81,[19:00-19:15[,2025-07-31 18:00,1909.224,14932.458,7.821,7273.084,3.809,,,,,3040,1.592,2278.943,1.194,2340.43,1.226
31/07/2025,2025-07-31,82,[19:15-19:30[,2025-07-31 18:15,1920.344,14253.076,7.422,7273.084,3.787,,,,,4517.44,2.352,2134.585,1.112,327.967,0.171
31/07/2025,2025-07-31,83,[19:30-19:45[,2025-07-31 18:30,1947.688,15020.681,7.712,7273.084,3.734,,,,,5277.44,2.71,2275.878,1.169,194.279,0.1
31/07/2025,2025-07-31,84,[19:45-20:00[,2025-07-31 18:45,1960.917,15144.094,7.723,7273.084,3.709,,,,,5648.72,2.881,2278.232,1.162,-55.943,-0.029
31/07/2025,2025-07-31,85,[20:00-20:15[,2025-07-31 19:00,1969.809,11415.608,5.795,6703.763,3.403,,,,,2852.08,1.448,2247.737,1.141,-387.971,-0.197
31/07/2025,2025-07-31,86,[20:15-20:30[,2025-07-31 19:15,1949.308,9690.515,4.971,6703.763,3.439,,,,,2852.08,1.463,2292.239,1.176,-2157.567,-1.107
31/07/2025,2025-07-31,87,[20:30-20:45[,2025-07-31 19:30,1948.559,5553.829,2.85,6703.763,3.44,,,,,2852.08,1.464,2300.97,1.181,-6302.984,-3.235
31/07/2025,2025-07-31,88,[20:45-21:00[,2025-07-31 19:45,1950.101,14210.746,7.287,6703.763,3.438,,,,,2852.08,1.463,2319.506,1.189,2335.398,1.198
31/07/2025,2025-07-31,89,[21:00-21:15[,2025-07-31 20:00,1940.351,15004.768,7.733,7071.788,3.645,,,,,2873.6,1.481,2246.895,1.158,2812.486,1.449
31/07/2025,2025-07-31,90,[21:15-21:30[,2025-07-31 20:15,1931.661,16893.257,8.745,7071.788,3.661,,,,,2873.6,1.488,2304.788,1.193,4643.082,2.404
31/07/2025,2025-07-31,91,[21:30-21:45[,2025-07-31 20:30,1915.137,11446.462,5.977,7071.788,3.693,,,,,2873.6,1.5,2296.326,1.199,-795.251,-0.415
31/07/2025,2025-07-31,92,[21:45-22:00[,2025-07-31 20:45,1871.937,11059.831,5.908,7071.788,3.778,,,,,2873.6,1.535,2249.466,1.202,-1135.022,-0.606
31/07/2025,2025-07-31,93,[22:00-22:15[,2025-07-31 21:00,1847.647,10620.242,5.748,8133.625,4.402,,,,,2943.72,1.593,2326.723,1.259,-2783.826,-1.507
31/07/2025,2025-07-31,94,[22:15-22:30[,2025-07-31 21:15,1820.348,14270.219,7.839,8133.625,4.468,,,,,2943.72,1.617,2303.337,1.265,889.537,0.489
31/07/2025,2025-07-31,95,[22:30-22:45[,2025-07-31 21:30,1783.11,14170.706,7.947,8133.625,4.561,,,,,2943.72,1.651,2347.389,1.316,745.971,0.418
31/07/2025,2025-07-31,96,[22:45-23:00[,2025-07-31 21:45,1741.033,17463.371,10.03,8133.625,4.672,,,,,2943.72,1.691,2337.095,1.342,4048.931,2.326
