dia,data_iso,periodo,intervalo,data_utc,consumo_mwh,erc_total_eur,erc_total_eur_mwh,rt_pdbf_eur,rt_pdbf_eur_mwh,rt_pdvd_eur,rt_pdvd_eur_mwh,rt_phf_eur,rt_phf_eur_mwh,banda_afrr_eur,banda_afrr_eur_mwh,banda_mfrr_eur,banda_mfrr_eur_mwh,outros_eur,outros_eur_mwh
01/06/2026,2026-06-01,1,[23:00-23:15[,2026-05-31 22:00,1439.966,15796.536,10.97,6895.901,4.789,,,,,4637.92,3.221,2662.895,1.849,1599.82,1.111
01/06/2026,2026-06-01,2,[23:15-23:30[,2026-05-31 22:15,1418.542,13818.534,9.741,7304.542,5.149,,,,,4648.7,3.277,2687.424,1.894,-822.132,-0.58
01/06/2026,2026-06-01,3,[23:30-23:45[,2026-05-31 22:30,1375.64,14930.556,10.854,8127.359,5.908,,,,,4023.75,2.925,2724.456,1.981,54.992,0.04
01/06/2026,2026-06-01,4,[23:45-00:00[,2026-05-31 22:45,1368.524,13477.05,9.848,8247.613,6.027,,,,,4023.75,2.94,2722.18,1.989,-1516.493,-1.108
01/06/2026,2026-06-01,5,[00:00-00:15[,2026-05-31 23:00,1357.716,10774.854,7.936,8127.359,5.986,,,,,2450.912,1.805,2942.709,2.167,-2746.126,-2.023
01/06/2026,2026-06-01,6,[00:15-00:30[,2026-05-31 23:15,1332.977,10618.485,7.966,8247.42,6.187,,,,,2450.912,1.839,2987.009,2.241,-3066.855,-2.301
01/06/2026,2026-06-01,7,[00:30-00:45[,2026-05-31 23:30,1304.475,12003.156,9.202,8263.624,6.335,,,,,2450.912,1.879,2985.547,2.289,-1696.927,-1.301
01/06/2026,2026-06-01,8,[00:45-01:00[,2026-05-31 23:45,1282.691,15113.744,11.783,8272.931,6.45,,,,,4964.85,3.871,2938.481,2.291,-1062.517,-0.828
01/06/2026,2026-06-01,9,[01:00-01:15[,2026-06-01 00:00,1274.853,14953.74,11.73,8344.041,6.545,,,,,3461.76,2.715,2893.556,2.27,254.383,0.2
01/06/2026,2026-06-01,10,[01:15-01:30[,2026-06-01 00:15,1244.442,13966.44,11.223,8344.041,6.705,,,,,3461.76,2.782,2893.878,2.325,-733.239,-0.589
01/06/2026,2026-06-01,11,[01:30-01:45[,2026-06-01 00:30,1229.854,15333.75,12.468,8343.876,6.784,,,,,3461.76,2.815,2921.445,2.375,606.669,0.493
01/06/2026,2026-06-01,12,[01:45-02:00[,2026-06-01 00:45,1229.01,14547.616,11.837,8343.712,6.789,,,,,3461.76,2.817,2953.551,2.403,-211.407,-0.172
01/06/2026,2026-06-01,13,[02:00-02:15[,2026-06-01 01:00,1216.831,13661.523,11.227,8343.547,6.857,,,,,3389.64,2.786,2985.107,2.453,-1056.77,-0.868
01/06/2026,2026-06-01,14,[02:15-02:30[,2026-06-01 01:15,1202.298,8561.387,7.121,8261.556,6.871,,,,,1477.408,1.229,2983.942,2.482,-4161.519,-3.461
01/06/2026,2026-06-01,15,[02:30-02:45[,2026-06-01 01:30,1197.406,11422.969,9.54,8124.642,6.785,,,,,965.168,0.806,2973.737,2.483,-640.579,-0.535
01/06/2026,2026-06-01,16,[02:45-03:00[,2026-06-01 01:45,1185.63,11287.23,9.52,8094.368,6.827,,,,,911.248,0.769,2857.73,2.41,-576.116,-0.486
01/06/2026,2026-06-01,17,[03:00-03:15[,2026-06-01 02:00,1162.822,14618.311,12.571,8123.812,6.986,,,,,965.168,0.83,2936.853,2.526,2592.478,2.229
01/06/2026,2026-06-01,18,[03:15-03:30[,2026-06-01 02:15,1174.339,11981.575,10.203,8123.612,6.918,,,,,965.168,0.822,2984.767,2.542,-91.971,-0.078
01/06/2026,2026-06-01,19,[03:30-03:45[,2026-06-01 02:30,1166.441,12083.636,10.359,8020.558,6.876,,,,,911.248,0.781,2950.762,2.53,201.068,0.172
01/06/2026,2026-06-01,20,[03:45-04:00[,2026-06-01 02:45,1171.419,11840.315,10.108,7694.981,6.569,,,,,749.488,0.64,2902.437,2.478,493.41,0.421
01/06/2026,2026-06-01,21,[04:00-04:15[,2026-06-01 03:00,1145.557,11557.127,10.089,7614.423,6.647,,,,,819.584,0.715,2928.416,2.556,194.705,0.17
01/06/2026,2026-06-01,22,[04:15-04:30[,2026-06-01 03:15,1162.393,11916.708,10.252,7614.623,6.551,,,,,814.192,0.7,2932.39,2.523,555.504,0.478
01/06/2026,2026-06-01,23,[04:30-04:45[,2026-06-01 03:30,1166.056,13538.445,11.61,7358.334,6.31,,,,,3389.64,2.907,2982.496,2.558,-192.025,-0.165
01/06/2026,2026-06-01,24,[04:45-05:00[,2026-06-01 03:45,1167.975,12917.462,11.06,7186.963,6.153,,,,,3389.64,2.902,2975.787,2.548,-634.928,-0.544
01/06/2026,2026-06-01,25,[05:00-05:15[,2026-06-01 04:00,1167.693,11295.742,9.674,6753.926,5.784,,,,,2566.2,2.198,2985.58,2.557,-1009.965,-0.865
01/06/2026,2026-06-01,26,[05:15-05:30[,2026-06-01 04:15,1179.137,12306.059,10.436,6561.828,5.565,,,,,2566.2,2.176,2987.853,2.534,190.178,0.161
01/06/2026,2026-06-01,27,[05:30-05:45[,2026-06-01 04:30,1190.907,10657.626,8.949,6310.797,5.299,,,,,2481.6,2.084,2954.244,2.481,-1089.015,-0.914
01/06/2026,2026-06-01,28,[05:45-06:00[,2026-06-01 04:45,1191.752,7081.83,5.942,6022.631,5.054,,,,,2261.64,1.898,2988.519,2.508,-4190.961,-3.517
01/06/2026,2026-06-01,29,[06:00-06:15[,2026-06-01 05:00,1206.096,10046.574,8.33,5034.292,4.174,,,,,3236.46,2.683,2986.318,2.476,-1210.496,-1.004
01/06/2026,2026-06-01,30,[06:15-06:30[,2026-06-01 05:15,1246.323,12117.61,9.723,5372.103,4.31,,,,,3585.3,2.877,2988.127,2.398,172.08,0.138
01/06/2026,2026-06-01,31,[06:30-06:45[,2026-06-01 05:30,1281.988,11269.759,8.791,5511.707,4.299,,,,,3850,3.003,2935.584,2.29,-1027.531,-0.802
01/06/2026,2026-06-01,32,[06:45-07:00[,2026-06-01 05:45,1307.459,16760.521,12.819,6494.649,4.967,,,,,4982.124,3.811,2899.46,2.218,2384.288,1.824
01/06/2026,2026-06-01,33,[07:00-07:15[,2026-06-01 06:00,1352.239,8933.884,6.607,5068.621,3.748,,,,,4270.6,3.158,2876.038,2.127,-3281.375,-2.427
01/06/2026,2026-06-01,34,[07:15-07:30[,2026-06-01 06:15,1406.373,14265.39,10.143,6581.063,4.679,,,,,4485.76,3.19,2970.458,2.112,228.11,0.162
01/06/2026,2026-06-01,35,[07:30-07:45[,2026-06-01 06:30,1457.067,14719.281,10.102,8160.293,5.6,,,,,5975.5,4.101,2989.08,2.051,-2405.592,-1.651
01/06/2026,2026-06-01,36,[07:45-08:00[,2026-06-01 06:45,1495.524,21206.571,14.18,9987.491,6.678,,,,,5921.56,3.96,2988.646,1.998,2308.874,1.544
01/06/2026,2026-06-01,37,[08:00-08:15[,2026-06-01 07:00,1536.096,14691.942,9.564,8926.225,5.811,,,,,6168.82,4.016,2926.908,1.905,-3330.011,-2.168
01/06/2026,2026-06-01,38,[08:15-08:30[,2026-06-01 07:15,1604.106,23639.067,14.737,11213.23,6.99,,,,,8387.82,5.229,2850.868,1.777,1187.149,0.74
01/06/2026,2026-06-01,39,[08:30-08:45[,2026-06-01 07:30,1645.235,27135.482,16.493,13253.549,8.056,,,,,11333.52,6.889,2849.129,1.732,-300.716,-0.183
01/06/2026,2026-06-01,40,[08:45-09:00[,2026-06-01 07:45,1651.698,29375.617,17.785,14132.063,8.556,,,,,12777.24,7.736,2864.431,1.734,-398.116,-0.241
01/06/2026,2026-06-01,41,[09:00-09:15[,2026-06-01 08:00,1659.525,23176.31,13.966,13493.75,8.131,,,,,12334.2,7.432,2764.046,1.666,-5415.686,-3.263
01/06/2026,2026-06-01,42,[09:15-09:30[,2026-06-01 08:15,1644.558,28003.729,17.028,13741.152,8.356,,,,,12761.929,7.76,2673.369,1.626,-1172.721,-0.713
01/06/2026,2026-06-01,43,[09:30-09:45[,2026-06-01 08:30,1638.566,26229.349,16.008,14424.563,8.803,,,,,13546.485,8.267,2629.472,1.605,-4371.171,-2.668
01/06/2026,2026-06-01,44,[09:45-10:00[,2026-06-01 08:45,1639.106,22103.473,13.485,14897.391,9.089,,,,,11553.252,7.049,2764.402,1.687,-7111.571,-4.339
01/06/2026,2026-06-01,45,[10:00-10:15[,2026-06-01 09:00,1628.376,18508.909,11.366,14313.338,8.79,,,,,11723.4,7.199,2817.525,1.73,-10345.354,-6.353
01/06/2026,2026-06-01,46,[10:15-10:30[,2026-06-01 09:15,1619.49,23522.54,14.525,14666.775,9.056,,,,,11022.48,6.806,2905.962,1.794,-5072.677,-3.132
01/06/2026,2026-06-01,47,[10:30-10:45[,2026-06-01 09:30,1618.736,25286.214,15.621,15108.799,9.334,,,,,11301.444,6.982,2892.095,1.787,-4016.124,-2.481
01/06/2026,2026-06-01,48,[10:45-11:00[,2026-06-01 09:45,1580.351,24600.436,15.566,15202.042,9.619,,,,,11452.17,7.247,2801.798,1.773,-4855.574,-3.072
01/06/2026,2026-06-01,49,[11:00-11:15[,2026-06-01 10:00,1584.798,27940.267,17.63,14857.088,9.375,,,,,11201.085,7.068,2693.051,1.699,-810.957,-0.512
01/06/2026,2026-06-01,50,[11:15-11:30[,2026-06-01 10:15,1583.337,27906.68,17.625,14903.963,9.413,,,392.149,0.248,11233.404,7.095,2538.399,1.603,-1161.234,-0.733
01/06/2026,2026-06-01,51,[11:30-11:45[,2026-06-01 10:30,1585.912,28512.391,17.979,15131.531,9.541,,,,,11600.65,7.315,2414.599,1.523,-634.389,-0.4
01/06/2026,2026-06-01,52,[11:45-12:00[,2026-06-01 10:45,1567.579,28481.62,18.169,15120.885,9.646,,,,,11618.672,7.412,2311.434,1.475,-569.37,-0.363
01/06/2026,2026-06-01,53,[12:00-12:15[,2026-06-01 11:00,1554.341,27378.093,17.614,15687.645,10.093,,,,,9723.345,6.256,2317.469,1.491,-350.365,-0.225
01/06/2026,2026-06-01,54,[12:15-12:30[,2026-06-01 11:15,1557.956,27754.846,17.815,15687.642,10.069,,,,,9852.592,6.324,2298.992,1.476,-84.38,-0.054
01/06/2026,2026-06-01,55,[12:30-12:45[,2026-06-01 11:30,1508.821,28640.21,18.982,15696.078,10.403,,,,,10909.76,7.231,2243.087,1.487,-208.715,-0.138
01/06/2026,2026-06-01,56,[12:45-13:00[,2026-06-01 11:45,1490.213,28422.135,19.073,15696.079,10.533,,,,,10923,7.33,2286.939,1.535,-483.883,-0.325
01/06/2026,2026-06-01,57,[13:00-13:15[,2026-06-01 12:00,1503.344,28766.543,19.135,15677.334,10.428,,,,,10893.204,7.246,2355.941,1.567,-159.936,-0.106
01/06/2026,2026-06-01,58,[13:15-13:30[,2026-06-01 12:15,1486.13,28685.159,19.302,15687.653,10.556,,,,,10891.503,7.329,2420.57,1.629,-314.567,-0.212
01/06/2026,2026-06-01,59,[13:30-13:45[,2026-06-01 12:30,1487.522,27621.92,18.569,15700.789,10.555,,,,,10678.878,7.179,2432.701,1.635,-1190.448,-0.8
01/06/2026,2026-06-01,60,[13:45-14:00[,2026-06-01 12:45,1502.705,28179.271,18.752,15750.682,10.482,,,,,10672.074,7.102,2391.057,1.591,-634.542,-0.422
01/06/2026,2026-06-01,61,[14:00-14:15[,2026-06-01 13:00,1494.278,28332.899,18.961,15781.954,10.562,,,,,10239.485,6.852,2418.558,1.619,-107.098,-0.072
01/06/2026,2026-06-01,62,[14:15-14:30[,2026-06-01 13:15,1519.673,28821.264,18.965,15809.149,10.403,,,,,10352.803,6.813,2438.252,1.604,221.061,0.145
01/06/2026,2026-06-01,63,[14:30-14:45[,2026-06-01 13:30,1530.143,28114.237,18.374,15809.16,10.332,,,,,10354.019,6.767,2412.304,1.577,-461.246,-0.301
01/06/2026,2026-06-01,64,[14:45-15:00[,2026-06-01 13:45,1488.509,28692.877,19.276,15809.172,10.621,,,,,10356.055,6.957,2333.487,1.568,194.163,0.13
01/06/2026,2026-06-01,65,[15:00-15:15[,2026-06-01 14:00,1502.05,29771.344,19.82,15786.679,10.51,,,,,10242.795,6.819,2213.889,1.474,1527.981,1.017
01/06/2026,2026-06-01,66,[15:15-15:30[,2026-06-01 14:15,1506.666,29086.425,19.305,15712.986,10.429,,,,,10236.175,6.794,2062.404,1.369,1074.86,0.713
01/06/2026,2026-06-01,67,[15:30-15:45[,2026-06-01 14:30,1503.341,35152.185,23.383,15696.112,10.441,,,,,10353.001,6.887,2003.549,1.333,7099.523,4.722
01/06/2026,2026-06-01,68,[15:45-16:00[,2026-06-01 14:45,1491.261,30716.225,20.597,15594.865,10.458,,,,,10346.994,6.938,2052.885,1.377,2721.482,1.825
01/06/2026,2026-06-01,69,[16:00-16:15[,2026-06-01 15:00,1508.878,28240.808,18.716,15481.428,10.26,,,,,10624.446,7.041,2068.158,1.371,66.775,0.044
01/06/2026,2026-06-01,70,[16:15-16:30[,2026-06-01 15:15,1531.193,27623.474,18.04,14735.525,9.624,,,,,11114.334,7.259,2123.642,1.387,-350.027,-0.229
01/06/2026,2026-06-01,71,[16:30-16:45[,2026-06-01 15:30,1531.839,28928.695,18.885,14063.9,9.181,,,,,13341.138,8.709,2076.822,1.356,-553.165,-0.361
01/06/2026,2026-06-01,72,[16:45-17:00[,2026-06-01 15:45,1533.735,29085.77,18.964,13986.088,9.119,,,,,13865.276,9.04,2100.404,1.369,-865.997,-0.565
01/06/2026,2026-06-01,73,[17:00-17:15[,2026-06-01 16:00,1531.98,27846.896,18.177,13601.15,8.878,,,,,11219.068,7.323,2145.632,1.401,881.046,0.575
01/06/2026,2026-06-01,74,[17:15-17:30[,2026-06-01 16:15,1548.517,23261.997,15.022,12440.473,8.034,,,,,10565.83,6.823,2364.559,1.527,-2108.865,-1.362
01/06/2026,2026-06-01,75,[17:30-17:45[,2026-06-01 16:30,1547.719,26860.543,17.355,11750.757,7.592,,,,,10747.446,6.944,2344.836,1.515,2017.504,1.304
01/06/2026,2026-06-01,76,[17:45-18:00[,2026-06-01 16:45,1561.657,24305.071,15.564,11346.876,7.266,,,,,10825.289,6.932,2187.463,1.401,-54.555,-0.035
01/06/2026,2026-06-01,77,[18:00-18:15[,2026-06-01 17:00,1577.79,21206.753,13.441,11360.743,7.2,,,-0.114,0,5566.782,3.528,2242.373,1.421,2036.969,1.291
01/06/2026,2026-06-01,78,[18:15-18:30[,2026-06-01 17:15,1603.63,14192.445,8.85,8815.286,5.497,,,,,4266.286,2.66,2264.72,1.412,-1153.847,-0.72
01/06/2026,2026-06-01,79,[18:30-18:45[,2026-06-01 17:30,1639.277,12145.846,7.409,8353.606,5.096,,,,,4266.286,2.603,2445.328,1.492,-2919.374,-1.781
01/06/2026,2026-06-01,80,[18:45-19:00[,2026-06-01 17:45,1683.19,14155.411,8.41,6997.005,4.157,,,-30.623,-0.018,3803.75,2.26,2494.977,1.482,890.302,0.529
01/06/2026,2026-06-01,81,[19:00-19:15[,2026-06-01 18:00,1709.505,13855.845,8.105,7823.647,4.577,,,,,2576,1.507,2468.116,1.444,988.083,0.578
01/06/2026,2026-06-01,82,[19:15-19:30[,2026-06-01 18:15,1740.985,11641.567,6.687,6587.774,3.784,,,,,1551.2,0.891,2458.84,1.412,1043.753,0.6
01/06/2026,2026-06-01,83,[19:30-19:45[,2026-06-01 18:30,1770.264,4793.338,2.708,2619.764,1.48,,,,,1428,0.807,2459.717,1.389,-1714.143,-0.968
01/06/2026,2026-06-01,84,[19:45-20:00[,2026-06-01 18:45,1790.175,6404.619,3.578,2283.447,1.276,,,,,2576,1.439,2492.104,1.392,-946.931,-0.529
01/06/2026,2026-06-01,85,[20:00-20:15[,2026-06-01 19:00,1796.244,6373.014,3.548,2423.443,1.349,,,,,1296,0.722,2425.36,1.35,228.212,0.127
01/06/2026,2026-06-01,86,[20:15-20:30[,2026-06-01 19:15,1793.646,7096.42,3.956,2195.374,1.224,,,,,2177.28,1.214,2522.583,1.406,201.183,0.112
01/06/2026,2026-06-01,87,[20:30-20:45[,2026-06-01 19:30,1785.479,4557.496,2.553,1941.007,1.087,,,,,806.4,0.452,2536.428,1.421,-726.338,-0.407
01/06/2026,2026-06-01,88,[20:45-21:00[,2026-06-01 19:45,1777.14,8310.782,4.676,2106.013,1.185,,,,,650.88,0.366,2512.572,1.414,3041.316,1.711
01/06/2026,2026-06-01,89,[21:00-21:15[,2026-06-01 20:00,1778.365,6653.926,3.742,1625.154,0.914,,,,,2761.76,1.553,2482.83,1.396,-215.818,-0.121
01/06/2026,2026-06-01,90,[21:15-21:30[,2026-06-01 20:15,1774.861,6412.158,3.613,1912.879,1.078,,,,,1849.92,1.042,2481.336,1.398,168.023,0.095
01/06/2026,2026-06-01,91,[21:30-21:45[,2026-06-01 20:30,1755.261,4913.166,2.799,1847.392,1.052,,,,,2138.56,1.218,2465.818,1.405,-1538.604,-0.877
01/06/2026,2026-06-01,92,[21:45-22:00[,2026-06-01 20:45,1724.897,7608.023,4.411,2225.792,1.29,,,,,1476,0.856,2478.621,1.437,1427.61,0.828
01/06/2026,2026-06-01,93,[22:00-22:15[,2026-06-01 21:00,1691.287,7324.587,4.331,2379.055,1.407,,,,,1718.72,1.016,2462.799,1.456,764.014,0.452
01/06/2026,2026-06-01,94,[22:15-22:30[,2026-06-01 21:15,1657.568,7600.243,4.585,2495.692,1.506,,,,,2151.68,1.298,2481.166,1.497,471.706,0.285
01/06/2026,2026-06-01,95,[22:30-22:45[,2026-06-01 21:30,1623.959,5845.464,3.6,2495.692,1.537,,,,,2151.68,1.325,2532.188,1.559,-1334.096,-0.822
01/06/2026,2026-06-01,96,[22:45-23:00[,2026-06-01 21:45,1590.59,9014.554,5.667,2622.547,1.649,,,,,3850.72,2.421,2564.583,1.612,-23.295,-0.015
02/06/2026,2026-06-02,1,[23:00-23:15[,2026-06-01 22:00,1553.329,11420.681,7.352,6884.115,4.432,,,,,1751.82,1.128,2564.697,1.651,220.048,0.142
02/06/2026,2026-06-02,2,[23:15-23:30[,2026-06-01 22:15,1513.826,11664.33,7.705,7218.756,4.769,,,,,1420.08,0.938,2536.839,1.676,488.655,0.323
02/06/2026,2026-06-02,3,[23:30-23:45[,2026-06-01 22:30,1473.135,12710.728,8.628,7893.215,5.358,,,,,1594.68,1.083,2370.295,1.609,852.538,0.579
02/06/2026,2026-06-02,4,[23:45-00:00[,2026-06-01 22:45,1449.56,13806.063,9.524,8138.998,5.615,,,,,2229.06,1.538,2468.385,1.703,969.62,0.669
02/06/2026,2026-06-02,5,[00:00-00:15[,2026-06-01 23:00,1441.346,14409.28,9.997,8294.071,5.754,,,,,3148.46,2.184,2740.501,1.901,226.248,0.157
02/06/2026,2026-06-02,6,[00:15-00:30[,2026-06-01 23:15,1424.426,12128.983,8.515,8535.771,5.992,,,,,1039.04,0.729,2757.121,1.936,-202.948,-0.142
02/06/2026,2026-06-02,7,[00:30-00:45[,2026-06-01 23:30,1400.151,12427.728,8.876,8536.066,6.097,,,,,1026.816,0.733,2835.257,2.025,29.589,0.021
02/06/2026,2026-06-02,8,[00:45-01:00[,2026-06-01 23:45,1375.507,13167.463,9.573,8768.598,6.375,,,,,1167.392,0.849,2856.461,2.077,375.013,0.273
02/06/2026,2026-06-02,9,[01:00-01:15[,2026-06-02 00:00,1371.902,11814.962,8.612,8310.924,6.058,,,,,2991.56,2.181,2807.941,2.047,-2295.463,-1.673
02/06/2026,2026-06-02,10,[01:15-01:30[,2026-06-02 00:15,1345.494,10330.098,7.678,8441.514,6.274,,,,,846.32,0.629,2856.26,2.123,-1813.995,-1.348
02/06/2026,2026-06-02,11,[01:30-01:45[,2026-06-02 00:30,1324.591,11235.405,8.482,8535.207,6.444,,,,,969,0.732,2837.6,2.142,-1106.401,-0.835
02/06/2026,2026-06-02,12,[01:45-02:00[,2026-06-02 00:45,1320.376,13004.555,9.849,8558.274,6.482,,,,,1407.9,1.066,2920.335,2.212,118.047,0.089
02/06/2026,2026-06-02,13,[02:00-02:15[,2026-06-02 01:00,1304.947,11887.186,9.109,8681.243,6.653,,,,,1726.2,1.323,2910.487,2.23,-1430.744,-1.096
02/06/2026,2026-06-02,14,[02:15-02:30[,2026-06-02 01:15,1289.283,15784.964,12.243,8764.549,6.798,,,,,2991.56,2.32,2818.77,2.186,1210.086,0.939
02/06/2026,2026-06-02,15,[02:30-02:45[,2026-06-02 01:30,1257.089,16181.602,12.872,8815.638,7.013,,,,,2991.56,2.38,2895.842,2.304,1478.561,1.176
02/06/2026,2026-06-02,16,[02:45-03:00[,2026-06-02 01:45,1255.73,14698.279,11.705,8835.131,7.036,,,,,2991.56,2.382,2869.476,2.285,2.112,0.002
02/06/2026,2026-06-02,17,[03:00-03:15[,2026-06-02 02:00,1254.945,15018.237,11.967,8834.995,7.04,,,,,2824.2,2.25,2875.691,2.291,483.352,0.385
02/06/2026,2026-06-02,18,[03:15-03:30[,2026-06-02 02:15,1242.605,13879.703,11.17,8864.727,7.134,,,,,2824.2,2.273,2865.766,2.306,-674.99,-0.543
02/06/2026,2026-06-02,19,[03:30-03:45[,2026-06-02 02:30,1261.625,14686.316,11.641,8837.25,7.005,,,,,2824.2,2.239,2896.821,2.296,128.044,0.101
02/06/2026,2026-06-02,20,[03:45-04:00[,2026-06-02 02:45,1251.83,12030.867,9.611,8838.206,7.06,,,,,2824.2,2.256,2917.291,2.33,-2548.83,-2.036
02/06/2026,2026-06-02,21,[04:00-04:15[,2026-06-02 03:00,1255.116,15678.257,12.491,8839.593,7.043,,,,,2991.56,2.383,2825.538,2.251,1021.566,0.814
02/06/2026,2026-06-02,22,[04:15-04:30[,2026-06-02 03:15,1242.697,15964.042,12.846,8840.62,7.114,,,,,2991.56,2.407,2822.572,2.271,1309.29,1.054
02/06/2026,2026-06-02,23,[04:30-04:45[,2026-06-02 03:30,1241.905,14067.948,11.328,8835.62,7.115,,,,,2991.56,2.409,2803.953,2.258,-563.185,-0.453
02/06/2026,2026-06-02,24,[04:45-05:00[,2026-06-02 03:45,1255.495,14961.114,11.917,8772.681,6.987,,,,,2991.56,2.383,2811.96,2.24,384.913,0.307
02/06/2026,2026-06-02,25,[05:00-05:15[,2026-06-02 04:00,1253.035,15863.874,12.66,8536.497,6.813,,,,,2699.2,2.154,2822.974,2.253,1805.202,1.441
02/06/2026,2026-06-02,26,[05:15-05:30[,2026-06-02 04:15,1261.922,12419.53,9.842,8318.935,6.592,,,,,2699.2,2.139,2821.297,2.236,-1419.901,-1.125
02/06/2026,2026-06-02,27,[05:30-05:45[,2026-06-02 04:30,1267.089,14980.551,11.823,8396.88,6.627,,,,,2940,2.32,2742.729,2.165,900.943,0.711
02/06/2026,2026-06-02,28,[05:45-06:00[,2026-06-02 04:45,1264.995,16495.348,13.04,8203.469,6.485,,,,,2940,2.324,2758.9,2.181,2592.979,2.05
02/06/2026,2026-06-02,29,[06:00-06:15[,2026-06-02 05:00,1294.176,9152.129,7.072,7898.143,6.103,,,,,3265.5,2.523,2778.676,2.147,-4790.19,-3.701
02/06/2026,2026-06-02,30,[06:15-06:30[,2026-06-02 05:15,1311.98,14151.241,10.786,8337.282,6.355,,,,,4321.4,3.294,2776.271,2.116,-1283.712,-0.978
02/06/2026,2026-06-02,31,[06:30-06:45[,2026-06-02 05:30,1333.43,21546.281,16.159,8407.074,6.305,,,,,4594.2,3.445,2742.871,2.057,5802.137,4.351
02/06/2026,2026-06-02,32,[06:45-07:00[,2026-06-02 05:45,1373.213,17498.576,12.743,8924.575,6.499,,,,,4964.85,3.615,2691.176,1.96,917.976,0.668
02/06/2026,2026-06-02,33,[07:00-07:15[,2026-06-02 06:00,1439.161,15018.199,10.435,8390.926,5.83,,,,,4757.97,3.306,2762.913,1.92,-893.61,-0.621
02/06/2026,2026-06-02,34,[07:15-07:30[,2026-06-02 06:15,1465.868,27712.888,18.905,9993.212,6.817,,,,,10719.04,7.312,2827.592,1.929,4173.044,2.847
02/06/2026,2026-06-02,35,[07:30-07:45[,2026-06-02 06:30,1507.335,19069.629,12.651,10598.885,7.032,,,,,10696.11,7.096,2855.927,1.895,-5081.292,-3.371
02/06/2026,2026-06-02,36,[07:45-08:00[,2026-06-02 06:45,1542.235,23980.922,15.549,12148.766,7.877,,,,,8857.727,5.743,2854.827,1.851,119.602,0.078
02/06/2026,2026-06-02,37,[08:00-08:15[,2026-06-02 07:00,1609.194,25566.26,15.888,12077.439,7.505,,,,,10820.114,6.724,2916.021,1.812,-247.314,-0.154
02/06/2026,2026-06-02,38,[08:15-08:30[,2026-06-02 07:15,1649.361,26043.622,15.79,13838.989,8.391,,,,,10605.372,6.43,2877.329,1.745,-1278.067,-0.775
02/06/2026,2026-06-02,39,[08:30-08:45[,2026-06-02 07:30,1659.362,25819.274,15.56,14207.426,8.562,,,,,10419.66,6.279,2912.682,1.755,-1720.495,-1.037
02/06/2026,2026-06-02,40,[08:45-09:00[,2026-06-02 07:45,1648.733,29415.006,17.841,15661.539,9.499,,,,,10776.72,6.536,2872.835,1.742,103.912,0.063
02/06/2026,2026-06-02,41,[09:00-09:15[,2026-06-02 08:00,1680.652,28976.14,17.241,16078.452,9.567,,,,,10684.801,6.358,2890.638,1.72,-677.75,-0.403
02/06/2026,2026-06-02,42,[09:15-09:30[,2026-06-02 08:15,1687.301,30920.463,18.325,16445.015,9.746,,,,,11146.25,6.606,2837.367,1.682,491.833,0.291
02/06/2026,2026-06-02,43,[09:30-09:45[,2026-06-02 08:30,1688.878,33909.308,20.078,16535.953,9.791,,,34.155,0.02,11983.034,7.095,2824.452,1.672,2531.715,1.499
02/06/2026,2026-06-02,44,[09:45-10:00[,2026-06-02 08:45,1651.876,27262.841,16.504,16573.143,10.033,,,,,12405.261,7.51,2786.028,1.687,-4501.591,-2.725
02/06/2026,2026-06-02,45,[10:00-10:15[,2026-06-02 09:00,1654.748,25837.725,15.614,16604.081,10.034,,,,,11122.398,6.722,2724.685,1.647,-4613.438,-2.788
02/06/2026,2026-06-02,46,[10:15-10:30[,2026-06-02 09:15,1671.006,34669.958,20.748,16650.956,9.965,,,,,11304.837,6.765,2734.43,1.636,3979.735,2.382
02/06/2026,2026-06-02,47,[10:30-10:45[,2026-06-02 09:30,1652.647,31233.571,18.899,16651.894,10.076,,,,,11417.512,6.909,2717.743,1.644,446.422,0.27
02/06/2026,2026-06-02,48,[10:45-11:00[,2026-06-02 09:45,1655.713,30200.009,18.24,16651.894,10.057,,,,,10974.405,6.628,2665.003,1.61,-91.293,-0.055
02/06/2026,2026-06-02,49,[11:00-11:15[,2026-06-02 10:00,1655.823,35911.739,21.688,16651.995,10.057,,,,,12043.395,7.273,2709.127,1.636,4507.222,2.722
02/06/2026,2026-06-02,50,[11:15-11:30[,2026-06-02 10:15,1639.528,32964.442,20.106,16651.995,10.157,,,,,12057.675,7.354,2652.607,1.618,1602.166,0.977
02/06/2026,2026-06-02,51,[11:30-11:45[,2026-06-02 10:30,1645.576,31726.458,19.28,16651.995,10.119,,,,,11043.49,6.711,2671.192,1.623,1359.781,0.826
02/06/2026,2026-06-02,52,[11:45-12:00[,2026-06-02 10:45,1631.563,30703.12,18.818,16651.995,10.206,,,,,11051.915,6.774,2641.679,1.619,357.53,0.219
02/06/2026,2026-06-02,53,[12:00-12:15[,2026-06-02 11:00,1610.588,30119.652,18.701,16652.882,10.34,,,,,10723.34,6.658,2631.315,1.634,112.114,0.07
02/06/2026,2026-06-02,54,[12:15-12:30[,2026-06-02 11:15,1583.968,30254.34,19.1,16652.882,10.513,,,,,10730.08,6.774,2679.52,1.692,191.858,0.121
02/06/2026,2026-06-02,55,[12:30-12:45[,2026-06-02 11:30,1550.973,30392.664,19.596,16652.882,10.737,,,,,10735.135,6.922,2667.858,1.72,336.788,0.217
02/06/2026,2026-06-02,56,[12:45-13:00[,2026-06-02 11:45,1547.496,29347.625,18.965,16652.882,10.761,,,,,10740.19,6.94,2677.758,1.73,-723.205,-0.467
02/06/2026,2026-06-02,57,[13:00-13:15[,2026-06-02 12:00,1516.897,28870.112,19.032,16652.882,10.978,,,,,9822.396,6.475,2674.082,1.763,-279.247,-0.184
02/06/2026,2026-06-02,58,[13:15-13:30[,2026-06-02 12:15,1516.645,28781.58,18.977,16652.881,10.98,,,,,9832.134,6.483,2663.859,1.756,-367.293,-0.242
02/06/2026,2026-06-02,59,[13:30-13:45[,2026-06-02 12:30,1525.289,30434.956,19.954,16652.88,10.918,,,,,10566.635,6.928,2649.163,1.737,566.278,0.371
02/06/2026,2026-06-02,60,[13:45-14:00[,2026-06-02 12:45,1502.299,28262.244,18.813,16652.879,11.085,,,,,10575.06,7.039,2650.929,1.765,-1616.625,-1.076
02/06/2026,2026-06-02,61,[14:00-14:15[,2026-06-02 13:00,1538.798,26925.974,17.498,16652.873,10.822,,,,,9856.479,6.405,2679.028,1.741,-2262.406,-1.47
02/06/2026,2026-06-02,62,[14:15-14:30[,2026-06-02 13:15,1541.315,28887.275,18.742,16652.871,10.804,,,,,9858.102,6.396,2611.808,1.695,-235.506,-0.153
02/06/2026,2026-06-02,63,[14:30-14:45[,2026-06-02 13:30,1524.345,29420.959,19.301,16653.807,10.925,,,,,9858.102,6.467,2549.495,1.673,359.555,0.236
02/06/2026,2026-06-02,64,[14:45-15:00[,2026-06-02 13:45,1528.568,30207.706,19.762,16655.68,10.896,,,,,9856.479,6.448,2638.486,1.726,1057.061,0.692
02/06/2026,2026-06-02,65,[15:00-15:15[,2026-06-02 14:00,1505.51,29989.687,19.92,16661.304,11.067,,,,,10777.26,7.159,2564.835,1.704,-13.713,-0.009
02/06/2026,2026-06-02,66,[15:15-15:30[,2026-06-02 14:15,1500.594,29644.11,19.755,16660.366,11.103,,,,,10768.835,7.176,2515.83,1.677,-300.92,-0.201
02/06/2026,2026-06-02,67,[15:30-15:45[,2026-06-02 14:30,1477.266,29082.077,19.686,16660.365,11.278,,,,,10757.04,7.282,2408.793,1.631,-744.12,-0.504
02/06/2026,2026-06-02,68,[15:45-16:00[,2026-06-02 14:45,1484.198,29649.475,19.977,16656.614,11.223,,,,,10743.56,7.239,2373.52,1.599,-124.219,-0.084
02/06/2026,2026-06-02,69,[16:00-16:15[,2026-06-02 15:00,1482.348,30204.926,20.376,16652.863,11.234,,,,,10868.25,7.332,2423.057,1.635,260.757,0.176
02/06/2026,2026-06-02,70,[16:15-16:30[,2026-06-02 15:15,1479.619,30166.609,20.388,16652.862,11.255,,,,,10859.825,7.34,2439.325,1.649,214.597,0.145
02/06/2026,2026-06-02,71,[16:30-16:45[,2026-06-02 15:30,1492.386,29850.43,20.002,16652.862,11.159,,,,,11016.53,7.382,2460.268,1.649,-279.23,-0.187
02/06/2026,2026-06-02,72,[16:45-17:00[,2026-06-02 15:45,1503.121,29558.025,19.664,16652.861,11.079,,,,,11041.94,7.346,2381.359,1.584,-518.136,-0.345
02/06/2026,2026-06-02,73,[17:00-17:15[,2026-06-02 16:00,1485.343,30904.801,20.807,16651.348,11.21,,,,,11813.13,7.953,2438.081,1.641,2.242,0.002
02/06/2026,2026-06-02,74,[17:15-17:30[,2026-06-02 16:15,1501.668,30680.983,20.431,16651.348,11.089,,,,,11813.13,7.867,2560.972,1.705,-344.467,-0.229
02/06/2026,2026-06-02,75,[17:30-17:45[,2026-06-02 16:30,1513.134,30698.705,20.288,16603.536,10.973,,,,,11777.43,7.783,2596.332,1.716,-278.593,-0.184
02/06/2026,2026-06-02,76,[17:45-18:00[,2026-06-02 16:45,1515.679,31024.558,20.469,16510.648,10.893,,,,,11616.748,7.664,2648.414,1.747,248.748,0.164
02/06/2026,2026-06-02,77,[18:00-18:15[,2026-06-02 17:00,1535.057,31232.05,20.346,16557.599,10.786,,,,,12136.32,7.906,2564.45,1.671,-26.319,-0.017
02/06/2026,2026-06-02,78,[18:15-18:30[,2026-06-02 17:15,1569.239,31574.447,20.121,16463.774,10.492,,,,,12487.2,7.957,2626.248,1.674,-2.775,-0.002
02/06/2026,2026-06-02,79,[18:30-18:45[,2026-06-02 17:30,1594.024,30985.038,19.438,16246.275,10.192,,,,,12138.74,7.615,2631.917,1.651,-31.893,-0.02
02/06/2026,2026-06-02,80,[18:45-19:00[,2026-06-02 17:45,1637.363,30942.583,18.898,14400.288,8.795,,,,,12102.72,7.392,2648.915,1.618,1790.661,1.094
02/06/2026,2026-06-02,81,[19:00-19:15[,2026-06-02 18:00,1676.837,40543.397,24.178,15737.418,9.385,,,,,9795.24,5.841,2595.158,1.548,12415.581,7.404
02/06/2026,2026-06-02,82,[19:15-19:30[,2026-06-02 18:15,1696.061,39302.165,23.173,12047.305,7.103,,,-2.642,-0.002,10998.014,6.484,2634.55,1.553,13624.939,8.033
02/06/2026,2026-06-02,83,[19:30-19:45[,2026-06-02 18:30,1726.87,30034.515,17.392,10352.735,5.995,,,254.42,0.147,10678.72,6.184,2654.355,1.537,6094.285,3.529
02/06/2026,2026-06-02,84,[19:45-20:00[,2026-06-02 18:45,1754.852,14582.506,8.31,8482.862,4.834,,,,,4415.24,2.516,2650.256,1.51,-965.852,-0.55
02/06/2026,2026-06-02,85,[20:00-20:15[,2026-06-02 19:00,1773.369,14560.969,8.211,8584.104,4.841,,,,,4648.7,2.621,2639.322,1.488,-1311.156,-0.739
02/06/2026,2026-06-02,86,[20:15-20:30[,2026-06-02 19:15,1781.368,13236.594,7.431,8413.316,4.723,,,,,3306.24,1.856,2681.986,1.506,-1164.948,-0.654
02/06/2026,2026-06-02,87,[20:30-20:45[,2026-06-02 19:30,1773.847,13775.762,7.766,8362.8,4.714,,,,,2308.08,1.301,2669.085,1.505,435.796,0.246
02/06/2026,2026-06-02,88,[20:45-21:00[,2026-06-02 19:45,1766.786,14304.916,8.097,8362.139,4.733,,,,,2308.08,1.306,2678.303,1.516,956.393,0.541
02/06/2026,2026-06-02,89,[21:00-21:15[,2026-06-02 20:00,1776.004,12203.012,6.871,8612.032,4.849,,,,,900.28,0.507,2658.391,1.497,32.309,0.018
02/06/2026,2026-06-02,90,[21:15-21:30[,2026-06-02 20:15,1784.18,13247.239,7.425,8645.403,4.846,,,,,1180.8,0.662,2684.364,1.505,736.672,0.413
02/06/2026,2026-06-02,91,[21:30-21:45[,2026-06-02 20:30,1760.119,14177.422,8.055,8662.547,4.922,,,,,1613.76,0.917,2698.416,1.533,1202.699,0.683
02/06/2026,2026-06-02,92,[21:45-22:00[,2026-06-02 20:45,1727.046,14803.257,8.571,8674.806,5.023,,,,,1692.48,0.98,2632.029,1.524,1803.942,1.045
02/06/2026,2026-06-02,93,[22:00-22:15[,2026-06-02 21:00,1697.327,11859.009,6.987,8675.71,5.111,,,,,3047.04,1.795,2604.521,1.534,-2468.261,-1.454
02/06/2026,2026-06-02,94,[22:15-22:30[,2026-06-02 21:15,1657.731,13897.753,8.384,8770.013,5.29,,,,,2509.76,1.514,2547.229,1.537,70.751,0.043
02/06/2026,2026-06-02,95,[22:30-22:45[,2026-06-02 21:30,1621.839,16185.851,9.98,9447.876,5.825,,,,,3341.44,2.06,2479.061,1.529,917.474,0.566
02/06/2026,2026-06-02,96,[22:45-23:00[,2026-06-02 21:45,1590.322,19122.369,12.024,10389.233,6.533,,,,,5257.224,3.306,2591.769,1.63,884.143,0.556
03/06/2026,2026-06-03,1,[23:00-23:15[,2026-06-02 22:00,1565.213,15912.486,10.166,8274.034,5.286,,,,,2537.8,1.621,2770.96,1.77,2329.693,1.488
03/06/2026,2026-06-03,2,[23:15-23:30[,2026-06-02 22:15,1529.815,11711.036,7.655,8494.007,5.552,,,,,2920.8,1.909,2698.601,1.764,-2402.373,-1.57
03/06/2026,2026-06-03,3,[23:30-23:45[,2026-06-02 22:30,1495.54,7679.533,5.135,8512.173,5.692,,,,,2920.8,1.953,2611.456,1.746,-6364.895,-4.256
03/06/2026,2026-06-03,4,[23:45-00:00[,2026-06-02 22:45,1435.956,14817.314,10.319,8829.431,6.149,,,,,2953.2,2.057,2594.996,1.807,439.687,0.306
03/06/2026,2026-06-03,5,[00:00-00:15[,2026-06-02 23:00,1420.761,11736.115,8.26,8880.859,6.251,,,,,1661.5,1.169,2518.902,1.773,-1325.145,-0.933
03/06/2026,2026-06-03,6,[00:15-00:30[,2026-06-02 23:15,1403.959,9314.117,6.634,9037.76,6.437,,,,,1655.5,1.179,2517.341,1.793,-3896.484,-2.775
03/06/2026,2026-06-03,7,[00:30-00:45[,2026-06-02 23:30,1366.977,11365.043,8.314,9048.727,6.62,,,,,1999.5,1.463,2491.663,1.823,-2174.847,-1.591
03/06/2026,2026-06-03,8,[00:45-01:00[,2026-06-02 23:45,1353.226,14719.692,10.877,9054.217,6.691,,,,,1979.5,1.463,2458.063,1.816,1227.911,0.907
03/06/2026,2026-06-03,9,[01:00-01:15[,2026-06-03 00:00,1336.156,7547.436,5.649,9054.751,6.777,,,,,2488,1.862,2458.541,1.84,-6453.856,-4.83
03/06/2026,2026-06-03,10,[01:15-01:30[,2026-06-03 00:15,1310.004,9059.635,6.916,9060.266,6.916,,,,,981.5,0.749,2457.886,1.876,-3440.017,-2.626
03/06/2026,2026-06-03,11,[01:30-01:45[,2026-06-03 00:30,1303.043,12025.66,9.229,9071.284,6.962,,,,,2793,2.143,2457.551,1.886,-2296.175,-1.762
03/06/2026,2026-06-03,12,[01:45-02:00[,2026-06-03 00:45,1285.872,13830.097,10.755,9082.313,7.063,,,,,972.5,0.756,2461.61,1.914,1313.675,1.022
03/06/2026,2026-06-03,13,[02:00-02:15[,2026-06-03 01:00,1264.965,12613.813,9.972,9093.354,7.189,,,,,1711,1.353,2456.873,1.942,-647.414,-0.512
03/06/2026,2026-06-03,14,[02:15-02:30[,2026-06-03 01:15,1261.803,13929.1,11.039,9093.888,7.207,,,,,1711,1.356,2454.603,1.945,669.609,0.531
03/06/2026,2026-06-03,15,[02:30-02:45[,2026-06-03 01:30,1265.028,13964.246,11.039,9093.931,7.189,,,,,958.5,0.758,2454.276,1.94,1457.539,1.152
03/06/2026,2026-06-03,16,[02:45-03:00[,2026-06-03 01:45,1243.497,14925.226,12.003,9093.975,7.313,,,,,1535.4,1.235,2455.892,1.975,1839.959,1.48
03/06/2026,2026-06-03,17,[03:00-03:15[,2026-06-03 02:00,1225.908,14279.575,11.648,9082.959,7.409,,,,,1711,1.396,2486.712,2.028,998.904,0.815
03/06/2026,2026-06-03,18,[03:15-03:30[,2026-06-03 02:15,1234.625,14925.21,12.089,9082.996,7.357,,,,,798,0.646,2514.018,2.036,2530.196,2.049
03/06/2026,2026-06-03,19,[03:30-03:45[,2026-06-03 02:30,1228.753,16513.349,13.439,9083.033,7.392,,,,,791,0.644,2517.901,2.049,4121.415,3.354
03/06/2026,2026-06-03,20,[03:45-04:00[,2026-06-03 02:45,1210.408,14387.276,11.886,9072.005,7.495,,,,,1490.5,1.231,2517.957,2.08,1306.814,1.08
03/06/2026,2026-06-03,21,[04:00-04:15[,2026-06-03 03:00,1218.558,13773.093,11.303,9072.036,7.445,,,,,1540,1.264,2517.898,2.066,643.159,0.528
03/06/2026,2026-06-03,22,[04:15-04:30[,2026-06-03 03:15,1216.98,13459.339,11.06,9056.019,7.441,,,,,1520.8,1.25,2516.279,2.068,366.24,0.301
03/06/2026,2026-06-03,23,[04:30-04:45[,2026-06-03 03:30,1190.332,13460.722,11.308,9050.522,7.603,,,,,1520.8,1.278,2487.274,2.09,402.127,0.338
03/06/2026,2026-06-03,24,[04:45-05:00[,2026-06-03 03:45,1203.08,14227.823,11.826,8883.751,7.384,,,,,1667.2,1.386,2516.93,2.092,1159.943,0.964
03/06/2026,2026-06-03,25,[05:00-05:15[,2026-06-03 04:00,1221.276,14498.116,11.871,8436.752,6.908,,,,,1282,1.05,2517.963,2.062,2261.401,1.852
03/06/2026,2026-06-03,26,[05:15-05:30[,2026-06-03 04:15,1232.625,13886.277,11.266,8127.625,6.594,,,,,1072.7,0.87,2517.321,2.042,2168.631,1.759
03/06/2026,2026-06-03,27,[05:30-05:45[,2026-06-03 04:30,1211.62,9968.697,8.228,7576.402,6.253,,,,,1730.8,1.429,2517.427,2.078,-1855.932,-1.532
03/06/2026,2026-06-03,28,[05:45-06:00[,2026-06-03 04:45,1230.045,13001.961,10.57,7496.402,6.094,,,,,1647.1,1.339,2518.709,2.048,1339.75,1.089
03/06/2026,2026-06-03,29,[06:00-06:15[,2026-06-03 05:00,1252.484,11322.858,9.04,6125.807,4.891,,,,,1759.8,1.405,2518.811,2.011,918.441,0.733
03/06/2026,2026-06-03,30,[06:15-06:30[,2026-06-03 05:15,1243.994,10592.68,8.515,6837.353,5.496,,,0.5,0,1926.6,1.549,2518.033,2.024,-689.805,-0.555
03/06/2026,2026-06-03,31,[06:30-06:45[,2026-06-03 05:30,1267.748,8797.361,6.939,7904.325,6.235,,,,,2878,2.27,2517.574,1.986,-4502.538,-3.552
03/06/2026,2026-06-03,32,[06:45-07:00[,2026-06-03 05:45,1300.889,7511.178,5.774,8783.358,6.752,,,,,2728.8,2.098,2514.685,1.933,-6515.665,-5.009
03/06/2026,2026-06-03,33,[07:00-07:15[,2026-06-03 06:00,1360.76,14982.066,11.01,8968.803,6.591,,,,,2840,2.087,2516.436,1.849,656.827,0.483
03/06/2026,2026-06-03,34,[07:15-07:30[,2026-06-03 06:15,1384.543,23050.251,16.648,11537.95,8.333,,,-0.184,0,11862,8.567,2517.966,1.819,-2867.481,-2.071
03/06/2026,2026-06-03,35,[07:30-07:45[,2026-06-03 06:30,1420.34,31607.222,22.253,13879.189,9.772,,,,,15873,11.175,2518.173,1.773,-663.14,-0.467
03/06/2026,2026-06-03,36,[07:45-08:00[,2026-06-03 06:45,1465.764,29753.751,20.299,16530.489,11.278,,,-0.213,0,11754,8.019,2512.268,1.714,-1042.792,-0.711
03/06/2026,2026-06-03,37,[08:00-08:15[,2026-06-03 07:00,1496.459,33913.998,22.663,16498.477,11.025,,,-0.213,0,14146,9.453,2549.93,1.704,719.804,0.481
03/06/2026,2026-06-03,38,[08:15-08:30[,2026-06-03 07:15,1543.585,33528.374,21.721,16559.415,10.728,,,,,14121.8,9.149,2573.659,1.667,273.5,0.177
03/06/2026,2026-06-03,39,[08:30-08:45[,2026-06-03 07:30,1565.243,33843.903,21.622,16559.415,10.579,,,-0.213,0,14363.8,9.177,2564.479,1.638,356.423,0.228
03/06/2026,2026-06-03,40,[08:45-09:00[,2026-06-03 07:45,1555.399,33560.603,21.577,16599.774,10.672,,,,,14146,9.095,2555.9,1.643,258.929,0.166
03/06/2026,2026-06-03,41,[09:00-09:15[,2026-06-03 08:00,1575.382,34405.093,21.839,16506.915,10.478,,,-0.213,0,14806,9.398,2557.397,1.623,534.993,0.34
03/06/2026,2026-06-03,42,[09:15-09:30[,2026-06-03 08:15,1573.66,34502.079,21.925,16506.915,10.49,,,-0.163,0,14828,9.423,2550.443,1.621,616.883,0.392
03/06/2026,2026-06-03,43,[09:30-09:45[,2026-06-03 08:30,1577.036,34509.01,21.882,16553.79,10.497,,,,,15114,9.584,2607.664,1.654,233.556,0.148
03/06/2026,2026-06-03,44,[09:45-10:00[,2026-06-03 08:45,1544.878,33967.347,21.987,16553.883,10.715,,,,,15136,9.798,2356.658,1.525,-79.193,-0.051
03/06/2026,2026-06-03,45,[10:00-10:15[,2026-06-03 09:00,1515.549,33303.882,21.975,16553.778,10.923,,,,,14806,9.769,2409.028,1.59,-464.924,-0.307
03/06/2026,2026-06-03,46,[10:15-10:30[,2026-06-03 09:15,1546.975,34256.115,22.144,16553.677,10.701,,,,,14784,9.557,2347.084,1.517,571.354,0.369
03/06/2026,2026-06-03,47,[10:30-10:45[,2026-06-03 09:30,1546.041,34426.866,22.268,16594.069,10.733,,,-0.213,0,14960,9.676,2271.31,1.469,601.701,0.389
03/06/2026,2026-06-03,48,[10:45-11:00[,2026-06-03 09:45,1527.106,33852.245,22.168,16594.649,10.867,,,,,14982,9.811,2205.865,1.444,69.731,0.046
03/06/2026,2026-06-03,49,[11:00-11:15[,2026-06-03 10:00,1532.03,34237.571,22.348,16594.983,10.832,,,,,15378,10.038,2142.839,1.399,121.75,0.079
03/06/2026,2026-06-03,50,[11:15-11:30[,2026-06-03 10:15,1536.454,33682.288,21.922,16596.039,10.802,,,,,15026,9.78,2132.924,1.388,-72.675,-0.047
03/06/2026,2026-06-03,51,[11:30-11:45[,2026-06-03 10:30,1555.485,33826.654,21.747,16600.63,10.672,,,,,15026,9.66,2165.639,1.392,34.384,0.022
03/06/2026,2026-06-03,52,[11:45-12:00[,2026-06-03 10:45,1539.057,33643.501,21.86,16600.537,10.786,,,,,15026,9.763,2181.919,1.418,-164.954,-0.107
03/06/2026,2026-06-03,53,[12:00-12:15[,2026-06-03 11:00,1530.684,31657.142,20.682,16600.505,10.845,,,,,14146,9.242,2133.433,1.394,-1222.796,-0.799
03/06/2026,2026-06-03,54,[12:15-12:30[,2026-06-03 11:15,1541.496,35594.843,23.091,16600.414,10.769,,,,,14146,9.177,2138.265,1.387,2710.164,1.758
03/06/2026,2026-06-03,55,[12:30-12:45[,2026-06-03 11:30,1521.396,31801.589,20.903,16687.989,10.969,,,,,13071.8,8.592,2141.978,1.408,-100.178,-0.066
03/06/2026,2026-06-03,56,[12:45-13:00[,2026-06-03 11:45,1497.453,32076.395,21.421,16687.986,11.144,,,,,13064.4,8.724,2141.922,1.43,182.087,0.122
03/06/2026,2026-06-03,57,[13:00-13:15[,2026-06-03 12:00,1496.441,31720.273,21.197,16687.985,11.152,,,,,12892.3,8.615,2141.772,1.431,-1.783,-0.001
03/06/2026,2026-06-03,58,[13:15-13:30[,2026-06-03 12:15,1494.439,32018.223,21.425,16687.984,11.167,,,,,12892.3,8.627,2206.879,1.477,231.061,0.155
03/06/2026,2026-06-03,59,[13:30-13:45[,2026-06-03 12:30,1500.339,33001.108,21.996,16687.983,11.123,,,-0.163,0,14058,9.37,2150.053,1.433,105.234,0.07
03/06/2026,2026-06-03,60,[13:45-14:00[,2026-06-03 12:45,1516.779,33294.706,21.951,16688.92,11.003,,,-0.213,0,14058,9.268,2117.37,1.396,430.63,0.284
03/06/2026,2026-06-03,61,[14:00-14:15[,2026-06-03 13:00,1535.053,31982.82,20.835,16688.913,10.872,,,-0.188,0,12895.35,8.401,2078.655,1.354,320.089,0.209
03/06/2026,2026-06-03,62,[14:15-14:30[,2026-06-03 13:15,1527.798,31604.264,20.686,16688.822,10.923,,,,,12873.35,8.426,1995.728,1.306,46.364,0.03
03/06/2026,2026-06-03,63,[14:30-14:45[,2026-06-03 13:30,1533.31,30941.374,20.179,16698.187,10.89,,,,,12854.08,8.383,2015.692,1.315,-626.585,-0.409
03/06/2026,2026-06-03,64,[14:45-15:00[,2026-06-03 13:45,1543.811,31698.714,20.533,16698.096,10.816,,,,,12854.08,8.326,2015.796,1.306,130.743,0.085
03/06/2026,2026-06-03,65,[15:00-15:15[,2026-06-03 14:00,1539.885,33569.086,21.8,16698.092,10.844,,,,,14212,9.229,2106.462,1.368,552.532,0.359
03/06/2026,2026-06-03,66,[15:15-15:30[,2026-06-03 14:15,1541.615,33029.169,21.425,16698.091,10.832,,,,,14190,9.205,2075.919,1.347,65.159,0.042
03/06/2026,2026-06-03,67,[15:30-15:45[,2026-06-03 14:30,1554.482,33136.436,21.317,16697.152,10.741,,,-0.239,0,14190,9.128,2276.937,1.465,-27.414,-0.018
03/06/2026,2026-06-03,68,[15:45-16:00[,2026-06-03 14:45,1559.074,33513.694,21.496,16695.275,10.708,,,,,14212,9.116,2229.149,1.43,377.27,0.242
03/06/2026,2026-06-03,69,[16:00-16:15[,2026-06-03 15:00,1538.889,34366.787,22.332,16688.58,10.845,,,,,15356,9.979,2226.387,1.447,95.821,0.062
03/06/2026,2026-06-03,70,[16:15-16:30[,2026-06-03 15:15,1561.712,34413.745,22.036,16688.677,10.686,,,,,15312,9.805,2283.181,1.462,129.887,0.083
03/06/2026,2026-06-03,71,[16:30-16:45[,2026-06-03 15:30,1575.165,34353.511,21.809,16687.925,10.594,,,,,15026,9.539,2310.027,1.467,329.559,0.209
03/06/2026,2026-06-03,72,[16:45-17:00[,2026-06-03 15:45,1581.771,33940.594,21.457,16688.029,10.55,,,,,15004,9.486,2267.692,1.434,-19.127,-0.012
03/06/2026,2026-06-03,73,[17:00-17:15[,2026-06-03 16:00,1576.212,34816.354,22.089,16687.822,10.587,,,,,15422,9.784,2354.936,1.494,351.597,0.223
03/06/2026,2026-06-03,74,[17:15-17:30[,2026-06-03 16:15,1573.926,34506.502,21.924,16642.179,10.574,,,,,15422,9.798,2434.84,1.547,7.483,0.005
03/06/2026,2026-06-03,75,[17:30-17:45[,2026-06-03 16:30,1581.488,34627.201,21.895,16595.246,10.493,,,,,15422,9.752,2463.889,1.558,146.066,0.092
03/06/2026,2026-06-03,76,[17:45-18:00[,2026-06-03 16:45,1601.321,34167.834,21.337,16405.517,10.245,,,,,15422,9.631,2324.715,1.452,15.602,0.01
03/06/2026,2026-06-03,77,[18:00-18:15[,2026-06-03 17:00,1586.408,34092.534,21.49,15762.341,9.936,,,,,17380.2,10.956,2360.498,1.488,-1410.505,-0.889
03/06/2026,2026-06-03,78,[18:15-18:30[,2026-06-03 17:15,1610.972,29328.796,18.206,13939.841,8.653,,,,,17380.2,10.789,2417.87,1.501,-4409.115,-2.737
03/06/2026,2026-06-03,79,[18:30-18:45[,2026-06-03 17:30,1626.602,35681.597,21.936,13855.45,8.518,,,,,16418.1,10.093,2365.007,1.454,3043.041,1.871
03/06/2026,2026-06-03,80,[18:45-19:00[,2026-06-03 17:45,1645.329,10392.632,6.316,10450.45,6.352,,,,,10104,6.141,2366.645,1.438,-12528.463,-7.615
03/06/2026,2026-06-03,81,[19:00-19:15[,2026-06-03 18:00,1670.506,13020.422,7.794,9084.737,5.438,,,,,2620.72,1.569,2365.102,1.416,-1050.137,-0.629
03/06/2026,2026-06-03,82,[19:15-19:30[,2026-06-03 18:15,1672.096,17806.837,10.649,7987.158,4.777,,,,,1167.2,0.698,2364.963,1.414,6287.516,3.76
03/06/2026,2026-06-03,83,[19:30-19:45[,2026-06-03 18:30,1689.651,10247.469,6.065,6130.946,3.629,,,,,1337.7,0.792,2239.164,1.325,539.659,0.319
03/06/2026,2026-06-03,84,[19:45-20:00[,2026-06-03 18:45,1711.089,11423.526,6.676,5329.475,3.115,,,,,791,0.462,2212.001,1.293,3091.05,1.806
03/06/2026,2026-06-03,85,[20:00-20:15[,2026-06-03 19:00,1722.451,9425.756,5.472,5494.605,3.19,,,,,1282,0.744,2205.026,1.28,444.125,0.258
03/06/2026,2026-06-03,86,[20:15-20:30[,2026-06-03 19:15,1722.753,1006.346,0.584,4815.17,2.795,,,,,924.4,0.537,2111.097,1.225,-6844.321,-3.973
03/06/2026,2026-06-03,87,[20:30-20:45[,2026-06-03 19:30,1714.432,6613.029,3.857,2268.034,1.323,,,,,904.1,0.527,2131.38,1.243,1309.515,0.764
03/06/2026,2026-06-03,88,[20:45-21:00[,2026-06-03 19:45,1710.579,6732.072,3.936,4688.605,2.741,,,,,933.2,0.546,2253.449,1.317,-1143.182,-0.668
03/06/2026,2026-06-03,89,[21:00-21:15[,2026-06-03 20:00,1711.333,12344.517,7.213,6227.579,3.639,,,,,1053.7,0.616,2168.811,1.267,2894.428,1.691
03/06/2026,2026-06-03,90,[21:15-21:30[,2026-06-03 20:15,1713.911,7872.744,4.593,6286.154,3.668,,,,,1017.4,0.594,2099.468,1.225,-1530.278,-0.893
03/06/2026,2026-06-03,91,[21:30-21:45[,2026-06-03 20:30,1694.786,12785.049,7.544,6602.104,3.896,,,,,1181.2,0.697,2094.784,1.236,2906.962,1.715
03/06/2026,2026-06-03,92,[21:45-22:00[,2026-06-03 20:45,1664.262,8268.427,4.968,6666.891,4.006,,,,,1197.2,0.719,2089.852,1.256,-1685.516,-1.013
03/06/2026,2026-06-03,93,[22:00-22:15[,2026-06-03 21:00,1631.349,8377.272,5.135,6602.475,4.047,,,,,1201.2,0.736,2080.067,1.275,-1506.471,-0.923
03/06/2026,2026-06-03,94,[22:15-22:30[,2026-06-03 21:15,1603.095,11505.026,7.177,7140.675,4.454,,,,,1472,0.918,2098.22,1.309,794.131,0.495
03/06/2026,2026-06-03,95,[22:30-22:45[,2026-06-03 21:30,1570.452,6427.854,4.093,7382.9,4.701,,,,,1601.6,1.02,2118.32,1.349,-4674.965,-2.977
03/06/2026,2026-06-03,96,[22:45-23:00[,2026-06-03 21:45,1533.955,14799.408,9.648,7555.018,4.925,,,8.13,0.005,2618.8,1.707,2151.759,1.403,2465.7,1.607
04/06/2026,2026-06-04,1,[23:00-23:15[,2026-06-03 22:00,1500.449,-1057.799,-0.705,-5720.625,-3.813,,,,,3264.8,2.176,2212.456,1.475,-814.43,-0.543
04/06/2026,2026-06-04,2,[23:15-23:30[,2026-06-03 22:15,1465.726,-5081.695,-3.467,-5488.975,-3.745,,,,,2402.4,1.639,2184.477,1.49,-4179.597,-2.852
04/06/2026,2026-06-04,3,[23:30-23:45[,2026-06-03 22:30,1431.338,-2288.378,-1.599,-5446.6,-3.805,,,,,2217.6,1.549,2142.783,1.497,-1202.161,-0.84
04/06/2026,2026-06-04,4,[23:45-00:00[,2026-06-03 22:45,1397.921,-914.755,-0.654,-5349.138,-3.826,,,,,1909.6,1.366,2148.378,1.537,376.405,0.269
04/06/2026,2026-06-04,5,[00:00-00:15[,2026-06-03 23:00,1388.302,428.779,0.309,-5361.85,-3.862,,,,,1554.4,1.12,2431.349,1.751,1804.88,1.3
04/06/2026,2026-06-04,6,[00:15-00:30[,2026-06-03 23:15,1373.094,-3334.113,-2.428,-5224.838,-3.805,,,,,1782,1.298,2580.017,1.879,-2471.292,-1.8
04/06/2026,2026-06-04,7,[00:30-00:45[,2026-06-03 23:30,1353.82,-191.167,-0.141,-5118.9,-3.781,,,,,2787.2,2.059,2626.416,1.94,-485.884,-0.359
04/06/2026,2026-06-04,8,[00:45-01:00[,2026-06-03 23:45,1327.496,689.561,0.519,-4979.063,-3.751,,,,,3596,2.709,2638.18,1.987,-565.556,-0.426
04/06/2026,2026-06-04,9,[01:00-01:15[,2026-06-04 00:00,1317.889,-1009.491,-0.766,-4991.775,-3.788,,,,,1792,1.36,2638.146,2.002,-447.862,-0.34
04/06/2026,2026-06-04,10,[01:15-01:30[,2026-06-04 00:15,1296.54,-2987.731,-2.304,-4884.425,-3.767,,,,,2099.2,1.619,2549.208,1.966,-2751.714,-2.122
04/06/2026,2026-06-04,11,[01:30-01:45[,2026-06-04 00:30,1298.161,-2054.685,-1.583,-4729.05,-3.643,,,,,2448,1.886,2744.093,2.114,-2517.728,-1.939
04/06/2026,2026-06-04,12,[01:45-02:00[,2026-06-04 00:45,1267.688,-139.871,-0.11,-4661.25,-3.677,,,,,2244,1.77,2780.056,2.193,-502.677,-0.397
04/06/2026,2026-06-04,13,[02:00-02:15[,2026-06-04 01:00,1273.565,-4027.097,-3.162,-4641.475,-3.644,,,,,2107,1.654,2795.826,2.195,-4288.448,-3.367
04/06/2026,2026-06-04,14,[02:15-02:30[,2026-06-04 01:15,1257.287,-2096.494,-1.667,-4491.75,-3.573,,,,,1960,1.559,2789.305,2.219,-2354.049,-1.872
04/06/2026,2026-06-04,15,[02:30-02:45[,2026-06-04 01:30,1235.57,-1297.035,-1.05,-4474.8,-3.622,,,,,1960,1.586,2766.054,2.239,-1548.289,-1.253
04/06/2026,2026-06-04,16,[02:45-03:00[,2026-06-04 01:45,1236.653,165.615,0.134,-4432.425,-3.584,,,,,1960,1.585,2777.814,2.246,-139.774,-0.113
04/06/2026,2026-06-04,17,[03:00-03:15[,2026-06-04 02:00,1228.995,-1250.887,-1.018,-4289.763,-3.49,,,,,1936,1.575,2751.302,2.239,-1648.426,-1.341
04/06/2026,2026-06-04,18,[03:15-03:30[,2026-06-04 02:15,1217.478,180.382,0.148,-4212.075,-3.46,,,,,1936,1.59,2724.523,2.238,-268.067,-0.22
04/06/2026,2026-06-04,19,[03:30-03:45[,2026-06-04 02:30,1210.97,-1793.627,-1.481,-4195.125,-3.464,,,,,1936,1.599,2746.105,2.268,-2280.607,-1.883
04/06/2026,2026-06-04,20,[03:45-04:00[,2026-06-04 02:45,1190.877,-2482.947,-2.085,-4195.125,-3.523,,,,,1936,1.626,2744.48,2.305,-2968.301,-2.493
04/06/2026,2026-06-04,21,[04:00-04:15[,2026-06-04 03:00,1183.678,4589.785,3.878,-4237.5,-3.58,,,,,1992,1.683,2745.446,2.319,4089.84,3.455
04/06/2026,2026-06-04,22,[04:15-04:30[,2026-06-04 03:15,1183.465,2157.053,1.823,-4275.638,-3.613,,,,,1992,1.683,2744.957,2.319,1695.733,1.433
04/06/2026,2026-06-04,23,[04:30-04:45[,2026-06-04 03:30,1197.026,-7619.149,-6.365,-4449.375,-3.717,,,,,1992,1.664,2746.25,2.294,-7908.024,-6.606
04/06/2026,2026-06-04,24,[04:45-05:00[,2026-06-04 03:45,1175.158,-1722.248,-1.466,-4520,-3.846,,,,,1992,1.695,2834.754,2.412,-2029.002,-1.727
04/06/2026,2026-06-04,25,[05:00-05:15[,2026-06-04 04:00,1193.038,-5476.171,-4.59,-4963.525,-4.16,,,,,1850,1.551,2824.388,2.367,-5187.034,-4.348
04/06/2026,2026-06-04,26,[05:15-05:30[,2026-06-04 04:15,1201.89,-7816.86,-6.504,-5042.625,-4.196,,,,,1444.2,1.202,2834.105,2.358,-7052.54,-5.868
04/06/2026,2026-06-04,27,[05:30-05:45[,2026-06-04 04:30,1169.864,-1061.663,-0.908,-5144.325,-4.397,,,,,1315.6,1.125,2758.531,2.358,8.531,0.007
04/06/2026,2026-06-04,28,[05:45-06:00[,2026-06-04 04:45,1171.065,-3351.839,-2.862,-5181.05,-4.424,,,,,1265,1.08,2833.429,2.42,-2269.218,-1.938
04/06/2026,2026-06-04,29,[06:00-06:15[,2026-06-04 05:00,1170.213,-2115.58,-1.808,-5424,-4.635,,,,,1554.4,1.328,2833.173,2.421,-1079.153,-0.922
04/06/2026,2026-06-04,30,[06:15-06:30[,2026-06-04 05:15,1153.071,-6303.09,-5.466,-5349.138,-4.639,,,,,2027.6,1.758,2834.309,2.458,-5815.861,-5.044
04/06/2026,2026-06-04,31,[06:30-06:45[,2026-06-04 05:30,1165.11,-3867.191,-3.319,-5093.475,-4.372,,,,,1566,1.344,2750.389,2.361,-3090.105,-2.652
04/06/2026,2026-06-04,32,[06:45-07:00[,2026-06-04 05:45,1165.344,2376.71,2.039,-4476.213,-3.841,,,,,2184,1.874,2833.999,2.432,1834.924,1.575
04/06/2026,2026-06-04,33,[07:00-07:15[,2026-06-04 06:00,1192.976,1754.727,1.471,-4192.3,-3.514,,,,,2565,2.15,2833.658,2.375,548.368,0.46
04/06/2026,2026-06-04,34,[07:15-07:30[,2026-06-04 06:15,1177.226,4620.067,3.925,-3856.125,-3.276,,,,,5712,4.852,2832.045,2.406,-67.853,-0.058
04/06/2026,2026-06-04,35,[07:30-07:45[,2026-06-04 06:30,1196.081,5651.791,4.725,-2672.45,-2.234,,,,,9632,8.053,2808.239,2.348,-4115.998,-3.441
04/06/2026,2026-06-04,36,[07:45-08:00[,2026-06-04 06:45,1209.239,11739.935,9.709,-1783.988,-1.475,,,,,12544,10.373,2744.746,2.27,-1764.824,-1.459
04/06/2026,2026-06-04,37,[08:00-08:15[,2026-06-04 07:00,1208.019,14691.441,12.162,-1546.688,-1.28,,,,,12532.6,10.375,2740.408,2.269,965.121,0.799
04/06/2026,2026-06-04,38,[08:15-08:30[,2026-06-04 07:15,1232.024,15284.032,12.406,-672.35,-0.546,,,,,12532.6,10.172,2809.454,2.28,614.327,0.499
04/06/2026,2026-06-04,39,[08:30-08:45[,2026-06-04 07:30,1250.602,14084.804,11.262,-105.938,-0.085,,,,,11124.1,8.895,2822.625,2.257,244.016,0.195
04/06/2026,2026-06-04,40,[08:45-09:00[,2026-06-04 07:45,1266.23,15177.922,11.987,-22.6,-0.018,,,,,12309.6,9.721,2678.847,2.116,212.074,0.167
04/06/2026,2026-06-04,41,[09:00-09:15[,2026-06-04 08:00,1282.82,15962.676,12.443,-22.6,-0.018,,,,,13112.4,10.222,2773.588,2.162,99.288,0.077
04/06/2026,2026-06-04,42,[09:15-09:30[,2026-06-04 08:15,1295.986,16137.007,12.452,0,0,,,,,13112.4,10.118,2728.637,2.105,295.97,0.228
04/06/2026,2026-06-04,43,[09:30-09:45[,2026-06-04 08:30,1316.822,15858.129,12.043,0,0,,,,,13090.1,9.941,2688.477,2.042,79.552,0.06
04/06/2026,2026-06-04,44,[09:45-10:00[,2026-06-04 08:45,1310.699,15753.478,12.019,0,0,,,,,13090.1,9.987,2758.162,2.104,-94.784,-0.072
04/06/2026,2026-06-04,45,[10:00-10:15[,2026-06-04 09:00,1319.34,15658.426,11.868,0,0,,,,,13023.2,9.871,2718.922,2.061,-83.696,-0.063
04/06/2026,2026-06-04,46,[10:15-10:30[,2026-06-04 09:15,1332.079,15562.965,11.683,0,0,,,,,13023.2,9.777,2634.652,1.978,-94.887,-0.071
04/06/2026,2026-06-04,47,[10:30-10:45[,2026-06-04 09:30,1323.805,15608.022,11.79,0,0,,,,,13000.9,9.821,2570.002,1.941,37.12,0.028
04/06/2026,2026-06-04,48,[10:45-11:00[,2026-06-04 09:45,1331.305,15562.589,11.69,0,0,,,,,12978.6,9.749,2559.003,1.922,24.986,0.019
04/06/2026,2026-06-04,49,[11:00-11:15[,2026-06-04 10:00,1350.187,15969.794,11.828,0,0,,,,,13290.8,9.844,2587.913,1.917,91.081,0.067
04/06/2026,2026-06-04,50,[11:15-11:30[,2026-06-04 10:15,1341.333,15830.932,11.802,0,0,,,,,13290.8,9.909,2628.429,1.96,-88.297,-0.066
04/06/2026,2026-06-04,51,[11:30-11:45[,2026-06-04 10:30,1353.641,15959.953,11.79,0,0,,,,,13290.8,9.819,2499.361,1.846,169.792,0.125
04/06/2026,2026-06-04,52,[11:45-12:00[,2026-06-04 10:45,1366.243,15799.292,11.564,0,0,,,,,13268.5,9.712,2576.538,1.886,-45.747,-0.033
04/06/2026,2026-06-04,53,[12:00-12:15[,2026-06-04 11:00,1359.6,14251.474,10.482,0,0,,,,,11846.3,8.713,2561.547,1.884,-156.373,-0.115
04/06/2026,2026-06-04,54,[12:15-12:30[,2026-06-04 11:15,1369.203,14565.824,10.638,0,0,,,,,11846.3,8.652,2517.844,1.839,201.68,0.147
04/06/2026,2026-06-04,55,[12:30-12:45[,2026-06-04 11:30,1367.495,14597.182,10.674,0,0,,,,,11946.3,8.736,2553.888,1.868,96.994,0.071
04/06/2026,2026-06-04,56,[12:45-13:00[,2026-06-04 11:45,1352.435,14395.973,10.644,0,0,,,,,11966.3,8.848,2422.4,1.791,7.273,0.005
04/06/2026,2026-06-04,57,[13:00-13:15[,2026-06-04 12:00,1334.311,14888.101,11.158,0,0,,,,,12376.5,9.276,2514.739,1.885,-3.137,-0.002
04/06/2026,2026-06-04,58,[13:15-13:30[,2026-06-04 12:15,1307.429,14930.326,11.42,0,0,,,,,12398.8,9.483,2505.686,1.916,25.84,0.02
04/06/2026,2026-06-04,59,[13:30-13:45[,2026-06-04 12:30,1289.671,13959.146,10.824,0,0,,,,,12398.8,9.614,2512.209,1.948,-951.862,-0.738
04/06/2026,2026-06-04,60,[13:45-14:00[,2026-06-04 12:45,1270.914,14592.998,11.482,-2.825,-0.002,,,,,12354.2,9.721,2499.328,1.967,-257.705,-0.203
04/06/2026,2026-06-04,61,[14:00-14:15[,2026-06-04 13:00,1247.312,14935.716,11.974,-16.95,-0.014,,,,,12153.5,9.744,2489.779,1.996,309.387,0.248
04/06/2026,2026-06-04,62,[14:15-14:30[,2026-06-04 13:15,1230.411,14566.381,11.839,-21.188,-0.017,,,,,12131.2,9.859,2447.183,1.989,9.185,0.007
04/06/2026,2026-06-04,63,[14:30-14:45[,2026-06-04 13:30,1211.102,14658.406,12.103,-21.188,-0.017,,,,,12175.8,10.053,2441.128,2.016,62.666,0.052
04/06/2026,2026-06-04,64,[14:45-15:00[,2026-06-04 13:45,1209.121,14696.404,12.155,-21.188,-0.018,,,,,12175.8,10.07,2403.693,1.988,138.098,0.114
04/06/2026,2026-06-04,65,[15:00-15:15[,2026-06-04 14:00,1200.631,14865.538,12.381,-21.188,-0.018,,,,,12331.9,10.271,2384.753,1.986,170.072,0.142
04/06/2026,2026-06-04,66,[15:15-15:30[,2026-06-04 14:15,1180.438,14964.874,12.677,-12.713,-0.011,,,,,12309.6,10.428,2404.074,2.037,263.913,0.224
04/06/2026,2026-06-04,67,[15:30-15:45[,2026-06-04 14:30,1178.717,14526.927,12.324,-2.825,-0.002,,,-0.294,0,12309.6,10.443,2434.011,2.065,-213.565,-0.181
04/06/2026,2026-06-04,68,[15:45-16:00[,2026-06-04 14:45,1169.737,14711.562,12.577,0,0,,,,,12287.3,10.504,2348.029,2.007,76.233,0.065
04/06/2026,2026-06-04,69,[16:00-16:15[,2026-06-04 15:00,1166.255,15298.252,13.117,0,0,,,,,13000.9,11.148,2363.86,2.027,-66.508,-0.057
04/06/2026,2026-06-04,70,[16:15-16:30[,2026-06-04 15:15,1177.597,14266.339,12.115,0,0,,,,,12978.6,11.021,2445.338,2.077,-1157.599,-0.983
04/06/2026,2026-06-04,71,[16:30-16:45[,2026-06-04 15:30,1189.283,15612.965,13.128,0,0,,,,,13023.2,10.95,2514.575,2.114,75.19,0.063
04/06/2026,2026-06-04,72,[16:45-17:00[,2026-06-04 15:45,1188.158,15767.187,13.27,0,0,,,,,13000.9,10.942,2522.644,2.123,243.642,0.205
04/06/2026,2026-06-04,73,[17:00-17:15[,2026-06-04 16:00,1201.95,16336.179,13.591,0,0,,,,,13290.8,11.058,2543.307,2.116,502.072,0.418
04/06/2026,2026-06-04,74,[17:15-17:30[,2026-06-04 16:15,1223.595,18054.23,14.755,0,0,,,,,13290.8,10.862,2582.724,2.111,2180.706,1.782
04/06/2026,2026-06-04,75,[17:30-17:45[,2026-06-04 16:30,1236.661,18493.732,14.955,0,0,,,,,13290.8,10.747,2631.191,2.128,2571.741,2.08
04/06/2026,2026-06-04,76,[17:45-18:00[,2026-06-04 16:45,1261.304,20054.505,15.9,-22.6,-0.018,,,0.185,0,13290.8,10.537,2655.551,2.105,4130.569,3.275
04/06/2026,2026-06-04,77,[18:00-18:15[,2026-06-04 17:00,1289.827,16326.443,12.658,0,0,,,,,13469.2,10.443,2705.539,2.098,151.704,0.118
04/06/2026,2026-06-04,78,[18:15-18:30[,2026-06-04 17:15,1315.069,16352.773,12.435,-39.55,-0.03,,,,,13469.2,10.242,2744.368,2.087,178.755,0.136
04/06/2026,2026-06-04,79,[18:30-18:45[,2026-06-04 17:30,1357.773,16792.3,12.368,-42.375,-0.031,,,,,13736.8,10.117,2758.676,2.032,339.2,0.25
04/06/2026,2026-06-04,80,[18:45-19:00[,2026-06-04 17:45,1393.41,26337.695,18.902,-254.25,-0.182,,,,,19342.4,13.881,2752.561,1.975,4496.984,3.227
04/06/2026,2026-06-04,81,[19:00-19:15[,2026-06-04 18:00,1423.276,19682.945,13.829,-211.875,-0.149,,,,,16610.8,11.671,2764.16,1.942,519.86,0.365
04/06/2026,2026-06-04,82,[19:15-19:30[,2026-06-04 18:15,1460.521,10439.512,7.148,-2538.263,-1.738,,,,,9630,6.594,2762.729,1.892,585.046,0.401
04/06/2026,2026-06-04,83,[19:30-19:45[,2026-06-04 18:30,1466.364,7573.563,5.165,-2678.1,-1.826,,,,,8960.4,6.111,2658.922,1.813,-1367.659,-0.933
04/06/2026,2026-06-04,84,[19:45-20:00[,2026-06-04 18:45,1490.057,-3560.099,-2.389,-3960.65,-2.658,,,,,2072,1.391,2768.138,1.858,-4439.587,-2.979
04/06/2026,2026-06-04,85,[20:00-20:15[,2026-06-04 19:00,1492.811,-2729.656,-1.829,-3892.85,-2.608,,,,,2605,1.745,2571.727,1.723,-4013.534,-2.689
04/06/2026,2026-06-04,86,[20:15-20:30[,2026-06-04 19:15,1499.679,1570.567,1.047,-4028.45,-2.686,,,,,2605,1.737,2586.332,1.725,407.685,0.272
04/06/2026,2026-06-04,87,[20:30-20:45[,2026-06-04 19:30,1496.83,1525.746,1.019,-4068,-2.718,,,,,2605,1.74,2562.746,1.712,426,0.285
04/06/2026,2026-06-04,88,[20:45-21:00[,2026-06-04 19:45,1501.575,1898.115,1.264,-4056.7,-2.702,,,,,2605,1.735,2514.682,1.675,835.133,0.556
04/06/2026,2026-06-04,89,[21:00-21:15[,2026-06-04 20:00,1535.318,574.103,0.374,-4048.225,-2.637,,,,,4221,2.749,2535.094,1.651,-2133.766,-1.39
04/06/2026,2026-06-04,90,[21:15-21:30[,2026-06-04 20:15,1549.943,2693.983,1.738,-4034.1,-2.603,,,,,4221,2.723,2561.171,1.652,-54.089,-0.035
04/06/2026,2026-06-04,91,[21:30-21:45[,2026-06-04 20:30,1540.981,732.373,0.475,-4025.625,-2.612,,,,,2914,1.891,2561.824,1.662,-717.826,-0.466
04/06/2026,2026-06-04,92,[21:45-22:00[,2026-06-04 20:45,1513.438,3151.604,2.082,-3921.1,-2.591,,,,,4221,2.789,2648.783,1.75,202.921,0.134
04/06/2026,2026-06-04,93,[22:00-22:15[,2026-06-04 21:00,1508.959,6152.247,4.077,-3825.05,-2.535,,,,,6822.4,4.521,2714.974,1.799,439.923,0.292
04/06/2026,2026-06-04,94,[22:15-22:30[,2026-06-04 21:15,1496.562,9553.933,6.384,-3726.175,-2.49,,,,,7216,4.822,2722.39,1.819,3341.717,2.233
04/06/2026,2026-06-04,95,[22:30-22:45[,2026-06-04 21:30,1461.743,6958.637,4.761,-3601.875,-2.464,,,,,7675.2,5.251,2730.484,1.868,154.828,0.106
04/06/2026,2026-06-04,96,[22:45-23:00[,2026-06-04 21:45,1433.351,8012.013,5.59,-3495.938,-2.439,,,,,8068.8,5.629,2700.575,1.884,738.576,0.515
05/06/2026,2026-06-05,1,[23:00-23:15[,2026-06-04 22:00,1408.18,12563.452,8.922,7973.363,5.662,,,,,2734.7,1.942,2688.357,1.909,-832.967,-0.592
05/06/2026,2026-06-05,2,[23:15-23:30[,2026-06-04 22:15,1374.965,11807.518,8.588,7992.113,5.813,,,,,2734.7,1.989,2513.784,1.828,-1433.078,-1.042
05/06/2026,2026-06-05,3,[23:30-23:45[,2026-06-04 22:30,1342.078,11526.009,8.588,7998.675,5.96,,,,,2734.7,2.038,2516.838,1.875,-1724.204,-1.285
05/06/2026,2026-06-05,4,[23:45-00:00[,2026-06-04 22:45,1317.044,13808.589,10.485,8014.913,6.086,,,,,2734.7,2.076,2676.793,2.032,382.183,0.29
05/06/2026,2026-06-05,5,[00:00-00:15[,2026-06-04 23:00,1277.438,12583.161,9.85,7972.663,6.241,,,,,2583,2.022,2663.271,2.085,-635.772,-0.498
05/06/2026,2026-06-05,6,[00:15-00:30[,2026-06-04 23:15,1273.244,12663.306,9.946,7973.263,6.262,,,,,2583,2.029,2649.31,2.081,-542.267,-0.426
05/06/2026,2026-06-05,7,[00:30-00:45[,2026-06-04 23:30,1262.75,14496.606,11.48,7991.613,6.329,,,,,2583,2.046,2643.789,2.094,1278.204,1.012
05/06/2026,2026-06-05,8,[00:45-01:00[,2026-06-04 23:45,1220.973,13645.602,11.176,7990.913,6.545,,,,,2583,2.116,2698.442,2.21,373.248,0.306
05/06/2026,2026-06-05,9,[01:00-01:15[,2026-06-05 00:00,1225.431,12295.953,10.034,7972.163,6.506,,,,,2349.3,1.917,2698.599,2.202,-724.109,-0.591
05/06/2026,2026-06-05,10,[01:15-01:30[,2026-06-05 00:15,1210.424,14197.085,11.729,7972.563,6.587,,,,,2349.3,1.941,2697.623,2.229,1177.6,0.973
05/06/2026,2026-06-05,11,[01:30-01:45[,2026-06-05 00:30,1183.474,13100.053,11.069,7991.713,6.753,,,,,2349.3,1.985,2701.675,2.283,57.366,0.048
05/06/2026,2026-06-05,12,[01:45-02:00[,2026-06-05 00:45,1157.618,12867.451,11.115,7992.413,6.904,,,,,2349.3,2.029,2677.642,2.313,-151.903,-0.131
05/06/2026,2026-06-05,13,[02:00-02:15[,2026-06-05 01:00,1152.898,15678.694,13.599,7981.799,6.923,,,,,2246.8,1.949,2712.413,2.353,2737.683,2.375
05/06/2026,2026-06-05,14,[02:15-02:30[,2026-06-05 01:15,1159.784,13604.278,11.73,7981.799,6.882,,,,,2246.8,1.937,2739.479,2.362,636.2,0.549
05/06/2026,2026-06-05,15,[02:30-02:45[,2026-06-05 01:30,1158.645,13072.164,11.282,7982.099,6.889,,,,,2246.8,1.939,2739.313,2.364,103.952,0.09
05/06/2026,2026-06-05,16,[02:45-03:00[,2026-06-05 01:45,1130.054,12810.673,11.336,7982.099,7.063,,,,,2246.8,1.988,2739.146,2.424,-157.372,-0.139
05/06/2026,2026-06-05,17,[03:00-03:15[,2026-06-05 02:00,1144.671,13183.319,11.517,7982.099,6.973,,,,,2222.2,1.941,2740.924,2.395,238.097,0.208
05/06/2026,2026-06-05,18,[03:15-03:30[,2026-06-05 02:15,1134.795,14214.453,12.526,7981.799,7.034,,,,,2222.2,1.958,2741.73,2.416,1268.725,1.118
05/06/2026,2026-06-05,19,[03:30-03:45[,2026-06-05 02:30,1123.87,11547.173,10.274,7978.049,7.099,,,,,2222.2,1.977,2740.432,2.438,-1393.508,-1.24
05/06/2026,2026-06-05,20,[03:45-04:00[,2026-06-05 02:45,1115.185,14198.017,12.732,7932.749,7.113,,,,,2222.2,1.993,2711.77,2.432,1331.299,1.194
05/06/2026,2026-06-05,21,[04:00-04:15[,2026-06-05 03:00,1117.672,14730.916,13.18,7933.777,7.098,,,,,2287.8,2.047,2677.766,2.396,1831.573,1.639
05/06/2026,2026-06-05,22,[04:15-04:30[,2026-06-05 03:15,1132.224,14632.479,12.924,7933.777,7.007,,,,,2287.8,2.021,2696.549,2.382,1714.353,1.514
05/06/2026,2026-06-05,23,[04:30-04:45[,2026-06-05 03:30,1116.316,13925.485,12.475,7840.027,7.023,,,,,2287.8,2.049,2705.293,2.423,1092.365,0.979
05/06/2026,2026-06-05,24,[04:45-05:00[,2026-06-05 03:45,1118.401,12933.972,11.565,7612.215,6.806,,,,,2287.8,2.046,2688.779,2.404,345.178,0.309
05/06/2026,2026-06-05,25,[05:00-05:15[,2026-06-05 04:00,1139.679,11833.512,10.383,7910.249,6.941,,,,,2304.2,2.022,2675.829,2.348,-1056.766,-0.927
05/06/2026,2026-06-05,26,[05:15-05:30[,2026-06-05 04:15,1119.851,13059.607,11.662,7464.299,6.665,,,,,2304.2,2.058,2606.82,2.328,684.289,0.611
05/06/2026,2026-06-05,27,[05:30-05:45[,2026-06-05 04:30,1114.877,12101.434,10.855,6992.186,6.272,,,,,2304.2,2.067,2608.146,2.339,196.902,0.177
05/06/2026,2026-06-05,28,[05:45-06:00[,2026-06-05 04:45,1122.842,11987.935,10.676,6847.394,6.098,,,,,2304.2,2.052,2613.709,2.328,222.632,0.198
05/06/2026,2026-06-05,29,[06:00-06:15[,2026-06-05 05:00,1135.833,11142.147,9.81,6234.649,5.489,,,,,2550.2,2.245,2658.388,2.34,-301.089,-0.265
05/06/2026,2026-06-05,30,[06:15-06:30[,2026-06-05 05:15,1159.671,11446.111,9.87,6531.933,5.633,,,,,2550.2,2.199,2671.589,2.304,-307.611,-0.265
05/06/2026,2026-06-05,31,[06:30-06:45[,2026-06-05 05:30,1181.65,11853.981,10.032,7144.059,6.046,,,,,2550.2,2.158,2671.941,2.261,-512.219,-0.433
05/06/2026,2026-06-05,32,[06:45-07:00[,2026-06-05 05:45,1194.88,17226.978,14.417,7966.232,6.667,,,,,2550.2,2.134,2672.782,2.237,4037.764,3.379
05/06/2026,2026-06-05,33,[07:00-07:15[,2026-06-05 06:00,1244.03,13406.235,10.776,7760.841,6.238,,,,,3672.7,2.952,2671.482,2.147,-698.789,-0.562
05/06/2026,2026-06-05,34,[07:15-07:30[,2026-06-05 06:15,1273.526,15370.926,12.07,9405.663,7.386,,,,,3884.18,3.05,2545.63,1.999,-464.546,-0.365
05/06/2026,2026-06-05,35,[07:30-07:45[,2026-06-05 06:30,1301.745,29703.415,22.818,11559.669,8.88,,,,,14976,11.505,2548.922,1.958,618.824,0.475
05/06/2026,2026-06-05,36,[07:45-08:00[,2026-06-05 06:45,1337.385,31107.947,23.26,14826.337,11.086,,,,,13876.2,10.376,2564.058,1.917,-158.649,-0.119
05/06/2026,2026-06-05,37,[08:00-08:15[,2026-06-05 07:00,1379.711,26965.272,19.544,12598.22,9.131,,,,,12082.5,8.757,2562.013,1.857,-277.461,-0.201
05/06/2026,2026-06-05,38,[08:15-08:30[,2026-06-05 07:15,1409.825,27985.29,19.85,13613.828,9.656,,,,,12572.17,8.918,2591.249,1.838,-791.957,-0.562
05/06/2026,2026-06-05,39,[08:30-08:45[,2026-06-05 07:30,1428.493,31324.586,21.928,15058.697,10.542,,,,,13774.35,9.643,2490.813,1.744,0.726,0.001
05/06/2026,2026-06-05,40,[08:45-09:00[,2026-06-05 07:45,1426.095,28958.509,20.306,15513.897,10.879,,,,,11111.28,7.791,2367.134,1.66,-33.802,-0.024
05/06/2026,2026-06-05,41,[09:00-09:15[,2026-06-05 08:00,1442.68,29526.446,20.466,15339.381,10.633,,,,,11480.35,7.958,2347.002,1.627,359.713,0.249
05/06/2026,2026-06-05,42,[09:15-09:30[,2026-06-05 08:15,1436.326,29825.353,20.765,15466.348,10.768,,,,,11708.25,8.152,2351.843,1.637,298.911,0.208
05/06/2026,2026-06-05,43,[09:30-09:45[,2026-06-05 08:30,1435.295,29807.498,20.768,15384.102,10.718,,,,,11757.12,8.191,2309.751,1.609,356.525,0.248
05/06/2026,2026-06-05,44,[09:45-10:00[,2026-06-05 08:45,1427.949,30908.842,21.646,15390.992,10.778,,,,,11845.8,8.296,2267.22,1.588,1404.829,0.984
05/06/2026,2026-06-05,45,[10:00-10:15[,2026-06-05 09:00,1408.538,28463.612,20.208,15353.911,10.901,,,,,10773.36,7.649,2269.019,1.611,67.322,0.048
05/06/2026,2026-06-05,46,[10:15-10:30[,2026-06-05 09:15,1401.412,29068.855,20.743,15359.85,10.96,,,,,10805.31,7.71,2241.995,1.6,661.7,0.472
05/06/2026,2026-06-05,47,[10:30-10:45[,2026-06-05 09:30,1403.976,29514.437,21.022,15382.14,10.956,,,,,11671.39,8.313,2249.791,1.602,211.116,0.15
05/06/2026,2026-06-05,48,[10:45-11:00[,2026-06-05 09:45,1396.433,29606.34,21.201,15422.474,11.044,,,,,11700.11,8.379,2176.159,1.558,307.598,0.22
05/06/2026,2026-06-05,49,[11:00-11:15[,2026-06-05 10:00,1410.614,32188.708,22.819,15328.992,10.867,,,,,14480.64,10.265,2177.251,1.543,201.824,0.143
05/06/2026,2026-06-05,50,[11:15-11:30[,2026-06-05 10:15,1417.43,32022.524,22.592,15312.014,10.803,,,,,14474.32,10.212,2112.932,1.491,123.258,0.087
05/06/2026,2026-06-05,51,[11:30-11:45[,2026-06-05 10:30,1411.01,32061.234,22.722,15297.971,10.842,,,,,14489.2,10.269,2168.739,1.537,105.323,0.075
05/06/2026,2026-06-05,52,[11:45-12:00[,2026-06-05 10:45,1412.394,32047.197,22.69,15304.79,10.836,,,,,14516.76,10.278,2169.426,1.536,56.22,0.04
05/06/2026,2026-06-05,53,[12:00-12:15[,2026-06-05 11:00,1416.682,28816.366,20.341,15335.307,10.825,,,,,11098.23,7.834,2259.162,1.595,123.668,0.087
05/06/2026,2026-06-05,54,[12:15-12:30[,2026-06-05 11:15,1420.169,27357.196,19.263,15487.35,10.905,,,,,9401.7,6.62,2220.209,1.563,247.937,0.175
05/06/2026,2026-06-05,55,[12:30-12:45[,2026-06-05 11:30,1416.992,27745.791,19.581,15491.277,10.933,,,,,9328.9,6.584,2216.932,1.565,708.682,0.5
05/06/2026,2026-06-05,56,[12:45-13:00[,2026-06-05 11:45,1388.923,27930.531,20.109,15494.005,11.155,,,,,9343.9,6.727,2261.52,1.628,831.106,0.598
05/06/2026,2026-06-05,57,[13:00-13:15[,2026-06-05 12:00,1402.4,26891.524,19.175,15482.299,11.04,,,,,9069,6.467,2322.198,1.656,18.027,0.013
05/06/2026,2026-06-05,58,[13:15-13:30[,2026-06-05 12:15,1394.188,27066.689,19.414,15493.142,11.113,,,,,9069,6.505,2342.74,1.68,161.807,0.116
05/06/2026,2026-06-05,59,[13:30-13:45[,2026-06-05 12:30,1378.71,27053.5,19.622,15495.791,11.239,,,,,9069,6.578,2261.492,1.64,227.217,0.165
05/06/2026,2026-06-05,60,[13:45-14:00[,2026-06-05 12:45,1367.482,26934.608,19.696,15581.267,11.394,,,,,9054.4,6.621,2232.119,1.632,66.823,0.049
05/06/2026,2026-06-05,61,[14:00-14:15[,2026-06-05 13:00,1373.16,27108.112,19.741,15582.056,11.348,,,,,9224.6,6.718,2197.228,1.6,104.228,0.076
05/06/2026,2026-06-05,62,[14:15-14:30[,2026-06-05 13:15,1377.616,27080.741,19.658,15595.034,11.32,,,,,9224.6,6.696,2147.799,1.559,113.308,0.082
05/06/2026,2026-06-05,63,[14:30-14:45[,2026-06-05 13:30,1359.3,27275.153,20.066,15687.258,11.541,,,,,10600.96,7.799,2236.477,1.645,-1249.542,-0.919
05/06/2026,2026-06-05,64,[14:45-15:00[,2026-06-05 13:45,1353.486,28273.961,20.89,15692.217,11.594,,,,,10585.86,7.821,2290.254,1.692,-294.37,-0.217
05/06/2026,2026-06-05,65,[15:00-15:15[,2026-06-05 14:00,1365.367,27472.254,20.121,15695.883,11.496,,,,,9177.8,6.722,2323.504,1.702,275.067,0.201
05/06/2026,2026-06-05,66,[15:15-15:30[,2026-06-05 14:15,1355.248,27419.187,20.232,15640.497,11.541,,,,,9163.2,6.761,2305.152,1.701,310.338,0.229
05/06/2026,2026-06-05,67,[15:30-15:45[,2026-06-05 14:30,1345.644,27084.498,20.128,15597.565,11.591,,,,,9163.2,6.81,2329.693,1.731,-5.959,-0.004
05/06/2026,2026-06-05,68,[15:45-16:00[,2026-06-05 14:45,1367.28,27262.465,19.939,15511.148,11.345,,,,,9147.1,6.69,2425.415,1.774,178.802,0.131
05/06/2026,2026-06-05,69,[16:00-16:15[,2026-06-05 15:00,1362.702,30997.062,22.747,15355.437,11.268,,,,,10896.28,7.996,2600.447,1.908,2144.898,1.574
05/06/2026,2026-06-05,70,[16:15-16:30[,2026-06-05 15:15,1387.839,34359.843,24.758,15336.196,11.05,,,,,14400,10.376,2739.616,1.974,1884.031,1.358
05/06/2026,2026-06-05,71,[16:30-16:45[,2026-06-05 15:30,1411.094,34043.691,24.126,14647.786,10.38,,,,,14472.63,10.256,2673.047,1.894,2250.228,1.595
05/06/2026,2026-06-05,72,[16:45-17:00[,2026-06-05 15:45,1412.305,30563.91,21.641,13736.886,9.727,,,,,13952.07,9.879,2700.97,1.912,173.984,0.123
05/06/2026,2026-06-05,73,[17:00-17:15[,2026-06-05 16:00,1411.368,33062.027,23.426,14505.647,10.278,,,,,15865.2,11.241,2785.293,1.973,-94.113,-0.067
05/06/2026,2026-06-05,74,[17:15-17:30[,2026-06-05 16:15,1420.288,31295.753,22.035,13894.393,9.783,,,,,15865.2,11.17,2814.319,1.982,-1278.159,-0.9
05/06/2026,2026-06-05,75,[17:30-17:45[,2026-06-05 16:30,1409.351,31623.796,22.439,13847.165,9.825,,,,,15865.2,11.257,2798.311,1.986,-886.879,-0.629
05/06/2026,2026-06-05,76,[17:45-18:00[,2026-06-05 16:45,1437.174,33658.591,23.42,12766.412,8.883,,,,,15865.2,11.039,2815.327,1.959,2211.652,1.539
05/06/2026,2026-06-05,77,[18:00-18:15[,2026-06-05 17:00,1454.625,32587.379,22.403,11864.259,8.156,,,,,15912,10.939,2913.47,2.003,1897.651,1.305
05/06/2026,2026-06-05,78,[18:15-18:30[,2026-06-05 17:15,1467.247,31546.142,21.5,10598.818,7.224,,,,,15912,10.845,2922.559,1.992,2112.765,1.44
05/06/2026,2026-06-05,79,[18:30-18:45[,2026-06-05 17:30,1501.888,13234.802,8.812,8880.201,5.913,,,,,2763.4,1.84,2929.682,1.951,-1338.481,-0.891
05/06/2026,2026-06-05,80,[18:45-19:00[,2026-06-05 17:45,1531.552,12646.196,8.257,7996.36,5.221,,,,,2763.4,1.804,2932.507,1.915,-1046.071,-0.683
05/06/2026,2026-06-05,81,[19:00-19:15[,2026-06-05 18:00,1578.02,18528.494,11.742,8602.333,5.451,,,,,2349.3,1.489,2991.802,1.896,4585.059,2.906
05/06/2026,2026-06-05,82,[19:15-19:30[,2026-06-05 18:15,1594.182,14862.77,9.323,7753.314,4.864,,,,,2349.3,1.474,2993.938,1.878,1766.218,1.108
05/06/2026,2026-06-05,83,[19:30-19:45[,2026-06-05 18:30,1605.822,15938.342,9.925,6572.743,4.093,,,,,2296,1.43,2874.548,1.79,4195.051,2.612
05/06/2026,2026-06-05,84,[19:45-20:00[,2026-06-05 18:45,1635.186,5154.548,3.152,4289.923,2.624,,,,,2296,1.404,2776.274,1.698,-4207.649,-2.573
05/06/2026,2026-06-05,85,[20:00-20:15[,2026-06-05 19:00,1639.468,12450.668,7.594,5850.32,3.568,,,,,2345.2,1.43,2818.245,1.719,1436.903,0.876
05/06/2026,2026-06-05,86,[20:15-20:30[,2026-06-05 19:15,1649.941,9296.578,5.634,5192.945,3.147,,,,,2345.2,1.421,2776.684,1.683,-1018.25,-0.617
05/06/2026,2026-06-05,87,[20:30-20:45[,2026-06-05 19:30,1649.192,6495.795,3.939,4836.005,2.932,,,,,2345.2,1.422,2767.368,1.678,-3452.778,-2.094
05/06/2026,2026-06-05,88,[20:45-21:00[,2026-06-05 19:45,1636.338,9442.772,5.771,5065.513,3.096,,,,,2345.2,1.433,2654.107,1.622,-622.048,-0.38
05/06/2026,2026-06-05,89,[21:00-21:15[,2026-06-05 20:00,1639.528,9191.055,5.606,4335.838,2.645,,,,,2558.4,1.56,2648.588,1.615,-351.77,-0.215
05/06/2026,2026-06-05,90,[21:15-21:30[,2026-06-05 20:15,1664.6,9639.562,5.791,4476.463,2.689,,,,,2558.4,1.537,2734.702,1.643,-130.003,-0.078
05/06/2026,2026-06-05,91,[21:30-21:45[,2026-06-05 20:30,1632.709,9501.715,5.82,4258.963,2.609,,,,,2558.4,1.567,2689.708,1.647,-5.356,-0.003
05/06/2026,2026-06-05,92,[21:45-22:00[,2026-06-05 20:45,1614.157,7309.41,4.528,4586.15,2.841,,,,,2558.4,1.585,2657.605,1.646,-2492.745,-1.544
05/06/2026,2026-06-05,93,[22:00-22:15[,2026-06-05 21:00,1589.211,9578.715,6.027,4165.213,2.621,,,,,2771.6,1.744,2648.495,1.667,-6.593,-0.004
05/06/2026,2026-06-05,94,[22:15-22:30[,2026-06-05 21:15,1554.232,9977.35,6.419,4617.888,2.971,,,,,2771.6,1.783,2556.701,1.645,31.161,0.02
05/06/2026,2026-06-05,95,[22:30-22:45[,2026-06-05 21:30,1527.72,10452.775,6.842,4657.9,3.049,,,,,2771.6,1.814,2496.669,1.634,526.606,0.345
05/06/2026,2026-06-05,96,[22:45-23:00[,2026-06-05 21:45,1483.99,12850.633,8.66,6138.675,4.137,,,,,2771.6,1.868,2491.574,1.679,1448.783,0.976
06/06/2026,2026-06-06,1,[23:00-23:15[,2026-06-05 22:00,1456.228,11161.167,7.664,5875.659,4.035,,,,,1035,0.711,2488.265,1.709,1762.243,1.21
06/06/2026,2026-06-06,2,[23:15-23:30[,2026-06-05 22:15,1428.818,10213.07,7.148,6254.028,4.377,,,,,1035,0.724,2566.503,1.796,357.539,0.25
06/06/2026,2026-06-06,3,[23:30-23:45[,2026-06-05 22:30,1393.604,10656.286,7.647,6889.653,4.944,,,,,1035,0.743,2520.342,1.809,211.291,0.152
06/06/2026,2026-06-06,4,[23:45-00:00[,2026-06-05 22:45,1374.457,11723.313,8.529,7397.778,5.382,,,,,1311,0.954,2733.737,1.989,280.797,0.204
06/06/2026,2026-06-06,5,[00:00-00:15[,2026-06-05 23:00,1355.119,12525.081,9.243,7661.099,5.653,,,,,1499.6,1.107,2702.338,1.994,662.045,0.489
06/06/2026,2026-06-06,6,[00:15-00:30[,2026-06-05 23:15,1332.642,12377.324,9.288,7926.037,5.948,,,,,1692.9,1.27,2681.085,2.012,77.303,0.058
06/06/2026,2026-06-06,7,[00:30-00:45[,2026-06-05 23:30,1288.627,13284.438,10.309,8309.439,6.448,,,,,1815,1.408,2701.018,2.096,458.981,0.356
06/06/2026,2026-06-06,8,[00:45-01:00[,2026-06-05 23:45,1292.517,12870.447,9.958,8327.944,6.443,,,,,1815,1.404,2718.227,2.103,9.275,0.007
06/06/2026,2026-06-06,9,[01:00-01:15[,2026-06-06 00:00,1278.566,12725.631,9.953,8547.204,6.685,,,,,1422.5,1.113,2717.552,2.125,38.375,0.03
06/06/2026,2026-06-06,10,[01:15-01:30[,2026-06-06 00:15,1259.055,12893.246,10.24,8559.98,6.799,,,,,1422.5,1.13,2712.078,2.154,198.688,0.158
06/06/2026,2026-06-06,11,[01:30-01:45[,2026-06-06 00:30,1225.614,12915.346,10.538,8567.21,6.99,,,,,1422.5,1.161,2655.887,2.167,269.749,0.22
06/06/2026,2026-06-06,12,[01:45-02:00[,2026-06-06 00:45,1218.166,12942.843,10.625,8567.591,7.033,,,,,1422.5,1.168,2715.861,2.229,236.891,0.194
06/06/2026,2026-06-06,13,[02:00-02:15[,2026-06-06 01:00,1220.398,11989.959,9.825,8588.222,7.037,,,,,568,0.465,2715.972,2.225,117.765,0.096
06/06/2026,2026-06-06,14,[02:15-02:30[,2026-06-06 01:15,1199.196,11882.475,9.909,8574.722,7.15,,,,,511.2,0.426,2717.576,2.266,78.978,0.066
06/06/2026,2026-06-06,15,[02:30-02:45[,2026-06-06 01:30,1181.576,12798.767,10.832,8575.685,7.258,,,,,511.2,0.433,2669.584,2.259,1042.298,0.882
06/06/2026,2026-06-06,16,[02:45-03:00[,2026-06-06 01:45,1178.873,11808.737,10.017,8589.185,7.286,,,,,568,0.482,2639.117,2.239,12.435,0.011
06/06/2026,2026-06-06,17,[03:00-03:15[,2026-06-06 02:00,1171.084,11646.663,9.945,8576.165,7.323,,,,,505.8,0.432,2627.605,2.244,-62.907,-0.054
06/06/2026,2026-06-06,18,[03:15-03:30[,2026-06-06 02:15,1138.691,11942.811,10.488,8570.177,7.526,,,,,505.8,0.444,2714.383,2.384,152.45,0.134
06/06/2026,2026-06-06,19,[03:30-03:45[,2026-06-06 02:30,1152.345,11505.367,9.984,8564.109,7.432,,,,,449.6,0.39,2714.928,2.356,-223.27,-0.194
06/06/2026,2026-06-06,20,[03:45-04:00[,2026-06-06 02:45,1146.164,12151.758,10.602,8564.871,7.473,,,,,449.6,0.392,2713.794,2.368,423.493,0.369
06/06/2026,2026-06-06,21,[04:00-04:15[,2026-06-06 03:00,1149.637,13025.721,11.33,8565.252,7.45,,,,,1382.5,1.203,2677.837,2.329,400.132,0.348
06/06/2026,2026-06-06,22,[04:15-04:30[,2026-06-06 03:15,1132.66,12848.618,11.344,8550.99,7.549,,,,,1382.5,1.221,2623.831,2.317,291.297,0.257
06/06/2026,2026-06-06,23,[04:30-04:45[,2026-06-06 03:30,1132.285,12813.209,11.316,8550.609,7.552,,,,,1382.5,1.221,2663.436,2.352,216.665,0.191
06/06/2026,2026-06-06,24,[04:45-05:00[,2026-06-06 03:45,1142.65,13259.919,11.605,8536.046,7.47,,,,,1382.5,1.21,2691.76,2.356,649.613,0.569
06/06/2026,2026-06-06,25,[05:00-05:15[,2026-06-06 04:00,1123.517,11725.398,10.436,7619.259,6.782,,,,,1387.5,1.235,2718.369,2.42,0.271,0
06/06/2026,2026-06-06,26,[05:15-05:30[,2026-06-06 04:15,1137.046,11770.268,10.352,7315.509,6.434,,,,,1387.5,1.22,2740.546,2.41,326.713,0.287
06/06/2026,2026-06-06,27,[05:30-05:45[,2026-06-06 04:30,1138.463,11280.331,9.908,6985.462,6.136,,,,,1415,1.243,2645.16,2.323,234.708,0.206
06/06/2026,2026-06-06,28,[05:45-06:00[,2026-06-06 04:45,1123.098,11321.55,10.081,6797.962,6.053,,,,,1271.6,1.132,2721.179,2.423,530.809,0.473
06/06/2026,2026-06-06,29,[06:00-06:15[,2026-06-06 05:00,1113.542,10556.981,9.481,7619.134,6.842,,,,,1477.5,1.327,2700.214,2.425,-1239.867,-1.113
06/06/2026,2026-06-06,30,[06:15-06:30[,2026-06-06 05:15,1138.54,9976.043,8.762,7675.153,6.741,,,,,1477.5,1.298,2786.06,2.447,-1962.67,-1.724
06/06/2026,2026-06-06,31,[06:30-06:45[,2026-06-06 05:30,1136.153,11979.686,10.544,7823.652,6.886,,,,,1477.5,1.3,2786.207,2.452,-107.673,-0.095
06/06/2026,2026-06-06,32,[06:45-07:00[,2026-06-06 05:45,1149.123,12713.301,11.063,8117.328,7.064,,,,,1536.6,1.337,2724.952,2.371,334.422,0.291
06/06/2026,2026-06-06,33,[07:00-07:15[,2026-06-06 06:00,1150.099,14340.601,12.469,7850.211,6.826,,,,,2180.5,1.896,2683.745,2.333,1626.145,1.414
06/06/2026,2026-06-06,34,[07:15-07:30[,2026-06-06 06:15,1177.124,11562.552,9.823,7532.155,6.399,,,,,2180.5,1.852,2679.807,2.277,-829.911,-0.705
06/06/2026,2026-06-06,35,[07:30-07:45[,2026-06-06 06:30,1197.81,21320.163,17.799,10062.338,8.401,,,,,7235.5,6.041,2654.559,2.216,1367.766,1.142
06/06/2026,2026-06-06,36,[07:45-08:00[,2026-06-06 06:45,1191.152,22855.501,19.188,11144.442,9.356,,,,,9116.6,7.654,2603.248,2.185,-8.789,-0.007
06/06/2026,2026-06-06,37,[08:00-08:15[,2026-06-06 07:00,1224.716,23320.051,19.041,11159.488,9.112,,,,,9386.8,7.664,2557.818,2.088,215.945,0.176
06/06/2026,2026-06-06,38,[08:15-08:30[,2026-06-06 07:15,1255.384,26186.136,20.859,13849.838,11.032,,,,,9918.4,7.901,2604.366,2.075,-186.467,-0.149
06/06/2026,2026-06-06,39,[08:30-08:45[,2026-06-06 07:30,1272.672,29141.824,22.898,15659.213,12.304,,,,,10438,8.202,2634.448,2.07,410.163,0.322
06/06/2026,2026-06-06,40,[08:45-09:00[,2026-06-06 07:45,1308.168,29178.483,22.305,16174.838,12.364,,,,,10309.4,7.881,2634.516,2.014,59.729,0.046
06/06/2026,2026-06-06,41,[09:00-09:15[,2026-06-06 08:00,1324.771,30102.684,22.723,16127.025,12.173,,,,,11088,8.37,2626.368,1.983,261.291,0.197
06/06/2026,2026-06-06,42,[09:15-09:30[,2026-06-06 08:15,1340.24,30020.28,22.399,16151.4,12.051,,,,,11104.8,8.286,2614.948,1.951,149.131,0.111
06/06/2026,2026-06-06,43,[09:30-09:45[,2026-06-06 08:30,1351.461,29329.874,21.702,16180.463,11.973,,,,,11138.4,8.242,2589.317,1.916,-578.305,-0.428
06/06/2026,2026-06-06,44,[09:45-10:00[,2026-06-06 08:45,1349.247,30056.644,22.277,16220.775,12.022,,,,,11407.2,8.454,2566.752,1.902,-138.083,-0.102
06/06/2026,2026-06-06,45,[10:00-10:15[,2026-06-06 09:00,1359.221,25625.193,18.853,16151.4,11.883,,,,,10872,7.999,2533.479,1.864,-3931.686,-2.893
06/06/2026,2026-06-06,46,[10:15-10:30[,2026-06-06 09:15,1366.8,25408.952,18.59,16180.463,11.838,,,,,10939,8.003,2508.951,1.836,-4219.461,-3.087
06/06/2026,2026-06-06,47,[10:30-10:45[,2026-06-06 09:30,1369.872,25588.878,18.68,16220.775,11.841,,,,,10987.2,8.021,2494.618,1.821,-4113.715,-3.003
06/06/2026,2026-06-06,48,[10:45-11:00[,2026-06-06 09:45,1374.511,25919.515,18.857,16220.775,11.801,,,,,11020.8,8.018,2435.89,1.772,-3757.95,-2.734
06/06/2026,2026-06-06,49,[11:00-11:15[,2026-06-06 10:00,1372.618,27237.116,19.843,16220.775,11.817,,,,,11039.6,8.043,2391.229,1.742,-2414.487,-1.759
06/06/2026,2026-06-06,50,[11:15-11:30[,2026-06-06 10:15,1372.319,29743.86,21.674,16220.775,11.82,,,,,11056.3,8.057,2300.959,1.677,165.825,0.121
06/06/2026,2026-06-06,51,[11:30-11:45[,2026-06-06 10:30,1369.706,26764.843,19.541,16220.775,11.843,,,,,11106.6,8.109,2299.195,1.679,-2861.727,-2.089
06/06/2026,2026-06-06,52,[11:45-12:00[,2026-06-06 10:45,1381.421,29442.002,21.313,16220.775,11.742,,,,,11123.3,8.052,2293.959,1.661,-196.032,-0.142
06/06/2026,2026-06-06,53,[12:00-12:15[,2026-06-06 11:00,1372.106,28652.961,20.882,16221.713,11.822,,,,,10323.75,7.524,2178.566,1.588,-71.068,-0.052
06/06/2026,2026-06-06,54,[12:15-12:30[,2026-06-06 11:15,1378.218,29155.914,21.155,16226.4,11.773,,,,,10356.85,7.515,2165.121,1.571,407.543,0.296
06/06/2026,2026-06-06,55,[12:30-12:45[,2026-06-06 11:30,1376.628,28459.39,20.673,16226.472,11.787,,,,,10276.08,7.465,2089.53,1.518,-132.692,-0.096
06/06/2026,2026-06-06,56,[12:45-13:00[,2026-06-06 11:45,1350.124,28192.058,20.881,16226.686,12.019,,,,,9998.79,7.406,2076.95,1.538,-110.368,-0.082
06/06/2026,2026-06-06,57,[13:00-13:15[,2026-06-06 12:00,1317.381,28370.624,21.536,16286.825,12.363,,,,,10065.45,7.641,2063.211,1.566,-44.862,-0.034
06/06/2026,2026-06-06,58,[13:15-13:30[,2026-06-06 12:15,1306.785,28392.75,21.727,16286.825,12.463,,,,,10068.5,7.705,2056.538,1.574,-19.113,-0.015
06/06/2026,2026-06-06,59,[13:30-13:45[,2026-06-06 12:30,1269.731,28216.14,22.222,16286.825,12.827,,,,,10103.5,7.957,2073.061,1.633,-247.246,-0.195
06/06/2026,2026-06-06,60,[13:45-14:00[,2026-06-06 12:45,1248.308,28446.336,22.788,16296.381,13.055,,,,,10068.56,8.066,2094.379,1.678,-12.984,-0.01
06/06/2026,2026-06-06,61,[14:00-14:15[,2026-06-06 13:00,1241.882,28491.868,22.942,16286.825,13.115,,,,,10065.52,8.105,2057.115,1.656,82.408,0.066
06/06/2026,2026-06-06,62,[14:15-14:30[,2026-06-06 13:15,1211.347,28453.336,23.489,16286.825,13.445,,,,,10044.24,8.292,2069.159,1.708,53.112,0.044
06/06/2026,2026-06-06,63,[14:30-14:45[,2026-06-06 13:30,1212.361,28037.274,23.126,16286.825,13.434,,,,,9645.12,7.956,2077.141,1.713,28.187,0.023
06/06/2026,2026-06-06,64,[14:45-15:00[,2026-06-06 13:45,1204.218,28106.854,23.34,16286.825,13.525,,,,,9645.12,8.009,2090.486,1.736,84.423,0.07
06/06/2026,2026-06-06,65,[15:00-15:15[,2026-06-06 14:00,1185.333,28558.267,24.093,16286.825,13.74,,,,,10044.24,8.474,2091.501,1.764,135.701,0.114
06/06/2026,2026-06-06,66,[15:15-15:30[,2026-06-06 14:15,1191.551,28751.635,24.13,16286.825,13.669,,,,,10027.54,8.416,2122.29,1.781,314.98,0.264
06/06/2026,2026-06-06,67,[15:30-15:45[,2026-06-06 14:30,1185.161,28503.06,24.05,16286.825,13.742,,,,,9994.28,8.433,2155.992,1.819,65.964,0.056
06/06/2026,2026-06-06,68,[15:45-16:00[,2026-06-06 14:45,1186.156,28536.182,24.058,16286.825,13.731,,,,,9977.58,8.412,2140.939,1.805,130.839,0.11
06/06/2026,2026-06-06,69,[16:00-16:15[,2026-06-06 15:00,1202.653,29691.18,24.688,16296.331,13.55,,,,,10804,8.983,2173.501,1.807,417.347,0.347
06/06/2026,2026-06-06,70,[16:15-16:30[,2026-06-06 15:15,1202.01,29326.467,24.398,16296.24,13.557,,,,,10787.3,8.974,2312.629,1.924,-69.701,-0.058
06/06/2026,2026-06-06,71,[16:30-16:45[,2026-06-06 15:30,1228.699,29768.861,24.228,16286.825,13.255,,,,,11020.8,8.969,2344.796,1.908,116.44,0.095
06/06/2026,2026-06-06,72,[16:45-17:00[,2026-06-06 15:45,1268.148,30051.582,23.697,16286.825,12.843,,,,,11004,8.677,2388.239,1.883,372.518,0.294
06/06/2026,2026-06-06,73,[17:00-17:15[,2026-06-06 16:00,1268.056,30408.673,23.981,16295.975,12.851,,,,,11138.4,8.784,2471.045,1.949,503.252,0.397
06/06/2026,2026-06-06,74,[17:15-17:30[,2026-06-06 16:15,1273.945,28654.079,22.492,16254.8,12.759,,,,,11138.4,8.743,2481.848,1.948,-1220.969,-0.958
06/06/2026,2026-06-06,75,[17:30-17:45[,2026-06-06 16:30,1294.225,29957.43,23.147,16226.672,12.538,,,,,11138.4,8.606,2386.636,1.844,205.723,0.159
06/06/2026,2026-06-06,76,[17:45-18:00[,2026-06-06 16:45,1314.383,30077.947,22.884,16151.4,12.288,,,,,11121.6,8.461,2456.772,1.869,348.176,0.265
06/06/2026,2026-06-06,77,[18:00-18:15[,2026-06-06 17:00,1322.06,29822.987,22.558,16122.338,12.195,,,,,11390.4,8.616,2496.726,1.889,-186.477,-0.141
06/06/2026,2026-06-06,78,[18:15-18:30[,2026-06-06 17:15,1344.235,30323.891,22.558,15758.588,11.723,,,,,11424,8.499,2469.767,1.837,671.536,0.5
06/06/2026,2026-06-06,79,[18:30-18:45[,2026-06-06 17:30,1345.688,23620.798,17.553,15152.963,11.26,,,,,11424,8.489,2454.414,1.824,-5410.579,-4.021
06/06/2026,2026-06-06,80,[18:45-19:00[,2026-06-06 17:45,1372.492,22326.808,16.267,12237.338,8.916,,,,,9485.7,6.911,2499.162,1.821,-1895.391,-1.381
06/06/2026,2026-06-06,81,[19:00-19:15[,2026-06-06 18:00,1387.555,21662.728,15.612,11110.963,8.008,,,,,8469.7,6.104,2475.561,1.784,-393.496,-0.284
06/06/2026,2026-06-06,82,[19:15-19:30[,2026-06-06 18:15,1414.729,22202.689,15.694,10121.4,7.154,,,,,6792.8,4.801,2486.338,1.757,2802.151,1.981
06/06/2026,2026-06-06,83,[19:30-19:45[,2026-06-06 18:30,1432.498,11177.957,7.803,8127.258,5.673,,,,,1457.5,1.017,2484.901,1.735,-891.702,-0.622
06/06/2026,2026-06-06,84,[19:45-20:00[,2026-06-06 18:45,1452.741,11251.974,7.745,7570.775,5.211,,,,,1713.5,1.179,2415.698,1.663,-447.999,-0.308
06/06/2026,2026-06-06,85,[20:00-20:15[,2026-06-06 19:00,1473.42,11432.391,7.759,7804.413,5.297,,,,,1773.4,1.204,2261.946,1.535,-407.368,-0.276
06/06/2026,2026-06-06,86,[20:15-20:30[,2026-06-06 19:15,1450.885,10986.128,7.572,7202.53,4.964,,,,,1479.4,1.02,2188.669,1.509,115.529,0.08
06/06/2026,2026-06-06,87,[20:30-20:45[,2026-06-06 19:30,1449.467,8200.838,5.658,6875.125,4.743,,,,,1234.8,0.852,2216.299,1.529,-2125.386,-1.466
06/06/2026,2026-06-06,88,[20:45-21:00[,2026-06-06 19:45,1474.846,10400.502,7.052,6875.889,4.662,,,,,1234.8,0.837,2354.834,1.597,-65.021,-0.044
06/06/2026,2026-06-06,89,[21:00-21:15[,2026-06-06 20:00,1487.061,9831.772,6.612,7105.258,4.778,,,,,1770,1.19,2310.08,1.553,-1353.566,-0.91
06/06/2026,2026-06-06,90,[21:15-21:30[,2026-06-06 20:15,1504.818,10643.936,7.073,7790.57,5.177,,,,,2484,1.651,2311.088,1.536,-1941.722,-1.29
06/06/2026,2026-06-06,91,[21:30-21:45[,2026-06-06 20:30,1481.116,10522.384,7.104,7835.793,5.29,,,,,2553,1.724,2262.093,1.527,-2128.502,-1.437
06/06/2026,2026-06-06,92,[21:45-22:00[,2026-06-06 20:45,1469.898,13443.434,9.146,9098.773,6.19,,,,,2553,1.737,2260.941,1.538,-469.28,-0.319
06/06/2026,2026-06-06,93,[22:00-22:15[,2026-06-06 21:00,1453.018,12372.753,8.515,9067.588,6.241,,,,,2671.4,1.839,2247.017,1.546,-1613.251,-1.11
06/06/2026,2026-06-06,94,[22:15-22:30[,2026-06-06 21:15,1417.897,13276.008,9.363,9120.037,6.432,,,,,2743.6,1.935,2235.949,1.577,-823.578,-0.581
06/06/2026,2026-06-06,95,[22:30-22:45[,2026-06-06 21:30,1413.676,15468.004,10.942,9311.284,6.587,,,,,2960.2,2.094,2434.411,1.722,762.109,0.539
06/06/2026,2026-06-06,96,[22:45-23:00[,2026-06-06 21:45,1393.324,13547.962,9.723,9437.188,6.773,,,,,3176.8,2.28,2407.431,1.728,-1473.457,-1.058
07/06/2026,2026-06-07,1,[23:00-23:15[,2026-06-06 22:00,1357.13,13028.144,9.6,9035.198,6.658,,,,,1178,0.868,2399.128,1.768,415.818,0.306
07/06/2026,2026-06-07,2,[23:15-23:30[,2026-06-06 22:15,1335.08,14569.793,10.913,9075.635,6.798,,,,,1302,0.975,2407.711,1.803,1784.447,1.337
07/06/2026,2026-06-07,3,[23:30-23:45[,2026-06-06 22:30,1316.262,12622.267,9.589,9130.02,6.936,,,,,1426,1.083,2406.874,1.829,-340.627,-0.259
07/06/2026,2026-06-07,4,[23:45-00:00[,2026-06-06 22:45,1275.839,12297.193,9.639,9219.708,7.226,,,,,1645.8,1.29,2404.422,1.885,-972.736,-0.762
07/06/2026,2026-06-07,5,[00:00-00:15[,2026-06-06 23:00,1262.872,13770.186,10.904,9240.61,7.317,,,,,1611.9,1.276,2403.918,1.904,513.758,0.407
07/06/2026,2026-06-07,6,[00:15-00:30[,2026-06-06 23:15,1246.579,13425.113,10.77,9240.512,7.413,,,,,1611.9,1.293,2463.927,1.977,108.774,0.087
07/06/2026,2026-06-07,7,[00:30-00:45[,2026-06-06 23:30,1222.55,13793.457,11.283,9278.929,7.59,,,,,1731.3,1.416,2466.983,2.018,316.245,0.259
07/06/2026,2026-06-07,8,[00:45-01:00[,2026-06-06 23:45,1208.03,13671.367,11.317,9316.029,7.712,,,,,1910.4,1.581,2465.983,2.041,-21.045,-0.017
07/06/2026,2026-06-07,9,[01:00-01:15[,2026-06-07 00:00,1193.116,13960.506,11.701,9395.844,7.875,,,,,1471.5,1.233,2465.47,2.066,627.692,0.526
07/06/2026,2026-06-07,10,[01:15-01:30[,2026-06-07 00:15,1178.429,13356.052,11.334,9395.844,7.973,,,,,1471.5,1.249,2464.473,2.091,24.235,0.021
07/06/2026,2026-06-07,11,[01:30-01:45[,2026-06-07 00:30,1158.101,13186.547,11.386,9397.833,8.115,,,,,1471.5,1.271,2468.342,2.131,-151.128,-0.13
07/06/2026,2026-06-07,12,[01:45-02:00[,2026-06-07 00:45,1145,13759.884,12.017,9424.261,8.231,,,,,1580.5,1.38,2470.267,2.157,284.856,0.249
07/06/2026,2026-06-07,13,[02:00-02:15[,2026-06-07 01:00,1139.143,12229.318,10.736,9397.486,8.25,,,,,711.2,0.624,2418.157,2.123,-297.525,-0.261
07/06/2026,2026-06-07,14,[02:15-02:30[,2026-06-07 01:15,1106.874,12141.78,10.969,9397.138,8.49,,,,,711.2,0.643,2354.755,2.127,-321.313,-0.29
07/06/2026,2026-06-07,15,[02:30-02:45[,2026-06-07 01:30,1087.765,12696.264,11.672,9394.8,8.637,,,,,711.2,0.654,2353.612,2.164,236.651,0.218
07/06/2026,2026-06-07,16,[02:45-03:00[,2026-06-07 01:45,1099.224,11564.937,10.521,9396.218,8.548,,,,,660.4,0.601,2354.25,2.142,-845.931,-0.77
07/06/2026,2026-06-07,17,[03:00-03:15[,2026-06-07 02:00,1101.238,12872.695,11.689,10094.457,9.166,,,,,602.4,0.547,2353.92,2.138,-178.081,-0.162
07/06/2026,2026-06-07,18,[03:15-03:30[,2026-06-07 02:15,1074.632,13799.353,12.841,10093.648,9.393,,,,,552.2,0.514,2352.942,2.19,800.563,0.745
07/06/2026,2026-06-07,19,[03:30-03:45[,2026-06-07 02:30,1084.103,13313.849,12.281,10088.432,9.306,,,,,401.6,0.37,2347.921,2.166,475.896,0.439
07/06/2026,2026-06-07,20,[03:45-04:00[,2026-06-07 02:45,1082.752,12134.344,11.207,10083.05,9.312,,,,,401.6,0.371,2333.839,2.155,-684.145,-0.632
07/06/2026,2026-06-07,21,[04:00-04:15[,2026-06-07 03:00,1068.132,13018.563,12.188,10088.862,9.445,,,,,414.4,0.388,2352.605,2.203,162.697,0.152
07/06/2026,2026-06-07,22,[04:15-04:30[,2026-06-07 03:15,1069.091,13236.439,12.381,10083.373,9.432,,,,,414.4,0.388,2353.574,2.201,385.092,0.36
07/06/2026,2026-06-07,23,[04:30-04:45[,2026-06-07 03:30,1069.669,12632.236,11.809,10082.758,9.426,,,,,414.4,0.387,2353.087,2.2,-218.009,-0.204
07/06/2026,2026-06-07,24,[04:45-05:00[,2026-06-07 03:45,1059.2,13690.917,12.926,10079.589,9.516,,,,,414.4,0.391,2352.276,2.221,844.652,0.797
07/06/2026,2026-06-07,25,[05:00-05:15[,2026-06-07 04:00,1070.578,10744.241,10.036,7943.394,7.42,,,,,414.4,0.387,2352.114,2.197,34.334,0.032
07/06/2026,2026-06-07,26,[05:15-05:30[,2026-06-07 04:15,1068.012,11283.186,10.565,7943.394,7.438,,,,,414.4,0.388,2350.819,2.201,574.574,0.538
07/06/2026,2026-06-07,27,[05:30-05:45[,2026-06-07 04:30,1054.412,10689.46,10.138,7943.282,7.533,,,,,414.4,0.393,2362.461,2.241,-30.683,-0.029
07/06/2026,2026-06-07,28,[05:45-06:00[,2026-06-07 04:45,1042.175,11022.455,10.576,7943.282,7.622,,,,,414.4,0.398,2382.987,2.287,281.787,0.27
07/06/2026,2026-06-07,29,[06:00-06:15[,2026-06-07 05:00,1049.262,9667.98,9.214,7899.479,7.529,,,,,452.8,0.432,2381.099,2.269,-1065.399,-1.015
07/06/2026,2026-06-07,30,[06:15-06:30[,2026-06-07 05:15,1049.336,11076.111,10.555,8156.92,7.773,,,,,452.8,0.432,2381.101,2.269,85.291,0.081
07/06/2026,2026-06-07,31,[06:30-06:45[,2026-06-07 05:30,1018.761,13889.724,13.634,8930.673,8.766,,,,,2249.6,2.208,2320.347,2.278,389.105,0.382
07/06/2026,2026-06-07,32,[06:45-07:00[,2026-06-07 05:45,1038.39,18898.694,18.2,10207.463,9.83,,,,,7068.6,6.807,2324.953,2.239,-702.321,-0.676
07/06/2026,2026-06-07,33,[07:00-07:15[,2026-06-07 06:00,1059.987,20945.627,19.76,10862.537,10.248,,,,,7564,7.136,2372.209,2.238,146.881,0.139
07/06/2026,2026-06-07,34,[07:15-07:30[,2026-06-07 06:15,1052.206,25018.647,23.777,12854.088,12.216,,,,,10600.8,10.075,2372.952,2.255,-809.192,-0.769
07/06/2026,2026-06-07,35,[07:30-07:45[,2026-06-07 06:30,1073.912,28716.258,26.74,15809.083,14.721,,,,,10506,9.783,2369.731,2.207,31.445,0.029
07/06/2026,2026-06-07,36,[07:45-08:00[,2026-06-07 06:45,1082,29005.769,26.808,16020.912,14.807,,,,,10511.6,9.715,2364.388,2.185,108.869,0.101
07/06/2026,2026-06-07,37,[08:00-08:15[,2026-06-07 07:00,1082.139,28510.617,26.347,16020.803,14.805,,,,,10140,9.37,2358.398,2.179,-8.583,-0.008
07/06/2026,2026-06-07,38,[08:15-08:30[,2026-06-07 07:15,1096.758,28612.673,26.088,16020.74,14.607,,,,,10140.2,9.246,2343.335,2.137,108.398,0.099
07/06/2026,2026-06-07,39,[08:30-08:45[,2026-06-07 07:30,1098.811,28359.345,25.809,16020.673,14.58,,,,,9987,9.089,2337.003,2.127,14.67,0.013
07/06/2026,2026-06-07,40,[08:45-09:00[,2026-06-07 07:45,1111.247,28359.536,25.52,16020.615,14.417,,,,,10020.8,9.018,2297.254,2.067,20.867,0.019
07/06/2026,2026-06-07,41,[09:00-09:15[,2026-06-07 08:00,1119.43,29034.604,25.937,16020.573,14.311,,,,,10833.4,9.678,2280.717,2.037,-100.086,-0.089
07/06/2026,2026-06-07,42,[09:15-09:30[,2026-06-07 08:15,1144.108,29189.435,25.513,16020.538,14.003,,,,,10833.4,9.469,2275.161,1.989,60.336,0.053
07/06/2026,2026-06-07,43,[09:30-09:45[,2026-06-07 08:30,1157.532,29086.787,25.128,16020.576,13.84,,,,,10884,9.403,2240.713,1.936,-58.501,-0.051
07/06/2026,2026-06-07,44,[09:45-10:00[,2026-06-07 08:45,1153.558,29210.386,25.322,16069.361,13.93,,,,,10901,9.45,2220.831,1.925,19.194,0.017
07/06/2026,2026-06-07,45,[10:00-10:15[,2026-06-07 09:00,1175.189,28808.315,24.514,16020.473,13.632,,,,,10449.1,8.891,2200.377,1.872,138.365,0.118
07/06/2026,2026-06-07,46,[10:15-10:30[,2026-06-07 09:15,1174.486,28485.323,24.253,16020.453,13.64,,,,,10167.1,8.657,2205.677,1.878,92.094,0.078
07/06/2026,2026-06-07,47,[10:30-10:45[,2026-06-07 09:30,1180.348,28667.527,24.287,16069.295,13.614,,,,,10680.4,9.049,2161.111,1.831,-243.278,-0.206
07/06/2026,2026-06-07,48,[10:45-11:00[,2026-06-07 09:45,1193.853,28991.615,24.284,16069.276,13.46,,,,,10714.2,8.974,2089.11,1.75,119.03,0.1
07/06/2026,2026-06-07,49,[11:00-11:15[,2026-06-07 10:00,1197.122,29363.887,24.529,16020.84,13.383,,,,,11137.8,9.304,2054.845,1.716,150.402,0.126
07/06/2026,2026-06-07,50,[11:15-11:30[,2026-06-07 10:15,1205.479,29366.924,24.361,16069.62,13.33,,,,,11137.8,9.239,2055.314,1.705,104.19,0.086
07/06/2026,2026-06-07,51,[11:30-11:45[,2026-06-07 10:30,1219.333,29349.645,24.07,16069.607,13.179,,,,,11154.8,9.148,2029.856,1.665,95.383,0.078
07/06/2026,2026-06-07,52,[11:45-12:00[,2026-06-07 10:45,1227.87,29504.444,24.029,16069.596,13.087,,,,,11138.2,9.071,2017.08,1.643,279.569,0.228
07/06/2026,2026-06-07,53,[12:00-12:15[,2026-06-07 11:00,1228.172,28082.599,22.865,16069.59,13.084,,,,,9915.9,8.074,2016.628,1.642,80.481,0.066
07/06/2026,2026-06-07,54,[12:15-12:30[,2026-06-07 11:15,1228.251,28056.557,22.843,16069.59,13.083,,,,,9932.7,8.087,2018.266,1.643,36.001,0.029
07/06/2026,2026-06-07,55,[12:30-12:45[,2026-06-07 11:30,1235.301,28553.904,23.115,16078.985,13.016,,,,,10376.6,8.4,2075.93,1.681,22.39,0.018
07/06/2026,2026-06-07,56,[12:45-13:00[,2026-06-07 11:45,1216.502,28537.232,23.458,16079.223,13.218,,,,,10393.6,8.544,2037.477,1.675,26.932,0.022
07/06/2026,2026-06-07,57,[13:00-13:15[,2026-06-07 12:00,1200.191,28090.603,23.405,16089.724,13.406,,,,,9966.2,8.304,2054.449,1.712,-19.77,-0.016
07/06/2026,2026-06-07,58,[13:15-13:30[,2026-06-07 12:15,1189.051,28054.764,23.594,16089.718,13.532,,,,,9966.2,8.382,2125.812,1.788,-126.965,-0.107
07/06/2026,2026-06-07,59,[13:30-13:45[,2026-06-07 12:30,1164.099,28085.197,24.126,16089.715,13.822,,,,,9966.2,8.561,2113.795,1.816,-84.513,-0.073
07/06/2026,2026-06-07,60,[13:45-14:00[,2026-06-07 12:45,1157.259,27405.253,23.681,16089.709,13.903,,,,,9966.2,8.612,2110.886,1.824,-761.542,-0.658
07/06/2026,2026-06-07,61,[14:00-14:15[,2026-06-07 13:00,1149.36,28136.583,24.48,16090.515,14,,,,,9966.2,8.671,2110.538,1.836,-30.67,-0.027
07/06/2026,2026-06-07,62,[14:15-14:30[,2026-06-07 13:15,1132.457,28057.721,24.776,16182.746,14.29,,,,,9966.2,8.801,2130.663,1.881,-221.888,-0.196
07/06/2026,2026-06-07,63,[14:30-14:45[,2026-06-07 13:30,1126.119,27441.196,24.368,16182.903,14.371,,,,,9547.4,8.478,2054.077,1.824,-343.185,-0.305
07/06/2026,2026-06-07,64,[14:45-15:00[,2026-06-07 13:45,1112.138,27579.409,24.799,16183.024,14.551,,,,,9859.2,8.865,2056.781,1.849,-519.597,-0.467
07/06/2026,2026-06-07,65,[15:00-15:15[,2026-06-07 14:00,1115.547,27699.897,24.831,16277.083,14.591,,,,,9932.6,8.904,2066.988,1.853,-576.774,-0.517
07/06/2026,2026-06-07,66,[15:15-15:30[,2026-06-07 14:15,1100.474,26795.034,24.349,16182.922,14.705,,,,,9915.9,9.011,2052.227,1.865,-1356.016,-1.232
07/06/2026,2026-06-07,67,[15:30-15:45[,2026-06-07 14:30,1098.181,13369.98,12.175,16182.983,14.736,,,,,9899.1,9.014,2064.502,1.88,-14776.605,-13.456
07/06/2026,2026-06-07,68,[15:45-16:00[,2026-06-07 14:45,1104.099,14817.895,13.421,16183.002,14.657,,,,,9882.4,8.951,2073.888,1.878,-13321.395,-12.065
07/06/2026,2026-06-07,69,[16:00-16:15[,2026-06-07 15:00,1095.555,29039.397,26.507,16232.02,14.816,,,,,11003,10.043,2093.606,1.911,-289.229,-0.264
07/06/2026,2026-06-07,70,[16:15-16:30[,2026-06-07 15:15,1106.232,28990.452,26.206,16182.958,14.629,,,,,11036.6,9.977,2106.911,1.905,-336.017,-0.304
07/06/2026,2026-06-07,71,[16:30-16:45[,2026-06-07 15:30,1120.282,29190.881,26.057,16097.7,14.369,,,,,11000.4,9.819,2121.236,1.893,-28.455,-0.025
07/06/2026,2026-06-07,72,[16:45-17:00[,2026-06-07 15:45,1114.225,29052.756,26.074,16089.871,14.44,,,,,10983.6,9.858,2112.072,1.896,-132.788,-0.119
07/06/2026,2026-06-07,73,[17:00-17:15[,2026-06-07 16:00,1142.633,29782.716,26.065,16089.895,14.081,,,,,11103,9.717,2248.507,1.968,341.314,0.299
07/06/2026,2026-06-07,74,[17:15-17:30[,2026-06-07 16:15,1161.619,28912.07,24.889,16088.038,13.85,,,,,11103,9.558,2281.33,1.964,-560.298,-0.482
07/06/2026,2026-06-07,75,[17:30-17:45[,2026-06-07 16:30,1177.913,29839.839,25.333,16010.255,13.592,,,,,11086.2,9.412,2292.091,1.946,451.293,0.383
07/06/2026,2026-06-07,76,[17:45-18:00[,2026-06-07 16:45,1208.788,30694.139,25.392,15954.84,13.199,,,,,11069.4,9.157,2318.63,1.918,1351.27,1.118
07/06/2026,2026-06-07,77,[18:00-18:15[,2026-06-07 17:00,1234.881,30179.985,24.44,15893.898,12.871,,,,,11777.6,9.537,2420.26,1.96,88.227,0.071
07/06/2026,2026-06-07,78,[18:15-18:30[,2026-06-07 17:15,1262.368,28783.564,22.801,14018.84,11.105,,,,,11286.8,8.941,2434.304,1.928,1043.621,0.827
07/06/2026,2026-06-07,79,[18:30-18:45[,2026-06-07 17:30,1298.439,29425.315,22.662,12650.074,9.743,,,,,11202.8,8.628,2421.147,1.865,3151.295,2.427
07/06/2026,2026-06-07,80,[18:45-19:00[,2026-06-07 17:45,1317.063,20483.665,15.553,10524.21,7.991,,,,,8167.2,6.201,2430.965,1.846,-638.71,-0.485
07/06/2026,2026-06-07,81,[19:00-19:15[,2026-06-07 18:00,1367.751,31655.564,23.144,11717.936,8.567,,,,,7340.6,5.367,2489.698,1.82,10107.33,7.39
07/06/2026,2026-06-07,82,[19:15-19:30[,2026-06-07 18:15,1389.478,12343.335,8.883,10576.586,7.612,,,,,2900.8,2.088,2490.196,1.792,-3624.247,-2.608
07/06/2026,2026-06-07,83,[19:30-19:45[,2026-06-07 18:30,1437.866,8474.097,5.894,8006.022,5.568,,,,,484.8,0.337,2490.044,1.732,-2506.769,-1.743
07/06/2026,2026-06-07,84,[19:45-20:00[,2026-06-07 18:45,1448.762,7361.354,5.081,6971.904,4.812,,,,,909,0.627,2476.124,1.709,-2995.673,-2.068
07/06/2026,2026-06-07,85,[20:00-20:15[,2026-06-07 19:00,1444.653,11901.614,8.238,7647.201,5.293,,,,,933,0.646,2385.185,1.651,936.229,0.648
07/06/2026,2026-06-07,86,[20:15-20:30[,2026-06-07 19:15,1461.055,10044.714,6.875,6590.345,4.511,,,,,933,0.639,2313.192,1.583,208.177,0.142
07/06/2026,2026-06-07,87,[20:30-20:45[,2026-06-07 19:30,1463.412,7458.799,5.097,6088.541,4.161,,,,,933,0.638,2273.13,1.553,-1835.872,-1.255
07/06/2026,2026-06-07,88,[20:45-21:00[,2026-06-07 19:45,1464.702,11114.395,7.588,5658.106,3.863,,,,,933,0.637,2263.811,1.546,2259.478,1.543
07/06/2026,2026-06-07,89,[21:00-21:15[,2026-06-07 20:00,1480.429,8638.07,5.835,5576.002,3.766,,,,,1086,0.734,2236.546,1.511,-260.478,-0.176
07/06/2026,2026-06-07,90,[21:15-21:30[,2026-06-07 20:15,1498.845,8909.835,5.944,5577.307,3.721,,,,,1086,0.725,2249.703,1.501,-3.175,-0.002
07/06/2026,2026-06-07,91,[21:30-21:45[,2026-06-07 20:30,1494.308,9069.097,6.069,5500.628,3.681,,,,,1086,0.727,2243.242,1.501,239.228,0.16
07/06/2026,2026-06-07,92,[21:45-22:00[,2026-06-07 20:45,1473.836,9116.682,6.186,6002.558,4.073,,,,,1086,0.737,2261.2,1.534,-233.076,-0.158
07/06/2026,2026-06-07,93,[22:00-22:15[,2026-06-07 21:00,1457.095,10120.988,6.946,7159.229,4.913,,,,,1140,0.782,2133.877,1.464,-312.118,-0.214
07/06/2026,2026-06-07,94,[22:15-22:30[,2026-06-07 21:15,1435.162,10982.822,7.653,8037.412,5.6,,,,,1140,0.794,2135.333,1.488,-329.923,-0.23
07/06/2026,2026-06-07,95,[22:30-22:45[,2026-06-07 21:30,1425.613,12371.3,8.678,8037.412,5.638,,,,,1140,0.8,2334.78,1.638,859.107,0.603
07/06/2026,2026-06-07,96,[22:45-23:00[,2026-06-07 21:45,1412.486,12695.125,8.988,8946.932,6.334,,,,,1140,0.807,2550.463,1.806,57.73,0.041
08/06/2026,2026-06-08,1,[23:00-23:15[,2026-06-07 22:00,1391.202,5651.395,4.062,7167.863,5.152,,,,,1254.6,0.902,2552.394,1.835,-5323.461,-3.827
08/06/2026,2026-06-08,2,[23:15-23:30[,2026-06-07 22:15,1347.674,11347.095,8.42,7728.468,5.735,,,,,1254.6,0.931,2551.888,1.894,-187.86,-0.139
08/06/2026,2026-06-08,3,[23:30-23:45[,2026-06-07 22:30,1322.776,12272.951,9.278,8018.068,6.062,,,,,1254.6,0.948,2546.882,1.925,453.402,0.343
08/06/2026,2026-06-08,4,[23:45-00:00[,2026-06-07 22:45,1307.971,12197.343,9.325,8653.55,6.616,,,,,1254.6,0.959,2547.635,1.948,-258.441,-0.198
08/06/2026,2026-06-08,5,[00:00-00:15[,2026-06-07 23:00,1270.846,12620.332,9.931,8791.247,6.918,,,,,1219.9,0.96,2724.758,2.144,-115.574,-0.091
08/06/2026,2026-06-08,6,[00:15-00:30[,2026-06-07 23:15,1256.234,12942.285,10.302,9196.097,7.32,,,,,1219.9,0.971,2751.833,2.191,-225.546,-0.18
08/06/2026,2026-06-08,7,[00:30-00:45[,2026-06-07 23:30,1245.449,14679.041,11.786,9281.845,7.453,,,,,1219.9,0.979,2793.182,2.243,1384.113,1.111
08/06/2026,2026-06-08,8,[00:45-01:00[,2026-06-07 23:45,1220.228,14139.152,11.587,9299.355,7.621,,,,,1219.9,1,2819.308,2.31,800.59,0.656
08/06/2026,2026-06-08,9,[01:00-01:15[,2026-06-08 00:00,1215.954,12445.216,10.235,9326.057,7.67,,,,,1076.9,0.886,2818.656,2.318,-776.396,-0.639
08/06/2026,2026-06-08,10,[01:15-01:30[,2026-06-08 00:15,1203.767,12777.309,10.614,9325.356,7.747,,,,,1076.9,0.895,2818.167,2.341,-443.113,-0.368
08/06/2026,2026-06-08,11,[01:30-01:45[,2026-06-08 00:30,1169.44,13533.475,11.573,9333.25,7.981,,,,,1076.9,0.921,2754.076,2.355,369.249,0.316
08/06/2026,2026-06-08,12,[01:45-02:00[,2026-06-08 00:45,1161.362,13227.942,11.39,9355.245,8.055,,,,,1076.9,0.927,2786.833,2.4,8.964,0.008
08/06/2026,2026-06-08,13,[02:00-02:15[,2026-06-08 01:00,1161.799,11262.33,9.694,9332.907,8.033,,,,,945,0.813,2713.764,2.336,-1729.341,-1.489
08/06/2026,2026-06-08,14,[02:15-02:30[,2026-06-08 01:15,1155.715,12075.761,10.449,9332.907,8.075,,,,,945,0.818,2771.627,2.398,-973.773,-0.843
08/06/2026,2026-06-08,15,[02:30-02:45[,2026-06-08 01:30,1135.86,13099.627,11.533,9333.25,8.217,,,,,945,0.832,2771.949,2.44,49.428,0.044
08/06/2026,2026-06-08,16,[02:45-03:00[,2026-06-08 01:45,1126.268,12984.076,11.528,9325.356,8.28,,,,,945,0.839,2771.137,2.46,-57.417,-0.051
08/06/2026,2026-06-08,17,[03:00-03:15[,2026-06-08 02:00,1137.24,11922.385,10.484,9356.395,8.227,,,,,945,0.831,2761.034,2.428,-1140.044,-1.002
08/06/2026,2026-06-08,18,[03:15-03:30[,2026-06-08 02:15,1119.151,13981.761,12.493,9334.093,8.34,,,,,945,0.844,2729.941,2.439,972.727,0.869
08/06/2026,2026-06-08,19,[03:30-03:45[,2026-06-08 02:30,1114.624,12993.871,11.658,9320.631,8.362,,,,,945,0.848,2770.456,2.486,-42.217,-0.038
08/06/2026,2026-06-08,20,[03:45-04:00[,2026-06-08 02:45,1121.213,12932.592,11.534,9296.872,8.292,,,,,945,0.843,2769.321,2.47,-78.601,-0.07
08/06/2026,2026-06-08,21,[04:00-04:15[,2026-06-08 03:00,1104.903,12985.19,11.752,9336.613,8.45,,,,,1067.4,0.966,2768.835,2.506,-187.659,-0.17
08/06/2026,2026-06-08,22,[04:15-04:30[,2026-06-08 03:15,1112.838,13269.386,11.924,9301.148,8.358,,,,,1067.4,0.959,2679.711,2.408,221.127,0.199
08/06/2026,2026-06-08,23,[04:30-04:45[,2026-06-08 03:30,1119.04,13887.221,12.41,9276.211,8.289,,,,,1067.4,0.954,2749.462,2.457,794.148,0.71
08/06/2026,2026-06-08,24,[04:45-05:00[,2026-06-08 03:45,1101.146,17382.462,15.786,8760.002,7.955,,,,,1067.4,0.969,2755.98,2.503,4799.08,4.358
08/06/2026,2026-06-08,25,[05:00-05:15[,2026-06-08 04:00,1129.144,11105.672,9.835,8333.9,7.381,,,,,1071.2,0.949,2841.144,2.516,-1140.572,-1.01
08/06/2026,2026-06-08,26,[05:15-05:30[,2026-06-08 04:15,1138.707,11218.408,9.852,7508.788,6.594,,,,,1071.2,0.941,2842.444,2.496,-204.023,-0.179
08/06/2026,2026-06-08,27,[05:30-05:45[,2026-06-08 04:30,1125.847,8075.263,7.173,7082,6.29,,,,,1071.2,0.951,2843.766,2.526,-2921.703,-2.595
08/06/2026,2026-06-08,28,[05:45-06:00[,2026-06-08 04:45,1132.587,9847.254,8.694,6945.463,6.132,,,,,1071.2,0.946,2790.7,2.464,-960.109,-0.848
08/06/2026,2026-06-08,29,[06:00-06:15[,2026-06-08 05:00,1171.099,10422.624,8.9,6093.53,5.203,,,,,1215.6,1.038,2798.951,2.39,314.543,0.269
08/06/2026,2026-06-08,30,[06:15-06:30[,2026-06-08 05:15,1209.929,11693.478,9.665,6940.99,5.737,,,,,1215.6,1.005,2842.476,2.349,694.412,0.574
08/06/2026,2026-06-08,31,[06:30-06:45[,2026-06-08 05:30,1227.591,12126.368,9.878,8295.947,6.758,,,,,1215.6,0.99,2843.149,2.316,-228.328,-0.186
08/06/2026,2026-06-08,32,[06:45-07:00[,2026-06-08 05:45,1258.189,13817.39,10.982,9558.882,7.597,,,,,1215.6,0.966,2842.688,2.259,200.22,0.159
08/06/2026,2026-06-08,33,[07:00-07:15[,2026-06-08 06:00,1316.149,11115.514,8.445,8382.187,6.369,,,,,1250.8,0.95,2762.111,2.099,-1279.584,-0.972
08/06/2026,2026-06-08,34,[07:15-07:30[,2026-06-08 06:15,1343.149,12273.281,9.138,9680.362,7.207,,,,,1250.8,0.931,2721.753,2.026,-1379.634,-1.027
08/06/2026,2026-06-08,35,[07:30-07:45[,2026-06-08 06:30,1370.45,12618.453,9.208,9807.304,7.156,,,,,1250.8,0.913,2783.739,2.031,-1223.39,-0.893
08/06/2026,2026-06-08,36,[07:45-08:00[,2026-06-08 06:45,1417.775,14406.621,10.161,11266.014,7.946,,,,,1392,0.982,2808.57,1.981,-1059.964,-0.748
08/06/2026,2026-06-08,37,[08:00-08:15[,2026-06-08 07:00,1467.173,13162.509,8.971,9641.887,6.572,,,,,1392,0.949,2752.031,1.876,-623.409,-0.425
08/06/2026,2026-06-08,38,[08:15-08:30[,2026-06-08 07:15,1488.18,21947.849,14.748,12224.303,8.214,,,,,1392,0.935,2735.849,1.838,5595.698,3.76
08/06/2026,2026-06-08,39,[08:30-08:45[,2026-06-08 07:30,1525.856,34452.167,22.579,12799.154,8.388,,,,,8319.1,5.452,2801.65,1.836,10532.264,6.903
08/06/2026,2026-06-08,40,[08:45-09:00[,2026-06-08 07:45,1537.944,39306.149,25.558,14645.638,9.523,,,1075.344,0.699,8404.26,5.465,2808.43,1.826,12372.478,8.045
08/06/2026,2026-06-08,41,[09:00-09:15[,2026-06-08 08:00,1552.338,28546.619,18.389,13657.152,8.798,,,,,9070.6,5.843,2748.47,1.771,3070.396,1.978
08/06/2026,2026-06-08,42,[09:15-09:30[,2026-06-08 08:15,1527.724,30827.929,20.179,14814.318,9.697,,,,,8884.3,5.815,2506.193,1.64,4623.118,3.026
08/06/2026,2026-06-08,43,[09:30-09:45[,2026-06-08 08:30,1535.324,34642.069,22.563,14715.196,9.584,,,,,8915.2,5.807,2561.461,1.668,8450.212,5.504
08/06/2026,2026-06-08,44,[09:45-10:00[,2026-06-08 08:45,1523.821,29787.333,19.548,14972.174,9.825,,,,,9068.3,5.951,2513.273,1.649,3233.585,2.122
08/06/2026,2026-06-08,45,[10:00-10:15[,2026-06-08 09:00,1493.075,26169.473,17.527,14800.873,9.913,,,,,9016.96,6.039,2472.215,1.656,-120.575,-0.081
08/06/2026,2026-06-08,46,[10:15-10:30[,2026-06-08 09:15,1496.245,27839.865,18.606,14951.801,9.993,,,,,9006.8,6.02,2391.65,1.598,1489.615,0.996
08/06/2026,2026-06-08,47,[10:30-10:45[,2026-06-08 09:30,1489.831,27589.232,18.518,15548.867,10.437,,,,,9601.74,6.445,2356.967,1.582,81.658,0.055
08/06/2026,2026-06-08,48,[10:45-11:00[,2026-06-08 09:45,1497.275,29029.244,19.388,15698.758,10.485,,,,,10866.42,7.257,2377.121,1.588,86.945,0.058
08/06/2026,2026-06-08,49,[11:00-11:15[,2026-06-08 10:00,1483.209,27744.477,18.706,15313.125,10.324,,,,,10003.65,6.745,2363.978,1.594,63.724,0.043
08/06/2026,2026-06-08,50,[11:15-11:30[,2026-06-08 10:15,1487.913,28365.011,19.064,15623.78,10.5,,,,,10242.6,6.884,2347.013,1.577,151.618,0.102
08/06/2026,2026-06-08,51,[11:30-11:45[,2026-06-08 10:30,1496.713,27975.638,18.691,15599.972,10.423,,,,,10240.76,6.842,2300.905,1.537,-165.999,-0.111
08/06/2026,2026-06-08,52,[11:45-12:00[,2026-06-08 10:45,1482.503,26997.905,18.211,15713.054,10.599,,,,,10361.3,6.989,2311.425,1.559,-1387.874,-0.936
08/06/2026,2026-06-08,53,[12:00-12:15[,2026-06-08 11:00,1472.878,27550.093,18.705,15775.227,10.71,,,,,9423.21,6.398,2292.078,1.556,59.578,0.04
08/06/2026,2026-06-08,54,[12:15-12:30[,2026-06-08 11:15,1481.233,24374.818,16.456,16078.703,10.855,,,,,6123.6,4.134,2267.897,1.531,-95.382,-0.064
08/06/2026,2026-06-08,55,[12:30-12:45[,2026-06-08 11:30,1435.763,25224.263,17.569,16101.894,11.215,,,,,6935,4.83,2238.821,1.559,-51.453,-0.036
08/06/2026,2026-06-08,56,[12:45-13:00[,2026-06-08 11:45,1438.416,25601.186,17.798,16104.038,11.196,,,,,6881,4.784,2319.241,1.612,296.907,0.206
08/06/2026,2026-06-08,57,[13:00-13:15[,2026-06-08 12:00,1433.585,25033.539,17.462,16103.81,11.233,,,,,6146,4.287,2336.996,1.63,446.733,0.312
08/06/2026,2026-06-08,58,[13:15-13:30[,2026-06-08 12:15,1425.691,25157.319,17.646,16126.073,11.311,,,,,6350.8,4.455,2334.067,1.637,346.379,0.243
08/06/2026,2026-06-08,59,[13:30-13:45[,2026-06-08 12:30,1439.732,26209.861,18.205,16134.458,11.207,,,,,6350.8,4.411,2283.769,1.586,1440.834,1.001
08/06/2026,2026-06-08,60,[13:45-14:00[,2026-06-08 12:45,1434.982,27586.475,19.224,16149.362,11.254,,,,,6335,4.415,2257.791,1.573,2844.322,1.982
08/06/2026,2026-06-08,61,[14:00-14:15[,2026-06-08 13:00,1442.949,26314.01,18.236,16180.096,11.213,,,,,6335,4.39,2293.769,1.59,1505.145,1.043
08/06/2026,2026-06-08,62,[14:15-14:30[,2026-06-08 13:15,1455.479,26420.501,18.152,16226.375,11.148,,,,,6335,4.353,2330.821,1.601,1528.305,1.05
08/06/2026,2026-06-08,63,[14:30-14:45[,2026-06-08 13:30,1450.163,25868.41,17.838,16227.276,11.19,,,,,6610.4,4.558,2406.554,1.66,624.181,0.43
08/06/2026,2026-06-08,64,[14:45-15:00[,2026-06-08 13:45,1452.81,25785.75,17.749,16227.283,11.17,,,,,6610.4,4.55,2424.503,1.669,523.564,0.36
08/06/2026,2026-06-08,65,[15:00-15:15[,2026-06-08 14:00,1444.771,35609.97,24.647,16227.315,11.232,,,,,6312.2,4.369,2421.562,1.676,10648.894,7.371
08/06/2026,2026-06-08,66,[15:15-15:30[,2026-06-08 14:15,1444.512,34165.452,23.652,16227.325,11.234,,,,,6312.2,4.37,2480.363,1.717,9145.564,6.331
08/06/2026,2026-06-08,67,[15:30-15:45[,2026-06-08 14:30,1443.258,33373.498,23.124,16227.321,11.244,,,,,6305.2,4.369,2497.434,1.73,8343.543,5.781
08/06/2026,2026-06-08,68,[15:45-16:00[,2026-06-08 14:45,1443.095,33915.606,23.502,16226.427,11.244,,,,,6305.2,4.369,2525.997,1.75,8857.983,6.138
08/06/2026,2026-06-08,69,[16:00-16:15[,2026-06-08 15:00,1439.034,30932.226,21.495,16161.492,11.231,,,,,9161.3,6.366,2469.464,1.716,3139.97,2.182
08/06/2026,2026-06-08,70,[16:15-16:30[,2026-06-08 15:15,1461.613,45287.223,30.984,16149.451,11.049,,,,,9145.3,6.257,2443.224,1.672,17549.248,12.007
08/06/2026,2026-06-08,71,[16:30-16:45[,2026-06-08 15:30,1466.318,47710.179,32.537,16149.451,11.014,,,,,10476.08,7.144,2532.471,1.727,18552.177,12.652
08/06/2026,2026-06-08,72,[16:45-17:00[,2026-06-08 15:45,1487.809,42515.157,28.576,15843.105,10.649,,,,,10377,6.975,2423.778,1.629,13871.274,9.323
08/06/2026,2026-06-08,73,[17:00-17:15[,2026-06-08 16:00,1493.193,26595.271,17.811,15841.996,10.609,,,,,10262.12,6.873,2344.573,1.57,-1853.417,-1.241
08/06/2026,2026-06-08,74,[17:15-17:30[,2026-06-08 16:15,1493.97,28107.945,18.814,15686.551,10.5,,,,,10217.42,6.839,2375.116,1.59,-171.142,-0.115
08/06/2026,2026-06-08,75,[17:30-17:45[,2026-06-08 16:30,1508.297,28497.181,18.894,15475.181,10.26,,,,,10079.08,6.682,2422.449,1.606,520.471,0.345
08/06/2026,2026-06-08,76,[17:45-18:00[,2026-06-08 16:45,1529.769,26149.662,17.094,15205.377,9.94,,,,,9408.64,6.15,2279.497,1.49,-743.852,-0.486
08/06/2026,2026-06-08,77,[18:00-18:15[,2026-06-08 17:00,1541.949,29049.532,18.839,15467.34,10.031,,,,,10002.15,6.487,2300.902,1.492,1279.141,0.83
08/06/2026,2026-06-08,78,[18:15-18:30[,2026-06-08 17:15,1571.518,26063.31,16.585,14428.256,9.181,,,,,9603.4,6.111,2276.938,1.449,-245.284,-0.156
08/06/2026,2026-06-08,79,[18:30-18:45[,2026-06-08 17:30,1604.63,25428.639,15.847,13035.205,8.123,,,,,9369.4,5.839,2320.598,1.446,703.436,0.438
08/06/2026,2026-06-08,80,[18:45-19:00[,2026-06-08 17:45,1638.423,19207.125,11.723,12195.461,7.443,,,,,4279.1,2.612,2334.195,1.425,398.369,0.243
08/06/2026,2026-06-08,81,[19:00-19:15[,2026-06-08 18:00,1671.654,15601.627,9.333,11307.056,6.764,,,,,1353.6,0.81,2377.391,1.422,563.58,0.337
08/06/2026,2026-06-08,82,[19:15-19:30[,2026-06-08 18:15,1697.363,11722.753,6.906,10284.893,6.059,,,,,1353.6,0.797,2360.91,1.391,-2276.649,-1.341
08/06/2026,2026-06-08,83,[19:30-19:45[,2026-06-08 18:30,1729.572,12104.933,6.999,9770.678,5.649,,,,,1353.6,0.783,2379.313,1.376,-1398.658,-0.809
08/06/2026,2026-06-08,84,[19:45-20:00[,2026-06-08 18:45,1750.165,12478.57,7.13,8892.067,5.081,,,,,1353.6,0.773,2387.182,1.364,-154.278,-0.088
08/06/2026,2026-06-08,85,[20:00-20:15[,2026-06-08 19:00,1758.714,10614.125,6.035,8661.797,4.925,,,,,1454.4,0.827,2392.37,1.36,-1894.442,-1.077
08/06/2026,2026-06-08,86,[20:15-20:30[,2026-06-08 19:15,1761.869,7876.785,4.471,7074.132,4.015,,,,,1454.4,0.825,2375.456,1.348,-3027.203,-1.718
08/06/2026,2026-06-08,87,[20:30-20:45[,2026-06-08 19:30,1746.453,10432.955,5.974,6837.056,3.915,,,,,1454.4,0.833,2341.089,1.34,-199.59,-0.114
08/06/2026,2026-06-08,88,[20:45-21:00[,2026-06-08 19:45,1741.491,11154.021,6.405,6892.44,3.958,,,,,1454.4,0.835,2381.094,1.367,426.086,0.245
08/06/2026,2026-06-08,89,[21:00-21:15[,2026-06-08 20:00,1739.955,11816.707,6.791,7310.5,4.202,,,,,1584,0.91,2382.721,1.369,539.486,0.31
08/06/2026,2026-06-08,90,[21:15-21:30[,2026-06-08 20:15,1747.094,11414.621,6.533,7659.965,4.384,,,,,1584,0.907,2383.063,1.364,-212.406,-0.122
08/06/2026,2026-06-08,91,[21:30-21:45[,2026-06-08 20:30,1724.685,11828.861,6.859,8460.6,4.906,,,,,1584,0.918,2340.77,1.357,-556.509,-0.323
08/06/2026,2026-06-08,92,[21:45-22:00[,2026-06-08 20:45,1694.825,12089.992,7.133,8975.314,5.296,,,,,1584,0.935,2364.066,1.395,-833.388,-0.492
08/06/2026,2026-06-08,93,[22:00-22:15[,2026-06-08 21:00,1661.027,11952.234,7.196,9087.723,5.471,,,,,1665.6,1.003,2402.376,1.446,-1203.464,-0.725
08/06/2026,2026-06-08,94,[22:15-22:30[,2026-06-08 21:15,1630.339,12969.786,7.955,9168.713,5.624,,,,,1665.6,1.022,2391.949,1.467,-256.475,-0.157
08/06/2026,2026-06-08,95,[22:30-22:45[,2026-06-08 21:30,1596.187,12876.233,8.067,9626.051,6.031,,,,,1665.6,1.043,2307.648,1.446,-723.066,-0.453
08/06/2026,2026-06-08,96,[22:45-23:00[,2026-06-08 21:45,1555.826,13745.283,8.835,10348.812,6.652,,,,,1665.6,1.071,2302.085,1.48,-571.215,-0.367
09/06/2026,2026-06-09,1,[23:00-23:15[,2026-06-08 22:00,1528.113,12648.158,8.277,9437.119,6.176,,,,,1407.9,0.921,2558.313,1.674,-755.173,-0.494
09/06/2026,2026-06-09,2,[23:15-23:30[,2026-06-08 22:15,1501.544,14238.135,9.482,9867.384,6.571,,,,,1407.9,0.938,2653.29,1.767,309.561,0.206
09/06/2026,2026-06-09,3,[23:30-23:45[,2026-06-08 22:30,1470.334,13902.087,9.455,9997.847,6.8,,,,,1407.9,0.958,2714.609,1.846,-218.269,-0.148
09/06/2026,2026-06-09,4,[23:45-00:00[,2026-06-08 22:45,1430.384,14939.266,10.444,10071.961,7.041,,,,,1407.9,0.984,2720.717,1.902,738.688,0.516
09/06/2026,2026-06-09,5,[00:00-00:15[,2026-06-08 23:00,1423.704,14271.145,10.024,10111.161,7.102,,,,,1394.7,0.98,2838.23,1.994,-72.945,-0.051
09/06/2026,2026-06-09,6,[00:15-00:30[,2026-06-08 23:15,1406.339,12174.207,8.657,10167.812,7.23,,,,,1394.7,0.992,2765.847,1.967,-2154.152,-1.532
09/06/2026,2026-06-09,7,[00:30-00:45[,2026-06-08 23:30,1378.259,14259.227,10.346,10176.015,7.383,,,,,1394.7,1.012,2822.175,2.048,-133.664,-0.097
09/06/2026,2026-06-09,8,[00:45-01:00[,2026-06-08 23:45,1360.143,13364.874,9.826,10178.174,7.483,,,,,1394.7,1.025,2843.181,2.09,-1051.18,-0.773
09/06/2026,2026-06-09,9,[01:00-01:15[,2026-06-09 00:00,1331.949,13846.33,10.396,10181.991,7.644,,,,,1320.2,0.991,2843.789,2.135,-499.65,-0.375
09/06/2026,2026-06-09,10,[01:15-01:30[,2026-06-09 00:15,1295.642,14229.619,10.983,10188.513,7.864,,,,,1320.2,1.019,2763.621,2.133,-42.715,-0.033
09/06/2026,2026-06-09,11,[01:30-01:45[,2026-06-09 00:30,1286.057,14703.572,11.433,10193.318,7.926,,,,,1320.2,1.027,2845.286,2.212,344.768,0.268
09/06/2026,2026-06-09,12,[01:45-02:00[,2026-06-09 00:45,1268.029,14257.932,11.244,10193.969,8.039,,,,,1320.2,1.041,2669.772,2.105,73.991,0.058
09/06/2026,2026-06-09,13,[02:00-02:15[,2026-06-09 01:00,1279.594,9654.256,7.545,10331.038,8.074,,,,,1191.2,0.931,2795.426,2.185,-4663.408,-3.644
09/06/2026,2026-06-09,14,[02:15-02:30[,2026-06-09 01:15,1261.408,10353.764,8.208,10332.512,8.191,,,,,1191.2,0.944,2723.949,2.159,-3893.897,-3.087
09/06/2026,2026-06-09,15,[02:30-02:45[,2026-06-09 01:30,1247.984,14451.966,11.58,10333.574,8.28,,,,,1191.2,0.954,2796.296,2.241,130.896,0.105
09/06/2026,2026-06-09,16,[02:45-03:00[,2026-06-09 01:45,1246.285,14212.743,11.404,10333.909,8.292,,,,,1191.2,0.956,2796.528,2.244,-108.894,-0.087
09/06/2026,2026-06-09,17,[03:00-03:15[,2026-06-09 02:00,1246.799,14210.134,11.397,10335.789,8.29,,,,,1184.3,0.95,2794.577,2.241,-104.532,-0.084
09/06/2026,2026-06-09,18,[03:15-03:30[,2026-06-09 02:15,1225.828,14247.871,11.623,10335.461,8.431,,,,,1184.3,0.966,2732.841,2.229,-4.73,-0.004
09/06/2026,2026-06-09,19,[03:30-03:45[,2026-06-09 02:30,1222.752,14567.041,11.913,10335.596,8.453,,,,,1184.3,0.969,2792.747,2.284,254.398,0.208
09/06/2026,2026-06-09,20,[03:45-04:00[,2026-06-09 02:45,1228.413,14204.321,11.563,10334.54,8.413,,,,,1184.3,0.964,2794.83,2.275,-109.349,-0.089
09/06/2026,2026-06-09,21,[04:00-04:15[,2026-06-09 03:00,1208.965,11582.503,9.581,10333.949,8.548,,,,,1202.7,0.995,2793.613,2.311,-2747.759,-2.273
09/06/2026,2026-06-09,22,[04:15-04:30[,2026-06-09 03:15,1196.858,15143.253,12.653,10333.058,8.633,,,,,1202.7,1.005,2793.289,2.334,814.206,0.68
09/06/2026,2026-06-09,23,[04:30-04:45[,2026-06-09 03:30,1197.952,13409.198,11.193,10332.114,8.625,,,,,1202.7,1.004,2683.648,2.24,-809.264,-0.676
09/06/2026,2026-06-09,24,[04:45-05:00[,2026-06-09 03:45,1198.432,14722.173,12.285,10330.507,8.62,,,,,1202.7,1.004,2739.825,2.286,449.141,0.375
09/06/2026,2026-06-09,25,[05:00-05:15[,2026-06-09 04:00,1201.654,13440.626,11.185,10297.768,8.57,,,,,1308.7,1.089,2730.786,2.273,-896.628,-0.746
09/06/2026,2026-06-09,26,[05:15-05:30[,2026-06-09 04:15,1211.351,13775.529,11.372,10259.303,8.469,,,,,1205,0.995,2635.112,2.175,-323.885,-0.267
09/06/2026,2026-06-09,27,[05:30-05:45[,2026-06-09 04:30,1207.195,13114.806,10.864,9783.849,8.105,,,,,1205,0.998,2535.729,2.101,-409.772,-0.339
09/06/2026,2026-06-09,28,[05:45-06:00[,2026-06-09 04:45,1216.131,14138.503,11.626,9284.908,7.635,,,,,1205,0.991,2691.536,2.213,957.059,0.787
09/06/2026,2026-06-09,29,[06:00-06:15[,2026-06-09 05:00,1242.924,10519.515,8.464,8269.105,6.653,,,,,1377.1,1.108,2690.639,2.165,-1817.329,-1.462
09/06/2026,2026-06-09,30,[06:15-06:30[,2026-06-09 05:15,1261.714,11367.981,9.01,8938.796,7.085,,,,,1377.1,1.091,2781.177,2.204,-1729.092,-1.37
09/06/2026,2026-06-09,31,[06:30-06:45[,2026-06-09 05:30,1291.468,11108.371,8.601,10197.365,7.896,,,,,1377.1,1.066,2674.806,2.071,-3140.899,-2.432
09/06/2026,2026-06-09,32,[06:45-07:00[,2026-06-09 05:45,1311.246,13902.9,10.603,10193.913,7.774,,,,,1377.1,1.05,2690.803,2.052,-358.916,-0.274
09/06/2026,2026-06-09,33,[07:00-07:15[,2026-06-09 06:00,1366.485,14599.941,10.684,10084.97,7.38,,,,,1465.1,1.072,2687.058,1.966,362.813,0.266
09/06/2026,2026-06-09,34,[07:15-07:30[,2026-06-09 06:15,1404.481,16246.597,11.568,12209.725,8.693,,,,,1430.6,1.019,2721.614,1.938,-115.342,-0.082
09/06/2026,2026-06-09,35,[07:30-07:45[,2026-06-09 06:30,1435.113,29049.067,20.242,13038.163,9.085,,,,,12779.2,8.905,2785.094,1.941,446.611,0.311
09/06/2026,2026-06-09,36,[07:45-08:00[,2026-06-09 06:45,1470.344,53705.458,36.526,15491.913,10.536,,,,,12779.2,8.691,2702.564,1.838,22731.782,15.46
09/06/2026,2026-06-09,37,[08:00-08:15[,2026-06-09 07:00,1526.047,59521.445,39.004,15510.663,10.164,,,,,11800.7,7.733,2591.442,1.698,29618.64,19.409
09/06/2026,2026-06-09,38,[08:15-08:30[,2026-06-09 07:15,1557.54,45498.574,29.212,16241.913,10.428,,,,,11867.1,7.619,2596.518,1.667,14793.043,9.498
09/06/2026,2026-06-09,39,[08:30-08:45[,2026-06-09 07:30,1575.336,59490.693,37.764,16284.1,10.337,,,,,11839.92,7.516,2730.727,1.733,28635.946,18.178
09/06/2026,2026-06-09,40,[08:45-09:00[,2026-06-09 07:45,1564.357,56011.82,35.805,16307.538,10.424,,,,,12016.86,7.682,2737.579,1.75,24949.844,15.949
09/06/2026,2026-06-09,41,[09:00-09:15[,2026-06-09 08:00,1573.833,57092.546,36.276,16283.875,10.347,,,,,12527.6,7.96,2823.142,1.794,25457.928,16.176
09/06/2026,2026-06-09,42,[09:15-09:30[,2026-06-09 08:15,1563.432,58111.42,37.169,16313.875,10.435,,,,,12130.72,7.759,2821.953,1.805,26844.871,17.17
09/06/2026,2026-06-09,43,[09:30-09:45[,2026-06-09 08:30,1553.104,56849.57,36.604,16353.25,10.529,,,,,12606,8.117,2806.791,1.807,25083.53,16.151
09/06/2026,2026-06-09,44,[09:45-10:00[,2026-06-09 08:45,1545.124,42458.433,27.479,16313.875,10.558,,,,,12457.02,8.062,2822.041,1.826,10865.497,7.032
09/06/2026,2026-06-09,45,[10:00-10:15[,2026-06-09 09:00,1516.242,30700.433,20.248,16260.438,10.724,,,,,11551.43,7.618,2685.289,1.771,203.276,0.134
09/06/2026,2026-06-09,46,[10:15-10:30[,2026-06-09 09:15,1515.759,30051.337,19.826,16260.438,10.728,,,,,11605.64,7.657,2385.716,1.574,-200.456,-0.132
09/06/2026,2026-06-09,47,[10:30-10:45[,2026-06-09 09:30,1510.043,29894.903,19.797,16283.875,10.784,,,,,11578.9,7.668,2438.984,1.615,-406.857,-0.269
09/06/2026,2026-06-09,48,[10:45-11:00[,2026-06-09 09:45,1495.802,30067.168,20.101,16307.313,10.902,,,,,11633.2,7.777,2468.532,1.65,-341.877,-0.229
09/06/2026,2026-06-09,49,[11:00-11:15[,2026-06-09 10:00,1504.437,30314.754,20.15,16189.413,10.761,,,,,11579.2,7.697,2409.309,1.601,136.833,0.091
09/06/2026,2026-06-09,50,[11:15-11:30[,2026-06-09 10:15,1499,30408.254,20.286,16260.663,10.848,,,,,11598.8,7.738,2305.762,1.538,243.03,0.162
09/06/2026,2026-06-09,51,[11:30-11:45[,2026-06-09 10:30,1501.26,30478.59,20.302,16260.663,10.831,,,,,11702.6,7.795,2254.502,1.502,260.825,0.174
09/06/2026,2026-06-09,52,[11:45-12:00[,2026-06-09 10:45,1499.383,30606.784,20.413,16284.1,10.861,,,,,11717.7,7.815,2338.372,1.56,266.612,0.178
09/06/2026,2026-06-09,53,[12:00-12:15[,2026-06-09 11:00,1475.01,28358.682,19.226,16314.1,11.06,,,,,9891.97,6.706,2437.704,1.653,-285.092,-0.193
09/06/2026,2026-06-09,54,[12:15-12:30[,2026-06-09 11:15,1493.08,28880.248,19.343,16354.413,10.953,,,,,9891.97,6.625,2490.151,1.668,143.715,0.096
09/06/2026,2026-06-09,55,[12:30-12:45[,2026-06-09 11:30,1475.916,28423.791,19.258,16355.35,11.081,,,,,9909.07,6.714,2471.73,1.675,-312.359,-0.212
09/06/2026,2026-06-09,56,[12:45-13:00[,2026-06-09 11:45,1432.761,28625.959,19.98,16356.27,11.416,,,,,9909.07,6.916,2290.821,1.599,69.797,0.049
09/06/2026,2026-06-09,57,[13:00-13:15[,2026-06-09 12:00,1429.342,28500.653,19.94,16358.309,11.445,,,,,9909.07,6.933,2326.735,1.628,-93.462,-0.065
09/06/2026,2026-06-09,58,[13:15-13:30[,2026-06-09 12:15,1424.931,28625.233,20.089,16444.915,11.541,,,,,9924.08,6.965,2288.866,1.606,-32.628,-0.023
09/06/2026,2026-06-09,59,[13:30-13:45[,2026-06-09 12:30,1437.557,28069.445,19.526,16454.29,11.446,,,,,9807,6.822,2402.274,1.671,-594.119,-0.413
09/06/2026,2026-06-09,60,[13:45-14:00[,2026-06-09 12:45,1418.611,1510.059,1.064,16454.29,11.599,,,,,9824.1,6.925,2188.925,1.543,-26957.256,-19.003
09/06/2026,2026-06-09,61,[14:00-14:15[,2026-06-09 13:00,1448.986,28709.41,19.813,16454.29,11.356,,,,,9926.17,6.85,2312.101,1.596,16.849,0.012
09/06/2026,2026-06-09,62,[14:15-14:30[,2026-06-09 13:15,1468.159,28269.527,19.255,16454.29,11.207,,,,,9926.17,6.761,2263.674,1.542,-374.608,-0.255
09/06/2026,2026-06-09,63,[14:30-14:45[,2026-06-09 13:30,1470.261,28789.375,19.581,16454.29,11.191,,,,,9926.17,6.751,2336.336,1.589,72.579,0.049
09/06/2026,2026-06-09,64,[14:45-15:00[,2026-06-09 13:45,1456.377,-29656.731,-20.363,16454.29,11.298,,,,,9926.17,6.816,2327.548,1.598,-58364.739,-40.075
09/06/2026,2026-06-09,65,[15:00-15:15[,2026-06-09 14:00,1455.472,28304.203,19.447,16457.103,11.307,,,,,9912.14,6.81,2291.786,1.575,-356.826,-0.245
09/06/2026,2026-06-09,66,[15:15-15:30[,2026-06-09 14:15,1464.734,29203.188,19.938,16454.29,11.234,,,,,10710.18,7.312,2219.11,1.515,-180.392,-0.123
09/06/2026,2026-06-09,67,[15:30-15:45[,2026-06-09 14:30,1460.445,29753.624,20.373,16455.228,11.267,,,,,10693.17,7.322,2371.056,1.624,234.17,0.16
09/06/2026,2026-06-09,68,[15:45-16:00[,2026-06-09 14:45,1458.889,29470.205,20.2,16455.228,11.279,,,,,10693.08,7.33,2358.937,1.617,-37.04,-0.025
09/06/2026,2026-06-09,69,[16:00-16:15[,2026-06-09 15:00,1469.213,31087.04,21.159,16455.228,11.2,,,,,12111.4,8.243,2493.672,1.697,26.741,0.018
09/06/2026,2026-06-09,70,[16:15-16:30[,2026-06-09 15:15,1469.058,31104.972,21.173,16454.29,11.201,,,,,12074.7,8.219,2480.728,1.689,95.254,0.065
09/06/2026,2026-06-09,71,[16:30-16:45[,2026-06-09 15:30,1491.521,32629.452,21.877,16454.29,11.032,,,,,12913.32,8.658,2579.072,1.729,682.77,0.458
09/06/2026,2026-06-09,72,[16:45-17:00[,2026-06-09 15:45,1504.192,31776.8,21.125,16454.29,10.939,,,,,12427.9,8.262,2624.232,1.745,270.379,0.18
09/06/2026,2026-06-09,73,[17:00-17:15[,2026-06-09 16:00,1469.653,30297.115,20.615,16375.54,11.142,,,13.486,0.009,13445.6,9.149,2542.833,1.73,-2080.344,-1.416
09/06/2026,2026-06-09,74,[17:15-17:30[,2026-06-09 16:15,1481.66,32309.98,21.807,16318.788,11.014,,,101.147,0.068,13445.6,9.075,2562.635,1.73,-118.189,-0.08
09/06/2026,2026-06-09,75,[17:30-17:45[,2026-06-09 16:30,1501.592,30151.519,20.08,15940.975,10.616,,,,,12194,8.121,2546.171,1.696,-529.627,-0.353
09/06/2026,2026-06-09,76,[17:45-18:00[,2026-06-09 16:45,1507.368,30169.503,20.015,15313.788,10.159,,,,,12140.2,8.054,2564.346,1.701,151.17,0.1
09/06/2026,2026-06-09,77,[18:00-18:15[,2026-06-09 17:00,1527.88,29684.494,19.429,15782.538,10.33,,,,,11653,7.627,2439.016,1.596,-190.06,-0.124
09/06/2026,2026-06-09,78,[18:15-18:30[,2026-06-09 17:15,1556.992,28725.561,18.449,14095.038,9.053,,,,,11761.5,7.554,2364.861,1.519,504.162,0.324
09/06/2026,2026-06-09,79,[18:30-18:45[,2026-06-09 17:30,1560.732,27065.323,17.341,12977.225,8.315,,,,,12348,7.912,2294.659,1.47,-554.562,-0.355
09/06/2026,2026-06-09,80,[18:45-19:00[,2026-06-09 17:45,1597.578,20785.679,13.011,11237.209,7.034,,,,,12269.6,7.68,2173.706,1.361,-4894.836,-3.064
09/06/2026,2026-06-09,81,[19:00-19:15[,2026-06-09 18:00,1634.062,16694.876,10.217,12819.475,7.845,,,,,1160,0.71,2335.808,1.429,379.593,0.232
09/06/2026,2026-06-09,82,[19:15-19:30[,2026-06-09 18:15,1655.308,16455.061,9.941,10057.715,6.076,,,,,1160,0.701,2358.146,1.425,2879.199,1.739
09/06/2026,2026-06-09,83,[19:30-19:45[,2026-06-09 18:30,1691.466,18009.328,10.647,9027.66,5.337,,,,,1192,0.705,2363.776,1.397,5425.892,3.208
09/06/2026,2026-06-09,84,[19:45-20:00[,2026-06-09 18:45,1715.64,11303.997,6.589,7598.55,4.429,,,,,1192,0.695,2293.775,1.337,219.672,0.128
09/06/2026,2026-06-09,85,[20:00-20:15[,2026-06-09 19:00,1719.004,10599.696,6.166,7430.921,4.323,,,,,1360,0.791,2362.205,1.374,-553.429,-0.322
09/06/2026,2026-06-09,86,[20:15-20:30[,2026-06-09 19:15,1724.333,11160.236,6.472,6567.407,3.809,,,,,1360,0.789,2519.041,1.461,713.788,0.414
09/06/2026,2026-06-09,87,[20:30-20:45[,2026-06-09 19:30,1721.087,8184.745,4.756,6357.268,3.694,,,,,1360,0.79,2490.999,1.447,-2023.522,-1.176
09/06/2026,2026-06-09,88,[20:45-21:00[,2026-06-09 19:45,1709.976,15137.167,8.852,6523.62,3.815,,,,,1360,0.795,2520.382,1.474,4733.165,2.768
09/06/2026,2026-06-09,89,[21:00-21:15[,2026-06-09 20:00,1718.149,10946.579,6.371,7047.268,4.102,,,,,1484,0.864,2508.325,1.46,-93.014,-0.054
09/06/2026,2026-06-09,90,[21:15-21:30[,2026-06-09 20:15,1733.403,11036.401,6.367,7561.529,4.362,,,,,1484,0.856,2530.126,1.46,-539.254,-0.311
09/06/2026,2026-06-09,91,[21:30-21:45[,2026-06-09 20:30,1716.477,10939.86,6.373,7305.553,4.256,,,,,1484,0.865,2384.659,1.389,-234.352,-0.137
09/06/2026,2026-06-09,92,[21:45-22:00[,2026-06-09 20:45,1690.902,11616.882,6.87,8193.497,4.846,,,,,1484,0.878,2385.126,1.411,-445.74,-0.264
09/06/2026,2026-06-09,93,[22:00-22:15[,2026-06-09 21:00,1661.262,13351.289,8.037,8557.259,5.151,,,,,1548,0.932,2332.88,1.404,913.149,0.55
09/06/2026,2026-06-09,94,[22:15-22:30[,2026-06-09 21:15,1622.323,13410.034,8.266,9270.997,5.715,,,,,1548,0.954,2358.917,1.454,232.119,0.143
09/06/2026,2026-06-09,95,[22:30-22:45[,2026-06-09 21:30,1594.1,12134.809,7.612,9278.39,5.82,,,,,1548,0.971,2390.55,1.5,-1082.13,-0.679
09/06/2026,2026-06-09,96,[22:45-23:00[,2026-06-09 21:45,1562.399,12900.247,8.257,9753.799,6.243,,,,,1548,0.991,2413.018,1.544,-814.57,-0.521
10/06/2026,2026-06-10,1,[23:00-23:15[,2026-06-09 22:00,1525.867,19250.638,12.616,10870.015,7.124,,,,,2001,1.311,2511.303,1.646,3868.32,2.535
10/06/2026,2026-06-10,2,[23:15-23:30[,2026-06-09 22:15,1494.745,15550.706,10.404,10880.934,7.279,,,,,2001,1.339,2560.49,1.713,108.282,0.072
10/06/2026,2026-06-10,3,[23:30-23:45[,2026-06-09 22:30,1467.448,15871.176,10.815,10927.38,7.447,,,,,2001,1.364,2633.566,1.795,309.23,0.211
10/06/2026,2026-06-10,4,[23:45-00:00[,2026-06-09 22:45,1409.814,15583.86,11.054,10932.431,7.755,,,,,2001,1.419,2502.402,1.775,148.027,0.105
10/06/2026,2026-06-10,5,[00:00-00:15[,2026-06-09 23:00,1391.447,16104.012,11.574,10922.796,7.85,,,,,2222.5,1.597,2395.276,1.721,563.439,0.405
10/06/2026,2026-06-10,6,[00:15-00:30[,2026-06-09 23:15,1380.599,16297.321,11.805,10930.965,7.918,,,,,2222.5,1.61,2386.082,1.728,757.774,0.549
10/06/2026,2026-06-10,7,[00:30-00:45[,2026-06-09 23:30,1341.928,15900.635,11.849,10932.603,8.147,,,,,2222.5,1.656,2307.047,1.719,438.485,0.327
10/06/2026,2026-06-10,8,[00:45-01:00[,2026-06-09 23:45,1308.184,16151.679,12.347,11401.589,8.716,,,,,2006.4,1.534,2351.34,1.797,392.35,0.3
10/06/2026,2026-06-10,9,[01:00-01:15[,2026-06-10 00:00,1312.433,15027.664,11.45,11786.603,8.981,,,,,1925,1.467,2390.035,1.821,-1073.974,-0.818
10/06/2026,2026-06-10,10,[01:15-01:30[,2026-06-10 00:15,1292.068,16035.089,12.41,11816.77,9.146,,,,,1196.8,0.926,2419.768,1.873,601.751,0.466
10/06/2026,2026-06-10,11,[01:30-01:45[,2026-06-10 00:30,1267.318,15262.471,12.043,11867.918,9.365,,,,,1392.5,1.099,2422.404,1.911,-420.352,-0.332
10/06/2026,2026-06-10,12,[01:45-02:00[,2026-06-10 00:45,1244.389,15055.535,12.099,11952.083,9.605,,,,,1615.3,1.298,2399.114,1.928,-910.963,-0.732
10/06/2026,2026-06-10,13,[02:00-02:15[,2026-06-10 01:00,1239.352,15157.938,12.231,11919.466,9.617,,,,,1332.5,1.075,2431.784,1.962,-525.811,-0.424
10/06/2026,2026-06-10,14,[02:15-02:30[,2026-06-10 01:15,1236.67,15981.814,12.923,11959.181,9.67,,,,,1492.4,1.207,2462.295,1.991,67.938,0.055
10/06/2026,2026-06-10,15,[02:30-02:45[,2026-06-10 01:30,1219.059,14615.785,11.989,11969.418,9.819,,,,,1653.5,1.356,2462.192,2.02,-1469.325,-1.205
10/06/2026,2026-06-10,16,[02:45-03:00[,2026-06-10 01:45,1201.405,15736.885,13.099,12064.084,10.042,,,,,1706,1.42,2432.88,2.025,-466.079,-0.388
10/06/2026,2026-06-10,17,[03:00-03:15[,2026-06-10 02:00,1206.758,16459.485,13.639,12065.859,9.999,,,,,1748.3,1.449,2391.945,1.982,253.382,0.21
10/06/2026,2026-06-10,18,[03:15-03:30[,2026-06-10 02:15,1203.029,16110.797,13.392,12070.5,10.033,,,,,1748.3,1.453,2478.972,2.061,-186.974,-0.155
10/06/2026,2026-06-10,19,[03:30-03:45[,2026-06-10 02:30,1191.06,16199.188,13.601,12070.5,10.134,,,,,1748.3,1.468,2499.447,2.099,-119.058,-0.1
10/06/2026,2026-06-10,20,[03:45-04:00[,2026-06-10 02:45,1189.576,16136.844,13.565,12059.557,10.138,,,,,1696.1,1.426,2498.155,2.1,-116.968,-0.098
10/06/2026,2026-06-10,21,[04:00-04:15[,2026-06-10 03:00,1185.497,15972.722,13.473,11963.958,10.092,,,,,1719.2,1.45,2411.989,2.035,-122.426,-0.103
10/06/2026,2026-06-10,22,[04:15-04:30[,2026-06-10 03:15,1170.235,13711.415,11.717,11942.118,10.205,,,,,1568.9,1.341,2370.286,2.025,-2169.889,-1.854
10/06/2026,2026-06-10,23,[04:30-04:45[,2026-06-10 03:30,1168.628,15994.094,13.686,11821.173,10.115,,,-1.126,-0.001,1352.5,1.157,2409.721,2.062,411.826,0.352
10/06/2026,2026-06-10,24,[04:45-05:00[,2026-06-10 03:45,1176.727,16646.921,14.147,11787.048,10.017,,,,,1718.4,1.46,2484.751,2.112,656.721,0.558
10/06/2026,2026-06-10,25,[05:00-05:15[,2026-06-10 04:00,1175.895,15545.669,13.22,10931.41,9.296,,,,,1626.9,1.384,2500.974,2.127,486.385,0.414
10/06/2026,2026-06-10,26,[05:15-05:30[,2026-06-10 04:15,1174.493,17215.331,14.658,10923.241,9.3,,,,,1626.9,1.385,2482.118,2.113,2183.072,1.859
10/06/2026,2026-06-10,27,[05:30-05:45[,2026-06-10 04:30,1174.329,14941.132,12.723,10886.329,9.27,,,,,1626.9,1.385,2454.426,2.09,-26.523,-0.023
10/06/2026,2026-06-10,28,[05:45-06:00[,2026-06-10 04:45,1151.19,14243.332,12.373,10872.564,9.445,,,,,1626.9,1.413,2412.389,2.096,-668.522,-0.581
10/06/2026,2026-06-10,29,[06:00-06:15[,2026-06-10 05:00,1152.605,19137.747,16.604,10754.802,9.331,,,,,6336.6,5.498,2439.362,2.116,-393.016,-0.341
10/06/2026,2026-06-10,30,[06:15-06:30[,2026-06-10 05:15,1159.611,21483.258,18.526,10767.704,9.286,,,,,8391.1,7.236,2446.721,2.11,-122.268,-0.105
10/06/2026,2026-06-10,31,[06:30-06:45[,2026-06-10 05:30,1158.656,20948.152,18.08,10821.114,9.339,,,,,8345.6,7.203,2416.265,2.085,-634.826,-0.548
10/06/2026,2026-06-10,32,[06:45-07:00[,2026-06-10 05:45,1164.158,26537.937,22.796,11561.329,9.931,,,,,9467.1,8.132,2368.587,2.035,3140.921,2.698
10/06/2026,2026-06-10,33,[07:00-07:15[,2026-06-10 06:00,1183.858,25271.188,21.346,10945.855,9.246,,,,,11680.8,9.867,2385.121,2.015,259.412,0.219
10/06/2026,2026-06-10,34,[07:15-07:30[,2026-06-10 06:15,1179.958,23286.617,19.735,12315.613,10.437,,,,,9482.8,8.037,2416.546,2.048,-928.341,-0.787
10/06/2026,2026-06-10,35,[07:30-07:45[,2026-06-10 06:30,1176.042,21633.696,18.395,13302.8,11.312,,,,,7485.2,6.365,2478.277,2.107,-1632.582,-1.388
10/06/2026,2026-06-10,36,[07:45-08:00[,2026-06-10 06:45,1187.714,31349.375,26.395,15928.453,13.411,,,6455.113,5.435,6923.35,5.829,2478.826,2.087,-436.366,-0.367
10/06/2026,2026-06-10,37,[08:00-08:15[,2026-06-10 07:00,1206.161,23664.787,19.62,16253.494,13.475,,,,,5703.6,4.729,2428.526,2.013,-720.832,-0.598
10/06/2026,2026-06-10,38,[08:15-08:30[,2026-06-10 07:15,1199.964,22734.319,18.946,16786.229,13.989,,,,,3751,3.126,2387.597,1.99,-190.507,-0.159
10/06/2026,2026-06-10,39,[08:30-08:45[,2026-06-10 07:30,1216.184,37175.646,30.567,16901.493,13.897,,,,,3751,3.084,2420.863,1.991,14102.291,11.596
10/06/2026,2026-06-10,40,[08:45-09:00[,2026-06-10 07:45,1220.846,34909.774,28.595,16968.08,13.899,,,,,3754.5,3.075,2395.418,1.962,11791.776,9.659
10/06/2026,2026-06-10,41,[09:00-09:15[,2026-06-10 08:00,1242.8,22666.207,18.238,16957.668,13.645,,,,,4270.5,3.436,2334.929,1.879,-896.89,-0.722
10/06/2026,2026-06-10,42,[09:15-09:30[,2026-06-10 08:15,1223.732,24261.361,19.826,16947.418,13.849,,,,,5541.7,4.529,2290.836,1.872,-518.593,-0.424
10/06/2026,2026-06-10,43,[09:30-09:45[,2026-06-10 08:30,1237.813,24196.455,19.548,16937.843,13.684,,,,,5573.48,4.503,2274.807,1.838,-589.674,-0.476
10/06/2026,2026-06-10,44,[09:45-10:00[,2026-06-10 08:45,1245.512,21353.676,17.144,16931.055,13.594,,,,,3738,3.001,2266.227,1.82,-1581.606,-1.27
10/06/2026,2026-06-10,45,[10:00-10:15[,2026-06-10 09:00,1238.414,21271.696,17.177,16927.255,13.668,,,,,3630.5,2.932,2232.793,1.803,-1518.852,-1.226
10/06/2026,2026-06-10,46,[10:15-10:30[,2026-06-10 09:15,1245.803,24082.927,19.331,16927.255,13.587,,,1983.155,1.592,3635,2.918,2176.774,1.747,-639.257,-0.513
10/06/2026,2026-06-10,47,[10:30-10:45[,2026-06-10 09:30,1247.211,24779.91,19.868,16927.255,13.572,,,2124.81,1.704,3635,2.915,2112.578,1.694,-19.733,-0.016
10/06/2026,2026-06-10,48,[10:45-11:00[,2026-06-10 09:45,1245.253,16899.175,13.571,16927.255,13.593,,,,,3639.5,2.923,2153.728,1.73,-5821.308,-4.675
10/06/2026,2026-06-10,49,[11:00-11:15[,2026-06-10 10:00,1264.847,16099.388,12.728,16927.718,13.383,,,,,3784,2.992,2121.874,1.678,-6734.203,-5.324
10/06/2026,2026-06-10,50,[11:15-11:30[,2026-06-10 10:15,1275.769,20433.555,16.017,16928.368,13.269,,,,,3791,2.972,2058.404,1.613,-2344.216,-1.837
10/06/2026,2026-06-10,51,[11:30-11:45[,2026-06-10 10:30,1274.906,20213.516,15.855,16929.105,13.279,,,,,3791,2.974,1987.072,1.559,-2493.661,-1.956
10/06/2026,2026-06-10,52,[11:45-12:00[,2026-06-10 10:45,1284.24,20584.667,16.029,16929.855,13.183,,,,,3795.5,2.955,1985.699,1.546,-2126.387,-1.656
10/06/2026,2026-06-10,53,[12:00-12:15[,2026-06-10 11:00,1303.767,21825.667,16.74,16930.193,12.986,,,,,3209.5,2.462,2000.827,1.535,-314.853,-0.241
10/06/2026,2026-06-10,54,[12:15-12:30[,2026-06-10 11:15,1293.933,21451.578,16.579,16930.33,13.084,,,,,3209.5,2.48,1985.461,1.534,-673.712,-0.521
10/06/2026,2026-06-10,55,[12:30-12:45[,2026-06-10 11:30,1288.984,21115.286,16.381,16931.255,13.135,,,,,3213,2.493,1897.412,1.472,-926.381,-0.719
10/06/2026,2026-06-10,56,[12:45-13:00[,2026-06-10 11:45,1292.861,21661.591,16.755,16930.968,13.096,,,,,3213,2.485,2012.657,1.557,-495.034,-0.383
10/06/2026,2026-06-10,57,[13:00-13:15[,2026-06-10 12:00,1276.469,21347.681,16.724,16929.868,13.263,,,,,2848,2.231,2005.304,1.571,-435.491,-0.341
10/06/2026,2026-06-10,58,[13:15-13:30[,2026-06-10 12:15,1253.044,21587.368,17.228,16930.618,13.512,,,-0.05,0,2848,2.273,1993.63,1.591,-184.83,-0.148
10/06/2026,2026-06-10,59,[13:30-13:45[,2026-06-10 12:30,1233.944,21849.038,17.707,16930.293,13.72,,,,,2848,2.308,2020.562,1.637,50.184,0.041
10/06/2026,2026-06-10,60,[13:45-14:00[,2026-06-10 12:45,1229.68,21825.213,17.749,16956.23,13.789,,,,,2848,2.316,1978.156,1.609,42.827,0.035
10/06/2026,2026-06-10,61,[14:00-14:15[,2026-06-10 13:00,1235.195,22363.173,18.105,16974.83,13.743,,,,,2827,2.289,2035.532,1.648,525.811,0.426
10/06/2026,2026-06-10,62,[14:15-14:30[,2026-06-10 13:15,1208.75,22343.367,18.485,16974.98,14.043,,,,,2820,2.333,2035.107,1.684,513.28,0.425
10/06/2026,2026-06-10,63,[14:30-14:45[,2026-06-10 13:30,1213.329,21253.745,17.517,16990.155,14.003,,,,,2820,2.324,2033.692,1.676,-590.102,-0.486
10/06/2026,2026-06-10,64,[14:45-15:00[,2026-06-10 13:45,1213.849,22825.937,18.805,16990.28,13.997,,,,,2820,2.323,2032.7,1.675,982.957,0.81
10/06/2026,2026-06-10,65,[15:00-15:15[,2026-06-10 14:00,1209.405,22430.784,18.547,16974.968,14.036,,,,,3290,2.72,1960.521,1.621,205.295,0.17
10/06/2026,2026-06-10,66,[15:15-15:30[,2026-06-10 14:15,1188.148,22682.371,19.091,16974.318,14.286,,,,,3628.7,3.054,2024.071,1.704,55.283,0.047
10/06/2026,2026-06-10,67,[15:30-15:45[,2026-06-10 14:30,1209.051,22540.32,18.643,16973.655,14.039,,,,,3569.5,2.952,2074.591,1.716,-77.426,-0.064
10/06/2026,2026-06-10,68,[15:45-16:00[,2026-06-10 14:45,1202.499,22679.392,18.86,16954.455,14.099,,,,,3502,2.912,2089.235,1.737,133.702,0.111
10/06/2026,2026-06-10,69,[16:00-16:15[,2026-06-10 15:00,1204.076,25288.444,21.002,16931.155,14.062,,,,,6122.58,5.085,2008.809,1.668,225.9,0.188
10/06/2026,2026-06-10,70,[16:15-16:30[,2026-06-10 15:15,1201.807,24628.038,20.493,16927.88,14.085,,,,,6107.94,5.082,1945.994,1.619,-353.776,-0.294
10/06/2026,2026-06-10,71,[16:30-16:45[,2026-06-10 15:30,1217.62,22774.95,18.704,16928.705,13.903,,,,,3665,3.01,1987.365,1.632,193.88,0.159
10/06/2026,2026-06-10,72,[16:45-17:00[,2026-06-10 15:45,1239.983,23155.389,18.674,16930.08,13.653,,,,,3770,3.04,2021.72,1.63,433.589,0.35
10/06/2026,2026-06-10,73,[17:00-17:15[,2026-06-10 16:00,1229.162,26274.36,21.376,16931.343,13.775,,,,,6909.52,5.621,2070.296,1.684,363.202,0.295
10/06/2026,2026-06-10,74,[17:15-17:30[,2026-06-10 16:15,1257.827,25776.159,20.493,16933.618,13.463,,,,,6894.88,5.482,2111.337,1.679,-163.675,-0.13
10/06/2026,2026-06-10,75,[17:30-17:45[,2026-06-10 16:30,1295.818,27397.939,21.143,16936.718,13.07,,,,,7509.04,5.795,2159.773,1.667,792.408,0.612
10/06/2026,2026-06-10,76,[17:45-18:00[,2026-06-10 16:45,1304.128,22756.261,17.449,16862.68,12.93,,,,,5305,4.068,2300.54,1.764,-1711.959,-1.313
10/06/2026,2026-06-10,77,[18:00-18:15[,2026-06-10 17:00,1334.513,22062.324,16.532,16902.168,12.665,,,,,5242,3.928,2381.883,1.785,-2463.726,-1.846
10/06/2026,2026-06-10,78,[18:15-18:30[,2026-06-10 17:15,1378.059,26111.004,18.948,16819.318,12.205,,,,,5170,3.752,2470.25,1.793,1651.436,1.198
10/06/2026,2026-06-10,79,[18:30-18:45[,2026-06-10 17:30,1419.011,26832.911,18.91,16258.625,11.458,,,,,11816.76,8.327,2515.114,1.772,-3757.588,-2.648
10/06/2026,2026-06-10,80,[18:45-19:00[,2026-06-10 17:45,1430.647,32721.825,22.872,13453.224,9.404,,,,,14405,10.069,2479.501,1.733,2384.1,1.666
10/06/2026,2026-06-10,81,[19:00-19:15[,2026-06-10 18:00,1473.811,27280.939,18.51,15139.193,10.272,,,,,6879.4,4.668,2390.176,1.622,2872.171,1.949
10/06/2026,2026-06-10,82,[19:15-19:30[,2026-06-10 18:15,1516.26,24490.77,16.152,13303.804,8.774,,,,,9677.1,6.382,2467.736,1.628,-957.869,-0.632
10/06/2026,2026-06-10,83,[19:30-19:45[,2026-06-10 18:30,1532.052,21480.273,14.021,11878.693,7.753,,,,,10785.5,7.04,2479.726,1.619,-3663.646,-2.391
10/06/2026,2026-06-10,84,[19:45-20:00[,2026-06-10 18:45,1567.781,17532.652,11.183,10737.495,6.849,,,,,10120,6.455,2436.467,1.554,-5761.311,-3.675
10/06/2026,2026-06-10,85,[20:00-20:15[,2026-06-10 19:00,1584.403,20615.611,13.012,10875.206,6.864,,,,,8555.4,5.4,2584.963,1.632,-1399.958,-0.884
10/06/2026,2026-06-10,86,[20:15-20:30[,2026-06-10 19:15,1568.971,17948.557,11.44,10867.704,6.927,,,,,7208,4.594,2577.746,1.643,-2704.893,-1.724
10/06/2026,2026-06-10,87,[20:30-20:45[,2026-06-10 19:30,1568.554,17819.626,11.361,10939.588,6.974,,,,,4508.4,2.874,2506.673,1.598,-135.035,-0.086
10/06/2026,2026-06-10,88,[20:45-21:00[,2026-06-10 19:45,1561.2,20536.046,13.154,11001.28,7.047,,,,,4508.4,2.888,2515.443,1.611,2510.923,1.608
10/06/2026,2026-06-10,89,[21:00-21:15[,2026-06-10 20:00,1567.639,13080.425,8.344,10072.979,6.426,,,,,2730.7,1.742,2474.795,1.579,-2198.048,-1.402
10/06/2026,2026-06-10,90,[21:15-21:30[,2026-06-10 20:15,1603.858,13821.84,8.618,10081.502,6.286,,,,,2730.7,1.703,2562.918,1.598,-1553.28,-0.968
10/06/2026,2026-06-10,91,[21:30-21:45[,2026-06-10 20:30,1593.597,14078.785,8.835,10071.684,6.32,,,,,2730.7,1.714,2468.064,1.549,-1191.663,-0.748
10/06/2026,2026-06-10,92,[21:45-22:00[,2026-06-10 20:45,1586.069,15516.721,9.783,10116.502,6.378,,,,,2632,1.659,2459.527,1.551,308.693,0.195
10/06/2026,2026-06-10,93,[22:00-22:15[,2026-06-10 21:00,1545.12,18300.271,11.844,11084.995,7.174,,,,,4048.5,2.62,2378.861,1.54,787.915,0.51
10/06/2026,2026-06-10,94,[22:15-22:30[,2026-06-10 21:15,1528.168,17678.418,11.568,11117.451,7.275,,,,,4048.5,2.649,2457.04,1.608,55.426,0.036
10/06/2026,2026-06-10,95,[22:30-22:45[,2026-06-10 21:30,1508.039,21457.487,14.229,11122.857,7.376,,,,,7560,5.013,2454.879,1.628,319.751,0.212
10/06/2026,2026-06-10,96,[22:45-23:00[,2026-06-10 21:45,1461.039,21511.38,14.723,12331.513,8.44,,,,,8296.39,5.678,2443.422,1.672,-1559.945,-1.068
11/06/2026,2026-06-11,1,[23:00-23:15[,2026-06-10 22:00,1461.92,16092.076,11.007,12484.6,8.54,,,,,1612.5,1.103,2688.638,1.839,-693.662,-0.474
11/06/2026,2026-06-11,2,[23:15-23:30[,2026-06-10 22:15,1438.103,14917.828,10.373,12534.75,8.716,,,,,1612.5,1.121,2638.231,1.835,-1867.653,-1.299
11/06/2026,2026-06-11,3,[23:30-23:45[,2026-06-10 22:30,1401.833,16041.863,11.443,12554.125,8.956,,,,,1612.5,1.15,2645.696,1.887,-770.457,-0.55
11/06/2026,2026-06-11,4,[23:45-00:00[,2026-06-10 22:45,1363.832,17437.887,12.786,12591.638,9.233,,,,,1612.5,1.182,2672.008,1.959,561.741,0.412
11/06/2026,2026-06-11,5,[00:00-00:15[,2026-06-10 23:00,1359.698,14547.47,10.699,12821.21,9.429,,,,,1527.5,1.123,2824.088,2.077,-2625.328,-1.931
11/06/2026,2026-06-11,6,[00:15-00:30[,2026-06-10 23:15,1346.619,15511.642,11.519,12839.855,9.535,,,,,1527.5,1.134,2811.696,2.088,-1667.409,-1.238
11/06/2026,2026-06-11,7,[00:30-00:45[,2026-06-10 23:30,1306.29,15909.019,12.179,13479.5,10.319,,,,,1527.5,1.169,2826.18,2.164,-1924.161,-1.473
11/06/2026,2026-06-11,8,[00:45-01:00[,2026-06-10 23:45,1304.174,17450.651,13.381,13947.504,10.695,,,,,1527.5,1.171,2773.103,2.126,-797.455,-0.611
11/06/2026,2026-06-11,9,[01:00-01:15[,2026-06-11 00:00,1274.518,20446.756,16.043,15834.413,12.424,,,,,1412.5,1.108,2849.576,2.236,350.267,0.275
11/06/2026,2026-06-11,10,[01:15-01:30[,2026-06-11 00:15,1266.883,20009.064,15.794,15843.025,12.506,,,,,1412.5,1.115,2857.43,2.255,-103.891,-0.082
11/06/2026,2026-06-11,11,[01:30-01:45[,2026-06-11 00:30,1237.377,21924.147,17.718,16311.3,13.182,,,,,1412.5,1.142,2857.584,2.309,1342.764,1.085
11/06/2026,2026-06-11,12,[01:45-02:00[,2026-06-11 00:45,1223.533,22681.338,18.538,16932.838,13.839,,,,,1412.5,1.154,2851.142,2.33,1484.858,1.214
11/06/2026,2026-06-11,13,[02:00-02:15[,2026-06-11 01:00,1227.73,20730.234,16.885,16291.6,13.27,,,,,1357.5,1.106,2582.65,2.104,498.484,0.406
11/06/2026,2026-06-11,14,[02:15-02:30[,2026-06-11 01:15,1198.738,20861.07,17.403,16285.775,13.586,,,0.796,0.001,1357.5,1.132,2635.968,2.199,581.031,0.485
11/06/2026,2026-06-11,15,[02:30-02:45[,2026-06-11 01:30,1190.516,20589.409,17.295,16347.5,13.731,,,,,1357.5,1.14,2635.227,2.214,249.182,0.209
11/06/2026,2026-06-11,16,[02:45-03:00[,2026-06-11 01:45,1196.934,20764.447,17.348,16353.125,13.663,,,,,1357.5,1.134,2660.233,2.223,393.589,0.329
11/06/2026,2026-06-11,17,[03:00-03:15[,2026-06-11 02:00,1184.646,19997.008,16.88,15001.5,12.663,,,,,1337.5,1.129,2604.297,2.198,1053.711,0.889
11/06/2026,2026-06-11,18,[03:15-03:30[,2026-06-11 02:15,1184.448,18716.086,15.802,15101.438,12.75,,,,,1337.5,1.129,2645.028,2.233,-367.879,-0.311
11/06/2026,2026-06-11,19,[03:30-03:45[,2026-06-11 02:30,1175.846,18586.321,15.807,15164.275,12.896,,,,,1337.5,1.137,2643.727,2.248,-559.181,-0.476
11/06/2026,2026-06-11,20,[03:45-04:00[,2026-06-11 02:45,1179.237,19573.913,16.599,14995.888,12.717,,,,,1337.5,1.134,2641.131,2.24,599.394,0.508
11/06/2026,2026-06-11,21,[04:00-04:15[,2026-06-11 03:00,1172.41,18484.772,15.766,15203.025,12.967,,,,,1382.5,1.179,2606.17,2.223,-706.923,-0.603
11/06/2026,2026-06-11,22,[04:15-04:30[,2026-06-11 03:15,1167.873,18540.935,15.876,15205.475,13.02,,,,,1382.5,1.184,2607.709,2.233,-654.749,-0.561
11/06/2026,2026-06-11,23,[04:30-04:45[,2026-06-11 03:30,1179.326,17789.179,15.084,14564.925,12.35,,,,,1382.5,1.172,2644.451,2.242,-802.697,-0.681
11/06/2026,2026-06-11,24,[04:45-05:00[,2026-06-11 03:45,1166.866,17450.104,14.955,13932,11.94,,,,,1382.5,1.185,2590.337,2.22,-454.732,-0.39
11/06/2026,2026-06-11,25,[05:00-05:15[,2026-06-11 04:00,1188.475,15567.474,13.099,12769.148,10.744,,,,,1392.5,1.172,2616.095,2.201,-1210.269,-1.018
11/06/2026,2026-06-11,26,[05:15-05:30[,2026-06-11 04:15,1205.904,14601.058,12.108,12730.28,10.557,,,,,1392.5,1.155,2757.184,2.286,-2278.907,-1.89
11/06/2026,2026-06-11,27,[05:30-05:45[,2026-06-11 04:30,1188.367,16945.847,14.26,12657.54,10.651,,,,,1392.5,1.172,2794.157,2.351,101.649,0.086
11/06/2026,2026-06-11,28,[05:45-06:00[,2026-06-11 04:45,1205.251,17234.969,14.3,12533.148,10.399,,,,,2348.32,1.948,2790.155,2.315,-436.653,-0.362
11/06/2026,2026-06-11,29,[06:00-06:15[,2026-06-11 05:00,1247.423,21683.156,17.382,12085.709,9.689,,,,,8306.3,6.659,2806.648,2.25,-1515.501,-1.215
11/06/2026,2026-06-11,30,[06:15-06:30[,2026-06-11 05:15,1261.901,21877.618,17.337,12324.646,9.767,,,,,8500.65,6.736,2709.849,2.147,-1657.527,-1.314
11/06/2026,2026-06-11,31,[06:30-06:45[,2026-06-11 05:30,1304.113,15043.169,11.535,12531.943,9.61,,,,,1527.5,1.171,2775.878,2.129,-1792.151,-1.374
11/06/2026,2026-06-11,32,[06:45-07:00[,2026-06-11 05:45,1326.792,14696.234,11.077,13168.355,9.925,,,,,1527.5,1.151,2747.406,2.071,-2747.028,-2.07
11/06/2026,2026-06-11,33,[07:00-07:15[,2026-06-11 06:00,1380.45,26033.445,18.859,13589.077,9.844,,,,,9814.34,7.11,2833.829,2.053,-203.8,-0.148
11/06/2026,2026-06-11,34,[07:15-07:30[,2026-06-11 06:15,1415.719,30631.638,21.637,15656.452,11.059,,,,,12920.5,9.126,2838.247,2.005,-783.562,-0.553
11/06/2026,2026-06-11,35,[07:30-07:45[,2026-06-11 06:30,1461.2,30908.288,21.153,16077.158,11.003,,,,,12991.3,8.891,2829.146,1.936,-989.317,-0.677
11/06/2026,2026-06-11,36,[07:45-08:00[,2026-06-11 06:45,1483.42,34006.339,22.924,16972.3,11.441,,,,,13009,8.77,2698.388,1.819,1326.651,0.894
11/06/2026,2026-06-11,37,[08:00-08:15[,2026-06-11 07:00,1543.017,32367.659,20.977,16801.413,10.889,,,,,12775.1,8.279,2696.432,1.748,94.715,0.061
11/06/2026,2026-06-11,38,[08:15-08:30[,2026-06-11 07:15,1595.64,33080.546,20.732,17214.85,10.789,,,,,12899,8.084,2689.856,1.686,276.84,0.173
11/06/2026,2026-06-11,39,[08:30-08:45[,2026-06-11 07:30,1602.848,32439.298,20.239,17304.85,10.796,,,,,12739.7,7.948,2624.912,1.638,-230.164,-0.144
11/06/2026,2026-06-11,40,[08:45-09:00[,2026-06-11 07:45,1613.119,32444.385,20.113,17308.6,10.73,,,,,12775.1,7.92,2605.665,1.615,-244.98,-0.152
11/06/2026,2026-06-11,41,[09:00-09:15[,2026-06-11 08:00,1635.98,33227.116,20.31,17173.6,10.497,,,,,13429.7,8.209,2576.971,1.575,46.845,0.029
11/06/2026,2026-06-11,42,[09:15-09:30[,2026-06-11 08:15,1607.472,32965.158,20.507,17173.6,10.684,,,,,13465.1,8.377,2494.484,1.552,-168.026,-0.105
11/06/2026,2026-06-11,43,[09:30-09:45[,2026-06-11 08:30,1621.575,32988.66,20.344,17173.6,10.591,,,,,13637.85,8.41,2470.584,1.524,-293.374,-0.181
11/06/2026,2026-06-11,44,[09:45-10:00[,2026-06-11 08:45,1624.198,32798.67,20.194,17213.913,10.598,,,,,13500.5,8.312,2438.403,1.501,-354.146,-0.218
11/06/2026,2026-06-11,45,[10:00-10:15[,2026-06-11 09:00,1585.299,41550.299,26.21,17308.6,10.918,,,,,11270.5,7.109,2340.318,1.476,10630.881,6.706
11/06/2026,2026-06-11,46,[10:15-10:30[,2026-06-11 09:15,1605.479,31452.369,19.591,17309.538,10.782,,,,,11255.55,7.011,2340.937,1.458,546.345,0.34
11/06/2026,2026-06-11,47,[10:30-10:45[,2026-06-11 09:30,1597.165,28340.067,17.744,17309.538,10.838,,,,,11272,7.058,2374.314,1.487,-2615.785,-1.638
11/06/2026,2026-06-11,48,[10:45-11:00[,2026-06-11 09:45,1587.479,30815.551,19.412,17309.538,10.904,,,,,11288.45,7.111,2328.228,1.467,-110.664,-0.07
11/06/2026,2026-06-11,49,[11:00-11:15[,2026-06-11 10:00,1602.586,33206.394,20.721,17309.538,10.801,,,,,11684.3,7.291,2330.938,1.454,1881.618,1.174
11/06/2026,2026-06-11,50,[11:15-11:30[,2026-06-11 10:15,1592.565,31208.215,19.596,17309.538,10.869,,,,,11701,7.347,2062.256,1.295,135.421,0.085
11/06/2026,2026-06-11,51,[11:30-11:45[,2026-06-11 10:30,1611.896,31371.753,19.463,17309.538,10.739,,,,,11445.25,7.1,2300.561,1.427,316.405,0.196
11/06/2026,2026-06-11,52,[11:45-12:00[,2026-06-11 10:45,1616.075,31130.395,19.263,17309.538,10.711,,,,,11445.25,7.082,2213.993,1.37,161.615,0.1
11/06/2026,2026-06-11,53,[12:00-12:15[,2026-06-11 11:00,1593.173,30703.968,19.272,17309.538,10.865,,,,,10591.7,6.648,2289.727,1.437,513.003,0.322
11/06/2026,2026-06-11,54,[12:15-12:30[,2026-06-11 11:15,1585.578,30497.717,19.234,17309.538,10.917,,,,,10607.5,6.69,2270.48,1.432,310.199,0.196
11/06/2026,2026-06-11,55,[12:30-12:45[,2026-06-11 11:30,1570.66,30268.321,19.271,17309.538,11.021,,,,,10607.5,6.754,2268.643,1.444,82.641,0.053
11/06/2026,2026-06-11,56,[12:45-13:00[,2026-06-11 11:45,1555.671,30237.098,19.437,17309.538,11.127,,,,,10607.5,6.819,2254.502,1.449,65.558,0.042
11/06/2026,2026-06-11,57,[13:00-13:15[,2026-06-11 12:00,1535.998,30039.267,19.557,17309.538,11.269,,,,,10554.4,6.871,2274.928,1.481,-99.599,-0.065
11/06/2026,2026-06-11,58,[13:15-13:30[,2026-06-11 12:15,1534.384,30086.31,19.608,17309.538,11.281,,,,,10554.4,6.879,2312.48,1.507,-90.107,-0.059
11/06/2026,2026-06-11,59,[13:30-13:45[,2026-06-11 12:30,1546.253,29657.657,19.18,17309.538,11.195,,,,,10364.8,6.703,2338.217,1.512,-354.898,-0.23
11/06/2026,2026-06-11,60,[13:45-14:00[,2026-06-11 12:45,1551.065,30316.779,19.546,17309.538,11.16,,,,,10364.8,6.682,2336.317,1.506,306.125,0.197
11/06/2026,2026-06-11,61,[14:00-14:15[,2026-06-11 13:00,1553.339,30490.061,19.629,17308.6,11.143,,,,,11151,7.179,2173.71,1.399,-143.248,-0.092
11/06/2026,2026-06-11,62,[14:15-14:30[,2026-06-11 13:15,1578.218,30902.12,19.58,17308.6,10.967,,,,,11151,7.066,2269.189,1.438,173.331,0.11
11/06/2026,2026-06-11,63,[14:30-14:45[,2026-06-11 13:30,1573.032,24564.444,15.616,17308.6,11.003,,,,,11151,7.089,2299.777,1.462,-6194.933,-3.938
11/06/2026,2026-06-11,64,[14:45-15:00[,2026-06-11 13:45,1561.458,29208.585,18.706,17308.6,11.085,,,,,11151,7.141,2036.278,1.304,-1287.292,-0.824
11/06/2026,2026-06-11,65,[15:00-15:15[,2026-06-11 14:00,1560.328,30614.704,19.621,17308.6,11.093,,,,,11363.4,7.283,1948.319,1.249,-5.616,-0.004
11/06/2026,2026-06-11,66,[15:15-15:30[,2026-06-11 14:15,1565.452,30159.147,19.265,17308.6,11.057,,,,,11097.9,7.089,1920.491,1.227,-167.844,-0.107
11/06/2026,2026-06-11,67,[15:30-15:45[,2026-06-11 14:30,1567.623,30863.784,19.688,17299.225,11.035,,,,,11097.9,7.079,1967.089,1.255,499.569,0.319
11/06/2026,2026-06-11,68,[15:45-16:00[,2026-06-11 14:45,1571.73,30212.081,19.222,17213.913,10.952,,,,,11080.2,7.05,1990.763,1.267,-72.795,-0.046
11/06/2026,2026-06-11,69,[16:00-16:15[,2026-06-11 15:00,1575.382,32726.444,20.774,17213.913,10.927,,,,,13835.7,8.782,2123.168,1.348,-446.336,-0.283
11/06/2026,2026-06-11,70,[16:15-16:30[,2026-06-11 15:15,1589.865,28671.45,18.034,17173.6,10.802,,,,,13813.1,8.688,2108.793,1.326,-4424.043,-2.783
11/06/2026,2026-06-11,71,[16:30-16:45[,2026-06-11 15:30,1602.644,33453.258,20.874,17173.6,10.716,,,,,13955.5,8.708,2127.4,1.327,196.759,0.123
11/06/2026,2026-06-11,72,[16:45-17:00[,2026-06-11 15:45,1612.292,33560.595,20.815,17167.975,10.648,,,,,14198.4,8.806,2200.585,1.365,-6.365,-0.004
11/06/2026,2026-06-11,73,[17:00-17:15[,2026-06-11 16:00,1603.884,30749.964,19.172,17213.913,10.733,,,,,10938.6,6.82,2251.492,1.404,345.96,0.216
11/06/2026,2026-06-11,74,[17:15-17:30[,2026-06-11 16:15,1607.311,29633.807,18.437,17173.6,10.685,,,,,10265.9,6.387,2132.956,1.327,61.351,0.038
11/06/2026,2026-06-11,75,[17:30-17:45[,2026-06-11 16:30,1620.708,29442.521,18.166,17019.85,10.501,,,,,10148,6.261,2130.818,1.315,143.853,0.089
11/06/2026,2026-06-11,76,[17:45-18:00[,2026-06-11 16:45,1640.041,30830.663,18.799,16274.538,9.923,,,,,12493,7.617,2212.415,1.349,-149.29,-0.091
11/06/2026,2026-06-11,77,[18:00-18:15[,2026-06-11 17:00,1643.291,32105.599,19.537,16653.288,10.134,,,,,12533.3,7.627,2248.098,1.368,670.914,0.408
11/06/2026,2026-06-11,78,[18:15-18:30[,2026-06-11 17:15,1671.121,27717.837,16.586,15276.1,9.141,,,,,12657.2,7.574,2305.997,1.38,-2521.46,-1.509
11/06/2026,2026-06-11,79,[18:30-18:45[,2026-06-11 17:30,1703.835,25817.035,15.152,15227.35,8.937,,,,,12444.8,7.304,2256.239,1.324,-4111.353,-2.413
11/06/2026,2026-06-11,80,[18:45-19:00[,2026-06-11 17:45,1739.657,26867.562,15.444,13839.85,7.956,,,,,12427.1,7.143,2263.179,1.301,-1662.566,-0.956
11/06/2026,2026-06-11,81,[19:00-19:15[,2026-06-11 18:00,1772.186,24664.951,13.918,14120.213,7.968,,,,,9628.8,5.433,2339.109,1.32,-1423.171,-0.803
11/06/2026,2026-06-11,82,[19:15-19:30[,2026-06-11 18:15,1810.681,18027.889,9.956,12790.452,7.064,,,,,1087.8,0.601,2385.665,1.318,1763.972,0.974
11/06/2026,2026-06-11,83,[19:30-19:45[,2026-06-11 18:30,1842.696,11699.207,6.349,11400.508,6.187,,,,,1087.8,0.59,2358.201,1.28,-3147.302,-1.708
11/06/2026,2026-06-11,84,[19:45-20:00[,2026-06-11 18:45,1864.711,22987.728,12.328,9666.124,5.184,,,,,1087.8,0.583,2393.091,1.283,9840.714,5.277
11/06/2026,2026-06-11,85,[20:00-20:15[,2026-06-11 19:00,1880.375,15228.352,8.099,9594.172,5.102,,,,,1167.6,0.621,2362.24,1.256,2104.34,1.119
11/06/2026,2026-06-11,86,[20:15-20:30[,2026-06-11 19:15,1878.414,12602.821,6.709,8524.036,4.538,,,,,1167.6,0.622,2473.465,1.317,437.72,0.233
11/06/2026,2026-06-11,87,[20:30-20:45[,2026-06-11 19:30,1870.934,14079.529,7.525,7871.713,4.207,,,,,1167.6,0.624,2477.24,1.324,2562.976,1.37
11/06/2026,2026-06-11,88,[20:45-21:00[,2026-06-11 19:45,1860.664,16062.908,8.633,8288.634,4.455,,,,,1167.6,0.628,2586.449,1.39,4020.225,2.161
11/06/2026,2026-06-11,89,[21:00-21:15[,2026-06-11 20:00,1862.877,10439.553,5.604,8760.048,4.702,,,,,1268.4,0.681,2592.515,1.392,-2181.409,-1.171
11/06/2026,2026-06-11,90,[21:15-21:30[,2026-06-11 20:15,1869.439,13198.734,7.06,9324.25,4.988,,,,,1268.4,0.678,2588.295,1.385,17.789,0.01
11/06/2026,2026-06-11,91,[21:30-21:45[,2026-06-11 20:30,1848.312,13344.018,7.22,9858.688,5.334,,,,,1268.4,0.686,2522.091,1.365,-305.161,-0.165
11/06/2026,2026-06-11,92,[21:45-22:00[,2026-06-11 20:45,1817.022,14632.662,8.053,10566.013,5.815,,,,,1268.4,0.698,2501.115,1.376,297.135,0.164
11/06/2026,2026-06-11,93,[22:00-22:15[,2026-06-11 21:00,1782.297,18496.456,10.378,11246.157,6.31,,,,,1335.6,0.749,2584.677,1.45,3330.023,1.868
11/06/2026,2026-06-11,94,[22:15-22:30[,2026-06-11 21:15,1748.993,13788.731,7.884,11608.804,6.637,,,,,1335.6,0.764,2544.175,1.455,-1699.848,-0.972
11/06/2026,2026-06-11,95,[22:30-22:45[,2026-06-11 21:30,1719.581,16315.251,9.488,12085.785,7.028,,,,,1335.6,0.777,2590.484,1.506,303.383,0.176
11/06/2026,2026-06-11,96,[22:45-23:00[,2026-06-11 21:45,1675.964,20264.031,12.091,12579.647,7.506,,,,,1335.6,0.797,2513.947,1.5,3834.837,2.288
12/06/2026,2026-06-12,1,[23:00-23:15[,2026-06-11 22:00,1644.853,18204.764,11.068,15373.926,9.347,,,,,3248.2,1.975,2703.847,1.644,-3121.209,-1.898
12/06/2026,2026-06-12,2,[23:15-23:30[,2026-06-11 22:15,1606.768,22246,13.845,16064.976,9.998,,,,,3248.2,2.022,2820.926,1.756,111.898,0.07
12/06/2026,2026-06-12,3,[23:30-23:45[,2026-06-11 22:30,1572.584,21621.728,13.749,16380.183,10.416,,,,,3248.2,2.066,2731.74,1.737,-738.395,-0.47
12/06/2026,2026-06-12,4,[23:45-00:00[,2026-06-11 22:45,1515.435,24343.152,16.063,17219.098,11.362,,,,,3248.2,2.143,2759.69,1.821,1116.164,0.737
12/06/2026,2026-06-12,5,[00:00-00:15[,2026-06-11 23:00,1505.7,19486.721,12.942,16377.497,10.877,,,,,3248.2,2.157,2696.769,1.791,-2835.745,-1.883
12/06/2026,2026-06-12,6,[00:15-00:30[,2026-06-11 23:15,1480.217,22857.211,15.442,16957.416,11.456,,,,,3248.2,2.194,2609.731,1.763,41.865,0.028
12/06/2026,2026-06-12,7,[00:30-00:45[,2026-06-11 23:30,1450.956,21215.152,14.621,17205.557,11.858,,,,,3248.2,2.239,2689.768,1.854,-1928.373,-1.329
12/06/2026,2026-06-12,8,[00:45-01:00[,2026-06-11 23:45,1429.941,28906.661,20.215,17411.804,12.177,,,,,8275.16,5.787,2724.707,1.905,494.99,0.346
12/06/2026,2026-06-12,9,[01:00-01:15[,2026-06-12 00:00,1425.65,24043.121,16.865,16137.712,11.32,,,,,6241.2,4.378,2855.965,2.003,-1191.755,-0.836
12/06/2026,2026-06-12,10,[01:15-01:30[,2026-06-12 00:15,1389.916,25647.758,18.453,16138.189,11.611,,,,,6563.2,4.722,2800.202,2.015,146.167,0.105
12/06/2026,2026-06-12,11,[01:30-01:45[,2026-06-12 00:30,1388.696,26012.155,18.731,16138.189,11.621,,,,,6790.48,4.89,2834.345,2.041,249.14,0.179
12/06/2026,2026-06-12,12,[01:45-02:00[,2026-06-12 00:45,1369.822,25832.166,18.858,16138.258,11.781,,,,,6881,5.023,2857.384,2.086,-44.476,-0.032
12/06/2026,2026-06-12,13,[02:00-02:15[,2026-06-12 01:00,1354.288,24933.966,18.411,16137.77,11.916,,,,,5668.32,4.185,2834.932,2.093,292.944,0.216
12/06/2026,2026-06-12,14,[02:15-02:30[,2026-06-12 01:15,1349.332,24691.585,18.299,16138.189,11.96,,,,,5627.37,4.17,2826.323,2.095,99.702,0.074
12/06/2026,2026-06-12,15,[02:30-02:45[,2026-06-12 01:30,1334.275,18216.051,13.652,16137.712,12.095,,,,,1870,1.402,2724.108,2.042,-2515.768,-1.885
12/06/2026,2026-06-12,16,[02:45-03:00[,2026-06-12 01:45,1317.644,18304.446,13.892,16137.712,12.247,,,,,1870,1.419,2829.736,2.148,-2533.001,-1.922
12/06/2026,2026-06-12,17,[03:00-03:15[,2026-06-12 02:00,1323.654,18884.303,14.267,16138.189,12.192,,,,,1849.6,1.397,2871.344,2.169,-1974.83,-1.492
12/06/2026,2026-06-12,18,[03:15-03:30[,2026-06-12 02:15,1307.799,19744.007,15.097,16138.141,12.34,,,,,1849.6,1.414,2876.03,2.199,-1119.764,-0.856
12/06/2026,2026-06-12,19,[03:30-03:45[,2026-06-12 02:30,1283.336,19488.918,15.186,16138.141,12.575,,,,,1849.6,1.441,2867.036,2.234,-1365.858,-1.064
12/06/2026,2026-06-12,20,[03:45-04:00[,2026-06-12 02:45,1268.089,19415.595,15.311,16138.111,12.726,,,,,1849.6,1.459,2772.526,2.186,-1344.642,-1.06
12/06/2026,2026-06-12,21,[04:00-04:15[,2026-06-12 03:00,1267.066,20109.808,15.871,16961.354,13.386,,,,,1904,1.503,2850.294,2.25,-1605.839,-1.267
12/06/2026,2026-06-12,22,[04:15-04:30[,2026-06-12 03:15,1280.601,20124.114,15.715,16962.848,13.246,,,,,1904,1.487,2893.338,2.259,-1636.072,-1.278
12/06/2026,2026-06-12,23,[04:30-04:45[,2026-06-12 03:30,1276.128,20198.278,15.828,16952.185,13.284,,,,,1904,1.492,2900.142,2.273,-1558.049,-1.221
12/06/2026,2026-06-12,24,[04:45-05:00[,2026-06-12 03:45,1288.476,19211.144,14.91,16438.234,12.758,,,,,1904,1.478,2825.68,2.193,-1956.771,-1.519
12/06/2026,2026-06-12,25,[05:00-05:15[,2026-06-12 04:00,1285.407,19430.083,15.116,16338.096,12.71,,,,,1917.6,1.492,2948.157,2.294,-1773.77,-1.38
12/06/2026,2026-06-12,26,[05:15-05:30[,2026-06-12 04:15,1296.265,17611.942,13.587,15396.665,11.878,,,,,1917.6,1.479,2958.937,2.283,-2661.259,-2.053
12/06/2026,2026-06-12,27,[05:30-05:45[,2026-06-12 04:30,1308.744,16440.147,12.562,14795.904,11.305,,,,,1917.6,1.465,2970.325,2.27,-3243.682,-2.478
12/06/2026,2026-06-12,28,[05:45-06:00[,2026-06-12 04:45,1296.577,14742.02,11.37,13935.524,10.748,,,,,1917.6,1.479,2899.822,2.237,-4010.926,-3.093
12/06/2026,2026-06-12,29,[06:00-06:15[,2026-06-12 05:00,1323.796,14330.258,10.825,13103.168,9.898,,,,,2084.2,1.574,2886.276,2.18,-3743.386,-2.828
12/06/2026,2026-06-12,30,[06:15-06:30[,2026-06-12 05:15,1352.525,15102.097,11.166,13212.297,9.769,,,,,2084.2,1.541,2860.892,2.115,-3055.292,-2.259
12/06/2026,2026-06-12,31,[06:30-06:45[,2026-06-12 05:30,1374.993,16678.244,12.13,14706.453,10.696,,,,,2084.2,1.516,2927.304,2.129,-3039.713,-2.211
12/06/2026,2026-06-12,32,[06:45-07:00[,2026-06-12 05:45,1389.091,18657.921,13.432,15790.882,11.368,,,,,2084.2,1.5,2924.556,2.105,-2141.718,-1.542
12/06/2026,2026-06-12,33,[07:00-07:15[,2026-06-12 06:00,1454.494,31726.736,21.813,15322.934,10.535,,,,,13197.11,9.073,2970.763,2.042,235.93,0.162
12/06/2026,2026-06-12,34,[07:15-07:30[,2026-06-12 06:15,1483.175,32483.551,21.901,15461.14,10.424,,,,,13374.75,9.018,2992.359,2.018,655.302,0.442
12/06/2026,2026-06-12,35,[07:30-07:45[,2026-06-12 06:30,1512.797,33383.824,22.068,16265.638,10.752,,,,,15199.8,10.047,2962.92,1.959,-1044.533,-0.69
12/06/2026,2026-06-12,36,[07:45-08:00[,2026-06-12 06:45,1535.189,37575.023,24.476,17350.828,11.302,,,,,14806.11,9.644,2932.104,1.91,2485.982,1.619
12/06/2026,2026-06-12,37,[08:00-08:15[,2026-06-12 07:00,1617.58,33654.757,20.806,17350.828,10.726,,,,,11574,7.155,2973.983,1.839,1755.946,1.086
12/06/2026,2026-06-12,38,[08:15-08:30[,2026-06-12 07:15,1666.001,32565.554,19.547,17429.578,10.462,,,,,11610,6.969,2988.557,1.794,537.42,0.323
12/06/2026,2026-06-12,39,[08:30-08:45[,2026-06-12 07:30,1663.741,28863.213,17.348,17429.578,10.476,,,,,11430,6.87,2978.783,1.79,-2975.147,-1.788
12/06/2026,2026-06-12,40,[08:45-09:00[,2026-06-12 07:45,1691.615,31443.779,18.588,17430.515,10.304,,,,,11466,6.778,2966.125,1.753,-418.861,-0.248
12/06/2026,2026-06-12,41,[09:00-09:15[,2026-06-12 08:00,1708.53,32698.01,19.138,17429.704,10.202,,,,,12078,7.069,2896.434,1.695,293.872,0.172
12/06/2026,2026-06-12,42,[09:15-09:30[,2026-06-12 08:15,1701.132,32218.314,18.939,17429.704,10.246,,,,,12096,7.111,2854.545,1.678,-161.936,-0.095
12/06/2026,2026-06-12,43,[09:30-09:45[,2026-06-12 08:30,1707.929,32260.666,18.889,17430.178,10.205,,,,,12132,7.103,2812.305,1.647,-113.816,-0.067
12/06/2026,2026-06-12,44,[09:45-10:00[,2026-06-12 08:45,1703.129,32592.151,19.137,17429.825,10.234,,,,,12168,7.144,2785.693,1.636,208.633,0.122
12/06/2026,2026-06-12,45,[10:00-10:15[,2026-06-12 09:00,1690.337,30046.912,17.776,17429.825,10.311,,,,,12096,7.156,2739.474,1.621,-2218.387,-1.312
12/06/2026,2026-06-12,46,[10:15-10:30[,2026-06-12 09:15,1669.129,32407.747,19.416,17429.825,10.442,,,,,11456,6.863,2594.248,1.554,927.674,0.556
12/06/2026,2026-06-12,47,[10:30-10:45[,2026-06-12 09:30,1667.65,29857.376,17.904,17429.825,10.452,,,,,11557.4,6.93,2523.792,1.513,-1653.641,-0.992
12/06/2026,2026-06-12,48,[10:45-11:00[,2026-06-12 09:45,1667.061,30157.338,18.09,17429.825,10.455,,,,,11625,6.973,2463.229,1.478,-1360.717,-0.816
12/06/2026,2026-06-12,49,[11:00-11:15[,2026-06-12 10:00,1668.098,39302.034,23.561,17429.825,10.449,,,,,12348,7.402,2589.836,1.553,6934.373,4.157
12/06/2026,2026-06-12,50,[11:15-11:30[,2026-06-12 10:15,1676.278,33009.445,19.692,17429.825,10.398,,,,,11683.4,6.97,2424.187,1.446,1472.033,0.878
12/06/2026,2026-06-12,51,[11:30-11:45[,2026-06-12 10:30,1674.547,35561.73,21.237,17429.825,10.409,,,,,11920,7.118,2344.105,1.4,3867.799,2.31
12/06/2026,2026-06-12,52,[11:45-12:00[,2026-06-12 10:45,1667.956,35552.405,21.315,17429.825,10.45,,,,,11259.6,6.751,2319.213,1.39,4543.767,2.724
12/06/2026,2026-06-12,53,[12:00-12:15[,2026-06-12 11:00,1656.345,32482.34,19.611,17429.825,10.523,,,,,8113.7,4.899,2295.161,1.386,4643.654,2.804
12/06/2026,2026-06-12,54,[12:15-12:30[,2026-06-12 11:15,1660.428,38642.697,23.273,17429.825,10.497,,,,,8179.3,4.926,2315.158,1.394,10718.414,6.455
12/06/2026,2026-06-12,55,[12:30-12:45[,2026-06-12 11:30,1639.676,38596.929,23.539,17429.825,10.63,,,,,8179.3,4.988,2217.936,1.353,10769.867,6.568
12/06/2026,2026-06-12,56,[12:45-13:00[,2026-06-12 11:45,1632.841,39773.389,24.358,17429.825,10.675,,,,,8188.1,5.015,2183.76,1.337,11971.704,7.332
12/06/2026,2026-06-12,57,[13:00-13:15[,2026-06-12 12:00,1616.09,39175.961,24.241,17429.825,10.785,,,,,8188.1,5.067,2244.464,1.389,11313.572,7.001
12/06/2026,2026-06-12,58,[13:15-13:30[,2026-06-12 12:15,1636.886,36803.708,22.484,17429.825,10.648,,,,,8179.3,4.997,2239.166,1.368,8955.417,5.471
12/06/2026,2026-06-12,59,[13:30-13:45[,2026-06-12 12:30,1664.134,40795.896,24.515,17429.825,10.474,,,,,11556,6.944,2325.087,1.397,9484.984,5.7
12/06/2026,2026-06-12,60,[13:45-14:00[,2026-06-12 12:45,1667.549,40055.294,24.02,17429.825,10.452,,,,,11556,6.93,2342.654,1.405,8726.815,5.233
12/06/2026,2026-06-12,61,[14:00-14:15[,2026-06-12 13:00,1699.011,52629.662,30.977,17335.036,10.203,,,48434.075,28.507,11520,6.78,2321.719,1.367,-26981.168,-15.881
12/06/2026,2026-06-12,62,[14:15-14:30[,2026-06-12 13:15,1708.62,35987.44,21.062,17329.332,10.142,,,,,11484,6.721,2322.207,1.359,4851.901,2.84
12/06/2026,2026-06-12,63,[14:30-14:45[,2026-06-12 13:30,1702.558,33984.32,19.961,17328.181,10.178,,,,,11484,6.745,2350.083,1.38,2822.057,1.658
12/06/2026,2026-06-12,64,[14:45-15:00[,2026-06-12 13:45,1720.102,35122.835,20.419,17326.845,10.073,,,,,11484,6.676,2350.731,1.367,3961.259,2.303
12/06/2026,2026-06-12,65,[15:00-15:15[,2026-06-12 14:00,1719.596,34641.254,20.145,17325.78,10.075,,,,,11574,6.731,2353.731,1.369,3387.743,1.97
12/06/2026,2026-06-12,66,[15:15-15:30[,2026-06-12 14:15,1698.403,31969.002,18.823,17314.323,10.194,,,,,11556,6.804,2357.694,1.388,740.984,0.436
12/06/2026,2026-06-12,67,[15:30-15:45[,2026-06-12 14:30,1712.149,38037.545,22.216,17314.144,10.113,,,,,11538,6.739,2400.515,1.402,6784.886,3.963
12/06/2026,2026-06-12,68,[15:45-16:00[,2026-06-12 14:45,1723.7,37487.388,21.748,17295.18,10.034,,,,,11520,6.683,2416.676,1.402,6255.533,3.629
12/06/2026,2026-06-12,69,[16:00-16:15[,2026-06-12 15:00,1725.066,40570.187,23.518,17285.468,10.02,,,,,13881.3,8.047,2445.923,1.418,6957.497,4.033
12/06/2026,2026-06-12,70,[16:15-16:30[,2026-06-12 15:15,1725.005,43205.702,25.047,17285.213,10.02,,,,,13809.3,8.005,2605.577,1.51,9505.612,5.51
12/06/2026,2026-06-12,71,[16:30-16:45[,2026-06-12 15:30,1743.643,43270.442,24.816,17284.993,9.913,,,,,13935.3,7.992,2538.518,1.456,9511.632,5.455
12/06/2026,2026-06-12,72,[16:45-17:00[,2026-06-12 15:45,1760.665,36227.527,20.576,17284.783,9.817,,,,,13791.3,7.833,2539.404,1.442,2612.04,1.484
12/06/2026,2026-06-12,73,[17:00-17:15[,2026-06-12 16:00,1746.23,45770.622,26.211,17350.126,9.936,,,,,16262.4,9.313,2487.132,1.424,9670.964,5.538
12/06/2026,2026-06-12,74,[17:15-17:30[,2026-06-12 16:15,1751.754,39881.495,22.767,17281.888,9.865,,,,,15183.2,8.667,2521.02,1.439,4895.387,2.795
12/06/2026,2026-06-12,75,[17:30-17:45[,2026-06-12 16:30,1763.542,34157.947,19.369,16972.3,9.624,,,,,15523.2,8.802,2533.465,1.437,-871.018,-0.494
12/06/2026,2026-06-12,76,[17:45-18:00[,2026-06-12 16:45,1755.19,28123.326,16.023,16169.8,9.213,,,,,16262.4,9.265,2543.064,1.449,-6851.938,-3.904
12/06/2026,2026-06-12,77,[18:00-18:15[,2026-06-12 17:00,1735.114,37672.82,21.712,15541.888,8.957,,,,,16262.4,9.373,2484.214,1.432,3384.319,1.95
12/06/2026,2026-06-12,78,[18:15-18:30[,2026-06-12 17:15,1759.113,32037.542,18.212,15335.425,8.718,,,,,16262.4,9.245,2523.316,1.434,-2083.599,-1.184
12/06/2026,2026-06-12,79,[18:30-18:45[,2026-06-12 17:30,1761.386,34212.595,19.424,15005.425,8.519,,,,,16262.4,9.233,2648.224,1.503,296.546,0.168
12/06/2026,2026-06-12,80,[18:45-19:00[,2026-06-12 17:45,1790.333,23258.345,12.991,14546.699,8.125,,,,,6811,3.804,2664.352,1.488,-763.706,-0.427
12/06/2026,2026-06-12,81,[19:00-19:15[,2026-06-12 18:00,1818.307,22522.235,12.386,14882.313,8.185,,,,,1658.5,0.912,2628.848,1.446,3352.575,1.844
12/06/2026,2026-06-12,82,[19:15-19:30[,2026-06-12 18:15,1819.023,16809.157,9.241,12824.303,7.05,,,,,1736,0.954,2633.404,1.448,-384.55,-0.211
12/06/2026,2026-06-12,83,[19:30-19:45[,2026-06-12 18:30,1839.772,15745.015,8.558,10464.039,5.688,,,,,1736,0.944,2629.831,1.429,915.145,0.497
12/06/2026,2026-06-12,84,[19:45-20:00[,2026-06-12 18:45,1850.855,12318.545,6.656,9315.299,5.033,,,,,1736,0.938,2525.827,1.365,-1258.581,-0.68
12/06/2026,2026-06-12,85,[20:00-20:15[,2026-06-12 19:00,1846.425,16687.571,9.038,9693.194,5.25,,,,,2080.1,1.127,2532.758,1.372,2381.52,1.29
12/06/2026,2026-06-12,86,[20:15-20:30[,2026-06-12 19:15,1839.154,13414.111,7.294,8914.973,4.847,,,,,2033.6,1.106,2612.565,1.421,-147.026,-0.08
12/06/2026,2026-06-12,87,[20:30-20:45[,2026-06-12 19:30,1828.361,11506.761,6.293,8613.414,4.711,,,,,2033.6,1.112,2632.705,1.44,-1772.958,-0.97
12/06/2026,2026-06-12,88,[20:45-21:00[,2026-06-12 19:45,1821.892,13862.636,7.609,9184.902,5.041,,,,,2033.6,1.116,2656.151,1.458,-12.017,-0.007
12/06/2026,2026-06-12,89,[21:00-21:15[,2026-06-12 20:00,1817.097,15862.761,8.73,9451.465,5.201,,,,,2207.2,1.215,2654.827,1.461,1549.269,0.853
12/06/2026,2026-06-12,90,[21:15-21:30[,2026-06-12 20:15,1835.741,15125.681,8.24,9637.155,5.25,,,,,2207.2,1.202,2697.618,1.469,583.708,0.318
12/06/2026,2026-06-12,91,[21:30-21:45[,2026-06-12 20:30,1813.384,14260.408,7.864,9585.024,5.286,,,,,2207.2,1.217,2693.101,1.485,-224.918,-0.124
12/06/2026,2026-06-12,92,[21:45-22:00[,2026-06-12 20:45,1793.964,16811.181,9.371,10171.899,5.67,,,,,2256.8,1.258,2730.506,1.522,1651.976,0.921
12/06/2026,2026-06-12,93,[22:00-22:15[,2026-06-12 21:00,1753.453,16861.375,9.616,10227.212,5.833,,,,,2365.3,1.349,2633.389,1.502,1635.474,0.933
12/06/2026,2026-06-12,94,[22:15-22:30[,2026-06-12 21:15,1730.902,17173.314,9.922,10699.712,6.182,,,,,2365.3,1.367,2579.802,1.49,1528.499,0.883
12/06/2026,2026-06-12,95,[22:30-22:45[,2026-06-12 21:30,1700.527,15116.635,8.889,10753.149,6.323,,,,,2365.3,1.391,2538.127,1.493,-539.941,-0.318
12/06/2026,2026-06-12,96,[22:45-23:00[,2026-06-12 21:45,1684.516,16340.241,9.7,11358.786,6.743,,,,,2365.3,1.404,2802.783,1.664,-186.628,-0.111
13/06/2026,2026-06-13,1,[23:00-23:15[,2026-06-12 22:00,1625.328,18075.748,11.121,8853.868,5.447,,,,,4263.3,2.623,2820.407,1.735,2138.173,1.316
13/06/2026,2026-06-13,2,[23:15-23:30[,2026-06-12 22:15,1608.079,18903.023,11.755,9321.7,5.797,,,,,5475.6,3.405,2843.401,1.768,1262.322,0.785
13/06/2026,2026-06-13,3,[23:30-23:45[,2026-06-12 22:30,1578.041,17451.881,11.059,9594.115,6.08,,,,,6286.8,3.984,2834.017,1.796,-1263.051,-0.8
13/06/2026,2026-06-13,4,[23:45-00:00[,2026-06-12 22:45,1529.289,17334.569,11.335,9724.152,6.359,,,,,6692.4,4.376,2833.05,1.853,-1915.033,-1.252
13/06/2026,2026-06-13,5,[00:00-00:15[,2026-06-12 23:00,1499.415,18311.801,12.213,9875.629,6.586,,,,,5385.3,3.592,2784.582,1.857,266.29,0.178
13/06/2026,2026-06-13,6,[00:15-00:30[,2026-06-12 23:15,1493.575,18332.044,12.274,10077.185,6.747,,,,,5942.4,3.979,2821.715,1.889,-509.256,-0.341
13/06/2026,2026-06-13,7,[00:30-00:45[,2026-06-12 23:30,1463.569,20485.984,13.997,10411.083,7.113,,,,,6747.1,4.61,2818.588,1.926,509.212,0.348
13/06/2026,2026-06-13,8,[00:45-01:00[,2026-06-12 23:45,1423.581,19064.543,13.392,10978.104,7.712,,,,,8170.8,5.74,2821.309,1.982,-2905.669,-2.041
13/06/2026,2026-06-13,9,[01:00-01:15[,2026-06-13 00:00,1412.551,15508.29,10.979,11597.787,8.211,,,,,8486.2,6.008,2752.859,1.949,-7328.555,-5.188
13/06/2026,2026-06-13,10,[01:15-01:30[,2026-06-13 00:15,1402.62,19688.229,14.037,12408.11,8.846,,,,,9722.6,6.932,2815.389,2.007,-5257.87,-3.749
13/06/2026,2026-06-13,11,[01:30-01:45[,2026-06-13 00:30,1374.08,22986.445,16.729,13580.426,9.883,,,,,9930.2,7.227,2814.22,2.048,-3338.401,-2.43
13/06/2026,2026-06-13,12,[01:45-02:00[,2026-06-13 00:45,1359.712,28319.893,20.828,14080.724,10.356,,,,,9930.2,7.303,2807.862,2.065,1501.107,1.104
13/06/2026,2026-06-13,13,[02:00-02:15[,2026-06-13 01:00,1334.827,27419.074,20.541,14240.031,10.668,,,,,9532.3,7.141,2800.912,2.098,845.831,0.634
13/06/2026,2026-06-13,14,[02:15-02:30[,2026-06-13 01:15,1320.533,26509.907,20.075,14285.566,10.818,,,,,9532.3,7.219,2694.544,2.04,-2.503,-0.002
13/06/2026,2026-06-13,15,[02:30-02:45[,2026-06-13 01:30,1297.671,26744.207,20.609,14397.724,11.095,,,,,9515,7.332,2754.96,2.123,76.523,0.059
13/06/2026,2026-06-13,16,[02:45-03:00[,2026-06-13 01:45,1299.634,26916.888,20.711,14442.003,11.112,,,,,9515,7.321,2758.666,2.123,201.219,0.155
13/06/2026,2026-06-13,17,[03:00-03:15[,2026-06-13 02:00,1302.959,26532.557,20.363,14332.492,11,,,,,9376.6,7.196,2760.593,2.119,62.872,0.048
13/06/2026,2026-06-13,18,[03:15-03:30[,2026-06-13 02:15,1267.647,26809.08,21.149,14463.747,11.41,,,,,9376.6,7.397,2674.372,2.11,294.361,0.232
13/06/2026,2026-06-13,19,[03:30-03:45[,2026-06-13 02:30,1272.651,26626.734,20.922,14498.236,11.392,,,,,9376.6,7.368,2753.929,2.164,-2.031,-0.002
13/06/2026,2026-06-13,20,[03:45-04:00[,2026-06-13 02:45,1269.904,26346.671,20.747,14440.448,11.371,,,,,9376.6,7.384,2742.263,2.159,-212.64,-0.167
13/06/2026,2026-06-13,21,[04:00-04:15[,2026-06-13 03:00,1250.422,25441.001,20.346,14096.131,11.273,,,,,9670.7,7.734,2743.066,2.194,-1068.897,-0.855
13/06/2026,2026-06-13,22,[04:15-04:30[,2026-06-13 03:15,1255.605,26507.396,21.111,14046.004,11.187,,,,,9670.7,7.702,2747.029,2.188,43.664,0.035
13/06/2026,2026-06-13,23,[04:30-04:45[,2026-06-13 03:30,1252.186,25428.097,20.307,13597.466,10.859,,,,,9670.7,7.723,2730.345,2.18,-570.414,-0.456
13/06/2026,2026-06-13,24,[04:45-05:00[,2026-06-13 03:45,1242.721,25945.908,20.878,13515.916,10.876,,,,,9670.7,7.782,2752.282,2.215,7.01,0.006
13/06/2026,2026-06-13,25,[05:00-05:15[,2026-06-13 04:00,1247.432,19537.737,15.662,11969.508,9.595,,,,,7378.8,5.915,2750.338,2.205,-2560.909,-2.053
13/06/2026,2026-06-13,26,[05:15-05:30[,2026-06-13 04:15,1240.535,21173.301,17.068,11406.009,9.194,,,,,6316.7,5.092,2739.403,2.208,711.188,0.573
13/06/2026,2026-06-13,27,[05:30-05:45[,2026-06-13 04:30,1238.715,17960.009,14.499,11352.533,9.165,,,,,6093.1,4.919,2715.428,2.192,-2201.052,-1.777
13/06/2026,2026-06-13,28,[05:45-06:00[,2026-06-13 04:45,1200.801,19862.921,16.541,11352.533,9.454,,,,,6093.1,5.074,2679.978,2.232,-262.689,-0.219
13/06/2026,2026-06-13,29,[06:00-06:15[,2026-06-13 05:00,1205.613,15049.277,12.483,9790.959,8.121,,,,,4895.4,4.061,2736.36,2.27,-2373.441,-1.969
13/06/2026,2026-06-13,30,[06:15-06:30[,2026-06-13 05:15,1210.848,19621.445,16.205,11527.796,9.52,,,,,8059.5,6.656,2634.652,2.176,-2600.503,-2.148
13/06/2026,2026-06-13,31,[06:30-06:45[,2026-06-13 05:30,1212.73,27871.658,22.983,14225.451,11.73,,,,,10535.7,8.688,2701.934,2.228,408.573,0.337
13/06/2026,2026-06-13,32,[06:45-07:00[,2026-06-13 05:45,1222.264,28461.494,23.286,15309.074,12.525,,,,,10535.7,8.62,2638.404,2.159,-21.683,-0.018
13/06/2026,2026-06-13,33,[07:00-07:15[,2026-06-13 06:00,1260.711,26475.966,21.001,13908.333,11.032,,,,,10950.9,8.686,2692.507,2.136,-1075.773,-0.853
13/06/2026,2026-06-13,34,[07:15-07:30[,2026-06-13 06:15,1278.087,28714.332,22.467,14950.1,11.697,,,,,11409.8,8.927,2710.68,2.121,-356.248,-0.279
13/06/2026,2026-06-13,35,[07:30-07:45[,2026-06-13 06:30,1307.757,24790.138,18.956,16309.508,12.471,,,,,11427.6,8.738,2709.716,2.072,-5656.685,-4.325
13/06/2026,2026-06-13,36,[07:45-08:00[,2026-06-13 06:45,1290.59,23215.329,17.988,16591.657,12.856,,,,,11427.6,8.855,2707.96,2.098,-7511.888,-5.821
13/06/2026,2026-06-13,37,[08:00-08:15[,2026-06-13 07:00,1336.755,18818.77,14.078,16591.66,12.412,,,,,10448.1,7.816,2672.804,1.999,-10893.793,-8.149
13/06/2026,2026-06-13,38,[08:15-08:30[,2026-06-13 07:15,1353.667,29904.447,22.091,16591.663,12.257,,,,,10421,7.698,2637.625,1.949,254.159,0.188
13/06/2026,2026-06-13,39,[08:30-08:45[,2026-06-13 07:30,1356.974,24954.749,18.39,16593.42,12.228,,,,,10563,7.784,2572.021,1.895,-4773.692,-3.518
13/06/2026,2026-06-13,40,[08:45-09:00[,2026-06-13 07:45,1373.551,29753.3,21.662,16635.556,12.111,,,,,10598.4,7.716,2583.929,1.881,-64.584,-0.047
13/06/2026,2026-06-13,41,[09:00-09:15[,2026-06-13 08:00,1407.791,30306.937,21.528,16636.641,11.818,,,,,11064.7,7.86,2544.31,1.807,61.286,0.044
13/06/2026,2026-06-13,42,[09:15-09:30[,2026-06-13 08:15,1411.239,30248.026,21.434,16636.641,11.789,,,,,11115.7,7.877,2520.874,1.786,-25.19,-0.018
13/06/2026,2026-06-13,43,[09:30-09:45[,2026-06-13 08:30,1412.152,30155.317,21.354,16636.641,11.781,,,,,11132.8,7.884,2486.236,1.761,-100.36,-0.071
13/06/2026,2026-06-13,44,[09:45-10:00[,2026-06-13 08:45,1431.929,30177.085,21.074,16636.641,11.618,,,,,11166.8,7.798,2549.573,1.781,-175.929,-0.123
13/06/2026,2026-06-13,45,[10:00-10:15[,2026-06-13 09:00,1449.951,27155.528,18.729,16591.746,11.443,,,,,10485.01,7.231,2468.635,1.703,-2389.863,-1.648
13/06/2026,2026-06-13,46,[10:15-10:30[,2026-06-13 09:15,1441.617,28634.179,19.863,16591.748,11.509,,,,,10619.1,7.366,2543.996,1.765,-1120.664,-0.777
13/06/2026,2026-06-13,47,[10:30-10:45[,2026-06-13 09:30,1451.519,28116.074,19.37,16591.749,11.431,,,,,10115.25,6.969,2544.166,1.753,-1135.091,-0.782
13/06/2026,2026-06-13,48,[10:45-11:00[,2026-06-13 09:45,1464.184,27835.369,19.011,16591.749,11.332,,,,,10199.78,6.966,2520.606,1.722,-1476.766,-1.009
13/06/2026,2026-06-13,49,[11:00-11:15[,2026-06-13 10:00,1466.079,25527.416,17.412,16591.748,11.317,,,,,10988.6,7.495,2471.215,1.686,-4524.146,-3.086
13/06/2026,2026-06-13,50,[11:15-11:30[,2026-06-13 10:15,1476.83,26441.521,17.904,16591.746,11.235,,,,,11061.52,7.49,2414.856,1.635,-3626.601,-2.456
13/06/2026,2026-06-13,51,[11:30-11:45[,2026-06-13 10:30,1503.046,23687.424,15.76,16591.743,11.039,,,,,10360.32,6.893,2464.184,1.639,-5728.822,-3.811
13/06/2026,2026-06-13,52,[11:45-12:00[,2026-06-13 10:45,1509.373,22461.037,14.881,16591.74,10.992,,,,,10392.66,6.885,2461.045,1.631,-6984.408,-4.627
13/06/2026,2026-06-13,53,[12:00-12:15[,2026-06-13 11:00,1497.811,24862.44,16.599,16636.093,11.107,,,,,9658.44,6.448,2318.885,1.548,-3750.978,-2.504
13/06/2026,2026-06-13,54,[12:15-12:30[,2026-06-13 11:15,1516.136,22226.951,14.66,16635.698,10.972,,,,,9675.54,6.382,2324.987,1.533,-6409.274,-4.227
13/06/2026,2026-06-13,55,[12:30-12:45[,2026-06-13 11:30,1519.727,22156.075,14.579,16635.647,10.946,,,,,9689.78,6.376,2339.349,1.539,-6508.7,-4.283
13/06/2026,2026-06-13,56,[12:45-13:00[,2026-06-13 11:45,1477.481,25212.388,17.064,16635.583,11.259,,,,,9718.26,6.578,2366.916,1.602,-3508.37,-2.375
13/06/2026,2026-06-13,57,[13:00-13:15[,2026-06-13 12:00,1479.378,27964.155,18.903,16635.519,11.245,,,,,9666.96,6.534,2299.474,1.554,-637.798,-0.431
13/06/2026,2026-06-13,58,[13:15-13:30[,2026-06-13 12:15,1467.727,23708.134,16.153,16635.456,11.334,,,,,9666.96,6.586,2324.642,1.584,-4918.924,-3.351
13/06/2026,2026-06-13,59,[13:30-13:45[,2026-06-13 12:30,1446.856,26876.845,18.576,16635.405,11.498,,,,,9276.64,6.412,2300.189,1.59,-1335.388,-0.923
13/06/2026,2026-06-13,60,[13:45-14:00[,2026-06-13 12:45,1434.788,25536.444,17.798,16635.366,11.594,,,,,9276.64,6.466,2309.172,1.609,-2684.734,-1.871
13/06/2026,2026-06-13,61,[14:00-14:15[,2026-06-13 13:00,1436.435,25707.508,17.897,16681.177,11.613,,,,,6648,4.628,2244,1.562,134.331,0.094
13/06/2026,2026-06-13,62,[14:15-14:30[,2026-06-13 13:15,1437.87,25137.387,17.482,16681.738,11.602,,,,,6648,4.624,2251.295,1.566,-443.646,-0.309
13/06/2026,2026-06-13,63,[14:30-14:45[,2026-06-13 13:30,1415.166,24477.741,17.297,16682.121,11.788,,,,,6648,4.698,2168.267,1.532,-1020.646,-0.721
13/06/2026,2026-06-13,64,[14:45-15:00[,2026-06-13 13:45,1416.314,26629.174,18.802,16682.656,11.779,,,,,6633,4.683,2234.109,1.577,1079.409,0.762
13/06/2026,2026-06-13,65,[15:00-15:15[,2026-06-13 14:00,1427.2,26707.21,18.713,16683.217,11.689,,,,,9601.48,6.727,2300.939,1.612,-1878.425,-1.316
13/06/2026,2026-06-13,66,[15:15-15:30[,2026-06-13 14:15,1411.28,25437.202,18.024,16635.647,11.788,,,,,10469,7.418,2278.533,1.615,-3945.978,-2.796
13/06/2026,2026-06-13,67,[15:30-15:45[,2026-06-13 14:30,1412.45,27165.01,19.233,16635.723,11.778,,,,,10451.9,7.4,2279.087,1.614,-2201.7,-1.559
13/06/2026,2026-06-13,68,[15:45-16:00[,2026-06-13 14:45,1409.449,25145.62,17.841,16635.8,11.803,,,,,10434.8,7.403,2289.779,1.625,-4214.759,-2.99
13/06/2026,2026-06-13,69,[16:00-16:15[,2026-06-13 15:00,1398.284,30529.636,21.834,16635.864,11.897,,,,,11342.4,8.112,2307.773,1.65,243.6,0.174
13/06/2026,2026-06-13,70,[16:15-16:30[,2026-06-13 15:15,1380.161,27360.993,19.824,16636.259,12.054,,,,,11324.7,8.205,2285.214,1.656,-2885.18,-2.09
13/06/2026,2026-06-13,71,[16:30-16:45[,2026-06-13 15:30,1388.23,28400.387,20.458,16636.629,11.984,,,,,11200.5,8.068,2260.146,1.628,-1696.888,-1.222
13/06/2026,2026-06-13,72,[16:45-17:00[,2026-06-13 15:45,1386.553,30536.221,22.023,16606.41,11.977,,,,,11638.5,8.394,2260.873,1.631,30.438,0.022
13/06/2026,2026-06-13,73,[17:00-17:15[,2026-06-13 16:00,1401.617,30855.619,22.014,16600.917,11.844,,,,,12193,8.699,2355.77,1.681,-294.068,-0.21
13/06/2026,2026-06-13,74,[17:15-17:30[,2026-06-13 16:15,1415.926,29940.252,21.145,16537.413,11.68,,,,,12192.3,8.611,2374.586,1.677,-1164.047,-0.822
13/06/2026,2026-06-13,75,[17:30-17:45[,2026-06-13 16:30,1421.873,32170.903,22.626,16363.883,11.509,,,,,12106.8,8.515,2390.416,1.681,1309.804,0.921
13/06/2026,2026-06-13,76,[17:45-18:00[,2026-06-13 16:45,1438.44,29978.457,20.841,16140.758,11.221,,,,,11900.9,8.273,2407.14,1.673,-470.341,-0.327
13/06/2026,2026-06-13,77,[18:00-18:15[,2026-06-13 17:00,1452.663,30107.993,20.726,16052.07,11.05,,,,,11970.7,8.241,2500.942,1.722,-415.719,-0.286
13/06/2026,2026-06-13,78,[18:15-18:30[,2026-06-13 17:15,1483.662,29309.332,19.755,14988.568,10.102,,,,,11918.8,8.033,2616.889,1.764,-214.925,-0.145
13/06/2026,2026-06-13,79,[18:30-18:45[,2026-06-13 17:30,1489.915,26518.611,17.799,12494.818,8.386,,,,,11711.2,7.86,2616.246,1.756,-303.653,-0.204
13/06/2026,2026-06-13,80,[18:45-19:00[,2026-06-13 17:45,1507.896,24118.963,15.995,10663.718,7.072,,,,,11970.7,7.939,2616.578,1.735,-1132.033,-0.751
13/06/2026,2026-06-13,81,[19:00-19:15[,2026-06-13 18:00,1550.291,26534.056,17.116,13223.498,8.53,,,,,10241.6,6.606,2678.553,1.728,390.405,0.252
13/06/2026,2026-06-13,82,[19:15-19:30[,2026-06-13 18:15,1563.156,22438.413,14.355,10708.151,6.85,,,,,8820.8,5.643,2678.399,1.713,231.063,0.148
13/06/2026,2026-06-13,83,[19:30-19:45[,2026-06-13 18:30,1597.339,16643.33,10.419,9100.777,5.697,,,,,4854.4,3.039,2677.433,1.676,10.719,0.007
13/06/2026,2026-06-13,84,[19:45-20:00[,2026-06-13 18:45,1622.199,11737.296,7.235,7834.777,4.83,,,,,3136.6,1.934,2676.792,1.65,-1910.872,-1.178
13/06/2026,2026-06-13,85,[20:00-20:15[,2026-06-13 19:00,1606.87,15172.867,9.442,7916.551,4.927,,,,,3117.3,1.94,2676.25,1.666,1462.766,0.91
13/06/2026,2026-06-13,86,[20:15-20:30[,2026-06-13 19:15,1610.006,6330.33,3.932,6793.286,4.219,,,,,1069.3,0.664,2537.949,1.576,-4070.206,-2.528
13/06/2026,2026-06-13,87,[20:30-20:45[,2026-06-13 19:30,1610.477,10730.673,6.663,6508.865,4.042,,,,,889.5,0.552,2537.14,1.575,795.168,0.494
13/06/2026,2026-06-13,88,[20:45-21:00[,2026-06-13 19:45,1598.747,12120.547,7.581,6533.34,4.087,,,,,889.5,0.556,2489.61,1.557,2208.097,1.381
13/06/2026,2026-06-13,89,[21:00-21:15[,2026-06-13 20:00,1586.675,13365.498,8.424,7692.821,4.848,,,,,913.5,0.576,2505.834,1.579,2253.343,1.42
13/06/2026,2026-06-13,90,[21:15-21:30[,2026-06-13 20:15,1596.269,12065.831,7.559,7695.202,4.821,,,,,913.5,0.572,2350.662,1.473,1106.468,0.693
13/06/2026,2026-06-13,91,[21:30-21:45[,2026-06-13 20:30,1593.269,11805.868,7.41,7830.202,4.915,,,,,913.5,0.573,2407.801,1.511,654.366,0.411
13/06/2026,2026-06-13,92,[21:45-22:00[,2026-06-13 20:45,1572.548,12021.463,7.645,7901.452,5.025,,,,,916.5,0.583,2407.797,1.531,795.714,0.506
13/06/2026,2026-06-13,93,[22:00-22:15[,2026-06-13 21:00,1574.153,4754.496,3.02,8086.826,5.137,,,,,1050,0.667,2442.145,1.551,-6824.475,-4.335
13/06/2026,2026-06-13,94,[22:15-22:30[,2026-06-13 21:15,1553.682,8786.673,5.655,8815.498,5.674,,,57.334,0.037,3231,2.08,2441.815,1.572,-5758.973,-3.707
13/06/2026,2026-06-13,95,[22:30-22:45[,2026-06-13 21:30,1513.682,14710.784,9.719,9221.161,6.092,,,,,3866.4,2.554,2441.97,1.613,-818.747,-0.541
13/06/2026,2026-06-13,96,[22:45-23:00[,2026-06-13 21:45,1511.215,16299.368,10.786,9524.867,6.303,,,,,4367.6,2.89,2675.654,1.771,-268.752,-0.178
14/06/2026,2026-06-14,1,[23:00-23:15[,2026-06-13 22:00,1491.444,3179.478,2.132,5185.021,3.477,,,,,829.3,0.556,2675.646,1.794,-5510.489,-3.695
14/06/2026,2026-06-14,2,[23:15-23:30[,2026-06-13 22:15,1470.501,4365.087,2.968,5265.909,3.581,,,,,1218.6,0.829,2675.474,1.819,-4794.895,-3.261
14/06/2026,2026-06-14,3,[23:30-23:45[,2026-06-13 22:30,1411.299,4385.658,3.108,5265.852,3.731,,,,,1218.6,0.863,2675.302,1.896,-4774.096,-3.383
14/06/2026,2026-06-14,4,[23:45-00:00[,2026-06-13 22:45,1406.537,5474.096,3.892,5768.566,4.101,,,,,2515.6,1.789,2674.806,1.902,-5484.876,-3.9
14/06/2026,2026-06-14,5,[00:00-00:15[,2026-06-13 23:00,1394.3,5319.855,3.815,5834.754,4.185,,,,,2433.6,1.745,2677.722,1.92,-5626.221,-4.035
14/06/2026,2026-06-14,6,[00:15-00:30[,2026-06-13 23:15,1347.057,7300.556,5.42,5984.754,4.443,,,,,2817,2.091,2681.448,1.991,-4182.645,-3.105
14/06/2026,2026-06-14,7,[00:30-00:45[,2026-06-13 23:30,1340.245,13049.234,9.736,6374.593,4.756,,,,,3443,2.569,2681.604,2.001,550.037,0.41
14/06/2026,2026-06-14,8,[00:45-01:00[,2026-06-13 23:45,1316.207,9143.794,6.947,6702.463,5.092,,,,,3443,2.616,2681.597,2.037,-3683.266,-2.798
14/06/2026,2026-06-14,9,[01:00-01:15[,2026-06-14 00:00,1307.23,12056.626,9.223,6989.534,5.347,,,,,2052,1.57,2680.941,2.051,334.15,0.256
14/06/2026,2026-06-14,10,[01:15-01:30[,2026-06-14 00:15,1281.603,12317.813,9.611,7116.633,5.553,,,,,2268,1.77,2681.421,2.092,251.759,0.196
14/06/2026,2026-06-14,11,[01:30-01:45[,2026-06-14 00:30,1263.006,13328.497,10.553,7234.556,5.728,,,,,2974.4,2.355,2681.091,2.123,438.449,0.347
14/06/2026,2026-06-14,12,[01:45-02:00[,2026-06-14 00:45,1262.633,13147.884,10.413,7323.544,5.8,,,,,3243.3,2.569,2681.41,2.124,-100.371,-0.079
14/06/2026,2026-06-14,13,[02:00-02:15[,2026-06-14 01:00,1239.763,13645.041,11.006,7517.209,6.063,,,,,3209.6,2.589,2681.166,2.163,237.066,0.191
14/06/2026,2026-06-14,14,[02:15-02:30[,2026-06-14 01:15,1223.251,13478.21,11.018,7563.274,6.183,,,,,3209.6,2.624,2571.664,2.102,133.672,0.109
14/06/2026,2026-06-14,15,[02:30-02:45[,2026-06-14 01:30,1227.757,13484.711,10.983,7592.861,6.184,,,,,3324.5,2.708,2571.175,2.094,-3.825,-0.003
14/06/2026,2026-06-14,16,[02:45-03:00[,2026-06-14 01:45,1199.812,13564.083,11.305,7578.536,6.316,,,,,3209.6,2.675,2570.2,2.142,205.746,0.171
14/06/2026,2026-06-14,17,[03:00-03:15[,2026-06-14 02:00,1195.141,14381.589,12.033,7600.456,6.359,,,,,3383.1,2.831,2631.681,2.202,766.353,0.641
14/06/2026,2026-06-14,18,[03:15-03:30[,2026-06-14 02:15,1199.97,13522.923,11.269,7594.87,6.329,,,,,3323.2,2.769,2634.106,2.195,-29.253,-0.024
14/06/2026,2026-06-14,19,[03:30-03:45[,2026-06-14 02:30,1172.904,13959.634,11.902,7594.54,6.475,,,,,3275.7,2.793,2634.427,2.246,454.967,0.388
14/06/2026,2026-06-14,20,[03:45-04:00[,2026-06-14 02:45,1176.682,12731.335,10.82,7329.383,6.229,,,,,3060.9,2.601,2634.263,2.239,-293.21,-0.249
14/06/2026,2026-06-14,21,[04:00-04:15[,2026-06-14 03:00,1174.883,13785.735,11.734,7596.303,6.466,,,,,3416.2,2.908,2634.909,2.243,138.323,0.118
14/06/2026,2026-06-14,22,[04:15-04:30[,2026-06-14 03:15,1160.134,14463.65,12.467,7595.291,6.547,,,,,3373.3,2.908,2634.584,2.271,860.474,0.742
14/06/2026,2026-06-14,23,[04:30-04:45[,2026-06-14 03:30,1164.774,14027.447,12.043,7482.199,6.424,,,,,3368.9,2.892,2634.421,2.262,541.927,0.465
14/06/2026,2026-06-14,24,[04:45-05:00[,2026-06-14 03:45,1153.494,12621.123,10.942,7332.387,6.357,,,,,3060.9,2.654,2634.583,2.284,-406.747,-0.353
14/06/2026,2026-06-14,25,[05:00-05:15[,2026-06-14 04:00,1160.156,11635.376,10.029,7123.663,6.14,,,,,2322,2.001,2634.097,2.27,-444.383,-0.383
14/06/2026,2026-06-14,26,[05:15-05:30[,2026-06-14 04:15,1166.643,9459.053,8.108,7057.952,6.05,,,,,2052,1.759,2631.508,2.256,-2282.407,-1.956
14/06/2026,2026-06-14,27,[05:30-05:45[,2026-06-14 04:30,1143.899,6463.202,5.65,6755.003,5.905,,,,,2052,1.794,2631.02,2.3,-4974.821,-4.349
14/06/2026,2026-06-14,28,[05:45-06:00[,2026-06-14 04:45,1141.771,14516.43,12.714,7004.791,6.135,,,,,2052,1.797,2631.661,2.305,2827.979,2.477
14/06/2026,2026-06-14,29,[06:00-06:15[,2026-06-14 05:00,1142.124,12425.587,10.879,5984.77,5.24,,,,,2718,2.38,2631.566,2.304,1091.25,0.955
14/06/2026,2026-06-14,30,[06:15-06:30[,2026-06-14 05:15,1135.541,15753.993,13.874,7603.311,6.696,,,,,3811.5,3.357,2637.722,2.323,1701.46,1.498
14/06/2026,2026-06-14,31,[06:30-06:45[,2026-06-14 05:30,1133.536,18853.225,16.632,8115.889,7.16,,,,,5910.2,5.214,2641.774,2.331,2185.362,1.928
14/06/2026,2026-06-14,32,[06:45-07:00[,2026-06-14 05:45,1135.893,21182.552,18.648,8488.789,7.473,,,,,9030,7.95,2641.776,2.326,1021.987,0.9
14/06/2026,2026-06-14,33,[07:00-07:15[,2026-06-14 06:00,1164.552,25886.333,22.229,10725.663,9.21,,,,,10395,8.926,2641.292,2.268,2124.379,1.824
14/06/2026,2026-06-14,34,[07:15-07:30[,2026-06-14 06:15,1164.474,27013.468,23.198,14004.1,12.026,,,,,11052.8,9.492,2640.97,2.268,-684.402,-0.588
14/06/2026,2026-06-14,35,[07:30-07:45[,2026-06-14 06:30,1175.222,28744.969,24.459,14956.6,12.727,,,,,11178.4,9.512,2640.811,2.247,-30.842,-0.026
14/06/2026,2026-06-14,36,[07:45-08:00[,2026-06-14 06:45,1200.487,30210.458,25.165,16270.038,13.553,,,,,11178.4,9.312,2641.139,2.2,120.882,0.101
14/06/2026,2026-06-14,37,[08:00-08:15[,2026-06-14 07:00,1207.261,29692.283,24.595,16285.038,13.489,,,,,10120.2,8.383,2641.305,2.188,645.741,0.535
14/06/2026,2026-06-14,38,[08:15-08:30[,2026-06-14 07:15,1225.26,27572.24,22.503,16363.788,13.355,,,,,8478.1,6.919,2632.706,2.149,97.646,0.08
14/06/2026,2026-06-14,39,[08:30-08:45[,2026-06-14 07:30,1243.213,26885.393,21.626,16364.138,13.163,,,,,8558.9,6.885,2625.844,2.112,-663.489,-0.534
14/06/2026,2026-06-14,40,[08:45-09:00[,2026-06-14 07:45,1245.16,13988.838,11.235,16409.138,13.178,,,,,8599.3,6.906,2619.227,2.104,-13638.827,-10.953
14/06/2026,2026-06-14,41,[09:00-09:15[,2026-06-14 08:00,1283.518,13649.61,10.635,16440.075,12.809,,,,,9424.3,7.343,2555.534,1.991,-14770.299,-11.508
14/06/2026,2026-06-14,42,[09:15-09:30[,2026-06-14 08:15,1298.592,27956.202,21.528,16456.951,12.673,,,,,9173.3,7.064,2490.637,1.918,-164.687,-0.127
14/06/2026,2026-06-14,43,[09:30-09:45[,2026-06-14 08:30,1290.429,27996.858,21.696,16409.14,12.716,,,,,9197.5,7.127,2487.094,1.927,-96.876,-0.075
14/06/2026,2026-06-14,44,[09:45-10:00[,2026-06-14 08:45,1301.043,27489.999,21.129,16456.953,12.649,,,,,9189.5,7.063,2096.473,1.611,-252.927,-0.194
14/06/2026,2026-06-14,45,[10:00-10:15[,2026-06-14 09:00,1319.405,27772.882,21.05,16372.578,12.409,,,,,9394.6,7.12,2054.571,1.557,-48.868,-0.037
14/06/2026,2026-06-14,46,[10:15-10:30[,2026-06-14 09:15,1331.57,26965.438,20.251,16409.141,12.323,,,,,9297.8,6.983,2065.054,1.551,-806.557,-0.606
14/06/2026,2026-06-14,47,[10:30-10:45[,2026-06-14 09:30,1345.179,20456.857,15.208,16409.141,12.198,,,,,9309.9,6.921,2106.596,1.566,-7368.78,-5.478
14/06/2026,2026-06-14,48,[10:45-11:00[,2026-06-14 09:45,1349.243,25336.084,18.778,16409.142,12.162,,,33.447,0.025,9297.8,6.891,2058.109,1.525,-2462.414,-1.825
14/06/2026,2026-06-14,49,[11:00-11:15[,2026-06-14 10:00,1366.349,23951.808,17.53,16409.142,12.009,,,239.757,0.175,9528.2,6.973,2056.428,1.505,-4281.718,-3.134
14/06/2026,2026-06-14,50,[11:15-11:30[,2026-06-14 10:15,1366.899,20402.546,14.926,16409.141,12.005,,,10.258,0.008,9504,6.953,2051.737,1.501,-7572.59,-5.54
14/06/2026,2026-06-14,51,[11:30-11:45[,2026-06-14 10:30,1367.836,27940.884,20.427,16409.141,11.996,,,,,9516.1,6.957,2042.026,1.493,-26.383,-0.019
14/06/2026,2026-06-14,52,[11:45-12:00[,2026-06-14 10:45,1376.209,27978.84,20.33,16409.141,11.923,,,,,9516.1,6.915,2046.383,1.487,7.216,0.005
14/06/2026,2026-06-14,53,[12:00-12:15[,2026-06-14 11:00,1375.221,24247.857,17.632,16409.141,11.932,,,,,8549.28,6.217,2080.542,1.513,-2791.106,-2.03
14/06/2026,2026-06-14,54,[12:15-12:30[,2026-06-14 11:15,1401.812,25225.42,17.995,16409.141,11.706,,,,,8560.86,6.107,2067.923,1.475,-1812.504,-1.293
14/06/2026,2026-06-14,55,[12:30-12:45[,2026-06-14 11:30,1395.386,16617.162,11.909,16409.141,11.76,,,,,6655.6,4.77,2138.994,1.533,-8586.573,-6.154
14/06/2026,2026-06-14,56,[12:45-13:00[,2026-06-14 11:45,1380.513,22057.626,15.978,16409.141,11.886,,,,,6665.6,4.828,2133.85,1.546,-3150.965,-2.282
14/06/2026,2026-06-14,57,[13:00-13:15[,2026-06-14 12:00,1358.618,25434.513,18.721,16456.954,12.113,,,,,6605.8,4.862,2107.44,1.551,264.319,0.195
14/06/2026,2026-06-14,58,[13:15-13:30[,2026-06-14 12:15,1339.168,25908.328,19.347,16503.828,12.324,,,,,6485.8,4.843,2158.731,1.612,759.968,0.567
14/06/2026,2026-06-14,59,[13:30-13:45[,2026-06-14 12:30,1322.207,25794.12,19.508,16532.891,12.504,,,,,6480.8,4.902,2164.539,1.637,615.89,0.466
14/06/2026,2026-06-14,60,[13:45-14:00[,2026-06-14 12:45,1289.732,25657.452,19.894,16550.703,12.833,,,,,6497,5.037,2168.241,1.681,441.508,0.342
14/06/2026,2026-06-14,61,[14:00-14:15[,2026-06-14 13:00,1274.241,23758.482,18.645,16550.702,12.989,,,,,6416,5.035,2171.059,1.704,-1379.28,-1.082
14/06/2026,2026-06-14,62,[14:15-14:30[,2026-06-14 13:15,1265.288,22861.792,18.068,16550.701,13.081,,,,,6394.8,5.054,2175.987,1.72,-2259.697,-1.786
14/06/2026,2026-06-14,63,[14:30-14:45[,2026-06-14 13:30,1250.439,20020.499,16.011,16550.701,13.236,,,,,6373.6,5.097,2174.67,1.739,-5078.472,-4.061
14/06/2026,2026-06-14,64,[14:45-15:00[,2026-06-14 13:45,1245.341,23577.654,18.933,16550.7,13.29,,,,,6353.6,5.102,2178.383,1.749,-1505.029,-1.209
14/06/2026,2026-06-14,65,[15:00-15:15[,2026-06-14 14:00,1240.98,26384.823,21.261,16532.886,13.322,,,,,8259,6.655,2159.885,1.74,-566.948,-0.457
14/06/2026,2026-06-14,66,[15:15-15:30[,2026-06-14 14:15,1229.485,24243.111,19.718,16467.261,13.394,,,,,8178.21,6.652,2134.34,1.736,-2536.699,-2.063
14/06/2026,2026-06-14,67,[15:30-15:45[,2026-06-14 14:30,1236.239,26860.32,21.727,16456.947,13.312,,,,,8149.8,6.592,2137.295,1.729,116.278,0.094
14/06/2026,2026-06-14,68,[15:45-16:00[,2026-06-14 14:45,1233.2,26715.273,21.663,16456.946,13.345,,,,,8133.34,6.595,2146.266,1.74,-21.28,-0.017
14/06/2026,2026-06-14,69,[16:00-16:15[,2026-06-14 15:00,1220.872,27594.97,22.603,16440.071,13.466,,,,,8661.63,7.095,2144.465,1.757,348.804,0.286
14/06/2026,2026-06-14,70,[16:15-16:30[,2026-06-14 15:15,1239.358,27230.521,21.971,16410.07,13.241,,,,,8596.84,6.937,2149.07,1.734,74.541,0.06
14/06/2026,2026-06-14,71,[16:30-16:45[,2026-06-14 15:30,1248.907,27181.322,21.764,16367.882,13.106,,,,,8766.48,7.019,2125.91,1.702,-78.949,-0.063
14/06/2026,2026-06-14,72,[16:45-17:00[,2026-06-14 15:45,1232.088,27581.159,22.386,16363.788,13.281,,,,,9149.8,7.426,2194.871,1.781,-127.299,-0.103
14/06/2026,2026-06-14,73,[17:00-17:15[,2026-06-14 16:00,1256.41,28075.129,22.346,16363.788,13.024,,,,,9476.2,7.542,2213.615,1.762,21.526,0.017
14/06/2026,2026-06-14,74,[17:15-17:30[,2026-06-14 16:15,1278.924,28071.717,21.949,16268.163,12.72,,,,,9475.2,7.409,2313.322,1.809,15.032,0.012
14/06/2026,2026-06-14,75,[17:30-17:45[,2026-06-14 16:30,1309.822,28394.436,21.678,15894.1,12.135,,,,,9584.1,7.317,2355.006,1.798,561.229,0.428
14/06/2026,2026-06-14,76,[17:45-18:00[,2026-06-14 16:45,1317.751,26214.543,19.893,14566.6,11.054,,,,,10528.8,7.99,2387.776,1.812,-1268.633,-0.963
14/06/2026,2026-06-14,77,[18:00-18:15[,2026-06-14 17:00,1342.552,29426.298,21.918,13758.475,10.248,,,,,11627.2,8.661,2457.232,1.83,1583.391,1.179
14/06/2026,2026-06-14,78,[18:15-18:30[,2026-06-14 17:15,1369.669,24602.03,17.962,11676.288,8.525,,,,,10223.8,7.464,2580.806,1.884,121.136,0.088
14/06/2026,2026-06-14,79,[18:30-18:45[,2026-06-14 17:30,1399.465,18378.651,13.133,8229.1,5.88,,,,,9464,6.763,2730.192,1.951,-2044.641,-1.461
14/06/2026,2026-06-14,80,[18:45-19:00[,2026-06-14 17:45,1421.215,19061.825,13.412,7632.85,5.371,,,,,8049.6,5.664,2723.271,1.916,656.103,0.462
14/06/2026,2026-06-14,81,[19:00-19:15[,2026-06-14 18:00,1457.791,19582.93,13.433,8471.627,5.811,,,0.057,0,7810,5.357,2712.067,1.86,589.18,0.404
14/06/2026,2026-06-14,82,[19:15-19:30[,2026-06-14 18:15,1462.653,19096.696,13.056,7628.803,5.216,,,,,5040.6,3.446,2626.649,1.796,3800.643,2.598
14/06/2026,2026-06-14,83,[19:30-19:45[,2026-06-14 18:30,1477.345,5642.766,3.82,5266.023,3.565,,,,,1383.6,0.937,2430.703,1.645,-3437.559,-2.327
14/06/2026,2026-06-14,84,[19:45-20:00[,2026-06-14 18:45,1509.064,17042.092,11.293,5121.134,3.394,,,,,586.6,0.389,2427.5,1.609,8906.858,5.902
14/06/2026,2026-06-14,85,[20:00-20:15[,2026-06-14 19:00,1537.994,8842.141,5.749,5185.444,3.372,,,,,1073.1,0.698,2408.257,1.566,175.339,0.114
14/06/2026,2026-06-14,86,[20:15-20:30[,2026-06-14 19:15,1519.829,6673.06,4.391,5117.236,3.367,,,,,547.3,0.36,2378.842,1.565,-1370.318,-0.902
14/06/2026,2026-06-14,87,[20:30-20:45[,2026-06-14 19:30,1515.121,2343.428,1.547,2696.793,1.78,,,0.354,0,428.1,0.283,2315.654,1.528,-3097.473,-2.044
14/06/2026,2026-06-14,88,[20:45-21:00[,2026-06-14 19:45,1517.804,528.948,0.348,2684.099,1.768,,,,,428.1,0.282,2309.586,1.522,-4892.837,-3.224
14/06/2026,2026-06-14,89,[21:00-21:15[,2026-06-14 20:00,1529.131,930.68,0.609,2684.196,1.755,,,,,508.8,0.333,2281.443,1.492,-4543.759,-2.971
14/06/2026,2026-06-14,90,[21:15-21:30[,2026-06-14 20:15,1548.267,-30.884,-0.02,2685.034,1.734,,,,,508.8,0.329,2281.269,1.473,-5505.987,-3.556
14/06/2026,2026-06-14,91,[21:30-21:45[,2026-06-14 20:30,1545.328,5076.887,3.285,2685.872,1.738,,,,,508.8,0.329,2126.848,1.376,-244.633,-0.158
14/06/2026,2026-06-14,92,[21:45-22:00[,2026-06-14 20:45,1532.254,3986.318,2.602,2686.71,1.753,,,,,508.8,0.332,2278.095,1.487,-1487.287,-0.971
14/06/2026,2026-06-14,93,[22:00-22:15[,2026-06-14 21:00,1521.556,-876.888,-0.576,2687.354,1.766,,,,,540.8,0.355,2292.83,1.507,-6397.872,-4.205
14/06/2026,2026-06-14,94,[22:15-22:30[,2026-06-14 21:15,1497.22,1275.397,0.852,2694.254,1.8,,,,,540.8,0.361,2297.421,1.534,-4257.078,-2.843
14/06/2026,2026-06-14,95,[22:30-22:45[,2026-06-14 21:30,1468.655,4634.594,3.156,2706.392,1.843,,,,,540.8,0.368,2281.8,1.554,-894.399,-0.609
14/06/2026,2026-06-14,96,[22:45-23:00[,2026-06-14 21:45,1439.498,10185.204,7.076,5115.773,3.554,,,,,675,0.469,2261.563,1.571,2132.867,1.482
15/06/2026,2026-06-15,1,[23:00-23:15[,2026-06-14 22:00,1407.532,8473.841,6.02,5170.432,3.673,,,,,4301.4,3.056,2249.313,1.598,-3247.303,-2.307
15/06/2026,2026-06-15,2,[23:15-23:30[,2026-06-14 22:15,1378.634,8717.001,6.323,5520.792,4.005,,,,,4410,3.199,2234.57,1.621,-3448.361,-2.501
15/06/2026,2026-06-15,3,[23:30-23:45[,2026-06-14 22:30,1351.705,11786.59,8.72,5592.14,4.137,,,,,4410,3.263,2246.547,1.662,-462.098,-0.342
15/06/2026,2026-06-15,4,[23:45-00:00[,2026-06-14 22:45,1327.037,19915.691,15.008,5712.897,4.305,,,,,4410,3.323,2249.763,1.695,7543.031,5.684
15/06/2026,2026-06-15,5,[00:00-00:15[,2026-06-14 23:00,1314.274,15093.616,11.484,5590.878,4.254,,,,,3333,2.536,2496.234,1.899,3673.504,2.795
15/06/2026,2026-06-15,6,[00:15-00:30[,2026-06-14 23:15,1289.478,11317.845,8.777,5711.71,4.429,,,,,3333,2.585,2456.262,1.905,-183.126,-0.142
15/06/2026,2026-06-15,7,[00:30-00:45[,2026-06-14 23:30,1273.268,11132.226,8.743,5831.845,4.58,,,,,3333,2.618,2418.996,1.9,-451.615,-0.355
15/06/2026,2026-06-15,8,[00:45-01:00[,2026-06-14 23:45,1260.082,12823.213,10.176,5831.165,4.628,,,,,3333,2.645,2447.747,1.943,1211.301,0.961
15/06/2026,2026-06-15,9,[01:00-01:15[,2026-06-15 00:00,1260.845,12989.653,10.302,6034.044,4.786,,,,,3452.6,2.738,2614.744,2.074,888.265,0.704
15/06/2026,2026-06-15,10,[01:15-01:30[,2026-06-15 00:15,1245.644,12750.607,10.236,6148.325,4.936,,,,,3679,2.953,2717.96,2.182,205.322,0.165
15/06/2026,2026-06-15,11,[01:30-01:45[,2026-06-15 00:30,1231.473,11213.962,9.106,6161.649,5.003,,,,,3735.6,3.033,2671.24,2.169,-1354.527,-1.1
15/06/2026,2026-06-15,12,[01:45-02:00[,2026-06-15 00:45,1225.722,9835.635,8.024,6161.649,5.027,,,,,3735.6,3.048,2791.735,2.278,-2853.349,-2.328
15/06/2026,2026-06-15,13,[02:00-02:15[,2026-06-15 01:00,1226.805,14068.003,11.467,6161.196,5.022,,,,,3577.2,2.916,2794.033,2.277,1535.575,1.252
15/06/2026,2026-06-15,14,[02:15-02:30[,2026-06-15 01:15,1223.316,14192.551,11.602,6160.096,5.036,,,,,3577.2,2.924,2792.73,2.283,1662.526,1.359
15/06/2026,2026-06-15,15,[02:30-02:45[,2026-06-15 01:30,1193.604,13111.966,10.985,6159.642,5.161,,,,,3577.2,2.997,2753.191,2.307,621.934,0.521
15/06/2026,2026-06-15,16,[02:45-03:00[,2026-06-15 01:45,1181.015,13265.325,11.232,6159.642,5.216,,,,,3577.2,3.029,2724.459,2.307,804.025,0.681
15/06/2026,2026-06-15,17,[03:00-03:15[,2026-06-15 02:00,1181.894,12617.306,10.675,6159.188,5.211,,,,,3524.4,2.982,2769.275,2.343,164.443,0.139
15/06/2026,2026-06-15,18,[03:15-03:30[,2026-06-15 02:15,1187.708,11701.943,9.853,6159.188,5.186,,,,,3524.4,2.967,2773.069,2.335,-754.715,-0.635
15/06/2026,2026-06-15,19,[03:30-03:45[,2026-06-15 02:30,1175.752,13185.437,11.214,6105.147,5.193,,,,,3417.6,2.907,2790.151,2.373,872.539,0.742
15/06/2026,2026-06-15,20,[03:45-04:00[,2026-06-15 02:45,1160.67,12056.656,10.388,6031.3,5.196,,,,,3257.4,2.806,2713.038,2.337,54.918,0.047
15/06/2026,2026-06-15,21,[04:00-04:15[,2026-06-15 03:00,1175.475,12269.215,10.438,5827.614,4.958,,,,,3036.9,2.584,2755.38,2.344,649.322,0.552
15/06/2026,2026-06-15,22,[04:15-04:30[,2026-06-15 03:15,1176.407,12085.161,10.273,5827.489,4.954,,,,,3036.9,2.582,2791.47,2.373,429.303,0.365
15/06/2026,2026-06-15,23,[04:30-04:45[,2026-06-15 03:30,1165.733,11393.916,9.774,5706.358,4.895,,,,,2836.3,2.433,2791.634,2.395,59.625,0.051
15/06/2026,2026-06-15,24,[04:45-05:00[,2026-06-15 03:45,1170.567,12710.662,10.859,5584.67,4.771,,,,,2622.4,2.24,2786.153,2.38,1717.439,1.467
15/06/2026,2026-06-15,25,[05:00-05:15[,2026-06-15 04:00,1184.936,10394.672,8.772,5122.343,4.323,,,,,2710,2.287,2729.623,2.304,-167.293,-0.141
15/06/2026,2026-06-15,26,[05:15-05:30[,2026-06-15 04:15,1185.015,9437.6,7.964,4878.259,4.117,,,,,2411.9,2.035,2793.603,2.357,-646.163,-0.545
15/06/2026,2026-06-15,27,[05:30-05:45[,2026-06-15 04:30,1194.838,6179.986,5.172,1731.398,1.449,,,,,2276.4,1.905,2793.6,2.338,-621.411,-0.52
15/06/2026,2026-06-15,28,[05:45-06:00[,2026-06-15 04:45,1201.579,7949.235,6.616,1673.039,1.392,,,,,2140.9,1.782,2795.106,2.326,1340.189,1.115
15/06/2026,2026-06-15,29,[06:00-06:15[,2026-06-15 05:00,1226.936,5731.32,4.671,1164.996,0.95,,,,,2692.8,2.195,2732.767,2.227,-859.242,-0.7
15/06/2026,2026-06-15,30,[06:15-06:30[,2026-06-15 05:15,1260.113,4290.883,3.405,1165.63,0.925,,,,,2692.8,2.137,2799.587,2.222,-2367.134,-1.879
15/06/2026,2026-06-15,31,[06:30-06:45[,2026-06-15 05:30,1292.978,6107.339,4.723,1447.958,1.12,,,,,2796.5,2.163,2794.708,2.161,-931.828,-0.721
15/06/2026,2026-06-15,32,[06:45-07:00[,2026-06-15 05:45,1328.219,12147.472,9.146,4657.263,3.506,,,,,2721.5,2.049,2792.265,2.102,1976.444,1.488
15/06/2026,2026-06-15,33,[07:00-07:15[,2026-06-15 06:00,1368.887,9784.173,7.148,4182.507,3.055,,,,,4172.8,3.048,2755.597,2.013,-1326.731,-0.969
15/06/2026,2026-06-15,34,[07:15-07:30[,2026-06-15 06:15,1412.405,13068.645,9.253,5169.622,3.66,,,,,4410,3.122,2727.344,1.931,761.68,0.539
15/06/2026,2026-06-15,35,[07:30-07:45[,2026-06-15 06:30,1456.749,18853.842,12.942,5532.624,3.798,,,,,7889.2,5.416,2808.757,1.928,2623.261,1.801
15/06/2026,2026-06-15,36,[07:45-08:00[,2026-06-15 06:45,1504.186,19713.26,13.106,6756.263,4.492,,,,,10791,7.174,2806.849,1.866,-640.852,-0.426
15/06/2026,2026-06-15,37,[08:00-08:15[,2026-06-15 07:00,1580.731,16456.515,10.411,5709.895,3.612,,,,,8512,5.385,2746.305,1.737,-511.684,-0.324
15/06/2026,2026-06-15,38,[08:15-08:30[,2026-06-15 07:15,1647.67,17944.266,10.891,7268.138,4.411,,,,,10593,6.429,2717.057,1.649,-2633.928,-1.599
15/06/2026,2026-06-15,39,[08:30-08:45[,2026-06-15 07:30,1677.012,21105.164,12.585,10323.45,6.156,,,,,10432.8,6.221,2722.331,1.623,-2373.417,-1.415
15/06/2026,2026-06-15,40,[08:45-09:00[,2026-06-15 07:45,1729.133,25240.155,14.597,11887.2,6.875,,,,,11392,6.588,2769.202,1.601,-808.247,-0.467
15/06/2026,2026-06-15,41,[09:00-09:15[,2026-06-15 08:00,1743.389,24794.546,14.222,11887.2,6.818,,,,,12068.4,6.922,2769.414,1.589,-1930.467,-1.107
15/06/2026,2026-06-15,42,[09:15-09:30[,2026-06-15 08:15,1767.552,20892.068,11.82,12396.263,7.013,,,,,12068.4,6.828,2613.346,1.479,-6185.941,-3.5
15/06/2026,2026-06-15,43,[09:30-09:45[,2026-06-15 08:30,1787.019,36534.669,20.444,13326.263,7.457,,,,,12068.4,6.753,2473.218,1.384,8666.789,4.85
15/06/2026,2026-06-15,44,[09:45-10:00[,2026-06-15 08:45,1789.113,51656.933,28.873,13786.575,7.706,,,,,12068.4,6.745,2547.517,1.424,23254.441,12.998
15/06/2026,2026-06-15,45,[10:00-10:15[,2026-06-15 09:00,1782.774,30142.441,16.908,14713.763,8.253,,,,,11506.6,6.454,2569.078,1.441,1353,0.759
15/06/2026,2026-06-15,46,[10:15-10:30[,2026-06-15 09:15,1793.27,26490.173,14.772,14724.075,8.211,,,,,11474.2,6.398,2562.587,1.429,-2270.689,-1.266
15/06/2026,2026-06-15,47,[10:30-10:45[,2026-06-15 09:30,1810.71,25812.243,14.255,15006.263,8.288,,,,,11474.2,6.337,2560.602,1.414,-3228.822,-1.783
15/06/2026,2026-06-15,48,[10:45-11:00[,2026-06-15 09:45,1788.643,21508.84,12.025,15029.7,8.403,,,,,11490.4,6.424,2480.68,1.387,-7491.94,-4.189
15/06/2026,2026-06-15,49,[11:00-11:15[,2026-06-15 10:00,1777.202,27838.873,15.664,15076.575,8.483,,,,,11662,6.562,2403.726,1.353,-1303.429,-0.733
15/06/2026,2026-06-15,50,[11:15-11:30[,2026-06-15 10:15,1785.549,19399.287,10.865,15087.825,8.45,,,,,9719.32,5.443,2397.793,1.343,-7805.651,-4.372
15/06/2026,2026-06-15,51,[11:30-11:45[,2026-06-15 10:30,1782.604,18765.346,10.527,15106.681,8.475,,,,,9291.54,5.212,2201.173,1.235,-7834.049,-4.395
15/06/2026,2026-06-15,52,[11:45-12:00[,2026-06-15 10:45,1796.89,21643.416,12.045,15115.119,8.412,,,,,9340.6,5.198,2548.284,1.418,-5360.587,-2.983
15/06/2026,2026-06-15,53,[12:00-12:15[,2026-06-15 11:00,1774.804,19571.885,11.028,15115.671,8.517,,,,,5497.5,3.098,2448.409,1.38,-3489.695,-1.966
15/06/2026,2026-06-15,54,[12:15-12:30[,2026-06-15 11:15,1770.13,17215.002,9.725,15115.671,8.539,,,,,5502.5,3.109,2477.168,1.399,-5880.338,-3.322
15/06/2026,2026-06-15,55,[12:30-12:45[,2026-06-15 11:30,1731.109,19102.308,11.035,15115.671,8.732,,,,,5471.2,3.161,2539.815,1.467,-4024.379,-2.325
15/06/2026,2026-06-15,56,[12:45-13:00[,2026-06-15 11:45,1721.585,22869.303,13.284,15115.671,8.78,,,,,5481.2,3.184,2546.23,1.479,-273.798,-0.159
15/06/2026,2026-06-15,57,[13:00-13:15[,2026-06-15 12:00,1711.773,20475.615,11.962,15115.671,8.83,,,,,5481.2,3.202,2556.153,1.493,-2677.409,-1.564
15/06/2026,2026-06-15,58,[13:15-13:30[,2026-06-15 12:15,1689.713,21187.491,12.539,15115.671,8.946,,,,,5481.2,3.244,2491.851,1.475,-1901.23,-1.125
15/06/2026,2026-06-15,59,[13:30-13:45[,2026-06-15 12:30,1692.674,24331.359,14.375,15086.283,8.913,,,,,5476.2,3.235,2556.505,1.51,1212.371,0.716
15/06/2026,2026-06-15,60,[13:45-14:00[,2026-06-15 12:45,1698.688,25130.966,14.794,15100.67,8.89,,,,,5466.2,3.218,2583.336,1.521,1980.76,1.166
15/06/2026,2026-06-15,61,[14:00-14:15[,2026-06-15 13:00,1688.818,26006.717,15.399,15115.67,8.95,,,,,5412.8,3.205,2602.013,1.541,2876.233,1.703
15/06/2026,2026-06-15,62,[14:15-14:30[,2026-06-15 13:15,1695.874,26833.517,15.823,15115.67,8.913,,,,,5439.1,3.207,2768.362,1.632,3510.385,2.07
15/06/2026,2026-06-15,63,[14:30-14:45[,2026-06-15 13:30,1696.162,22196.985,13.087,15100.669,8.903,,,,,5397.8,3.182,2824.277,1.665,-1125.761,-0.664
15/06/2026,2026-06-15,64,[14:45-15:00[,2026-06-15 13:45,1675.947,25144.477,15.003,15057.219,8.984,,,,,5382.8,3.212,2758.69,1.646,1945.768,1.161
15/06/2026,2026-06-15,65,[15:00-15:15[,2026-06-15 14:00,1674.327,22824.485,13.632,15060.031,8.995,,,,,6156.6,3.677,2871.071,1.715,-1263.217,-0.754
15/06/2026,2026-06-15,66,[15:15-15:30[,2026-06-15 14:15,1677.296,22172.215,13.219,15007.53,8.947,,,,,6130.5,3.655,2875.642,1.714,-1841.458,-1.098
15/06/2026,2026-06-15,67,[15:30-15:45[,2026-06-15 14:30,1671.843,22776.468,13.624,14469.405,8.655,,,,,6097.4,3.647,2912.62,1.742,-702.957,-0.42
15/06/2026,2026-06-15,68,[15:45-16:00[,2026-06-15 14:45,1650.594,18962.557,11.488,12850.33,7.785,,,,,9153,5.545,2850.625,1.727,-5891.397,-3.569
15/06/2026,2026-06-15,69,[16:00-16:15[,2026-06-15 15:00,1646.922,28924.197,17.563,12850.329,7.803,,,,,12139.6,7.371,2879.712,1.749,1054.557,0.64
15/06/2026,2026-06-15,70,[16:15-16:30[,2026-06-15 15:15,1650.47,25037.105,15.17,11924.078,7.225,,,,,12139.6,7.355,2945.09,1.784,-1971.663,-1.195
15/06/2026,2026-06-15,71,[16:30-16:45[,2026-06-15 15:30,1644.628,19489.617,11.85,10975.328,6.673,,,,,11730.4,7.133,2824.822,1.718,-6040.932,-3.673
15/06/2026,2026-06-15,72,[16:45-17:00[,2026-06-15 15:45,1638.041,16241.233,9.915,9957.515,6.079,,,,,10748.4,6.562,2842.052,1.735,-7306.734,-4.461
15/06/2026,2026-06-15,73,[17:00-17:15[,2026-06-15 16:00,1634.481,14832.357,9.075,10039.538,6.142,,,,,9671.2,5.917,2689.946,1.646,-7568.327,-4.63
15/06/2026,2026-06-15,74,[17:15-17:30[,2026-06-15 16:15,1618.128,6744.821,4.168,7354.379,4.545,,,,,7015,4.335,2691.905,1.664,-10316.463,-6.376
15/06/2026,2026-06-15,75,[17:30-17:45[,2026-06-15 16:30,1614.888,16622.364,10.293,5804.53,3.594,,,,,9205.6,5.7,2592.435,1.605,-980.202,-0.607
15/06/2026,2026-06-15,76,[17:45-18:00[,2026-06-15 16:45,1626.274,12515.017,7.696,5089.822,3.13,,,,,7090.8,4.36,2599.709,1.599,-2265.313,-1.393
15/06/2026,2026-06-15,77,[18:00-18:15[,2026-06-15 17:00,1627.679,16934.917,10.404,5344.416,3.283,,,,,9143.4,5.617,2540.291,1.561,-93.189,-0.057
15/06/2026,2026-06-15,78,[18:15-18:30[,2026-06-15 17:15,1638.788,9371.654,5.719,4522.772,2.76,,,,,5846.8,3.568,2430.739,1.483,-3428.658,-2.092
15/06/2026,2026-06-15,79,[18:30-18:45[,2026-06-15 17:30,1660.779,4233.389,2.549,3789.385,2.282,,,,,3607.6,2.172,2394.278,1.442,-5557.874,-3.347
15/06/2026,2026-06-15,80,[18:45-19:00[,2026-06-15 17:45,1687.925,1460.468,0.865,1169.696,0.693,,,,,2923.2,1.732,2278.737,1.35,-4911.164,-2.91
15/06/2026,2026-06-15,81,[19:00-19:15[,2026-06-15 18:00,1711.796,19586.824,11.442,3777.963,2.207,11182.634,6.533,,,2774.4,1.621,2238.029,1.307,-386.202,-0.226
15/06/2026,2026-06-15,82,[19:15-19:30[,2026-06-15 18:15,1748.982,13819.271,7.901,976.496,0.558,11182.634,6.394,,,1768,1.011,2337.646,1.337,-2445.505,-1.398
15/06/2026,2026-06-15,83,[19:30-19:45[,2026-06-15 18:30,1775.909,19830.598,11.166,549.497,0.309,11182.634,6.297,,,1657.8,0.933,2288.039,1.288,4152.627,2.338
15/06/2026,2026-06-15,84,[19:45-20:00[,2026-06-15 18:45,1797.961,27479.974,15.284,438.068,0.244,11182.634,6.22,,,1659.9,0.923,2259.177,1.257,11940.194,6.641
15/06/2026,2026-06-15,85,[20:00-20:15[,2026-06-15 19:00,1803.288,17441.853,9.672,569.048,0.316,11182.634,6.201,,,1804.2,1.001,2212.889,1.227,1673.083,0.928
15/06/2026,2026-06-15,86,[20:15-20:30[,2026-06-15 19:15,1803.988,6797.778,3.768,436.527,0.242,11182.634,6.199,,,1804.2,1,2260.942,1.253,-8886.524,-4.926
15/06/2026,2026-06-15,87,[20:30-20:45[,2026-06-15 19:30,1803.411,13306.925,7.379,437.298,0.242,11182.634,6.201,,,1775.8,0.985,2254.335,1.25,-2343.142,-1.299
15/06/2026,2026-06-15,88,[20:45-21:00[,2026-06-15 19:45,1796.101,13478.465,7.504,436.527,0.243,11182.634,6.226,,,1775.8,0.989,2287.157,1.273,-2203.653,-1.227
15/06/2026,2026-06-15,89,[21:00-21:15[,2026-06-15 20:00,1792.632,15891.924,8.865,1592.246,0.888,11182.634,6.238,,,1934.4,1.079,2261.271,1.261,-1078.625,-0.602
15/06/2026,2026-06-15,90,[21:15-21:30[,2026-06-15 20:15,1799.366,16126.531,8.962,1594.836,0.886,11182.634,6.215,,,1967.8,1.094,2272.87,1.263,-891.608,-0.496
15/06/2026,2026-06-15,91,[21:30-21:45[,2026-06-15 20:30,1788.78,16299.644,9.112,1637.803,0.916,11182.634,6.252,,,1967.8,1.1,2311.159,1.292,-799.751,-0.447
15/06/2026,2026-06-15,92,[21:45-22:00[,2026-06-15 20:45,1756.642,16084.961,9.157,1862.899,1.06,11182.634,6.366,,,1967.8,1.12,2397.275,1.365,-1325.646,-0.755
15/06/2026,2026-06-15,93,[22:00-22:15[,2026-06-15 21:00,1717.755,16968.032,9.878,1706.308,0.993,11182.634,6.51,,,2054.2,1.196,2411.395,1.404,-386.505,-0.225
15/06/2026,2026-06-15,94,[22:15-22:30[,2026-06-15 21:15,1682.782,16796.505,9.981,1937.95,1.152,11182.634,6.645,,,2074.5,1.233,2246.305,1.335,-644.884,-0.383
15/06/2026,2026-06-15,95,[22:30-22:45[,2026-06-15 21:30,1647.809,17629.987,10.699,2248.053,1.364,11182.634,6.786,,,3223,1.956,2216.384,1.345,-1240.084,-0.753
15/06/2026,2026-06-15,96,[22:45-23:00[,2026-06-15 21:45,1613.998,18194.346,11.273,2329.346,1.443,11182.634,6.929,,,3025.5,1.875,2405.189,1.49,-748.322,-0.464
16/06/2026,2026-06-16,1,[23:00-23:15[,2026-06-15 22:00,1577.649,13825.833,8.764,1186.191,0.752,16031.609,10.162,,,1603.8,1.017,2476.39,1.57,-7472.156,-4.736
16/06/2026,2026-06-16,2,[23:15-23:30[,2026-06-15 22:15,1533.37,4380.624,2.857,1236.179,0.806,,,,,1900.8,1.24,2412.65,1.573,-1169.005,-0.762
16/06/2026,2026-06-16,3,[23:30-23:45[,2026-06-15 22:30,1494.422,9917.506,6.636,4262.82,2.852,,,,,2138.5,1.431,2439.951,1.633,1076.236,0.72
16/06/2026,2026-06-16,4,[23:45-00:00[,2026-06-15 22:45,1450.702,10132.665,6.985,4356.508,3.003,,,,,2528.4,1.743,2271.051,1.565,976.706,0.673
16/06/2026,2026-06-16,5,[00:00-00:15[,2026-06-15 23:00,1416.793,4952.701,3.496,1236.004,0.872,,,,,1846.4,1.303,2065.704,1.458,-195.406,-0.138
16/06/2026,2026-06-16,6,[00:15-00:30[,2026-06-15 23:15,1396.99,7588.477,5.432,3178.162,2.275,,,,,1846.4,1.322,2065.11,1.478,498.806,0.357
16/06/2026,2026-06-16,7,[00:30-00:45[,2026-06-15 23:30,1377.722,7477.862,5.428,4302.168,3.123,,,,,1893.5,1.374,2072.587,1.504,-790.393,-0.574
16/06/2026,2026-06-16,8,[00:45-01:00[,2026-06-15 23:45,1358.567,8510.519,6.264,4396.508,3.236,,,,,1893.5,1.394,2088.755,1.537,131.756,0.097
16/06/2026,2026-06-16,9,[01:00-01:15[,2026-06-16 00:00,1352.338,7874.179,5.823,4546.118,3.362,,,,,2128.1,1.574,2146.299,1.587,-946.338,-0.7
16/06/2026,2026-06-16,10,[01:15-01:30[,2026-06-16 00:15,1332.335,8501.22,6.381,4620.906,3.468,,,,,2384.5,1.79,2183.583,1.639,-687.768,-0.516
16/06/2026,2026-06-16,11,[01:30-01:45[,2026-06-16 00:30,1317.703,9300.288,7.058,4647.993,3.527,,,,,2435.7,1.848,2251.932,1.709,-35.337,-0.027
16/06/2026,2026-06-16,12,[01:45-02:00[,2026-06-16 00:45,1295.357,9874.116,7.623,4647.993,3.588,,,,,2435.7,1.88,2277.201,1.758,513.222,0.396
16/06/2026,2026-06-16,13,[02:00-02:15[,2026-06-16 01:00,1273.874,9927.136,7.793,4626.431,3.632,,,,,2050.5,1.61,2391.555,1.877,858.651,0.674
16/06/2026,2026-06-16,14,[02:15-02:30[,2026-06-16 01:15,1276.813,9193.769,7.201,4647.993,3.64,,,,,2076,1.626,2458.507,1.926,11.27,0.009
16/06/2026,2026-06-16,15,[02:30-02:45[,2026-06-16 01:30,1265.934,9258.831,7.314,4647.993,3.672,,,,,2076,1.64,2478.411,1.958,56.427,0.045
16/06/2026,2026-06-16,16,[02:45-03:00[,2026-06-16 01:45,1255.101,9750.889,7.769,4647.993,3.703,,,,,2076,1.654,2462.239,1.962,564.657,0.45
16/06/2026,2026-06-16,17,[03:00-03:15[,2026-06-16 02:00,1256.761,9468.719,7.534,4647.993,3.698,,,,,1893.5,1.507,2490.813,1.982,436.413,0.347
16/06/2026,2026-06-16,18,[03:15-03:30[,2026-06-16 02:15,1252.657,10134.2,8.09,4647.543,3.71,,,,,1893.5,1.512,2475.547,1.976,1117.61,0.892
16/06/2026,2026-06-16,19,[03:30-03:45[,2026-06-16 02:30,1230.088,8558.58,6.958,4623.168,3.758,,,,,1893.5,1.539,2481.953,2.018,-440.041,-0.358
16/06/2026,2026-06-16,20,[03:45-04:00[,2026-06-16 02:45,1211.025,8264.248,6.824,4623.169,3.818,,,,,1893.5,1.564,2421.659,2,-674.08,-0.557
16/06/2026,2026-06-16,21,[04:00-04:15[,2026-06-16 03:00,1204.18,9601.29,7.973,4666.294,3.875,,,,,2101.5,1.745,2141.068,1.778,692.429,0.575
16/06/2026,2026-06-16,22,[04:15-04:30[,2026-06-16 03:15,1196.286,9519.199,7.957,4666.744,3.901,,,,,2101.5,1.757,2118.655,1.771,632.3,0.529
16/06/2026,2026-06-16,23,[04:30-04:45[,2026-06-16 03:30,1213.798,8337.241,6.869,4647.994,3.829,,,,,2076,1.71,2198.1,1.811,-584.854,-0.482
16/06/2026,2026-06-16,24,[04:45-05:00[,2026-06-16 03:45,1212.907,9822.603,8.098,4647.544,3.832,,,,,2076,1.712,2243.153,1.849,855.906,0.706
16/06/2026,2026-06-16,25,[05:00-05:15[,2026-06-16 04:00,1234.421,6211.962,5.032,4333.469,3.511,,,,,1893.5,1.534,2234.332,1.81,-2249.339,-1.822
16/06/2026,2026-06-16,26,[05:15-05:30[,2026-06-16 04:15,1225.94,3838.047,3.131,1809.887,1.476,,,,,1750.4,1.428,2233.852,1.822,-1956.092,-1.596
16/06/2026,2026-06-16,27,[05:30-05:45[,2026-06-16 04:30,1233.768,5270.133,4.272,1188.445,0.963,,,,,1476.9,1.197,2266.81,1.837,337.978,0.274
16/06/2026,2026-06-16,28,[05:45-06:00[,2026-06-16 04:45,1242.761,5900.402,4.748,1188.445,0.956,,,,,1476.9,1.188,2227.61,1.792,1007.448,0.811
16/06/2026,2026-06-16,29,[06:00-06:15[,2026-06-16 05:00,1264.725,441.009,0.349,935.999,0.74,,,,,1187.2,0.939,2265.633,1.791,-3947.823,-3.121
16/06/2026,2026-06-16,30,[06:15-06:30[,2026-06-16 05:15,1282.448,4590.553,3.58,1152.723,0.899,,,,,2006.5,1.565,2272.351,1.772,-841.021,-0.656
16/06/2026,2026-06-16,31,[06:30-06:45[,2026-06-16 05:30,1311.447,6232.464,4.752,1214.732,0.926,,,,,2538.9,1.936,2272.826,1.733,206.007,0.157
16/06/2026,2026-06-16,32,[06:45-07:00[,2026-06-16 05:45,1341.402,11031.337,8.224,4548.367,3.391,,,,,3282.3,2.447,2231.948,1.664,968.723,0.722
16/06/2026,2026-06-16,33,[07:00-07:15[,2026-06-16 06:00,1378.17,37.838,0.027,1174.933,0.853,,,,,1924.7,1.397,2159.479,1.567,-5221.274,-3.789
16/06/2026,2026-06-16,34,[07:15-07:30[,2026-06-16 06:15,1424.098,13884.418,9.75,4195.58,2.946,,,,,2488,1.747,2265.434,1.591,4935.404,3.466
16/06/2026,2026-06-16,35,[07:30-07:45[,2026-06-16 06:30,1468.166,8809.423,6,4440.18,3.024,,,,,3333,2.27,2276.065,1.55,-1239.822,-0.844
16/06/2026,2026-06-16,36,[07:45-08:00[,2026-06-16 06:45,1497.043,14571.195,9.733,4830.963,3.227,,,,,5162.6,3.449,2277.366,1.521,2300.266,1.537
16/06/2026,2026-06-16,37,[08:00-08:15[,2026-06-16 07:00,1568.849,9785.353,6.237,4508.797,2.874,,,,,4558.2,2.905,2076.398,1.324,-1358.042,-0.866
16/06/2026,2026-06-16,38,[08:15-08:30[,2026-06-16 07:15,1635.318,17200.705,10.518,6093.03,3.726,,,,,9822.6,6.007,2482.779,1.518,-1197.704,-0.732
16/06/2026,2026-06-16,39,[08:30-08:45[,2026-06-16 07:30,1671.871,17048.364,10.197,6235.025,3.729,,,,,10626,6.356,2510.257,1.501,-2322.918,-1.389
16/06/2026,2026-06-16,40,[08:45-09:00[,2026-06-16 07:45,1668.837,18710.545,11.212,7639.4,4.578,,,,,8150,4.884,2510.586,1.504,410.559,0.246
16/06/2026,2026-06-16,41,[09:00-09:15[,2026-06-16 08:00,1680.442,17276.718,10.281,6806.9,4.051,,,,,8260.1,4.915,2492.846,1.483,-283.127,-0.168
16/06/2026,2026-06-16,42,[09:15-09:30[,2026-06-16 08:15,1691.331,19140.142,11.317,8144.713,4.816,,,,,9092.4,5.376,2422.291,1.432,-519.261,-0.307
16/06/2026,2026-06-16,43,[09:30-09:45[,2026-06-16 08:30,1683.879,19156.324,11.376,8501.9,5.049,,,,,9514.1,5.65,2341.069,1.39,-1200.745,-0.713
16/06/2026,2026-06-16,44,[09:45-10:00[,2026-06-16 08:45,1670.062,20876.328,12.5,8724.088,5.224,,,,,9751.3,5.839,2334.495,1.398,66.446,0.04
16/06/2026,2026-06-16,45,[10:00-10:15[,2026-06-16 09:00,1655.458,22874.271,13.817,9072.838,5.481,,,,,10127.1,6.117,2324.338,1.404,1349.995,0.815
16/06/2026,2026-06-16,46,[10:15-10:30[,2026-06-16 09:15,1643.261,22123.865,13.463,9612.838,5.85,,,,,10695,6.508,2288.856,1.393,-472.828,-0.288
16/06/2026,2026-06-16,47,[10:30-10:45[,2026-06-16 09:30,1634.866,22915.103,14.017,10155.65,6.212,,,,,11283,6.901,2266.414,1.386,-789.961,-0.483
16/06/2026,2026-06-16,48,[10:45-11:00[,2026-06-16 09:45,1628.183,22571.406,13.863,10481.9,6.438,,,,,11283.2,6.93,2307.515,1.417,-1501.209,-0.922
16/06/2026,2026-06-16,49,[11:00-11:15[,2026-06-16 10:00,1626.933,23299.136,14.321,10481.9,6.443,,,,,11201.2,6.885,2306.299,1.418,-690.263,-0.424
16/06/2026,2026-06-16,50,[11:15-11:30[,2026-06-16 10:15,1614.544,24398.948,15.112,10664.713,6.605,,,,,11439.5,7.085,2300.443,1.425,-5.707,-0.004
16/06/2026,2026-06-16,51,[11:30-11:45[,2026-06-16 10:30,1616.456,23891.549,14.78,10770.65,6.663,,,,,12015.9,7.433,2233.571,1.382,-1128.571,-0.698
16/06/2026,2026-06-16,52,[11:45-12:00[,2026-06-16 10:45,1613.727,23303.703,14.441,11125.025,6.894,,,,,10497,6.505,2259.474,1.4,-577.795,-0.358
16/06/2026,2026-06-16,53,[12:00-12:15[,2026-06-16 11:00,1607.313,24482.705,15.232,11505.847,7.158,,,,,10839.8,6.744,2248.379,1.399,-111.321,-0.069
16/06/2026,2026-06-16,54,[12:15-12:30[,2026-06-16 11:15,1584.691,25326.108,15.982,11849.91,7.478,,,,,10921.8,6.892,2197.366,1.387,357.033,0.225
16/06/2026,2026-06-16,55,[12:30-12:45[,2026-06-16 11:30,1562.667,25043.457,16.026,12486.472,7.99,,,,,10232.6,6.548,2231.012,1.428,93.373,0.06
16/06/2026,2026-06-16,56,[12:45-13:00[,2026-06-16 11:45,1562.573,23900.337,15.296,12525.847,8.016,,,,,8825.9,5.648,2190.036,1.402,358.554,0.229
16/06/2026,2026-06-16,57,[13:00-13:15[,2026-06-16 12:00,1538.864,23327.83,15.159,12111.472,7.87,,,,,9278.3,6.029,2171.14,1.411,-233.082,-0.151
16/06/2026,2026-06-16,58,[13:15-13:30[,2026-06-16 12:15,1531.24,23850.248,15.576,12111.472,7.91,,,,,9278.3,6.059,2257.922,1.475,202.553,0.132
16/06/2026,2026-06-16,59,[13:30-13:45[,2026-06-16 12:30,1550.2,23634.357,15.246,11877.097,7.662,,,,,8938.7,5.766,2272.28,1.466,546.28,0.352
16/06/2026,2026-06-16,60,[13:45-14:00[,2026-06-16 12:45,1570.928,25530.472,16.252,11877.097,7.561,,,,,10554.4,6.719,2272.784,1.447,826.191,0.526
16/06/2026,2026-06-16,61,[14:00-14:15[,2026-06-16 13:00,1594.508,24363.255,15.279,11408.347,7.155,,,,,10824,6.788,2271.972,1.425,-141.063,-0.088
16/06/2026,2026-06-16,62,[14:15-14:30[,2026-06-16 13:15,1580.662,23715.297,15.003,11408.347,7.217,,,,,10824,6.848,2223.128,1.406,-740.177,-0.468
16/06/2026,2026-06-16,63,[14:30-14:45[,2026-06-16 13:30,1594.917,24077.898,15.097,11056.784,6.933,,,,,10512.6,6.591,2237.593,1.403,270.921,0.17
16/06/2026,2026-06-16,64,[14:45-15:00[,2026-06-16 13:45,1594.387,23153.531,14.522,10967.721,6.879,,,,,10447,6.552,2250.27,1.411,-511.459,-0.321
16/06/2026,2026-06-16,65,[15:00-15:15[,2026-06-16 14:00,1579.904,21816.942,13.809,10801.783,6.837,,,,,10048.2,6.36,2039.256,1.291,-1072.297,-0.679
16/06/2026,2026-06-16,66,[15:15-15:30[,2026-06-16 14:15,1573.277,22055.412,14.019,10461.47,6.649,,,,,9842.5,6.256,1970.306,1.252,-218.864,-0.139
16/06/2026,2026-06-16,67,[15:30-15:45[,2026-06-16 14:30,1580.032,20618.651,13.05,9534.125,6.034,,,,,10190.6,6.45,1981.738,1.254,-1087.812,-0.688
16/06/2026,2026-06-16,68,[15:45-16:00[,2026-06-16 14:45,1586.084,18972.965,11.962,8792.219,5.543,,,,,9681.5,6.104,1953.065,1.231,-1453.819,-0.917
16/06/2026,2026-06-16,69,[16:00-16:15[,2026-06-16 15:00,1571.353,21260.186,13.53,9065.31,5.769,,,,,10728.2,6.827,1840.729,1.171,-374.053,-0.238
16/06/2026,2026-06-16,70,[16:15-16:30[,2026-06-16 15:15,1589.441,20363.746,12.812,8596.556,5.409,,,,,10185,6.408,1849.883,1.164,-267.694,-0.168
16/06/2026,2026-06-16,71,[16:30-16:45[,2026-06-16 15:30,1600.776,19259.441,12.031,8169.99,5.104,,,,,9261,5.785,1940.333,1.212,-111.882,-0.07
16/06/2026,2026-06-16,72,[16:45-17:00[,2026-06-16 15:45,1588.224,16591.704,10.447,6892.87,4.34,,,,,8393.5,5.285,1958.63,1.233,-653.297,-0.411
16/06/2026,2026-06-16,73,[17:00-17:15[,2026-06-16 16:00,1587.726,19505.916,12.285,6522.419,4.108,,,,,11187,7.046,1989.613,1.253,-193.116,-0.122
16/06/2026,2026-06-16,74,[17:15-17:30[,2026-06-16 16:15,1606.712,18151.996,11.298,6201.349,3.86,,,,,11220,6.983,1977.174,1.231,-1246.527,-0.776
16/06/2026,2026-06-16,75,[17:30-17:45[,2026-06-16 16:30,1618.351,15776.02,9.748,5383.726,3.327,,,,,9301,5.747,1937.683,1.197,-846.389,-0.523
16/06/2026,2026-06-16,76,[17:45-18:00[,2026-06-16 16:45,1617.608,10079.648,6.231,4083.758,2.525,,,,,5396,3.336,2152.854,1.331,-1552.964,-0.96
16/06/2026,2026-06-16,77,[18:00-18:15[,2026-06-16 17:00,1635.173,18010.054,11.014,5872.46,3.591,,,,,10263,6.276,2196.274,1.343,-321.679,-0.197
16/06/2026,2026-06-16,78,[18:15-18:30[,2026-06-16 17:15,1663.027,7508.995,4.515,4255.721,2.559,,,,,6282.2,3.778,2204.729,1.326,-5233.655,-3.147
16/06/2026,2026-06-16,79,[18:30-18:45[,2026-06-16 17:30,1681.611,6939.334,4.127,4233.136,2.517,,,,,5100.6,3.033,2212.113,1.315,-4606.515,-2.739
16/06/2026,2026-06-16,80,[18:45-19:00[,2026-06-16 17:45,1713.681,9614.503,5.61,4191.935,2.446,,,,,4336,2.53,2178.245,1.271,-1091.676,-0.637
16/06/2026,2026-06-16,81,[19:00-19:15[,2026-06-16 18:00,1755.984,26191.96,14.916,4418.377,2.516,14703.722,8.373,,,3862.4,2.2,2169.332,1.235,1038.129,0.591
16/06/2026,2026-06-16,82,[19:15-19:30[,2026-06-16 18:15,1785.324,20197.363,11.313,3947.12,2.211,14703.722,8.236,,,2448,1.371,2163.727,1.212,-3065.206,-1.717
16/06/2026,2026-06-16,83,[19:30-19:45[,2026-06-16 18:30,1804.522,12555.153,6.958,1072.661,0.594,14703.722,8.148,,,1822.4,1.01,2130.817,1.181,-7174.447,-3.976
16/06/2026,2026-06-16,84,[19:45-20:00[,2026-06-16 18:45,1838.655,9478.084,5.155,865.669,0.471,14703.722,7.997,,,417,0.227,2129.291,1.158,-8637.599,-4.698
16/06/2026,2026-06-16,85,[20:00-20:15[,2026-06-16 19:00,1846.537,18848.348,10.207,904.974,0.49,14703.722,7.963,,,1430.8,0.775,2096.127,1.135,-287.276,-0.156
16/06/2026,2026-06-16,86,[20:15-20:30[,2026-06-16 19:15,1822.576,16272.812,8.928,925.881,0.508,14703.722,8.068,,,479.2,0.263,2248.007,1.233,-2083.998,-1.143
16/06/2026,2026-06-16,87,[20:30-20:45[,2026-06-16 19:30,1804.87,15964.69,8.845,940.232,0.521,14703.722,8.147,,,479.2,0.266,2263.742,1.254,-2422.207,-1.342
16/06/2026,2026-06-16,88,[20:45-21:00[,2026-06-16 19:45,1796.935,16517.237,9.192,942.937,0.525,14703.722,8.183,,,479.2,0.267,2261.618,1.259,-1870.239,-1.041
16/06/2026,2026-06-16,89,[21:00-21:15[,2026-06-16 20:00,1800.371,14883.072,8.267,944.354,0.525,14703.722,8.167,,,520,0.289,2239.66,1.244,-3524.665,-1.958
16/06/2026,2026-06-16,90,[21:15-21:30[,2026-06-16 20:15,1807.824,14510.099,8.026,944.409,0.522,14703.722,8.133,,,520,0.288,2220.809,1.228,-3878.841,-2.146
16/06/2026,2026-06-16,91,[21:30-21:45[,2026-06-16 20:30,1794.066,13529.63,7.541,944.409,0.526,14703.722,8.196,,,520,0.29,2200.076,1.226,-4838.578,-2.697
16/06/2026,2026-06-16,92,[21:45-22:00[,2026-06-16 20:45,1765.406,15865.447,8.987,944.409,0.535,14703.722,8.329,,,520,0.295,2289.54,1.297,-2592.223,-1.468
16/06/2026,2026-06-16,93,[22:00-22:15[,2026-06-16 21:00,1755.484,14585.106,8.308,944.409,0.538,14703.722,8.376,,,548,0.312,2301.79,1.311,-3912.815,-2.229
16/06/2026,2026-06-16,94,[22:15-22:30[,2026-06-16 21:15,1728.508,19639.429,11.362,944.409,0.546,14703.722,8.507,,,1686.6,0.976,2280.596,1.319,24.102,0.014
16/06/2026,2026-06-16,95,[22:30-22:45[,2026-06-16 21:30,1701.856,14902.09,8.756,1035.084,0.608,14703.722,8.64,,,2372.6,1.394,2210.838,1.299,-5420.155,-3.185
16/06/2026,2026-06-16,96,[22:45-23:00[,2026-06-16 21:45,1650.158,16210.607,9.824,1202.871,0.729,14703.722,8.91,,,3123.5,1.893,2296.936,1.392,-5116.423,-3.101
17/06/2026,2026-06-17,1,[23:00-23:15[,2026-06-16 22:00,1610.594,5889.238,3.657,718.765,0.446,7294.09,4.529,,,2680.9,1.665,2417.794,1.501,-7222.31,-4.484
17/06/2026,2026-06-17,2,[23:15-23:30[,2026-06-16 22:15,1573.852,11485.677,7.298,843.152,0.536,7409.632,4.708,,,3696.48,2.349,2417.458,1.536,-2881.045,-1.831
17/06/2026,2026-06-17,3,[23:30-23:45[,2026-06-16 22:30,1542.048,8417.905,5.459,3417.05,2.216,,,,,3956.2,2.566,2397.418,1.555,-1352.763,-0.877
17/06/2026,2026-06-17,4,[23:45-00:00[,2026-06-16 22:45,1479.878,9351.677,6.319,3567.05,2.41,,,,,4137.4,2.796,2385.203,1.612,-737.976,-0.499
17/06/2026,2026-06-17,5,[00:00-00:15[,2026-06-16 23:00,1462.188,7544.793,5.16,3525.517,2.411,,,,,3554.5,2.431,2380.884,1.628,-1916.108,-1.31
17/06/2026,2026-06-17,6,[00:15-00:30[,2026-06-16 23:15,1421.881,8708.812,6.125,3652.079,2.568,,,,,3696.5,2.6,2358.914,1.659,-998.681,-0.702
17/06/2026,2026-06-17,7,[00:30-00:45[,2026-06-16 23:30,1398.839,8785.994,6.281,3673.642,2.626,,,,,3753.4,2.683,2359.047,1.686,-1000.094,-0.715
17/06/2026,2026-06-17,8,[00:45-01:00[,2026-06-16 23:45,1396.323,9185.801,6.579,3682.079,2.637,,,,,3753.4,2.688,2294.15,1.643,-543.828,-0.389
17/06/2026,2026-06-17,9,[01:00-01:15[,2026-06-17 00:00,1378.062,6472.776,4.697,2232.175,1.62,,,,,3289.2,2.387,2411.416,1.75,-1460.015,-1.059
17/06/2026,2026-06-17,10,[01:15-01:30[,2026-06-17 00:15,1332.367,9003.963,6.758,2325.925,1.746,,,,,4518,3.391,2405.891,1.806,-245.853,-0.185
17/06/2026,2026-06-17,11,[01:30-01:45[,2026-06-17 00:30,1329.703,10799.483,8.122,2963.722,2.229,,,,,4149.4,3.121,2396.639,1.802,1289.723,0.97
17/06/2026,2026-06-17,12,[01:45-02:00[,2026-06-17 00:45,1296.968,10732.92,8.275,4053.415,3.125,,,,,4380.7,3.378,2351.69,1.813,-52.885,-0.041
17/06/2026,2026-06-17,13,[02:00-02:15[,2026-06-17 01:00,1309.262,8351.687,6.379,2962.828,2.263,,,,,3608.9,2.756,2416.843,1.846,-636.884,-0.486
17/06/2026,2026-06-17,14,[02:15-02:30[,2026-06-17 01:15,1300.534,8303.364,6.385,3121.907,2.4,,,,,3781.4,2.908,2399.307,1.845,-999.25,-0.768
17/06/2026,2026-06-17,15,[02:30-02:45[,2026-06-17 01:30,1265.865,11512.062,9.094,4070.167,3.215,,,,,3928.4,3.103,2419.997,1.912,1093.498,0.864
17/06/2026,2026-06-17,16,[02:45-03:00[,2026-06-17 01:45,1270.328,13365.016,10.521,4098.008,3.226,,,,,4002.1,3.15,2379.781,1.873,2885.126,2.271
17/06/2026,2026-06-17,17,[03:00-03:15[,2026-06-17 02:00,1271.067,9814.687,7.722,4098.008,3.224,,,,,3971.2,3.124,2520.96,1.983,-775.481,-0.61
17/06/2026,2026-06-17,18,[03:15-03:30[,2026-06-17 02:15,1261.312,11274.413,8.939,4258.321,3.376,,,,,4239.1,3.361,2482.753,1.968,294.24,0.233
17/06/2026,2026-06-17,19,[03:30-03:45[,2026-06-17 02:30,1245.56,12525.893,10.056,4202.071,3.374,,,,,4166,3.345,2628.967,2.111,1528.854,1.227
17/06/2026,2026-06-17,20,[03:45-04:00[,2026-06-17 02:45,1251.245,11336.61,9.06,4098.008,3.275,,,,,4022.7,3.215,2613.138,2.088,602.764,0.482
17/06/2026,2026-06-17,21,[04:00-04:15[,2026-06-17 03:00,1256.817,9137.369,7.27,4088.633,3.253,,,,,3138,2.497,2589.446,2.06,-678.71,-0.54
17/06/2026,2026-06-17,22,[04:15-04:30[,2026-06-17 03:15,1240.249,9536.793,7.689,3188.301,2.571,,,,,3040.8,2.452,2558.71,2.063,748.982,0.604
17/06/2026,2026-06-17,23,[04:30-04:45[,2026-06-17 03:30,1226.365,10901.217,8.889,2962.769,2.416,,,,,3016.5,2.46,2618.799,2.135,2303.149,1.878
17/06/2026,2026-06-17,24,[04:45-05:00[,2026-06-17 03:45,1245.708,4389.642,3.524,2348.425,1.885,,,,,3016.5,2.422,2722.948,2.186,-3698.231,-2.969
17/06/2026,2026-06-17,25,[05:00-05:15[,2026-06-17 04:00,1260.354,6777.626,5.378,2350.3,1.865,,,,,3638.8,2.887,2757.551,2.188,-1969.025,-1.562
17/06/2026,2026-06-17,26,[05:15-05:30[,2026-06-17 04:15,1269.446,9046.285,7.126,2303.425,1.815,,,,,3588.2,2.827,2724.497,2.146,430.164,0.339
17/06/2026,2026-06-17,27,[05:30-05:45[,2026-06-17 04:30,1259.385,9824.11,7.801,2240.613,1.779,,,,,3512.3,2.789,2769.08,2.199,1302.118,1.034
17/06/2026,2026-06-17,28,[05:45-06:00[,2026-06-17 04:45,1274.189,9787.725,7.682,2200.3,1.727,,,,,3487,2.737,2769.079,2.173,1331.346,1.045
17/06/2026,2026-06-17,29,[06:00-06:15[,2026-06-17 05:00,1303.349,9526.876,7.31,2232.175,1.713,,,,,4816,3.695,2745.862,2.107,-267.16,-0.205
17/06/2026,2026-06-17,30,[06:15-06:30[,2026-06-17 05:15,1310.091,10169.173,7.762,2325.925,1.775,,,,,5040,3.847,2680.031,2.046,123.217,0.094
17/06/2026,2026-06-17,31,[06:30-06:45[,2026-06-17 05:30,1332.801,10904.324,8.182,2663.364,1.998,,,,,5152,3.866,2747.03,2.061,341.931,0.257
17/06/2026,2026-06-17,32,[06:45-07:00[,2026-06-17 05:45,1374.996,14600.372,10.618,4451.209,3.237,,,,,6726.37,4.892,2768.777,2.014,654.015,0.476
17/06/2026,2026-06-17,33,[07:00-07:15[,2026-06-17 06:00,1429.72,9954.758,6.963,2325.925,1.627,,,,,5616,3.928,2770.871,1.938,-758.038,-0.53
17/06/2026,2026-06-17,34,[07:15-07:30[,2026-06-17 06:15,1475.556,14999.504,10.165,4400.228,2.982,,,,,8051.25,5.456,3020.947,2.047,-472.92,-0.321
17/06/2026,2026-06-17,35,[07:30-07:45[,2026-06-17 06:30,1500.156,17207.218,11.47,5791.505,3.861,,,,,9547,6.364,2926.689,1.951,-1057.975,-0.705
17/06/2026,2026-06-17,36,[07:45-08:00[,2026-06-17 06:45,1552.929,26196.029,16.869,6400.3,4.121,,,,,10706,6.894,3020.955,1.945,6068.773,3.908
17/06/2026,2026-06-17,37,[08:00-08:15[,2026-06-17 07:00,1617.422,17193.931,10.63,5212.85,3.223,,,,,11235,6.946,3021.12,1.868,-2275.039,-1.407
17/06/2026,2026-06-17,38,[08:15-08:30[,2026-06-17 07:15,1635.626,19749.669,12.075,6489.725,3.968,,,,,11235,6.869,3021.12,1.847,-996.176,-0.609
17/06/2026,2026-06-17,39,[08:30-08:45[,2026-06-17 07:30,1654.119,25452.904,15.388,6970.663,4.214,,,,,11235,6.792,2939.236,1.777,4308.005,2.604
17/06/2026,2026-06-17,40,[08:45-09:00[,2026-06-17 07:45,1651.325,28189.19,17.071,7516.288,4.552,,,,,11590.4,7.019,3021.12,1.83,6061.383,3.671
17/06/2026,2026-06-17,41,[09:00-09:15[,2026-06-17 08:00,1675.464,17578.903,10.492,6959.988,4.154,,,,,10687.7,6.379,3084.06,1.841,-3152.845,-1.882
17/06/2026,2026-06-17,42,[09:15-09:30[,2026-06-17 08:15,1667.916,15540.871,9.318,7879.675,4.724,,,,,11153.9,6.687,3074.451,1.843,-6567.156,-3.937
17/06/2026,2026-06-17,43,[09:30-09:45[,2026-06-17 08:30,1660.847,26837.71,16.159,8629.675,5.196,,,,,11553.5,6.956,3028.224,1.823,3626.311,2.183
17/06/2026,2026-06-17,44,[09:45-10:00[,2026-06-17 08:45,1660.599,26373.474,15.882,9238.113,5.563,,,,,11853.2,7.138,3018.827,1.818,2263.334,1.363
17/06/2026,2026-06-17,45,[10:00-10:15[,2026-06-17 09:00,1654.191,24529.124,14.828,8828.425,5.337,,,,,11549.6,6.982,3033.169,1.834,1117.93,0.676
17/06/2026,2026-06-17,46,[10:15-10:30[,2026-06-17 09:15,1664.357,23297.835,13.998,9285.925,5.579,,,,,11780.6,7.078,2996.433,1.8,-765.123,-0.46
17/06/2026,2026-06-17,47,[10:30-10:45[,2026-06-17 09:30,1664.612,22159.809,13.312,9426.55,5.663,,,,,12113.8,7.277,2989.951,1.796,-2370.492,-1.424
17/06/2026,2026-06-17,48,[10:45-11:00[,2026-06-17 09:45,1637.381,24889.157,15.201,10345.3,6.318,,,,,12435.3,7.595,2955.879,1.805,-847.322,-0.517
17/06/2026,2026-06-17,49,[11:00-11:15[,2026-06-17 10:00,1649.689,20276.974,12.291,7541.238,4.571,,,,,12348,7.485,2958.994,1.794,-2571.257,-1.559
17/06/2026,2026-06-17,50,[11:15-11:30[,2026-06-17 10:15,1668.545,21005.409,12.589,7541.238,4.52,,,,,12348,7.4,2969.5,1.78,-1853.328,-1.111
17/06/2026,2026-06-17,51,[11:30-11:45[,2026-06-17 10:30,1652.518,18327.211,11.09,8819.05,5.337,,,,,11741.4,7.105,2964.312,1.794,-5197.55,-3.145
17/06/2026,2026-06-17,52,[11:45-12:00[,2026-06-17 10:45,1681.884,20655.214,12.281,8819.05,5.244,,,,,11741.4,6.981,2958.47,1.759,-2863.707,-1.703
17/06/2026,2026-06-17,53,[12:00-12:15[,2026-06-17 11:00,1673.495,18476.99,11.041,7541.238,4.506,,,,,10433.2,6.234,2922.14,1.746,-2419.587,-1.446
17/06/2026,2026-06-17,54,[12:15-12:30[,2026-06-17 11:15,1664.27,17470.89,10.498,8819.05,5.299,,,,,11065.2,6.649,2913.172,1.75,-5326.532,-3.201
17/06/2026,2026-06-17,55,[12:30-12:45[,2026-06-17 11:30,1623.557,20702.456,12.751,9287.8,5.721,,,,,11286.4,6.952,2945.197,1.814,-2816.941,-1.735
17/06/2026,2026-06-17,56,[12:45-13:00[,2026-06-17 11:45,1598.44,22779.019,14.251,9287.8,5.811,,,,,11286.4,7.061,2900.173,1.814,-695.354,-0.435
17/06/2026,2026-06-17,57,[13:00-13:15[,2026-06-17 12:00,1607.942,23800.669,14.802,9287.8,5.776,,,,,11197,6.964,2933.103,1.824,382.766,0.238
17/06/2026,2026-06-17,58,[13:15-13:30[,2026-06-17 12:15,1619.051,22218.676,13.723,9287.8,5.737,,,,,11197,6.916,2902.288,1.793,-1168.412,-0.722
17/06/2026,2026-06-17,59,[13:30-13:45[,2026-06-17 12:30,1628.807,22934.468,14.081,9286.863,5.702,,,,,11292.26,6.933,2868.598,1.761,-513.252,-0.315
17/06/2026,2026-06-17,60,[13:45-14:00[,2026-06-17 12:45,1639.937,22144.823,13.503,8819.05,5.378,,,,,11554.4,7.046,2919.606,1.78,-1148.232,-0.7
17/06/2026,2026-06-17,61,[14:00-14:15[,2026-06-17 13:00,1645.37,29881.442,18.161,10599.725,6.442,,,,,11898.7,7.232,2934.31,1.783,4448.707,2.704
17/06/2026,2026-06-17,62,[14:15-14:30[,2026-06-17 13:15,1664.786,26952.032,16.189,9839.413,5.91,,,,,11515.9,6.917,2936.146,1.764,2660.573,1.598
17/06/2026,2026-06-17,63,[14:30-14:45[,2026-06-17 13:30,1679.13,30792.575,18.338,10730.038,6.39,,,,,11962.5,7.124,2945.367,1.754,5154.671,3.07
17/06/2026,2026-06-17,64,[14:45-15:00[,2026-06-17 13:45,1672.657,20339.08,12.16,9734.413,5.82,,,,,11674.4,6.98,2858.818,1.709,-3928.55,-2.349
17/06/2026,2026-06-17,65,[15:00-15:15[,2026-06-17 14:00,1662.932,28851.868,17.35,9796.863,5.891,,,,,11751.6,7.067,2872.063,1.727,4431.343,2.665
17/06/2026,2026-06-17,66,[15:15-15:30[,2026-06-17 14:15,1659.925,29739.588,17.916,9379.675,5.651,,,,,11621.2,7.001,2816.298,1.697,5922.415,3.568
17/06/2026,2026-06-17,67,[15:30-15:45[,2026-06-17 14:30,1672.958,26862.843,16.057,9285.925,5.551,,,,,11357,6.789,2907.867,1.738,3312.051,1.98
17/06/2026,2026-06-17,68,[15:45-16:00[,2026-06-17 14:45,1680.295,19297.81,11.485,8818.113,5.248,,,,,11134.4,6.626,2861.67,1.703,-3516.372,-2.093
17/06/2026,2026-06-17,69,[16:00-16:15[,2026-06-17 15:00,1679.883,16664.152,9.92,8078.425,4.809,,,,,12312,7.329,2887.306,1.719,-6613.579,-3.937
17/06/2026,2026-06-17,70,[16:15-16:30[,2026-06-17 15:15,1689.446,23178.822,13.72,7879.675,4.664,,,,,12312,7.288,2869.173,1.698,117.974,0.07
17/06/2026,2026-06-17,71,[16:30-16:45[,2026-06-17 15:30,1688.081,19089.573,11.308,7515.925,4.452,,,,,11038.8,6.539,2890.466,1.712,-2355.619,-1.395
17/06/2026,2026-06-17,72,[16:45-17:00[,2026-06-17 15:45,1694.667,17598.339,10.385,7410.925,4.373,,,,,10972,6.474,2947.192,1.739,-3731.778,-2.202
17/06/2026,2026-06-17,73,[17:00-17:15[,2026-06-17 16:00,1676.453,22504.065,13.424,6984.725,4.166,,,,,11935,7.119,2907.96,1.735,676.38,0.403
17/06/2026,2026-06-17,74,[17:15-17:30[,2026-06-17 16:15,1671.44,20100.754,12.026,6960.35,4.164,,,,,11935,7.141,2906.401,1.739,-1700.997,-1.018
17/06/2026,2026-06-17,75,[17:30-17:45[,2026-06-17 16:30,1685.68,18600.006,11.034,6830.613,4.052,,,,,11935,7.08,2923.683,1.734,-3089.289,-1.833
17/06/2026,2026-06-17,76,[17:45-18:00[,2026-06-17 16:45,1698.663,18214.487,10.723,6383.521,3.758,,,,,11935,7.026,2924.659,1.722,-3028.692,-1.783
17/06/2026,2026-06-17,77,[18:00-18:15[,2026-06-17 17:00,1708.649,21948.562,12.846,6400.3,3.746,,,,,11270,6.596,2879.052,1.685,1399.21,0.819
17/06/2026,2026-06-17,78,[18:15-18:30[,2026-06-17 17:15,1724.826,18081.966,10.483,6176.751,3.581,,,,,11270,6.534,2866.863,1.662,-2231.647,-1.294
17/06/2026,2026-06-17,79,[18:30-18:45[,2026-06-17 17:30,1727.193,15752.277,9.12,5196.419,3.009,,,,,10497.2,6.078,2685.256,1.555,-2626.598,-1.521
17/06/2026,2026-06-17,80,[18:45-19:00[,2026-06-17 17:45,1752.703,11755.748,6.707,3380.154,1.929,,,,,5526.4,3.153,2662.294,1.519,186.899,0.107
17/06/2026,2026-06-17,81,[19:00-19:15[,2026-06-17 18:00,1795.718,13921.93,7.753,3719.703,2.071,,,,,5514.6,3.071,2620.021,1.459,2067.606,1.151
17/06/2026,2026-06-17,82,[19:15-19:30[,2026-06-17 18:15,1806.492,5775.157,3.197,2497.653,1.383,,,,,3171.6,1.756,2737.89,1.516,-2631.987,-1.457
17/06/2026,2026-06-17,83,[19:30-19:45[,2026-06-17 18:30,1812.264,3756.137,2.073,421.247,0.232,,,,,2074.8,1.145,2690.685,1.485,-1430.595,-0.789
17/06/2026,2026-06-17,84,[19:45-20:00[,2026-06-17 18:45,1807.632,1713.979,0.948,419.758,0.232,,,,,579,0.32,2690.685,1.489,-1975.463,-1.093
17/06/2026,2026-06-17,85,[20:00-20:15[,2026-06-17 19:00,1823.665,3272.184,1.794,418.981,0.23,,,,,1254,0.688,2643.204,1.449,-1044.001,-0.572
17/06/2026,2026-06-17,86,[20:15-20:30[,2026-06-17 19:15,1833.289,2288.187,1.248,418.204,0.228,,,,,856.5,0.467,2706.42,1.476,-1692.936,-0.923
17/06/2026,2026-06-17,87,[20:30-20:45[,2026-06-17 19:30,1825.775,-153.469,-0.084,418.204,0.229,,,,,856.5,0.469,2706.42,1.482,-4134.592,-2.265
17/06/2026,2026-06-17,88,[20:45-21:00[,2026-06-17 19:45,1820.639,1392.199,0.765,503.795,0.277,,,,,856.5,0.47,2706.42,1.487,-2674.516,-1.469
17/06/2026,2026-06-17,89,[21:00-21:15[,2026-06-17 20:00,1818.775,-461.744,-0.254,717.754,0.395,,,,,933,0.513,2671.281,1.469,-4783.779,-2.63
17/06/2026,2026-06-17,90,[21:15-21:30[,2026-06-17 20:15,1830.981,695.766,0.38,972.092,0.531,,,,,1234.5,0.674,2668.042,1.457,-4178.867,-2.282
17/06/2026,2026-06-17,91,[21:30-21:45[,2026-06-17 20:30,1819.462,912.518,0.502,717.929,0.395,,,,,961.8,0.529,2683.883,1.475,-3451.094,-1.897
17/06/2026,2026-06-17,92,[21:45-22:00[,2026-06-17 20:45,1797.167,6494.568,3.614,973.72,0.542,,,,,1479.9,0.823,2706.42,1.506,1334.528,0.743
17/06/2026,2026-06-17,93,[22:00-22:15[,2026-06-17 21:00,1767.402,4645.645,2.629,973.72,0.551,,,,,1712.5,0.969,2706.42,1.531,-746.994,-0.423
17/06/2026,2026-06-17,94,[22:15-22:30[,2026-06-17 21:15,1735.386,8206.986,4.729,1097.824,0.633,,,,,3739.2,2.155,2642.886,1.523,727.077,0.419
17/06/2026,2026-06-17,95,[22:30-22:45[,2026-06-17 21:30,1700.192,5911.702,3.477,1096.763,0.645,,,,,3739.2,2.199,2700.192,1.588,-1624.452,-0.955
17/06/2026,2026-06-17,96,[22:45-23:00[,2026-06-17 21:45,1659.142,12774.253,7.699,4200.924,2.532,,,,,4593.7,2.769,2691.259,1.622,1288.37,0.777
18/06/2026,2026-06-18,1,[23:00-23:15[,2026-06-17 22:00,1617.993,5589.873,3.455,1224.113,0.757,,,,,1997.4,1.234,2591.603,1.602,-223.243,-0.138
18/06/2026,2026-06-18,2,[23:15-23:30[,2026-06-17 22:15,1580.258,10100.923,6.392,3697.538,2.34,,,,,2948.2,1.866,2589.655,1.639,865.53,0.548
18/06/2026,2026-06-18,3,[23:30-23:45[,2026-06-17 22:30,1544.629,8649.385,5.6,3753.423,2.43,,,,,3140.8,2.033,2643.451,1.711,-888.289,-0.575
18/06/2026,2026-06-18,4,[23:45-00:00[,2026-06-17 22:45,1504.453,9591.278,6.375,3880.123,2.579,,,,,3168,2.106,2705.297,1.798,-162.141,-0.108
18/06/2026,2026-06-18,5,[00:00-00:15[,2026-06-17 23:00,1467.409,10069.417,6.862,3854.727,2.627,,,,,3539.2,2.412,2561.114,1.745,114.377,0.078
18/06/2026,2026-06-18,6,[00:15-00:30[,2026-06-17 23:15,1444.08,11268.465,7.803,3957.338,2.74,,,,,3918.4,2.713,2568.91,1.779,823.818,0.57
18/06/2026,2026-06-18,7,[00:30-00:45[,2026-06-17 23:30,1420.295,9765.042,6.875,3937.038,2.772,,,,,3792,2.67,2533.717,1.784,-497.713,-0.35
18/06/2026,2026-06-18,8,[00:45-01:00[,2026-06-17 23:45,1395.132,11694.624,8.382,3971.513,2.847,,,,,4234.4,3.035,2577.16,1.847,911.551,0.653
18/06/2026,2026-06-18,9,[01:00-01:15[,2026-06-18 00:00,1379.031,9360.572,6.788,3813.834,2.766,,,,,3168,2.297,2578.913,1.87,-200.174,-0.145
18/06/2026,2026-06-18,10,[01:15-01:30[,2026-06-18 00:15,1362.48,9790.292,7.186,3912.715,2.872,,,,,3091.2,2.269,2580.829,1.894,205.547,0.151
18/06/2026,2026-06-18,11,[01:30-01:45[,2026-06-18 00:30,1344.148,9701.146,7.217,3938.013,2.93,,,,,3340.8,2.485,2554.844,1.901,-132.511,-0.099
18/06/2026,2026-06-18,12,[01:45-02:00[,2026-06-18 00:45,1328.869,10201.511,7.677,3940.088,2.965,,,,,3340.8,2.514,2539.36,1.911,381.263,0.287
18/06/2026,2026-06-18,13,[02:00-02:15[,2026-06-18 01:00,1314.881,9872.231,7.508,3940.413,2.997,,,,,3317.6,2.523,2494.785,1.897,119.434,0.091
18/06/2026,2026-06-18,14,[02:15-02:30[,2026-06-18 01:15,1301.761,10504.736,8.07,3940.738,3.027,,,,,3317.6,2.549,2534.63,1.947,711.768,0.547
18/06/2026,2026-06-18,15,[02:30-02:45[,2026-06-18 01:30,1292.22,10542.422,8.158,3939.313,3.048,,,,,3317.6,2.567,2544.892,1.969,740.617,0.573
18/06/2026,2026-06-18,16,[02:45-03:00[,2026-06-18 01:45,1282.624,9493.478,7.402,3939.313,3.071,,,,,3317.6,2.587,2500.839,1.95,-264.274,-0.206
18/06/2026,2026-06-18,17,[03:00-03:15[,2026-06-18 02:00,1279.517,8975.9,7.015,3882.65,3.034,,,,,3113,2.433,2601.145,2.033,-620.894,-0.485
18/06/2026,2026-06-18,18,[03:15-03:30[,2026-06-18 02:15,1273.237,8281.663,6.504,3837.99,3.014,,,,,2824.9,2.219,2568.622,2.017,-949.848,-0.746
18/06/2026,2026-06-18,19,[03:30-03:45[,2026-06-18 02:30,1262.847,8035.578,6.363,3799.71,3.009,,,,,2937.6,2.326,2573.192,2.038,-1274.923,-1.01
18/06/2026,2026-06-18,20,[03:45-04:00[,2026-06-18 02:45,1255.907,9121.399,7.263,3780.77,3.01,,,,,2883.2,2.296,2591.334,2.063,-133.906,-0.107
18/06/2026,2026-06-18,21,[04:00-04:15[,2026-06-18 03:00,1253.609,9398.468,7.497,3780.77,3.016,,,,,2715,2.166,2588.79,2.065,313.908,0.25
18/06/2026,2026-06-18,22,[04:15-04:30[,2026-06-18 03:15,1245.756,8348.339,6.701,3754.911,3.014,,,,,2715,2.179,2531.688,2.032,-653.26,-0.524
18/06/2026,2026-06-18,23,[04:30-04:45[,2026-06-18 03:30,1246.417,9609.681,7.71,3736.075,2.997,,,,,2611,2.095,2598.864,2.085,663.742,0.533
18/06/2026,2026-06-18,24,[04:45-05:00[,2026-06-18 03:45,1242.214,7103.082,5.718,1588.207,1.279,,,,,2664.9,2.145,2507.261,2.018,342.714,0.276
18/06/2026,2026-06-18,25,[05:00-05:15[,2026-06-18 04:00,1253.501,6084.009,4.854,1263.286,1.008,,,,,2674.3,2.133,2418.804,1.93,-272.38,-0.217
18/06/2026,2026-06-18,26,[05:15-05:30[,2026-06-18 04:15,1263.634,4677.043,3.701,910.93,0.721,,,,,2728,2.159,2544.571,2.014,-1506.458,-1.192
18/06/2026,2026-06-18,27,[05:30-05:45[,2026-06-18 04:30,1263.277,4931.578,3.904,753.218,0.596,,,,,2411.8,1.909,2463.896,1.95,-697.335,-0.552
18/06/2026,2026-06-18,28,[05:45-06:00[,2026-06-18 04:45,1264.823,4905.436,3.878,693.93,0.549,,,,,2268.8,1.794,2512.879,1.987,-570.173,-0.451
18/06/2026,2026-06-18,29,[06:00-06:15[,2026-06-18 05:00,1284.071,5352.243,4.168,693.586,0.54,,,,,2514.8,1.958,2540.627,1.979,-396.769,-0.309
18/06/2026,2026-06-18,30,[06:15-06:30[,2026-06-18 05:15,1303.76,3004.026,2.304,694.618,0.533,,,,,2514.8,1.929,2454.284,1.882,-2659.676,-2.04
18/06/2026,2026-06-18,31,[06:30-06:45[,2026-06-18 05:30,1326.52,9336.544,7.038,3294.841,2.484,,,,,2987.8,2.252,2523.503,1.902,530.4,0.4
18/06/2026,2026-06-18,32,[06:45-07:00[,2026-06-18 05:45,1350.09,11428.417,8.465,3515.067,2.604,,,,,3554.5,2.633,2569.292,1.903,1789.558,1.326
18/06/2026,2026-06-18,33,[07:00-07:15[,2026-06-18 06:00,1408.685,2150.477,1.527,751.366,0.533,,,,,2985.6,2.119,2627.059,1.865,-4213.548,-2.991
18/06/2026,2026-06-18,34,[07:15-07:30[,2026-06-18 06:15,1438.018,9509.8,6.613,3367.565,2.342,,,,,3504.6,2.437,2472.078,1.719,165.558,0.115
18/06/2026,2026-06-18,35,[07:30-07:45[,2026-06-18 06:30,1475.285,9725.064,6.592,3307.091,2.242,,,,,4364.8,2.959,2412.595,1.635,-359.421,-0.244
18/06/2026,2026-06-18,36,[07:45-08:00[,2026-06-18 06:45,1547.093,12844.595,8.302,4978.609,3.218,,,,,6488.5,4.194,2866.655,1.853,-1489.168,-0.963
18/06/2026,2026-06-18,37,[08:00-08:15[,2026-06-18 07:00,1622.461,9475.292,5.84,2873.163,1.771,,,,,4057.2,2.501,2876.203,1.773,-331.273,-0.204
18/06/2026,2026-06-18,38,[08:15-08:30[,2026-06-18 07:15,1674.888,11088.956,6.621,4422.85,2.641,,,,,5538.4,3.307,2926.9,1.748,-1799.194,-1.074
18/06/2026,2026-06-18,39,[08:30-08:45[,2026-06-18 07:30,1694.398,13250.075,7.82,6063.475,3.579,,,,,7019.6,4.143,2897.305,1.71,-2730.305,-1.611
18/06/2026,2026-06-18,40,[08:45-09:00[,2026-06-18 07:45,1718.506,14142.241,8.229,6447.85,3.752,,,,,7341.6,4.272,2908.36,1.692,-2555.568,-1.487
18/06/2026,2026-06-18,41,[09:00-09:15[,2026-06-18 08:00,1740.437,15932.405,9.154,6448.36,3.705,,,,,7797.6,4.48,2975.038,1.709,-1288.593,-0.74
18/06/2026,2026-06-18,42,[09:15-09:30[,2026-06-18 08:15,1731.695,14126.349,8.158,6448.36,3.724,,,,,7797.6,4.503,2966.964,1.713,-3086.575,-1.782
18/06/2026,2026-06-18,43,[09:30-09:45[,2026-06-18 08:30,1706.653,13967.977,8.184,6468.048,3.79,,,,,7866,4.609,2913.316,1.707,-3279.387,-1.922
18/06/2026,2026-06-18,44,[09:45-10:00[,2026-06-18 08:45,1704.547,14096.451,8.27,6487.735,3.806,,,,,7866,4.615,2941.646,1.726,-3198.93,-1.877
18/06/2026,2026-06-18,45,[10:00-10:15[,2026-06-18 09:00,1693.733,25387.443,14.989,6501.533,3.839,,,,,7797,4.603,2963.457,1.75,8125.454,4.797
18/06/2026,2026-06-18,46,[10:15-10:30[,2026-06-18 09:15,1681.364,23109.501,13.744,7252.679,4.314,,,,,8542.8,5.081,2837.241,1.687,4476.781,2.663
18/06/2026,2026-06-18,47,[10:30-10:45[,2026-06-18 09:30,1663.114,22114.826,13.297,6923.291,4.163,,,,,8203.8,4.933,2813.991,1.692,4173.745,2.51
18/06/2026,2026-06-18,48,[10:45-11:00[,2026-06-18 09:45,1669.82,21558.653,12.911,8259.745,4.946,,,,,9627.6,5.766,2781.137,1.666,890.171,0.533
18/06/2026,2026-06-18,49,[11:00-11:15[,2026-06-18 10:00,1663.621,35143.611,21.125,9007.647,5.414,,,,,10557,6.346,2749.462,1.653,12829.502,7.712
18/06/2026,2026-06-18,50,[11:15-11:30[,2026-06-18 10:15,1662.75,42491.495,25.555,9007.647,5.417,,,,,10557,6.349,2759.737,1.66,20167.112,12.129
18/06/2026,2026-06-18,51,[11:30-11:45[,2026-06-18 10:30,1669.703,42213.384,25.282,9195.146,5.507,,,,,10764,6.447,2767.899,1.658,19486.339,11.671
18/06/2026,2026-06-18,52,[11:45-12:00[,2026-06-18 10:45,1660.447,45724.327,27.537,9288.896,5.594,,,,,10833,6.524,2800.623,1.687,22801.808,13.732
18/06/2026,2026-06-18,53,[12:00-12:15[,2026-06-18 11:00,1646.042,45018.956,27.35,9582.446,5.822,,,,,9985.2,6.066,2696.007,1.638,22755.303,13.824
18/06/2026,2026-06-18,54,[12:15-12:30[,2026-06-18 11:15,1644.265,47226.118,28.722,11351.759,6.904,,,,,11720.8,7.128,2696.297,1.64,21457.263,13.05
18/06/2026,2026-06-18,55,[12:30-12:45[,2026-06-18 11:30,1613.797,49474.148,30.657,11623.634,7.203,,,,,11975.6,7.421,2760.56,1.711,23114.355,14.323
18/06/2026,2026-06-18,56,[12:45-13:00[,2026-06-18 11:45,1607.886,46367.011,28.837,12851.759,7.993,,,,,10139.28,6.306,2729.794,1.698,20646.179,12.841
18/06/2026,2026-06-18,57,[13:00-13:15[,2026-06-18 12:00,1588.643,38948.174,24.517,12008.946,7.559,,,,,11752.2,7.398,2748.28,1.73,12438.748,7.83
18/06/2026,2026-06-18,58,[13:15-13:30[,2026-06-18 12:15,1598.084,48532.45,30.369,11962.071,7.485,,,,,11720.4,7.334,2669.058,1.67,22180.92,13.88
18/06/2026,2026-06-18,59,[13:30-13:45[,2026-06-18 12:30,1611.512,47051.873,29.197,11810.196,7.329,,,,,11217.6,6.961,2596.783,1.611,21427.294,13.296
18/06/2026,2026-06-18,60,[13:45-14:00[,2026-06-18 12:45,1603.368,48353.053,30.157,12008.946,7.49,,,,,11291.4,7.042,2656.565,1.657,22396.142,13.968
18/06/2026,2026-06-18,61,[14:00-14:15[,2026-06-18 13:00,1639.47,47082.634,28.718,12008.945,7.325,,,,,11734.2,7.157,2733.51,1.667,20605.979,12.569
18/06/2026,2026-06-18,62,[14:15-14:30[,2026-06-18 13:15,1653.903,46075.553,27.859,11984.569,7.246,,,,,11702.4,7.076,2778.181,1.68,19610.403,11.857
18/06/2026,2026-06-18,63,[14:30-14:45[,2026-06-18 13:30,1648.871,42545.451,25.803,11351.755,6.885,,,,,11348.6,6.883,2763.396,1.676,17081.7,10.36
18/06/2026,2026-06-18,64,[14:45-15:00[,2026-06-18 13:45,1655.938,42700.279,25.786,10602.441,6.403,,,,,10587.8,6.394,2704.152,1.633,18805.885,11.357
18/06/2026,2026-06-18,65,[15:00-15:15[,2026-06-18 14:00,1658.595,43333.147,26.126,10155.253,6.123,,,,,10191.3,6.145,2693.907,1.624,20292.688,12.235
18/06/2026,2026-06-18,66,[15:15-15:30[,2026-06-18 14:15,1654.117,43674.494,26.404,10053.065,6.078,,,,,10048.8,6.075,2753.305,1.665,20819.325,12.586
18/06/2026,2026-06-18,67,[15:30-15:45[,2026-06-18 14:30,1663.495,41145.565,24.734,9196.189,5.528,,,,,9367,5.631,2719.492,1.635,19862.884,11.94
18/06/2026,2026-06-18,68,[15:45-16:00[,2026-06-18 14:45,1663.07,38425.921,23.105,8276.096,4.976,,,,,8446,5.079,2720.462,1.636,18983.363,11.415
18/06/2026,2026-06-18,69,[16:00-16:15[,2026-06-18 15:00,1644.968,36322.578,22.081,7723.61,4.695,,,1929.944,1.173,8823.6,5.364,2718.591,1.653,15126.834,9.196
18/06/2026,2026-06-18,70,[16:15-16:30[,2026-06-18 15:15,1654.111,32420.786,19.6,7336.478,4.435,,,,,8686.8,5.252,2663.245,1.61,13734.263,8.303
18/06/2026,2026-06-18,71,[16:30-16:45[,2026-06-18 15:30,1657.823,21996.497,13.268,6964.454,4.201,,,,,8276.4,4.992,2768.57,1.67,3987.073,2.405
18/06/2026,2026-06-18,72,[16:45-17:00[,2026-06-18 15:45,1662.9,23288.488,14.005,6918.3,4.16,,,,,8208,4.936,2685.785,1.615,5476.404,3.293
18/06/2026,2026-06-18,73,[17:00-17:15[,2026-06-18 16:00,1647.161,33291.195,20.211,6924.565,4.204,,,,,8330,5.057,2666.306,1.619,15370.324,9.331
18/06/2026,2026-06-18,74,[17:15-17:30[,2026-06-18 16:15,1655.253,29132.181,17.6,6480.887,3.915,,,,,8050,4.863,2731.028,1.65,11870.265,7.171
18/06/2026,2026-06-18,75,[17:30-17:45[,2026-06-18 16:30,1662.926,28337.229,17.041,6341.314,3.813,,,,,7770,4.672,2680.054,1.612,11545.861,6.943
18/06/2026,2026-06-18,76,[17:45-18:00[,2026-06-18 16:45,1661.188,29632.086,17.838,5806.95,3.496,,,,,7210,4.34,2696.129,1.623,13919.008,8.379
18/06/2026,2026-06-18,77,[18:00-18:15[,2026-06-18 17:00,1662.833,13358.324,8.033,4732.167,2.846,,,,,5825.6,3.503,2612.01,1.571,188.547,0.113
18/06/2026,2026-06-18,78,[18:15-18:30[,2026-06-18 17:15,1686.795,9744.712,5.777,3334.725,1.977,,,,,5627.4,3.336,2705.002,1.604,-1922.416,-1.14
18/06/2026,2026-06-18,79,[18:30-18:45[,2026-06-18 17:30,1707.201,5642.715,3.305,3208.519,1.879,,,,,3619,2.12,2722.155,1.595,-3906.959,-2.289
18/06/2026,2026-06-18,80,[18:45-19:00[,2026-06-18 17:45,1735.78,8368.141,4.821,3308.652,1.906,,,,,3177.6,1.831,2606.26,1.501,-724.371,-0.417
18/06/2026,2026-06-18,81,[19:00-19:15[,2026-06-18 18:00,1768.696,17063.695,9.648,3516.406,1.988,9809.237,5.546,126.623,0.072,2184,1.235,2517.6,1.423,-1090.17,-0.616
18/06/2026,2026-06-18,82,[19:15-19:30[,2026-06-18 18:15,1805.057,9553.4,5.293,3304.759,1.831,9809.237,5.434,-773.135,-0.428,1263.3,0.7,2533.335,1.403,-6584.096,-3.648
18/06/2026,2026-06-18,83,[19:30-19:45[,2026-06-18 18:30,1833.392,3184.041,1.737,824.233,0.45,9809.237,5.35,-773.135,-0.422,1146.6,0.625,2533.335,1.382,-10356.229,-5.649
18/06/2026,2026-06-18,84,[19:45-20:00[,2026-06-18 18:45,1852.685,7692.087,4.152,610.894,0.33,9809.237,5.295,-773.135,-0.417,1236,0.667,2517.079,1.359,-5707.988,-3.081
18/06/2026,2026-06-18,85,[20:00-20:15[,2026-06-18 19:00,1860.575,10384.759,5.581,700.44,0.376,9809.237,5.272,-844.56,-0.454,1812.1,0.974,2496.591,1.342,-3589.048,-1.929
18/06/2026,2026-06-18,86,[20:15-20:30[,2026-06-18 19:15,1861.514,10340.391,5.555,698.141,0.375,9809.237,5.269,-844.56,-0.454,1812.1,0.973,2533.335,1.361,-3667.862,-1.97
18/06/2026,2026-06-18,87,[20:30-20:45[,2026-06-18 19:30,1848.481,7400.195,4.003,604.433,0.327,9809.237,5.307,-844.56,-0.457,1724.5,0.933,2549.07,1.379,-6442.484,-3.485
18/06/2026,2026-06-18,88,[20:45-21:00[,2026-06-18 19:45,1839.575,15033.628,8.172,694.866,0.378,9809.237,5.332,-844.56,-0.459,1812.1,0.985,2524.792,1.372,1037.193,0.564
18/06/2026,2026-06-18,89,[21:00-21:15[,2026-06-18 20:00,1834.235,6420.754,3.501,947.175,0.516,9809.237,5.348,,,1665,0.908,2491.042,1.358,-8491.7,-4.63
18/06/2026,2026-06-18,90,[21:15-21:30[,2026-06-18 20:15,1845.866,12830.548,6.951,947.23,0.513,9809.237,5.314,,,2083.2,1.129,2525.981,1.368,-2535.1,-1.373
18/06/2026,2026-06-18,91,[21:30-21:45[,2026-06-18 20:30,1839.395,8903.17,4.84,947.23,0.515,9809.237,5.333,,,1665,0.905,2549.07,1.386,-6067.367,-3.299
18/06/2026,2026-06-18,92,[21:45-22:00[,2026-06-18 20:45,1813.191,11950.775,6.591,1100.68,0.607,9809.237,5.41,,,2473.8,1.364,2549.07,1.406,-3982.011,-2.196
18/06/2026,2026-06-18,93,[22:00-22:15[,2026-06-18 21:00,1783.705,11003.277,6.169,1131.908,0.635,9809.237,5.499,,,2171,1.217,2549.07,1.429,-4657.937,-2.611
18/06/2026,2026-06-18,94,[22:15-22:30[,2026-06-18 21:15,1752.996,13836.3,7.893,1187.843,0.678,9809.237,5.596,,,1970.8,1.124,2472.124,1.41,-1603.703,-0.915
18/06/2026,2026-06-18,95,[22:30-22:45[,2026-06-18 21:30,1717.378,8298.104,4.832,1180.313,0.687,9809.237,5.712,,,2331,1.357,2549.07,1.484,-7571.515,-4.409
18/06/2026,2026-06-18,96,[22:45-23:00[,2026-06-18 21:45,1678.65,15278.468,9.102,3671.392,2.187,9809.237,5.844,,,2972.6,1.771,2576.477,1.535,-3751.238,-2.235
19/06/2026,2026-06-19,1,[23:00-23:15[,2026-06-18 22:00,1632.002,10815.947,6.627,1202.179,0.737,5214.836,3.195,,,1248.3,0.765,2596.275,1.591,554.358,0.34
19/06/2026,2026-06-19,2,[23:15-23:30[,2026-06-18 22:15,1596.968,5564.501,3.484,1206.923,0.756,,,,,1460.7,0.915,2596.275,1.626,300.603,0.188
19/06/2026,2026-06-19,3,[23:30-23:45[,2026-06-18 22:30,1560.059,9227.738,5.915,3597.734,2.306,,,,,2352,1.508,2514.903,1.612,763.101,0.489
19/06/2026,2026-06-19,4,[23:45-00:00[,2026-06-18 22:45,1521.778,8765.095,5.76,3683.414,2.42,,,,,2352,1.546,2542.682,1.671,186.999,0.123
19/06/2026,2026-06-19,5,[00:00-00:15[,2026-06-18 23:00,1497.086,8508.073,5.683,3597.734,2.403,,,,,2215.5,1.48,2685.729,1.794,9.11,0.006
19/06/2026,2026-06-19,6,[00:15-00:30[,2026-06-18 23:15,1481.277,8675.05,5.856,3660.923,2.471,,,,,2215.5,1.496,2684.234,1.812,114.393,0.077
19/06/2026,2026-06-19,7,[00:30-00:45[,2026-06-18 23:30,1465.01,7499.693,5.119,3662.159,2.5,,,,,2215.5,1.512,2649.253,1.808,-1027.219,-0.701
19/06/2026,2026-06-19,8,[00:45-01:00[,2026-06-18 23:45,1445.962,8207.025,5.676,3763.904,2.603,,,,,2215.5,1.532,2627.513,1.817,-399.892,-0.277
19/06/2026,2026-06-19,9,[01:00-01:15[,2026-06-19 00:00,1420.479,7252.255,5.105,3634.581,2.559,,,,,1397.5,0.984,2633.329,1.854,-413.154,-0.291
19/06/2026,2026-06-19,10,[01:15-01:30[,2026-06-19 00:15,1399.108,8143.696,5.821,3641.007,2.602,,,,,1397.5,0.999,2667.876,1.907,437.314,0.313
19/06/2026,2026-06-19,11,[01:30-01:45[,2026-06-19 00:30,1382.44,8092.071,5.853,3648.071,2.639,,,,,1397.5,1.011,2649.704,1.917,396.796,0.287
19/06/2026,2026-06-19,12,[01:45-02:00[,2026-06-19 00:45,1367.795,7929.071,5.797,3656.297,2.673,,,,,1397.5,1.022,2586.106,1.891,289.168,0.211
19/06/2026,2026-06-19,13,[02:00-02:15[,2026-06-19 01:00,1343.606,8013.648,5.964,3656.297,2.721,,,,,1392.5,1.036,2633.228,1.96,331.624,0.247
19/06/2026,2026-06-19,14,[02:15-02:30[,2026-06-19 01:15,1340.851,7765.744,5.792,3662.723,2.732,,,,,1392.5,1.039,2648.334,1.975,62.187,0.046
19/06/2026,2026-06-19,15,[02:30-02:45[,2026-06-19 01:30,1334.508,7268.352,5.446,3669.471,2.75,,,,,1392.5,1.043,2648.332,1.985,-441.951,-0.331
19/06/2026,2026-06-19,16,[02:45-03:00[,2026-06-19 01:45,1309.01,8192.032,6.258,3669.471,2.803,,,,,1392.5,1.064,2629.338,2.009,500.723,0.383
19/06/2026,2026-06-19,17,[03:00-03:15[,2026-06-19 02:00,1312.138,8388.248,6.393,3671.592,2.798,,,,,1377.5,1.05,2592.087,1.975,747.068,0.569
19/06/2026,2026-06-19,18,[03:15-03:30[,2026-06-19 02:15,1306.992,7235.892,5.536,3671.592,2.809,,,,,1377.5,1.054,2635.858,2.017,-449.058,-0.344
19/06/2026,2026-06-19,19,[03:30-03:45[,2026-06-19 02:30,1295.647,7850.867,6.059,3665.154,2.829,,,,,1377.5,1.063,2630.386,2.03,177.827,0.137
19/06/2026,2026-06-19,20,[03:45-04:00[,2026-06-19 02:45,1285.793,7983.116,6.209,3659.026,2.846,,,,,1377.5,1.071,2632.269,2.047,314.321,0.244
19/06/2026,2026-06-19,21,[04:00-04:15[,2026-06-19 03:00,1287.102,7614.62,5.916,3665.47,2.848,,,,,1417.5,1.101,2540.137,1.974,-8.487,-0.007
19/06/2026,2026-06-19,22,[04:15-04:30[,2026-06-19 03:15,1289.473,7978.299,6.187,3659.336,2.838,,,,,1417.5,1.099,2626.522,2.037,274.942,0.213
19/06/2026,2026-06-19,23,[04:30-04:45[,2026-06-19 03:30,1262.072,9158.865,7.257,3646.734,2.889,,,,,1417.5,1.123,2634.84,2.088,1459.791,1.157
19/06/2026,2026-06-19,24,[04:45-05:00[,2026-06-19 03:45,1275.244,9601.508,7.529,3640.569,2.855,,,,,1417.5,1.112,2622.7,2.057,1920.739,1.506
19/06/2026,2026-06-19,25,[05:00-05:15[,2026-06-19 04:00,1288.755,6972.924,5.411,3601.074,2.794,,,,,1422.5,1.104,2595.538,2.014,-646.188,-0.501
19/06/2026,2026-06-19,26,[05:15-05:30[,2026-06-19 04:15,1300.226,8630.63,6.638,3526.305,2.712,,,,,1422.5,1.094,2591.489,1.993,1090.337,0.839
19/06/2026,2026-06-19,27,[05:30-05:45[,2026-06-19 04:30,1286.442,6952.105,5.404,3155.125,2.453,,,,,1050.7,0.817,2620.732,2.037,125.549,0.098
19/06/2026,2026-06-19,28,[05:45-06:00[,2026-06-19 04:45,1294.028,6169.458,4.768,1551.878,1.199,,,,,1050.7,0.812,2651.975,2.049,914.905,0.707
19/06/2026,2026-06-19,29,[06:00-06:15[,2026-06-19 05:00,1325.123,3518.534,2.655,936.093,0.706,,,,,1388.4,1.048,2619.581,1.977,-1425.539,-1.076
19/06/2026,2026-06-19,30,[06:15-06:30[,2026-06-19 05:15,1335.495,8777.594,6.573,3122.237,2.338,,,,,2180.5,1.633,2615.092,1.958,859.765,0.644
19/06/2026,2026-06-19,31,[06:30-06:45[,2026-06-19 05:30,1366.807,8590.275,6.285,3186.44,2.331,,,,,2180.5,1.595,2685.558,1.965,537.776,0.393
19/06/2026,2026-06-19,32,[06:45-07:00[,2026-06-19 05:45,1397.955,7777.504,5.563,3230.727,2.311,,,,,2180.5,1.56,2673.894,1.913,-307.617,-0.22
19/06/2026,2026-06-19,33,[07:00-07:15[,2026-06-19 06:00,1453.487,8051.185,5.539,3069.374,2.112,,,,,2243.5,1.544,2686.2,1.848,52.111,0.036
19/06/2026,2026-06-19,34,[07:15-07:30[,2026-06-19 06:15,1479.155,8449.934,5.713,3186.758,2.154,,,,,2243.5,1.517,2686.526,1.816,333.15,0.225
19/06/2026,2026-06-19,35,[07:30-07:45[,2026-06-19 06:30,1532.312,10004.167,6.529,4340.388,2.833,,,,,2243.5,1.464,2870.714,1.873,549.565,0.359
19/06/2026,2026-06-19,36,[07:45-08:00[,2026-06-19 06:45,1578.355,12641.871,8.01,4817.121,3.052,,,,,2187.5,1.386,2935.144,1.86,2702.106,1.712
19/06/2026,2026-06-19,37,[08:00-08:15[,2026-06-19 07:00,1634.943,5986.935,3.662,4068.925,2.489,,,,,2254,1.379,2935.309,1.795,-3271.299,-2.001
19/06/2026,2026-06-19,38,[08:15-08:30[,2026-06-19 07:15,1683.729,14485.071,8.603,5680.959,3.374,,,,,6182.4,3.672,2936.61,1.744,-314.897,-0.187
19/06/2026,2026-06-19,39,[08:30-08:45[,2026-06-19 07:30,1715.117,14911.78,8.694,5805.41,3.385,,,,,6375.6,3.717,2890.771,1.685,-160.001,-0.093
19/06/2026,2026-06-19,40,[08:45-09:00[,2026-06-19 07:45,1711.856,16397.838,9.579,5809.223,3.394,,,,,6560,3.832,3039.393,1.775,989.222,0.578
19/06/2026,2026-06-19,41,[09:00-09:15[,2026-06-19 08:00,1716.189,15202.601,8.858,5751.119,3.351,,,,,6820,3.974,3077.908,1.793,-446.426,-0.26
19/06/2026,2026-06-19,42,[09:15-09:30[,2026-06-19 08:15,1713.476,13964.08,8.15,5691.779,3.322,,,,,6820,3.98,2810.019,1.64,-1357.718,-0.792
19/06/2026,2026-06-19,43,[09:30-09:45[,2026-06-19 08:30,1698.446,11622.711,6.843,5654.599,3.329,,,,,6910,4.068,2860.288,1.684,-3802.175,-2.239
19/06/2026,2026-06-19,44,[09:45-10:00[,2026-06-19 08:45,1686.025,7558.696,4.483,5600.204,3.322,,,,,6920,4.104,2866.452,1.7,-7827.96,-4.643
19/06/2026,2026-06-19,45,[10:00-10:15[,2026-06-19 09:00,1670.011,35141.71,21.043,5592.643,3.349,,,,,6948.8,4.161,2992.638,1.792,19607.63,11.741
19/06/2026,2026-06-19,46,[10:15-10:30[,2026-06-19 09:15,1670.181,31926.572,19.116,5594.755,3.35,,,,,7027.8,4.208,3000.064,1.796,16303.953,9.762
19/06/2026,2026-06-19,47,[10:30-10:45[,2026-06-19 09:30,1670.077,33665.461,20.158,6317.661,3.783,,,,,7797,4.669,2983.842,1.787,16566.958,9.92
19/06/2026,2026-06-19,48,[10:45-11:00[,2026-06-19 09:45,1655.662,35866.271,21.663,7517.375,4.54,,,,,8923.2,5.39,2895.333,1.749,16530.364,9.984
19/06/2026,2026-06-19,49,[11:00-11:15[,2026-06-19 10:00,1655.007,17149.3,10.362,7939.274,4.797,,,,,9563.2,5.778,2918.452,1.763,-3271.626,-1.977
19/06/2026,2026-06-19,50,[11:15-11:30[,2026-06-19 10:15,1670.113,15662.286,9.378,8104.895,4.853,,,,,9769.6,5.85,2922.954,1.75,-5135.163,-3.075
19/06/2026,2026-06-19,51,[11:30-11:45[,2026-06-19 10:30,1662.341,14762.472,8.881,8091.24,4.867,,,,,9769.6,5.877,2858.191,1.719,-5956.56,-3.583
19/06/2026,2026-06-19,52,[11:45-12:00[,2026-06-19 10:45,1646.162,20411.118,12.399,8174.045,4.966,,,,,9838.4,5.977,2829.07,1.719,-430.397,-0.261
19/06/2026,2026-06-19,53,[12:00-12:15[,2026-06-19 11:00,1636.127,14600.93,8.924,8270.609,5.055,,,,,9367,5.725,2743.951,1.677,-5780.63,-3.533
19/06/2026,2026-06-19,54,[12:15-12:30[,2026-06-19 11:15,1630.581,20799.187,12.756,8766.543,5.376,,,,,9819.2,6.022,2729.24,1.674,-515.796,-0.316
19/06/2026,2026-06-19,55,[12:30-12:45[,2026-06-19 11:30,1603.616,23176.547,14.453,9942.149,6.2,,,,,10982,6.848,2490.07,1.553,-237.672,-0.148
19/06/2026,2026-06-19,56,[12:45-13:00[,2026-06-19 11:45,1588.066,23035.242,14.505,9942.984,6.261,,,,,10982,6.915,2470.204,1.555,-359.945,-0.227
19/06/2026,2026-06-19,57,[13:00-13:15[,2026-06-19 12:00,1585.061,23586.432,14.88,10224.234,6.45,,,,,11136,7.026,2444.523,1.542,-218.326,-0.138
19/06/2026,2026-06-19,58,[13:15-13:30[,2026-06-19 12:15,1586.348,23928.515,15.084,10225.483,6.446,,,,,11136,7.02,2516.766,1.587,50.267,0.032
19/06/2026,2026-06-19,59,[13:30-13:45[,2026-06-19 12:30,1574.742,23705.294,15.053,10226.731,6.494,,,,,11136,7.072,2559.581,1.625,-217.018,-0.138
19/06/2026,2026-06-19,60,[13:45-14:00[,2026-06-19 12:45,1592.26,23291.718,14.628,10227.98,6.424,,,,,11136,6.994,2649.955,1.664,-722.217,-0.454
19/06/2026,2026-06-19,61,[14:00-14:15[,2026-06-19 13:00,1616.793,24323.29,15.044,12472.91,7.715,,,,,8935.1,5.526,2647.09,1.637,268.19,0.166
19/06/2026,2026-06-19,62,[14:15-14:30[,2026-06-19 13:15,1610.93,24376.135,15.132,12472.819,7.743,,,,,8935.1,5.547,2806.521,1.742,161.695,0.1
19/06/2026,2026-06-19,63,[14:30-14:45[,2026-06-19 13:30,1628.013,23276.933,14.298,12331.976,7.575,,,,,8871.3,5.449,2798.483,1.719,-724.825,-0.445
19/06/2026,2026-06-19,64,[14:45-15:00[,2026-06-19 13:45,1626.447,24150.546,14.849,12335.721,7.584,,,,,8871.3,5.454,2700.503,1.66,243.022,0.149
19/06/2026,2026-06-19,65,[15:00-15:15[,2026-06-19 14:00,1616.856,23622.358,14.61,11979.523,7.409,,,,,8780.4,5.431,2729.77,1.688,132.665,0.082
19/06/2026,2026-06-19,66,[15:15-15:30[,2026-06-19 14:15,1628.421,24861.895,15.267,11160.752,6.854,,,,,10966.2,6.734,2761.938,1.696,-26.995,-0.017
19/06/2026,2026-06-19,67,[15:30-15:45[,2026-06-19 14:30,1633.09,23596.682,14.449,10286.659,6.299,,,,,11275.2,6.904,2778.99,1.702,-744.167,-0.456
19/06/2026,2026-06-19,68,[15:45-16:00[,2026-06-19 14:45,1622.449,21232.097,13.086,9096.933,5.607,,,,,10108.8,6.231,2773.373,1.709,-747.009,-0.46
19/06/2026,2026-06-19,69,[16:00-16:15[,2026-06-19 15:00,1635.173,22713.136,13.89,9124.387,5.58,,,,,10639.2,6.506,2800.422,1.713,149.128,0.091
19/06/2026,2026-06-19,70,[16:15-16:30[,2026-06-19 15:15,1640.618,19803.426,12.071,7271.028,4.432,,,,,8729.6,5.321,2824.559,1.722,978.239,0.596
19/06/2026,2026-06-19,71,[16:30-16:45[,2026-06-19 15:30,1647.896,18006.44,10.927,6362.054,3.861,,,,,7706.6,4.677,2871.296,1.742,1066.49,0.647
19/06/2026,2026-06-19,72,[16:45-17:00[,2026-06-19 15:45,1653.878,15065.912,9.109,5999.013,3.627,,,,,7297.4,4.412,2906.251,1.757,-1136.752,-0.687
19/06/2026,2026-06-19,73,[17:00-17:15[,2026-06-19 16:00,1647.595,15179.916,9.213,6377.542,3.871,,,,,7817.6,4.745,2789.764,1.693,-1804.99,-1.096
19/06/2026,2026-06-19,74,[17:15-17:30[,2026-06-19 16:15,1647.623,13880.783,8.425,5941.735,3.606,,,,,7259.2,4.406,2727.169,1.655,-2047.321,-1.243
19/06/2026,2026-06-19,75,[17:30-17:45[,2026-06-19 16:30,1652.27,13635.041,8.252,5743.335,3.476,,,,,7049.8,4.267,2809.096,1.7,-1967.19,-1.191
19/06/2026,2026-06-19,76,[17:45-18:00[,2026-06-19 16:45,1668.625,15397.996,9.228,5236.515,3.138,,,,,6351.8,3.807,2972.094,1.781,837.587,0.502
19/06/2026,2026-06-19,77,[18:00-18:15[,2026-06-19 17:00,1660.675,12818.164,7.719,4972.361,2.994,,,,,5676,3.418,2982.835,1.796,-813.032,-0.49
19/06/2026,2026-06-19,78,[18:15-18:30[,2026-06-19 17:15,1673.874,6936.689,4.144,3376.571,2.017,,,,,2947.5,1.761,2706.67,1.617,-2094.052,-1.251
19/06/2026,2026-06-19,79,[18:30-18:45[,2026-06-19 17:30,1701.813,5882.146,3.456,2908.949,1.709,,,,,2947.5,1.732,2798.213,1.644,-2772.516,-1.629
19/06/2026,2026-06-19,80,[18:45-19:00[,2026-06-19 17:45,1740.68,9114.923,5.236,2838.779,1.631,,,-112.713,-0.065,2771.6,1.592,2803.361,1.61,813.896,0.468
19/06/2026,2026-06-19,81,[19:00-19:15[,2026-06-19 18:00,1755.365,9111.874,5.191,3087.348,1.759,,,61.044,0.035,2641.5,1.505,2803.363,1.597,518.619,0.295
19/06/2026,2026-06-19,82,[19:15-19:30[,2026-06-19 18:15,1778.768,6390.538,3.593,2760.513,1.552,,,,,2183,1.227,2751.426,1.547,-1304.4,-0.733
19/06/2026,2026-06-19,83,[19:30-19:45[,2026-06-19 18:30,1813.53,-21791.028,-12.016,459.677,0.253,,,-237.375,-0.131,1652,0.911,2668.948,1.472,-26334.277,-14.521
19/06/2026,2026-06-19,84,[19:45-20:00[,2026-06-19 18:45,1822.528,-15285.086,-8.387,29.651,0.016,,,-281.48,-0.154,1652,0.906,2710.754,1.487,-19396.011,-10.642
19/06/2026,2026-06-19,85,[20:00-20:15[,2026-06-19 19:00,1830.665,982.489,0.537,92.63,0.051,,,-539.4,-0.295,1680,0.918,2756.772,1.506,-3007.513,-1.643
19/06/2026,2026-06-19,86,[20:15-20:30[,2026-06-19 19:15,1824.043,2684.001,1.471,56.011,0.031,,,-536.1,-0.294,1680,0.921,2678.322,1.468,-1194.232,-0.655
19/06/2026,2026-06-19,87,[20:30-20:45[,2026-06-19 19:30,1805.031,11482.698,6.361,154.202,0.085,,,-537.3,-0.298,1680,0.931,2678.41,1.484,7507.386,4.159
19/06/2026,2026-06-19,88,[20:45-21:00[,2026-06-19 19:45,1799.204,8681.313,4.825,239.22,0.133,,,1350.075,0.75,1680,0.934,2680.942,1.49,2731.075,1.518
19/06/2026,2026-06-19,89,[21:00-21:15[,2026-06-19 20:00,1799.039,2740.24,1.523,742.486,0.413,,,,,1940.8,1.079,2652.748,1.475,-2595.794,-1.443
19/06/2026,2026-06-19,90,[21:15-21:30[,2026-06-19 20:15,1798.268,5699.799,3.17,740.741,0.412,,,,,1940.8,1.079,2603.176,1.448,415.082,0.231
19/06/2026,2026-06-19,91,[21:30-21:45[,2026-06-19 20:30,1790.8,4976.21,2.779,738.941,0.413,,,,,1940.8,1.084,2592.118,1.447,-295.65,-0.165
19/06/2026,2026-06-19,92,[21:45-22:00[,2026-06-19 20:45,1764.119,6506.475,3.688,738.941,0.419,,,,,1940.8,1.1,2572.324,1.458,1254.41,0.711
19/06/2026,2026-06-19,93,[22:00-22:15[,2026-06-19 21:00,1727.028,4234.075,2.452,737.141,0.427,,,,,2097.6,1.215,2592.971,1.501,-1193.636,-0.691
19/06/2026,2026-06-19,94,[22:15-22:30[,2026-06-19 21:15,1706.248,7424.954,4.352,928.566,0.544,,,,,2031,1.19,2619.848,1.535,1845.54,1.082
19/06/2026,2026-06-19,95,[22:30-22:45[,2026-06-19 21:30,1673.206,5975.516,3.571,1144.459,0.684,,,,,2031,1.214,2570.672,1.536,229.386,0.137
19/06/2026,2026-06-19,96,[22:45-23:00[,2026-06-19 21:45,1628.146,16859.125,10.355,3469.582,2.131,,,,,2261.9,1.389,2512.298,1.543,8615.344,5.292
20/06/2026,2026-06-20,1,[23:00-23:15[,2026-06-19 22:00,1597.041,8559.856,5.36,2107.483,1.32,,,,,2471.2,1.547,2506.102,1.569,1475.072,0.924
20/06/2026,2026-06-20,2,[23:15-23:30[,2026-06-19 22:15,1565.444,6704.005,4.282,2152.045,1.375,,,,,2657.5,1.698,2498.608,1.596,-604.148,-0.386
20/06/2026,2026-06-20,3,[23:30-23:45[,2026-06-19 22:30,1525.084,13455.169,8.823,6947.269,4.555,,,,,2657.5,1.743,2489.536,1.632,1360.864,0.892
20/06/2026,2026-06-20,4,[23:45-00:00[,2026-06-19 22:45,1492.229,8075.534,5.412,7566.719,5.071,,,,,2657.5,1.781,2496.464,1.673,-4645.15,-3.113
20/06/2026,2026-06-20,5,[00:00-00:15[,2026-06-19 23:00,1471.496,10732.575,7.294,6014.317,4.087,,,,,2342.8,1.592,2495.503,1.696,-120.044,-0.082
20/06/2026,2026-06-20,6,[00:15-00:30[,2026-06-19 23:15,1439.524,10417.555,7.237,6303.42,4.379,,,,,2342.8,1.627,2495.657,1.734,-724.323,-0.503
20/06/2026,2026-06-20,7,[00:30-00:45[,2026-06-19 23:30,1424.013,10802.681,7.586,6312.242,4.433,,,,,2342.8,1.645,2494.876,1.752,-347.238,-0.244
20/06/2026,2026-06-20,8,[00:45-01:00[,2026-06-19 23:45,1412.624,12274.311,8.689,7018.747,4.969,,,,,2342.8,1.658,2493.888,1.765,418.875,0.297
20/06/2026,2026-06-20,9,[01:00-01:15[,2026-06-20 00:00,1383.591,11969.697,8.651,7406.897,5.353,,,,,2101.5,1.519,2493.388,1.802,-32.088,-0.023
20/06/2026,2026-06-20,10,[01:15-01:30[,2026-06-20 00:15,1364.319,11996.806,8.793,7475.097,5.479,,,,,2101.5,1.54,2493.213,1.827,-73.004,-0.054
20/06/2026,2026-06-20,11,[01:30-01:45[,2026-06-20 00:30,1346.493,12053.175,8.952,7568.097,5.621,,,,,2101.5,1.561,2492.715,1.851,-109.138,-0.081
20/06/2026,2026-06-20,12,[01:45-02:00[,2026-06-20 00:45,1320.984,13107.285,9.922,7660.408,5.799,,,,,2101.5,1.591,2469.091,1.869,876.286,0.663
20/06/2026,2026-06-20,13,[02:00-02:15[,2026-06-20 01:00,1314.007,12907.624,9.823,7660.408,5.83,,,,,1912.5,1.455,2488.875,1.894,845.841,0.644
20/06/2026,2026-06-20,14,[02:15-02:30[,2026-06-20 01:15,1304.055,11408.487,8.748,7659.719,5.874,,,,,1912.5,1.467,2489.03,1.909,-652.761,-0.501
20/06/2026,2026-06-20,15,[02:30-02:45[,2026-06-20 01:30,1287.604,12090.623,9.39,7659.719,5.949,,,,,1912.5,1.485,2486.755,1.931,31.649,0.025
20/06/2026,2026-06-20,16,[02:45-03:00[,2026-06-20 01:45,1278.646,12286.767,9.609,7674.938,6.002,,,,,1912.5,1.496,2483.51,1.942,215.82,0.169
20/06/2026,2026-06-20,17,[03:00-03:15[,2026-06-20 02:00,1275.291,13317.581,10.443,8076.628,6.333,,,,,2153,1.688,2483.019,1.947,604.935,0.474
20/06/2026,2026-06-20,18,[03:15-03:30[,2026-06-20 02:15,1256.935,12249.287,9.745,8075.098,6.424,,,,,2153,1.713,2466.632,1.962,-445.442,-0.354
20/06/2026,2026-06-20,19,[03:30-03:45[,2026-06-20 02:30,1249.447,13388.881,10.716,8075.33,6.463,,,,,2153,1.723,2464.524,1.972,696.027,0.557
20/06/2026,2026-06-20,20,[03:45-04:00[,2026-06-20 02:45,1246.514,12911.05,10.358,8072.985,6.476,,,,,2153,1.727,2464.521,1.977,220.544,0.177
20/06/2026,2026-06-20,21,[04:00-04:15[,2026-06-20 03:00,1235.507,13735.07,11.117,8016.943,6.489,,,,,1976.2,1.6,2659.747,2.153,1082.179,0.876
20/06/2026,2026-06-20,22,[04:15-04:30[,2026-06-20 03:15,1232.124,13527.326,10.979,8016.943,6.507,,,,,1976.2,1.604,2579.862,2.094,954.321,0.775
20/06/2026,2026-06-20,23,[04:30-04:45[,2026-06-20 03:30,1226.614,12936.192,10.546,8017.565,6.536,,,,,1976.2,1.611,2552.284,2.081,390.144,0.318
20/06/2026,2026-06-20,24,[04:45-05:00[,2026-06-20 03:45,1220.579,12756.051,10.451,8024.855,6.575,,,,,1976.2,1.619,2631.145,2.156,123.851,0.101
20/06/2026,2026-06-20,25,[05:00-05:15[,2026-06-20 04:00,1230.155,12844.551,10.441,8063.215,6.555,,,,,1984.4,1.613,2630.983,2.139,165.953,0.135
20/06/2026,2026-06-20,26,[05:15-05:30[,2026-06-20 04:15,1228.21,13210.471,10.756,8072.985,6.573,,,,,1984.4,1.616,2631.145,2.142,521.941,0.425
20/06/2026,2026-06-20,27,[05:30-05:45[,2026-06-20 04:30,1214.318,13264.349,10.923,8072.229,6.648,,,,,1860.2,1.532,2631.304,2.167,700.616,0.577
20/06/2026,2026-06-20,28,[05:45-06:00[,2026-06-20 04:45,1207.18,14568.385,12.068,8070.44,6.685,,,,,1860.2,1.541,2629.807,2.178,2007.938,1.663
20/06/2026,2026-06-20,29,[06:00-06:15[,2026-06-20 05:00,1213.298,10768.823,8.876,7113.795,5.863,,,,,2482.2,2.046,2712.692,2.236,-1539.864,-1.269
20/06/2026,2026-06-20,30,[06:15-06:30[,2026-06-20 05:15,1224.418,12232.443,9.99,6641.839,5.424,,,,,2482.2,2.027,2712.532,2.215,395.871,0.323
20/06/2026,2026-06-20,31,[06:30-06:45[,2026-06-20 05:30,1236.354,11623.142,9.401,6887.518,5.571,,,,,2482.2,2.008,2712.375,2.194,-458.951,-0.371
20/06/2026,2026-06-20,32,[06:45-07:00[,2026-06-20 05:45,1244.535,14023.085,11.268,8039.944,6.46,,,,,4281.4,3.44,2711.244,2.179,-1009.503,-0.811
20/06/2026,2026-06-20,33,[07:00-07:15[,2026-06-20 06:00,1259.43,12011.127,9.537,5992.284,4.758,,,,,4476.2,3.554,2708.035,2.15,-1165.392,-0.925
20/06/2026,2026-06-20,34,[07:15-07:30[,2026-06-20 06:15,1274.172,15311.367,12.017,8637.252,6.779,,,,,4476.2,3.513,2697.517,2.117,-499.602,-0.392
20/06/2026,2026-06-20,35,[07:30-07:45[,2026-06-20 06:30,1282.858,19523.099,15.218,9086.826,7.083,,,,,7832,6.105,2710.287,2.113,-106.014,-0.083
20/06/2026,2026-06-20,36,[07:45-08:00[,2026-06-20 06:45,1307.269,30428.838,23.277,10532.038,8.057,,,,,13514,10.338,2709.969,2.073,3672.832,2.81
20/06/2026,2026-06-20,37,[08:00-08:15[,2026-06-20 07:00,1315.355,23806.115,18.099,10072.323,7.657,,,,,13206,10.04,2709.815,2.06,-2182.023,-1.659
20/06/2026,2026-06-20,38,[08:15-08:30[,2026-06-20 07:15,1347.951,31103.133,23.074,12089.225,8.969,,,,,13315,9.878,2703.82,2.006,2995.088,2.222
20/06/2026,2026-06-20,39,[08:30-08:45[,2026-06-20 07:30,1359.273,25876.922,19.037,14248.288,10.482,,,,,10425.36,7.67,2697.298,1.984,-1494.024,-1.099
20/06/2026,2026-06-20,40,[08:45-09:00[,2026-06-20 07:45,1357.998,30214.741,22.249,15057.178,11.088,,,,,12662,9.324,2687.926,1.979,-192.363,-0.142
20/06/2026,2026-06-20,41,[09:00-09:15[,2026-06-20 08:00,1388.418,29846.422,21.497,14898.465,10.731,,,,,11858,8.541,2674.936,1.927,415.022,0.299
20/06/2026,2026-06-20,42,[09:15-09:30[,2026-06-20 08:15,1392.472,31068.308,22.312,15057.178,10.813,,,,,13290,9.544,2587.736,1.858,133.394,0.096
20/06/2026,2026-06-20,43,[09:30-09:45[,2026-06-20 08:30,1392.499,31257.216,22.447,15114.053,10.854,,,,,13392,9.617,2494.644,1.791,256.519,0.184
20/06/2026,2026-06-20,44,[09:45-10:00[,2026-06-20 08:45,1390.037,32705.355,23.528,15186.349,10.925,,,,,13454,9.679,2444.161,1.758,1620.844,1.166
20/06/2026,2026-06-20,45,[10:00-10:15[,2026-06-20 09:00,1398.144,28536.821,20.411,14262.35,10.201,,,,,11938,8.538,2486.66,1.779,-150.189,-0.107
20/06/2026,2026-06-20,46,[10:15-10:30[,2026-06-20 09:15,1406.977,28975.428,20.594,14636.371,10.403,,,,,11960,8.5,2403.86,1.709,-24.803,-0.018
20/06/2026,2026-06-20,47,[10:30-10:45[,2026-06-20 09:30,1405.754,29028.968,20.65,14634.892,10.411,,,,,11982,8.524,2353.661,1.674,58.415,0.042
20/06/2026,2026-06-20,48,[10:45-11:00[,2026-06-20 09:45,1406.374,29100.274,20.692,14633.719,10.405,,,,,11972.65,8.513,2336.326,1.661,157.58,0.112
20/06/2026,2026-06-20,49,[11:00-11:15[,2026-06-20 10:00,1422.504,29582.163,20.796,14633.216,10.287,,,,,12569,8.836,2333.513,1.64,46.435,0.033
20/06/2026,2026-06-20,50,[11:15-11:30[,2026-06-20 10:15,1414.938,29130.218,20.588,14633.153,10.342,,,,,12365.95,8.74,2311.948,1.634,-180.832,-0.128
20/06/2026,2026-06-20,51,[11:30-11:45[,2026-06-20 10:30,1429.233,29230.299,20.452,14633.383,10.239,,,,,12158.25,8.507,2306.444,1.614,132.223,0.093
20/06/2026,2026-06-20,52,[11:45-12:00[,2026-06-20 10:45,1438.226,29192.552,20.298,14633.797,10.175,,,,,12183.28,8.471,2300.865,1.6,74.61,0.052
20/06/2026,2026-06-20,53,[12:00-12:15[,2026-06-20 11:00,1431.764,28093.244,19.621,14898.374,10.406,,,,,11023.68,7.699,2187.086,1.528,-15.896,-0.011
20/06/2026,2026-06-20,54,[12:15-12:30[,2026-06-20 11:15,1446.12,28229.299,19.521,14939.882,10.331,,,,,11031.56,7.628,2185.236,1.511,72.621,0.05
20/06/2026,2026-06-20,55,[12:30-12:45[,2026-06-20 11:30,1443.611,28263.459,19.578,14970.113,10.37,,,,,11049,7.654,2182.808,1.512,61.539,0.043
20/06/2026,2026-06-20,56,[12:45-13:00[,2026-06-20 11:45,1429.158,28266.65,19.779,14970.345,10.475,,,,,11073.2,7.748,2182.312,1.527,40.793,0.029
20/06/2026,2026-06-20,57,[13:00-13:15[,2026-06-20 12:00,1415.607,28330.582,20.013,15017.684,10.609,,,,,11190,7.905,2112.437,1.492,10.461,0.007
20/06/2026,2026-06-20,58,[13:15-13:30[,2026-06-20 12:15,1399.939,28421.881,20.302,15030.467,10.737,,,,,11190,7.993,2083.091,1.488,118.323,0.085
20/06/2026,2026-06-20,59,[13:30-13:45[,2026-06-20 12:30,1380.232,27782.117,20.129,15040.207,10.897,,,,,10698.15,7.751,1980.21,1.435,63.55,0.046
20/06/2026,2026-06-20,60,[13:45-14:00[,2026-06-20 12:45,1368.988,28030.624,20.475,15043.431,10.989,,,,,10938,7.99,1970.918,1.44,78.274,0.057
20/06/2026,2026-06-20,61,[14:00-14:15[,2026-06-20 13:00,1373.789,28629.093,20.84,15283.77,11.125,,,,,11145,8.113,1990.671,1.449,209.652,0.153
20/06/2026,2026-06-20,62,[14:15-14:30[,2026-06-20 13:15,1367.041,28690.606,20.987,15284.544,11.181,,,,,11145,8.153,2029.436,1.485,231.626,0.169
20/06/2026,2026-06-20,63,[14:30-14:45[,2026-06-20 13:30,1361.435,28912.742,21.237,15284.711,11.227,,,,,11124,8.171,2039.309,1.498,464.722,0.341
20/06/2026,2026-06-20,64,[14:45-15:00[,2026-06-20 13:45,1361.559,28527.487,20.952,15284.709,11.226,,,,,11124,8.17,2010.075,1.476,108.703,0.08
20/06/2026,2026-06-20,65,[15:00-15:15[,2026-06-20 14:00,1363.429,28621.875,20.993,15285,11.211,,,,,11163,8.187,2000.721,1.467,173.154,0.127
20/06/2026,2026-06-20,66,[15:15-15:30[,2026-06-20 14:15,1359.539,28561.627,21.008,15285.33,11.243,,,,,11238,8.266,2009.176,1.478,29.122,0.021
20/06/2026,2026-06-20,67,[15:30-15:45[,2026-06-20 14:30,1362.702,28202.408,20.696,15284.795,11.217,,,,,11063.56,8.119,2026.393,1.487,-172.34,-0.126
20/06/2026,2026-06-20,68,[15:45-16:00[,2026-06-20 14:45,1364.295,28453.897,20.856,15285.298,11.204,,,,,10934.92,8.015,2014.039,1.476,219.64,0.161
20/06/2026,2026-06-20,69,[16:00-16:15[,2026-06-20 15:00,1350.547,31394.448,23.246,15285.752,11.318,,,,,13984,10.354,2026.186,1.5,98.51,0.073
20/06/2026,2026-06-20,70,[16:15-16:30[,2026-06-20 15:15,1370.623,31214.072,22.774,15285.995,11.153,,,,,13961,10.186,2045.307,1.492,-78.23,-0.057
20/06/2026,2026-06-20,71,[16:30-16:45[,2026-06-20 15:30,1378.771,30866.639,22.387,15175.965,11.007,,,,,13704,9.939,2050.402,1.487,-63.728,-0.046
20/06/2026,2026-06-20,72,[16:45-17:00[,2026-06-20 15:45,1385.643,31272.206,22.569,15120.325,10.912,,,,,13622,9.831,2091.178,1.509,438.702,0.317
20/06/2026,2026-06-20,73,[17:00-17:15[,2026-06-20 16:00,1405.737,32577.58,23.175,15120.325,10.756,,,-0.101,0,14556,10.355,2135.471,1.519,765.884,0.545
20/06/2026,2026-06-20,74,[17:15-17:30[,2026-06-20 16:15,1415.21,32201.929,22.754,15064.075,10.644,,,,,14514,10.256,2214.899,1.565,408.955,0.289
20/06/2026,2026-06-20,75,[17:30-17:45[,2026-06-20 16:30,1427.867,29946.862,20.973,14910.325,10.442,,,,,12621,8.839,2229.204,1.561,186.333,0.13
20/06/2026,2026-06-20,76,[17:45-18:00[,2026-06-20 16:45,1448.961,26300.339,18.151,14673.913,10.127,,,,,12831,8.855,2375.7,1.64,-3580.273,-2.471
20/06/2026,2026-06-20,77,[18:00-18:15[,2026-06-20 17:00,1474.28,23271.936,15.785,10170.815,6.899,,,,,14474,9.818,2413.053,1.637,-3785.931,-2.568
20/06/2026,2026-06-20,78,[18:15-18:30[,2026-06-20 17:15,1484.724,18045.683,12.154,8354.032,5.627,,,,,7872,5.302,2481.087,1.671,-661.436,-0.445
20/06/2026,2026-06-20,79,[18:30-18:45[,2026-06-20 17:30,1512.79,47400.704,31.333,7888.327,5.214,,,,,36772,24.307,2531.193,1.673,209.183,0.138
20/06/2026,2026-06-20,80,[18:45-19:00[,2026-06-20 17:45,1551.696,10481.754,6.755,7166.091,4.618,,,,,7296,4.702,2549.993,1.643,-6530.33,-4.209
20/06/2026,2026-06-20,81,[19:00-19:15[,2026-06-20 18:00,1548.536,13822.985,8.926,7417.318,4.79,,,,,6506,4.201,2572.314,1.661,-2672.647,-1.726
20/06/2026,2026-06-20,82,[19:15-19:30[,2026-06-20 18:15,1574.519,9240.712,5.869,5876.897,3.733,,,,,2385.4,1.515,2506.741,1.592,-1528.325,-0.971
20/06/2026,2026-06-20,83,[19:30-19:45[,2026-06-20 18:30,1603.19,9170.025,5.72,5631.319,3.513,,,,,2154,1.344,2419.692,1.509,-1034.986,-0.646
20/06/2026,2026-06-20,84,[19:45-20:00[,2026-06-20 18:45,1603.663,10308.592,6.428,5487.329,3.422,,,,,2154,1.343,2428.263,1.514,239,0.149
20/06/2026,2026-06-20,85,[20:00-20:15[,2026-06-20 19:00,1619.936,10380.53,6.408,6036.782,3.727,,,,,2528.5,1.561,2431.47,1.501,-616.222,-0.38
20/06/2026,2026-06-20,86,[20:15-20:30[,2026-06-20 19:15,1618.895,10645.864,6.576,5792.013,3.578,,,,,2528.5,1.562,2434.784,1.504,-109.433,-0.068
20/06/2026,2026-06-20,87,[20:30-20:45[,2026-06-20 19:30,1607.122,11407.028,7.098,5676.035,3.532,,,,,2528.5,1.573,2387.905,1.486,814.588,0.507
20/06/2026,2026-06-20,88,[20:45-21:00[,2026-06-20 19:45,1607.524,11910.698,7.409,6165.778,3.836,,,,,2528.5,1.573,2387.904,1.485,828.516,0.515
20/06/2026,2026-06-20,89,[21:00-21:15[,2026-06-20 20:00,1608.559,9067.275,5.637,2727.854,1.696,,,,,4102.18,2.55,2388.555,1.485,-151.314,-0.094
20/06/2026,2026-06-20,90,[21:15-21:30[,2026-06-20 20:15,1611.568,12297.34,7.631,4122.327,2.558,,,,,4102.18,2.545,2386.294,1.481,1686.54,1.047
20/06/2026,2026-06-20,91,[21:30-21:45[,2026-06-20 20:30,1611.807,11525.533,7.151,2716.043,1.685,,,,,7206.3,4.471,2384.674,1.48,-781.484,-0.485
20/06/2026,2026-06-20,92,[21:45-22:00[,2026-06-20 20:45,1581.154,24288.589,15.361,6251.448,3.954,,,,,13471.3,8.52,2384.021,1.508,2181.821,1.38
20/06/2026,2026-06-20,93,[22:00-22:15[,2026-06-20 21:00,1553.198,12889.805,8.299,6479.46,4.172,,,,,2578.9,1.66,2382.134,1.534,1449.31,0.933
20/06/2026,2026-06-20,94,[22:15-22:30[,2026-06-20 21:15,1530.235,13548.151,8.854,7038.619,4.6,,,,,2578.9,1.685,2298.354,1.502,1632.278,1.067
20/06/2026,2026-06-20,95,[22:30-22:45[,2026-06-20 21:30,1499.35,11471.06,7.651,7049.848,4.702,,,,,2578.9,1.72,2292.331,1.529,-450.019,-0.3
20/06/2026,2026-06-20,96,[22:45-23:00[,2026-06-20 21:45,1472.98,13815.051,9.379,7396.845,5.022,,,,,2578.9,1.751,2298.828,1.561,1540.478,1.046
21/06/2026,2026-06-21,1,[23:00-23:15[,2026-06-20 22:00,1458.435,10281.114,7.049,5639.541,3.867,,,,,1369.6,0.939,2381.869,1.633,890.104,0.61
21/06/2026,2026-06-21,2,[23:15-23:30[,2026-06-20 22:15,1432.985,9588.257,6.691,5830.791,4.069,,,,,1369.6,0.956,2393.615,1.67,-5.749,-0.004
21/06/2026,2026-06-21,3,[23:30-23:45[,2026-06-20 22:30,1413.852,10176.085,7.197,6059.416,4.286,,,,,1369.6,0.969,2401.457,1.699,345.613,0.244
21/06/2026,2026-06-21,4,[23:45-00:00[,2026-06-20 22:45,1375.854,11415.845,8.297,6574.191,4.778,,,,,1522.4,1.107,2379.965,1.73,939.289,0.683
21/06/2026,2026-06-21,5,[00:00-00:15[,2026-06-20 23:00,1362.649,11034.334,8.098,7076.741,5.193,,,,,1430,1.049,2381.42,1.748,146.174,0.107
21/06/2026,2026-06-21,6,[00:15-00:30[,2026-06-20 23:15,1346.912,11084.979,8.23,7288.428,5.411,,,,,1430,1.062,2380.603,1.767,-14.052,-0.01
21/06/2026,2026-06-21,7,[00:30-00:45[,2026-06-20 23:30,1309.388,11399.555,8.706,7122.491,5.44,,,,,1430,1.092,2378.813,1.817,468.251,0.358
21/06/2026,2026-06-21,8,[00:45-01:00[,2026-06-20 23:45,1310.663,11579.04,8.834,7499.366,5.722,,,,,1430,1.091,2630.016,2.007,19.659,0.015
21/06/2026,2026-06-21,9,[01:00-01:15[,2026-06-21 00:00,1301.806,10587.335,8.133,7519.241,5.776,,,,,1302.4,1,2630.334,2.021,-864.64,-0.664
21/06/2026,2026-06-21,10,[01:15-01:30[,2026-06-21 00:15,1272.086,11959.399,9.401,7369.241,5.793,,,,,1302.4,1.024,2630.328,2.068,657.43,0.517
21/06/2026,2026-06-21,11,[01:30-01:45[,2026-06-21 00:30,1256.848,12588.502,10.016,7920.768,6.302,,,,,1302.4,1.036,2630.322,2.093,735.013,0.585
21/06/2026,2026-06-21,12,[01:45-02:00[,2026-06-21 00:45,1250.522,13128.301,10.498,9199.205,7.356,,,,,1302.4,1.041,2630.155,2.103,-3.459,-0.003
21/06/2026,2026-06-21,13,[02:00-02:15[,2026-06-21 01:00,1229.431,11956.089,9.725,7641.116,6.215,,,,,1245.2,1.013,2630.889,2.14,438.884,0.357
21/06/2026,2026-06-21,14,[02:15-02:30[,2026-06-21 01:15,1224.078,12830.628,10.482,8423.365,6.881,,,,,1245.2,1.017,2630.722,2.149,531.34,0.434
21/06/2026,2026-06-21,15,[02:30-02:45[,2026-06-21 01:30,1219.081,12447.86,10.211,8718.138,7.151,,,,,1245.2,1.021,2630.881,2.158,-146.359,-0.12
21/06/2026,2026-06-21,16,[02:45-03:00[,2026-06-21 01:45,1179.137,14362.345,12.18,9025.588,7.654,,,,,1245.2,1.056,2630.838,2.231,1460.719,1.239
21/06/2026,2026-06-21,17,[03:00-03:15[,2026-06-21 02:00,1185.285,12997.673,10.966,10164.038,8.575,,,,,1227.6,1.036,2625.967,2.215,-1019.932,-0.86
21/06/2026,2026-06-21,18,[03:15-03:30[,2026-06-21 02:15,1177.577,13302.544,11.297,10223.802,8.682,,,,,1227.6,1.042,2612.213,2.218,-761.071,-0.646
21/06/2026,2026-06-21,19,[03:30-03:45[,2026-06-21 02:30,1180.616,14361.451,12.164,10225.658,8.661,,,,,1227.6,1.04,2608.071,2.209,300.122,0.254
21/06/2026,2026-06-21,20,[03:45-04:00[,2026-06-21 02:45,1165.359,11643.651,9.991,10275.41,8.817,,,,,1227.6,1.053,2612.669,2.242,-2472.028,-2.121
21/06/2026,2026-06-21,21,[04:00-04:15[,2026-06-21 03:00,1160.827,16349.343,14.084,10276.047,8.852,,,,,1262.8,1.088,2614.045,2.252,2196.452,1.892
21/06/2026,2026-06-21,22,[04:15-04:30[,2026-06-21 03:15,1166.219,14537.822,12.466,10277.428,8.813,,,,,1262.8,1.083,2613.476,2.241,384.119,0.329
21/06/2026,2026-06-21,23,[04:30-04:45[,2026-06-21 03:30,1149.394,16122.87,14.027,10277.533,8.942,,,,,1262.8,1.099,2614.364,2.275,1968.173,1.712
21/06/2026,2026-06-21,24,[04:45-05:00[,2026-06-21 03:45,1147.283,16229.96,14.146,10278.913,8.959,,,,,1262.8,1.101,2614.444,2.279,2073.803,1.808
21/06/2026,2026-06-21,25,[05:00-05:15[,2026-06-21 04:00,1159.279,14329.928,12.361,10279.018,8.867,,,,,1148,0.99,2613.796,2.255,289.113,0.249
21/06/2026,2026-06-21,26,[05:15-05:30[,2026-06-21 04:15,1147.05,14256.32,12.429,10279.55,8.962,,,,,1148,1.001,2614.363,2.279,214.407,0.187
21/06/2026,2026-06-21,27,[05:30-05:45[,2026-06-21 04:30,1151.97,14683.183,12.746,10319.71,8.958,,,,,1148,0.997,2613.792,2.269,601.681,0.522
21/06/2026,2026-06-21,28,[05:45-06:00[,2026-06-21 04:45,1141.424,25232.188,22.106,10528.311,9.224,,,,,9960,8.726,2613.698,2.29,2130.178,1.866
21/06/2026,2026-06-21,29,[06:00-06:15[,2026-06-21 05:00,1123.594,27645.152,24.604,10353.283,9.214,,,,,11364.6,10.115,2665.97,2.373,3261.299,2.903
21/06/2026,2026-06-21,30,[06:15-06:30[,2026-06-21 05:15,1126.819,25955.043,23.034,10881.046,9.656,,,,,11364.6,10.086,2666.295,2.366,1043.102,0.926
21/06/2026,2026-06-21,31,[06:30-06:45[,2026-06-21 05:30,1128.769,26405.9,23.394,12376.82,10.965,,,,,11197.2,9.92,2666.541,2.362,165.339,0.146
21/06/2026,2026-06-21,32,[06:45-07:00[,2026-06-21 05:45,1130.4,24761.743,21.905,11126.8,9.843,,,,,11197.2,9.906,2666.059,2.359,-228.316,-0.202
21/06/2026,2026-06-21,33,[07:00-07:15[,2026-06-21 06:00,1151.979,26617.547,23.106,10935.775,9.493,,,,,12731,11.051,2666.932,2.315,283.841,0.246
21/06/2026,2026-06-21,34,[07:15-07:30[,2026-06-21 06:15,1160.223,28474.099,24.542,14172.492,12.215,,,,,12272.2,10.577,2671.146,2.302,-641.739,-0.553
21/06/2026,2026-06-21,35,[07:30-07:45[,2026-06-21 06:30,1170.682,29686.037,25.358,15104.358,12.902,,,,,10464.72,8.939,2671.174,2.282,1445.785,1.235
21/06/2026,2026-06-21,36,[07:45-08:00[,2026-06-21 06:45,1181.723,29476.342,24.944,15281.125,12.931,,,,,11547.66,9.772,2669.155,2.259,-21.598,-0.018
21/06/2026,2026-06-21,37,[08:00-08:15[,2026-06-21 07:00,1198.43,27684.113,23.1,15153.894,12.645,,,,,9740.76,8.128,2648.478,2.21,140.981,0.118
21/06/2026,2026-06-21,38,[08:15-08:30[,2026-06-21 07:15,1211.641,25252.922,20.842,15285.463,12.616,,,,,9929.6,8.195,2621.116,2.163,-2583.256,-2.132
21/06/2026,2026-06-21,39,[08:30-08:45[,2026-06-21 07:30,1208.957,25990.206,21.498,15286.113,12.644,,,,,10015.7,8.285,2615.062,2.163,-1926.669,-1.594
21/06/2026,2026-06-21,40,[08:45-09:00[,2026-06-21 07:45,1225.353,27781.658,22.672,15285.324,12.474,,,,,10316.36,8.419,2604.959,2.126,-424.985,-0.347
21/06/2026,2026-06-21,41,[09:00-09:15[,2026-06-21 08:00,1248.184,29590.949,23.707,15284.142,12.245,,,,,11858.38,9.501,2568.507,2.058,-120.08,-0.096
21/06/2026,2026-06-21,42,[09:15-09:30[,2026-06-21 08:15,1259.994,28488.141,22.61,15282.288,12.129,,,,,10919.44,8.666,2553.788,2.027,-267.375,-0.212
21/06/2026,2026-06-21,43,[09:30-09:45[,2026-06-21 08:30,1276.213,28076.587,22,15277.887,11.971,,,,,10304.5,8.074,2504.682,1.963,-10.481,-0.008
21/06/2026,2026-06-21,44,[09:45-10:00[,2026-06-21 08:45,1278.906,28002.506,21.896,15262.416,11.934,,,,,10308.68,8.061,2476.287,1.936,-44.878,-0.035
21/06/2026,2026-06-21,45,[10:00-10:15[,2026-06-21 09:00,1287.76,27903.158,21.668,15261.251,11.851,,,,,10231.2,7.945,2366.308,1.838,44.4,0.034
21/06/2026,2026-06-21,46,[10:15-10:30[,2026-06-21 09:15,1295.328,27264.705,21.048,15259.487,11.78,,,,,9625,7.431,2311.688,1.785,68.53,0.053
21/06/2026,2026-06-21,47,[10:30-10:45[,2026-06-21 09:30,1304.069,27219.357,20.873,15260.575,11.702,,,,,9686.6,7.428,2216.666,1.7,55.516,0.043
21/06/2026,2026-06-21,48,[10:45-11:00[,2026-06-21 09:45,1311.376,27266.051,20.792,15259.539,11.636,,,,,9748.2,7.434,2179.698,1.662,78.614,0.06
21/06/2026,2026-06-21,49,[11:00-11:15[,2026-06-21 10:00,1319.009,28318.169,21.469,15256.39,11.567,,,,,10869.6,8.241,2153.533,1.633,38.647,0.029
21/06/2026,2026-06-21,50,[11:15-11:30[,2026-06-21 10:15,1338.85,28709.495,21.443,15270.828,11.406,,,,,10953.6,8.181,2133.207,1.593,351.86,0.263
21/06/2026,2026-06-21,51,[11:30-11:45[,2026-06-21 10:30,1345.489,27267.236,20.266,15255.339,11.338,,,,,9917.6,7.371,2113.4,1.571,-19.103,-0.014
21/06/2026,2026-06-21,52,[11:45-12:00[,2026-06-21 10:45,1350.882,27932.326,20.677,15331.462,11.349,,,,,9948.4,7.364,2088.645,1.546,563.819,0.417
21/06/2026,2026-06-21,53,[12:00-12:15[,2026-06-21 11:00,1367.907,27735.199,20.276,15255.746,11.153,,,,,8888.5,6.498,2077.903,1.519,1513.051,1.106
21/06/2026,2026-06-21,54,[12:15-12:30[,2026-06-21 11:15,1372.52,26274.688,19.143,15326.385,11.167,,,,,8903,6.487,2062.648,1.503,-17.345,-0.013
21/06/2026,2026-06-21,55,[12:30-12:45[,2026-06-21 11:30,1379.26,26767.509,19.407,15390.497,11.159,,,,,8903,6.455,2049.512,1.486,424.501,0.308
21/06/2026,2026-06-21,56,[12:45-13:00[,2026-06-21 11:45,1370.413,26421.206,19.28,15390.862,11.231,,,,,8903,6.497,2058.325,1.502,69.019,0.05
21/06/2026,2026-06-21,57,[13:00-13:15[,2026-06-21 12:00,1360.642,24896.221,18.297,15391.008,11.312,,,,,6945,5.104,2060.007,1.514,500.206,0.368
21/06/2026,2026-06-21,58,[13:15-13:30[,2026-06-21 12:15,1345.891,24559.699,18.248,15386.96,11.433,,,,,6983.2,5.189,2107.988,1.566,81.55,0.061
21/06/2026,2026-06-21,59,[13:30-13:45[,2026-06-21 12:30,1330.18,26669.222,20.049,15391.355,11.571,,,,,9137.6,6.869,2075.002,1.56,65.266,0.049
21/06/2026,2026-06-21,60,[13:45-14:00[,2026-06-21 12:45,1332.179,26437.858,19.846,15391.98,11.554,,,,,9137.6,6.859,2051.439,1.54,-143.161,-0.107
21/06/2026,2026-06-21,61,[14:00-14:15[,2026-06-21 13:00,1320.431,23707.109,17.954,15393.245,11.658,,,,,7021.6,5.318,2053.437,1.555,-761.172,-0.576
21/06/2026,2026-06-21,62,[14:15-14:30[,2026-06-21 13:15,1302.637,24314.086,18.665,15394.377,11.818,,,,,7021.6,5.39,2124.506,1.631,-226.397,-0.174
21/06/2026,2026-06-21,63,[14:30-14:45[,2026-06-21 13:30,1300.688,24517.776,18.85,15395.324,11.836,,,,,6977.4,5.364,2093.518,1.61,51.534,0.04
21/06/2026,2026-06-21,64,[14:45-15:00[,2026-06-21 13:45,1294.519,24361.753,18.819,15396.829,11.894,,,,,6939.1,5.36,2004.256,1.548,21.568,0.017
21/06/2026,2026-06-21,65,[15:00-15:15[,2026-06-21 14:00,1305.846,26494.186,20.289,15397.437,11.791,,,,,8917.5,6.829,2085.4,1.597,93.849,0.072
21/06/2026,2026-06-21,66,[15:15-15:30[,2026-06-21 14:15,1306.7,27078.456,20.723,15397.705,11.784,,,,,9479,7.254,2164.97,1.657,36.781,0.028
21/06/2026,2026-06-21,67,[15:30-15:45[,2026-06-21 14:30,1292.292,26705.378,20.665,15385.253,11.905,,,,,9462,7.322,2181.417,1.688,-323.292,-0.25
21/06/2026,2026-06-21,68,[15:45-16:00[,2026-06-21 14:45,1304.378,26989.405,20.691,15371.316,11.784,,,,,9462,7.254,2196.394,1.684,-40.305,-0.031
21/06/2026,2026-06-21,69,[16:00-16:15[,2026-06-21 15:00,1309.852,29012.374,22.149,15262.777,11.652,,,,,11542.16,8.812,2222.723,1.697,-15.286,-0.012
21/06/2026,2026-06-21,70,[16:15-16:30[,2026-06-21 15:15,1314.448,29238.458,22.244,15262.982,11.612,,,,,11474.88,8.73,2238.759,1.703,261.836,0.199
21/06/2026,2026-06-21,71,[16:30-16:45[,2026-06-21 15:30,1325.811,28236.436,21.297,15263.78,11.513,,,,,10765.77,8.12,2246.968,1.695,-40.082,-0.03
21/06/2026,2026-06-21,72,[16:45-17:00[,2026-06-21 15:45,1332.265,29007.925,21.773,15264.447,11.458,,,,,10681.65,8.018,2267.141,1.702,794.687,0.596
21/06/2026,2026-06-21,73,[17:00-17:15[,2026-06-21 16:00,1349.005,30896.003,22.903,15266.006,11.316,,,,,12255.64,9.085,2391.65,1.773,982.707,0.728
21/06/2026,2026-06-21,74,[17:15-17:30[,2026-06-21 16:15,1368.666,29233.535,21.359,15165.698,11.081,,,,,12178.6,8.898,2422.627,1.77,-533.39,-0.39
21/06/2026,2026-06-21,75,[17:30-17:45[,2026-06-21 16:30,1384.031,28963.405,20.927,15154.039,10.949,,,,,12128.6,8.763,2478.662,1.791,-797.896,-0.577
21/06/2026,2026-06-21,76,[17:45-18:00[,2026-06-21 16:45,1414.669,25626.872,18.115,15066.672,10.65,,,,,11220,7.931,2439.719,1.725,-3099.519,-2.191
21/06/2026,2026-06-21,77,[18:00-18:15[,2026-06-21 17:00,1420.199,29929.82,21.074,14518.292,10.223,,,,,13906,9.792,2660.527,1.873,-1154.998,-0.813
21/06/2026,2026-06-21,78,[18:15-18:30[,2026-06-21 17:15,1460.95,23031.721,15.765,11806.261,8.081,,,,,13813,9.455,2678.305,1.833,-5265.845,-3.604
21/06/2026,2026-06-21,79,[18:30-18:45[,2026-06-21 17:30,1501.052,27177.466,18.106,10065.035,6.705,,,,,15164,10.102,2694.57,1.795,-746.138,-0.497
21/06/2026,2026-06-21,80,[18:45-19:00[,2026-06-21 17:45,1514.093,27062.11,17.873,8666.875,5.724,,,,,15164,10.015,2693.44,1.779,537.795,0.355
21/06/2026,2026-06-21,81,[19:00-19:15[,2026-06-21 18:00,1553.154,18155.507,11.689,9556.342,6.153,,,,,10155.6,6.539,2748.926,1.77,-4305.361,-2.772
21/06/2026,2026-06-21,82,[19:15-19:30[,2026-06-21 18:15,1563.691,9422.844,6.026,7017.005,4.487,,,,,1197,0.765,2749.909,1.759,-1541.07,-0.986
21/06/2026,2026-06-21,83,[19:30-19:45[,2026-06-21 18:30,1564.129,6882.904,4.4,5941.405,3.799,,,,,1084.5,0.693,2528.443,1.617,-2671.444,-1.708
21/06/2026,2026-06-21,84,[19:45-20:00[,2026-06-21 18:45,1587.807,6631.194,4.176,5169.045,3.255,,,,,1084.5,0.683,2493.298,1.57,-2115.648,-1.332
21/06/2026,2026-06-21,85,[20:00-20:15[,2026-06-21 19:00,1598.698,2409.162,1.507,2114.27,1.322,,,,,1230.6,0.77,2474.291,1.548,-3410,-2.133
21/06/2026,2026-06-21,86,[20:15-20:30[,2026-06-21 19:15,1598.439,3560.401,2.227,1989.181,1.244,,,,,1230.6,0.77,2473.942,1.548,-2133.321,-1.335
21/06/2026,2026-06-21,87,[20:30-20:45[,2026-06-21 19:30,1594.147,7098.606,4.453,1908.191,1.197,,,,,1230.6,0.772,2399.986,1.505,1559.829,0.978
21/06/2026,2026-06-21,88,[20:45-21:00[,2026-06-21 19:45,1613.186,8272.078,5.128,1931.3,1.197,,,,,1230.6,0.763,2510.18,1.556,2599.998,1.612
21/06/2026,2026-06-21,89,[21:00-21:15[,2026-06-21 20:00,1621.691,2389.597,1.474,1892.49,1.167,,,,,1341.9,0.827,2556.968,1.577,-3401.762,-2.098
21/06/2026,2026-06-21,90,[21:15-21:30[,2026-06-21 20:15,1645.923,8486.438,5.156,1914.057,1.163,,,,,1341.9,0.815,2551.576,1.55,2678.904,1.628
21/06/2026,2026-06-21,91,[21:30-21:45[,2026-06-21 20:30,1632.513,4371.15,2.678,1753.695,1.074,,,,,1341.9,0.822,2528.353,1.549,-1252.799,-0.767
21/06/2026,2026-06-21,92,[21:45-22:00[,2026-06-21 20:45,1625.547,7227.828,4.446,2111.495,1.299,,,,,1341.9,0.826,2559.854,1.575,1214.579,0.747
21/06/2026,2026-06-21,93,[22:00-22:15[,2026-06-21 21:00,1613.611,9497.48,5.886,2388.861,1.48,,,,,1419.6,0.88,2559.854,1.586,3129.166,1.939
21/06/2026,2026-06-21,94,[22:15-22:30[,2026-06-21 21:15,1579.082,7423.007,4.701,2465.198,1.561,,,,,1419.6,0.899,2559.853,1.621,978.356,0.62
21/06/2026,2026-06-21,95,[22:30-22:45[,2026-06-21 21:30,1563.742,8277.998,5.294,2486.135,1.59,,,,,1419.6,0.908,2559.356,1.637,1812.907,1.159
21/06/2026,2026-06-21,96,[22:45-23:00[,2026-06-21 21:45,1535.986,7852.696,5.112,6584.835,4.287,,,,,1419.6,0.924,2554.463,1.663,-2706.202,-1.762
22/06/2026,2026-06-22,1,[23:00-23:15[,2026-06-21 22:00,1492.854,12287.288,8.231,5595.663,3.748,,,,,2334.2,1.564,2510.556,1.682,1846.869,1.237
22/06/2026,2026-06-22,2,[23:15-23:30[,2026-06-21 22:15,1463.043,11351.361,7.759,5936.863,4.058,,,,,2334.2,1.595,2508.324,1.714,571.975,0.391
22/06/2026,2026-06-22,3,[23:30-23:45[,2026-06-21 22:30,1438.422,12772.833,8.88,6582.2,4.576,,,,,2334.2,1.623,2525.886,1.756,1330.547,0.925
22/06/2026,2026-06-22,4,[23:45-00:00[,2026-06-21 22:45,1410.501,14006.058,9.93,6807.47,4.826,,,,,2334.2,1.655,2554.882,1.811,2309.505,1.637
22/06/2026,2026-06-22,5,[00:00-00:15[,2026-06-21 23:00,1399.702,10682.997,7.632,6440.95,4.602,,,,,2173.5,1.553,2779.41,1.986,-710.864,-0.508
22/06/2026,2026-06-22,6,[00:15-00:30[,2026-06-21 23:15,1385.051,12433.875,8.977,6660.013,4.808,,,,,2173.5,1.569,2796.205,2.019,804.158,0.581
22/06/2026,2026-06-22,7,[00:30-00:45[,2026-06-21 23:30,1370.236,12194.522,8.9,6722.825,4.906,,,,,2173.5,1.586,2830.743,2.066,467.453,0.341
22/06/2026,2026-06-22,8,[00:45-01:00[,2026-06-21 23:45,1349.748,14372.809,10.649,7351.179,5.446,,,,,2173.5,1.61,3079.518,2.282,1768.612,1.31
22/06/2026,2026-06-22,9,[01:00-01:15[,2026-06-22 00:00,1344.546,10256.365,7.628,7028.995,5.228,,,,,2002,1.489,3079.68,2.29,-1854.31,-1.379
22/06/2026,2026-06-22,10,[01:15-01:30[,2026-06-22 00:15,1329.303,14872.497,11.188,8558.13,6.438,,,,,2002,1.506,3051.772,2.296,1260.595,0.948
22/06/2026,2026-06-22,11,[01:30-01:45[,2026-06-22 00:30,1295.574,16372.74,12.637,8848.388,6.83,,,,,2002,1.545,3022.411,2.333,2499.941,1.93
22/06/2026,2026-06-22,12,[01:45-02:00[,2026-06-22 00:45,1293.581,17324.746,13.393,8874.815,6.861,,,,,2002,1.548,3042.684,2.352,3405.248,2.632
22/06/2026,2026-06-22,13,[02:00-02:15[,2026-06-22 01:00,1278.637,11892.235,9.301,8882.297,6.947,,,,,1918,1.5,3043.672,2.38,-1951.733,-1.526
22/06/2026,2026-06-22,14,[02:15-02:30[,2026-06-22 01:15,1255.894,15829.052,12.604,9039.739,7.198,,,,,1960,1.561,2992.167,2.382,1837.146,1.463
22/06/2026,2026-06-22,15,[02:30-02:45[,2026-06-22 01:30,1252.205,15387.199,12.288,9151.32,7.308,,,,,1960,1.565,3025.529,2.416,1250.35,0.999
22/06/2026,2026-06-22,16,[02:45-03:00[,2026-06-22 01:45,1240.413,14173.738,11.427,9154.589,7.38,,,,,1960,1.58,3080.471,2.483,-21.322,-0.017
22/06/2026,2026-06-22,17,[03:00-03:15[,2026-06-22 02:00,1248.281,14962.917,11.987,9283.754,7.437,,,,,1932,1.548,3080.309,2.468,666.854,0.534
22/06/2026,2026-06-22,18,[03:15-03:30[,2026-06-22 02:15,1235.037,14292.683,11.573,9174.58,7.429,,,,,1932,1.564,2858.76,2.315,327.343,0.265
22/06/2026,2026-06-22,19,[03:30-03:45[,2026-06-22 02:30,1222.092,16585.54,13.571,9262.463,7.579,,,,,1932,1.581,2910.902,2.382,2480.176,2.029
22/06/2026,2026-06-22,20,[03:45-04:00[,2026-06-22 02:45,1231.781,14214.093,11.539,9166.916,7.442,,,,,1932,1.568,2934.593,2.382,180.583,0.147
22/06/2026,2026-06-22,21,[04:00-04:15[,2026-06-22 03:00,1220.339,12364.133,10.132,8937.804,7.324,,,,,1953,1.6,2950.381,2.418,-1477.053,-1.21
22/06/2026,2026-06-22,22,[04:15-04:30[,2026-06-22 03:15,1215.796,13219.25,10.873,8885.087,7.308,,,,,1953,1.606,2951.757,2.428,-570.594,-0.469
22/06/2026,2026-06-22,23,[04:30-04:45[,2026-06-22 03:30,1224.73,14488.813,11.83,8741.522,7.138,,,,,1953,1.595,2883.852,2.355,910.439,0.743
22/06/2026,2026-06-22,24,[04:45-05:00[,2026-06-22 03:45,1216.677,15029.494,12.353,7872.585,6.471,,,,,1953,1.605,3077.665,2.53,2126.244,1.748
22/06/2026,2026-06-22,25,[05:00-05:15[,2026-06-22 04:00,1239.85,12460.861,10.05,7339.174,5.919,,,,,1967,1.586,3080.147,2.484,74.54,0.06
22/06/2026,2026-06-22,26,[05:15-05:30[,2026-06-22 04:15,1248.424,9057.804,7.255,5561.675,4.455,,,,,1967,1.576,3080.309,2.467,-1551.18,-1.243
22/06/2026,2026-06-22,27,[05:30-05:45[,2026-06-22 04:30,1237.855,10574.631,8.543,5422.563,4.381,,,,,1967,1.589,3068.443,2.479,116.626,0.094
22/06/2026,2026-06-22,28,[05:45-06:00[,2026-06-22 04:45,1249.452,11438.814,9.155,5131.05,4.107,,,,,1967,1.574,3019.204,2.416,1321.56,1.058
22/06/2026,2026-06-22,29,[06:00-06:15[,2026-06-22 05:00,1292.05,8987.318,6.956,4262.089,3.299,,,,,2173.5,1.682,3080.325,2.384,-528.596,-0.409
22/06/2026,2026-06-22,30,[06:15-06:30[,2026-06-22 05:15,1315.122,6504.779,4.946,4248.584,3.231,,,,,2173.5,1.653,3080.489,2.342,-2997.793,-2.279
22/06/2026,2026-06-22,31,[06:30-06:45[,2026-06-22 05:30,1347.406,9953.596,7.387,4561.386,3.385,,,,,2173.5,1.613,3080.004,2.286,138.706,0.103
22/06/2026,2026-06-22,32,[06:45-07:00[,2026-06-22 05:45,1363.242,12936.779,9.49,5198.057,3.813,,,,,2173.5,1.594,3050.008,2.237,2515.214,1.845
22/06/2026,2026-06-22,33,[07:00-07:15[,2026-06-22 06:00,1410.226,11902.413,8.44,5160.94,3.66,,,,,2319.4,1.645,3036.28,2.153,1385.793,0.983
22/06/2026,2026-06-22,34,[07:15-07:30[,2026-06-22 06:15,1439.449,10381.74,7.212,6007.487,4.173,,,,,2319.4,1.611,2992.859,2.079,-938.005,-0.652
22/06/2026,2026-06-22,35,[07:30-07:45[,2026-06-22 06:30,1479.577,12913.045,8.728,5984.493,4.045,,,,,2319.4,1.568,3071.35,2.076,1537.802,1.039
22/06/2026,2026-06-22,36,[07:45-08:00[,2026-06-22 06:45,1519.576,17095.785,11.25,8360.568,5.502,,,,,2419.8,1.592,3080.79,2.027,3234.627,2.129
22/06/2026,2026-06-22,37,[08:00-08:15[,2026-06-22 07:00,1586.102,11262.84,7.101,6904.993,4.353,,,,,2300.7,1.451,3058.791,1.928,-1001.644,-0.632
22/06/2026,2026-06-22,38,[08:15-08:30[,2026-06-22 07:15,1638.475,12763.801,7.79,8395.152,5.124,,,,,3245,1.981,3022.292,1.845,-1898.642,-1.159
22/06/2026,2026-06-22,39,[08:30-08:45[,2026-06-22 07:30,1663.904,12700.921,7.633,8750.721,5.259,,,,,2257.5,1.357,2929.686,1.761,-1236.985,-0.743
22/06/2026,2026-06-22,40,[08:45-09:00[,2026-06-22 07:45,1684.662,15907.007,9.442,8830.67,5.242,,,,,3876,2.301,3010.043,1.787,190.294,0.113
22/06/2026,2026-06-22,41,[09:00-09:15[,2026-06-22 08:00,1720.901,15365,8.928,8646.613,5.024,,,,,4676,2.717,2960.651,1.72,-918.264,-0.534
22/06/2026,2026-06-22,42,[09:15-09:30[,2026-06-22 08:15,1739.707,16969.911,9.754,8842.282,5.083,,,,,6012,3.456,2756.404,1.584,-640.775,-0.368
22/06/2026,2026-06-22,43,[09:30-09:45[,2026-06-22 08:30,1761.258,16631.013,9.443,8931.432,5.071,,,,,5352,3.039,2751.405,1.562,-403.824,-0.229
22/06/2026,2026-06-22,44,[09:45-10:00[,2026-06-22 08:45,1765.081,17334.048,9.821,9406.842,5.329,,,,,6700,3.796,2625.973,1.488,-1398.767,-0.792
22/06/2026,2026-06-22,45,[10:00-10:15[,2026-06-22 09:00,1755.56,17192.876,9.793,9159.52,5.217,,,,,6840,3.896,2689.447,1.532,-1496.091,-0.852
22/06/2026,2026-06-22,46,[10:15-10:30[,2026-06-22 09:15,1778.482,16827.521,9.462,9473.039,5.326,,,,,8892,5,2991.613,1.682,-4529.131,-2.547
22/06/2026,2026-06-22,47,[10:30-10:45[,2026-06-22 09:30,1785.086,15025.729,8.417,9726.638,5.449,,,,,8184,4.585,3018.211,1.691,-5903.12,-3.307
22/06/2026,2026-06-22,48,[10:45-11:00[,2026-06-22 09:45,1772.944,18812.61,10.611,10110.845,5.703,,,,,9548,5.385,2886.093,1.628,-3732.328,-2.105
22/06/2026,2026-06-22,49,[11:00-11:15[,2026-06-22 10:00,1764.436,23561.976,13.354,9767.974,5.536,,,,,11883,6.735,2802.799,1.588,-891.797,-0.505
22/06/2026,2026-06-22,50,[11:15-11:30[,2026-06-22 10:15,1765.711,25612.201,14.505,10619.663,6.014,,,,,12528,7.095,2795.043,1.583,-330.504,-0.187
22/06/2026,2026-06-22,51,[11:30-11:45[,2026-06-22 10:30,1794.18,22519.994,12.552,10863.413,6.055,,,,,11849,6.604,2886.478,1.609,-3078.896,-1.716
22/06/2026,2026-06-22,52,[11:45-12:00[,2026-06-22 10:45,1776.346,27683.418,15.584,11604.963,6.533,,,,,13980,7.87,3002.947,1.691,-904.491,-0.509
22/06/2026,2026-06-22,53,[12:00-12:15[,2026-06-22 11:00,1771.903,23620.872,13.331,11071.538,6.248,,,,,13100,7.393,2992.744,1.689,-3543.41,-2
22/06/2026,2026-06-22,54,[12:15-12:30[,2026-06-22 11:15,1778.253,25974.18,14.607,11304.975,6.357,,,,,13100,7.367,2950.472,1.659,-1381.267,-0.777
22/06/2026,2026-06-22,55,[12:30-12:45[,2026-06-22 11:30,1746.827,28657.613,16.406,11581.538,6.63,,,,,13755,7.874,2937.936,1.682,383.139,0.219
22/06/2026,2026-06-22,56,[12:45-13:00[,2026-06-22 11:45,1746.154,23169.884,13.269,11573.1,6.628,,,,,13776,7.889,2955.136,1.692,-5134.353,-2.94
22/06/2026,2026-06-22,57,[13:00-13:15[,2026-06-22 12:00,1750.305,18379.871,10.501,10926.225,6.242,,,,,14344,8.195,2880.121,1.645,-9770.475,-5.582
22/06/2026,2026-06-22,58,[13:15-13:30[,2026-06-22 12:15,1740.078,18191.417,10.454,10320.6,5.931,,,,,14344,8.243,2812.685,1.616,-9285.868,-5.336
22/06/2026,2026-06-22,59,[13:30-13:45[,2026-06-22 12:30,1748.813,19789.23,11.316,9767.511,5.585,,,-33.137,-0.019,13000,7.434,2793.23,1.597,-5738.374,-3.281
22/06/2026,2026-06-22,60,[13:45-14:00[,2026-06-22 12:45,1754.588,21577.212,12.298,9767.521,5.567,,,,,12350,7.039,2917.93,1.663,-3458.238,-1.971
22/06/2026,2026-06-22,61,[14:00-14:15[,2026-06-22 13:00,1785,9233.388,5.173,9829.484,5.507,,,-68.586,-0.038,11050,6.19,2848.028,1.596,-14425.537,-8.082
22/06/2026,2026-06-22,62,[14:15-14:30[,2026-06-22 13:15,1807.064,17686.142,9.787,9749.012,5.395,,,,,11050,6.115,2871.599,1.589,-5984.469,-3.312
22/06/2026,2026-06-22,63,[14:30-14:45[,2026-06-22 13:30,1817.399,21627.691,11.9,9735.967,5.357,,,,,11101,6.108,2937.017,1.616,-2146.293,-1.181
22/06/2026,2026-06-22,64,[14:45-15:00[,2026-06-22 13:45,1835.585,21720.897,11.833,9733.604,5.303,,,,,11084,6.038,2695.971,1.469,-1792.678,-0.977
22/06/2026,2026-06-22,65,[15:00-15:15[,2026-06-22 14:00,1837.498,15896.89,8.651,9471.79,5.155,,,,,11220,6.106,2682.798,1.46,-7477.697,-4.069
22/06/2026,2026-06-22,66,[15:15-15:30[,2026-06-22 14:15,1857.179,16271.074,8.761,9317.917,5.017,,,,,11254,6.06,2744.788,1.478,-7045.631,-3.794
22/06/2026,2026-06-22,67,[15:30-15:45[,2026-06-22 14:30,1874.266,17013.364,9.077,9168.788,4.892,,,,,9930,5.298,2784.108,1.485,-4869.532,-2.598
22/06/2026,2026-06-22,68,[15:45-16:00[,2026-06-22 14:45,1870.487,14871.356,7.951,8998.409,4.811,,,13.373,0.007,8606,4.601,2812.781,1.504,-5559.207,-2.972
22/06/2026,2026-06-22,69,[16:00-16:15[,2026-06-22 15:00,1883.785,14588.008,7.744,8761.349,4.651,,,,,8400,4.459,2785.069,1.478,-5358.41,-2.844
22/06/2026,2026-06-22,70,[16:15-16:30[,2026-06-22 15:15,1861.63,13404.55,7.2,8759.959,4.706,,,,,7689,4.13,2751.715,1.478,-5796.125,-3.113
22/06/2026,2026-06-22,71,[16:30-16:45[,2026-06-22 15:30,1854.848,18323.208,9.879,8624.861,4.65,,,,,7010,3.779,2599.167,1.401,89.18,0.048
22/06/2026,2026-06-22,72,[16:45-17:00[,2026-06-22 15:45,1851.008,13431.336,7.256,6792.072,3.669,,,,,6980,3.771,2547.919,1.377,-2888.655,-1.561
22/06/2026,2026-06-22,73,[17:00-17:15[,2026-06-22 16:00,1807.475,19099.706,10.567,8567.589,4.74,,,,,6380,3.53,2625.612,1.453,1526.505,0.845
22/06/2026,2026-06-22,74,[17:15-17:30[,2026-06-22 16:15,1804.801,18397.845,10.194,8470.239,4.693,,,,,5742,3.182,2733.954,1.515,1451.652,0.804
22/06/2026,2026-06-22,75,[17:30-17:45[,2026-06-22 16:30,1798.711,13936.916,7.748,8293.404,4.611,,,,,4554,2.532,2628.821,1.462,-1539.309,-0.856
22/06/2026,2026-06-22,76,[17:45-18:00[,2026-06-22 16:45,1806.629,12551.107,6.947,7274.733,4.027,,,,,3748,2.075,2652.757,1.468,-1124.383,-0.622
22/06/2026,2026-06-22,77,[18:00-18:15[,2026-06-22 17:00,1792.651,20153.976,11.243,7109.491,3.966,3899.15,2.175,,,3406,1.9,2642.338,1.474,3096.997,1.728
22/06/2026,2026-06-22,78,[18:15-18:30[,2026-06-22 17:15,1798.865,15118.194,8.404,5805.608,3.227,4026.523,2.238,,,2184,1.214,2717.809,1.511,384.255,0.214
22/06/2026,2026-06-22,79,[18:30-18:45[,2026-06-22 17:30,1809.343,7985.242,4.413,5102.567,2.82,4323.725,2.39,,,2170,1.199,2635.969,1.457,-6247.019,-3.453
22/06/2026,2026-06-22,80,[18:45-19:00[,2026-06-22 17:45,1824.892,6744.186,3.696,1213.743,0.665,4536.013,2.486,,,2327,1.275,2597.821,1.424,-3930.391,-2.154
22/06/2026,2026-06-22,81,[19:00-19:15[,2026-06-22 18:00,1838.956,14370.093,7.814,5134.511,2.792,4918.13,2.674,,,1932,1.051,2456.238,1.336,-70.786,-0.038
22/06/2026,2026-06-22,82,[19:15-19:30[,2026-06-22 18:15,1858.185,9678.166,5.208,1118.266,0.602,5385.163,2.898,,,1939,1.043,2513.465,1.353,-1277.728,-0.688
22/06/2026,2026-06-22,83,[19:30-19:45[,2026-06-22 18:30,1871.164,7321.494,3.913,1148.599,0.614,6234.313,3.332,,,1939,1.036,2551.431,1.364,-4551.848,-2.433
22/06/2026,2026-06-22,84,[19:45-20:00[,2026-06-22 18:45,1880.732,9137.764,4.859,1170.62,0.622,8144.9,4.331,,,1939,1.031,2568.061,1.365,-4684.817,-2.491
22/06/2026,2026-06-22,85,[20:00-20:15[,2026-06-22 19:00,1876.606,7403.671,3.945,1198.458,0.639,9630.913,5.132,,,2172.1,1.157,2581.659,1.376,-8179.459,-4.359
22/06/2026,2026-06-22,86,[20:15-20:30[,2026-06-22 19:15,1871.122,9088.266,4.857,1224.306,0.654,9630.913,5.147,,,2172.1,1.161,2596.275,1.388,-6535.327,-3.493
22/06/2026,2026-06-22,87,[20:30-20:45[,2026-06-22 19:30,1862.386,9577.601,5.143,1241.566,0.667,9630.913,5.171,,,2172.1,1.166,2596.275,1.394,-6063.253,-3.256
22/06/2026,2026-06-22,88,[20:45-21:00[,2026-06-22 19:45,1854.199,9388.771,5.064,1248.365,0.673,9630.913,5.194,,,2172.1,1.171,2558.701,1.38,-6221.307,-3.355
22/06/2026,2026-06-22,89,[21:00-21:15[,2026-06-22 20:00,1852.779,8172.485,4.411,1255.803,0.678,9630.913,5.198,,,2352.3,1.27,2543.775,1.373,-7610.305,-4.108
22/06/2026,2026-06-22,90,[21:15-21:30[,2026-06-22 20:15,1861.219,9652.773,5.186,1257.3,0.676,9630.913,5.175,,,2352.3,1.264,2522.996,1.356,-6110.735,-3.283
22/06/2026,2026-06-22,91,[21:30-21:45[,2026-06-22 20:30,1847.253,8717.693,4.719,1257.6,0.681,9630.913,5.214,,,2352.3,1.273,2528.314,1.369,-7051.434,-3.817
22/06/2026,2026-06-22,92,[21:45-22:00[,2026-06-22 20:45,1815.902,11035.424,6.077,1259.3,0.693,9630.913,5.304,,,2352.3,1.295,2528.303,1.392,-4735.391,-2.608
22/06/2026,2026-06-22,93,[22:00-22:15[,2026-06-22 21:00,1776.798,9063.533,5.101,1259.6,0.709,9630.913,5.42,,,2474.7,1.393,2555.764,1.438,-6857.443,-3.859
22/06/2026,2026-06-22,94,[22:15-22:30[,2026-06-22 21:15,1748.183,12151.826,6.951,1260.2,0.721,9630.913,5.509,,,2474.7,1.416,2572.17,1.471,-3786.156,-2.166
22/06/2026,2026-06-22,95,[22:30-22:45[,2026-06-22 21:30,1718.253,12183.786,7.091,1262.2,0.735,9630.913,5.605,,,2474.7,1.44,2596.096,1.511,-3780.122,-2.2
22/06/2026,2026-06-22,96,[22:45-23:00[,2026-06-22 21:45,1680.674,20236.772,12.041,5540.95,3.297,9630.913,5.73,,,2415.5,1.437,2539.959,1.511,109.45,0.065
23/06/2026,2026-06-23,1,[23:00-23:15[,2026-06-22 22:00,1644.398,18474.265,11.235,825,0.502,21830.913,13.276,,,2010,1.222,2577.675,1.568,-8769.323,-5.333
23/06/2026,2026-06-23,2,[23:15-23:30[,2026-06-22 22:15,1606.265,20719.626,12.899,815.081,0.507,21830.913,13.591,,,2010,1.251,2482.78,1.546,-6419.147,-3.996
23/06/2026,2026-06-23,3,[23:30-23:45[,2026-06-22 22:30,1564.951,28812.158,18.411,4843.689,3.095,21830.913,13.95,,,1961,1.253,2472.548,1.58,-2295.991,-1.467
23/06/2026,2026-06-23,4,[23:45-00:00[,2026-06-22 22:45,1524.597,27637.506,18.128,4956.306,3.251,21830.913,14.319,,,1961,1.286,2520.388,1.653,-3631.1,-2.382
23/06/2026,2026-06-23,5,[00:00-00:15[,2026-06-22 23:00,1497.189,6807.458,4.547,1007.825,0.673,,,,,1807.9,1.208,2519.276,1.683,1472.457,0.983
23/06/2026,2026-06-23,6,[00:15-00:30[,2026-06-22 23:15,1472.552,10811.461,7.342,4911.465,3.335,,,,,1762.4,1.197,2516.007,1.709,1621.589,1.101
23/06/2026,2026-06-23,7,[00:30-00:45[,2026-06-22 23:30,1447.219,9205.529,6.361,4915.508,3.397,,,,,1762.4,1.218,2513.722,1.737,13.899,0.01
23/06/2026,2026-06-23,8,[00:45-01:00[,2026-06-22 23:45,1428.737,10121.758,7.084,5120.836,3.584,,,,,1762.4,1.234,2566.608,1.796,671.913,0.47
23/06/2026,2026-06-23,9,[01:00-01:15[,2026-06-23 00:00,1404.786,8181.65,5.824,5030.384,3.581,,,,,1569,1.117,2570.005,1.829,-987.739,-0.703
23/06/2026,2026-06-23,10,[01:15-01:30[,2026-06-23 00:15,1387.924,9212.805,6.638,5369.957,3.869,,,,,1569,1.13,2608.604,1.88,-334.755,-0.241
23/06/2026,2026-06-23,11,[01:30-01:45[,2026-06-23 00:30,1366.692,10534.575,7.708,5518.878,4.038,,,,,1589.6,1.163,2608.279,1.908,817.818,0.598
23/06/2026,2026-06-23,12,[01:45-02:00[,2026-06-23 00:45,1349.492,9446.33,7,5571.347,4.128,,,,,1589.6,1.178,2608.44,1.933,-323.058,-0.239
23/06/2026,2026-06-23,13,[02:00-02:15[,2026-06-23 01:00,1334.65,10772.954,8.072,5565.531,4.17,,,,,1461.5,1.095,2556.076,1.915,1189.848,0.892
23/06/2026,2026-06-23,14,[02:15-02:30[,2026-06-23 01:15,1319.316,9401.505,7.126,5611.048,4.253,,,,,1461.5,1.108,2586.362,1.96,-257.404,-0.195
23/06/2026,2026-06-23,15,[02:30-02:45[,2026-06-23 01:30,1304.478,10646.655,8.162,5639.978,4.324,,,,,1461.5,1.12,2587.816,1.984,957.361,0.734
23/06/2026,2026-06-23,16,[02:45-03:00[,2026-06-23 01:45,1296.765,10249.288,7.904,5641.742,4.351,,,,,1461.5,1.127,2608.422,2.011,537.624,0.415
23/06/2026,2026-06-23,17,[03:00-03:15[,2026-06-23 02:00,1291.753,8907.204,6.895,5643.194,4.369,,,,,1451,1.123,2576.55,1.995,-763.54,-0.591
23/06/2026,2026-06-23,18,[03:15-03:30[,2026-06-23 02:15,1283.107,10355.636,8.071,5694.587,4.438,,,,,1451,1.131,2398.596,1.869,811.453,0.632
23/06/2026,2026-06-23,19,[03:30-03:45[,2026-06-23 02:30,1278.386,9138.577,7.149,5605.072,4.384,,,,,1451,1.135,2382.551,1.864,-300.045,-0.235
23/06/2026,2026-06-23,20,[03:45-04:00[,2026-06-23 02:45,1272.63,9475.425,7.446,5575.673,4.381,,,,,1451,1.14,2390.767,1.879,57.985,0.046
23/06/2026,2026-06-23,21,[04:00-04:15[,2026-06-23 03:00,1271.872,10878.617,8.553,5545.937,4.36,,,,,1568.6,1.233,2392.463,1.881,1371.617,1.078
23/06/2026,2026-06-23,22,[04:15-04:30[,2026-06-23 03:15,1267.9,9246.954,7.293,5516.818,4.351,,,,,1518,1.197,2406.227,1.898,-194.09,-0.153
23/06/2026,2026-06-23,23,[04:30-04:45[,2026-06-23 03:30,1266.502,9359.077,7.39,5335.356,4.213,,,,,1518,1.199,2376.379,1.876,129.342,0.102
23/06/2026,2026-06-23,24,[04:45-05:00[,2026-06-23 03:45,1264.175,9920.851,7.848,5232.915,4.139,,,,,1518,1.201,2503.225,1.98,666.711,0.527
23/06/2026,2026-06-23,25,[05:00-05:15[,2026-06-23 04:00,1275.559,8788.547,6.89,4938.165,3.871,,,,,1555,1.219,2560.094,2.007,-264.712,-0.208
23/06/2026,2026-06-23,26,[05:15-05:30[,2026-06-23 04:15,1280.23,3413.365,2.666,3120.867,2.438,,,,,1555,1.215,2558.319,1.998,-3820.821,-2.984
23/06/2026,2026-06-23,27,[05:30-05:45[,2026-06-23 04:30,1282.206,3965.97,3.093,1057.25,0.825,,,,,1555,1.213,2550.342,1.989,-1196.622,-0.933
23/06/2026,2026-06-23,28,[05:45-06:00[,2026-06-23 04:45,1284.292,6137.307,4.779,981.528,0.764,,,,,1593.5,1.241,2574.609,2.005,987.671,0.769
23/06/2026,2026-06-23,29,[06:00-06:15[,2026-06-23 05:00,1311.628,690.723,0.527,104.986,0.08,,,,,1793.9,1.368,2560.883,1.952,-3769.047,-2.874
23/06/2026,2026-06-23,30,[06:15-06:30[,2026-06-23 05:15,1335.457,1361.921,1.02,148.254,0.111,,,,,1793.9,1.343,2607.281,1.952,-3187.513,-2.387
23/06/2026,2026-06-23,31,[06:30-06:45[,2026-06-23 05:30,1359.384,4885.67,3.594,2600.9,1.913,,,,,1744.9,1.284,2607.954,1.918,-2068.085,-1.521
23/06/2026,2026-06-23,32,[06:45-07:00[,2026-06-23 05:45,1387.574,8347.641,6.016,3199.382,2.306,,,,,1744.9,1.258,2608.281,1.88,795.079,0.573
23/06/2026,2026-06-23,33,[07:00-07:15[,2026-06-23 06:00,1442.22,6229.737,4.32,2805.794,1.945,,,,,1968,1.365,2576.873,1.787,-1120.93,-0.777
23/06/2026,2026-06-23,34,[07:15-07:30[,2026-06-23 06:15,1478.278,8263.108,5.59,3723.429,2.519,,,,,1968,1.331,2549.664,1.725,22.015,0.015
23/06/2026,2026-06-23,35,[07:30-07:45[,2026-06-23 06:30,1518.644,7291.545,4.801,3319.868,2.186,,,,,1968,1.296,2595.086,1.709,-591.408,-0.389
23/06/2026,2026-06-23,36,[07:45-08:00[,2026-06-23 06:45,1560.971,9271.507,5.94,4258.914,2.728,,,,,1968,1.261,2599.338,1.665,445.255,0.285
23/06/2026,2026-06-23,37,[08:00-08:15[,2026-06-23 07:00,1658.135,6343.865,3.826,3786.986,2.284,,,,,2002.5,1.208,2771.41,1.671,-2217.031,-1.337
23/06/2026,2026-06-23,38,[08:15-08:30[,2026-06-23 07:15,1707.232,8219.076,4.814,3872.285,2.268,,,,,2005.5,1.175,2772.124,1.624,-430.833,-0.252
23/06/2026,2026-06-23,39,[08:30-08:45[,2026-06-23 07:30,1762.041,12485.302,7.086,4678.449,2.655,,,,,4396,2.495,3050,1.731,360.854,0.205
23/06/2026,2026-06-23,40,[08:45-09:00[,2026-06-23 07:45,1766.401,14135.099,8.002,5369.724,3.04,,,,,6280,3.555,2924.947,1.656,-439.571,-0.249
23/06/2026,2026-06-23,41,[09:00-09:15[,2026-06-23 08:00,1784.225,13335.321,7.474,5542.676,3.106,,,,,4802,2.691,3024.31,1.695,-33.665,-0.019
23/06/2026,2026-06-23,42,[09:15-09:30[,2026-06-23 08:15,1809.13,14700.734,8.126,5973.683,3.302,,,,,7546,4.171,3049.33,1.686,-1868.279,-1.033
23/06/2026,2026-06-23,43,[09:30-09:45[,2026-06-23 08:30,1826.874,18453.538,10.101,6582.736,3.603,,,,,8918,4.882,3079.937,1.686,-127.135,-0.07
23/06/2026,2026-06-23,44,[09:45-10:00[,2026-06-23 08:45,1812.352,16817.639,9.279,6759.874,3.73,,,,,10290,5.678,3031.852,1.673,-3264.088,-1.801
23/06/2026,2026-06-23,45,[10:00-10:15[,2026-06-23 09:00,1785.874,15339.122,8.589,6344.238,3.552,,,,,10230,5.728,2954.093,1.654,-4189.209,-2.346
23/06/2026,2026-06-23,46,[10:15-10:30[,2026-06-23 09:15,1812.106,15193.942,8.385,6830.685,3.769,,,,,10912,6.022,3029.067,1.672,-5577.809,-3.078
23/06/2026,2026-06-23,47,[10:30-10:45[,2026-06-23 09:30,1816.226,19665.829,10.828,6903.048,3.801,,,,,11594,6.384,3036.855,1.672,-1868.074,-1.029
23/06/2026,2026-06-23,48,[10:45-11:00[,2026-06-23 09:45,1817.741,16652.462,9.161,7246.852,3.987,,,,,12276,6.753,3024.659,1.664,-5895.049,-3.243
23/06/2026,2026-06-23,49,[11:00-11:15[,2026-06-23 10:00,1837.155,19396.672,10.558,6983.673,3.801,,,,,11832,6.44,2986.694,1.626,-2405.694,-1.309
23/06/2026,2026-06-23,50,[11:15-11:30[,2026-06-23 10:15,1853.371,20921.321,11.288,7293.393,3.935,,,,,12528,6.76,2889.111,1.559,-1789.183,-0.965
23/06/2026,2026-06-23,51,[11:30-11:45[,2026-06-23 10:30,1864.66,20533.351,11.012,7293.312,3.911,,,,,12528,6.719,2989.192,1.603,-2277.153,-1.221
23/06/2026,2026-06-23,52,[11:45-12:00[,2026-06-23 10:45,1883.038,21920.283,11.641,7485.25,3.975,,,,,13224,7.023,2939.53,1.561,-1728.497,-0.918
23/06/2026,2026-06-23,53,[12:00-12:15[,2026-06-23 11:00,1878.594,19759.05,10.518,7340.153,3.907,,,,,11844,6.305,2994.487,1.594,-2419.59,-1.288
23/06/2026,2026-06-23,54,[12:15-12:30[,2026-06-23 11:15,1878.482,20172.696,10.739,7407.644,3.943,,,,,11844,6.305,2902.992,1.545,-1981.939,-1.055
23/06/2026,2026-06-23,55,[12:30-12:45[,2026-06-23 11:30,1854.409,18907.484,10.196,7476.75,4.032,,,,,12502,6.742,2808.858,1.515,-3880.124,-2.092
23/06/2026,2026-06-23,56,[12:45-13:00[,2026-06-23 11:45,1838.334,19266.077,10.48,7476.75,4.067,,,,,12502,6.801,2923.721,1.59,-3636.393,-1.978
23/06/2026,2026-06-23,57,[13:00-13:15[,2026-06-23 12:00,1834.703,15299.318,8.339,7246.374,3.95,,,,,11736,6.397,2919.304,1.591,-6602.36,-3.599
23/06/2026,2026-06-23,58,[13:15-13:30[,2026-06-23 12:15,1824.871,16743.731,9.175,6903.048,3.783,,,,,11084,6.074,2907.078,1.593,-4150.395,-2.274
23/06/2026,2026-06-23,59,[13:30-13:45[,2026-06-23 12:30,1830.485,16443.698,8.983,6903.05,3.771,,,,,11084,6.055,2944.764,1.609,-4488.116,-2.452
23/06/2026,2026-06-23,60,[13:45-14:00[,2026-06-23 12:45,1838.201,14821.381,8.063,6903.05,3.755,,,,,11084,6.03,2820.488,1.534,-5986.157,-3.257
23/06/2026,2026-06-23,61,[14:00-14:15[,2026-06-23 13:00,1833.717,21845.808,11.913,7176.061,3.913,,,,,11700,6.38,2945.639,1.606,24.108,0.013
23/06/2026,2026-06-23,62,[14:15-14:30[,2026-06-23 13:15,1853.093,20194.701,10.898,7098.05,3.83,,,,,11050,5.963,2864.917,1.546,-818.265,-0.442
23/06/2026,2026-06-23,63,[14:30-14:45[,2026-06-23 13:30,1848.885,17268.213,9.34,6931.175,3.749,,,,,11050,5.977,2954.941,1.598,-3667.904,-1.984
23/06/2026,2026-06-23,64,[14:45-15:00[,2026-06-23 13:45,1819.793,15399.683,8.462,6888.99,3.786,,,,,11050,6.072,2796.716,1.537,-5336.022,-2.932
23/06/2026,2026-06-23,65,[15:00-15:15[,2026-06-23 14:00,1839.554,18503.532,10.059,6888.983,3.745,,,,,11220,6.099,2786.379,1.515,-2391.829,-1.3
23/06/2026,2026-06-23,66,[15:15-15:30[,2026-06-23 14:15,1843.543,16478.167,8.938,6852.323,3.717,,,,,10560,5.728,2808.315,1.523,-3742.47,-2.03
23/06/2026,2026-06-23,67,[15:30-15:45[,2026-06-23 14:30,1847.329,16917.638,9.158,6830.048,3.697,,,,,10560,5.716,2790.491,1.511,-3262.9,-1.766
23/06/2026,2026-06-23,68,[15:45-16:00[,2026-06-23 14:45,1833.042,17279.836,9.427,6609.85,3.606,,,,,9900,5.401,2744.092,1.497,-1974.105,-1.077
23/06/2026,2026-06-23,69,[16:00-16:15[,2026-06-23 15:00,1820.816,15166.594,8.33,6515.457,3.578,,,,,10410,5.717,2660.162,1.461,-4419.025,-2.427
23/06/2026,2026-06-23,70,[16:15-16:30[,2026-06-23 15:15,1830.898,15043.897,8.217,6661.084,3.638,,,,,9716,5.307,2682.256,1.465,-4015.443,-2.193
23/06/2026,2026-06-23,71,[16:30-16:45[,2026-06-23 15:30,1842.147,16926.244,9.188,6666.368,3.619,,,,,9716,5.274,2865.912,1.556,-2322.036,-1.261
23/06/2026,2026-06-23,72,[16:45-17:00[,2026-06-23 15:45,1838.639,15788.418,8.587,6496.844,3.534,,,,,9022,4.907,2927.036,1.592,-2657.463,-1.445
23/06/2026,2026-06-23,73,[17:00-17:15[,2026-06-23 16:00,1834.476,18979.719,10.346,6722.498,3.665,,,,,10650,5.805,2797.631,1.525,-1190.409,-0.649
23/06/2026,2026-06-23,74,[17:15-17:30[,2026-06-23 16:15,1827.71,14412.389,7.885,6756.052,3.696,,,,,9940,5.438,2816.246,1.541,-5099.909,-2.79
23/06/2026,2026-06-23,75,[17:30-17:45[,2026-06-23 16:30,1829.293,20721.314,11.327,6255.428,3.42,3445.734,1.884,,,9230,5.046,2815.607,1.539,-1025.456,-0.561
23/06/2026,2026-06-23,76,[17:45-18:00[,2026-06-23 16:45,1808.259,20858.625,11.535,5575.563,3.083,3486.289,1.928,,,7810,4.319,2791.497,1.544,1195.276,0.661
23/06/2026,2026-06-23,77,[18:00-18:15[,2026-06-23 17:00,1798.967,18713.277,10.402,5357.9,2.978,4986.824,2.772,,,6880,3.824,2829.714,1.573,-1341.161,-0.746
23/06/2026,2026-06-23,78,[18:15-18:30[,2026-06-23 17:15,1817.568,17701.098,9.739,5755.786,3.167,5311.264,2.922,,,7568,4.164,2810.222,1.546,-3744.174,-2.06
23/06/2026,2026-06-23,79,[18:30-18:45[,2026-06-23 17:30,1821.305,12410.105,6.814,4576.66,2.513,4623.27,2.538,,,4816,2.644,2801.797,1.538,-4407.622,-2.42
23/06/2026,2026-06-23,80,[18:45-19:00[,2026-06-23 17:45,1819.942,11019.848,6.055,3816.204,2.097,8474.554,4.656,,,2415,1.327,2637.466,1.449,-6323.376,-3.474
23/06/2026,2026-06-23,81,[19:00-19:15[,2026-06-23 18:00,1852.095,25720.363,13.887,3819.736,2.062,37353.996,20.169,,,1636,0.883,2631.41,1.421,-19720.779,-10.648
23/06/2026,2026-06-23,82,[19:15-19:30[,2026-06-23 18:15,1848.186,28916.841,15.646,2895.365,1.567,37353.996,20.211,,,1631,0.882,2587.838,1.4,-15551.357,-8.414
23/06/2026,2026-06-23,83,[19:30-19:45[,2026-06-23 18:30,1832.504,21815.354,11.905,168.006,0.092,37353.996,20.384,,,1670.5,0.912,2635.983,1.438,-20013.13,-10.921
23/06/2026,2026-06-23,84,[19:45-20:00[,2026-06-23 18:45,1825.603,29904.422,16.381,168.006,0.092,37353.996,20.461,,,1670.5,0.915,2560.967,1.403,-11849.047,-6.49
23/06/2026,2026-06-23,85,[20:00-20:15[,2026-06-23 19:00,1839.901,26784.583,14.558,168.006,0.091,37353.996,20.302,,,1839.4,1,2548.608,1.385,-15125.426,-8.221
23/06/2026,2026-06-23,86,[20:15-20:30[,2026-06-23 19:15,1824.38,27316.889,14.973,168.006,0.092,37353.996,20.475,,,1839.4,1.008,2541.613,1.393,-14586.125,-7.995
23/06/2026,2026-06-23,87,[20:30-20:45[,2026-06-23 19:30,1805.125,28474.359,15.774,167.725,0.093,37353.996,20.693,,,1839.4,1.019,2503.604,1.387,-13390.366,-7.418
23/06/2026,2026-06-23,88,[20:45-21:00[,2026-06-23 19:45,1796.88,28589.545,15.911,167.725,0.093,37353.996,20.788,,,1839.4,1.024,2387.381,1.329,-13158.957,-7.323
23/06/2026,2026-06-23,89,[21:00-21:15[,2026-06-23 20:00,1794.007,31212.229,17.398,823.185,0.459,37353.996,20.822,,,2285.5,1.274,2445.836,1.363,-11696.287,-6.52
23/06/2026,2026-06-23,90,[21:15-21:30[,2026-06-23 20:15,1804.078,30418.119,16.861,823.362,0.456,37353.996,20.705,,,2285.5,1.267,2455.112,1.361,-12499.851,-6.929
23/06/2026,2026-06-23,91,[21:30-21:45[,2026-06-23 20:30,1794.087,31492.785,17.554,823.362,0.459,37353.996,20.821,,,2285.5,1.274,2360.703,1.316,-11330.776,-6.316
23/06/2026,2026-06-23,92,[21:45-22:00[,2026-06-23 20:45,1766.959,34774.507,19.68,823.362,0.466,37353.996,21.14,,,2285.5,1.293,2345.25,1.327,-8033.601,-4.547
23/06/2026,2026-06-23,93,[22:00-22:15[,2026-06-23 21:00,1733.796,26044.457,15.022,823.362,0.475,37353.996,21.545,,,2404.5,1.387,2343.942,1.352,-16881.343,-9.737
23/06/2026,2026-06-23,94,[22:15-22:30[,2026-06-23 21:15,1708.147,34803.883,20.375,816.864,0.478,37353.996,21.868,,,2404.5,1.408,2342.473,1.371,-8113.949,-4.75
23/06/2026,2026-06-23,95,[22:30-22:45[,2026-06-23 21:30,1676.842,27137.179,16.184,804.666,0.48,37353.996,22.276,,,2404.5,1.434,2392.206,1.427,-15818.189,-9.433
23/06/2026,2026-06-23,96,[22:45-23:00[,2026-06-23 21:45,1640.243,27543.09,16.792,887.915,0.541,37353.996,22.773,,,2348.5,1.432,2337.163,1.425,-15384.484,-9.379
24/06/2026,2026-06-24,1,[23:00-23:15[,2026-06-23 22:00,1602.916,21661.206,13.514,3355.449,2.093,27822.159,17.357,,,1804.8,1.126,2239.937,1.397,-13561.139,-8.46
24/06/2026,2026-06-24,2,[23:15-23:30[,2026-06-23 22:15,1564.038,23075.061,14.754,3967.521,2.537,13410.192,8.574,,,1796.45,1.149,2302.287,1.472,1598.611,1.022
24/06/2026,2026-06-24,3,[23:30-23:45[,2026-06-23 22:30,1531.777,9042.377,5.903,4445.561,2.902,,,,,1738.5,1.135,2290.695,1.495,567.621,0.371
24/06/2026,2026-06-24,4,[23:45-00:00[,2026-06-23 22:45,1498.753,9675.984,6.456,4846.357,3.234,,,,,1618,1.08,2186.589,1.459,1025.038,0.684
24/06/2026,2026-06-24,5,[00:00-00:15[,2026-06-23 23:00,1470.909,8101.116,5.508,4852.237,3.299,,,,,968.9,0.659,2191.447,1.49,88.532,0.06
24/06/2026,2026-06-24,6,[00:15-00:30[,2026-06-23 23:15,1448.408,8066.92,5.57,4931.519,3.405,,,,,968.9,0.669,2213.962,1.529,-47.46,-0.033
24/06/2026,2026-06-24,7,[00:30-00:45[,2026-06-23 23:30,1427.274,8320.297,5.83,4985.948,3.493,,,,,968.9,0.679,2233.503,1.565,131.946,0.092
24/06/2026,2026-06-24,8,[00:45-01:00[,2026-06-23 23:45,1406.426,8198.774,5.83,4987.697,3.546,,,,,968.9,0.689,2232.852,1.588,9.325,0.007
24/06/2026,2026-06-24,9,[01:00-01:15[,2026-06-24 00:00,1388.907,9358.653,6.738,4991.636,3.594,,,,,1484.8,1.069,2227.989,1.604,654.228,0.471
24/06/2026,2026-06-24,10,[01:15-01:30[,2026-06-24 00:15,1369.38,9311.953,6.8,4995.048,3.648,,,,,1484.8,1.084,2202.35,1.608,629.756,0.46
24/06/2026,2026-06-24,11,[01:30-01:45[,2026-06-24 00:30,1352.994,9165.349,6.774,4998.432,3.694,,,,,1484.8,1.097,2233.481,1.651,448.636,0.332
24/06/2026,2026-06-24,12,[01:45-02:00[,2026-06-24 00:45,1337.459,8594.288,6.426,5118.761,3.827,,,,,1484.8,1.11,2232.354,1.669,-241.627,-0.181
24/06/2026,2026-06-24,13,[02:00-02:15[,2026-06-24 01:00,1321.471,8091.337,6.123,5005.783,3.788,,,,,1182.5,0.895,2231.928,1.689,-328.874,-0.249
24/06/2026,2026-06-24,14,[02:15-02:30[,2026-06-24 01:15,1308.489,8479.335,6.48,5008.64,3.828,,,,,1182.5,0.904,2229.624,1.704,58.572,0.045
24/06/2026,2026-06-24,15,[02:30-02:45[,2026-06-24 01:30,1296.942,8514.789,6.565,5011.386,3.864,,,,,1182.5,0.912,2218.596,1.711,102.307,0.079
24/06/2026,2026-06-24,16,[02:45-03:00[,2026-06-24 01:45,1286.809,8518.868,6.62,5014.882,3.897,,,,,1182.5,0.919,2178.235,1.693,143.251,0.111
24/06/2026,2026-06-24,17,[03:00-03:15[,2026-06-24 02:00,1280.06,9635.503,7.527,5597.124,4.373,,,,,1182.5,0.924,2116.085,1.653,739.794,0.578
24/06/2026,2026-06-24,18,[03:15-03:30[,2026-06-24 02:15,1270.012,9120.831,7.182,5693.419,4.483,,,,,1182.5,0.931,2100.498,1.654,144.414,0.114
24/06/2026,2026-06-24,19,[03:30-03:45[,2026-06-24 02:30,1262.587,8656.16,6.856,5660.339,4.483,,,,,1182.5,0.937,2076.676,1.645,-263.355,-0.209
24/06/2026,2026-06-24,20,[03:45-04:00[,2026-06-24 02:45,1254.657,10690.332,8.521,5605.483,4.468,,,,,1182.5,0.942,2070.349,1.65,1832.001,1.46
24/06/2026,2026-06-24,21,[04:00-04:15[,2026-06-24 03:00,1254.407,9104.363,7.258,5589.887,4.456,,,,,1450,1.156,2131.391,1.699,-66.914,-0.053
24/06/2026,2026-06-24,22,[04:15-04:30[,2026-06-24 03:15,1248.513,9098.338,7.287,5019.238,4.02,,,,,1450,1.161,2115.11,1.694,513.99,0.412
24/06/2026,2026-06-24,23,[04:30-04:45[,2026-06-24 03:30,1245.621,8162.097,6.553,5019.238,4.03,,,,,1450,1.164,2116.735,1.699,-423.875,-0.34
24/06/2026,2026-06-24,24,[04:45-05:00[,2026-06-24 03:45,1244.281,10124.975,8.137,5018.599,4.033,,,,,1126.6,0.905,2081.044,1.672,1898.732,1.526
24/06/2026,2026-06-24,25,[05:00-05:15[,2026-06-24 04:00,1250.234,8738.278,6.989,5018.599,4.014,,,,,1129.5,0.903,2054.281,1.643,535.898,0.429
24/06/2026,2026-06-24,26,[05:15-05:30[,2026-06-24 04:15,1252.583,8005.525,6.391,5018.627,4.007,,,,,1029.1,0.822,2164.258,1.728,-206.459,-0.165
24/06/2026,2026-06-24,27,[05:30-05:45[,2026-06-24 04:30,1253.327,8689.604,6.933,5018.654,4.004,,,,,1029.1,0.821,2176.46,1.737,465.39,0.371
24/06/2026,2026-06-24,28,[05:45-06:00[,2026-06-24 04:45,1248.087,8861.83,7.1,4946.674,3.963,,,,,1004,0.804,2175.69,1.743,735.466,0.589
24/06/2026,2026-06-24,29,[06:00-06:15[,2026-06-24 05:00,1264.706,6419.426,5.076,2754.205,2.178,,,,,1359.5,1.075,2063.277,1.631,242.443,0.192
24/06/2026,2026-06-24,30,[06:15-06:30[,2026-06-24 05:15,1280.903,5504.487,4.297,2905.234,2.268,,,,,1387.4,1.083,2062.941,1.611,-851.088,-0.664
24/06/2026,2026-06-24,31,[06:30-06:45[,2026-06-24 05:30,1298.369,5185.865,3.994,3084.701,2.376,,,,,1331.6,1.026,2064.246,1.59,-1294.682,-0.997
24/06/2026,2026-06-24,32,[06:45-07:00[,2026-06-24 05:45,1319.192,6077.416,4.607,3908.319,2.963,,,,,1387.4,1.052,2063.603,1.564,-1281.906,-0.972
24/06/2026,2026-06-24,33,[07:00-07:15[,2026-06-24 06:00,1368.851,3833.003,2.8,2863.79,2.092,,,,,2130.8,1.557,2078.487,1.518,-3240.074,-2.367
24/06/2026,2026-06-24,34,[07:15-07:30[,2026-06-24 06:15,1400.067,7384.09,5.274,3876.824,2.769,,,,,2130.8,1.522,2117.693,1.513,-741.228,-0.529
24/06/2026,2026-06-24,35,[07:30-07:45[,2026-06-24 06:30,1446.369,3377.083,2.335,4110.97,2.842,,,,,2130.8,1.473,2239.751,1.549,-5104.438,-3.529
24/06/2026,2026-06-24,36,[07:45-08:00[,2026-06-24 06:45,1475.532,10695.451,7.249,5395.044,3.656,,,,,2469.6,1.674,2219.46,1.504,611.347,0.414
24/06/2026,2026-06-24,37,[08:00-08:15[,2026-06-24 07:00,1537.997,5838.44,3.796,6511.111,4.234,,,,,2402.4,1.562,2250.674,1.463,-5325.745,-3.463
24/06/2026,2026-06-24,38,[08:15-08:30[,2026-06-24 07:15,1575.925,8776.464,5.569,7101.159,4.506,,,,,7353,4.666,2198.677,1.395,-7876.372,-4.998
24/06/2026,2026-06-24,39,[08:30-08:45[,2026-06-24 07:30,1606.292,14535.914,9.049,7523.641,4.684,,,,,7353,4.578,2233.687,1.391,-2574.414,-1.603
24/06/2026,2026-06-24,40,[08:45-09:00[,2026-06-24 07:45,1631.244,16984.783,10.412,7537.05,4.62,,,,,7353,4.508,2221.376,1.362,-126.643,-0.078
24/06/2026,2026-06-24,41,[09:00-09:15[,2026-06-24 08:00,1652.542,16006.165,9.686,7410.885,4.485,,,,,7791.6,4.715,2236.43,1.353,-1432.75,-0.867
24/06/2026,2026-06-24,42,[09:15-09:30[,2026-06-24 08:15,1650.779,17268.158,10.461,8504.423,5.152,,,,,7791.6,4.72,2211.16,1.339,-1239.025,-0.751
24/06/2026,2026-06-24,43,[09:30-09:45[,2026-06-24 08:30,1663.647,16349.537,9.828,8474.156,5.094,,,,,7791.6,4.683,2088.78,1.256,-2004.998,-1.205
24/06/2026,2026-06-24,44,[09:45-10:00[,2026-06-24 08:45,1668.833,17078.338,10.234,8376.832,5.02,,,,,7791.6,4.669,2176.808,1.304,-1266.902,-0.759
24/06/2026,2026-06-24,45,[10:00-10:15[,2026-06-24 09:00,1643.825,15504.233,9.432,8333.872,5.07,,,,,5594.58,3.403,2133.511,1.298,-557.73,-0.339
24/06/2026,2026-06-24,46,[10:15-10:30[,2026-06-24 09:15,1651.255,15444.02,9.353,8363.506,5.065,,,,,5514.51,3.34,2138.693,1.295,-572.689,-0.347
24/06/2026,2026-06-24,47,[10:30-10:45[,2026-06-24 09:30,1658.009,13731.276,8.282,8366.609,5.046,,,,,5468.4,3.298,2046.481,1.234,-2150.214,-1.297
24/06/2026,2026-06-24,48,[10:45-11:00[,2026-06-24 09:45,1652.461,12334.131,7.464,8376.127,5.069,,,,,5514.48,3.337,1990.023,1.204,-3546.499,-2.146
24/06/2026,2026-06-24,49,[11:00-11:15[,2026-06-24 10:00,1662.616,15232.735,9.162,9260.177,5.57,,,,,3948.8,2.375,1944.844,1.17,78.914,0.047
24/06/2026,2026-06-24,50,[11:15-11:30[,2026-06-24 10:15,1677.908,13365.641,7.966,9849.607,5.87,,,,,3522.6,2.099,1767.046,1.053,-1773.611,-1.057
24/06/2026,2026-06-24,51,[11:30-11:45[,2026-06-24 10:30,1685.61,14250.468,8.454,10238.203,6.074,,,,,3072.4,1.823,1709.55,1.014,-769.685,-0.457
24/06/2026,2026-06-24,52,[11:45-12:00[,2026-06-24 10:45,1688.65,12325.061,7.299,10703.518,6.339,,,,,2767.5,1.639,1699.717,1.007,-2845.674,-1.685
24/06/2026,2026-06-24,53,[12:00-12:15[,2026-06-24 11:00,1681.364,14603.702,8.686,10450.581,6.216,,,,,2313.6,1.376,2047.164,1.218,-207.642,-0.123
24/06/2026,2026-06-24,54,[12:15-12:30[,2026-06-24 11:15,1671.38,14953.834,8.947,10529.568,6.3,,,,,2288,1.369,1994.017,1.193,142.249,0.085
24/06/2026,2026-06-24,55,[12:30-12:45[,2026-06-24 11:30,1636.82,13254.996,8.098,10716.881,6.547,,,,,2087.9,1.276,2096.943,1.281,-1646.728,-1.006
24/06/2026,2026-06-24,56,[12:45-13:00[,2026-06-24 11:45,1633.373,14351.25,8.786,10739.651,6.575,,,,,2087.9,1.278,2101.132,1.286,-577.433,-0.354
24/06/2026,2026-06-24,57,[13:00-13:15[,2026-06-24 12:00,1631.255,15147.114,9.286,11098.391,6.804,,,,,1879.8,1.152,2186.991,1.341,-18.068,-0.011
24/06/2026,2026-06-24,58,[13:15-13:30[,2026-06-24 12:15,1609.998,15525.748,9.643,10739.679,6.671,,,,,2079.1,1.291,1958.162,1.216,748.807,0.465
24/06/2026,2026-06-24,59,[13:30-13:45[,2026-06-24 12:30,1623.91,12167.136,7.492,10788.922,6.644,,,,,2079.1,1.28,1909.103,1.176,-2609.989,-1.607
24/06/2026,2026-06-24,60,[13:45-14:00[,2026-06-24 12:45,1622.217,16322.395,10.062,11168.778,6.885,,,,,1851.2,1.141,2033.693,1.254,1268.723,0.782
24/06/2026,2026-06-24,61,[14:00-14:15[,2026-06-24 13:00,1623.476,14459.367,8.906,11360.477,6.998,,,-1.284,-0.001,1733.7,1.068,2154.238,1.327,-787.764,-0.485
24/06/2026,2026-06-24,62,[14:15-14:30[,2026-06-24 13:15,1638.583,11900.279,7.263,11242.443,6.861,,,,,1788,1.091,2130.835,1.3,-3260.999,-1.99
24/06/2026,2026-06-24,63,[14:30-14:45[,2026-06-24 13:30,1639.207,4320.932,2.636,10910.241,6.656,,,,,1983.8,1.21,2196.706,1.34,-10769.814,-6.57
24/06/2026,2026-06-24,64,[14:45-15:00[,2026-06-24 13:45,1623.982,5135.022,3.162,10717.519,6.6,,,,,2066,1.272,2200.996,1.355,-9849.492,-6.065
24/06/2026,2026-06-24,65,[15:00-15:15[,2026-06-24 14:00,1617.805,103.377,0.064,10450.581,6.46,,,,,2226.3,1.376,2179.052,1.347,-14752.556,-9.119
24/06/2026,2026-06-24,66,[15:15-15:30[,2026-06-24 14:15,1620.64,4055.919,2.503,9850.406,6.078,,,,,2730.4,1.685,2195.751,1.355,-10720.637,-6.615
24/06/2026,2026-06-24,67,[15:30-15:45[,2026-06-24 14:30,1612.764,6383.39,3.958,9225.825,5.721,,,,,3019.74,1.872,2242.245,1.39,-8104.419,-5.025
24/06/2026,2026-06-24,68,[15:45-16:00[,2026-06-24 14:45,1591.012,12488.143,7.849,9038.854,5.681,,,,,3120.29,1.961,2297.935,1.444,-1968.936,-1.238
24/06/2026,2026-06-24,69,[16:00-16:15[,2026-06-24 15:00,1580.33,11860.622,7.505,8949.22,5.663,,,,,4127.2,2.612,2221.635,1.406,-3437.432,-2.175
24/06/2026,2026-06-24,70,[16:15-16:30[,2026-06-24 15:15,1581.254,11283.849,7.136,8950.111,5.66,,,,,4182,2.645,2153.559,1.362,-4001.821,-2.531
24/06/2026,2026-06-24,71,[16:30-16:45[,2026-06-24 15:30,1595.288,11300.118,7.083,8869.354,5.56,,,,,4175.2,2.617,2244.333,1.407,-3988.768,-2.5
24/06/2026,2026-06-24,72,[16:45-17:00[,2026-06-24 15:45,1604.973,10724.552,6.682,8750.719,5.452,,,,,5482.4,3.416,2273.337,1.416,-5781.904,-3.602
24/06/2026,2026-06-24,73,[17:00-17:15[,2026-06-24 16:00,1611.68,12690.909,7.874,8949.526,5.553,,,,,5241.6,3.252,2381.907,1.478,-3882.124,-2.409
24/06/2026,2026-06-24,74,[17:15-17:30[,2026-06-24 16:15,1617.156,15835.918,9.792,8675.736,5.365,,,,,8023.8,4.962,2336.477,1.445,-3200.095,-1.979
24/06/2026,2026-06-24,75,[17:30-17:45[,2026-06-24 16:30,1617.998,16056.856,9.924,8569.095,5.296,,,,,8023.8,4.959,2292.528,1.417,-2828.567,-1.748
24/06/2026,2026-06-24,76,[17:45-18:00[,2026-06-24 16:45,1637.118,15191.73,9.28,7575.554,4.627,,,,,8023.8,4.901,2412.406,1.474,-2820.03,-1.723
24/06/2026,2026-06-24,77,[18:00-18:15[,2026-06-24 17:00,1651.728,18606.592,11.265,7552.251,4.572,,,,,8023.8,4.858,2355.496,1.426,675.044,0.409
24/06/2026,2026-06-24,78,[18:15-18:30[,2026-06-24 17:15,1672.001,16754.513,10.021,7064.757,4.225,,,,,8023.8,4.799,2346.513,1.403,-680.556,-0.407
24/06/2026,2026-06-24,79,[18:30-18:45[,2026-06-24 17:30,1689.348,9417.264,5.574,5417.767,3.207,,,,,1996.8,1.182,2299.806,1.361,-297.108,-0.176
24/06/2026,2026-06-24,80,[18:45-19:00[,2026-06-24 17:45,1710.732,3429.393,2.005,4139.411,2.42,,,,,1996.8,1.167,2312.985,1.352,-5019.803,-2.934
24/06/2026,2026-06-24,81,[19:00-19:15[,2026-06-24 18:00,1730.217,9414.591,5.441,5189.938,3,,,,,1571.8,0.908,2371.434,1.371,281.419,0.163
24/06/2026,2026-06-24,82,[19:15-19:30[,2026-06-24 18:15,1750.243,4715.768,2.694,4221.019,2.412,,,,,1148.6,0.656,2373.691,1.356,-3027.542,-1.73
24/06/2026,2026-06-24,83,[19:30-19:45[,2026-06-24 18:30,1767.448,4003.009,2.265,3577.366,2.024,,,,,1260.2,0.713,2372.096,1.342,-3206.653,-1.814
24/06/2026,2026-06-24,84,[19:45-20:00[,2026-06-24 18:45,1778.304,6302.34,3.544,2875.107,1.617,,,,,1232.3,0.693,2362.385,1.328,-167.452,-0.094
24/06/2026,2026-06-24,85,[20:00-20:15[,2026-06-24 19:00,1778.363,4657.103,2.619,2885.603,1.623,,,,,968.9,0.545,2301.284,1.294,-1498.684,-0.843
24/06/2026,2026-06-24,86,[20:15-20:30[,2026-06-24 19:15,1774.471,4571.905,2.576,2280.005,1.285,,,,,1126.5,0.635,2330.232,1.313,-1164.833,-0.656
24/06/2026,2026-06-24,87,[20:30-20:45[,2026-06-24 19:30,1763.728,2953.916,1.675,1661.941,0.942,,,,,1126.5,0.639,2358.502,1.337,-2193.027,-1.243
24/06/2026,2026-06-24,88,[20:45-21:00[,2026-06-24 19:45,1755.602,5990.43,3.412,1515.018,0.863,,,,,1154.4,0.658,2366.871,1.348,954.141,0.543
24/06/2026,2026-06-24,89,[21:00-21:15[,2026-06-24 20:00,1753.843,5664.611,3.23,2628.81,1.499,,,,,1760.5,1.004,2370.409,1.352,-1095.108,-0.624
24/06/2026,2026-06-24,90,[21:15-21:30[,2026-06-24 20:15,1761.707,5919.735,3.36,2761.225,1.567,,,,,1760.5,0.999,2359.085,1.339,-961.075,-0.546
24/06/2026,2026-06-24,91,[21:30-21:45[,2026-06-24 20:30,1755.037,4305.626,2.453,3219.569,1.834,,,,,1760.5,1.003,2446.959,1.394,-3121.402,-1.779
24/06/2026,2026-06-24,92,[21:45-22:00[,2026-06-24 20:45,1731.515,10236.146,5.912,3711.244,2.143,,,,,1760.5,1.017,2449.985,1.415,2314.417,1.337
24/06/2026,2026-06-24,93,[22:00-22:15[,2026-06-24 21:00,1712.406,8324.037,4.861,4079.556,2.382,,,,,1858.1,1.085,2455.54,1.434,-69.16,-0.04
24/06/2026,2026-06-24,94,[22:15-22:30[,2026-06-24 21:15,1682.333,9344.396,5.554,4093.362,2.433,,,,,1858.1,1.104,2453.714,1.459,939.22,0.558
24/06/2026,2026-06-24,95,[22:30-22:45[,2026-06-24 21:30,1652.665,8498.835,5.143,4262.925,2.579,,,,,1858.1,1.124,2371.369,1.435,6.441,0.004
24/06/2026,2026-06-24,96,[22:45-23:00[,2026-06-24 21:45,1617.545,10073.079,6.227,4451.644,2.752,,,,,1858.1,1.149,2365.96,1.463,1397.375,0.864
25/06/2026,2026-06-25,1,[23:00-23:15[,2026-06-24 22:00,1579.333,3839.958,2.431,1777.301,1.125,,,,,1417.8,0.898,2424.884,1.535,-1780.028,-1.127
25/06/2026,2026-06-25,2,[23:15-23:30[,2026-06-24 22:15,1541.129,6065.287,3.936,1777.301,1.153,,,,,1417.8,0.92,2438.491,1.582,431.695,0.28
25/06/2026,2026-06-25,3,[23:30-23:45[,2026-06-24 22:30,1509.81,4594.324,3.043,1777.301,1.177,,,,,1417.8,0.939,2483.297,1.645,-1084.074,-0.718
25/06/2026,2026-06-25,4,[23:45-00:00[,2026-06-24 22:45,1475.906,10330.44,6.999,5332.611,3.613,,,,,1380,0.935,2471.603,1.675,1146.226,0.777
25/06/2026,2026-06-25,5,[00:00-00:15[,2026-06-24 23:00,1462.931,5025.695,3.435,1777.301,1.215,,,,,1336.9,0.914,2571.175,1.758,-659.681,-0.451
25/06/2026,2026-06-25,6,[00:15-00:30[,2026-06-24 23:15,1440.336,8512.514,5.91,3988.476,2.769,,,,,1301.8,0.904,2608.665,1.811,613.572,0.426
25/06/2026,2026-06-25,7,[00:30-00:45[,2026-06-24 23:30,1417.312,9416.068,6.644,5329.119,3.76,,,,,1301.8,0.918,2597.598,1.833,187.551,0.132
25/06/2026,2026-06-25,8,[00:45-01:00[,2026-06-24 23:45,1392.5,8987.643,6.454,5486.941,3.94,,,,,1301.8,0.935,2658.407,1.909,-459.505,-0.33
25/06/2026,2026-06-25,9,[01:00-01:15[,2026-06-25 00:00,1366.831,10807.113,7.907,5736.257,4.197,,,,,1133.3,0.829,2493.109,1.824,1444.448,1.057
25/06/2026,2026-06-25,10,[01:15-01:30[,2026-06-25 00:15,1349.671,11187.451,8.289,5880.244,4.357,,,,,1133.3,0.84,2518.424,1.866,1655.483,1.227
25/06/2026,2026-06-25,11,[01:30-01:45[,2026-06-25 00:30,1335.885,9369.003,7.013,5880.244,4.402,,,,,1133.3,0.848,2603.729,1.949,-248.27,-0.186
25/06/2026,2026-06-25,12,[01:45-02:00[,2026-06-25 00:45,1319.084,9983.394,7.568,5913.543,4.483,,,,,1133.3,0.859,2556.772,1.938,379.779,0.288
25/06/2026,2026-06-25,13,[02:00-02:15[,2026-06-25 01:00,1301.35,8268.215,6.354,5901.615,4.535,,,,,1089.3,0.837,2534.177,1.947,-1256.877,-0.966
25/06/2026,2026-06-25,14,[02:15-02:30[,2026-06-25 01:15,1290.312,9390.106,7.277,5926.117,4.593,,,,,1089.3,0.844,2534.575,1.964,-159.885,-0.124
25/06/2026,2026-06-25,15,[02:30-02:45[,2026-06-25 01:30,1279.098,9346.589,7.307,5914.846,4.624,,,,,1089.3,0.852,2520.782,1.971,-178.34,-0.139
25/06/2026,2026-06-25,16,[02:45-03:00[,2026-06-25 01:45,1267.985,8273.474,6.525,5926.762,4.674,,,,,1089.3,0.859,2506.35,1.977,-1248.939,-0.985
25/06/2026,2026-06-25,17,[03:00-03:15[,2026-06-25 02:00,1262.459,10692.829,8.47,5929.053,4.696,,,,,1076.1,0.852,2499.295,1.98,1188.381,0.941
25/06/2026,2026-06-25,18,[03:15-03:30[,2026-06-25 02:15,1251.84,9640.09,7.701,5929.699,4.737,,,,,1076.1,0.86,2464.186,1.968,170.106,0.136
25/06/2026,2026-06-25,19,[03:30-03:45[,2026-06-25 02:30,1244.556,8921.713,7.169,5930.99,4.766,,,,,1076.1,0.865,2493.737,2.004,-579.114,-0.465
25/06/2026,2026-06-25,20,[03:45-04:00[,2026-06-25 02:45,1237.818,8711.092,7.037,5931.635,4.792,,,,,1076.1,0.869,2484.258,2.007,-780.901,-0.631
25/06/2026,2026-06-25,21,[04:00-04:15[,2026-06-25 03:00,1238.048,10996.982,8.883,5985.693,4.835,,,,,1106.9,0.894,2516.652,2.033,1387.737,1.121
25/06/2026,2026-06-25,22,[04:15-04:30[,2026-06-25 03:15,1235.332,7081.159,5.732,5973.253,4.835,,,,,1106.9,0.896,2517.388,2.038,-2516.381,-2.037
25/06/2026,2026-06-25,23,[04:30-04:45[,2026-06-25 03:30,1234.995,10277.91,8.322,5949.992,4.818,,,,,1106.9,0.896,2520.465,2.041,700.554,0.567
25/06/2026,2026-06-25,24,[04:45-05:00[,2026-06-25 03:45,1235.046,10703.033,8.666,5929.255,4.801,,,,,1106.9,0.896,2541.056,2.057,1125.821,0.912
25/06/2026,2026-06-25,25,[05:00-05:15[,2026-06-25 04:00,1245.854,9572.511,7.683,5525.777,4.435,,,,,1115.7,0.896,2524.189,2.026,406.846,0.327
25/06/2026,2026-06-25,26,[05:15-05:30[,2026-06-25 04:15,1249.075,9577.105,7.667,5471.691,4.381,,,,,1115.7,0.893,2494.988,1.997,494.726,0.396
25/06/2026,2026-06-25,27,[05:30-05:45[,2026-06-25 04:30,1250.297,12058.283,9.644,5263.484,4.21,,,,,1115.7,0.892,2513.812,2.011,3165.288,2.532
25/06/2026,2026-06-25,28,[05:45-06:00[,2026-06-25 04:45,1255.209,16124.808,12.846,5015.395,3.996,,,,,1115.7,0.889,2526.94,2.013,7466.773,5.949
25/06/2026,2026-06-25,29,[06:00-06:15[,2026-06-25 05:00,1282.71,11288.903,8.801,3137.811,2.446,,,2347.863,1.83,1324.8,1.033,2550.998,1.989,1927.432,1.503
25/06/2026,2026-06-25,30,[06:15-06:30[,2026-06-25 05:15,1307.017,7498.327,5.737,3212.546,2.458,,,,,1324.8,1.014,2526.677,1.933,434.305,0.332
25/06/2026,2026-06-25,31,[06:30-06:45[,2026-06-25 05:30,1330.595,7096.701,5.333,3603.889,2.708,,,,,1324.8,0.996,2525.224,1.898,-357.212,-0.268
25/06/2026,2026-06-25,32,[06:45-07:00[,2026-06-25 05:45,1355.606,10510.938,7.754,3844.421,2.836,,,,,1324.8,0.977,2636.9,1.945,2704.817,1.995
25/06/2026,2026-06-25,33,[07:00-07:15[,2026-06-25 06:00,1410.811,7160.627,5.076,3415.935,2.421,,,,,1508.8,1.069,2655.188,1.882,-419.297,-0.297
25/06/2026,2026-06-25,34,[07:15-07:30[,2026-06-25 06:15,1446.722,8772.039,6.063,3717.666,2.57,,,,,1508.8,1.043,2655.521,1.836,890.052,0.615
25/06/2026,2026-06-25,35,[07:30-07:45[,2026-06-25 06:30,1500.78,10461.559,6.971,4995.824,3.329,,,,,1708.1,1.138,2932.372,1.954,825.263,0.55
25/06/2026,2026-06-25,36,[07:45-08:00[,2026-06-25 06:45,1556.794,10006.758,6.428,6257.707,4.02,,,,,1708.1,1.097,2903.296,1.865,-862.345,-0.554
25/06/2026,2026-06-25,37,[08:00-08:15[,2026-06-25 07:00,1628.392,12081.595,7.419,6080.176,3.734,,,,,6290.4,3.863,2938.953,1.805,-3227.934,-1.982
25/06/2026,2026-06-25,38,[08:15-08:30[,2026-06-25 07:15,1664.489,15983.427,9.603,6668.353,4.006,,,,,8411.48,5.053,2940.791,1.767,-2037.196,-1.224
25/06/2026,2026-06-25,39,[08:30-08:45[,2026-06-25 07:30,1701.754,26732.019,15.709,8605.04,5.057,,,,,11176,6.567,2925.181,1.719,4025.798,2.366
25/06/2026,2026-06-25,40,[08:45-09:00[,2026-06-25 07:45,1724.772,18194.989,10.549,8584.754,4.977,,,,,11193.6,6.49,2885.003,1.673,-4468.368,-2.591
25/06/2026,2026-06-25,41,[09:00-09:15[,2026-06-25 08:00,1747.747,19262.425,11.021,8466.915,4.844,,,,,11932.8,6.828,2893.376,1.655,-4030.666,-2.306
25/06/2026,2026-06-25,42,[09:15-09:30[,2026-06-25 08:15,1755.784,18764.507,10.687,7604.946,4.331,,,,,11932.8,6.796,2982.772,1.699,-3756.01,-2.139
25/06/2026,2026-06-25,43,[09:30-09:45[,2026-06-25 08:30,1755.973,15430.286,8.787,9278.622,5.284,,,,,12020.8,6.846,2849.897,1.623,-8719.033,-4.965
25/06/2026,2026-06-25,44,[09:45-10:00[,2026-06-25 08:45,1760.812,19525.716,11.089,9582.788,5.442,,,,,11631.2,6.606,2929.834,1.664,-4618.105,-2.623
25/06/2026,2026-06-25,45,[10:00-10:15[,2026-06-25 09:00,1729.377,20364.5,11.776,10381.55,6.003,,,,,11612.8,6.715,2819.232,1.63,-4449.081,-2.573
25/06/2026,2026-06-25,46,[10:15-10:30[,2026-06-25 09:15,1755.055,21887.605,12.471,11153.113,6.355,,,,,10033.2,5.717,2789.755,1.59,-2088.463,-1.19
25/06/2026,2026-06-25,47,[10:30-10:45[,2026-06-25 09:30,1777.833,17618.195,9.91,11945.388,6.719,,,,,7751.7,4.36,2870.433,1.615,-4949.326,-2.784
25/06/2026,2026-06-25,48,[10:45-11:00[,2026-06-25 09:45,1772.945,17900.084,10.096,12070.356,6.808,,,,,7302,4.119,2889.196,1.63,-4361.467,-2.46
25/06/2026,2026-06-25,49,[11:00-11:15[,2026-06-25 10:00,1789.695,17929.19,10.018,12631.539,7.058,,,,,8270.42,4.621,2927.728,1.636,-5900.497,-3.297
25/06/2026,2026-06-25,50,[11:15-11:30[,2026-06-25 10:15,1801.185,23706.957,13.162,13722.083,7.618,,,,,8952.96,4.971,2928.404,1.626,-1896.49,-1.053
25/06/2026,2026-06-25,51,[11:30-11:45[,2026-06-25 10:30,1801.902,21906.618,12.157,13727.785,7.618,,,,,7961.7,4.418,2973.915,1.65,-2756.782,-1.53
25/06/2026,2026-06-25,52,[11:45-12:00[,2026-06-25 10:45,1808.492,24638.267,13.624,13820.501,7.642,,,,,8036.2,4.444,2973.915,1.644,-192.35,-0.106
25/06/2026,2026-06-25,53,[12:00-12:15[,2026-06-25 11:00,1792.223,21393.61,11.937,13822.852,7.713,,,,,6034.9,3.367,2973.915,1.659,-1438.057,-0.802
25/06/2026,2026-06-25,54,[12:15-12:30[,2026-06-25 11:15,1765.236,26112.622,14.793,13853.661,7.848,,,,,6042.9,3.423,2856.208,1.618,3359.853,1.903
25/06/2026,2026-06-25,55,[12:30-12:45[,2026-06-25 11:30,1740.541,27658.91,15.891,13863.387,7.965,,,,,7462.5,4.287,2869.985,1.649,3463.038,1.99
25/06/2026,2026-06-25,56,[12:45-13:00[,2026-06-25 11:45,1712.407,23641.981,13.806,13869.131,8.099,,,,,6337.9,3.701,2699.993,1.577,734.957,0.429
25/06/2026,2026-06-25,57,[13:00-13:15[,2026-06-25 12:00,1688.605,28088.557,16.634,13869.128,8.213,,,,,6342.9,3.756,2747.186,1.627,5129.343,3.038
25/06/2026,2026-06-25,58,[13:15-13:30[,2026-06-25 12:15,1683.723,26484.752,15.73,13869.094,8.237,,,,,6357.8,3.776,2774.325,1.648,3483.533,2.069
25/06/2026,2026-06-25,59,[13:30-13:45[,2026-06-25 12:30,1687.879,28320.269,16.779,13869.651,8.217,,,,,7347,4.353,2908.672,1.723,4194.946,2.485
25/06/2026,2026-06-25,60,[13:45-14:00[,2026-06-25 12:45,1690.662,27950.253,16.532,13872.547,8.205,,,,,7347,4.346,2745.205,1.624,3985.502,2.357
25/06/2026,2026-06-25,61,[14:00-14:15[,2026-06-25 13:00,1708.073,29268.08,17.135,13880.021,8.126,,,,,6352.8,3.719,2942.048,1.722,6093.212,3.567
25/06/2026,2026-06-25,62,[14:15-14:30[,2026-06-25 13:15,1717.9,29574.583,17.216,13880.021,8.08,,,,,6352.8,3.698,2973.915,1.731,6367.847,3.707
25/06/2026,2026-06-25,63,[14:30-14:45[,2026-06-25 13:30,1732.327,19930.417,11.505,13874.493,8.009,,,36.754,0.021,6352.8,3.667,2907.268,1.678,-3240.897,-1.871
25/06/2026,2026-06-25,64,[14:45-15:00[,2026-06-25 13:45,1714.251,20057.596,11.701,13869.198,8.091,,,,,6342.8,3.7,2582.12,1.506,-2736.522,-1.596
25/06/2026,2026-06-25,65,[15:00-15:15[,2026-06-25 14:00,1741.409,22188.463,12.742,13863.563,7.961,,,,,7500.8,4.307,2683.913,1.541,-1859.814,-1.068
25/06/2026,2026-06-25,66,[15:15-15:30[,2026-06-25 14:15,1734.88,20970.489,12.088,13855.277,7.986,,,,,6057.8,3.492,2756.772,1.589,-1699.359,-0.98
25/06/2026,2026-06-25,67,[15:30-15:45[,2026-06-25 14:30,1751.663,22659.722,12.936,13822.999,7.891,,,,,6049.8,3.454,2612.128,1.491,174.795,0.1
25/06/2026,2026-06-25,68,[15:45-16:00[,2026-06-25 14:45,1749.539,23443.123,13.4,13747.14,7.858,,,,,6407.8,3.663,2699.646,1.543,588.537,0.336
25/06/2026,2026-06-25,69,[16:00-16:15[,2026-06-25 15:00,1712.875,18660.994,10.895,13728.518,8.015,,,,,7930.9,4.63,2641.576,1.542,-5640,-3.293
25/06/2026,2026-06-25,70,[16:15-16:30[,2026-06-25 15:15,1717.038,17493.958,10.188,13586.77,7.913,,,,,8862.12,5.161,2576.302,1.5,-7531.234,-4.386
25/06/2026,2026-06-25,71,[16:30-16:45[,2026-06-25 15:30,1720.792,9675.951,5.623,12070.453,7.014,,,,,7957.72,4.624,2521.369,1.465,-12873.592,-7.481
25/06/2026,2026-06-25,72,[16:45-17:00[,2026-06-25 15:45,1719.653,11347.6,6.599,11524.45,6.702,,,,,8045.52,4.679,2656.218,1.545,-10878.588,-6.326
25/06/2026,2026-06-25,73,[17:00-17:15[,2026-06-25 16:00,1692.445,27074.598,15.997,12615.805,7.454,,,,,7833.44,4.628,2687.072,1.588,3938.281,2.327
25/06/2026,2026-06-25,74,[17:15-17:30[,2026-06-25 16:15,1686.457,26701.673,15.833,11153.113,6.613,,,2922.415,1.733,9275.2,5.5,2711.621,1.608,639.325,0.379
25/06/2026,2026-06-25,75,[17:30-17:45[,2026-06-25 16:30,1671.27,27747.579,16.603,9474.843,5.669,,,,,11281.6,6.75,2696.638,1.614,4294.498,2.57
25/06/2026,2026-06-25,76,[17:45-18:00[,2026-06-25 16:45,1667.754,22103.296,13.253,8595.802,5.154,,,,,11281.6,6.765,2662.508,1.596,-436.614,-0.262
25/06/2026,2026-06-25,77,[18:00-18:15[,2026-06-25 17:00,1666.686,26838.455,16.103,9437.894,5.663,,,,,11246.4,6.748,2564.906,1.539,3589.255,2.154
25/06/2026,2026-06-25,78,[18:15-18:30[,2026-06-25 17:15,1686.469,23484.455,13.925,8346.055,4.949,,,,,11228.8,6.658,2561.278,1.519,1348.322,0.799
25/06/2026,2026-06-25,79,[18:30-18:45[,2026-06-25 17:30,1716.321,22846.936,13.312,7284.129,4.244,,,,,11211.2,6.532,2427.477,1.414,1924.13,1.121
25/06/2026,2026-06-25,80,[18:45-19:00[,2026-06-25 17:45,1740.877,3587.7,2.061,6876.197,3.95,,,,,1522.5,0.875,2567.806,1.475,-7378.803,-4.239
25/06/2026,2026-06-25,81,[19:00-19:15[,2026-06-25 18:00,1757.102,8048.435,4.581,5306.133,3.02,,,,,1159.7,0.66,2535.629,1.443,-953.026,-0.542
25/06/2026,2026-06-25,82,[19:15-19:30[,2026-06-25 18:15,1783.596,6552.468,3.674,3794.017,2.127,,,,,1170,0.656,2627.745,1.473,-1039.294,-0.583
25/06/2026,2026-06-25,83,[19:30-19:45[,2026-06-25 18:30,1802.279,11664.926,6.472,3567.441,1.979,,,,,1170,0.649,2602.298,1.444,4325.186,2.4
25/06/2026,2026-06-25,84,[19:45-20:00[,2026-06-25 18:45,1819.32,10179.643,5.595,3207.665,1.763,,,,,1170,0.643,2585.675,1.421,3216.303,1.768
25/06/2026,2026-06-25,85,[20:00-20:15[,2026-06-25 19:00,1818.937,5142.143,2.827,2512.873,1.382,,,,,1256.3,0.691,2547.403,1.4,-1174.433,-0.646
25/06/2026,2026-06-25,86,[20:15-20:30[,2026-06-25 19:15,1816.992,6316.198,3.476,1149.391,0.633,,,,,1256.3,0.691,2510.8,1.382,1399.707,0.77
25/06/2026,2026-06-25,87,[20:30-20:45[,2026-06-25 19:30,1807.824,1842.717,1.019,799.866,0.442,,,,,1256.3,0.695,2563.532,1.418,-2776.981,-1.536
25/06/2026,2026-06-25,88,[20:45-21:00[,2026-06-25 19:45,1799.462,4305.252,2.393,693.691,0.385,,,,,1256.3,0.698,2555.96,1.42,-200.699,-0.112
25/06/2026,2026-06-25,89,[21:00-21:15[,2026-06-25 20:00,1799.59,5556.981,3.088,1009.995,0.561,,,,,1384.5,0.769,2567.534,1.427,594.953,0.331
25/06/2026,2026-06-25,90,[21:15-21:30[,2026-06-25 20:15,1811.63,6262.861,3.457,1057.712,0.584,,,,,1384.5,0.764,2600.719,1.436,1219.93,0.673
25/06/2026,2026-06-25,91,[21:30-21:45[,2026-06-25 20:30,1803.855,6078.535,3.37,1103.05,0.611,,,,,1384.5,0.768,2580.855,1.431,1010.131,0.56
25/06/2026,2026-06-25,92,[21:45-22:00[,2026-06-25 20:45,1774.761,4287.944,2.416,1209.869,0.682,,,,,1384.5,0.78,2603.11,1.467,-909.535,-0.512
25/06/2026,2026-06-25,93,[22:00-22:15[,2026-06-25 21:00,1745.508,5229.454,2.996,1464.2,0.839,,,,,1425.9,0.817,2643.43,1.514,-304.075,-0.174
25/06/2026,2026-06-25,94,[22:15-22:30[,2026-06-25 21:15,1713.068,7923.696,4.625,2502.568,1.461,,,,,1425.9,0.832,2643.48,1.543,1351.748,0.789
25/06/2026,2026-06-25,95,[22:30-22:45[,2026-06-25 21:30,1678.535,7303.586,4.351,3370.669,2.008,,,,,1425.9,0.849,2573.356,1.533,-66.339,-0.04
25/06/2026,2026-06-25,96,[22:45-23:00[,2026-06-25 21:45,1643.121,9359.143,5.696,4488.933,2.732,,,,,1425.9,0.868,2643.48,1.609,800.83,0.487
26/06/2026,2026-06-26,1,[23:00-23:15[,2026-06-25 22:00,1599.774,11938.364,7.463,5788.941,3.619,,,,,1237.4,0.773,2608.301,1.63,2303.722,1.44
26/06/2026,2026-06-26,2,[23:15-23:30[,2026-06-25 22:15,1568.87,10115.805,6.448,5904.891,3.764,,,,,1237.4,0.789,2544.653,1.622,428.861,0.273
26/06/2026,2026-06-26,3,[23:30-23:45[,2026-06-25 22:30,1534.296,9143.587,5.959,6059.869,3.95,,,,,1237.4,0.806,2586.877,1.686,-740.558,-0.483
26/06/2026,2026-06-26,4,[23:45-00:00[,2026-06-25 22:45,1498.846,13677.043,9.125,6441.644,4.298,,,,,1237.4,0.826,2541.458,1.696,3456.541,2.306
26/06/2026,2026-06-26,5,[00:00-00:15[,2026-06-25 23:00,1476.696,6690.134,4.53,6022.644,4.078,,,,,1163.3,0.788,2624.61,1.777,-3120.42,-2.113
26/06/2026,2026-06-26,6,[00:15-00:30[,2026-06-25 23:15,1454.316,8946.924,6.152,6092.223,4.189,,,,,1163.3,0.8,2639.92,1.815,-948.518,-0.652
26/06/2026,2026-06-26,7,[00:30-00:45[,2026-06-25 23:30,1429.369,7575.937,5.3,6264.648,4.383,,,,,1163.3,0.814,2639.592,1.847,-2491.603,-1.743
26/06/2026,2026-06-26,8,[00:45-01:00[,2026-06-25 23:45,1402.681,14195.679,10.12,6550.371,4.67,,,,,1163.3,0.829,2572.961,1.834,3909.048,2.787
26/06/2026,2026-06-26,9,[01:00-01:15[,2026-06-26 00:00,1388.735,5921.146,4.264,6078.632,4.377,,,,,1051.1,0.757,2614.62,1.883,-3823.205,-2.753
26/06/2026,2026-06-26,10,[01:15-01:30[,2026-06-26 00:15,1366.898,10567.673,7.731,6318.296,4.622,,,,,1051.1,0.769,2595.444,1.899,602.832,0.441
26/06/2026,2026-06-26,11,[01:30-01:45[,2026-06-26 00:30,1345.544,11290.558,8.391,6432.026,4.78,,,,,1051.1,0.781,2638.298,1.961,1169.135,0.869
26/06/2026,2026-06-26,12,[01:45-02:00[,2026-06-26 00:45,1327.528,10722.143,8.077,6484.452,4.885,,,,,1051.1,0.792,2556.78,1.926,629.811,0.474
26/06/2026,2026-06-26,13,[02:00-02:15[,2026-06-26 01:00,1312.739,10811.217,8.236,6483.565,4.939,,,,,1011.1,0.77,2579.352,1.965,737.2,0.562
26/06/2026,2026-06-26,14,[02:15-02:30[,2026-06-26 01:15,1304.848,10808.054,8.283,6503.106,4.984,,,,,1011.1,0.775,2635.011,2.019,658.837,0.505
26/06/2026,2026-06-26,15,[02:30-02:45[,2026-06-26 01:30,1295.576,10955.268,8.456,6511.188,5.026,,,,,1011.1,0.78,2624.165,2.025,808.816,0.624
26/06/2026,2026-06-26,16,[02:45-03:00[,2026-06-26 01:45,1289.95,10484.561,8.128,6509.323,5.046,,,,,1011.1,0.784,2611.724,2.025,352.414,0.273
26/06/2026,2026-06-26,17,[03:00-03:15[,2026-06-26 02:00,1282.406,10040.241,7.829,6541.321,5.101,,,,,999.1,0.779,2534.907,1.977,-35.087,-0.027
26/06/2026,2026-06-26,18,[03:15-03:30[,2026-06-26 02:15,1271.188,10057.077,7.912,6563.464,5.163,,,,,999.1,0.786,2412.251,1.898,82.263,0.065
26/06/2026,2026-06-26,19,[03:30-03:45[,2026-06-26 02:30,1266.328,10018.301,7.911,6566.563,5.186,,,,,999.1,0.789,2399.875,1.895,52.764,0.042
26/06/2026,2026-06-26,20,[03:45-04:00[,2026-06-26 02:45,1258.035,8947.239,7.112,6536.796,5.196,,,,,999.1,0.794,2402.512,1.91,-991.17,-0.788
26/06/2026,2026-06-26,21,[04:00-04:15[,2026-06-26 03:00,1254.807,11400.891,9.086,6563.811,5.231,,,,,1027.1,0.819,2401.173,1.914,1408.806,1.123
26/06/2026,2026-06-26,22,[04:15-04:30[,2026-06-26 03:15,1250.293,8535.975,6.827,6503.025,5.201,,,,,1027.1,0.821,2334.931,1.868,-1329.081,-1.063
26/06/2026,2026-06-26,23,[04:30-04:45[,2026-06-26 03:30,1249.144,8442.502,6.759,6379.459,5.107,,,,,1027.1,0.822,2404.988,1.925,-1369.045,-1.096
26/06/2026,2026-06-26,24,[04:45-05:00[,2026-06-26 03:45,1250.803,10666.131,8.527,6252.005,4.998,,,,,1027.1,0.821,2613.024,2.089,774.003,0.619
26/06/2026,2026-06-26,25,[05:00-05:15[,2026-06-26 04:00,1259.519,9611.184,7.631,6054.703,4.807,,,,,1035.1,0.822,2490.645,1.977,30.736,0.024
26/06/2026,2026-06-26,26,[05:15-05:30[,2026-06-26 04:15,1266.86,7875.068,6.216,4979.752,3.931,,,,,1035.1,0.817,2378.748,1.878,-518.531,-0.409
26/06/2026,2026-06-26,27,[05:30-05:45[,2026-06-26 04:30,1268.274,8128.403,6.409,4794.127,3.78,,,,,1035.1,0.816,2447.063,1.929,-147.887,-0.117
26/06/2026,2026-06-26,28,[05:45-06:00[,2026-06-26 04:45,1270.345,8927.069,7.027,4794.127,3.774,,,,,1035.1,0.815,2485.589,1.957,612.253,0.482
26/06/2026,2026-06-26,29,[06:00-06:15[,2026-06-26 05:00,1294.293,3724.555,2.878,1029.721,0.796,,,,,1147.3,0.886,2477.761,1.914,-930.226,-0.719
26/06/2026,2026-06-26,30,[06:15-06:30[,2026-06-26 05:15,1315.838,3922.322,2.981,1075.764,0.818,,,,,1147.3,0.872,2459.793,1.869,-760.534,-0.578
26/06/2026,2026-06-26,31,[06:30-06:45[,2026-06-26 05:30,1339.783,6843.51,5.108,3746.28,2.796,,,,,1147.3,0.856,2488.19,1.857,-538.26,-0.402
26/06/2026,2026-06-26,32,[06:45-07:00[,2026-06-26 05:45,1366.98,10441.389,7.638,4439.318,3.248,,,,,1147.3,0.839,2550.701,1.866,2304.071,1.686
26/06/2026,2026-06-26,33,[07:00-07:15[,2026-06-26 06:00,1418.359,3124.449,2.203,3149.143,2.22,,,,,1277.4,0.901,2550.486,1.798,-3852.58,-2.716
26/06/2026,2026-06-26,34,[07:15-07:30[,2026-06-26 06:15,1457.864,3124.084,2.143,3976.062,2.727,,,,,1277.4,0.876,2552.118,1.751,-4681.496,-3.211
26/06/2026,2026-06-26,35,[07:30-07:45[,2026-06-26 06:30,1486.367,10553.874,7.1,4483.142,3.016,,,,,1341.9,0.903,2547.337,1.714,2181.495,1.468
26/06/2026,2026-06-26,36,[07:45-08:00[,2026-06-26 06:45,1539.747,9581.262,6.223,5067.98,3.291,,,,,1341.9,0.872,2922.325,1.898,249.058,0.162
26/06/2026,2026-06-26,37,[08:00-08:15[,2026-06-26 07:00,1638.729,7025.202,4.287,4419.548,2.697,,,,,1386,0.846,2928.504,1.787,-1708.849,-1.043
26/06/2026,2026-06-26,38,[08:15-08:30[,2026-06-26 07:15,1673.875,12873.287,7.691,5999.944,3.584,,,,,1415.4,0.846,2925.753,1.748,2532.191,1.513
26/06/2026,2026-06-26,39,[08:30-08:45[,2026-06-26 07:30,1719.374,12083.783,7.028,7774.81,4.522,,,,,2758.64,1.604,2927.873,1.703,-1377.54,-0.801
26/06/2026,2026-06-26,40,[08:45-09:00[,2026-06-26 07:45,1752.692,25052.473,14.294,8110.758,4.628,,,,,14085.8,8.037,2923.779,1.668,-67.864,-0.039
26/06/2026,2026-06-26,41,[09:00-09:15[,2026-06-26 08:00,1766.535,21553.158,12.201,6747.183,3.819,,,,,14875.3,8.421,3055.213,1.729,-3124.539,-1.769
26/06/2026,2026-06-26,42,[09:15-09:30[,2026-06-26 08:15,1776.017,25645.04,14.44,8533.507,4.805,,,,,14920.3,8.401,2958.223,1.666,-766.991,-0.432
26/06/2026,2026-06-26,43,[09:30-09:45[,2026-06-26 08:30,1788.227,27677.731,15.478,8845.738,4.947,,,,,14695.9,8.218,2943.823,1.646,1192.27,0.667
26/06/2026,2026-06-26,44,[09:45-10:00[,2026-06-26 08:45,1768.494,24696.625,13.965,8995.939,5.087,,,,,13320.2,7.532,2936.4,1.66,-555.914,-0.314
26/06/2026,2026-06-26,45,[10:00-10:15[,2026-06-26 09:00,1770.277,23662.698,13.367,9054.357,5.115,,,,,13381.8,7.559,2937.266,1.659,-1710.725,-0.966
26/06/2026,2026-06-26,46,[10:15-10:30[,2026-06-26 09:15,1781.096,23089.06,12.963,9129.236,5.126,,,,,13421.9,7.536,2932.103,1.646,-2394.178,-1.344
26/06/2026,2026-06-26,47,[10:30-10:45[,2026-06-26 09:30,1762.59,30743.775,17.442,9340.928,5.3,,,3242.93,1.84,13464.9,7.639,2899.912,1.645,1795.106,1.018
26/06/2026,2026-06-26,48,[10:45-11:00[,2026-06-26 09:45,1759.503,23243.447,13.21,9371.489,5.326,,,,,13483.5,7.663,2912.305,1.655,-2523.847,-1.434
26/06/2026,2026-06-26,49,[11:00-11:15[,2026-06-26 10:00,1765.035,21700.264,12.295,10549.35,5.977,,,2308.662,1.308,13363.2,7.571,2944.881,1.668,-7465.829,-4.23
26/06/2026,2026-06-26,50,[11:15-11:30[,2026-06-26 10:15,1769.177,26858.789,15.182,11018.846,6.228,,,,,13381.8,7.564,2901.88,1.64,-443.736,-0.251
26/06/2026,2026-06-26,51,[11:30-11:45[,2026-06-26 10:30,1755.52,33719.95,19.208,11475.223,6.537,,,,,15342.4,8.74,2984.285,1.7,3918.042,2.232
26/06/2026,2026-06-26,52,[11:45-12:00[,2026-06-26 10:45,1744.775,29785.161,17.071,11541.159,6.615,,,,,11726.2,6.721,2983.05,1.71,3534.752,2.026
26/06/2026,2026-06-26,53,[12:00-12:15[,2026-06-26 11:00,1745.593,19577.618,11.215,11782.859,6.75,,,,,9390.1,5.379,2880.007,1.65,-4475.348,-2.564
26/06/2026,2026-06-26,54,[12:15-12:30[,2026-06-26 11:15,1732.023,21068.578,12.164,12069.774,6.969,,,47.522,0.027,9432.1,5.446,2624.141,1.515,-3104.958,-1.793
26/06/2026,2026-06-26,55,[12:30-12:45[,2026-06-26 11:30,1701.183,21049.722,12.374,12616.648,7.416,,,,,8246.7,4.848,2561.321,1.506,-2374.947,-1.396
26/06/2026,2026-06-26,56,[12:45-13:00[,2026-06-26 11:45,1694.304,17757.881,10.481,13022.07,7.686,,,,,8246.7,4.867,2873.812,1.696,-6384.701,-3.768
26/06/2026,2026-06-26,57,[13:00-13:15[,2026-06-26 12:00,1680.01,18884.154,11.241,13177.396,7.844,,,,,7691.5,4.578,2863.659,1.705,-4848.401,-2.886
26/06/2026,2026-06-26,58,[13:15-13:30[,2026-06-26 12:15,1665.517,19026.433,11.424,13177.253,7.912,,,,,7691.5,4.618,2918.057,1.752,-4760.377,-2.858
26/06/2026,2026-06-26,59,[13:30-13:45[,2026-06-26 12:30,1677.814,22477.831,13.397,13175.335,7.853,,,,,8014.1,4.777,3036.315,1.81,-1747.919,-1.042
26/06/2026,2026-06-26,60,[13:45-14:00[,2026-06-26 12:45,1686.761,25378.874,15.046,13548.635,8.032,,,,,8014.1,4.751,3027.988,1.795,788.151,0.467
26/06/2026,2026-06-26,61,[14:00-14:15[,2026-06-26 13:00,1684.025,21696.283,12.884,13635.874,8.097,,,,,7720,4.584,2898.85,1.721,-2558.441,-1.519
26/06/2026,2026-06-26,62,[14:15-14:30[,2026-06-26 13:15,1692.872,24899.065,14.708,13758.743,8.127,,,,,7698.5,4.548,2829.28,1.671,612.542,0.362
26/06/2026,2026-06-26,63,[14:30-14:45[,2026-06-26 13:30,1693.539,24614.753,14.535,13673.733,8.074,,,,,7698.5,4.546,2905.653,1.716,336.867,0.199
26/06/2026,2026-06-26,64,[14:45-15:00[,2026-06-26 13:45,1675.592,22438.382,13.391,13650.785,8.147,,,,,7720,4.607,2871.123,1.713,-1803.525,-1.076
26/06/2026,2026-06-26,65,[15:00-15:15[,2026-06-26 14:00,1669.527,22196.111,13.295,13548.712,8.115,,,,,8260.7,4.948,2910.134,1.743,-2523.435,-1.511
26/06/2026,2026-06-26,66,[15:15-15:30[,2026-06-26 14:15,1681.816,25018.9,14.876,13548.906,8.056,,,,,8257.2,4.91,2936.301,1.746,276.493,0.164
26/06/2026,2026-06-26,67,[15:30-15:45[,2026-06-26 14:30,1691.774,20458.863,12.093,13175.986,7.788,,,,,8257.2,4.881,2842.6,1.68,-3816.923,-2.256
26/06/2026,2026-06-26,68,[15:45-16:00[,2026-06-26 14:45,1664.67,17145.568,10.3,12889.88,7.743,,,,,8250.2,4.956,2862.654,1.72,-6857.166,-4.119
26/06/2026,2026-06-26,69,[16:00-16:15[,2026-06-26 15:00,1652.813,25169.47,15.228,12160.571,7.357,,,,,10987.5,6.648,2829.612,1.712,-808.213,-0.489
26/06/2026,2026-06-26,70,[16:15-16:30[,2026-06-26 15:15,1663.626,21113.283,12.691,11550.582,6.943,,,,,11332.5,6.812,2822.758,1.697,-4592.556,-2.761
26/06/2026,2026-06-26,71,[16:30-16:45[,2026-06-26 15:30,1668.504,27605.376,16.545,11201.838,6.714,,,,,14656,8.784,2892.239,1.733,-1144.7,-0.686
26/06/2026,2026-06-26,72,[16:45-17:00[,2026-06-26 15:45,1655.86,21606.269,13.048,10549.35,6.371,,,,,12592.2,7.605,2950.599,1.782,-4485.88,-2.709
26/06/2026,2026-06-26,73,[17:00-17:15[,2026-06-26 16:00,1628.736,28695.499,17.618,10793.1,6.627,,,,,14799.5,9.086,2965.015,1.82,137.884,0.085
26/06/2026,2026-06-26,74,[17:15-17:30[,2026-06-26 16:15,1631.343,24447.501,14.986,9358.297,5.737,,,,,15008,9.2,3033.549,1.86,-2952.346,-1.81
26/06/2026,2026-06-26,75,[17:30-17:45[,2026-06-26 16:30,1635.613,26388.114,16.133,9279.247,5.673,,,,,15008,9.176,3039.32,1.858,-938.453,-0.574
26/06/2026,2026-06-26,76,[17:45-18:00[,2026-06-26 16:45,1627.454,25652.653,15.762,8615.346,5.294,,,,,15252.8,9.372,3018.558,1.855,-1234.05,-0.758
26/06/2026,2026-06-26,77,[18:00-18:15[,2026-06-26 17:00,1638.891,27404.94,16.722,8534.255,5.207,,,,,15252.8,9.307,2923.938,1.784,693.946,0.423
26/06/2026,2026-06-26,78,[18:15-18:30[,2026-06-26 17:15,1665.121,25532.413,15.334,7567.119,4.544,,,,,15252.8,9.16,2783.524,1.672,-71.03,-0.043
26/06/2026,2026-06-26,79,[18:30-18:45[,2026-06-26 17:30,1692.411,12687.429,7.497,7245.903,4.281,,,,,1460,0.863,2811.335,1.661,1170.191,0.691
26/06/2026,2026-06-26,80,[18:45-19:00[,2026-06-26 17:45,1738.388,14876.129,8.557,5334.295,3.069,,,,,1460,0.84,2747.235,1.58,5334.599,3.069
26/06/2026,2026-06-26,81,[19:00-19:15[,2026-06-26 18:00,1727.646,37349.35,21.619,6027.775,3.489,22836.064,13.218,,,1164,0.674,2746.46,1.59,4575.051,2.648
26/06/2026,2026-06-26,82,[19:15-19:30[,2026-06-26 18:15,1760.912,37291.751,21.178,5063.34,2.875,22836.064,12.968,,,1093.1,0.621,2692.244,1.529,5607.003,3.184
26/06/2026,2026-06-26,83,[19:30-19:45[,2026-06-26 18:30,1787.938,37849.233,21.169,4916.638,2.75,22836.064,12.772,,,1112.1,0.622,2650.262,1.482,6334.168,3.543
26/06/2026,2026-06-26,84,[19:45-20:00[,2026-06-26 18:45,1793.662,33016.722,18.407,4847.994,2.703,22836.064,12.732,,,1112.1,0.62,2579.468,1.438,1641.095,0.915
26/06/2026,2026-06-26,85,[20:00-20:15[,2026-06-26 19:00,1798.671,28358.851,15.767,1224.681,0.681,22836.064,12.696,,,1285.2,0.715,2489.503,1.384,523.402,0.291
26/06/2026,2026-06-26,86,[20:15-20:30[,2026-06-26 19:15,1799.722,21429.156,11.907,642.219,0.357,22836.064,12.689,,,1285.2,0.714,2477.554,1.377,-5811.881,-3.229
26/06/2026,2026-06-26,87,[20:30-20:45[,2026-06-26 19:30,1772.41,23510.669,13.265,533.419,0.301,22836.064,12.884,,,1285.2,0.725,2428.68,1.37,-3572.694,-2.016
26/06/2026,2026-06-26,88,[20:45-21:00[,2026-06-26 19:45,1767.12,24676.767,13.964,623.352,0.353,22836.064,12.923,,,1285.2,0.727,2564.253,1.451,-2632.102,-1.489
26/06/2026,2026-06-26,89,[21:00-21:15[,2026-06-26 20:00,1767.22,24871.161,14.074,937.153,0.53,22836.064,12.922,,,1342.2,0.759,2543.893,1.439,-2788.148,-1.578
26/06/2026,2026-06-26,90,[21:15-21:30[,2026-06-26 20:15,1776.459,29576.338,16.649,937.021,0.527,22836.064,12.855,,,1342.2,0.756,2502.615,1.409,1958.438,1.102
26/06/2026,2026-06-26,91,[21:30-21:45[,2026-06-26 20:30,1761.661,27418.616,15.564,978.483,0.555,22836.064,12.963,,,1342.2,0.762,2485.894,1.411,-224.026,-0.127
26/06/2026,2026-06-26,92,[21:45-22:00[,2026-06-26 20:45,1743.847,28398.221,16.285,1130.771,0.648,22836.064,13.095,,,1342.2,0.77,2457.134,1.409,632.052,0.362
26/06/2026,2026-06-26,93,[22:00-22:15[,2026-06-26 21:00,1727.951,13205.211,7.642,1130.771,0.654,22836.064,13.216,,,1486.5,0.86,2477.027,1.434,-14725.151,-8.522
26/06/2026,2026-06-26,94,[22:15-22:30[,2026-06-26 21:15,1689.884,25296.228,14.969,1286.158,0.761,22836.064,13.513,,,1486.5,0.88,2501.542,1.48,-2814.038,-1.665
26/06/2026,2026-06-26,95,[22:30-22:45[,2026-06-26 21:30,1662.96,27407.834,16.481,1370.246,0.824,22836.064,13.732,,,1486.5,0.894,2395.934,1.441,-680.911,-0.409
26/06/2026,2026-06-26,96,[22:45-23:00[,2026-06-26 21:45,1636.774,28059.084,17.143,1682.017,1.028,22836.064,13.952,,,1486.5,0.908,2374.179,1.451,-319.676,-0.195
27/06/2026,2026-06-27,1,[23:00-23:15[,2026-06-26 22:00,1586.478,16514.262,10.409,1768.75,1.115,15862.169,9.998,,,1419.1,0.894,2363.072,1.49,-4898.829,-3.088
27/06/2026,2026-06-27,2,[23:15-23:30[,2026-06-26 22:15,1563.187,11103.868,7.103,1965.213,1.257,5524.028,3.534,,,1419.1,0.908,2361.55,1.511,-166.023,-0.106
27/06/2026,2026-06-27,3,[23:30-23:45[,2026-06-26 22:30,1536.371,6232.048,4.056,2212.438,1.44,,,,,1384.6,0.901,2357.104,1.534,277.907,0.181
27/06/2026,2026-06-27,4,[23:45-00:00[,2026-06-26 22:45,1489.682,13295.738,8.925,6391.345,4.29,,,,,1384.6,0.929,2354.206,1.58,3165.587,2.125
27/06/2026,2026-06-27,5,[00:00-00:15[,2026-06-26 23:00,1472.758,3156.08,2.143,2138.338,1.452,,,,,1108.2,0.752,2313.268,1.571,-2403.726,-1.632
27/06/2026,2026-06-27,6,[00:15-00:30[,2026-06-26 23:15,1455.687,8440.812,5.799,6082.913,4.179,,,,,1108.2,0.761,2311.706,1.588,-1062.007,-0.73
27/06/2026,2026-06-27,7,[00:30-00:45[,2026-06-26 23:30,1418.799,9093.135,6.409,6331.425,4.463,,,,,1108.2,0.781,2301.991,1.622,-648.481,-0.457
27/06/2026,2026-06-27,8,[00:45-01:00[,2026-06-26 23:45,1406.383,10303.089,7.326,6707.151,4.769,,,,,1108.2,0.788,2306.716,1.64,181.023,0.129
27/06/2026,2026-06-27,9,[01:00-01:15[,2026-06-27 00:00,1385.516,10455.123,7.546,6924.648,4.998,,,,,1048.4,0.757,2258.752,1.63,223.324,0.161
27/06/2026,2026-06-27,10,[01:15-01:30[,2026-06-27 00:15,1359.617,10595.967,7.793,6982.262,5.135,,,,,1048.4,0.771,2264.187,1.665,301.119,0.221
27/06/2026,2026-06-27,11,[01:30-01:45[,2026-06-27 00:30,1338.917,10900.789,8.141,6986.985,5.218,,,,,1048.4,0.783,2261.946,1.689,603.459,0.451
27/06/2026,2026-06-27,12,[01:45-02:00[,2026-06-27 00:45,1318.733,10208.427,7.741,7038.46,5.337,,,,,1048.4,0.795,2264.263,1.717,-142.696,-0.108
27/06/2026,2026-06-27,13,[02:00-02:15[,2026-06-27 01:00,1311.594,10626.834,8.102,7005.402,5.341,,,,,819.4,0.625,2262.376,1.725,539.655,0.411
27/06/2026,2026-06-27,14,[02:15-02:30[,2026-06-27 01:15,1280.436,10389.463,8.114,7051.558,5.507,,,,,819.4,0.64,2264.21,1.768,254.295,0.199
27/06/2026,2026-06-27,15,[02:30-02:45[,2026-06-27 01:30,1281.418,10543.637,8.228,7051.558,5.503,,,,,819.4,0.639,2262.818,1.766,409.862,0.32
27/06/2026,2026-06-27,16,[02:45-03:00[,2026-06-27 01:45,1270.281,10666.846,8.397,6985.408,5.499,,,,,819.4,0.645,2258.725,1.778,603.314,0.475
27/06/2026,2026-06-27,17,[03:00-03:15[,2026-06-27 02:00,1258.029,10321.118,8.204,6979.353,5.548,,,,,812.6,0.646,2257.662,1.795,271.503,0.216
27/06/2026,2026-06-27,18,[03:15-03:30[,2026-06-27 02:15,1247.469,11033.855,8.845,6972.735,5.59,,,,,812.6,0.651,2256.642,1.809,991.879,0.795
27/06/2026,2026-06-27,19,[03:30-03:45[,2026-06-27 02:30,1237.587,9855.759,7.964,6972.735,5.634,,,,,812.6,0.657,2244.63,1.814,-174.205,-0.141
27/06/2026,2026-06-27,20,[03:45-04:00[,2026-06-27 02:45,1226.152,11067.919,9.027,6972.735,5.687,,,,,812.6,0.663,2266.304,1.848,1016.281,0.829
27/06/2026,2026-06-27,21,[04:00-04:15[,2026-06-27 03:00,1222.995,9648.023,7.889,6979.353,5.707,,,,,1000,0.818,2269.939,1.856,-601.27,-0.492
27/06/2026,2026-06-27,22,[04:15-04:30[,2026-06-27 03:15,1216.124,11073.767,9.106,6979.353,5.739,,,,,1000,0.822,2294.16,1.886,800.254,0.658
27/06/2026,2026-06-27,23,[04:30-04:45[,2026-06-27 03:30,1214.248,10373.846,8.543,6972.735,5.742,,,,,1000,0.824,2283.877,1.881,117.234,0.097
27/06/2026,2026-06-27,24,[04:45-05:00[,2026-06-27 03:45,1210.474,10210.962,8.436,6979.353,5.766,,,,,1000,0.826,2279.585,1.883,-47.976,-0.04
27/06/2026,2026-06-27,25,[05:00-05:15[,2026-06-27 04:00,1212.451,9962.738,8.217,6972.735,5.751,,,,,1000,0.825,2227.846,1.837,-237.843,-0.196
27/06/2026,2026-06-27,26,[05:15-05:30[,2026-06-27 04:15,1219.467,10303.797,8.449,6961.389,5.709,,,,,1000,0.82,2225.904,1.825,116.505,0.096
27/06/2026,2026-06-27,27,[05:30-05:45[,2026-06-27 04:30,1208.201,10923.588,9.041,6961.389,5.762,,,,,1000,0.828,2225.74,1.842,736.46,0.61
27/06/2026,2026-06-27,28,[05:45-06:00[,2026-06-27 04:45,1198.243,11525.261,9.618,7050.266,5.884,,,,,1000,0.835,2226.705,1.858,1248.29,1.042
27/06/2026,2026-06-27,29,[06:00-06:15[,2026-06-27 05:00,1209.768,9076.689,7.503,5780.75,4.778,,,,,1403,1.16,2228.881,1.842,-335.942,-0.278
27/06/2026,2026-06-27,30,[06:15-06:30[,2026-06-27 05:15,1193.66,8912.754,7.467,5940.788,4.977,,,,,1403,1.175,2230.017,1.868,-661.051,-0.554
27/06/2026,2026-06-27,31,[06:30-06:45[,2026-06-27 05:30,1205.585,10451.164,8.669,6081.813,5.045,,,,,1472,1.221,2234.398,1.853,662.953,0.55
27/06/2026,2026-06-27,32,[06:45-07:00[,2026-06-27 05:45,1224.54,12862.186,10.504,7320.135,5.978,,,,,1472,1.202,2496.885,2.039,1573.166,1.285
27/06/2026,2026-06-27,33,[07:00-07:15[,2026-06-27 06:00,1246.202,8510.322,6.829,6659.963,5.344,,,,,1467.4,1.177,2547.425,2.044,-2164.465,-1.737
27/06/2026,2026-06-27,34,[07:15-07:30[,2026-06-27 06:15,1265.089,11077.597,8.756,6626.297,5.238,,,,,1482.8,1.172,2547.752,2.014,420.748,0.333
27/06/2026,2026-06-27,35,[07:30-07:45[,2026-06-27 06:30,1271.402,23963.922,18.848,7114.15,5.596,,,,,13617.4,10.711,2546.783,2.003,685.589,0.539
27/06/2026,2026-06-27,36,[07:45-08:00[,2026-06-27 06:45,1273.779,23877.828,18.746,8779.361,6.892,,,,,11974.4,9.401,2546.788,1.999,577.279,0.453
27/06/2026,2026-06-27,37,[08:00-08:15[,2026-06-27 07:00,1300.996,17505.958,13.456,8537.619,6.562,,,,,8181,6.288,2568.446,1.974,-1781.106,-1.369
27/06/2026,2026-06-27,38,[08:15-08:30[,2026-06-27 07:15,1313.884,21660.695,16.486,9625.338,7.326,,,,,10423.2,7.933,2552.09,1.942,-939.932,-0.715
27/06/2026,2026-06-27,39,[08:30-08:45[,2026-06-27 07:30,1331.473,26982.445,20.265,11326.973,8.507,,,,,13079,9.823,2542.917,1.91,33.555,0.025
27/06/2026,2026-06-27,40,[08:45-09:00[,2026-06-27 07:45,1330.604,24613.094,18.498,13000.848,9.771,,,,,9158.86,6.883,2505.424,1.883,-52.038,-0.039
27/06/2026,2026-06-27,41,[09:00-09:15[,2026-06-27 08:00,1350.867,25160.357,18.625,12455.724,9.221,,,,,11080.21,8.202,2496.468,1.848,-872.046,-0.646
27/06/2026,2026-06-27,42,[09:15-09:30[,2026-06-27 08:15,1368.967,28210.055,20.607,14692.568,10.733,,,,,11350.72,8.291,2440.707,1.783,-273.939,-0.2
27/06/2026,2026-06-27,43,[09:30-09:45[,2026-06-27 08:30,1357.382,31057.5,22.88,14827.463,10.924,,,,,15051.3,11.088,2409.162,1.775,-1230.424,-0.906
27/06/2026,2026-06-27,44,[09:45-10:00[,2026-06-27 08:45,1371.974,31356.101,22.855,14805.088,10.791,,,,,15238.2,11.107,2365.68,1.724,-1052.867,-0.767
27/06/2026,2026-06-27,45,[10:00-10:15[,2026-06-27 09:00,1375.068,30493.687,22.176,14970.252,10.887,,,,,12354.67,8.985,2261.706,1.645,907.059,0.66
27/06/2026,2026-06-27,46,[10:15-10:30[,2026-06-27 09:15,1371.819,29940.864,21.826,14963.252,10.908,,,,,12431.05,9.062,2286.921,1.667,259.641,0.189
27/06/2026,2026-06-27,47,[10:30-10:45[,2026-06-27 09:30,1382.594,29808.313,21.56,14969.329,10.827,,,,,12483.83,9.029,2216.167,1.603,138.987,0.101
27/06/2026,2026-06-27,48,[10:45-11:00[,2026-06-27 09:45,1382.621,28620.96,20.701,14974.71,10.831,,,,,11784.21,8.523,2169.034,1.569,-306.994,-0.222
27/06/2026,2026-06-27,49,[11:00-11:15[,2026-06-27 10:00,1381.644,32522.308,23.539,14975.538,10.839,,,,,15121.4,10.944,2164.59,1.567,260.78,0.189
27/06/2026,2026-06-27,50,[11:15-11:30[,2026-06-27 10:15,1391.876,32451.121,23.315,14982.471,10.764,,,,,15145,10.881,2166.947,1.557,156.703,0.113
27/06/2026,2026-06-27,51,[11:30-11:45[,2026-06-27 10:30,1392.949,30201.891,21.682,14993.646,10.764,,,,,12660.19,9.089,2174.494,1.561,373.561,0.268
27/06/2026,2026-06-27,52,[11:45-12:00[,2026-06-27 10:45,1387.732,29943.127,21.577,14997.676,10.807,,,,,12674.78,9.133,2146.293,1.547,124.378,0.09
27/06/2026,2026-06-27,53,[12:00-12:15[,2026-06-27 11:00,1392.764,28553.905,20.502,14992.371,10.764,,,,,11339.77,8.142,2072.914,1.488,148.85,0.107
27/06/2026,2026-06-27,54,[12:15-12:30[,2026-06-27 11:15,1401.678,28569.896,20.383,14990.808,10.695,,,,,11339.77,8.09,2074.187,1.48,165.131,0.118
27/06/2026,2026-06-27,55,[12:30-12:45[,2026-06-27 11:30,1396.223,28445.304,20.373,14992.943,10.738,,,,,11339.77,8.122,2061.981,1.477,50.61,0.036
27/06/2026,2026-06-27,56,[12:45-13:00[,2026-06-27 11:45,1371.857,28442.569,20.733,14999.168,10.933,,,,,11339.77,8.266,2082.508,1.518,21.123,0.015
27/06/2026,2026-06-27,57,[13:00-13:15[,2026-06-27 12:00,1359.669,23919.467,17.592,15003.353,11.035,,,,,6731.37,4.951,2074.201,1.526,110.543,0.081
27/06/2026,2026-06-27,58,[13:15-13:30[,2026-06-27 12:15,1341.781,23650.787,17.626,15006.155,11.184,,,,,6731.37,5.017,2081.089,1.551,-167.827,-0.125
27/06/2026,2026-06-27,59,[13:30-13:45[,2026-06-27 12:30,1322.134,28636.177,21.659,15012.857,11.355,,,,,11468.9,8.675,2074.435,1.569,79.985,0.06
27/06/2026,2026-06-27,60,[13:45-14:00[,2026-06-27 12:45,1307.72,28852.137,22.063,15022.503,11.488,,,,,11491.9,8.788,1978.503,1.513,359.231,0.275
27/06/2026,2026-06-27,61,[14:00-14:15[,2026-06-27 13:00,1288.601,23630.264,18.338,15022.177,11.658,,,,,6740.17,5.231,1959.982,1.521,-92.066,-0.071
27/06/2026,2026-06-27,62,[14:15-14:30[,2026-06-27 13:15,1287.705,23793.478,18.477,15022.378,11.666,,,,,6740.17,5.234,2020.46,1.569,10.47,0.008
27/06/2026,2026-06-27,63,[14:30-14:45[,2026-06-27 13:30,1281.234,23734.608,18.525,15022.378,11.725,,,,,6740.17,5.261,2033.93,1.587,-61.87,-0.048
27/06/2026,2026-06-27,64,[14:45-15:00[,2026-06-27 13:45,1276.55,23385.824,18.32,15022.821,11.768,,,,,6740.17,5.28,2032.673,1.592,-409.84,-0.321
27/06/2026,2026-06-27,65,[15:00-15:15[,2026-06-27 14:00,1267.291,23240.153,18.338,15022.918,11.854,,,,,6740.17,5.319,2035.376,1.606,-558.311,-0.441
27/06/2026,2026-06-27,66,[15:15-15:30[,2026-06-27 14:15,1268.92,22346.975,17.611,15023.727,11.84,,,-0.375,0,6710.37,5.288,2038.694,1.607,-1425.441,-1.123
27/06/2026,2026-06-27,67,[15:30-15:45[,2026-06-27 14:30,1267.434,21002.685,16.571,15020.625,11.851,,,,,6642.27,5.241,2042.116,1.611,-2702.326,-2.132
27/06/2026,2026-06-27,68,[15:45-16:00[,2026-06-27 14:45,1262.327,22991.625,18.214,15012.395,11.893,,,,,6569.28,5.204,2042.822,1.618,-632.872,-0.501
27/06/2026,2026-06-27,69,[16:00-16:15[,2026-06-27 15:00,1265.719,31756.402,25.09,14840.935,11.725,,,,,15168.6,11.984,2050.605,1.62,-303.738,-0.24
27/06/2026,2026-06-27,70,[16:15-16:30[,2026-06-27 15:15,1280.518,31924.849,24.931,14832.253,11.583,,,,,15145,11.827,2019.166,1.577,-71.57,-0.056
27/06/2026,2026-06-27,71,[16:30-16:45[,2026-06-27 15:30,1285.479,29337.616,22.822,14818.509,11.528,,,,,12535.62,9.752,2026.133,1.576,-42.645,-0.033
27/06/2026,2026-06-27,72,[16:45-17:00[,2026-06-27 15:45,1288.575,29268.828,22.714,14812.916,11.496,,,,,12474.03,9.68,2029.439,1.575,-47.556,-0.037
27/06/2026,2026-06-27,73,[17:00-17:15[,2026-06-27 16:00,1307.926,32969.139,25.207,14758.663,11.284,,,,,16003,12.235,2042.366,1.562,165.109,0.126
27/06/2026,2026-06-27,74,[17:15-17:30[,2026-06-27 16:15,1327.695,33803.274,25.46,14824.138,11.165,,,,,15846.2,11.935,2041.937,1.538,1090.999,0.822
27/06/2026,2026-06-27,75,[17:30-17:45[,2026-06-27 16:30,1336.592,31653.492,23.682,14795.515,11.07,,,,,14611.8,10.932,2047.108,1.532,199.07,0.149
27/06/2026,2026-06-27,76,[17:45-18:00[,2026-06-27 16:45,1363.553,29118.416,21.355,14205.883,10.418,,,,,12522.83,9.184,2046.705,1.501,342.997,0.252
27/06/2026,2026-06-27,77,[18:00-18:15[,2026-06-27 17:00,1393.826,28804.342,20.666,14486.099,10.393,,,,,10593.42,7.6,2120.846,1.522,1603.977,1.151
27/06/2026,2026-06-27,78,[18:15-18:30[,2026-06-27 17:15,1395.682,21768.319,15.597,11464.338,8.214,,,,,8271.6,5.927,2137.574,1.532,-105.193,-0.075
27/06/2026,2026-06-27,79,[18:30-18:45[,2026-06-27 17:30,1436.258,22350.696,15.562,9165.328,6.381,,,,,11779,8.201,2153.254,1.499,-746.886,-0.52
27/06/2026,2026-06-27,80,[18:45-19:00[,2026-06-27 17:45,1464.172,24982.048,17.062,8376.067,5.721,,,,,12390,8.462,2168.369,1.481,2047.611,1.398
27/06/2026,2026-06-27,81,[19:00-19:15[,2026-06-27 18:00,1491.88,11779,7.895,8160.024,5.47,,,,,3930,2.634,2121.434,1.422,-2432.458,-1.63
27/06/2026,2026-06-27,82,[19:15-19:30[,2026-06-27 18:15,1517.825,11214.218,7.388,5347.623,3.523,,,,,1416.8,0.933,2122.683,1.399,2327.112,1.533
27/06/2026,2026-06-27,83,[19:30-19:45[,2026-06-27 18:30,1521.67,7086.783,4.657,4775.683,3.138,,,,,1352.4,0.889,2235.551,1.469,-1276.851,-0.839
27/06/2026,2026-06-27,84,[19:45-20:00[,2026-06-27 18:45,1527.73,4091.212,2.678,1717.428,1.124,,,,,1352.4,0.885,2237.805,1.465,-1216.42,-0.796
27/06/2026,2026-06-27,85,[20:00-20:15[,2026-06-27 19:00,1541.95,2888.444,1.873,1781.553,1.155,,,,,1347.8,0.874,2228.09,1.445,-2468.999,-1.601
27/06/2026,2026-06-27,86,[20:15-20:30[,2026-06-27 19:15,1541.724,5130.101,3.328,1674.905,1.086,,,,,1347.8,0.874,2253.147,1.461,-145.751,-0.095
27/06/2026,2026-06-27,87,[20:30-20:45[,2026-06-27 19:30,1538.907,4464.875,2.901,1385.852,0.901,,,,,1380,0.897,2304.323,1.497,-605.301,-0.393
27/06/2026,2026-06-27,88,[20:45-21:00[,2026-06-27 19:45,1537.959,7262.053,4.722,1888.39,1.228,,,,,1380,0.897,2307.469,1.5,1686.194,1.096
27/06/2026,2026-06-27,89,[21:00-21:15[,2026-06-27 20:00,1536.095,15.301,0.01,1338.46,0.871,,,,,1460.5,0.951,2318.584,1.509,-5102.243,-3.322
27/06/2026,2026-06-27,90,[21:15-21:30[,2026-06-27 20:15,1549.276,1654.591,1.068,1343.275,0.867,,,,,1460.5,0.943,2230.26,1.44,-3379.444,-2.181
27/06/2026,2026-06-27,91,[21:30-21:45[,2026-06-27 20:30,1551.611,1956.116,1.261,1025.525,0.661,,,,,1460.5,0.941,2228.835,1.436,-2758.743,-1.778
27/06/2026,2026-06-27,92,[21:45-22:00[,2026-06-27 20:45,1532.012,4509.556,2.944,1587.013,1.036,,,,,1460.5,0.953,2209.845,1.442,-747.802,-0.488
27/06/2026,2026-06-27,93,[22:00-22:15[,2026-06-27 21:00,1513.032,6455.402,4.267,1587.013,1.049,,,,,1541,1.018,2210.845,1.461,1116.545,0.738
27/06/2026,2026-06-27,94,[22:15-22:30[,2026-06-27 21:15,1487.768,6322.096,4.249,2104.175,1.414,,,,,1541,1.036,2156.189,1.449,520.732,0.35
27/06/2026,2026-06-27,95,[22:30-22:45[,2026-06-27 21:30,1464.457,5834.404,3.984,2075.5,1.417,,,,,1541,1.052,2140.766,1.462,77.138,0.053
27/06/2026,2026-06-27,96,[22:45-23:00[,2026-06-27 21:45,1437.052,6677.921,4.647,2207.638,1.536,,,,,1541,1.072,2202.25,1.532,727.033,0.506
28/06/2026,2026-06-28,1,[23:00-23:15[,2026-06-27 22:00,1412.527,4036.988,2.858,1766.4,1.251,,,,,1278.2,0.905,2262.843,1.602,-1270.455,-0.899
28/06/2026,2026-06-28,2,[23:15-23:30[,2026-06-27 22:15,1387.004,7264.726,5.238,3855.708,2.78,,,,,1278.2,0.922,2266.025,1.634,-135.207,-0.097
28/06/2026,2026-06-28,3,[23:30-23:45[,2026-06-27 22:30,1361.471,9329.308,6.852,4447.188,3.266,,,,,1278.2,0.939,2266.394,1.665,1337.527,0.982
28/06/2026,2026-06-28,4,[23:45-00:00[,2026-06-27 22:45,1341.316,9428.479,7.029,4741.563,3.535,,,,,1278.2,0.953,2268.538,1.691,1140.178,0.85
28/06/2026,2026-06-28,5,[00:00-00:15[,2026-06-27 23:00,1326.841,5322.914,4.012,3741.5,2.82,,,,,1265.6,0.954,2276.625,1.716,-1960.811,-1.478
28/06/2026,2026-06-28,6,[00:15-00:30[,2026-06-27 23:15,1310.27,7025.133,5.362,4141.875,3.161,,,,,1265.6,0.966,2287.795,1.746,-670.137,-0.511
28/06/2026,2026-06-28,7,[00:30-00:45[,2026-06-27 23:30,1309.388,8118.372,6.2,4144.875,3.166,,,,,1265.6,0.967,2399.903,1.833,307.994,0.235
28/06/2026,2026-06-28,8,[00:45-01:00[,2026-06-27 23:45,1289.523,10062.146,7.803,4713.438,3.655,,,,,1265.6,0.981,2400.6,1.862,1682.509,1.305
28/06/2026,2026-06-28,9,[01:00-01:15[,2026-06-28 00:00,1281.416,6998.331,5.461,4123.975,3.218,,,,,1106.3,0.863,2401.846,1.874,-633.791,-0.495
28/06/2026,2026-06-28,10,[01:15-01:30[,2026-06-28 00:15,1257.596,7676.74,6.104,4347.813,3.457,,,,,1106.3,0.88,2392.957,1.903,-170.33,-0.135
28/06/2026,2026-06-28,11,[01:30-01:45[,2026-06-28 00:30,1252.048,8499.413,6.788,4516.563,3.607,,,,,1106.3,0.884,2395.441,1.913,481.109,0.384
28/06/2026,2026-06-28,12,[01:45-02:00[,2026-06-28 00:45,1237.985,8302.613,6.707,4734.063,3.824,,,,,1106.3,0.894,2397.164,1.936,65.087,0.053
28/06/2026,2026-06-28,13,[02:00-02:15[,2026-06-28 01:00,1233.92,8587.346,6.959,4764.063,3.861,,,,,977.3,0.792,2393.254,1.94,452.73,0.367
28/06/2026,2026-06-28,14,[02:15-02:30[,2026-06-28 01:15,1197.652,9206.213,7.687,4819.375,4.024,,,,,977.3,0.816,2388.828,1.995,1020.71,0.852
28/06/2026,2026-06-28,15,[02:30-02:45[,2026-06-28 01:30,1188.507,8404.27,7.071,4782.813,4.024,,,,,977.3,0.822,2388.29,2.009,255.868,0.215
28/06/2026,2026-06-28,16,[02:45-03:00[,2026-06-28 01:45,1180.408,7985.614,6.765,4874.688,4.13,,,,,977.3,0.828,2387.625,2.023,-253.998,-0.215
28/06/2026,2026-06-28,17,[03:00-03:15[,2026-06-28 02:00,1174.501,9086.326,7.736,4912.188,4.182,,,,,977.3,0.832,2403.844,2.047,792.995,0.675
28/06/2026,2026-06-28,18,[03:15-03:30[,2026-06-28 02:15,1147.221,9138.627,7.966,4915,4.284,,,,,1040,0.907,2209.676,1.926,973.951,0.849
28/06/2026,2026-06-28,19,[03:30-03:45[,2026-06-28 02:30,1146.444,8116.82,7.08,4874.688,4.252,,,,,977.3,0.852,2211.153,1.929,53.68,0.047
28/06/2026,2026-06-28,20,[03:45-04:00[,2026-06-28 02:45,1146.754,8134.16,7.093,4896.25,4.27,,,,,977.3,0.852,2200.118,1.919,60.492,0.053
28/06/2026,2026-06-28,21,[04:00-04:15[,2026-06-28 03:00,1125.365,8329.26,7.401,4824.063,4.287,,,,,1088.7,0.967,2209.552,1.963,206.946,0.184
28/06/2026,2026-06-28,22,[04:15-04:30[,2026-06-28 03:15,1121.255,8210.682,7.323,4866.25,4.34,,,,,1088.7,0.971,2210.631,1.972,45.101,0.04
28/06/2026,2026-06-28,23,[04:30-04:45[,2026-06-28 03:30,1121.448,8486.172,7.567,4874.688,4.347,,,,,1088.7,0.971,2209.46,1.97,313.325,0.279
28/06/2026,2026-06-28,24,[04:45-05:00[,2026-06-28 03:45,1117.109,9447.496,8.457,4887.813,4.375,,,,,1088.7,0.975,2195.876,1.966,1275.107,1.141
28/06/2026,2026-06-28,25,[05:00-05:15[,2026-06-28 04:00,1105.945,8646.551,7.818,4780.938,4.323,,,,,1088.7,0.984,2192.779,1.983,584.135,0.528
28/06/2026,2026-06-28,26,[05:15-05:30[,2026-06-28 04:15,1117.267,8183.182,7.324,4875.163,4.363,,,,,1088.7,0.974,2201.768,1.971,17.551,0.016
28/06/2026,2026-06-28,27,[05:30-05:45[,2026-06-28 04:30,1118.844,9310.344,8.321,4915.475,4.393,,,,,1262.8,1.129,2200.057,1.966,932.012,0.833
28/06/2026,2026-06-28,28,[05:45-06:00[,2026-06-28 04:45,1093.334,9521.416,8.709,4915.775,4.496,,,,,1262.8,1.155,2193.387,2.006,1149.454,1.051
28/06/2026,2026-06-28,29,[06:00-06:15[,2026-06-28 05:00,1095.281,8594.456,7.847,4841.562,4.42,,,,,1377.2,1.257,2193.537,2.003,182.158,0.166
28/06/2026,2026-06-28,30,[06:15-06:30[,2026-06-28 05:15,1100.83,8549.18,7.766,4927.752,4.476,,,,,1377.2,1.251,2455.81,2.231,-211.582,-0.192
28/06/2026,2026-06-28,31,[06:30-06:45[,2026-06-28 05:30,1110.815,9345.898,8.414,5502.885,4.954,,,,,1377.2,1.24,2456.468,2.211,9.345,0.008
28/06/2026,2026-06-28,32,[06:45-07:00[,2026-06-28 05:45,1091.813,12385.364,11.344,6399.8,5.862,,,,,2935,2.688,2454.306,2.248,596.258,0.546
28/06/2026,2026-06-28,33,[07:00-07:15[,2026-06-28 06:00,1103.392,10037.038,9.097,5172.955,4.688,,,,,2214,2.007,2450.133,2.221,199.95,0.181
28/06/2026,2026-06-28,34,[07:15-07:30[,2026-06-28 06:15,1112.483,11221.531,10.087,6608.975,5.941,,,,,4473,4.021,2448.279,2.201,-2308.723,-2.075
28/06/2026,2026-06-28,35,[07:30-07:45[,2026-06-28 06:30,1130.946,19608.911,17.339,8462.898,7.483,,,,,7488,6.621,2449.978,2.166,1208.035,1.068
28/06/2026,2026-06-28,36,[07:45-08:00[,2026-06-28 06:45,1130.713,23818.187,21.065,11141.304,9.853,,,,,10432,9.226,2450.644,2.167,-205.761,-0.182
28/06/2026,2026-06-28,37,[08:00-08:15[,2026-06-28 07:00,1133.719,22153.704,19.541,10476.562,9.241,,,,,8779.1,7.744,2422.696,2.137,475.346,0.419
28/06/2026,2026-06-28,38,[08:15-08:30[,2026-06-28 07:15,1140.984,23767.158,20.83,11457.573,10.042,,,,,10405.2,9.119,2422.021,2.123,-517.636,-0.454
28/06/2026,2026-06-28,39,[08:30-08:45[,2026-06-28 07:30,1165.504,26799.96,22.994,13202.667,11.328,,,,,11948,10.251,2423.744,2.08,-774.45,-0.664
28/06/2026,2026-06-28,40,[08:45-09:00[,2026-06-28 07:45,1165.629,29157.54,25.014,15044.861,12.907,,,,,11583.6,9.938,2422.132,2.078,106.948,0.092
28/06/2026,2026-06-28,41,[09:00-09:15[,2026-06-28 08:00,1183.259,27445.649,23.195,14583.326,12.325,,,,,10677.24,9.024,2403.298,2.031,-218.215,-0.184
28/06/2026,2026-06-28,42,[09:15-09:30[,2026-06-28 08:15,1198.555,28257.744,23.577,14941.139,12.466,,,,,11009.27,9.185,2329.92,1.944,-22.585,-0.019
28/06/2026,2026-06-28,43,[09:30-09:45[,2026-06-28 08:30,1195.829,28652.242,23.96,15083.19,12.613,,,,,11191.2,9.359,2347.145,1.963,30.707,0.026
28/06/2026,2026-06-28,44,[09:45-10:00[,2026-06-28 08:45,1194.154,28858.663,24.167,15051.35,12.604,,,,,11298.98,9.462,2378.223,1.992,130.11,0.109
28/06/2026,2026-06-28,45,[10:00-10:15[,2026-06-28 09:00,1222.34,28384.108,23.221,15036.418,12.301,,,,,10866.93,8.89,2338.669,1.913,142.091,0.116
28/06/2026,2026-06-28,46,[10:15-10:30[,2026-06-28 09:15,1231.569,28209.303,22.905,15040.494,12.212,,,,,10899.98,8.85,2247.09,1.825,21.74,0.018
28/06/2026,2026-06-28,47,[10:30-10:45[,2026-06-28 09:30,1241.767,28382.044,22.856,15038.515,12.111,,,,,10958.14,8.825,2181.996,1.757,203.392,0.164
28/06/2026,2026-06-28,48,[10:45-11:00[,2026-06-28 09:45,1253.351,28619.461,22.834,15039.663,12,,,,,10993,8.771,2289.25,1.827,297.547,0.237
28/06/2026,2026-06-28,49,[11:00-11:15[,2026-06-28 10:00,1255.977,28439.149,22.643,15038.248,11.973,,,,,10833.6,8.626,2255.092,1.795,312.209,0.249
28/06/2026,2026-06-28,50,[11:15-11:30[,2026-06-28 10:15,1287.254,28213.625,21.918,15048.345,11.69,,,,,10120.3,7.862,2124.176,1.65,920.804,0.715
28/06/2026,2026-06-28,51,[11:30-11:45[,2026-06-28 10:30,1279.917,26260.337,20.517,15034.05,11.746,,,,,9064.3,7.082,2020.815,1.579,141.172,0.11
28/06/2026,2026-06-28,52,[11:45-12:00[,2026-06-28 10:45,1294.583,26288.324,20.306,15038.966,11.617,,,,,9069.3,7.006,2035.977,1.573,144.081,0.111
28/06/2026,2026-06-28,53,[12:00-12:15[,2026-06-28 11:00,1292.355,20195.136,15.627,15046.519,11.643,,,,,3073.12,2.378,2048.049,1.585,27.449,0.021
28/06/2026,2026-06-28,54,[12:15-12:30[,2026-06-28 11:15,1298.357,19682.699,15.16,15061.983,11.601,,,,,3143.3,2.421,2043.688,1.574,-566.272,-0.436
28/06/2026,2026-06-28,55,[12:30-12:45[,2026-06-28 11:30,1316.711,12398.894,9.417,15076.957,11.45,,,,,3144.9,2.388,2075.182,1.576,-7898.145,-5.998
28/06/2026,2026-06-28,56,[12:45-13:00[,2026-06-28 11:45,1289.553,19974.1,15.489,15075.613,11.691,,,,,2085.11,1.617,2046.697,1.587,766.681,0.595
28/06/2026,2026-06-28,57,[13:00-13:15[,2026-06-28 12:00,1278.755,18869.101,14.756,15063,11.779,,,33.713,0.026,2054.42,1.607,2031.358,1.589,-313.39,-0.245
28/06/2026,2026-06-28,58,[13:15-13:30[,2026-06-28 12:15,1264.914,17950.264,14.191,15073.38,11.917,,,,,2085.93,1.649,2056.426,1.626,-1265.472,-1
28/06/2026,2026-06-28,59,[13:30-13:45[,2026-06-28 12:30,1222.999,19406.032,15.868,15068.645,12.321,,,,,3114.62,2.547,2114.193,1.729,-891.427,-0.729
28/06/2026,2026-06-28,60,[13:45-14:00[,2026-06-28 12:45,1220.75,19765.327,16.191,15065.229,12.341,,,,,3118.2,2.554,2060.157,1.688,-478.259,-0.392
28/06/2026,2026-06-28,61,[14:00-14:15[,2026-06-28 13:00,1218.726,18663.89,15.314,15020.63,12.325,,,,,2009.35,1.649,2050.983,1.683,-417.073,-0.342
28/06/2026,2026-06-28,62,[14:15-14:30[,2026-06-28 13:15,1188.867,18239.467,15.342,15027.289,12.64,,,,,2017.47,1.697,2088.939,1.757,-894.231,-0.752
28/06/2026,2026-06-28,63,[14:30-14:45[,2026-06-28 13:30,1196.201,18486.234,15.454,15031.519,12.566,,,,,2017.47,1.687,2073.204,1.733,-635.958,-0.532
28/06/2026,2026-06-28,64,[14:45-15:00[,2026-06-28 13:45,1189.278,21997.916,18.497,15033.762,12.641,,,,,2020.34,1.699,2073.43,1.743,2870.384,2.414
28/06/2026,2026-06-28,65,[15:00-15:15[,2026-06-28 14:00,1171.694,20157.748,17.204,15027.424,12.825,,,,,4945.27,4.221,2083.199,1.778,-1898.144,-1.62
28/06/2026,2026-06-28,66,[15:15-15:30[,2026-06-28 14:15,1182.092,20723.767,17.531,15027.524,12.713,,,,,4940.02,4.179,2083.296,1.762,-1327.073,-1.123
28/06/2026,2026-06-28,67,[15:30-15:45[,2026-06-28 14:30,1174.209,25446.522,21.671,15024.081,12.795,,,,,4940.02,4.207,2074.443,1.767,3407.978,2.902
28/06/2026,2026-06-28,68,[15:45-16:00[,2026-06-28 14:45,1160.668,25730.069,22.168,15017.695,12.939,,,,,4928.46,4.246,2078.955,1.791,3704.958,3.192
28/06/2026,2026-06-28,69,[16:00-16:15[,2026-06-28 15:00,1171.697,23914.23,20.41,15019.618,12.819,,,,,11301.36,9.645,2077.091,1.773,-4483.84,-3.827
28/06/2026,2026-06-28,70,[16:15-16:30[,2026-06-28 15:15,1181.907,26628.115,22.53,15015.104,12.704,,,790.2,0.669,11276,9.541,2084.84,1.764,-2538.029,-2.147
28/06/2026,2026-06-28,71,[16:30-16:45[,2026-06-28 15:30,1180.703,27488.217,23.281,15012.751,12.715,,,,,11121.28,9.419,2069.075,1.752,-714.889,-0.605
28/06/2026,2026-06-28,72,[16:45-17:00[,2026-06-28 15:45,1195.207,28921.639,24.198,15014.794,12.563,,,,,11065.7,9.258,2064.265,1.727,776.881,0.65
28/06/2026,2026-06-28,73,[17:00-17:15[,2026-06-28 16:00,1222.015,32525.321,26.616,14989.447,12.266,,,,,15582.8,12.752,2066.541,1.691,-113.466,-0.093
28/06/2026,2026-06-28,74,[17:15-17:30[,2026-06-28 16:15,1224.53,33460.352,27.325,14803.391,12.089,,,60.381,0.049,15517.6,12.672,2078.339,1.697,1000.641,0.817
28/06/2026,2026-06-28,75,[17:30-17:45[,2026-06-28 16:30,1249.353,30979.904,24.797,14404.44,11.53,,,,,14430,11.55,2101.58,1.682,43.884,0.035
28/06/2026,2026-06-28,76,[17:45-18:00[,2026-06-28 16:45,1283.239,25223.782,19.656,12826.607,9.995,,,,,10951.2,8.534,2101.997,1.638,-656.023,-0.511
28/06/2026,2026-06-28,77,[18:00-18:15[,2026-06-28 17:00,1287.506,27756.358,21.558,12726.768,9.885,,,,,11951,9.282,2264.635,1.759,813.956,0.632
28/06/2026,2026-06-28,78,[18:15-18:30[,2026-06-28 17:15,1321.81,28280.157,21.395,10776.849,8.153,,,,,9258.4,7.004,2217.313,1.677,6027.595,4.56
28/06/2026,2026-06-28,79,[18:30-18:45[,2026-06-28 17:30,1367.666,39413.27,28.818,9000.922,6.581,,,,,9380,6.858,2256.084,1.65,18776.264,13.729
28/06/2026,2026-06-28,80,[18:45-19:00[,2026-06-28 17:45,1395.659,25526.35,18.29,8352.58,5.985,,,139.587,0.1,7437,5.329,2314.181,1.658,7283.002,5.218
28/06/2026,2026-06-28,81,[19:00-19:15[,2026-06-28 18:00,1427.95,10546.497,7.386,6995.038,4.899,,,,,1572.25,1.101,2263.601,1.585,-284.391,-0.199
28/06/2026,2026-06-28,82,[19:15-19:30[,2026-06-28 18:15,1461.785,17985.834,12.304,5136.006,3.514,,,,,1572.25,1.076,2247.93,1.538,9029.649,6.177
28/06/2026,2026-06-28,83,[19:30-19:45[,2026-06-28 18:30,1475.094,19034.639,12.904,4568.239,3.097,,,6.924,0.005,1531,1.038,2089.918,1.417,10838.559,7.348
28/06/2026,2026-06-28,84,[19:45-20:00[,2026-06-28 18:45,1499.576,5951.916,3.969,3535.41,2.358,,,-49.41,-0.033,1222.5,0.815,2089.051,1.393,-845.636,-0.564
28/06/2026,2026-06-28,85,[20:00-20:15[,2026-06-28 19:00,1521.978,5554.486,3.65,4076.537,2.678,,,,,1392.8,0.915,2084.115,1.369,-1998.966,-1.313
28/06/2026,2026-06-28,86,[20:15-20:30[,2026-06-28 19:15,1533.778,3535.926,2.305,3651.108,2.38,,,-6.018,-0.004,1392.8,0.908,2088.702,1.362,-3590.665,-2.341
28/06/2026,2026-06-28,87,[20:30-20:45[,2026-06-28 19:30,1538.303,-2278.215,-1.481,1680.88,1.093,,,-28.379,-0.018,1433.3,0.932,2115.515,1.375,-7479.53,-4.862
28/06/2026,2026-06-28,88,[20:45-21:00[,2026-06-28 19:45,1537.327,3038.039,1.976,1714.063,1.115,,,,,1433.3,0.932,2087.376,1.358,-2196.7,-1.429
28/06/2026,2026-06-28,89,[21:00-21:15[,2026-06-28 20:00,1553.004,-2506.942,-1.614,1499.713,0.966,,,,,1672.1,1.077,2157.821,1.389,-7836.576,-5.046
28/06/2026,2026-06-28,90,[21:15-21:30[,2026-06-28 20:15,1550.5,4841.567,3.123,1514.747,0.977,,,,,1672.1,1.078,2073.819,1.338,-419.098,-0.27
28/06/2026,2026-06-28,91,[21:30-21:45[,2026-06-28 20:30,1550.161,4561.181,2.942,1305.089,0.842,,,33.725,0.022,1672.1,1.079,2026.109,1.307,-475.842,-0.307
28/06/2026,2026-06-28,92,[21:45-22:00[,2026-06-28 20:45,1533.473,3160.282,2.061,1642.202,1.071,,,,,1672.1,1.09,2153.775,1.405,-2307.795,-1.505
28/06/2026,2026-06-28,93,[22:00-22:15[,2026-06-28 21:00,1519.466,1270.978,0.836,1586.624,1.044,,,,,1769.4,1.164,2154.763,1.418,-4239.809,-2.79
28/06/2026,2026-06-28,94,[22:15-22:30[,2026-06-28 21:15,1503.877,5176.949,3.442,1750.479,1.164,,,,,1769.4,1.177,2162.747,1.438,-505.677,-0.336
28/06/2026,2026-06-28,95,[22:30-22:45[,2026-06-28 21:30,1477.559,8332.712,5.64,3727.677,2.523,,,,,1573.2,1.065,2163.045,1.464,868.791,0.588
28/06/2026,2026-06-28,96,[22:45-23:00[,2026-06-28 21:45,1450.792,10838.05,7.47,4671.763,3.22,,,,,1573.2,1.084,2151.66,1.483,2441.427,1.683
29/06/2026,2026-06-29,1,[23:00-23:15[,2026-06-28 22:00,1419.661,5900.064,4.156,2383.957,1.679,,,,,1470.1,1.036,2446.766,1.723,-400.758,-0.282
29/06/2026,2026-06-29,2,[23:15-23:30[,2026-06-28 22:15,1390.509,8901.709,6.402,3748.525,2.696,,,,,1470.1,1.057,2377.78,1.71,1305.304,0.939
29/06/2026,2026-06-29,3,[23:30-23:45[,2026-06-28 22:30,1364.826,8612.005,6.31,4367.588,3.2,,,,,1470.1,1.077,2382.608,1.746,391.709,0.287
29/06/2026,2026-06-29,4,[23:45-00:00[,2026-06-28 22:45,1342.634,10110.321,7.53,4904.781,3.653,,,,,1470.1,1.095,2382.325,1.774,1353.116,1.008
29/06/2026,2026-06-29,5,[00:00-00:15[,2026-06-28 23:00,1330.881,9434.313,7.089,4726.487,3.551,,,,,1202.3,0.903,2592.235,1.948,913.291,0.686
29/06/2026,2026-06-29,6,[00:15-00:30[,2026-06-28 23:15,1313.448,11336.712,8.631,4971.159,3.785,,,,,1202.3,0.915,2640.105,2.01,2523.148,1.921
29/06/2026,2026-06-29,7,[00:30-00:45[,2026-06-28 23:30,1293.13,9220.997,7.131,4904.781,3.793,,,,,1202.3,0.93,2511.922,1.943,601.995,0.466
29/06/2026,2026-06-29,8,[00:45-01:00[,2026-06-28 23:45,1299.881,9693.361,7.457,5172.513,3.979,,,,,1202.3,0.925,3016.092,2.32,302.457,0.233
29/06/2026,2026-06-29,9,[01:00-01:15[,2026-06-29 00:00,1279.369,9817.133,7.673,4771.485,3.73,,,,,949.3,0.742,3019.826,2.36,1076.522,0.841
29/06/2026,2026-06-29,10,[01:15-01:30[,2026-06-29 00:15,1271.313,9453.211,7.436,4904.005,3.857,,,,,949.3,0.747,2975.286,2.34,624.62,0.491
29/06/2026,2026-06-29,11,[01:30-01:45[,2026-06-29 00:30,1258.303,7923.224,6.297,5132.163,4.079,,,,,949.3,0.754,3011.875,2.394,-1170.113,-0.93
29/06/2026,2026-06-29,12,[01:45-02:00[,2026-06-29 00:45,1237.195,9216.216,7.449,5577.666,4.508,,,,,949.3,0.767,3010.621,2.433,-321.371,-0.26
29/06/2026,2026-06-29,13,[02:00-02:15[,2026-06-29 01:00,1235.81,7688.839,6.222,5344.653,4.325,,,,,737.9,0.597,3008.783,2.435,-1402.498,-1.135
29/06/2026,2026-06-29,14,[02:15-02:30[,2026-06-29 01:15,1224.682,8876.57,7.248,5609.731,4.581,,,,,737.9,0.603,2974.884,2.429,-445.944,-0.364
29/06/2026,2026-06-29,15,[02:30-02:45[,2026-06-29 01:30,1222.439,8748.055,7.156,5575.388,4.561,,,,,737.9,0.604,2992.742,2.448,-557.975,-0.456
29/06/2026,2026-06-29,16,[02:45-03:00[,2026-06-29 01:45,1197.678,9047.996,7.555,5799.73,4.842,,,,,737.9,0.616,3022.795,2.524,-512.429,-0.428
29/06/2026,2026-06-29,17,[03:00-03:15[,2026-06-29 02:00,1196.81,8152.026,6.811,6075.206,5.076,,,,,737.9,0.617,3009.273,2.514,-1670.353,-1.396
29/06/2026,2026-06-29,18,[03:15-03:30[,2026-06-29 02:15,1199.949,9231.544,7.693,6068.738,5.057,,,,,737.9,0.615,2803.314,2.336,-378.408,-0.315
29/06/2026,2026-06-29,19,[03:30-03:45[,2026-06-29 02:30,1180.25,8521.354,7.22,6106.1,5.174,,,,,737.9,0.625,2789.714,2.364,-1112.359,-0.942
29/06/2026,2026-06-29,20,[03:45-04:00[,2026-06-29 02:45,1185.13,9268.368,7.821,6066.771,5.119,,,,,737.9,0.623,2731.777,2.305,-268.08,-0.226
29/06/2026,2026-06-29,21,[04:00-04:15[,2026-06-29 03:00,1189.762,8002.642,6.726,6066.144,5.099,,,,,931.7,0.783,2779.982,2.337,-1775.184,-1.492
29/06/2026,2026-06-29,22,[04:15-04:30[,2026-06-29 03:15,1172.195,8969.794,7.652,5740.825,4.897,,,,,931.7,0.795,2801.085,2.39,-503.815,-0.43
29/06/2026,2026-06-29,23,[04:30-04:45[,2026-06-29 03:30,1186.275,10826.486,9.126,5701.918,4.807,,,,,931.7,0.785,2790.788,2.353,1402.08,1.182
29/06/2026,2026-06-29,24,[04:45-05:00[,2026-06-29 03:45,1187.81,8680.498,7.308,5253.688,4.423,,,,,931.7,0.784,3035.685,2.556,-540.575,-0.455
29/06/2026,2026-06-29,25,[05:00-05:15[,2026-06-29 04:00,1197.001,11546.154,9.646,5716.109,4.775,,,,,936.1,0.782,2980.748,2.49,1913.196,1.598
29/06/2026,2026-06-29,26,[05:15-05:30[,2026-06-29 04:15,1202.855,8504.465,7.07,4877.184,4.055,,,,,936.1,0.778,3017.158,2.508,-325.978,-0.271
29/06/2026,2026-06-29,27,[05:30-05:45[,2026-06-29 04:30,1213.748,10174.371,8.383,4763.123,3.924,,,,,936.1,0.771,3031.265,2.497,1443.884,1.19
29/06/2026,2026-06-29,28,[05:45-06:00[,2026-06-29 04:45,1218.545,9216.531,7.564,4694.425,3.852,,,,,936.1,0.768,3030.149,2.487,555.857,0.456
29/06/2026,2026-06-29,29,[06:00-06:15[,2026-06-29 05:00,1238.299,7778.667,6.282,4155.987,3.356,,,,,1202.3,0.971,2991.813,2.416,-571.433,-0.461
29/06/2026,2026-06-29,30,[06:15-06:30[,2026-06-29 05:15,1272.89,8523.956,6.697,4138.807,3.252,,,,,1202.3,0.945,2945.342,2.314,237.506,0.187
29/06/2026,2026-06-29,31,[06:30-06:45[,2026-06-29 05:30,1295.69,8773.308,6.771,4582.122,3.536,,,,,1202.3,0.928,2988.438,2.306,0.449,0
29/06/2026,2026-06-29,32,[06:45-07:00[,2026-06-29 05:45,1323.361,12368.013,9.346,5907.288,4.464,,,,,1521.3,1.15,2916.603,2.204,2022.823,1.529
29/06/2026,2026-06-29,33,[07:00-07:15[,2026-06-29 06:00,1352.134,9619.77,7.115,5865.005,4.338,,,,,1887.3,1.396,2912.31,2.154,-1044.844,-0.773
29/06/2026,2026-06-29,34,[07:15-07:30[,2026-06-29 06:15,1400.823,11705.005,8.356,6463.957,4.614,,,,,2422.5,1.729,2959.554,2.113,-141.006,-0.101
29/06/2026,2026-06-29,35,[07:30-07:45[,2026-06-29 06:30,1433.315,24182.296,16.872,7468.263,5.21,,,,,15303.4,10.677,2762.484,1.927,-1351.85,-0.943
29/06/2026,2026-06-29,36,[07:45-08:00[,2026-06-29 06:45,1446.122,21158.557,14.631,9046.463,6.256,,,,,14889.6,10.296,2751.767,1.903,-5529.272,-3.824
29/06/2026,2026-06-29,37,[08:00-08:15[,2026-06-29 07:00,1520.765,25529.761,16.787,9093.206,5.979,,,,,14283,9.392,2613.934,1.719,-460.378,-0.303
29/06/2026,2026-06-29,38,[08:15-08:30[,2026-06-29 07:15,1559.887,26915.909,17.255,10282.575,6.592,,,,,14490,9.289,2599.273,1.666,-455.94,-0.292
29/06/2026,2026-06-29,39,[08:30-08:45[,2026-06-29 07:30,1587.512,24786.205,15.613,11917.859,7.507,,,,,14283,8.997,2587.553,1.63,-4002.207,-2.521
29/06/2026,2026-06-29,40,[08:45-09:00[,2026-06-29 07:45,1592.682,32182.917,20.207,14849.01,9.323,,,,,14398,9.04,2564.723,1.61,371.185,0.233
29/06/2026,2026-06-29,41,[09:00-09:15[,2026-06-29 08:00,1605.9,33596.631,20.921,14023.851,8.733,,,,,16277.8,10.136,2503.444,1.559,791.536,0.493
29/06/2026,2026-06-29,42,[09:15-09:30[,2026-06-29 08:15,1619.152,32059.451,19.8,13461.849,8.314,,,,,15710,9.703,2428.486,1.5,459.116,0.284
29/06/2026,2026-06-29,43,[09:30-09:45[,2026-06-29 08:30,1601.968,32347.899,20.193,13993.74,8.735,,,,,15802,9.864,2298.696,1.435,253.463,0.158
29/06/2026,2026-06-29,44,[09:45-10:00[,2026-06-29 08:45,1600.86,32889.367,20.545,14375.64,8.98,,,,,15894,9.928,2342.634,1.463,277.094,0.173
29/06/2026,2026-06-29,45,[10:00-10:15[,2026-06-29 09:00,1594.005,32597.27,20.45,14404.496,9.037,,,,,15891,9.969,2261.388,1.419,40.387,0.025
29/06/2026,2026-06-29,46,[10:15-10:30[,2026-06-29 09:15,1597.075,32886.467,20.592,14369.008,8.997,,,,,15937,9.979,2249.36,1.408,331.099,0.207
29/06/2026,2026-06-29,47,[10:30-10:45[,2026-06-29 09:30,1592.764,32119.787,20.166,14435.64,9.063,,,,,15432,9.689,2194.471,1.378,57.677,0.036
29/06/2026,2026-06-29,48,[10:45-11:00[,2026-06-29 09:45,1597.414,32204.936,20.161,14343.158,8.979,,,,,15454.5,9.675,2176.322,1.362,230.957,0.145
29/06/2026,2026-06-29,49,[11:00-11:15[,2026-06-29 10:00,1603.538,28613.603,17.844,14307.659,8.923,,,,,11749.84,7.327,2155.225,1.344,400.879,0.25
29/06/2026,2026-06-29,50,[11:15-11:30[,2026-06-29 10:15,1595.845,28963.997,18.15,14262.774,8.937,,,,,11774.7,7.378,2134.208,1.337,792.316,0.496
29/06/2026,2026-06-29,51,[11:30-11:45[,2026-06-29 10:30,1601.557,25898.039,16.171,13885.021,8.67,,,,,9244.26,5.772,2095.421,1.308,673.338,0.42
29/06/2026,2026-06-29,52,[11:45-12:00[,2026-06-29 10:45,1611.197,25535.967,15.849,12851.189,7.976,,,,,9497.34,5.895,2007.549,1.246,1179.889,0.732
29/06/2026,2026-06-29,53,[12:00-12:15[,2026-06-29 11:00,1587.613,28941.963,18.23,11709.379,7.375,,,,,14624.6,9.212,2038.959,1.284,569.025,0.358
29/06/2026,2026-06-29,54,[12:15-12:30[,2026-06-29 11:15,1596.135,28067.226,17.584,11235.742,7.039,,,,,14624.6,9.163,1959.759,1.228,247.126,0.155
29/06/2026,2026-06-29,55,[12:30-12:45[,2026-06-29 11:30,1577.679,27300.699,17.304,10895.844,6.906,,,,,14624.6,9.27,2002.371,1.269,-222.116,-0.141
29/06/2026,2026-06-29,56,[12:45-13:00[,2026-06-29 11:45,1558.771,27934.477,17.921,10779.595,6.915,,,,,14803.6,9.497,2035.675,1.306,315.606,0.202
29/06/2026,2026-06-29,57,[13:00-13:15[,2026-06-29 12:00,1569.933,27552.942,17.55,10420.672,6.638,,,,,14803.6,9.429,2033.308,1.295,295.362,0.188
29/06/2026,2026-06-29,58,[13:15-13:30[,2026-06-29 12:15,1560.506,25900.527,16.598,10356.791,6.637,,,,,14265,9.141,2079.718,1.333,-800.982,-0.513
29/06/2026,2026-06-29,59,[13:30-13:45[,2026-06-29 12:30,1583.123,26420.452,16.689,9939.052,6.278,,,,,14268,9.013,2054.285,1.298,159.115,0.101
29/06/2026,2026-06-29,60,[13:45-14:00[,2026-06-29 12:45,1564.482,26228.614,16.765,9882.829,6.317,,,,,14268,9.12,2020.26,1.291,57.524,0.037
29/06/2026,2026-06-29,61,[14:00-14:15[,2026-06-29 13:00,1588.011,25319.738,15.944,9882.828,6.223,,,,,14265,8.983,1943.546,1.224,-771.636,-0.486
29/06/2026,2026-06-29,62,[14:15-14:30[,2026-06-29 13:15,1606.85,25315.318,15.755,9789.113,6.092,,,,,14265,8.878,2062,1.283,-800.795,-0.498
29/06/2026,2026-06-29,63,[14:30-14:45[,2026-06-29 13:30,1603.972,25266.431,15.752,9532.362,5.943,,,,,14265,8.894,2061.699,1.285,-592.63,-0.369
29/06/2026,2026-06-29,64,[14:45-15:00[,2026-06-29 13:45,1612.742,25475.119,15.796,9480.065,5.878,,,,,14265,8.845,2060.026,1.277,-329.973,-0.205
29/06/2026,2026-06-29,65,[15:00-15:15[,2026-06-29 14:00,1614.923,24301.747,15.048,9276.214,5.744,,,,,14265,8.833,2068.931,1.281,-1308.397,-0.81
29/06/2026,2026-06-29,66,[15:15-15:30[,2026-06-29 14:15,1601.967,11500.353,7.179,9266.919,5.785,,,,,2080.25,1.299,2073.783,1.295,-1920.599,-1.199
29/06/2026,2026-06-29,67,[15:30-15:45[,2026-06-29 14:30,1597.731,11411.642,7.142,8783.744,5.498,,,,,1600.5,1.002,2039.232,1.276,-1011.833,-0.633
29/06/2026,2026-06-29,68,[15:45-16:00[,2026-06-29 14:45,1615.598,8732.811,5.405,8777.333,5.433,,,,,1600.5,0.991,2112.844,1.308,-3757.866,-2.326
29/06/2026,2026-06-29,69,[16:00-16:15[,2026-06-29 15:00,1616.897,12871.926,7.961,8758.982,5.417,,,,,1688.7,1.044,2177.014,1.346,247.229,0.153
29/06/2026,2026-06-29,70,[16:15-16:30[,2026-06-29 15:15,1617.785,12602.807,7.79,8742.575,5.404,,,,,1688.7,1.044,2201.105,1.361,-29.573,-0.018
29/06/2026,2026-06-29,71,[16:30-16:45[,2026-06-29 15:30,1629.673,12171.542,7.469,8390.951,5.149,,,,,1688.7,1.036,2233.132,1.37,-141.242,-0.087
29/06/2026,2026-06-29,72,[16:45-17:00[,2026-06-29 15:45,1632.769,11926.092,7.304,8274.825,5.068,,,,,1863,1.141,2036.628,1.247,-248.361,-0.152
29/06/2026,2026-06-29,73,[17:00-17:15[,2026-06-29 16:00,1631.093,10671.722,6.543,8459.313,5.186,,,,,1836,1.126,2062.433,1.264,-1686.024,-1.034
29/06/2026,2026-06-29,74,[17:15-17:30[,2026-06-29 16:15,1630.347,10260.8,6.294,8030.822,4.926,,,,,1836,1.126,2135.551,1.31,-1741.573,-1.068
29/06/2026,2026-06-29,75,[17:30-17:45[,2026-06-29 16:30,1645.528,10855.21,6.597,7903.948,4.803,,,,,1836,1.116,2096.186,1.274,-980.924,-0.596
29/06/2026,2026-06-29,76,[17:45-18:00[,2026-06-29 16:45,1667.263,10086.23,6.05,7149.994,4.288,,,,,1836,1.101,2105.961,1.263,-1005.725,-0.603
29/06/2026,2026-06-29,77,[18:00-18:15[,2026-06-29 17:00,1665.277,8115.866,4.874,7516.839,4.514,,,,,1987.2,1.193,2065.302,1.24,-3453.475,-2.074
29/06/2026,2026-06-29,78,[18:15-18:30[,2026-06-29 17:15,1702.764,6877.585,4.039,6683.356,3.925,,,,,1987.2,1.167,2191.972,1.287,-3984.943,-2.34
29/06/2026,2026-06-29,79,[18:30-18:45[,2026-06-29 17:30,1724.67,11036.689,6.399,6527.458,3.785,,,,,1783.4,1.034,2132.853,1.237,592.978,0.344
29/06/2026,2026-06-29,80,[18:45-19:00[,2026-06-29 17:45,1755.619,5312.534,3.026,5797.749,3.302,,,,,1783.4,1.016,2226.067,1.268,-4494.682,-2.56
29/06/2026,2026-06-29,81,[19:00-19:15[,2026-06-29 18:00,1792.024,14549.764,8.119,6519.396,3.638,6335.625,3.535,,,737.9,0.412,2365.239,1.32,-1408.396,-0.786
29/06/2026,2026-06-29,82,[19:15-19:30[,2026-06-29 18:15,1821.008,10681.862,5.866,5828.546,3.201,6335.625,3.479,,,737.9,0.405,2403.891,1.32,-4624.099,-2.539
29/06/2026,2026-06-29,83,[19:30-19:45[,2026-06-29 18:30,1848.033,7963.374,4.309,4742.109,2.566,6335.625,3.428,,,737.9,0.399,2520.542,1.364,-6372.802,-3.448
29/06/2026,2026-06-29,84,[19:45-20:00[,2026-06-29 18:45,1867.376,4762.586,2.55,1494.199,0.8,6335.625,3.393,,,737.9,0.395,2608.882,1.397,-6414.02,-3.435
29/06/2026,2026-06-29,85,[20:00-20:15[,2026-06-29 19:00,1878.835,1815.797,0.966,1469.715,0.782,9923.86,5.282,,,1173.5,0.625,2645.744,1.408,-13397.023,-7.13
29/06/2026,2026-06-29,86,[20:15-20:30[,2026-06-29 19:15,1895.943,8545.474,4.507,1050.393,0.554,9923.86,5.234,,,1173.5,0.619,2734.001,1.442,-6336.28,-3.342
29/06/2026,2026-06-29,87,[20:30-20:45[,2026-06-29 19:30,1866.445,7807.6,4.183,911.751,0.488,9923.86,5.317,,,1173.5,0.629,2738.573,1.467,-6940.085,-3.718
29/06/2026,2026-06-29,88,[20:45-21:00[,2026-06-29 19:45,1881.841,10554.029,5.608,1333.39,0.709,9923.86,5.273,,,1173.5,0.624,2703.556,1.437,-4580.277,-2.434
29/06/2026,2026-06-29,89,[21:00-21:15[,2026-06-29 20:00,1875.457,8920.078,4.756,1277.785,0.681,9923.86,5.291,,,1441.4,0.769,2769.186,1.477,-6492.153,-3.462
29/06/2026,2026-06-29,90,[21:15-21:30[,2026-06-29 20:15,1876.266,11594.599,6.18,1415.05,0.754,9923.86,5.289,,,1441.4,0.768,2786.405,1.485,-3972.116,-2.117
29/06/2026,2026-06-29,91,[21:30-21:45[,2026-06-29 20:30,1873.743,10629.872,5.673,1618.475,0.864,9923.86,5.296,,,1441.4,0.769,2739.765,1.462,-5093.629,-2.718
29/06/2026,2026-06-29,92,[21:45-22:00[,2026-06-29 20:45,1836.425,11360.432,6.186,1750.389,0.953,9923.86,5.404,,,1441.4,0.785,2753.878,1.5,-4509.096,-2.455
29/06/2026,2026-06-29,93,[22:00-22:15[,2026-06-29 21:00,1806.235,5977.499,3.309,1751.298,0.97,9923.86,5.494,,,1491.7,0.826,2729.209,1.511,-9918.568,-5.491
29/06/2026,2026-06-29,94,[22:15-22:30[,2026-06-29 21:15,1760.505,14262.834,8.102,4422.045,2.512,9923.86,5.637,,,1491.7,0.847,2767.289,1.572,-4342.06,-2.466
29/06/2026,2026-06-29,95,[22:30-22:45[,2026-06-29 21:30,1740.53,12698.673,7.296,4646.566,2.67,9923.86,5.702,,,1491.7,0.857,2793.135,1.605,-6156.588,-3.537
29/06/2026,2026-06-29,96,[22:45-23:00[,2026-06-29 21:45,1702.934,11097.012,6.516,5476.488,3.216,9923.86,5.828,,,1491.7,0.876,2736.693,1.607,-8531.73,-5.01
30/06/2026,2026-06-30,1,[23:00-23:15[,2026-06-29 22:00,1654.324,11550.159,6.982,1023.905,0.619,5288.635,3.197,,,1427.2,0.863,2778.337,1.679,1032.082,0.624
30/06/2026,2026-06-30,2,[23:15-23:30[,2026-06-29 22:15,1622.361,9595.223,5.914,3592.36,2.214,,,,,1427.2,0.88,2757.263,1.7,1818.4,1.121
30/06/2026,2026-06-30,3,[23:30-23:45[,2026-06-29 22:30,1586.881,6950.311,4.38,4443.422,2.8,,,,,1427.2,0.899,2801.209,1.765,-1721.52,-1.085
30/06/2026,2026-06-30,4,[23:45-00:00[,2026-06-29 22:45,1550.666,13116.352,8.459,4780.972,3.083,,,,,1427.2,0.92,3025.624,1.951,3882.556,2.504
30/06/2026,2026-06-30,5,[00:00-00:15[,2026-06-29 23:00,1530.361,-960.208,-0.627,3574.235,2.336,,,,,922.8,0.603,3017.189,1.972,-8474.432,-5.538
30/06/2026,2026-06-30,6,[00:15-00:30[,2026-06-29 23:15,1505.234,6937.361,4.609,4379.218,2.909,,,,,922.8,0.613,2732.398,1.815,-1097.054,-0.729
30/06/2026,2026-06-30,7,[00:30-00:45[,2026-06-29 23:30,1474.649,4354.566,2.953,4449.431,3.017,,,,,922.8,0.626,2727.746,1.85,-3745.411,-2.54
30/06/2026,2026-06-30,8,[00:45-01:00[,2026-06-29 23:45,1453.018,6841.872,4.709,4563.719,3.141,,,,,922.8,0.635,2911.322,2.004,-1555.969,-1.071
30/06/2026,2026-06-30,9,[01:00-01:15[,2026-06-30 00:00,1432.495,7644.681,5.337,4258.657,2.973,,,,,1091.3,0.762,2932.519,2.047,-637.794,-0.445
30/06/2026,2026-06-30,10,[01:15-01:30[,2026-06-30 00:15,1419.408,9476.285,6.676,4468.595,3.148,,,,,1091.3,0.769,2966.174,2.09,950.216,0.669
30/06/2026,2026-06-30,11,[01:30-01:45[,2026-06-30 00:30,1395.834,8422.948,6.034,4487.828,3.215,,,,,1091.3,0.782,2981.851,2.136,-138.031,-0.099
30/06/2026,2026-06-30,12,[01:45-02:00[,2026-06-30 00:45,1378.697,7919.781,5.744,4577.795,3.32,,,,,1091.3,0.792,3021.55,2.192,-770.863,-0.559
30/06/2026,2026-06-30,13,[02:00-02:15[,2026-06-30 01:00,1379.521,8026.388,5.818,4560.555,3.306,,,,,686.1,0.497,3031.255,2.197,-251.522,-0.182
30/06/2026,2026-06-30,14,[02:15-02:30[,2026-06-30 01:15,1356.521,8619.837,6.354,4607.675,3.397,,,,,686.1,0.506,3024.329,2.229,301.733,0.222
30/06/2026,2026-06-30,15,[02:30-02:45[,2026-06-30 01:30,1347.995,9001.521,6.678,4589.326,3.405,,,,,686.1,0.509,3037.6,2.253,688.495,0.511
30/06/2026,2026-06-30,16,[02:45-03:00[,2026-06-30 01:45,1341.394,8624.544,6.43,4582.314,3.416,,,,,686.1,0.511,3036.275,2.264,319.855,0.238
30/06/2026,2026-06-30,17,[03:00-03:15[,2026-06-30 02:00,1317.171,7860.846,5.968,4536.502,3.444,,,,,678,0.515,2947.074,2.237,-300.729,-0.228
30/06/2026,2026-06-30,18,[03:15-03:30[,2026-06-30 02:15,1318.704,9341.912,7.084,4483.802,3.4,,,,,678,0.514,2775.49,2.105,1404.62,1.065
30/06/2026,2026-06-30,19,[03:30-03:45[,2026-06-30 02:30,1322.324,8035.456,6.077,4472.589,3.382,,,,,678,0.513,2773.099,2.097,111.768,0.085
30/06/2026,2026-06-30,20,[03:45-04:00[,2026-06-30 02:45,1308.275,6504.672,4.972,4441.89,3.395,,,,,678,0.518,2769.619,2.117,-1384.837,-1.059
30/06/2026,2026-06-30,21,[04:00-04:15[,2026-06-30 03:00,1288.821,10517.416,8.16,4483.29,3.479,,,,,664.9,0.516,2749.8,2.134,2619.427,2.032
30/06/2026,2026-06-30,22,[04:15-04:30[,2026-06-30 03:15,1281.627,8854.3,6.909,4440.935,3.465,,,,,664.9,0.519,2711.837,2.116,1036.628,0.809
30/06/2026,2026-06-30,23,[04:30-04:45[,2026-06-30 03:30,1282.528,8253.025,6.435,4343.823,3.387,,,,,664.9,0.518,2770.814,2.16,473.489,0.369
30/06/2026,2026-06-30,24,[04:45-05:00[,2026-06-30 03:45,1281.422,8020.79,6.259,3667.948,2.862,,,,,664.9,0.519,3031.961,2.366,655.981,0.512
30/06/2026,2026-06-30,25,[05:00-05:15[,2026-06-30 04:00,1283.472,7706.267,6.004,3286.636,2.561,,,,,670.3,0.522,3015.931,2.35,733.4,0.571
30/06/2026,2026-06-30,26,[05:15-05:30[,2026-06-30 04:15,1291.027,7067.4,5.474,2454.937,1.902,,,,,670.3,0.519,3027.854,2.345,914.309,0.708
30/06/2026,2026-06-30,27,[05:30-05:45[,2026-06-30 04:30,1291.199,949.514,0.735,2314.175,1.792,,,,,670.3,0.519,2991.069,2.317,-5026.029,-3.893
30/06/2026,2026-06-30,28,[05:45-06:00[,2026-06-30 04:45,1296.113,3354.947,2.588,1134.938,0.876,,,,,670.3,0.517,3010.06,2.322,-1460.351,-1.127
30/06/2026,2026-06-30,29,[06:00-06:15[,2026-06-30 05:00,1320.863,2385.7,1.806,337.67,0.256,,,,,916.5,0.694,3044.468,2.305,-1912.937,-1.448
30/06/2026,2026-06-30,30,[06:15-06:30[,2026-06-30 05:15,1334.587,1714.299,1.285,337.67,0.253,,,,,916.5,0.687,3046.179,2.282,-2586.049,-1.938
30/06/2026,2026-06-30,31,[06:30-06:45[,2026-06-30 05:30,1365.276,2898.173,2.123,512.045,0.375,,,,,916.5,0.671,3017.617,2.21,-1547.988,-1.134
30/06/2026,2026-06-30,32,[06:45-07:00[,2026-06-30 05:45,1389.714,14104.079,10.149,2164.236,1.557,,,,,916.5,0.659,2998.448,2.158,8024.895,5.774
30/06/2026,2026-06-30,33,[07:00-07:15[,2026-06-30 06:00,1434.575,4069.149,2.836,337.67,0.235,,,,,1144.1,0.798,2839.401,1.979,-252.022,-0.176
30/06/2026,2026-06-30,34,[07:15-07:30[,2026-06-30 06:15,1468.781,4720.124,3.214,592.094,0.403,,,,,1144.1,0.779,2927.616,1.993,56.313,0.038
30/06/2026,2026-06-30,35,[07:30-07:45[,2026-06-30 06:30,1495.497,7782.85,5.204,3121.729,2.087,,,,,1147.3,0.767,2917.333,1.951,596.488,0.399
30/06/2026,2026-06-30,36,[07:45-08:00[,2026-06-30 06:45,1536.573,11464.273,7.461,4025.394,2.62,,,,,1144.1,0.745,2906.241,1.891,3388.538,2.205
30/06/2026,2026-06-30,37,[08:00-08:15[,2026-06-30 07:00,1600.87,7345.597,4.589,3524.107,2.201,,,,,1120.1,0.7,2926.389,1.828,-224.999,-0.141
30/06/2026,2026-06-30,38,[08:15-08:30[,2026-06-30 07:15,1636.715,7447.62,4.55,5647.023,3.45,,,,,1272.6,0.778,2882.836,1.761,-2354.839,-1.439
30/06/2026,2026-06-30,39,[08:30-08:45[,2026-06-30 07:30,1667.662,12001.165,7.196,6658.469,3.993,,,,,1274.7,0.764,2767.504,1.66,1300.491,0.78
30/06/2026,2026-06-30,40,[08:45-09:00[,2026-06-30 07:45,1685.407,17609.828,10.448,7342.925,4.357,,,,,6588,3.909,2655.759,1.576,1023.144,0.607
30/06/2026,2026-06-30,41,[09:00-09:15[,2026-06-30 08:00,1696.669,19559.496,11.528,6953.775,4.098,,,,,10723.5,6.32,2683.476,1.582,-801.255,-0.472
30/06/2026,2026-06-30,42,[09:15-09:30[,2026-06-30 08:15,1696.645,20507.344,12.087,7124.4,4.199,,,,,11086.2,6.534,2465.405,1.453,-168.662,-0.099
30/06/2026,2026-06-30,43,[09:30-09:45[,2026-06-30 08:30,1689.158,21361.697,12.646,7498.463,4.439,,,,,11835.1,7.007,2402.313,1.422,-374.178,-0.222
30/06/2026,2026-06-30,44,[09:45-10:00[,2026-06-30 08:45,1670.422,21975.819,13.156,7522.838,4.504,,,,,11924,7.138,2309.151,1.382,219.831,0.132
30/06/2026,2026-06-30,45,[10:00-10:15[,2026-06-30 09:00,1667.646,21836.266,13.094,7547.213,4.526,,,,,11637.9,6.979,2259.876,1.355,391.277,0.235
30/06/2026,2026-06-30,46,[10:15-10:30[,2026-06-30 09:15,1667.248,21665.182,12.995,7559.4,4.534,,,,,11637.9,6.98,2199.388,1.319,268.494,0.161
30/06/2026,2026-06-30,47,[10:30-10:45[,2026-06-30 09:30,1659.802,22308.246,13.44,7690.65,4.633,,,,,11907.9,7.174,2148.212,1.294,561.484,0.338
30/06/2026,2026-06-30,48,[10:45-11:00[,2026-06-30 09:45,1659.272,22582.58,13.61,7789.088,4.694,,,,,12110.1,7.298,2221.589,1.339,461.803,0.278
30/06/2026,2026-06-30,49,[11:00-11:15[,2026-06-30 10:00,1670.876,23564.508,14.103,7939.088,4.751,,,,,12918.56,7.732,2345.081,1.404,361.78,0.217
30/06/2026,2026-06-30,50,[11:15-11:30[,2026-06-30 10:15,1675.702,23764.588,14.182,7964.661,4.753,,,,,12951.62,7.729,2339.198,1.396,509.11,0.304
30/06/2026,2026-06-30,51,[11:30-11:45[,2026-06-30 10:30,1685.573,23213.837,13.772,7964.65,4.725,,,,,12875,7.638,2305.749,1.368,68.438,0.041
30/06/2026,2026-06-30,52,[11:45-12:00[,2026-06-30 10:45,1666.708,22806.186,13.683,7964.598,4.779,,,,,12875,7.725,2271.741,1.363,-305.153,-0.183
30/06/2026,2026-06-30,53,[12:00-12:15[,2026-06-30 11:00,1668.049,22482.417,13.478,7964.86,4.775,,,,,12235,7.335,2258.265,1.354,24.292,0.015
30/06/2026,2026-06-30,54,[12:15-12:30[,2026-06-30 11:15,1658.855,21649.388,13.051,7964.528,4.801,,,,,12235,7.376,2245.834,1.354,-795.974,-0.48
30/06/2026,2026-06-30,55,[12:30-12:45[,2026-06-30 11:30,1645.57,21799.863,13.248,7965.084,4.84,,,,,12235,7.435,2277.555,1.384,-677.776,-0.412
30/06/2026,2026-06-30,56,[12:45-13:00[,2026-06-30 11:45,1628.964,22966.843,14.099,7965.71,4.89,,,,,12235,7.511,2307.507,1.417,458.626,0.282
30/06/2026,2026-06-30,57,[13:00-13:15[,2026-06-30 12:00,1629.699,22319.202,13.695,7965.461,4.888,,,,,12204,7.488,2317.066,1.422,-167.324,-0.103
30/06/2026,2026-06-30,58,[13:15-13:30[,2026-06-30 12:15,1639.163,20990.103,12.805,7965.713,4.86,,,,,12204,7.445,2314.809,1.412,-1494.418,-0.912
30/06/2026,2026-06-30,59,[13:30-13:45[,2026-06-30 12:30,1640.016,23429.645,14.286,7987.925,4.871,,,,,13889,8.469,2312.108,1.41,-759.387,-0.463
30/06/2026,2026-06-30,60,[13:45-14:00[,2026-06-30 12:45,1647.318,23650.725,14.357,8011.363,4.863,,,,,13953.6,8.47,2251.889,1.367,-566.126,-0.344
30/06/2026,2026-06-30,61,[14:00-14:15[,2026-06-30 13:00,1671.173,25158.631,15.054,8456.675,5.06,,,,,13654.9,8.171,2290.246,1.37,756.81,0.453
30/06/2026,2026-06-30,62,[14:15-14:30[,2026-06-30 13:15,1670.11,24898.007,14.908,8456.675,5.064,,,,,13654.9,8.176,2289.429,1.371,497.003,0.298
30/06/2026,2026-06-30,63,[14:30-14:45[,2026-06-30 13:30,1682.903,25337.58,15.056,8456.675,5.025,,,,,13654.9,8.114,2298.435,1.366,927.57,0.551
30/06/2026,2026-06-30,64,[14:45-15:00[,2026-06-30 13:45,1687.225,24644.714,14.607,8456.675,5.012,,,,,13654.9,8.093,2294.678,1.36,238.461,0.141
30/06/2026,2026-06-30,65,[15:00-15:15[,2026-06-30 14:00,1671.613,24809.359,14.842,8455.738,5.058,,,,,13738.8,8.219,2226.3,1.332,388.521,0.232
30/06/2026,2026-06-30,66,[15:15-15:30[,2026-06-30 14:15,1693.684,22663.327,13.381,7987.925,4.716,,,,,13195.04,7.791,2318.547,1.369,-838.185,-0.495
30/06/2026,2026-06-30,67,[15:30-15:45[,2026-06-30 14:30,1691.437,20968.381,12.397,7987.925,4.723,,,,,13166.6,7.784,2329.997,1.378,-2516.142,-1.488
30/06/2026,2026-06-30,68,[15:45-16:00[,2026-06-30 14:45,1681.085,23292.462,13.856,7965.759,4.738,,,,,13191.35,7.847,2351.337,1.399,-215.983,-0.128
30/06/2026,2026-06-30,69,[16:00-16:15[,2026-06-30 15:00,1679.855,25617.384,15.25,7964.597,4.741,,,,,15286.5,9.1,2356.423,1.403,9.863,0.006
30/06/2026,2026-06-30,70,[16:15-16:30[,2026-06-30 15:15,1698.891,27064.007,15.93,7807.838,4.596,,,,,14910,8.776,2383.646,1.403,1962.524,1.155
30/06/2026,2026-06-30,71,[16:30-16:45[,2026-06-30 15:30,1717.228,25736.37,14.987,7601.588,4.427,,,,,14555.1,8.476,2349.701,1.368,1229.982,0.716
30/06/2026,2026-06-30,72,[16:45-17:00[,2026-06-30 15:45,1716.084,24493.927,14.273,7559.4,4.405,,,,,14411.7,8.398,2472.891,1.441,49.935,0.029
30/06/2026,2026-06-30,73,[17:00-17:15[,2026-06-30 16:00,1699.452,26295.993,15.473,9347.3,5.5,,,,,18486,10.878,2325.934,1.369,-3863.241,-2.273
30/06/2026,2026-06-30,74,[17:15-17:30[,2026-06-30 16:15,1708.773,27408.89,16.04,8842.925,5.175,,,,,16738.4,9.796,2283.158,1.336,-455.593,-0.267
30/06/2026,2026-06-30,75,[17:30-17:45[,2026-06-30 16:30,1721.247,20527.425,11.926,7987.925,4.641,,,,,14749,8.569,2276.441,1.323,-4485.941,-2.606
30/06/2026,2026-06-30,76,[17:45-18:00[,2026-06-30 16:45,1734.013,25344.979,14.616,7690.65,4.435,,,,,14131.6,8.15,2300.709,1.327,1222.02,0.705
30/06/2026,2026-06-30,77,[18:00-18:15[,2026-06-30 17:00,1739.013,29527.119,16.979,8906.675,5.122,,,,,16875.6,9.704,2307.153,1.327,1437.691,0.827
30/06/2026,2026-06-30,78,[18:15-18:30[,2026-06-30 17:15,1768.233,24651.615,13.941,7694.488,4.352,,,,,13436.6,7.599,2321.229,1.313,1199.298,0.678
30/06/2026,2026-06-30,79,[18:30-18:45[,2026-06-30 17:30,1781.586,16678.319,9.362,7342.925,4.122,,,,,7476,4.196,2331.856,1.309,-472.462,-0.265
30/06/2026,2026-06-30,80,[18:45-19:00[,2026-06-30 17:45,1823.97,10206.086,5.596,6535.005,3.583,,,,,4984,2.733,2346.555,1.287,-3659.474,-2.006
30/06/2026,2026-06-30,81,[19:00-19:15[,2026-06-30 18:00,1850.787,3753.23,2.028,5656.374,3.056,,,,,1017,0.549,2436.738,1.317,-5356.881,-2.894
30/06/2026,2026-06-30,82,[19:15-19:30[,2026-06-30 18:15,1863.088,1441.048,0.773,4091.23,2.196,,,,,901.8,0.484,2453.855,1.317,-6005.837,-3.224
30/06/2026,2026-06-30,83,[19:30-19:45[,2026-06-30 18:30,1890.051,-5192.061,-2.747,3079.6,1.629,,,,,901.8,0.477,2444.891,1.294,-11618.352,-6.147
30/06/2026,2026-06-30,84,[19:45-20:00[,2026-06-30 18:45,1912.01,-11247.41,-5.883,1746.125,0.913,,,,,901.8,0.472,2445.764,1.279,-16341.099,-8.547
30/06/2026,2026-06-30,85,[20:00-20:15[,2026-06-30 19:00,1916.612,-2164.993,-1.13,2356,1.229,,,,,1120.9,0.585,2496.362,1.302,-8138.255,-4.246
30/06/2026,2026-06-30,86,[20:15-20:30[,2026-06-30 19:15,1914.919,-10760.995,-5.62,477.633,0.249,,,,,1120.9,0.585,2492.081,1.301,-14851.608,-7.756
30/06/2026,2026-06-30,87,[20:30-20:45[,2026-06-30 19:30,1906.472,-4413.174,-2.315,339.683,0.178,,,,,1120.9,0.588,2520.245,1.322,-8394.002,-4.403
30/06/2026,2026-06-30,88,[20:45-21:00[,2026-06-30 19:45,1892.965,-5883.468,-3.108,373.783,0.197,,,,,1120.9,0.592,2509.423,1.326,-9887.574,-5.223
30/06/2026,2026-06-30,89,[21:00-21:15[,2026-06-30 20:00,1884.336,3153.833,1.674,407.658,0.216,,,,,1380.4,0.733,2389.413,1.268,-1023.637,-0.543
30/06/2026,2026-06-30,90,[21:15-21:30[,2026-06-30 20:15,1893.393,-7053.979,-3.726,514.22,0.272,,,,,1380.4,0.729,2440.682,1.289,-11389.281,-6.015
30/06/2026,2026-06-30,91,[21:30-21:45[,2026-06-30 20:30,1883.53,-3853.777,-2.046,606.445,0.322,,,,,1380.4,0.733,2438.331,1.295,-8278.953,-4.395
30/06/2026,2026-06-30,92,[21:45-22:00[,2026-06-30 20:45,1856.597,-3590.977,-1.934,2586.519,1.393,,,,,1380.4,0.744,2440.768,1.315,-9998.663,-5.385
30/06/2026,2026-06-30,93,[22:00-22:15[,2026-06-30 21:00,1847.084,2001.618,1.084,4687.776,2.538,,,,,1625.5,0.88,2480.262,1.343,-6791.92,-3.677
30/06/2026,2026-06-30,94,[22:15-22:30[,2026-06-30 21:15,1816.016,7571.528,4.169,4912.805,2.705,,,,,1625.5,0.895,2565.164,1.413,-1531.94,-0.844
30/06/2026,2026-06-30,95,[22:30-22:45[,2026-06-30 21:30,1786.701,7711.586,4.316,4964.12,2.778,,,,,1625.5,0.91,2507.087,1.403,-1385.12,-0.775
30/06/2026,2026-06-30,96,[22:45-23:00[,2026-06-30 21:45,1721.954,9381.6,5.448,5415.377,3.145,,,,,1625.5,0.944,2563.219,1.489,-222.496,-0.129
