dia,data_iso,periodo,intervalo,data_utc,consumo_mwh,erc_total_eur,erc_total_eur_mwh,rt_pdbf_eur,rt_pdbf_eur_mwh,rt_pdvd_eur,rt_pdvd_eur_mwh,rt_phf_eur,rt_phf_eur_mwh,banda_afrr_eur,banda_afrr_eur_mwh,banda_mfrr_eur,banda_mfrr_eur_mwh,outros_eur,outros_eur_mwh
01/08/2026,2026-08-01,1,[23:00-23:15[,2026-07-31 22:00,1623.726,2229.192,1.373,954.756,0.588,,,,,2323.2,1.431,2634.91,1.623,-3683.674,-2.269
01/08/2026,2026-08-01,2,[23:15-23:30[,2026-07-31 22:15,1591.37,7182.283,4.513,1409.253,0.886,,,,,3167.05,1.99,2591.251,1.628,14.73,0.009
01/08/2026,2026-08-01,3,[23:30-23:45[,2026-07-31 22:30,1562.789,9228.396,5.905,1418.553,0.908,,,,,3206.23,2.052,2695.815,1.725,1907.798,1.221
01/08/2026,2026-08-01,4,[23:45-00:00[,2026-07-31 22:45,1520.232,9845.516,6.476,1427.853,0.939,,,,,3245.41,2.135,2758.62,1.815,2413.633,1.588
01/08/2026,2026-08-01,5,[00:00-00:15[,2026-07-31 23:00,1519.834,7579.392,4.987,1620.14,1.066,,,,,1780.66,1.172,3934.943,2.589,243.649,0.16
01/08/2026,2026-08-01,6,[00:15-00:30[,2026-07-31 23:15,1496.958,4094.156,2.735,2085.545,1.393,,,,,2614.95,1.747,3671.493,2.453,-4277.832,-2.858
01/08/2026,2026-08-01,7,[00:30-00:45[,2026-07-31 23:30,1477.274,6604.812,4.471,2085.545,1.412,,,,,2614.95,1.77,3960.521,2.681,-2056.204,-1.392
01/08/2026,2026-08-01,8,[00:45-01:00[,2026-07-31 23:45,1448.163,5520.572,3.812,2314.324,1.598,,,,,2705,1.868,3583.397,2.474,-3082.149,-2.128
01/08/2026,2026-08-01,9,[01:00-01:15[,2026-08-01 00:00,1431.784,9811.986,6.853,2189.549,1.529,,,,,2950.36,2.061,3940.852,2.752,731.225,0.511
01/08/2026,2026-08-01,10,[01:15-01:30[,2026-08-01 00:15,1415.045,8671.247,6.128,2287.974,1.617,,,,,3025,2.138,3916.489,2.768,-558.216,-0.394
01/08/2026,2026-08-01,11,[01:30-01:45[,2026-08-01 00:30,1387.263,8704.903,6.275,2266.274,1.634,,,,,3157,2.276,3694.796,2.663,-413.166,-0.298
01/08/2026,2026-08-01,12,[01:45-02:00[,2026-08-01 00:45,1368.639,8819.813,6.444,2144.986,1.567,,,,,2789.64,2.038,3941.279,2.88,-56.092,-0.041
01/08/2026,2026-08-01,13,[02:00-02:15[,2026-08-01 01:00,1352.109,9166.377,6.779,2216.674,1.639,,,,,2705,2.001,3846.881,2.845,397.822,0.294
01/08/2026,2026-08-01,14,[02:15-02:30[,2026-08-01 01:15,1338.773,8878.947,6.632,2266.274,1.693,,,,,2705,2.021,3900.969,2.914,6.704,0.005
01/08/2026,2026-08-01,15,[02:30-02:45[,2026-08-01 01:30,1324.606,8476.386,6.399,2216.674,1.673,,,,,2705,2.042,3908.716,2.951,-354.003,-0.267
01/08/2026,2026-08-01,16,[02:45-03:00[,2026-08-01 01:45,1317.649,8041.764,6.103,1895.736,1.439,,,,,1925,1.461,3896.168,2.957,324.86,0.247
01/08/2026,2026-08-01,17,[03:00-03:15[,2026-08-01 02:00,1307.029,4746.178,3.631,1436.969,1.099,,,,,1190.8,0.911,3957.457,3.028,-1839.048,-1.407
01/08/2026,2026-08-01,18,[03:15-03:30[,2026-08-01 02:15,1292.125,5739.633,4.442,1436.969,1.112,,,,,1190.8,0.922,3793.602,2.936,-681.738,-0.528
01/08/2026,2026-08-01,19,[03:30-03:45[,2026-08-01 02:30,1286.181,7089.667,5.512,1435.031,1.116,,,,,1185.6,0.922,3831.544,2.979,637.492,0.496
01/08/2026,2026-08-01,20,[03:45-04:00[,2026-08-01 02:45,1270.472,8092.217,6.369,1427.485,1.124,,,,,1159.6,0.913,3738.957,2.943,1766.175,1.39
01/08/2026,2026-08-01,21,[04:00-04:15[,2026-08-01 03:00,1272.399,8272.379,6.501,1434.848,1.128,,,,,1443.22,1.134,3877.26,3.047,1517.052,1.192
01/08/2026,2026-08-01,22,[04:15-04:30[,2026-08-01 03:15,1266.246,7061.103,5.576,1427.485,1.127,,,,,1451.5,1.146,3740.199,2.954,441.918,0.349
01/08/2026,2026-08-01,23,[04:30-04:45[,2026-08-01 03:30,1258.37,8714.472,6.925,1418.185,1.127,,,,,1462.54,1.162,3685.814,2.929,2147.933,1.707
01/08/2026,2026-08-01,24,[04:45-05:00[,2026-08-01 03:45,1258.595,7460.299,5.927,1408.885,1.119,,,,,1545.34,1.228,3765.228,2.992,740.846,0.589
01/08/2026,2026-08-01,25,[05:00-05:15[,2026-08-01 04:00,1256.246,7562.119,6.02,1347.48,1.073,,,,,1559.14,1.241,3768.627,3,886.872,0.706
01/08/2026,2026-08-01,26,[05:15-05:30[,2026-08-01 04:15,1258.758,7822.444,6.214,1347.48,1.07,,,,,1600.54,1.272,3761.096,2.988,1113.328,0.884
01/08/2026,2026-08-01,27,[05:30-05:45[,2026-08-01 04:30,1253.796,6649.619,5.304,1328.88,1.06,,,,,1619.86,1.292,3472.57,2.77,228.309,0.182
01/08/2026,2026-08-01,28,[05:45-06:00[,2026-08-01 04:45,1250.103,8053.38,6.442,1310.28,1.048,,,,,1641.94,1.313,3761.262,3.009,1339.898,1.072
01/08/2026,2026-08-01,29,[06:00-06:15[,2026-08-01 05:00,1274.87,5964.802,4.679,918.08,0.72,,,,,2117.74,1.661,3799.084,2.98,-870.101,-0.683
01/08/2026,2026-08-01,30,[06:15-06:30[,2026-08-01 05:15,1260.167,8669.187,6.879,1103.693,0.876,,,,,2433.76,1.931,3582.018,2.842,1549.716,1.23
01/08/2026,2026-08-01,31,[06:30-06:45[,2026-08-01 05:30,1260.662,10995.785,8.722,1131.593,0.898,,,,,2486.68,1.973,3771.965,2.992,3605.548,2.86
01/08/2026,2026-08-01,32,[06:45-07:00[,2026-08-01 05:45,1268.075,7885.076,6.218,1094.914,0.863,,,,,2120.5,1.672,3781.223,2.982,888.44,0.701
01/08/2026,2026-08-01,33,[07:00-07:15[,2026-08-01 06:00,1274.676,10309.066,8.088,625.038,0.49,,,,,2076.69,1.629,3538.527,2.776,4068.812,3.192
01/08/2026,2026-08-01,34,[07:15-07:30[,2026-08-01 06:15,1301.601,8739.094,6.714,918.07,0.705,,,,,2267.77,1.742,3763.494,2.891,1789.76,1.375
01/08/2026,2026-08-01,35,[07:30-07:45[,2026-08-01 06:30,1316.691,7412.31,5.629,1681.233,1.277,,,,,3724.8,2.829,3740.15,2.841,-1733.873,-1.317
01/08/2026,2026-08-01,36,[07:45-08:00[,2026-08-01 06:45,1296.98,22956.616,17.7,6945.113,5.355,,,,,6400,4.935,2587.039,1.995,7024.465,5.416
01/08/2026,2026-08-01,37,[08:00-08:15[,2026-08-01 07:00,1320.767,11922.735,9.027,4330.501,3.279,,,,,5586.72,4.23,2635.433,1.995,-629.918,-0.477
01/08/2026,2026-08-01,38,[08:15-08:30[,2026-08-01 07:15,1328.049,17103.54,12.879,6719.475,5.06,,,,,7206.26,5.426,2475.395,1.864,702.409,0.529
01/08/2026,2026-08-01,39,[08:30-08:45[,2026-08-01 07:30,1348.184,27212.938,20.185,8980.35,6.661,,,,,15444.57,11.456,2440.732,1.81,347.286,0.258
01/08/2026,2026-08-01,40,[08:45-09:00[,2026-08-01 07:45,1354.094,34278.984,25.315,11696.413,8.638,,,,,19755.96,14.59,2473.522,1.827,353.089,0.261
01/08/2026,2026-08-01,41,[09:00-09:15[,2026-08-01 08:00,1367.517,26531.235,19.401,11503.288,8.412,,,,,15790,11.546,2459.305,1.798,-3221.357,-2.356
01/08/2026,2026-08-01,42,[09:15-09:30[,2026-08-01 08:15,1378.659,34011.925,24.67,14065.096,10.202,,,,,17775.26,12.893,2443.564,1.772,-271.995,-0.197
01/08/2026,2026-08-01,43,[09:30-09:45[,2026-08-01 08:30,1380.316,38202.858,27.677,17055.101,12.356,,,,,18572.84,13.455,2429.459,1.76,145.459,0.105
01/08/2026,2026-08-01,44,[09:45-10:00[,2026-08-01 08:45,1376.61,39226.651,28.495,17480.994,12.699,,,,,18981.25,13.788,2400.198,1.744,364.21,0.265
01/08/2026,2026-08-01,45,[10:00-10:15[,2026-08-01 09:00,1410.463,40037.563,28.386,17505.421,12.411,,,,,18548.49,13.151,3492.48,2.476,491.172,0.348
01/08/2026,2026-08-01,46,[10:15-10:30[,2026-08-01 09:15,1399.903,40319.912,28.802,17679.314,12.629,,,,,18259.5,13.043,3448.939,2.464,932.159,0.666
01/08/2026,2026-08-01,47,[10:30-10:45[,2026-08-01 09:30,1414.46,39868.514,28.186,17856.99,12.625,,,,,18203.01,12.869,3554.438,2.513,254.076,0.18
01/08/2026,2026-08-01,48,[10:45-11:00[,2026-08-01 09:45,1393.015,39204.329,28.144,17842.494,12.809,,,,,18315.08,13.148,2910.25,2.089,136.505,0.098
01/08/2026,2026-08-01,49,[11:00-11:15[,2026-08-01 10:00,1407.289,40731.201,28.943,17831.066,12.671,,,,,19147.83,13.606,3462.852,2.461,289.453,0.206
01/08/2026,2026-08-01,50,[11:15-11:30[,2026-08-01 10:15,1425.769,40766.537,28.593,17826.924,12.503,,,,,19251.41,13.502,3425.121,2.402,263.082,0.185
01/08/2026,2026-08-01,51,[11:30-11:45[,2026-08-01 10:30,1420.888,40015.468,28.162,17821.858,12.543,,,,,18674.34,13.143,3439.963,2.421,79.308,0.056
01/08/2026,2026-08-01,52,[11:45-12:00[,2026-08-01 10:45,1424.147,40152.478,28.194,17861.227,12.542,,,,,18714.56,13.141,3234.118,2.271,342.573,0.241
01/08/2026,2026-08-01,53,[12:00-12:15[,2026-08-01 11:00,1432.166,35145.272,24.54,18118.878,12.651,,,,,13508.64,9.432,3220.767,2.249,296.986,0.207
01/08/2026,2026-08-01,54,[12:15-12:30[,2026-08-01 11:15,1435.971,35160.282,24.485,18168.342,12.652,,,,,13552.26,9.438,3199.002,2.228,240.679,0.168
01/08/2026,2026-08-01,55,[12:30-12:45[,2026-08-01 11:30,1424.033,34859.878,24.48,18225.162,12.798,,,,,13562.28,9.524,2829.492,1.987,242.945,0.171
01/08/2026,2026-08-01,56,[12:45-13:00[,2026-08-01 11:45,1408.986,35119.763,24.926,18224.33,12.934,,,,,13562.28,9.626,3126.984,2.219,206.168,0.146
01/08/2026,2026-08-01,57,[13:00-13:15[,2026-08-01 12:00,1410.137,35212.022,24.971,18222.01,12.922,,,,,13502.71,9.575,3223.361,2.286,263.941,0.187
01/08/2026,2026-08-01,58,[13:15-13:30[,2026-08-01 12:15,1384.026,34934.442,25.241,18222.047,13.166,,,,,13502.71,9.756,2990.037,2.16,219.648,0.159
01/08/2026,2026-08-01,59,[13:30-13:45[,2026-08-01 12:30,1370.198,34800.962,25.398,18221.753,13.299,,,,,13092.48,9.555,3248.344,2.371,238.384,0.174
01/08/2026,2026-08-01,60,[13:45-14:00[,2026-08-01 12:45,1376.567,34823.109,25.297,18240.529,13.251,,,,,13102.5,9.518,3249.4,2.361,230.679,0.168
01/08/2026,2026-08-01,61,[14:00-14:15[,2026-08-01 13:00,1356.813,25336.889,18.674,18221.628,13.43,,,,,4050.31,2.985,2965.797,2.186,99.155,0.073
01/08/2026,2026-08-01,62,[14:15-14:30[,2026-08-01 13:15,1356.874,25720.684,18.956,18240.413,13.443,,,,,4064.96,2.996,3268.133,2.409,147.179,0.108
01/08/2026,2026-08-01,63,[14:30-14:45[,2026-08-01 13:30,1366.232,25685.476,18.8,18227.766,13.342,,,,,4045.31,2.961,3252.356,2.381,160.044,0.117
01/08/2026,2026-08-01,64,[14:45-15:00[,2026-08-01 13:45,1345.369,35035.238,26.041,18234.7,13.554,,,,,13464.1,10.008,3140.761,2.334,195.677,0.145
01/08/2026,2026-08-01,65,[15:00-15:15[,2026-08-01 14:00,1354.665,35053.647,25.876,18231.708,13.458,,,,,13459.1,9.935,3203.702,2.365,159.138,0.117
01/08/2026,2026-08-01,66,[15:15-15:30[,2026-08-01 14:15,1364.769,35236.234,25.818,18234.34,13.361,,,,,13552.26,9.93,3248.277,2.38,201.357,0.148
01/08/2026,2026-08-01,67,[15:30-15:45[,2026-08-01 14:30,1353.562,34704.91,25.64,17888.609,13.216,,,,,13498.62,9.973,3193.651,2.359,124.031,0.092
01/08/2026,2026-08-01,68,[15:45-16:00[,2026-08-01 14:45,1350.886,34168.586,25.293,17887.868,13.242,,,,,13483.59,9.981,2563.966,1.898,233.162,0.173
01/08/2026,2026-08-01,69,[16:00-16:15[,2026-08-01 15:00,1371.655,40061.49,29.207,17679.655,12.889,,,,,18579.81,13.546,3246.171,2.367,555.855,0.405
01/08/2026,2026-08-01,70,[16:15-16:30[,2026-08-01 15:15,1380.141,38991.463,28.252,17344.397,12.567,,,,,18443.16,13.363,3274.925,2.373,-71.02,-0.051
01/08/2026,2026-08-01,71,[16:30-16:45[,2026-08-01 15:30,1380.522,35179.539,25.483,14967.266,10.842,,,,,17472.51,12.656,2979.908,2.159,-240.145,-0.174
01/08/2026,2026-08-01,72,[16:45-17:00[,2026-08-01 15:45,1390.048,30313.208,21.807,11163.051,8.031,,,,,16062.25,11.555,3343.23,2.405,-255.323,-0.184
01/08/2026,2026-08-01,73,[17:00-17:15[,2026-08-01 16:00,1402.074,38594.471,27.527,10369.093,7.396,,,,,24051.87,17.154,3341.861,2.384,831.648,0.593
01/08/2026,2026-08-01,74,[17:15-17:30[,2026-08-01 16:15,1411.155,29443.199,20.865,8844.788,6.268,,,,,16827.31,11.924,3380.043,2.395,391.059,0.277
01/08/2026,2026-08-01,75,[17:30-17:45[,2026-08-01 16:30,1423.755,27056.208,19.003,8701.301,6.112,,,,,15561.11,10.93,3347.255,2.351,-553.458,-0.389
01/08/2026,2026-08-01,76,[17:45-18:00[,2026-08-01 16:45,1449.72,20762.269,14.322,7526.467,5.192,,,,,10004.5,6.901,3462.545,2.388,-231.244,-0.16
01/08/2026,2026-08-01,77,[18:00-18:15[,2026-08-01 17:00,1476.947,20679.187,14.001,7512.987,5.087,,,,,5232,3.542,3474.451,2.352,4459.749,3.02
01/08/2026,2026-08-01,78,[18:15-18:30[,2026-08-01 17:15,1496.923,10678.826,7.134,4494.947,3.003,,,-0.003,0,5232,3.495,3155.576,2.108,-2203.694,-1.472
01/08/2026,2026-08-01,79,[18:30-18:45[,2026-08-01 17:30,1540.311,5371.641,3.487,1015.329,0.659,,,,,3059.7,1.986,3529.204,2.291,-2232.592,-1.449
01/08/2026,2026-08-01,80,[18:45-19:00[,2026-08-01 17:45,1552.716,2972.85,1.915,781.507,0.503,,,,,2853.19,1.838,3612.554,2.327,-4274.401,-2.753
01/08/2026,2026-08-01,81,[19:00-19:15[,2026-08-01 18:00,1572.165,6826.149,4.342,1021.944,0.65,,,,,2202.58,1.401,3149.409,2.003,452.217,0.288
01/08/2026,2026-08-01,82,[19:15-19:30[,2026-08-01 18:15,1612.42,-922.082,-0.572,782.597,0.485,,,,,1856.05,1.151,3435.206,2.13,-6995.934,-4.339
01/08/2026,2026-08-01,83,[19:30-19:45[,2026-08-01 18:30,1642.208,2490.174,1.516,663.003,0.404,,,,,2012.12,1.225,3492.135,2.126,-3677.085,-2.239
01/08/2026,2026-08-01,84,[19:45-20:00[,2026-08-01 18:45,1649.701,1725.985,1.046,552.123,0.335,,,,,1857.7,1.126,3016.128,1.828,-3699.965,-2.243
01/08/2026,2026-08-01,85,[20:00-20:15[,2026-08-01 19:00,1647.584,1308.23,0.794,598.875,0.363,,,,,1944.2,1.18,2394.914,1.454,-3629.76,-2.203
01/08/2026,2026-08-01,86,[20:15-20:30[,2026-08-01 19:15,1646.583,4549.271,2.763,412.939,0.251,,,,,1944.2,1.181,2269.784,1.378,-77.651,-0.047
01/08/2026,2026-08-01,87,[20:30-20:45[,2026-08-01 19:30,1636.482,8965.995,5.479,412.939,0.252,,,,,1944.2,1.188,2277.89,1.392,4330.966,2.647
01/08/2026,2026-08-01,88,[20:45-21:00[,2026-08-01 19:45,1638.041,8955.285,5.467,412.939,0.252,,,,,1944.2,1.187,2303.795,1.406,4294.352,2.622
01/08/2026,2026-08-01,89,[21:00-21:15[,2026-08-01 20:00,1653.291,-1466.445,-0.887,778.813,0.471,,,,,2806.45,1.697,2305.75,1.395,-7357.457,-4.45
01/08/2026,2026-08-01,90,[21:15-21:30[,2026-08-01 20:15,1647.007,6346.453,3.853,779.035,0.473,,,,,2691.95,1.634,2214.573,1.345,660.896,0.401
01/08/2026,2026-08-01,91,[21:30-21:45[,2026-08-01 20:30,1624.532,9151.808,5.634,919.031,0.566,,,,,2483.15,1.529,2213.272,1.362,3536.355,2.177
01/08/2026,2026-08-01,92,[21:45-22:00[,2026-08-01 20:45,1595.425,7900.613,4.952,1005.223,0.63,,,,,2403.71,1.507,2212.457,1.387,2279.224,1.429
01/08/2026,2026-08-01,93,[22:00-22:15[,2026-08-01 21:00,1575.86,5690.651,3.611,1045.603,0.664,,,,,2742.73,1.74,2182.904,1.385,-280.586,-0.178
01/08/2026,2026-08-01,94,[22:15-22:30[,2026-08-01 21:15,1550.002,5629.813,3.632,1104.483,0.713,,,,,2572.43,1.66,2184.201,1.409,-231.3,-0.149
01/08/2026,2026-08-01,95,[22:30-22:45[,2026-08-01 21:30,1524.38,1915.661,1.257,1163.236,0.763,,,,,2405.18,1.578,2184.197,1.433,-3836.952,-2.517
01/08/2026,2026-08-01,96,[22:45-23:00[,2026-08-01 21:45,1494.534,4760.133,3.185,1163.604,0.779,,,,,2405.18,1.609,2308.09,1.544,-1116.741,-0.747
02/08/2026,2026-08-02,1,[23:00-23:15[,2026-08-01 22:00,1492.834,9517.875,6.376,1600.259,1.072,,,,,3276.27,2.195,3213.104,2.152,1428.242,0.957
02/08/2026,2026-08-02,2,[23:15-23:30[,2026-08-01 22:15,1468.638,6199.96,4.222,1562.728,1.064,,,,,2961.72,2.017,3601.987,2.453,-1926.475,-1.312
02/08/2026,2026-08-02,3,[23:30-23:45[,2026-08-01 22:30,1447.394,5245.458,3.624,1568.699,1.084,,,,,2960.84,2.046,3699.193,2.556,-2983.274,-2.061
02/08/2026,2026-08-02,4,[23:45-00:00[,2026-08-01 22:45,1409.456,7263.02,5.153,1600.155,1.135,,,,,3165.36,2.246,3429.771,2.433,-932.266,-0.661
02/08/2026,2026-08-02,5,[00:00-00:15[,2026-08-01 23:00,1401.298,9754.731,6.961,1600.16,1.142,,,,,3026.14,2.16,3627.423,2.589,1501.008,1.071
02/08/2026,2026-08-02,6,[00:15-00:30[,2026-08-01 23:15,1377.762,6895.104,5.005,1600.179,1.161,,,,,3089.04,2.242,3624.879,2.631,-1418.994,-1.03
02/08/2026,2026-08-02,7,[00:30-00:45[,2026-08-01 23:30,1355.238,8137.339,6.004,1600.191,1.181,,,,,3055.36,2.254,3620.468,2.671,-138.679,-0.102
02/08/2026,2026-08-02,8,[00:45-01:00[,2026-08-01 23:45,1334.064,5111.5,3.832,1600.308,1.2,,,,,3210.52,2.407,3609.395,2.706,-3308.722,-2.48
02/08/2026,2026-08-02,9,[01:00-01:15[,2026-08-02 00:00,1311.424,6296.026,4.801,1600.308,1.22,,,,,2667.04,2.034,3658.816,2.79,-1630.138,-1.243
02/08/2026,2026-08-02,10,[01:15-01:30[,2026-08-02 00:15,1302.999,3945.261,3.028,1600.308,1.228,,,,,2522.35,1.936,3656.615,2.806,-3834.012,-2.942
02/08/2026,2026-08-02,11,[01:30-01:45[,2026-08-02 00:30,1274.975,5434.09,4.262,1600.308,1.255,,,,,2536.3,1.989,3342.228,2.621,-2044.745,-1.604
02/08/2026,2026-08-02,12,[01:45-02:00[,2026-08-02 00:45,1259.449,8867.801,7.041,1600.308,1.271,,,,,2476.57,1.966,3629.41,2.882,1161.514,0.922
02/08/2026,2026-08-02,13,[02:00-02:15[,2026-08-02 01:00,1260.741,3155.037,2.503,1600.308,1.269,,,,,1911,1.516,3652.322,2.897,-4008.593,-3.18
02/08/2026,2026-08-02,14,[02:15-02:30[,2026-08-02 01:15,1236.186,3177.03,2.57,1600.308,1.295,,,,,1905.8,1.542,3323.577,2.689,-3652.654,-2.955
02/08/2026,2026-08-02,15,[02:30-02:45[,2026-08-02 01:30,1229.352,3876.605,3.153,1600.308,1.302,,,,,1890.2,1.538,3654.658,2.973,-3268.56,-2.659
02/08/2026,2026-08-02,16,[02:45-03:00[,2026-08-02 01:45,1226.23,3685.537,3.006,1600.308,1.305,,,,,1890.2,1.541,3652.141,2.978,-3457.112,-2.819
02/08/2026,2026-08-02,17,[03:00-03:15[,2026-08-02 02:00,1204.279,4116.557,3.418,1600.308,1.329,,,,,1840.8,1.529,3436.329,2.853,-2760.879,-2.293
02/08/2026,2026-08-02,18,[03:15-03:30[,2026-08-02 02:15,1202.564,1927.553,1.603,1600.308,1.331,,,,,1658.8,1.379,3652.213,3.037,-4983.768,-4.144
02/08/2026,2026-08-02,19,[03:30-03:45[,2026-08-02 02:30,1198.276,6430.19,5.366,1600.308,1.336,,,,,1788.8,1.493,3653.181,3.049,-612.099,-0.511
02/08/2026,2026-08-02,20,[03:45-04:00[,2026-08-02 02:45,1176.303,7718.985,6.562,1600.308,1.36,,,,,1560,1.326,3422.533,2.91,1136.144,0.966
02/08/2026,2026-08-02,21,[04:00-04:15[,2026-08-02 03:00,1183.749,9386.151,7.929,1600.308,1.352,,,,,2553.01,2.157,3649.581,3.083,1583.252,1.337
02/08/2026,2026-08-02,22,[04:15-04:30[,2026-08-02 03:15,1175.993,8388.04,7.133,1600.308,1.361,,,,,2473.84,2.104,3652.006,3.105,661.886,0.563
02/08/2026,2026-08-02,23,[04:30-04:45[,2026-08-02 03:30,1170.32,10564.964,9.027,1600.308,1.367,,,,,2531.17,2.163,3466.771,2.962,2966.716,2.535
02/08/2026,2026-08-02,24,[04:45-05:00[,2026-08-02 03:45,1174.362,8128.037,6.921,1600.308,1.363,,,,,2566.66,2.186,3653.089,3.111,307.981,0.262
02/08/2026,2026-08-02,25,[05:00-05:15[,2026-08-02 04:00,1172.244,5824.059,4.968,1600.308,1.365,,,,,2566.66,2.19,3653.493,3.117,-1996.402,-1.703
02/08/2026,2026-08-02,26,[05:15-05:30[,2026-08-02 04:15,1172.934,4413.944,3.763,1600.308,1.364,,,,,2533.9,2.16,3451.551,2.943,-3171.815,-2.704
02/08/2026,2026-08-02,27,[05:30-05:45[,2026-08-02 04:30,1181.136,4246.829,3.596,1600.308,1.355,,,,,2583.04,2.187,3652.199,3.092,-3588.718,-3.038
02/08/2026,2026-08-02,28,[05:45-06:00[,2026-08-02 04:45,1177.162,4304.611,3.657,1600.308,1.359,,,,,2632.18,2.236,3652.361,3.103,-3580.237,-3.041
02/08/2026,2026-08-02,29,[06:00-06:15[,2026-08-02 05:00,1185.631,4789.989,4.04,1637.963,1.382,,,,,2849.6,2.403,3509.358,2.96,-3206.932,-2.705
02/08/2026,2026-08-02,30,[06:15-06:30[,2026-08-02 05:15,1174.879,7058.178,6.008,1637.963,1.394,,,,,1720.49,1.464,3653.216,3.109,46.51,0.04
02/08/2026,2026-08-02,31,[06:30-06:45[,2026-08-02 05:30,1166.096,4458.483,3.823,1637.156,1.404,,,,,1318.61,1.131,3651.995,3.132,-2149.278,-1.843
02/08/2026,2026-08-02,32,[06:45-07:00[,2026-08-02 05:45,1158.758,7103.176,6.13,1633.967,1.41,,,,,1614.11,1.393,3316.05,2.862,539.049,0.465
02/08/2026,2026-08-02,33,[07:00-07:15[,2026-08-02 06:00,1175.434,2683.426,2.283,1626.324,1.384,,,,,2141.48,1.822,3669.678,3.122,-4754.056,-4.045
02/08/2026,2026-08-02,34,[07:15-07:30[,2026-08-02 06:15,1187.751,1702.082,1.433,1637.963,1.379,,,,,2454.84,2.067,3670.086,3.09,-6060.807,-5.103
02/08/2026,2026-08-02,35,[07:30-07:45[,2026-08-02 06:30,1219.778,25227.889,20.682,4703.257,3.856,,,,,14096.84,11.557,3674.385,3.012,2753.407,2.257
02/08/2026,2026-08-02,36,[07:45-08:00[,2026-08-02 06:45,1188.009,23947.787,20.158,7051.7,5.936,,,,,15772.33,13.276,3577.06,3.011,-2453.304,-2.065
02/08/2026,2026-08-02,37,[08:00-08:15[,2026-08-02 07:00,1220.098,23991.752,19.664,9020.143,7.393,,,,,14178.54,11.621,3671.558,3.009,-2878.489,-2.359
02/08/2026,2026-08-02,38,[08:15-08:30[,2026-08-02 07:15,1248.462,31650.455,25.352,12126.842,9.713,,,,,16947.12,13.574,3681.395,2.949,-1104.902,-0.885
02/08/2026,2026-08-02,39,[08:30-08:45[,2026-08-02 07:30,1232.953,39154.637,31.757,16398.645,13.3,,,,,19560.47,15.865,3167.759,2.569,27.763,0.023
02/08/2026,2026-08-02,40,[08:45-09:00[,2026-08-02 07:45,1259.398,41104.752,32.638,17961.872,14.262,,,,,19197.36,15.243,3639.567,2.89,305.953,0.243
02/08/2026,2026-08-02,41,[09:00-09:15[,2026-08-02 08:00,1278.147,34657.198,27.115,17982.033,14.069,,,,,12902,10.094,3635.914,2.845,137.25,0.107
02/08/2026,2026-08-02,42,[09:15-09:30[,2026-08-02 08:15,1276.611,34798.903,27.259,18172.05,14.235,,,,,13139.6,10.293,3267.563,2.56,219.69,0.172
02/08/2026,2026-08-02,43,[09:30-09:45[,2026-08-02 08:30,1290.097,35523.617,27.536,18496.96,14.338,,,,,13267.99,10.284,3634.647,2.817,124.02,0.096
02/08/2026,2026-08-02,44,[09:45-10:00[,2026-08-02 08:45,1299.312,35787.316,27.543,18487.388,14.229,,,,,13443.98,10.347,3621.098,2.787,234.85,0.181
02/08/2026,2026-08-02,45,[10:00-10:15[,2026-08-02 09:00,1311.098,35286.273,26.914,18477.926,14.093,,,,,13402.37,10.222,3270.141,2.494,135.836,0.104
02/08/2026,2026-08-02,46,[10:15-10:30[,2026-08-02 09:15,1318.096,34450.897,26.137,18468.87,14.012,,,,,12317.72,9.345,3494.649,2.651,169.658,0.129
02/08/2026,2026-08-02,47,[10:30-10:45[,2026-08-02 09:30,1317.1,33937.14,25.767,18524.748,14.065,,,,,11729.08,8.905,3438.056,2.61,245.256,0.186
02/08/2026,2026-08-02,48,[10:45-11:00[,2026-08-02 09:45,1304.834,34029.911,26.08,18765.138,14.381,,,,,11778.09,9.027,3228.802,2.474,257.882,0.198
02/08/2026,2026-08-02,49,[11:00-11:15[,2026-08-02 10:00,1310.55,35542.597,27.12,18823.425,14.363,,,,,13308.75,10.155,3340.324,2.549,70.099,0.053
02/08/2026,2026-08-02,50,[11:15-11:30[,2026-08-02 10:15,1319.981,35604.536,26.974,18818.981,14.257,,,,,13341.76,10.108,3279.079,2.484,164.716,0.125
02/08/2026,2026-08-02,51,[11:30-11:45[,2026-08-02 10:30,1318.54,34612.951,26.251,18815.306,14.27,,,,,12631.29,9.58,3028.096,2.297,138.259,0.105
02/08/2026,2026-08-02,52,[11:45-12:00[,2026-08-02 10:45,1316.811,34827.437,26.448,18812.174,14.286,,,,,12675.3,9.626,3237.32,2.458,102.643,0.078
02/08/2026,2026-08-02,53,[12:00-12:15[,2026-08-02 11:00,1332.241,33956.672,25.488,18816.217,14.124,,,,,11673.12,8.762,3162.969,2.374,304.366,0.228
02/08/2026,2026-08-02,54,[12:15-12:30[,2026-08-02 11:15,1325.686,33686.652,25.411,18827.616,14.202,,,,,11507.63,8.681,3073.6,2.318,277.807,0.21
02/08/2026,2026-08-02,55,[12:30-12:45[,2026-08-02 11:30,1312.127,33444.494,25.489,18823.727,14.346,,,,,11525.63,8.784,2929.276,2.232,165.862,0.126
02/08/2026,2026-08-02,56,[12:45-13:00[,2026-08-02 11:45,1308.832,27515.493,21.023,18822.801,14.381,,,,,5465.94,4.176,3064.885,2.342,161.868,0.124
02/08/2026,2026-08-02,57,[13:00-13:15[,2026-08-02 12:00,1287.892,27498.399,21.351,18822.159,14.615,,,,,5463.1,4.242,3031.774,2.354,181.366,0.141
02/08/2026,2026-08-02,58,[13:15-13:30[,2026-08-02 12:15,1275.371,27729.184,21.742,18822.122,14.758,,,,,5443.35,4.268,3198.48,2.508,265.232,0.208
02/08/2026,2026-08-02,59,[13:30-13:45[,2026-08-02 12:30,1264.891,33336.687,26.355,18821.67,14.88,,,,,11144.51,8.811,3185.073,2.518,185.434,0.147
02/08/2026,2026-08-02,60,[13:45-14:00[,2026-08-02 12:45,1253.506,33145.808,26.442,18822.035,15.016,,,,,11144.51,8.891,3039.599,2.425,139.665,0.111
02/08/2026,2026-08-02,61,[14:00-14:15[,2026-08-02 13:00,1262.444,27766.109,21.994,18821.431,14.909,,,,,5643.96,4.471,3180.312,2.519,120.406,0.095
02/08/2026,2026-08-02,62,[14:15-14:30[,2026-08-02 13:15,1256.52,27544.73,21.921,18821.961,14.979,,,,,5407.2,4.303,3199.733,2.547,115.835,0.092
02/08/2026,2026-08-02,63,[14:30-14:45[,2026-08-02 13:30,1252.967,27033.708,21.576,18447.941,14.723,,,,,5392.32,4.304,3048.644,2.433,144.803,0.116
02/08/2026,2026-08-02,64,[14:45-15:00[,2026-08-02 13:45,1256.018,27647.104,22.012,18449.807,14.689,,,,,5783.16,4.604,3186.517,2.537,227.62,0.181
02/08/2026,2026-08-02,65,[15:00-15:15[,2026-08-02 14:00,1247.675,27525.459,22.061,18452.616,14.79,,,,,5668.32,4.543,3212.813,2.575,191.71,0.154
02/08/2026,2026-08-02,66,[15:15-15:30[,2026-08-02 14:15,1262.012,27114.712,21.485,18455.202,14.624,,,,,5707.64,4.523,2851.401,2.259,100.47,0.08
02/08/2026,2026-08-02,67,[15:30-15:45[,2026-08-02 14:30,1284.722,27468.564,21.381,18458.527,14.368,,,,,5553.4,4.323,3304.957,2.573,151.68,0.118
02/08/2026,2026-08-02,68,[15:45-16:00[,2026-08-02 14:45,1279.886,33643.066,26.286,18462.194,14.425,,,,,11578.1,9.046,3280.82,2.563,321.952,0.252
02/08/2026,2026-08-02,69,[16:00-16:15[,2026-08-02 15:00,1274.514,34073.696,26.735,17991.035,14.116,,,,,13190.73,10.35,3220.984,2.527,-329.054,-0.258
02/08/2026,2026-08-02,70,[16:15-16:30[,2026-08-02 15:15,1262.615,34317.738,27.18,17988.289,14.247,,,,,13228.93,10.477,3230.315,2.558,-129.796,-0.103
02/08/2026,2026-08-02,71,[16:30-16:45[,2026-08-02 15:30,1271.772,28025.56,22.037,17907.163,14.08,,,,,6847.2,5.384,3325.029,2.614,-53.831,-0.042
02/08/2026,2026-08-02,72,[16:45-17:00[,2026-08-02 15:45,1283.459,32677.341,25.46,17736.49,13.819,,,,,13281.23,10.348,3309.486,2.579,-1649.866,-1.285
02/08/2026,2026-08-02,73,[17:00-17:15[,2026-08-02 16:00,1280.509,33544.822,26.196,17301.899,13.512,,,,,13110.24,10.238,3042.223,2.376,90.461,0.071
02/08/2026,2026-08-02,74,[17:15-17:30[,2026-08-02 16:15,1309.093,41996.235,32.08,15108.841,11.541,,,,,22483.98,17.175,3362.827,2.569,1040.587,0.795
02/08/2026,2026-08-02,75,[17:30-17:45[,2026-08-02 16:30,1338.256,37887.263,28.311,12168.308,9.093,,,,,20568.45,15.37,3358.174,2.509,1792.331,1.339
02/08/2026,2026-08-02,76,[17:45-18:00[,2026-08-02 16:45,1347.15,42403.531,31.476,9655.626,7.167,,,,,17608.77,13.071,3096.976,2.299,12042.16,8.939
02/08/2026,2026-08-02,77,[18:00-18:15[,2026-08-02 17:00,1375.639,44215.499,32.142,10022.698,7.286,,,-0.398,0,17608.77,12.8,3362.955,2.445,13221.475,9.611
02/08/2026,2026-08-02,78,[18:15-18:30[,2026-08-02 17:15,1393.204,53422.654,38.345,8364.836,6.004,,,-6.129,-0.004,17556.75,12.602,3377.74,2.424,24129.457,17.319
02/08/2026,2026-08-02,79,[18:30-18:45[,2026-08-02 17:30,1431.065,17787.775,12.43,1856.586,1.297,,,,,2500.39,1.747,3119.12,2.18,10311.68,7.206
02/08/2026,2026-08-02,80,[18:45-19:00[,2026-08-02 17:45,1474.631,15977.679,10.835,1444.791,0.98,,,,,3047.9,2.067,3473.336,2.355,8011.652,5.433
02/08/2026,2026-08-02,81,[19:00-19:15[,2026-08-02 18:00,1496.833,22665.069,15.142,1525.451,1.019,,,,,2571.12,1.718,3546.38,2.369,15022.118,10.036
02/08/2026,2026-08-02,82,[19:15-19:30[,2026-08-02 18:15,1522.11,482.207,0.317,1226.796,0.806,,,,,1651.93,1.085,3381.83,2.222,-5778.349,-3.796
02/08/2026,2026-08-02,83,[19:30-19:45[,2026-08-02 18:30,1549.81,4256.47,2.746,1071.634,0.691,,,,,1360.9,0.878,3548.83,2.29,-1724.894,-1.113
02/08/2026,2026-08-02,84,[19:45-20:00[,2026-08-02 18:45,1565.057,6139.835,3.923,852.388,0.545,,,,,1818.15,1.162,3548.997,2.268,-79.7,-0.051
02/08/2026,2026-08-02,85,[20:00-20:15[,2026-08-02 19:00,1586.922,-5242.613,-3.304,928.41,0.585,,,,,2404.08,1.515,3548.839,2.236,-12123.941,-7.64
02/08/2026,2026-08-02,86,[20:15-20:30[,2026-08-02 19:15,1584.654,202.688,0.128,684.996,0.432,,,,,2854.23,1.801,3542.111,2.235,-6878.649,-4.341
02/08/2026,2026-08-02,87,[20:30-20:45[,2026-08-02 19:30,1593.897,5341.748,3.351,839.75,0.527,,,,,2854.23,1.791,3455.406,2.168,-1807.638,-1.134
02/08/2026,2026-08-02,88,[20:45-21:00[,2026-08-02 19:45,1613.254,7199.846,4.463,839.75,0.521,,,,,2854.23,1.769,3548.849,2.2,-42.984,-0.027
02/08/2026,2026-08-02,89,[21:00-21:15[,2026-08-02 20:00,1606.352,4512.422,2.809,839.75,0.523,,,,,3214.39,2.001,3201.176,1.993,-2742.893,-1.708
02/08/2026,2026-08-02,90,[21:15-21:30[,2026-08-02 20:15,1614.789,2179.164,1.35,839.75,0.52,,,,,3378.89,2.092,3356.16,2.078,-5395.636,-3.341
02/08/2026,2026-08-02,91,[21:30-21:45[,2026-08-02 20:30,1588.191,-2422.429,-1.525,945.75,0.595,,,,,3812.86,2.401,2892.604,1.821,-10073.643,-6.343
02/08/2026,2026-08-02,92,[21:45-22:00[,2026-08-02 20:45,1556.848,-2292.798,-1.473,945.75,0.607,,,,,3091.89,1.986,2238.39,1.438,-8568.828,-5.504
02/08/2026,2026-08-02,93,[22:00-22:15[,2026-08-02 21:00,1544.777,8479.465,5.489,945.75,0.612,,,,,3566.7,2.309,2134.535,1.382,1832.48,1.186
02/08/2026,2026-08-02,94,[22:15-22:30[,2026-08-02 21:15,1522.462,8483.155,5.572,945.75,0.621,,,,,3566.7,2.343,2135.663,1.403,1835.042,1.205
02/08/2026,2026-08-02,95,[22:30-22:45[,2026-08-02 21:30,1493.454,14279.559,9.561,946.138,0.634,,,,,6929.76,4.64,2136.14,1.43,4267.521,2.857
02/08/2026,2026-08-02,96,[22:45-23:00[,2026-08-02 21:45,1462.768,1383.339,0.946,1025.963,0.701,,,,,6617.8,4.524,2124.862,1.453,-8385.286,-5.732
03/08/2026,2026-08-03,1,[23:00-23:15[,2026-08-02 22:00,1433.974,12738.153,8.883,674.238,0.47,,,,,4171.245,2.909,2207.741,1.54,5684.93,3.964
03/08/2026,2026-08-03,2,[23:15-23:30[,2026-08-02 22:15,1404.896,6182.727,4.401,654.088,0.466,,,,,4169.373,2.968,2213.954,1.576,-854.688,-0.608
03/08/2026,2026-08-03,3,[23:30-23:45[,2026-08-02 22:30,1380.718,8646.129,6.262,635.488,0.46,,,,,4167.645,3.018,2214.425,1.604,1628.572,1.18
03/08/2026,2026-08-03,4,[23:45-00:00[,2026-08-02 22:45,1353.468,17544.197,12.962,596.738,0.441,,,,,4222.29,3.12,2128.694,1.573,10596.476,7.829
03/08/2026,2026-08-03,5,[00:00-00:15[,2026-08-02 23:00,1336.94,12832.444,9.598,557.988,0.417,,,,,3841.032,2.873,2157.659,1.614,6275.765,4.694
03/08/2026,2026-08-03,6,[00:15-00:30[,2026-08-02 23:15,1316.948,8951.821,6.797,435.738,0.331,,,,,4115.896,3.125,2077.663,1.578,2322.525,1.764
03/08/2026,2026-08-03,7,[00:30-00:45[,2026-08-02 23:30,1297.487,7237.951,5.578,492.5,0.38,,,,,3929.134,3.028,2131.646,1.643,684.671,0.528
03/08/2026,2026-08-03,8,[00:45-01:00[,2026-08-02 23:45,1276.767,8647.019,6.773,345.625,0.271,,,,,4284.446,3.356,2119.885,1.66,1897.063,1.486
03/08/2026,2026-08-03,9,[01:00-01:15[,2026-08-03 00:00,1258.262,6871.803,5.461,345.625,0.275,,,,,1977.125,1.571,2094.349,1.664,2454.704,1.951
03/08/2026,2026-08-03,10,[01:15-01:30[,2026-08-03 00:15,1241.582,7074.888,5.698,321.663,0.259,,,,,4068.097,3.277,2125.247,1.712,559.882,0.451
03/08/2026,2026-08-03,11,[01:30-01:45[,2026-08-03 00:30,1223.533,4201.196,3.434,341.575,0.279,,,,,3640.78,2.976,2123.982,1.736,-1905.141,-1.557
03/08/2026,2026-08-03,12,[01:45-02:00[,2026-08-03 00:45,1208.686,5726.053,4.737,231.55,0.192,,,,,3844.14,3.18,2025.874,1.676,-375.512,-0.311
03/08/2026,2026-08-03,13,[02:00-02:15[,2026-08-03 01:00,1199.714,1023.645,0.853,216.9,0.181,,,,,2980.71,2.485,2093.864,1.745,-4267.83,-3.557
03/08/2026,2026-08-03,14,[02:15-02:30[,2026-08-03 01:15,1192.189,3017.719,2.531,255.263,0.214,,,,,2919.96,2.449,2157.848,1.81,-2315.351,-1.942
03/08/2026,2026-08-03,15,[02:30-02:45[,2026-08-03 01:30,1181.517,6364.495,5.387,255.263,0.216,,,,,2919.96,2.471,2153.406,1.823,1035.867,0.877
03/08/2026,2026-08-03,16,[02:45-03:00[,2026-08-03 01:45,1174.461,6010.423,5.118,294.013,0.25,,,,,2859.21,2.434,2157.516,1.837,699.684,0.596
03/08/2026,2026-08-03,17,[03:00-03:15[,2026-08-03 02:00,1168.792,6286.264,5.378,362.213,0.31,,,,,2731.2,2.337,2157.999,1.846,1034.852,0.885
03/08/2026,2026-08-03,18,[03:15-03:30[,2026-08-03 02:15,1160.764,7438.01,6.408,413.363,0.356,,,,,2620.8,2.258,2157.025,1.858,2246.823,1.936
03/08/2026,2026-08-03,19,[03:30-03:45[,2026-08-03 02:30,1156.545,6152.986,5.32,294.013,0.254,,,,,2836.8,2.453,2157.833,1.866,864.341,0.747
03/08/2026,2026-08-03,20,[03:45-04:00[,2026-08-03 02:45,1153.086,5421.651,4.702,255.263,0.221,,,,,2896.8,2.512,2152.463,1.867,117.125,0.102
03/08/2026,2026-08-03,21,[04:00-04:15[,2026-08-03 03:00,1150.925,5712.72,4.964,212.638,0.185,,,,,3211.04,2.79,2154.568,1.872,134.475,0.117
03/08/2026,2026-08-03,22,[04:15-04:30[,2026-08-03 03:15,1147.185,7363.667,6.419,247.75,0.216,,,,,3342.88,2.914,2069.368,1.804,1703.669,1.485
03/08/2026,2026-08-03,23,[04:30-04:45[,2026-08-03 03:30,1143.809,5075.788,4.438,341.575,0.299,,,,,1438.78,1.258,2068.639,1.809,1226.794,1.073
03/08/2026,2026-08-03,24,[04:45-05:00[,2026-08-03 03:45,1145.452,4599.849,4.016,556.05,0.485,,,,,2021.23,1.765,2157.342,1.883,-134.772,-0.118
03/08/2026,2026-08-03,25,[05:00-05:15[,2026-08-03 04:00,1156.907,5690.72,4.919,635.488,0.549,,,,,2287.4,1.977,2157.342,1.865,610.49,0.528
03/08/2026,2026-08-03,26,[05:15-05:30[,2026-08-03 04:15,1163.219,1270.267,1.092,672.688,0.578,,,,,2297.5,1.975,2142.495,1.842,-3842.416,-3.303
03/08/2026,2026-08-03,27,[05:30-05:45[,2026-08-03 04:30,1172.057,4869.784,4.155,691.288,0.59,,,,,2327.5,1.986,2090.885,1.784,-239.889,-0.205
03/08/2026,2026-08-03,28,[05:45-06:00[,2026-08-03 04:45,1184.476,7037.402,5.941,693.613,0.586,,,,,2330,1.967,2092.876,1.767,1920.913,1.622
03/08/2026,2026-08-03,29,[06:00-06:15[,2026-08-03 05:00,1225.943,7210.109,5.881,371.961,0.303,,,,,2759.04,2.251,2101.908,1.715,1977.2,1.613
03/08/2026,2026-08-03,30,[06:15-06:30[,2026-08-03 05:15,1244.313,3821.415,3.071,380.191,0.306,,,,,2635.2,2.118,2144.895,1.724,-1338.872,-1.076
03/08/2026,2026-08-03,31,[06:30-06:45[,2026-08-03 05:30,1254.273,5505.395,4.389,379.492,0.303,,,,,2635.2,2.101,2147.525,1.712,343.179,0.274
03/08/2026,2026-08-03,32,[06:45-07:00[,2026-08-03 05:45,1274.39,6289.551,4.935,369.057,0.29,,,,,2634,2.067,2148.022,1.686,1138.473,0.893
03/08/2026,2026-08-03,33,[07:00-07:15[,2026-08-03 06:00,1325.178,5584.002,4.214,382.679,0.289,,,,,3447.12,2.601,2145.334,1.619,-391.131,-0.295
03/08/2026,2026-08-03,34,[07:15-07:30[,2026-08-03 06:15,1356.062,4376.696,3.228,374.529,0.276,,,,,3514.14,2.591,2146.9,1.583,-1658.873,-1.223
03/08/2026,2026-08-03,35,[07:30-07:45[,2026-08-03 06:30,1383.745,5140.183,3.715,340.011,0.246,,,,,3769.01,2.724,2022.516,1.462,-991.354,-0.716
03/08/2026,2026-08-03,36,[07:45-08:00[,2026-08-03 06:45,1413.096,12899.472,9.129,502.15,0.355,,,,,4791.96,3.391,2004.342,1.418,5601.02,3.964
03/08/2026,2026-08-03,37,[08:00-08:15[,2026-08-03 07:00,1472.771,8260.516,5.609,264.553,0.18,,,,,3485.82,2.367,1972.422,1.339,2537.722,1.723
03/08/2026,2026-08-03,38,[08:15-08:30[,2026-08-03 07:15,1519.059,1238.959,0.816,264.553,0.174,,,,,3490.32,2.298,1933.717,1.273,-4449.631,-2.929
03/08/2026,2026-08-03,39,[08:30-08:45[,2026-08-03 07:30,1546.791,653.941,0.423,327.273,0.212,,,,,3403.95,2.201,1919.037,1.241,-4996.319,-3.23
03/08/2026,2026-08-03,40,[08:45-09:00[,2026-08-03 07:45,1560.524,10889.082,6.978,194.475,0.125,,,,,5115.12,3.278,1908.482,1.223,3671.006,2.352
03/08/2026,2026-08-03,41,[09:00-09:15[,2026-08-03 08:00,1584.271,8378.45,5.289,325.631,0.206,,,,,5107.02,3.224,1792.147,1.131,1153.652,0.728
03/08/2026,2026-08-03,42,[09:15-09:30[,2026-08-03 08:15,1589.012,4538.888,2.856,2108.991,1.327,,,,,3629,2.284,1756.327,1.105,-2955.43,-1.86
03/08/2026,2026-08-03,43,[09:30-09:45[,2026-08-03 08:30,1617.062,12441.827,7.694,3966.481,2.453,,,,,9091.61,5.622,2859.246,1.768,-3475.51,-2.149
03/08/2026,2026-08-03,44,[09:45-10:00[,2026-08-03 08:45,1631.338,24575.175,15.064,5159.584,3.163,,,,,19421.75,11.905,2759.793,1.692,-2765.953,-1.696
03/08/2026,2026-08-03,45,[10:00-10:15[,2026-08-03 09:00,1645.434,24690.672,15.006,6416.338,3.899,,,,,19572.8,11.895,3296.403,2.003,-4594.869,-2.792
03/08/2026,2026-08-03,46,[10:15-10:30[,2026-08-03 09:15,1631.093,25005.431,15.33,6432.77,3.944,,,,,19599.01,12.016,2638.119,1.617,-3664.468,-2.247
03/08/2026,2026-08-03,47,[10:30-10:45[,2026-08-03 09:30,1653.011,27840.276,16.842,7005.378,4.238,,,,,19335.69,11.697,2844.66,1.721,-1345.452,-0.814
03/08/2026,2026-08-03,48,[10:45-11:00[,2026-08-03 09:45,1655.951,24256.579,14.648,7231.863,4.367,,,,,19616.67,11.846,2822.441,1.704,-5414.395,-3.27
03/08/2026,2026-08-03,49,[11:00-11:15[,2026-08-03 10:00,1678.635,29200.768,17.396,7103.892,4.232,,,,,22457.3,13.378,2843.929,1.694,-3204.353,-1.909
03/08/2026,2026-08-03,50,[11:15-11:30[,2026-08-03 10:15,1691.765,31509.936,18.625,7547.289,4.461,,,,,24181.11,14.293,2842.341,1.68,-3060.804,-1.809
03/08/2026,2026-08-03,51,[11:30-11:45[,2026-08-03 10:30,1701.399,25811.089,15.171,7842.7,4.61,,,,,19494.55,11.458,2870.391,1.687,-4396.552,-2.584
03/08/2026,2026-08-03,52,[11:45-12:00[,2026-08-03 10:45,1713.909,27455.55,16.019,7917.7,4.62,,,,,19658.58,11.47,2842.576,1.659,-2963.305,-1.729
03/08/2026,2026-08-03,53,[12:00-12:15[,2026-08-03 11:00,1706.711,18253.952,10.695,8292.7,4.859,,,,,19007.42,11.137,2832.522,1.66,-11878.69,-6.96
03/08/2026,2026-08-03,54,[12:15-12:30[,2026-08-03 11:15,1713.177,15334.068,8.951,8381.763,4.893,,,,,19372.68,11.308,2825.084,1.649,-15245.458,-8.899
03/08/2026,2026-08-03,55,[12:30-12:45[,2026-08-03 11:30,1703.985,28093.831,16.487,8447.388,4.957,,,,,19429.92,11.403,2791.722,1.638,-2575.199,-1.511
03/08/2026,2026-08-03,56,[12:45-13:00[,2026-08-03 11:45,1681.725,27250.952,16.204,8611.45,5.121,,,,,19569.84,11.637,2834.057,1.685,-3764.395,-2.238
03/08/2026,2026-08-03,57,[13:00-13:15[,2026-08-03 12:00,1685.856,26225.997,15.556,8569.263,5.083,,,,,19471.68,11.55,3008.066,1.784,-4823.011,-2.861
03/08/2026,2026-08-03,58,[13:15-13:30[,2026-08-03 12:15,1697.982,21556.094,12.695,8611.45,5.072,,,,,19509.84,11.49,3010.955,1.773,-9576.151,-5.64
03/08/2026,2026-08-03,59,[13:30-13:45[,2026-08-03 12:30,1696.329,27172.03,16.018,8653.638,5.101,,,,,19980.79,11.779,2645.421,1.559,-4107.818,-2.422
03/08/2026,2026-08-03,60,[13:45-14:00[,2026-08-03 12:45,1715.189,26347.57,15.361,9248.95,5.392,,,,,18859.4,10.996,3005.646,1.752,-4766.426,-2.779
03/08/2026,2026-08-03,61,[14:00-14:15[,2026-08-03 13:00,1720.73,25022.274,14.542,8761.45,5.092,,,,,19545.76,11.359,2604.955,1.514,-5889.89,-3.423
03/08/2026,2026-08-03,62,[14:15-14:30[,2026-08-03 13:15,1756.016,22932.961,13.06,8776.45,4.998,,,,,19589.76,11.156,3009.195,1.714,-8442.444,-4.808
03/08/2026,2026-08-03,63,[14:30-14:45[,2026-08-03 13:30,1762.978,23296.111,13.214,8555.2,4.853,,,,,19678.53,11.162,2837.326,1.609,-7774.945,-4.41
03/08/2026,2026-08-03,64,[14:45-15:00[,2026-08-03 13:45,1736.621,22467.543,12.938,8292.7,4.775,,,,,19303.6,11.116,2421.789,1.395,-7550.546,-4.348
03/08/2026,2026-08-03,65,[15:00-15:15[,2026-08-03 14:00,1738.417,22655.912,13.032,8009.575,4.607,,,,,18681.95,10.747,2712.614,1.56,-6748.227,-3.882
03/08/2026,2026-08-03,66,[15:15-15:30[,2026-08-03 14:15,1731.423,19807.484,11.44,7493.899,4.328,,,,,17064.56,9.856,2307.961,1.333,-7058.936,-4.077
03/08/2026,2026-08-03,67,[15:30-15:45[,2026-08-03 14:30,1731.699,15864.969,9.162,7353.614,4.246,,,,,16857.98,9.735,2599.852,1.501,-10946.476,-6.321
03/08/2026,2026-08-03,68,[15:45-16:00[,2026-08-03 14:45,1724.687,13564.62,7.865,7170.158,4.157,,,,,16826.68,9.756,2555.317,1.482,-12987.535,-7.53
03/08/2026,2026-08-03,69,[16:00-16:15[,2026-08-03 15:00,1707.001,34042.088,19.943,7381.035,4.324,,,,,22362.41,13.1,2396.398,1.404,1902.245,1.114
03/08/2026,2026-08-03,70,[16:15-16:30[,2026-08-03 15:15,1706.109,27992.887,16.407,6850.067,4.015,,,,,22109.37,12.959,2622.423,1.537,-3588.972,-2.104
03/08/2026,2026-08-03,71,[16:30-16:45[,2026-08-03 15:30,1702.269,24339.321,14.298,6457.429,3.793,,,,,19916.66,11.7,2632.113,1.546,-4666.881,-2.742
03/08/2026,2026-08-03,72,[16:45-17:00[,2026-08-03 15:45,1689.609,26169.026,15.488,6442.496,3.813,,,,,19890.03,11.772,2786.271,1.649,-2949.77,-1.746
03/08/2026,2026-08-03,73,[17:00-17:15[,2026-08-03 16:00,1673.787,30294.105,18.099,6166.894,3.684,,,,,22299.15,13.323,2989.718,1.786,-1161.656,-0.694
03/08/2026,2026-08-03,74,[17:15-17:30[,2026-08-03 16:15,1677.122,23856.462,14.225,4447.912,2.652,,,,,22267.52,13.277,2979.045,1.776,-5838.015,-3.481
03/08/2026,2026-08-03,75,[17:30-17:45[,2026-08-03 16:30,1650.388,8364.703,5.068,3488.564,2.114,,,,,3526.32,2.137,1901.618,1.152,-551.799,-0.334
03/08/2026,2026-08-03,76,[17:45-18:00[,2026-08-03 16:45,1653.547,5325.887,3.221,583.963,0.353,,,,,3795.7,2.295,1900.814,1.15,-954.59,-0.577
03/08/2026,2026-08-03,77,[18:00-18:15[,2026-08-03 17:00,1654.991,10488.185,6.337,3975.697,2.402,,,0,0,3598.41,2.174,1908.006,1.153,1006.072,0.608
03/08/2026,2026-08-03,78,[18:15-18:30[,2026-08-03 17:15,1667.483,5469.958,3.28,214.288,0.129,,,,,3316.54,1.989,1899.905,1.139,39.225,0.024
03/08/2026,2026-08-03,79,[18:30-18:45[,2026-08-03 17:30,1689.083,5919.035,3.504,376.739,0.223,,,,,4063.28,2.406,1894.59,1.122,-415.574,-0.246
03/08/2026,2026-08-03,80,[18:45-19:00[,2026-08-03 17:45,1719.77,9722.892,5.654,405.088,0.236,,,,,3657.25,2.127,1883.763,1.095,3776.791,2.196
03/08/2026,2026-08-03,81,[19:00-19:15[,2026-08-03 18:00,1741.265,3987.556,2.29,308.681,0.177,,,,,2181.44,1.253,1819.156,1.045,-321.721,-0.185
03/08/2026,2026-08-03,82,[19:15-19:30[,2026-08-03 18:15,1764.209,-915,-0.519,414.323,0.235,,,,,2760.02,1.564,1782.149,1.01,-5871.491,-3.328
03/08/2026,2026-08-03,83,[19:30-19:45[,2026-08-03 18:30,1789.6,5881.069,3.286,420.36,0.235,,,,,1949.83,1.09,1891.327,1.057,1619.553,0.905
03/08/2026,2026-08-03,84,[19:45-20:00[,2026-08-03 18:45,1813.708,7662.218,4.225,422.526,0.233,,,,,1862.76,1.027,1904.793,1.05,3472.139,1.914
03/08/2026,2026-08-03,85,[20:00-20:15[,2026-08-03 19:00,1811.677,9342.652,5.157,690.509,0.381,,,,,2187.7,1.208,1800.397,0.994,4664.047,2.574
03/08/2026,2026-08-03,86,[20:15-20:30[,2026-08-03 19:15,1806.203,5176.703,2.866,702.47,0.389,,,,,2699.04,1.494,1836.704,1.017,-61.511,-0.034
03/08/2026,2026-08-03,87,[20:30-20:45[,2026-08-03 19:30,1797.569,5111.321,2.843,706.431,0.393,,,,,3551.74,1.976,1837.619,1.022,-984.468,-0.548
03/08/2026,2026-08-03,88,[20:45-21:00[,2026-08-03 19:45,1799.862,5707.623,3.171,706.276,0.392,,,,,2874.88,1.597,1827.565,1.015,298.902,0.166
03/08/2026,2026-08-03,89,[21:00-21:15[,2026-08-03 20:00,1804.763,7681.653,4.256,706.926,0.392,,,,,2456.32,1.361,1829.878,1.014,2688.529,1.49
03/08/2026,2026-08-03,90,[21:15-21:30[,2026-08-03 20:15,1790.931,5166.055,2.885,706.926,0.395,,,,,2332.58,1.302,1821.264,1.017,305.285,0.17
03/08/2026,2026-08-03,91,[21:30-21:45[,2026-08-03 20:30,1764.293,6673.399,3.782,706.926,0.401,,,,,3094.6,1.754,1830.7,1.038,1041.173,0.59
03/08/2026,2026-08-03,92,[21:45-22:00[,2026-08-03 20:45,1734.924,4186.876,2.413,706.926,0.407,,,,,2489.02,1.435,1814.803,1.046,-823.873,-0.475
03/08/2026,2026-08-03,93,[22:00-22:15[,2026-08-03 21:00,1709.501,2993.686,1.751,731.756,0.428,,,,,3025.36,1.77,1821.682,1.066,-2585.111,-1.512
03/08/2026,2026-08-03,94,[22:15-22:30[,2026-08-03 21:15,1676.634,2477.279,1.478,709.642,0.423,,,,,2596.92,1.549,1797.339,1.072,-2626.621,-1.567
03/08/2026,2026-08-03,95,[22:30-22:45[,2026-08-03 21:30,1643.895,16990.082,10.335,692.843,0.421,,,,,2594.26,1.578,1716.177,1.044,11986.802,7.292
03/08/2026,2026-08-03,96,[22:45-23:00[,2026-08-03 21:45,1604.236,4658.27,2.904,657.302,0.41,,,,,3390.96,2.114,1694.784,1.056,-1084.775,-0.676
04/08/2026,2026-08-04,1,[23:00-23:15[,2026-08-03 22:00,1567.417,2137.052,1.363,709.472,0.453,,,,,2901.6,1.851,1711.689,1.092,-3185.709,-2.032
04/08/2026,2026-08-04,2,[23:15-23:30[,2026-08-03 22:15,1532.957,2576.177,1.681,709.746,0.463,,,,,2486,1.622,1778.459,1.16,-2398.028,-1.564
04/08/2026,2026-08-04,3,[23:30-23:45[,2026-08-03 22:30,1499.796,5290.228,3.527,710.02,0.473,,,-227.115,-0.151,2543,1.696,1838.242,1.226,426.082,0.284
04/08/2026,2026-08-04,4,[23:45-00:00[,2026-08-03 22:45,1464.15,3738.963,2.554,711.404,0.486,,,,,2603,1.778,1889,1.29,-1464.442,-1
04/08/2026,2026-08-04,5,[00:00-00:15[,2026-08-03 23:00,1441.307,2832.771,1.965,717.353,0.498,,,,,2460.6,1.707,1996.949,1.386,-2342.131,-1.625
04/08/2026,2026-08-04,6,[00:15-00:30[,2026-08-03 23:15,1416.605,3316.802,2.341,717.951,0.507,,,,,2491.84,1.759,2024.116,1.429,-1917.105,-1.353
04/08/2026,2026-08-04,7,[00:30-00:45[,2026-08-03 23:30,1395.268,5453.438,3.909,718.25,0.515,,,,,2511.72,1.8,2023.595,1.45,199.872,0.143
04/08/2026,2026-08-04,8,[00:45-01:00[,2026-08-03 23:45,1372.366,4074.393,2.969,719.958,0.525,,,-1281.262,-0.934,2545.8,1.855,2086.724,1.521,3.173,0.002
04/08/2026,2026-08-04,9,[01:00-01:15[,2026-08-04 00:00,1354.386,6600.23,4.873,720.257,0.532,,,,,2072,1.53,2071.329,1.529,1736.644,1.282
04/08/2026,2026-08-04,10,[01:15-01:30[,2026-08-04 00:15,1336.444,6742.976,5.045,871.707,0.652,,,,,2512.61,1.88,2070.062,1.549,1288.598,0.964
04/08/2026,2026-08-04,11,[01:30-01:45[,2026-08-04 00:30,1318.328,5564.271,4.221,720.855,0.547,,,,,2072,1.572,2071.894,1.572,699.522,0.531
04/08/2026,2026-08-04,12,[01:45-02:00[,2026-08-04 00:45,1302.662,4135.407,3.175,874.315,0.671,,,,,2072,1.591,2077.391,1.595,-888.299,-0.682
04/08/2026,2026-08-04,13,[02:00-02:15[,2026-08-04 01:00,1288.672,6903.225,5.357,823.229,0.639,,,,,1838.5,1.427,2075.133,1.61,2166.363,1.681
04/08/2026,2026-08-04,14,[02:15-02:30[,2026-08-04 01:15,1276.152,3984.935,3.123,827.601,0.649,,,,,1850.65,1.45,2105.42,1.65,-798.736,-0.626
04/08/2026,2026-08-04,15,[02:30-02:45[,2026-08-04 01:30,1265.653,6419.129,5.072,863.025,0.682,,,,,1916.26,1.514,2101.286,1.66,1538.557,1.216
04/08/2026,2026-08-04,16,[02:45-03:00[,2026-08-04 01:45,1257.832,4573.307,3.636,873.792,0.695,,,,,1933.27,1.537,2100.625,1.67,-334.38,-0.266
04/08/2026,2026-08-04,17,[03:00-03:15[,2026-08-04 02:00,1249.593,4254.218,3.404,863.631,0.691,,,,,1904.26,1.524,2100.615,1.681,-614.288,-0.492
04/08/2026,2026-08-04,18,[03:15-03:30[,2026-08-04 02:15,1237.956,5780.248,4.669,874.505,0.706,,,,,1923.7,1.554,2102.301,1.698,879.742,0.711
04/08/2026,2026-08-04,19,[03:30-03:45[,2026-08-04 02:30,1233.073,6231.349,5.054,872.266,0.707,,,,,1921.27,1.558,2102.537,1.705,1335.276,1.083
04/08/2026,2026-08-04,20,[03:45-04:00[,2026-08-04 02:45,1227.617,4040.968,3.292,862.419,0.703,,,,,1904.26,1.551,2104.818,1.715,-830.528,-0.677
04/08/2026,2026-08-04,21,[04:00-04:15[,2026-08-04 03:00,1227.714,5922.821,4.824,882.18,0.719,,,,,2004.71,1.633,2105.001,1.715,930.931,0.758
04/08/2026,2026-08-04,22,[04:15-04:30[,2026-08-04 03:15,1219.039,5221.685,4.283,829.524,0.68,,,,,1897.79,1.557,2105.059,1.727,389.313,0.319
04/08/2026,2026-08-04,23,[04:30-04:45[,2026-08-04 03:30,1214.836,5261.646,4.331,844.79,0.695,,,,,1999.85,1.646,2104.757,1.733,312.249,0.257
04/08/2026,2026-08-04,24,[04:45-05:00[,2026-08-04 03:45,1212.285,4094.934,3.378,722.563,0.596,,,,,1999.85,1.65,2105.161,1.737,-732.641,-0.604
04/08/2026,2026-08-04,25,[05:00-05:15[,2026-08-04 04:00,1225.441,5376.335,4.387,722.563,0.59,,,,,1999.85,1.632,2104.654,1.717,549.268,0.448
04/08/2026,2026-08-04,26,[05:15-05:30[,2026-08-04 04:15,1233.189,5892.259,4.778,722.264,0.586,,,,,1999.85,1.622,2129.202,1.727,1040.942,0.844
04/08/2026,2026-08-04,27,[05:30-05:45[,2026-08-04 04:30,1238.562,4882.529,3.942,722.264,0.583,,,,,1999.85,1.615,2128.879,1.719,31.536,0.025
04/08/2026,2026-08-04,28,[05:45-06:00[,2026-08-04 04:45,1247.874,5266.247,4.22,720.855,0.578,,,,,1999.85,1.603,2128.879,1.706,416.663,0.334
04/08/2026,2026-08-04,29,[06:00-06:15[,2026-08-04 05:00,1285.886,1835.754,1.428,311.136,0.242,,,,,3044.72,2.368,2144.568,1.668,-3664.67,-2.85
04/08/2026,2026-08-04,30,[06:15-06:30[,2026-08-04 05:15,1295.817,3587.635,2.769,311.136,0.24,,,,,2790,2.153,2144.627,1.655,-1658.127,-1.28
04/08/2026,2026-08-04,31,[06:30-06:45[,2026-08-04 05:30,1305.045,7604.958,5.827,311.136,0.238,,,,,2882.88,2.209,2144.627,1.643,2266.315,1.737
04/08/2026,2026-08-04,32,[06:45-07:00[,2026-08-04 05:45,1322.629,5608.361,4.24,311.391,0.235,,,,,3045.12,2.302,2144.201,1.621,107.65,0.081
04/08/2026,2026-08-04,33,[07:00-07:15[,2026-08-04 06:00,1373.721,-805.026,-0.586,311.136,0.226,,,,,3054.24,2.223,2161.65,1.574,-6332.051,-4.609
04/08/2026,2026-08-04,34,[07:15-07:30[,2026-08-04 06:15,1405.256,4049.415,2.882,311.015,0.221,,,,,3129.12,2.227,2155.055,1.534,-1545.775,-1.1
04/08/2026,2026-08-04,35,[07:30-07:45[,2026-08-04 06:30,1434.39,4464.838,3.113,311.015,0.217,,,,,3419.28,2.384,2149.222,1.498,-1414.679,-0.986
04/08/2026,2026-08-04,36,[07:45-08:00[,2026-08-04 06:45,1466.431,9262.84,6.317,2649.712,1.807,,,,,3210,2.189,2158.692,1.472,1244.437,0.849
04/08/2026,2026-08-04,37,[08:00-08:15[,2026-08-04 07:00,1535.327,6194.717,4.035,311.015,0.203,,,,,3765.97,2.453,2286.353,1.489,-168.621,-0.11
04/08/2026,2026-08-04,38,[08:15-08:30[,2026-08-04 07:15,1595.85,5110.436,3.202,1992.295,1.248,,,,,2785.5,1.745,3287.288,2.06,-2954.647,-1.851
04/08/2026,2026-08-04,39,[08:30-08:45[,2026-08-04 07:30,1639.218,21193.304,12.929,4451.536,2.716,,,,,16331.53,9.963,3239.532,1.976,-2829.295,-1.726
04/08/2026,2026-08-04,40,[08:45-09:00[,2026-08-04 07:45,1672.85,23567.799,14.088,5525.891,3.303,,,,,15164.9,9.065,3193.866,1.909,-316.858,-0.189
04/08/2026,2026-08-04,41,[09:00-09:15[,2026-08-04 08:00,1684.203,24377.331,14.474,4633.806,2.751,,,,,17156.86,10.187,2919.513,1.733,-332.849,-0.198
04/08/2026,2026-08-04,42,[09:15-09:30[,2026-08-04 08:15,1714.68,25115.552,14.647,5637.589,3.288,,,,,16474.82,9.608,3785.077,2.207,-781.934,-0.456
04/08/2026,2026-08-04,43,[09:30-09:45[,2026-08-04 08:30,1722.629,27598.621,16.021,7118.817,4.133,,,,,18069.21,10.489,3676.96,2.135,-1266.365,-0.735
04/08/2026,2026-08-04,44,[09:45-10:00[,2026-08-04 08:45,1725.057,33834.855,19.614,8112.62,4.703,,,,,21865.64,12.675,3511.305,2.035,345.291,0.2
04/08/2026,2026-08-04,45,[10:00-10:15[,2026-08-04 09:00,1717.894,30646.438,17.84,7192.102,4.187,,,,,19016.38,11.07,3527.935,2.054,910.021,0.53
04/08/2026,2026-08-04,46,[10:15-10:30[,2026-08-04 09:15,1743.986,26883.078,15.415,7124.197,4.085,,,,,19177.38,10.996,3664.318,2.101,-3082.817,-1.768
04/08/2026,2026-08-04,47,[10:30-10:45[,2026-08-04 09:30,1741.951,27476.197,15.773,7154.332,4.107,,,,,19292.38,11.075,3525.199,2.024,-2495.714,-1.433
04/08/2026,2026-08-04,48,[10:45-11:00[,2026-08-04 09:45,1734.421,29425.486,16.966,7326.278,4.224,,,,,19107.38,11.017,3614.327,2.084,-622.498,-0.359
04/08/2026,2026-08-04,49,[11:00-11:15[,2026-08-04 10:00,1743.054,26741.138,15.342,7380.767,4.234,,,,,19305.49,11.076,3563.715,2.045,-3508.833,-2.013
04/08/2026,2026-08-04,50,[11:15-11:30[,2026-08-04 10:15,1752.178,30191.229,17.231,8248.55,4.708,,,,,18729.49,10.689,3491.18,1.992,-277.992,-0.159
04/08/2026,2026-08-04,51,[11:30-11:45[,2026-08-04 10:30,1726.694,31054.33,17.985,8320.761,4.819,,,,,17435.96,10.098,3300.018,1.911,1997.591,1.157
04/08/2026,2026-08-04,52,[11:45-12:00[,2026-08-04 10:45,1739.042,25288.81,14.542,8467.349,4.869,,,,,17214.44,9.899,3428.678,1.972,-3821.656,-2.198
04/08/2026,2026-08-04,53,[12:00-12:15[,2026-08-04 11:00,1736.755,22000.101,12.667,8617.349,4.962,,,,,16163.72,9.307,3630.339,2.09,-6411.307,-3.692
04/08/2026,2026-08-04,54,[12:15-12:30[,2026-08-04 11:15,1714.541,23931.843,13.958,8744.849,5.1,,,,,16272.18,9.491,3130.634,1.826,-4215.82,-2.459
04/08/2026,2026-08-04,55,[12:30-12:45[,2026-08-04 11:30,1705.588,29220.768,17.132,9500.605,5.57,,,,,16169.23,9.48,3493.548,2.048,57.385,0.034
04/08/2026,2026-08-04,56,[12:45-13:00[,2026-08-04 11:45,1688.756,29544.606,17.495,9628.105,5.701,,,,,16169.23,9.575,3566.962,2.112,180.309,0.107
04/08/2026,2026-08-04,57,[13:00-13:15[,2026-08-04 12:00,1662.809,25258.998,15.191,8645.474,5.199,,,,,16133.74,9.703,3421.073,2.057,-2941.289,-1.769
04/08/2026,2026-08-04,58,[13:15-13:30[,2026-08-04 12:15,1668.695,22843.597,13.689,8395.161,5.031,,,,,16111.8,9.655,3458.918,2.073,-5122.283,-3.07
04/08/2026,2026-08-04,59,[13:30-13:45[,2026-08-04 12:30,1678.442,24107.389,14.363,8329.08,4.962,,,,,15683.96,9.344,3555.121,2.118,-3460.771,-2.062
04/08/2026,2026-08-04,60,[13:45-14:00[,2026-08-04 12:45,1648.2,26616.92,16.149,8288.863,5.029,,,,,15662.4,9.503,2577.295,1.564,88.363,0.054
04/08/2026,2026-08-04,61,[14:00-14:15[,2026-08-04 13:00,1670.33,28946.303,17.33,8331.411,4.988,,,,,16019.4,9.591,2766.677,1.656,1828.815,1.095
04/08/2026,2026-08-04,62,[14:15-14:30[,2026-08-04 13:15,1683.498,27657.725,16.429,8467.349,5.03,,,,,16134.6,9.584,3434.712,2.04,-378.935,-0.225
04/08/2026,2026-08-04,63,[14:30-14:45[,2026-08-04 13:30,1673.35,23407.239,13.988,8612.661,5.147,,,,,12004.16,7.174,2879.057,1.721,-88.639,-0.053
04/08/2026,2026-08-04,64,[14:45-15:00[,2026-08-04 13:45,1682.595,23651.281,14.056,8774.849,5.215,,,,,12208.64,7.256,3524.342,2.095,-856.549,-0.509
04/08/2026,2026-08-04,65,[15:00-15:15[,2026-08-04 14:00,1682.953,26897.074,15.982,9813.73,5.831,,,,,16041.24,9.532,3591.786,2.134,-2549.682,-1.515
04/08/2026,2026-08-04,66,[15:15-15:30[,2026-08-04 14:15,1671.683,28172.973,16.853,8856.411,5.298,,,,,16238.4,9.714,3489.486,2.087,-411.324,-0.246
04/08/2026,2026-08-04,67,[15:30-15:45[,2026-08-04 14:30,1667.256,28299.939,16.974,8673.599,5.202,,,,,16113.63,9.665,3581.061,2.148,-68.35,-0.041
04/08/2026,2026-08-04,68,[15:45-16:00[,2026-08-04 14:45,1673.042,28581.605,17.084,8589.224,5.134,,,,,16367.01,9.783,3588.245,2.145,37.127,0.022
04/08/2026,2026-08-04,69,[16:00-16:15[,2026-08-04 15:00,1661.405,30589.582,18.412,8288.863,4.989,,,,,18871.52,11.359,3517.778,2.117,-88.578,-0.053
04/08/2026,2026-08-04,70,[16:15-16:30[,2026-08-04 15:15,1646.075,29606.001,17.986,7321.596,4.448,,,,,19610.01,11.913,3308.08,2.01,-633.684,-0.385
04/08/2026,2026-08-04,71,[16:30-16:45[,2026-08-04 15:30,1646.482,28782.441,17.481,7217.382,4.384,,,,,19612.42,11.912,3174.01,1.928,-1221.371,-0.742
04/08/2026,2026-08-04,72,[16:45-17:00[,2026-08-04 15:45,1651.408,24085.69,14.585,6239.511,3.778,,,,,16684.17,10.103,3194.415,1.934,-2032.406,-1.231
04/08/2026,2026-08-04,73,[17:00-17:15[,2026-08-04 16:00,1630.643,28764.801,17.64,7110.259,4.36,,,,,18039.42,11.063,2484.515,1.524,1130.606,0.693
04/08/2026,2026-08-04,74,[17:15-17:30[,2026-08-04 16:15,1652.467,27337.816,16.544,5968.073,3.612,,,,,17181.87,10.398,3176.156,1.922,1011.718,0.612
04/08/2026,2026-08-04,75,[17:30-17:45[,2026-08-04 16:30,1658.384,25988.959,15.671,5180.505,3.124,,,,,17607.04,10.617,3142.049,1.895,59.365,0.036
04/08/2026,2026-08-04,76,[17:45-18:00[,2026-08-04 16:45,1655.95,23245.932,14.038,3510.091,2.12,,,,,17582.03,10.617,2676.44,1.616,-522.628,-0.316
04/08/2026,2026-08-04,77,[18:00-18:15[,2026-08-04 17:00,1675.656,28970.159,17.289,5337.894,3.186,,,,,15526.76,9.266,3171.513,1.893,4933.992,2.945
04/08/2026,2026-08-04,78,[18:15-18:30[,2026-08-04 17:15,1704.199,10030.556,5.886,2543.991,1.493,,,,,3255,1.91,3232.279,1.897,999.287,0.586
04/08/2026,2026-08-04,79,[18:30-18:45[,2026-08-04 17:30,1723.306,5285.277,3.067,311.618,0.181,,,,,4088.07,2.372,3220.843,1.869,-2335.253,-1.355
04/08/2026,2026-08-04,80,[18:45-19:00[,2026-08-04 17:45,1742.633,914.847,0.525,311.618,0.179,,,,,3610.7,2.072,2359.907,1.354,-5367.378,-3.08
04/08/2026,2026-08-04,81,[19:00-19:15[,2026-08-04 18:00,1769.27,5137.941,2.904,311.618,0.176,,,,,3126.92,1.767,2277.724,1.287,-578.321,-0.327
04/08/2026,2026-08-04,82,[19:15-19:30[,2026-08-04 18:15,1795.433,4129.601,2.3,311.618,0.174,,,,,2632,1.466,2125.41,1.184,-939.427,-0.523
04/08/2026,2026-08-04,83,[19:30-19:45[,2026-08-04 18:30,1822.914,6906.161,3.789,311.873,0.171,,,,,2440.5,1.339,2215.422,1.215,1938.367,1.063
04/08/2026,2026-08-04,84,[19:45-20:00[,2026-08-04 18:45,1848.226,-329.77,-0.178,305.63,0.165,,,,,2552,1.381,2212.162,1.197,-5399.562,-2.921
04/08/2026,2026-08-04,85,[20:00-20:15[,2026-08-04 19:00,1852.141,6262.804,3.381,305.562,0.165,,,,,2460.5,1.328,2199.812,1.188,1296.93,0.7
04/08/2026,2026-08-04,86,[20:15-20:30[,2026-08-04 19:15,1849.191,4639.857,2.509,305.562,0.165,,,,,2631.4,1.423,2195.364,1.187,-492.469,-0.266
04/08/2026,2026-08-04,87,[20:30-20:45[,2026-08-04 19:30,1838.854,7499.168,4.078,305.562,0.166,,,,,2586.12,1.406,2210.994,1.202,2396.492,1.303
04/08/2026,2026-08-04,88,[20:45-21:00[,2026-08-04 19:45,1841.573,5295.279,2.875,305.494,0.166,,,-666.8,-0.362,2602,1.413,2117.073,1.15,937.512,0.509
04/08/2026,2026-08-04,89,[21:00-21:15[,2026-08-04 20:00,1849.973,4672.487,2.526,719.198,0.389,,,,,3180,1.719,2104.826,1.138,-1331.537,-0.72
04/08/2026,2026-08-04,90,[21:15-21:30[,2026-08-04 20:15,1831.352,1292.983,0.706,1034.753,0.565,,,,,3180,1.736,2104.723,1.149,-5026.492,-2.745
04/08/2026,2026-08-04,91,[21:30-21:45[,2026-08-04 20:30,1804.517,7161.477,3.969,1034.527,0.573,,,,,3180,1.762,2102.599,1.165,844.351,0.468
04/08/2026,2026-08-04,92,[21:45-22:00[,2026-08-04 20:45,1774.401,5868.253,3.307,1034.301,0.583,,,,,3180,1.792,2104.93,1.186,-450.977,-0.254
04/08/2026,2026-08-04,93,[22:00-22:15[,2026-08-04 21:00,1746.184,6295.989,3.606,1035.21,0.593,,,,,3513.8,2.012,2073.253,1.187,-326.273,-0.187
04/08/2026,2026-08-04,94,[22:15-22:30[,2026-08-04 21:15,1715.595,5835.515,3.401,1034.811,0.603,,,,,3672.2,2.14,2073.149,1.208,-944.645,-0.551
04/08/2026,2026-08-04,95,[22:30-22:45[,2026-08-04 21:30,1680.487,6923.397,4.12,1034.412,0.616,,,,,3643.46,2.168,2073.252,1.234,172.273,0.103
04/08/2026,2026-08-04,96,[22:45-23:00[,2026-08-04 21:45,1643.503,9978.467,6.071,1034.013,0.629,,,,,3867.14,2.353,2073.355,1.262,3003.958,1.828
05/08/2026,2026-08-05,1,[23:00-23:15[,2026-08-04 22:00,1599.753,2205.512,1.379,,,,,,,2179.59,1.362,2104.825,1.316,-2078.904,-1.3
05/08/2026,2026-08-05,2,[23:15-23:30[,2026-08-04 22:15,1562.74,5060.016,3.238,,,,,,,2446,1.565,2104.722,1.347,509.294,0.326
05/08/2026,2026-08-05,3,[23:30-23:45[,2026-08-04 22:30,1529.71,4885.621,3.194,,,,,,,2445.76,1.599,2104.721,1.376,335.14,0.219
05/08/2026,2026-08-05,4,[23:45-00:00[,2026-08-04 22:45,1494.997,2953.679,1.976,,,,,,,2412.5,1.614,2030.047,1.358,-1488.869,-0.996
05/08/2026,2026-08-05,5,[00:00-00:15[,2026-08-04 23:00,1464.885,8484.214,5.792,,,,,,,1882.71,1.285,2065.583,1.41,4535.921,3.096
05/08/2026,2026-08-05,6,[00:15-00:30[,2026-08-04 23:15,1440.206,9126.779,6.337,,,,,,,2989.6,2.076,2074.382,1.44,4062.797,2.821
05/08/2026,2026-08-05,7,[00:30-00:45[,2026-08-04 23:30,1417.818,7097.33,5.006,,,,,,,2042.5,1.441,2079.992,1.467,2974.839,2.098
05/08/2026,2026-08-05,8,[00:45-01:00[,2026-08-04 23:45,1397.827,10206.332,7.302,,,,,,,2042.5,1.461,2202.058,1.575,5961.774,4.265
05/08/2026,2026-08-05,9,[01:00-01:15[,2026-08-05 00:00,1390.26,8589.624,6.178,,,,,,,1434,1.031,3245.386,2.334,3910.237,2.813
05/08/2026,2026-08-05,10,[01:15-01:30[,2026-08-05 00:15,1364.005,3695.583,2.709,,,,,,,1431.4,1.049,3071.954,2.252,-807.771,-0.592
05/08/2026,2026-08-05,11,[01:30-01:45[,2026-08-05 00:30,1342.932,4032.234,3.003,,,,,,,1421,1.058,2954.497,2.2,-343.263,-0.256
05/08/2026,2026-08-05,12,[01:45-02:00[,2026-08-05 00:45,1334.113,10050.498,7.533,,,,,,,1431.4,1.073,3245.382,2.433,5373.716,4.028
05/08/2026,2026-08-05,13,[02:00-02:15[,2026-08-05 01:00,1317.895,11758.604,8.922,,,,,,,1095,0.831,3243.15,2.461,7420.454,5.631
05/08/2026,2026-08-05,14,[02:15-02:30[,2026-08-05 01:15,1310.03,5130.086,3.916,,,,,,,1095,0.836,3240.881,2.474,794.205,0.606
05/08/2026,2026-08-05,15,[02:30-02:45[,2026-08-05 01:30,1303.955,2996.653,2.298,,,,,,,1095,0.84,3240.497,2.485,-1338.844,-1.027
05/08/2026,2026-08-05,16,[02:45-03:00[,2026-08-05 01:45,1283.873,5422.541,4.224,,,,,,,1106.35,0.862,3203.628,2.495,1112.563,0.867
05/08/2026,2026-08-05,17,[03:00-03:15[,2026-08-05 02:00,1281.076,2814.248,2.197,,,,,,,1091,0.852,3240.555,2.53,-1517.307,-1.184
05/08/2026,2026-08-05,18,[03:15-03:30[,2026-08-05 02:15,1278.292,4698.755,3.676,,,,,,,1103.2,0.863,3240.82,2.535,354.735,0.278
05/08/2026,2026-08-05,19,[03:30-03:45[,2026-08-05 02:30,1262.467,5844.964,4.63,,,,,,,1091,0.864,3240.716,2.567,1513.248,1.199
05/08/2026,2026-08-05,20,[03:45-04:00[,2026-08-05 02:45,1257.577,5350.178,4.254,,,,,,,1091,0.868,3240.392,2.577,1018.785,0.81
05/08/2026,2026-08-05,21,[04:00-04:15[,2026-08-05 03:00,1259.173,4897.631,3.89,,,,,,,1107,0.879,3240.554,2.574,550.077,0.437
05/08/2026,2026-08-05,22,[04:15-04:30[,2026-08-05 03:15,1244.736,6821.249,5.48,,,,,,,1107,0.889,3102.954,2.493,2611.295,2.098
05/08/2026,2026-08-05,23,[04:30-04:45[,2026-08-05 03:30,1246.975,8559.092,6.864,,,,,,,1107,0.888,3216.712,2.58,4235.379,3.397
05/08/2026,2026-08-05,24,[04:45-05:00[,2026-08-05 03:45,1249.073,6909.26,5.532,,,,,,,2207.41,1.767,3233.67,2.589,1468.181,1.175
05/08/2026,2026-08-05,25,[05:00-05:15[,2026-08-05 04:00,1252.646,4038.309,3.224,,,,,,,1967.5,1.571,3197.341,2.552,-1126.533,-0.899
05/08/2026,2026-08-05,26,[05:15-05:30[,2026-08-05 04:15,1264.832,5593.841,4.423,,,,,,,2224.02,1.758,3215.623,2.542,154.198,0.122
05/08/2026,2026-08-05,27,[05:30-05:45[,2026-08-05 04:30,1273.123,-2578.447,-2.025,,,,,,,1642.73,1.29,3214.666,2.525,-7435.843,-5.841
05/08/2026,2026-08-05,28,[05:45-06:00[,2026-08-05 04:45,1274.496,5029.112,3.946,,,,,,,1630.5,1.279,3197.666,2.509,200.946,0.158
05/08/2026,2026-08-05,29,[06:00-06:15[,2026-08-05 05:00,1313.971,5722.946,4.355,,,,,,,2060.84,1.568,3194.1,2.431,468.006,0.356
05/08/2026,2026-08-05,30,[06:15-06:30[,2026-08-05 05:15,1328.784,2214.968,1.667,,,,,,,2074.76,1.561,3193.613,2.403,-3053.405,-2.298
05/08/2026,2026-08-05,31,[06:30-06:45[,2026-08-05 05:30,1332.747,5610.85,4.21,,,,,,,2060.84,1.546,3193.775,2.396,356.235,0.267
05/08/2026,2026-08-05,32,[06:45-07:00[,2026-08-05 05:45,1352.793,7987.219,5.904,,,,,,,2235.83,1.653,3194.042,2.361,2557.348,1.89
05/08/2026,2026-08-05,33,[07:00-07:15[,2026-08-05 06:00,1400.138,3256.243,2.326,,,,,,,2942,2.101,3193.666,2.281,-2879.423,-2.057
05/08/2026,2026-08-05,34,[07:15-07:30[,2026-08-05 06:15,1427.606,11517.64,8.068,,,,,,,3277.51,2.296,3152.115,2.208,5088.015,3.564
05/08/2026,2026-08-05,35,[07:30-07:45[,2026-08-05 06:30,1462.502,10380.605,7.098,4443.737,3.038,,,,,3017.5,2.063,3155.518,2.158,-236.15,-0.161
05/08/2026,2026-08-05,36,[07:45-08:00[,2026-08-05 06:45,1502.888,13308.013,8.855,6650.827,4.425,,,,,3982.5,2.65,3158.543,2.102,-483.856,-0.322
05/08/2026,2026-08-05,37,[08:00-08:15[,2026-08-05 07:00,1541.647,6248.189,4.053,2901.51,1.882,,,,,2794.5,1.813,2492.523,1.617,-1940.344,-1.259
05/08/2026,2026-08-05,38,[08:15-08:30[,2026-08-05 07:15,1580.831,23420.154,14.815,6018.781,3.807,,,,,12386.19,7.835,2159.47,1.366,2855.713,1.806
05/08/2026,2026-08-05,39,[08:30-08:45[,2026-08-05 07:30,1613.936,26659.764,16.518,7831.375,4.852,,,,,15167.04,9.398,2151.211,1.333,1510.138,0.936
05/08/2026,2026-08-05,40,[08:45-09:00[,2026-08-05 07:45,1630.273,29307.858,17.977,9920.843,6.085,,,,,16657.64,10.218,2042.175,1.253,687.2,0.422
05/08/2026,2026-08-05,41,[09:00-09:15[,2026-08-05 08:00,1645.927,26692.57,16.217,9238.563,5.613,,,,,17031.07,10.347,1803.771,1.096,-1380.833,-0.839
05/08/2026,2026-08-05,42,[09:15-09:30[,2026-08-05 08:15,1641.932,33445.135,20.369,11304.298,6.885,,,,,18140.2,11.048,1772.485,1.08,2228.152,1.357
05/08/2026,2026-08-05,43,[09:30-09:45[,2026-08-05 08:30,1634.634,40419.92,24.727,13559.957,8.295,,,,,22118.7,13.531,1711.032,1.047,3030.231,1.854
05/08/2026,2026-08-05,44,[09:45-10:00[,2026-08-05 08:45,1626.452,37217.308,22.883,15683.571,9.643,,,,,16975.37,10.437,1628.53,1.001,2929.838,1.801
05/08/2026,2026-08-05,45,[10:00-10:15[,2026-08-05 09:00,1630.253,35893.218,22.017,14255.352,8.744,,,1488.062,0.913,15207.56,9.328,2739.238,1.68,2203.006,1.351
05/08/2026,2026-08-05,46,[10:15-10:30[,2026-08-05 09:15,1636.94,27795.842,16.98,15569.591,9.511,,,,,15428.99,9.426,2853.426,1.743,-6056.165,-3.7
05/08/2026,2026-08-05,47,[10:30-10:45[,2026-08-05 09:30,1632.171,38466.385,23.568,15680.54,9.607,,,,,15752.73,9.651,2959.971,1.814,4073.144,2.496
05/08/2026,2026-08-05,48,[10:45-11:00[,2026-08-05 09:45,1609.296,39590.656,24.601,16284.13,10.119,,,,,15569.22,9.675,2274.113,1.413,5463.193,3.395
05/08/2026,2026-08-05,49,[11:00-11:15[,2026-08-05 10:00,1624.939,40808.243,25.114,15829.451,9.742,,,,,16829.94,10.357,2959.773,1.821,5189.079,3.193
05/08/2026,2026-08-05,50,[11:15-11:30[,2026-08-05 10:15,1631.845,40707.212,24.946,15668.544,9.602,,,,,17362.39,10.64,2988.18,1.831,4688.098,2.873
05/08/2026,2026-08-05,51,[11:30-11:45[,2026-08-05 10:30,1634.26,35481.859,21.711,15831.128,9.687,,,,,16663.82,10.197,2983.562,1.826,3.349,0.002
05/08/2026,2026-08-05,52,[11:45-12:00[,2026-08-05 10:45,1611.918,34851.235,21.621,16271.751,10.095,,,,,16368.33,10.155,2444.732,1.517,-233.577,-0.145
05/08/2026,2026-08-05,53,[12:00-12:15[,2026-08-05 11:00,1608.18,28822.313,17.922,16559.414,10.297,,,,,7051,4.384,2978.175,1.852,2233.724,1.389
05/08/2026,2026-08-05,54,[12:15-12:30[,2026-08-05 11:15,1616.766,26232.21,16.225,16798.399,10.39,,,,,6590,4.076,3004.495,1.858,-160.685,-0.099
05/08/2026,2026-08-05,55,[12:30-12:45[,2026-08-05 11:30,1578.837,25074.79,15.882,17455.106,11.056,,,,,4794,3.036,2627.426,1.664,198.259,0.126
05/08/2026,2026-08-05,56,[12:45-13:00[,2026-08-05 11:45,1564.037,24349.356,15.568,18236.474,11.66,,,,,3041,1.944,2814.548,1.8,257.334,0.165
05/08/2026,2026-08-05,57,[13:00-13:15[,2026-08-05 12:00,1554.226,24787.842,15.949,17858.335,11.49,,,,,3849,2.476,2792.962,1.797,287.544,0.185
05/08/2026,2026-08-05,58,[13:15-13:30[,2026-08-05 12:15,1553.815,24530.03,15.787,18001.953,11.586,,,,,3527,2.27,2788.475,1.795,212.602,0.137
05/08/2026,2026-08-05,59,[13:30-13:45[,2026-08-05 12:30,1537.297,23552.66,15.321,18316.803,11.915,,,,,2966,1.929,2244.749,1.46,25.108,0.016
05/08/2026,2026-08-05,60,[13:45-14:00[,2026-08-05 12:45,1552.205,23945.622,15.427,18405.995,11.858,,,,,2656,1.711,2730.083,1.759,153.544,0.099
05/08/2026,2026-08-05,61,[14:00-14:15[,2026-08-05 13:00,1572.019,24196.358,15.392,18403.954,11.707,,,,,2719,1.73,2736.961,1.741,336.444,0.214
05/08/2026,2026-08-05,62,[14:15-14:30[,2026-08-05 13:15,1567.905,23867.636,15.223,18505.881,11.803,,,,,2716,1.732,2411.664,1.538,234.09,0.149
05/08/2026,2026-08-05,63,[14:30-14:45[,2026-08-05 13:30,1577.341,24032.102,15.236,18506.189,11.733,,,,,2713,1.72,2766.57,1.754,46.343,0.029
05/08/2026,2026-08-05,64,[14:45-15:00[,2026-08-05 13:45,1580.523,24192.866,15.307,18419.407,11.654,,,,,2707,1.713,2773.599,1.755,292.86,0.185
05/08/2026,2026-08-05,65,[15:00-15:15[,2026-08-05 14:00,1577.862,24098.605,15.273,18468.376,11.705,,,,,2695.5,1.708,2790.645,1.769,144.084,0.091
05/08/2026,2026-08-05,66,[15:15-15:30[,2026-08-05 14:15,1577.249,24933.473,15.808,18322.161,11.617,,,,,3516,2.229,2443.445,1.549,651.868,0.413
05/08/2026,2026-08-05,67,[15:30-15:45[,2026-08-05 14:30,1581.279,25423.705,16.078,17936.622,11.343,,,,,4313.5,2.728,2816.549,1.781,357.034,0.226
05/08/2026,2026-08-05,68,[15:45-16:00[,2026-08-05 14:45,1594.174,26974.741,16.921,16280.009,10.212,,,,,7644,4.795,2831.408,1.776,219.324,0.138
05/08/2026,2026-08-05,69,[16:00-16:15[,2026-08-05 15:00,1569.343,33581.18,21.398,15829.146,10.086,,,,,15543.66,9.905,1963.807,1.251,244.567,0.156
05/08/2026,2026-08-05,70,[16:15-16:30[,2026-08-05 15:15,1582.152,39307.995,24.845,15430.266,9.753,,,,,21646.66,13.682,2007.098,1.269,223.971,0.142
05/08/2026,2026-08-05,71,[16:30-16:45[,2026-08-05 15:30,1580.812,30338.97,19.192,12109.131,7.66,,,,,16169.8,10.229,1834.808,1.161,225.231,0.142
05/08/2026,2026-08-05,72,[16:45-17:00[,2026-08-05 15:45,1595.557,31448.073,19.71,11278.116,7.068,,,,,18149.4,11.375,1857.691,1.164,162.866,0.102
05/08/2026,2026-08-05,73,[17:00-17:15[,2026-08-05 16:00,1598.832,31499.782,19.702,11443.815,7.158,,,,,18179.36,11.37,1907.617,1.193,-31.01,-0.019
05/08/2026,2026-08-05,74,[17:15-17:30[,2026-08-05 16:15,1610.174,28284.729,17.566,10099.828,6.273,,,,,16966.21,10.537,1948.988,1.21,-730.298,-0.454
05/08/2026,2026-08-05,75,[17:30-17:45[,2026-08-05 16:30,1610.724,26907.504,16.705,9510.952,5.905,,,,,16568.1,10.286,2003.724,1.244,-1175.272,-0.73
05/08/2026,2026-08-05,76,[17:45-18:00[,2026-08-05 16:45,1628.485,23481.431,14.419,8782.713,5.393,,,,,15744.86,9.668,2107.233,1.294,-3153.375,-1.936
05/08/2026,2026-08-05,77,[18:00-18:15[,2026-08-05 17:00,1638.669,23865.741,14.564,9184.395,5.605,,,,,14188.76,8.659,2007.768,1.225,-1515.182,-0.925
05/08/2026,2026-08-05,78,[18:15-18:30[,2026-08-05 17:15,1666.15,16809.381,10.089,7386.234,4.433,,,,,11104.14,6.665,2069.239,1.242,-3750.232,-2.251
05/08/2026,2026-08-05,79,[18:30-18:45[,2026-08-05 17:30,1699.713,6389.55,3.759,5567.426,3.276,,,,,3599.05,2.117,2075.376,1.221,-4852.302,-2.855
05/08/2026,2026-08-05,80,[18:45-19:00[,2026-08-05 17:45,1737.013,-2289.989,-1.318,,,,,,,2429,1.398,2065.14,1.189,-6784.129,-3.906
05/08/2026,2026-08-05,81,[19:00-19:15[,2026-08-05 18:00,1763.623,11656.126,6.609,6430.312,3.646,,,,,2529,1.434,2029.342,1.151,667.472,0.378
05/08/2026,2026-08-05,82,[19:15-19:30[,2026-08-05 18:15,1799.763,5109.338,2.839,1521.603,0.845,,,,,1098.4,0.61,2072.236,1.151,417.099,0.232
05/08/2026,2026-08-05,83,[19:30-19:45[,2026-08-05 18:30,1830.626,2199.003,1.201,,,,,,,1776.45,0.97,2089.355,1.141,-1666.802,-0.911
05/08/2026,2026-08-05,84,[19:45-20:00[,2026-08-05 18:45,1851.423,-436.536,-0.236,,,,,,,1693.5,0.915,2089.355,1.129,-4219.391,-2.279
05/08/2026,2026-08-05,85,[20:00-20:15[,2026-08-05 19:00,1855.159,5915.809,3.189,,,,,,,2627.35,1.416,2089.355,1.126,1199.104,0.646
05/08/2026,2026-08-05,86,[20:15-20:30[,2026-08-05 19:15,1858.961,6514.225,3.504,,,,,,,2668.51,1.435,2089.355,1.124,1756.36,0.945
05/08/2026,2026-08-05,87,[20:30-20:45[,2026-08-05 19:30,1849.91,13328.395,7.205,,,,,,,2668.51,1.443,2089.252,1.129,8570.633,4.633
05/08/2026,2026-08-05,88,[20:45-21:00[,2026-08-05 19:45,1848.497,10409.03,5.631,,,,,,,2627.35,1.421,2089.459,1.13,5692.221,3.079
05/08/2026,2026-08-05,89,[21:00-21:15[,2026-08-05 20:00,1856.379,4495.096,2.421,,,,,,,2806.02,1.512,2165.403,1.166,-476.327,-0.257
05/08/2026,2026-08-05,90,[21:15-21:30[,2026-08-05 20:15,1832.677,7177.457,3.916,,,,,,,2678.9,1.462,2163.238,1.18,2335.319,1.274
05/08/2026,2026-08-05,91,[21:30-21:45[,2026-08-05 20:30,1804.197,6549.447,3.63,,,,,,,2586.68,1.434,2165.546,1.2,1797.221,0.996
05/08/2026,2026-08-05,92,[21:45-22:00[,2026-08-05 20:45,1768.22,5583.372,3.158,,,,,,,2261.43,1.279,2167.663,1.226,1154.279,0.653
05/08/2026,2026-08-05,93,[22:00-22:15[,2026-08-05 21:00,1734.915,9232.622,5.322,,,,,,,2942,1.696,2117.938,1.221,4172.685,2.405
05/08/2026,2026-08-05,94,[22:15-22:30[,2026-08-05 21:15,1707.138,-532.21,-0.312,,,,,,,2942,1.723,2136.296,1.251,-5610.506,-3.286
05/08/2026,2026-08-05,95,[22:30-22:45[,2026-08-05 21:30,1675.554,8167.281,4.874,,,,,,,3566.24,2.128,2136.192,1.275,2464.849,1.471
05/08/2026,2026-08-05,96,[22:45-23:00[,2026-08-05 21:45,1638.395,10758.703,6.567,,,,,,,4088.76,2.496,2136.295,1.304,4533.647,2.767
06/08/2026,2026-08-06,1,[23:00-23:15[,2026-08-05 22:00,1604.651,1218.935,0.76,,,,,,,3521.84,2.195,2089.542,1.302,-4392.447,-2.737
06/08/2026,2026-08-06,2,[23:15-23:30[,2026-08-05 22:15,1564.517,7365.789,4.708,,,,,,,3347,2.139,2089.541,1.336,1929.247,1.233
06/08/2026,2026-08-06,3,[23:30-23:45[,2026-08-05 22:30,1529.235,6665.685,4.359,,,,,,,3086.6,2.018,2089.67,1.366,1489.415,0.974
06/08/2026,2026-08-06,4,[23:45-00:00[,2026-08-05 22:45,1493.507,6686.949,4.477,,,,,,,3045,2.039,2217.149,1.485,1424.8,0.954
06/08/2026,2026-08-06,5,[00:00-00:15[,2026-08-05 23:00,1481.143,3085.445,2.083,,,,,,,2890.86,1.952,3225.796,2.178,-3031.21,-2.047
06/08/2026,2026-08-06,6,[00:15-00:30[,2026-08-05 23:15,1455.154,4169.549,2.865,,,,,,,2959.28,2.034,3204.4,2.202,-1994.131,-1.37
06/08/2026,2026-08-06,7,[00:30-00:45[,2026-08-05 23:30,1440.757,5467.44,3.795,,,,,,,2649.2,1.839,3189.106,2.213,-370.865,-0.257
06/08/2026,2026-08-06,8,[00:45-01:00[,2026-08-05 23:45,1406.083,4368.311,3.107,,,,,,,2614.04,1.859,2827.291,2.011,-1073.02,-0.763
06/08/2026,2026-08-06,9,[01:00-01:15[,2026-08-06 00:00,1397.188,7109.043,5.088,,,,,,,3273.68,2.343,3190.691,2.284,644.672,0.461
06/08/2026,2026-08-06,10,[01:15-01:30[,2026-08-06 00:15,1372.048,-1959.32,-1.428,,,,,,,2892.04,2.108,3195.002,2.329,-8046.362,-5.864
06/08/2026,2026-08-06,11,[01:30-01:45[,2026-08-06 00:30,1350.948,5522.414,4.088,,,,,,,2614.04,1.935,3190.085,2.361,-281.711,-0.209
06/08/2026,2026-08-06,12,[01:45-02:00[,2026-08-06 00:45,1332.913,4428.802,3.323,,,,,,,2496.84,1.873,3190.728,2.394,-1258.766,-0.944
06/08/2026,2026-08-06,13,[02:00-02:15[,2026-08-06 01:00,1323.293,5758.014,4.351,,,,,,,2285.18,1.727,3184.29,2.406,288.544,0.218
06/08/2026,2026-08-06,14,[02:15-02:30[,2026-08-06 01:15,1309.8,5758.495,4.396,,,,,,,2257.48,1.724,3110.273,2.375,390.741,0.298
06/08/2026,2026-08-06,15,[02:30-02:45[,2026-08-06 01:30,1294.276,5635.165,4.354,,,,,,,2307.34,1.783,3109.132,2.402,218.693,0.169
06/08/2026,2026-08-06,16,[02:45-03:00[,2026-08-06 01:45,1282.42,3835.529,2.991,,,,,,,2307.34,1.799,3108.96,2.424,-1580.771,-1.233
06/08/2026,2026-08-06,17,[03:00-03:15[,2026-08-06 02:00,1280.065,4739.419,3.702,,,,,,,1612.84,1.26,3134.926,2.449,-8.347,-0.007
06/08/2026,2026-08-06,18,[03:15-03:30[,2026-08-06 02:15,1260.427,3411.871,2.707,,,,,,,1612.84,1.28,3155.175,2.503,-1356.144,-1.076
06/08/2026,2026-08-06,19,[03:30-03:45[,2026-08-06 02:30,1252.695,5284.472,4.218,,,,,,,1612.84,1.287,3159.959,2.523,511.673,0.408
06/08/2026,2026-08-06,20,[03:45-04:00[,2026-08-06 02:45,1251.396,6839.494,5.465,,,,,,,1612.84,1.289,3155.697,2.522,2070.957,1.655
06/08/2026,2026-08-06,21,[04:00-04:15[,2026-08-06 03:00,1242.873,8480.737,6.823,,,,,,,1692.93,1.362,3181.648,2.56,3606.159,2.901
06/08/2026,2026-08-06,22,[04:15-04:30[,2026-08-06 03:15,1241.21,5682.724,4.578,,,,,,,1665.86,1.342,3162.669,2.548,854.195,0.688
06/08/2026,2026-08-06,23,[04:30-04:45[,2026-08-06 03:30,1243.329,5013.372,4.032,,,,,,,2023.56,1.628,3162.104,2.543,-172.292,-0.139
06/08/2026,2026-08-06,24,[04:45-05:00[,2026-08-06 03:45,1238.369,3719.014,3.003,,,,,,,2154,1.739,3187.731,2.574,-1622.717,-1.31
06/08/2026,2026-08-06,25,[05:00-05:15[,2026-08-06 04:00,1246.633,7792.439,6.251,,,,,,,2052,1.646,3188.411,2.558,2552.028,2.047
06/08/2026,2026-08-06,26,[05:15-05:30[,2026-08-06 04:15,1257.934,407.281,0.324,,,,,,,1908.93,1.518,3187.9,2.534,-4689.549,-3.728
06/08/2026,2026-08-06,27,[05:30-05:45[,2026-08-06 04:30,1262.602,3521.65,2.789,,,,,,,1838.75,1.456,3188.555,2.525,-1505.655,-1.193
06/08/2026,2026-08-06,28,[05:45-06:00[,2026-08-06 04:45,1274.414,2224.364,1.745,,,,,,,1541.09,1.209,3189.05,2.502,-2505.776,-1.966
06/08/2026,2026-08-06,29,[06:00-06:15[,2026-08-06 05:00,1317.767,5247.545,3.982,,,,,,,2680.02,2.034,3187.443,2.419,-619.918,-0.47
06/08/2026,2026-08-06,30,[06:15-06:30[,2026-08-06 05:15,1324.214,5966.444,4.506,,,,,,,2617.23,1.976,3189.96,2.409,159.253,0.12
06/08/2026,2026-08-06,31,[06:30-06:45[,2026-08-06 05:30,1332.196,11854.994,8.899,,,,,,,2578.5,1.936,3200.265,2.402,6076.229,4.561
06/08/2026,2026-08-06,32,[06:45-07:00[,2026-08-06 05:45,1353.666,4716.724,3.484,,,,,,,2578.5,1.905,3203.526,2.367,-1065.302,-0.787
06/08/2026,2026-08-06,33,[07:00-07:15[,2026-08-06 06:00,1394.414,-1198.811,-0.86,,,,,,,3353,2.405,3205.035,2.298,-7756.846,-5.563
06/08/2026,2026-08-06,34,[07:15-07:30[,2026-08-06 06:15,1425.888,4136.546,2.901,,,,,,,3353,2.352,3207.279,2.249,-2423.733,-1.7
06/08/2026,2026-08-06,35,[07:30-07:45[,2026-08-06 06:30,1443.911,4486.622,3.107,,,,,,,2796,1.936,3206.861,2.221,-1516.239,-1.05
06/08/2026,2026-08-06,36,[07:45-08:00[,2026-08-06 06:45,1474.281,23900.034,16.211,1923.9,1.305,,,,,11056.94,7.5,3216.49,2.182,7702.703,5.225
06/08/2026,2026-08-06,37,[08:00-08:15[,2026-08-06 07:00,1536.119,17315.282,11.272,5369.1,3.495,,,,,10793.08,7.026,3137.354,2.042,-1984.251,-1.292
06/08/2026,2026-08-06,38,[08:15-08:30[,2026-08-06 07:15,1584.088,24044.206,15.179,8146.913,5.143,,,,,13561.99,8.561,3260.714,2.058,-925.41,-0.584
06/08/2026,2026-08-06,39,[08:30-08:45[,2026-08-06 07:30,1591.384,32119.206,20.183,12226.479,7.683,,,,,17209.44,10.814,2716.85,1.707,-33.562,-0.021
06/08/2026,2026-08-06,40,[08:45-09:00[,2026-08-06 07:45,1625.697,39229.03,24.131,14474.863,8.904,,,,,21345.23,13.13,3247.534,1.998,161.403,0.099
06/08/2026,2026-08-06,41,[09:00-09:15[,2026-08-06 08:00,1648.112,42117.229,25.555,12771.332,7.749,,,,,26824.35,16.276,3250.961,1.973,-729.414,-0.443
06/08/2026,2026-08-06,42,[09:15-09:30[,2026-08-06 08:15,1639.337,41283.159,25.183,15058.02,9.185,,,,,21489.51,13.109,3185.609,1.943,1550.02,0.946
06/08/2026,2026-08-06,43,[09:30-09:45[,2026-08-06 08:30,1633.631,42690.182,26.132,17254.33,10.562,,,,,21852.62,13.377,3218.648,1.97,364.584,0.223
06/08/2026,2026-08-06,44,[09:45-10:00[,2026-08-06 08:45,1631.19,37574.86,23.035,18224.307,11.172,,,,,15888.55,9.74,3156.147,1.935,305.856,0.188
06/08/2026,2026-08-06,45,[10:00-10:15[,2026-08-06 09:00,1611.665,38280.285,23.752,17954.099,11.14,,,,,15990.43,9.922,3117.135,1.934,1218.622,0.756
06/08/2026,2026-08-06,46,[10:15-10:30[,2026-08-06 09:15,1611.09,37123.577,23.043,18119.52,11.247,,,,,15643.63,9.71,3036.98,1.885,323.447,0.201
06/08/2026,2026-08-06,47,[10:30-10:45[,2026-08-06 09:30,1602.251,36957.711,23.066,18187.831,11.351,,,,,15759.68,9.836,2843.619,1.775,166.581,0.104
06/08/2026,2026-08-06,48,[10:45-11:00[,2026-08-06 09:45,1606.184,28609.718,17.812,18376.525,11.441,,,,,7210.5,4.489,3000.51,1.868,22.183,0.014
06/08/2026,2026-08-06,49,[11:00-11:15[,2026-08-06 10:00,1603.173,35927.925,22.411,18104.598,11.293,,,,,15924.23,9.933,2925.333,1.825,-1026.236,-0.64
06/08/2026,2026-08-06,50,[11:15-11:30[,2026-08-06 10:15,1613.355,36452.587,22.594,18094.372,11.215,,,,,15458.43,9.582,2972.878,1.843,-73.092,-0.045
06/08/2026,2026-08-06,51,[11:30-11:45[,2026-08-06 10:30,1623.542,36766.508,22.646,17986.414,11.079,,,,,15533.32,9.568,2902.338,1.788,344.436,0.212
06/08/2026,2026-08-06,52,[11:45-12:00[,2026-08-06 10:45,1610.697,36508.986,22.667,18057.094,11.211,,,,,15599.22,9.685,2754.287,1.71,98.385,0.061
06/08/2026,2026-08-06,53,[12:00-12:15[,2026-08-06 11:00,1606.811,28034.454,17.447,18368.559,11.432,,,,,6429.3,4.001,2882.811,1.794,353.784,0.22
06/08/2026,2026-08-06,54,[12:15-12:30[,2026-08-06 11:15,1617.125,25347.279,15.674,18368.584,11.359,,,,,3950.55,2.443,2868.561,1.774,159.585,0.099
06/08/2026,2026-08-06,55,[12:30-12:45[,2026-08-06 11:30,1585.693,25147.622,15.859,18386.105,11.595,,,,,3955.56,2.495,2786.029,1.757,19.927,0.013
06/08/2026,2026-08-06,56,[12:45-13:00[,2026-08-06 11:45,1576.126,25324.775,16.068,18418.432,11.686,,,,,3955.56,2.51,2835.763,1.799,115.021,0.073
06/08/2026,2026-08-06,57,[13:00-13:15[,2026-08-06 12:00,1574.418,20713.767,13.156,18246.529,11.589,,,,,4117.06,2.615,2865.911,1.82,-4515.732,-2.868
06/08/2026,2026-08-06,58,[13:15-13:30[,2026-08-06 12:15,1562.763,19825.574,12.686,18250.731,11.679,,,,,4109.06,2.629,2766.524,1.77,-5300.74,-3.392
06/08/2026,2026-08-06,59,[13:30-13:45[,2026-08-06 12:30,1575.809,21591.055,13.702,18246.937,11.579,,,,,6345.73,4.027,2871.976,1.823,-5873.587,-3.727
06/08/2026,2026-08-06,60,[13:45-14:00[,2026-08-06 12:45,1579.523,19989.409,12.655,18370.536,11.63,,,,,6243.6,3.953,2874.114,1.82,-7498.841,-4.748
06/08/2026,2026-08-06,61,[14:00-14:15[,2026-08-06 13:00,1590.73,21701.084,13.642,18287.681,11.496,,,,,3948.06,2.482,2835.414,1.782,-3370.071,-2.119
06/08/2026,2026-08-06,62,[14:15-14:30[,2026-08-06 13:15,1598.739,20629.63,12.904,18351.929,11.479,,,,,3948.06,2.469,2773.676,1.735,-4444.035,-2.78
06/08/2026,2026-08-06,63,[14:30-14:45[,2026-08-06 13:30,1605.988,23094.453,14.38,18387.55,11.449,,,,,3943.05,2.455,2794.56,1.74,-2030.707,-1.264
06/08/2026,2026-08-06,64,[14:45-15:00[,2026-08-06 13:45,1597.321,21379.636,13.385,18352.464,11.49,,,,,3928.02,2.459,2769.743,1.734,-3670.59,-2.298
06/08/2026,2026-08-06,65,[15:00-15:15[,2026-08-06 14:00,1600.189,27638.943,17.272,18375.541,11.483,,,,,6409.2,4.005,2639.842,1.65,214.36,0.134
06/08/2026,2026-08-06,66,[15:15-15:30[,2026-08-06 14:15,1610.744,21869.766,13.577,18293.057,11.357,,,,,6497.86,4.034,2863.845,1.778,-5784.995,-3.592
06/08/2026,2026-08-06,67,[15:30-15:45[,2026-08-06 14:30,1609.227,28174.686,17.508,18293.102,11.368,,,,,6460.39,4.015,2925.672,1.818,495.522,0.308
06/08/2026,2026-08-06,68,[15:45-16:00[,2026-08-06 14:45,1616.459,27923.69,17.275,17880.278,11.061,,,,,6894,4.265,2947.754,1.824,201.658,0.125
06/08/2026,2026-08-06,69,[16:00-16:15[,2026-08-06 15:00,1621.769,36574.124,22.552,17615.977,10.862,,,,,15727.61,9.698,2969.574,1.831,260.964,0.161
06/08/2026,2026-08-06,70,[16:15-16:30[,2026-08-06 15:15,1621.756,30944.762,19.081,15262.626,9.411,,,,,14582.22,8.992,2999.012,1.849,-1899.095,-1.171
06/08/2026,2026-08-06,71,[16:30-16:45[,2026-08-06 15:30,1636.034,33495.075,20.473,13480.475,8.24,,,,,18431.71,11.266,3022.046,1.847,-1439.156,-0.88
06/08/2026,2026-08-06,72,[16:45-17:00[,2026-08-06 15:45,1648.09,29704.525,18.024,11550.492,7.008,,,,,17796.85,10.798,3022.923,1.834,-2665.739,-1.617
06/08/2026,2026-08-06,73,[17:00-17:15[,2026-08-06 16:00,1624.399,32766.704,20.172,11440.012,7.043,,,,,18619.78,11.463,2193.376,1.35,513.535,0.316
06/08/2026,2026-08-06,74,[17:15-17:30[,2026-08-06 16:15,1626.039,28079.517,17.269,10168.782,6.254,,,,,16225.07,9.978,2082.698,1.281,-397.033,-0.244
06/08/2026,2026-08-06,75,[17:30-17:45[,2026-08-06 16:30,1634.763,27766.517,16.985,9962.578,6.094,,,,,16481.59,10.082,2078.155,1.271,-755.805,-0.462
06/08/2026,2026-08-06,76,[17:45-18:00[,2026-08-06 16:45,1655.193,25439.039,15.369,9178.163,5.545,,,,,16661.46,10.066,2084.347,1.259,-2484.93,-1.501
06/08/2026,2026-08-06,77,[18:00-18:15[,2026-08-06 17:00,1668.397,19005.925,11.392,4181.047,2.506,,,,,14956.68,8.965,2171.454,1.302,-2303.256,-1.381
06/08/2026,2026-08-06,78,[18:15-18:30[,2026-08-06 17:15,1687.919,6033.967,3.575,1825.82,1.082,,,,,4811.04,2.85,2172.431,1.287,-2775.324,-1.644
06/08/2026,2026-08-06,79,[18:30-18:45[,2026-08-06 17:30,1721.407,-1101.613,-0.64,,,,,,,3139,1.824,2171.945,1.262,-6412.558,-3.725
06/08/2026,2026-08-06,80,[18:45-19:00[,2026-08-06 17:45,1758.87,-2028.011,-1.153,,,,,,,3501.79,1.991,2185.893,1.243,-7715.694,-4.387
06/08/2026,2026-08-06,81,[19:00-19:15[,2026-08-06 18:00,1792.333,2403.955,1.341,,,,,,,1866,1.041,2228.053,1.243,-1690.098,-0.943
06/08/2026,2026-08-06,82,[19:15-19:30[,2026-08-06 18:15,1827.023,2358.823,1.291,,,,,,,2967,1.624,2117.34,1.159,-2725.517,-1.492
06/08/2026,2026-08-06,83,[19:30-19:45[,2026-08-06 18:30,1854.872,2076.269,1.119,,,,,,,2231.66,1.203,2118.354,1.142,-2273.745,-1.226
06/08/2026,2026-08-06,84,[19:45-20:00[,2026-08-06 18:45,1878.887,5301.053,2.821,,,,,,,2537.6,1.351,2116.118,1.126,647.336,0.345
06/08/2026,2026-08-06,85,[20:00-20:15[,2026-08-06 19:00,1879.167,4607.721,2.452,,,,,7.005,0.004,2779.4,1.479,2111.925,1.124,-290.609,-0.155
06/08/2026,2026-08-06,86,[20:15-20:30[,2026-08-06 19:15,1867.195,7557.665,4.048,,,,,,,3372.07,1.806,2051.896,1.099,2133.699,1.143
06/08/2026,2026-08-06,87,[20:30-20:45[,2026-08-06 19:30,1856.535,7008.185,3.775,,,,,,,3309,1.782,2113.071,1.138,1586.114,0.854
06/08/2026,2026-08-06,88,[20:45-21:00[,2026-08-06 19:45,1866.06,3148.77,1.687,,,,,,,3234.96,1.734,2111.147,1.131,-2197.337,-1.178
06/08/2026,2026-08-06,89,[21:00-21:15[,2026-08-06 20:00,1868.748,905.817,0.485,,,,,,,3652.8,1.955,2118.318,1.134,-4865.301,-2.604
06/08/2026,2026-08-06,90,[21:15-21:30[,2026-08-06 20:15,1846.473,5145.318,2.787,,,,,,,3384.96,1.833,2119.429,1.148,-359.071,-0.194
06/08/2026,2026-08-06,91,[21:30-21:45[,2026-08-06 20:30,1820.464,1007.461,0.553,,,,,,,3495.86,1.92,2109.337,1.159,-4597.736,-2.526
06/08/2026,2026-08-06,92,[21:45-22:00[,2026-08-06 20:45,1786.369,4161.954,2.33,,,,,,,2926.56,1.638,2035.314,1.139,-799.919,-0.448
06/08/2026,2026-08-06,93,[22:00-22:15[,2026-08-06 21:00,1761.358,1979.782,1.124,,,,,,,3082.2,1.75,2036.905,1.156,-3139.323,-1.782
06/08/2026,2026-08-06,94,[22:15-22:30[,2026-08-06 21:15,1732.841,2363.358,1.364,,,,,,,3244,1.872,2059.249,1.188,-2939.891,-1.697
06/08/2026,2026-08-06,95,[22:30-22:45[,2026-08-06 21:30,1697.648,2671.865,1.574,,,,,,,3822.35,2.252,2124.551,1.251,-3275.036,-1.929
06/08/2026,2026-08-06,96,[22:45-23:00[,2026-08-06 21:45,1659.529,7617.395,4.59,,,,,,,3915.32,2.359,2119.138,1.277,1582.937,0.954
07/08/2026,2026-08-07,1,[23:00-23:15[,2026-08-06 22:00,1621.925,511.202,0.315,,,,,18.83,0.012,1212,0.747,1974.134,1.217,-2693.762,-1.661
07/08/2026,2026-08-07,2,[23:15-23:30[,2026-08-06 22:15,1587.83,2838,1.787,,,,,,,1239.27,0.78,1960.601,1.235,-361.871,-0.228
07/08/2026,2026-08-07,3,[23:30-23:45[,2026-08-06 22:30,1551.707,5464.659,3.522,,,,,,,1511.97,0.974,2004.34,1.292,1948.349,1.256
07/08/2026,2026-08-07,4,[23:45-00:00[,2026-08-06 22:45,1512.875,2636.367,1.743,,,,,,,1648.32,1.09,2096.833,1.386,-1108.786,-0.733
07/08/2026,2026-08-07,5,[00:00-00:15[,2026-08-06 23:00,1501.573,-2658.176,-1.77,,,,,,,1756,1.169,3138.152,2.09,-7552.327,-5.03
07/08/2026,2026-08-07,6,[00:15-00:30[,2026-08-06 23:15,1476.521,-964.498,-0.653,,,,,,,1886.5,1.278,3145.684,2.13,-5996.682,-4.061
07/08/2026,2026-08-07,7,[00:30-00:45[,2026-08-06 23:30,1458.517,2059.74,1.412,,,,,,,1933.75,1.326,3144.471,2.156,-3018.481,-2.07
07/08/2026,2026-08-07,8,[00:45-01:00[,2026-08-06 23:45,1420.941,4863.784,3.423,,,,,,,1982.8,1.395,2917.17,2.053,-36.185,-0.025
07/08/2026,2026-08-07,9,[01:00-01:15[,2026-08-07 00:00,1406.964,2861.936,2.034,,,,,,,1730.61,1.23,3143.218,2.234,-2011.892,-1.43
07/08/2026,2026-08-07,10,[01:15-01:30[,2026-08-07 00:15,1385.63,3842.805,2.773,,,,,,,1411,1.018,3143.514,2.269,-711.709,-0.514
07/08/2026,2026-08-07,11,[01:30-01:45[,2026-08-07 00:30,1367.21,2164.708,1.583,,,,,,,1789,1.309,3144.279,2.3,-2768.572,-2.025
07/08/2026,2026-08-07,12,[01:45-02:00[,2026-08-07 00:45,1338.01,4014.107,3,,,,,,,1750.7,1.308,2874.831,2.149,-611.424,-0.457
07/08/2026,2026-08-07,13,[02:00-02:15[,2026-08-07 01:00,1335.379,4788.178,3.586,,,,,,,1643.5,1.231,3146.501,2.356,-1.823,-0.001
07/08/2026,2026-08-07,14,[02:15-02:30[,2026-08-07 01:15,1329.645,5543.144,4.169,,,,,,,1677.5,1.262,3147.295,2.367,718.349,0.54
07/08/2026,2026-08-07,15,[02:30-02:45[,2026-08-07 01:30,1302.791,5544.004,4.255,,,,,,,1688.5,1.296,2814.477,2.16,1041.026,0.799
07/08/2026,2026-08-07,16,[02:45-03:00[,2026-08-07 01:45,1299.821,4817.337,3.706,,,,,,,1743.5,1.341,3147.454,2.421,-73.617,-0.057
07/08/2026,2026-08-07,17,[03:00-03:15[,2026-08-07 02:00,1294.466,4964.897,3.835,,,,,,,1718.14,1.327,3146.334,2.431,100.423,0.078
07/08/2026,2026-08-07,18,[03:15-03:30[,2026-08-07 02:15,1285.698,4998.619,3.888,,,,,,,1718.14,1.336,3147.29,2.448,133.19,0.104
07/08/2026,2026-08-07,19,[03:30-03:45[,2026-08-07 02:30,1253.441,4395.424,3.507,,,,,,,1718.14,1.371,2184.793,1.743,492.491,0.393
07/08/2026,2026-08-07,20,[03:45-04:00[,2026-08-07 02:45,1244.798,5440.834,4.371,,,,,,,1663.94,1.337,2147.843,1.725,1629.051,1.309
07/08/2026,2026-08-07,21,[04:00-04:15[,2026-08-07 03:00,1241.972,4101.21,3.302,,,,,,,1591.34,1.281,2204.797,1.775,305.074,0.246
07/08/2026,2026-08-07,22,[04:15-04:30[,2026-08-07 03:15,1236.024,4463.244,3.611,,,,,,,1591.34,1.287,2074.699,1.679,797.206,0.645
07/08/2026,2026-08-07,23,[04:30-04:45[,2026-08-07 03:30,1233.247,5893.571,4.779,,,,,,,1518.55,1.231,2070.88,1.679,2304.141,1.868
07/08/2026,2026-08-07,24,[04:45-05:00[,2026-08-07 03:45,1231.336,8252.408,6.702,,,,,,,1423.17,1.156,2060.465,1.673,4768.773,3.873
07/08/2026,2026-08-07,25,[05:00-05:15[,2026-08-07 04:00,1241.193,5063.638,4.08,,,,,,,1575.3,1.269,2088.513,1.683,1399.825,1.128
07/08/2026,2026-08-07,26,[05:15-05:30[,2026-08-07 04:15,1266.292,1264.595,0.999,,,,,,,1371,1.083,3136.558,2.477,-3242.963,-2.561
07/08/2026,2026-08-07,27,[05:30-05:45[,2026-08-07 04:30,1274.36,-1021.986,-0.802,,,,,,,1068,0.838,3103.087,2.435,-5193.073,-4.075
07/08/2026,2026-08-07,28,[05:45-06:00[,2026-08-07 04:45,1287.619,4858.262,3.773,,,,,,,1110.72,0.863,3133.779,2.434,613.762,0.477
07/08/2026,2026-08-07,29,[06:00-06:15[,2026-08-07 05:00,1312.505,7303.058,5.564,,,,,,,2357.4,1.796,2772.982,2.113,2172.676,1.655
07/08/2026,2026-08-07,30,[06:15-06:30[,2026-08-07 05:15,1334.831,4673.685,3.501,,,,,,,2434.9,1.824,3136.605,2.35,-897.821,-0.673
07/08/2026,2026-08-07,31,[06:30-06:45[,2026-08-07 05:30,1347.641,8186.956,6.075,,,,,,,2434.9,1.807,3133.873,2.325,2618.183,1.943
07/08/2026,2026-08-07,32,[06:45-07:00[,2026-08-07 05:45,1348.297,10970.747,8.137,,,,,,,2279.9,1.691,3043.082,2.257,5647.765,4.189
07/08/2026,2026-08-07,33,[07:00-07:15[,2026-08-07 06:00,1399.657,1890.277,1.351,,,,,,,1411.41,1.008,3131.678,2.237,-2652.81,-1.895
07/08/2026,2026-08-07,34,[07:15-07:30[,2026-08-07 06:15,1438.405,2947.659,2.049,,,,,,,1971.78,1.371,3131.036,2.177,-2155.157,-1.498
07/08/2026,2026-08-07,35,[07:30-07:45[,2026-08-07 06:30,1455.899,7091.974,4.871,,,,,,,3325.2,2.284,3127.329,2.148,639.445,0.439
07/08/2026,2026-08-07,36,[07:45-08:00[,2026-08-07 06:45,1491.958,6101.589,4.09,,,,,,,2995,2.007,3129.462,2.098,-22.873,-0.015
07/08/2026,2026-08-07,37,[08:00-08:15[,2026-08-07 07:00,1559.035,-323.909,-0.208,,,,,,,2973.92,1.908,3028.341,1.942,-6326.17,-4.058
07/08/2026,2026-08-07,38,[08:15-08:30[,2026-08-07 07:15,1609.763,22206.412,13.795,4806.288,2.986,,,,,9864.52,6.128,3102.522,1.927,4433.082,2.754
07/08/2026,2026-08-07,39,[08:30-08:45[,2026-08-07 07:30,1624.218,24405.257,15.026,6709.413,4.131,,,,,13343.65,8.215,2766.7,1.703,1585.495,0.976
07/08/2026,2026-08-07,40,[08:45-09:00[,2026-08-07 07:45,1650.039,28547.54,17.301,9069.594,5.497,,,,,16515.11,10.009,3059.956,1.854,-97.119,-0.059
07/08/2026,2026-08-07,41,[09:00-09:15[,2026-08-07 08:00,1676.899,30664.415,18.286,8981.189,5.356,,,,,17579.13,10.483,3085.327,1.84,1018.77,0.608
07/08/2026,2026-08-07,42,[09:15-09:30[,2026-08-07 08:15,1660.356,29135.521,17.548,10379.837,6.252,,,,,18499.38,11.142,2960.13,1.783,-2703.826,-1.628
07/08/2026,2026-08-07,43,[09:30-09:45[,2026-08-07 08:30,1651.533,31151.85,18.862,11868.763,7.187,,,,,19211.2,11.632,3010.698,1.823,-2938.81,-1.779
07/08/2026,2026-08-07,44,[09:45-10:00[,2026-08-07 08:45,1643.138,32714.262,19.91,13399.7,8.155,,,,,14323.23,8.717,2967.58,1.806,2023.752,1.232
07/08/2026,2026-08-07,45,[10:00-10:15[,2026-08-07 09:00,1616.641,29570.255,18.291,13185.013,8.156,,,,,14041.83,8.686,2935.686,1.816,-592.274,-0.366
07/08/2026,2026-08-07,46,[10:15-10:30[,2026-08-07 09:15,1616.499,30504.747,18.871,13513.138,8.36,,,,,14245.16,8.812,2917.479,1.805,-171.03,-0.106
07/08/2026,2026-08-07,47,[10:30-10:45[,2026-08-07 09:30,1608.676,32404.438,20.144,14679.388,9.125,,,,,14305.34,8.893,2889.497,1.796,530.213,0.33
07/08/2026,2026-08-07,48,[10:45-11:00[,2026-08-07 09:45,1612.833,32355.56,20.061,15147.2,9.392,,,,,14600.85,9.053,2861.979,1.775,-254.468,-0.158
07/08/2026,2026-08-07,49,[11:00-11:15[,2026-08-07 10:00,1589.186,31722.303,19.961,14679.388,9.237,,,,,15202.86,9.566,1955.334,1.23,-115.279,-0.073
07/08/2026,2026-08-07,50,[11:15-11:30[,2026-08-07 10:15,1592.857,31108.551,19.53,15147.2,9.509,,,,,14233.75,8.936,1858.846,1.167,-131.245,-0.082
07/08/2026,2026-08-07,51,[11:30-11:45[,2026-08-07 10:30,1595.49,31637.487,19.829,15453.763,9.686,,,,,14457.54,9.062,1770.438,1.11,-44.253,-0.028
07/08/2026,2026-08-07,52,[11:45-12:00[,2026-08-07 10:45,1609.918,32086.911,19.931,15147.2,9.409,,,,,14324.12,8.897,2708.55,1.682,-92.959,-0.058
07/08/2026,2026-08-07,53,[12:00-12:15[,2026-08-07 11:00,1606.381,25449.44,15.843,15617.825,9.722,,,,,6960.08,4.333,2678.267,1.667,193.267,0.12
07/08/2026,2026-08-07,54,[12:15-12:30[,2026-08-07 11:15,1618.509,24666.296,15.24,16460.638,10.17,,,,,5161.61,3.189,2640.448,1.631,403.601,0.249
07/08/2026,2026-08-07,55,[12:30-12:45[,2026-08-07 11:30,1587.513,24022.016,15.132,16558.591,10.431,,,,,4786.04,3.015,2373.509,1.495,303.876,0.191
07/08/2026,2026-08-07,56,[12:45-13:00[,2026-08-07 11:45,1581.042,24298.596,15.369,16560.305,10.474,,,,,4795.1,3.033,2650.936,1.677,292.255,0.185
07/08/2026,2026-08-07,57,[13:00-13:15[,2026-08-07 12:00,1583.278,23015.969,14.537,16106.263,10.173,,,,,4250,2.684,2572.969,1.625,86.738,0.055
07/08/2026,2026-08-07,58,[13:15-13:30[,2026-08-07 12:15,1567.566,22642.568,14.444,15920.638,10.156,,,,,4410,2.813,2463.976,1.572,-152.045,-0.097
07/08/2026,2026-08-07,59,[13:30-13:45[,2026-08-07 12:30,1558.121,24387.098,15.652,15479.075,9.934,,,,,6996.4,4.49,1851.817,1.188,59.806,0.038
07/08/2026,2026-08-07,60,[13:45-14:00[,2026-08-07 12:45,1571.191,24786.388,15.776,15147.2,9.641,,,,,7310.75,4.653,2360.357,1.502,-31.919,-0.02
07/08/2026,2026-08-07,61,[14:00-14:15[,2026-08-07 13:00,1597.128,21103.578,13.213,15100.325,9.455,,,,,3536.12,2.214,2506.365,1.569,-39.232,-0.025
07/08/2026,2026-08-07,62,[14:15-14:30[,2026-08-07 13:15,1594.082,20087.888,12.602,15414.388,9.67,,,,,2936.36,1.842,2248.922,1.411,-511.781,-0.321
07/08/2026,2026-08-07,63,[14:30-14:45[,2026-08-07 13:30,1602.866,20657.283,12.888,15687.2,9.787,,,,,2670.06,1.666,2525.662,1.576,-225.639,-0.141
07/08/2026,2026-08-07,64,[14:45-15:00[,2026-08-07 13:45,1611.543,29549.956,18.336,15147.2,9.399,,,,,3453.63,2.143,2551.38,1.583,8397.746,5.211
07/08/2026,2026-08-07,65,[15:00-15:15[,2026-08-07 14:00,1624.455,22351.526,13.759,15965.638,9.828,,,,,3080.5,1.896,2573.314,1.584,732.074,0.451
07/08/2026,2026-08-07,66,[15:15-15:30[,2026-08-07 14:15,1606.923,20802.373,12.945,14757.2,9.184,,,,,4134.2,2.573,1786.48,1.112,124.493,0.077
07/08/2026,2026-08-07,67,[15:30-15:45[,2026-08-07 14:30,1619.811,27017.154,16.679,13572.2,8.379,,,,,11834.95,7.306,2641.901,1.631,-1031.897,-0.637
07/08/2026,2026-08-07,68,[15:45-16:00[,2026-08-07 14:45,1624.828,28269.022,17.398,13150.325,8.093,,,,,12133.95,7.468,2707.393,1.666,277.354,0.171
07/08/2026,2026-08-07,69,[16:00-16:15[,2026-08-07 15:00,1628.797,32581.95,20.004,11134.038,6.836,,,,,18032,11.071,2915.183,1.79,500.73,0.307
07/08/2026,2026-08-07,70,[16:15-16:30[,2026-08-07 15:15,1632.33,36815.387,22.554,10271.69,6.293,,,,,22455,13.756,2651.453,1.624,1437.243,0.88
07/08/2026,2026-08-07,71,[16:30-16:45[,2026-08-07 15:30,1647.411,23258.967,14.118,9118.979,5.535,,,,,15613.54,9.478,2965.928,1.8,-4439.48,-2.695
07/08/2026,2026-08-07,72,[16:45-17:00[,2026-08-07 15:45,1662.288,21473.521,12.918,8314.21,5.002,,,,,15342.6,9.23,2945.828,1.772,-5129.117,-3.086
07/08/2026,2026-08-07,73,[17:00-17:15[,2026-08-07 16:00,1641.767,24093.603,14.675,8232.89,5.015,,,,,15680.3,9.551,2441.872,1.487,-2261.459,-1.377
07/08/2026,2026-08-07,74,[17:15-17:30[,2026-08-07 16:15,1661.313,20036.849,12.061,7518.224,4.525,,,,,14257.4,8.582,2931.759,1.765,-4670.534,-2.811
07/08/2026,2026-08-07,75,[17:30-17:45[,2026-08-07 16:30,1678.62,20391.822,12.148,5642.399,3.361,,,,,10791,6.428,2954.656,1.76,1003.767,0.598
07/08/2026,2026-08-07,76,[17:45-18:00[,2026-08-07 16:45,1689.729,7712.041,4.564,2394.569,1.417,,,,,3229,1.911,2959.077,1.751,-870.605,-0.515
07/08/2026,2026-08-07,77,[18:00-18:15[,2026-08-07 17:00,1686.181,11332.486,6.721,2407.033,1.428,,,,,5677.68,3.367,2223.379,1.319,1024.394,0.608
07/08/2026,2026-08-07,78,[18:15-18:30[,2026-08-07 17:15,1720.637,-5505.82,-3.2,,,,,,,3073.84,1.786,3127.445,1.818,-11707.104,-6.804
07/08/2026,2026-08-07,79,[18:30-18:45[,2026-08-07 17:30,1748.616,-7195.871,-4.115,,,,,,,1769.04,1.012,3131.426,1.791,-12096.337,-6.918
07/08/2026,2026-08-07,80,[18:45-19:00[,2026-08-07 17:45,1768.941,-7786.957,-4.402,,,,,,,1391.52,0.787,2920.2,1.651,-12098.678,-6.84
07/08/2026,2026-08-07,81,[19:00-19:15[,2026-08-07 18:00,1801.452,2632.566,1.461,,,,,,,2175.12,1.207,3145.207,1.746,-2687.761,-1.492
07/08/2026,2026-08-07,82,[19:15-19:30[,2026-08-07 18:15,1835.674,-759.151,-0.414,,,,,,,1156,0.63,3137.855,1.709,-5053.006,-2.753
07/08/2026,2026-08-07,83,[19:30-19:45[,2026-08-07 18:30,1846.978,5371.749,2.908,,,,,,,2706.64,1.465,3035.685,1.644,-370.577,-0.201
07/08/2026,2026-08-07,84,[19:45-20:00[,2026-08-07 18:45,1851.49,-2718.899,-1.468,,,,,,,2785.26,1.504,2187.332,1.181,-7691.492,-4.154
07/08/2026,2026-08-07,85,[20:00-20:15[,2026-08-07 19:00,1849.526,6221.598,3.364,,,,,,,3465.83,1.874,2027.833,1.096,727.935,0.394
07/08/2026,2026-08-07,86,[20:15-20:30[,2026-08-07 19:15,1843.065,7899.511,4.286,,,,,,,3591,1.948,2025.168,1.099,2283.343,1.239
07/08/2026,2026-08-07,87,[20:30-20:45[,2026-08-07 19:30,1837.704,11030.147,6.002,,,,,,,3591,1.954,2041.282,1.111,5397.865,2.937
07/08/2026,2026-08-07,88,[20:45-21:00[,2026-08-07 19:45,1842.042,2796.493,1.518,,,,,,,3503.92,1.902,2015.146,1.094,-2722.573,-1.478
07/08/2026,2026-08-07,89,[21:00-21:15[,2026-08-07 20:00,1842.839,-722.459,-0.392,,,,,,,3615,1.962,1938.697,1.052,-6276.156,-3.406
07/08/2026,2026-08-07,90,[21:15-21:30[,2026-08-07 20:15,1817.442,5300.278,2.916,,,,,,,3615,1.989,1940.16,1.068,-254.882,-0.14
07/08/2026,2026-08-07,91,[21:30-21:45[,2026-08-07 20:30,1786.549,9244.989,5.175,,,,,,,3460.93,1.937,1937.563,1.085,3846.496,2.153
07/08/2026,2026-08-07,92,[21:45-22:00[,2026-08-07 20:45,1755.406,5941.221,3.385,,,,,,,3002.28,1.71,1937.235,1.104,1001.706,0.571
07/08/2026,2026-08-07,93,[22:00-22:15[,2026-08-07 21:00,1728.435,6865.207,3.972,,,,,,,3080.2,1.782,1962.66,1.136,1822.348,1.054
07/08/2026,2026-08-07,94,[22:15-22:30[,2026-08-07 21:15,1695.686,306.556,0.181,,,,,,,2919.16,1.722,1923.447,1.134,-4536.051,-2.675
07/08/2026,2026-08-07,95,[22:30-22:45[,2026-08-07 21:30,1660.458,1562.242,0.941,,,,,,,2385.6,1.437,1935.315,1.166,-2758.672,-1.661
07/08/2026,2026-08-07,96,[22:45-23:00[,2026-08-07 21:45,1630.69,-1970.518,-1.208,,,,,,,2242.38,1.375,1936.283,1.187,-6149.181,-3.771
08/08/2026,2026-08-08,1,[23:00-23:15[,2026-08-07 22:00,1595.521,2993.486,1.876,,,,,,,1563.48,0.98,1967.112,1.233,-537.106,-0.337
08/08/2026,2026-08-08,2,[23:15-23:30[,2026-08-07 22:15,1566.787,-1056.007,-0.674,,,,,,,1305.39,0.833,1941.792,1.239,-4303.19,-2.747
08/08/2026,2026-08-08,3,[23:30-23:45[,2026-08-07 22:30,1532.796,4653.657,3.036,,,,,,,1269.03,0.828,1949.632,1.272,1434.995,0.936
08/08/2026,2026-08-08,4,[23:45-00:00[,2026-08-07 22:45,1495.031,4450.116,2.977,,,,,,,1139.28,0.762,2066.675,1.382,1244.161,0.832
08/08/2026,2026-08-08,5,[00:00-00:15[,2026-08-07 23:00,1482.989,5055.004,3.409,,,,,,,1183.72,0.798,2860.24,1.929,1011.044,0.682
08/08/2026,2026-08-08,6,[00:15-00:30[,2026-08-07 23:15,1462.212,1465.307,1.002,,,,,,,1025.36,0.701,3073.787,2.102,-2633.84,-1.801
08/08/2026,2026-08-08,7,[00:30-00:45[,2026-08-07 23:30,1441.928,-14.135,-0.01,,,,,,,1025.36,0.711,3150.716,2.185,-4190.211,-2.906
08/08/2026,2026-08-08,8,[00:45-01:00[,2026-08-07 23:45,1417.743,3068.817,2.165,,,,,,,1327.15,0.936,2957.645,2.086,-1215.977,-0.858
08/08/2026,2026-08-08,9,[01:00-01:15[,2026-08-08 00:00,1381.725,5235.076,3.789,,,,,,,926.8,0.671,2104.683,1.523,2203.593,1.595
08/08/2026,2026-08-08,10,[01:15-01:30[,2026-08-08 00:15,1362.775,5181.166,3.802,,,,,,,1069.9,0.785,2203.406,1.617,1907.86,1.4
08/08/2026,2026-08-08,11,[01:30-01:45[,2026-08-08 00:30,1340.692,-54.188,-0.04,,,,,,,1199.75,0.895,2090.223,1.559,-3344.161,-2.494
08/08/2026,2026-08-08,12,[01:45-02:00[,2026-08-08 00:45,1321.611,2283.734,1.728,,,,,,,1390.55,1.052,2065.556,1.563,-1172.373,-0.887
08/08/2026,2026-08-08,13,[02:00-02:15[,2026-08-08 01:00,1307.678,629.708,0.482,,,,,,,1409,1.077,2060.081,1.575,-2839.373,-2.171
08/08/2026,2026-08-08,14,[02:15-02:30[,2026-08-08 01:15,1293.591,921.929,0.713,,,,,,,1464,1.132,2255.954,1.744,-2798.026,-2.163
08/08/2026,2026-08-08,15,[02:30-02:45[,2026-08-08 01:30,1293.148,3122.293,2.414,,,,,,,1477.75,1.143,3163.252,2.446,-1518.709,-1.174
08/08/2026,2026-08-08,16,[02:45-03:00[,2026-08-08 01:45,1279.689,4316.502,3.373,,,,,,,1505.25,1.176,3062.418,2.393,-251.166,-0.196
08/08/2026,2026-08-08,17,[03:00-03:15[,2026-08-08 02:00,1278.07,4607.008,3.605,,,,,,,1545.96,1.21,3170.533,2.481,-109.485,-0.086
08/08/2026,2026-08-08,18,[03:15-03:30[,2026-08-08 02:15,1248.442,5600.245,4.486,,,,,,,1556.8,1.247,2298.247,1.841,1745.198,1.398
08/08/2026,2026-08-08,19,[03:30-03:45[,2026-08-08 02:30,1256.838,5621.961,4.473,,,,,,,1556.8,1.239,3170.363,2.522,894.798,0.712
08/08/2026,2026-08-08,20,[03:45-04:00[,2026-08-08 02:45,1249.554,4840.02,3.873,,,,,,,1556.8,1.246,3170.683,2.537,112.536,0.09
08/08/2026,2026-08-08,21,[04:00-04:15[,2026-08-08 03:00,1236.413,6452.67,5.219,,,,,,,1669.32,1.35,2955.373,2.39,1827.977,1.478
08/08/2026,2026-08-08,22,[04:15-04:30[,2026-08-08 03:15,1232.934,6917.995,5.611,,,,,,,1591.2,1.291,3136.257,2.544,2190.539,1.777
08/08/2026,2026-08-08,23,[04:30-04:45[,2026-08-08 03:30,1230.531,6749.726,5.485,,,,,,,1591.2,1.293,3136.814,2.549,2021.712,1.643
08/08/2026,2026-08-08,24,[04:45-05:00[,2026-08-08 03:45,1227.706,6049.829,4.928,,,,,,,1591.2,1.296,3137.032,2.555,1321.597,1.076
08/08/2026,2026-08-08,25,[05:00-05:15[,2026-08-08 04:00,1226.714,6130.575,4.998,,,,,,,1164.52,0.949,3136.818,2.557,1829.237,1.491
08/08/2026,2026-08-08,26,[05:15-05:30[,2026-08-08 04:15,1224.865,4332.102,3.537,,,,,,,1072.12,0.875,3058.198,2.497,201.784,0.165
08/08/2026,2026-08-08,27,[05:30-05:45[,2026-08-08 04:30,1233.661,2373.369,1.924,,,,,,,828.4,0.671,3138.52,2.544,-1593.55,-1.292
08/08/2026,2026-08-08,28,[05:45-06:00[,2026-08-08 04:45,1223.568,4146.73,3.389,,,,,,,848.4,0.693,2998.268,2.45,300.062,0.245
08/08/2026,2026-08-08,29,[06:00-06:15[,2026-08-08 05:00,1247.652,3550.183,2.845,,,,,,,1044.29,0.837,3154.598,2.528,-648.705,-0.52
08/08/2026,2026-08-08,30,[06:15-06:30[,2026-08-08 05:15,1245.21,3292.004,2.644,,,,,,,951.04,0.764,3160.601,2.538,-819.637,-0.658
08/08/2026,2026-08-08,31,[06:30-06:45[,2026-08-08 05:30,1227.297,8246.629,6.719,,,,,,,951.04,0.775,2951.865,2.405,4343.723,3.539
08/08/2026,2026-08-08,32,[06:45-07:00[,2026-08-08 05:45,1233.011,6703.683,5.437,,,,,,,1294.52,1.05,3159.318,2.562,2249.845,1.825
08/08/2026,2026-08-08,33,[07:00-07:15[,2026-08-08 06:00,1257.832,3459.083,2.75,,,,,,,1013.76,0.806,3156.079,2.509,-710.756,-0.565
08/08/2026,2026-08-08,34,[07:15-07:30[,2026-08-08 06:15,1260.46,3258.438,2.585,,,,,,,1013.76,0.804,2911.527,2.31,-666.848,-0.529
08/08/2026,2026-08-08,35,[07:30-07:45[,2026-08-08 06:30,1276.265,8284.103,6.491,,,,,,,1869.12,1.465,3149.925,2.468,3265.058,2.558
08/08/2026,2026-08-08,36,[07:45-08:00[,2026-08-08 06:45,1293.12,5042.211,3.899,,,,,,,2319,1.793,3152.118,2.438,-428.906,-0.332
08/08/2026,2026-08-08,37,[08:00-08:15[,2026-08-08 07:00,1300.247,12191.579,9.376,4189.319,3.222,,,,,2064.07,1.587,2807.512,2.159,3130.678,2.408
08/08/2026,2026-08-08,38,[08:15-08:30[,2026-08-08 07:15,1332.59,20831.602,15.632,7853.473,5.893,,,,,8054.82,6.044,3130.022,2.349,1793.287,1.346
08/08/2026,2026-08-08,39,[08:30-08:45[,2026-08-08 07:30,1355.094,23135.19,17.073,10190.863,7.52,,,,,10167.42,7.503,3128.354,2.309,-351.447,-0.259
08/08/2026,2026-08-08,40,[08:45-09:00[,2026-08-08 07:45,1368.946,29222.428,21.347,15797.575,11.54,,,,,9888.1,7.223,2919.31,2.133,617.443,0.451
08/08/2026,2026-08-08,41,[09:00-09:15[,2026-08-08 08:00,1398.161,34647.844,24.781,15763.968,11.275,,,,,15917.71,11.385,3081.722,2.204,-115.556,-0.083
08/08/2026,2026-08-08,42,[09:15-09:30[,2026-08-08 08:15,1403.152,35485.338,25.29,16530.094,11.781,,,,,15587.95,11.109,3030.934,2.16,336.361,0.24
08/08/2026,2026-08-08,43,[09:30-09:45[,2026-08-08 08:30,1408.802,35204.744,24.989,16630.168,11.804,,,,,15324.66,10.878,2982.634,2.117,267.282,0.19
08/08/2026,2026-08-08,44,[09:45-10:00[,2026-08-08 08:45,1417.232,35044.289,24.727,16814.098,11.864,,,,,14895.92,10.511,3001.753,2.118,332.518,0.235
08/08/2026,2026-08-08,45,[10:00-10:15[,2026-08-08 09:00,1424.214,35326.316,24.804,16851.464,11.832,,,,,15266.76,10.719,2959.395,2.078,248.698,0.175
08/08/2026,2026-08-08,46,[10:15-10:30[,2026-08-08 09:15,1422.756,35417.443,24.894,16961.864,11.922,,,,,15425.26,10.842,2841.734,1.997,188.585,0.133
08/08/2026,2026-08-08,47,[10:30-10:45[,2026-08-08 09:30,1413.482,34832.431,24.643,17094.193,12.094,,,,,15015.18,10.623,2544.322,1.8,178.735,0.126
08/08/2026,2026-08-08,48,[10:45-11:00[,2026-08-08 09:45,1416.707,35387.063,24.978,17090.39,12.063,,,,,15101.24,10.659,2678.824,1.891,516.609,0.365
08/08/2026,2026-08-08,49,[11:00-11:15[,2026-08-08 10:00,1429.606,36109.287,25.258,17084.779,11.951,,,,,16152,11.298,2863.042,2.003,9.466,0.007
08/08/2026,2026-08-08,50,[11:15-11:30[,2026-08-08 10:15,1424.968,36058.669,25.305,17071.051,11.98,,,,,16193.88,11.364,2607.696,1.83,186.042,0.131
08/08/2026,2026-08-08,51,[11:30-11:45[,2026-08-08 10:30,1433.773,34858.36,24.312,17057.095,11.897,,,,,15299.28,10.671,2723.656,1.9,-221.671,-0.155
08/08/2026,2026-08-08,52,[11:45-12:00[,2026-08-08 10:45,1445.761,35032.643,24.231,17058.874,11.799,,,,,15338.16,10.609,2733.755,1.891,-98.146,-0.068
08/08/2026,2026-08-08,53,[12:00-12:15[,2026-08-08 11:00,1443.305,32320.215,22.393,17059.178,11.82,,,,,12810.48,8.876,2641.54,1.83,-190.983,-0.132
08/08/2026,2026-08-08,54,[12:15-12:30[,2026-08-08 11:15,1450.771,32300.686,22.264,17058.48,11.758,,,,,12833.19,8.846,2689.995,1.854,-280.979,-0.194
08/08/2026,2026-08-08,55,[12:30-12:45[,2026-08-08 11:30,1452.989,32751.888,22.541,17059.103,11.741,,,,,12882.34,8.866,2692.517,1.853,117.928,0.081
08/08/2026,2026-08-08,56,[12:45-13:00[,2026-08-08 11:45,1435.734,32615.427,22.717,17061.105,11.883,,,,,12931.49,9.007,2447.166,1.704,175.666,0.122
08/08/2026,2026-08-08,57,[13:00-13:15[,2026-08-08 12:00,1412.24,32782.101,23.213,17060.685,12.081,,,,,12939.06,9.162,2661.042,1.884,121.314,0.086
08/08/2026,2026-08-08,58,[13:15-13:30[,2026-08-08 12:15,1398.988,32784.594,23.435,17061.183,12.195,,,,,12939.06,9.249,2679.921,1.916,104.43,0.075
08/08/2026,2026-08-08,59,[13:30-13:45[,2026-08-08 12:30,1383.895,32226.35,23.287,17064.916,12.331,,,,,12466.54,9.008,2644.814,1.911,50.08,0.036
08/08/2026,2026-08-08,60,[13:45-14:00[,2026-08-08 12:45,1380.061,32435.804,23.503,17069.725,12.369,,,,,12466.54,9.033,2699.328,1.956,200.211,0.145
08/08/2026,2026-08-08,61,[14:00-14:15[,2026-08-08 13:00,1375.144,33006.485,24.002,17072.176,12.415,,,,,12957.93,9.423,2736.588,1.99,239.791,0.174
08/08/2026,2026-08-08,62,[14:15-14:30[,2026-08-08 13:15,1366.715,32759.486,23.97,17072.155,12.491,,,,,12950.36,9.476,2663.405,1.949,73.566,0.054
08/08/2026,2026-08-08,63,[14:30-14:45[,2026-08-08 13:30,1369.069,32828.239,23.979,17080.941,12.476,,,,,12935.22,9.448,2730.684,1.995,81.394,0.059
08/08/2026,2026-08-08,64,[14:45-15:00[,2026-08-08 13:45,1366.969,32929.308,24.089,17090.003,12.502,,,,,12927.65,9.457,2736.979,2.002,174.675,0.128
08/08/2026,2026-08-08,65,[15:00-15:15[,2026-08-08 14:00,1362.712,32733.523,24.021,17087.988,12.54,,,,,12878.5,9.451,2692.22,1.976,74.814,0.055
08/08/2026,2026-08-08,66,[15:15-15:30[,2026-08-08 14:15,1363.294,32953.705,24.172,17085.456,12.532,,,,,12855.79,9.43,2752.226,2.019,260.233,0.191
08/08/2026,2026-08-08,67,[15:30-15:45[,2026-08-08 14:30,1356.916,32962.669,24.292,17080.87,12.588,,,,,12806.64,9.438,2782.314,2.05,292.844,0.216
08/08/2026,2026-08-08,68,[15:45-16:00[,2026-08-08 14:45,1357.766,32811.23,24.166,17082.908,12.582,,,,,12920.19,9.516,2807.502,2.068,0.63,0
08/08/2026,2026-08-08,69,[16:00-16:15[,2026-08-08 15:00,1357.15,34197.566,25.198,16779.386,12.364,,,,,14374.19,10.591,2672.244,1.969,371.747,0.274
08/08/2026,2026-08-08,70,[16:15-16:30[,2026-08-08 15:15,1372.726,33488.028,24.395,16177.328,11.785,,,,,14802.53,10.783,2842.903,2.071,-334.733,-0.244
08/08/2026,2026-08-08,71,[16:30-16:45[,2026-08-08 15:30,1389.773,32225.065,23.187,14290.218,10.282,,,,,15013.06,10.803,2882.459,2.074,39.328,0.028
08/08/2026,2026-08-08,72,[16:45-17:00[,2026-08-08 15:45,1388.957,33231.844,23.926,13032.092,9.383,,,,,16881.66,12.154,2852.559,2.054,465.533,0.335
08/08/2026,2026-08-08,73,[17:00-17:15[,2026-08-08 16:00,1412.614,32980.415,23.347,10968.336,7.765,,,,,19218.11,13.605,2985.665,2.114,-191.696,-0.136
08/08/2026,2026-08-08,74,[17:15-17:30[,2026-08-08 16:15,1435.166,31784.062,22.147,9734.645,6.783,,,,,19658.64,13.698,3019.758,2.104,-628.98,-0.438
08/08/2026,2026-08-08,75,[17:30-17:45[,2026-08-08 16:30,1457.01,28221.354,19.369,8014.869,5.501,,,,,17774.64,12.199,3022.756,2.075,-590.91,-0.406
08/08/2026,2026-08-08,76,[17:45-18:00[,2026-08-08 16:45,1488.313,24614.732,16.539,7502.82,5.041,,,,,16504.56,11.089,3103.678,2.085,-2496.326,-1.677
08/08/2026,2026-08-08,77,[18:00-18:15[,2026-08-08 17:00,1517.422,20745.191,13.671,3985.968,2.627,,,,,14352.61,9.459,3118.996,2.055,-712.382,-0.469
08/08/2026,2026-08-08,78,[18:15-18:30[,2026-08-08 17:15,1542.639,300.126,0.195,2169.126,1.406,,,,,1743.78,1.13,3133.695,2.031,-6746.476,-4.373
08/08/2026,2026-08-08,79,[18:30-18:45[,2026-08-08 17:30,1580.404,-553.026,-0.35,,,,,,,3291.05,2.082,3165.114,2.003,-7009.191,-4.435
08/08/2026,2026-08-08,80,[18:45-19:00[,2026-08-08 17:45,1593.252,-9005.661,-5.652,,,,,,,1264.62,0.794,3110.659,1.952,-13380.939,-8.399
08/08/2026,2026-08-08,81,[19:00-19:15[,2026-08-08 18:00,1622.829,4991.346,3.076,,,,,,,1498.2,0.923,3173.42,1.955,319.726,0.197
08/08/2026,2026-08-08,82,[19:15-19:30[,2026-08-08 18:15,1654.44,-68.308,-0.041,,,,,,,1782.68,1.078,3169.919,1.916,-5020.907,-3.035
08/08/2026,2026-08-08,83,[19:30-19:45[,2026-08-08 18:30,1648.902,235.277,0.143,,,,,,,952.5,0.578,2234.385,1.355,-2951.608,-1.79
08/08/2026,2026-08-08,84,[19:45-20:00[,2026-08-08 18:45,1664.471,-3570.575,-2.145,,,,,,,1837.92,1.104,2151.588,1.293,-7560.083,-4.542
08/08/2026,2026-08-08,85,[20:00-20:15[,2026-08-08 19:00,1673.701,-1754.714,-1.048,,,,,,,2133.44,1.275,2007.793,1.2,-5895.947,-3.523
08/08/2026,2026-08-08,86,[20:15-20:30[,2026-08-08 19:15,1669.828,1872.922,1.122,,,,,,,1950.51,1.168,2007.148,1.202,-2084.736,-1.248
08/08/2026,2026-08-08,87,[20:30-20:45[,2026-08-08 19:30,1670.996,2816.116,1.685,,,,,,,1944.56,1.164,2015.746,1.206,-1144.19,-0.685
08/08/2026,2026-08-08,88,[20:45-21:00[,2026-08-08 19:45,1683.522,2771.107,1.646,,,,,,,1905.41,1.132,2016.391,1.198,-1150.694,-0.684
08/08/2026,2026-08-08,89,[21:00-21:15[,2026-08-08 20:00,1685.997,5947.456,3.528,,,,,,,2410.19,1.43,2011.037,1.193,1526.229,0.905
08/08/2026,2026-08-08,90,[21:15-21:30[,2026-08-08 20:15,1667.635,6960.798,4.174,,,,,,,2165.96,1.299,2023.991,1.214,2770.848,1.662
08/08/2026,2026-08-08,91,[21:30-21:45[,2026-08-08 20:30,1646.879,5153.14,3.129,,,,,,,2309.49,1.402,2019.448,1.226,824.203,0.5
08/08/2026,2026-08-08,92,[21:45-22:00[,2026-08-08 20:45,1620.265,7725.317,4.768,,,,,,,2402.36,1.483,1929.271,1.191,3393.687,2.095
08/08/2026,2026-08-08,93,[22:00-22:15[,2026-08-08 21:00,1596.273,6059.689,3.796,,,,,,,2257.13,1.414,1929.361,1.209,1873.199,1.173
08/08/2026,2026-08-08,94,[22:15-22:30[,2026-08-08 21:15,1568.514,1400.228,0.893,,,,,,,2297.81,1.465,1930.595,1.231,-2828.177,-1.803
08/08/2026,2026-08-08,95,[22:30-22:45[,2026-08-08 21:30,1555.656,5430.866,3.491,,,,,,,2293.31,1.474,3171.356,2.039,-33.8,-0.022
08/08/2026,2026-08-08,96,[22:45-23:00[,2026-08-08 21:45,1530.687,2262.102,1.478,,,,,,,2293.31,1.498,3177.001,2.076,-3208.209,-2.096
09/08/2026,2026-08-09,1,[23:00-23:15[,2026-08-08 22:00,1511.922,-351.314,-0.232,,,,,,,1691.63,1.119,3173.627,2.099,-5216.571,-3.45
09/08/2026,2026-08-09,2,[23:15-23:30[,2026-08-08 22:15,1474.575,-6818.433,-4.624,,,,,,,1691.63,1.147,3130.007,2.123,-11640.07,-7.894
09/08/2026,2026-08-09,3,[23:30-23:45[,2026-08-08 22:30,1451.35,5748.704,3.961,,,,,,,1633.27,1.125,3175.848,2.188,939.586,0.647
09/08/2026,2026-08-09,4,[23:45-00:00[,2026-08-08 22:45,1434.88,2148.463,1.497,,,,,,,1110.78,0.774,3170.173,2.209,-2132.49,-1.486
09/08/2026,2026-08-09,5,[00:00-00:15[,2026-08-08 23:00,1401.11,4250.407,3.034,,,,,,,1365.08,0.974,3174.041,2.265,-288.714,-0.206
09/08/2026,2026-08-09,6,[00:15-00:30[,2026-08-08 23:15,1380.332,5224.274,3.785,,,,,,,1552.28,1.125,3175.332,2.3,496.662,0.36
09/08/2026,2026-08-09,7,[00:30-00:45[,2026-08-08 23:30,1365.873,2910.034,2.131,,,,,,,1725.68,1.263,3175.324,2.325,-1990.97,-1.458
09/08/2026,2026-08-09,8,[00:45-01:00[,2026-08-08 23:45,1336.374,-635.997,-0.476,,,,,,,1829.72,1.369,3161.203,2.366,-5626.92,-4.211
09/08/2026,2026-08-09,9,[01:00-01:15[,2026-08-09 00:00,1317.623,2841.612,2.157,,,,,,,1314.91,0.998,3174.82,2.41,-1648.118,-1.251
09/08/2026,2026-08-09,10,[01:15-01:30[,2026-08-09 00:15,1298.49,937.468,0.722,,,,,,,1317.34,1.015,3173.367,2.444,-3553.238,-2.736
09/08/2026,2026-08-09,11,[01:30-01:45[,2026-08-09 00:30,1276.116,1550.018,1.215,,,,,,,1581.69,1.239,3173.02,2.486,-3204.692,-2.511
09/08/2026,2026-08-09,12,[01:45-02:00[,2026-08-09 00:45,1261.191,2025.217,1.606,,,,,,,1676.79,1.33,3172.852,2.516,-2824.425,-2.239
09/08/2026,2026-08-09,13,[02:00-02:15[,2026-08-09 01:00,1254.082,4687.375,3.738,,,,,,,1913.04,1.525,3158.212,2.518,-383.877,-0.306
09/08/2026,2026-08-09,14,[02:15-02:30[,2026-08-09 01:15,1239.41,495.864,0.4,,,,,,,1937.34,1.563,3157.412,2.548,-4598.888,-3.711
09/08/2026,2026-08-09,15,[02:30-02:45[,2026-08-09 01:30,1228.332,1304.169,1.062,,,,,,,1961.64,1.597,3158.365,2.571,-3815.836,-3.107
09/08/2026,2026-08-09,16,[02:45-03:00[,2026-08-09 01:45,1216.175,2424.253,1.993,,,,,,,1985.94,1.633,3121.594,2.567,-2683.282,-2.206
09/08/2026,2026-08-09,17,[03:00-03:15[,2026-08-09 02:00,1208.943,-713.669,-0.59,,,,,,,1863.88,1.542,3108.108,2.571,-5685.657,-4.703
09/08/2026,2026-08-09,18,[03:15-03:30[,2026-08-09 02:15,1198.881,2223.326,1.855,,,,,,,2039.63,1.701,3133.357,2.614,-2949.661,-2.46
09/08/2026,2026-08-09,19,[03:30-03:45[,2026-08-09 02:30,1191.508,4816.509,4.042,,,,,,,2053.88,1.724,3157.703,2.65,-395.074,-0.332
09/08/2026,2026-08-09,20,[03:45-04:00[,2026-08-09 02:45,1186.648,3651.169,3.077,,,,,,,2053.88,1.731,3157.215,2.661,-1559.926,-1.315
09/08/2026,2026-08-09,21,[04:00-04:15[,2026-08-09 03:00,1183.813,765.191,0.646,,,,,,,2156.04,1.821,3158.346,2.668,-4549.195,-3.843
09/08/2026,2026-08-09,22,[04:15-04:30[,2026-08-09 03:15,1171.811,4447.508,3.795,,,,,,,2156.04,1.84,3117.726,2.661,-826.258,-0.705
09/08/2026,2026-08-09,23,[04:30-04:45[,2026-08-09 03:30,1170.454,3954.114,3.378,,,,,,,2056.41,1.757,3118.6,2.664,-1220.896,-1.043
09/08/2026,2026-08-09,24,[04:45-05:00[,2026-08-09 03:45,1165.369,1920.143,1.648,,,,,,,2034.54,1.746,3118.127,2.676,-3232.524,-2.774
09/08/2026,2026-08-09,25,[05:00-05:15[,2026-08-09 04:00,1164.024,6167.223,5.298,,,,,,,2119.59,1.821,3119.245,2.68,928.389,0.798
09/08/2026,2026-08-09,26,[05:15-05:30[,2026-08-09 04:15,1162.019,5451.66,4.692,,,,,,,2034.54,1.751,3116.817,2.682,300.303,0.258
09/08/2026,2026-08-09,27,[05:30-05:45[,2026-08-09 04:30,1166.665,4005.675,3.433,,,,,,,1985.94,1.702,3115.854,2.671,-1096.119,-0.94
09/08/2026,2026-08-09,28,[05:45-06:00[,2026-08-09 04:45,1165.012,2589.387,2.223,,,,,,,1985.94,1.705,3115.816,2.674,-2512.368,-2.157
09/08/2026,2026-08-09,29,[06:00-06:15[,2026-08-09 05:00,1182.046,6090.208,5.152,,,,,,,2401.71,2.032,3126.936,2.645,561.562,0.475
09/08/2026,2026-08-09,30,[06:15-06:30[,2026-08-09 05:15,1173.085,5103.251,4.35,,,,,,,2401.71,2.047,3125.714,2.665,-424.173,-0.362
09/08/2026,2026-08-09,31,[06:30-06:45[,2026-08-09 05:30,1151.367,7298.9,6.339,,,,,,,2205.67,1.916,3092.48,2.686,2000.75,1.738
09/08/2026,2026-08-09,32,[06:45-07:00[,2026-08-09 05:45,1146.972,9519.802,8.3,,,,,,,2545.74,2.22,3125.062,2.725,3849.001,3.356
09/08/2026,2026-08-09,33,[07:00-07:15[,2026-08-09 06:00,1166.307,5856.679,5.022,,,,,,,2549.04,2.186,3124.176,2.679,183.463,0.157
09/08/2026,2026-08-09,34,[07:15-07:30[,2026-08-09 06:15,1166.561,11672.25,10.006,2315.799,1.985,,,51.68,0.044,2533.03,2.171,3093.814,2.652,3677.927,3.153
09/08/2026,2026-08-09,35,[07:30-07:45[,2026-08-09 06:30,1177.699,21695.976,18.422,3661.396,3.109,,,,,11237.7,9.542,3113.662,2.644,3683.219,3.127
09/08/2026,2026-08-09,36,[07:45-08:00[,2026-08-09 06:45,1191.88,20517.448,17.214,5138.195,4.311,,,,,12959.58,10.873,3117.163,2.615,-697.49,-0.585
09/08/2026,2026-08-09,37,[08:00-08:15[,2026-08-09 07:00,1187.29,31026.1,26.132,13976.869,11.772,,,,,14419.73,12.145,2781.633,2.343,-152.132,-0.128
09/08/2026,2026-08-09,38,[08:15-08:30[,2026-08-09 07:15,1208.049,36987.231,30.617,15349.539,12.706,,,,,20177.98,16.703,3107.558,2.572,-1647.847,-1.364
09/08/2026,2026-08-09,39,[08:30-08:45[,2026-08-09 07:30,1226.839,40419.578,32.946,17619.665,14.362,,,,,19479.78,15.878,3102.287,2.529,217.847,0.178
09/08/2026,2026-08-09,40,[08:45-09:00[,2026-08-09 07:45,1230.655,40876.939,33.216,18194.818,14.785,,,,,19549.6,15.886,3051.465,2.48,81.056,0.066
09/08/2026,2026-08-09,41,[09:00-09:15[,2026-08-09 08:00,1254.659,32870.047,26.198,18015.29,14.359,,,,,11746.63,9.362,3046.11,2.428,62.018,0.049
09/08/2026,2026-08-09,42,[09:15-09:30[,2026-08-09 08:15,1270.771,27039.891,21.278,18062.053,14.213,,,,,5836.35,4.593,3060.235,2.408,81.253,0.064
09/08/2026,2026-08-09,43,[09:30-09:45[,2026-08-09 08:30,1268.9,26945.041,21.235,18212.563,14.353,,,,,5878.53,4.633,2840.741,2.239,13.207,0.01
09/08/2026,2026-08-09,44,[09:45-10:00[,2026-08-09 08:45,1280.576,27196.744,21.238,18201.345,14.213,,,,,5905.1,4.611,3009.355,2.35,80.945,0.063
09/08/2026,2026-08-09,45,[10:00-10:15[,2026-08-09 09:00,1293.441,27201.768,21.031,18197.285,14.069,,,,,5941.74,4.594,2958.135,2.287,104.607,0.081
09/08/2026,2026-08-09,46,[10:15-10:30[,2026-08-09 09:15,1289.823,26756.833,20.745,18214.897,14.122,,,,,5962.81,4.623,2533.283,1.964,45.844,0.036
09/08/2026,2026-08-09,47,[10:30-10:45[,2026-08-09 09:30,1295.122,26895.688,20.767,18217.237,14.066,,,,,5989.38,4.625,2629.241,2.03,59.829,0.046
09/08/2026,2026-08-09,48,[10:45-11:00[,2026-08-09 09:45,1308.221,27179.427,20.776,18220.621,13.928,,,,,6013.3,4.597,2774.279,2.121,171.228,0.131
09/08/2026,2026-08-09,49,[11:00-11:15[,2026-08-09 10:00,1301.261,41154.682,31.627,18213.98,13.997,,,,,20457.26,15.721,2401.932,1.846,81.51,0.063
09/08/2026,2026-08-09,50,[11:15-11:30[,2026-08-09 10:15,1315.588,41450.218,31.507,18214.507,13.845,,,,,20492.17,15.576,2674.281,2.033,69.26,0.053
09/08/2026,2026-08-09,51,[11:30-11:45[,2026-08-09 10:30,1319.218,26971.564,20.445,18214.398,13.807,,,,,6071.04,4.602,2614.983,1.982,71.143,0.054
09/08/2026,2026-08-09,52,[11:45-12:00[,2026-08-09 10:45,1314.867,26604.119,20.233,18213.841,13.852,,,,,6076.54,4.621,2262.173,1.72,51.564,0.039
09/08/2026,2026-08-09,53,[12:00-12:15[,2026-08-09 11:00,1330.27,26165.037,19.669,18215.934,13.693,,,,,5340.34,4.014,2522.688,1.896,86.076,0.065
09/08/2026,2026-08-09,54,[12:15-12:30[,2026-08-09 11:15,1336.539,23573.748,17.638,18218.303,13.631,,,,,2705,2.024,2583.358,1.933,67.087,0.05
09/08/2026,2026-08-09,55,[12:30-12:45[,2026-08-09 11:30,1320.564,23307.441,17.65,18227.601,13.803,,,,,2725,2.064,2285.717,1.731,69.123,0.052
09/08/2026,2026-08-09,56,[12:45-13:00[,2026-08-09 11:45,1313.718,23515.838,17.9,18215.17,13.865,,,,,2735,2.082,2507.291,1.909,58.378,0.044
09/08/2026,2026-08-09,57,[13:00-13:15[,2026-08-09 12:00,1295.959,23684.677,18.276,18211.405,14.052,,,,,2735,2.11,2539.139,1.959,199.133,0.154
09/08/2026,2026-08-09,58,[13:15-13:30[,2026-08-09 12:15,1274.966,23191.033,18.19,18211.217,14.284,,,,,2548.5,1.999,2325.89,1.824,105.427,0.083
09/08/2026,2026-08-09,59,[13:30-13:45[,2026-08-09 12:30,1257.929,24100.593,19.159,18210.289,14.476,,,,,3352.86,2.665,2440.987,1.94,96.456,0.077
09/08/2026,2026-08-09,60,[13:45-14:00[,2026-08-09 12:45,1239.621,24253.163,19.565,18210.557,14.69,,,,,3352.86,2.705,2510.626,2.025,179.12,0.144
09/08/2026,2026-08-09,61,[14:00-14:15[,2026-08-09 13:00,1227.073,22602.7,18.42,18207.201,14.838,,,,,1966.5,1.603,2261.689,1.843,167.31,0.136
09/08/2026,2026-08-09,62,[14:15-14:30[,2026-08-09 13:15,1230.106,22765.073,18.507,18207.064,14.801,,,,,1963.5,1.596,2519.013,2.048,75.495,0.061
09/08/2026,2026-08-09,63,[14:30-14:45[,2026-08-09 13:30,1230.558,22905.159,18.614,18207.034,14.796,,,,,1960.5,1.593,2507.559,2.038,230.066,0.187
09/08/2026,2026-08-09,64,[14:45-15:00[,2026-08-09 13:45,1209.037,23250.785,19.231,18216.36,15.067,,,,,2529,2.092,2444.565,2.022,60.86,0.05
09/08/2026,2026-08-09,65,[15:00-15:15[,2026-08-09 14:00,1209.256,25924.378,21.438,18180.563,15.035,,,,,5362.18,4.434,2347.975,1.942,33.66,0.028
09/08/2026,2026-08-09,66,[15:15-15:30[,2026-08-09 14:15,1208.608,26077.524,21.576,18161.292,15.027,,,,,5362.18,4.437,2562.097,2.12,-8.044,-0.007
09/08/2026,2026-08-09,67,[15:30-15:45[,2026-08-09 14:30,1196.29,25521.352,21.334,18150.997,15.173,,,,,5336.69,4.461,2110.46,1.764,-76.794,-0.064
09/08/2026,2026-08-09,68,[15:45-16:00[,2026-08-09 14:45,1201.898,26085.25,21.703,18144.326,15.096,,,,,5323.5,4.429,2550.241,2.122,67.183,0.056
09/08/2026,2026-08-09,69,[16:00-16:15[,2026-08-09 15:00,1220.401,42635.989,34.936,18007.924,14.756,,,,,21878.7,17.927,2629.459,2.155,119.905,0.098
09/08/2026,2026-08-09,70,[16:15-16:30[,2026-08-09 15:15,1221.805,41917.798,34.308,18009.532,14.74,,,,,21808.8,17.85,2375.744,1.944,-276.277,-0.226
09/08/2026,2026-08-09,71,[16:30-16:45[,2026-08-09 15:30,1238.574,36822.331,29.73,17930.354,14.477,,,,,16171.95,13.057,2686.089,2.169,33.938,0.027
09/08/2026,2026-08-09,72,[16:45-17:00[,2026-08-09 15:45,1252.88,36274.161,28.953,17641.923,14.081,,,,,16051.95,12.812,2697.915,2.153,-117.628,-0.094
09/08/2026,2026-08-09,73,[17:00-17:15[,2026-08-09 16:00,1269.331,42764.752,33.691,17402.136,13.71,,,,,22368.64,17.622,2634.64,2.076,359.337,0.283
09/08/2026,2026-08-09,74,[17:15-17:30[,2026-08-09 16:15,1288.309,41149.487,31.941,15150.168,11.76,,,,,23701.29,18.397,2769.501,2.15,-471.472,-0.366
09/08/2026,2026-08-09,75,[17:30-17:45[,2026-08-09 16:30,1309.77,46228.971,35.295,14690.582,11.216,,,,,22104.32,16.876,2771.367,2.116,6662.701,5.087
09/08/2026,2026-08-09,76,[17:45-18:00[,2026-08-09 16:45,1335.946,34234.58,25.626,11465.195,8.582,,,,,18870.82,14.125,2958.711,2.215,939.854,0.704
09/08/2026,2026-08-09,77,[18:00-18:15[,2026-08-09 17:00,1365.789,21882.251,16.022,5267.487,3.857,,,,,17261.12,12.638,3060.284,2.241,-3706.639,-2.714
09/08/2026,2026-08-09,78,[18:15-18:30[,2026-08-09 17:15,1390.279,24163.667,17.38,4260.91,3.065,,,,,17256.18,12.412,2827.91,2.034,-181.332,-0.13
09/08/2026,2026-08-09,79,[18:30-18:45[,2026-08-09 17:30,1429.297,17040.492,11.922,3679.874,2.575,,,,,11909.1,8.332,3065.403,2.145,-1613.885,-1.129
09/08/2026,2026-08-09,80,[18:45-19:00[,2026-08-09 17:45,1451.796,1921.393,1.323,148.561,0.102,,,,,3173.23,2.186,2802.113,1.93,-4202.511,-2.895
09/08/2026,2026-08-09,81,[19:00-19:15[,2026-08-09 18:00,1495.006,4793.823,3.207,1400.999,0.937,,,,,2443.17,1.634,3087.219,2.065,-2137.565,-1.43
09/08/2026,2026-08-09,82,[19:15-19:30[,2026-08-09 18:15,1528.35,3300.583,2.16,,,,,,,1862.53,1.219,3072.475,2.01,-1634.422,-1.069
09/08/2026,2026-08-09,83,[19:30-19:45[,2026-08-09 18:30,1547.07,-5755.546,-3.72,,,,,,,1506.89,0.974,2883.748,1.864,-10146.184,-6.558
09/08/2026,2026-08-09,84,[19:45-20:00[,2026-08-09 18:45,1575.812,-206.739,-0.131,,,,,,,1785.82,1.133,3064.763,1.945,-5057.322,-3.209
09/08/2026,2026-08-09,85,[20:00-20:15[,2026-08-09 19:00,1598.132,451.567,0.283,,,,,,,1752.1,1.096,3083.027,1.929,-4383.56,-2.743
09/08/2026,2026-08-09,86,[20:15-20:30[,2026-08-09 19:15,1600.261,4408.905,2.755,,,,,2.476,0.002,1785.82,1.116,2871.71,1.795,-251.1,-0.157
09/08/2026,2026-08-09,87,[20:30-20:45[,2026-08-09 19:30,1617.549,5929.234,3.666,,,,,,,1785.82,1.104,3096.88,1.915,1046.534,0.647
09/08/2026,2026-08-09,88,[20:45-21:00[,2026-08-09 19:45,1643.347,3042.233,1.851,,,,,,,1785.82,1.087,3109.287,1.892,-1852.875,-1.128
09/08/2026,2026-08-09,89,[21:00-21:15[,2026-08-09 20:00,1637.039,6406.52,3.913,,,,,,,2290.8,1.399,2477.383,1.513,1638.337,1.001
09/08/2026,2026-08-09,90,[21:15-21:30[,2026-08-09 20:15,1640.483,7012.943,4.275,,,,,,,2290.8,1.396,3080.85,1.878,1641.293,1
09/08/2026,2026-08-09,91,[21:30-21:45[,2026-08-09 20:30,1623.321,1860.291,1.146,,,,,,,2254.08,1.389,3080.205,1.897,-3473.994,-2.14
09/08/2026,2026-08-09,92,[21:45-22:00[,2026-08-09 20:45,1598.377,3240.549,2.027,,,,,,,2254.08,1.41,3079.427,1.927,-2092.959,-1.309
09/08/2026,2026-08-09,93,[22:00-22:15[,2026-08-09 21:00,1581.629,4404.045,2.784,,,,,,,2288.14,1.447,3068.076,1.94,-952.17,-0.602
09/08/2026,2026-08-09,94,[22:15-22:30[,2026-08-09 21:15,1558.043,2612.207,1.677,,,,,,,2246.02,1.442,3065.096,1.967,-2698.909,-1.732
09/08/2026,2026-08-09,95,[22:30-22:45[,2026-08-09 21:30,1536.66,4710.657,3.066,,,,,,,2018.38,1.313,3065.414,1.995,-373.137,-0.243
09/08/2026,2026-08-09,96,[22:45-23:00[,2026-08-09 21:45,1507.628,4728.517,3.136,,,,,,,2340.82,1.553,3050.387,2.023,-662.69,-0.44
10/08/2026,2026-08-10,1,[23:00-23:15[,2026-08-09 22:00,1485.756,7197.335,4.844,,,,,,,5885.75,3.961,3176.677,2.138,-1865.092,-1.255
10/08/2026,2026-08-10,2,[23:15-23:30[,2026-08-09 22:15,1451.131,5757.444,3.968,,,,,,,4832.95,3.33,3086.631,2.127,-2162.137,-1.49
10/08/2026,2026-08-10,3,[23:30-23:45[,2026-08-09 22:30,1411.5,9821.869,6.958,,,,,,,4764.98,3.376,2900.534,2.055,2156.355,1.528
10/08/2026,2026-08-10,4,[23:45-00:00[,2026-08-09 22:45,1394.637,8002.349,5.738,,,,,,,4799.98,3.442,3173.252,2.275,29.118,0.021
10/08/2026,2026-08-10,5,[00:00-00:15[,2026-08-09 23:00,1377.816,2517.929,1.827,,,,,,,4287.97,3.112,3162.404,2.295,-4932.445,-3.58
10/08/2026,2026-08-10,6,[00:15-00:30[,2026-08-09 23:15,1334.19,7554.681,5.662,,,,,,,4736.11,3.55,2012.968,1.509,805.603,0.604
10/08/2026,2026-08-10,7,[00:30-00:45[,2026-08-09 23:30,1310.369,8131.081,6.205,,,,,,,4506.37,3.439,1897.7,1.448,1727.011,1.318
10/08/2026,2026-08-10,8,[00:45-01:00[,2026-08-09 23:45,1289.238,6831.722,5.299,,,,,,,4852.61,3.764,1917.606,1.487,61.506,0.048
10/08/2026,2026-08-10,9,[01:00-01:15[,2026-08-10 00:00,1271.067,8568.839,6.741,,,,,,,3599.36,2.832,2001.214,1.574,2968.265,2.335
10/08/2026,2026-08-10,10,[01:15-01:30[,2026-08-10 00:15,1252.306,5296.322,4.229,,,,,,,3620.05,2.891,2022.129,1.615,-345.858,-0.276
10/08/2026,2026-08-10,11,[01:30-01:45[,2026-08-10 00:30,1234.138,5350.513,4.335,,,,,,,3360.1,2.723,2011.925,1.63,-21.512,-0.017
10/08/2026,2026-08-10,12,[01:45-02:00[,2026-08-10 00:45,1218.46,7247.873,5.948,,,,,,,3360.1,2.758,1941.369,1.593,1946.404,1.597
10/08/2026,2026-08-10,13,[02:00-02:15[,2026-08-10 01:00,1210.779,6838.427,5.648,,,,,,,3136.79,2.591,1911.064,1.578,1790.573,1.479
10/08/2026,2026-08-10,14,[02:15-02:30[,2026-08-10 01:15,1198.821,6281.574,5.24,,,,,,,3169.05,2.643,1895.142,1.581,1217.382,1.015
10/08/2026,2026-08-10,15,[02:30-02:45[,2026-08-10 01:30,1187.618,7092.931,5.972,,,,,,,3200.16,2.695,1904.985,1.604,1987.786,1.674
10/08/2026,2026-08-10,16,[02:45-03:00[,2026-08-10 01:45,1178.094,4743.547,4.026,,,,,,,2741.92,2.327,1913.037,1.624,88.59,0.075
10/08/2026,2026-08-10,17,[03:00-03:15[,2026-08-10 02:00,1169.289,6515.183,5.572,,,,,,,3590.96,3.071,1908.511,1.632,1015.713,0.869
10/08/2026,2026-08-10,18,[03:15-03:30[,2026-08-10 02:15,1160.528,6182.012,5.327,,,,,,,3624.36,3.123,1907.32,1.643,650.332,0.56
10/08/2026,2026-08-10,19,[03:30-03:45[,2026-08-10 02:30,1150.261,4861.799,4.227,,,,,,,3708.56,3.224,1905.992,1.657,-752.754,-0.654
10/08/2026,2026-08-10,20,[03:45-04:00[,2026-08-10 02:45,1144.398,7488.437,6.544,,,,,,,3591.12,3.138,1913.155,1.672,1984.162,1.734
10/08/2026,2026-08-10,21,[04:00-04:15[,2026-08-10 03:00,1142.647,5489.175,4.804,,,,,,,3840.38,3.361,1915.065,1.676,-266.271,-0.233
10/08/2026,2026-08-10,22,[04:15-04:30[,2026-08-10 03:15,1133.938,6402.402,5.646,,,,,,,3791.86,3.344,1889.387,1.666,721.155,0.636
10/08/2026,2026-08-10,23,[04:30-04:45[,2026-08-10 03:30,1132.715,8684.015,7.667,,,,,,,3898.84,3.442,2019.771,1.783,2765.404,2.441
10/08/2026,2026-08-10,24,[04:45-05:00[,2026-08-10 03:45,1152.613,7472.152,6.483,,,,,,,3779.64,3.279,3162.955,2.744,529.557,0.459
10/08/2026,2026-08-10,25,[05:00-05:15[,2026-08-10 04:00,1161.501,6162.447,5.306,,,,,,,3572.74,3.076,3048.675,2.625,-458.968,-0.395
10/08/2026,2026-08-10,26,[05:15-05:30[,2026-08-10 04:15,1176.345,6503.001,5.528,,,,,,,3312.9,2.816,3160.823,2.687,29.278,0.025
10/08/2026,2026-08-10,27,[05:30-05:45[,2026-08-10 04:30,1167.275,8324.976,7.132,,,,,,,2804.79,2.403,2575.429,2.206,2944.757,2.523
10/08/2026,2026-08-10,28,[05:45-06:00[,2026-08-10 04:45,1194.799,6727.339,5.631,,,,,,,1755.3,1.469,3155.569,2.641,1816.47,1.52
10/08/2026,2026-08-10,29,[06:00-06:15[,2026-08-10 05:00,1234.619,5148.985,4.171,,,,,,,1902.4,1.541,3173.575,2.57,73.011,0.059
10/08/2026,2026-08-10,30,[06:15-06:30[,2026-08-10 05:15,1247.185,4484.613,3.596,,,,,,,2226.8,1.785,3173.101,2.544,-915.287,-0.734
10/08/2026,2026-08-10,31,[06:30-06:45[,2026-08-10 05:30,1234.38,3046.905,2.468,,,,,,,1832,1.484,2225.399,1.803,-1010.494,-0.819
10/08/2026,2026-08-10,32,[06:45-07:00[,2026-08-10 05:45,1265.818,4855.818,3.836,,,,,,,1832,1.447,3179.771,2.512,-155.954,-0.123
10/08/2026,2026-08-10,33,[07:00-07:15[,2026-08-10 06:00,1307.408,4007.797,3.065,,,,,,,1792.4,1.371,3168.662,2.424,-953.265,-0.729
10/08/2026,2026-08-10,34,[07:15-07:30[,2026-08-10 06:15,1333.483,4478.467,3.358,,,,,,,1988,1.491,2884.699,2.163,-394.232,-0.296
10/08/2026,2026-08-10,35,[07:30-07:45[,2026-08-10 06:30,1363.763,9824.479,7.204,,,,,,,2958.19,2.169,3172.887,2.327,3693.402,2.708
10/08/2026,2026-08-10,36,[07:45-08:00[,2026-08-10 06:45,1397.514,11726.138,8.391,,,,,,,4089.8,2.926,3173.713,2.271,4462.624,3.193
10/08/2026,2026-08-10,37,[08:00-08:15[,2026-08-10 07:00,1449.159,4777.448,3.297,,,,,,,3249.43,2.242,3169.011,2.187,-1640.993,-1.132
10/08/2026,2026-08-10,38,[08:15-08:30[,2026-08-10 07:15,1485.846,11397.914,7.671,2455.63,1.653,,,,,3926.14,2.642,3063.705,2.062,1952.44,1.314
10/08/2026,2026-08-10,39,[08:30-08:45[,2026-08-10 07:30,1519.579,13807.403,9.086,6059.345,3.988,,,,,4950.32,3.258,3140.885,2.067,-343.147,-0.226
10/08/2026,2026-08-10,40,[08:45-09:00[,2026-08-10 07:45,1547.3,30040.018,19.414,7717.176,4.988,,,,,17838.8,11.529,3113.13,2.012,1370.912,0.886
10/08/2026,2026-08-10,41,[09:00-09:15[,2026-08-10 08:00,1562.959,31474.972,20.138,7920.162,5.067,,,,,20484.2,13.106,2861.575,1.831,209.034,0.134
10/08/2026,2026-08-10,42,[09:15-09:30[,2026-08-10 08:15,1571.75,29029.181,18.469,7730.91,4.919,,,,,18869.2,12.005,3099.661,1.972,-670.59,-0.427
10/08/2026,2026-08-10,43,[09:30-09:45[,2026-08-10 08:30,1571.719,30820.887,19.61,7690.304,4.893,,,,,19320,12.292,3072.357,1.955,738.227,0.47
10/08/2026,2026-08-10,44,[09:45-10:00[,2026-08-10 08:45,1548.136,34526.874,22.302,7829.974,5.058,,,,,18965.8,12.251,2444.171,1.579,5286.93,3.415
10/08/2026,2026-08-10,45,[10:00-10:15[,2026-08-10 09:00,1555.826,28214.226,18.135,7826.98,5.031,,,,,18238.35,11.723,3003.399,1.93,-854.502,-0.549
10/08/2026,2026-08-10,46,[10:15-10:30[,2026-08-10 09:15,1558.249,28452.242,18.259,7710.125,4.948,,,,,18240.48,11.706,2982.532,1.914,-480.895,-0.309
10/08/2026,2026-08-10,47,[10:30-10:45[,2026-08-10 09:30,1547.051,27709.153,17.911,7790.018,5.035,,,,,18469.95,11.939,2722.24,1.76,-1273.055,-0.823
10/08/2026,2026-08-10,48,[10:45-11:00[,2026-08-10 09:45,1548.835,28439.818,18.362,8055.57,5.201,,,,,18424.7,11.896,2759.107,1.781,-799.56,-0.516
10/08/2026,2026-08-10,49,[11:00-11:15[,2026-08-10 10:00,1545.771,34652.95,22.418,8034.009,5.197,,,,,20715,13.401,2735.98,1.77,3167.961,2.049
10/08/2026,2026-08-10,50,[11:15-11:30[,2026-08-10 10:15,1544.974,36552.363,23.659,10802.486,6.992,,,,,20747.2,13.429,2701.722,1.749,2300.956,1.489
10/08/2026,2026-08-10,51,[11:30-11:45[,2026-08-10 10:30,1544.511,34267.062,22.186,10849.249,7.024,,,,,17709.5,11.466,2668.428,1.728,3039.886,1.968
10/08/2026,2026-08-10,52,[11:45-12:00[,2026-08-10 10:45,1545.3,35181.636,22.767,10916.558,7.064,,,,,18263.76,11.819,2661.225,1.722,3340.093,2.161
10/08/2026,2026-08-10,53,[12:00-12:15[,2026-08-10 11:00,1539.926,35422.582,23.003,11067.684,7.187,,,,,19886.45,12.914,2633.986,1.71,1834.463,1.191
10/08/2026,2026-08-10,54,[12:15-12:30[,2026-08-10 11:15,1531.832,33227.293,21.691,14099.938,9.205,,,,,15079,9.844,2398.214,1.566,1650.141,1.077
10/08/2026,2026-08-10,55,[12:30-12:45[,2026-08-10 11:30,1514.715,33308.548,21.99,14802.125,9.772,,,,,14301.6,9.442,2399.508,1.584,1805.315,1.192
10/08/2026,2026-08-10,56,[12:45-13:00[,2026-08-10 11:45,1508.474,33074.619,21.926,14895.875,9.875,,,,,14301.6,9.481,2396.647,1.589,1480.497,0.981
10/08/2026,2026-08-10,57,[13:00-13:15[,2026-08-10 12:00,1486.798,32946.021,22.159,14029.625,9.436,,,,,15126.6,10.174,1690.427,1.137,2099.369,1.412
10/08/2026,2026-08-10,58,[13:15-13:30[,2026-08-10 12:15,1495.458,33416.301,22.345,14369.938,9.609,,,,,15126.6,10.115,2429.011,1.624,1490.753,0.997
10/08/2026,2026-08-10,59,[13:30-13:45[,2026-08-10 12:30,1503.273,33239.768,22.112,13833.688,9.202,,,,,15613.4,10.386,2431.217,1.617,1361.463,0.906
10/08/2026,2026-08-10,60,[13:45-14:00[,2026-08-10 12:45,1495.813,33694.179,22.526,13958.375,9.332,,,,,15613.4,10.438,2211.845,1.479,1910.559,1.277
10/08/2026,2026-08-10,61,[14:00-14:15[,2026-08-10 13:00,1501.699,31528.357,20.995,14895.875,9.919,,,,,14241.6,9.484,1819.759,1.212,571.124,0.38
10/08/2026,2026-08-10,62,[14:15-14:30[,2026-08-10 13:15,1520.402,31888.57,20.974,14895.875,9.797,,,,,14241.6,9.367,2428.531,1.597,322.564,0.212
10/08/2026,2026-08-10,63,[14:30-14:45[,2026-08-10 13:30,1525.579,32607.328,21.374,15270.875,10.01,,,,,14241.6,9.335,2548.292,1.67,546.562,0.358
10/08/2026,2026-08-10,64,[14:45-15:00[,2026-08-10 13:45,1518.683,32277.803,21.254,14979.313,9.863,,,,,14241.6,9.378,2297.354,1.513,759.537,0.5
10/08/2026,2026-08-10,65,[15:00-15:15[,2026-08-10 14:00,1527.965,33174.793,21.712,14895.875,9.749,,,,,14331.6,9.38,2586.659,1.693,1360.659,0.891
10/08/2026,2026-08-10,66,[15:15-15:30[,2026-08-10 14:15,1532.226,31321.405,20.442,13615.25,8.886,,,,,14973.6,9.772,2662.716,1.738,69.839,0.046
10/08/2026,2026-08-10,67,[15:30-15:45[,2026-08-10 14:30,1530.102,31629.392,20.671,13584.313,8.878,,,,,14875,9.722,2531.542,1.654,638.537,0.417
10/08/2026,2026-08-10,68,[15:45-16:00[,2026-08-10 14:45,1534.543,31026.359,20.219,12552.125,8.18,,,,,16035.9,10.45,2566.282,1.672,-127.948,-0.083
10/08/2026,2026-08-10,69,[16:00-16:15[,2026-08-10 15:00,1538.096,30602.117,19.896,10440.589,6.788,,,,,19982.56,12.992,2649.409,1.723,-2470.44,-1.606
10/08/2026,2026-08-10,70,[16:15-16:30[,2026-08-10 15:15,1554.369,30991.546,19.938,9538.927,6.137,,,,,19673.26,12.657,2770.663,1.783,-991.303,-0.638
10/08/2026,2026-08-10,71,[16:30-16:45[,2026-08-10 15:30,1551.773,31198.622,20.105,9468.865,6.102,,,,,19391.14,12.496,2157.711,1.39,180.907,0.117
10/08/2026,2026-08-10,72,[16:45-17:00[,2026-08-10 15:45,1571.144,31071.817,19.777,9018.324,5.74,,,,,18778.46,11.952,2631.633,1.675,643.401,0.41
10/08/2026,2026-08-10,73,[17:00-17:15[,2026-08-10 16:00,1584.949,29652.812,18.709,8693.517,5.485,,,,,17762.22,11.207,2814.72,1.776,382.356,0.241
10/08/2026,2026-08-10,74,[17:15-17:30[,2026-08-10 16:15,1573.117,27384.864,17.408,8267.468,5.255,,,,,17352.18,11.03,1941.197,1.234,-175.981,-0.112
10/08/2026,2026-08-10,75,[17:30-17:45[,2026-08-10 16:30,1581.224,26514.092,16.768,8264.006,5.226,,,,,17321.58,10.955,1740.741,1.101,-812.235,-0.514
10/08/2026,2026-08-10,76,[17:45-18:00[,2026-08-10 16:45,1600.369,24143.971,15.087,7497.038,4.685,,,,,17030.88,10.642,1779.787,1.112,-2163.734,-1.352
10/08/2026,2026-08-10,77,[18:00-18:15[,2026-08-10 17:00,1614.067,26162.481,16.209,3604.761,2.233,,,,,20846.7,12.916,1827.831,1.132,-116.811,-0.072
10/08/2026,2026-08-10,78,[18:15-18:30[,2026-08-10 17:15,1642.093,26791.267,16.315,2672.381,1.627,,,,,18600.84,11.328,1914.623,1.166,3603.423,2.194
10/08/2026,2026-08-10,79,[18:30-18:45[,2026-08-10 17:30,1668.674,2790.375,1.672,195.336,0.117,,,,,4113.61,2.465,1941.3,1.163,-3459.871,-2.073
10/08/2026,2026-08-10,80,[18:45-19:00[,2026-08-10 17:45,1702.957,1024.588,0.602,,,,,,,3300.46,1.938,1966.218,1.155,-4242.09,-2.491
10/08/2026,2026-08-10,81,[19:00-19:15[,2026-08-10 18:00,1729.91,-5259.706,-3.04,,,,,,,1290.9,0.746,1882.72,1.088,-8433.325,-4.875
10/08/2026,2026-08-10,82,[19:15-19:30[,2026-08-10 18:15,1761.917,-2312.064,-1.312,,,,,,,1308.9,0.743,1882.563,1.068,-5503.527,-3.124
10/08/2026,2026-08-10,83,[19:30-19:45[,2026-08-10 18:30,1790.554,-2855.401,-1.595,,,,,,,1300.8,0.726,1882.089,1.051,-6038.289,-3.372
10/08/2026,2026-08-10,84,[19:45-20:00[,2026-08-10 18:45,1810.815,3646.143,2.014,,,,,,,1951.33,1.078,1884.526,1.041,-189.712,-0.105
10/08/2026,2026-08-10,85,[20:00-20:15[,2026-08-10 19:00,1818.034,-1812.845,-0.997,,,,,,,3112.72,1.712,1889.764,1.039,-6815.328,-3.749
10/08/2026,2026-08-10,86,[20:15-20:30[,2026-08-10 19:15,1810.49,2999.395,1.657,,,,,,,5448.44,3.009,1907.168,1.053,-4356.214,-2.406
10/08/2026,2026-08-10,87,[20:30-20:45[,2026-08-10 19:30,1808.705,2771.455,1.532,,,,,,,6003.6,3.319,1902.959,1.052,-5135.104,-2.839
10/08/2026,2026-08-10,88,[20:45-21:00[,2026-08-10 19:45,1814.889,2802.966,1.544,,,,,,,5448.44,3.002,1883.87,1.038,-4529.345,-2.496
10/08/2026,2026-08-10,89,[21:00-21:15[,2026-08-10 20:00,1811.844,3379.761,1.865,,,,,,,5927.6,3.272,1884.713,1.04,-4432.552,-2.446
10/08/2026,2026-08-10,90,[21:15-21:30[,2026-08-10 20:15,1791.358,3226.203,1.801,,,,,,,3893.9,2.174,1894.591,1.058,-2562.289,-1.43
10/08/2026,2026-08-10,91,[21:30-21:45[,2026-08-10 20:30,1761.992,5481.921,3.111,,,,,,,3057.7,1.735,1909.754,1.084,514.467,0.292
10/08/2026,2026-08-10,92,[21:45-22:00[,2026-08-10 20:45,1729.504,3075.114,1.778,,,,,,,1813.32,1.048,1886.921,1.091,-625.128,-0.361
10/08/2026,2026-08-10,93,[22:00-22:15[,2026-08-10 21:00,1695.879,1499.184,0.884,,,,,,,1856.04,1.094,1908.631,1.125,-2265.487,-1.336
10/08/2026,2026-08-10,94,[22:15-22:30[,2026-08-10 21:15,1664.444,4714.719,2.833,,,,,,,1712.1,1.029,1908.137,1.146,1094.482,0.658
10/08/2026,2026-08-10,95,[22:30-22:45[,2026-08-10 21:30,1633.058,3153.008,1.931,,,,,,,1605.95,0.983,1852.689,1.134,-305.631,-0.187
10/08/2026,2026-08-10,96,[22:45-23:00[,2026-08-10 21:45,1595.081,2417.975,1.516,,,,,,,1742.55,1.092,1898.494,1.19,-1223.069,-0.767
11/08/2026,2026-08-11,1,[23:00-23:15[,2026-08-10 22:00,1560.032,1638.384,1.05,,,,,,,1438.06,0.922,1884.498,1.208,-1684.174,-1.08
11/08/2026,2026-08-11,2,[23:15-23:30[,2026-08-10 22:15,1523.038,357.491,0.235,,,,,,,1497.66,0.983,1886.254,1.238,-3026.423,-1.987
11/08/2026,2026-08-11,3,[23:30-23:45[,2026-08-10 22:30,1489.981,2161.456,1.451,,,,,,,1572.16,1.055,1885.955,1.266,-1296.659,-0.87
11/08/2026,2026-08-11,4,[23:45-00:00[,2026-08-10 22:45,1455.779,3912.922,2.688,,,,,,,1981,1.361,1906.34,1.309,25.582,0.018
11/08/2026,2026-08-11,5,[00:00-00:15[,2026-08-10 23:00,1429.315,1365.892,0.956,,,,,,,1236.78,0.865,1917.689,1.342,-1788.577,-1.251
11/08/2026,2026-08-11,6,[00:15-00:30[,2026-08-10 23:15,1405.674,825.201,0.587,,,,,,,1236.78,0.88,1911.503,1.36,-2323.082,-1.653
11/08/2026,2026-08-11,7,[00:30-00:45[,2026-08-10 23:30,1380.73,1969.899,1.427,,,,,,,1236.78,0.896,1914.068,1.386,-1180.949,-0.855
11/08/2026,2026-08-11,8,[00:45-01:00[,2026-08-10 23:45,1356.975,2981.782,2.197,,,,,,,1236.78,0.911,1907.416,1.406,-162.414,-0.12
11/08/2026,2026-08-11,9,[01:00-01:15[,2026-08-11 00:00,1336.767,3318.443,2.482,,,,,,,950.72,0.711,1938.722,1.45,429.001,0.321
11/08/2026,2026-08-11,10,[01:15-01:30[,2026-08-11 00:15,1315.393,3644.88,2.771,,,,,,,913.37,0.694,1939.851,1.475,791.66,0.602
11/08/2026,2026-08-11,11,[01:30-01:45[,2026-08-11 00:30,1292.13,4961.39,3.84,,,,,,,905.9,0.701,1851.082,1.433,2204.409,1.706
11/08/2026,2026-08-11,12,[01:45-02:00[,2026-08-11 00:45,1277.741,4933.918,3.861,,,,,,,905.9,0.709,1884.392,1.475,2143.626,1.678
11/08/2026,2026-08-11,13,[02:00-02:15[,2026-08-11 01:00,1268.748,2410.281,1.9,,,,,,,898.11,0.708,1899.399,1.497,-387.227,-0.305
11/08/2026,2026-08-11,14,[02:15-02:30[,2026-08-11 01:15,1254.852,2038.317,1.624,,,,,,,898.11,0.716,1917.835,1.528,-777.628,-0.62
11/08/2026,2026-08-11,15,[02:30-02:45[,2026-08-11 01:30,1242.018,3906.388,3.145,,,,,,,890.64,0.717,1939.897,1.562,1075.851,0.866
11/08/2026,2026-08-11,16,[02:45-03:00[,2026-08-11 01:45,1229.922,4191.784,3.408,,,,,,,898.11,0.73,1939.904,1.577,1353.769,1.101
11/08/2026,2026-08-11,17,[03:00-03:15[,2026-08-11 02:00,1223.929,2946.847,2.408,,,,,,,660.97,0.54,1934.552,1.581,351.325,0.287
11/08/2026,2026-08-11,18,[03:15-03:30[,2026-08-11 02:15,1212.452,2499.922,2.062,,,,,,,660.97,0.545,1912.366,1.577,-73.413,-0.061
11/08/2026,2026-08-11,19,[03:30-03:45[,2026-08-11 02:30,1204.556,3679.317,3.055,,,,,,,660.97,0.549,1903.255,1.58,1115.092,0.926
11/08/2026,2026-08-11,20,[03:45-04:00[,2026-08-11 02:45,1198.149,2973.057,2.481,,,,,,,660.97,0.552,1908.309,1.593,403.778,0.337
11/08/2026,2026-08-11,21,[04:00-04:15[,2026-08-11 03:00,1195.353,3920.43,3.28,,,,,,,905.9,0.758,1919.302,1.606,1095.229,0.916
11/08/2026,2026-08-11,22,[04:15-04:30[,2026-08-11 03:15,1191.508,3713.636,3.117,,,,,,,905.9,0.76,1855.124,1.557,952.612,0.8
11/08/2026,2026-08-11,23,[04:30-04:45[,2026-08-11 03:30,1191.243,4323.68,3.63,,,,,,,965.66,0.811,1840.402,1.545,1517.618,1.274
11/08/2026,2026-08-11,24,[04:45-05:00[,2026-08-11 03:45,1189.495,2460.448,2.068,,,,,,,1010.96,0.85,1925.454,1.619,-475.966,-0.4
11/08/2026,2026-08-11,25,[05:00-05:15[,2026-08-11 04:00,1198.996,1460.982,1.219,,,,,,,955.7,0.797,1939.423,1.618,-1434.141,-1.196
11/08/2026,2026-08-11,26,[05:15-05:30[,2026-08-11 04:15,1202.365,927.174,0.771,,,,,,,1010.96,0.841,1942.813,1.616,-2026.599,-1.686
11/08/2026,2026-08-11,27,[05:30-05:45[,2026-08-11 04:30,1209.163,2312.089,1.912,,,,,,,940.91,0.778,1938.775,1.603,-567.596,-0.469
11/08/2026,2026-08-11,28,[05:45-06:00[,2026-08-11 04:45,1219.353,3994.4,3.276,,,,,,,1128.47,0.925,1912.697,1.569,953.233,0.782
11/08/2026,2026-08-11,29,[06:00-06:15[,2026-08-11 05:00,1257.69,3034.887,2.413,,,,,,,1342.59,1.068,1918.857,1.526,-226.56,-0.18
11/08/2026,2026-08-11,30,[06:15-06:30[,2026-08-11 05:15,1274.2,1108.9,0.87,,,,,,,1305.93,1.025,1939.316,1.522,-2136.346,-1.677
11/08/2026,2026-08-11,31,[06:30-06:45[,2026-08-11 05:30,1277.316,3997.541,3.13,,,,,,,1305.93,1.022,1941.922,1.52,749.69,0.587
11/08/2026,2026-08-11,32,[06:45-07:00[,2026-08-11 05:45,1287.47,3072.25,2.386,,,,,,,1348.75,1.048,1942.27,1.509,-218.77,-0.17
11/08/2026,2026-08-11,33,[07:00-07:15[,2026-08-11 06:00,1333.592,114.218,0.086,,,,,,,1429.8,1.072,2032.446,1.524,-3348.028,-2.511
11/08/2026,2026-08-11,34,[07:15-07:30[,2026-08-11 06:15,1380.914,6049.667,4.381,,,,,,,1989.5,1.441,3055.912,2.213,1004.254,0.727
11/08/2026,2026-08-11,35,[07:30-07:45[,2026-08-11 06:30,1412.875,5427.731,3.842,,,,,,,1447.5,1.025,3120.625,2.209,859.605,0.608
11/08/2026,2026-08-11,36,[07:45-08:00[,2026-08-11 06:45,1455.539,13236.866,9.094,3528.607,2.424,,,,,2348.7,1.614,3177.115,2.183,4182.443,2.873
11/08/2026,2026-08-11,37,[08:00-08:15[,2026-08-11 07:00,1504.532,-616.066,-0.409,,,,,,,1171.6,0.779,3076.252,2.045,-4863.917,-3.233
11/08/2026,2026-08-11,38,[08:15-08:30[,2026-08-11 07:15,1546.444,12563.237,8.124,6622.819,4.283,,,,,1067.43,0.69,3153.283,2.039,1719.706,1.112
11/08/2026,2026-08-11,39,[08:30-08:45[,2026-08-11 07:30,1581.685,13145.425,8.311,6905.494,4.366,,,,,1169.37,0.739,3164.97,2.001,1905.591,1.205
11/08/2026,2026-08-11,40,[08:45-09:00[,2026-08-11 07:45,1604.748,16322.468,10.171,7245.564,4.515,,,,,6510.38,4.057,3153.545,1.965,-587.02,-0.366
11/08/2026,2026-08-11,41,[09:00-09:15[,2026-08-11 08:00,1611.189,18982.505,11.782,7160.702,4.444,,,,,7332.2,4.551,2516.245,1.562,1973.359,1.225
11/08/2026,2026-08-11,42,[09:15-09:30[,2026-08-11 08:15,1623.405,20601.84,12.691,6934.189,4.271,,,,,7344.4,4.524,3170.239,1.953,3153.011,1.942
11/08/2026,2026-08-11,43,[09:30-09:45[,2026-08-11 08:30,1621.531,25235.758,15.563,7487.728,4.618,,,,,13757.19,8.484,3210.209,1.98,780.631,0.481
11/08/2026,2026-08-11,44,[09:45-10:00[,2026-08-11 08:45,1604.528,24294.439,15.141,7547.321,4.704,,,,,13779.99,8.588,3031.578,1.889,-64.45,-0.04
11/08/2026,2026-08-11,45,[10:00-10:15[,2026-08-11 09:00,1595.834,25508.732,15.985,7556.045,4.735,,,,,13423.5,8.412,3163.294,1.982,1365.893,0.856
11/08/2026,2026-08-11,46,[10:15-10:30[,2026-08-11 09:15,1595.749,26106.675,16.36,7523.939,4.715,,,,,13460.55,8.435,3113.518,1.951,2008.668,1.259
11/08/2026,2026-08-11,47,[10:30-10:45[,2026-08-11 09:30,1584.845,27168.801,17.143,7585.899,4.787,,,,,13383.6,8.445,3111.359,1.963,3087.943,1.948
11/08/2026,2026-08-11,48,[10:45-11:00[,2026-08-11 09:45,1575.917,24804.408,15.74,7530.653,4.779,,,,,13406.4,8.507,2720.833,1.727,1146.521,0.728
11/08/2026,2026-08-11,49,[11:00-11:15[,2026-08-11 10:00,1584.233,22711.926,14.336,7548.309,4.765,,,,,13434.99,8.48,3051.908,1.926,-1323.281,-0.835
11/08/2026,2026-08-11,50,[11:15-11:30[,2026-08-11 10:15,1578.77,22754.494,14.413,7580.124,4.801,,,,,13457.79,8.524,2856.969,1.81,-1140.388,-0.722
11/08/2026,2026-08-11,51,[11:30-11:45[,2026-08-11 10:30,1561.525,22923.375,14.68,7581.443,4.855,,,,,14033.67,8.987,2350.768,1.505,-1042.506,-0.668
11/08/2026,2026-08-11,52,[11:45-12:00[,2026-08-11 10:45,1565.634,23564.181,15.051,7624.271,4.87,,,,,13663.28,8.727,2690.45,1.718,-413.82,-0.264
11/08/2026,2026-08-11,53,[12:00-12:15[,2026-08-11 11:00,1560.482,24016.145,15.39,7624.264,4.886,,,,,14286.21,9.155,2648.989,1.698,-543.317,-0.348
11/08/2026,2026-08-11,54,[12:15-12:30[,2026-08-11 11:15,1559.283,27025.565,17.332,9490.875,6.087,,,,,16354.64,10.489,2595.466,1.665,-1415.416,-0.908
11/08/2026,2026-08-11,55,[12:30-12:45[,2026-08-11 11:30,1528.278,27811.867,18.198,11328.375,7.413,,,,,15690.1,10.267,2123.707,1.39,-1330.315,-0.87
11/08/2026,2026-08-11,56,[12:45-13:00[,2026-08-11 11:45,1530.768,28728.452,18.767,11835.563,7.732,,,,,15522.2,10.14,2562.583,1.674,-1191.893,-0.779
11/08/2026,2026-08-11,57,[13:00-13:15[,2026-08-11 12:00,1529.685,29893.059,19.542,11929.313,7.799,,,,,16794.9,10.979,2573.597,1.682,-1404.751,-0.918
11/08/2026,2026-08-11,58,[13:15-13:30[,2026-08-11 12:15,1512.852,30288.069,20.021,11929.313,7.885,,,,,16794.9,11.101,2549.066,1.685,-985.21,-0.651
11/08/2026,2026-08-11,59,[13:30-13:45[,2026-08-11 12:30,1504.934,31025.643,20.616,11929.313,7.927,,,,,18116.5,12.038,1706.778,1.134,-726.948,-0.483
11/08/2026,2026-08-11,60,[13:45-14:00[,2026-08-11 12:45,1503.656,29742.335,19.78,11929.313,7.934,,,,,18079,12.023,1516.274,1.008,-1782.252,-1.185
11/08/2026,2026-08-11,61,[14:00-14:15[,2026-08-11 13:00,1520.134,30144.584,19.83,12398.063,8.156,,,,,16748,11.017,1546.899,1.018,-548.378,-0.361
11/08/2026,2026-08-11,62,[14:15-14:30[,2026-08-11 13:15,1536.757,29011.232,18.878,12304.313,8.007,,,,,16150,10.509,1545.102,1.005,-988.182,-0.643
11/08/2026,2026-08-11,63,[14:30-14:45[,2026-08-11 13:30,1554.816,31147.945,20.033,13616.813,8.758,,,,,15579.4,10.02,2688.558,1.729,-736.825,-0.474
11/08/2026,2026-08-11,64,[14:45-15:00[,2026-08-11 13:45,1559.352,29675.28,19.031,13377.75,8.579,,,,,14315.4,9.18,2477.634,1.589,-495.504,-0.318
11/08/2026,2026-08-11,65,[15:00-15:15[,2026-08-11 14:00,1556.73,31526.424,20.252,13336.5,8.567,,,,,16264.6,10.448,2431.079,1.562,-505.755,-0.325
11/08/2026,2026-08-11,66,[15:15-15:30[,2026-08-11 14:15,1558.995,31474.653,20.189,13241.813,8.494,,,,,16244.7,10.42,2489.234,1.597,-501.094,-0.321
11/08/2026,2026-08-11,67,[15:30-15:45[,2026-08-11 14:30,1568.225,31645.86,20.179,10434.938,6.654,,,,,20018.296,12.765,2492.482,1.589,-1299.856,-0.829
11/08/2026,2026-08-11,68,[15:45-16:00[,2026-08-11 14:45,1578.181,26090.076,16.532,9004.313,5.706,,,,,16830.96,10.665,2497.692,1.583,-2242.889,-1.421
11/08/2026,2026-08-11,69,[16:00-16:15[,2026-08-11 15:00,1568.987,29598.096,18.864,9093.375,5.796,,,,,18445.02,11.756,1835.156,1.17,224.545,0.143
11/08/2026,2026-08-11,70,[16:15-16:30[,2026-08-11 15:15,1597.254,27208.676,17.035,7635.471,4.78,,,,,17998.88,11.269,2525.229,1.581,-950.904,-0.595
11/08/2026,2026-08-11,71,[16:30-16:45[,2026-08-11 15:30,1612.415,27640.328,17.142,7621.022,4.726,,,,,16002.07,9.924,2555.747,1.585,1461.489,0.906
11/08/2026,2026-08-11,72,[16:45-17:00[,2026-08-11 15:45,1615.277,30549.661,18.913,7411.413,4.588,,,,,21044.55,13.028,2605.833,1.613,-512.134,-0.317
11/08/2026,2026-08-11,73,[17:00-17:15[,2026-08-11 16:00,1616.115,28537.608,17.658,7355.163,4.551,,,,,19165.571,11.859,2478.223,1.533,-461.349,-0.285
11/08/2026,2026-08-11,74,[17:15-17:30[,2026-08-11 16:15,1634.042,27957.314,17.109,7085.163,4.336,,,,,18747.727,11.473,2729.305,1.67,-604.881,-0.37
11/08/2026,2026-08-11,75,[17:30-17:45[,2026-08-11 16:30,1652.983,29845.04,18.055,6680.738,4.042,,,5087.16,3.078,12555.353,7.596,2770.13,1.676,2751.659,1.665
11/08/2026,2026-08-11,76,[17:45-18:00[,2026-08-11 16:45,1657.215,12588.54,7.596,4562.114,2.753,,,,,5272.98,3.182,2487.759,1.501,265.687,0.16
11/08/2026,2026-08-11,77,[18:00-18:15[,2026-08-11 17:00,1673.619,13202.726,7.889,3432.08,2.051,,,,,3188.6,1.905,2988.8,1.786,3593.246,2.147
11/08/2026,2026-08-11,78,[18:15-18:30[,2026-08-11 17:15,1703.825,4917.443,2.886,1236.952,0.726,,,,,3447.66,2.023,2992.973,1.757,-2760.142,-1.62
11/08/2026,2026-08-11,79,[18:30-18:45[,2026-08-11 17:30,1712.173,2367.159,1.383,,,,,,,3448.66,2.014,2355.525,1.376,-3437.026,-2.007
11/08/2026,2026-08-11,80,[18:45-19:00[,2026-08-11 17:45,1743.594,-2345.301,-1.345,,,,,,,3387.92,1.943,2007.41,1.151,-7740.63,-4.439
11/08/2026,2026-08-11,81,[19:00-19:15[,2026-08-11 18:00,1768.407,-3611.038,-2.042,,,6581.688,3.722,,,1709.2,0.967,1874.339,1.06,-13776.265,-7.79
11/08/2026,2026-08-11,82,[19:15-19:30[,2026-08-11 18:15,1801.085,-3260.698,-1.81,,,6581.688,3.654,,,1580.02,0.877,1887.178,1.048,-13309.584,-7.39
11/08/2026,2026-08-11,83,[19:30-19:45[,2026-08-11 18:30,1825.698,-7236.007,-3.963,,,6581.688,3.605,,,1774.68,0.972,1887.367,1.034,-17479.742,-9.574
11/08/2026,2026-08-11,84,[19:45-20:00[,2026-08-11 18:45,1848.165,-8788.196,-4.755,,,6581.688,3.561,,,2852.26,1.543,1903.819,1.03,-20125.962,-10.89
11/08/2026,2026-08-11,85,[20:00-20:15[,2026-08-11 19:00,1847.366,-6118.984,-3.312,,,6581.688,3.563,,,3641.24,1.971,1948.658,1.055,-18290.57,-9.901
11/08/2026,2026-08-11,86,[20:15-20:30[,2026-08-11 19:15,1840.017,-9709.534,-5.277,,,6581.688,3.577,,,4271.96,2.322,1946.19,1.058,-22509.372,-12.233
11/08/2026,2026-08-11,87,[20:30-20:45[,2026-08-11 19:30,1835.534,-29977.984,-16.332,,,6581.688,3.586,,,4307,2.346,1917.327,1.045,-42783.998,-23.309
11/08/2026,2026-08-11,88,[20:45-21:00[,2026-08-11 19:45,1845.005,-3130.406,-1.697,,,6581.688,3.567,,,3752.2,2.034,1836.921,0.996,-15301.214,-8.293
11/08/2026,2026-08-11,89,[21:00-21:15[,2026-08-11 20:00,1835.85,-546.793,-0.298,,,6581.688,3.585,,,3297.45,1.796,1887.851,1.028,-12313.782,-6.707
11/08/2026,2026-08-11,90,[21:15-21:30[,2026-08-11 20:15,1811.005,5921.669,3.27,,,6581.688,3.634,,,3127.35,1.727,1867.954,1.031,-5655.323,-3.123
11/08/2026,2026-08-11,91,[21:30-21:45[,2026-08-11 20:30,1781.187,12389.224,6.956,,,10956.688,6.151,,,2052.19,1.152,1851.235,1.039,-2470.889,-1.387
11/08/2026,2026-08-11,92,[21:45-22:00[,2026-08-11 20:45,1751.15,10223.787,5.838,,,10956.688,6.257,,,1694.17,0.967,1839.056,1.05,-4266.126,-2.436
11/08/2026,2026-08-11,93,[22:00-22:15[,2026-08-11 21:00,1723.157,7378.952,4.282,,,10956.688,6.358,,,1358.45,0.788,1847.313,1.072,-6783.498,-3.937
11/08/2026,2026-08-11,94,[22:15-22:30[,2026-08-11 21:15,1692.145,7939.363,4.692,,,10956.688,6.475,,,1468.53,0.868,1866.466,1.103,-6352.321,-3.754
11/08/2026,2026-08-11,95,[22:30-22:45[,2026-08-11 21:30,1657.137,8971.47,5.414,,,10956.688,6.612,,,1618.98,0.977,1879.239,1.134,-5483.437,-3.309
11/08/2026,2026-08-11,96,[22:45-23:00[,2026-08-11 21:45,1623.378,3778.43,2.328,,,10956.688,6.749,,,1232.1,0.759,1885.692,1.162,-10296.049,-6.342
12/08/2026,2026-08-12,1,[23:00-23:15[,2026-08-11 22:00,1585.856,-7155.987,-4.512,,,,,,,1391.9,0.878,1886.165,1.189,-10434.052,-6.579
12/08/2026,2026-08-12,2,[23:15-23:30[,2026-08-11 22:15,1550.595,-4120.548,-2.657,,,,,,,1526.85,0.985,1905.567,1.229,-7552.966,-4.871
12/08/2026,2026-08-12,3,[23:30-23:45[,2026-08-11 22:30,1515.537,-3064.792,-2.022,,,,,,,1568.49,1.035,1870.07,1.234,-6503.351,-4.291
12/08/2026,2026-08-12,4,[23:45-00:00[,2026-08-11 22:45,1480.024,2352.245,1.589,,,,,,,2217.5,1.498,1885.798,1.274,-1751.053,-1.183
12/08/2026,2026-08-12,5,[00:00-00:15[,2026-08-11 23:00,1454.251,3284.381,2.258,,,,,,,1575.8,1.084,1920.141,1.32,-211.561,-0.145
12/08/2026,2026-08-12,6,[00:15-00:30[,2026-08-11 23:15,1430.617,2325.965,1.626,,,,,,,1575.8,1.101,1917.276,1.34,-1167.112,-0.816
12/08/2026,2026-08-12,7,[00:30-00:45[,2026-08-11 23:30,1405.328,2835.389,2.018,,,,,,,1575.8,1.121,1948.066,1.386,-688.477,-0.49
12/08/2026,2026-08-12,8,[00:45-01:00[,2026-08-11 23:45,1383.783,6067.072,4.384,,,,,,,1575.8,1.139,1964.136,1.419,2527.137,1.826
12/08/2026,2026-08-12,9,[01:00-01:15[,2026-08-12 00:00,1360.659,129.527,0.095,,,,,,,1383.35,1.017,1956.477,1.438,-3210.301,-2.359
12/08/2026,2026-08-12,10,[01:15-01:30[,2026-08-12 00:15,1336.576,6726.52,5.033,,,,,,,1391.3,1.041,1938.039,1.45,3397.181,2.542
12/08/2026,2026-08-12,11,[01:30-01:45[,2026-08-12 00:30,1315.116,4424.814,3.365,,,,,,,1460.2,1.11,1938.162,1.474,1026.452,0.781
12/08/2026,2026-08-12,12,[01:45-02:00[,2026-08-12 00:45,1296.57,-1278.319,-0.986,,,,,,,1484.05,1.145,1899.02,1.465,-4661.389,-3.595
12/08/2026,2026-08-12,13,[02:00-02:15[,2026-08-12 01:00,1285.249,-2306.002,-1.794,,,,,,,1179.97,0.918,1935.424,1.506,-5421.397,-4.218
12/08/2026,2026-08-12,14,[02:15-02:30[,2026-08-12 01:15,1271.205,4148.481,3.263,,,,,,,1179.97,0.928,1957.712,1.54,1010.799,0.795
12/08/2026,2026-08-12,15,[02:30-02:45[,2026-08-12 01:30,1257.518,5015.41,3.988,,,,,,,1328.47,1.056,1923.891,1.53,1763.049,1.402
12/08/2026,2026-08-12,16,[02:45-03:00[,2026-08-12 01:45,1246.371,6238.415,5.005,,,,,,,1325.9,1.064,1908.312,1.531,3004.203,2.41
12/08/2026,2026-08-12,17,[03:00-03:15[,2026-08-12 02:00,1240.497,4839.815,3.902,,,,,,,524.15,0.423,1901.657,1.533,2414.008,1.946
12/08/2026,2026-08-12,18,[03:15-03:30[,2026-08-12 02:15,1228.13,6627.574,5.396,,,,,,,1451.76,1.182,1889.01,1.538,3286.804,2.676
12/08/2026,2026-08-12,19,[03:30-03:45[,2026-08-12 02:30,1220.538,3857.151,3.16,,,,,,,1422.6,1.166,1876.593,1.538,557.958,0.457
12/08/2026,2026-08-12,20,[03:45-04:00[,2026-08-12 02:45,1216.296,756.194,0.622,,,,,,,547.45,0.45,1943.896,1.598,-1735.152,-1.427
12/08/2026,2026-08-12,21,[04:00-04:15[,2026-08-12 03:00,1211.333,4010.655,3.311,,,,,,,1538,1.27,1941.786,1.603,530.87,0.438
12/08/2026,2026-08-12,22,[04:15-04:30[,2026-08-12 03:15,1206.483,3665.227,3.038,,,,,,,1538,1.275,1898.159,1.573,229.067,0.19
12/08/2026,2026-08-12,23,[04:30-04:45[,2026-08-12 03:30,1203.785,3120.714,2.592,,,,,,,1538,1.278,1912.749,1.589,-330.036,-0.274
12/08/2026,2026-08-12,24,[04:45-05:00[,2026-08-12 03:45,1201.329,3576.281,2.977,,,,,,,1538,1.28,1909.424,1.589,128.857,0.107
12/08/2026,2026-08-12,25,[05:00-05:15[,2026-08-12 04:00,1211.633,2242.924,1.851,,,,,,,1357.5,1.12,1858.868,1.534,-973.444,-0.803
12/08/2026,2026-08-12,26,[05:15-05:30[,2026-08-12 04:15,1216.671,1870.565,1.537,,,,,,,1357.5,1.116,1863.286,1.531,-1350.221,-1.11
12/08/2026,2026-08-12,27,[05:30-05:45[,2026-08-12 04:30,1221.913,3191.991,2.612,,,,,,,1357.5,1.111,1884.288,1.542,-49.798,-0.041
12/08/2026,2026-08-12,28,[05:45-06:00[,2026-08-12 04:45,1232.314,2431.921,1.973,,,,,,,1415.05,1.148,1863.323,1.512,-846.452,-0.687
12/08/2026,2026-08-12,29,[06:00-06:15[,2026-08-12 05:00,1269.037,-29.486,-0.023,,,,,,,1274.2,1.004,1890.111,1.489,-3193.796,-2.517
12/08/2026,2026-08-12,30,[06:15-06:30[,2026-08-12 05:15,1283.468,2832.735,2.207,,,,,,,1274.2,0.993,1863.101,1.452,-304.565,-0.237
12/08/2026,2026-08-12,31,[06:30-06:45[,2026-08-12 05:30,1286.872,3405.057,2.646,,,,,,,1258.06,0.978,1874.833,1.457,272.164,0.211
12/08/2026,2026-08-12,32,[06:45-07:00[,2026-08-12 05:45,1296.624,2641.715,2.037,,,,,,,1280.35,0.987,1976.714,1.525,-615.348,-0.475
12/08/2026,2026-08-12,33,[07:00-07:15[,2026-08-12 06:00,1362.127,6598.682,4.844,,,,,,,1013.27,0.744,3114.077,2.286,2471.335,1.814
12/08/2026,2026-08-12,34,[07:15-07:30[,2026-08-12 06:15,1392.241,5064.376,3.638,,,,,,,1229.99,0.883,3182.291,2.286,652.094,0.468
12/08/2026,2026-08-12,35,[07:30-07:45[,2026-08-12 06:30,1428.304,6939.732,4.859,,,,,,,1257.08,0.88,3182.392,2.228,2500.26,1.751
12/08/2026,2026-08-12,36,[07:45-08:00[,2026-08-12 06:45,1442.271,8191.288,5.679,,,,,,,1681.15,1.166,2536.738,1.759,3973.4,2.755
12/08/2026,2026-08-12,37,[08:00-08:15[,2026-08-12 07:00,1509.254,426.007,0.282,,,,,,,1573.6,1.043,3063.211,2.03,-4210.804,-2.79
12/08/2026,2026-08-12,38,[08:15-08:30[,2026-08-12 07:15,1554.453,20529.571,13.207,4336.37,2.79,,,1383.098,0.89,636.7,0.41,3212.52,2.067,10960.884,7.051
12/08/2026,2026-08-12,39,[08:30-08:45[,2026-08-12 07:30,1589.095,45884.011,28.874,6785.076,4.27,,,,,2689.88,1.693,3210.653,2.02,33198.402,20.891
12/08/2026,2026-08-12,40,[08:45-09:00[,2026-08-12 07:45,1590.476,44756.605,28.14,6661.562,4.188,,,,,4121,2.591,2576.937,1.62,31397.107,19.741
12/08/2026,2026-08-12,41,[09:00-09:15[,2026-08-12 08:00,1617.933,40831.601,25.237,6589.52,4.073,,,,,4252.3,2.628,3105.4,1.919,26884.381,16.616
12/08/2026,2026-08-12,42,[09:15-09:30[,2026-08-12 08:15,1623.607,64405.832,39.668,7415.838,4.568,,,,,10775.7,6.637,3021.84,1.861,43192.454,26.603
12/08/2026,2026-08-12,43,[09:30-09:45[,2026-08-12 08:30,1615.619,52941.764,32.769,7420.601,4.593,,,,,10810.8,6.691,3006.116,1.861,31704.248,19.624
12/08/2026,2026-08-12,44,[09:45-10:00[,2026-08-12 08:45,1585.447,53460.157,33.719,7435.525,4.69,,,,,10180.5,6.421,2451.453,1.546,33392.679,21.062
12/08/2026,2026-08-12,45,[10:00-10:15[,2026-08-12 09:00,1592.075,23871.073,14.994,7455.213,4.683,,,,,14196.05,8.917,2955.561,1.856,-735.751,-0.462
12/08/2026,2026-08-12,46,[10:15-10:30[,2026-08-12 09:15,1599.501,23558.532,14.729,7461.531,4.665,,,,,14244.75,8.906,2853.174,1.784,-1000.922,-0.626
12/08/2026,2026-08-12,47,[10:30-10:45[,2026-08-12 09:30,1579.292,22465.448,14.225,7478.65,4.735,,,,,14304.26,9.057,2754.607,1.744,-2072.069,-1.312
12/08/2026,2026-08-12,48,[10:45-11:00[,2026-08-12 09:45,1578.114,20795.059,13.177,7478.65,4.739,,,,,12233.57,7.752,2927.765,1.855,-1844.926,-1.169
12/08/2026,2026-08-12,49,[11:00-11:15[,2026-08-12 10:00,1582.155,23772.313,15.025,7638.109,4.828,,,,,14528.26,9.183,2895.367,1.83,-1289.422,-0.815
12/08/2026,2026-08-12,50,[11:15-11:30[,2026-08-12 10:15,1587.434,23149.665,14.583,7648.407,4.818,,,,,14564.76,9.175,2817.765,1.775,-1881.268,-1.185
12/08/2026,2026-08-12,51,[11:30-11:45[,2026-08-12 10:30,1566.987,21157.283,13.502,7649.326,4.882,,,,,13093.83,8.356,1948.362,1.243,-1534.235,-0.979
12/08/2026,2026-08-12,52,[11:45-12:00[,2026-08-12 10:45,1584.887,24721.104,15.598,9514.988,6.004,,,,,12992.49,8.198,2734.116,1.725,-520.489,-0.328
12/08/2026,2026-08-12,53,[12:00-12:15[,2026-08-12 11:00,1588.352,22342.352,14.066,10453.425,6.581,,,,,9843.34,6.197,2679.105,1.687,-633.518,-0.399
12/08/2026,2026-08-12,54,[12:15-12:30[,2026-08-12 11:15,1588.837,22225.294,13.988,10453.425,6.579,,,,,9909.1,6.237,2769.683,1.743,-906.914,-0.571
12/08/2026,2026-08-12,55,[12:30-12:45[,2026-08-12 11:30,1565.133,19907.29,12.719,10547.175,6.739,,,,,10100.75,6.454,2279.704,1.457,-3020.34,-1.93
12/08/2026,2026-08-12,56,[12:45-13:00[,2026-08-12 11:45,1567.015,23211.461,14.813,10547.175,6.731,,,,,10183.26,6.499,2715,1.733,-233.974,-0.149
12/08/2026,2026-08-12,57,[13:00-13:15[,2026-08-12 12:00,1568.725,23588.022,15.036,10547.175,6.723,,,,,11649.56,7.426,2884.714,1.839,-1493.427,-0.952
12/08/2026,2026-08-12,58,[13:15-13:30[,2026-08-12 12:15,1546.313,22401.071,14.487,11297.175,7.306,,,,,10955.15,7.085,2224.216,1.438,-2075.47,-1.342
12/08/2026,2026-08-12,59,[13:30-13:45[,2026-08-12 12:30,1553.802,24976.41,16.074,13756.238,8.853,,,,,9121.7,5.871,2548.189,1.64,-449.716,-0.289
12/08/2026,2026-08-12,60,[13:45-14:00[,2026-08-12 12:45,1561.398,23640.171,15.14,12801.863,8.199,,,,,9645.7,6.178,2694.251,1.726,-1501.643,-0.962
12/08/2026,2026-08-12,61,[14:00-14:15[,2026-08-12 13:00,1582.722,24389.903,15.41,13364.363,8.444,,,,,9252.5,5.846,2685.309,1.697,-912.269,-0.576
12/08/2026,2026-08-12,62,[14:15-14:30[,2026-08-12 13:15,1568.66,25127.506,16.018,13065.3,8.329,,,,,9594.1,6.116,1886.798,1.203,581.308,0.371
12/08/2026,2026-08-12,63,[14:30-14:45[,2026-08-12 13:30,1585.858,25210.402,15.897,12797.175,8.07,,,,,9820.6,6.193,2683.601,1.692,-90.974,-0.057
12/08/2026,2026-08-12,64,[14:45-15:00[,2026-08-12 13:45,1595.648,24591.36,15.412,12886.238,8.076,,,,,9820.6,6.155,2660.017,1.667,-775.495,-0.486
12/08/2026,2026-08-12,65,[15:00-15:15[,2026-08-12 14:00,1603.401,24387.038,15.21,12487.8,7.788,,,,,10086.6,6.291,2653.242,1.655,-840.604,-0.524
12/08/2026,2026-08-12,66,[15:15-15:30[,2026-08-12 14:15,1583.248,24483.718,15.464,11390.925,7.195,,,,,10829.04,6.84,1900.371,1.2,363.383,0.23
12/08/2026,2026-08-12,67,[15:30-15:45[,2026-08-12 14:30,1599.159,22258.023,13.919,9358.425,5.852,,,,,10700.7,6.691,2692.715,1.684,-493.817,-0.309
12/08/2026,2026-08-12,68,[15:45-16:00[,2026-08-12 14:45,1609.361,19753.321,12.274,9117.488,5.665,,,,,10593.45,6.582,2711.304,1.685,-2668.92,-1.658
12/08/2026,2026-08-12,69,[16:00-16:15[,2026-08-12 15:00,1619.618,28712.388,17.728,9028.425,5.574,,,,,16054.44,9.912,2822.674,1.743,806.849,0.498
12/08/2026,2026-08-12,70,[16:15-16:30[,2026-08-12 15:15,1616.191,26365.908,16.314,8544.25,5.287,,,,,16180.56,10.012,2530.709,1.566,-889.611,-0.55
12/08/2026,2026-08-12,71,[16:30-16:45[,2026-08-12 15:30,1635.804,23680.107,14.476,7659.589,4.682,,,,,10259.91,6.272,2945.05,1.8,2815.558,1.721
12/08/2026,2026-08-12,72,[16:45-17:00[,2026-08-12 15:45,1651.429,28282.274,17.126,7629.606,4.62,,,,,15151.1,9.175,2967.443,1.797,2534.125,1.535
12/08/2026,2026-08-12,73,[17:00-17:15[,2026-08-12 16:00,1629.875,16622.213,10.198,7672.507,4.707,,,,,9377.5,5.754,2058.564,1.263,-2486.358,-1.525
12/08/2026,2026-08-12,74,[17:15-17:30[,2026-08-12 16:15,1642.565,17887.54,10.89,7455.213,4.539,,,,,8865.56,5.397,1944.173,1.184,-377.405,-0.23
12/08/2026,2026-08-12,75,[17:30-17:45[,2026-08-12 16:30,1644.997,18515.652,11.256,6670.833,4.055,,,,,8475.14,5.152,1979.833,1.204,1389.846,0.845
12/08/2026,2026-08-12,76,[17:45-18:00[,2026-08-12 16:45,1655.76,17328.261,10.465,5359.288,3.237,15218.789,9.191,,,1478.6,0.893,1996.93,1.206,-6725.347,-4.062
12/08/2026,2026-08-12,77,[18:00-18:15[,2026-08-12 17:00,1663.134,41897.982,25.192,3360.246,2.02,30594.456,18.396,,,2079.23,1.25,2012.378,1.21,3851.671,2.316
12/08/2026,2026-08-12,78,[18:15-18:30[,2026-08-12 17:15,1683.655,25217.278,14.978,2254.582,1.339,30594.456,18.171,2673.281,1.588,1504.75,0.894,1992.115,1.183,-13801.906,-8.198
12/08/2026,2026-08-12,79,[18:30-18:45[,2026-08-12 17:30,1713.839,34315.019,20.022,,,30594.456,17.851,2671.5,1.559,5763.91,3.363,2003.27,1.169,-6718.117,-3.92
12/08/2026,2026-08-12,80,[18:45-19:00[,2026-08-12 17:45,1753.649,24353.42,13.887,,,30594.456,17.446,3738,2.132,1831.33,1.044,2001.048,1.141,-13811.414,-7.876
12/08/2026,2026-08-12,81,[19:00-19:15[,2026-08-12 18:00,1794.055,23596.998,13.153,,,30594.456,17.053,3856.5,2.15,1217.61,0.679,2008.88,1.12,-14080.448,-7.848
12/08/2026,2026-08-12,82,[19:15-19:30[,2026-08-12 18:15,1821.454,594.763,0.327,,,30594.456,16.797,8811.5,4.838,4279,2.349,2008.913,1.103,-45099.106,-24.76
12/08/2026,2026-08-12,83,[19:30-19:45[,2026-08-12 18:30,1821.322,11239.459,6.171,,,30594.456,16.798,9562.875,5.251,5748.81,3.156,1997.445,1.097,-36664.127,-20.131
12/08/2026,2026-08-12,84,[19:45-20:00[,2026-08-12 18:45,1829.952,15126.023,8.266,,,30594.456,16.719,9562.875,5.226,4289.57,2.344,2006.251,1.096,-31327.13,-17.119
12/08/2026,2026-08-12,85,[20:00-20:15[,2026-08-12 19:00,1823.285,16857.087,9.245,,,30594.456,16.78,9812.75,5.382,6146.22,3.371,1936.164,1.062,-31632.504,-17.349
12/08/2026,2026-08-12,86,[20:15-20:30[,2026-08-12 19:15,1816.412,13784.88,7.589,,,30594.456,16.843,,,3912.09,2.154,1937.296,1.067,-22658.962,-12.475
12/08/2026,2026-08-12,87,[20:30-20:45[,2026-08-12 19:30,1817.238,13194.48,7.261,,,30594.456,16.836,,,2712.45,1.493,1928.367,1.061,-22040.794,-12.129
12/08/2026,2026-08-12,88,[20:45-21:00[,2026-08-12 19:45,1832.678,6644.669,3.626,,,30594.456,16.694,,,1242.57,0.678,1932.006,1.054,-27124.364,-14.8
12/08/2026,2026-08-12,89,[21:00-21:15[,2026-08-12 20:00,1827.972,15922.159,8.71,,,30594.456,16.737,,,1591.81,0.871,1923.683,1.052,-18187.79,-9.95
12/08/2026,2026-08-12,90,[21:15-21:30[,2026-08-12 20:15,1803.662,23901.278,13.252,,,30594.456,16.962,,,705.65,0.391,1911.945,1.06,-9310.773,-5.162
12/08/2026,2026-08-12,91,[21:30-21:45[,2026-08-12 20:30,1778.465,16233.046,9.128,,,30594.456,17.203,,,1164.48,0.655,1909.789,1.074,-17435.679,-9.804
12/08/2026,2026-08-12,92,[21:45-22:00[,2026-08-12 20:45,1748.009,25738.36,14.724,,,30594.456,17.502,,,1229.1,0.703,1901.722,1.088,-7986.919,-4.569
12/08/2026,2026-08-12,93,[22:00-22:15[,2026-08-12 21:00,1722.887,15766.389,9.151,,,28012.586,16.259,,,1416.85,0.822,1899.835,1.103,-15562.882,-9.033
12/08/2026,2026-08-12,94,[22:15-22:30[,2026-08-12 21:15,1690.216,13714.684,8.114,,,22604.014,13.373,,,1416.85,0.838,1903.832,1.126,-12210.011,-7.224
12/08/2026,2026-08-12,95,[22:30-22:45[,2026-08-12 21:30,1655.306,7172.995,4.333,,,,,,,1416.85,0.856,1893.507,1.144,3862.637,2.333
12/08/2026,2026-08-12,96,[22:45-23:00[,2026-08-12 21:45,1622.018,4188.413,2.582,,,,,,,1416.85,0.874,1903.675,1.174,867.888,0.535
13/08/2026,2026-08-13,1,[23:00-23:15[,2026-08-12 22:00,1588.836,651.57,0.41,,,,,,,1112.46,0.7,1893.027,1.191,-2353.916,-1.482
13/08/2026,2026-08-13,2,[23:15-23:30[,2026-08-12 22:15,1557.316,1809.335,1.162,,,,,,,1148.22,0.737,1900.2,1.22,-1239.085,-0.796
13/08/2026,2026-08-13,3,[23:30-23:45[,2026-08-12 22:30,1522.447,1669.055,1.096,,,,,,,1237.92,0.813,1893.605,1.244,-1462.47,-0.961
13/08/2026,2026-08-13,4,[23:45-00:00[,2026-08-12 22:45,1486.978,1112.621,0.748,,,,,,,1334.88,0.898,1800.043,1.211,-2022.302,-1.36
13/08/2026,2026-08-13,5,[00:00-00:15[,2026-08-12 23:00,1459.832,3868.975,2.65,,,,,,,1474.08,1.01,1930.841,1.323,464.054,0.318
13/08/2026,2026-08-13,6,[00:15-00:30[,2026-08-12 23:15,1435.53,3315.105,2.309,,,,,,,1384.26,0.964,1922.73,1.339,8.114,0.006
13/08/2026,2026-08-13,7,[00:30-00:45[,2026-08-12 23:30,1410.105,6804.688,4.826,,,,,,,1485.2,1.053,1890.766,1.341,3428.722,2.432
13/08/2026,2026-08-13,8,[00:45-01:00[,2026-08-12 23:45,1388.262,8284.282,5.967,,,,,,,1485.2,1.07,1875.557,1.351,4923.525,3.547
13/08/2026,2026-08-13,9,[01:00-01:15[,2026-08-13 00:00,1365.187,-2718.297,-1.991,,,,,,,1162.02,0.851,1917.341,1.404,-5797.659,-4.247
13/08/2026,2026-08-13,10,[01:15-01:30[,2026-08-13 00:15,1341.59,4073.529,3.036,,,,,,,1182.58,0.881,1924.954,1.435,965.995,0.72
13/08/2026,2026-08-13,11,[01:30-01:45[,2026-08-13 00:30,1322.487,4191.804,3.17,,,,,,,1254.54,0.949,1920.384,1.452,1016.881,0.769
13/08/2026,2026-08-13,12,[01:45-02:00[,2026-08-13 00:45,1303.263,5014.724,3.848,,,,,,,1254.54,0.963,1940.818,1.489,1819.365,1.396
13/08/2026,2026-08-13,13,[02:00-02:15[,2026-08-13 01:00,1292.455,3868.976,2.994,,,,,,,1216.34,0.941,1963.107,1.519,689.529,0.534
13/08/2026,2026-08-13,14,[02:15-02:30[,2026-08-13 01:15,1277.919,3661.689,2.865,,,,,,,1241.41,0.971,1963.887,1.537,456.392,0.357
13/08/2026,2026-08-13,15,[02:30-02:45[,2026-08-13 01:30,1265.759,3488.179,2.756,,,,,,,1241.41,0.981,1929.897,1.525,316.872,0.25
13/08/2026,2026-08-13,16,[02:45-03:00[,2026-08-13 01:45,1256.195,4257.847,3.389,,,,,,,1241.41,0.988,1941.218,1.545,1075.219,0.856
13/08/2026,2026-08-13,17,[03:00-03:15[,2026-08-13 02:00,1249.584,4015.466,3.213,,,,,,,1018.4,0.815,1955.306,1.565,1041.759,0.834
13/08/2026,2026-08-13,18,[03:15-03:30[,2026-08-13 02:15,1239.769,3126.419,2.522,,,,,,,1018.4,0.821,1959.659,1.581,148.36,0.12
13/08/2026,2026-08-13,19,[03:30-03:45[,2026-08-13 02:30,1229.795,3440.236,2.797,,,,,,,1018.4,0.828,1935.373,1.574,486.464,0.396
13/08/2026,2026-08-13,20,[03:45-04:00[,2026-08-13 02:45,1223.401,1508.965,1.233,,,,,,,1018.4,0.832,1933.083,1.58,-1442.517,-1.179
13/08/2026,2026-08-13,21,[04:00-04:15[,2026-08-13 03:00,1219.995,5709.475,4.68,,,,,,,1122,0.92,1928.715,1.581,2658.76,2.179
13/08/2026,2026-08-13,22,[04:15-04:30[,2026-08-13 03:15,1213.561,3934.37,3.242,,,,,,,1122,0.925,1905.934,1.571,906.436,0.747
13/08/2026,2026-08-13,23,[04:30-04:45[,2026-08-13 03:30,1210.956,4127.219,3.408,,,,,,,1122,0.927,1913.067,1.58,1092.152,0.902
13/08/2026,2026-08-13,24,[04:45-05:00[,2026-08-13 03:45,1207.418,6147.494,5.091,,,,,,,1122,0.929,1915.074,1.586,3110.421,2.576
13/08/2026,2026-08-13,25,[05:00-05:15[,2026-08-13 04:00,1217.471,1432.474,1.177,,,,,,,1280.72,1.052,1935.996,1.59,-1784.241,-1.466
13/08/2026,2026-08-13,26,[05:15-05:30[,2026-08-13 04:15,1224.087,2256.236,1.843,,,,,,,1213.72,0.992,1932.755,1.579,-890.239,-0.727
13/08/2026,2026-08-13,27,[05:30-05:45[,2026-08-13 04:30,1230.485,3209.613,2.608,,,,,,,1213.72,0.986,1935.506,1.573,60.388,0.049
13/08/2026,2026-08-13,28,[05:45-06:00[,2026-08-13 04:45,1239.276,5742.077,4.633,,,,,,,1090.53,0.88,2023.159,1.633,2628.388,2.121
13/08/2026,2026-08-13,29,[06:00-06:15[,2026-08-13 05:00,1294.39,4423.475,3.417,,,,,,,1288.9,0.996,3116.601,2.408,17.974,0.014
13/08/2026,2026-08-13,30,[06:15-06:30[,2026-08-13 05:15,1306.806,3385.99,2.591,,,,,,,911.72,0.698,3147.289,2.408,-673.019,-0.515
13/08/2026,2026-08-13,31,[06:30-06:45[,2026-08-13 05:30,1317.103,4571.657,3.471,,,,,,,870.95,0.661,3175.152,2.411,525.556,0.399
13/08/2026,2026-08-13,32,[06:45-07:00[,2026-08-13 05:45,1311.004,7329.686,5.591,,,,,,,1288.9,0.983,2457.856,1.875,3582.93,2.733
13/08/2026,2026-08-13,33,[07:00-07:15[,2026-08-13 06:00,1367.889,2386.024,1.744,,,,,,,1533,1.121,3162.175,2.312,-2309.151,-1.688
13/08/2026,2026-08-13,34,[07:15-07:30[,2026-08-13 06:15,1400.105,8805.223,6.289,,,,,,,1557.26,1.112,3164.88,2.26,4083.083,2.916
13/08/2026,2026-08-13,35,[07:30-07:45[,2026-08-13 06:30,1436.434,16687.433,11.617,,,,,,,1581.62,1.101,3169.338,2.206,11936.475,8.31
13/08/2026,2026-08-13,36,[07:45-08:00[,2026-08-13 06:45,1456.176,9743.018,6.691,,,,,,,1536.4,1.055,2839.557,1.95,5367.061,3.686
13/08/2026,2026-08-13,37,[08:00-08:15[,2026-08-13 07:00,1523.831,17551.298,11.518,915.902,0.601,,,,,1385,0.909,3155.933,2.071,12094.464,7.937
13/08/2026,2026-08-13,38,[08:15-08:30[,2026-08-13 07:15,1560.568,25383.438,16.266,5146.945,3.298,,,,,1387.5,0.889,3117.393,1.998,15731.6,10.081
13/08/2026,2026-08-13,39,[08:30-08:45[,2026-08-13 07:30,1587.817,39584.306,24.93,5557.844,3.5,,,,,1573.2,0.991,2946.829,1.856,29506.433,18.583
13/08/2026,2026-08-13,40,[08:45-09:00[,2026-08-13 07:45,1610.132,57788.787,35.891,5284.036,3.282,,,,,10438.6,6.483,3154.873,1.959,38911.278,24.167
13/08/2026,2026-08-13,41,[09:00-09:15[,2026-08-13 08:00,1645.524,55513.976,33.736,5430.065,3.3,,,,,12047.2,7.321,3136.52,1.906,34900.191,21.209
13/08/2026,2026-08-13,42,[09:15-09:30[,2026-08-13 08:15,1644.703,60319.604,36.675,5801.736,3.528,,,,,12462.24,7.577,2915.682,1.773,39139.946,23.798
13/08/2026,2026-08-13,43,[09:30-09:45[,2026-08-13 08:30,1646.997,60513.531,36.742,7206.525,4.376,,,,,12611.5,7.657,3048.968,1.851,37646.537,22.858
13/08/2026,2026-08-13,44,[09:45-10:00[,2026-08-13 08:45,1648.876,60813.911,36.882,7226.213,4.383,,,,,12630.7,7.66,2982.826,1.809,37974.173,23.03
13/08/2026,2026-08-13,45,[10:00-10:15[,2026-08-13 09:00,1657.586,19027.917,11.479,7269.338,4.385,,,,,12710.4,7.668,3083.641,1.86,-4035.462,-2.435
13/08/2026,2026-08-13,46,[10:15-10:30[,2026-08-13 09:15,1659.492,19859.246,11.967,7439.529,4.483,,,,,12748.8,7.682,2920.843,1.76,-3249.926,-1.958
13/08/2026,2026-08-13,47,[10:30-10:45[,2026-08-13 09:30,1656.399,26302.969,15.88,9305.675,5.618,,,,,18286.56,11.04,3104.313,1.874,-4393.579,-2.652
13/08/2026,2026-08-13,48,[10:45-11:00[,2026-08-13 09:45,1658.639,25609.219,15.44,9305.675,5.61,,,,,18299.14,11.033,3116.705,1.879,-5112.302,-3.082
13/08/2026,2026-08-13,49,[11:00-11:15[,2026-08-13 10:00,1643.459,25273.931,15.378,9400.363,5.72,,,,,18813.84,11.448,2894.354,1.761,-5834.626,-3.55
13/08/2026,2026-08-13,50,[11:15-11:30[,2026-08-13 10:15,1640.996,23657.803,14.417,9400.363,5.728,,,,,18939.8,11.542,3103.686,1.891,-7786.046,-4.745
13/08/2026,2026-08-13,51,[11:30-11:45[,2026-08-13 10:30,1632.901,30865.049,18.902,13055.735,7.995,,,,,15177,9.295,3101.13,1.899,-468.817,-0.287
13/08/2026,2026-08-13,52,[11:45-12:00[,2026-08-13 10:45,1617.251,30138.346,18.636,13055.778,8.073,,,,,15097.6,9.335,2905.955,1.797,-920.987,-0.569
13/08/2026,2026-08-13,53,[12:00-12:15[,2026-08-13 11:00,1605.087,29900.202,18.628,13055.82,8.134,,,,,13789.95,8.591,2772.886,1.728,281.546,0.175
13/08/2026,2026-08-13,54,[12:15-12:30[,2026-08-13 11:15,1604.837,29573.172,18.428,13056.028,8.135,,,,,13338.39,8.311,2968.284,1.85,210.471,0.131
13/08/2026,2026-08-13,55,[12:30-12:45[,2026-08-13 11:30,1581.727,29433.651,18.609,13056.316,8.254,,,,,13365.39,8.45,2677.853,1.693,334.092,0.211
13/08/2026,2026-08-13,56,[12:45-13:00[,2026-08-13 11:45,1573.458,29132.367,18.515,13056.564,8.298,,,,,13378.89,8.503,2927.655,1.861,-230.743,-0.147
13/08/2026,2026-08-13,57,[13:00-13:15[,2026-08-13 12:00,1572.093,29775.552,18.94,13172.863,8.379,,,,,13422.1,8.538,2958.152,1.882,222.438,0.141
13/08/2026,2026-08-13,58,[13:15-13:30[,2026-08-13 12:15,1571.474,28146.132,17.911,13172.863,8.382,,,,,13422.1,8.541,2890.227,1.839,-1339.057,-0.852
13/08/2026,2026-08-13,59,[13:30-13:45[,2026-08-13 12:30,1562.603,28234.354,18.069,13152.238,8.417,,,,,13847.12,8.862,2730.694,1.748,-1495.698,-0.957
13/08/2026,2026-08-13,60,[13:45-14:00[,2026-08-13 12:45,1567.496,30032.242,19.159,13152.238,8.391,,,,,13849.36,8.835,2923.612,1.865,107.033,0.068
13/08/2026,2026-08-13,61,[14:00-14:15[,2026-08-13 13:00,1587.545,29634.185,18.667,13183.175,8.304,,,,,13397.81,8.439,2893.635,1.823,159.564,0.101
13/08/2026,2026-08-13,62,[14:15-14:30[,2026-08-13 13:15,1583.83,29353.661,18.533,13183.175,8.324,,,,,13384.31,8.451,2565.647,1.62,220.529,0.139
13/08/2026,2026-08-13,63,[14:30-14:45[,2026-08-13 13:30,1596.064,27429.193,17.186,13152.238,8.24,,,,,13370.81,8.377,2922.479,1.831,-2016.334,-1.263
13/08/2026,2026-08-13,64,[14:45-15:00[,2026-08-13 13:45,1600.938,27284.696,17.043,13056.37,8.155,,,,,13370.81,8.352,2766.484,1.728,-1908.968,-1.192
13/08/2026,2026-08-13,65,[15:00-15:15[,2026-08-13 14:00,1594.317,28482.849,17.865,13056.296,8.189,,,,,13603.7,8.533,2426.962,1.522,-604.108,-0.379
13/08/2026,2026-08-13,66,[15:15-15:30[,2026-08-13 14:15,1600.069,28911.072,18.069,12172.55,7.608,,,,,13872.1,8.67,2595.842,1.622,270.58,0.169
13/08/2026,2026-08-13,67,[15:30-15:45[,2026-08-13 14:30,1609.3,28194.473,17.52,9306.613,5.783,,,,,17324.33,10.765,2633.09,1.636,-1069.559,-0.665
13/08/2026,2026-08-13,68,[15:45-16:00[,2026-08-13 14:45,1603.706,26922.117,16.787,8894.113,5.546,,,,,17026.25,10.617,2329.03,1.452,-1327.276,-0.828
13/08/2026,2026-08-13,69,[16:00-16:15[,2026-08-13 15:00,1620.383,27137.246,16.747,8744.113,5.396,,,,,17779.61,10.972,2518.586,1.554,-1905.062,-1.176
13/08/2026,2026-08-13,70,[16:15-16:30[,2026-08-13 15:15,1637.71,26498.666,16.18,8087.863,4.939,,,,,18442.62,11.261,2568.112,1.568,-2599.929,-1.588
13/08/2026,2026-08-13,71,[16:30-16:45[,2026-08-13 15:30,1649.368,28909.098,17.527,7438.955,4.51,,,,,16975.77,10.292,2647.705,1.605,1846.669,1.12
13/08/2026,2026-08-13,72,[16:45-17:00[,2026-08-13 15:45,1670.613,27497.789,16.46,7411.446,4.436,,,-29.3,-0.018,13113.6,7.85,2743.879,1.642,4258.165,2.549
13/08/2026,2026-08-13,73,[17:00-17:15[,2026-08-13 16:00,1648.117,46475.086,28.199,7438.524,4.513,,,,,13152,7.98,1751.123,1.062,24133.44,14.643
13/08/2026,2026-08-13,74,[17:15-17:30[,2026-08-13 16:15,1657.544,46332.839,27.953,7226.213,4.36,,,-248.341,-0.15,13152,7.935,1560.354,0.941,24642.614,14.867
13/08/2026,2026-08-13,75,[17:30-17:45[,2026-08-13 16:30,1671.416,61670,36.897,6781.906,4.058,,,4511.504,2.699,14256,8.529,1735.684,1.038,34384.906,20.572
13/08/2026,2026-08-13,76,[17:45-18:00[,2026-08-13 16:45,1689.346,22945.703,13.583,4943.442,2.926,,,507.904,0.301,13411.2,7.939,1693.362,1.002,2389.796,1.415
13/08/2026,2026-08-13,77,[18:00-18:15[,2026-08-13 17:00,1698.152,4003.344,2.357,2677.288,1.577,,,6885.148,4.054,3137.988,1.848,1703.268,1.003,-10400.347,-6.125
13/08/2026,2026-08-13,78,[18:15-18:30[,2026-08-13 17:15,1720.269,2.319,0.001,2289.992,1.331,,,,,2584.92,1.503,1717.984,0.999,-6590.577,-3.831
13/08/2026,2026-08-13,79,[18:30-18:45[,2026-08-13 17:30,1750.509,-853.488,-0.488,,,,,,,2588.8,1.479,1724.913,0.985,-5167.2,-2.952
13/08/2026,2026-08-13,80,[18:45-19:00[,2026-08-13 17:45,1779.19,-3533.605,-1.986,,,,,,,2043.6,1.149,1732.625,0.974,-7309.83,-4.109
13/08/2026,2026-08-13,81,[19:00-19:15[,2026-08-13 18:00,1803.379,7991.07,4.431,,,18984.75,10.527,,,1729.5,0.959,1738.481,0.964,-14461.661,-8.019
13/08/2026,2026-08-13,82,[19:15-19:30[,2026-08-13 18:15,1830.522,12982.86,7.092,,,23672.25,12.932,,,1788.15,0.977,1764.103,0.964,-14241.643,-7.78
13/08/2026,2026-08-13,83,[19:30-19:45[,2026-08-13 18:30,1855.802,-4546.018,-2.45,,,23672.25,12.756,,,1788.15,0.964,1719.332,0.926,-31725.751,-17.095
13/08/2026,2026-08-13,84,[19:45-20:00[,2026-08-13 18:45,1867.03,-7588.405,-4.064,,,23672.25,12.679,,,1823.5,0.977,1712.868,0.917,-34797.023,-18.638
13/08/2026,2026-08-13,85,[20:00-20:15[,2026-08-13 19:00,1861.226,4978.167,2.675,,,23672.25,12.719,,,1853.5,0.996,1652.605,0.888,-22200.188,-11.928
13/08/2026,2026-08-13,86,[20:15-20:30[,2026-08-13 19:15,1851.934,16568.962,8.947,,,23672.25,12.782,,,1853.5,1.001,1684.357,0.91,-10641.145,-5.746
13/08/2026,2026-08-13,87,[20:30-20:45[,2026-08-13 19:30,1853.451,9389.136,5.066,,,23672.25,12.772,,,1853.5,1,1747.684,0.943,-17884.298,-9.649
13/08/2026,2026-08-13,88,[20:45-21:00[,2026-08-13 19:45,1859.85,7724.216,4.153,,,23672.25,12.728,,,1853.5,0.997,1740.064,0.936,-19541.598,-10.507
13/08/2026,2026-08-13,89,[21:00-21:15[,2026-08-13 20:00,1846.634,12952.984,7.014,,,23672.25,12.819,,,3016.68,1.634,1740.878,0.943,-15476.824,-8.381
13/08/2026,2026-08-13,90,[21:15-21:30[,2026-08-13 20:15,1820.313,14173.497,7.786,,,23672.25,13.004,-293.25,-0.161,2627,1.443,1749.439,0.961,-13581.942,-7.461
13/08/2026,2026-08-13,91,[21:30-21:45[,2026-08-13 20:30,1790.527,20219.466,11.292,,,23672.25,13.221,,,2627,1.467,1754.463,0.98,-7834.247,-4.375
13/08/2026,2026-08-13,92,[21:45-22:00[,2026-08-13 20:45,1760.582,31366.729,17.816,,,23672.25,13.446,,,2195.4,1.247,1742.338,0.99,3756.74,2.134
13/08/2026,2026-08-13,93,[22:00-22:15[,2026-08-13 21:00,1730.844,12478.487,7.209,,,23672.25,13.677,-905.431,-0.523,2338.68,1.351,1747.43,1.01,-14374.442,-8.305
13/08/2026,2026-08-13,94,[22:15-22:30[,2026-08-13 21:15,1699.842,10702.289,6.296,,,23672.25,13.926,,,2131.2,1.254,1750.226,1.03,-16851.388,-9.914
13/08/2026,2026-08-13,95,[22:30-22:45[,2026-08-13 21:30,1657.807,12800.048,7.721,,,23672.25,14.279,,,2181.7,1.316,1745.496,1.053,-14799.398,-8.927
13/08/2026,2026-08-13,96,[22:45-23:00[,2026-08-13 21:45,1621.34,9276.532,5.722,,,23672.25,14.6,,,2181.7,1.346,1756.668,1.083,-18334.086,-11.308
14/08/2026,2026-08-14,1,[23:00-23:15[,2026-08-13 22:00,1589.119,12898.557,8.117,,,,,,,1145.7,0.721,1742.566,1.097,10010.291,6.299
14/08/2026,2026-08-14,2,[23:15-23:30[,2026-08-13 22:15,1555.741,1105.11,0.71,,,,,,,1152.9,0.741,1745.701,1.122,-1793.49,-1.153
14/08/2026,2026-08-14,3,[23:30-23:45[,2026-08-13 22:30,1521.624,3397.507,2.233,,,,,,,1283.4,0.843,1761.213,1.157,352.894,0.232
14/08/2026,2026-08-14,4,[23:45-00:00[,2026-08-13 22:45,1487.178,6390.95,4.297,,,,,,,1284.3,0.864,1757.746,1.182,3348.904,2.252
14/08/2026,2026-08-14,5,[00:00-00:15[,2026-08-13 23:00,1459.339,2524.096,1.73,,,,,,,1081.48,0.741,1781.022,1.22,-338.407,-0.232
14/08/2026,2026-08-14,6,[00:15-00:30[,2026-08-13 23:15,1436.35,5721.021,3.983,,,,,,,1185.6,0.825,1794.145,1.249,2741.275,1.909
14/08/2026,2026-08-14,7,[00:30-00:45[,2026-08-13 23:30,1407.296,8528.625,6.06,,,,,,,1185.6,0.842,1797.403,1.277,5545.621,3.941
14/08/2026,2026-08-14,8,[00:45-01:00[,2026-08-13 23:45,1383.328,7484.653,5.411,,,,,,,1874.4,1.355,1811.96,1.31,3798.293,2.746
14/08/2026,2026-08-14,9,[01:00-01:15[,2026-08-14 00:00,1361.048,8059.667,5.922,,,,,,,1410.22,1.036,1820.652,1.338,4828.794,3.548
14/08/2026,2026-08-14,10,[01:15-01:30[,2026-08-14 00:15,1339.734,5238.938,3.91,,,,,,,1410.22,1.053,1819.88,1.358,2008.837,1.499
14/08/2026,2026-08-14,11,[01:30-01:45[,2026-08-14 00:30,1321,4407.375,3.336,,,,,,,1410.22,1.068,1793.955,1.358,1203.199,0.911
14/08/2026,2026-08-14,12,[01:45-02:00[,2026-08-14 00:45,1300.008,3932.049,3.025,,,,,,,1410.22,1.085,1778.666,1.368,743.163,0.572
14/08/2026,2026-08-14,13,[02:00-02:15[,2026-08-14 01:00,1289.052,4438.517,3.443,,,,,,,1302.5,1.01,1799.187,1.396,1336.83,1.037
14/08/2026,2026-08-14,14,[02:15-02:30[,2026-08-14 01:15,1274.128,4146.008,3.254,,,,,,,1302.5,1.022,1810.958,1.421,1032.55,0.81
14/08/2026,2026-08-14,15,[02:30-02:45[,2026-08-14 01:30,1258.532,3025.457,2.404,,,,,,,1302.5,1.035,1716.39,1.364,6.567,0.005
14/08/2026,2026-08-14,16,[02:45-03:00[,2026-08-14 01:45,1251.041,2594.949,2.074,,,,,,,1302.5,1.041,1813.282,1.449,-520.833,-0.416
14/08/2026,2026-08-14,17,[03:00-03:15[,2026-08-14 02:00,1244.122,2140.217,1.72,,,,,,,1382.63,1.111,1762.229,1.416,-1004.641,-0.808
14/08/2026,2026-08-14,18,[03:15-03:30[,2026-08-14 02:15,1232.737,3745.961,3.039,,,,,,,1493.28,1.211,1788.298,1.451,464.383,0.377
14/08/2026,2026-08-14,19,[03:30-03:45[,2026-08-14 02:30,1226.894,2565.254,2.091,,,,,,,1493.28,1.217,1817.245,1.481,-745.271,-0.607
14/08/2026,2026-08-14,20,[03:45-04:00[,2026-08-14 02:45,1220.191,2893.183,2.371,,,,,,,1493.28,1.224,1816.909,1.489,-417.006,-0.342
14/08/2026,2026-08-14,21,[04:00-04:15[,2026-08-14 03:00,1215.211,3592.832,2.957,,,,,,,1549.2,1.275,1767.026,1.454,276.606,0.228
14/08/2026,2026-08-14,22,[04:15-04:30[,2026-08-14 03:15,1207.707,3312.392,2.743,,,,,,,1549.2,1.283,1678.935,1.39,84.258,0.07
14/08/2026,2026-08-14,23,[04:30-04:45[,2026-08-14 03:30,1204.794,2854.979,2.37,,,,,,,1490.01,1.237,1726.779,1.433,-361.81,-0.3
14/08/2026,2026-08-14,24,[04:45-05:00[,2026-08-14 03:45,1204.619,5291.711,4.393,,,,,,,1464.31,1.216,1752.94,1.455,2074.461,1.722
14/08/2026,2026-08-14,25,[05:00-05:15[,2026-08-14 04:00,1215.766,1585.304,1.304,,,,,,,1616.4,1.33,1748.904,1.439,-1780,-1.464
14/08/2026,2026-08-14,26,[05:15-05:30[,2026-08-14 04:15,1219.799,3182.097,2.609,,,,,,,1648.41,1.351,1755.71,1.439,-222.023,-0.182
14/08/2026,2026-08-14,27,[05:30-05:45[,2026-08-14 04:30,1227.032,5325.662,4.34,,,,,,,1622.71,1.322,1745.679,1.423,1957.274,1.595
14/08/2026,2026-08-14,28,[05:45-06:00[,2026-08-14 04:45,1237.948,4256.082,3.438,,,,,,,943.2,0.762,1746.665,1.411,1566.218,1.265
14/08/2026,2026-08-14,29,[06:00-06:15[,2026-08-14 05:00,1273.597,-840.115,-0.66,,,,,,,1401,1.1,1762.439,1.384,-4003.554,-3.144
14/08/2026,2026-08-14,30,[06:15-06:30[,2026-08-14 05:15,1285.944,1925.538,1.497,,,,,,,1274.4,0.991,1745.406,1.357,-1094.268,-0.851
14/08/2026,2026-08-14,31,[06:30-06:45[,2026-08-14 05:30,1288.481,6518.334,5.059,,,,,,,1274.4,0.989,1744.596,1.354,3499.338,2.716
14/08/2026,2026-08-14,32,[06:45-07:00[,2026-08-14 05:45,1298.572,8264.787,6.365,,,,,,,2056.2,1.583,1745.436,1.344,4463.15,3.437
14/08/2026,2026-08-14,33,[07:00-07:15[,2026-08-14 06:00,1343.914,3178.54,2.365,,,,,,,2777.8,2.067,1746.193,1.299,-1345.453,-1.001
14/08/2026,2026-08-14,34,[07:15-07:30[,2026-08-14 06:15,1380.834,2641.648,1.913,,,,,,,2950.92,2.137,1744.937,1.264,-2054.21,-1.488
14/08/2026,2026-08-14,35,[07:30-07:45[,2026-08-14 06:30,1412.221,8203.792,5.809,2118.192,1.5,,,,,3591.5,2.543,1863.989,1.32,630.112,0.446
14/08/2026,2026-08-14,36,[07:45-08:00[,2026-08-14 06:45,1453.555,7425.189,5.108,2941.745,2.024,,,,,3591.5,2.471,2322.184,1.598,-1430.24,-0.984
14/08/2026,2026-08-14,37,[08:00-08:15[,2026-08-14 07:00,1521.717,1894.053,1.245,,,,,,,3427.7,2.253,2996.256,1.969,-4529.904,-2.977
14/08/2026,2026-08-14,38,[08:15-08:30[,2026-08-14 07:15,1570.027,19997.367,12.737,5678.491,3.617,,,,,4084.92,2.602,3030.069,1.93,7203.887,4.588
14/08/2026,2026-08-14,39,[08:30-08:45[,2026-08-14 07:30,1610.334,14140.297,8.781,6777.627,4.209,,,,,3707,2.302,3031.438,1.882,624.231,0.388
14/08/2026,2026-08-14,40,[08:45-09:00[,2026-08-14 07:45,1613.663,28552.865,17.694,6918.549,4.287,,,,,7614,4.718,2104.226,1.304,11916.09,7.384
14/08/2026,2026-08-14,41,[09:00-09:15[,2026-08-14 08:00,1660.416,29614.962,17.836,6814.551,4.104,,,,,12059.4,7.263,2896.053,1.744,7844.958,4.725
14/08/2026,2026-08-14,42,[09:15-09:30[,2026-08-14 08:15,1678.843,42606.019,25.378,7360.973,4.385,,,,,12079.3,7.195,2763.367,1.646,20402.38,12.153
14/08/2026,2026-08-14,43,[09:30-09:45[,2026-08-14 08:30,1674.905,52016.283,31.056,8104.538,4.839,,,,,13455.04,8.033,2745.377,1.639,27711.329,16.545
14/08/2026,2026-08-14,44,[09:45-10:00[,2026-08-14 08:45,1678.866,46740.071,27.84,8106.3,4.828,,,,,13285.82,7.914,2642.582,1.574,22705.368,13.524
14/08/2026,2026-08-14,45,[10:00-10:15[,2026-08-14 09:00,1692.527,34882.67,20.61,8226.163,4.86,,,3958.51,2.339,13313.1,7.866,2685.009,1.586,6699.888,3.959
14/08/2026,2026-08-14,46,[10:15-10:30[,2026-08-14 09:15,1702.91,28864.451,16.95,8221.74,4.828,,,,,13335.4,7.831,2756.522,1.619,4550.788,2.672
14/08/2026,2026-08-14,47,[10:30-10:45[,2026-08-14 09:30,1678.491,29069.165,17.319,8386.546,4.996,,,,,13484.9,8.034,1978.129,1.179,5219.59,3.11
14/08/2026,2026-08-14,48,[10:45-11:00[,2026-08-14 09:45,1690.817,29443.907,17.414,8388.384,4.961,,,,,13530,8.002,2717.279,1.607,4808.245,2.844
14/08/2026,2026-08-14,49,[11:00-11:15[,2026-08-14 10:00,1708.21,41230.984,24.137,8388.349,4.911,,,,,21962.76,12.857,2726.58,1.596,8153.296,4.773
14/08/2026,2026-08-14,50,[11:15-11:30[,2026-08-14 10:15,1704.88,44926.263,26.352,8389.265,4.921,,,,,26374.5,15.47,2733.959,1.604,7428.539,4.357
14/08/2026,2026-08-14,51,[11:30-11:45[,2026-08-14 10:30,1702.445,38085.84,22.371,9232.047,5.423,,,,,18868.99,11.083,2748.371,1.614,7236.432,4.251
14/08/2026,2026-08-14,52,[11:45-12:00[,2026-08-14 10:45,1706.42,40436.436,23.697,9232.018,5.41,,,,,18966.02,11.115,2787.942,1.634,9450.457,5.538
14/08/2026,2026-08-14,53,[12:00-12:15[,2026-08-14 11:00,1706.791,41782.254,24.48,9325.753,5.464,,,,,22578,13.228,2985.792,1.749,6892.709,4.038
14/08/2026,2026-08-14,54,[12:15-12:30[,2026-08-14 11:15,1694.352,44781.509,26.43,14336.668,8.461,,,,,23534.62,13.89,2490.558,1.47,4419.662,2.608
14/08/2026,2026-08-14,55,[12:30-12:45[,2026-08-14 11:30,1691.735,48433.932,28.63,14983.817,8.857,,,,,22649,13.388,3021.843,1.786,7779.272,4.598
14/08/2026,2026-08-14,56,[12:45-13:00[,2026-08-14 11:45,1690.84,36676.393,21.691,14960.901,8.848,,,,,22684.5,13.416,3016.102,1.784,-3985.11,-2.357
14/08/2026,2026-08-14,57,[13:00-13:15[,2026-08-14 12:00,1674.173,36654.733,21.894,13625.057,8.138,,,,,22467.25,13.42,2816.941,1.683,-2254.515,-1.347
14/08/2026,2026-08-14,58,[13:15-13:30[,2026-08-14 12:15,1669.004,36739.51,22.013,13062.546,7.827,,,,,22116.5,13.251,3012.541,1.805,-1452.077,-0.87
14/08/2026,2026-08-14,59,[13:30-13:45[,2026-08-14 12:30,1671.341,40049.367,23.962,13075.659,7.823,,,,,26787.5,16.028,3008.899,1.8,-2822.692,-1.689
14/08/2026,2026-08-14,60,[13:45-14:00[,2026-08-14 12:45,1659.166,41367.07,24.932,12310.654,7.42,,,,,26837.5,16.175,3024.312,1.823,-805.397,-0.485
14/08/2026,2026-08-14,61,[14:00-14:15[,2026-08-14 13:00,1636.531,34616.114,21.152,12179.399,7.442,,,,,22116.5,13.514,1953.594,1.194,-1633.38,-0.998
14/08/2026,2026-08-14,62,[14:15-14:30[,2026-08-14 13:15,1646.635,30060.561,18.256,11735.955,7.127,,,,,22116.5,13.431,2750.204,1.67,-6542.098,-3.973
14/08/2026,2026-08-14,63,[14:30-14:45[,2026-08-14 13:30,1648.678,30449.165,18.469,10263.149,6.225,,,,,21254.8,12.892,2883.995,1.749,-3952.779,-2.398
14/08/2026,2026-08-14,64,[14:45-15:00[,2026-08-14 13:45,1644.544,27262.225,16.577,9864.6,5.998,,,,,21254.8,12.924,2934.571,1.784,-6791.746,-4.13
14/08/2026,2026-08-14,65,[15:00-15:15[,2026-08-14 14:00,1621.731,29803.644,18.378,9864.611,6.083,,,,,21254.8,13.106,2529.912,1.56,-3845.679,-2.371
14/08/2026,2026-08-14,66,[15:15-15:30[,2026-08-14 14:15,1623.251,27251.471,16.788,9429.616,5.809,,,,,21254.8,13.094,2958.193,1.822,-6391.138,-3.937
14/08/2026,2026-08-14,67,[15:30-15:45[,2026-08-14 14:30,1617.468,32768.776,20.259,9048.065,5.594,,,645.45,0.399,21254.8,13.141,2992.752,1.85,-1172.292,-0.725
14/08/2026,2026-08-14,68,[15:45-16:00[,2026-08-14 14:45,1599.362,33687.592,21.063,8851.192,5.534,,,,,20076.11,12.553,2993.551,1.872,1766.739,1.105
14/08/2026,2026-08-14,69,[16:00-16:15[,2026-08-14 15:00,1584.847,30965.499,19.538,8362.769,5.277,,,,,13575.1,8.566,2985.043,1.883,6042.587,3.813
14/08/2026,2026-08-14,70,[16:15-16:30[,2026-08-14 15:15,1583.733,22823.381,14.411,8153.715,5.148,,,,,13552.55,8.557,2972.299,1.877,-1855.182,-1.171
14/08/2026,2026-08-14,71,[16:30-16:45[,2026-08-14 15:30,1587.603,20306.076,12.79,7452.782,4.694,,,,,11133.89,7.013,2944.317,1.855,-1224.913,-0.772
14/08/2026,2026-08-14,72,[16:45-17:00[,2026-08-14 15:45,1573.006,18455.782,11.733,6761.068,4.298,,,,,10799.54,6.866,2640.97,1.679,-1745.796,-1.11
14/08/2026,2026-08-14,73,[17:00-17:15[,2026-08-14 16:00,1583.194,29030.229,18.336,7678.632,4.85,,,,,21655,13.678,2976.223,1.88,-3279.626,-2.072
14/08/2026,2026-08-14,74,[17:15-17:30[,2026-08-14 16:15,1602.571,11890.615,7.42,6414.306,4.003,,,,,9510.3,5.934,2984.464,1.862,-7018.454,-4.379
14/08/2026,2026-08-14,75,[17:30-17:45[,2026-08-14 16:30,1607.113,26150.563,16.272,6528.013,4.062,,,,,15104.95,9.399,2951.1,1.836,1566.5,0.975
14/08/2026,2026-08-14,76,[17:45-18:00[,2026-08-14 16:45,1628.765,6262.558,3.845,1873.078,1.15,,,,,3940.56,2.419,3056.71,1.877,-2607.79,-1.601
14/08/2026,2026-08-14,77,[18:00-18:15[,2026-08-14 17:00,1652.792,7019.853,4.247,2830.697,1.713,,,,,3458,2.092,3057.89,1.85,-2326.733,-1.408
14/08/2026,2026-08-14,78,[18:15-18:30[,2026-08-14 17:15,1677.067,9550.858,5.695,1172.476,0.699,,,,,3401.04,2.028,3080.213,1.837,1897.129,1.131
14/08/2026,2026-08-14,79,[18:30-18:45[,2026-08-14 17:30,1677.082,4605.048,2.746,,,,,,,3663.8,2.185,2218.948,1.323,-1277.7,-0.762
14/08/2026,2026-08-14,80,[18:45-19:00[,2026-08-14 17:45,1707.092,-446.973,-0.262,,,,,,,3488.4,2.043,2042.764,1.197,-5978.138,-3.502
14/08/2026,2026-08-14,81,[19:00-19:15[,2026-08-14 18:00,1730.595,-221.484,-0.128,,,10345.25,5.978,,,1946.16,1.125,2038.247,1.178,-14551.141,-8.408
14/08/2026,2026-08-14,82,[19:15-19:30[,2026-08-14 18:15,1751.544,5240.995,2.992,,,10345.25,5.906,,,2648.36,1.512,2037.95,1.164,-9790.565,-5.59
14/08/2026,2026-08-14,83,[19:30-19:45[,2026-08-14 18:30,1771.993,-6847.273,-3.864,,,10345.25,5.838,,,3033.72,1.712,2036.994,1.15,-22263.237,-12.564
14/08/2026,2026-08-14,84,[19:45-20:00[,2026-08-14 18:45,1790.9,-11690.734,-6.528,,,10345.25,5.777,,,3091.08,1.726,2035.385,1.137,-27162.449,-15.167
14/08/2026,2026-08-14,85,[20:00-20:15[,2026-08-14 19:00,1788.635,2796.559,1.564,,,10345.25,5.784,,,3366.18,1.882,1952.481,1.092,-12867.352,-7.194
14/08/2026,2026-08-14,86,[20:15-20:30[,2026-08-14 19:15,1783.23,14691.214,8.239,,,10345.25,5.801,,,3366.18,1.888,1935.876,1.086,-956.092,-0.536
14/08/2026,2026-08-14,87,[20:30-20:45[,2026-08-14 19:30,1784.389,5991.038,3.357,,,10345.25,5.798,,,3366.18,1.886,1924.705,1.079,-9645.096,-5.405
14/08/2026,2026-08-14,88,[20:45-21:00[,2026-08-14 19:45,1792.535,13700.004,7.643,,,10345.25,5.771,,,3462.78,1.932,1958.987,1.093,-2067.013,-1.153
14/08/2026,2026-08-14,89,[21:00-21:15[,2026-08-14 20:00,1781.679,4752.123,2.667,,,10345.25,5.806,,,4211.44,2.364,1966.973,1.104,-11771.54,-6.607
14/08/2026,2026-08-14,90,[21:15-21:30[,2026-08-14 20:15,1756.227,13068.902,7.441,,,10345.25,5.891,,,4505.28,2.565,1950.022,1.11,-3731.65,-2.125
14/08/2026,2026-08-14,91,[21:30-21:45[,2026-08-14 20:30,1731.51,11475.253,6.627,,,10345.25,5.975,,,4307.92,2.488,1968.9,1.137,-5146.817,-2.972
14/08/2026,2026-08-14,92,[21:45-22:00[,2026-08-14 20:45,1697.998,7628.586,4.493,,,10345.25,6.093,,,3665.76,2.159,1969.546,1.16,-8351.97,-4.919
14/08/2026,2026-08-14,93,[22:00-22:15[,2026-08-14 21:00,1670.189,9232.22,5.528,,,10345.25,6.194,,,3802.6,2.277,1969.54,1.179,-6885.17,-4.122
14/08/2026,2026-08-14,94,[22:15-22:30[,2026-08-14 21:15,1643.502,9039.987,5.5,,,10345.25,6.295,,,3370.96,2.051,1969.858,1.199,-6646.081,-4.044
14/08/2026,2026-08-14,95,[22:30-22:45[,2026-08-14 21:30,1611.893,13316.144,8.261,,,10345.25,6.418,,,3582.14,2.222,1968.892,1.221,-2580.137,-1.601
14/08/2026,2026-08-14,96,[22:45-23:00[,2026-08-14 21:45,1576.206,21767.44,13.81,,,10345.25,6.563,,,3194.1,2.026,1969.354,1.249,6258.736,3.971
15/08/2026,2026-08-15,1,[23:00-23:15[,2026-08-14 22:00,1543.761,5042.567,3.266,,,,,,,1049.72,0.68,1969.183,1.276,2023.664,1.311
15/08/2026,2026-08-15,2,[23:15-23:30[,2026-08-14 22:15,1514.78,5543.546,3.66,,,,,,,1218.84,0.805,1968.687,1.3,2356.019,1.555
15/08/2026,2026-08-15,3,[23:30-23:45[,2026-08-14 22:30,1481.824,4743.767,3.201,,,,,,,1577.98,1.065,1969.164,1.329,1196.622,0.808
15/08/2026,2026-08-15,4,[23:45-00:00[,2026-08-14 22:45,1450.377,5266.937,3.631,,,,,,,2034.4,1.403,1962.514,1.353,1270.023,0.876
15/08/2026,2026-08-15,5,[00:00-00:15[,2026-08-14 23:00,1424.345,2272.926,1.596,,,,,,,1406.88,0.988,1962.557,1.378,-1096.512,-0.77
15/08/2026,2026-08-15,6,[00:15-00:30[,2026-08-14 23:15,1391.255,3513.325,2.525,,,,,,,1811.36,1.302,1761.324,1.266,-59.359,-0.043
15/08/2026,2026-08-15,7,[00:30-00:45[,2026-08-14 23:30,1369.799,2060.083,1.504,,,,,,,2034.4,1.485,1768.27,1.291,-1742.587,-1.272
15/08/2026,2026-08-15,8,[00:45-01:00[,2026-08-14 23:45,1349.713,5962.204,4.417,,,,,,,2034.4,1.507,1823.784,1.351,2104.02,1.559
15/08/2026,2026-08-15,9,[01:00-01:15[,2026-08-15 00:00,1328.269,1996.101,1.503,,,,,,,1210.59,0.911,1887.274,1.421,-1101.763,-0.829
15/08/2026,2026-08-15,10,[01:15-01:30[,2026-08-15 00:15,1309.856,3932.467,3.002,,,,,,,1507.77,1.151,2021.716,1.543,402.981,0.308
15/08/2026,2026-08-15,11,[01:30-01:45[,2026-08-15 00:30,1303.203,5175.624,3.971,,,,,,,2148.02,1.648,2779.001,2.132,248.603,0.191
15/08/2026,2026-08-15,12,[01:45-02:00[,2026-08-15 00:45,1293.482,8669.948,6.703,,,,,,,2210,1.709,3081.581,2.382,3378.367,2.612
15/08/2026,2026-08-15,13,[02:00-02:15[,2026-08-15 01:00,1285.145,12188.272,9.484,,,,,,,1887,1.468,3081.448,2.398,7219.824,5.618
15/08/2026,2026-08-15,14,[02:15-02:30[,2026-08-15 01:15,1250.265,13370.711,10.694,,,,,,,1745.24,1.396,2294.312,1.835,9331.159,7.463
15/08/2026,2026-08-15,15,[02:30-02:45[,2026-08-15 01:30,1234.273,5168.299,4.187,,,,,,,1745.24,1.414,2101.028,1.702,1322.031,1.071
15/08/2026,2026-08-15,16,[02:45-03:00[,2026-08-15 01:45,1242.819,129.872,0.104,688.56,0.554,,,,,1745.24,1.404,3080.627,2.479,-5384.554,-4.333
15/08/2026,2026-08-15,17,[03:00-03:15[,2026-08-15 02:00,1235.113,7370.588,5.968,3848.45,3.116,,,,,2058,1.666,3018.505,2.444,-1554.368,-1.258
15/08/2026,2026-08-15,18,[03:15-03:30[,2026-08-15 02:15,1228.928,6393.662,5.203,3857.375,3.139,,,,,2058,1.675,3045.788,2.478,-2567.501,-2.089
15/08/2026,2026-08-15,19,[03:30-03:45[,2026-08-15 02:30,1211.845,6625.044,5.467,3855.95,3.182,,,,,2058,1.698,2934.202,2.421,-2223.107,-1.834
15/08/2026,2026-08-15,20,[03:45-04:00[,2026-08-15 02:45,1208.081,6432.265,5.324,3857.675,3.193,,,,,2058,1.704,2933.526,2.428,-2416.936,-2.001
15/08/2026,2026-08-15,21,[04:00-04:15[,2026-08-15 03:00,1210.135,8832.407,7.299,3892.55,3.217,,,,,2368.04,1.957,2921.275,2.414,-349.458,-0.289
15/08/2026,2026-08-15,22,[04:15-04:30[,2026-08-15 03:15,1188.842,6197.67,5.213,3885.725,3.268,,,,,2408.24,2.026,2795.936,2.352,-2892.231,-2.433
15/08/2026,2026-08-15,23,[04:30-04:45[,2026-08-15 03:30,1193.886,8250.627,6.911,3850.325,3.225,,,,,2574.5,2.156,3053.01,2.557,-1227.208,-1.028
15/08/2026,2026-08-15,24,[04:45-05:00[,2026-08-15 03:45,1194.873,6064.987,5.076,,,,,,,1753,1.467,3045.286,2.549,1266.702,1.06
15/08/2026,2026-08-15,25,[05:00-05:15[,2026-08-15 04:00,1179.144,4230.582,3.588,,,,,,,1359.04,1.153,2575.071,2.184,296.471,0.251
15/08/2026,2026-08-15,26,[05:15-05:30[,2026-08-15 04:15,1187.362,4055.688,3.416,,,,,,,946.2,0.797,3019.478,2.543,90.01,0.076
15/08/2026,2026-08-15,27,[05:30-05:45[,2026-08-15 04:30,1198.449,1250.571,1.043,,,,,,,946.2,0.79,3041.922,2.538,-2737.551,-2.284
15/08/2026,2026-08-15,28,[05:45-06:00[,2026-08-15 04:45,1192.762,2143.596,1.797,,,,,,,946.2,0.793,3030.398,2.541,-1833.002,-1.537
15/08/2026,2026-08-15,29,[06:00-06:15[,2026-08-15 05:00,1210.061,5773.698,4.771,,,,,,,1181.78,0.977,3036.331,2.509,1555.588,1.286
15/08/2026,2026-08-15,30,[06:15-06:30[,2026-08-15 05:15,1210.783,3605.574,2.978,,,,,,,1498.34,1.237,3026.196,2.499,-918.962,-0.759
15/08/2026,2026-08-15,31,[06:30-06:45[,2026-08-15 05:30,1198.767,7773.023,6.484,,,,,,,1901.9,1.587,3029.021,2.527,2842.102,2.371
15/08/2026,2026-08-15,32,[06:45-07:00[,2026-08-15 05:45,1191.283,11541.855,9.689,,,,,,,2018.9,1.695,3027.1,2.541,6495.855,5.453
15/08/2026,2026-08-15,33,[07:00-07:15[,2026-08-15 06:00,1212.65,6151.356,5.073,,,,,,,2394.92,1.975,3031.051,2.5,725.385,0.598
15/08/2026,2026-08-15,34,[07:15-07:30[,2026-08-15 06:15,1220.079,6056.59,4.964,3140.512,2.574,,,,,2623.38,2.15,2973.34,2.437,-2680.641,-2.197
15/08/2026,2026-08-15,35,[07:30-07:45[,2026-08-15 06:30,1233.412,12408.911,10.061,3810.38,3.089,,,,,2310.5,1.873,3032.772,2.459,3255.26,2.639
15/08/2026,2026-08-15,36,[07:45-08:00[,2026-08-15 06:45,1249.506,16031.985,12.831,4049.471,3.241,,,,,6322.7,5.06,3023.137,2.419,2636.677,2.11
15/08/2026,2026-08-15,37,[08:00-08:15[,2026-08-15 07:00,1267.578,13097.812,10.333,7233.353,5.706,,,,,4943.63,3.9,3007.653,2.373,-2086.824,-1.646
15/08/2026,2026-08-15,38,[08:15-08:30[,2026-08-15 07:15,1267.244,38546.998,30.418,9931.425,7.837,,,,,22748.79,17.951,2700.874,2.131,3165.909,2.498
15/08/2026,2026-08-15,39,[08:30-08:45[,2026-08-15 07:30,1289.504,50794.797,39.391,10954.979,8.495,,,,,15062.04,11.68,3008.421,2.333,21769.357,16.882
15/08/2026,2026-08-15,40,[08:45-09:00[,2026-08-15 07:45,1306.048,67300.439,51.53,11914.325,9.122,,,,,16987.39,13.007,2999.904,2.297,35398.821,27.104
15/08/2026,2026-08-15,41,[09:00-09:15[,2026-08-15 08:00,1317.858,70285.45,53.333,13390.888,10.161,,,,,18596.65,14.111,2800.482,2.125,35497.431,26.936
15/08/2026,2026-08-15,42,[09:15-09:30[,2026-08-15 08:15,1328.185,79124.53,59.573,16315.888,12.284,,,,,16290.8,12.265,2918.05,2.197,43599.792,32.827
15/08/2026,2026-08-15,43,[09:30-09:45[,2026-08-15 08:30,1337.002,78689.453,58.855,18407.45,13.768,,,,,16922.88,12.657,2928.474,2.19,40430.649,30.24
15/08/2026,2026-08-15,44,[09:45-10:00[,2026-08-15 08:45,1352.433,75926.08,56.14,19069.723,14.1,,,,,17204.6,12.721,2962.965,2.191,36688.793,27.128
15/08/2026,2026-08-15,45,[10:00-10:15[,2026-08-15 09:00,1355.94,32878.654,24.248,19206.378,14.165,,,,,16980.02,12.523,2944.092,2.171,-6251.835,-4.611
15/08/2026,2026-08-15,46,[10:15-10:30[,2026-08-15 09:15,1360.975,22929.95,16.848,19252.034,14.146,,,,,16571.89,12.176,2946.321,2.165,-15840.295,-11.639
15/08/2026,2026-08-15,47,[10:30-10:45[,2026-08-15 09:30,1362.533,10959.225,8.043,19251.865,14.129,,,,,9115.22,6.69,2964.577,2.176,-20372.437,-14.952
15/08/2026,2026-08-15,48,[10:45-11:00[,2026-08-15 09:45,1357.406,28037.281,20.655,19252.803,14.184,,,,,9202.91,6.78,2873.507,2.117,-3291.939,-2.425
15/08/2026,2026-08-15,49,[11:00-11:15[,2026-08-15 10:00,1368.993,27956.977,20.422,19251.865,14.063,,,,,17097.35,12.489,2933.315,2.143,-11325.553,-8.273
15/08/2026,2026-08-15,50,[11:15-11:30[,2026-08-15 10:15,1368.514,31228.26,22.819,19251.865,14.068,,,,,17246.46,12.602,2872.916,2.099,-8142.98,-5.95
15/08/2026,2026-08-15,51,[11:30-11:45[,2026-08-15 10:30,1363.693,30129.356,22.094,19297.815,14.151,,,,,9346.4,6.854,2505.181,1.837,-1020.04,-0.748
15/08/2026,2026-08-15,52,[11:45-12:00[,2026-08-15 10:45,1369.579,32620.145,23.818,19297.812,14.09,,,,,9271.87,6.77,2483.579,1.813,1566.884,1.144
15/08/2026,2026-08-15,53,[12:00-12:15[,2026-08-15 11:00,1383.437,30710.671,22.199,19251.685,13.916,,,,,6003.75,4.34,2734.721,1.977,2720.515,1.966
15/08/2026,2026-08-15,54,[12:15-12:30[,2026-08-15 11:15,1372.075,28800.574,20.991,19251.685,14.031,,,,,6041.25,4.403,2366.58,1.725,1141.058,0.832
15/08/2026,2026-08-15,55,[12:30-12:45[,2026-08-15 11:30,1385.994,27998.263,20.201,19291.93,13.919,,,,,5870.44,4.236,2712.797,1.957,123.096,0.089
15/08/2026,2026-08-15,56,[12:45-13:00[,2026-08-15 11:45,1370.425,27892.738,20.353,19291.93,14.077,,,,,5746.08,4.193,2702.374,1.972,152.354,0.111
15/08/2026,2026-08-15,57,[13:00-13:15[,2026-08-15 12:00,1357.806,26659.748,19.634,19291.93,14.208,,,,,4545,3.347,2615.849,1.927,206.968,0.152
15/08/2026,2026-08-15,58,[13:15-13:30[,2026-08-15 12:15,1343.456,25313.933,18.842,19291.93,14.36,,,,,5862.08,4.363,2652.252,1.974,-2492.329,-1.855
15/08/2026,2026-08-15,59,[13:30-13:45[,2026-08-15 12:30,1331.121,23393.555,17.574,19291.93,14.493,,,,,5829.76,4.38,2620.196,1.968,-4348.33,-3.267
15/08/2026,2026-08-15,60,[13:45-14:00[,2026-08-15 12:45,1312.852,27226.977,20.739,19291.93,14.695,,,,,5985.9,4.559,2611.663,1.989,-662.515,-0.505
15/08/2026,2026-08-15,61,[14:00-14:15[,2026-08-15 13:00,1304.64,28098.586,21.537,19292.29,14.787,,,,,3060.5,2.346,2627.007,2.014,3118.789,2.391
15/08/2026,2026-08-15,62,[14:15-14:30[,2026-08-15 13:15,1300.107,27007.314,20.773,19285.773,14.834,,,,,3060.5,2.354,2641.547,2.032,2019.495,1.553
15/08/2026,2026-08-15,63,[14:30-14:45[,2026-08-15 13:30,1282.494,27116.87,21.144,19252.113,15.011,,,,,3060.5,2.386,2655.189,2.07,2149.068,1.676
15/08/2026,2026-08-15,64,[14:45-15:00[,2026-08-15 13:45,1282.246,24966.5,19.471,19206.378,14.979,,,,,3060.5,2.387,2677.757,2.088,21.866,0.017
15/08/2026,2026-08-15,65,[15:00-15:15[,2026-08-15 14:00,1281.7,33057.711,25.792,19189.744,14.972,,,,,11209.57,8.746,2734.194,2.133,-75.797,-0.059
15/08/2026,2026-08-15,66,[15:15-15:30[,2026-08-15 14:15,1266.883,33032.583,26.074,19205.442,15.16,,,,,11170.44,8.817,2643.816,2.087,12.885,0.01
15/08/2026,2026-08-15,67,[15:30-15:45[,2026-08-15 14:30,1271.771,32707.076,25.718,19111.513,15.027,,,,,11161.74,8.777,2647.233,2.082,-213.41,-0.168
15/08/2026,2026-08-15,68,[15:45-16:00[,2026-08-15 14:45,1276.537,32470.736,25.437,17984.071,14.088,,,,,11822.31,9.261,2679.617,2.099,-15.262,-0.012
15/08/2026,2026-08-15,69,[16:00-16:15[,2026-08-15 15:00,1279.391,34501.303,26.967,15715.888,12.284,,,,,16545.27,12.932,2560.084,2.001,-319.938,-0.25
15/08/2026,2026-08-15,70,[16:15-16:30[,2026-08-15 15:15,1293.886,30408.846,23.502,11914.325,9.208,,,,,17460.39,13.495,2770.583,2.141,-1736.451,-1.342
15/08/2026,2026-08-15,71,[16:30-16:45[,2026-08-15 15:30,1310.237,30975.776,23.641,11853.388,9.047,,,,,16688.52,12.737,2792.067,2.131,-358.198,-0.273
15/08/2026,2026-08-15,72,[16:45-17:00[,2026-08-15 15:45,1313.609,36690.963,27.931,10978.613,8.358,,,,,17173.55,13.074,2628.535,2.001,5910.266,4.499
15/08/2026,2026-08-15,73,[17:00-17:15[,2026-08-15 16:00,1337.852,32528.599,24.314,10838.075,8.101,,,,,15497.82,11.584,2861.081,2.139,3331.623,2.49
15/08/2026,2026-08-15,74,[17:15-17:30[,2026-08-15 16:15,1357.661,23245.57,17.122,9515.899,7.009,,,,,5459.84,4.022,2882.868,2.123,5386.963,3.968
15/08/2026,2026-08-15,75,[17:30-17:45[,2026-08-15 16:30,1370.162,14632.888,10.68,8728.786,6.371,,,,,2762.01,2.016,2807.151,2.049,334.941,0.244
15/08/2026,2026-08-15,76,[17:45-18:00[,2026-08-15 16:45,1400.586,4786.842,3.418,337.975,0.241,,,,,4629.31,3.305,2969.781,2.12,-3150.224,-2.249
15/08/2026,2026-08-15,77,[18:00-18:15[,2026-08-15 17:00,1429.736,7558.579,5.287,2404.099,1.681,,,,,4381.58,3.065,3011.753,2.107,-2238.854,-1.566
15/08/2026,2026-08-15,78,[18:15-18:30[,2026-08-15 17:15,1440.576,7330.38,5.089,,,,,,,4644.86,3.224,2627.544,1.824,57.976,0.04
15/08/2026,2026-08-15,79,[18:30-18:45[,2026-08-15 17:30,1477.732,6852.991,4.638,,,,,,,1810.42,1.225,3065.924,2.075,1976.647,1.338
15/08/2026,2026-08-15,80,[18:45-19:00[,2026-08-15 17:45,1513.663,-541.703,-0.358,,,,,,,2771.18,1.831,3075.036,2.032,-6387.919,-4.22
15/08/2026,2026-08-15,81,[19:00-19:15[,2026-08-15 18:00,1538.004,2465.334,1.603,,,,,,,2184,1.42,3017.836,1.962,-2736.502,-1.779
15/08/2026,2026-08-15,82,[19:15-19:30[,2026-08-15 18:15,1550.588,-80.722,-0.052,,,,,,,1577.02,1.017,2098.469,1.353,-3756.211,-2.422
15/08/2026,2026-08-15,83,[19:30-19:45[,2026-08-15 18:30,1576.566,-1466.677,-0.93,,,,,,,1324.2,0.84,2009.434,1.275,-4800.311,-3.045
15/08/2026,2026-08-15,84,[19:45-20:00[,2026-08-15 18:45,1597.922,1254.077,0.785,,,,,,,1909.9,1.195,1995.99,1.249,-2651.813,-1.66
15/08/2026,2026-08-15,85,[20:00-20:15[,2026-08-15 19:00,1611.897,6699.139,4.156,,,,,,,1996.1,1.238,2004.911,1.244,2698.128,1.674
15/08/2026,2026-08-15,86,[20:15-20:30[,2026-08-15 19:15,1616.404,9893.845,6.121,,,,,,,1883.98,1.166,2007.787,1.242,6002.078,3.713
15/08/2026,2026-08-15,87,[20:30-20:45[,2026-08-15 19:30,1628.995,6381.329,3.917,,,,,,,1639.3,1.006,2006.813,1.232,2735.216,1.679
15/08/2026,2026-08-15,88,[20:45-21:00[,2026-08-15 19:45,1646.752,1210.642,0.735,,,,,,,1727.7,1.049,2007.307,1.219,-2524.365,-1.533
15/08/2026,2026-08-15,89,[21:00-21:15[,2026-08-15 20:00,1637.542,4790.482,2.925,,,,,,,1992.92,1.217,2003.772,1.224,793.791,0.485
15/08/2026,2026-08-15,90,[21:15-21:30[,2026-08-15 20:15,1614.487,9890.869,6.126,,,,,,,2588.4,1.603,1895.767,1.174,5406.702,3.349
15/08/2026,2026-08-15,91,[21:30-21:45[,2026-08-15 20:30,1590.416,9272.985,5.831,,,,,,,2339.5,1.471,1887.304,1.187,5046.18,3.173
15/08/2026,2026-08-15,92,[21:45-22:00[,2026-08-15 20:45,1564.385,8661.269,5.537,,,,,205.892,0.132,2284.56,1.46,1886.151,1.206,4284.666,2.739
15/08/2026,2026-08-15,93,[22:00-22:15[,2026-08-15 21:00,1543.644,9828.587,6.367,,,,,,,2389.08,1.548,1885.98,1.222,5553.527,3.598
15/08/2026,2026-08-15,94,[22:15-22:30[,2026-08-15 21:15,1518.028,10235.537,6.743,,,,,,,2175.82,1.433,1885.483,1.242,6174.234,4.067
15/08/2026,2026-08-15,95,[22:30-22:45[,2026-08-15 21:30,1492.284,3515.912,2.356,,,,,,,1753.08,1.175,1884.994,1.263,-122.162,-0.082
15/08/2026,2026-08-15,96,[22:45-23:00[,2026-08-15 21:45,1485.845,3850.971,2.592,,,,,,,3667.04,2.468,3059.432,2.059,-2875.501,-1.935
16/08/2026,2026-08-16,1,[23:00-23:15[,2026-08-15 22:00,1457.31,15236.557,10.455,,,,,,,1384.08,0.95,3066.92,2.105,10785.557,7.401
16/08/2026,2026-08-16,2,[23:15-23:30[,2026-08-15 22:15,1434.049,5502.502,3.837,,,,,,,1207.78,0.842,3074.651,2.144,1220.071,0.851
16/08/2026,2026-08-16,3,[23:30-23:45[,2026-08-15 22:30,1388.214,7316.952,5.271,,,,,-65.5,-0.047,1554.59,1.12,2265.298,1.632,3562.564,2.566
16/08/2026,2026-08-16,4,[23:45-00:00[,2026-08-15 22:45,1378.512,5489.343,3.982,,,,,,,1554.59,1.128,3044.281,2.208,890.472,0.646
16/08/2026,2026-08-16,5,[00:00-00:15[,2026-08-15 23:00,1359.423,8172.873,6.012,,,,,,,1378.58,1.014,3017.825,2.22,3776.467,2.778
16/08/2026,2026-08-16,6,[00:15-00:30[,2026-08-15 23:15,1336.159,4587.527,3.433,,,,,,,1450.33,1.085,2990.673,2.238,146.523,0.11
16/08/2026,2026-08-16,7,[00:30-00:45[,2026-08-15 23:30,1315.475,4554.374,3.462,,,,,,,1707.14,1.298,2988.555,2.272,-141.321,-0.107
16/08/2026,2026-08-16,8,[00:45-01:00[,2026-08-15 23:45,1298.956,7008.702,5.396,,,,,,,1770,1.363,3065.524,2.36,2173.177,1.673
16/08/2026,2026-08-16,9,[01:00-01:15[,2026-08-16 00:00,1280.084,41.646,0.033,,,,,,,1337.82,1.045,3072.989,2.401,-4369.163,-3.413
16/08/2026,2026-08-16,10,[01:15-01:30[,2026-08-16 00:15,1262.933,6259.23,4.956,,,,,,,1270.06,1.006,3072.494,2.433,1916.676,1.518
16/08/2026,2026-08-16,11,[01:30-01:45[,2026-08-16 00:30,1244.281,5153.944,4.142,,,,,,,1226.5,0.986,3069.878,2.467,857.566,0.689
16/08/2026,2026-08-16,12,[01:45-02:00[,2026-08-16 00:45,1223.808,3137.772,2.564,,,,,,,1226.5,1.002,3072.641,2.511,-1161.369,-0.949
16/08/2026,2026-08-16,13,[02:00-02:15[,2026-08-16 01:00,1210.436,6718.241,5.55,,,,,,,1779.11,1.47,3071.72,2.538,1867.411,1.543
16/08/2026,2026-08-16,14,[02:15-02:30[,2026-08-16 01:15,1202.333,3448.09,2.868,,,,,,,2018.27,1.679,3066.668,2.551,-1636.848,-1.361
16/08/2026,2026-08-16,15,[02:30-02:45[,2026-08-16 01:30,1183.123,7446.638,6.294,,,,,,,2126.76,1.798,3066.832,2.592,2253.047,1.904
16/08/2026,2026-08-16,16,[02:45-03:00[,2026-08-16 01:45,1170.173,7684.033,6.567,,,,,,,2136.64,1.826,3070.55,2.624,2476.843,2.117
16/08/2026,2026-08-16,17,[03:00-03:15[,2026-08-16 02:00,1163.476,6885.053,5.918,,,,,,,2150.5,1.848,3070.413,2.639,1664.14,1.43
16/08/2026,2026-08-16,18,[03:15-03:30[,2026-08-16 02:15,1150.685,7697.885,6.69,,,,,,,2150.5,1.869,3026.87,2.63,2520.515,2.19
16/08/2026,2026-08-16,19,[03:30-03:45[,2026-08-16 02:30,1142.318,8269.602,7.239,,,,,,,2893.06,2.533,3027.837,2.651,2348.706,2.056
16/08/2026,2026-08-16,20,[03:45-04:00[,2026-08-16 02:45,1139.178,8320.066,7.304,,,,,,,2911,2.555,3026.85,2.657,2382.216,2.091
16/08/2026,2026-08-16,21,[04:00-04:15[,2026-08-16 03:00,1138.096,6719.787,5.904,,,,,,,3186.75,2.8,3070.564,2.698,462.473,0.406
16/08/2026,2026-08-16,22,[04:15-04:30[,2026-08-16 03:15,1129.885,8062.53,7.136,,,,,,,3186.75,2.82,3029.827,2.682,1845.952,1.634
16/08/2026,2026-08-16,23,[04:30-04:45[,2026-08-16 03:30,1130.538,7703.941,6.814,,,,,,,2962.44,2.62,3026.619,2.677,1714.882,1.517
16/08/2026,2026-08-16,24,[04:45-05:00[,2026-08-16 03:45,1125.981,4011.699,3.563,,,,,,,2150.5,1.91,3029.416,2.69,-1168.216,-1.038
16/08/2026,2026-08-16,25,[05:00-05:15[,2026-08-16 04:00,1129.178,6356.054,5.629,3078.252,2.726,,,,,3098.3,2.744,3028.013,2.682,-2848.511,-2.523
16/08/2026,2026-08-16,26,[05:15-05:30[,2026-08-16 04:15,1126.538,11095.349,9.849,3134.636,2.783,,,,,3168.8,2.813,3024.605,2.685,1767.308,1.569
16/08/2026,2026-08-16,27,[05:30-05:45[,2026-08-16 04:30,1129.506,11499.637,10.181,3254.955,2.882,,,,,3420.74,3.029,3029.407,2.682,1794.535,1.589
16/08/2026,2026-08-16,28,[05:45-06:00[,2026-08-16 04:45,1118.999,9062.809,8.099,3255.58,2.909,,,,,3420.74,3.057,2489.008,2.224,-102.519,-0.092
16/08/2026,2026-08-16,29,[06:00-06:15[,2026-08-16 05:00,1145.125,15225.308,13.296,3138.111,2.74,,,,,4523.54,3.95,3020.749,2.638,4542.908,3.967
16/08/2026,2026-08-16,30,[06:15-06:30[,2026-08-16 05:15,1146.36,13274.803,11.58,3363.979,2.934,,,,,4413.39,3.85,3028.451,2.642,2468.983,2.154
16/08/2026,2026-08-16,31,[06:30-06:45[,2026-08-16 05:30,1128.302,4417.223,3.915,3267.686,2.896,,,,,4273.25,3.787,2970.909,2.633,-6094.622,-5.402
16/08/2026,2026-08-16,32,[06:45-07:00[,2026-08-16 05:45,1120.98,6788.712,6.056,,,,,,,3723.63,3.322,3029.994,2.703,35.088,0.031
16/08/2026,2026-08-16,33,[07:00-07:15[,2026-08-16 06:00,1134.362,3753.788,3.309,,,,,,,1883.86,1.661,3020.193,2.662,-1150.265,-1.014
16/08/2026,2026-08-16,34,[07:15-07:30[,2026-08-16 06:15,1137.936,5954.911,5.233,,,,,,,2570.48,2.259,3023.118,2.657,361.312,0.318
16/08/2026,2026-08-16,35,[07:30-07:45[,2026-08-16 06:30,1140.13,7775.056,6.819,2651.167,2.325,,,,,3025.36,2.654,2904.127,2.547,-805.597,-0.707
16/08/2026,2026-08-16,36,[07:45-08:00[,2026-08-16 06:45,1151.243,10219.259,8.877,3425.4,2.975,,,,,6704.41,5.824,3020.555,2.624,-2931.106,-2.546
16/08/2026,2026-08-16,37,[08:00-08:15[,2026-08-16 07:00,1161.853,11878.786,10.224,5704.55,4.91,,,,,3951.08,3.401,3012.168,2.593,-789.011,-0.679
16/08/2026,2026-08-16,38,[08:15-08:30[,2026-08-16 07:15,1159.709,31742.068,27.371,10309.585,8.89,,,,,19024.74,16.405,2684.526,2.315,-276.782,-0.239
16/08/2026,2026-08-16,39,[08:30-08:45[,2026-08-16 07:30,1181.308,34722.022,29.393,11887.014,10.063,,,0.813,0.001,18346.96,15.531,2998.086,2.538,1489.149,1.261
16/08/2026,2026-08-16,40,[08:45-09:00[,2026-08-16 07:45,1193.202,37575.849,31.492,14423.3,12.088,,,,,19698.1,16.509,3000.798,2.515,453.651,0.38
16/08/2026,2026-08-16,41,[09:00-09:15[,2026-08-16 08:00,1196.277,34700.501,29.007,15944.863,13.329,,,,,16567.12,13.849,2411.332,2.016,-222.814,-0.186
16/08/2026,2026-08-16,42,[09:15-09:30[,2026-08-16 08:15,1210.982,39491.664,32.611,19108.046,15.779,,,,,17437.87,14.4,2613.182,2.158,332.566,0.275
16/08/2026,2026-08-16,43,[09:30-09:45[,2026-08-16 08:30,1228.317,40714.775,33.147,19437.005,15.824,,,,,18081.68,14.721,2806.265,2.285,389.826,0.317
16/08/2026,2026-08-16,44,[09:45-10:00[,2026-08-16 08:45,1234.013,40102.964,32.498,19436.708,15.751,,,,,17674.26,14.323,2711.434,2.197,280.562,0.227
16/08/2026,2026-08-16,45,[10:00-10:15[,2026-08-16 09:00,1243.056,40166.976,32.313,19551.202,15.728,,,,,17832.55,14.346,2426.539,1.952,356.686,0.287
16/08/2026,2026-08-16,46,[10:15-10:30[,2026-08-16 09:15,1248.441,39906.416,31.965,19616.374,15.713,,,,,17422.63,13.956,2567.384,2.056,300.028,0.24
16/08/2026,2026-08-16,47,[10:30-10:45[,2026-08-16 09:30,1257.296,39992.026,31.808,19608.188,15.596,,,,,17585.86,13.987,2556.047,2.033,241.931,0.192
16/08/2026,2026-08-16,48,[10:45-11:00[,2026-08-16 09:45,1252.96,40082.033,31.99,19615.605,15.655,,,,,17767.52,14.18,2412.841,1.926,286.066,0.228
16/08/2026,2026-08-16,49,[11:00-11:15[,2026-08-16 10:00,1269.466,44452.181,35.016,19532.989,15.387,,,,,18864.06,14.86,2519.219,1.984,3535.912,2.785
16/08/2026,2026-08-16,50,[11:15-11:30[,2026-08-16 10:15,1282.889,48567.299,37.858,19534.812,15.227,,,,,18083.99,14.096,2511.705,1.958,8436.792,6.576
16/08/2026,2026-08-16,51,[11:30-11:45[,2026-08-16 10:30,1273.823,47894.973,37.599,19532.788,15.334,,,,,18144.99,14.245,1649.489,1.295,8567.706,6.726
16/08/2026,2026-08-16,52,[11:45-12:00[,2026-08-16 10:45,1298.877,49331.254,37.98,19531.111,15.037,,,,,18086.35,13.925,2417.48,1.861,9296.314,7.157
16/08/2026,2026-08-16,53,[12:00-12:15[,2026-08-16 11:00,1308.026,44946.881,34.362,19525.56,14.928,,,,,13533.04,10.346,2367.622,1.81,9520.659,7.279
16/08/2026,2026-08-16,54,[12:15-12:30[,2026-08-16 11:15,1314.927,47006.249,35.748,19523.16,14.847,,,,,13541.73,10.298,2387.194,1.815,11554.164,8.787
16/08/2026,2026-08-16,55,[12:30-12:45[,2026-08-16 11:30,1296.748,48873.73,37.689,19522.968,15.055,,,,,13541.73,10.443,1510.475,1.165,14298.557,11.026
16/08/2026,2026-08-16,56,[12:45-13:00[,2026-08-16 11:45,1294.438,43394.861,33.524,19527.121,15.085,,,,,13576.78,10.489,1603.32,1.239,8687.64,6.712
16/08/2026,2026-08-16,57,[13:00-13:15[,2026-08-16 12:00,1303.675,35666.844,27.359,19555.109,15,,,,,13517.49,10.369,2407.953,1.847,186.293,0.143
16/08/2026,2026-08-16,58,[13:15-13:30[,2026-08-16 12:15,1290.643,35708.944,27.668,19548.546,15.146,,,,,13520.6,10.476,2407.35,1.865,232.448,0.18
16/08/2026,2026-08-16,59,[13:30-13:45[,2026-08-16 12:30,1271.758,35224.74,27.698,19548.546,15.371,,,,,12987.55,10.212,2412.341,1.897,276.303,0.217
16/08/2026,2026-08-16,60,[13:45-14:00[,2026-08-16 12:45,1266.122,35562.003,28.087,19548.546,15.44,,,,,12952.5,10.23,2434.821,1.923,626.136,0.495
16/08/2026,2026-08-16,61,[14:00-14:15[,2026-08-16 13:00,1267.176,40044.565,31.601,19532.496,15.414,,,4751.478,3.75,13445.56,10.611,2467.808,1.947,-152.776,-0.121
16/08/2026,2026-08-16,62,[14:15-14:30[,2026-08-16 13:15,1272.669,39293.791,30.875,19517.47,15.336,,,4751.478,3.733,13445.56,10.565,2477.84,1.947,-898.557,-0.706
16/08/2026,2026-08-16,63,[14:30-14:45[,2026-08-16 13:30,1255.89,39473.117,31.43,19483.221,15.513,,,4751.478,3.783,13438.32,10.7,2079.385,1.656,-279.286,-0.222
16/08/2026,2026-08-16,64,[14:45-15:00[,2026-08-16 13:45,1269.153,45891.983,36.16,19476.679,15.346,,,9994.955,7.875,13426.9,10.579,2502.615,1.972,490.834,0.387
16/08/2026,2026-08-16,65,[15:00-15:15[,2026-08-16 14:00,1267.309,44414.278,35.046,19476.591,15.368,,,9964.455,7.863,13383.05,10.56,2480.103,1.957,-889.921,-0.702
16/08/2026,2026-08-16,66,[15:15-15:30[,2026-08-16 14:15,1267.716,43344.614,34.191,19436.235,15.332,,,9972.455,7.866,13404.75,10.574,2199.289,1.735,-1668.115,-1.316
16/08/2026,2026-08-16,67,[15:30-15:45[,2026-08-16 14:30,1278.046,45143.889,35.323,19319.003,15.116,,,9956.455,7.79,13642.48,10.674,2541.278,1.988,-315.328,-0.247
16/08/2026,2026-08-16,68,[15:45-16:00[,2026-08-16 14:45,1285.643,45883.113,35.689,19108.015,14.863,,,9902.955,7.703,13749.75,10.695,2547.793,1.982,574.6,0.447
16/08/2026,2026-08-16,69,[16:00-16:15[,2026-08-16 15:00,1289.283,38532.734,29.887,18026.113,13.982,,,,,17433.66,13.522,2539.96,1.97,533.001,0.413
16/08/2026,2026-08-16,70,[16:15-16:30[,2026-08-16 15:15,1301.774,36555.468,28.081,15791.113,12.13,,,,,18634.02,14.314,2609.127,2.004,-478.792,-0.368
16/08/2026,2026-08-16,71,[16:30-16:45[,2026-08-16 15:30,1319.457,40999.528,31.073,14095.175,10.683,,,4783.45,3.625,22627.65,17.149,2631.432,1.994,-3138.179,-2.378
16/08/2026,2026-08-16,72,[16:45-17:00[,2026-08-16 15:45,1325.497,30693.724,23.156,12172.454,9.183,,,,,18765.66,14.157,2433.567,1.836,-2677.957,-2.02
16/08/2026,2026-08-16,73,[17:00-17:15[,2026-08-16 16:00,1350.881,33219.299,24.591,11550.278,8.55,,,,,21177.26,15.677,2657.108,1.967,-2165.347,-1.603
16/08/2026,2026-08-16,74,[17:15-17:30[,2026-08-16 16:15,1370.454,28079.021,20.489,10855.789,7.921,,,,,18834.87,13.744,2840.023,2.072,-4451.661,-3.248
16/08/2026,2026-08-16,75,[17:30-17:45[,2026-08-16 16:30,1386.36,21878.958,15.782,10462.387,7.547,,,,,18697.19,13.487,2785.717,2.009,-10066.335,-7.261
16/08/2026,2026-08-16,76,[17:45-18:00[,2026-08-16 16:45,1398.458,28089.137,20.086,8825.308,6.311,,,,,18695.2,13.368,2453.667,1.755,-1885.038,-1.348
16/08/2026,2026-08-16,77,[18:00-18:15[,2026-08-16 17:00,1431.53,22008.759,15.374,3591.666,2.509,,,,,17369.46,12.133,2845.316,1.988,-1797.683,-1.256
16/08/2026,2026-08-16,78,[18:15-18:30[,2026-08-16 17:15,1461.706,-4218.17,-2.886,,,,,,,6328.75,4.33,2963.457,2.027,-13510.377,-9.243
16/08/2026,2026-08-16,79,[18:30-18:45[,2026-08-16 17:30,1481.928,-3105.73,-2.096,,,,,-262.522,-0.177,2516.5,1.698,2696.783,1.82,-8056.491,-5.436
16/08/2026,2026-08-16,80,[18:45-19:00[,2026-08-16 17:45,1518.735,-1669.221,-1.099,,,,,-787.567,-0.519,2520,1.659,3009.185,1.981,-6410.839,-4.221
16/08/2026,2026-08-16,81,[19:00-19:15[,2026-08-16 18:00,1556.345,2665.774,1.713,,,,,-771.3,-0.496,1575.4,1.012,3028.112,1.946,-1166.438,-0.749
16/08/2026,2026-08-16,82,[19:15-19:30[,2026-08-16 18:15,1564.321,6034.007,3.857,,,,,-789.075,-0.504,1736.16,1.11,2243.57,1.434,2843.352,1.818
16/08/2026,2026-08-16,83,[19:30-19:45[,2026-08-16 18:30,1588.292,3293.02,2.073,,,,,-789.075,-0.497,1685.96,1.061,1962.78,1.236,433.355,0.273
16/08/2026,2026-08-16,84,[19:45-20:00[,2026-08-16 18:45,1611.48,5952.107,3.694,,,,,-789.075,-0.49,1432.8,0.889,1960.723,1.217,3347.66,2.077
16/08/2026,2026-08-16,85,[20:00-20:15[,2026-08-16 19:00,1628.306,1187.393,0.729,,,,,,,1855.28,1.139,1955.527,1.201,-2623.414,-1.611
16/08/2026,2026-08-16,86,[20:15-20:30[,2026-08-16 19:15,1640.237,5285.201,3.222,,,,,,,1859.38,1.134,1958.771,1.194,1467.049,0.894
16/08/2026,2026-08-16,87,[20:30-20:45[,2026-08-16 19:30,1658.73,5169.571,3.117,,,,,,,1683.5,1.015,1958.77,1.181,1527.302,0.921
16/08/2026,2026-08-16,88,[20:45-21:00[,2026-08-16 19:45,1679.958,5164.912,3.074,,,,,,,1746.8,1.04,1959.926,1.167,1458.186,0.868
16/08/2026,2026-08-16,89,[21:00-21:15[,2026-08-16 20:00,1674.523,5554.595,3.317,,,,,,,2251.14,1.344,1963.506,1.173,1339.949,0.8
16/08/2026,2026-08-16,90,[21:15-21:30[,2026-08-16 20:15,1656.663,7006.017,4.229,,,,,,,2236.8,1.35,1965.619,1.186,2803.598,1.692
16/08/2026,2026-08-16,91,[21:30-21:45[,2026-08-16 20:30,1634.768,9209.531,5.634,,,,,,,2185.5,1.337,1968.263,1.204,5055.768,3.093
16/08/2026,2026-08-16,92,[21:45-22:00[,2026-08-16 20:45,1611.194,6583.342,4.086,,,,,,,1910.18,1.186,1966.908,1.221,2706.254,1.68
16/08/2026,2026-08-16,93,[22:00-22:15[,2026-08-16 21:00,1593.269,7685.563,4.824,,,,,,,2565.14,1.61,1968.267,1.235,3152.156,1.978
16/08/2026,2026-08-16,94,[22:15-22:30[,2026-08-16 21:15,1567.346,8486.085,5.414,,,,,,,1839.48,1.174,1968.411,1.256,4678.194,2.985
16/08/2026,2026-08-16,95,[22:30-22:45[,2026-08-16 21:30,1541.866,9982.076,6.474,,,,,,,2510.76,1.628,1968.253,1.277,5503.063,3.569
16/08/2026,2026-08-16,96,[22:45-23:00[,2026-08-16 21:45,1513.365,2733.61,1.806,,,,,,,2945.96,1.947,1968.576,1.301,-2180.926,-1.441
17/08/2026,2026-08-17,1,[23:00-23:15[,2026-08-16 22:00,1482.585,7514.863,5.069,,,,,,,3738.82,2.522,1898.271,1.28,1877.772,1.267
17/08/2026,2026-08-17,2,[23:15-23:30[,2026-08-16 22:15,1450.2,8888.469,6.129,,,,,,,5156.16,3.555,1893.4,1.306,1838.909,1.268
17/08/2026,2026-08-17,3,[23:30-23:45[,2026-08-16 22:30,1421.487,7538.125,5.303,,,,,,,5554.98,3.908,1898.905,1.336,84.24,0.059
17/08/2026,2026-08-17,4,[23:45-00:00[,2026-08-16 22:45,1395.563,7711.109,5.525,,,,,,,6242.4,4.473,1890.798,1.355,-422.09,-0.302
17/08/2026,2026-08-17,5,[00:00-00:15[,2026-08-16 23:00,1375.023,8039.28,5.847,,,,,,,6485.48,4.717,2091.778,1.521,-537.977,-0.391
17/08/2026,2026-08-17,6,[00:15-00:30[,2026-08-16 23:15,1348.878,6439.493,4.774,,,,,,,6776.35,5.024,1924.322,1.427,-2261.179,-1.676
17/08/2026,2026-08-17,7,[00:30-00:45[,2026-08-16 23:30,1325.374,9133.361,6.891,,,,,,,7382.34,5.57,2065.892,1.559,-314.871,-0.238
17/08/2026,2026-08-17,8,[00:45-01:00[,2026-08-16 23:45,1303.679,11028.356,8.459,,,,,,,7716.87,5.919,2055.316,1.577,1256.17,0.964
17/08/2026,2026-08-17,9,[01:00-01:15[,2026-08-17 00:00,1282.653,7550.643,5.887,,,,,,,4421.48,3.447,1972.428,1.538,1156.735,0.902
17/08/2026,2026-08-17,10,[01:15-01:30[,2026-08-17 00:15,1264.133,8360.747,6.614,,,,,,,5133.52,4.061,2018.595,1.597,1208.632,0.956
17/08/2026,2026-08-17,11,[01:30-01:45[,2026-08-17 00:30,1244.643,9451.943,7.594,,,,,,,5594.04,4.494,2040.281,1.639,1817.622,1.46
17/08/2026,2026-08-17,12,[01:45-02:00[,2026-08-17 00:45,1227.838,7139.731,5.815,,,,,,,5396.63,4.395,1947.057,1.586,-203.956,-0.166
17/08/2026,2026-08-17,13,[02:00-02:15[,2026-08-17 01:00,1218.989,5953.163,4.884,,,,,,,5382.48,4.416,1943.979,1.595,-1373.296,-1.127
17/08/2026,2026-08-17,14,[02:15-02:30[,2026-08-17 01:15,1208.134,7328.241,6.066,,,,,,,5166,4.276,2030.072,1.68,132.169,0.109
17/08/2026,2026-08-17,15,[02:30-02:45[,2026-08-17 01:30,1195.885,8775.099,7.338,,,,,,,5594.04,4.678,2066.369,1.728,1114.69,0.932
17/08/2026,2026-08-17,16,[02:45-03:00[,2026-08-17 01:45,1185.524,8649.195,7.296,,,,,,,5594.04,4.719,2066.697,1.743,988.458,0.834
17/08/2026,2026-08-17,17,[03:00-03:15[,2026-08-17 02:00,1180.001,7181.796,6.086,,,,,,,5329.26,4.516,2068.631,1.753,-216.095,-0.183
17/08/2026,2026-08-17,18,[03:15-03:30[,2026-08-17 02:15,1171.378,8196.781,6.998,,,,,,,5252.6,4.484,2122.1,1.812,822.081,0.702
17/08/2026,2026-08-17,19,[03:30-03:45[,2026-08-17 02:30,1160.862,6163.113,5.309,,,,,,,5449.78,4.695,2079.671,1.791,-1366.337,-1.177
17/08/2026,2026-08-17,20,[03:45-04:00[,2026-08-17 02:45,1153.251,7377.891,6.397,,,,,,,4545.83,3.942,2135.566,1.852,696.494,0.604
17/08/2026,2026-08-17,21,[04:00-04:15[,2026-08-17 03:00,1152.198,8232.368,7.145,,,,,,,5891.35,5.113,2165.055,1.879,175.963,0.153
17/08/2026,2026-08-17,22,[04:15-04:30[,2026-08-17 03:15,1147.041,6413.625,5.591,,,,,,,4430.27,3.862,2132.306,1.859,-148.951,-0.13
17/08/2026,2026-08-17,23,[04:30-04:45[,2026-08-17 03:30,1142.704,5600.216,4.901,,,,,,,4179.27,3.657,2085.328,1.825,-664.382,-0.581
17/08/2026,2026-08-17,24,[04:45-05:00[,2026-08-17 03:45,1141.039,20191.973,17.696,,,,,,,4016.12,3.52,2077.729,1.821,14098.124,12.356
17/08/2026,2026-08-17,25,[05:00-05:15[,2026-08-17 04:00,1156.025,2001.515,1.731,,,,,,,3094.87,2.677,2108.487,1.824,-3201.842,-2.77
17/08/2026,2026-08-17,26,[05:15-05:30[,2026-08-17 04:15,1158.338,3440.954,2.971,,,,,,,2663.5,2.299,2079.491,1.795,-1302.037,-1.124
17/08/2026,2026-08-17,27,[05:30-05:45[,2026-08-17 04:30,1165.904,4473.256,3.837,,,,,,,2601.5,2.231,2159.22,1.852,-287.464,-0.247
17/08/2026,2026-08-17,28,[05:45-06:00[,2026-08-17 04:45,1174.801,3840.767,3.269,,,,,,,2504.92,2.132,2165.543,1.843,-829.696,-0.706
17/08/2026,2026-08-17,29,[06:00-06:15[,2026-08-17 05:00,1212.141,3921.712,3.235,,,,,,,2856.4,2.356,2166.074,1.787,-1100.763,-0.908
17/08/2026,2026-08-17,30,[06:15-06:30[,2026-08-17 05:15,1220.987,4597.115,3.765,,,,,,,2848.16,2.333,2166.245,1.774,-417.289,-0.342
17/08/2026,2026-08-17,31,[06:30-06:45[,2026-08-17 05:30,1224.464,9947.739,8.124,,,,,,,2753.61,2.249,2077.864,1.697,5116.265,4.178
17/08/2026,2026-08-17,32,[06:45-07:00[,2026-08-17 05:45,1224.166,13032.308,10.646,,,,,,,3188.5,2.605,2131.925,1.742,7711.883,6.3
17/08/2026,2026-08-17,33,[07:00-07:15[,2026-08-17 06:00,1263.926,-1087.819,-0.861,,,,,,,3187.5,2.522,2092.281,1.655,-6367.6,-5.038
17/08/2026,2026-08-17,34,[07:15-07:30[,2026-08-17 06:15,1293.33,2337.266,1.807,,,,,,,3090.3,2.389,2164.123,1.673,-2917.157,-2.256
17/08/2026,2026-08-17,35,[07:30-07:45[,2026-08-17 06:30,1315.145,5492.114,4.176,,,,,,,3189.3,2.425,1954.731,1.486,348.082,0.265
17/08/2026,2026-08-17,36,[07:45-08:00[,2026-08-17 06:45,1341.6,4450.849,3.318,,,,,,,2783.5,2.075,1807.493,1.347,-140.145,-0.104
17/08/2026,2026-08-17,37,[08:00-08:15[,2026-08-17 07:00,1376.807,2830.803,2.056,,,,,,,3475.76,2.525,1800.705,1.308,-2445.662,-1.776
17/08/2026,2026-08-17,38,[08:15-08:30[,2026-08-17 07:15,1409.279,4190.114,2.973,,,,,,,4267.76,3.028,1723.115,1.223,-1800.761,-1.278
17/08/2026,2026-08-17,39,[08:30-08:45[,2026-08-17 07:30,1438.273,10653.067,7.407,1505.139,1.046,,,,,6390.58,4.443,1639.592,1.14,1117.756,0.777
17/08/2026,2026-08-17,40,[08:45-09:00[,2026-08-17 07:45,1456.833,15205.64,10.437,7969.784,5.471,,,,,3141.94,2.157,1741.566,1.195,2352.35,1.615
17/08/2026,2026-08-17,41,[09:00-09:15[,2026-08-17 08:00,1486.106,13021.788,8.762,7261.863,4.887,,,,,3597.5,2.421,1669.756,1.124,492.669,0.332
17/08/2026,2026-08-17,42,[09:15-09:30[,2026-08-17 08:15,1500.155,28453.17,18.967,8857.103,5.904,,,,,17686.09,11.79,1643.202,1.095,266.775,0.178
17/08/2026,2026-08-17,43,[09:30-09:45[,2026-08-17 08:30,1507.855,31782.33,21.078,8859.9,5.876,,,,,17837.21,11.83,1700.306,1.128,3384.915,2.245
17/08/2026,2026-08-17,44,[09:45-10:00[,2026-08-17 08:45,1510.796,32030.086,21.201,8875.565,5.875,,,,,17971.8,11.896,1597.424,1.057,3585.296,2.373
17/08/2026,2026-08-17,45,[10:00-10:15[,2026-08-17 09:00,1520.521,28355.203,18.648,8899.74,5.853,,,,,18049.28,11.87,1628.541,1.071,-222.358,-0.146
17/08/2026,2026-08-17,46,[10:15-10:30[,2026-08-17 09:15,1528.857,27106.704,17.73,8901.06,5.822,,,,,18170.5,11.885,1637.382,1.071,-1602.239,-1.048
17/08/2026,2026-08-17,47,[10:30-10:45[,2026-08-17 09:30,1533.118,26681.126,17.403,8902.27,5.807,,,,,18260.53,11.911,1610.769,1.051,-2092.443,-1.365
17/08/2026,2026-08-17,48,[10:45-11:00[,2026-08-17 09:45,1538.333,27080.194,17.604,8902.33,5.787,,,,,18208.2,11.836,1597.098,1.038,-1627.434,-1.058
17/08/2026,2026-08-17,49,[11:00-11:15[,2026-08-17 10:00,1550.935,28530.081,18.395,8903.575,5.741,,,,,18703.68,12.06,1555.526,1.003,-632.7,-0.408
17/08/2026,2026-08-17,50,[11:15-11:30[,2026-08-17 10:15,1562.345,29443.513,18.846,9428.3,6.035,,,,,19400,12.417,1420.687,0.909,-805.474,-0.516
17/08/2026,2026-08-17,51,[11:30-11:45[,2026-08-17 10:30,1569.583,28795.313,18.346,9428.3,6.007,,,,,20221.9,12.884,1441.034,0.918,-2295.92,-1.463
17/08/2026,2026-08-17,52,[11:45-12:00[,2026-08-17 10:45,1576.246,28882.412,18.324,9428.3,5.981,,,,,20254.88,12.85,1434.966,0.91,-2235.734,-1.418
17/08/2026,2026-08-17,53,[12:00-12:15[,2026-08-17 11:00,1582.178,27777.617,17.557,9428.3,5.959,,,,,18790.9,11.877,1453.369,0.919,-1894.953,-1.198
17/08/2026,2026-08-17,54,[12:15-12:30[,2026-08-17 11:15,1588.166,28189.484,17.75,9428.3,5.937,,,,,18823.68,11.852,1405.426,0.885,-1467.922,-0.924
17/08/2026,2026-08-17,55,[12:30-12:45[,2026-08-17 11:30,1587.972,27431.837,17.275,9442.363,5.946,,,,,18846.52,11.868,1352.708,0.852,-2209.753,-1.392
17/08/2026,2026-08-17,56,[12:45-13:00[,2026-08-17 11:45,1582.901,29468.385,18.617,9442.363,5.965,,,,,18879.34,11.927,1341.25,0.847,-194.568,-0.123
17/08/2026,2026-08-17,57,[13:00-13:15[,2026-08-17 12:00,1575,28428.978,18.05,9442.363,5.995,,,,,18879.34,11.987,1327.497,0.843,-1220.221,-0.775
17/08/2026,2026-08-17,58,[13:15-13:30[,2026-08-17 12:15,1571.266,28885.372,18.384,9442.363,6.009,,,,,18879.34,12.015,1319.872,0.84,-756.203,-0.481
17/08/2026,2026-08-17,59,[13:30-13:45[,2026-08-17 12:30,1570.793,29834.531,18.993,9442.363,6.011,,,,,18094.06,11.519,1324.743,0.843,973.366,0.62
17/08/2026,2026-08-17,60,[13:45-14:00[,2026-08-17 12:45,1569.942,24320.829,15.492,8906.043,5.673,,,,,17579.6,11.198,1313.267,0.837,-3478.08,-2.215
17/08/2026,2026-08-17,61,[14:00-14:15[,2026-08-17 13:00,1582.913,21028.481,13.285,9442.363,5.965,,,,,12576.49,7.945,1296.377,0.819,-2286.749,-1.445
17/08/2026,2026-08-17,62,[14:15-14:30[,2026-08-17 13:15,1591.818,26588.19,16.703,9428.3,5.923,,,,,18790.9,11.805,1314.017,0.825,-2945.027,-1.85
17/08/2026,2026-08-17,63,[14:30-14:45[,2026-08-17 13:30,1607.647,25986.166,16.164,8904.363,5.539,,,,,18301.77,11.384,1400.118,0.871,-2620.084,-1.63
17/08/2026,2026-08-17,64,[14:45-15:00[,2026-08-17 13:45,1613.11,25469.704,15.789,9428.3,5.845,,,,,18725.54,11.608,1377.63,0.854,-4061.766,-2.518
17/08/2026,2026-08-17,65,[15:00-15:15[,2026-08-17 14:00,1621.258,25866.757,15.955,8903.059,5.491,,,,,18239.39,11.25,1538.857,0.949,-2814.549,-1.736
17/08/2026,2026-08-17,66,[15:15-15:30[,2026-08-17 14:15,1623.969,26766.363,16.482,8901.853,5.482,,,,,18208.2,11.212,1552.285,0.956,-1895.975,-1.167
17/08/2026,2026-08-17,67,[15:30-15:45[,2026-08-17 14:30,1623.452,23505.703,14.479,8899.108,5.482,,,,,18208.2,11.216,1570.593,0.967,-5172.198,-3.186
17/08/2026,2026-08-17,68,[15:45-16:00[,2026-08-17 14:45,1629.446,28933.666,17.757,8880.488,5.45,,,,,18111.14,11.115,1610.413,0.988,331.625,0.204
17/08/2026,2026-08-17,69,[16:00-16:15[,2026-08-17 15:00,1633.611,28131.589,17.22,8860.8,5.424,,,,,19325.96,11.83,1572.135,0.962,-1627.305,-0.996
17/08/2026,2026-08-17,70,[16:15-16:30[,2026-08-17 15:15,1632.845,24257.891,14.856,7752.402,4.748,,,,,16759.4,10.264,1686.395,1.033,-1940.306,-1.188
17/08/2026,2026-08-17,71,[16:30-16:45[,2026-08-17 15:30,1643.707,31531.489,19.183,7399.704,4.502,,,,,16022.4,9.748,1773.929,1.079,6335.457,3.854
17/08/2026,2026-08-17,72,[16:45-17:00[,2026-08-17 15:45,1654.407,9684.875,5.854,6029.18,3.644,,,,,4566.42,2.76,1803.481,1.09,-2714.206,-1.641
17/08/2026,2026-08-17,73,[17:00-17:15[,2026-08-17 16:00,1662.494,12388.617,7.452,6532.747,3.929,,,4850.22,2.917,4443.59,2.673,1818.121,1.094,-5256.061,-3.162
17/08/2026,2026-08-17,74,[17:15-17:30[,2026-08-17 16:15,1672.245,10940.081,6.542,3829.49,2.29,,,4953.074,2.962,6455.18,3.86,1828.746,1.094,-6126.409,-3.664
17/08/2026,2026-08-17,75,[17:30-17:45[,2026-08-17 16:30,1688.639,860.925,0.51,,,,,634.431,0.376,9224.16,5.462,1856.083,1.099,-10853.749,-6.428
17/08/2026,2026-08-17,76,[17:45-18:00[,2026-08-17 16:45,1710.292,4546.572,2.658,,,,,,,5651.72,3.305,1851.719,1.083,-2956.867,-1.729
17/08/2026,2026-08-17,77,[18:00-18:15[,2026-08-17 17:00,1722.354,8912.263,5.174,1426.012,0.828,,,,,6440.98,3.74,1942.293,1.128,-897.022,-0.521
17/08/2026,2026-08-17,78,[18:15-18:30[,2026-08-17 17:15,1746.206,5809.683,3.327,,,,,,,9155.01,5.243,1982.056,1.135,-5327.382,-3.051
17/08/2026,2026-08-17,79,[18:30-18:45[,2026-08-17 17:30,1772.924,-3329.472,-1.878,,,,,,,4296.28,2.423,2018.179,1.138,-9643.931,-5.44
17/08/2026,2026-08-17,80,[18:45-19:00[,2026-08-17 17:45,1805.848,7482.577,4.144,,,,,,,2855.6,1.581,1971.814,1.092,2655.163,1.47
17/08/2026,2026-08-17,81,[19:00-19:15[,2026-08-17 18:00,1835.857,4248.232,2.314,,,11778.613,6.416,,,2813,1.532,1991.019,1.085,-12334.4,-6.719
17/08/2026,2026-08-17,82,[19:15-19:30[,2026-08-17 18:15,1866.286,7151.822,3.832,,,11778.613,6.311,,,2481,1.329,2032.846,1.089,-9140.637,-4.898
17/08/2026,2026-08-17,83,[19:30-19:45[,2026-08-17 18:30,1893.799,2199.624,1.161,,,11778.613,6.22,,,2731.7,1.442,2061.817,1.089,-14372.505,-7.589
17/08/2026,2026-08-17,84,[19:45-20:00[,2026-08-17 18:45,1910.316,6991.808,3.66,,,11778.613,6.166,,,2504.5,1.311,1950.348,1.021,-9241.652,-4.838
17/08/2026,2026-08-17,85,[20:00-20:15[,2026-08-17 19:00,1915.869,-1014.04,-0.529,,,11778.613,6.148,,,4525.75,2.362,1873.378,0.978,-19191.781,-10.017
17/08/2026,2026-08-17,86,[20:15-20:30[,2026-08-17 19:15,1917.114,1307.79,0.682,,,11778.613,6.144,,,4894.5,2.553,1926.273,1.005,-17291.596,-9.02
17/08/2026,2026-08-17,87,[20:30-20:45[,2026-08-17 19:30,1925.092,6067.008,3.152,,,11778.613,6.118,,,3596.5,1.868,1986.813,1.032,-11294.917,-5.867
17/08/2026,2026-08-17,88,[20:45-21:00[,2026-08-17 19:45,1929.992,7425.474,3.847,,,11778.613,6.103,,,3420.9,1.772,2013.853,1.043,-9787.892,-5.071
17/08/2026,2026-08-17,89,[21:00-21:15[,2026-08-17 20:00,1910.001,9107.469,4.768,,,11778.613,6.167,,,3365.21,1.762,2004.096,1.049,-8040.449,-4.21
17/08/2026,2026-08-17,90,[21:15-21:30[,2026-08-17 20:15,1878.746,13154.7,7.002,,,11778.613,6.269,,,3155,1.679,2046.72,1.089,-3825.633,-2.036
17/08/2026,2026-08-17,91,[21:30-21:45[,2026-08-17 20:30,1846.138,11862.034,6.425,,,11778.613,6.38,,,3155,1.709,2067.998,1.12,-5139.577,-2.784
17/08/2026,2026-08-17,92,[21:45-22:00[,2026-08-17 20:45,1811.316,9145.191,5.049,,,11778.613,6.503,,,3828.35,2.114,1941.999,1.072,-8403.771,-4.64
17/08/2026,2026-08-17,93,[22:00-22:15[,2026-08-17 21:00,1782.53,3956.787,2.22,,,11778.613,6.608,,,3994.28,2.241,2017.941,1.132,-13834.046,-7.761
17/08/2026,2026-08-17,94,[22:15-22:30[,2026-08-17 21:15,1748.096,9636.124,5.512,,,11778.613,6.738,,,4751.28,2.718,2036.915,1.165,-8930.684,-5.109
17/08/2026,2026-08-17,95,[22:30-22:45[,2026-08-17 21:30,1716.376,12951.86,7.546,,,11778.613,6.862,,,5216.86,3.039,2108.348,1.228,-6151.961,-3.584
17/08/2026,2026-08-17,96,[22:45-23:00[,2026-08-17 21:45,1677.477,12247.896,7.301,,,11778.613,7.022,,,5594.13,3.335,2115.633,1.261,-7240.48,-4.316
18/08/2026,2026-08-18,1,[23:00-23:15[,2026-08-17 22:00,1638.267,-2948.051,-1.799,,,,,,,1686.32,1.029,2095.607,1.279,-6729.978,-4.108
18/08/2026,2026-08-18,2,[23:15-23:30[,2026-08-17 22:15,1597.817,677.639,0.424,,,,,,,2091.84,1.309,2119.088,1.326,-3533.289,-2.211
18/08/2026,2026-08-18,3,[23:30-23:45[,2026-08-17 22:30,1558.723,6789.958,4.356,,,,,,,2668.5,1.712,2107.399,1.352,2014.058,1.292
18/08/2026,2026-08-18,4,[23:45-00:00[,2026-08-17 22:45,1520.852,11270.07,7.41,,,,,,,3201,2.105,2073.756,1.364,5995.315,3.942
18/08/2026,2026-08-18,5,[00:00-00:15[,2026-08-17 23:00,1490.422,-2074.825,-1.392,,,,,,,2337.86,1.569,2119.434,1.422,-6532.119,-4.383
18/08/2026,2026-08-18,6,[00:15-00:30[,2026-08-17 23:15,1463.206,2051.106,1.402,,,,,,,2366.5,1.617,2022.293,1.382,-2337.687,-1.598
18/08/2026,2026-08-18,7,[00:30-00:45[,2026-08-17 23:30,1437.761,5820.386,4.048,,,,,,,3049.6,2.121,2004.16,1.394,766.626,0.533
18/08/2026,2026-08-18,8,[00:45-01:00[,2026-08-17 23:45,1414.557,2868.64,2.028,,,,,,,2906.5,2.055,2118.01,1.497,-2155.87,-1.524
18/08/2026,2026-08-18,9,[01:00-01:15[,2026-08-18 00:00,1389.879,-104.733,-0.075,,,,,,,2507.31,1.804,2115.14,1.522,-4727.183,-3.401
18/08/2026,2026-08-18,10,[01:15-01:30[,2026-08-18 00:15,1361.967,2445.449,1.796,,,,,,,2712.7,1.992,2052.392,1.507,-2319.643,-1.703
18/08/2026,2026-08-18,11,[01:30-01:45[,2026-08-18 00:30,1338.018,6745.714,5.042,,,,,,,2417.5,1.807,2075.148,1.551,2253.066,1.684
18/08/2026,2026-08-18,12,[01:45-02:00[,2026-08-18 00:45,1320.832,7178.529,5.435,,,,,,,2429.76,1.84,2075.398,1.571,2673.371,2.024
18/08/2026,2026-08-18,13,[02:00-02:15[,2026-08-18 01:00,1309.246,5008.889,3.826,,,,,,,1775.46,1.356,2107.898,1.61,1125.531,0.86
18/08/2026,2026-08-18,14,[02:15-02:30[,2026-08-18 01:15,1294.768,5241.218,4.048,,,,,,,1746.42,1.349,2114.665,1.633,1380.133,1.066
18/08/2026,2026-08-18,15,[02:30-02:45[,2026-08-18 01:30,1281.366,5198.267,4.057,,,,,,,1683.5,1.314,2108.423,1.645,1406.345,1.098
18/08/2026,2026-08-18,16,[02:45-03:00[,2026-08-18 01:45,1269.536,1763.04,1.389,,,,,,,1683.5,1.326,2044.843,1.611,-1965.303,-1.548
18/08/2026,2026-08-18,17,[03:00-03:15[,2026-08-18 02:00,1261.307,759.516,0.602,,,,,,,1683.5,1.335,2050.348,1.626,-2974.332,-2.358
18/08/2026,2026-08-18,18,[03:15-03:30[,2026-08-18 02:15,1251.618,1606.029,1.283,,,,,,,1683.5,1.345,2114.174,1.689,-2191.646,-1.751
18/08/2026,2026-08-18,19,[03:30-03:45[,2026-08-18 02:30,1241.602,2337.77,1.883,,,,,,,1683.5,1.356,2105.469,1.696,-1451.199,-1.169
18/08/2026,2026-08-18,20,[03:45-04:00[,2026-08-18 02:45,1235.357,2350.971,1.903,,,,,,,1683.5,1.363,2114.342,1.712,-1446.871,-1.171
18/08/2026,2026-08-18,21,[04:00-04:15[,2026-08-18 03:00,1230.005,390.198,0.317,,,,,,,1683.5,1.369,2114.172,1.719,-3407.474,-2.77
18/08/2026,2026-08-18,22,[04:15-04:30[,2026-08-18 03:15,1225.07,1314.26,1.073,,,,,,,1683.5,1.374,2031.952,1.659,-2401.192,-1.96
18/08/2026,2026-08-18,23,[04:30-04:45[,2026-08-18 03:30,1221.099,2027.187,1.66,,,,,,,1683.5,1.379,2092.385,1.714,-1748.698,-1.432
18/08/2026,2026-08-18,24,[04:45-05:00[,2026-08-18 03:45,1219.907,7880.869,6.46,,,,,,,2000.52,1.64,2114.334,1.733,3766.015,3.087
18/08/2026,2026-08-18,25,[05:00-05:15[,2026-08-18 04:00,1229.838,912.873,0.742,,,,,,,1827.7,1.486,2098.94,1.707,-3013.767,-2.451
18/08/2026,2026-08-18,26,[05:15-05:30[,2026-08-18 04:15,1232.716,2956.245,2.398,,,,,,,1827.7,1.483,2114.658,1.715,-986.114,-0.8
18/08/2026,2026-08-18,27,[05:30-05:45[,2026-08-18 04:30,1237.137,3660.308,2.959,,,,,,,1827.7,1.477,2038.197,1.648,-205.589,-0.166
18/08/2026,2026-08-18,28,[05:45-06:00[,2026-08-18 04:45,1244.034,6134.476,4.931,,,,,,,1954.6,1.571,2019.245,1.623,2160.631,1.737
18/08/2026,2026-08-18,29,[06:00-06:15[,2026-08-18 05:00,1276.438,5026.032,3.938,,,,,,,2092.8,1.64,2069.964,1.622,863.268,0.676
18/08/2026,2026-08-18,30,[06:15-06:30[,2026-08-18 05:15,1287.977,5622.451,4.365,,,,,,,1978.8,1.536,2104.734,1.634,1538.917,1.195
18/08/2026,2026-08-18,31,[06:30-06:45[,2026-08-18 05:30,1290.739,4437.089,3.438,,,,,,,1950.45,1.511,2027.661,1.571,458.978,0.356
18/08/2026,2026-08-18,32,[06:45-07:00[,2026-08-18 05:45,1290.721,8167.827,6.328,,,,,,,2020.8,1.566,2033.064,1.575,4113.963,3.187
18/08/2026,2026-08-18,33,[07:00-07:15[,2026-08-18 06:00,1330.258,5986.333,4.5,,,,,,,1126.42,0.847,2060.11,1.549,2799.804,2.105
18/08/2026,2026-08-18,34,[07:15-07:30[,2026-08-18 06:15,1357.402,3520.95,2.594,,,,,,,1595,1.175,2066.774,1.523,-140.824,-0.104
18/08/2026,2026-08-18,35,[07:30-07:45[,2026-08-18 06:30,1380.665,6509.011,4.714,,,,,,,2034.84,1.474,2114.092,1.531,2360.079,1.709
18/08/2026,2026-08-18,36,[07:45-08:00[,2026-08-18 06:45,1404.668,9185.99,6.54,,,,,,,4298.58,3.06,2086.917,1.486,2800.494,1.994
18/08/2026,2026-08-18,37,[08:00-08:15[,2026-08-18 07:00,1447.368,2763.544,1.909,,,,,,,2558.5,1.768,2226.531,1.538,-2021.487,-1.397
18/08/2026,2026-08-18,38,[08:15-08:30[,2026-08-18 07:15,1497.528,14030.687,9.369,4235.819,2.829,,,,,5038.85,3.365,3337.45,2.229,1418.568,0.947
18/08/2026,2026-08-18,39,[08:30-08:45[,2026-08-18 07:30,1521.992,17012.017,11.177,7955.189,5.227,,,,,6369.87,4.185,3270.047,2.149,-583.089,-0.383
18/08/2026,2026-08-18,40,[08:45-09:00[,2026-08-18 07:45,1552.322,20489.071,13.199,7865.33,5.067,,,,,10862.4,6.998,3366.406,2.169,-1605.065,-1.034
18/08/2026,2026-08-18,41,[09:00-09:15[,2026-08-18 08:00,1576.217,27725.192,17.59,8757.026,5.556,,,,,18316.7,11.621,2923.546,1.855,-2272.08,-1.441
18/08/2026,2026-08-18,42,[09:15-09:30[,2026-08-18 08:15,1589.114,22407.299,14.1,8644.199,5.44,,,,,18793.31,11.826,3187.747,2.006,-8217.956,-5.171
18/08/2026,2026-08-18,43,[09:30-09:45[,2026-08-18 08:30,1586.124,25696.585,16.201,8671.229,5.467,,,,,19090.8,12.036,3159.744,1.992,-5225.188,-3.294
18/08/2026,2026-08-18,44,[09:45-10:00[,2026-08-18 08:45,1592.802,25579.707,16.06,8676.65,5.447,,,,,18998,11.927,3028.381,1.901,-5123.323,-3.217
18/08/2026,2026-08-18,45,[10:00-10:15[,2026-08-18 09:00,1584.719,26746.323,16.878,8735.495,5.512,,,,,18697.98,11.799,2999.151,1.893,-3686.302,-2.326
18/08/2026,2026-08-18,46,[10:15-10:30[,2026-08-18 09:15,1588.599,28202.151,17.753,9057.424,5.702,,,,,18497.48,11.644,3075.768,1.936,-2428.521,-1.529
18/08/2026,2026-08-18,47,[10:30-10:45[,2026-08-18 09:30,1593.195,29160.012,18.303,9235.963,5.797,,,,,18349.28,11.517,3062.102,1.922,-1487.332,-0.934
18/08/2026,2026-08-18,48,[10:45-11:00[,2026-08-18 09:45,1585.177,36536.035,23.049,9761.051,6.158,,,,,17852.1,11.262,3044.529,1.921,5878.354,3.708
18/08/2026,2026-08-18,49,[11:00-11:15[,2026-08-18 10:00,1596.516,44874.036,28.107,8749.07,5.48,,,1079.467,0.676,27352.5,17.133,3222.728,2.019,4470.272,2.8
18/08/2026,2026-08-18,50,[11:15-11:30[,2026-08-18 10:15,1606.304,45249.714,28.17,8800.243,5.479,,,2248.474,1.4,27462.5,17.097,3167.621,1.972,3570.876,2.223
18/08/2026,2026-08-18,51,[11:30-11:45[,2026-08-18 10:30,1604.649,39447.755,24.583,9099.263,5.671,,,4425.518,2.758,22092.313,13.768,2942.087,1.833,888.575,0.554
18/08/2026,2026-08-18,52,[11:45-12:00[,2026-08-18 10:45,1618.485,33443.914,20.664,9094.252,5.619,,,-896.275,-0.554,22257.988,13.752,3166.933,1.957,-178.984,-0.111
18/08/2026,2026-08-18,53,[12:00-12:15[,2026-08-18 11:00,1628.955,36864.766,22.631,9120.347,5.599,,,5929.105,3.64,21108.353,12.958,3167.254,1.944,-2460.293,-1.51
18/08/2026,2026-08-18,54,[12:15-12:30[,2026-08-18 11:15,1625.824,37289.17,22.936,9279.445,5.708,,,6817.955,4.194,20954.217,12.888,2773.145,1.706,-2535.591,-1.56
18/08/2026,2026-08-18,55,[12:30-12:45[,2026-08-18 11:30,1628.78,33604.611,20.632,9772.549,6,,,6797.868,4.174,20293.002,12.459,3019.544,1.854,-6278.352,-3.855
18/08/2026,2026-08-18,56,[12:45-13:00[,2026-08-18 11:45,1620.951,30223.349,18.645,9807.553,6.05,,,6873.194,4.24,20312.739,12.531,3048.336,1.881,-9818.472,-6.057
18/08/2026,2026-08-18,57,[13:00-13:15[,2026-08-18 12:00,1600.776,31594.04,19.737,9809.605,6.128,,,,,19094.67,11.928,2751.796,1.719,-62.03,-0.039
18/08/2026,2026-08-18,58,[13:15-13:30[,2026-08-18 12:15,1599.884,32456.071,20.287,9810.656,6.132,,,,,19109.22,11.944,3042.544,1.902,493.651,0.309
18/08/2026,2026-08-18,59,[13:30-13:45[,2026-08-18 12:30,1598.068,37138.314,23.24,9803.967,6.135,,,,,24661.5,15.432,3092.84,1.935,-419.992,-0.263
18/08/2026,2026-08-18,60,[13:45-14:00[,2026-08-18 12:45,1588.965,38482.537,24.219,9785.705,6.159,,,,,24661.5,15.52,2990.479,1.882,1044.853,0.658
18/08/2026,2026-08-18,61,[14:00-14:15[,2026-08-18 13:00,1600.907,34447.535,21.518,15235.763,9.517,,,,,16137.09,10.08,3136.265,1.959,-61.583,-0.038
18/08/2026,2026-08-18,62,[14:15-14:30[,2026-08-18 13:15,1610.602,32975.755,20.474,15235.763,9.46,,,,,16048.73,9.964,3158.617,1.961,-1467.355,-0.911
18/08/2026,2026-08-18,63,[14:30-14:45[,2026-08-18 13:30,1607.063,33778.444,21.019,15235.763,9.481,,,,,15974.29,9.94,2996.432,1.865,-428.04,-0.266
18/08/2026,2026-08-18,64,[14:45-15:00[,2026-08-18 13:45,1611.878,30967.298,19.212,15235.763,9.452,,,,,15885.93,9.856,3127.226,1.94,-3281.621,-2.036
18/08/2026,2026-08-18,65,[15:00-15:15[,2026-08-18 14:00,1613.765,31217.966,19.345,15235.763,9.441,,,,,16205.85,10.042,3150.043,1.952,-3373.689,-2.091
18/08/2026,2026-08-18,66,[15:15-15:30[,2026-08-18 14:15,1612.017,30978.454,19.217,15235.763,9.451,,,,,16831.77,10.441,3016.98,1.872,-4106.059,-2.547
18/08/2026,2026-08-18,67,[15:30-15:45[,2026-08-18 14:30,1618.836,33621.209,20.769,15235.763,9.412,,,,,16563.69,10.232,3211.358,1.984,-1389.602,-0.858
18/08/2026,2026-08-18,68,[15:45-16:00[,2026-08-18 14:45,1622.015,34545.707,21.298,15235.763,9.393,,,,,17776.76,10.96,3230.879,1.992,-1697.695,-1.047
18/08/2026,2026-08-18,69,[16:00-16:15[,2026-08-18 15:00,1625.369,35790.69,22.02,11555.138,7.109,,,,,21558.31,13.264,3235.666,1.991,-558.424,-0.344
18/08/2026,2026-08-18,70,[16:15-16:30[,2026-08-18 15:15,1633.207,41187.175,25.219,10688.888,6.545,,,1492.35,0.914,26252.4,16.074,3215.753,1.969,-462.215,-0.283
18/08/2026,2026-08-18,71,[16:30-16:45[,2026-08-18 15:30,1641.23,31408.874,19.137,9817.014,5.981,,,1492.35,0.909,20264.7,12.347,3190.443,1.944,-3355.634,-2.045
18/08/2026,2026-08-18,72,[16:45-17:00[,2026-08-18 15:45,1658.375,31369.185,18.916,9285.648,5.599,,,1492.35,0.9,20893.03,12.598,3313.234,1.998,-3615.077,-2.18
18/08/2026,2026-08-18,73,[17:00-17:15[,2026-08-18 16:00,1656.529,35486.58,21.422,9868.993,5.958,,,1491.375,0.9,18241.675,11.012,3075.484,1.857,2809.053,1.696
18/08/2026,2026-08-18,74,[17:15-17:30[,2026-08-18 16:15,1673.943,33192.26,19.829,9540.251,5.699,,,1492.35,0.892,19815.82,11.838,3257.178,1.946,-913.339,-0.546
18/08/2026,2026-08-18,75,[17:30-17:45[,2026-08-18 16:30,1695.186,34958.813,20.622,9250.092,5.457,,,1492.35,0.88,19634.475,11.582,3308.058,1.951,1273.838,0.751
18/08/2026,2026-08-18,76,[17:45-18:00[,2026-08-18 16:45,1701.533,19726.344,11.593,7655.138,4.499,,,,,11941.2,7.018,3267.963,1.921,-3137.957,-1.844
18/08/2026,2026-08-18,77,[18:00-18:15[,2026-08-18 17:00,1715.531,15363.798,8.956,4089.56,2.384,,,,,8984.72,5.237,3360.269,1.959,-1070.75,-0.624
18/08/2026,2026-08-18,78,[18:15-18:30[,2026-08-18 17:15,1742.7,11216.761,6.436,2377.016,1.364,,,,,6393.54,3.669,3398.556,1.95,-952.35,-0.546
18/08/2026,2026-08-18,79,[18:30-18:45[,2026-08-18 17:30,1768.48,852.339,0.482,,,,,,,5275.42,2.983,3421.243,1.935,-7844.324,-4.436
18/08/2026,2026-08-18,80,[18:45-19:00[,2026-08-18 17:45,1810.495,-7233.196,-3.995,,,,,,,2740.25,1.514,3336.583,1.843,-13310.029,-7.352
18/08/2026,2026-08-18,81,[19:00-19:15[,2026-08-18 18:00,1809.632,25543.37,14.115,,,30387.5,16.792,,,2229.5,1.232,2370.146,1.31,-9443.777,-5.219
18/08/2026,2026-08-18,82,[19:15-19:30[,2026-08-18 18:15,1840.652,27307.183,14.836,,,30387.5,16.509,,,2089.74,1.135,2226.135,1.209,-7396.192,-4.018
18/08/2026,2026-08-18,83,[19:30-19:45[,2026-08-18 18:30,1864.57,21086.443,11.309,,,30387.5,16.297,,,1650.03,0.885,2269.502,1.217,-13220.589,-7.09
18/08/2026,2026-08-18,84,[19:45-20:00[,2026-08-18 18:45,1885.042,19296.69,10.237,,,30387.5,16.12,,,2217.86,1.177,2283.439,1.211,-15592.11,-8.271
18/08/2026,2026-08-18,85,[20:00-20:15[,2026-08-18 19:00,1888.919,26083.319,13.809,,,30387.5,16.087,,,4366.53,2.312,2271.313,1.202,-10942.024,-5.793
18/08/2026,2026-08-18,86,[20:15-20:30[,2026-08-18 19:15,1888.531,26718.72,14.148,,,30387.5,16.091,,,5941.74,3.146,2146.93,1.137,-11757.45,-6.226
18/08/2026,2026-08-18,87,[20:30-20:45[,2026-08-18 19:30,1896.581,26125.254,13.775,,,30387.5,16.022,,,5618.62,2.962,2231.476,1.177,-12112.342,-6.386
18/08/2026,2026-08-18,88,[20:45-21:00[,2026-08-18 19:45,1904.967,26782.561,14.059,,,30387.5,15.952,,,4968.6,2.608,2275.067,1.194,-10848.607,-5.695
18/08/2026,2026-08-18,89,[21:00-21:15[,2026-08-18 20:00,1882.363,26190.997,13.914,,,30387.5,16.143,,,2848.84,1.513,2271.311,1.207,-9316.654,-4.949
18/08/2026,2026-08-18,90,[21:15-21:30[,2026-08-18 20:15,1850.348,21748.744,11.754,,,30387.5,16.423,,,2590.44,1.4,2142.286,1.158,-13371.483,-7.226
18/08/2026,2026-08-18,91,[21:30-21:45[,2026-08-18 20:30,1821.622,22682.85,12.452,,,30387.5,16.682,,,2370.64,1.301,2180.268,1.197,-12255.558,-6.728
18/08/2026,2026-08-18,92,[21:45-22:00[,2026-08-18 20:45,1789.919,19721.832,11.018,,,30387.5,16.977,,,2386.04,1.333,2180.266,1.218,-15231.974,-8.51
18/08/2026,2026-08-18,93,[22:00-22:15[,2026-08-18 21:00,1759.489,19765.936,11.234,,,30387.5,17.271,,,2777.16,1.578,2179.125,1.238,-15577.849,-8.854
18/08/2026,2026-08-18,94,[22:15-22:30[,2026-08-18 21:15,1727.778,26008.893,15.053,,,30387.5,17.588,,,2845.15,1.647,2141.723,1.24,-9365.481,-5.421
18/08/2026,2026-08-18,95,[22:30-22:45[,2026-08-18 21:30,1692.743,25890.93,15.295,,,30387.5,17.952,,,2553.05,1.508,2169.019,1.281,-9218.639,-5.446
18/08/2026,2026-08-18,96,[22:45-23:00[,2026-08-18 21:45,1651.217,25808.812,15.63,,,30387.5,18.403,,,3155.9,1.911,2115.717,1.281,-9850.305,-5.965
19/08/2026,2026-08-19,1,[23:00-23:15[,2026-08-18 22:00,1614.722,22098.557,13.686,,,,,,,4781.79,2.961,2179.285,1.35,15137.483,9.375
19/08/2026,2026-08-19,2,[23:15-23:30[,2026-08-18 22:15,1578.942,170.951,0.108,,,,,,,4691.34,2.971,2159.657,1.368,-6680.046,-4.231
19/08/2026,2026-08-19,3,[23:30-23:45[,2026-08-18 22:30,1545.916,2098.447,1.357,,,,,,,3819.01,2.47,2127.135,1.376,-3847.698,-2.489
19/08/2026,2026-08-19,4,[23:45-00:00[,2026-08-18 22:45,1508.317,2506.377,1.662,,,,,,,4439.28,2.943,2152.313,1.427,-4085.216,-2.708
19/08/2026,2026-08-19,5,[00:00-00:15[,2026-08-18 23:00,1480.885,4500.378,3.039,,,,,,,4114.13,2.778,2171.06,1.466,-1784.812,-1.205
19/08/2026,2026-08-19,6,[00:15-00:30[,2026-08-18 23:15,1454.678,3248.284,2.233,,,,,,,4105.92,2.823,2171.542,1.493,-3029.179,-2.082
19/08/2026,2026-08-19,7,[00:30-00:45[,2026-08-18 23:30,1427.967,4990.646,3.495,,,,,,,4060.74,2.844,2133.668,1.494,-1203.762,-0.843
19/08/2026,2026-08-19,8,[00:45-01:00[,2026-08-18 23:45,1398.025,6364.928,4.553,,,,,,,4364.36,3.122,2001.7,1.432,-1.132,-0.001
19/08/2026,2026-08-19,9,[01:00-01:15[,2026-08-19 00:00,1375.26,4452.871,3.238,,,,,,,3963.24,2.882,2020.961,1.47,-1531.33,-1.113
19/08/2026,2026-08-19,10,[01:15-01:30[,2026-08-19 00:15,1353.674,4169.746,3.08,,,,,,,3907.17,2.886,2069.507,1.529,-1806.931,-1.335
19/08/2026,2026-08-19,11,[01:30-01:45[,2026-08-19 00:30,1335.783,7441.708,5.571,,,,,,,4002.24,2.996,2085.228,1.561,1354.24,1.014
19/08/2026,2026-08-19,12,[01:45-02:00[,2026-08-19 00:45,1318.873,6219.822,4.716,,,,,,,4115.64,3.121,2087.827,1.583,16.355,0.012
19/08/2026,2026-08-19,13,[02:00-02:15[,2026-08-19 01:00,1299.242,4981.311,3.834,,,,,,,3620.38,2.787,2051.757,1.579,-690.826,-0.532
19/08/2026,2026-08-19,14,[02:15-02:30[,2026-08-19 01:15,1282.783,5728.926,4.466,,,,,,,3686.13,2.874,2027.595,1.581,15.201,0.012
19/08/2026,2026-08-19,15,[02:30-02:45[,2026-08-19 01:30,1270.339,6268.962,4.935,,,,,,,3828.15,3.013,2080.554,1.638,360.258,0.284
19/08/2026,2026-08-19,16,[02:45-03:00[,2026-08-19 01:45,1261.185,6257.999,4.962,,,,,,,4080.81,3.236,2095.787,1.662,81.402,0.065
19/08/2026,2026-08-19,17,[03:00-03:15[,2026-08-19 02:00,1255.237,5970.064,4.756,,,,,,,4120.47,3.283,2150.759,1.713,-301.164,-0.24
19/08/2026,2026-08-19,18,[03:15-03:30[,2026-08-19 02:15,1247.972,6270.293,5.024,,,,,,,4120.47,3.302,2170.968,1.74,-21.145,-0.017
19/08/2026,2026-08-19,19,[03:30-03:45[,2026-08-19 02:30,1239.975,4661.378,3.759,,,,,,,4040.67,3.259,2110.206,1.702,-1489.497,-1.201
19/08/2026,2026-08-19,20,[03:45-04:00[,2026-08-19 02:45,1232.712,8197.659,6.65,,,,,,,4040.67,3.278,2170.967,1.761,1986.022,1.611
19/08/2026,2026-08-19,21,[04:00-04:15[,2026-08-19 03:00,1231.051,5830.475,4.736,,,,,,,4898.24,3.979,2169.508,1.762,-1237.273,-1.005
19/08/2026,2026-08-19,22,[04:15-04:30[,2026-08-19 03:15,1223.586,6890.176,5.631,,,,,,,4889.9,3.996,2088.577,1.707,-88.301,-0.072
19/08/2026,2026-08-19,23,[04:30-04:45[,2026-08-19 03:30,1221.942,2515.596,2.059,,,,,,,4609.12,3.772,2037.299,1.667,-4130.823,-3.381
19/08/2026,2026-08-19,24,[04:45-05:00[,2026-08-19 03:45,1217.334,4528.069,3.72,,,,,,,4209.24,3.458,2004.696,1.647,-1685.868,-1.385
19/08/2026,2026-08-19,25,[05:00-05:15[,2026-08-19 04:00,1227.874,3009.825,2.451,,,,,,,4447.3,3.622,2130.564,1.735,-3568.038,-2.906
19/08/2026,2026-08-19,26,[05:15-05:30[,2026-08-19 04:15,1231.905,2155.373,1.75,,,,,,,4192.41,3.403,2147.854,1.744,-4184.891,-3.397
19/08/2026,2026-08-19,27,[05:30-05:45[,2026-08-19 04:30,1236.875,-1259.334,-1.018,,,,,,,3919.33,3.169,2170.812,1.755,-7349.476,-5.942
19/08/2026,2026-08-19,28,[05:45-06:00[,2026-08-19 04:45,1250.689,-18739.581,-14.983,,,,,,,3686.1,2.947,2132.742,1.705,-24558.423,-19.636
19/08/2026,2026-08-19,29,[06:00-06:15[,2026-08-19 05:00,1284.909,-3219.608,-2.506,,,,,,,4867.26,3.788,2130.49,1.658,-10217.359,-7.952
19/08/2026,2026-08-19,30,[06:15-06:30[,2026-08-19 05:15,1294.007,9483.995,7.329,,,,,,,4759.62,3.678,2123.365,1.641,2601.01,2.01
19/08/2026,2026-08-19,31,[06:30-06:45[,2026-08-19 05:30,1301.418,8406.644,6.46,,,,,,,4297.93,3.302,2223.28,1.708,1885.434,1.449
19/08/2026,2026-08-19,32,[06:45-07:00[,2026-08-19 05:45,1317.732,8000.609,6.071,,,,,,,4477.89,3.398,3379.524,2.565,143.196,0.109
19/08/2026,2026-08-19,33,[07:00-07:15[,2026-08-19 06:00,1353.14,7128.612,5.268,,,,,,,3575.52,2.642,3133.806,2.316,419.286,0.31
19/08/2026,2026-08-19,34,[07:15-07:30[,2026-08-19 06:15,1387.761,-1390.397,-1.002,,,,,,,3628.91,2.615,3243.325,2.337,-8262.632,-5.954
19/08/2026,2026-08-19,35,[07:30-07:45[,2026-08-19 06:30,1400.339,8095.382,5.781,,,,,,,3938.52,2.813,2868.833,2.049,1288.03,0.92
19/08/2026,2026-08-19,36,[07:45-08:00[,2026-08-19 06:45,1440.26,6012.972,4.175,,,,,,,4333.44,3.009,3300.226,2.291,-1620.694,-1.125
19/08/2026,2026-08-19,37,[08:00-08:15[,2026-08-19 07:00,1490.462,6827.188,4.581,,,,,,,3519.36,2.361,3391.215,2.275,-83.387,-0.056
19/08/2026,2026-08-19,38,[08:15-08:30[,2026-08-19 07:15,1525.562,2414.874,1.583,,,,,,,3883.38,2.546,3117.127,2.043,-4585.632,-3.006
19/08/2026,2026-08-19,39,[08:30-08:45[,2026-08-19 07:30,1553.863,26888.981,17.305,3744.139,2.41,,,,,3481.92,2.241,3291.714,2.118,16371.209,10.536
19/08/2026,2026-08-19,40,[08:45-09:00[,2026-08-19 07:45,1577.265,32814.475,20.805,5244.39,3.325,,,,,3481.92,2.208,3381.674,2.144,20706.491,13.128
19/08/2026,2026-08-19,41,[09:00-09:15[,2026-08-19 08:00,1609.478,36871.531,22.909,6767.249,4.205,,,,,7509.9,4.666,3307.405,2.055,19286.977,11.983
19/08/2026,2026-08-19,42,[09:15-09:30[,2026-08-19 08:15,1613.315,44216.875,27.407,8506.188,5.272,,,,,9018.31,5.59,3195.497,1.981,23496.88,14.564
19/08/2026,2026-08-19,43,[09:30-09:45[,2026-08-19 08:30,1621.003,46437.269,28.647,8476.79,5.229,,,9278.953,5.724,19653.04,12.124,3229.083,1.992,5799.403,3.578
19/08/2026,2026-08-19,44,[09:45-10:00[,2026-08-19 08:45,1636.507,53768.259,32.856,8861.092,5.415,,,19856.195,12.133,19115.025,11.68,3226.522,1.972,2709.425,1.656
19/08/2026,2026-08-19,45,[10:00-10:15[,2026-08-19 09:00,1628.674,36403.784,22.352,8878.708,5.451,,,10555.465,6.481,19999.04,12.279,3006.194,1.846,-6035.624,-3.706
19/08/2026,2026-08-19,46,[10:15-10:30[,2026-08-19 09:15,1630.359,43115.885,26.446,8889.589,5.453,,,19145.612,11.743,20159.04,12.365,3272.015,2.007,-8350.371,-5.122
19/08/2026,2026-08-19,47,[10:30-10:45[,2026-08-19 09:30,1638.22,36406.13,22.223,8898.845,5.432,,,15087.76,9.21,18426,11.248,3397.984,2.074,-9404.459,-5.741
19/08/2026,2026-08-19,48,[10:45-11:00[,2026-08-19 09:45,1626.201,45207.852,27.8,8933.69,5.494,,,17384.02,10.69,19894.24,12.234,2918.919,1.795,-3923.017,-2.412
19/08/2026,2026-08-19,49,[11:00-11:15[,2026-08-19 10:00,1632.272,42237.07,25.876,8922.263,5.466,,,8843.262,5.418,26129.08,16.008,3286.267,2.013,-4943.802,-3.029
19/08/2026,2026-08-19,50,[11:15-11:30[,2026-08-19 10:15,1640.413,50310.3,30.669,8922.476,5.439,,,14736.022,8.983,26242.56,15.998,3247.081,1.979,-2837.839,-1.73
19/08/2026,2026-08-19,51,[11:30-11:45[,2026-08-19 10:30,1639.573,45837.883,27.957,8992.874,5.485,,,18405.996,11.226,20237.28,12.343,3119.023,1.902,-4917.289,-2.999
19/08/2026,2026-08-19,52,[11:45-12:00[,2026-08-19 10:45,1638.276,47836.648,29.199,9014.362,5.502,,,19523.702,11.917,20304.72,12.394,3090.796,1.887,-4096.931,-2.501
19/08/2026,2026-08-19,53,[12:00-12:15[,2026-08-19 11:00,1637.764,27117.081,16.557,9911.975,6.052,,,,,14710.2,8.982,3095.037,1.89,-600.131,-0.366
19/08/2026,2026-08-19,54,[12:15-12:30[,2026-08-19 11:15,1624.807,25227.706,15.527,9926.045,6.109,,,,,14973.54,9.216,2796.156,1.721,-2468.035,-1.519
19/08/2026,2026-08-19,55,[12:30-12:45[,2026-08-19 11:30,1607.067,28874.524,17.967,11801.038,7.343,,,,,14230.65,8.855,2832.212,1.762,10.624,0.007
19/08/2026,2026-08-19,56,[12:45-13:00[,2026-08-19 11:45,1598.697,29068.069,18.182,11801.038,7.382,,,,,14331.45,8.964,2944.94,1.842,-9.358,-0.006
19/08/2026,2026-08-19,57,[13:00-13:15[,2026-08-19 12:00,1581.165,28212.694,17.843,10282.358,6.503,,,,,15008.84,9.492,2929.725,1.853,-8.228,-0.005
19/08/2026,2026-08-19,58,[13:15-13:30[,2026-08-19 12:15,1565.418,27912.164,17.83,11801.038,7.539,,,,,14276.85,9.12,2885.291,1.843,-1051.014,-0.671
19/08/2026,2026-08-19,59,[13:30-13:45[,2026-08-19 12:30,1557.867,23486.096,15.076,11801.038,7.575,,,,,13905.54,8.926,2966.258,1.904,-5186.739,-3.329
19/08/2026,2026-08-19,60,[13:45-14:00[,2026-08-19 12:45,1547.194,24791.554,16.024,11801.038,7.627,,,,,13857.06,8.956,2877.067,1.86,-3743.611,-2.42
19/08/2026,2026-08-19,61,[14:00-14:15[,2026-08-19 13:00,1556.114,28107.644,18.063,18317.6,11.771,,,,,10115.4,6.5,2977.222,1.913,-3302.578,-2.122
19/08/2026,2026-08-19,62,[14:15-14:30[,2026-08-19 13:15,1559.251,21331.233,13.68,17041.663,10.929,,,,,10601.61,6.799,2934.34,1.882,-9246.379,-5.93
19/08/2026,2026-08-19,63,[14:30-14:45[,2026-08-19 13:30,1543.151,30715.93,19.905,17041.663,11.043,,,,,10646.1,6.899,2784.546,1.804,243.622,0.158
19/08/2026,2026-08-19,64,[14:45-15:00[,2026-08-19 13:45,1540.451,30476.655,19.784,17280.725,11.218,,,,,10131.6,6.577,2732.74,1.774,331.591,0.215
19/08/2026,2026-08-19,65,[15:00-15:15[,2026-08-19 14:00,1547.456,30408.901,19.651,17396.038,11.242,,,,,9935.84,6.421,2781.338,1.797,295.686,0.191
19/08/2026,2026-08-19,66,[15:15-15:30[,2026-08-19 14:15,1543.943,31021.223,20.092,18329.847,11.872,,,,,9572.08,6.2,2686.508,1.74,432.789,0.28
19/08/2026,2026-08-19,67,[15:30-15:45[,2026-08-19 14:30,1548.471,32126.192,20.747,18330.447,11.838,,,,,10934.61,7.062,2847.429,1.839,13.706,0.009
19/08/2026,2026-08-19,68,[15:45-16:00[,2026-08-19 14:45,1554.269,32507.495,20.915,18330.359,11.794,,,,,10754.56,6.919,2800.972,1.802,621.604,0.4
19/08/2026,2026-08-19,69,[16:00-16:15[,2026-08-19 15:00,1553.83,34963.03,22.501,18168.538,11.693,,,,,14032.62,9.031,2675.638,1.722,86.235,0.055
19/08/2026,2026-08-19,70,[16:15-16:30[,2026-08-19 15:15,1569.688,31536.899,20.091,15646.663,9.968,,,,,12988.86,8.275,2874.342,1.831,27.035,0.017
19/08/2026,2026-08-19,71,[16:30-16:45[,2026-08-19 15:30,1585.214,29269.019,18.464,14288.225,9.013,,,,,12524.02,7.901,2949.715,1.861,-492.942,-0.311
19/08/2026,2026-08-19,72,[16:45-17:00[,2026-08-19 15:45,1583.293,34774.315,21.963,11942.6,7.543,,,,,16639,10.509,2794.435,1.765,3398.28,2.146
19/08/2026,2026-08-19,73,[17:00-17:15[,2026-08-19 16:00,1598.299,44861.711,28.068,11872.288,7.428,,,-453.565,-0.284,16681.22,10.437,2984.049,1.867,13777.719,8.62
19/08/2026,2026-08-19,74,[17:15-17:30[,2026-08-19 16:15,1612.751,49010.392,30.389,10671.525,6.617,,,,,18061.8,11.199,3037.171,1.883,17239.896,10.69
19/08/2026,2026-08-19,75,[17:30-17:45[,2026-08-19 16:30,1609.2,43342.684,26.934,9296.125,5.777,,,,,17992.88,11.181,2060.302,1.28,13993.377,8.696
19/08/2026,2026-08-19,76,[17:45-18:00[,2026-08-19 16:45,1626.531,47112.455,28.965,8922.281,5.485,,,8700.68,5.349,19603.84,12.053,2205.058,1.356,7680.596,4.722
19/08/2026,2026-08-19,77,[18:00-18:15[,2026-08-19 17:00,1638.211,31041.071,18.948,4134.779,2.524,,,9791.325,5.977,8076.86,4.93,2158.742,1.318,6879.366,4.199
19/08/2026,2026-08-19,78,[18:15-18:30[,2026-08-19 17:15,1666.018,11158.383,6.698,2839.308,1.704,,,,,3956.16,2.375,2228.448,1.338,2134.467,1.281
19/08/2026,2026-08-19,79,[18:30-18:45[,2026-08-19 17:30,1688.961,10709.404,6.341,,,,,,,4932.47,2.92,2242.273,1.328,3534.661,2.093
19/08/2026,2026-08-19,80,[18:45-19:00[,2026-08-19 17:45,1720.899,624.717,0.363,,,,,,,5674.24,3.297,2261.443,1.314,-7310.967,-4.248
19/08/2026,2026-08-19,81,[19:00-19:15[,2026-08-19 18:00,1748.011,8862.951,5.07,,,,,,,3450.72,1.974,2206.094,1.262,3206.137,1.834
19/08/2026,2026-08-19,82,[19:15-19:30[,2026-08-19 18:15,1780.901,-502.961,-0.282,,,,,,,3425.76,1.924,2174.153,1.221,-6102.874,-3.427
19/08/2026,2026-08-19,83,[19:30-19:45[,2026-08-19 18:30,1805.721,3141.065,1.74,,,,,,,4253.6,2.356,2162.499,1.198,-3275.035,-1.814
19/08/2026,2026-08-19,84,[19:45-20:00[,2026-08-19 18:45,1823.434,6889.181,3.778,,,,,,,4358.1,2.39,2168.467,1.189,362.614,0.199
19/08/2026,2026-08-19,85,[20:00-20:15[,2026-08-19 19:00,1828.951,2017.082,1.103,,,,,,,5359.44,2.93,2168.671,1.186,-5511.03,-3.013
19/08/2026,2026-08-19,86,[20:15-20:30[,2026-08-19 19:15,1832.119,-2945.979,-1.608,,,,,,,5379.66,2.936,2095.165,1.144,-10420.805,-5.688
19/08/2026,2026-08-19,87,[20:30-20:45[,2026-08-19 19:30,1838.555,-1873.691,-1.019,,,,,,,5392.88,2.933,2109.432,1.147,-9376.003,-5.1
19/08/2026,2026-08-19,88,[20:45-21:00[,2026-08-19 19:45,1845.232,15688.208,8.502,,,,,,,5403.17,2.928,2140.675,1.16,8144.363,4.414
19/08/2026,2026-08-19,89,[21:00-21:15[,2026-08-19 20:00,1824.219,8129.633,4.457,,,,,,,5179.61,2.839,2154.361,1.181,795.662,0.436
19/08/2026,2026-08-19,90,[21:15-21:30[,2026-08-19 20:15,1801.791,4684.155,2.6,,,,,,,4773.48,2.649,2180.451,1.21,-2269.776,-1.26
19/08/2026,2026-08-19,91,[21:30-21:45[,2026-08-19 20:30,1771.222,8145.283,4.599,,,,,,,4259.67,2.405,2145.54,1.211,1740.073,0.982
19/08/2026,2026-08-19,92,[21:45-22:00[,2026-08-19 20:45,1738.879,11309.854,6.504,,,,,,,5031.7,2.894,2090.191,1.202,4187.963,2.408
19/08/2026,2026-08-19,93,[22:00-22:15[,2026-08-19 21:00,1714.129,4556.397,2.658,,,,,,,4925.82,2.874,2095.55,1.223,-2464.972,-1.438
19/08/2026,2026-08-19,94,[22:15-22:30[,2026-08-19 21:15,1681.303,3631.167,2.16,,,,,,,5000.69,2.974,2016.996,1.2,-3386.519,-2.014
19/08/2026,2026-08-19,95,[22:30-22:45[,2026-08-19 21:30,1647.705,6274.703,3.808,,,,,,,5534.82,3.359,1990.076,1.208,-1250.193,-0.759
19/08/2026,2026-08-19,96,[22:45-23:00[,2026-08-19 21:45,1612.296,12092.394,7.5,,,,,,,7482.51,4.641,1976.519,1.226,2633.365,1.633
20/08/2026,2026-08-20,1,[23:00-23:15[,2026-08-19 22:00,1572.708,8597.706,5.467,,,,,,,5648.02,3.591,1897.684,1.207,1052.001,0.669
20/08/2026,2026-08-20,2,[23:15-23:30[,2026-08-19 22:15,1536.455,15842.298,10.311,,,,,,,5648.02,3.676,2017.308,1.313,8176.971,5.322
20/08/2026,2026-08-20,3,[23:30-23:45[,2026-08-19 22:30,1503.288,13513.012,8.989,,,,,,,5648.02,3.757,2067.765,1.375,5797.227,3.856
20/08/2026,2026-08-20,4,[23:45-00:00[,2026-08-19 22:45,1469.703,8413.683,5.725,,,,,,,5648.02,3.843,2019.282,1.374,746.381,0.508
20/08/2026,2026-08-20,5,[00:00-00:15[,2026-08-19 23:00,1445.524,-525.814,-0.364,,,,,,,5320.34,3.681,1982.64,1.372,-7828.794,-5.416
20/08/2026,2026-08-20,6,[00:15-00:30[,2026-08-19 23:15,1421.715,2537.125,1.785,,,,,,,7239.08,5.092,2022.713,1.423,-6724.668,-4.73
20/08/2026,2026-08-20,7,[00:30-00:45[,2026-08-19 23:30,1394.469,9846.978,7.061,,,,,,,7915.45,5.676,2031.962,1.457,-100.434,-0.072
20/08/2026,2026-08-20,8,[00:45-01:00[,2026-08-19 23:45,1374.004,10498.199,7.641,,,,,,,8624.48,6.277,2097.882,1.527,-224.164,-0.163
20/08/2026,2026-08-20,9,[01:00-01:15[,2026-08-20 00:00,1351.336,2300.438,1.702,,,,,,,3901.37,2.887,2056.535,1.522,-3657.467,-2.707
20/08/2026,2026-08-20,10,[01:15-01:30[,2026-08-20 00:15,1331.746,7891.618,5.926,,,,,,,3838.12,2.882,2101.034,1.578,1952.464,1.466
20/08/2026,2026-08-20,11,[01:30-01:45[,2026-08-20 00:30,1313.545,10874.472,8.279,,,,,,,3526.82,2.685,2118.736,1.613,5228.916,3.981
20/08/2026,2026-08-20,12,[01:45-02:00[,2026-08-20 00:45,1298.811,6497.546,5.003,,,,,,,3526.82,2.715,2118.085,1.631,852.641,0.656
20/08/2026,2026-08-20,13,[02:00-02:15[,2026-08-20 01:00,1285.936,12994.18,10.105,,,,,,,4526.45,3.52,2080.622,1.618,6387.108,4.967
20/08/2026,2026-08-20,14,[02:15-02:30[,2026-08-20 01:15,1274.2,7347.872,5.767,,,,,,,4541.27,3.564,2118.529,1.663,688.072,0.54
20/08/2026,2026-08-20,15,[02:30-02:45[,2026-08-20 01:30,1261.115,7226.515,5.73,,,,,,,4541.27,3.601,2118.042,1.679,567.203,0.45
20/08/2026,2026-08-20,16,[02:45-03:00[,2026-08-20 01:45,1249.135,7280.623,5.829,,,,,,,4541.27,3.636,2112.801,1.691,626.552,0.502
20/08/2026,2026-08-20,17,[03:00-03:15[,2026-08-20 02:00,1243.132,10778.006,8.67,2284.575,1.838,,,,,4733.22,3.807,2036.066,1.638,1724.146,1.387
20/08/2026,2026-08-20,18,[03:15-03:30[,2026-08-20 02:15,1234.136,9709.042,7.867,2285.038,1.852,,,,,4733.22,3.835,2074.783,1.681,616.001,0.499
20/08/2026,2026-08-20,19,[03:30-03:45[,2026-08-20 02:30,1226.642,9194.281,7.495,2285.038,1.863,,,,,4603.26,3.753,2084.362,1.699,221.621,0.181
20/08/2026,2026-08-20,20,[03:45-04:00[,2026-08-20 02:45,1223.337,7358.987,6.016,2285.5,1.868,,,,,4563.31,3.73,2117.552,1.731,-1607.374,-1.314
20/08/2026,2026-08-20,21,[04:00-04:15[,2026-08-20 03:00,1220.919,7261.469,5.948,2285.963,1.872,,,,,4742.05,3.884,2118.847,1.735,-1885.391,-1.544
20/08/2026,2026-08-20,22,[04:15-04:30[,2026-08-20 03:15,1213.459,7404.399,6.102,2286.425,1.884,,,,,4724.76,3.894,2096.235,1.727,-1703.022,-1.403
20/08/2026,2026-08-20,23,[04:30-04:45[,2026-08-20 03:30,1210.688,2951.714,2.438,2286.888,1.889,,,,,4667.95,3.856,2056.864,1.699,-6059.988,-5.005
20/08/2026,2026-08-20,24,[04:45-05:00[,2026-08-20 03:45,1212.484,4241.284,3.498,,,,,,,4551.86,3.754,2118.361,1.747,-2428.937,-2.003
20/08/2026,2026-08-20,25,[05:00-05:15[,2026-08-20 04:00,1222.363,7166.355,5.863,,,,,,,4568.8,3.738,2118.677,1.733,478.877,0.392
20/08/2026,2026-08-20,26,[05:15-05:30[,2026-08-20 04:15,1223.262,5247.492,4.29,,,,,,,4541.63,3.713,2118.361,1.732,-1412.499,-1.155
20/08/2026,2026-08-20,27,[05:30-05:45[,2026-08-20 04:30,1227.09,5128.369,4.179,,,,,,,3825.33,3.117,2064.247,1.682,-761.208,-0.62
20/08/2026,2026-08-20,28,[05:45-06:00[,2026-08-20 04:45,1234.486,6840.539,5.541,,,,,,,3484.47,2.823,2031.048,1.645,1325.021,1.073
20/08/2026,2026-08-20,29,[06:00-06:15[,2026-08-20 05:00,1268.64,9729.957,7.67,,,,,,,7538.84,5.942,2099.294,1.655,91.823,0.072
20/08/2026,2026-08-20,30,[06:15-06:30[,2026-08-20 05:15,1281.646,7440.017,5.805,,,,,,,6774.34,5.286,2123.929,1.657,-1458.253,-1.138
20/08/2026,2026-08-20,31,[06:30-06:45[,2026-08-20 05:30,1285.802,8177.241,6.36,,,,,,,4094.57,3.184,2122.004,1.65,1960.667,1.525
20/08/2026,2026-08-20,32,[06:45-07:00[,2026-08-20 05:45,1285.19,11336.798,8.821,,,,,,,4564.86,3.552,2120.72,1.65,4651.217,3.619
20/08/2026,2026-08-20,33,[07:00-07:15[,2026-08-20 06:00,1321.544,6382.94,4.83,,,,,,,5402.26,4.088,2054.75,1.555,-1074.07,-0.813
20/08/2026,2026-08-20,34,[07:15-07:30[,2026-08-20 06:15,1353.94,7362.501,5.438,,,,,,,5402.26,3.99,2123.092,1.568,-162.852,-0.12
20/08/2026,2026-08-20,35,[07:30-07:45[,2026-08-20 06:30,1374.216,13676.268,9.952,,,,,,,8592.5,6.253,2109.427,1.535,2974.341,2.164
20/08/2026,2026-08-20,36,[07:45-08:00[,2026-08-20 06:45,1400.969,22704.504,16.206,2229.873,1.592,,,,,7741.64,5.526,2109.44,1.506,10623.551,7.583
20/08/2026,2026-08-20,37,[08:00-08:15[,2026-08-20 07:00,1446.493,12375.945,8.556,,,,,,,8594.71,5.942,2113.664,1.461,1667.571,1.153
20/08/2026,2026-08-20,38,[08:15-08:30[,2026-08-20 07:15,1479.72,16086.152,10.871,2676.541,1.809,,,,,8255.11,5.579,2038.437,1.378,3116.064,2.106
20/08/2026,2026-08-20,39,[08:30-08:45[,2026-08-20 07:30,1506.273,15313.622,10.167,2695.271,1.789,,,,,8339.81,5.537,2105.722,1.398,2172.819,1.443
20/08/2026,2026-08-20,40,[08:45-09:00[,2026-08-20 07:45,1531.808,11082.69,7.235,4737.555,3.093,,,,,6998.75,4.569,2087.29,1.363,-2740.905,-1.789
20/08/2026,2026-08-20,41,[09:00-09:15[,2026-08-20 08:00,1574.699,10100.847,6.414,4202.338,2.669,,,,,8838,5.613,2113.043,1.342,-5052.534,-3.209
20/08/2026,2026-08-20,42,[09:15-09:30[,2026-08-20 08:15,1582.64,13189.461,8.334,5176.64,3.271,,,6253.585,3.951,7615.27,4.812,1991.067,1.258,-7847.101,-4.958
20/08/2026,2026-08-20,43,[09:30-09:45[,2026-08-20 08:30,1615.933,38937.371,24.096,7529.091,4.659,,,6255.363,3.871,19591.4,12.124,3251.18,2.012,2310.337,1.43
20/08/2026,2026-08-20,44,[09:45-10:00[,2026-08-20 08:45,1630.324,33460.498,20.524,7529.989,4.619,,,6220.012,3.815,19791.4,12.14,3207.993,1.968,-3288.896,-2.017
20/08/2026,2026-08-20,45,[10:00-10:15[,2026-08-20 09:00,1641.243,29361.629,17.89,7546.587,4.598,,,17467.097,10.643,21295.6,12.975,3337.823,2.034,-20285.479,-12.36
20/08/2026,2026-08-20,46,[10:15-10:30[,2026-08-20 09:15,1635.106,19714.365,12.057,7987.984,4.885,,,10338.316,6.323,19278.72,11.791,2714.441,1.66,-20605.096,-12.602
20/08/2026,2026-08-20,47,[10:30-10:45[,2026-08-20 09:30,1646.663,22688.992,13.779,7989.708,4.852,,,17073.073,10.368,19406.72,11.785,3246.178,1.971,-25026.686,-15.198
20/08/2026,2026-08-20,48,[10:45-11:00[,2026-08-20 09:45,1659.543,31982.924,19.272,7992.211,4.816,,,20155.786,12.145,19534.72,11.771,3286.462,1.98,-18986.254,-11.441
20/08/2026,2026-08-20,49,[11:00-11:15[,2026-08-20 10:00,1661.14,27907.317,16.8,8008.224,4.821,,,11863.469,7.142,25576.76,15.397,3117.629,1.877,-20658.765,-12.436
20/08/2026,2026-08-20,50,[11:15-11:30[,2026-08-20 10:15,1670.113,33269.831,19.921,8010.51,4.796,,,18152.302,10.869,25726.76,15.404,3221.589,1.929,-21841.329,-13.078
20/08/2026,2026-08-20,51,[11:30-11:45[,2026-08-20 10:30,1678.324,27362.144,16.303,8010.955,4.773,,,19971.901,11.9,19871.92,11.84,3230.962,1.925,-23723.594,-14.135
20/08/2026,2026-08-20,52,[11:45-12:00[,2026-08-20 10:45,1680.408,24698.194,14.698,8031.743,4.78,,,15642.72,9.309,19953.12,11.874,3260.776,1.94,-22190.164,-13.205
20/08/2026,2026-08-20,53,[12:00-12:15[,2026-08-20 11:00,1673.387,23209.76,13.87,8028.731,4.798,,,19940.592,11.916,18561.04,11.092,2908.176,1.738,-26228.779,-15.674
20/08/2026,2026-08-20,54,[12:15-12:30[,2026-08-20 11:15,1682.362,18864.647,11.213,8055.18,4.788,,,5964.521,3.545,18611.52,11.063,3139.547,1.866,-16906.121,-10.049
20/08/2026,2026-08-20,55,[12:30-12:45[,2026-08-20 11:30,1685.305,26118.548,15.498,8053.516,4.779,,,-2919.165,-1.732,18611.52,11.043,3304.804,1.961,-932.127,-0.553
20/08/2026,2026-08-20,56,[12:45-13:00[,2026-08-20 11:45,1649.408,20821.187,12.623,8311.118,5.039,,,,,17736.04,10.753,2504.697,1.519,-7730.668,-4.687
20/08/2026,2026-08-20,57,[13:00-13:15[,2026-08-20 12:00,1641.91,41957.662,25.554,8764.136,5.338,,,,,17341.64,10.562,3249.62,1.979,12602.267,7.675
20/08/2026,2026-08-20,58,[13:15-13:30[,2026-08-20 12:15,1618.39,51791.422,32.002,9061.484,5.599,,,,,17715.56,10.946,3236.228,2,21778.15,13.457
20/08/2026,2026-08-20,59,[13:30-13:45[,2026-08-20 12:30,1597.286,50487.963,31.609,8311.103,5.203,,,,,19198.36,12.019,3218.047,2.015,19760.453,12.371
20/08/2026,2026-08-20,60,[13:45-14:00[,2026-08-20 12:45,1577.74,47223.22,29.931,8591.505,5.445,,,,,18407.46,11.667,2964.755,1.879,17259.5,10.939
20/08/2026,2026-08-20,61,[14:00-14:15[,2026-08-20 13:00,1591.019,54843.967,34.471,11968.754,7.523,,,,,17737.24,11.148,3157.156,1.984,21980.818,13.816
20/08/2026,2026-08-20,62,[14:15-14:30[,2026-08-20 13:15,1603.642,73464.465,45.811,12932.504,8.064,,,,,18093.35,11.283,3135.966,1.956,39302.645,24.508
20/08/2026,2026-08-20,63,[14:30-14:45[,2026-08-20 13:30,1590.676,75761.606,47.629,12933.441,8.131,,,,,18093.35,11.375,2797.893,1.759,41936.922,26.364
20/08/2026,2026-08-20,64,[14:45-15:00[,2026-08-20 13:45,1603.817,70888.786,44.2,12438.441,7.756,,,,,17666.99,11.016,3165.649,1.974,37617.706,23.455
20/08/2026,2026-08-20,65,[15:00-15:15[,2026-08-20 14:00,1603.677,65761.749,41.007,12344.691,7.698,,,,,17686.24,11.029,3149.126,1.964,32581.691,20.317
20/08/2026,2026-08-20,66,[15:15-15:30[,2026-08-20 14:15,1569.924,73061.493,46.538,11406.254,7.265,,,,,18162.74,11.569,2974.005,1.894,40518.494,25.809
20/08/2026,2026-08-20,67,[15:30-15:45[,2026-08-20 14:30,1562.679,56379.25,36.079,11007.816,7.044,,,,,17946.32,11.484,3095.38,1.981,24329.734,15.569
20/08/2026,2026-08-20,68,[15:45-16:00[,2026-08-20 14:45,1572.151,27306.647,17.369,10936.491,6.956,,,,,17885.14,11.376,3072.359,1.954,-4587.343,-2.918
20/08/2026,2026-08-20,69,[16:00-16:15[,2026-08-20 15:00,1574.258,19042.311,12.096,10936.566,6.947,,,,,19646.12,12.48,3022.141,1.92,-14562.516,-9.25
20/08/2026,2026-08-20,70,[16:15-16:30[,2026-08-20 15:15,1572.505,25385.218,16.143,9999.081,6.359,,,,,19669.35,12.508,2999.757,1.908,-7282.969,-4.631
20/08/2026,2026-08-20,71,[16:30-16:45[,2026-08-20 15:30,1573.668,16061.501,10.206,9943.769,6.319,,,,,19689.12,12.512,3102.03,1.971,-16673.418,-10.595
20/08/2026,2026-08-20,72,[16:45-17:00[,2026-08-20 15:45,1580.691,22002.375,13.919,9062.767,5.733,,,,,19217.77,12.158,3134.586,1.983,-9412.748,-5.955
20/08/2026,2026-08-20,73,[17:00-17:15[,2026-08-20 16:00,1550.067,8581.492,5.536,9063.772,5.847,,,,,18659.12,12.038,2159.773,1.393,-21301.172,-13.742
20/08/2026,2026-08-20,74,[17:15-17:30[,2026-08-20 16:15,1555.961,24299.964,15.617,8593.62,5.523,,,,,19305.68,12.408,2083.677,1.339,-5683.013,-3.652
20/08/2026,2026-08-20,75,[17:30-17:45[,2026-08-20 16:30,1572.499,4972.836,3.162,8112.098,5.159,,,6499.57,4.133,11770.71,7.485,2154.393,1.37,-23563.935,-14.985
20/08/2026,2026-08-20,76,[17:45-18:00[,2026-08-20 16:45,1591.164,-7626.796,-4.793,7548.063,4.744,,,6500.605,4.085,10363.13,6.513,2158.8,1.357,-34197.394,-21.492
20/08/2026,2026-08-20,77,[18:00-18:15[,2026-08-20 17:00,1598.176,5762.16,3.605,4230.035,2.647,,,6489.91,4.061,9583.7,5.997,2158.639,1.351,-16700.124,-10.449
20/08/2026,2026-08-20,78,[18:15-18:30[,2026-08-20 17:15,1611.524,7100.009,4.406,2906.69,1.804,,,,,9479.4,5.882,2126.655,1.32,-7412.736,-4.6
20/08/2026,2026-08-20,79,[18:30-18:45[,2026-08-20 17:30,1632.993,9843.083,6.028,1365.74,0.836,,,,,9254.04,5.667,2110.163,1.292,-2886.86,-1.768
20/08/2026,2026-08-20,80,[18:45-19:00[,2026-08-20 17:45,1656.23,7406.682,4.472,,,,,,,7925.28,4.785,2152.171,1.299,-2670.77,-1.613
20/08/2026,2026-08-20,81,[19:00-19:15[,2026-08-20 18:00,1683.245,4508.101,2.678,,,,,,,5334.92,3.169,2154.568,1.28,-2981.386,-1.771
20/08/2026,2026-08-20,82,[19:15-19:30[,2026-08-20 18:15,1707.162,5198.442,3.045,,,,,,,4612.56,2.702,2066.819,1.211,-1480.937,-0.867
20/08/2026,2026-08-20,83,[19:30-19:45[,2026-08-20 18:30,1727.54,7162.138,4.146,,,,,,,5095.82,2.95,2048.977,1.186,17.342,0.01
20/08/2026,2026-08-20,84,[19:45-20:00[,2026-08-20 18:45,1737.692,9597.739,5.523,,,,,-326.7,-0.188,9312.56,5.359,1977.393,1.138,-1365.514,-0.786
20/08/2026,2026-08-20,85,[20:00-20:15[,2026-08-20 19:00,1737.888,12431.698,7.153,,,,,-425,-0.245,12278.56,7.065,2024.268,1.165,-1446.13,-0.832
20/08/2026,2026-08-20,86,[20:15-20:30[,2026-08-20 19:15,1740.221,8487.089,4.877,,,,,-425,-0.244,7045.77,4.049,2025.254,1.164,-158.934,-0.091
20/08/2026,2026-08-20,87,[20:30-20:45[,2026-08-20 19:30,1749.871,9894.948,5.655,,,,,-370.75,-0.212,7240.74,4.138,2066.827,1.181,958.13,0.548
20/08/2026,2026-08-20,88,[20:45-21:00[,2026-08-20 19:45,1755.016,9620.747,5.482,,,,,-421,-0.24,9495.84,5.411,2066.665,1.178,-1520.758,-0.867
20/08/2026,2026-08-20,89,[21:00-21:15[,2026-08-20 20:00,1735.963,8725.1,5.026,,,,,,,8602.44,4.955,1991.702,1.147,-1869.042,-1.077
20/08/2026,2026-08-20,90,[21:15-21:30[,2026-08-20 20:15,1708.198,12359.439,7.235,,,,,,,10420.74,6.1,1975.125,1.156,-36.426,-0.021
20/08/2026,2026-08-20,91,[21:30-21:45[,2026-08-20 20:30,1677.282,11056.537,6.592,,,,,,,9938.25,5.925,1978.372,1.18,-860.086,-0.513
20/08/2026,2026-08-20,92,[21:45-22:00[,2026-08-20 20:45,1644.409,11334.514,6.893,,,,,,,12102.58,7.36,1913.692,1.164,-2681.758,-1.631
20/08/2026,2026-08-20,93,[22:00-22:15[,2026-08-20 21:00,1620.895,15011.497,9.261,,,,,,,14677.5,9.055,1898.939,1.172,-1564.941,-0.965
20/08/2026,2026-08-20,94,[22:15-22:30[,2026-08-20 21:15,1592.042,15005.808,9.426,,,,,,,14955.64,9.394,1874.99,1.178,-1824.821,-1.146
20/08/2026,2026-08-20,95,[22:30-22:45[,2026-08-20 21:30,1565.974,12726.924,8.127,,,,,,,10561.79,6.745,1957.065,1.25,208.069,0.133
20/08/2026,2026-08-20,96,[22:45-23:00[,2026-08-20 21:45,1529.18,19478.111,12.738,,,,,,,9690.92,6.337,1904.009,1.245,7883.182,5.155
21/08/2026,2026-08-21,1,[23:00-23:15[,2026-08-20 22:00,1502.294,3430.439,2.283,,,,,,,2927.7,1.949,1972.768,1.313,-1470.029,-0.979
21/08/2026,2026-08-21,2,[23:15-23:30[,2026-08-20 22:15,1465.878,5878.051,4.01,,,,,,,3241.7,2.211,1965.33,1.341,671.021,0.458
21/08/2026,2026-08-21,3,[23:30-23:45[,2026-08-20 22:30,1435.214,7263.094,5.061,,,,,,,3809,2.654,1978.602,1.379,1475.492,1.028
21/08/2026,2026-08-21,4,[23:45-00:00[,2026-08-20 22:45,1407.782,14690.909,10.436,,,,,,,3858.8,2.741,1979.075,1.406,8853.035,6.289
21/08/2026,2026-08-21,5,[00:00-00:15[,2026-08-20 23:00,1401.151,14019.409,10.006,,,,,-151.725,-0.108,3739.98,2.669,3188.605,2.276,7242.549,5.169
21/08/2026,2026-08-21,6,[00:15-00:30[,2026-08-20 23:15,1381.777,7755.903,5.613,,,,,,,4132.38,2.991,3272.97,2.369,350.553,0.254
21/08/2026,2026-08-21,7,[00:30-00:45[,2026-08-20 23:30,1365.77,5810.848,4.255,243.86,0.179,,,,,4374.64,3.203,3308.609,2.423,-2116.261,-1.55
21/08/2026,2026-08-21,8,[00:45-01:00[,2026-08-20 23:45,1332.069,7965.88,5.98,1995.281,1.498,,,,,4540,3.408,2897.272,2.175,-1466.672,-1.101
21/08/2026,2026-08-21,9,[01:00-01:15[,2026-08-21 00:00,1307.133,4788.548,3.663,,,,,,,3883,2.971,2434.338,1.862,-1528.79,-1.17
21/08/2026,2026-08-21,10,[01:15-01:30[,2026-08-21 00:15,1301.538,3901.187,2.997,,,,,,,3690.63,2.836,3255.034,2.501,-3044.477,-2.339
21/08/2026,2026-08-21,11,[01:30-01:45[,2026-08-21 00:30,1289.933,3520.154,2.729,,,,,,,3948.15,3.061,3279.841,2.543,-3707.837,-2.874
21/08/2026,2026-08-21,12,[01:45-02:00[,2026-08-21 00:45,1261.355,6456.78,5.119,116.45,0.092,,,,,3948.15,3.13,3143.165,2.492,-750.984,-0.595
21/08/2026,2026-08-21,13,[02:00-02:15[,2026-08-21 01:00,1248.026,8954.38,7.175,2250.287,1.803,,,,,3842.84,3.079,3242.939,2.598,-381.686,-0.306
21/08/2026,2026-08-21,14,[02:15-02:30[,2026-08-21 01:15,1234.241,7584.055,6.145,2469.937,2.001,,,,,3968.3,3.215,3248.995,2.632,-2103.177,-1.704
21/08/2026,2026-08-21,15,[02:30-02:45[,2026-08-21 01:30,1232.32,6973.009,5.658,2703.072,2.193,,,,,3708.6,3.009,3209.363,2.604,-2648.026,-2.149
21/08/2026,2026-08-21,16,[02:45-03:00[,2026-08-21 01:45,1196.633,10079.708,8.423,2790.63,2.332,,,,,3605.7,3.013,2242.76,1.874,1440.619,1.204
21/08/2026,2026-08-21,17,[03:00-03:15[,2026-08-21 02:00,1187.306,8211.82,6.916,2881.256,2.427,,,,,3424.3,2.884,2113.153,1.78,-206.889,-0.174
21/08/2026,2026-08-21,18,[03:15-03:30[,2026-08-21 02:15,1181.429,9549.477,8.083,2846.387,2.409,,,,,3484.8,2.95,2345.781,1.986,872.509,0.739
21/08/2026,2026-08-21,19,[03:30-03:45[,2026-08-21 02:30,1189.479,9790.779,8.231,2809.217,2.362,,,,,3547.72,2.983,3201.449,2.691,232.393,0.195
21/08/2026,2026-08-21,20,[03:45-04:00[,2026-08-21 02:45,1189.194,7803.965,6.562,2547.712,2.142,,,,,3847.8,3.236,3267.667,2.748,-1859.213,-1.563
21/08/2026,2026-08-21,21,[04:00-04:15[,2026-08-21 03:00,1173.359,8880.133,7.568,2819.183,2.403,,,,,3592.36,3.062,2853.03,2.432,-384.44,-0.328
21/08/2026,2026-08-21,22,[04:15-04:30[,2026-08-21 03:15,1173.134,10301.278,8.781,2592.062,2.21,,,,,3870.12,3.299,3046.048,2.597,793.048,0.676
21/08/2026,2026-08-21,23,[04:30-04:45[,2026-08-21 03:30,1176.64,4824.341,4.1,60.28,0.051,,,,,3763.95,3.199,3234.437,2.749,-2234.327,-1.899
21/08/2026,2026-08-21,24,[04:45-05:00[,2026-08-21 03:45,1183.39,3657.309,3.091,,,,,,,3656.01,3.089,3288.736,2.779,-3287.437,-2.778
21/08/2026,2026-08-21,25,[05:00-05:15[,2026-08-21 04:00,1163.334,7319.902,6.292,,,,,,,3627.74,3.118,2230.595,1.917,1461.566,1.256
21/08/2026,2026-08-21,26,[05:15-05:30[,2026-08-21 04:15,1169.395,8361.163,7.15,,,,,,,3472.85,2.97,2207.546,1.888,2680.767,2.292
21/08/2026,2026-08-21,27,[05:30-05:45[,2026-08-21 04:30,1173.866,5149.697,4.387,,,,,,,3226,2.748,2224.087,1.895,-300.39,-0.256
21/08/2026,2026-08-21,28,[05:45-06:00[,2026-08-21 04:45,1185.34,7899.853,6.665,,,,,,,2930.58,2.472,2214.205,1.868,2755.068,2.324
21/08/2026,2026-08-21,29,[06:00-06:15[,2026-08-21 05:00,1213.378,3567.414,2.94,,,,,,,3437,2.833,2118.834,1.746,-1988.42,-1.639
21/08/2026,2026-08-21,30,[06:15-06:30[,2026-08-21 05:15,1249.855,3447.587,2.758,,,,,,,3511.25,2.809,3246.396,2.597,-3310.059,-2.648
21/08/2026,2026-08-21,31,[06:30-06:45[,2026-08-21 05:30,1254.516,5091.79,4.059,,,,,,,3523.45,2.809,3258.401,2.597,-1690.061,-1.347
21/08/2026,2026-08-21,32,[06:45-07:00[,2026-08-21 05:45,1263.424,6889.557,5.453,,,,,,,3285.24,2.6,3304.126,2.615,300.191,0.238
21/08/2026,2026-08-21,33,[07:00-07:15[,2026-08-21 06:00,1284.918,6886.372,5.359,,,,,,,2705.6,2.106,2993.677,2.33,1187.095,0.924
21/08/2026,2026-08-21,34,[07:15-07:30[,2026-08-21 06:15,1318.043,4772.931,3.621,,,,,,,2739.2,2.078,3304.431,2.507,-1270.701,-0.964
21/08/2026,2026-08-21,35,[07:30-07:45[,2026-08-21 06:30,1337.339,8408.27,6.287,,,,,,,3090.67,2.311,3242.315,2.424,2075.285,1.552
21/08/2026,2026-08-21,36,[07:45-08:00[,2026-08-21 06:45,1348.858,9098.221,6.745,1336.854,0.991,,,,,4749.74,3.521,3216.309,2.384,-204.682,-0.152
21/08/2026,2026-08-21,37,[08:00-08:15[,2026-08-21 07:00,1374.287,12293.007,8.945,6376.95,4.64,,,,,4280.83,3.115,2745.904,1.998,-1110.676,-0.808
21/08/2026,2026-08-21,38,[08:15-08:30[,2026-08-21 07:15,1414.135,16172.005,11.436,9110.563,6.442,,,,,3120.21,2.206,3312.397,2.342,628.835,0.445
21/08/2026,2026-08-21,39,[08:30-08:45[,2026-08-21 07:30,1444.273,30616.646,21.199,9110.563,6.308,,,,,17301.05,11.979,3174.384,2.198,1030.65,0.714
21/08/2026,2026-08-21,40,[08:45-09:00[,2026-08-21 07:45,1440.325,32459.079,22.536,11618.01,8.066,,,,,17417.88,12.093,2705.719,1.879,717.47,0.498
21/08/2026,2026-08-21,41,[09:00-09:15[,2026-08-21 08:00,1460.017,33713.987,23.092,11922.125,8.166,,,,,18399.18,12.602,2890.317,1.98,502.365,0.344
21/08/2026,2026-08-21,42,[09:15-09:30[,2026-08-21 08:15,1457.497,31170.725,21.386,13824.8,9.485,,,,,15447.98,10.599,2815.116,1.931,-917.172,-0.629
21/08/2026,2026-08-21,43,[09:30-09:45[,2026-08-21 08:30,1456.977,35023.936,24.039,17358.238,11.914,,,,,14589.59,10.014,2772.999,1.903,303.109,0.208
21/08/2026,2026-08-21,44,[09:45-10:00[,2026-08-21 08:45,1438.886,39878.713,27.715,18814.175,13.076,,,2784.869,1.935,15315.81,10.644,2652.851,1.844,311.008,0.216
21/08/2026,2026-08-21,45,[10:00-10:15[,2026-08-21 09:00,1440.126,39197.522,27.218,18828.238,13.074,,,,,17025.1,11.822,2823.997,1.961,520.188,0.361
21/08/2026,2026-08-21,46,[10:15-10:30[,2026-08-21 09:15,1431.354,39995.256,27.942,19216.288,13.425,,,,,17334.37,12.11,2815.661,1.967,628.937,0.439
21/08/2026,2026-08-21,47,[10:30-10:45[,2026-08-21 09:30,1409.727,39002.875,27.667,19216.288,13.631,,,,,16828.17,11.937,2673.101,1.896,285.317,0.202
21/08/2026,2026-08-21,48,[10:45-11:00[,2026-08-21 09:45,1412.69,39463.188,27.935,19235.038,13.616,,,,,17033.97,12.058,2802.853,1.984,391.327,0.277
21/08/2026,2026-08-21,49,[11:00-11:15[,2026-08-21 10:00,1423.205,40555.101,28.496,19197.538,13.489,,,,,18100.25,12.718,2780.566,1.954,476.747,0.335
21/08/2026,2026-08-21,50,[11:15-11:30[,2026-08-21 10:15,1406.022,39833.957,28.331,19216.288,13.667,,,,,17598,12.516,2688.268,1.912,331.401,0.236
21/08/2026,2026-08-21,51,[11:30-11:45[,2026-08-21 10:30,1401.57,39387.527,28.102,19216.288,13.711,,,,,17391.04,12.408,2644.561,1.887,135.638,0.097
21/08/2026,2026-08-21,52,[11:45-12:00[,2026-08-21 10:45,1410.04,36172.106,25.653,19216.288,13.628,,,,,13836.68,9.813,2832.173,2.009,286.965,0.204
21/08/2026,2026-08-21,53,[12:00-12:15[,2026-08-21 11:00,1411,35193.06,24.942,19216.288,13.619,,,,,13042.11,9.243,2892.369,2.05,42.293,0.03
21/08/2026,2026-08-21,54,[12:15-12:30[,2026-08-21 11:15,1388.278,34280.477,24.693,19216.288,13.842,,,,,13051.13,9.401,1744.037,1.256,269.022,0.194
21/08/2026,2026-08-21,55,[12:30-12:45[,2026-08-21 11:30,1382.316,34006.34,24.601,19216.288,13.902,,,,,13078.19,9.461,1665.009,1.205,46.853,0.034
21/08/2026,2026-08-21,56,[12:45-13:00[,2026-08-21 11:45,1369.742,32693.26,23.868,19216.288,14.029,,,,,11615.61,8.48,1791.225,1.308,70.138,0.051
21/08/2026,2026-08-21,57,[13:00-13:15[,2026-08-21 12:00,1350.751,32847.965,24.318,19216.288,14.226,,,,,11620.61,8.603,1756.724,1.301,254.343,0.188
21/08/2026,2026-08-21,58,[13:15-13:30[,2026-08-21 12:15,1341.86,32618.735,24.309,19216.288,14.321,,,,,11620.61,8.66,1679.134,1.251,102.703,0.077
21/08/2026,2026-08-21,59,[13:30-13:45[,2026-08-21 12:30,1344.746,33796.697,25.132,19216.288,14.29,,,,,12597.87,9.368,1642.977,1.222,339.563,0.253
21/08/2026,2026-08-21,60,[13:45-14:00[,2026-08-21 12:45,1355.725,35161.388,25.935,19216.288,14.174,,,,,12588.85,9.286,2780.009,2.051,576.242,0.425
21/08/2026,2026-08-21,61,[14:00-14:15[,2026-08-21 13:00,1358.475,34001.594,25.029,19216.288,14.145,,,,,11605.61,8.543,2764.326,2.035,415.37,0.306
21/08/2026,2026-08-21,62,[14:15-14:30[,2026-08-21 13:15,1374.869,34049.536,24.766,19216.288,13.977,,,,,11595.61,8.434,2911.176,2.117,326.462,0.237
21/08/2026,2026-08-21,63,[14:30-14:45[,2026-08-21 13:30,1356.3,33379.898,24.611,19216.288,14.168,,,,,11590.61,8.546,2389.958,1.762,183.043,0.135
21/08/2026,2026-08-21,64,[14:45-15:00[,2026-08-21 13:45,1368.784,35989.83,26.293,19216.288,14.039,,,,,13000.58,9.498,2857.387,2.088,915.575,0.669
21/08/2026,2026-08-21,65,[15:00-15:15[,2026-08-21 14:00,1366.274,34612.355,25.333,19216.288,14.065,,,,,12973.52,9.496,2944.81,2.155,-522.263,-0.382
21/08/2026,2026-08-21,66,[15:15-15:30[,2026-08-21 14:15,1361.92,34328.518,25.206,19216.288,14.11,,,,,12946.46,9.506,2756.083,2.024,-590.313,-0.433
21/08/2026,2026-08-21,67,[15:30-15:45[,2026-08-21 14:30,1364.285,35048.948,25.69,19197.538,14.072,,,,,12911.71,9.464,2948.712,2.161,-9.012,-0.007
21/08/2026,2026-08-21,68,[15:45-16:00[,2026-08-21 14:45,1373.538,34738.56,25.291,18932.3,13.784,,,,,13078.23,9.522,2955.154,2.151,-227.124,-0.165
21/08/2026,2026-08-21,69,[16:00-16:15[,2026-08-21 15:00,1379.65,39895.693,28.917,18915.425,13.71,,,,,17924.82,12.992,3032.287,2.198,23.16,0.017
21/08/2026,2026-08-21,70,[16:15-16:30[,2026-08-21 15:15,1383.664,39104.276,28.261,18697.925,13.513,,,,,17717.76,12.805,3048.306,2.203,-359.716,-0.26
21/08/2026,2026-08-21,71,[16:30-16:45[,2026-08-21 15:30,1403.111,37841.317,26.97,18159.8,12.943,,,,,17022.72,12.132,3109.618,2.216,-450.821,-0.321
21/08/2026,2026-08-21,72,[16:45-17:00[,2026-08-21 15:45,1418.373,34655.3,24.433,15744.8,11.101,,,,,16516.23,11.644,3110.587,2.193,-716.317,-0.505
21/08/2026,2026-08-21,73,[17:00-17:15[,2026-08-21 16:00,1419.51,36371.512,25.623,14341.25,10.103,,,,,19890.48,14.012,2510.685,1.769,-370.903,-0.261
21/08/2026,2026-08-21,74,[17:15-17:30[,2026-08-21 16:15,1437.451,35162.441,24.462,11753.463,8.177,,,,,21043.51,14.639,3152.293,2.193,-786.825,-0.547
21/08/2026,2026-08-21,75,[17:30-17:45[,2026-08-21 16:30,1459.723,30705.027,21.035,9113.214,6.243,,,,,20891.57,14.312,3211.293,2.2,-2511.049,-1.72
21/08/2026,2026-08-21,76,[17:45-18:00[,2026-08-21 16:45,1479.903,37187.827,25.129,11151.687,7.535,,,,,22279.51,15.055,3131.262,2.116,625.367,0.423
21/08/2026,2026-08-21,77,[18:00-18:15[,2026-08-21 17:00,1502.19,28006.143,18.644,5627.743,3.746,,,,,19236.41,12.806,3283.783,2.186,-141.793,-0.094
21/08/2026,2026-08-21,78,[18:15-18:30[,2026-08-21 17:15,1515.348,9532.026,6.29,3533.637,2.332,,,,,5051.82,3.334,3104.507,2.049,-2157.937,-1.424
21/08/2026,2026-08-21,79,[18:30-18:45[,2026-08-21 17:30,1533.366,5810.111,3.789,,,,,,,3638.76,2.373,2323.558,1.515,-152.207,-0.099
21/08/2026,2026-08-21,80,[18:45-19:00[,2026-08-21 17:45,1568.865,3853.481,2.456,,,,,,,3410.68,2.174,2170.292,1.383,-1727.492,-1.101
21/08/2026,2026-08-21,81,[19:00-19:15[,2026-08-21 18:00,1602.314,11205.653,6.993,,,,,,,4490.34,2.802,2189.655,1.367,4525.658,2.824
21/08/2026,2026-08-21,82,[19:15-19:30[,2026-08-21 18:15,1632.624,-6487.361,-3.974,,,,,,,2638.3,1.616,2282.382,1.398,-11408.043,-6.988
21/08/2026,2026-08-21,83,[19:30-19:45[,2026-08-21 18:30,1657.462,4123.975,2.488,,,,,,,2683.1,1.619,2259.462,1.363,-818.587,-0.494
21/08/2026,2026-08-21,84,[19:45-20:00[,2026-08-21 18:45,1682.54,4793.395,2.849,,,,,,,2507.46,1.49,2148.525,1.277,137.41,0.082
21/08/2026,2026-08-21,85,[20:00-20:15[,2026-08-21 19:00,1689.535,3041.204,1.8,,,,,,,3314.38,1.962,2226.274,1.318,-2499.45,-1.479
21/08/2026,2026-08-21,86,[20:15-20:30[,2026-08-21 19:15,1696.255,38.16,0.022,,,,,,,3108.5,1.833,2256.553,1.33,-5326.892,-3.14
21/08/2026,2026-08-21,87,[20:30-20:45[,2026-08-21 19:30,1706.606,659.38,0.386,,,,,,,3040.7,1.782,2114.025,1.239,-4495.345,-2.634
21/08/2026,2026-08-21,88,[20:45-21:00[,2026-08-21 19:45,1711.797,4211.334,2.46,,,,,,,3121.7,1.824,2114.872,1.235,-1025.238,-0.599
21/08/2026,2026-08-21,89,[21:00-21:15[,2026-08-21 20:00,1688.683,2173.09,1.287,,,,,,,5673.4,3.36,2114.216,1.252,-5614.526,-3.325
21/08/2026,2026-08-21,90,[21:15-21:30[,2026-08-21 20:15,1661.847,9993.417,6.013,,,,,,,6153.38,3.703,2112.581,1.271,1727.456,1.039
21/08/2026,2026-08-21,91,[21:30-21:45[,2026-08-21 20:30,1635.546,1377.465,0.842,,,,,,,3400.65,2.079,2205.094,1.348,-4228.278,-2.585
21/08/2026,2026-08-21,92,[21:45-22:00[,2026-08-21 20:45,1606.899,17653.154,10.986,,,,,,,9284.74,5.778,2205.254,1.372,6163.16,3.835
21/08/2026,2026-08-21,93,[22:00-22:15[,2026-08-21 21:00,1598.87,3626.007,2.268,,,,,,,10116.84,6.327,3293.648,2.06,-9784.481,-6.12
21/08/2026,2026-08-21,94,[22:15-22:30[,2026-08-21 21:15,1568.523,8408.864,5.361,,,,,,,9105.88,5.805,3196.721,2.038,-3893.737,-2.482
21/08/2026,2026-08-21,95,[22:30-22:45[,2026-08-21 21:30,1543.257,9945.41,6.444,,,,,,,7732.21,5.01,3280.68,2.126,-1067.48,-0.692
21/08/2026,2026-08-21,96,[22:45-23:00[,2026-08-21 21:45,1504.722,17190.773,11.425,2003.95,1.332,,,,,8177.8,5.435,3021.438,2.008,3987.586,2.65
22/08/2026,2026-08-22,1,[23:00-23:15[,2026-08-21 22:00,1482.619,-1744.286,-1.176,2497.063,1.684,,,,,1859.38,1.254,3276.972,2.21,-9377.7,-6.325
22/08/2026,2026-08-22,2,[23:15-23:30[,2026-08-21 22:15,1457.148,7674.01,5.266,3052.175,2.095,,,,,2768,1.9,3269.915,2.244,-1416.08,-0.972
22/08/2026,2026-08-22,3,[23:30-23:45[,2026-08-21 22:30,1424.809,14653.486,10.285,6591.038,4.626,,,,,2515,1.765,3262.926,2.29,2284.523,1.603
22/08/2026,2026-08-22,4,[23:45-00:00[,2026-08-21 22:45,1388.264,14266.634,10.277,7383.225,5.318,,,,,2713.88,1.955,3121.278,2.248,1048.251,0.755
22/08/2026,2026-08-22,5,[00:00-00:15[,2026-08-21 23:00,1366.185,14175.57,10.376,8706.02,6.373,,,,,2278.88,1.668,3148.964,2.305,41.706,0.031
22/08/2026,2026-08-22,6,[00:15-00:30[,2026-08-21 23:15,1353.038,13532.491,10.002,9024.64,6.67,,,,,2416.8,1.786,3256.198,2.407,-1165.147,-0.861
22/08/2026,2026-08-22,7,[00:30-00:45[,2026-08-21 23:30,1319.99,13575.772,10.285,9145.833,6.929,,,,,1574,1.192,3009.682,2.28,-153.743,-0.116
22/08/2026,2026-08-22,8,[00:45-01:00[,2026-08-21 23:45,1304.682,15314.982,11.738,9161.935,7.022,,,,,2416.8,1.852,3167.565,2.428,568.682,0.436
22/08/2026,2026-08-22,9,[01:00-01:15[,2026-08-22 00:00,1291.419,11898.366,9.213,8816.54,6.827,,,,,1459.5,1.13,3172.244,2.456,-1549.918,-1.2
22/08/2026,2026-08-22,10,[01:15-01:30[,2026-08-22 00:15,1262.391,12700.232,10.06,9146.48,7.245,,,,,1459.5,1.156,3050.035,2.416,-955.783,-0.757
22/08/2026,2026-08-22,11,[01:30-01:45[,2026-08-22 00:30,1251.187,12698.383,10.149,9154.955,7.317,,,,,1459.5,1.166,3271.84,2.615,-1187.912,-0.949
22/08/2026,2026-08-22,12,[01:45-02:00[,2026-08-22 00:45,1241.371,10304.161,8.301,9310.048,7.5,,,,,1459.5,1.176,3254.625,2.622,-3720.011,-2.997
22/08/2026,2026-08-22,13,[02:00-02:15[,2026-08-22 01:00,1218.401,12702.154,10.425,9194.288,7.546,,,,,1459.5,1.198,3191.378,2.619,-1143.012,-0.938
22/08/2026,2026-08-22,14,[02:15-02:30[,2026-08-22 01:15,1209.462,12985.134,10.736,9440.063,7.805,,,,,1459.5,1.207,3271.266,2.705,-1185.695,-0.98
22/08/2026,2026-08-22,15,[02:30-02:45[,2026-08-22 01:30,1202.374,13619.624,11.327,9637.33,8.015,,,,,1459.5,1.214,3259.521,2.711,-736.727,-0.613
22/08/2026,2026-08-22,16,[02:45-03:00[,2026-08-22 01:45,1177.696,13269.228,11.267,9637.33,8.183,,,,,1459.5,1.239,2892.378,2.456,-719.98,-0.611
22/08/2026,2026-08-22,17,[03:00-03:15[,2026-08-22 02:00,1174.755,13495.979,11.488,9604.278,8.176,,,,,1459.5,1.242,3271.233,2.785,-839.031,-0.714
22/08/2026,2026-08-22,18,[03:15-03:30[,2026-08-22 02:15,1164.414,12595.84,10.817,9670.183,8.305,,,,,1459.5,1.253,3267.016,2.806,-1800.859,-1.547
22/08/2026,2026-08-22,19,[03:30-03:45[,2026-08-22 02:30,1145.378,12344.709,10.778,9679.505,8.451,,,,,1459.5,1.274,2917.499,2.547,-1711.795,-1.495
22/08/2026,2026-08-22,20,[03:45-04:00[,2026-08-22 02:45,1144.573,13554.228,11.842,9636.93,8.42,,,,,1459.5,1.275,3271.892,2.859,-814.094,-0.711
22/08/2026,2026-08-22,21,[04:00-04:15[,2026-08-22 03:00,1143.977,13596.236,11.885,9364.035,8.186,,,,,1459.5,1.276,3260.226,2.85,-487.526,-0.426
22/08/2026,2026-08-22,22,[04:15-04:30[,2026-08-22 03:15,1129.203,15368.207,13.61,9439.463,8.359,,,,,1459.5,1.293,3005.476,2.662,1463.768,1.296
22/08/2026,2026-08-22,23,[04:30-04:45[,2026-08-22 03:30,1133.037,14247.407,12.575,9217.418,8.135,,,,,1044.6,0.922,3249.602,2.868,735.787,0.649
22/08/2026,2026-08-22,24,[04:45-05:00[,2026-08-22 03:45,1130.732,13502.236,11.941,9091.34,8.04,,,,,1459.5,1.291,3244.66,2.87,-293.264,-0.259
22/08/2026,2026-08-22,25,[05:00-05:15[,2026-08-22 04:00,1133.277,14897.389,13.145,8670.643,7.651,,,,,1045.4,0.922,3231.648,2.852,1949.698,1.72
22/08/2026,2026-08-22,26,[05:15-05:30[,2026-08-22 04:15,1136.853,11173.594,9.829,7813.093,6.873,,,,,1459.5,1.284,3243.201,2.853,-1342.2,-1.181
22/08/2026,2026-08-22,27,[05:30-05:45[,2026-08-22 04:30,1135.528,4985.976,4.391,4077.1,3.59,,,,,1459.5,1.285,3243.364,2.856,-3793.988,-3.341
22/08/2026,2026-08-22,28,[05:45-06:00[,2026-08-22 04:45,1136.933,7951.233,6.994,4043,3.556,,,,,1459.5,1.284,3212.761,2.826,-764.028,-0.672
22/08/2026,2026-08-22,29,[06:00-06:15[,2026-08-22 05:00,1160.962,10047.583,8.655,4086.75,3.52,,,,,1834.56,1.58,3244.053,2.794,882.22,0.76
22/08/2026,2026-08-22,30,[06:15-06:30[,2026-08-22 05:15,1163.327,8701.434,7.48,4069.5,3.498,,,,,1834.56,1.577,3245.109,2.79,-447.735,-0.385
22/08/2026,2026-08-22,31,[06:30-06:45[,2026-08-22 05:30,1151.286,10475.963,9.099,4098.305,3.56,,,,,1834.56,1.593,3132.505,2.721,1410.593,1.225
22/08/2026,2026-08-22,32,[06:45-07:00[,2026-08-22 05:45,1145.142,14168.781,12.373,8475.937,7.402,,,,,1834.56,1.602,3244.041,2.833,614.243,0.536
22/08/2026,2026-08-22,33,[07:00-07:15[,2026-08-22 06:00,1161.5,16464.788,14.175,9507.492,8.186,,,,,2428.22,2.091,3244.124,2.793,1284.953,1.106
22/08/2026,2026-08-22,34,[07:15-07:30[,2026-08-22 06:15,1163.861,16902.352,14.523,10284.416,8.836,,,,,2604,2.237,3211.232,2.759,802.704,0.69
22/08/2026,2026-08-22,35,[07:30-07:45[,2026-08-22 06:30,1170.712,12545.386,10.716,10760.152,9.191,,,,,3023.5,2.583,3212.664,2.744,-4450.93,-3.802
22/08/2026,2026-08-22,36,[07:45-08:00[,2026-08-22 06:45,1173.574,13833.527,11.788,10173.681,8.669,,,,,3643.3,3.104,3211.963,2.737,-3195.417,-2.723
22/08/2026,2026-08-22,37,[08:00-08:15[,2026-08-22 07:00,1191.747,21008.654,17.628,9877.6,8.288,,,,,8184.8,6.868,3230.497,2.711,-284.243,-0.239
22/08/2026,2026-08-22,38,[08:15-08:30[,2026-08-22 07:15,1182.209,28048.021,23.725,11430.1,9.668,,,,,14959.7,12.654,2592.895,2.193,-934.674,-0.791
22/08/2026,2026-08-22,39,[08:30-08:45[,2026-08-22 07:30,1207.693,37607.387,31.14,14455.507,11.97,,,,,19035.95,15.762,3241.829,2.684,874.102,0.724
22/08/2026,2026-08-22,40,[08:45-09:00[,2026-08-22 07:45,1225.022,38166.062,31.155,18770.856,15.323,,,,,16030.07,13.086,3237.256,2.643,127.88,0.104
22/08/2026,2026-08-22,41,[09:00-09:15[,2026-08-22 08:00,1236.243,39440.831,31.904,19556.969,15.82,,,,,17104.49,13.836,2868.546,2.32,-89.173,-0.072
22/08/2026,2026-08-22,42,[09:15-09:30[,2026-08-22 08:15,1241.739,40178.068,32.356,20143.244,16.222,,,,,16837.71,13.56,3186.621,2.566,10.493,0.008
22/08/2026,2026-08-22,43,[09:30-09:45[,2026-08-22 08:30,1236.774,40582.856,32.813,20377.579,16.476,,,,,17075.48,13.806,3130.957,2.532,-1.161,-0.001
22/08/2026,2026-08-22,44,[09:45-10:00[,2026-08-22 08:45,1234.309,39770.202,32.221,20409.45,16.535,,,,,16645.73,13.486,3024.563,2.45,-309.541,-0.251
22/08/2026,2026-08-22,45,[10:00-10:15[,2026-08-22 09:00,1248.633,40727.89,32.618,20723.414,16.597,,,,,17009.95,13.623,3034.402,2.43,-39.876,-0.032
22/08/2026,2026-08-22,46,[10:15-10:30[,2026-08-22 09:15,1239.899,37022.005,29.859,20748.701,16.734,,,,,16679.44,13.452,2983.383,2.406,-3389.518,-2.734
22/08/2026,2026-08-22,47,[10:30-10:45[,2026-08-22 09:30,1229.183,39262.262,31.942,20765.206,16.894,,,,,17210.91,14.002,3044.312,2.477,-1758.165,-1.43
22/08/2026,2026-08-22,48,[10:45-11:00[,2026-08-22 09:45,1223.446,39501.921,32.287,20739.634,16.952,,,,,16648.7,13.608,2498.236,2.042,-384.648,-0.314
22/08/2026,2026-08-22,49,[11:00-11:15[,2026-08-22 10:00,1236.03,41876.33,33.88,20736.696,16.777,,,,,18278.76,14.788,2878.156,2.329,-17.282,-0.014
22/08/2026,2026-08-22,50,[11:15-11:30[,2026-08-22 10:15,1237.208,37912.515,30.644,20713.64,16.742,,,,,16346.77,13.213,2841.337,2.297,-1989.231,-1.608
22/08/2026,2026-08-22,51,[11:30-11:45[,2026-08-22 10:30,1243.386,35593.153,28.626,20704.264,16.652,,,,,12837.83,10.325,2611.512,2.1,-560.453,-0.451
22/08/2026,2026-08-22,52,[11:45-12:00[,2026-08-22 10:45,1254.55,37354.675,29.775,20697.402,16.498,,,,,12938.85,10.314,2825.226,2.252,893.197,0.712
22/08/2026,2026-08-22,53,[12:00-12:15[,2026-08-22 11:00,1260.876,34223.82,27.143,20740.7,16.449,,,,,10953.04,8.687,2813.983,2.232,-283.902,-0.225
22/08/2026,2026-08-22,54,[12:15-12:30[,2026-08-22 11:15,1260.798,34406.453,27.289,20752.486,16.46,,,,,10968.04,8.699,2764.237,2.192,-78.31,-0.062
22/08/2026,2026-08-22,55,[12:30-12:45[,2026-08-22 11:30,1259.466,33819.537,26.852,20776.985,16.497,,,,,10328.04,8.2,2784.156,2.211,-69.644,-0.055
22/08/2026,2026-08-22,56,[12:45-13:00[,2026-08-22 11:45,1256.381,33912.533,26.992,20765.889,16.528,,,,,10364.6,8.25,2771.29,2.206,10.754,0.009
22/08/2026,2026-08-22,57,[13:00-13:15[,2026-08-22 12:00,1232.325,25776.671,20.917,20765.078,16.85,,,,,2500,2.029,2662.346,2.16,-150.753,-0.122
22/08/2026,2026-08-22,58,[13:15-13:30[,2026-08-22 12:15,1223.031,25945.659,21.214,20765.519,16.979,,,,,2494.5,2.04,2758.652,2.256,-73.012,-0.06
22/08/2026,2026-08-22,59,[13:30-13:45[,2026-08-22 12:30,1213.525,33350.94,27.483,20766.669,17.113,,,,,9967.32,8.214,2766.685,2.28,-149.734,-0.123
22/08/2026,2026-08-22,60,[13:45-14:00[,2026-08-22 12:45,1201.937,33286.346,27.694,20770.667,17.281,,,,,9961.32,8.288,2743.485,2.283,-189.126,-0.157
22/08/2026,2026-08-22,61,[14:00-14:15[,2026-08-22 13:00,1193.402,25805.664,21.624,20780.579,17.413,,,,,2482.5,2.08,2662.329,2.231,-119.743,-0.1
22/08/2026,2026-08-22,62,[14:15-14:30[,2026-08-22 13:15,1189.318,25828.282,21.717,20786.666,17.478,,,,,2476.5,2.082,2722.049,2.289,-156.933,-0.132
22/08/2026,2026-08-22,63,[14:30-14:45[,2026-08-22 13:30,1192.339,25844.408,21.675,20788.102,17.435,,,,,2479.5,2.08,2730.093,2.29,-153.287,-0.129
22/08/2026,2026-08-22,64,[14:45-15:00[,2026-08-22 13:45,1183.926,25873.737,21.854,20790.205,17.56,,,,,2473.5,2.089,2702.367,2.283,-92.334,-0.078
22/08/2026,2026-08-22,65,[15:00-15:15[,2026-08-22 14:00,1182.84,34618.099,29.267,20792.086,17.578,,,,,10948.04,9.256,2769.488,2.341,108.485,0.092
22/08/2026,2026-08-22,66,[15:15-15:30[,2026-08-22 14:15,1189.81,34503.923,29,20796,17.478,,,,,10928.04,9.185,2749.428,2.311,30.455,0.026
22/08/2026,2026-08-22,67,[15:30-15:45[,2026-08-22 14:30,1180.93,34537.065,29.246,20799.694,17.613,,,,,10887.48,9.219,2648.778,2.243,201.114,0.17
22/08/2026,2026-08-22,68,[15:45-16:00[,2026-08-22 14:45,1186.649,35236.287,29.694,20806.361,17.534,,,,,11857.48,9.992,2829.507,2.384,-257.061,-0.217
22/08/2026,2026-08-22,69,[16:00-16:15[,2026-08-22 15:00,1195.217,40628.271,33.992,20672.219,17.296,,,,,16579.68,13.872,2824.659,2.363,551.713,0.462
22/08/2026,2026-08-22,70,[16:15-16:30[,2026-08-22 15:15,1191.101,40181.273,33.735,20569.14,17.269,,,,,16852.96,14.149,2737.606,2.298,21.568,0.018
22/08/2026,2026-08-22,71,[16:30-16:45[,2026-08-22 15:30,1211.115,40091.409,33.103,20336.22,16.791,,,,,16818.59,13.887,2974.209,2.456,-37.61,-0.031
22/08/2026,2026-08-22,72,[16:45-17:00[,2026-08-22 15:45,1228.547,40456.871,32.931,20201.743,16.444,,,,,17146.5,13.957,2984.634,2.429,123.994,0.101
22/08/2026,2026-08-22,73,[17:00-17:15[,2026-08-22 16:00,1240.77,41721.251,33.625,20237.421,16.31,,,,,17989.94,14.499,2747.443,2.214,746.448,0.602
22/08/2026,2026-08-22,74,[17:15-17:30[,2026-08-22 16:15,1265.422,39621.899,31.311,19849.432,15.686,,,,,18338.48,14.492,3022.212,2.388,-1588.224,-1.255
22/08/2026,2026-08-22,75,[17:30-17:45[,2026-08-22 16:30,1293.802,42293.384,32.689,18982.887,14.672,,,,,17950.29,13.874,3014.238,2.33,2345.969,1.813
22/08/2026,2026-08-22,76,[17:45-18:00[,2026-08-22 16:45,1316.502,34490.832,26.199,16245.613,12.34,,,,,16640.44,12.64,2984.879,2.267,-1380.1,-1.048
22/08/2026,2026-08-22,77,[18:00-18:15[,2026-08-22 17:00,1346.153,37217.942,27.648,15907.175,11.817,,,,,16592.4,12.326,2881.859,2.141,1836.509,1.364
22/08/2026,2026-08-22,78,[18:15-18:30[,2026-08-22 17:15,1378.338,35599.144,25.828,12817.817,9.299,,,,,18343.65,13.309,3005.073,2.18,1432.604,1.039
22/08/2026,2026-08-22,79,[18:30-18:45[,2026-08-22 17:30,1400.158,19788.791,14.133,10669.159,7.62,,,,,8831.25,6.307,3079.201,2.199,-2790.819,-1.993
22/08/2026,2026-08-22,80,[18:45-19:00[,2026-08-22 17:45,1425.284,17004.147,11.93,8774.79,6.157,,,,,4138.1,2.903,2533.916,1.778,1557.34,1.093
22/08/2026,2026-08-22,81,[19:00-19:15[,2026-08-22 18:00,1476.011,9196.879,6.231,8602.566,5.828,,,,,1926.33,1.305,3223.372,2.184,-4555.389,-3.086
22/08/2026,2026-08-22,82,[19:15-19:30[,2026-08-22 18:15,1501.334,9867.36,6.572,7552.471,5.031,,,,,1926.33,1.283,3225.533,2.148,-2836.975,-1.89
22/08/2026,2026-08-22,83,[19:30-19:45[,2026-08-22 18:30,1513.011,7083.725,4.682,3078.809,2.035,,,,,1771.17,1.171,2917.319,1.928,-683.573,-0.452
22/08/2026,2026-08-22,84,[19:45-20:00[,2026-08-22 18:45,1537.168,9008.916,5.861,1873,1.218,,,,,1771.17,1.152,3229.846,2.101,2134.9,1.389
22/08/2026,2026-08-22,85,[20:00-20:15[,2026-08-22 19:00,1558.03,2780.246,1.784,2436.492,1.564,,,,,1912.29,1.227,3256.754,2.09,-4825.29,-3.097
22/08/2026,2026-08-22,86,[20:15-20:30[,2026-08-22 19:15,1571.305,10860.772,6.912,2728.44,1.736,,,,,1898.08,1.208,3257.734,2.073,2976.518,1.894
22/08/2026,2026-08-22,87,[20:30-20:45[,2026-08-22 19:30,1574.47,12669.958,8.047,2960.5,1.88,,,,,1912.29,1.215,2881.243,1.83,4915.924,3.122
22/08/2026,2026-08-22,88,[20:45-21:00[,2026-08-22 19:45,1581.021,6770.719,4.282,5913.85,3.741,,,,,1912.29,1.21,3094.173,1.957,-4149.594,-2.625
22/08/2026,2026-08-22,89,[21:00-21:15[,2026-08-22 20:00,1565.421,7787.716,4.975,2883,1.842,,,,,2080.29,1.329,3110.771,1.987,-286.345,-0.183
22/08/2026,2026-08-22,90,[21:15-21:30[,2026-08-22 20:15,1529.321,15756.961,10.303,6146.35,4.019,,,,,2117.49,1.385,2881.098,1.884,4612.023,3.016
22/08/2026,2026-08-22,91,[21:30-21:45[,2026-08-22 20:30,1514.213,13235.701,8.741,6348.538,4.193,,,,,2077.5,1.372,3108.446,2.053,1701.217,1.123
22/08/2026,2026-08-22,92,[21:45-22:00[,2026-08-22 20:45,1483.125,13698.204,9.236,6906.35,4.657,,,,,2539.4,1.712,3096.108,2.088,1156.346,0.78
22/08/2026,2026-08-22,93,[22:00-22:15[,2026-08-22 21:00,1450.616,14796.142,10.2,8222.922,5.669,,,,,2739.91,1.889,2616.635,1.804,1216.675,0.839
22/08/2026,2026-08-22,94,[22:15-22:30[,2026-08-22 21:15,1433.427,14899.621,10.394,8401.093,5.861,,,,,2903.3,2.025,2987.377,2.084,607.851,0.424
22/08/2026,2026-08-22,95,[22:30-22:45[,2026-08-22 21:30,1417.561,15020.149,10.596,8734.703,6.162,,,,,3195.15,2.254,3082.049,2.174,8.247,0.006
22/08/2026,2026-08-22,96,[22:45-23:00[,2026-08-22 21:45,1394.531,17284.686,12.395,9098.28,6.524,,,,,3543.97,2.541,3083.821,2.211,1558.615,1.118
23/08/2026,2026-08-23,1,[23:00-23:15[,2026-08-22 22:00,1365.309,15107.465,11.065,9461.182,6.93,,,,,1001.61,0.734,2956.239,2.165,1688.434,1.237
23/08/2026,2026-08-23,2,[23:15-23:30[,2026-08-22 22:15,1347.555,14570.091,10.812,9470.369,7.028,,,,,1001.61,0.743,3078.583,2.285,1019.529,0.757
23/08/2026,2026-08-23,3,[23:30-23:45[,2026-08-22 22:30,1321.036,13970.322,10.575,9503.111,7.194,,,,,1117.21,0.846,3071.577,2.325,278.423,0.211
23/08/2026,2026-08-23,4,[23:45-00:00[,2026-08-22 22:45,1285.445,18891.973,14.697,9507.251,7.396,,,,,1128.77,0.878,2944.652,2.291,5311.301,4.132
23/08/2026,2026-08-23,5,[00:00-00:15[,2026-08-22 23:00,1274.961,17706.761,13.888,9534.609,7.478,,,,,1193.37,0.936,3075.587,2.412,3903.196,3.061
23/08/2026,2026-08-23,6,[00:15-00:30[,2026-08-22 23:15,1263.38,14560.127,11.525,9506.773,7.525,,,,,1033.32,0.818,3072.827,2.432,947.207,0.75
23/08/2026,2026-08-23,7,[00:30-00:45[,2026-08-22 23:30,1228.526,14807.16,12.053,9510.913,7.742,,,,,1044.16,0.85,2487.868,2.025,1764.218,1.436
23/08/2026,2026-08-23,8,[00:45-01:00[,2026-08-22 23:45,1225.793,13376.745,10.913,9485.441,7.738,,,,,938.47,0.766,3071.824,2.506,-118.989,-0.097
23/08/2026,2026-08-23,9,[01:00-01:15[,2026-08-23 00:00,1214.191,13772.386,11.343,9905.388,8.158,,,,,814.33,0.671,3076.349,2.534,-23.681,-0.02
23/08/2026,2026-08-23,10,[01:15-01:30[,2026-08-23 00:15,1189.467,15613.096,13.126,10073.731,8.469,,,,,814.33,0.685,3076.014,2.586,1649.021,1.386
23/08/2026,2026-08-23,11,[01:30-01:45[,2026-08-23 00:30,1181,17896.963,15.154,10082.582,8.537,,,,,814.33,0.69,3075.518,2.604,3924.533,3.323
23/08/2026,2026-08-23,12,[01:45-02:00[,2026-08-23 00:45,1168.082,17221.973,14.744,10084.462,8.633,,,,,826.63,0.708,3073.723,2.631,3237.159,2.771
23/08/2026,2026-08-23,13,[02:00-02:15[,2026-08-23 01:00,1146.006,13759.164,12.006,10087.233,8.802,,,,,779.02,0.68,2917.355,2.546,-24.445,-0.021
23/08/2026,2026-08-23,14,[02:15-02:30[,2026-08-23 01:15,1138.56,14838.782,13.033,10090.989,8.863,,,,,833.14,0.732,3023.597,2.656,891.056,0.783
23/08/2026,2026-08-23,15,[02:30-02:45[,2026-08-23 01:30,1128.134,10667.818,9.456,10092.1,8.946,,,,,833.14,0.739,3015.881,2.673,-3273.303,-2.902
23/08/2026,2026-08-23,16,[02:45-03:00[,2026-08-23 01:45,1108.734,14182.992,12.792,10094.093,9.104,,,,,842.98,0.76,2828.657,2.551,417.262,0.376
23/08/2026,2026-08-23,17,[03:00-03:15[,2026-08-23 02:00,1111.49,15406.043,13.861,10095.205,9.083,,,,,672.82,0.605,3008.635,2.707,1629.384,1.466
23/08/2026,2026-08-23,18,[03:15-03:30[,2026-08-23 02:15,1103.112,16075.49,14.573,10097.427,9.154,,,,,672.82,0.61,3014.883,2.733,2290.36,2.076
23/08/2026,2026-08-23,19,[03:30-03:45[,2026-08-23 02:30,1082.864,13854.74,12.795,10098.538,9.326,,,,,672.82,0.621,2664.58,2.461,418.802,0.387
23/08/2026,2026-08-23,20,[03:45-04:00[,2026-08-23 02:45,1086.752,14906.394,13.716,10102.504,9.296,,,,,672.82,0.619,3014.014,2.773,1117.056,1.028
23/08/2026,2026-08-23,21,[04:00-04:15[,2026-08-23 03:00,1082.453,15171.027,14.015,10109.22,9.339,,,,,979.93,0.905,2972.283,2.746,1109.594,1.025
23/08/2026,2026-08-23,22,[04:15-04:30[,2026-08-23 03:15,1072.048,14847.128,13.849,10110.411,9.431,,,,,754.6,0.704,2904.611,2.709,1077.506,1.005
23/08/2026,2026-08-23,23,[04:30-04:45[,2026-08-23 03:30,1070.723,14380.387,13.431,10111.422,9.444,,,,,754.6,0.705,2897.036,2.706,617.329,0.577
23/08/2026,2026-08-23,24,[04:45-05:00[,2026-08-23 03:45,1069.952,12182.24,11.386,10113.293,9.452,,,,,754.6,0.705,2906.193,2.716,-1591.846,-1.488
23/08/2026,2026-08-23,25,[05:00-05:15[,2026-08-23 04:00,1070.538,10887.812,10.17,10115.789,9.449,,,,,754.6,0.705,2708.217,2.53,-2690.793,-2.513
23/08/2026,2026-08-23,26,[05:15-05:30[,2026-08-23 04:15,1079.142,12971.305,12.02,10118.213,9.376,,,,,754.6,0.699,2970.425,2.753,-871.934,-0.808
23/08/2026,2026-08-23,27,[05:30-05:45[,2026-08-23 04:30,1083.731,11070.457,10.215,10117.007,9.335,,,,,754.6,0.696,2963.645,2.735,-2764.795,-2.551
23/08/2026,2026-08-23,28,[05:45-06:00[,2026-08-23 04:45,1076.147,14013.842,13.022,10120.106,9.404,,,,,754.6,0.701,2795.482,2.598,343.653,0.319
23/08/2026,2026-08-23,29,[06:00-06:15[,2026-08-23 05:00,1099.491,15704.862,14.284,10126.835,9.21,,,,,815.7,0.742,2963.308,2.695,1799.02,1.636
23/08/2026,2026-08-23,30,[06:15-06:30[,2026-08-23 05:15,1100.556,10512.465,9.552,10128.931,9.203,,,,,815.7,0.741,2922.985,2.656,-3355.152,-3.049
23/08/2026,2026-08-23,31,[06:30-06:45[,2026-08-23 05:30,1078.779,14526.245,13.465,10025.049,9.293,,,,,1033.73,0.958,2656.578,2.463,810.889,0.752
23/08/2026,2026-08-23,32,[06:45-07:00[,2026-08-23 05:45,1069.383,12013.125,11.234,6908.516,6.46,,,,,1204.64,1.126,2865.568,2.68,1034.401,0.967
23/08/2026,2026-08-23,33,[07:00-07:15[,2026-08-23 06:00,1081.121,10340.19,9.564,6979.513,6.456,,,,,1907.2,1.764,2871.823,2.656,-1418.345,-1.312
23/08/2026,2026-08-23,34,[07:15-07:30[,2026-08-23 06:15,1078.656,13013.266,12.064,10542.013,9.773,,,,,2417.43,2.241,2591.839,2.403,-2538.015,-2.353
23/08/2026,2026-08-23,35,[07:30-07:45[,2026-08-23 06:30,1085.259,24883.129,22.928,14255.014,13.135,,,,,7183.89,6.62,2854.271,2.63,589.954,0.544
23/08/2026,2026-08-23,36,[07:45-08:00[,2026-08-23 06:45,1102.917,30675.211,27.813,18274.69,16.569,,,,,10190.61,9.24,2849.513,2.584,-639.602,-0.58
23/08/2026,2026-08-23,37,[08:00-08:15[,2026-08-23 07:00,1103.696,28847.824,26.137,20152.281,18.259,,,,,6038.04,5.471,2412.537,2.186,244.967,0.222
23/08/2026,2026-08-23,38,[08:15-08:30[,2026-08-23 07:15,1136.492,38642.535,34.002,21419.848,18.847,,,,,6314.22,5.556,2819.199,2.481,8089.268,7.118
23/08/2026,2026-08-23,39,[08:30-08:45[,2026-08-23 07:30,1143.74,34833.27,30.456,21735.035,19.003,,,,,6231.04,5.448,2777.516,2.428,4089.679,3.576
23/08/2026,2026-08-23,40,[08:45-09:00[,2026-08-23 07:45,1147.25,30741.47,26.796,21724.438,18.936,,,-0.749,-0.001,6604.5,5.757,2681.047,2.337,-267.765,-0.233
23/08/2026,2026-08-23,41,[09:00-09:15[,2026-08-23 08:00,1176.554,38801.751,32.979,21702.516,18.446,,,,,14288.35,12.144,2768.038,2.353,42.848,0.036
23/08/2026,2026-08-23,42,[09:15-09:30[,2026-08-23 08:15,1202.22,30930.597,25.728,21682.228,18.035,,,,,6513.64,5.418,2570.844,2.138,163.885,0.136
23/08/2026,2026-08-23,43,[09:30-09:45[,2026-08-23 08:30,1233.703,30942.426,25.081,21675.216,17.569,,,,,6153.53,4.988,2785.374,2.258,328.305,0.266
23/08/2026,2026-08-23,44,[09:45-10:00[,2026-08-23 08:45,1255.461,18891.941,15.048,21661.757,17.254,,,,,5700.75,4.541,2836.236,2.259,-11306.802,-9.006
23/08/2026,2026-08-23,45,[10:00-10:15[,2026-08-23 09:00,1285.202,22770.133,17.717,21707.123,16.89,,,,,5797.75,4.511,2840.437,2.21,-7575.177,-5.894
23/08/2026,2026-08-23,46,[10:15-10:30[,2026-08-23 09:15,1304.697,19514.085,14.957,21804.904,16.713,,,,,5836.58,4.474,2801.17,2.147,-10928.569,-8.376
23/08/2026,2026-08-23,47,[10:30-10:45[,2026-08-23 09:30,1307.735,30484.646,23.311,21804.706,16.674,,,,,5915.76,4.524,2684.865,2.053,79.315,0.061
23/08/2026,2026-08-23,48,[10:45-11:00[,2026-08-23 09:45,1322.253,27575.294,20.855,21846.55,16.522,,,,,2918.43,2.207,2767.473,2.093,42.841,0.032
23/08/2026,2026-08-23,49,[11:00-11:15[,2026-08-23 10:00,1339.406,43076.861,32.161,21849.344,16.313,,,,,18353.19,13.702,2751.631,2.054,122.696,0.092
23/08/2026,2026-08-23,50,[11:15-11:30[,2026-08-23 10:15,1331.872,42782.423,32.122,21770.02,16.345,,,,,18385.22,13.804,2480.017,1.862,147.167,0.11
23/08/2026,2026-08-23,51,[11:30-11:45[,2026-08-23 10:30,1341.232,39328.271,29.322,21769.608,16.231,,,,,14722.03,10.976,2691.486,2.007,145.147,0.108
23/08/2026,2026-08-23,52,[11:45-12:00[,2026-08-23 10:45,1340.182,39315.858,29.336,21769.228,16.243,,,,,14722.03,10.985,2674.498,1.996,150.102,0.112
23/08/2026,2026-08-23,53,[12:00-12:15[,2026-08-23 11:00,1331.187,30681.639,23.048,21768.42,16.353,,,,,6254.17,4.698,2540.262,1.908,118.788,0.089
23/08/2026,2026-08-23,54,[12:15-12:30[,2026-08-23 11:15,1353.876,30819.138,22.764,21768.03,16.078,,,,,6254.17,4.619,2674.378,1.975,122.56,0.091
23/08/2026,2026-08-23,55,[12:30-12:45[,2026-08-23 11:30,1379.053,29306.146,21.251,21767.667,15.785,,,,,6288.95,4.56,2725.717,1.977,-1476.188,-1.07
23/08/2026,2026-08-23,56,[12:45-13:00[,2026-08-23 11:45,1362.213,26332.515,19.331,21767.273,15.979,,,,,6288.95,4.617,2584.715,1.897,-4308.422,-3.163
23/08/2026,2026-08-23,57,[13:00-13:15[,2026-08-23 12:00,1347.411,30713.391,22.794,21767.278,16.155,,,,,6294.62,4.672,2667.099,1.979,-15.606,-0.012
23/08/2026,2026-08-23,58,[13:15-13:30[,2026-08-23 12:15,1329.936,30865.218,23.208,21766.898,16.367,,,,,6312.01,4.746,2753.632,2.07,32.678,0.025
23/08/2026,2026-08-23,59,[13:30-13:45[,2026-08-23 12:30,1315.369,31095.288,23.64,21766.491,16.548,,,,,6607.92,5.024,2629.239,1.999,91.639,0.07
23/08/2026,2026-08-23,60,[13:45-14:00[,2026-08-23 12:45,1313.797,31971.965,24.336,21766.536,16.568,,,,,6626.31,5.044,2699.395,2.055,879.724,0.67
23/08/2026,2026-08-23,61,[14:00-14:15[,2026-08-23 13:00,1320.216,23419.477,17.739,21840.587,16.543,,,,,2388.66,1.809,2770.145,2.098,-3579.915,-2.712
23/08/2026,2026-08-23,62,[14:15-14:30[,2026-08-23 13:15,1312.783,17390.716,13.247,21798.582,16.605,,,,,2254.8,1.718,2800.78,2.133,-9463.447,-7.209
23/08/2026,2026-08-23,63,[14:30-14:45[,2026-08-23 13:30,1304.599,18219.045,13.965,21790.058,16.702,,,,,2248.8,1.724,2628.526,2.015,-8448.339,-6.476
23/08/2026,2026-08-23,64,[14:45-15:00[,2026-08-23 13:45,1302.468,24774.429,19.021,21779.364,16.722,,,,,2242.8,1.722,2820.736,2.166,-2068.471,-1.588
23/08/2026,2026-08-23,65,[15:00-15:15[,2026-08-23 14:00,1301.884,16194.087,12.439,21784.965,16.733,,,,,2362.5,1.815,2820.687,2.167,-10774.065,-8.276
23/08/2026,2026-08-23,66,[15:15-15:30[,2026-08-23 14:15,1283.221,26150.418,20.379,21742.727,16.944,,,,,2353.5,1.834,2368.389,1.846,-314.198,-0.245
23/08/2026,2026-08-23,67,[15:30-15:45[,2026-08-23 14:30,1288.451,26844.021,20.834,21692.793,16.836,,,,,2344.5,1.82,2864.426,2.223,-57.699,-0.045
23/08/2026,2026-08-23,68,[15:45-16:00[,2026-08-23 14:45,1290.371,26752.711,20.733,21625.691,16.759,,,,,2338.5,1.812,2830.602,2.194,-42.082,-0.033
23/08/2026,2026-08-23,69,[16:00-16:15[,2026-08-23 15:00,1289.45,37853.898,29.357,21593.168,16.746,,,,,13408.18,10.398,2811.727,2.181,40.823,0.032
23/08/2026,2026-08-23,70,[16:15-16:30[,2026-08-23 15:15,1289.969,38297.455,29.689,21595.461,16.741,,,,,13861.87,10.746,2825.897,2.191,14.228,0.011
23/08/2026,2026-08-23,71,[16:30-16:45[,2026-08-23 15:30,1284.73,30224.934,23.526,21600.038,16.813,,,,,5855.3,4.558,2806.581,2.185,-36.984,-0.029
23/08/2026,2026-08-23,72,[16:45-17:00[,2026-08-23 15:45,1269.981,29853.323,23.507,21597.65,17.006,,,,,5875.82,4.627,2471.725,1.946,-91.872,-0.072
23/08/2026,2026-08-23,73,[17:00-17:15[,2026-08-23 16:00,1278.969,39910.805,31.205,21592.015,16.882,,,,,15212.63,11.894,2823.663,2.208,282.498,0.221
23/08/2026,2026-08-23,74,[17:15-17:30[,2026-08-23 16:15,1281.754,38792.679,30.265,21575.288,16.833,,,,,15150.03,11.82,2830.15,2.208,-762.789,-0.595
23/08/2026,2026-08-23,75,[17:30-17:45[,2026-08-23 16:30,1290.27,42916.154,33.261,21317.147,16.521,,,135.38,0.105,19056.12,14.769,2730.144,2.116,-322.637,-0.25
23/08/2026,2026-08-23,76,[17:45-18:00[,2026-08-23 16:45,1307.505,41844.592,32.003,20859.111,15.953,,,,,19024.09,14.55,2581.601,1.974,-620.21,-0.474
23/08/2026,2026-08-23,77,[18:00-18:15[,2026-08-23 17:00,1347.79,51056.183,37.881,21310.708,15.812,,,348.506,0.259,18992.06,14.091,2817.894,2.091,7587.015,5.629
23/08/2026,2026-08-23,78,[18:15-18:30[,2026-08-23 17:15,1366.706,39401.891,28.83,18013.998,13.181,,,,,20464.62,14.974,2898.363,2.121,-1975.09,-1.445
23/08/2026,2026-08-23,79,[18:30-18:45[,2026-08-23 17:30,1388.089,31015.514,22.344,13479.773,9.711,,,,,17394.93,12.532,2879.013,2.074,-2738.201,-1.973
23/08/2026,2026-08-23,80,[18:45-19:00[,2026-08-23 17:45,1404.703,13158.271,9.367,12238.079,8.712,,,,,5695.5,4.055,2900.89,2.065,-7676.197,-5.465
23/08/2026,2026-08-23,81,[19:00-19:15[,2026-08-23 18:00,1426.01,10668.622,7.481,11193.626,7.85,,,,,2416,1.694,2961.822,2.077,-5902.826,-4.139
23/08/2026,2026-08-23,82,[19:15-19:30[,2026-08-23 18:15,1440.267,11490.089,7.978,9657.447,6.705,,,,,1929.43,1.34,2875.062,1.996,-2971.85,-2.063
23/08/2026,2026-08-23,83,[19:30-19:45[,2026-08-23 18:30,1478.517,9203.383,6.225,9529.571,6.445,,,,,2099,1.42,2952.333,1.997,-5377.521,-3.637
23/08/2026,2026-08-23,84,[19:45-20:00[,2026-08-23 18:45,1474.484,8134.332,5.517,9726.066,6.596,,,,,1379.59,0.936,2082.427,1.412,-5053.751,-3.427
23/08/2026,2026-08-23,85,[20:00-20:15[,2026-08-23 19:00,1484.633,9536.276,6.423,6584.199,4.435,,,,,1498.82,1.01,1866.218,1.257,-412.961,-0.278
23/08/2026,2026-08-23,86,[20:15-20:30[,2026-08-23 19:15,1504.133,15104.373,10.042,6408.776,4.261,,,,,2052.04,1.364,1858.916,1.236,4784.642,3.181
23/08/2026,2026-08-23,87,[20:30-20:45[,2026-08-23 19:30,1524.395,12460.333,8.174,6593.426,4.325,,,,,1913.32,1.255,1860.314,1.22,2093.273,1.373
23/08/2026,2026-08-23,88,[20:45-21:00[,2026-08-23 19:45,1518.827,13815.114,9.096,6985.324,4.599,,,,,1498.82,0.987,1855.286,1.222,3475.684,2.288
23/08/2026,2026-08-23,89,[21:00-21:15[,2026-08-23 20:00,1497.404,11248.664,7.512,6545.857,4.371,,,,,1806,1.206,1647.602,1.1,1249.206,0.834
23/08/2026,2026-08-23,90,[21:15-21:30[,2026-08-23 20:15,1479.057,14187.712,9.592,6950.133,4.699,,,,,1747.32,1.181,1644.598,1.112,3845.661,2.6
23/08/2026,2026-08-23,91,[21:30-21:45[,2026-08-23 20:30,1462.607,12542.801,8.576,7063.38,4.829,,,,,1697.44,1.161,1687.463,1.154,2094.519,1.432
23/08/2026,2026-08-23,92,[21:45-22:00[,2026-08-23 20:45,1439.432,13077.25,9.085,7212.656,5.011,,,,,1815.61,1.261,1737.703,1.207,2311.281,1.606
23/08/2026,2026-08-23,93,[22:00-22:15[,2026-08-23 21:00,1425.379,22095.223,15.501,10127.204,7.105,,,,,1869.96,1.312,1832.296,1.285,8265.763,5.799
23/08/2026,2026-08-23,94,[22:15-22:30[,2026-08-23 21:15,1399.365,16653.994,11.901,10144.298,7.249,,,,,2809.7,2.008,1834,1.311,1865.995,1.333
23/08/2026,2026-08-23,95,[22:30-22:45[,2026-08-23 21:30,1393.358,13310.735,9.553,7965.69,5.717,,,,,2622.32,1.882,2961.841,2.126,-239.116,-0.172
23/08/2026,2026-08-23,96,[22:45-23:00[,2026-08-23 21:45,1369.414,23965.323,17.5,10698.283,7.812,,,,,4511,3.294,2899.737,2.118,5856.303,4.277
24/08/2026,2026-08-24,1,[23:00-23:15[,2026-08-23 22:00,1351.217,13138.436,9.723,9322.202,6.899,,,,,640.76,0.474,3190.337,2.361,-14.864,-0.011
24/08/2026,2026-08-24,2,[23:15-23:30[,2026-08-23 22:15,1315.182,17981.045,13.672,10526.519,8.004,,,,,759.8,0.578,2961.311,2.252,3733.415,2.839
24/08/2026,2026-08-24,3,[23:30-23:45[,2026-08-23 22:30,1299.765,16184.44,12.452,10553.579,8.12,,,,,1207.4,0.929,3190.004,2.454,1233.458,0.949
24/08/2026,2026-08-24,4,[23:45-00:00[,2026-08-23 22:45,1286.08,12090.249,9.401,10526.835,8.185,,,,,771.4,0.6,3189.838,2.48,-2397.823,-1.864
24/08/2026,2026-08-24,5,[00:00-00:15[,2026-08-23 23:00,1271.568,13902.87,10.934,10531.693,8.282,,,,,887.4,0.698,3434.981,2.701,-951.204,-0.748
24/08/2026,2026-08-24,6,[00:15-00:30[,2026-08-23 23:15,1236.352,15421.739,12.474,10537.009,8.523,,,,,885.4,0.716,2884.864,2.333,1114.466,0.901
24/08/2026,2026-08-24,7,[00:30-00:45[,2026-08-23 23:30,1230.452,15525.247,12.618,10555.13,8.578,,,,,1034.36,0.841,3341.909,2.716,593.847,0.483
24/08/2026,2026-08-24,8,[00:45-01:00[,2026-08-23 23:45,1221.565,14839.088,12.148,10740.698,8.793,,,,,1286.36,1.053,3383.996,2.77,-571.966,-0.468
24/08/2026,2026-08-24,9,[01:00-01:15[,2026-08-24 00:00,1188.922,15163.431,12.754,10755.989,9.047,,,,,974.5,0.82,3069.107,2.581,363.835,0.306
24/08/2026,2026-08-24,10,[01:15-01:30[,2026-08-24 00:15,1182.96,15803.612,13.359,10955.829,9.261,,,,,974.5,0.824,3421.942,2.893,451.341,0.382
24/08/2026,2026-08-24,11,[01:30-01:45[,2026-08-24 00:30,1173.26,18224.576,15.533,10989.906,9.367,,,,,974.5,0.831,3362.438,2.866,2897.733,2.47
24/08/2026,2026-08-24,12,[01:45-02:00[,2026-08-24 00:45,1158.757,18303.426,15.796,11000.176,9.493,,,,,974.5,0.841,3355.175,2.895,2973.575,2.566
24/08/2026,2026-08-24,13,[02:00-02:15[,2026-08-24 01:00,1140.852,19195.096,16.825,11045.14,9.681,,,,,312.18,0.274,3108.635,2.725,4729.141,4.145
24/08/2026,2026-08-24,14,[02:15-02:30[,2026-08-24 01:15,1140.649,15852.981,13.898,11387.751,9.984,,,,,388.86,0.341,3421.833,3,654.537,0.574
24/08/2026,2026-08-24,15,[02:30-02:45[,2026-08-24 01:30,1137.405,16181.877,14.227,11387.751,10.012,,,,,312.18,0.274,3420.36,3.007,1061.586,0.933
24/08/2026,2026-08-24,16,[02:45-03:00[,2026-08-24 01:45,1110.207,15891.715,14.314,11387.865,10.257,,,,,388.86,0.35,3026.291,2.726,1088.699,0.981
24/08/2026,2026-08-24,17,[03:00-03:15[,2026-08-24 02:00,1114.902,15224.186,13.655,11392.484,10.218,,,,,278.46,0.25,3388.5,3.039,164.741,0.148
24/08/2026,2026-08-24,18,[03:15-03:30[,2026-08-24 02:15,1110.631,14746.732,13.278,11390.074,10.255,,,,,302.26,0.272,3420.486,3.08,-366.088,-0.33
24/08/2026,2026-08-24,19,[03:30-03:45[,2026-08-24 02:30,1104.646,15805.374,14.308,11385.742,10.307,,,,,303.78,0.275,3424.366,3.1,691.487,0.626
24/08/2026,2026-08-24,20,[03:45-04:00[,2026-08-24 02:45,1094.81,17022.361,15.548,11385.398,10.399,,,,,303.78,0.277,3367.325,3.076,1965.858,1.796
24/08/2026,2026-08-24,21,[04:00-04:15[,2026-08-24 03:00,1095.552,13741.065,12.543,11949.448,10.907,,,,,485.46,0.443,3356.707,3.064,-2050.549,-1.872
24/08/2026,2026-08-24,22,[04:15-04:30[,2026-08-24 03:15,1102.926,12671.319,11.489,11852.281,10.746,,,,,425,0.385,3346.835,3.035,-2952.797,-2.677
24/08/2026,2026-08-24,23,[04:30-04:45[,2026-08-24 03:30,1088.622,17033.374,15.647,11390.873,10.464,,,,,302.5,0.278,3076.79,2.826,2263.211,2.079
24/08/2026,2026-08-24,24,[04:45-05:00[,2026-08-24 03:45,1097.539,11601.792,10.571,11000.479,10.023,,,,,313.7,0.286,3446.89,3.141,-3159.277,-2.879
24/08/2026,2026-08-24,25,[05:00-05:15[,2026-08-24 04:00,1117.069,16160.91,14.467,10792.708,9.662,,,,,974.5,0.872,3370.689,3.017,1023.014,0.916
24/08/2026,2026-08-24,26,[05:15-05:30[,2026-08-24 04:15,1107.234,16202.816,14.634,10741.041,9.701,,,,,974.5,0.88,3052.797,2.757,1434.477,1.296
24/08/2026,2026-08-24,27,[05:30-05:45[,2026-08-24 04:30,1126.04,14084.256,12.508,10556.389,9.375,,,,,883.32,0.784,3407.129,3.026,-762.582,-0.677
24/08/2026,2026-08-24,28,[05:45-06:00[,2026-08-24 04:45,1145.7,15548.777,13.571,10540.685,9.2,,,,,550,0.48,3410.899,2.977,1047.193,0.914
24/08/2026,2026-08-24,29,[06:00-06:15[,2026-08-24 05:00,1187.467,15908.875,13.397,8520.504,7.175,,,,,621.98,0.524,3410.767,2.872,3355.624,2.826
24/08/2026,2026-08-24,30,[06:15-06:30[,2026-08-24 05:15,1193.155,9855.023,8.26,7299.476,6.118,,,,,547.9,0.459,2940.577,2.465,-932.93,-0.782
24/08/2026,2026-08-24,31,[06:30-06:45[,2026-08-24 05:30,1216.084,10966.734,9.018,6120.645,5.033,,,,,469.44,0.386,3375.592,2.776,1001.057,0.823
24/08/2026,2026-08-24,32,[06:45-07:00[,2026-08-24 05:45,1225.786,9728.371,7.936,6101.792,4.978,,,,,436.44,0.356,3364.178,2.745,-174.04,-0.142
24/08/2026,2026-08-24,33,[07:00-07:15[,2026-08-24 06:00,1247.447,6714.517,5.383,2695.926,2.161,,,,,1309.41,1.05,3243.504,2.6,-534.322,-0.428
24/08/2026,2026-08-24,34,[07:15-07:30[,2026-08-24 06:15,1275.806,6240.596,4.891,5603.471,4.392,,,,,682.28,0.535,3430.089,2.689,-3475.243,-2.724
24/08/2026,2026-08-24,35,[07:30-07:45[,2026-08-24 06:30,1305.702,13024.107,9.975,8243.611,6.314,,,,,907.1,0.695,3341.606,2.559,531.789,0.407
24/08/2026,2026-08-24,36,[07:45-08:00[,2026-08-24 06:45,1334.805,11436.045,8.568,9195.498,6.889,,,,,1821.5,1.365,3345.501,2.506,-2926.454,-2.192
24/08/2026,2026-08-24,37,[08:00-08:15[,2026-08-24 07:00,1365.93,14040.641,10.279,8059.897,5.901,,,,,1570.4,1.15,3004.398,2.2,1405.946,1.029
24/08/2026,2026-08-24,38,[08:15-08:30[,2026-08-24 07:15,1422.232,14505.171,10.199,10216.713,7.184,,,1383.998,0.973,1570.4,1.104,3347.964,2.354,-2013.904,-1.416
24/08/2026,2026-08-24,39,[08:30-08:45[,2026-08-24 07:30,1459.671,33642.229,23.048,11945.338,8.184,,,,,18773.52,12.861,3368.425,2.308,-445.054,-0.305
24/08/2026,2026-08-24,40,[08:45-09:00[,2026-08-24 07:45,1464.978,34858.437,23.795,15349.523,10.478,,,,,18841.54,12.861,2690.31,1.836,-2022.936,-1.381
24/08/2026,2026-08-24,41,[09:00-09:15[,2026-08-24 08:00,1490.3,36969.538,24.807,14196.495,9.526,,,1.334,0.001,20368.11,13.667,2309.033,1.549,94.566,0.063
24/08/2026,2026-08-24,42,[09:15-09:30[,2026-08-24 08:15,1510.441,40659.043,26.919,16343.919,10.821,,,0.979,0.001,21736.05,14.391,2165.143,1.433,412.952,0.273
24/08/2026,2026-08-24,43,[09:30-09:45[,2026-08-24 08:30,1525.942,36701.745,24.052,18045.392,11.826,,,,,16176.85,10.601,2104.692,1.379,374.811,0.246
24/08/2026,2026-08-24,44,[09:45-10:00[,2026-08-24 08:45,1554.986,38618.168,24.835,19834.092,12.755,,,,,16572.14,10.657,2105.534,1.354,106.403,0.068
24/08/2026,2026-08-24,45,[10:00-10:15[,2026-08-24 09:00,1592.228,29822.198,18.73,19197.191,12.057,,,,,17052.11,10.71,3286.082,2.064,-9713.185,-6.1
24/08/2026,2026-08-24,46,[10:15-10:30[,2026-08-24 09:15,1597.719,28128.744,17.606,20027.223,12.535,,,,,16801.69,10.516,3254.7,2.037,-11954.87,-7.482
24/08/2026,2026-08-24,47,[10:30-10:45[,2026-08-24 09:30,1598.162,40357.474,25.252,20049.021,12.545,,,,,16907.38,10.579,3221.579,2.016,179.493,0.112
24/08/2026,2026-08-24,48,[10:45-11:00[,2026-08-24 09:45,1576.286,39287.705,24.924,20155.733,12.787,,,,,16445.89,10.433,2655.813,1.685,30.269,0.019
24/08/2026,2026-08-24,49,[11:00-11:15[,2026-08-24 10:00,1591.277,40491.94,25.446,20144.936,12.66,,,,,17221.47,10.822,3142.238,1.975,-16.703,-0.01
24/08/2026,2026-08-24,50,[11:15-11:30[,2026-08-24 10:15,1596.735,40841.919,25.578,20185.575,12.642,,,,,17308.74,10.84,3091.697,1.936,255.908,0.16
24/08/2026,2026-08-24,51,[11:30-11:45[,2026-08-24 10:30,1587.238,40854.169,25.739,20215.073,12.736,,,,,17402.02,10.964,2970.624,1.872,266.452,0.168
24/08/2026,2026-08-24,52,[11:45-12:00[,2026-08-24 10:45,1599.227,41097.089,25.698,20212.278,12.639,,,,,17353.23,10.851,3035.031,1.898,496.55,0.31
24/08/2026,2026-08-24,53,[12:00-12:15[,2026-08-24 11:00,1595.068,32227.294,20.204,20207.292,12.669,,,,,15593.11,9.776,3048.225,1.911,-6621.332,-4.151
24/08/2026,2026-08-24,54,[12:15-12:30[,2026-08-24 11:15,1585.034,30690.089,19.362,20201.862,12.745,,,,,15642.34,9.869,3033.081,1.914,-8187.193,-5.165
24/08/2026,2026-08-24,55,[12:30-12:45[,2026-08-24 11:30,1575.364,39207.184,24.888,20226.205,12.839,,,,,15715.27,9.976,3032.253,1.925,233.455,0.148
24/08/2026,2026-08-24,56,[12:45-13:00[,2026-08-24 11:45,1551.679,39053.67,25.169,20238.203,13.043,,,,,15736.51,10.142,2901.849,1.87,177.109,0.114
24/08/2026,2026-08-24,57,[13:00-13:15[,2026-08-24 12:00,1528.167,39901.596,26.111,20802.495,13.613,,,,,16004.7,10.473,2831.496,1.853,262.905,0.172
24/08/2026,2026-08-24,58,[13:15-13:30[,2026-08-24 12:15,1516.682,39924.353,26.323,20808.292,13.72,,,,,16014.15,10.559,2884.359,1.902,217.552,0.143
24/08/2026,2026-08-24,59,[13:30-13:45[,2026-08-24 12:30,1525.167,40128.768,26.311,20826.215,13.655,,,,,15812.33,10.368,2925.097,1.918,565.126,0.371
24/08/2026,2026-08-24,60,[13:45-14:00[,2026-08-24 12:45,1530.556,30260.205,19.771,20839.706,13.616,,,,,15863.37,10.364,2882.097,1.883,-9324.968,-6.093
24/08/2026,2026-08-24,61,[14:00-14:15[,2026-08-24 13:00,1510.636,38719.64,25.631,20837.513,13.794,,,,,16259.93,10.764,2662.72,1.763,-1040.523,-0.689
24/08/2026,2026-08-24,62,[14:15-14:30[,2026-08-24 13:15,1523.421,39483.273,25.918,20847.543,13.685,,,,,16243.7,10.663,2875.944,1.888,-483.914,-0.318
24/08/2026,2026-08-24,63,[14:30-14:45[,2026-08-24 13:30,1527.478,38170.593,24.989,20856.935,13.654,,,,,16079.89,10.527,2815.834,1.843,-1582.066,-1.036
24/08/2026,2026-08-24,64,[14:45-15:00[,2026-08-24 13:45,1508.466,38888.367,25.78,20845.795,13.819,,,,,16051.61,10.641,2440.94,1.618,-449.977,-0.298
24/08/2026,2026-08-24,65,[15:00-15:15[,2026-08-24 14:00,1531.695,26117.794,17.052,20832.431,13.601,,,,,2427.64,1.585,2823.74,1.844,33.983,0.022
24/08/2026,2026-08-24,66,[15:15-15:30[,2026-08-24 14:15,1528.405,25900.062,16.946,20830.231,13.629,,,,,2412.99,1.579,2788.812,1.825,-131.97,-0.086
24/08/2026,2026-08-24,67,[15:30-15:45[,2026-08-24 14:30,1510.869,24672.363,16.33,20226.192,13.387,,,,,2406.97,1.593,2337.151,1.547,-297.949,-0.197
24/08/2026,2026-08-24,68,[15:45-16:00[,2026-08-24 14:45,1522.294,25313.148,16.628,20218.589,13.282,,,,,2981.74,1.959,2431.166,1.597,-318.347,-0.209
24/08/2026,2026-08-24,69,[16:00-16:15[,2026-08-24 15:00,1518.916,40563.97,26.706,20209.089,13.305,,,,,17510.99,11.529,2528.08,1.664,315.811,0.208
24/08/2026,2026-08-24,70,[16:15-16:30[,2026-08-24 15:15,1520.563,39894.957,26.237,20139.321,13.245,,,,,17329.37,11.397,2561.304,1.684,-135.039,-0.089
24/08/2026,2026-08-24,71,[16:30-16:45[,2026-08-24 15:30,1531.419,39112.117,25.54,20031.091,13.08,,,,,16462.39,10.75,2659.23,1.736,-40.594,-0.027
24/08/2026,2026-08-24,72,[16:45-17:00[,2026-08-24 15:45,1533.966,38788.394,25.286,19977.392,13.023,,,,,16411.45,10.699,2553.707,1.665,-154.155,-0.1
24/08/2026,2026-08-24,73,[17:00-17:15[,2026-08-24 16:00,1513.819,38152.448,25.203,20024.036,13.227,,,,,16154.1,10.671,1525.585,1.008,448.728,0.296
24/08/2026,2026-08-24,74,[17:15-17:30[,2026-08-24 16:15,1518.712,37582.767,24.746,19881.107,13.091,,,,,15878.75,10.455,1721.006,1.133,101.905,0.067
24/08/2026,2026-08-24,75,[17:30-17:45[,2026-08-24 16:30,1528.935,34543.399,22.593,18017.28,11.784,,,,,15229.04,9.961,1625.624,1.063,-328.544,-0.215
24/08/2026,2026-08-24,76,[17:45-18:00[,2026-08-24 16:45,1537.817,35252.599,22.924,15349.688,9.981,,,,,16796.5,10.922,1606.692,1.045,1499.718,0.975
24/08/2026,2026-08-24,77,[18:00-18:15[,2026-08-24 17:00,1546.832,38957.613,25.185,15184.223,9.816,,,,,17182.34,11.108,1795.781,1.161,4795.268,3.1
24/08/2026,2026-08-24,78,[18:15-18:30[,2026-08-24 17:15,1562.942,30158.268,19.296,13455.764,8.609,,,,,12971.53,8.299,1845.36,1.181,1885.615,1.206
24/08/2026,2026-08-24,79,[18:30-18:45[,2026-08-24 17:30,1575.291,25583.207,16.24,12073.857,7.665,,,,,10161.8,6.451,1866.793,1.185,1480.757,0.94
24/08/2026,2026-08-24,80,[18:45-19:00[,2026-08-24 17:45,1611.232,11671.1,7.244,8676.602,5.385,,,,,1661.02,1.031,1905.468,1.183,-571.991,-0.355
24/08/2026,2026-08-24,81,[19:00-19:15[,2026-08-24 18:00,1642.312,11802.743,7.187,7265.717,4.424,,,,,1190.16,0.725,1955.391,1.191,1391.474,0.847
24/08/2026,2026-08-24,82,[19:15-19:30[,2026-08-24 18:15,1673.459,10927.742,6.53,6024.916,3.6,,,,,567,0.339,2200.452,1.315,2135.374,1.276
24/08/2026,2026-08-24,83,[19:30-19:45[,2026-08-24 18:30,1692.5,8890.946,5.253,2739.232,1.618,,,,,558.9,0.33,2204.606,1.303,3388.208,2.002
24/08/2026,2026-08-24,84,[19:45-20:00[,2026-08-24 18:45,1714.419,4943.94,2.884,2293.607,1.338,,,,,558.9,0.326,2208.698,1.288,-117.265,-0.068
24/08/2026,2026-08-24,85,[20:00-20:15[,2026-08-24 19:00,1718.99,5808.865,3.379,1974.333,1.149,,,,,594.01,0.346,2224.286,1.294,1016.237,0.591
24/08/2026,2026-08-24,86,[20:15-20:30[,2026-08-24 19:15,1720.192,-699.837,-0.407,1977.82,1.15,,,,,594.01,0.345,2223.272,1.292,-5494.94,-3.194
24/08/2026,2026-08-24,87,[20:30-20:45[,2026-08-24 19:30,1727.394,2929.833,1.696,2426.958,1.405,,,,,594.01,0.344,2223.33,1.287,-2314.465,-1.34
24/08/2026,2026-08-24,88,[20:45-21:00[,2026-08-24 19:45,1721.007,2863.436,1.664,2723.034,1.582,,,,,603.13,0.35,2296.512,1.334,-2759.24,-1.603
24/08/2026,2026-08-24,89,[21:00-21:15[,2026-08-24 20:00,1693.653,4814.375,2.843,2662.101,1.572,,,,,411.24,0.243,2300.351,1.358,-559.317,-0.33
24/08/2026,2026-08-24,90,[21:15-21:30[,2026-08-24 20:15,1664.573,4469.063,2.685,2811.626,1.689,,,,,403.64,0.242,2313.79,1.39,-1059.993,-0.637
24/08/2026,2026-08-24,91,[21:30-21:45[,2026-08-24 20:30,1637.869,2589.562,1.581,2975.102,1.816,,,,,403.64,0.246,2191.873,1.338,-2981.053,-1.82
24/08/2026,2026-08-24,92,[21:45-22:00[,2026-08-24 20:45,1607.319,7510.044,4.672,6923.752,4.308,,,,,403.64,0.251,2085.177,1.297,-1902.525,-1.184
24/08/2026,2026-08-24,93,[22:00-22:15[,2026-08-24 21:00,1573.605,13548.694,8.61,7634.16,4.851,,,,,595.59,0.378,2079.684,1.322,3239.261,2.058
24/08/2026,2026-08-24,94,[22:15-22:30[,2026-08-24 21:15,1543.508,20411.34,13.224,10032.725,6.5,,,,,884.76,0.573,2065.779,1.338,7428.077,4.812
24/08/2026,2026-08-24,95,[22:30-22:45[,2026-08-24 21:30,1514.504,13169.014,8.695,10506.16,6.937,,,,,1108.72,0.732,1971.118,1.301,-416.984,-0.275
24/08/2026,2026-08-24,96,[22:45-23:00[,2026-08-24 21:45,1484.525,12774.321,8.605,10510.407,7.08,,,,,1237.32,0.833,2072.228,1.396,-1045.635,-0.704
25/08/2026,2026-08-25,1,[23:00-23:15[,2026-08-24 22:00,1450.524,4727.258,3.259,3205.669,2.21,,,,,4369.95,3.013,2077.701,1.432,-4926.062,-3.396
25/08/2026,2026-08-25,2,[23:15-23:30[,2026-08-24 22:15,1415.202,2831.618,2.001,3245.581,2.293,,,,,4369.95,3.088,2107.881,1.489,-6891.795,-4.87
25/08/2026,2026-08-25,3,[23:30-23:45[,2026-08-24 22:30,1386.871,6852.626,4.941,3293.482,2.375,,,,,5318.29,3.835,2336.428,1.685,-4095.573,-2.953
25/08/2026,2026-08-25,4,[23:45-00:00[,2026-08-24 22:45,1357.956,2898.443,2.134,3198.27,2.355,,,,,4369.95,3.218,2335.082,1.72,-7004.859,-5.158
25/08/2026,2026-08-25,5,[00:00-00:15[,2026-08-24 23:00,1334.109,7404.807,5.55,3246.583,2.434,,,,,4235.49,3.175,2337.964,1.752,-2415.23,-1.81
25/08/2026,2026-08-25,6,[00:15-00:30[,2026-08-24 23:15,1316.654,11002.99,8.357,3338.571,2.536,,,,,5062.29,3.845,2337.254,1.775,264.875,0.201
25/08/2026,2026-08-25,7,[00:30-00:45[,2026-08-24 23:30,1296.58,10250.388,7.906,3493.992,2.695,,,,,4877.97,3.762,2284.583,1.762,-406.156,-0.313
25/08/2026,2026-08-25,8,[00:45-01:00[,2026-08-24 23:45,1277.038,11064.212,8.664,3534.591,2.768,,,,,4877.97,3.82,2259.471,1.769,392.18,0.307
25/08/2026,2026-08-25,9,[01:00-01:15[,2026-08-25 00:00,1278.348,11300.443,8.84,3508.128,2.744,,,,,4508.58,3.527,3459.094,2.706,-175.36,-0.137
25/08/2026,2026-08-25,10,[01:15-01:30[,2026-08-25 00:15,1258.385,11792.954,9.371,3691.51,2.934,,,,,4508.58,3.583,3417.329,2.716,175.534,0.139
25/08/2026,2026-08-25,11,[01:30-01:45[,2026-08-25 00:30,1250.24,11394.794,9.114,3759.06,3.007,,,,,4498.34,3.598,3447.558,2.758,-310.164,-0.248
25/08/2026,2026-08-25,12,[01:45-02:00[,2026-08-25 00:45,1221.139,11627.236,9.522,3794.586,3.107,,,,,4498.34,3.684,3024.197,2.477,310.113,0.254
25/08/2026,2026-08-25,13,[02:00-02:15[,2026-08-25 01:00,1219.804,12023.115,9.857,3816.124,3.128,,,,,4321.24,3.543,3495.58,2.866,390.172,0.32
25/08/2026,2026-08-25,14,[02:15-02:30[,2026-08-25 01:15,1211.777,11572.449,9.55,3833.477,3.164,,,,,4321.24,3.566,3550.895,2.93,-133.162,-0.11
25/08/2026,2026-08-25,15,[02:30-02:45[,2026-08-25 01:30,1201.889,12455.962,10.364,3856.924,3.209,,,,,4321.24,3.595,3529.559,2.937,748.238,0.623
25/08/2026,2026-08-25,16,[02:45-03:00[,2026-08-25 01:45,1177.784,11599.332,9.848,3844.972,3.265,,,,,4321.24,3.669,3135.735,2.662,297.385,0.252
25/08/2026,2026-08-25,17,[03:00-03:15[,2026-08-25 02:00,1185.417,11252.407,9.492,3858.736,3.255,,,,,4268.11,3.601,3551.03,2.996,-425.47,-0.359
25/08/2026,2026-08-25,18,[03:15-03:30[,2026-08-25 02:15,1182.142,9859.194,8.34,3842.73,3.251,,,,,4268.11,3.61,3551.51,3.004,-1803.156,-1.525
25/08/2026,2026-08-25,19,[03:30-03:45[,2026-08-25 02:30,1163.129,11214.992,9.642,3834.425,3.297,,,,,4268.11,3.67,3246.561,2.791,-134.104,-0.115
25/08/2026,2026-08-25,20,[03:45-04:00[,2026-08-25 02:45,1160.817,11971.661,10.313,3795.373,3.27,,,,,4268.11,3.677,3552.634,3.06,355.545,0.306
25/08/2026,2026-08-25,21,[04:00-04:15[,2026-08-25 03:00,1162.725,10338.035,8.891,3778.748,3.25,,,,,4392.08,3.777,3464.133,2.979,-1296.925,-1.115
25/08/2026,2026-08-25,22,[04:15-04:30[,2026-08-25 03:15,1160.558,10324.291,8.896,3765.161,3.244,,,,,4392.08,3.784,3465.103,2.986,-1298.052,-1.118
25/08/2026,2026-08-25,23,[04:30-04:45[,2026-08-25 03:30,1145.468,12226.285,10.674,3533.268,3.085,,,,,4392.08,3.834,3235.227,2.824,1065.71,0.93
25/08/2026,2026-08-25,24,[04:45-05:00[,2026-08-25 03:45,1151.658,12750.183,11.071,3390.987,2.944,,,,,4392.08,3.814,3553.76,3.086,1413.357,1.227
25/08/2026,2026-08-25,25,[05:00-05:15[,2026-08-25 04:00,1169.568,8843.128,7.561,3199.287,2.735,,,,,3735,3.193,3553.113,3.038,-1644.271,-1.406
25/08/2026,2026-08-25,26,[05:15-05:30[,2026-08-25 04:15,1161.841,9346.29,8.044,3051.261,2.626,,,,,3735,3.215,3365.558,2.897,-805.529,-0.693
25/08/2026,2026-08-25,27,[05:30-05:45[,2026-08-25 04:30,1172.995,12617.531,10.757,2916.705,2.487,,,,,3754.5,3.201,3556.199,3.032,2390.127,2.038
25/08/2026,2026-08-25,28,[05:45-06:00[,2026-08-25 04:45,1189.591,12810.362,10.769,,,,,,,3317.38,2.789,3548.917,2.983,5944.065,4.997
25/08/2026,2026-08-25,29,[06:00-06:15[,2026-08-25 05:00,1217.927,6295.052,5.169,,,,,,,2982.22,2.449,3532.205,2.9,-219.373,-0.18
25/08/2026,2026-08-25,30,[06:15-06:30[,2026-08-25 05:15,1229.991,5738.605,4.666,,,,,,,2843.93,2.312,3516.862,2.859,-622.187,-0.506
25/08/2026,2026-08-25,31,[06:30-06:45[,2026-08-25 05:30,1240.47,5720.558,4.612,,,,,,,2982.22,2.404,3527.419,2.844,-789.08,-0.636
25/08/2026,2026-08-25,32,[06:45-07:00[,2026-08-25 05:45,1252.089,10935.856,8.734,,,,,,,2982.22,2.382,3529.314,2.819,4424.321,3.534
25/08/2026,2026-08-25,33,[07:00-07:15[,2026-08-25 06:00,1266.825,12127.879,9.573,,,,,,,3931.35,3.103,2943.303,2.323,5253.226,4.147
25/08/2026,2026-08-25,34,[07:15-07:30[,2026-08-25 06:15,1306.618,11992.301,9.178,,,,,,,3481.56,2.665,3523.748,2.697,4986.993,3.817
25/08/2026,2026-08-25,35,[07:30-07:45[,2026-08-25 06:30,1333.398,8550.273,6.412,,,,,,,4452.12,3.339,3537.126,2.653,561.026,0.421
25/08/2026,2026-08-25,36,[07:45-08:00[,2026-08-25 06:45,1360.402,19401.823,14.262,3308.244,2.432,,,,,5123.73,3.766,3545.789,2.606,7424.06,5.457
25/08/2026,2026-08-25,37,[08:00-08:15[,2026-08-25 07:00,1388.738,11721.807,8.441,6403.234,4.611,,,,,3399.39,2.448,2901.154,2.089,-981.971,-0.707
25/08/2026,2026-08-25,38,[08:15-08:30[,2026-08-25 07:15,1442.835,15868.599,10.998,6647.933,4.608,,,,,4287.78,2.972,3546.929,2.458,1385.957,0.961
25/08/2026,2026-08-25,39,[08:30-08:45[,2026-08-25 07:30,1481.397,15121.641,10.208,8480.317,5.725,,,,,4309.17,2.909,3534.686,2.386,-1202.532,-0.812
25/08/2026,2026-08-25,40,[08:45-09:00[,2026-08-25 07:45,1504.993,40889.488,27.169,10085.157,6.701,,,,,27250,18.106,2766.649,1.838,787.682,0.523
25/08/2026,2026-08-25,41,[09:00-09:15[,2026-08-25 08:00,1510.055,30014.66,19.877,9980.963,6.61,,,,,17106.84,11.329,2380.778,1.577,546.08,0.362
25/08/2026,2026-08-25,42,[09:15-09:30[,2026-08-25 08:15,1522.303,30418.797,19.982,10819.699,7.107,,,,,16733.87,10.992,2471.394,1.623,393.834,0.259
25/08/2026,2026-08-25,43,[09:30-09:45[,2026-08-25 08:30,1531.43,31624.98,20.651,11934.219,7.793,,,,,18053.54,11.789,2350.91,1.535,-713.689,-0.466
25/08/2026,2026-08-25,44,[09:45-10:00[,2026-08-25 08:45,1534.462,34402.219,22.42,14227.32,9.272,,,,,16274,10.606,2163.899,1.41,1737,1.132
25/08/2026,2026-08-25,45,[10:00-10:15[,2026-08-25 09:00,1549.868,35922.968,23.178,15109.963,9.749,,,,,16947.32,10.935,2236.616,1.443,1629.07,1.051
25/08/2026,2026-08-25,46,[10:15-10:30[,2026-08-25 09:15,1553.786,33383.028,21.485,15245.9,9.812,,,,,16842.67,10.84,2298.615,1.479,-1004.157,-0.646
25/08/2026,2026-08-25,47,[10:30-10:45[,2026-08-25 09:30,1565.939,32021.746,20.449,16705.588,10.668,,,,,15614.58,9.971,3323.998,2.123,-3622.419,-2.313
25/08/2026,2026-08-25,48,[10:45-11:00[,2026-08-25 09:45,1567.522,36568.733,23.329,17923.205,11.434,,,,,15685.54,10.007,3195.544,2.039,-235.556,-0.15
25/08/2026,2026-08-25,49,[11:00-11:15[,2026-08-25 10:00,1570.09,37967.129,24.181,18056.965,11.501,,,,,16198.53,10.317,3195.904,2.035,515.73,0.328
25/08/2026,2026-08-25,50,[11:15-11:30[,2026-08-25 10:15,1556.097,37313.867,23.979,18321.34,11.774,,,,,16157.92,10.384,2313.416,1.487,521.191,0.335
25/08/2026,2026-08-25,51,[11:30-11:45[,2026-08-25 10:30,1582.158,30666.861,19.383,18321.34,11.58,,,,,16009.45,10.119,3257.3,2.059,-6921.229,-4.375
25/08/2026,2026-08-25,52,[11:45-12:00[,2026-08-25 10:45,1589.528,37575.948,23.64,18321.325,11.526,,,,,16009.45,10.072,3285.962,2.067,-40.789,-0.026
25/08/2026,2026-08-25,53,[12:00-12:15[,2026-08-25 11:00,1590.005,36589.229,23.012,18321.325,11.523,,,,,14720.72,9.258,3279.927,2.063,267.258,0.168
25/08/2026,2026-08-25,54,[12:15-12:30[,2026-08-25 11:15,1581.947,36337.609,22.97,18321.325,11.582,,,,,14772.24,9.338,2542.468,1.607,701.576,0.443
25/08/2026,2026-08-25,55,[12:30-12:45[,2026-08-25 11:30,1577.568,36904.161,23.393,18321.325,11.614,,,,,14772.24,9.364,3093.175,1.961,717.421,0.455
25/08/2026,2026-08-25,56,[12:45-13:00[,2026-08-25 11:45,1567.038,36366.195,23.207,18394.45,11.738,,,,,14865.04,9.486,2956.04,1.886,150.665,0.096
25/08/2026,2026-08-25,57,[13:00-13:15[,2026-08-25 12:00,1537.232,36274.777,23.597,18321.325,11.918,,,,,14775.04,9.611,2794.555,1.818,383.858,0.25
25/08/2026,2026-08-25,58,[13:15-13:30[,2026-08-25 12:15,1523.518,36297.367,23.825,18321.325,12.026,,,,,14872.48,9.762,2863.91,1.88,239.652,0.157
25/08/2026,2026-08-25,59,[13:30-13:45[,2026-08-25 12:30,1518.298,35823.577,23.595,18321.325,12.067,,,,,14287.84,9.41,3049.05,2.008,165.362,0.109
25/08/2026,2026-08-25,60,[13:45-14:00[,2026-08-25 12:45,1510.331,36119.531,23.915,18351.325,12.151,,,,,14358.24,9.507,2990.054,1.98,419.913,0.278
25/08/2026,2026-08-25,61,[14:00-14:15[,2026-08-25 13:00,1499.25,37353.366,24.915,18503.695,12.342,,,,,15043.91,10.034,3003.732,2.003,802.03,0.535
25/08/2026,2026-08-25,62,[14:15-14:30[,2026-08-25 13:15,1491.216,42784.288,28.691,18557.132,12.444,,,1002.141,0.672,15087.26,10.117,2960.698,1.985,5177.058,3.472
25/08/2026,2026-08-25,63,[14:30-14:45[,2026-08-25 13:30,1486.338,36481.127,24.544,18494.32,12.443,,,,,15038.13,10.118,2926.9,1.969,21.777,0.015
25/08/2026,2026-08-25,64,[14:45-15:00[,2026-08-25 13:45,1466.867,35005.764,23.864,18407.542,12.549,,,,,14965.66,10.202,2770.558,1.889,-1137.996,-0.776
25/08/2026,2026-08-25,65,[15:00-15:15[,2026-08-25 14:00,1473.089,37307.197,25.326,18494.32,12.555,,,,,15266.29,10.363,2996.332,2.034,550.255,0.374
25/08/2026,2026-08-25,66,[15:15-15:30[,2026-08-25 14:15,1476.564,36677.335,24.84,18321.325,12.408,,,,,14875.28,10.074,2967.85,2.01,512.88,0.347
25/08/2026,2026-08-25,67,[15:30-15:45[,2026-08-25 14:30,1460.014,36137.937,24.752,18313.825,12.544,,,,,14809.44,10.143,2965.565,2.031,49.107,0.034
25/08/2026,2026-08-25,68,[15:45-16:00[,2026-08-25 14:45,1457.031,36569.252,25.098,17725.562,12.166,,,,,14090.48,9.671,3037.692,2.085,1715.518,1.177
25/08/2026,2026-08-25,69,[16:00-16:15[,2026-08-25 15:00,1458.603,36452.216,24.991,15484.937,10.616,,,,,17193,11.787,3085.96,2.116,688.319,0.472
25/08/2026,2026-08-25,70,[16:15-16:30[,2026-08-25 15:15,1452.733,36564.508,25.169,15109.937,10.401,,,,,17053.76,11.739,3105.701,2.138,1295.111,0.891
25/08/2026,2026-08-25,71,[16:30-16:45[,2026-08-25 15:30,1443.816,33305.997,23.068,14224.925,9.852,,,,,15932.03,11.035,3040.981,2.106,108.062,0.075
25/08/2026,2026-08-25,72,[16:45-17:00[,2026-08-25 15:45,1449.89,31163.992,21.494,12139.542,8.373,,,,,18138.45,12.51,3233.952,2.23,-2347.952,-1.619
25/08/2026,2026-08-25,73,[17:00-17:15[,2026-08-25 16:00,1461.016,34186.75,23.399,11264.646,7.71,,,1276.95,0.874,18157.66,12.428,3283.844,2.248,203.649,0.139
25/08/2026,2026-08-25,74,[17:15-17:30[,2026-08-25 16:15,1463.626,33219.988,22.697,10861.947,7.421,,,1276.95,0.872,17298.24,11.819,3164.567,2.162,618.283,0.422
25/08/2026,2026-08-25,75,[17:30-17:45[,2026-08-25 16:30,1490.739,26479.4,17.763,8735.203,5.86,,,,,12198.7,8.183,3389.872,2.274,2155.626,1.446
25/08/2026,2026-08-25,76,[17:45-18:00[,2026-08-25 16:45,1501.581,17578.323,11.707,5996.876,3.994,,,,,6622.86,4.411,3357.965,2.236,1600.623,1.066
25/08/2026,2026-08-25,77,[18:00-18:15[,2026-08-25 17:00,1501.776,15394.933,10.251,2814.551,1.874,,,,,7455.4,4.964,3313.766,2.207,1811.216,1.206
25/08/2026,2026-08-25,78,[18:15-18:30[,2026-08-25 17:15,1526.367,10471.366,6.86,,,,,,,4586.58,3.005,3244.404,2.126,2640.381,1.73
25/08/2026,2026-08-25,79,[18:30-18:45[,2026-08-25 17:30,1569.189,14938.799,9.52,,,,,,,4551.86,2.901,3417.201,2.178,6969.738,4.442
25/08/2026,2026-08-25,80,[18:45-19:00[,2026-08-25 17:45,1615.407,5688.077,3.521,,,,,,,4837.86,2.995,3434.046,2.126,-2583.829,-1.599
25/08/2026,2026-08-25,81,[19:00-19:15[,2026-08-25 18:00,1624.504,17673.651,10.879,,,18661.5,11.488,,,2982.22,1.836,2607.126,1.605,-6577.195,-4.049
25/08/2026,2026-08-25,82,[19:15-19:30[,2026-08-25 18:15,1655.961,15765.54,9.52,,,18661.5,11.269,,,2855.23,1.724,2545.869,1.537,-8297.06,-5.01
25/08/2026,2026-08-25,83,[19:30-19:45[,2026-08-25 18:30,1682.394,19983.446,11.878,,,18661.5,11.092,,,3146.02,1.87,2364.843,1.406,-4188.917,-2.49
25/08/2026,2026-08-25,84,[19:45-20:00[,2026-08-25 18:45,1709.969,26193.908,15.318,,,18661.5,10.913,,,3217.3,1.881,2370.708,1.386,1944.401,1.137
25/08/2026,2026-08-25,85,[20:00-20:15[,2026-08-25 19:00,1723.196,24619.204,14.287,,,18661.5,10.83,,,5790.9,3.361,2340.656,1.358,-2173.852,-1.262
25/08/2026,2026-08-25,86,[20:15-20:30[,2026-08-25 19:15,1735.698,11997.293,6.912,,,18661.5,10.752,,,5790.9,3.336,2315.742,1.334,-14770.849,-8.51
25/08/2026,2026-08-25,87,[20:30-20:45[,2026-08-25 19:30,1745.587,12871.888,7.374,,,18661.5,10.691,,,5790.9,3.317,2241.536,1.284,-13822.048,-7.918
25/08/2026,2026-08-25,88,[20:45-21:00[,2026-08-25 19:45,1737.893,17533.484,10.089,,,18661.5,10.738,,,5790.9,3.332,2297.694,1.322,-9216.61,-5.303
25/08/2026,2026-08-25,89,[21:00-21:15[,2026-08-25 20:00,1708.977,12507.883,7.319,,,18661.5,10.92,,,5560.94,3.254,2312.928,1.353,-14027.485,-8.208
25/08/2026,2026-08-25,90,[21:15-21:30[,2026-08-25 20:15,1683.228,20641.285,12.263,,,18661.5,11.087,,,4936.86,2.933,2340.984,1.391,-5298.059,-3.148
25/08/2026,2026-08-25,91,[21:30-21:45[,2026-08-25 20:30,1653.364,23838.043,14.418,,,18661.5,11.287,,,4838.24,2.926,2398.065,1.45,-2059.762,-1.246
25/08/2026,2026-08-25,92,[21:45-22:00[,2026-08-25 20:45,1617.464,15692.798,9.702,,,18661.5,11.538,,,4680.46,2.894,2420.805,1.497,-10069.967,-6.226
25/08/2026,2026-08-25,93,[22:00-22:15[,2026-08-25 21:00,1592.326,17740.977,11.142,,,18661.5,11.72,,,5803.34,3.645,2333.362,1.465,-9057.226,-5.688
25/08/2026,2026-08-25,94,[22:15-22:30[,2026-08-25 21:15,1564.534,22302.52,14.255,,,18661.5,11.928,,,5746.49,3.673,2348.855,1.501,-4454.325,-2.847
25/08/2026,2026-08-25,95,[22:30-22:45[,2026-08-25 21:30,1533.711,20464.988,13.343,,,18661.5,12.168,,,4838.24,3.155,2402.585,1.567,-5437.337,-3.545
25/08/2026,2026-08-25,96,[22:45-23:00[,2026-08-25 21:45,1496.995,21439.872,14.322,,,18661.5,12.466,,,5724.92,3.824,2351.714,1.571,-5298.262,-3.539
26/08/2026,2026-08-26,1,[23:00-23:15[,2026-08-25 22:00,1467.12,3206.473,2.186,1183.319,0.807,,,,,2550.93,1.739,2439.497,1.663,-2967.273,-2.023
26/08/2026,2026-08-26,2,[23:15-23:30[,2026-08-25 22:15,1436.493,5312.753,3.698,1470.069,1.023,,,,,2550.93,1.776,2423.893,1.687,-1132.139,-0.788
26/08/2026,2026-08-26,3,[23:30-23:45[,2026-08-25 22:30,1419.961,8545.329,6.018,1663.95,1.172,,,,,2364.12,1.665,3467.942,2.442,1049.316,0.739
26/08/2026,2026-08-26,4,[23:45-00:00[,2026-08-25 22:45,1392.056,5615.772,4.034,1121.45,0.806,,,,,2550.93,1.832,3583.623,2.574,-1640.231,-1.178
26/08/2026,2026-08-26,5,[00:00-00:15[,2026-08-25 23:00,1373.431,6368.842,4.637,1122.414,0.817,,,,,2227.1,1.622,3590.421,2.614,-571.093,-0.416
26/08/2026,2026-08-26,6,[00:15-00:30[,2026-08-25 23:15,1342.007,8415.199,6.271,1277.414,0.952,,,,,2227.1,1.66,3442.857,2.565,1467.829,1.094
26/08/2026,2026-08-26,7,[00:30-00:45[,2026-08-25 23:30,1320.142,10163.862,7.699,1587.932,1.203,,,,,2227.1,1.687,3421.079,2.591,2927.751,2.218
26/08/2026,2026-08-26,8,[00:45-01:00[,2026-08-25 23:45,1303.302,10796.827,8.284,1839.032,1.411,,,,,1853.6,1.422,3338.842,2.562,3765.353,2.889
26/08/2026,2026-08-26,9,[01:00-01:15[,2026-08-26 00:00,1285.027,7045.986,5.483,2207.676,1.718,,,,,1424.26,1.108,3402.714,2.648,11.337,0.009
26/08/2026,2026-08-26,10,[01:15-01:30[,2026-08-26 00:15,1250.444,9643.387,7.712,2270.194,1.816,,,,,1437.22,1.149,3069.115,2.454,2866.859,2.293
26/08/2026,2026-08-26,11,[01:30-01:45[,2026-08-26 00:30,1246.133,11495.507,9.225,2404.788,1.93,,,,,1472.64,1.182,3626.386,2.91,3991.694,3.203
26/08/2026,2026-08-26,12,[01:45-02:00[,2026-08-26 00:45,1237.484,8044.68,6.501,2526.701,2.042,,,,,1464.5,1.183,3596.29,2.906,457.19,0.369
26/08/2026,2026-08-26,13,[02:00-02:15[,2026-08-26 01:00,1218.648,6430.021,5.276,2517.776,2.066,,,,,1464.5,1.202,3603.489,2.957,-1155.744,-0.948
26/08/2026,2026-08-26,14,[02:15-02:30[,2026-08-26 01:15,1208.766,11906.183,9.85,3206.395,2.653,,,,,1207.5,0.999,3524.714,2.916,3967.575,3.282
26/08/2026,2026-08-26,15,[02:30-02:45[,2026-08-26 01:30,1204.44,9574.605,7.949,3306.613,2.745,,,,,1225,1.017,3500.885,2.907,1542.107,1.28
26/08/2026,2026-08-26,16,[02:45-03:00[,2026-08-26 01:45,1190.349,14986.308,12.59,3338.776,2.805,,,,,1225,1.029,3562.276,2.993,6860.257,5.763
26/08/2026,2026-08-26,17,[03:00-03:15[,2026-08-26 02:00,1180.781,9762.311,8.268,3307.244,2.801,,,,,1225,1.037,3558.886,3.014,1671.182,1.415
26/08/2026,2026-08-26,18,[03:15-03:30[,2026-08-26 02:15,1177.936,8672.603,7.363,3339.407,2.835,,,,,1225,1.04,3589.316,3.047,518.88,0.44
26/08/2026,2026-08-26,19,[03:30-03:45[,2026-08-26 02:30,1175.689,8780.584,7.468,3359.944,2.858,,,,,1225,1.042,3592.389,3.056,603.251,0.513
26/08/2026,2026-08-26,20,[03:45-04:00[,2026-08-26 02:45,1152.859,13942.739,12.094,3359.313,2.914,,,,,1225,1.063,3168.607,2.748,6189.819,5.369
26/08/2026,2026-08-26,21,[04:00-04:15[,2026-08-26 03:00,1159.549,13413.54,11.568,7152.874,6.169,,,,,1225,1.056,3501.302,3.02,1534.365,1.323
26/08/2026,2026-08-26,22,[04:15-04:30[,2026-08-26 03:15,1160.57,14158.155,12.199,7174,6.181,,,,,1225,1.056,3462.415,2.983,2296.74,1.979
26/08/2026,2026-08-26,23,[04:30-04:45[,2026-08-26 03:30,1147.547,18475.357,16.1,5532.449,4.821,,,,,1225,1.067,3379.792,2.945,8338.116,7.266
26/08/2026,2026-08-26,24,[04:45-05:00[,2026-08-26 03:45,1154.91,6621.451,5.733,3364.22,2.913,,,,,1225,1.061,3553.132,3.077,-1520.901,-1.317
26/08/2026,2026-08-26,25,[05:00-05:15[,2026-08-26 04:00,1167.568,8965.172,7.679,2922.719,2.503,,,,,1499.5,1.284,3613.897,3.095,929.056,0.796
26/08/2026,2026-08-26,26,[05:15-05:30[,2026-08-26 04:15,1174.45,11981.042,10.201,2875.776,2.449,,,,,1499.5,1.277,3596.891,3.063,4008.875,3.413
26/08/2026,2026-08-26,27,[05:30-05:45[,2026-08-26 04:30,1164.66,10534.544,9.045,2315.213,1.988,,,,,1444.18,1.24,3147.517,2.703,3627.634,3.115
26/08/2026,2026-08-26,28,[05:45-06:00[,2026-08-26 04:45,1187.352,11223.09,9.452,2398.788,2.02,,,,,1464.5,1.233,3481.708,2.932,3878.094,3.266
26/08/2026,2026-08-26,29,[06:00-06:15[,2026-08-26 05:00,1229.634,5596.585,4.551,1890.854,1.538,,,,,1678.08,1.365,3549.316,2.886,-1521.665,-1.237
26/08/2026,2026-08-26,30,[06:15-06:30[,2026-08-26 05:15,1235.263,6756.653,5.47,1619.216,1.311,,,,,1892.1,1.532,3303.285,2.674,-57.948,-0.047
26/08/2026,2026-08-26,31,[06:30-06:45[,2026-08-26 05:30,1258.081,7580.45,6.025,1522.408,1.21,,,,,1892.1,1.504,3533.591,2.809,632.351,0.503
26/08/2026,2026-08-26,32,[06:45-07:00[,2026-08-26 05:45,1264.205,10493.944,8.301,1720.42,1.361,,,,,1830.22,1.448,3486.533,2.758,3456.771,2.734
26/08/2026,2026-08-26,33,[07:00-07:15[,2026-08-26 06:00,1292.064,4729.818,3.661,839.573,0.65,,,,,2227.1,1.724,3598.452,2.785,-1935.307,-1.498
26/08/2026,2026-08-26,34,[07:15-07:30[,2026-08-26 06:15,1318.033,8327.918,6.318,1133.763,0.86,,,,,2227.1,1.69,3536.341,2.683,1430.715,1.085
26/08/2026,2026-08-26,35,[07:30-07:45[,2026-08-26 06:30,1349.663,9278.205,6.874,1826.952,1.354,,,,,1928.5,1.429,3631.501,2.691,1891.251,1.401
26/08/2026,2026-08-26,36,[07:45-08:00[,2026-08-26 06:45,1384.599,16133.91,11.652,2431.113,1.756,,,,,1771.9,1.28,3484.332,2.516,8446.566,6.1
26/08/2026,2026-08-26,37,[08:00-08:15[,2026-08-26 07:00,1423.881,6565.229,4.611,3854.54,2.707,,,,,1996.08,1.402,2904.207,2.04,-2189.598,-1.538
26/08/2026,2026-08-26,38,[08:15-08:30[,2026-08-26 07:15,1478.131,13419.945,9.079,5218.477,3.53,,,,,3620.04,2.449,3545.411,2.399,1036.016,0.701
26/08/2026,2026-08-26,39,[08:30-08:45[,2026-08-26 07:30,1528.024,11681.745,7.645,8832.725,5.78,,,,,3411.43,2.233,3523.466,2.306,-4085.876,-2.674
26/08/2026,2026-08-26,40,[08:45-09:00[,2026-08-26 07:45,1553.254,24216.926,15.591,10690.461,6.883,,,,,13827.45,8.902,3569.005,2.298,-3869.99,-2.492
26/08/2026,2026-08-26,41,[09:00-09:15[,2026-08-26 08:00,1576.389,34524.798,21.901,12367.231,7.845,,,,,19664.72,12.475,2623.81,1.664,-130.963,-0.083
26/08/2026,2026-08-26,42,[09:15-09:30[,2026-08-26 08:15,1585.018,39370.76,24.839,15181.288,9.578,,,,,20862.86,13.163,2524.333,1.593,802.28,0.506
26/08/2026,2026-08-26,43,[09:30-09:45[,2026-08-26 08:30,1602.708,37630.219,23.479,17740.688,11.069,,,,,17955.77,11.203,2364.95,1.476,-431.188,-0.269
26/08/2026,2026-08-26,44,[09:45-10:00[,2026-08-26 08:45,1611.638,39984.037,24.81,19336.699,11.998,,,,,18723.97,11.618,2344.676,1.455,-421.308,-0.261
26/08/2026,2026-08-26,45,[10:00-10:15[,2026-08-26 09:00,1620.494,53060.329,32.743,19467.182,12.013,,,,,22912.17,14.139,2418.933,1.493,8262.044,5.098
26/08/2026,2026-08-26,46,[10:15-10:30[,2026-08-26 09:15,1653.868,46776.331,28.283,19814.796,11.981,,,,,23014.74,13.916,3320.193,2.008,626.602,0.379
26/08/2026,2026-08-26,47,[10:30-10:45[,2026-08-26 09:30,1654.576,46054.87,27.835,19849.513,11.997,,,,,22229.04,13.435,3392.471,2.05,583.846,0.353
26/08/2026,2026-08-26,48,[10:45-11:00[,2026-08-26 09:45,1667.959,43912.556,26.327,19894.732,11.928,,,,,22295.72,13.367,3522.468,2.112,-1800.364,-1.079
26/08/2026,2026-08-26,49,[11:00-11:15[,2026-08-26 10:00,1661.199,42451.412,25.555,19889.942,11.973,,,,,23408.94,14.092,2985.239,1.797,-3832.708,-2.307
26/08/2026,2026-08-26,50,[11:15-11:30[,2026-08-26 10:15,1688.463,40199.915,23.809,20083.082,11.894,,,,,23477.32,13.905,3459.356,2.049,-6819.842,-4.039
26/08/2026,2026-08-26,51,[11:30-11:45[,2026-08-26 10:30,1681.61,46851.566,27.861,20150.99,11.983,,,,,22797.41,13.557,3293.938,1.959,609.228,0.362
26/08/2026,2026-08-26,52,[11:45-12:00[,2026-08-26 10:45,1676.003,45780.929,27.316,20269.758,12.094,,,,,22865.68,13.643,3329.34,1.986,-683.849,-0.408
26/08/2026,2026-08-26,53,[12:00-12:15[,2026-08-26 11:00,1665.783,49224.936,29.551,20259.569,12.162,,,,,20631.93,12.386,3377.644,2.028,4955.794,2.975
26/08/2026,2026-08-26,54,[12:15-12:30[,2026-08-26 11:15,1629.734,59327.692,36.403,20253.092,12.427,,,,,20664.42,12.68,3402.662,2.088,15007.519,9.209
26/08/2026,2026-08-26,55,[12:30-12:45[,2026-08-26 11:30,1580.257,41861.847,26.491,20254.156,12.817,,,,,20664.42,13.077,3231.55,2.045,-2288.278,-1.448
26/08/2026,2026-08-26,56,[12:45-13:00[,2026-08-26 11:45,1545.798,45305.681,29.309,20256.932,13.105,,,,,20698.5,13.39,3286.219,2.126,1064.03,0.688
26/08/2026,2026-08-26,57,[13:00-13:15[,2026-08-26 12:00,1525.277,31289.395,20.514,20257.62,13.281,,,,,8012.32,5.253,2914.474,1.911,104.981,0.069
26/08/2026,2026-08-26,58,[13:15-13:30[,2026-08-26 12:15,1533.677,31650.69,20.637,20247.254,13.202,,,,,8009.54,5.222,3049.594,1.988,344.303,0.224
26/08/2026,2026-08-26,59,[13:30-13:45[,2026-08-26 12:30,1540.149,41285.657,26.806,20246.013,13.145,,,,,18192.06,11.812,2851.75,1.852,-4.166,-0.003
26/08/2026,2026-08-26,60,[13:45-14:00[,2026-08-26 12:45,1536.38,42253.079,27.502,20251.942,13.182,,,,,18160.42,11.82,3162.844,2.059,677.873,0.441
26/08/2026,2026-08-26,61,[14:00-14:15[,2026-08-26 13:00,1546.245,31918.776,20.643,20256.273,13.1,,,,,8066.52,5.217,3202.597,2.071,393.387,0.254
26/08/2026,2026-08-26,62,[14:15-14:30[,2026-08-26 13:15,1548.006,39102.461,25.26,20263.407,13.09,,,,,8048.04,5.199,3179.712,2.054,7611.303,4.917
26/08/2026,2026-08-26,63,[14:30-14:45[,2026-08-26 13:30,1541.334,38758.426,25.146,20242.752,13.133,,,,,8024.06,5.206,3205.74,2.08,7285.874,4.727
26/08/2026,2026-08-26,64,[14:45-15:00[,2026-08-26 13:45,1529.108,24942.828,16.312,20226.025,13.227,,,,,7892.4,5.161,3375.41,2.207,-6551.007,-4.284
26/08/2026,2026-08-26,65,[15:00-15:15[,2026-08-26 14:00,1520.158,42255.749,27.797,20221.85,13.302,,,,,18718.97,12.314,3291.147,2.165,23.782,0.016
26/08/2026,2026-08-26,66,[15:15-15:30[,2026-08-26 14:15,1516.089,42359.561,27.94,20162.707,13.299,,,,,18655.69,12.305,3394.731,2.239,146.433,0.097
26/08/2026,2026-08-26,67,[15:30-15:45[,2026-08-26 14:30,1501.748,37851.794,25.205,20152.906,13.42,,,,,18592.41,12.381,3335.8,2.221,-4229.321,-2.816
26/08/2026,2026-08-26,68,[15:45-16:00[,2026-08-26 14:45,1492.586,40302.221,27.002,20076.89,13.451,,,,,19319.46,12.944,3310.404,2.218,-2404.532,-1.611
26/08/2026,2026-08-26,69,[16:00-16:15[,2026-08-26 15:00,1484.861,51363.207,34.591,20024.598,13.486,,,,,27747.46,18.687,3370.397,2.27,220.752,0.149
26/08/2026,2026-08-26,70,[16:15-16:30[,2026-08-26 15:15,1486.462,50951.439,34.277,19809.997,13.327,,,,,27647.46,18.6,3424.081,2.304,69.901,0.047
26/08/2026,2026-08-26,71,[16:30-16:45[,2026-08-26 15:30,1498.788,38529.497,25.707,19810.98,13.218,,,,,22777.63,15.197,3503.18,2.337,-7562.293,-5.046
26/08/2026,2026-08-26,72,[16:45-17:00[,2026-08-26 15:45,1498.274,35100.098,23.427,19758.869,13.188,,,,,22709.25,15.157,3336.265,2.227,-10704.285,-7.144
26/08/2026,2026-08-26,73,[17:00-17:15[,2026-08-26 16:00,1500,46575.956,31.051,19810.822,13.207,,,,,21164.47,14.11,3456.719,2.304,2143.945,1.429
26/08/2026,2026-08-26,74,[17:15-17:30[,2026-08-26 16:15,1493.414,30937.278,20.716,19618.927,13.137,,,,,21096.09,14.126,2922.955,1.957,-12700.694,-8.504
26/08/2026,2026-08-26,75,[17:30-17:45[,2026-08-26 16:30,1499.323,26876.621,17.926,19358.55,12.912,,,,,20993.52,14.002,2483.107,1.656,-15958.556,-10.644
26/08/2026,2026-08-26,76,[17:45-18:00[,2026-08-26 16:45,1504.033,28550.771,18.983,17024.288,11.319,,,,,20356.12,13.534,2237.717,1.488,-11067.354,-7.358
26/08/2026,2026-08-26,77,[18:00-18:15[,2026-08-26 17:00,1504.805,35764.1,23.767,16244.288,10.795,,,,,15789.64,10.493,2262.626,1.504,1467.547,0.975
26/08/2026,2026-08-26,78,[18:15-18:30[,2026-08-26 17:15,1531.112,35264.486,23.032,13578.494,8.868,,,,,19823.62,12.947,2397.205,1.566,-534.832,-0.349
26/08/2026,2026-08-26,79,[18:30-18:45[,2026-08-26 17:30,1551.682,38985.061,25.124,10953.045,7.059,,,,,16763.31,10.803,2392.942,1.542,8875.763,5.72
26/08/2026,2026-08-26,80,[18:45-19:00[,2026-08-26 17:45,1575.24,8613.956,5.468,7627.159,4.842,,,-636.554,-0.404,2265.35,1.438,2530.758,1.607,-3172.757,-2.014
26/08/2026,2026-08-26,81,[19:00-19:15[,2026-08-26 18:00,1600.169,6694.125,4.183,5198.135,3.248,,,,,1643.59,1.027,2448.977,1.53,-2596.578,-1.623
26/08/2026,2026-08-26,82,[19:15-19:30[,2026-08-26 18:15,1636.884,10592.619,6.471,2083.212,1.273,,,,,1643.59,1.004,2554.76,1.561,4311.058,2.634
26/08/2026,2026-08-26,83,[19:30-19:45[,2026-08-26 18:30,1666.012,7582.435,4.551,1854.775,1.113,,,,,1549.81,0.93,2537.785,1.523,1640.066,0.984
26/08/2026,2026-08-26,84,[19:45-20:00[,2026-08-26 18:45,1691.907,5210.791,3.08,1676.65,0.991,,,,,1501.02,0.887,2563.022,1.515,-529.901,-0.313
26/08/2026,2026-08-26,85,[20:00-20:15[,2026-08-26 19:00,1702.728,7794.945,4.578,1726.25,1.014,,,,,1871.13,1.099,2496.426,1.466,1701.138,0.999
26/08/2026,2026-08-26,86,[20:15-20:30[,2026-08-26 19:15,1716.677,5597.057,3.26,1864.588,1.086,,,,,1655.79,0.965,2505.982,1.46,-429.303,-0.25
26/08/2026,2026-08-26,87,[20:30-20:45[,2026-08-26 19:30,1727.285,-5609.661,-3.248,1988.588,1.151,,,,,1658.7,0.96,2488.445,1.441,-11745.394,-6.8
26/08/2026,2026-08-26,88,[20:45-21:00[,2026-08-26 19:45,1712.313,-7852.678,-4.586,2304.4,1.346,,,,,1658.7,0.969,2563.904,1.497,-14379.681,-8.398
26/08/2026,2026-08-26,89,[21:00-21:15[,2026-08-26 20:00,1681.966,-3241.284,-1.927,2478.431,1.474,,,,,1789.8,1.064,2344.161,1.394,-9853.676,-5.858
26/08/2026,2026-08-26,90,[21:15-21:30[,2026-08-26 20:15,1653.734,7400.962,4.475,5969.131,3.609,,,,,1773.66,1.073,2421.942,1.465,-2763.771,-1.671
26/08/2026,2026-08-26,91,[21:30-21:45[,2026-08-26 20:30,1627.687,10096.212,6.203,6124.576,3.763,,,,,2344.64,1.44,2485.741,1.527,-858.745,-0.528
26/08/2026,2026-08-26,92,[21:45-22:00[,2026-08-26 20:45,1600.257,8908.868,5.567,6867.664,4.292,,,,,2344.64,1.465,2505.22,1.566,-2808.656,-1.755
26/08/2026,2026-08-26,93,[22:00-22:15[,2026-08-26 21:00,1571.061,0.545,0,3085.052,1.964,,,,,1946.07,1.239,2459.51,1.566,-7490.087,-4.768
26/08/2026,2026-08-26,94,[22:15-22:30[,2026-08-26 21:15,1540.66,1190.602,0.773,3124.308,2.028,,,,,1187.53,0.771,2447.135,1.588,-5568.371,-3.614
26/08/2026,2026-08-26,95,[22:30-22:45[,2026-08-26 21:30,1505.523,10553.753,7.01,6769.551,4.496,,,,,3341.8,2.22,2380.1,1.581,-1937.698,-1.287
26/08/2026,2026-08-26,96,[22:45-23:00[,2026-08-26 21:45,1470.05,5240.448,3.565,6884.581,4.683,,,,,2827.4,1.923,2414.51,1.642,-6886.044,-4.684
27/08/2026,2026-08-27,1,[23:00-23:15[,2026-08-26 22:00,1439.891,-26616.866,-18.485,2126.943,1.477,,,,,1927.64,1.339,2425.83,1.685,-33097.278,-22.986
27/08/2026,2026-08-27,2,[23:15-23:30[,2026-08-26 22:15,1414.206,4185.495,2.96,2127.725,1.505,,,,,1859.74,1.315,2525.768,1.786,-2327.738,-1.646
27/08/2026,2026-08-27,3,[23:30-23:45[,2026-08-26 22:30,1386.574,5171.761,3.73,2158.713,1.557,,,,,1859.74,1.341,2560.797,1.847,-1407.489,-1.015
27/08/2026,2026-08-27,4,[23:45-00:00[,2026-08-26 22:45,1349.721,6812.332,5.047,2137.02,1.583,,,,,1927.64,1.428,2519.953,1.867,227.719,0.169
27/08/2026,2026-08-27,5,[00:00-00:15[,2026-08-26 23:00,1345.15,4641.11,3.45,2137.583,1.589,,,,,1725.84,1.283,3696.824,2.748,-2919.137,-2.17
27/08/2026,2026-08-27,6,[00:15-00:30[,2026-08-26 23:15,1324.111,6044.674,4.565,2200.54,1.662,,,,,1725.84,1.303,3665.276,2.768,-1546.982,-1.168
27/08/2026,2026-08-27,7,[00:30-00:45[,2026-08-26 23:30,1308.558,8920.5,6.817,2658.805,2.032,,,,,1725.84,1.319,3687.964,2.818,847.891,0.648
27/08/2026,2026-08-27,8,[00:45-01:00[,2026-08-26 23:45,1278.983,-6666.183,-5.212,2695.541,2.108,,,,,1870.54,1.463,3403.712,2.661,-14635.976,-11.443
27/08/2026,2026-08-27,9,[01:00-01:15[,2026-08-27 00:00,1270.495,7469.984,5.88,2244.98,1.767,,,,,1725.84,1.358,3690.681,2.905,-191.518,-0.151
27/08/2026,2026-08-27,10,[01:15-01:30[,2026-08-27 00:15,1252.619,10942.674,8.736,2672.843,2.134,,,,,1725.84,1.378,3592.441,2.868,2951.55,2.356
27/08/2026,2026-08-27,11,[01:30-01:45[,2026-08-27 00:30,1228.813,8293.232,6.749,2673.451,2.176,,,,,1725.84,1.404,3552.07,2.891,341.872,0.278
27/08/2026,2026-08-27,12,[01:45-02:00[,2026-08-27 00:45,1211.1,5764.548,4.76,2699.745,2.229,,,,,2072.44,1.711,3691.612,3.048,-2699.249,-2.229
27/08/2026,2026-08-27,13,[02:00-02:15[,2026-08-27 01:00,1200.999,8650.892,7.203,2700.353,2.248,,,,,2072.44,1.726,3618.594,3.013,259.505,0.216
27/08/2026,2026-08-27,14,[02:15-02:30[,2026-08-27 01:15,1184.182,7335.814,6.195,2713.472,2.291,,,,,2072.44,1.75,3597.358,3.038,-1047.455,-0.885
27/08/2026,2026-08-27,15,[02:30-02:45[,2026-08-27 01:30,1180.033,8564.098,7.258,2745.08,2.326,,,,,2072.44,1.756,3692.837,3.129,53.741,0.046
27/08/2026,2026-08-27,16,[02:45-03:00[,2026-08-27 01:45,1172.111,7115.694,6.071,2777.157,2.369,,,,,2072.44,1.768,3628.208,3.095,-1362.112,-1.162
27/08/2026,2026-08-27,17,[03:00-03:15[,2026-08-27 02:00,1156.731,14945.016,12.92,4889.064,4.227,,,,,1632.42,1.411,3463.311,2.994,4960.221,4.288
27/08/2026,2026-08-27,18,[03:15-03:30[,2026-08-27 02:15,1154.984,9777.897,8.466,5154.481,4.463,,,,,1632.42,1.413,3618.785,3.133,-627.789,-0.544
27/08/2026,2026-08-27,19,[03:30-03:45[,2026-08-27 02:30,1151.382,4160.301,3.613,4634.852,4.025,,,,,1632.42,1.418,3672.386,3.19,-5779.357,-5.019
27/08/2026,2026-08-27,20,[03:45-04:00[,2026-08-27 02:45,1144.898,5082.423,4.439,3221.943,2.814,,,,,1632.42,1.426,3695.4,3.228,-3467.339,-3.029
27/08/2026,2026-08-27,21,[04:00-04:15[,2026-08-27 03:00,1139.347,13283.685,11.659,7766.269,6.816,,,,,1673.86,1.469,3625.747,3.182,217.809,0.191
27/08/2026,2026-08-27,22,[04:15-04:30[,2026-08-27 03:15,1137.087,13744.999,12.088,7767.734,6.831,,,,,1673.86,1.472,3582.199,3.15,721.207,0.634
27/08/2026,2026-08-27,23,[04:30-04:45[,2026-08-27 03:30,1144.1,16314.613,14.26,7294.633,6.376,,,,,1656.92,1.448,3534.219,3.089,3828.841,3.347
27/08/2026,2026-08-27,24,[04:45-05:00[,2026-08-27 03:45,1133.947,10904.976,9.617,3193.611,2.816,,,,,1673.86,1.476,3495.524,3.083,2541.981,2.242
27/08/2026,2026-08-27,25,[05:00-05:15[,2026-08-27 04:00,1155.414,17155.639,14.848,6529.194,5.651,,,,,2169.92,1.878,3666.723,3.174,4789.803,4.146
27/08/2026,2026-08-27,26,[05:15-05:30[,2026-08-27 04:15,1160.539,8332.506,7.18,2680.819,2.31,,,,,2093.16,1.804,3660.453,3.154,-101.926,-0.088
27/08/2026,2026-08-27,27,[05:30-05:45[,2026-08-27 04:30,1155.403,7904.251,6.841,2658.206,2.301,,,,,2093.16,1.812,3466.803,3.001,-313.917,-0.272
27/08/2026,2026-08-27,28,[05:45-06:00[,2026-08-27 04:45,1173.636,7151.184,6.093,2271.078,1.935,,,,,1746.56,1.488,3657.903,3.117,-524.357,-0.447
27/08/2026,2026-08-27,29,[06:00-06:15[,2026-08-27 05:00,1207.608,8169.359,6.765,1948.57,1.614,,,,,2082.5,1.724,3668.812,3.038,469.478,0.389
27/08/2026,2026-08-27,30,[06:15-06:30[,2026-08-27 05:15,1217.418,7196.48,5.911,1895.482,1.557,,,,,2082.5,1.711,3465.326,2.846,-246.828,-0.203
27/08/2026,2026-08-27,31,[06:30-06:45[,2026-08-27 05:30,1235.385,11680.266,9.455,2018.131,1.634,,,,,2426.98,1.965,3611.931,2.924,3623.224,2.933
27/08/2026,2026-08-27,32,[06:45-07:00[,2026-08-27 05:45,1244.498,12462.902,10.014,2079.356,1.671,,,,,2366.5,1.902,3616.816,2.906,4400.23,3.536
27/08/2026,2026-08-27,33,[07:00-07:15[,2026-08-27 06:00,1269.825,4022.278,3.168,1657.756,1.305,,,,,2214.59,1.744,3699.525,2.913,-3549.593,-2.795
27/08/2026,2026-08-27,34,[07:15-07:30[,2026-08-27 06:15,1299.596,12890.334,9.919,1956.906,1.506,,,,,2522.63,1.941,3678.224,2.83,4732.573,3.642
27/08/2026,2026-08-27,35,[07:30-07:45[,2026-08-27 06:30,1320.926,6681.617,5.058,2066.37,1.564,,,,,2522.63,1.91,3637.583,2.754,-1544.965,-1.17
27/08/2026,2026-08-27,36,[07:45-08:00[,2026-08-27 06:45,1348.989,15621.95,11.58,2199.083,1.63,,,,,2876.7,2.132,3627.9,2.689,6918.267,5.128
27/08/2026,2026-08-27,37,[08:00-08:15[,2026-08-27 07:00,1402.413,2692.505,1.92,1818.946,1.297,,,,,2115.4,1.508,3569.871,2.546,-4811.711,-3.431
27/08/2026,2026-08-27,38,[08:15-08:30[,2026-08-27 07:15,1447.535,6800.624,4.698,2090.971,1.445,,,,,2825.4,1.952,3656.923,2.526,-1772.67,-1.225
27/08/2026,2026-08-27,39,[08:30-08:45[,2026-08-27 07:30,1486.592,11255.755,7.572,5978.337,4.022,,,,,2456.02,1.652,3641.844,2.45,-820.447,-0.552
27/08/2026,2026-08-27,40,[08:45-09:00[,2026-08-27 07:45,1493.226,11243.008,7.529,7118.139,4.767,,,,,2587.65,1.733,3112.101,2.084,-1574.882,-1.055
27/08/2026,2026-08-27,41,[09:00-09:15[,2026-08-27 08:00,1509.28,17088.565,11.322,7353.575,4.872,,,,,2641.44,1.75,3445.436,2.283,3648.114,2.417
27/08/2026,2026-08-27,42,[09:15-09:30[,2026-08-27 08:15,1505.37,29319.786,19.477,9821.508,6.524,,,,,10300.28,6.842,3568.916,2.371,5629.083,3.739
27/08/2026,2026-08-27,43,[09:30-09:45[,2026-08-27 08:30,1500.183,28037.332,18.689,11002.357,7.334,,,,,11917.78,7.944,3563.203,2.375,1553.991,1.036
27/08/2026,2026-08-27,44,[09:45-10:00[,2026-08-27 08:45,1476.08,32827.982,22.24,13431.32,9.099,,,225.582,0.153,16568.35,11.225,3313.976,2.245,-711.245,-0.482
27/08/2026,2026-08-27,45,[10:00-10:15[,2026-08-27 09:00,1463.003,34359.631,23.486,15437.575,10.552,,,,,16843.7,11.513,3449.478,2.358,-1371.123,-0.937
27/08/2026,2026-08-27,46,[10:15-10:30[,2026-08-27 09:15,1475.072,37931.84,25.715,17255.388,11.698,,,,,17721.29,12.014,3519.702,2.386,-564.539,-0.383
27/08/2026,2026-08-27,47,[10:30-10:45[,2026-08-27 09:30,1473.48,40057.583,27.186,18396.014,12.485,,,,,17336.88,11.766,3329.842,2.26,994.847,0.675
27/08/2026,2026-08-27,48,[10:45-11:00[,2026-08-27 09:45,1486.735,42499.54,28.586,18565.934,12.488,,,,,17485.32,11.761,3500.549,2.355,2947.738,1.983
27/08/2026,2026-08-27,49,[11:00-11:15[,2026-08-27 10:00,1491.652,40569.984,27.198,18640.408,12.496,,,,,18661.71,12.511,3521.611,2.361,-253.744,-0.17
27/08/2026,2026-08-27,50,[11:15-11:30[,2026-08-27 10:15,1483.698,40161.384,27.068,18816.2,12.682,,,,,18163.16,12.242,3251.405,2.191,-69.381,-0.047
27/08/2026,2026-08-27,51,[11:30-11:45[,2026-08-27 10:30,1465.468,40225.458,27.449,18873.708,12.879,,,,,18284.65,12.477,3324.213,2.268,-257.113,-0.175
27/08/2026,2026-08-27,52,[11:45-12:00[,2026-08-27 10:45,1467.772,40585.39,27.651,18975.676,12.928,,,,,18361.02,12.509,3303.795,2.251,-55.101,-0.038
27/08/2026,2026-08-27,53,[12:00-12:15[,2026-08-27 11:00,1446.971,38778.112,26.8,18988.581,13.123,,,,,16712.64,11.55,3133.988,2.166,-57.096,-0.039
27/08/2026,2026-08-27,54,[12:15-12:30[,2026-08-27 11:15,1453.201,39237.792,27.001,19019.912,13.088,,,,,16777.87,11.545,3281.444,2.258,158.566,0.109
27/08/2026,2026-08-27,55,[12:30-12:45[,2026-08-27 11:30,1453.641,38961.726,26.803,19049.14,13.104,,,,,16790.39,11.551,3220.38,2.215,-98.184,-0.068
27/08/2026,2026-08-27,56,[12:45-13:00[,2026-08-27 11:45,1445.612,38447.842,26.596,19055.44,13.182,,,,,16812.93,11.63,2941.995,2.035,-362.523,-0.251
27/08/2026,2026-08-27,57,[13:00-13:15[,2026-08-27 12:00,1434.94,38070.274,26.531,19055.677,13.28,,,,,16065.03,11.196,3332.015,2.322,-382.449,-0.267
27/08/2026,2026-08-27,58,[13:15-13:30[,2026-08-27 12:15,1431.788,38537.181,26.915,19082.787,13.328,,,,,16126.76,11.263,3297.998,2.303,29.636,0.021
27/08/2026,2026-08-27,59,[13:30-13:45[,2026-08-27 12:30,1442.002,53192.461,36.888,19082.559,13.233,,,,,16289.25,11.296,3207.167,2.224,14613.485,10.134
27/08/2026,2026-08-27,60,[13:45-14:00[,2026-08-27 12:45,1408.522,42475.732,30.156,19119.616,13.574,,,,,16313.65,11.582,3221.737,2.287,3820.73,2.713
27/08/2026,2026-08-27,61,[14:00-14:15[,2026-08-27 13:00,1403.411,41650.735,29.678,19167.429,13.658,,,,,2015,1.436,3312.703,2.36,17155.603,12.224
27/08/2026,2026-08-27,62,[14:15-14:30[,2026-08-27 13:15,1395.381,25430.196,18.225,19178.811,13.744,,,,,2012.5,1.442,3253.014,2.331,985.87,0.707
27/08/2026,2026-08-27,63,[14:30-14:45[,2026-08-27 13:30,1378.804,25659.118,18.61,19178.768,13.91,,,,,2012.5,1.46,3258.856,2.364,1208.994,0.877
27/08/2026,2026-08-27,64,[14:45-15:00[,2026-08-27 13:45,1367.734,26074.457,19.064,19179.347,14.023,,,,,2735,2,3138.405,2.295,1021.705,0.747
27/08/2026,2026-08-27,65,[15:00-15:15[,2026-08-27 14:00,1361.055,40412.199,29.692,19178.885,14.091,,,,,16134.92,11.855,2982.771,2.192,2115.624,1.554
27/08/2026,2026-08-27,66,[15:15-15:30[,2026-08-27 14:15,1357,39161.62,28.859,19179.156,14.133,,,,,16856.12,12.422,3215.994,2.37,-89.65,-0.066
27/08/2026,2026-08-27,67,[15:30-15:45[,2026-08-27 14:30,1362.608,38553.208,28.294,19111.964,14.026,,,,,16093.39,11.811,3322.252,2.438,25.603,0.019
27/08/2026,2026-08-27,68,[15:45-16:00[,2026-08-27 14:45,1358.977,41652.864,30.65,19079.027,14.039,,,,,16054.29,11.814,3291.859,2.422,3227.688,2.375
27/08/2026,2026-08-27,69,[16:00-16:15[,2026-08-27 15:00,1368.448,41163.007,30.08,19053.474,13.923,,,,,18399.74,13.446,3263.557,2.385,446.236,0.326
27/08/2026,2026-08-27,70,[16:15-16:30[,2026-08-27 15:15,1373.668,40671.359,29.608,19051.658,13.869,,,,,18271.1,13.301,3165.885,2.305,182.716,0.133
27/08/2026,2026-08-27,71,[16:30-16:45[,2026-08-27 15:30,1386.469,40473.827,29.192,18955.428,13.672,,,,,18750.64,13.524,3206.452,2.313,-438.693,-0.316
27/08/2026,2026-08-27,72,[16:45-17:00[,2026-08-27 15:45,1367.959,39235.986,28.682,18813.005,13.753,,,,,18570.8,13.576,2441.787,1.785,-589.605,-0.431
27/08/2026,2026-08-27,73,[17:00-17:15[,2026-08-27 16:00,1374.745,37640.299,27.38,18566.073,13.505,,,,,16505.84,12.006,2344.749,1.706,223.637,0.163
27/08/2026,2026-08-27,74,[17:15-17:30[,2026-08-27 16:15,1385.499,33590.723,24.244,18391.23,13.274,,,,,16341.39,11.795,2273.244,1.641,-3415.141,-2.465
27/08/2026,2026-08-27,75,[17:30-17:45[,2026-08-27 16:30,1398.139,35468.606,25.368,17283.508,12.362,,,,,16407.09,11.735,2154.042,1.541,-376.034,-0.269
27/08/2026,2026-08-27,76,[17:45-18:00[,2026-08-27 16:45,1421.943,40156.169,28.24,14478.513,10.182,,,,,20353.89,14.314,2340.858,1.646,2982.909,2.098
27/08/2026,2026-08-27,77,[18:00-18:15[,2026-08-27 17:00,1445.297,29045.42,20.097,13093.042,9.059,,,,,12913.38,8.935,2331.97,1.613,707.028,0.489
27/08/2026,2026-08-27,78,[18:15-18:30[,2026-08-27 17:15,1476.42,20126.759,13.632,10134.878,6.864,,,,,7413.45,5.021,2358.442,1.597,219.989,0.149
27/08/2026,2026-08-27,79,[18:30-18:45[,2026-08-27 17:30,1507.154,19545.516,12.968,8602.945,5.708,,,,,6245.38,4.144,2402.007,1.594,2295.184,1.523
27/08/2026,2026-08-27,80,[18:45-19:00[,2026-08-27 17:45,1547.698,6530.685,4.22,4327.588,2.796,,,,,2454.76,1.586,2398.64,1.55,-2650.303,-1.712
27/08/2026,2026-08-27,81,[19:00-19:15[,2026-08-27 18:00,1581.55,13811.034,8.733,5131.251,3.244,,,,,1656.2,1.047,2501.142,1.581,4522.442,2.859
27/08/2026,2026-08-27,82,[19:15-19:30[,2026-08-27 18:15,1619.358,7986.502,4.932,2151.331,1.329,,,,,2173.92,1.342,2458.57,1.518,1202.681,0.743
27/08/2026,2026-08-27,83,[19:30-19:45[,2026-08-27 18:30,1644.915,4632.284,2.816,1947.118,1.184,,,,,1914.4,1.164,2495.854,1.517,-1725.087,-1.049
27/08/2026,2026-08-27,84,[19:45-20:00[,2026-08-27 18:45,1666.068,7006.859,4.206,1624.331,0.975,,,,,1914.4,1.149,2468.53,1.482,999.599,0.6
27/08/2026,2026-08-27,85,[20:00-20:15[,2026-08-27 19:00,1682.016,9148.067,5.439,1816.918,1.08,,,,,2100.4,1.249,2542.899,1.512,2687.85,1.598
27/08/2026,2026-08-27,86,[20:15-20:30[,2026-08-27 19:15,1698.05,9291.489,5.472,1623.424,0.956,,,,,2169.86,1.278,2465.996,1.452,3032.21,1.786
27/08/2026,2026-08-27,87,[20:30-20:45[,2026-08-27 19:30,1707.797,7625.723,4.465,1828.411,1.071,,,,,2169.86,1.271,2459.736,1.44,1167.716,0.684
27/08/2026,2026-08-27,88,[20:45-21:00[,2026-08-27 19:45,1694.176,1936.495,1.143,1817.561,1.073,,,,,2169.86,1.281,2519.023,1.487,-4569.949,-2.697
27/08/2026,2026-08-27,89,[21:00-21:15[,2026-08-27 20:00,1668.369,6196.533,3.714,1670.593,1.001,,,,,2794.8,1.675,2518.656,1.51,-787.516,-0.472
27/08/2026,2026-08-27,90,[21:15-21:30[,2026-08-27 20:15,1642.901,10624.832,6.467,1878.493,1.143,,,,,2797.5,1.703,2516.789,1.532,3432.05,2.089
27/08/2026,2026-08-27,91,[21:30-21:45[,2026-08-27 20:30,1615.43,5917.292,3.663,1923.811,1.191,,,,,2869.2,1.776,2444.681,1.513,-1320.4,-0.817
27/08/2026,2026-08-27,92,[21:45-22:00[,2026-08-27 20:45,1587.62,11508.333,7.249,2138.486,1.347,,,,,2568.28,1.618,2476.922,1.56,4324.646,2.724
27/08/2026,2026-08-27,93,[22:00-22:15[,2026-08-27 21:00,1559.835,13718.596,8.795,2242.611,1.438,,,,,3207.75,2.056,2538.721,1.628,5729.515,3.673
27/08/2026,2026-08-27,94,[22:15-22:30[,2026-08-27 21:15,1530.742,9588.929,6.264,2659.603,1.737,,,1.922,0.001,3195.19,2.087,2568.262,1.678,1163.952,0.76
27/08/2026,2026-08-27,95,[22:30-22:45[,2026-08-27 21:30,1499.088,9526.177,6.355,2945.203,1.965,,,,,3081.88,2.056,2475.129,1.651,1023.965,0.683
27/08/2026,2026-08-27,96,[22:45-23:00[,2026-08-27 21:45,1467.528,16539.382,11.27,7320.298,4.988,,,,,3978.88,2.711,2569.081,1.751,2671.123,1.82
28/08/2026,2026-08-28,1,[23:00-23:15[,2026-08-27 22:00,1436.135,2291.62,1.596,2076.295,1.446,,,,,2019.6,1.406,2552.381,1.777,-4356.656,-3.034
28/08/2026,2026-08-28,2,[23:15-23:30[,2026-08-27 22:15,1406.515,10335.329,7.348,3063.608,2.178,,,,,2548.8,1.812,2574.493,1.83,2148.429,1.527
28/08/2026,2026-08-28,3,[23:30-23:45[,2026-08-27 22:30,1377.808,5869.956,4.26,3142.358,2.281,,,,,2651.1,1.924,2591.941,1.881,-2515.442,-1.826
28/08/2026,2026-08-28,4,[23:45-00:00[,2026-08-27 22:45,1345.791,9509.929,7.066,3186.108,2.367,,,,,2622.94,1.949,2584.707,1.921,1116.175,0.829
28/08/2026,2026-08-28,5,[00:00-00:15[,2026-08-27 23:00,1338.651,10655.866,7.96,3186.588,2.38,,,,,2208.6,1.65,3706.246,2.769,1554.433,1.161
28/08/2026,2026-08-28,6,[00:15-00:30[,2026-08-27 23:15,1315.769,14037.899,10.669,6432.425,4.889,,,,,2208.6,1.679,3582.179,2.722,1814.695,1.379
28/08/2026,2026-08-28,7,[00:30-00:45[,2026-08-27 23:30,1304.946,12644.463,9.69,6476.585,4.963,,,,,2082.48,1.596,3702.223,2.837,383.174,0.294
28/08/2026,2026-08-28,8,[00:45-01:00[,2026-08-27 23:45,1280.944,12995.844,10.146,6581.705,5.138,,,,,2160.92,1.687,3658.93,2.856,594.289,0.464
28/08/2026,2026-08-28,9,[01:00-01:15[,2026-08-28 00:00,1247.957,12834.694,10.285,6441.185,5.161,,,,,1651.54,1.323,2785.996,2.232,1955.973,1.567
28/08/2026,2026-08-28,10,[01:15-01:30[,2026-08-28 00:15,1237.598,13454.232,10.871,6561.425,5.302,,,,,1651.54,1.334,3576.887,2.89,1664.38,1.345
28/08/2026,2026-08-28,11,[01:30-01:45[,2026-08-28 00:30,1227.454,11652.343,9.493,6596.705,5.374,,,,,1651.54,1.346,3670.581,2.99,-266.483,-0.217
28/08/2026,2026-08-28,12,[01:45-02:00[,2026-08-28 00:45,1219.071,13146.026,10.784,7639.805,6.267,,,,,1651.54,1.355,3701.06,3.036,153.622,0.126
28/08/2026,2026-08-28,13,[02:00-02:15[,2026-08-28 01:00,1193.523,13308.572,11.151,6601.625,5.531,,,,,1691.24,1.417,3318.111,2.78,1697.596,1.422
28/08/2026,2026-08-28,14,[02:15-02:30[,2026-08-28 01:15,1191.268,13765.508,11.555,7322.477,6.147,,,,,1691.24,1.42,3702.447,3.108,1049.345,0.881
28/08/2026,2026-08-28,15,[02:30-02:45[,2026-08-28 01:30,1183.066,13847.745,11.705,7595.469,6.42,,,,,1691.24,1.43,3723.284,3.147,837.752,0.708
28/08/2026,2026-08-28,16,[02:45-03:00[,2026-08-28 01:45,1174.698,14587.251,12.418,7686.289,6.543,,,,,1691.24,1.44,3686.85,3.139,1522.872,1.296
28/08/2026,2026-08-28,17,[03:00-03:15[,2026-08-28 02:00,1153.123,15441.709,13.391,7646.073,6.631,,,,,1677.4,1.455,3207.811,2.782,2910.425,2.524
28/08/2026,2026-08-28,18,[03:15-03:30[,2026-08-28 02:15,1157.749,14178.975,12.247,7541.369,6.514,,,,,1677.4,1.449,3668.502,3.169,1291.704,1.116
28/08/2026,2026-08-28,19,[03:30-03:45[,2026-08-28 02:30,1158.942,12670.99,10.933,6621.545,5.713,,,,,1677.4,1.447,3679.5,3.175,692.545,0.598
28/08/2026,2026-08-28,20,[03:45-04:00[,2026-08-28 02:45,1138.709,11345.465,9.963,6628.025,5.821,,,,,1677.4,1.473,3473.239,3.05,-433.199,-0.38
28/08/2026,2026-08-28,21,[04:00-04:15[,2026-08-28 03:00,1142.397,13155.046,11.515,7835.964,6.859,,,,,1701.62,1.49,3717.527,3.254,-100.066,-0.088
28/08/2026,2026-08-28,22,[04:15-04:30[,2026-08-28 03:15,1141.458,14450.331,12.66,6614.225,5.795,,,,,1701.62,1.491,3565.003,3.123,2569.483,2.251
28/08/2026,2026-08-28,23,[04:30-04:45[,2026-08-28 03:30,1142.964,13453.049,11.77,6517.985,5.703,,,,,1701.62,1.489,3665.249,3.207,1568.196,1.372
28/08/2026,2026-08-28,24,[04:45-05:00[,2026-08-28 03:45,1124.102,11074.949,9.852,6356.319,5.655,,,,,1632.46,1.452,3137.58,2.791,-51.41,-0.046
28/08/2026,2026-08-28,25,[05:00-05:15[,2026-08-28 04:00,1146.454,11081.47,9.666,3176.195,2.77,,,,,1647.73,1.437,3687.08,3.216,2570.465,2.242
28/08/2026,2026-08-28,26,[05:15-05:30[,2026-08-28 04:15,1157.799,5058.707,4.369,2831.545,2.446,,,,,1517.33,1.311,3688.232,3.186,-2978.4,-2.572
28/08/2026,2026-08-28,27,[05:30-05:45[,2026-08-28 04:30,1151.224,7100.628,6.168,2756.833,2.395,,,,,1641.99,1.426,3581.962,3.111,-880.157,-0.765
28/08/2026,2026-08-28,28,[05:45-06:00[,2026-08-28 04:45,1164.307,10866.798,9.333,2809.52,2.413,,,,,1560,1.34,3633.538,3.121,2863.74,2.46
28/08/2026,2026-08-28,29,[06:00-06:15[,2026-08-28 05:00,1206.473,3582.622,2.97,1964.308,1.628,,,,,1881.96,1.56,3705.514,3.071,-3969.16,-3.29
28/08/2026,2026-08-28,30,[06:15-06:30[,2026-08-28 05:15,1229.225,7744.867,6.301,1948.505,1.585,,,,,1798.56,1.463,3714.453,3.022,283.35,0.231
28/08/2026,2026-08-28,31,[06:30-06:45[,2026-08-28 05:30,1224.602,9418.823,7.691,2068.298,1.689,,,,,1887.6,1.541,3420.99,2.794,2041.936,1.667
28/08/2026,2026-08-28,32,[06:45-07:00[,2026-08-28 05:45,1235.494,15050.734,12.182,2752.105,2.228,,,,,1863,1.508,3712.048,3.005,6723.582,5.442
28/08/2026,2026-08-28,33,[07:00-07:15[,2026-08-28 06:00,1275.511,4103.22,3.217,1575.538,1.235,,,,,1911.1,1.498,3635.143,2.85,-3018.561,-2.367
28/08/2026,2026-08-28,34,[07:15-07:30[,2026-08-28 06:15,1285.981,11624.306,9.039,2342.563,1.822,,,,,2487,1.934,3489.808,2.714,3304.935,2.57
28/08/2026,2026-08-28,35,[07:30-07:45[,2026-08-28 06:30,1308.286,10137.019,7.748,2857.297,2.184,,,,,2302.8,1.76,3688.736,2.82,1288.186,0.985
28/08/2026,2026-08-28,36,[07:45-08:00[,2026-08-28 06:45,1334.303,17001.085,12.742,7550.265,5.659,,,,,2734.94,2.05,3694.75,2.769,3021.13,2.264
28/08/2026,2026-08-28,37,[08:00-08:15[,2026-08-28 07:00,1380.626,15105.783,10.941,7746.25,5.611,,,,,3406.44,2.467,3691.94,2.674,261.153,0.189
28/08/2026,2026-08-28,38,[08:15-08:30[,2026-08-28 07:15,1399.434,30133.605,21.533,10395.071,7.428,,,,,15237.18,10.888,3452.73,2.467,1048.624,0.749
28/08/2026,2026-08-28,39,[08:30-08:45[,2026-08-28 07:30,1431.355,31235.825,21.823,13733.957,9.595,,,,,14226.02,9.939,3648.759,2.549,-372.911,-0.261
28/08/2026,2026-08-28,40,[08:45-09:00[,2026-08-28 07:45,1450.421,37594.839,25.92,17200.8,11.859,,,,,17261.98,11.901,3566.581,2.459,-434.522,-0.3
28/08/2026,2026-08-28,41,[09:00-09:15[,2026-08-28 08:00,1454.995,44685.253,30.712,18757.475,12.892,,,,,22561.24,15.506,3021.21,2.076,345.328,0.237
28/08/2026,2026-08-28,42,[09:15-09:30[,2026-08-28 08:15,1463.779,45809.519,31.295,19440.657,13.281,,,,,22698.58,15.507,3357.7,2.294,312.583,0.214
28/08/2026,2026-08-28,43,[09:30-09:45[,2026-08-28 08:30,1470.961,41788.77,28.409,19489.437,13.249,,,,,18624.68,12.662,3319.284,2.257,355.369,0.242
28/08/2026,2026-08-28,44,[09:45-10:00[,2026-08-28 08:45,1462.525,42181.046,28.841,19559.976,13.374,,,,,18779.55,12.84,3317.722,2.268,523.798,0.358
28/08/2026,2026-08-28,45,[10:00-10:15[,2026-08-28 09:00,1451.625,35635.282,24.549,19761.336,13.613,,,,,12297.06,8.471,3190.029,2.198,386.857,0.266
28/08/2026,2026-08-28,46,[10:15-10:30[,2026-08-28 09:15,1454.852,27245.816,18.728,19948.58,13.712,,,,,3803.95,2.615,3168.729,2.178,324.557,0.223
28/08/2026,2026-08-28,47,[10:30-10:45[,2026-08-28 09:30,1457.873,27011.959,18.528,19935.182,13.674,,,,,3825.68,2.624,3015.442,2.068,235.655,0.162
28/08/2026,2026-08-28,48,[10:45-11:00[,2026-08-28 09:45,1435.993,26082.825,18.164,19921.433,13.873,,,,,3842.04,2.676,2023.101,1.409,296.251,0.206
28/08/2026,2026-08-28,49,[11:00-11:15[,2026-08-28 10:00,1433.259,41073.743,28.658,19908.257,13.89,,,,,18782.08,13.104,1889.658,1.318,493.748,0.344
28/08/2026,2026-08-28,50,[11:15-11:30[,2026-08-28 10:15,1440.338,40479.881,28.104,19903.418,13.819,,,,,18217.39,12.648,1871.186,1.299,487.888,0.339
28/08/2026,2026-08-28,51,[11:30-11:45[,2026-08-28 10:30,1443.055,40665.617,28.18,19894.753,13.787,,,,,18306.63,12.686,1824.089,1.264,640.146,0.444
28/08/2026,2026-08-28,52,[11:45-12:00[,2026-08-28 10:45,1444.769,40258.659,27.865,19882.425,13.762,,,,,18346.21,12.698,1868.537,1.293,161.487,0.112
28/08/2026,2026-08-28,53,[12:00-12:15[,2026-08-28 11:00,1476.043,38113.325,25.821,19868.098,13.46,,,,,13435.41,9.102,2972.345,2.014,1837.472,1.245
28/08/2026,2026-08-28,54,[12:15-12:30[,2026-08-28 11:15,1471.353,36069.01,24.514,19640.181,13.348,,,,,13541.93,9.204,2543.537,1.729,343.362,0.233
28/08/2026,2026-08-28,55,[12:30-12:45[,2026-08-28 11:30,1481.661,36544.886,24.665,19791.548,13.358,,,,,13565.05,9.155,2873.087,1.939,315.201,0.213
28/08/2026,2026-08-28,56,[12:45-13:00[,2026-08-28 11:45,1469.497,36373.002,24.752,19852.166,13.509,,,,,13623.45,9.271,2584.489,1.759,312.897,0.213
28/08/2026,2026-08-28,57,[13:00-13:15[,2026-08-28 12:00,1466.504,34555.529,23.563,19846.824,13.533,,,,,11667.78,7.956,2836.089,1.934,204.836,0.14
28/08/2026,2026-08-28,58,[13:15-13:30[,2026-08-28 12:15,1455.321,34619.066,23.788,19841.053,13.633,,,,,11667.78,8.017,2843.479,1.954,266.753,0.183
28/08/2026,2026-08-28,59,[13:30-13:45[,2026-08-28 12:30,1445.49,36478.643,25.236,19834.576,13.722,,,,,13197.53,9.13,2829.774,1.958,616.763,0.427
28/08/2026,2026-08-28,60,[13:45-14:00[,2026-08-28 12:45,1436.23,36013.283,25.075,19831.097,13.808,,,,,13197.93,9.189,2767.646,1.927,216.61,0.151
28/08/2026,2026-08-28,61,[14:00-14:15[,2026-08-28 13:00,1439.596,34807.489,24.179,19829.02,13.774,,,,,11657.78,8.098,2914.078,2.024,406.611,0.282
28/08/2026,2026-08-28,62,[14:15-14:30[,2026-08-28 13:15,1446.323,36143.755,24.99,19834.829,13.714,,,,,12960.55,8.961,3039.62,2.102,308.757,0.213
28/08/2026,2026-08-28,63,[14:30-14:45[,2026-08-28 13:30,1429.985,35975.621,25.158,19847.964,13.88,,,,,12924.03,9.038,2809.677,1.965,393.95,0.275
28/08/2026,2026-08-28,64,[14:45-15:00[,2026-08-28 13:45,1422.054,35820.324,25.189,19848.076,13.957,,,,,12875.23,9.054,2834.088,1.993,262.93,0.185
28/08/2026,2026-08-28,65,[15:00-15:15[,2026-08-28 14:00,1429.262,37113.22,25.967,19844.917,13.885,,,,,13538.15,9.472,3053.491,2.136,676.663,0.473
28/08/2026,2026-08-28,66,[15:15-15:30[,2026-08-28 14:15,1414.118,36561.446,25.855,19840.381,14.03,,,,,13471.81,9.527,2910.799,2.058,338.456,0.239
28/08/2026,2026-08-28,67,[15:30-15:45[,2026-08-28 14:30,1415.542,36594.805,25.852,19843.253,14.018,,,,,13388.75,9.458,3050.243,2.155,312.559,0.221
28/08/2026,2026-08-28,68,[15:45-16:00[,2026-08-28 14:45,1412.175,40264.144,28.512,19831.263,14.043,,,,,17206.86,12.185,2935.052,2.078,290.969,0.206
28/08/2026,2026-08-28,69,[16:00-16:15[,2026-08-28 15:00,1393.371,34129.018,24.494,19587.389,14.058,,,,,12001.02,8.613,2383.915,1.711,156.694,0.112
28/08/2026,2026-08-28,70,[16:15-16:30[,2026-08-28 15:15,1408.939,38067.505,27.019,19460.154,13.812,,,,,15640.76,11.101,2971.44,2.109,-4.849,-0.003
28/08/2026,2026-08-28,71,[16:30-16:45[,2026-08-28 15:30,1415.427,35515.145,25.091,19465.218,13.752,,,,,12480.42,8.817,3032.773,2.143,536.734,0.379
28/08/2026,2026-08-28,72,[16:45-17:00[,2026-08-28 15:45,1431.974,38384.285,26.805,19421.625,13.563,,,,,15982.44,11.161,2977.827,2.08,2.393,0.002
28/08/2026,2026-08-28,73,[17:00-17:15[,2026-08-28 16:00,1422.796,39169.847,27.53,19403.481,13.638,,,,,16409.53,11.533,2922.825,2.054,434.011,0.305
28/08/2026,2026-08-28,74,[17:15-17:30[,2026-08-28 16:15,1429.872,38494.618,26.922,18715.288,13.089,,,-0.008,0,16712.25,11.688,2991.854,2.092,75.234,0.053
28/08/2026,2026-08-28,75,[17:30-17:45[,2026-08-28 16:30,1456.597,41143.451,28.246,15836.738,10.872,,,-0.001,0,21032.34,14.439,3072.637,2.109,1201.738,0.825
28/08/2026,2026-08-28,76,[17:45-18:00[,2026-08-28 16:45,1468.076,34682.165,23.624,11853.064,8.074,,,0.495,0,17048.9,11.613,2962.122,2.018,2817.584,1.919
28/08/2026,2026-08-28,77,[18:00-18:15[,2026-08-28 17:00,1487.531,30534.755,20.527,10717.314,7.205,,,,,15094.75,10.148,3091.115,2.078,1631.576,1.097
28/08/2026,2026-08-28,78,[18:15-18:30[,2026-08-28 17:15,1502.059,17760.255,11.824,7265.605,4.837,,,,,5708.3,3.8,3288.723,2.189,1497.628,0.997
28/08/2026,2026-08-28,79,[18:30-18:45[,2026-08-28 17:30,1522.12,10026.877,6.587,2398.55,1.576,,,,,2925.16,1.922,2958.026,1.943,1745.141,1.147
28/08/2026,2026-08-28,80,[18:45-19:00[,2026-08-28 17:45,1574.059,8576.542,5.449,1617.964,1.028,,,,,2257.54,1.434,3383.483,2.15,1317.555,0.837
28/08/2026,2026-08-28,81,[19:00-19:15[,2026-08-28 18:00,1605.271,6574.935,4.096,2638.742,1.644,,,,,1956.4,1.219,3381.558,2.107,-1401.764,-0.873
28/08/2026,2026-08-28,82,[19:15-19:30[,2026-08-28 18:15,1630.014,15847.011,9.722,2508.529,1.539,,,,,2180.86,1.338,3228.821,1.981,7928.802,4.864
28/08/2026,2026-08-28,83,[19:30-19:45[,2026-08-28 18:30,1665.584,18790.332,11.282,2124.495,1.276,,,-227.85,-0.137,1999.9,1.201,3364.494,2.02,11529.293,6.922
28/08/2026,2026-08-28,84,[19:45-20:00[,2026-08-28 18:45,1689.314,4744.157,2.808,1230.455,0.728,,,,,2166.76,1.283,3389.729,2.007,-2042.786,-1.209
28/08/2026,2026-08-28,85,[20:00-20:15[,2026-08-28 19:00,1698.492,7388.23,4.35,1155.627,0.68,,,,,2552.8,1.503,3308.918,1.948,370.884,0.218
28/08/2026,2026-08-28,86,[20:15-20:30[,2026-08-28 19:15,1719.676,5796.934,3.371,1078.577,0.627,,,,,2702.8,1.572,3342.868,1.944,-1327.311,-0.772
28/08/2026,2026-08-28,87,[20:30-20:45[,2026-08-28 19:30,1732.298,1408.142,0.813,1117.357,0.645,,,,,2627.8,1.517,3324.882,1.919,-5661.897,-3.268
28/08/2026,2026-08-28,88,[20:45-21:00[,2026-08-28 19:45,1695.726,2881.545,1.699,1156.107,0.682,,,,,2552.8,1.505,2481.426,1.463,-3308.788,-1.951
28/08/2026,2026-08-28,89,[21:00-21:15[,2026-08-28 20:00,1669.255,8814.374,5.28,1685.432,1.01,,,,,2700.9,1.618,2252.885,1.35,2175.157,1.303
28/08/2026,2026-08-28,90,[21:15-21:30[,2026-08-28 20:15,1642.796,1085.068,0.661,1919.095,1.168,,,,,2056.77,1.252,2254.769,1.373,-5145.566,-3.132
28/08/2026,2026-08-28,91,[21:30-21:45[,2026-08-28 20:30,1631.104,1068.988,0.655,2339.92,1.435,,,,,2126.09,1.303,3369.522,2.066,-6766.544,-4.148
28/08/2026,2026-08-28,92,[21:45-22:00[,2026-08-28 20:45,1599.435,1249.155,0.781,2549.557,1.594,,,,,2313.89,1.447,3382.071,2.115,-6996.363,-4.374
28/08/2026,2026-08-28,93,[22:00-22:15[,2026-08-28 21:00,1579.507,11490.433,7.275,2367.432,1.499,,,,,3612.3,2.287,3423.121,2.167,2087.58,1.322
28/08/2026,2026-08-28,94,[22:15-22:30[,2026-08-28 21:15,1546.284,8305.316,5.371,2512.357,1.625,,,,,3904.52,2.525,3433.525,2.221,-1545.086,-0.999
28/08/2026,2026-08-28,95,[22:30-22:45[,2026-08-28 21:30,1518.174,2757.873,1.817,2602.645,1.714,,,,,2257.5,1.487,3294.325,2.17,-5396.597,-3.555
28/08/2026,2026-08-28,96,[22:45-23:00[,2026-08-28 21:45,1492.922,16294.578,10.915,2672.634,1.79,,,,,2257.5,1.512,3328.944,2.23,8035.5,5.382
29/08/2026,2026-08-29,1,[23:00-23:15[,2026-08-28 22:00,1447.118,8004.653,5.531,2857.195,1.974,,,,,1156.64,0.799,2813.958,1.945,1176.86,0.813
29/08/2026,2026-08-29,2,[23:15-23:30[,2026-08-28 22:15,1422.527,8544.234,6.006,2903.308,2.041,,,,,1115.84,0.784,3160.103,2.221,1364.984,0.96
29/08/2026,2026-08-29,3,[23:30-23:45[,2026-08-28 22:30,1393.251,6170.398,4.429,3008.708,2.159,,,,,969.86,0.696,3165.322,2.272,-973.492,-0.699
29/08/2026,2026-08-29,4,[23:45-00:00[,2026-08-28 22:45,1354.268,5374.507,3.969,2599.508,1.919,,,,,902.8,0.667,2947.096,2.176,-1074.896,-0.794
29/08/2026,2026-08-29,5,[00:00-00:15[,2026-08-28 23:00,1330.208,6444.02,4.844,2783.57,2.093,,,,,834.66,0.627,3092.535,2.325,-266.745,-0.201
29/08/2026,2026-08-29,6,[00:15-00:30[,2026-08-28 23:15,1311.444,4414.25,3.366,2903.308,2.214,,,,,941.64,0.718,3128.445,2.385,-2559.143,-1.951
29/08/2026,2026-08-29,7,[00:30-00:45[,2026-08-28 23:30,1286.802,7446.695,5.787,3144.333,2.444,,,,,1229.86,0.956,2955.828,2.297,116.674,0.091
29/08/2026,2026-08-29,8,[00:45-01:00[,2026-08-28 23:45,1269.457,6583.543,5.186,3182.308,2.507,,,,,1229.86,0.969,3142.653,2.476,-971.278,-0.765
29/08/2026,2026-08-29,9,[01:00-01:15[,2026-08-29 00:00,1253.244,-1305.284,-1.042,2903.308,2.317,,,,,1046.19,0.835,3037.061,2.423,-8291.843,-6.616
29/08/2026,2026-08-29,10,[01:15-01:30[,2026-08-29 00:15,1244.592,2801.03,2.251,3005.608,2.415,,,,,1101.45,0.885,3156.112,2.536,-4462.139,-3.585
29/08/2026,2026-08-29,11,[01:30-01:45[,2026-08-29 00:30,1211.48,7098.999,5.86,3182.308,2.627,,,,,1101.45,0.909,2613.605,2.157,201.637,0.166
29/08/2026,2026-08-29,12,[01:45-02:00[,2026-08-29 00:45,1202.795,7276.707,6.05,3182.308,2.646,,,,,1101.45,0.916,3115.456,2.59,-122.507,-0.102
29/08/2026,2026-08-29,13,[02:00-02:15[,2026-08-29 01:00,1198.587,3931.754,3.28,3202.458,2.672,,,,,841.89,0.702,3166.145,2.642,-3278.739,-2.736
29/08/2026,2026-08-29,14,[02:15-02:30[,2026-08-29 01:15,1175.99,6008.629,5.109,3241.208,2.756,,,,,841.89,0.716,3032.691,2.579,-1107.16,-0.941
29/08/2026,2026-08-29,15,[02:30-02:45[,2026-08-29 01:30,1165.411,7792.711,6.687,3241.208,2.781,,,,,841.89,0.722,3188.061,2.736,521.552,0.448
29/08/2026,2026-08-29,16,[02:45-03:00[,2026-08-29 01:45,1158.009,7891.263,6.815,3272.208,2.826,,,,,841.89,0.727,3191.567,2.756,585.598,0.506
29/08/2026,2026-08-29,17,[03:00-03:15[,2026-08-29 02:00,1144.598,7975.856,6.968,3357.458,2.933,,,,,791.4,0.691,3042.025,2.658,784.973,0.686
29/08/2026,2026-08-29,18,[03:15-03:30[,2026-08-29 02:15,1136.332,8752.342,7.702,4611.621,4.058,,,,,791.4,0.696,3198.068,2.814,151.252,0.133
29/08/2026,2026-08-29,19,[03:30-03:45[,2026-08-29 02:30,1131.671,8312.506,7.345,4348.658,3.843,,,,,791.4,0.699,3212.394,2.839,-39.946,-0.035
29/08/2026,2026-08-29,20,[03:45-04:00[,2026-08-29 02:45,1129.714,6153.247,5.447,6003.21,5.314,,,,,791.4,0.701,3223.792,2.854,-3865.155,-3.421
29/08/2026,2026-08-29,21,[04:00-04:15[,2026-08-29 03:00,1112.469,8210.323,7.38,4694.128,4.22,,,,,846.93,0.761,2979.455,2.678,-310.189,-0.279
29/08/2026,2026-08-29,22,[04:15-04:30[,2026-08-29 03:15,1112.845,10063.749,9.043,6179.148,5.553,,,,,846.93,0.761,3283.541,2.951,-245.87,-0.221
29/08/2026,2026-08-29,23,[04:30-04:45[,2026-08-29 03:30,1110.536,11031.57,9.934,6230.043,5.61,,,,,846.93,0.763,3298.441,2.97,656.156,0.591
29/08/2026,2026-08-29,24,[04:45-05:00[,2026-08-29 03:45,1106.389,8485.839,7.67,6192.543,5.597,,,,,846.93,0.765,3069.98,2.775,-1623.614,-1.467
29/08/2026,2026-08-29,25,[05:00-05:15[,2026-08-29 04:00,1117.384,10133.603,9.069,6330.343,5.665,,,,,848.61,0.759,3274.987,2.931,-320.338,-0.287
29/08/2026,2026-08-29,26,[05:15-05:30[,2026-08-29 04:15,1118.486,7701.691,6.886,6192.919,5.537,,,,,848.61,0.759,3275.974,2.929,-2615.812,-2.339
29/08/2026,2026-08-29,27,[05:30-05:45[,2026-08-29 04:30,1111.68,8277.119,7.446,4262.572,3.834,,,,,848.61,0.763,3160.09,2.843,5.847,0.005
29/08/2026,2026-08-29,28,[05:45-06:00[,2026-08-29 04:45,1120.103,7418.108,6.623,3361.333,3.001,,,,,848.61,0.758,3300.561,2.947,-92.396,-0.082
29/08/2026,2026-08-29,29,[06:00-06:15[,2026-08-29 05:00,1140.607,6830.043,5.988,2961.818,2.597,,,,,925.5,0.811,3291.388,2.886,-348.662,-0.306
29/08/2026,2026-08-29,30,[06:15-06:30[,2026-08-29 05:15,1148.088,7957.726,6.931,2983.518,2.599,,,,,925.5,0.806,3299.311,2.874,749.396,0.653
29/08/2026,2026-08-29,31,[06:30-06:45[,2026-08-29 05:30,1139.741,8919.544,7.826,3046.681,2.673,,,,,925.5,0.812,3067.075,2.691,1880.288,1.65
29/08/2026,2026-08-29,32,[06:45-07:00[,2026-08-29 05:45,1135.422,9673.805,8.52,5345.677,4.708,,,,,925.5,0.815,3286.45,2.894,116.178,0.102
29/08/2026,2026-08-29,33,[07:00-07:15[,2026-08-29 06:00,1147.085,7659.636,6.677,4880.428,4.255,,,,,1393.72,1.215,3277.752,2.857,-1892.263,-1.65
29/08/2026,2026-08-29,34,[07:15-07:30[,2026-08-29 06:15,1139.847,12222.908,10.723,7362.67,6.459,,,,,1528.44,1.341,2798.177,2.455,533.622,0.468
29/08/2026,2026-08-29,35,[07:30-07:45[,2026-08-29 06:30,1150.007,20520.58,17.844,10340.588,8.992,,,,,6999.48,6.086,3266.188,2.84,-85.676,-0.075
29/08/2026,2026-08-29,36,[07:45-08:00[,2026-08-29 06:45,1159.16,26130.475,22.543,13792.909,11.899,,,,,10297.82,8.884,3261.442,2.814,-1221.695,-1.054
29/08/2026,2026-08-29,37,[08:00-08:15[,2026-08-29 07:00,1174.277,41340.338,35.205,16836.296,14.338,,,,,21452.6,18.269,3131.253,2.667,-79.811,-0.068
29/08/2026,2026-08-29,38,[08:15-08:30[,2026-08-29 07:15,1188.587,39908.608,33.577,20302.88,17.082,,,,,15866.57,13.349,3268.135,2.75,471.024,0.396
29/08/2026,2026-08-29,39,[08:30-08:45[,2026-08-29 07:30,1187.702,45902.4,38.648,20594.48,17.34,,,1462.719,1.232,20490.3,17.252,3243.782,2.731,111.12,0.094
29/08/2026,2026-08-29,40,[08:45-09:00[,2026-08-29 07:45,1191.084,39932.63,33.526,20942.335,17.583,,,,,15769.77,13.24,3196.061,2.683,24.463,0.021
29/08/2026,2026-08-29,41,[09:00-09:15[,2026-08-29 08:00,1202.176,40951.89,34.065,20929.304,17.41,,,,,16595.94,13.805,3147.709,2.618,278.937,0.232
29/08/2026,2026-08-29,42,[09:15-09:30[,2026-08-29 08:15,1199.572,40366.166,33.65,20917.838,17.438,,,,,16285.52,13.576,2903.327,2.42,259.481,0.216
29/08/2026,2026-08-29,43,[09:30-09:45[,2026-08-29 08:30,1199.225,40491.484,33.765,20877.431,17.409,,,,,16318.71,13.608,3051.485,2.545,243.858,0.203
29/08/2026,2026-08-29,44,[09:45-10:00[,2026-08-29 08:45,1186.005,40236.971,33.926,20848.01,17.578,,,,,16483.1,13.898,2755.767,2.324,150.094,0.127
29/08/2026,2026-08-29,45,[10:00-10:15[,2026-08-29 09:00,1203.174,40011.076,33.255,20838.326,17.319,,,,,15988.86,13.289,2883.808,2.397,300.082,0.249
29/08/2026,2026-08-29,46,[10:15-10:30[,2026-08-29 09:15,1213.489,40018.855,32.978,20824.83,17.161,,,,,16055.18,13.231,2898.171,2.388,240.675,0.198
29/08/2026,2026-08-29,47,[10:30-10:45[,2026-08-29 09:30,1208.813,39852.714,32.968,20820.318,17.224,,,,,16126.41,13.341,2640.439,2.184,265.548,0.22
29/08/2026,2026-08-29,48,[10:45-11:00[,2026-08-29 09:45,1215.356,39991.01,32.905,20817.727,17.129,,,,,16129.59,13.271,2802.751,2.306,240.942,0.198
29/08/2026,2026-08-29,49,[11:00-11:15[,2026-08-29 10:00,1222.412,41220.148,33.72,20843.195,17.051,,,,,17286.84,14.142,2895.978,2.369,194.136,0.159
29/08/2026,2026-08-29,50,[11:15-11:30[,2026-08-29 10:15,1220.799,40371.627,33.07,20844.261,17.074,,,,,16762.16,13.73,2699.567,2.211,65.639,0.054
29/08/2026,2026-08-29,51,[11:30-11:45[,2026-08-29 10:30,1224.001,40628.81,33.193,20842.709,17.028,,,,,16877.08,13.788,2894.382,2.365,14.639,0.012
29/08/2026,2026-08-29,52,[11:45-12:00[,2026-08-29 10:45,1224.408,40663.376,33.211,20844.708,17.024,,,,,16939.64,13.835,2802.71,2.289,76.318,0.062
29/08/2026,2026-08-29,53,[12:00-12:15[,2026-08-29 11:00,1231.114,36114.702,29.335,20845.822,16.932,,,,,12360.79,10.04,2818.833,2.29,89.257,0.073
29/08/2026,2026-08-29,54,[12:15-12:30[,2026-08-29 11:15,1228.338,35957.397,29.273,20829.33,16.957,,,,,12375.79,10.075,2716.5,2.212,35.778,0.029
29/08/2026,2026-08-29,55,[12:30-12:45[,2026-08-29 11:30,1233.437,35308.427,28.626,20846.27,16.901,,,,,11590.79,9.397,2708.686,2.196,162.681,0.132
29/08/2026,2026-08-29,56,[12:45-13:00[,2026-08-29 11:45,1226.772,35355.76,28.82,20850.038,16.996,,,,,11593.29,9.45,2732.329,2.227,180.103,0.147
29/08/2026,2026-08-29,57,[13:00-13:15[,2026-08-29 12:00,1206.572,34231.067,28.371,20853.587,17.283,,,,,10604.88,8.789,2602.415,2.157,170.185,0.141
29/08/2026,2026-08-29,58,[13:15-13:30[,2026-08-29 12:15,1196.569,34338.94,28.698,20855.612,17.43,,,,,10604.88,8.863,2702.6,2.259,175.848,0.147
29/08/2026,2026-08-29,59,[13:30-13:45[,2026-08-29 12:30,1188.019,34881.269,29.361,20855.803,17.555,,,,,11174.61,9.406,2708.687,2.28,142.168,0.12
29/08/2026,2026-08-29,60,[13:45-14:00[,2026-08-29 12:45,1169.56,34638.315,29.617,20856.46,17.833,,,,,11172.11,9.552,2438.118,2.085,171.627,0.147
29/08/2026,2026-08-29,61,[14:00-14:15[,2026-08-29 13:00,1169.89,34404.561,29.408,20871.855,17.841,,,,,10597.38,9.058,2723.793,2.328,211.534,0.181
29/08/2026,2026-08-29,62,[14:15-14:30[,2026-08-29 13:15,1166.227,34334.712,29.441,20876.499,17.901,,,,,10592.38,9.083,2738.161,2.348,127.671,0.109
29/08/2026,2026-08-29,63,[14:30-14:45[,2026-08-29 13:30,1156.354,34182.589,29.561,20877.999,18.055,,,,,10587.38,9.156,2574.988,2.227,142.222,0.123
29/08/2026,2026-08-29,64,[14:45-15:00[,2026-08-29 13:45,1159.366,34502.47,29.76,20872.918,18.004,,,,,10584.88,9.13,2752.716,2.374,291.957,0.252
29/08/2026,2026-08-29,65,[15:00-15:15[,2026-08-29 14:00,1153.326,35206.332,30.526,20857.861,18.085,,,,,11357.38,9.848,2722.447,2.361,268.644,0.233
29/08/2026,2026-08-29,66,[15:15-15:30[,2026-08-29 14:15,1144.464,34931.295,30.522,20858.731,18.226,,,,,11347.38,9.915,2404.685,2.101,320.499,0.28
29/08/2026,2026-08-29,67,[15:30-15:45[,2026-08-29 14:30,1159.565,35221.508,30.375,20838.995,17.971,,,,,11332.38,9.773,2703.88,2.332,346.253,0.299
29/08/2026,2026-08-29,68,[15:45-16:00[,2026-08-29 14:45,1154.226,35137.89,30.443,20815.03,18.034,,,,,11322.38,9.81,2750.97,2.383,249.509,0.216
29/08/2026,2026-08-29,69,[16:00-16:15[,2026-08-29 15:00,1155.92,40586.93,35.112,20805.864,17.999,,,,,16693.64,14.442,2638.643,2.283,448.782,0.388
29/08/2026,2026-08-29,70,[16:15-16:30[,2026-08-29 15:15,1159.196,40599.638,35.024,20808.456,17.951,,,,,17178.94,14.82,2622.952,2.263,-10.709,-0.009
29/08/2026,2026-08-29,71,[16:30-16:45[,2026-08-29 15:30,1177.802,39650.763,33.665,20817.067,17.675,,,,,16022.02,13.603,2760.227,2.344,51.448,0.044
29/08/2026,2026-08-29,72,[16:45-17:00[,2026-08-29 15:45,1194.657,40444.598,33.855,20823.852,17.431,,,,,16511.82,13.821,2653.533,2.221,455.393,0.381
29/08/2026,2026-08-29,73,[17:00-17:15[,2026-08-29 16:00,1209.14,41684.675,34.475,20833.006,17.23,,,,,17790.72,14.714,2878.915,2.381,182.035,0.151
29/08/2026,2026-08-29,74,[17:15-17:30[,2026-08-29 16:15,1234.323,41179.485,33.362,20675.351,16.75,,,,,17641.4,14.292,2876.631,2.331,-13.896,-0.011
29/08/2026,2026-08-29,75,[17:30-17:45[,2026-08-29 16:30,1259.087,46004.52,36.538,20585.898,16.35,,,,,22871.6,18.165,2684.961,2.132,-137.938,-0.11
29/08/2026,2026-08-29,76,[17:45-18:00[,2026-08-29 16:45,1281.529,43286.282,33.777,17862.985,13.939,,,,,22635.98,17.663,2686.625,2.096,100.691,0.079
29/08/2026,2026-08-29,77,[18:00-18:15[,2026-08-29 17:00,1318.75,42160.103,31.97,17564.423,13.319,,,,,20571.46,15.599,2800.403,2.124,1223.818,0.928
29/08/2026,2026-08-29,78,[18:15-18:30[,2026-08-29 17:15,1351.457,35740.98,26.446,12392.501,9.17,,,,,16197.78,11.985,2908.976,2.152,4241.724,3.139
29/08/2026,2026-08-29,79,[18:30-18:45[,2026-08-29 17:30,1375.597,34768.734,25.275,9942.074,7.227,,,,,13690.53,9.952,2979.803,2.166,8156.326,5.929
29/08/2026,2026-08-29,80,[18:45-19:00[,2026-08-29 17:45,1411.294,9817.796,6.957,7574.877,5.367,,,,,3760.47,2.665,3006.747,2.13,-4524.299,-3.206
29/08/2026,2026-08-29,81,[19:00-19:15[,2026-08-29 18:00,1446.17,19165.988,13.253,8118.762,5.614,,,,,2295.12,1.587,3029.038,2.095,5723.068,3.957
29/08/2026,2026-08-29,82,[19:15-19:30[,2026-08-29 18:15,1474.464,7365.276,4.995,5022.624,3.406,,,,,1931.76,1.31,2933.351,1.989,-2522.459,-1.711
29/08/2026,2026-08-29,83,[19:30-19:45[,2026-08-29 18:30,1504.683,7619.038,5.064,2699.446,1.794,,,,,1396.46,0.928,2984.964,1.984,538.169,0.358
29/08/2026,2026-08-29,84,[19:45-20:00[,2026-08-29 18:45,1539.22,4678.137,3.039,1944.798,1.263,,,,,1669.44,1.085,3021.716,1.963,-1957.817,-1.272
29/08/2026,2026-08-29,85,[20:00-20:15[,2026-08-29 19:00,1534.895,9952.489,6.484,1926.198,1.255,,,,,1874.86,1.221,1948.477,1.269,4202.954,2.738
29/08/2026,2026-08-29,86,[20:15-20:30[,2026-08-29 19:15,1552.735,5614.01,3.616,1537.923,0.99,,,,,2286.88,1.473,1837.46,1.183,-48.252,-0.031
29/08/2026,2026-08-29,87,[20:30-20:45[,2026-08-29 19:30,1564.998,4875.951,3.116,1499.173,0.958,,,,,2286.88,1.461,1848.246,1.181,-758.348,-0.485
29/08/2026,2026-08-29,88,[20:45-21:00[,2026-08-29 19:45,1552.902,4826.74,3.108,1499.173,0.965,,,,,2599.38,1.674,1822.675,1.174,-1094.488,-0.705
29/08/2026,2026-08-29,89,[21:00-21:15[,2026-08-29 20:00,1546.429,7284.631,4.711,1767.984,1.143,,,,,3624.86,2.344,2876.559,1.86,-984.771,-0.637
29/08/2026,2026-08-29,90,[21:15-21:30[,2026-08-29 20:15,1520.487,4987.633,3.28,1845.484,1.214,,,,,2787.86,1.834,2794.655,1.838,-2440.365,-1.605
29/08/2026,2026-08-29,91,[21:30-21:45[,2026-08-29 20:30,1502.895,9064.45,6.031,2232.984,1.486,,,,,1991.96,1.325,2884.745,1.919,1954.761,1.301
29/08/2026,2026-08-29,92,[21:45-22:00[,2026-08-29 20:45,1464.66,10820.118,7.387,2413.559,1.648,,,,,1890.98,1.291,2797.565,1.91,3718.014,2.538
29/08/2026,2026-08-29,93,[22:00-22:15[,2026-08-29 21:00,1447.133,12212.641,8.439,2400.481,1.659,,,,,2353.18,1.626,2870.934,1.984,4588.047,3.17
29/08/2026,2026-08-29,94,[22:15-22:30[,2026-08-29 21:15,1431.685,6780.772,4.736,2607.101,1.821,,,,,2403.74,1.679,2912.681,2.034,-1142.75,-0.798
29/08/2026,2026-08-29,95,[22:30-22:45[,2026-08-29 21:30,1398.805,11469.578,8.2,3012.426,2.154,,,,,1894.32,1.354,2806.065,2.006,3756.767,2.686
29/08/2026,2026-08-29,96,[22:45-23:00[,2026-08-29 21:45,1378.877,10187.843,7.389,3119.226,2.262,,,,,2628.95,1.907,2875.578,2.085,1564.09,1.134
30/08/2026,2026-08-30,1,[23:00-23:15[,2026-08-29 22:00,1359.973,3374.856,2.482,,,,,,,1288.38,0.947,3107.364,2.285,-1020.887,-0.751
30/08/2026,2026-08-30,2,[23:15-23:30[,2026-08-29 22:15,1324.175,9224.124,6.966,,,,,,,1434.21,1.083,3066.464,2.316,4723.45,3.567
30/08/2026,2026-08-30,3,[23:30-23:45[,2026-08-29 22:30,1300.935,9964.703,7.66,,,,,,,1261.4,0.97,3109.078,2.39,5594.224,4.3
30/08/2026,2026-08-30,4,[23:45-00:00[,2026-08-29 22:45,1288.445,4671.368,3.626,,,,,,,1273.34,0.988,3090.873,2.399,307.155,0.238
30/08/2026,2026-08-30,5,[00:00-00:15[,2026-08-29 23:00,1260.429,2919.15,2.316,,,,,,,1066.5,0.846,2908.002,2.307,-1055.353,-0.837
30/08/2026,2026-08-30,6,[00:15-00:30[,2026-08-29 23:15,1247.42,7761.01,6.222,,,,,,,1065.71,0.854,3093.035,2.48,3602.265,2.888
30/08/2026,2026-08-30,7,[00:30-00:45[,2026-08-29 23:30,1231.473,6469.819,5.254,,,,,,,1117.38,0.907,3081.671,2.502,2270.768,1.844
30/08/2026,2026-08-30,8,[00:45-01:00[,2026-08-29 23:45,1210.354,3345.299,2.764,,,,,,,1111.94,0.919,3025.618,2.5,-792.258,-0.655
30/08/2026,2026-08-30,9,[01:00-01:15[,2026-08-30 00:00,1193.137,781.717,0.655,,,,,,,999.64,0.838,3006.276,2.52,-3224.199,-2.702
30/08/2026,2026-08-30,10,[01:15-01:30[,2026-08-30 00:15,1179.205,4048.42,3.433,,,,,,,1302.5,1.105,3078.138,2.61,-332.217,-0.282
30/08/2026,2026-08-30,11,[01:30-01:45[,2026-08-30 00:30,1167.513,5192.342,4.447,,,,,,,1417.24,1.214,3080.918,2.639,694.184,0.595
30/08/2026,2026-08-30,12,[01:45-02:00[,2026-08-30 00:45,1148.052,3146.945,2.741,,,,,,,1417.24,1.234,3086.598,2.689,-1356.893,-1.182
30/08/2026,2026-08-30,13,[02:00-02:15[,2026-08-30 01:00,1138.79,4509.362,3.96,,,,,,,1421.04,1.248,3073.866,2.699,14.456,0.013
30/08/2026,2026-08-30,14,[02:15-02:30[,2026-08-30 01:15,1133.87,2373.081,2.093,,,,,,,1421.04,1.253,3093.938,2.729,-2141.896,-1.889
30/08/2026,2026-08-30,15,[02:30-02:45[,2026-08-30 01:30,1109.324,5383.306,4.853,,,,,,,1515.16,1.366,2830.294,2.551,1037.852,0.936
30/08/2026,2026-08-30,16,[02:45-03:00[,2026-08-30 01:45,1105.694,4394.667,3.975,,,,,,,1495.8,1.353,3098.623,2.802,-199.757,-0.181
30/08/2026,2026-08-30,17,[03:00-03:15[,2026-08-30 02:00,1103.687,3230.313,2.927,,,,,,,1498.34,1.358,3085.151,2.795,-1353.177,-1.226
30/08/2026,2026-08-30,18,[03:15-03:30[,2026-08-30 02:15,1085.172,4953.816,4.565,,,,,,,1489.3,1.372,2876.647,2.651,587.869,0.542
30/08/2026,2026-08-30,19,[03:30-03:45[,2026-08-30 02:30,1082.97,4498.423,4.154,,,,,,,1489.3,1.375,3078.475,2.843,-69.352,-0.064
30/08/2026,2026-08-30,20,[03:45-04:00[,2026-08-30 02:45,1079.834,4692.643,4.346,,,,,,,1489.3,1.379,3077.196,2.85,126.147,0.117
30/08/2026,2026-08-30,21,[04:00-04:15[,2026-08-30 03:00,1065.715,4431.412,4.158,,,,,,,1833.7,1.721,2631.095,2.469,-33.383,-0.031
30/08/2026,2026-08-30,22,[04:15-04:30[,2026-08-30 03:15,1061.695,4950.672,4.663,,,,,,,1833.7,1.727,2819.247,2.655,297.724,0.28
30/08/2026,2026-08-30,23,[04:30-04:45[,2026-08-30 03:30,1064.993,3947.73,3.707,,,,,,,1833.7,1.722,3072.151,2.885,-958.121,-0.9
30/08/2026,2026-08-30,24,[04:45-05:00[,2026-08-30 03:45,1065.903,829.769,0.778,,,,,,,1798.6,1.687,3072.635,2.883,-4041.466,-3.792
30/08/2026,2026-08-30,25,[05:00-05:15[,2026-08-30 04:00,1060.887,4549.628,4.289,,,,,,,1591.23,1.5,2663.289,2.51,295.109,0.278
30/08/2026,2026-08-30,26,[05:15-05:30[,2026-08-30 04:15,1070.4,3111.461,2.907,,,,,,,1603.33,1.498,3038.332,2.839,-1530.201,-1.43
30/08/2026,2026-08-30,27,[05:30-05:45[,2026-08-30 04:30,1071.038,4215.403,3.936,,,,,,,1644.47,1.535,3026.976,2.826,-456.043,-0.426
30/08/2026,2026-08-30,28,[05:45-06:00[,2026-08-30 04:45,1067.003,5058.96,4.741,,,,,,,1637.21,1.534,2859.739,2.68,562.011,0.527
30/08/2026,2026-08-30,29,[06:00-06:15[,2026-08-30 05:00,1079.733,3851.195,3.567,,,,,,,1603.8,1.485,2652.605,2.457,-405.209,-0.375
30/08/2026,2026-08-30,30,[06:15-06:30[,2026-08-30 05:15,1092.057,4901.665,4.488,,,,,,,1809,1.657,3115.36,2.853,-22.695,-0.021
30/08/2026,2026-08-30,31,[06:30-06:45[,2026-08-30 05:30,1090.956,4268.416,3.913,,,,,,,1979.1,1.814,3116.805,2.857,-827.49,-0.758
30/08/2026,2026-08-30,32,[06:45-07:00[,2026-08-30 05:45,1066.92,5253.927,4.924,,,,,,,1678.68,1.573,2918.817,2.736,656.431,0.615
30/08/2026,2026-08-30,33,[07:00-07:15[,2026-08-30 06:00,1078.596,4439.087,4.116,,,,,,,2195.2,2.035,3148.059,2.919,-904.172,-0.838
30/08/2026,2026-08-30,34,[07:15-07:30[,2026-08-30 06:15,1085.657,5885.29,5.421,3038.17,2.798,,,,,3014.77,2.777,3155.113,2.906,-3322.763,-3.061
30/08/2026,2026-08-30,35,[07:30-07:45[,2026-08-30 06:30,1077.312,21340.921,19.809,4548.665,4.222,,,,,16588.5,15.398,2884.925,2.678,-2681.169,-2.489
30/08/2026,2026-08-30,36,[07:45-08:00[,2026-08-30 06:45,1092.133,32247.448,29.527,6982.25,6.393,,,,,17960.4,16.445,3141.364,2.876,4163.434,3.812
30/08/2026,2026-08-30,37,[08:00-08:15[,2026-08-30 07:00,1120.764,42087.171,37.552,16722.563,14.921,,,,,22207.72,19.815,3135.226,2.797,21.662,0.019
30/08/2026,2026-08-30,38,[08:15-08:30[,2026-08-30 07:15,1130.166,33342.187,29.502,20243.345,17.912,,,,,7495.96,6.633,3133.222,2.772,2469.66,2.185
30/08/2026,2026-08-30,39,[08:30-08:45[,2026-08-30 07:30,1141.657,30695.402,26.887,20314.297,17.794,,,,,7145.8,6.259,3127.652,2.74,107.653,0.094
30/08/2026,2026-08-30,40,[08:45-09:00[,2026-08-30 07:45,1157.783,30947.992,26.73,20697.596,17.877,,,,,6718.34,5.803,3110.416,2.687,421.64,0.364
30/08/2026,2026-08-30,41,[09:00-09:15[,2026-08-30 08:00,1168.278,41320.04,35.368,20698.018,17.717,,,,,17548.54,15.021,2915.524,2.496,157.957,0.135
30/08/2026,2026-08-30,42,[09:15-09:30[,2026-08-30 08:15,1188.349,41496.993,34.92,20702.192,17.421,,,,,17771.7,14.955,3106.537,2.614,-83.435,-0.07
30/08/2026,2026-08-30,43,[09:30-09:45[,2026-08-30 08:30,1200.17,41159.464,34.295,20704.842,17.252,,,,,17335.04,14.444,3109.289,2.591,10.293,0.009
30/08/2026,2026-08-30,44,[09:45-10:00[,2026-08-30 08:45,1195.578,40564.682,33.929,20704.503,17.318,,,,,17499.6,14.637,2544.007,2.128,-183.429,-0.153
30/08/2026,2026-08-30,45,[10:00-10:15[,2026-08-30 09:00,1219.195,29057.75,23.834,20834.713,17.089,,,,,5082.66,4.169,3015.929,2.474,124.449,0.102
30/08/2026,2026-08-30,46,[10:15-10:30[,2026-08-30 09:15,1220.954,29111.539,23.843,20854.358,17.08,,,,,5089.5,4.168,3056.596,2.503,111.084,0.091
30/08/2026,2026-08-30,47,[10:30-10:45[,2026-08-30 09:30,1230.917,29092.659,23.635,20853.224,16.941,,,,,5115.5,4.156,3048.314,2.476,75.622,0.061
30/08/2026,2026-08-30,48,[10:45-11:00[,2026-08-30 09:45,1223.204,29153.258,23.834,20860.45,17.054,,,,,5153.4,4.213,2904.225,2.374,235.183,0.192
30/08/2026,2026-08-30,49,[11:00-11:15[,2026-08-30 10:00,1230.71,41139.326,33.427,20856.175,16.946,,,,,17160.2,13.943,3029.136,2.461,93.815,0.076
30/08/2026,2026-08-30,50,[11:15-11:30[,2026-08-30 10:15,1240.265,41126.777,33.16,20859.773,16.819,,,,,17241.93,13.902,2940.032,2.37,85.042,0.069
30/08/2026,2026-08-30,51,[11:30-11:45[,2026-08-30 10:30,1224.908,39353.291,32.128,20861.195,17.031,,,,,15735.66,12.846,2656.159,2.168,100.276,0.082
30/08/2026,2026-08-30,52,[11:45-12:00[,2026-08-30 10:45,1229.322,39511.673,32.141,20859.866,16.969,,,,,15793.3,12.847,2794.536,2.273,63.972,0.052
30/08/2026,2026-08-30,53,[12:00-12:15[,2026-08-30 11:00,1231.793,28798.444,23.379,20888.272,16.958,,,,,5069.26,4.115,2614.596,2.123,226.315,0.184
30/08/2026,2026-08-30,54,[12:15-12:30[,2026-08-30 11:15,1227.453,29908.65,24.366,20889.372,17.018,,,,,5071.99,4.132,2584.594,2.106,1362.694,1.11
30/08/2026,2026-08-30,55,[12:30-12:45[,2026-08-30 11:30,1227.903,28610.544,23.3,20890.471,17.013,,,,,5071.99,4.131,2611.429,2.127,36.654,0.03
30/08/2026,2026-08-30,56,[12:45-13:00[,2026-08-30 11:45,1215.029,28664.282,23.591,20892.137,17.195,,,,,5069.22,4.172,2597.45,2.138,105.474,0.087
30/08/2026,2026-08-30,57,[13:00-13:15[,2026-08-30 12:00,1182.476,26147.719,22.113,20889.271,17.666,,,,,2827,2.391,2431.719,2.056,-0.271,0
30/08/2026,2026-08-30,58,[13:15-13:30[,2026-08-30 12:15,1164.924,25567.819,21.948,20888.671,17.931,,,,,2827,2.427,2573.059,2.209,-720.911,-0.619
30/08/2026,2026-08-30,59,[13:30-13:45[,2026-08-30 12:30,1142.474,28789.59,25.199,20886.938,18.282,,,606.336,0.531,4957.24,4.339,2601.318,2.277,-262.242,-0.23
30/08/2026,2026-08-30,60,[13:45-14:00[,2026-08-30 12:45,1123.35,28027.215,24.95,20886.905,18.593,,,,,4957.24,4.413,2389.458,2.127,-206.388,-0.184
30/08/2026,2026-08-30,61,[14:00-14:15[,2026-08-30 13:00,1113.054,25344.023,22.77,20878.374,18.758,,,,,2585,2.322,2405.256,2.161,-524.607,-0.471
30/08/2026,2026-08-30,62,[14:15-14:30[,2026-08-30 13:15,1097.889,25240.305,22.99,20879.605,19.018,,,,,2575,2.345,2423.764,2.208,-638.064,-0.581
30/08/2026,2026-08-30,63,[14:30-14:45[,2026-08-30 13:30,1092.577,25265.103,23.124,20883.072,19.114,,,,,2565,2.348,2425.634,2.22,-608.603,-0.557
30/08/2026,2026-08-30,64,[14:45-15:00[,2026-08-30 13:45,1089.696,27542.1,25.275,20886.826,19.168,,,,,4760.48,4.369,2421.951,2.223,-527.157,-0.484
30/08/2026,2026-08-30,65,[15:00-15:15[,2026-08-30 14:00,1083.569,27770.059,25.628,20881.862,19.271,,,,,5021.24,4.634,2412.685,2.227,-545.728,-0.504
30/08/2026,2026-08-30,66,[15:15-15:30[,2026-08-30 14:15,1082.142,27669.523,25.569,20874.928,19.29,,,,,5023.96,4.643,2411.96,2.229,-641.324,-0.593
30/08/2026,2026-08-30,67,[15:30-15:45[,2026-08-30 14:30,1082.208,27806.604,25.694,20870.709,19.285,,,,,5023.96,4.642,2422.882,2.239,-510.947,-0.472
30/08/2026,2026-08-30,68,[15:45-16:00[,2026-08-30 14:45,1085.174,27934.072,25.742,20857.26,19.22,,,,,5190.48,4.783,2429.982,2.239,-543.65,-0.501
30/08/2026,2026-08-30,69,[16:00-16:15[,2026-08-30 15:00,1097.783,39949.131,36.391,20851.865,18.995,,,,,17136.48,15.61,2447.613,2.23,-486.828,-0.443
30/08/2026,2026-08-30,70,[16:15-16:30[,2026-08-30 15:15,1092.587,39877.445,36.498,20830.288,19.065,,,,,17063.29,15.617,2469.796,2.261,-485.929,-0.445
30/08/2026,2026-08-30,71,[16:30-16:45[,2026-08-30 15:30,1111.625,27931.894,25.127,20825.595,18.734,,,,,5128.12,4.613,2450.76,2.205,-472.58,-0.425
30/08/2026,2026-08-30,72,[16:45-17:00[,2026-08-30 15:45,1130.23,29984.542,26.53,20834.633,18.434,,,,,7137.94,6.315,2455.054,2.172,-443.085,-0.392
30/08/2026,2026-08-30,73,[17:00-17:15[,2026-08-30 16:00,1143.188,40710.856,35.612,20831.308,18.222,,,,,17734.54,15.513,2091.216,1.829,53.792,0.047
30/08/2026,2026-08-30,74,[17:15-17:30[,2026-08-30 16:15,1173.788,39561.324,33.704,20355.816,17.342,,,,,17607.96,15.001,2488.578,2.12,-891.03,-0.759
30/08/2026,2026-08-30,75,[17:30-17:45[,2026-08-30 16:30,1200.692,42631.224,35.506,20253.658,16.868,,,,,18071.58,15.051,2534.35,2.111,1771.637,1.476
30/08/2026,2026-08-30,76,[17:45-18:00[,2026-08-30 16:45,1220.08,40301.351,33.032,19408.5,15.908,,,,,17577.18,14.407,2376.123,1.948,939.548,0.77
30/08/2026,2026-08-30,77,[18:00-18:15[,2026-08-30 17:00,1260.57,33707.964,26.74,8093.25,6.42,,,,,22158.33,17.578,2664.944,2.114,791.44,0.628
30/08/2026,2026-08-30,78,[18:15-18:30[,2026-08-30 17:15,1295.269,25639.455,19.795,5065.015,3.91,,,,,17300.49,13.357,2915.658,2.251,358.292,0.277
30/08/2026,2026-08-30,79,[18:30-18:45[,2026-08-30 17:30,1317.164,15226.199,11.56,2179.06,1.654,,,,,7169.09,5.443,2838.765,2.155,3039.285,2.307
30/08/2026,2026-08-30,80,[18:45-19:00[,2026-08-30 17:45,1357.916,-220.365,-0.162,,,,,,,2001.11,1.474,2924.77,2.154,-5146.246,-3.79
30/08/2026,2026-08-30,81,[19:00-19:15[,2026-08-30 18:00,1400.359,5047.603,3.605,,,,,,,2119,1.513,2969.877,2.121,-41.274,-0.029
30/08/2026,2026-08-30,82,[19:15-19:30[,2026-08-30 18:15,1429.721,-4212.243,-2.946,,,,,,,1794.12,1.255,2850.404,1.994,-8856.767,-6.195
30/08/2026,2026-08-30,83,[19:30-19:45[,2026-08-30 18:30,1465.591,-3755.828,-2.563,,,,,,,2326.5,1.587,2978.755,2.032,-9061.083,-6.183
30/08/2026,2026-08-30,84,[19:45-20:00[,2026-08-30 18:45,1482.369,7678.038,5.18,,,,,,,3446.7,2.325,2699.751,1.821,1531.587,1.033
30/08/2026,2026-08-30,85,[20:00-20:15[,2026-08-30 19:00,1493.975,6124.203,4.099,,,,,,,2685.27,1.797,1905.356,1.275,1533.577,1.027
30/08/2026,2026-08-30,86,[20:15-20:30[,2026-08-30 19:15,1521.77,4701.551,3.09,,,,,,,2944.43,1.935,1890.096,1.242,-132.975,-0.087
30/08/2026,2026-08-30,87,[20:30-20:45[,2026-08-30 19:30,1539.263,6046.613,3.928,,,,,,,3127.2,2.032,1914.872,1.244,1004.541,0.653
30/08/2026,2026-08-30,88,[20:45-21:00[,2026-08-30 19:45,1530.846,2157.33,1.409,,,,,,,2354.16,1.538,1910.646,1.248,-2107.475,-1.377
30/08/2026,2026-08-30,89,[21:00-21:15[,2026-08-30 20:00,1516.283,5650.885,3.727,,,,,,,3810.94,2.513,2036.065,1.343,-196.12,-0.129
30/08/2026,2026-08-30,90,[21:15-21:30[,2026-08-30 20:15,1493.014,12236.871,8.196,,,,,,,2801.65,1.877,2040.814,1.367,7394.407,4.953
30/08/2026,2026-08-30,91,[21:30-21:45[,2026-08-30 20:30,1469.521,4150.131,2.824,,,,,,,2096.77,1.427,2043.724,1.391,9.637,0.007
30/08/2026,2026-08-30,92,[21:45-22:00[,2026-08-30 20:45,1439.842,6279.181,4.361,,,,,,,3227.71,2.242,2045.818,1.421,1005.653,0.698
30/08/2026,2026-08-30,93,[22:00-22:15[,2026-08-30 21:00,1426.318,7174.508,5.03,,,,,,,4248.43,2.979,2049.21,1.437,876.868,0.615
30/08/2026,2026-08-30,94,[22:15-22:30[,2026-08-30 21:15,1406.167,5590.094,3.975,,,,,,,4248.43,3.021,1959.633,1.394,-617.969,-0.439
30/08/2026,2026-08-30,95,[22:30-22:45[,2026-08-30 21:30,1403.345,8914.468,6.352,,,,,,,4788.44,3.412,3202.78,2.282,923.248,0.658
30/08/2026,2026-08-30,96,[22:45-23:00[,2026-08-30 21:45,1377.324,9627.09,6.99,,,,,,,5301.02,3.849,3170.511,2.302,1155.559,0.839
31/08/2026,2026-08-31,1,[23:00-23:15[,2026-08-30 22:00,1356.578,-5347.204,-3.942,,,,,,,1069.2,0.788,3200.285,2.359,-9616.689,-7.089
31/08/2026,2026-08-31,2,[23:15-23:30[,2026-08-30 22:15,1321.871,8112.841,6.137,,,,,,,1078.68,0.816,2974.785,2.25,4059.376,3.071
31/08/2026,2026-08-31,3,[23:30-23:45[,2026-08-30 22:30,1301.638,3528.575,2.711,,,,,,,1147.84,0.882,3201.192,2.459,-820.457,-0.63
31/08/2026,2026-08-31,4,[23:45-00:00[,2026-08-30 22:45,1283.793,4787.495,3.729,,,,,,,1476.4,1.15,3201.165,2.494,109.93,0.086
31/08/2026,2026-08-31,5,[00:00-00:15[,2026-08-30 23:00,1255.923,7088.011,5.644,,,,,,,2475.94,1.971,2727.945,2.172,1884.126,1.5
31/08/2026,2026-08-31,6,[00:15-00:30[,2026-08-30 23:15,1252.519,7385.019,5.896,1804.374,1.441,,,,,2500.42,1.996,3278.639,2.618,-198.414,-0.158
31/08/2026,2026-08-31,7,[00:30-00:45[,2026-08-30 23:30,1236.981,8832.411,7.14,3027.568,2.448,,,,,5107.27,4.129,3348.507,2.707,-2650.934,-2.143
31/08/2026,2026-08-31,8,[00:45-01:00[,2026-08-30 23:45,1209.344,7698.925,6.366,3128.923,2.587,,,,,5113.34,4.228,3158.421,2.612,-3701.758,-3.061
31/08/2026,2026-08-31,9,[01:00-01:15[,2026-08-31 00:00,1198.022,8229.591,6.869,3263.265,2.724,,,,,2903.23,2.423,3163.161,2.64,-1100.065,-0.918
31/08/2026,2026-08-31,10,[01:15-01:30[,2026-08-31 00:15,1185.742,9456.793,7.975,3484.912,2.939,,,,,2771.42,2.337,3102.4,2.616,98.062,0.083
31/08/2026,2026-08-31,11,[01:30-01:45[,2026-08-31 00:30,1164.934,9881.278,8.482,3778.855,3.244,,,,,2675,2.296,3050.806,2.619,376.616,0.323
31/08/2026,2026-08-31,12,[01:45-02:00[,2026-08-31 00:45,1151.091,9822.597,8.533,3882.234,3.373,,,,,2675,2.324,3132.211,2.721,133.153,0.116
31/08/2026,2026-08-31,13,[02:00-02:15[,2026-08-31 01:00,1148.08,6646.672,5.789,4108.652,3.579,,,,,2539,2.212,3249.363,2.83,-3250.342,-2.831
31/08/2026,2026-08-31,14,[02:15-02:30[,2026-08-31 01:15,1141.221,10982.646,9.624,4277.599,3.748,,,,,5265.85,4.614,3201.387,2.805,-1762.191,-1.544
31/08/2026,2026-08-31,15,[02:30-02:45[,2026-08-31 01:30,1123.834,12043.856,10.717,4278.076,3.807,,,,,5265.85,4.686,3188.732,2.837,-688.803,-0.613
31/08/2026,2026-08-31,16,[02:45-03:00[,2026-08-31 01:45,1117.291,13376.604,11.972,4277.985,3.829,,,,,5265.85,4.713,3235.364,2.896,597.405,0.535
31/08/2026,2026-08-31,17,[03:00-03:15[,2026-08-31 02:00,1115.762,11844.471,10.616,4411.69,3.954,,,,,5265.85,4.72,3121.077,2.797,-954.146,-0.855
31/08/2026,2026-08-31,18,[03:15-03:30[,2026-08-31 02:15,1091.019,12784.77,11.718,4419.682,4.051,,,,,5265.85,4.827,2649.474,2.428,449.764,0.412
31/08/2026,2026-08-31,19,[03:30-03:45[,2026-08-31 02:30,1098.781,10978.821,9.992,4299.743,3.913,,,,,5079.97,4.623,3245.182,2.953,-1646.074,-1.498
31/08/2026,2026-08-31,20,[03:45-04:00[,2026-08-31 02:45,1097.929,9060.076,8.252,4088.018,3.723,,,,,2345.04,2.136,3380.662,3.079,-753.645,-0.686
31/08/2026,2026-08-31,21,[04:00-04:15[,2026-08-31 03:00,1090.201,7711.113,7.073,3717.949,3.41,,,,,2675,2.454,3185.743,2.922,-1867.579,-1.713
31/08/2026,2026-08-31,22,[04:15-04:30[,2026-08-31 03:15,1089.514,9009.186,8.269,3314.593,3.042,,,,,2600.85,2.387,3396.945,3.118,-303.201,-0.278
31/08/2026,2026-08-31,23,[04:30-04:45[,2026-08-31 03:30,1091.601,10496.185,9.615,3186.72,2.919,,,,,3612.26,3.309,3429.294,3.142,267.911,0.245
31/08/2026,2026-08-31,24,[04:45-05:00[,2026-08-31 03:45,1097.886,7522.06,6.851,2518.489,2.294,,,,,2016.4,1.837,3368.739,3.068,-381.569,-0.348
31/08/2026,2026-08-31,25,[05:00-05:15[,2026-08-31 04:00,1102.517,4583.209,4.157,,,,,,,1474.12,1.337,3360.046,3.048,-250.957,-0.228
31/08/2026,2026-08-31,26,[05:15-05:30[,2026-08-31 04:15,1114.101,4194.846,3.765,,,,,,,1435.76,1.289,3450.911,3.097,-691.825,-0.621
31/08/2026,2026-08-31,27,[05:30-05:45[,2026-08-31 04:30,1133.863,590.422,0.521,,,,,,,837.2,0.738,3450.425,3.043,-3697.203,-3.261
31/08/2026,2026-08-31,28,[05:45-06:00[,2026-08-31 04:45,1134.256,2769.794,2.442,,,,,,,1084.8,0.956,3200.44,2.822,-1515.446,-1.336
31/08/2026,2026-08-31,29,[06:00-06:15[,2026-08-31 05:00,1188.795,2757.375,2.319,,,,,,,1127.2,0.948,3539.325,2.977,-1909.15,-1.606
31/08/2026,2026-08-31,30,[06:15-06:30[,2026-08-31 05:15,1220.241,5993.758,4.912,,,,,,,883.3,0.724,3531.384,2.894,1579.075,1.294
31/08/2026,2026-08-31,31,[06:30-06:45[,2026-08-31 05:30,1228.505,6972.858,5.676,,,,,-556.064,-0.453,974.15,0.793,3355.141,2.731,3199.631,2.604
31/08/2026,2026-08-31,32,[06:45-07:00[,2026-08-31 05:45,1239.455,12599.211,10.165,,,,,,,974.15,0.786,3497.795,2.822,8127.267,6.557
31/08/2026,2026-08-31,33,[07:00-07:15[,2026-08-31 06:00,1272.181,1480.544,1.164,,,,,,,1122.23,0.882,3412.861,2.683,-3054.547,-2.401
31/08/2026,2026-08-31,34,[07:15-07:30[,2026-08-31 06:15,1291.338,3009.662,2.331,,,,,,,1264.98,0.98,3347.684,2.592,-1603.002,-1.241
31/08/2026,2026-08-31,35,[07:30-07:45[,2026-08-31 06:30,1319.99,24598.865,18.636,,,,,,,2107.85,1.597,3509.024,2.658,18981.991,14.38
31/08/2026,2026-08-31,36,[07:45-08:00[,2026-08-31 06:45,1348.923,18868.379,13.988,3914.202,2.902,,,,,10384.05,7.698,3485.341,2.584,1084.786,0.804
31/08/2026,2026-08-31,37,[08:00-08:15[,2026-08-31 07:00,1396.015,7907.918,5.665,5461.345,3.912,,,,,2016,1.444,3484.952,2.496,-3054.379,-2.188
31/08/2026,2026-08-31,38,[08:15-08:30[,2026-08-31 07:15,1434.655,36683.61,25.57,10266.966,7.156,,,,,17351.58,12.095,3449.839,2.405,5615.225,3.914
31/08/2026,2026-08-31,39,[08:30-08:45[,2026-08-31 07:30,1461.195,35623.544,24.38,15900.225,10.882,,,,,15934.04,10.905,3501.653,2.396,287.627,0.197
31/08/2026,2026-08-31,40,[08:45-09:00[,2026-08-31 07:45,1464.811,44322.387,30.258,20362.668,13.901,,,,,19652.68,13.417,3021.901,2.063,1285.138,0.877
31/08/2026,2026-08-31,41,[09:00-09:15[,2026-08-31 08:00,1478.925,45631.248,30.854,20413.712,13.803,,,,,21803.76,14.743,3217.194,2.175,196.582,0.133
31/08/2026,2026-08-31,42,[09:15-09:30[,2026-08-31 08:15,1473.701,45609.633,30.949,20513.891,13.92,,,,,22128.89,15.016,3230.318,2.192,-263.466,-0.179
31/08/2026,2026-08-31,43,[09:30-09:45[,2026-08-31 08:30,1474.482,45586.496,30.917,20625.63,13.988,,,,,21654.99,14.687,3142.504,2.131,163.373,0.111
31/08/2026,2026-08-31,44,[09:45-10:00[,2026-08-31 08:45,1454.783,45523.99,31.293,20676.991,14.213,,,,,22114.22,15.201,2843.556,1.955,-110.777,-0.076
31/08/2026,2026-08-31,45,[10:00-10:15[,2026-08-31 09:00,1447.051,44477.149,30.736,20579.092,14.221,,,,,21477.87,14.843,3054.033,2.111,-633.846,-0.438
31/08/2026,2026-08-31,46,[10:15-10:30[,2026-08-31 09:15,1435.676,45141.173,31.442,20573.541,14.33,,,,,21768.3,15.162,2848.337,1.984,-49.005,-0.034
31/08/2026,2026-08-31,47,[10:30-10:45[,2026-08-31 09:30,1415.961,45076.005,31.834,20582.987,14.536,,,,,22382.58,15.807,2360.02,1.667,-249.582,-0.176
31/08/2026,2026-08-31,48,[10:45-11:00[,2026-08-31 09:45,1422.042,45026.505,31.663,20584.692,14.475,,,,,21783.42,15.318,2715.838,1.91,-57.444,-0.04
31/08/2026,2026-08-31,49,[11:00-11:15[,2026-08-31 10:00,1424.722,42560.314,29.873,20636.244,14.484,,,,,19569.42,13.736,2758.379,1.936,-403.728,-0.283
31/08/2026,2026-08-31,50,[11:15-11:30[,2026-08-31 10:15,1408.869,41921.854,29.756,20648.008,14.656,,,,,19612.34,13.921,1668.681,1.184,-7.175,-0.005
31/08/2026,2026-08-31,51,[11:30-11:45[,2026-08-31 10:30,1420.218,41570.603,29.271,20650.263,14.54,,,,,19185.7,13.509,1527.336,1.075,207.304,0.146
31/08/2026,2026-08-31,52,[11:45-12:00[,2026-08-31 10:45,1418.077,40917.186,28.854,20655.752,14.566,,,,,18591.71,13.111,1526.889,1.077,142.836,0.101
31/08/2026,2026-08-31,53,[12:00-12:15[,2026-08-31 11:00,1418.166,42504.738,29.972,20656.221,14.565,,,,,19945.56,14.064,1557.257,1.098,345.7,0.244
31/08/2026,2026-08-31,54,[12:15-12:30[,2026-08-31 11:15,1439.263,43719.559,30.376,20656.811,14.352,,,,,19987.92,13.888,2742.085,1.905,332.743,0.231
31/08/2026,2026-08-31,55,[12:30-12:45[,2026-08-31 11:30,1423.769,43630.299,30.644,20658.283,14.51,,,,,20009.1,14.054,2620.172,1.84,342.744,0.241
31/08/2026,2026-08-31,56,[12:45-13:00[,2026-08-31 11:45,1415.47,43641.885,30.832,20659.383,14.595,,,,,20051.46,14.166,2677.552,1.892,253.49,0.179
31/08/2026,2026-08-31,57,[13:00-13:15[,2026-08-31 12:00,1397.072,43480.586,31.123,20659.566,14.788,,,,,20051.46,14.352,2316.06,1.658,453.5,0.325
31/08/2026,2026-08-31,58,[13:15-13:30[,2026-08-31 12:15,1396.801,43895.246,31.426,20660.088,14.791,,,,,20051.46,14.355,2837.818,2.032,345.88,0.248
31/08/2026,2026-08-31,59,[13:30-13:45[,2026-08-31 12:30,1397.881,44634.054,31.93,20660.025,14.78,,,,,20830.24,14.901,2865.359,2.05,278.43,0.199
31/08/2026,2026-08-31,60,[13:45-14:00[,2026-08-31 12:45,1377.263,44061.381,31.992,20661.06,15.002,,,,,20830.24,15.124,2262.842,1.643,307.24,0.223
31/08/2026,2026-08-31,61,[14:00-14:15[,2026-08-31 13:00,1400.663,43960.301,31.385,20661.805,14.751,,,,,19987.92,14.27,2865.646,2.046,444.93,0.318
31/08/2026,2026-08-31,62,[14:15-14:30[,2026-08-31 13:15,1414.418,43817.675,30.979,20662.321,14.608,,,,,19966.74,14.117,2911.544,2.058,277.07,0.196
31/08/2026,2026-08-31,63,[14:30-14:45[,2026-08-31 13:30,1404.151,43661.617,31.095,20662.06,14.715,,,,,19924.38,14.19,2811.457,2.002,263.72,0.188
31/08/2026,2026-08-31,64,[14:45-15:00[,2026-08-31 13:45,1397.993,43170.862,30.881,20662.806,14.78,,,,,19903.2,14.237,2296.776,1.643,308.08,0.22
31/08/2026,2026-08-31,65,[15:00-15:15[,2026-08-31 14:00,1416.109,44407.371,31.359,20661.464,14.59,,,,,20330.84,14.357,2872.327,2.028,542.74,0.383
31/08/2026,2026-08-31,66,[15:15-15:30[,2026-08-31 14:15,1421.781,44163.145,31.062,20662.435,14.533,,,,,20330.84,14.3,2917.44,2.052,252.43,0.178
31/08/2026,2026-08-31,67,[15:30-15:45[,2026-08-31 14:30,1406.447,43618.289,31.013,20661.287,14.69,,,,,20352.3,14.471,2210.332,1.572,394.37,0.28
31/08/2026,2026-08-31,68,[15:45-16:00[,2026-08-31 14:45,1424.114,44411.966,31.186,20645.952,14.497,,,,,20609.82,14.472,2949.754,2.071,206.44,0.145
31/08/2026,2026-08-31,69,[16:00-16:15[,2026-08-31 15:00,1425.485,44892.256,31.493,20571.599,14.431,,,,,21412.86,15.021,2869.269,2.013,38.528,0.027
31/08/2026,2026-08-31,70,[16:15-16:30[,2026-08-31 15:15,1438.227,44301.007,30.803,20502.641,14.255,,,,,21317.07,14.822,2897.24,2.014,-415.944,-0.289
31/08/2026,2026-08-31,71,[16:30-16:45[,2026-08-31 15:30,1438.113,44625.935,31.031,20361.607,14.159,,,,,21921.93,15.244,2520.236,1.752,-177.837,-0.124
31/08/2026,2026-08-31,72,[16:45-17:00[,2026-08-31 15:45,1465.217,44502.674,30.373,19845.225,13.544,,,,,21613.72,14.751,3026.399,2.065,17.33,0.012
31/08/2026,2026-08-31,73,[17:00-17:15[,2026-08-31 16:00,1477.362,47243.459,31.978,18728.663,12.677,,,,,26384.29,17.859,3005.677,2.034,-875.17,-0.592
31/08/2026,2026-08-31,74,[17:15-17:30[,2026-08-31 16:15,1473.619,42634.345,28.932,16711.163,11.34,,,,,23331.2,15.833,2394.978,1.625,197.004,0.134
31/08/2026,2026-08-31,75,[17:30-17:45[,2026-08-31 16:30,1488.613,28440.038,19.105,12126.891,8.146,,,,,15649,10.512,2121.11,1.425,-1456.963,-0.979
31/08/2026,2026-08-31,76,[17:45-18:00[,2026-08-31 16:45,1508.019,22852.668,15.154,10210.236,6.771,,,,,11486.3,7.617,2319.609,1.538,-1163.477,-0.772
31/08/2026,2026-08-31,77,[18:00-18:15[,2026-08-31 17:00,1523.042,19349.424,12.704,4453.939,2.924,,,,,11486.3,7.542,2187.768,1.436,1221.418,0.802
31/08/2026,2026-08-31,78,[18:15-18:30[,2026-08-31 17:15,1549.934,5973.178,3.854,2256.506,1.456,,,,,4776.42,3.082,2209.758,1.426,-3269.506,-2.109
31/08/2026,2026-08-31,79,[18:30-18:45[,2026-08-31 17:30,1583.879,1749.891,1.105,,,,,,,1897.28,1.198,2238.423,1.413,-2385.812,-1.506
31/08/2026,2026-08-31,80,[18:45-19:00[,2026-08-31 17:45,1631.735,162.33,0.099,,,,,,,2465.87,1.511,2283.217,1.399,-4586.757,-2.811
31/08/2026,2026-08-31,81,[19:00-19:15[,2026-08-31 18:00,1664.402,4987.469,2.997,,,,,,,1347.9,0.81,2219.667,1.334,1419.903,0.853
31/08/2026,2026-08-31,82,[19:15-19:30[,2026-08-31 18:15,1700.631,3314.998,1.949,,,,,,,1831.31,1.077,2188.638,1.287,-704.95,-0.415
31/08/2026,2026-08-31,83,[19:30-19:45[,2026-08-31 18:30,1727.976,4660.797,2.697,,,,,,,1510.33,0.874,2232.88,1.292,917.587,0.531
31/08/2026,2026-08-31,84,[19:45-20:00[,2026-08-31 18:45,1752.095,4929.514,2.813,,,,,,,1510.33,0.862,2233.877,1.275,1185.307,0.677
31/08/2026,2026-08-31,85,[20:00-20:15[,2026-08-31 19:00,1776.57,6941.361,3.907,,,,,,,2028.58,1.142,2230.973,1.256,2681.808,1.51
31/08/2026,2026-08-31,86,[20:15-20:30[,2026-08-31 19:15,1791.356,4741.681,2.647,,,,,,,2584.2,1.443,2235.895,1.248,-78.413,-0.044
31/08/2026,2026-08-31,87,[20:30-20:45[,2026-08-31 19:30,1790.426,5635.435,3.148,,,,,,,2642.6,1.476,2097.246,1.171,895.588,0.5
31/08/2026,2026-08-31,88,[20:45-21:00[,2026-08-31 19:45,1769.573,6137.029,3.468,,,,,,,2028.58,1.146,2100.641,1.187,2007.808,1.135
31/08/2026,2026-08-31,89,[21:00-21:15[,2026-08-31 20:00,1740.668,8482.336,4.873,,,,,,,2541,1.46,2125.785,1.221,3815.551,2.192
31/08/2026,2026-08-31,90,[21:15-21:30[,2026-08-31 20:15,1712.592,6691.318,3.907,,,,,,,1748.54,1.021,2217.135,1.295,2725.643,1.592
31/08/2026,2026-08-31,91,[21:30-21:45[,2026-08-31 20:30,1682.349,5389.405,3.203,,,,,,,1937.25,1.152,2152.535,1.279,1299.62,0.773
31/08/2026,2026-08-31,92,[21:45-22:00[,2026-08-31 20:45,1649.219,5262.707,3.191,,,,,,,1700.36,1.031,2229.315,1.352,1333.031,0.808
31/08/2026,2026-08-31,93,[22:00-22:15[,2026-08-31 21:00,1619.494,1858.116,1.147,,,,,,,2494.8,1.54,2236.41,1.381,-2873.094,-1.774
31/08/2026,2026-08-31,94,[22:15-22:30[,2026-08-31 21:15,1589.56,3136.744,1.973,,,,,,,2699.4,1.698,2147.023,1.351,-1709.679,-1.076
31/08/2026,2026-08-31,95,[22:30-22:45[,2026-08-31 21:30,1559.337,5408.506,3.468,,,,,,,3548.04,2.275,2239.43,1.436,-378.964,-0.243
31/08/2026,2026-08-31,96,[22:45-23:00[,2026-08-31 21:45,1527.896,6655.076,4.356,,,,,,,3204,2.097,2239.717,1.466,1211.359,0.793
