dia,data_iso,mibgas_pt,mibgas_es,vtp_last,vtp_avg,pvb_last,pvb_avg,lng_es,avb_es
17/12/2015,2015-12-17,,19.67,,,,,,
18/12/2015,2015-12-18,,19.67,,,,,,
19/12/2015,2015-12-19,,19.40,,,,,,
20/12/2015,2015-12-20,,19.40,,,,,,
21/12/2015,2015-12-21,,18.55,,,,,,
22/12/2015,2015-12-22,,18.55,,,,,,
23/12/2015,2015-12-23,,18.55,,,,,,
24/12/2015,2015-12-24,,18.55,,,,,,
25/12/2015,2015-12-25,,18.55,,,,,,
26/12/2015,2015-12-26,,18.55,,,,,,
27/12/2015,2015-12-27,,18.55,,,,,,
28/12/2015,2015-12-28,,18.55,,,,,,
29/12/2015,2015-12-29,,18.55,,,,,,
30/12/2015,2015-12-30,,19.25,,,,,,
31/12/2015,2015-12-31,,19.25,,,,,,
01/01/2016,2016-01-01,,19.25,,,,,,
02/01/2016,2016-01-02,,19.25,,,,,,
03/01/2016,2016-01-03,,19.25,,,,,,
04/01/2016,2016-01-04,,19.25,,,,,,
05/01/2016,2016-01-05,,19.00,,,,,,
06/01/2016,2016-01-06,,19.00,,,,,,
07/01/2016,2016-01-07,,17.00,,,,,,
08/01/2016,2016-01-08,,18.75,,,,,,
09/01/2016,2016-01-09,,18.75,,,,,,
10/01/2016,2016-01-10,,18.75,,,,,,
11/01/2016,2016-01-11,,18.50,,,,,,
12/01/2016,2016-01-12,,18.50,,,,,,
13/01/2016,2016-01-13,,18.00,,,,,,
14/01/2016,2016-01-14,,18.00,,,,,,
15/01/2016,2016-01-15,,17.69,,,,,,
16/01/2016,2016-01-16,,17.52,,,,,,
17/01/2016,2016-01-17,,17.49,,,,,,
18/01/2016,2016-01-18,,17.38,,,,,,
19/01/2016,2016-01-19,,17.32,,,,,,
20/01/2016,2016-01-20,,17.66,,,,,,
21/01/2016,2016-01-21,,17.48,,,,,,
22/01/2016,2016-01-22,,16.98,,,,,,
23/01/2016,2016-01-23,,16.89,,,,,,
24/01/2016,2016-01-24,,16.62,,,,,,
25/01/2016,2016-01-25,,16.81,,,,,,
26/01/2016,2016-01-26,,16.78,,,,,,
27/01/2016,2016-01-27,,16.80,,,,,,
28/01/2016,2016-01-28,,16.98,,,,,,
29/01/2016,2016-01-29,,16.98,,,,,,
30/01/2016,2016-01-30,,16.97,,,,,,
31/01/2016,2016-01-31,,16.83,,,,,,
01/02/2016,2016-02-01,,16.93,,,,,,
02/02/2016,2016-02-02,,16.92,,,,,,
03/02/2016,2016-02-03,,16.93,,,,,,
04/02/2016,2016-02-04,,16.81,,,,,,
05/02/2016,2016-02-05,,16.89,,,,,,
06/02/2016,2016-02-06,,16.19,,,,,,
07/02/2016,2016-02-07,,16.00,,,,,,
08/02/2016,2016-02-08,,16.29,,,,,,
09/02/2016,2016-02-09,,16.54,,,,,,
10/02/2016,2016-02-10,,16.73,,,,,,
11/02/2016,2016-02-11,,16.49,,,,,,
12/02/2016,2016-02-12,,16.27,,,,,,
13/02/2016,2016-02-13,,15.98,,,,,,
14/02/2016,2016-02-14,,15.97,,,,,,
15/02/2016,2016-02-15,,16.23,,,,,,
16/02/2016,2016-02-16,,16.11,,,,,,
17/02/2016,2016-02-17,,16.15,,,,,,
18/02/2016,2016-02-18,,16.30,,,,,,
19/02/2016,2016-02-19,,16.18,,,,,,
20/02/2016,2016-02-20,,16.11,,,,,,
21/02/2016,2016-02-21,,16.03,,,,,,
22/02/2016,2016-02-22,,16.25,,,,,,
23/02/2016,2016-02-23,,16.32,,,,,,
24/02/2016,2016-02-24,,16.18,,,,,,
25/02/2016,2016-02-25,,16.21,,,,,,
26/02/2016,2016-02-26,,16.18,,,,,,
27/02/2016,2016-02-27,,16.18,,,,,,
28/02/2016,2016-02-28,,16.06,,,,,,
29/02/2016,2016-02-29,,16.08,,,,,,
01/03/2016,2016-03-01,,16.20,,,,,,
02/03/2016,2016-03-02,,16.21,,,,,,
03/03/2016,2016-03-03,,16.10,,,,,,
04/03/2016,2016-03-04,,15.83,,,,,,
05/03/2016,2016-03-05,,15.70,,,,,,
06/03/2016,2016-03-06,,16.08,,,,,,
07/03/2016,2016-03-07,,16.02,,,,,,
08/03/2016,2016-03-08,,16.14,,,,,,
09/03/2016,2016-03-09,,16.17,,,,,,
10/03/2016,2016-03-10,,16.17,,,,,,
11/03/2016,2016-03-11,,16.05,,,,,,
12/03/2016,2016-03-12,,16.04,,,,,,
13/03/2016,2016-03-13,,16.12,,,,,,
14/03/2016,2016-03-14,,16.13,,,,,,
15/03/2016,2016-03-15,,16.15,,,,,,
16/03/2016,2016-03-16,,16.11,,,,,,
17/03/2016,2016-03-17,,15.97,,,,,,
18/03/2016,2016-03-18,,15.96,,,,,,
19/03/2016,2016-03-19,,15.92,,,,,,
20/03/2016,2016-03-20,,15.93,,,,,,
21/03/2016,2016-03-21,,16.05,,,,,,
22/03/2016,2016-03-22,,15.83,,,,,,
23/03/2016,2016-03-23,,15.82,,,,,,
24/03/2016,2016-03-24,,15.76,,,,,,
25/03/2016,2016-03-25,,15.70,,,,,,
26/03/2016,2016-03-26,,15.58,,,,,,
27/03/2016,2016-03-27,,15.57,,,,,,
28/03/2016,2016-03-28,,15.48,,,,,,
29/03/2016,2016-03-29,,15.01,,,,,,
30/03/2016,2016-03-30,,14.98,,,,,,
31/03/2016,2016-03-31,,14.89,,,,,,
01/04/2016,2016-04-01,,13.72,,,,,,
02/04/2016,2016-04-02,,13.83,,,,,,
03/04/2016,2016-04-03,,13.54,,,,,,
04/04/2016,2016-04-04,,13.63,,,,,,
05/04/2016,2016-04-05,,13.69,,,,,,
06/04/2016,2016-04-06,,13.50,,,,,,
07/04/2016,2016-04-07,,13.53,,,,,,
08/04/2016,2016-04-08,,13.46,,,,,,
09/04/2016,2016-04-09,,13.25,,,,,,
10/04/2016,2016-04-10,,13.14,,,,,,
11/04/2016,2016-04-11,,12.97,,,,,,
12/04/2016,2016-04-12,,12.99,,,,,,
13/04/2016,2016-04-13,,13.01,,,,,,
14/04/2016,2016-04-14,,13.07,,,,,,
15/04/2016,2016-04-15,,13.04,,,,,,
16/04/2016,2016-04-16,,12.88,,,,,,
17/04/2016,2016-04-17,,12.74,,,,,,
18/04/2016,2016-04-18,,12.77,,,,,,
19/04/2016,2016-04-19,,12.70,,,,,,
20/04/2016,2016-04-20,,12.66,,,,,,
21/04/2016,2016-04-21,,12.92,,,,,,
22/04/2016,2016-04-22,,13.44,,,,,,
23/04/2016,2016-04-23,,13.74,,,,,,
24/04/2016,2016-04-24,,13.49,,,,,,
25/04/2016,2016-04-25,,13.58,,,,,,
26/04/2016,2016-04-26,,13.61,,,,,,
27/04/2016,2016-04-27,,14.20,,,,,,
28/04/2016,2016-04-28,,14.64,,,,,,
29/04/2016,2016-04-29,,14.33,,,,,,
30/04/2016,2016-04-30,,13.53,,,,,,
01/05/2016,2016-05-01,,13.78,,,,,,
02/05/2016,2016-05-02,,13.82,,,,,,
03/05/2016,2016-05-03,,13.59,,,,,,
04/05/2016,2016-05-04,,13.32,,,,,,
05/05/2016,2016-05-05,,12.61,,,,,,
06/05/2016,2016-05-06,,12.51,,,,,,
07/05/2016,2016-05-07,,12.46,,,,,,
08/05/2016,2016-05-08,,12.70,,,,,,
09/05/2016,2016-05-09,,12.58,,,,,,
10/05/2016,2016-05-10,,12.72,,,,,,
11/05/2016,2016-05-11,,12.98,,,,,,
12/05/2016,2016-05-12,,13.31,,,,,,
13/05/2016,2016-05-13,,13.34,,,,,,
14/05/2016,2016-05-14,,13.18,,,,,,
15/05/2016,2016-05-15,,13.06,,,,,,
16/05/2016,2016-05-16,,12.55,,,,,,
17/05/2016,2016-05-17,,13.16,,,,,,
18/05/2016,2016-05-18,,13.39,,,,,,
19/05/2016,2016-05-19,,13.43,,,,,,
20/05/2016,2016-05-20,,13.42,,,,,,
21/05/2016,2016-05-21,,13.34,,,,,,
22/05/2016,2016-05-22,,13.15,,,,,,
23/05/2016,2016-05-23,,13.32,,,,,,
24/05/2016,2016-05-24,,13.51,,,,,,
25/05/2016,2016-05-25,,13.49,,,,,,
26/05/2016,2016-05-26,,13.71,,,,,,
27/05/2016,2016-05-27,,13.80,,,,,,
28/05/2016,2016-05-28,,13.78,,,,,,
29/05/2016,2016-05-29,,14.19,,,,,,
30/05/2016,2016-05-30,,13.94,,,,,,
31/05/2016,2016-05-31,,14.17,,,,,,
01/06/2016,2016-06-01,,14.24,,,,,,
02/06/2016,2016-06-02,,14.06,,,,,,
03/06/2016,2016-06-03,,14.07,,,,,,
04/06/2016,2016-06-04,,14.36,,,,,,
05/06/2016,2016-06-05,,14.18,,,,,,
06/06/2016,2016-06-06,,14.34,,,,,,
07/06/2016,2016-06-07,,14.37,,,,,,
08/06/2016,2016-06-08,,14.53,,,,,,
09/06/2016,2016-06-09,,14.54,,,,,,
10/06/2016,2016-06-10,,14.53,,,,,,
11/06/2016,2016-06-11,,15.05,,,,,,
12/06/2016,2016-06-12,,15.22,,,,,,
13/06/2016,2016-06-13,,14.55,,,,,,
14/06/2016,2016-06-14,,14.46,,,,,,
15/06/2016,2016-06-15,,14.09,,,,,,
16/06/2016,2016-06-16,,14.02,,,,,,
17/06/2016,2016-06-17,,13.89,,,,,,
18/06/2016,2016-06-18,,14.10,,,,,,
19/06/2016,2016-06-19,,15.00,,,,,,
20/06/2016,2016-06-20,,14.87,,,,,,
21/06/2016,2016-06-21,,14.92,,,,,,
22/06/2016,2016-06-22,,15.04,,,,,,
23/06/2016,2016-06-23,,15.02,,,,,,
24/06/2016,2016-06-24,,14.99,,,,,,
25/06/2016,2016-06-25,,15.19,,,,,,
26/06/2016,2016-06-26,,15.32,,,,,,
27/06/2016,2016-06-27,,15.30,,,,,,
28/06/2016,2016-06-28,,15.20,,,,,,
29/06/2016,2016-06-29,,15.01,,,,,,
30/06/2016,2016-06-30,,15.16,,,,,,
01/07/2016,2016-07-01,,15.23,,,,,,
02/07/2016,2016-07-02,,15.21,,,,,,
03/07/2016,2016-07-03,,15.17,,,,,,
04/07/2016,2016-07-04,,15.05,,,,,,
05/07/2016,2016-07-05,,14.91,,,,,,
06/07/2016,2016-07-06,,14.84,,,,,,
07/07/2016,2016-07-07,,14.77,,,,,,
08/07/2016,2016-07-08,,14.71,,,,,,
09/07/2016,2016-07-09,,14.71,,,,,,
10/07/2016,2016-07-10,,14.68,,,,,,
11/07/2016,2016-07-11,,14.71,,,,,,
12/07/2016,2016-07-12,,14.86,,,,,,
13/07/2016,2016-07-13,,14.89,,,,,,
14/07/2016,2016-07-14,,14.79,,,,,,
15/07/2016,2016-07-15,,14.83,,,,,,
16/07/2016,2016-07-16,,14.91,,,,,,
17/07/2016,2016-07-17,,15.05,,,,,,
18/07/2016,2016-07-18,,15.42,,,,,,
19/07/2016,2016-07-19,,15.38,,,,,,
20/07/2016,2016-07-20,,15.47,,,,,,
21/07/2016,2016-07-21,,15.34,,,,,,
22/07/2016,2016-07-22,,15.42,,,,,,
23/07/2016,2016-07-23,,15.13,,,,,,
24/07/2016,2016-07-24,,15.75,,,,,,
25/07/2016,2016-07-25,,15.88,,,,,,
26/07/2016,2016-07-26,,16.24,,,,,,
27/07/2016,2016-07-27,,16.34,,,,,,
28/07/2016,2016-07-28,,16.00,,,,,,
29/07/2016,2016-07-29,,15.98,,,,,,
30/07/2016,2016-07-30,,15.93,,,,,,
31/07/2016,2016-07-31,,15.98,,,,,,
01/08/2016,2016-08-01,,16.24,,,,,,
02/08/2016,2016-08-02,,16.24,,,,,,
03/08/2016,2016-08-03,,15.92,,,,,,
04/08/2016,2016-08-04,,15.66,,,,,,
05/08/2016,2016-08-05,,15.36,,,,,,
06/08/2016,2016-08-06,,15.54,,,,,,
07/08/2016,2016-08-07,,15.65,,,,,,
08/08/2016,2016-08-08,,15.68,,,,,,
09/08/2016,2016-08-09,,15.13,,,,,,
10/08/2016,2016-08-10,,14.95,,,,,,
11/08/2016,2016-08-11,,14.91,,,,,,
12/08/2016,2016-08-12,,15.14,,,,,,
13/08/2016,2016-08-13,,15.39,,,,,,
14/08/2016,2016-08-14,,15.37,,,,,,
15/08/2016,2016-08-15,,15.54,,,,,,
16/08/2016,2016-08-16,,15.52,,,,,,
17/08/2016,2016-08-17,,15.43,,,,,,
18/08/2016,2016-08-18,,15.48,,,,,,
19/08/2016,2016-08-19,,15.60,,,,,,
20/08/2016,2016-08-20,,15.47,,,,,,
21/08/2016,2016-08-21,,15.71,,,,,,
22/08/2016,2016-08-22,,15.78,,,,,,
23/08/2016,2016-08-23,,15.84,,,,,,
24/08/2016,2016-08-24,,16.01,,,,,,
25/08/2016,2016-08-25,,16.00,,,,,,
26/08/2016,2016-08-26,,16.02,,,,,,
27/08/2016,2016-08-27,,15.96,,,,,,
28/08/2016,2016-08-28,,15.96,,,,,,
29/08/2016,2016-08-29,,16.01,,,,,,
30/08/2016,2016-08-30,,15.97,,,,,,
31/08/2016,2016-08-31,,15.94,,,,,,
01/09/2016,2016-09-01,,16.03,,,,,,
02/09/2016,2016-09-02,,16.20,,,,,,
03/09/2016,2016-09-03,,16.38,,,,,,
04/09/2016,2016-09-04,,16.51,,,,,,
05/09/2016,2016-09-05,,16.55,,,,,,
06/09/2016,2016-09-06,,16.50,,,,,,
07/09/2016,2016-09-07,,16.53,,,,,,
08/09/2016,2016-09-08,,17.02,,,,,,
09/09/2016,2016-09-09,,16.90,,,,,,
10/09/2016,2016-09-10,,16.69,,,,,,
11/09/2016,2016-09-11,,16.73,,,,,,
12/09/2016,2016-09-12,,17.14,,,,,,
13/09/2016,2016-09-13,,17.48,,,,,,
14/09/2016,2016-09-14,,17.73,,,,,,
15/09/2016,2016-09-15,,17.51,,,,,,
16/09/2016,2016-09-16,,17.37,,,,,,
17/09/2016,2016-09-17,,17.26,,,,,,
18/09/2016,2016-09-18,,16.90,,,,,,
19/09/2016,2016-09-19,,16.79,,,,,,
20/09/2016,2016-09-20,,16.87,,,,,,
21/09/2016,2016-09-21,,16.80,,,,,,
22/09/2016,2016-09-22,,16.77,,,,,,
23/09/2016,2016-09-23,,16.70,,,,,,
24/09/2016,2016-09-24,,16.83,,,,,,
25/09/2016,2016-09-25,,16.83,,,,,,
26/09/2016,2016-09-26,,16.64,,,,,,
27/09/2016,2016-09-27,,16.82,,,,,,
28/09/2016,2016-09-28,,16.79,,,,,,
29/09/2016,2016-09-29,,16.87,,,,,,
30/09/2016,2016-09-30,,16.86,,,,,,
01/10/2016,2016-10-01,,17.07,,,,,,
02/10/2016,2016-10-02,,17.07,,,,,,
03/10/2016,2016-10-03,,16.79,,,,,,
04/10/2016,2016-10-04,,17.21,,,,,,
05/10/2016,2016-10-05,,17.23,,,,,,
06/10/2016,2016-10-06,,17.84,,,,,,
07/10/2016,2016-10-07,,18.99,,,,,,
08/10/2016,2016-10-08,,19.49,,,,,,
09/10/2016,2016-10-09,,18.00,,,,,,
10/10/2016,2016-10-10,,19.07,,,,,,
11/10/2016,2016-10-11,,19.11,,,,,,
12/10/2016,2016-10-12,,17.58,,,,,,
13/10/2016,2016-10-13,,18.71,,,,,,
14/10/2016,2016-10-14,,18.94,,,,,,
15/10/2016,2016-10-15,,17.70,,,,,,
16/10/2016,2016-10-16,,17.36,,,,,,
17/10/2016,2016-10-17,,19.44,,,,,,
18/10/2016,2016-10-18,,20.24,,,,,,
19/10/2016,2016-10-19,,20.83,,,,,,
20/10/2016,2016-10-20,,21.46,,,,,,
21/10/2016,2016-10-21,,21.46,,,,,,
22/10/2016,2016-10-22,,18.83,,,,,,
23/10/2016,2016-10-23,,18.35,,,,,,
24/10/2016,2016-10-24,,21.55,,,,,,
25/10/2016,2016-10-25,,21.77,,,,,,
26/10/2016,2016-10-26,,21.80,,,,,,
27/10/2016,2016-10-27,,21.80,,,,,,
28/10/2016,2016-10-28,,21.67,,,,,,
29/10/2016,2016-10-29,,20.37,,,,,,
30/10/2016,2016-10-30,,19.79,,,,,,
31/10/2016,2016-10-31,,21.37,,,,,,
01/11/2016,2016-11-01,,19.16,,,,,,
02/11/2016,2016-11-02,,21.53,,,,,,
03/11/2016,2016-11-03,,21.66,,,,,,
04/11/2016,2016-11-04,,21.50,,,,,,
05/11/2016,2016-11-05,,19.53,,,,,,
06/11/2016,2016-11-06,,19.62,,,,,,
07/11/2016,2016-11-07,,21.53,,,,,,
08/11/2016,2016-11-08,,21.64,,,,,,
09/11/2016,2016-11-09,,21.63,,,,,,
10/11/2016,2016-11-10,,22.32,,,,,,
11/11/2016,2016-11-11,,22.21,,,,,,
12/11/2016,2016-11-12,,21.55,,,,,,
13/11/2016,2016-11-13,,20.11,,,,,,
14/11/2016,2016-11-14,,21.68,,,,,,
15/11/2016,2016-11-15,,21.93,,,,,,
16/11/2016,2016-11-16,,22.37,,,,,,
17/11/2016,2016-11-17,,22.60,,,,,,
18/11/2016,2016-11-18,,22.96,,,,,,
19/11/2016,2016-11-19,,21.77,,,,,,
20/11/2016,2016-11-20,,20.55,,,,,,
21/11/2016,2016-11-21,,22.69,,,,,,
22/11/2016,2016-11-22,,22.87,,,,,,
23/11/2016,2016-11-23,,22.98,,,,,,
24/11/2016,2016-11-24,,22.93,,,,,,
25/11/2016,2016-11-25,,22.92,,,,,,
26/11/2016,2016-11-26,,20.96,,,,,,
27/11/2016,2016-11-27,,20.60,,,,,,
28/11/2016,2016-11-28,,23.25,,,,,,
29/11/2016,2016-11-29,,23.26,,,,,,
30/11/2016,2016-11-30,,23.26,,,,,,
01/12/2016,2016-12-01,,23.09,,,,,,
02/12/2016,2016-12-02,,23.19,,,,,,
03/12/2016,2016-12-03,,22.35,,,,,,
04/12/2016,2016-12-04,,22.88,,,,,,
05/12/2016,2016-12-05,,23.30,,,,,,
06/12/2016,2016-12-06,,23.38,,,,,,
07/12/2016,2016-12-07,,23.19,,,,,,
08/12/2016,2016-12-08,,24.54,,,,,,
09/12/2016,2016-12-09,,22.71,,,,,,
10/12/2016,2016-12-10,,22.14,,,,,,
11/12/2016,2016-12-11,,22.21,,,,,,
12/12/2016,2016-12-12,,23.65,,,,,,
13/12/2016,2016-12-13,,25.04,,,,,,
14/12/2016,2016-12-14,,25.91,,,,,,
15/12/2016,2016-12-15,,26.21,,,,,,
16/12/2016,2016-12-16,,26.11,,,,,,
17/12/2016,2016-12-17,,24.40,,,,,,
18/12/2016,2016-12-18,,24.87,,,,,,
19/12/2016,2016-12-19,,25.48,,,,,,
20/12/2016,2016-12-20,,25.42,,,,,,
21/12/2016,2016-12-21,,26.83,,,,,,
22/12/2016,2016-12-22,,26.74,,,,,,
23/12/2016,2016-12-23,,26.48,,,,,,
24/12/2016,2016-12-24,,25.59,,,,,,
25/12/2016,2016-12-25,,24.94,,,,,,
26/12/2016,2016-12-26,,19.00,,,,,,
27/12/2016,2016-12-27,,19.69,,,,,,
28/12/2016,2016-12-28,,22.98,,,,,,
29/12/2016,2016-12-29,,24.55,,,,,,
30/12/2016,2016-12-30,,24.88,,,,,,
31/12/2016,2016-12-31,,24.64,,,,,,
01/01/2017,2017-01-01,,27.15,,,,,,
02/01/2017,2017-01-02,,27.64,,,,,,
03/01/2017,2017-01-03,,29.11,,,,,,
04/01/2017,2017-01-04,,29.06,,,,,,
05/01/2017,2017-01-05,,29.31,,,,,,
06/01/2017,2017-01-06,,29.91,,,,,,
07/01/2017,2017-01-07,,30.45,,,,,,
08/01/2017,2017-01-08,,34.58,,,,,,
09/01/2017,2017-01-09,,39.70,,,,,,
10/01/2017,2017-01-10,,40.46,,,,,,
11/01/2017,2017-01-11,,40.93,,,,,,
12/01/2017,2017-01-12,,41.54,,,,,,
13/01/2017,2017-01-13,,41.27,,,,,,
14/01/2017,2017-01-14,,39.25,,,,,,
15/01/2017,2017-01-15,,38.63,,,,,,
16/01/2017,2017-01-16,,39.43,,,,,,
17/01/2017,2017-01-17,,38.81,,,,,,
18/01/2017,2017-01-18,,36.42,,,,,,
19/01/2017,2017-01-19,,36.44,,,,,,
20/01/2017,2017-01-20,,36.93,,,,,,
21/01/2017,2017-01-21,,37.13,,,,,,
22/01/2017,2017-01-22,,36.75,,,,,,
23/01/2017,2017-01-23,,39.86,,,,,,
24/01/2017,2017-01-24,,41.15,,,,,,
25/01/2017,2017-01-25,,41.53,,,,,,
26/01/2017,2017-01-26,,41.69,,,,,,
27/01/2017,2017-01-27,,40.60,,,,,,
28/01/2017,2017-01-28,,37.75,,,,,,
29/01/2017,2017-01-29,,35.92,,,,,,
30/01/2017,2017-01-30,,36.36,,,,,,
31/01/2017,2017-01-31,,35.39,,,,,,
01/02/2017,2017-02-01,,31.45,,,,,,
02/02/2017,2017-02-02,,27.12,,,,,,
03/02/2017,2017-02-03,,25.34,,,,,,
04/02/2017,2017-02-04,,25.68,,,,,,
05/02/2017,2017-02-05,,25.46,,,,,,
06/02/2017,2017-02-06,,27.71,,,,,,
07/02/2017,2017-02-07,,26.44,,,,,,
08/02/2017,2017-02-08,,25.18,,,,,,
09/02/2017,2017-02-09,,24.94,,,,,,
10/02/2017,2017-02-10,,23.10,,,,,,
11/02/2017,2017-02-11,,22.11,,,,,,
12/02/2017,2017-02-12,,21.98,,,,,,
13/02/2017,2017-02-13,,21.18,,,,,,
14/02/2017,2017-02-14,,20.62,,,,,,
15/02/2017,2017-02-15,,19.99,,,,,,
16/02/2017,2017-02-16,,19.81,,,,,,
17/02/2017,2017-02-17,,19.16,,,,,,
18/02/2017,2017-02-18,,19.27,,,,,,
19/02/2017,2017-02-19,,19.20,,,,,,
20/02/2017,2017-02-20,,19.15,,,,,,
21/02/2017,2017-02-21,,18.76,,,,,,
22/02/2017,2017-02-22,,18.36,,,,,,
23/02/2017,2017-02-23,,18.36,,,,,,
24/02/2017,2017-02-24,,18.38,,,,,,
25/02/2017,2017-02-25,,18.26,,,,,,
26/02/2017,2017-02-26,,18.27,,,,,,
27/02/2017,2017-02-27,,18.22,,,,,,
28/02/2017,2017-02-28,,17.98,,,,,,
01/03/2017,2017-03-01,,17.83,,,,,,
02/03/2017,2017-03-02,,17.59,,,,,,
03/03/2017,2017-03-03,,17.36,,,,,,
04/03/2017,2017-03-04,,16.86,,,,,,
05/03/2017,2017-03-05,,16.89,,,,,,
06/03/2017,2017-03-06,,17.02,,,,,,
07/03/2017,2017-03-07,,17.01,,,,,,
08/03/2017,2017-03-08,,16.85,,,,,,
09/03/2017,2017-03-09,,16.57,,,,,,
10/03/2017,2017-03-10,,16.07,,,,,,
11/03/2017,2017-03-11,,15.92,,,,,,
12/03/2017,2017-03-12,,15.85,,,,,,
13/03/2017,2017-03-13,,15.80,,,,,,
14/03/2017,2017-03-14,,16.15,,,,,,
15/03/2017,2017-03-15,,16.43,,,,,,
16/03/2017,2017-03-16,,16.47,,,,,,
17/03/2017,2017-03-17,,16.38,,,,,,
18/03/2017,2017-03-18,,16.13,,,,,,
19/03/2017,2017-03-19,,16.15,,,,,,
20/03/2017,2017-03-20,,16.46,,,,,,
21/03/2017,2017-03-21,,16.73,,,,,,
22/03/2017,2017-03-22,,16.57,,,,,,
23/03/2017,2017-03-23,,16.81,,,,,,
24/03/2017,2017-03-24,,17.13,,,,,,
25/03/2017,2017-03-25,,16.85,,,,,,
26/03/2017,2017-03-26,,18.10,,,,,,
27/03/2017,2017-03-27,,18.22,,,,,,
28/03/2017,2017-03-28,,16.93,,,,,,
29/03/2017,2017-03-29,,16.71,,,,,,
30/03/2017,2017-03-30,,16.53,,,,,,
31/03/2017,2017-03-31,,16.53,,,,,,
01/04/2017,2017-04-01,,17.17,,,,,,
02/04/2017,2017-04-02,,17.73,,,,,,
03/04/2017,2017-04-03,,18.39,,,,,,
04/04/2017,2017-04-04,,18.30,,,,,,
05/04/2017,2017-04-05,,18.23,,,,,,
06/04/2017,2017-04-06,,18.26,,,,,,
07/04/2017,2017-04-07,,18.11,,,,,,
08/04/2017,2017-04-08,,18.15,,,,,,
09/04/2017,2017-04-09,,18.12,,,,,,
10/04/2017,2017-04-10,,18.23,,,,,,
11/04/2017,2017-04-11,,17.79,,,,,,
12/04/2017,2017-04-12,,17.84,,,,,,
13/04/2017,2017-04-13,,17.91,,,,,,
14/04/2017,2017-04-14,,16.87,,,,,,
15/04/2017,2017-04-15,,16.08,,,,,,
16/04/2017,2017-04-16,,16.97,,,,,,
17/04/2017,2017-04-17,,18.07,,,,,,
18/04/2017,2017-04-18,,18.04,,,,,,
19/04/2017,2017-04-19,,18.02,,,,,,
20/04/2017,2017-04-20,,17.90,,,,,,
21/04/2017,2017-04-21,,17.97,,,,,,
22/04/2017,2017-04-22,,17.94,,,,,,
23/04/2017,2017-04-23,,17.71,,,,,,
24/04/2017,2017-04-24,,18.03,,,,,,
25/04/2017,2017-04-25,,17.91,,,,,,
26/04/2017,2017-04-26,,17.86,,,,,,
27/04/2017,2017-04-27,,17.99,,,,,,
28/04/2017,2017-04-28,,18.46,,,,,,
29/04/2017,2017-04-29,,18.28,,,,,,
30/04/2017,2017-04-30,,18.45,,,,,,
01/05/2017,2017-05-01,,18.14,,,,,,
02/05/2017,2017-05-02,,18.19,,,,,,
03/05/2017,2017-05-03,,18.58,,,,,,
04/05/2017,2017-05-04,,18.51,,,,,,
05/05/2017,2017-05-05,,18.54,,,,,,
06/05/2017,2017-05-06,,18.61,,,,,,
07/05/2017,2017-05-07,,18.02,,,,,,
08/05/2017,2017-05-08,,18.20,,,,,,
09/05/2017,2017-05-09,,18.44,,,,,,
10/05/2017,2017-05-10,,18.16,,,,,,
11/05/2017,2017-05-11,,18.08,,,,,,
12/05/2017,2017-05-12,,17.84,,,,,,
13/05/2017,2017-05-13,,17.56,,,,,,
14/05/2017,2017-05-14,,17.65,,,,,,
15/05/2017,2017-05-15,,17.86,,,,,,
16/05/2017,2017-05-16,,18.10,,,,,,
17/05/2017,2017-05-17,,18.01,,,,,,
18/05/2017,2017-05-18,,18.00,,,,,,
19/05/2017,2017-05-19,,18.01,,,,,,
20/05/2017,2017-05-20,,17.66,,,,,,
21/05/2017,2017-05-21,,17.48,,,,,,
22/05/2017,2017-05-22,,17.84,,,,,,
23/05/2017,2017-05-23,,17.88,,,,,,
24/05/2017,2017-05-24,,17.83,,,,,,
25/05/2017,2017-05-25,,17.84,,,,,,
26/05/2017,2017-05-26,,17.86,,,,,,
27/05/2017,2017-05-27,,17.41,,,,,,
28/05/2017,2017-05-28,,17.25,,,,,,
29/05/2017,2017-05-29,,17.92,,,,,,
30/05/2017,2017-05-30,,18.12,,,,,,
31/05/2017,2017-05-31,,18.24,,,,,,
01/06/2017,2017-06-01,,18.08,,,,,,
02/06/2017,2017-06-02,,17.50,,,,,,
03/06/2017,2017-06-03,,16.97,,,,,,
04/06/2017,2017-06-04,,16.92,,,,,,
05/06/2017,2017-06-05,,16.84,,,,,,
06/06/2017,2017-06-06,,16.97,,,,,,
07/06/2017,2017-06-07,,16.84,,,,,,
08/06/2017,2017-06-08,,16.96,,,,,,
09/06/2017,2017-06-09,,17.19,,,,,,
10/06/2017,2017-06-10,,17.03,,,,,,
11/06/2017,2017-06-11,,16.98,,,,,,
12/06/2017,2017-06-12,,17.33,,,,,,
13/06/2017,2017-06-13,,17.50,,,,,,
14/06/2017,2017-06-14,,17.73,,,,,,
15/06/2017,2017-06-15,,17.91,,,,,,
16/06/2017,2017-06-16,,17.69,,,,,,
17/06/2017,2017-06-17,,17.32,,,,,,
18/06/2017,2017-06-18,,17.36,,,,,,
19/06/2017,2017-06-19,,18.37,,,,,,
20/06/2017,2017-06-20,,18.49,,,,,,
21/06/2017,2017-06-21,,18.57,,,,,,
22/06/2017,2017-06-22,,18.67,,,,,,
23/06/2017,2017-06-23,,18.66,,,,,,
24/06/2017,2017-06-24,,17.67,,,,,,
25/06/2017,2017-06-25,,17.48,,,,,,
26/06/2017,2017-06-26,,18.31,,,,,,
27/06/2017,2017-06-27,,17.78,,,,,,
28/06/2017,2017-06-28,,16.85,,,,,,
29/06/2017,2017-06-29,,17.12,,,,,,
30/06/2017,2017-06-30,,17.17,,,,,,
01/07/2017,2017-07-01,,16.83,,,,,,
02/07/2017,2017-07-02,,16.55,,,,,,
03/07/2017,2017-07-03,,17.17,,,,,,
04/07/2017,2017-07-04,,17.14,,,,,,
05/07/2017,2017-07-05,,17.05,,,,,,
06/07/2017,2017-07-06,,17.13,,,,,,
07/07/2017,2017-07-07,,17.00,,,,,,
08/07/2017,2017-07-08,,16.73,,,,,,
09/07/2017,2017-07-09,,16.67,,,,,,
10/07/2017,2017-07-10,,17.27,,,,,,
11/07/2017,2017-07-11,,17.08,,,,,,
12/07/2017,2017-07-12,,16.88,,,,,,
13/07/2017,2017-07-13,,16.88,,,,,,
14/07/2017,2017-07-14,,16.93,,,,,,
15/07/2017,2017-07-15,,16.68,,,,,,
16/07/2017,2017-07-16,,16.71,,,,,,
17/07/2017,2017-07-17,,16.77,,,,,,
18/07/2017,2017-07-18,,16.86,,,,,,
19/07/2017,2017-07-19,,16.61,,,,,,
20/07/2017,2017-07-20,,16.65,,,,,,
21/07/2017,2017-07-21,,16.58,,,,,,
22/07/2017,2017-07-22,,16.53,,,,,,
23/07/2017,2017-07-23,,16.55,,,,,,
24/07/2017,2017-07-24,,16.52,,,,,,
25/07/2017,2017-07-25,,16.45,,,,,,
26/07/2017,2017-07-26,,16.49,,,,,,
27/07/2017,2017-07-27,,16.63,,,,,,
28/07/2017,2017-07-28,,16.67,,,,,,
29/07/2017,2017-07-29,,16.53,,,,,,
30/07/2017,2017-07-30,,16.48,,,,,,
31/07/2017,2017-07-31,,17.05,,,,,,
01/08/2017,2017-08-01,,17.19,,,,,,
02/08/2017,2017-08-02,,17.29,,,,,,
03/08/2017,2017-08-03,,17.26,,,,,,
04/08/2017,2017-08-04,,16.96,,,,,,
05/08/2017,2017-08-05,,15.81,,,,,,
06/08/2017,2017-08-06,,15.68,,,,,,
07/08/2017,2017-08-07,,16.44,,,,,,
08/08/2017,2017-08-08,,16.58,,,,,,
09/08/2017,2017-08-09,,15.94,,,,,,
10/08/2017,2017-08-10,,16.05,,,,,,
11/08/2017,2017-08-11,,16.00,,,,,,
12/08/2017,2017-08-12,,15.76,,,,,,
13/08/2017,2017-08-13,,15.77,,,,,,
14/08/2017,2017-08-14,,16.01,,,,,,
15/08/2017,2017-08-15,,16.06,,,,,,
16/08/2017,2017-08-16,,16.37,,,,,,
17/08/2017,2017-08-17,,16.24,,,,,,
18/08/2017,2017-08-18,,16.31,,,,,,
19/08/2017,2017-08-19,,16.05,,,,,,
20/08/2017,2017-08-20,,16.05,,,,,,
21/08/2017,2017-08-21,,16.54,,,,,,
22/08/2017,2017-08-22,,16.64,,,,,,
23/08/2017,2017-08-23,,16.79,,,,,,
24/08/2017,2017-08-24,,16.97,,,,,,
25/08/2017,2017-08-25,,16.98,,,,,,
26/08/2017,2017-08-26,,16.57,,,,,,
27/08/2017,2017-08-27,,16.56,,,,,,
28/08/2017,2017-08-28,,17.30,,,,,,
29/08/2017,2017-08-29,,18.07,,,,,,
30/08/2017,2017-08-30,,18.11,,,,,,
31/08/2017,2017-08-31,,17.89,,,,,,
01/09/2017,2017-09-01,,16.91,,,,,,
02/09/2017,2017-09-02,,16.81,,,,,,
03/09/2017,2017-09-03,,17.04,,,,,,
04/09/2017,2017-09-04,,17.18,,,,,,
05/09/2017,2017-09-05,,17.18,,,,,,
06/09/2017,2017-09-06,,17.22,,,,,,
07/09/2017,2017-09-07,,17.28,,,,,,
08/09/2017,2017-09-08,,17.32,,,,,,
09/09/2017,2017-09-09,,16.82,,,,,,
10/09/2017,2017-09-10,,16.69,,,,,,
11/09/2017,2017-09-11,,16.90,,,,,,
12/09/2017,2017-09-12,,17.32,,,,,,
13/09/2017,2017-09-13,,17.32,,,,,,
14/09/2017,2017-09-14,,17.53,,,,,,
15/09/2017,2017-09-15,,17.73,,,,,,
16/09/2017,2017-09-16,,17.64,,,,,,
17/09/2017,2017-09-17,,17.71,,,,,,
18/09/2017,2017-09-18,,17.87,,,,,,
19/09/2017,2017-09-19,,17.87,,,,,,
20/09/2017,2017-09-20,,18.33,,,,,,
21/09/2017,2017-09-21,,18.45,,,,,,
22/09/2017,2017-09-22,,18.36,,,,,,
23/09/2017,2017-09-23,,17.75,,,,,,
24/09/2017,2017-09-24,,17.62,,,,,,
25/09/2017,2017-09-25,,18.33,,,,,,
26/09/2017,2017-09-26,,18.11,,,,,,
27/09/2017,2017-09-27,,18.13,,,,,,
28/09/2017,2017-09-28,,18.93,,,,,,
29/09/2017,2017-09-29,,19.02,,,,,,
30/09/2017,2017-09-30,,17.52,,,,,,
01/10/2017,2017-10-01,,17.85,,,,,,
02/10/2017,2017-10-02,,19.70,,,,,,
03/10/2017,2017-10-03,,20.03,,,,,,
04/10/2017,2017-10-04,,20.17,,,,,,
05/10/2017,2017-10-05,,20.76,,,,,,
06/10/2017,2017-10-06,,20.47,,,,,,
07/10/2017,2017-10-07,,19.51,,,,,,
08/10/2017,2017-10-08,,19.99,,,,,,
09/10/2017,2017-10-09,,22.47,,,,,,
10/10/2017,2017-10-10,,22.74,,,,,,
11/10/2017,2017-10-11,,22.62,,,,,,
12/10/2017,2017-10-12,,21.69,,,,,,
13/10/2017,2017-10-13,,21.50,,,,,,
14/10/2017,2017-10-14,,20.97,,,,,,
15/10/2017,2017-10-15,,20.62,,,,,,
16/10/2017,2017-10-16,,21.13,,,,,,
17/10/2017,2017-10-17,,20.92,,,,,,
18/10/2017,2017-10-18,,21.00,,,,,,
19/10/2017,2017-10-19,,21.37,,,,,,
20/10/2017,2017-10-20,,20.88,,,,,,
21/10/2017,2017-10-21,,20.54,,,,,,
22/10/2017,2017-10-22,,20.72,,,,,,
23/10/2017,2017-10-23,,22.07,,,,,,
24/10/2017,2017-10-24,,21.98,,,,,,
25/10/2017,2017-10-25,,22.39,,,,,,
26/10/2017,2017-10-26,,22.82,,,,,,
27/10/2017,2017-10-27,,21.71,,,,,,
28/10/2017,2017-10-28,,20.81,,,,,,
29/10/2017,2017-10-29,,21.13,,,,,,
30/10/2017,2017-10-30,,21.40,,,,,,
31/10/2017,2017-10-31,,22.72,,,,,,
01/11/2017,2017-11-01,,21.14,,,,,,
02/11/2017,2017-11-02,,21.69,,,,,,
03/11/2017,2017-11-03,,21.26,,,,,,
04/11/2017,2017-11-04,,19.97,,,,,,
05/11/2017,2017-11-05,,20.06,,,,,,
06/11/2017,2017-11-06,,20.87,,,,,,
07/11/2017,2017-11-07,,23.30,,,,,,
08/11/2017,2017-11-08,,23.66,,,,,,
09/11/2017,2017-11-09,,23.69,,,,,,
10/11/2017,2017-11-10,,23.92,,,,,,
11/11/2017,2017-11-11,,23.21,,,,,,
12/11/2017,2017-11-12,,23.26,,,,,,
13/11/2017,2017-11-13,,23.59,,,,,,
14/11/2017,2017-11-14,,24.64,,,,,,
15/11/2017,2017-11-15,,25.43,,,,,,
16/11/2017,2017-11-16,,24.93,,,,,,
17/11/2017,2017-11-17,,24.82,,,,,,
18/11/2017,2017-11-18,,23.98,,,,,,
19/11/2017,2017-11-19,,24.16,,,,,,
20/11/2017,2017-11-20,,25.38,,,,,,
21/11/2017,2017-11-21,,25.24,,,,,,
22/11/2017,2017-11-22,,24.89,,,,,,
23/11/2017,2017-11-23,,24.77,,,,,,
24/11/2017,2017-11-24,,24.66,,,,,,
25/11/2017,2017-11-25,,24.49,,,,,,
26/11/2017,2017-11-26,,24.72,,,,,,
27/11/2017,2017-11-27,,25.81,,,,,,
28/11/2017,2017-11-28,,26.46,,,,,,
29/11/2017,2017-11-29,,26.38,,,,,,
30/11/2017,2017-11-30,,26.82,,,,,,
01/12/2017,2017-12-01,,27.26,,,,,,
02/12/2017,2017-12-02,,26.14,,,,,,
03/12/2017,2017-12-03,,27.97,,,,,,
04/12/2017,2017-12-04,,29.18,,,,,,
05/12/2017,2017-12-05,,30.01,,,,,,
06/12/2017,2017-12-06,,29.30,,,,,,
07/12/2017,2017-12-07,,28.61,,,,,,
08/12/2017,2017-12-08,,27.85,,,,,,
09/12/2017,2017-12-09,,27.54,,,,,,
10/12/2017,2017-12-10,,27.36,,,,,,
11/12/2017,2017-12-11,,26.68,,,,,,
12/12/2017,2017-12-12,,27.98,,,,,,
13/12/2017,2017-12-13,,27.80,,,,,,
14/12/2017,2017-12-14,,27.01,,,,,,
15/12/2017,2017-12-15,,26.49,,,,,,
16/12/2017,2017-12-16,,26.07,,,,,,
17/12/2017,2017-12-17,,26.26,,,,,,
18/12/2017,2017-12-18,,27.79,,,,,,
19/12/2017,2017-12-19,,27.32,,,,,,
20/12/2017,2017-12-20,,27.05,,,,,,
21/12/2017,2017-12-21,,26.57,,,,,,
22/12/2017,2017-12-22,,25.85,,,,,,
23/12/2017,2017-12-23,,24.20,,,,,,
24/12/2017,2017-12-24,,22.89,,,,,,
25/12/2017,2017-12-25,,23.22,,,,,,
26/12/2017,2017-12-26,,23.76,,,,,,
27/12/2017,2017-12-27,,22.79,,,,,,
28/12/2017,2017-12-28,,22.78,,,,,,
29/12/2017,2017-12-29,,22.48,,,,,,
30/12/2017,2017-12-30,,21.70,,,,,,
31/12/2017,2017-12-31,,21.67,,,,,,
01/01/2018,2018-01-01,,21.81,,,,,,
02/01/2018,2018-01-02,,22.51,,,,,,
03/01/2018,2018-01-03,,20.40,,,,,,
04/01/2018,2018-01-04,,19.01,,,,,,
05/01/2018,2018-01-05,,19.78,,,,,,
06/01/2018,2018-01-06,,20.37,,,,,,
07/01/2018,2018-01-07,,20.94,,,,,,
08/01/2018,2018-01-08,,23.11,,,,,,
09/01/2018,2018-01-09,,23.12,,,,,,
10/01/2018,2018-01-10,,22.60,,,,,,
11/01/2018,2018-01-11,,22.34,,,,,,
12/01/2018,2018-01-12,,22.16,,,,,,
13/01/2018,2018-01-13,,21.32,,,,,,
14/01/2018,2018-01-14,,21.80,,,,,,
15/01/2018,2018-01-15,,22.41,,,,,,
16/01/2018,2018-01-16,,21.45,,,,,,
17/01/2018,2018-01-17,,20.90,,,,,,
18/01/2018,2018-01-18,,20.35,,,,,,
19/01/2018,2018-01-19,,19.72,,,,,,
20/01/2018,2018-01-20,,18.67,,,,,,
21/01/2018,2018-01-21,,17.54,,,,,,
22/01/2018,2018-01-22,,19.13,,,,,,
23/01/2018,2018-01-23,,18.99,,,,,,
24/01/2018,2018-01-24,,19.17,,,,,,
25/01/2018,2018-01-25,,19.02,,,,,,
26/01/2018,2018-01-26,,18.99,,,,,,
27/01/2018,2018-01-27,,18.88,,,,,,
28/01/2018,2018-01-28,,18.98,,,,,,
29/01/2018,2018-01-29,,19.22,,,,,,
30/01/2018,2018-01-30,,20.17,,,,,,
31/01/2018,2018-01-31,,20.62,,,,,,
01/02/2018,2018-02-01,,21.43,,,,,,
02/02/2018,2018-02-02,,21.82,,,,,,
03/02/2018,2018-02-03,,21.25,,,,,,
04/02/2018,2018-02-04,,21.25,,,,,,
05/02/2018,2018-02-05,,23.05,,,,,,
06/02/2018,2018-02-06,,23.03,,,,,,
07/02/2018,2018-02-07,,22.61,,,,,,
08/02/2018,2018-02-08,,23.14,,,,,,
09/02/2018,2018-02-09,,22.40,,,,,,
10/02/2018,2018-02-10,,21.06,,,,,,
11/02/2018,2018-02-11,,20.94,,,,,,
12/02/2018,2018-02-12,,21.52,,,,,,
13/02/2018,2018-02-13,,21.12,,,,,,
14/02/2018,2018-02-14,,20.50,,,,,,
15/02/2018,2018-02-15,,20.94,,,,,,
16/02/2018,2018-02-16,,20.43,,,,,,
17/02/2018,2018-02-17,,19.31,,,,,,
18/02/2018,2018-02-18,,19.45,,,,,,
19/02/2018,2018-02-19,,20.81,,,,,,
20/02/2018,2018-02-20,,20.85,,,,,,
21/02/2018,2018-02-21,,21.37,,,,,,
22/02/2018,2018-02-22,,22.52,,,,,,
23/02/2018,2018-02-23,,23.82,,,,,,
24/02/2018,2018-02-24,,24.63,,,,,,
25/02/2018,2018-02-25,,24.73,,,,,,
26/02/2018,2018-02-26,,26.55,,,,,,
27/02/2018,2018-02-27,,28.85,,,,,,
28/02/2018,2018-02-28,,34.32,,,,,,
01/03/2018,2018-03-01,,32.82,,,,,,
02/03/2018,2018-03-02,,33.94,,,,,,
03/03/2018,2018-03-03,,27.54,,,,,,
04/03/2018,2018-03-04,,26.02,,,,,,
05/03/2018,2018-03-05,,26.15,,,,,,
06/03/2018,2018-03-06,,23.70,,,,,,
07/03/2018,2018-03-07,,22.95,,,,,,
08/03/2018,2018-03-08,,22.64,,,,,,
09/03/2018,2018-03-09,,22.51,,,,,,
10/03/2018,2018-03-10,,21.95,,,,,,
11/03/2018,2018-03-11,,21.87,,,,,,
12/03/2018,2018-03-12,,23.95,,,,,,
13/03/2018,2018-03-13,,25.42,,,,,,
14/03/2018,2018-03-14,,24.46,,,,,,
15/03/2018,2018-03-15,,23.37,,,,,,
16/03/2018,2018-03-16,,23.82,,,,,,
17/03/2018,2018-03-17,,23.46,,,,,,
18/03/2018,2018-03-18,,23.38,,,,,,
19/03/2018,2018-03-19,,25.01,,,,,,
20/03/2018,2018-03-20,,23.41,,,,,,
21/03/2018,2018-03-21,,23.54,,,,,,
22/03/2018,2018-03-22,,23.52,,,,,,
23/03/2018,2018-03-23,,22.03,,,,,,
24/03/2018,2018-03-24,,21.88,,,,,,
25/03/2018,2018-03-25,,21.34,,,,,,
26/03/2018,2018-03-26,,21.56,,,,,,
27/03/2018,2018-03-27,,21.17,,,,,,
28/03/2018,2018-03-28,,20.78,,,,,,
29/03/2018,2018-03-29,,19.74,,,,,,
30/03/2018,2018-03-30,,18.73,,,,,,
31/03/2018,2018-03-31,,19.02,,,,,,
01/04/2018,2018-04-01,,20.99,,,,,,
02/04/2018,2018-04-02,,20.80,,,,,,
03/04/2018,2018-04-03,,20.74,,,,,,
04/04/2018,2018-04-04,,20.57,,,,,,
05/04/2018,2018-04-05,,21.26,,,,,,
06/04/2018,2018-04-06,,21.21,,,,,,
07/04/2018,2018-04-07,,20.50,,,,,,
08/04/2018,2018-04-08,,20.29,,,,,,
09/04/2018,2018-04-09,,21.43,,,,,,
10/04/2018,2018-04-10,,22.65,,,,,,
11/04/2018,2018-04-11,,23.20,,,,,,
12/04/2018,2018-04-12,,23.18,,,,,,
13/04/2018,2018-04-13,,23.11,,,,,,
14/04/2018,2018-04-14,,22.37,,,,,,
15/04/2018,2018-04-15,,22.09,,,,,,
16/04/2018,2018-04-16,,22.41,,,,,,
17/04/2018,2018-04-17,,21.37,,,,,,
18/04/2018,2018-04-18,,20.34,,,,,,
19/04/2018,2018-04-19,,19.96,,,,,,
20/04/2018,2018-04-20,,19.97,,,,,,
21/04/2018,2018-04-21,,19.72,,,,,,
22/04/2018,2018-04-22,,19.84,,,,,,
23/04/2018,2018-04-23,,20.22,,,,,,
24/04/2018,2018-04-24,,20.16,,,,,,
25/04/2018,2018-04-25,,19.97,,,,,,
26/04/2018,2018-04-26,,19.95,,,,,,
27/04/2018,2018-04-27,,20.07,,,,,,
28/04/2018,2018-04-28,,19.96,,,,,,
29/04/2018,2018-04-29,,20.08,,,,,,
30/04/2018,2018-04-30,,20.25,,,,,,
01/05/2018,2018-05-01,,20.67,,,,,,
02/05/2018,2018-05-02,,21.11,,,,,,
03/05/2018,2018-05-03,,21.06,,,,,,
04/05/2018,2018-05-04,,20.94,,,,,,
05/05/2018,2018-05-05,,20.49,,,,,,
06/05/2018,2018-05-06,,20.49,,,,,,
07/05/2018,2018-05-07,,21.58,,,,,,
08/05/2018,2018-05-08,,21.87,,,,,,
09/05/2018,2018-05-09,,21.45,,,,,,
10/05/2018,2018-05-10,,21.59,,,,,,
11/05/2018,2018-05-11,,21.59,,,,,,
12/05/2018,2018-05-12,,21.38,,,,,,
13/05/2018,2018-05-13,,21.51,,,,,,
14/05/2018,2018-05-14,,22.39,,,,,,
15/05/2018,2018-05-15,,22.67,,,,,,
16/05/2018,2018-05-16,,22.58,,,,,,
17/05/2018,2018-05-17,,22.61,,,,,,
18/05/2018,2018-05-18,,22.86,,,,,,
19/05/2018,2018-05-19,,22.81,,,,,,
20/05/2018,2018-05-20,,22.89,,,,,,
21/05/2018,2018-05-21,,23.55,,,,,,
22/05/2018,2018-05-22,,23.84,,,,,,
23/05/2018,2018-05-23,,24.45,,,,,,
24/05/2018,2018-05-24,,24.55,,,,,,
25/05/2018,2018-05-25,,23.63,,,,,,
26/05/2018,2018-05-26,,22.83,,,,,,
27/05/2018,2018-05-27,,22.69,,,,,,
28/05/2018,2018-05-28,,22.53,,,,,,
29/05/2018,2018-05-29,,22.81,,,,,,
30/05/2018,2018-05-30,,23.53,,,,,,
31/05/2018,2018-05-31,,24.19,,,,,,
01/06/2018,2018-06-01,,23.38,,,,,,
02/06/2018,2018-06-02,,22.17,,,,,,
03/06/2018,2018-06-03,,22.07,,,,,,
04/06/2018,2018-06-04,,22.32,,,,,,
05/06/2018,2018-06-05,,22.53,,,,,,
06/06/2018,2018-06-06,,22.61,,,,,,
07/06/2018,2018-06-07,,22.71,,,,,,
08/06/2018,2018-06-08,,22.76,,,,,,
09/06/2018,2018-06-09,,22.54,,,,,,
10/06/2018,2018-06-10,,22.50,,,,,,
11/06/2018,2018-06-11,,22.57,,,,,,
12/06/2018,2018-06-12,,22.66,,,,,,
13/06/2018,2018-06-13,,22.93,,,,,,
14/06/2018,2018-06-14,,23.97,,,,,,
15/06/2018,2018-06-15,,24.26,,,,,,
16/06/2018,2018-06-16,,23.53,,,,,,
17/06/2018,2018-06-17,,23.50,,,,,,
18/06/2018,2018-06-18,,23.72,,,,,,
19/06/2018,2018-06-19,,23.32,,,,,,
20/06/2018,2018-06-20,,23.48,,,,,,
21/06/2018,2018-06-21,,22.95,,,,,,
22/06/2018,2018-06-22,,22.44,,,,,,
23/06/2018,2018-06-23,,22.34,,,,,,
24/06/2018,2018-06-24,,22.23,,,,,,
25/06/2018,2018-06-25,,22.65,,,,,,
26/06/2018,2018-06-26,,23.96,,,,,,
27/06/2018,2018-06-27,,23.77,,,,,,
28/06/2018,2018-06-28,,23.77,,,,,,
29/06/2018,2018-06-29,,23.76,,,,,,
30/06/2018,2018-06-30,,22.59,,,,,,
01/07/2018,2018-07-01,,23.73,,,,,,
02/07/2018,2018-07-02,,25.21,,,,,,
03/07/2018,2018-07-03,,25.02,,,,,,
04/07/2018,2018-07-04,,24.33,,,,,,
05/07/2018,2018-07-05,,25.55,,,,,,
06/07/2018,2018-07-06,,25.29,,,,,,
07/07/2018,2018-07-07,,24.16,,,,,,
08/07/2018,2018-07-08,,24.37,,,,,,
09/07/2018,2018-07-09,,25.16,,,,,,
10/07/2018,2018-07-10,,25.63,,,,,,
11/07/2018,2018-07-11,,25.82,,,,,,
12/07/2018,2018-07-12,,25.69,,,,,,
13/07/2018,2018-07-13,,25.14,,,,,,
14/07/2018,2018-07-14,,24.71,,,,,,
15/07/2018,2018-07-15,,24.97,,,,,,
16/07/2018,2018-07-16,,25.32,,,,,,
17/07/2018,2018-07-17,,25.14,,,,,,
18/07/2018,2018-07-18,,25.20,,,,,,
19/07/2018,2018-07-19,,25.28,,,,,,
20/07/2018,2018-07-20,,25.21,,,,,,
21/07/2018,2018-07-21,,24.95,,,,,,
22/07/2018,2018-07-22,,24.81,,,,,,
23/07/2018,2018-07-23,,25.16,,,,,,
24/07/2018,2018-07-24,,25.27,,,,,,
25/07/2018,2018-07-25,,25.39,,,,,,
26/07/2018,2018-07-26,,25.44,,,,,,
27/07/2018,2018-07-27,,25.34,,,,,,
28/07/2018,2018-07-28,,25.08,,,,,,
29/07/2018,2018-07-29,,25.01,,,,,,
30/07/2018,2018-07-30,,25.70,,,,,,
31/07/2018,2018-07-31,,25.83,,,,,,
01/08/2018,2018-08-01,,25.22,,,,,,
02/08/2018,2018-08-02,,25.51,,,,,,
03/08/2018,2018-08-03,,26.09,,,,,,
04/08/2018,2018-08-04,,25.37,,,,,,
05/08/2018,2018-08-05,,25.28,,,,,,
06/08/2018,2018-08-06,,26.68,,,,,,
07/08/2018,2018-08-07,,26.35,,,,,,
08/08/2018,2018-08-08,,26.32,,,,,,
09/08/2018,2018-08-09,,25.02,,,,,,
10/08/2018,2018-08-10,,24.80,,,,,,
11/08/2018,2018-08-11,,24.47,,,,,,
12/08/2018,2018-08-12,,25.14,,,,,,
13/08/2018,2018-08-13,,25.99,,,,,,
14/08/2018,2018-08-14,,25.38,,,,,,
15/08/2018,2018-08-15,,25.26,,,,,,
16/08/2018,2018-08-16,,26.09,,,,,,
17/08/2018,2018-08-17,,25.92,,,,,,
18/08/2018,2018-08-18,,25.57,,,,,,
19/08/2018,2018-08-19,,25.66,,,,,,
20/08/2018,2018-08-20,,25.88,,,,,,
21/08/2018,2018-08-21,,26.12,,,,,,
22/08/2018,2018-08-22,,27.22,,,,,,
23/08/2018,2018-08-23,,27.15,,,,,,
24/08/2018,2018-08-24,,27.24,,,,,,
25/08/2018,2018-08-25,,27.02,,,,,,
26/08/2018,2018-08-26,,27.11,,,,,,
27/08/2018,2018-08-27,,28.31,,,,,,
28/08/2018,2018-08-28,,28.17,,,,,,
29/08/2018,2018-08-29,,28.45,,,,,,
30/08/2018,2018-08-30,,28.80,,,,,,
31/08/2018,2018-08-31,,28.92,,,,,,
01/09/2018,2018-09-01,,28.56,,,,,,
02/09/2018,2018-09-02,,28.91,,,,,,
03/09/2018,2018-09-03,,29.55,,,,,,
04/09/2018,2018-09-04,,29.53,,,,,,
05/09/2018,2018-09-05,,29.50,,,,,,
06/09/2018,2018-09-06,,29.61,,,,,,
07/09/2018,2018-09-07,,29.60,,,,,,
08/09/2018,2018-09-08,,29.01,,,,,,
09/09/2018,2018-09-09,,29.43,,,,,,
10/09/2018,2018-09-10,,29.58,,,,,,
11/09/2018,2018-09-11,,29.05,,,,,,
12/09/2018,2018-09-12,,28.94,,,,,,
13/09/2018,2018-09-13,,29.01,,,,,,
14/09/2018,2018-09-14,,28.46,,,,,,
15/09/2018,2018-09-15,,27.32,,,,,,
16/09/2018,2018-09-16,,27.60,,,,,,
17/09/2018,2018-09-17,,28.60,,,,,,
18/09/2018,2018-09-18,,29.35,,,,,,
19/09/2018,2018-09-19,,29.56,,,,,,
20/09/2018,2018-09-20,,29.80,,,,,,
21/09/2018,2018-09-21,,29.13,,,,,,
22/09/2018,2018-09-22,,28.93,,,,,,
23/09/2018,2018-09-23,,28.74,,,,,,
24/09/2018,2018-09-24,,29.31,,,,,,
25/09/2018,2018-09-25,,29.48,,,,,,
26/09/2018,2018-09-26,,29.02,,,,,,
27/09/2018,2018-09-27,,28.90,,,,,,
28/09/2018,2018-09-28,,29.27,,,,,,
29/09/2018,2018-09-29,,28.01,,,,,,
30/09/2018,2018-09-30,,27.67,,,,,,
01/10/2018,2018-10-01,,27.53,,,,,,
02/10/2018,2018-10-02,,27.30,,,,,,
03/10/2018,2018-10-03,,27.00,,,,,,
04/10/2018,2018-10-04,,28.21,,,,,,
05/10/2018,2018-10-05,,27.12,,,,,,
06/10/2018,2018-10-06,,26.87,,,,,,
07/10/2018,2018-10-07,,27.01,,,,,,
08/10/2018,2018-10-08,,27.96,,,,,,
09/10/2018,2018-10-09,,28.17,,,,,,
10/10/2018,2018-10-10,,27.63,,,,,,
11/10/2018,2018-10-11,,26.88,,,,,,
12/10/2018,2018-10-12,,25.79,,,,,,
13/10/2018,2018-10-13,,25.59,,,,,,
14/10/2018,2018-10-14,,25.46,,,,,,
15/10/2018,2018-10-15,,28.25,,,,,,
16/10/2018,2018-10-16,,29.19,,,,,,
17/10/2018,2018-10-17,,28.60,,,,,,
18/10/2018,2018-10-18,,26.94,,,,,,
19/10/2018,2018-10-19,,25.61,,,,,,
20/10/2018,2018-10-20,,25.56,,,,,,
21/10/2018,2018-10-21,,25.75,,,,,,
22/10/2018,2018-10-22,,25.57,,,,,,
23/10/2018,2018-10-23,,25.63,,,,,,
24/10/2018,2018-10-24,,25.83,,,,,,
25/10/2018,2018-10-25,,26.67,,,,,,
26/10/2018,2018-10-26,,26.31,,,,,,
27/10/2018,2018-10-27,,25.19,,,,,,
28/10/2018,2018-10-28,,25.14,,,,,,
29/10/2018,2018-10-29,,26.56,,,,,,
30/10/2018,2018-10-30,,27.85,,,,,,
31/10/2018,2018-10-31,,27.03,,,,,,
01/11/2018,2018-11-01,,25.77,,,,,,
02/11/2018,2018-11-02,,25.59,,,,,,
03/11/2018,2018-11-03,,25.15,,,,,,
04/11/2018,2018-11-04,,24.88,,,,,,
05/11/2018,2018-11-05,,25.04,,,,,,
06/11/2018,2018-11-06,,24.97,,,,,,
07/11/2018,2018-11-07,,25.59,,,,,,
08/11/2018,2018-11-08,,25.69,,,,,,
09/11/2018,2018-11-09,,24.97,,,,,,
10/11/2018,2018-11-10,,24.37,,,,,,
11/11/2018,2018-11-11,,24.67,,,,,,
12/11/2018,2018-11-12,,27.04,,,,,,
13/11/2018,2018-11-13,,27.12,,,,,,
14/11/2018,2018-11-14,,26.94,,,,,,
15/11/2018,2018-11-15,,27.23,,,,,,
16/11/2018,2018-11-16,,26.91,,,,,,
17/11/2018,2018-11-17,,25.80,,,,,,
18/11/2018,2018-11-18,,26.22,,,,,,
19/11/2018,2018-11-19,,27.10,,,,,,
20/11/2018,2018-11-20,,26.55,,,,,,
21/11/2018,2018-11-21,,26.91,,,,,,
22/11/2018,2018-11-22,,27.28,,,,,,
23/11/2018,2018-11-23,,27.11,,,,,,
24/11/2018,2018-11-24,,25.66,,,,,,
25/11/2018,2018-11-25,,25.73,,,,,,
26/11/2018,2018-11-26,,26.10,,,,,,
27/11/2018,2018-11-27,,27.09,,,,,,
28/11/2018,2018-11-28,,26.93,,,,,,
29/11/2018,2018-11-29,,26.97,,,,,,
30/11/2018,2018-11-30,,26.83,,,,,,
01/12/2018,2018-12-01,,25.51,,,,,,
02/12/2018,2018-12-02,,25.50,,,,,,
03/12/2018,2018-12-03,,26.55,,,,,,
04/12/2018,2018-12-04,,26.74,,,,,,
05/12/2018,2018-12-05,,25.71,,,,,,
06/12/2018,2018-12-06,,25.20,,,,,,
07/12/2018,2018-12-07,,24.86,,,,,,
08/12/2018,2018-12-08,,24.60,,,,,,
09/12/2018,2018-12-09,,24.66,,,,,,
10/12/2018,2018-12-10,,25.76,,,,,,
11/12/2018,2018-12-11,,26.01,,,,,,
12/12/2018,2018-12-12,,26.38,,,,,,
13/12/2018,2018-12-13,,25.68,,,,,,
14/12/2018,2018-12-14,,25.40,,,,,,
15/12/2018,2018-12-15,,25.01,,,,,,
16/12/2018,2018-12-16,,24.94,,,,,,
17/12/2018,2018-12-17,,26.35,,,,,,
18/12/2018,2018-12-18,,26.62,,,,,,
19/12/2018,2018-12-19,,26.26,,,,,,
20/12/2018,2018-12-20,,25.72,,,,,,
21/12/2018,2018-12-21,,24.94,,,,,,
22/12/2018,2018-12-22,,24.37,,,,,,
23/12/2018,2018-12-23,,24.32,,,,,,
24/12/2018,2018-12-24,,24.72,,,,,,
25/12/2018,2018-12-25,,24.17,,,,,,
26/12/2018,2018-12-26,,24.41,,,,,,
27/12/2018,2018-12-27,,24.78,,,,,,
28/12/2018,2018-12-28,,24.86,,,,,,
29/12/2018,2018-12-29,,24.23,,,,,,
30/12/2018,2018-12-30,,24.44,,,,,,
31/12/2018,2018-12-31,,24.92,,,,,,
01/01/2019,2019-01-01,,24.45,,,,,,
02/01/2019,2019-01-02,,24.87,,,,,,
03/01/2019,2019-01-03,,24.67,,,,,,
04/01/2019,2019-01-04,,26.07,,,,,,
05/01/2019,2019-01-05,,25.21,,,,,,
06/01/2019,2019-01-06,,24.86,,,,,,
07/01/2019,2019-01-07,,25.26,,,,,,
08/01/2019,2019-01-08,,25.46,,,,,,
09/01/2019,2019-01-09,,26.26,,,,,,
10/01/2019,2019-01-10,,25.01,,,,,,
11/01/2019,2019-01-11,,25.83,,,,,,
12/01/2019,2019-01-12,,24.84,,,,,,
13/01/2019,2019-01-13,,24.65,,,,,,
14/01/2019,2019-01-14,,25.73,,,,,,
15/01/2019,2019-01-15,,27.12,,,,,,
16/01/2019,2019-01-16,,27.94,,,,,,
17/01/2019,2019-01-17,,26.38,,,,,,
18/01/2019,2019-01-18,,27.04,,,,,,
19/01/2019,2019-01-19,,25.77,,,,,,
20/01/2019,2019-01-20,,25.03,,,,,,
21/01/2019,2019-01-21,,26.65,,,,,,
22/01/2019,2019-01-22,,25.64,,,,,,
23/01/2019,2019-01-23,,24.45,,,,,,
24/01/2019,2019-01-24,,25.40,,,,,,
25/01/2019,2019-01-25,,24.87,,,,,,
26/01/2019,2019-01-26,,24.38,,,,,,
27/01/2019,2019-01-27,,23.87,,,,,,
28/01/2019,2019-01-28,,23.52,,,,,,
29/01/2019,2019-01-29,,23.75,,,,,,
30/01/2019,2019-01-30,,24.20,,,,,,
31/01/2019,2019-01-31,,23.23,,,,,,
01/02/2019,2019-02-01,,21.60,,,,,,
02/02/2019,2019-02-02,,20.80,,,,,,
03/02/2019,2019-02-03,,20.97,,,,,,
04/02/2019,2019-02-04,,23.93,,,,,,
05/02/2019,2019-02-05,,22.97,,,,,,
06/02/2019,2019-02-06,,22.51,,,,,,
07/02/2019,2019-02-07,,22.08,,,,,,
08/02/2019,2019-02-08,,21.88,,,,,,
09/02/2019,2019-02-09,,20.86,,,,,,
10/02/2019,2019-02-10,,20.64,,,,,,
11/02/2019,2019-02-11,,21.18,,,,,,
12/02/2019,2019-02-12,,20.81,,,,,,
13/02/2019,2019-02-13,,21.26,,,,,,
14/02/2019,2019-02-14,,20.73,,,,,,
15/02/2019,2019-02-15,,21.03,,,,,,
16/02/2019,2019-02-16,,19.98,,,,,,
17/02/2019,2019-02-17,,19.89,,,,,,
18/02/2019,2019-02-18,,20.03,,,,,,
19/02/2019,2019-02-19,,20.37,,,,,,
20/02/2019,2019-02-20,,20.45,,,,,,
21/02/2019,2019-02-21,,20.69,,,,,,
22/02/2019,2019-02-22,,20.70,,,,,,
23/02/2019,2019-02-23,,20.12,,,,,,
24/02/2019,2019-02-24,,19.99,,,,,,
25/02/2019,2019-02-25,,20.23,,,,,,
26/02/2019,2019-02-26,,19.82,,,,,,
27/02/2019,2019-02-27,,19.48,,,,,,
28/02/2019,2019-02-28,,19.15,,,,,,
01/03/2019,2019-03-01,,19.41,,,,,,
02/03/2019,2019-03-02,,18.60,,,,,,
03/03/2019,2019-03-03,,18.51,,,,,,
04/03/2019,2019-03-04,,19.13,,,,,,
05/03/2019,2019-03-05,,19.52,,,,,,
06/03/2019,2019-03-06,,18.93,,,,,,
07/03/2019,2019-03-07,,20.68,,,,,,
08/03/2019,2019-03-08,,19.98,,,,,,
09/03/2019,2019-03-09,,18.92,,,,,,
10/03/2019,2019-03-10,,18.60,,,,,,
11/03/2019,2019-03-11,,20.03,,,,,,
12/03/2019,2019-03-12,,19.14,,,,,,
13/03/2019,2019-03-13,,18.75,,,,,,
14/03/2019,2019-03-14,,19.04,,,,,,
15/03/2019,2019-03-15,,19.15,,,,,,
16/03/2019,2019-03-16,,17.23,,,,,,
17/03/2019,2019-03-17,,16.53,,,,,,
18/03/2019,2019-03-18,,17.42,,,,,,
19/03/2019,2019-03-19,,17.14,,,,,,
20/03/2019,2019-03-20,,17.33,,,,,,
21/03/2019,2019-03-21,,18.41,,,,,,
22/03/2019,2019-03-22,,17.92,,,,,,
23/03/2019,2019-03-23,,16.84,,,,,,
24/03/2019,2019-03-24,,16.63,,,,,,
25/03/2019,2019-03-25,,16.64,,,,,,
26/03/2019,2019-03-26,,16.01,,,,,,
27/03/2019,2019-03-27,,16.16,,,,,,
28/03/2019,2019-03-28,,17.12,,,,,,
29/03/2019,2019-03-29,,17.50,,,,,,
30/03/2019,2019-03-30,,16.07,,,,,,
31/03/2019,2019-03-31,,16.02,,,,,,
01/04/2019,2019-04-01,,18.43,,,,,,
02/04/2019,2019-04-02,,18.31,,,,,,
03/04/2019,2019-04-03,,17.95,,,,,,
04/04/2019,2019-04-04,,18.08,,,,,,
05/04/2019,2019-04-05,,17.46,,,,,,
06/04/2019,2019-04-06,,16.59,,,,,,
07/04/2019,2019-04-07,,16.65,,,,,,
08/04/2019,2019-04-08,,18.14,,,,,,
09/04/2019,2019-04-09,,20.41,,,,,,
10/04/2019,2019-04-10,,18.41,,,,,,
11/04/2019,2019-04-11,,19.79,,,,,,
12/04/2019,2019-04-12,,18.54,,,,,,
13/04/2019,2019-04-13,,18.50,,,,,,
14/04/2019,2019-04-14,,17.47,,,,,,
15/04/2019,2019-04-15,,16.48,,,,,,
16/04/2019,2019-04-16,,15.27,,,,,,
17/04/2019,2019-04-17,,15.33,,,,,,
18/04/2019,2019-04-18,,16.21,,,,,,
19/04/2019,2019-04-19,,15.94,,,,,,
20/04/2019,2019-04-20,,14.78,,,,,,
21/04/2019,2019-04-21,,16.24,,,,,,
22/04/2019,2019-04-22,,16.45,,,,,,
23/04/2019,2019-04-23,,15.07,,,,,,
24/04/2019,2019-04-24,,14.77,,,,,,
25/04/2019,2019-04-25,,15.04,,,,,,
26/04/2019,2019-04-26,,17.50,,,,,,
27/04/2019,2019-04-27,,17.00,,,,,,
28/04/2019,2019-04-28,,17.00,,,,,,
29/04/2019,2019-04-29,,18.17,,,,,,
30/04/2019,2019-04-30,,17.61,,,,,,
01/05/2019,2019-05-01,,14.59,,,,,,
02/05/2019,2019-05-02,,14.16,,,,,,
03/05/2019,2019-05-03,,14.54,,,,,,
04/05/2019,2019-05-04,,13.70,,,,,,
05/05/2019,2019-05-05,,13.84,,,,,,
06/05/2019,2019-05-06,,15.78,,,,,,
07/05/2019,2019-05-07,,16.35,,,,,,
08/05/2019,2019-05-08,,14.44,,,,,,
09/05/2019,2019-05-09,,14.78,,,,,,
10/05/2019,2019-05-10,,14.81,,,,,,
11/05/2019,2019-05-11,,14.52,,,,,,
12/05/2019,2019-05-12,,14.23,,,,,,
13/05/2019,2019-05-13,,15.06,,,,,,
14/05/2019,2019-05-14,,14.95,,,,,,
15/05/2019,2019-05-15,,15.07,,,,,,
16/05/2019,2019-05-16,,14.48,,,,,,
17/05/2019,2019-05-17,,14.12,,,,,,
18/05/2019,2019-05-18,,13.90,,,,,,
19/05/2019,2019-05-19,,13.98,,,,,,
20/05/2019,2019-05-20,,15.29,,,,,,
21/05/2019,2019-05-21,,15.30,,,,,,
22/05/2019,2019-05-22,,15.59,,,,,,
23/05/2019,2019-05-23,,15.55,,,,,,
24/05/2019,2019-05-24,,14.47,,,,,,
25/05/2019,2019-05-25,,13.62,,,,,,
26/05/2019,2019-05-26,,13.64,,,,,,
27/05/2019,2019-05-27,,14.03,,,,,,
28/05/2019,2019-05-28,,14.06,,,,,,
29/05/2019,2019-05-29,,13.58,,,,,,
30/05/2019,2019-05-30,,14.40,,,,,,
31/05/2019,2019-05-31,,14.63,,,,,,
01/06/2019,2019-06-01,,14.17,,,,,,
02/06/2019,2019-06-02,,14.04,,,,,,
03/06/2019,2019-06-03,,14.88,,,,,,
04/06/2019,2019-06-04,,14.20,,,,,,
05/06/2019,2019-06-05,,13.42,,,,,,
06/06/2019,2019-06-06,,13.02,,,,,,
07/06/2019,2019-06-07,,12.71,,,,,,
08/06/2019,2019-06-08,,12.75,,,,,,
09/06/2019,2019-06-09,,12.78,,,,,,
10/06/2019,2019-06-10,,13.71,,,,,,
11/06/2019,2019-06-11,,13.55,,,,,,
12/06/2019,2019-06-12,,13.88,,,,,,
13/06/2019,2019-06-13,,13.59,,,,,13.00,
14/06/2019,2019-06-14,,13.52,,,,,13.00,
15/06/2019,2019-06-15,,13.18,,,,,,
16/06/2019,2019-06-16,,13.34,,,,,,
17/06/2019,2019-06-17,,13.66,,,,,,
18/06/2019,2019-06-18,,13.17,,,,,,
19/06/2019,2019-06-19,,13.27,,,,,,
20/06/2019,2019-06-20,,13.20,,,,,,
21/06/2019,2019-06-21,,12.86,,,,,,
22/06/2019,2019-06-22,,12.37,,,,,,
23/06/2019,2019-06-23,,12.32,,,,,,
24/06/2019,2019-06-24,,13.03,,,,,,
25/06/2019,2019-06-25,,13.44,,,,,,
26/06/2019,2019-06-26,,13.15,,,,,,
27/06/2019,2019-06-27,,13.01,,,,,,
28/06/2019,2019-06-28,,13.65,,,,,,
29/06/2019,2019-06-29,,12.49,,,,,,
30/06/2019,2019-06-30,,12.47,,,,,,
01/07/2019,2019-07-01,,14.31,,,,,,
02/07/2019,2019-07-02,,14.92,,,,,,
03/07/2019,2019-07-03,,15.23,,,,,,
04/07/2019,2019-07-04,,15.00,,,,,,
05/07/2019,2019-07-05,,14.59,,,,,,
06/07/2019,2019-07-06,,14.05,,,,,,
07/07/2019,2019-07-07,,13.96,,,,,,
08/07/2019,2019-07-08,,14.30,,,,,,
09/07/2019,2019-07-09,,13.79,,,,,,
10/07/2019,2019-07-10,,14.24,,,,,,
11/07/2019,2019-07-11,,14.45,,,,,,
12/07/2019,2019-07-12,,14.55,,,,,,
13/07/2019,2019-07-13,,13.93,,,,,,
14/07/2019,2019-07-14,,13.80,,,,,,
15/07/2019,2019-07-15,,15.14,,,,,,
16/07/2019,2019-07-16,,15.88,,,,,,
17/07/2019,2019-07-17,,15.08,,,,,,
18/07/2019,2019-07-18,,14.64,,,,,,
19/07/2019,2019-07-19,,14.18,,,,,,
20/07/2019,2019-07-20,,13.37,,,,,,
21/07/2019,2019-07-21,,13.23,,,,,,
22/07/2019,2019-07-22,,15.01,,,,,,
23/07/2019,2019-07-23,,14.55,,,,,,
24/07/2019,2019-07-24,,13.98,,,,,,
25/07/2019,2019-07-25,,13.66,,,,,,
26/07/2019,2019-07-26,,13.21,,,,,,
27/07/2019,2019-07-27,,11.71,,,,,,
28/07/2019,2019-07-28,,11.55,,,,,,
29/07/2019,2019-07-29,,12.38,,,,,,
30/07/2019,2019-07-30,,12.29,,,,,,
31/07/2019,2019-07-31,,11.74,,,,,,
01/08/2019,2019-08-01,,12.75,,,,,,
02/08/2019,2019-08-02,,13.18,,,,,,
03/08/2019,2019-08-03,,12.80,,,,,,
04/08/2019,2019-08-04,,12.81,,,,,,
05/08/2019,2019-08-05,,13.53,,,,,,
06/08/2019,2019-08-06,,13.47,,,,,,
07/08/2019,2019-08-07,,13.32,,,,,,
08/08/2019,2019-08-08,,12.95,,,,,,
09/08/2019,2019-08-09,,12.53,,,,,,
10/08/2019,2019-08-10,,12.33,,,,,,
11/08/2019,2019-08-11,,11.83,,,,,,
12/08/2019,2019-08-12,,11.84,,,,,,
13/08/2019,2019-08-13,,11.67,,,,,,
14/08/2019,2019-08-14,,11.67,,,,,,
15/08/2019,2019-08-15,,11.38,,,,,,
16/08/2019,2019-08-16,,11.52,,,,,,
17/08/2019,2019-08-17,,11.16,,,,,,
18/08/2019,2019-08-18,,10.90,,,,,,
19/08/2019,2019-08-19,,10.93,,,,,,
20/08/2019,2019-08-20,,10.63,,,,,,
21/08/2019,2019-08-21,,10.82,,,,,,
22/08/2019,2019-08-22,,11.11,,,,,,
23/08/2019,2019-08-23,,11.30,,,,,,
24/08/2019,2019-08-24,,10.91,,,,,,
25/08/2019,2019-08-25,,10.75,,,,,,
26/08/2019,2019-08-26,,11.80,,,,,,
27/08/2019,2019-08-27,,13.03,,,,,,
28/08/2019,2019-08-28,,13.19,,,,,,
29/08/2019,2019-08-29,,13.27,,,,,,
30/08/2019,2019-08-30,,13.25,,,,,,
31/08/2019,2019-08-31,,11.44,,,,,,
01/09/2019,2019-09-01,,10.82,,,,,,
02/09/2019,2019-09-02,,10.75,,,,,,
03/09/2019,2019-09-03,,11.49,,,,,,
04/09/2019,2019-09-04,,10.84,,,,,,
05/09/2019,2019-09-05,,9.64,,,,,,
06/09/2019,2019-09-06,,9.13,,,,,,
07/09/2019,2019-09-07,,8.44,,,,,,
08/09/2019,2019-09-08,,8.93,,,,,,
09/09/2019,2019-09-09,,10.94,,,,,,
10/09/2019,2019-09-10,,10.24,,,,,,
11/09/2019,2019-09-11,,10.07,,,,,,
12/09/2019,2019-09-12,,10.35,,,,,,
13/09/2019,2019-09-13,,11.29,,,,,,
14/09/2019,2019-09-14,,10.86,,,,,,
15/09/2019,2019-09-15,,11.00,,,,,,
16/09/2019,2019-09-16,,14.11,,,,,,
17/09/2019,2019-09-17,,14.73,,,,,,
18/09/2019,2019-09-18,,14.58,,,,,,
19/09/2019,2019-09-19,,14.57,,,,,,
20/09/2019,2019-09-20,,13.72,,,,,,
21/09/2019,2019-09-21,,11.35,,,,,,
22/09/2019,2019-09-22,,11.38,,,,,,
23/09/2019,2019-09-23,,12.72,,,,,,
24/09/2019,2019-09-24,,13.19,,,,,,
25/09/2019,2019-09-25,,13.52,,,,,,
26/09/2019,2019-09-26,,13.81,,,,,,
27/09/2019,2019-09-27,,14.33,,,,,,
28/09/2019,2019-09-28,,13.30,,,,,,
29/09/2019,2019-09-29,,13.23,,,,,,
30/09/2019,2019-09-30,,13.95,,,,,,
01/10/2019,2019-10-01,,12.69,,,,,,
02/10/2019,2019-10-02,,11.91,,,,,,
03/10/2019,2019-10-03,,12.43,,,,,,
04/10/2019,2019-10-04,,13.61,,,,,,
05/10/2019,2019-10-05,,13.16,,,,,,
06/10/2019,2019-10-06,,12.93,,,,,,
07/10/2019,2019-10-07,,14.71,,,,,,
08/10/2019,2019-10-08,,14.37,,,,,,
09/10/2019,2019-10-09,,13.87,,,,,,
10/10/2019,2019-10-10,,12.85,,,,,,
11/10/2019,2019-10-11,,12.00,,,,,,
12/10/2019,2019-10-12,,12.06,,,,,,
13/10/2019,2019-10-13,,12.01,,,,,,
14/10/2019,2019-10-14,,12.16,,,,,,
15/10/2019,2019-10-15,,13.10,,,,,,
16/10/2019,2019-10-16,,13.41,,,,,,
17/10/2019,2019-10-17,,13.58,,,,,,
18/10/2019,2019-10-18,,13.02,,,,,,
19/10/2019,2019-10-19,,12.36,,,,,,
20/10/2019,2019-10-20,,12.70,,,,,,
21/10/2019,2019-10-21,,13.52,,,,,,
22/10/2019,2019-10-22,,14.08,,,,,,
23/10/2019,2019-10-23,,13.99,,,,,,
24/10/2019,2019-10-24,,13.72,,,,,,
25/10/2019,2019-10-25,,13.31,,,,,,
26/10/2019,2019-10-26,,12.93,,,,,,
27/10/2019,2019-10-27,,13.05,,,,,,
28/10/2019,2019-10-28,,13.89,,,,,,
29/10/2019,2019-10-29,,13.99,,,,,,
30/10/2019,2019-10-30,,13.59,,,,,,
31/10/2019,2019-10-31,,11.98,,,,,,
01/11/2019,2019-11-01,,9.04,,,,,,
02/11/2019,2019-11-02,,9.13,,,,,,
03/11/2019,2019-11-03,,8.84,,,,,,
04/11/2019,2019-11-04,,7.80,,,,,,
05/11/2019,2019-11-05,,10.06,,,,,,
06/11/2019,2019-11-06,,12.17,,,,,,
07/11/2019,2019-11-07,,12.20,,,,,,
08/11/2019,2019-11-08,,12.72,,,,,15.30,
09/11/2019,2019-11-09,,12.64,,,,,,
10/11/2019,2019-11-10,,12.59,,,,,,
11/11/2019,2019-11-11,,14.70,,,,,,
12/11/2019,2019-11-12,,14.55,,,,,,
13/11/2019,2019-11-13,,14.42,,,,,,
14/11/2019,2019-11-14,,14.31,,,,,,
15/11/2019,2019-11-15,,14.57,,,,,,
16/11/2019,2019-11-16,,14.34,,,,,,
17/11/2019,2019-11-17,,13.96,,,,,,
18/11/2019,2019-11-18,,15.69,,,,,,
19/11/2019,2019-11-19,,15.87,,,,,,
20/11/2019,2019-11-20,,16.15,,,,,15.20,
21/11/2019,2019-11-21,,15.79,,,,,15.20,
22/11/2019,2019-11-22,,14.74,,,,,15.20,
23/11/2019,2019-11-23,,13.63,,,,,,
24/11/2019,2019-11-24,,13.75,,,,,,
25/11/2019,2019-11-25,,15.48,,,,,,
26/11/2019,2019-11-26,,15.40,,,,,,
27/11/2019,2019-11-27,,14.98,,,,,,
28/11/2019,2019-11-28,,14.64,,,,,,
29/11/2019,2019-11-29,,15.26,,,,,,
30/11/2019,2019-11-30,,14.06,,,,,,
01/12/2019,2019-12-01,,14.52,,,,,,
02/12/2019,2019-12-02,,14.76,,,,,,
03/12/2019,2019-12-03,,15.28,,,,,15.00,
04/12/2019,2019-12-04,,15.08,,,,,15.00,
05/12/2019,2019-12-05,,14.36,,,,,14.00,
06/12/2019,2019-12-06,,13.94,,,,,14.00,
07/12/2019,2019-12-07,,13.82,,,,,,
08/12/2019,2019-12-08,,13.20,,,,,,
09/12/2019,2019-12-09,,13.40,,,,,,
10/12/2019,2019-12-10,,13.45,,,,,,
11/12/2019,2019-12-11,,13.50,,,,,,
12/12/2019,2019-12-12,,12.94,,,,,,
13/12/2019,2019-12-13,,12.45,,,,,,
14/12/2019,2019-12-14,,11.83,,,,,,
15/12/2019,2019-12-15,,11.73,,,,,,
16/12/2019,2019-12-16,,12.17,,,,,,
17/12/2019,2019-12-17,,12.68,,,,,15.00,
18/12/2019,2019-12-18,,12.07,,,,,15.00,
19/12/2019,2019-12-19,,10.64,,,,,14.00,
20/12/2019,2019-12-20,,9.85,,,,,14.00,
21/12/2019,2019-12-21,,10.09,,,,,,
22/12/2019,2019-12-22,,10.24,,,,,,
23/12/2019,2019-12-23,,9.86,,,,,,
24/12/2019,2019-12-24,,9.23,,,,,,
25/12/2019,2019-12-25,,8.95,,,,,,
26/12/2019,2019-12-26,,8.38,,,,,,
27/12/2019,2019-12-27,,9.09,,,,,,
28/12/2019,2019-12-28,,10.07,,,,,,
29/12/2019,2019-12-29,,11.59,,,,,,
30/12/2019,2019-12-30,,12.64,,,,,,
31/12/2019,2019-12-31,,11.80,,,,,,
01/01/2020,2020-01-01,,11.27,,,,,,
02/01/2020,2020-01-02,,11.61,,,,,,
03/01/2020,2020-01-03,,11.68,,,,,,
04/01/2020,2020-01-04,,11.77,,,,,,
05/01/2020,2020-01-05,,11.77,,,,,,
06/01/2020,2020-01-06,,11.99,,,,,,
07/01/2020,2020-01-07,,13.34,,,,,,
08/01/2020,2020-01-08,,14.48,,,,,,
09/01/2020,2020-01-09,,13.56,,,,,13.75,
10/01/2020,2020-01-10,,12.15,,,,,13.75,
11/01/2020,2020-01-11,,11.61,,,,,,
12/01/2020,2020-01-12,,11.87,,,,,,
13/01/2020,2020-01-13,,13.12,,,,,,
14/01/2020,2020-01-14,,12.03,,,,,,
15/01/2020,2020-01-15,,11.55,,,,,13.00,
16/01/2020,2020-01-16,,11.41,,,,,13.00,
17/01/2020,2020-01-17,,11.29,,,,,12.50,
18/01/2020,2020-01-18,,11.10,,,,,,
19/01/2020,2020-01-19,,10.99,,,,,,
20/01/2020,2020-01-20,,11.48,,,,,,
21/01/2020,2020-01-21,,12.18,,,,,,
22/01/2020,2020-01-22,,13.06,,,,,12.50,
23/01/2020,2020-01-23,,13.70,,,,,12.50,
24/01/2020,2020-01-24,,13.45,,,,,12.50,
25/01/2020,2020-01-25,,11.65,,,,,,
26/01/2020,2020-01-26,,11.20,,,,,,
27/01/2020,2020-01-27,,11.36,,,,,,
28/01/2020,2020-01-28,,10.91,,,,,,
29/01/2020,2020-01-29,,10.83,,,,,12.00,
30/01/2020,2020-01-30,,10.43,,,,,12.00,
31/01/2020,2020-01-31,,9.42,,,,,12.00,
01/02/2020,2020-02-01,,9.48,,,,,,
02/02/2020,2020-02-02,,9.32,,,,,,
03/02/2020,2020-02-03,,10.21,,,,,,
04/02/2020,2020-02-04,,9.50,,,,,,
05/02/2020,2020-02-05,,10.10,,,,,,
06/02/2020,2020-02-06,,10.31,,,,,,
07/02/2020,2020-02-07,,10.13,,,,,10.00,
08/02/2020,2020-02-08,,9.92,,,,,,
09/02/2020,2020-02-09,,9.70,,,,,,
10/02/2020,2020-02-10,,9.70,,,,,,
11/02/2020,2020-02-11,,9.88,,,,,10.00,
12/02/2020,2020-02-12,,10.06,,,,,10.00,
13/02/2020,2020-02-13,,9.90,,,,,10.00,
14/02/2020,2020-02-14,,10.14,,,,,10.00,
15/02/2020,2020-02-15,,9.33,,,,,,
16/02/2020,2020-02-16,,9.17,,,,,,
17/02/2020,2020-02-17,,9.53,,,,,,
18/02/2020,2020-02-18,,10.06,,,,,,
19/02/2020,2020-02-19,,11.12,,,,,10.00,
20/02/2020,2020-02-20,,10.96,,,,,10.00,
21/02/2020,2020-02-21,,10.85,,,,,10.00,
22/02/2020,2020-02-22,,10.00,,,,,,
23/02/2020,2020-02-23,,10.00,,,,,,
24/02/2020,2020-02-24,,10.24,,,,,,
25/02/2020,2020-02-25,,9.21,,,,,,
26/02/2020,2020-02-26,,9.14,,,,,,
27/02/2020,2020-02-27,,9.01,,,,,10.00,
28/02/2020,2020-02-28,,8.98,,,,,10.00,
29/02/2020,2020-02-29,,8.75,,,,,,
01/03/2020,2020-03-01,,8.70,,,,,,
02/03/2020,2020-03-02,,8.44,,,,,,
03/03/2020,2020-03-03,,8.74,,,,,,
04/03/2020,2020-03-04,,8.96,,,,,,
05/03/2020,2020-03-05,,8.89,,,,,9.00,
06/03/2020,2020-03-06,,8.89,,,,,9.00,
07/03/2020,2020-03-07,,8.67,,,,,,
08/03/2020,2020-03-08,,8.77,,,,,,
09/03/2020,2020-03-09,,9.25,,,,,,
10/03/2020,2020-03-10,,9.03,,,,,,
11/03/2020,2020-03-11,,9.23,,,,,,
12/03/2020,2020-03-12,,9.26,,,,,,
13/03/2020,2020-03-13,,9.26,,,,,9.00,
14/03/2020,2020-03-14,,9.13,,,,,,
15/03/2020,2020-03-15,,9.16,,,,,,
16/03/2020,2020-03-16,,10.09,,,,,,
17/03/2020,2020-03-17,,9.66,,,,,,
18/03/2020,2020-03-18,,9.08,,,,,9.00,
19/03/2020,2020-03-19,,8.59,,,,,8.70,
20/03/2020,2020-03-20,,8.03,,,,,8.70,
21/03/2020,2020-03-21,,7.88,,,,,,
22/03/2020,2020-03-22,,8.16,,,,,,
23/03/2020,2020-03-23,,8.64,,,,,,
24/03/2020,2020-03-24,,8.62,,,,,,
25/03/2020,2020-03-25,,8.31,,,,,8.50,
26/03/2020,2020-03-26,,7.54,,,,,7.80,
27/03/2020,2020-03-27,,7.59,,,,,7.80,
28/03/2020,2020-03-28,,7.35,,,,,,
29/03/2020,2020-03-29,,7.29,,,,,,
30/03/2020,2020-03-30,,7.09,,,,,,
31/03/2020,2020-03-31,,7.15,,,,,,
01/04/2020,2020-04-01,,8.14,,,,,7.50,
02/04/2020,2020-04-02,,9.95,,,,,7.50,
03/04/2020,2020-04-03,,8.29,,,,,7.50,
04/04/2020,2020-04-04,,7.66,,,,,,
05/04/2020,2020-04-05,,7.63,,,,,,
06/04/2020,2020-04-06,,8.18,,,,,,
07/04/2020,2020-04-07,,8.06,,,,,8.00,
08/04/2020,2020-04-08,,8.12,,,,,8.00,
09/04/2020,2020-04-09,,8.05,,,,,8.00,
10/04/2020,2020-04-10,,8.36,,,,,8.00,
11/04/2020,2020-04-11,,8.14,,,,,,
12/04/2020,2020-04-12,,8.14,,,,,,
13/04/2020,2020-04-13,,8.43,,,,,,
14/04/2020,2020-04-14,,8.60,,,,,,
15/04/2020,2020-04-15,,8.07,,,,,8.00,
16/04/2020,2020-04-16,,7.89,,,,,8.00,
17/04/2020,2020-04-17,,7.24,,,,,8.00,
18/04/2020,2020-04-18,,7.06,,,,,7.50,
19/04/2020,2020-04-19,,7.06,,,,,7.50,
20/04/2020,2020-04-20,,7.10,,,,,7.50,
21/04/2020,2020-04-21,,6.96,,,,,7.50,
22/04/2020,2020-04-22,,6.94,,,,,7.50,
23/04/2020,2020-04-23,,6.67,,,,,6.13,
24/04/2020,2020-04-24,,6.44,,,,,5.83,
25/04/2020,2020-04-25,,5.86,,,,,5.86,
26/04/2020,2020-04-26,,5.94,,,,,5.86,
27/04/2020,2020-04-27,,6.34,,,,,5.67,
28/04/2020,2020-04-28,,6.41,,,,,5.67,
29/04/2020,2020-04-29,,6.45,,,,,5.75,
30/04/2020,2020-04-30,,6.27,,,,,5.50,
01/05/2020,2020-05-01,,5.69,,,,,5.50,
02/05/2020,2020-05-02,,5.88,,,,,5.50,
03/05/2020,2020-05-03,,5.90,,,,,5.50,
04/05/2020,2020-05-04,,5.98,,,,,5.50,
05/05/2020,2020-05-05,,5.91,,,,,5.50,
06/05/2020,2020-05-06,,5.76,,,,,5.50,
07/05/2020,2020-05-07,,5.49,,,,,6.00,
08/05/2020,2020-05-08,,5.35,,,,,6.00,
09/05/2020,2020-05-09,,5.41,,,,,6.00,
10/05/2020,2020-05-10,,5.48,,,,,6.00,
11/05/2020,2020-05-11,,5.80,,,,,6.00,
12/05/2020,2020-05-12,,5.87,,,,,6.00,
13/05/2020,2020-05-13,,5.81,,,,,6.00,
14/05/2020,2020-05-14,,5.61,,,,,6.00,
15/05/2020,2020-05-15,,5.44,,,,,5.50,
16/05/2020,2020-05-16,,5.21,,,,,5.50,
17/05/2020,2020-05-17,,5.17,,,,,5.50,
18/05/2020,2020-05-18,,5.64,,,,,5.50,
19/05/2020,2020-05-19,,5.53,,,,,5.50,
20/05/2020,2020-05-20,,5.23,,,,,5.50,
21/05/2020,2020-05-21,,5.18,,,,,5.50,
22/05/2020,2020-05-22,,4.60,,,,,5.50,
23/05/2020,2020-05-23,,4.23,,,,,5.50,
24/05/2020,2020-05-24,,4.17,,,,,5.50,
25/05/2020,2020-05-25,,4.60,,,,,5.50,
26/05/2020,2020-05-26,,4.90,,,,,5.50,
27/05/2020,2020-05-27,,4.94,,,,,5.50,
28/05/2020,2020-05-28,,5.08,,,,,5.50,
29/05/2020,2020-05-29,,5.20,,,,,5.50,
30/05/2020,2020-05-30,,5.07,,,,,5.50,
31/05/2020,2020-05-31,,5.12,,,,,5.50,
01/06/2020,2020-06-01,,5.91,,,,,5.50,
02/06/2020,2020-06-02,,6.12,,,,,5.50,
03/06/2020,2020-06-03,,6.17,,,,,5.50,
04/06/2020,2020-06-04,,5.68,,,,,6.10,
05/06/2020,2020-06-05,,5.53,,,,,6.10,
06/06/2020,2020-06-06,,5.46,,,,,6.10,
07/06/2020,2020-06-07,,5.23,,,,,6.10,
08/06/2020,2020-06-08,,6.01,,,,,6.10,
09/06/2020,2020-06-09,,6.07,,,,,6.10,
10/06/2020,2020-06-10,,5.77,,,,,6.10,
11/06/2020,2020-06-11,,5.28,,,,,6.10,
12/06/2020,2020-06-12,,5.21,,,,,6.10,
13/06/2020,2020-06-13,,5.17,,,,,6.10,
14/06/2020,2020-06-14,,5.34,,,,,6.10,
15/06/2020,2020-06-15,,6.90,,,,,6.10,
16/06/2020,2020-06-16,,7.30,,,,,6.10,
17/06/2020,2020-06-17,,7.61,,,,,6.10,
18/06/2020,2020-06-18,,8.05,,,,,6.10,
19/06/2020,2020-06-19,,7.45,,,,,6.00,
20/06/2020,2020-06-20,,6.78,,,,,6.00,
21/06/2020,2020-06-21,,6.49,,,,,6.00,
22/06/2020,2020-06-22,,6.86,,,,,6.00,
23/06/2020,2020-06-23,,6.96,,,,,6.16,
24/06/2020,2020-06-24,,7.33,,,,,6.16,
25/06/2020,2020-06-25,,7.28,,,,,5.95,
26/06/2020,2020-06-26,,6.98,,,,,5.95,
27/06/2020,2020-06-27,,6.57,,,,,5.95,
28/06/2020,2020-06-28,,6.53,,,,,5.95,
29/06/2020,2020-06-29,,7.35,,,,,6.13,
30/06/2020,2020-06-30,,7.38,,,,,6.11,
01/07/2020,2020-07-01,,7.25,,,,,6.09,
02/07/2020,2020-07-02,,6.78,,,,,6.02,
03/07/2020,2020-07-03,,6.66,,,,,5.50,
04/07/2020,2020-07-04,,6.05,,,,,5.29,
05/07/2020,2020-07-05,,5.69,,,,,5.29,
06/07/2020,2020-07-06,,6.19,,,,,5.29,
07/07/2020,2020-07-07,,6.57,,,,,5.23,
08/07/2020,2020-07-08,,7.39,,,,,5.90,
09/07/2020,2020-07-09,,7.72,,,,,6.13,
10/07/2020,2020-07-10,,6.73,,,,,5.87,
11/07/2020,2020-07-11,,5.85,,,,,5.45,
12/07/2020,2020-07-12,,5.67,,,,,5.45,
13/07/2020,2020-07-13,,6.02,,,,,5.45,
14/07/2020,2020-07-14,,5.44,,,,,4.98,
15/07/2020,2020-07-15,,5.02,,,,,4.81,
16/07/2020,2020-07-16,,5.56,,,,,5.20,
17/07/2020,2020-07-17,,5.66,,,,,5.20,
18/07/2020,2020-07-18,,5.37,,,,,5.20,
19/07/2020,2020-07-19,,5.50,,,,,5.20,
20/07/2020,2020-07-20,,5.81,,,,,5.25,
21/07/2020,2020-07-21,,6.79,,,,,5.25,
22/07/2020,2020-07-22,,7.28,,,,,5.55,
23/07/2020,2020-07-23,,7.41,,,,,5.55,
24/07/2020,2020-07-24,,7.12,,,,,5.55,
25/07/2020,2020-07-25,,6.21,,,,,5.55,
26/07/2020,2020-07-26,,6.13,,,,,5.55,
27/07/2020,2020-07-27,,7.13,,,,,5.55,
28/07/2020,2020-07-28,,6.92,,,,,6.00,
29/07/2020,2020-07-29,,6.82,,,,,5.80,
30/07/2020,2020-07-30,,7.32,,,,,5.90,
31/07/2020,2020-07-31,,7.41,,,,,6.26,
01/08/2020,2020-08-01,,7.26,,,,,6.20,
02/08/2020,2020-08-02,,6.88,,,,,6.20,
03/08/2020,2020-08-03,,8.10,,,,,6.20,
04/08/2020,2020-08-04,,8.26,,,,,6.93,
05/08/2020,2020-08-05,,9.29,,,,,7.53,
06/08/2020,2020-08-06,,9.48,,,,,8.27,
07/08/2020,2020-08-07,,9.62,,,,,8.63,
08/08/2020,2020-08-08,,8.86,,,,,8.63,
09/08/2020,2020-08-09,,8.67,,,,,8.63,
10/08/2020,2020-08-10,,9.44,,,,,8.63,
11/08/2020,2020-08-11,,9.67,,,,,8.30,
12/08/2020,2020-08-12,,9.35,,,,,8.25,
13/08/2020,2020-08-13,,9.15,,,,,8.25,
14/08/2020,2020-08-14,,8.94,,,,,8.25,
15/08/2020,2020-08-15,,8.26,,,,,8.25,
16/08/2020,2020-08-16,,7.58,,,,,8.25,
17/08/2020,2020-08-17,,9.26,,,,,8.25,
18/08/2020,2020-08-18,,9.78,,,,,8.25,
19/08/2020,2020-08-19,,8.79,,,,,7.78,
20/08/2020,2020-08-20,,8.75,,,,,7.47,
21/08/2020,2020-08-21,,8.56,,,,,7.73,
22/08/2020,2020-08-22,,7.82,,,,,7.50,
23/08/2020,2020-08-23,,7.40,,,,,7.50,
24/08/2020,2020-08-24,,9.52,,,,,9.90,
25/08/2020,2020-08-25,,10.80,,,,,10.20,
26/08/2020,2020-08-26,,11.61,,,,,11.30,
27/08/2020,2020-08-27,,12.33,,,,,11.60,
28/08/2020,2020-08-28,,11.19,,,,,11.60,
29/08/2020,2020-08-29,,9.39,,,,,11.60,
30/08/2020,2020-08-30,,9.50,,,,,11.60,
31/08/2020,2020-08-31,,11.28,,,,,11.60,
01/09/2020,2020-09-01,,11.94,,,,,11.00,
02/09/2020,2020-09-02,,11.65,,,,,10.98,
03/09/2020,2020-09-03,,11.45,,,,,10.70,
04/09/2020,2020-09-04,,11.23,,,,,10.90,
05/09/2020,2020-09-05,,10.82,,,,,11.20,
06/09/2020,2020-09-06,,10.85,,,,,11.20,
07/09/2020,2020-09-07,,10.77,,,,,10.90,
08/09/2020,2020-09-08,,11.35,,,,,10.93,
09/09/2020,2020-09-09,,11.30,,,,,10.77,
10/09/2020,2020-09-10,,11.33,,,,,10.69,
11/09/2020,2020-09-11,,11.00,,,,,10.53,
12/09/2020,2020-09-12,,9.79,,,,,10.40,
13/09/2020,2020-09-13,,9.59,,,,,10.40,
14/09/2020,2020-09-14,,11.49,,,,,11.60,
15/09/2020,2020-09-15,,12.28,,,,,11.53,
16/09/2020,2020-09-16,,12.05,,,,,11.40,
17/09/2020,2020-09-17,,12.50,,,,,11.33,
18/09/2020,2020-09-18,,11.68,,,,,11.07,
19/09/2020,2020-09-19,,10.52,,,,,11.07,
20/09/2020,2020-09-20,,10.55,,,,,11.07,
21/09/2020,2020-09-21,,11.79,,,,,11.50,
22/09/2020,2020-09-22,,12.05,,,,,11.50,
23/09/2020,2020-09-23,,11.81,,,,,11.50,
24/09/2020,2020-09-24,,10.91,,,,,11.50,
25/09/2020,2020-09-25,,10.64,,,,,11.50,
26/09/2020,2020-09-26,,10.32,,,,,10.80,
27/09/2020,2020-09-27,,10.37,,,,,10.80,
28/09/2020,2020-09-28,,11.23,,,,,11.10,
29/09/2020,2020-09-29,,12.80,,,,,11.10,
30/09/2020,2020-09-30,,13.24,,,,,11.10,
01/10/2020,2020-10-01,,11.51,,,,,11.30,
02/10/2020,2020-10-02,,10.96,,,,,11.30,
03/10/2020,2020-10-03,,10.88,,,,,11.30,
04/10/2020,2020-10-04,,10.95,,,,,11.30,
05/10/2020,2020-10-05,,11.71,,,,,11.76,
06/10/2020,2020-10-06,,12.32,,,,,11.73,
07/10/2020,2020-10-07,,12.79,,,,,12.06,
08/10/2020,2020-10-08,,13.18,,,,,12.31,
09/10/2020,2020-10-09,,13.12,,,,,12.50,
10/10/2020,2020-10-10,,12.66,,,,,12.40,
11/10/2020,2020-10-11,,12.64,,,,,12.40,
12/10/2020,2020-10-12,,12.67,,,,,12.40,
13/10/2020,2020-10-13,,12.87,,,,,12.50,
14/10/2020,2020-10-14,,12.98,,,,,12.66,
15/10/2020,2020-10-15,,13.82,,,,,13.28,
16/10/2020,2020-10-16,,14.43,,,,,13.90,
17/10/2020,2020-10-17,,14.33,,,,,13.90,
18/10/2020,2020-10-18,,14.01,,,,,13.90,
19/10/2020,2020-10-19,,14.27,,,,,14.40,
20/10/2020,2020-10-20,,14.46,,,,,14.46,
21/10/2020,2020-10-21,,14.66,,,,,14.91,
22/10/2020,2020-10-22,,14.95,,,,,15.47,
23/10/2020,2020-10-23,,15.13,,,,,15.47,
24/10/2020,2020-10-24,,14.83,,,,,15.47,
25/10/2020,2020-10-25,,14.73,,,,,15.47,
26/10/2020,2020-10-26,,14.88,,,,,15.25,
27/10/2020,2020-10-27,,14.76,,,,,15.05,
28/10/2020,2020-10-28,,14.60,,,,,14.77,
29/10/2020,2020-10-29,,14.28,,,,,14.09,
30/10/2020,2020-10-30,,13.92,,,,,13.90,
31/10/2020,2020-10-31,,13.36,,,,,13.72,
01/11/2020,2020-11-01,,13.14,,,,,13.72,
02/11/2020,2020-11-02,,13.34,,,,,13.72,
03/11/2020,2020-11-03,,13.30,,,,,13.42,
04/11/2020,2020-11-04,,13.53,,,,,13.42,
05/11/2020,2020-11-05,,13.79,,,,,14.22,
06/11/2020,2020-11-06,,13.70,,,,,14.03,
07/11/2020,2020-11-07,,13.49,,,,,14.03,
08/11/2020,2020-11-08,,13.48,,,,,14.03,
09/11/2020,2020-11-09,,14.04,,,,,14.03,
10/11/2020,2020-11-10,,15.18,,,,,14.00,
11/11/2020,2020-11-11,,14.05,,,,,14.19,
12/11/2020,2020-11-12,,14.29,,,,,14.20,
13/11/2020,2020-11-13,,14.33,,,,,14.20,
14/11/2020,2020-11-14,,13.88,,,,,14.33,
15/11/2020,2020-11-15,,13.75,,,,,14.33,
16/11/2020,2020-11-16,,14.76,,,,,14.50,
17/11/2020,2020-11-17,,14.83,,,,,14.25,
18/11/2020,2020-11-18,,14.88,,,,,14.25,
19/11/2020,2020-11-19,,14.20,,,,,13.75,
20/11/2020,2020-11-20,,13.56,,,,,13.48,
21/11/2020,2020-11-21,,13.14,,,,,13.48,
22/11/2020,2020-11-22,,13.30,,,,,13.48,
23/11/2020,2020-11-23,,15.28,,,,,14.52,
24/11/2020,2020-11-24,,17.02,,,,,14.44,
25/11/2020,2020-11-25,,16.40,,,,,14.93,
26/11/2020,2020-11-26,,15.58,,,,,14.90,
27/11/2020,2020-11-27,,16.10,,,,,14.75,
28/11/2020,2020-11-28,,15.53,,,,,15.35,
29/11/2020,2020-11-29,,15.78,,,,,15.35,
30/11/2020,2020-11-30,,17.35,,,,,16.24,
01/12/2020,2020-12-01,,17.36,,,,,16.34,
02/12/2020,2020-12-02,,16.90,,,,,16.31,
03/12/2020,2020-12-03,,17.52,,,,,15.66,
04/12/2020,2020-12-04,,16.53,,,,,15.23,
05/12/2020,2020-12-05,,15.99,,,,,15.40,
06/12/2020,2020-12-06,,16.24,,,,,15.40,
07/12/2020,2020-12-07,,16.24,,,,,16.00,
08/12/2020,2020-12-08,,16.10,,,,,16.00,
09/12/2020,2020-12-09,,18.56,,,,,16.14,
10/12/2020,2020-12-10,,18.09,,,,,16.27,
11/12/2020,2020-12-11,,17.03,,,,,16.17,
12/12/2020,2020-12-12,,16.44,,,,,16.19,
13/12/2020,2020-12-13,,16.34,,,,,16.19,
14/12/2020,2020-12-14,,18.17,,,,,18.27,
15/12/2020,2020-12-15,,18.67,,,,,18.50,
16/12/2020,2020-12-16,,19.77,,,,,18.93,
17/12/2020,2020-12-17,,19.51,,,,,18.83,
18/12/2020,2020-12-18,,18.55,,,,,18.06,
19/12/2020,2020-12-19,,17.73,,,,,17.54,
20/12/2020,2020-12-20,,17.68,,,,,17.54,
21/12/2020,2020-12-21,,18.73,,,,,18.01,
22/12/2020,2020-12-22,,18.71,,,,,18.10,
23/12/2020,2020-12-23,,19.32,,,,,18.50,
24/12/2020,2020-12-24,,18.50,,,,,18.37,
25/12/2020,2020-12-25,,17.93,,,,,18.18,
26/12/2020,2020-12-26,,17.97,,,,,18.00,
27/12/2020,2020-12-27,,18.31,,,,,18.00,
28/12/2020,2020-12-28,,19.29,,,,,19.75,
29/12/2020,2020-12-29,,21.09,,,,,20.13,
30/12/2020,2020-12-30,,22.47,,,,,21.33,
31/12/2020,2020-12-31,,21.95,,,,,20.93,
01/01/2021,2021-01-01,,21.25,,,,,20.60,18.30
02/01/2021,2021-01-02,,21.03,,,,,20.60,18.30
03/01/2021,2021-01-03,,22.69,,,,,20.60,18.30
04/01/2021,2021-01-04,,26.70,,,,,26.27,18.30
05/01/2021,2021-01-05,,33.22,,,,,26.96,18.30
06/01/2021,2021-01-06,,37.10,,,,,30.14,18.30
07/01/2021,2021-01-07,,43.97,,,,,44.53,18.30
08/01/2021,2021-01-08,,55.18,,,,,49.97,18.30
09/01/2021,2021-01-09,,44.22,,,,,57.67,18.30
10/01/2021,2021-01-10,,41.31,,,,,57.67,18.30
11/01/2021,2021-01-11,,32.16,,,,,24.68,24.70
12/01/2021,2021-01-12,,31.02,,,,,28.33,30.25
13/01/2021,2021-01-13,,31.59,,,,,29.33,30.50
14/01/2021,2021-01-14,,30.54,,,,,28.28,30.50
15/01/2021,2021-01-15,,28.88,,,,,26.70,30.50
16/01/2021,2021-01-16,,27.61,,,,,25.80,30.50
17/01/2021,2021-01-17,,25.83,,,,,25.80,30.50
18/01/2021,2021-01-18,,29.66,,,,,24.94,30.50
19/01/2021,2021-01-19,,28.69,,,,,24.54,30.50
20/01/2021,2021-01-20,,25.57,,,,,23.89,30.50
21/01/2021,2021-01-21,,23.78,,,,,22.47,30.50
22/01/2021,2021-01-22,,22.58,,,,,21.87,30.50
23/01/2021,2021-01-23,,23.91,,,,,22.00,30.50
24/01/2021,2021-01-24,,23.38,,,,,22.00,30.50
25/01/2021,2021-01-25,,23.19,,,,,22.71,30.50
26/01/2021,2021-01-26,,22.99,,,,,22.30,30.50
27/01/2021,2021-01-27,,19.72,,,,,21.14,30.50
28/01/2021,2021-01-28,,20.12,,,,,19.35,30.50
29/01/2021,2021-01-29,,20.73,,,,,20.84,30.50
30/01/2021,2021-01-30,,20.01,,,,,20.80,30.50
31/01/2021,2021-01-31,,19.62,,,,,20.80,30.50
01/02/2021,2021-02-01,,18.52,,,,,17.95,30.50
02/02/2021,2021-02-02,,17.62,,,,,17.72,30.50
03/02/2021,2021-02-03,,17.64,,,,,17.53,30.50
04/02/2021,2021-02-04,,17.82,,,,,17.50,30.50
05/02/2021,2021-02-05,,18.01,,,,,17.85,30.50
06/02/2021,2021-02-06,,17.68,,,,,17.87,30.50
07/02/2021,2021-02-07,,17.58,,,,,17.87,30.50
08/02/2021,2021-02-08,,18.26,,,,,18.40,30.50
09/02/2021,2021-02-09,,18.56,,,,,18.10,30.50
10/02/2021,2021-02-10,,18.33,,,,,18.17,30.50
11/02/2021,2021-02-11,,18.32,,,,,18.08,30.50
12/02/2021,2021-02-12,,17.35,,,,,17.59,30.50
13/02/2021,2021-02-13,,16.69,,,,,16.47,30.50
14/02/2021,2021-02-14,,16.47,,,,,16.47,30.50
15/02/2021,2021-02-15,,16.02,,,,,15.44,30.50
16/02/2021,2021-02-16,,16.28,,,,,15.60,30.50
17/02/2021,2021-02-17,,16.26,,,,,15.84,30.50
18/02/2021,2021-02-18,,16.14,,,,,15.73,30.50
19/02/2021,2021-02-19,,16.10,,,,,15.51,30.50
20/02/2021,2021-02-20,,15.67,,,,,15.60,30.50
21/02/2021,2021-02-21,,15.64,,,,,15.60,30.50
22/02/2021,2021-02-22,,16.11,,,,,15.28,30.50
23/02/2021,2021-02-23,,15.85,,,,,15.11,30.50
24/02/2021,2021-02-24,,15.46,,,,,15.27,30.50
25/02/2021,2021-02-25,,16.02,,,,,15.49,30.50
26/02/2021,2021-02-26,,15.88,,,,,15.47,30.50
27/02/2021,2021-02-27,,15.27,,,,,15.50,30.50
28/02/2021,2021-02-28,,15.27,,,,,15.50,30.50
01/03/2021,2021-03-01,,16.53,,,,,15.89,30.50
02/03/2021,2021-03-02,,16.34,,,,,15.70,30.50
03/03/2021,2021-03-03,,16.51,,,,,15.25,30.50
04/03/2021,2021-03-04,,16.29,,,,,15.38,30.50
05/03/2021,2021-03-05,,16.32,,,,,14.96,30.50
06/03/2021,2021-03-06,,16.11,,,,,15.13,30.50
07/03/2021,2021-03-07,,16.38,,,,,15.13,30.50
08/03/2021,2021-03-08,,16.90,,,,,15.20,30.50
09/03/2021,2021-03-09,,16.95,,,,,15.23,30.50
10/03/2021,2021-03-10,,18.07,,,,,15.61,30.50
11/03/2021,2021-03-11,,17.98,,,,,15.96,30.50
12/03/2021,2021-03-12,,17.98,,,,,16.05,30.50
13/03/2021,2021-03-13,,17.57,,,,,16.21,30.50
14/03/2021,2021-03-14,,17.65,,,,,16.21,30.50
15/03/2021,2021-03-15,,18.54,,,,,17.33,30.50
16/03/2021,2021-03-16,,17.80,,,,,16.88,30.50
17/03/2021,2021-03-17,18.85,17.19,,,,,16.24,30.50
18/03/2021,2021-03-18,17.90,17.56,,,,,16.40,30.50
19/03/2021,2021-03-19,17.90,17.59,,,,,16.61,30.50
20/03/2021,2021-03-20,17.90,16.99,,,,,16.61,30.50
21/03/2021,2021-03-21,17.90,16.96,,,,,16.61,30.50
22/03/2021,2021-03-22,17.90,18.26,,,,,16.89,30.50
23/03/2021,2021-03-23,19.75,18.88,,,,,16.93,30.50
24/03/2021,2021-03-24,19.75,18.51,,,,,16.89,30.50
25/03/2021,2021-03-25,18.62,18.75,,,,,16.85,30.50
26/03/2021,2021-03-26,18.62,18.52,,,,,16.87,30.50
27/03/2021,2021-03-27,18.62,17.73,,,,,17.00,30.50
28/03/2021,2021-03-28,18.62,17.73,,,,,17.00,30.50
29/03/2021,2021-03-29,18.62,18.11,,,,,16.90,30.50
30/03/2021,2021-03-30,18.62,18.04,,,,,16.94,30.50
31/03/2021,2021-03-31,18.62,18.19,,,,,17.37,30.50
01/04/2021,2021-04-01,18.37,18.52,,,,,17.55,30.50
02/04/2021,2021-04-02,18.37,18.93,,,,,17.55,30.50
03/04/2021,2021-04-03,18.37,18.92,,,,,18.35,30.50
04/04/2021,2021-04-04,18.37,18.56,,,,,18.35,30.50
05/04/2021,2021-04-05,18.37,18.90,,,,,18.00,30.50
06/04/2021,2021-04-06,20.41,19.66,,,,,18.31,30.50
07/04/2021,2021-04-07,22.00,20.63,,,,,18.56,30.50
08/04/2021,2021-04-08,22.00,20.77,,,,,18.69,30.50
09/04/2021,2021-04-09,21.00,20.45,,,,,18.45,30.50
10/04/2021,2021-04-10,21.00,19.64,,,,,18.46,30.50
11/04/2021,2021-04-11,21.00,19.48,,,,,18.46,30.50
12/04/2021,2021-04-12,21.00,20.88,,,,,18.99,30.50
13/04/2021,2021-04-13,21.00,21.16,,,,,18.99,30.50
14/04/2021,2021-04-14,21.30,21.07,,,,,18.82,30.50
15/04/2021,2021-04-15,21.30,21.18,,,,,18.98,30.50
16/04/2021,2021-04-16,22.11,21.51,,,,,19.32,30.50
17/04/2021,2021-04-17,23.47,21.00,,,,,19.32,30.50
18/04/2021,2021-04-18,23.34,21.38,,,,,19.32,30.50
19/04/2021,2021-04-19,23.51,23.03,,,,,20.78,30.50
20/04/2021,2021-04-20,25.21,22.62,,,,,20.21,30.50
21/04/2021,2021-04-21,25.39,22.89,,,,,19.81,30.50
22/04/2021,2021-04-22,25.04,22.39,,,,,20.84,30.50
23/04/2021,2021-04-23,24.80,22.11,,,,,20.22,30.50
24/04/2021,2021-04-24,24.50,20.80,,,,,19.91,30.50
25/04/2021,2021-04-25,24.30,20.90,,,,,19.91,30.50
26/04/2021,2021-04-26,24.20,22.14,,,,,20.18,30.50
27/04/2021,2021-04-27,24.44,22.31,,,,,19.86,30.50
28/04/2021,2021-04-28,24.61,22.72,,,,,20.20,30.50
29/04/2021,2021-04-29,26.82,22.96,,,,,20.46,30.50
30/04/2021,2021-04-30,26.42,23.58,,,,,21.44,30.50
01/05/2021,2021-05-01,26.81,22.76,,,,,21.44,30.50
02/05/2021,2021-05-02,26.21,23.61,,,,,21.44,30.50
03/05/2021,2021-05-03,29.19,24.88,,,,,21.44,30.50
04/05/2021,2021-05-04,28.82,26.35,,,,,23.50,30.50
05/05/2021,2021-05-05,28.49,24.68,,,,,22.58,30.50
06/05/2021,2021-05-06,28.51,24.56,,,,,22.18,30.50
07/05/2021,2021-05-07,26.83,24.54,,,,,23.15,30.50
08/05/2021,2021-05-08,27.10,23.75,,,,,22.50,30.50
09/05/2021,2021-05-09,26.51,23.20,,,,,22.50,30.50
10/05/2021,2021-05-10,27.96,23.32,,,,,23.12,30.50
11/05/2021,2021-05-11,27.00,24.75,,,,,23.52,30.50
12/05/2021,2021-05-12,27.07,25.23,,,,,24.00,30.50
13/05/2021,2021-05-13,27.46,25.00,,,,,24.72,30.50
14/05/2021,2021-05-14,27.85,25.06,,,,,24.00,30.50
15/05/2021,2021-05-15,27.58,24.88,,,,,24.00,30.50
16/05/2021,2021-05-16,27.62,24.97,,,,,24.00,30.50
17/05/2021,2021-05-17,27.46,25.83,,,,,24.78,30.50
18/05/2021,2021-05-18,28.97,25.39,,,,,24.73,30.50
19/05/2021,2021-05-19,28.23,24.33,,,,,24.18,30.50
20/05/2021,2021-05-20,27.94,23.45,,,,,23.16,30.50
21/05/2021,2021-05-21,26.67,23.66,,,,,22.94,30.50
22/05/2021,2021-05-22,25.99,23.81,,,,,22.94,30.50
23/05/2021,2021-05-23,26.30,23.97,,,,,22.94,30.50
24/05/2021,2021-05-24,29.20,23.76,,,,,23.59,30.50
25/05/2021,2021-05-25,27.70,25.06,,,,,23.69,30.50
26/05/2021,2021-05-26,26.38,26.11,,,,,24.56,30.50
27/05/2021,2021-05-27,26.86,26.46,,,,,25.13,30.50
28/05/2021,2021-05-28,27.66,26.42,,,,,24.99,30.50
29/05/2021,2021-05-29,27.05,24.87,,,,,24.80,30.50
30/05/2021,2021-05-30,26.96,24.59,,,,,24.80,30.50
31/05/2021,2021-05-31,27.15,26.37,,,,,25.06,30.50
01/06/2021,2021-06-01,28.71,25.73,,,,,25.13,30.50
02/06/2021,2021-06-02,28.25,26.30,,,,,25.30,30.50
03/06/2021,2021-06-03,28.30,25.64,,,,,25.23,30.50
04/06/2021,2021-06-04,28.12,25.20,,,,,24.77,30.50
05/06/2021,2021-06-05,28.00,25.18,,,,,24.60,30.50
06/06/2021,2021-06-06,28.09,25.01,,,,,24.60,30.50
07/06/2021,2021-06-07,28.27,26.25,,,,,25.89,30.50
08/06/2021,2021-06-08,29.01,26.84,,,,,25.88,30.50
09/06/2021,2021-06-09,28.52,27.83,,,,,27.59,30.50
10/06/2021,2021-06-10,29.18,28.25,,,,,27.83,30.50
11/06/2021,2021-06-11,29.45,28.08,,,,,27.77,30.50
12/06/2021,2021-06-12,30.32,27.42,,,,,27.77,30.50
13/06/2021,2021-06-13,29.23,27.22,,,,,27.77,30.50
14/06/2021,2021-06-14,29.23,28.76,,,,,28.32,30.50
15/06/2021,2021-06-15,31.04,29.33,,,,,28.28,30.50
16/06/2021,2021-06-16,31.51,29.14,,,,,28.19,30.50
17/06/2021,2021-06-17,31.20,29.50,,,,,28.10,30.50
18/06/2021,2021-06-18,31.06,29.39,,,,,28.49,30.50
19/06/2021,2021-06-19,30.97,28.70,,,,,28.55,30.50
20/06/2021,2021-06-20,30.82,28.04,,,,,28.55,30.50
21/06/2021,2021-06-21,30.98,29.69,,,,,29.38,30.50
22/06/2021,2021-06-22,31.95,29.83,,,,,29.63,30.50
23/06/2021,2021-06-23,31.80,30.51,,,,,30.08,30.50
24/06/2021,2021-06-24,31.68,30.61,,,,,30.50,30.50
25/06/2021,2021-06-25,32.56,31.25,,,,,30.62,30.50
26/06/2021,2021-06-26,32.42,30.78,,,,,30.90,30.50
27/06/2021,2021-06-27,31.85,30.92,,,,,30.90,30.50
28/06/2021,2021-06-28,32.42,31.91,,,,,31.38,30.50
29/06/2021,2021-06-29,33.43,32.53,,,,,31.76,30.50
30/06/2021,2021-06-30,34.18,34.13,,,,,33.54,30.50
01/07/2021,2021-07-01,34.98,36.13,,,,,35.09,30.50
02/07/2021,2021-07-02,37.09,38.09,,,,,36.83,30.50
03/07/2021,2021-07-03,38.39,35.68,,,,,36.35,30.50
04/07/2021,2021-07-04,37.25,35.34,,,,,36.35,30.50
05/07/2021,2021-07-05,37.66,36.90,,,,,37.50,30.50
06/07/2021,2021-07-06,40.72,36.87,,,,,37.31,30.50
07/07/2021,2021-07-07,39.80,36.82,,,,,36.44,30.50
08/07/2021,2021-07-08,39.29,35.27,,,,,33.97,30.50
09/07/2021,2021-07-09,37.22,34.38,,,,,33.00,30.50
10/07/2021,2021-07-10,37.33,35.87,,,,,35.85,30.50
11/07/2021,2021-07-11,37.54,35.91,,,,,35.85,30.50
12/07/2021,2021-07-12,38.14,35.61,,,,,35.12,30.50
13/07/2021,2021-07-13,38.29,35.43,,,,,35.09,30.50
14/07/2021,2021-07-14,37.43,34.87,,,,,34.65,30.50
15/07/2021,2021-07-15,37.09,34.26,,,,,34.40,30.50
16/07/2021,2021-07-16,37.13,34.30,,,,,34.44,30.50
17/07/2021,2021-07-17,36.27,34.50,,,,,34.44,30.50
18/07/2021,2021-07-18,37.18,34.33,,,,,34.44,30.50
19/07/2021,2021-07-19,37.50,36.78,,,,,36.21,30.50
20/07/2021,2021-07-20,39.30,38.01,,,,,36.01,30.50
21/07/2021,2021-07-21,41.09,37.41,,,,,35.51,30.50
22/07/2021,2021-07-22,41.02,37.74,,,,,36.60,30.50
23/07/2021,2021-07-23,42.09,36.64,,,,,35.62,30.50
24/07/2021,2021-07-24,39.74,35.43,,,,,35.55,30.50
25/07/2021,2021-07-25,37.87,35.47,,,,,35.55,30.50
26/07/2021,2021-07-26,38.83,38.11,,,,,36.05,30.50
27/07/2021,2021-07-27,39.86,37.77,,,,,36.08,30.50
28/07/2021,2021-07-28,39.35,38.24,,,,,37.25,30.50
29/07/2021,2021-07-29,40.26,39.38,,,,,38.42,30.50
30/07/2021,2021-07-30,41.16,40.27,,,,,39.49,30.50
31/07/2021,2021-07-31,41.33,38.87,,,,,39.40,30.50
01/08/2021,2021-08-01,40.03,39.53,,,,,39.40,30.50
02/08/2021,2021-08-02,42.08,41.55,,,,,41.50,30.50
03/08/2021,2021-08-03,42.96,41.79,,,,,41.80,30.50
04/08/2021,2021-08-04,43.91,41.99,,,,,41.90,30.50
05/08/2021,2021-08-05,42.69,41.77,,,,,41.46,30.50
06/08/2021,2021-08-06,43.60,41.93,,,,,41.58,30.50
07/08/2021,2021-08-07,43.94,42.59,,,,,43.07,30.50
08/08/2021,2021-08-08,44.37,42.71,,,,,43.07,30.50
09/08/2021,2021-08-09,43.71,42.56,,,,,42.42,30.50
10/08/2021,2021-08-10,46.12,43.58,,,,,43.22,30.50
11/08/2021,2021-08-11,45.84,44.84,,,,,43.97,30.50
12/08/2021,2021-08-12,45.96,45.79,,,,,44.68,30.50
13/08/2021,2021-08-13,46.89,46.40,,,,,45.19,30.50
14/08/2021,2021-08-14,47.09,48.57,,,,,44.90,30.50
15/08/2021,2021-08-15,47.80,45.76,,,,,44.90,30.50
16/08/2021,2021-08-16,47.88,46.06,,,,,46.30,30.50
17/08/2021,2021-08-17,48.46,47.24,,,,,46.71,30.50
18/08/2021,2021-08-18,47.75,47.36,,,,,46.98,30.50
19/08/2021,2021-08-19,47.32,45.08,,,,,46.25,30.50
20/08/2021,2021-08-20,46.01,42.98,,,,,42.14,30.50
21/08/2021,2021-08-21,43.68,41.80,,,,,42.30,30.50
22/08/2021,2021-08-22,47.55,41.43,,,,,42.30,30.50
23/08/2021,2021-08-23,47.34,41.93,,,,,43.00,30.50
24/08/2021,2021-08-24,44.19,43.22,,,,,43.55,30.50
25/08/2021,2021-08-25,44.70,46.02,,,,,43.63,30.50
26/08/2021,2021-08-26,49.96,47.43,,,,,45.12,30.50
27/08/2021,2021-08-27,48.93,46.71,,,,,45.59,30.50
28/08/2021,2021-08-28,47.92,46.28,,,,,46.25,30.50
29/08/2021,2021-08-29,47.86,47.19,,,,,46.25,30.50
30/08/2021,2021-08-30,47.88,49.69,,,,,50.11,30.50
31/08/2021,2021-08-31,50.63,50.96,,,,,50.00,30.50
01/09/2021,2021-09-01,52.00,52.48,,,,,52.04,30.50
02/09/2021,2021-09-02,54.34,53.71,,,,,52.69,30.50
03/09/2021,2021-09-03,55.58,53.11,,,,,51.41,30.50
04/09/2021,2021-09-04,55.92,52.01,,,,,51.87,30.50
05/09/2021,2021-09-05,54.99,51.52,,,,,51.87,30.50
06/09/2021,2021-09-06,54.68,53.49,,,,,51.87,30.50
07/09/2021,2021-09-07,55.57,54.14,,,,,53.40,30.50
08/09/2021,2021-09-08,56.57,55.04,,,,,54.53,30.50
09/09/2021,2021-09-09,58.12,58.54,,,,,55.82,30.50
10/09/2021,2021-09-10,61.57,58.96,,,,,57.33,30.50
11/09/2021,2021-09-11,59.94,59.17,,,,,57.60,30.50
12/09/2021,2021-09-12,62.20,58.87,,,,,57.60,30.50
13/09/2021,2021-09-13,62.82,61.77,,,,,61.63,30.50
14/09/2021,2021-09-14,63.60,66.26,,,,,64.21,30.50
15/09/2021,2021-09-15,77.09,71.29,,,,,69.87,30.50
16/09/2021,2021-09-16,77.82,73.43,,,,,72.88,30.50
17/09/2021,2021-09-17,75.08,67.35,,,,,66.78,30.50
18/09/2021,2021-09-18,70.21,65.30,,,,,65.24,30.50
19/09/2021,2021-09-19,69.26,62.33,,,,,65.24,30.50
20/09/2021,2021-09-20,69.02,68.00,,,,,68.88,30.50
21/09/2021,2021-09-21,72.04,71.65,,,,,71.40,30.50
22/09/2021,2021-09-22,75.68,72.95,,,,,71.72,30.50
23/09/2021,2021-09-23,75.86,70.21,,,,,70.64,30.50
24/09/2021,2021-09-24,72.81,69.94,,,,,69.04,30.50
25/09/2021,2021-09-25,72.15,68.61,,,,,69.04,30.50
26/09/2021,2021-09-26,70.98,69.10,,,,,69.04,30.50
27/09/2021,2021-09-27,74.09,71.93,,,,,73.88,30.50
28/09/2021,2021-09-28,86.00,78.80,,,,,76.42,30.50
29/09/2021,2021-09-29,87.82,82.28,,,,,81.70,30.50
30/09/2021,2021-09-30,86.20,88.24,,,,,81.10,30.50
01/10/2021,2021-10-01,91.75,97.80,,,,,98.00,30.50
02/10/2021,2021-10-02,99.93,86.52,,,,,98.00,30.50
03/10/2021,2021-10-03,88.13,86.34,,,,,98.00,30.50
04/10/2021,2021-10-04,93.00,88.58,,,,,91.73,30.50
05/10/2021,2021-10-05,90.90,96.99,,,,,91.73,30.50
06/10/2021,2021-10-06,90.90,115.41,,,,,145.00,30.50
07/10/2021,2021-10-07,114.38,107.99,,,,,99.00,30.50
08/10/2021,2021-10-08,107.78,96.59,,,,,105.00,30.50
09/10/2021,2021-10-09,98.14,91.63,,,,,105.00,30.50
10/10/2021,2021-10-10,97.59,85.17,,,,,105.00,30.50
11/10/2021,2021-10-11,101.79,83.09,,,,,85.39,30.50
12/10/2021,2021-10-12,87.75,84.37,,,,,87.05,30.50
13/10/2021,2021-10-13,86.32,88.29,,,,,90.00,30.50
14/10/2021,2021-10-14,84.46,93.42,,,,,92.29,30.50
15/10/2021,2021-10-15,96.47,97.37,,,,,93.68,30.50
16/10/2021,2021-10-16,97.33,91.54,,,,,93.68,30.50
17/10/2021,2021-10-17,101.48,91.84,,,,,93.68,30.50
18/10/2021,2021-10-18,101.92,93.95,,,,,99.00,30.50
19/10/2021,2021-10-19,97.17,90.86,,,,,90.30,30.50
20/10/2021,2021-10-20,91.03,87.35,,,,,88.78,30.50
21/10/2021,2021-10-21,91.42,89.43,,,,,88.61,30.50
22/10/2021,2021-10-22,92.74,88.07,,,,,88.58,30.50
23/10/2021,2021-10-23,91.43,89.37,,,,,88.58,30.50
24/10/2021,2021-10-24,92.15,88.71,,,,,88.58,30.50
25/10/2021,2021-10-25,92.53,92.75,,,,,91.28,30.50
26/10/2021,2021-10-26,98.71,93.41,,,,,89.55,30.50
27/10/2021,2021-10-27,97.42,90.61,,,,,87.46,30.50
28/10/2021,2021-10-28,92.60,82.72,,,,,82.18,30.50
29/10/2021,2021-10-29,88.24,71.32,,,,,70.24,30.50
30/10/2021,2021-10-30,78.32,70.50,,,,,66.11,30.50
31/10/2021,2021-10-31,78.51,68.86,,,,,66.11,30.50
01/11/2021,2021-11-01,84.50,60.96,,,,,66.11,30.50
02/11/2021,2021-11-02,67.50,63.52,,,,,66.11,30.50
03/11/2021,2021-11-03,72.00,69.60,,,,,73.11,30.50
04/11/2021,2021-11-04,75.41,75.09,,,,,76.36,30.50
05/11/2021,2021-11-05,75.41,72.82,,,,,71.92,30.50
06/11/2021,2021-11-06,75.41,71.08,,,,,71.92,30.50
07/11/2021,2021-11-07,75.41,70.62,,,,,71.92,30.50
08/11/2021,2021-11-08,75.41,74.57,,,,,77.66,30.50
09/11/2021,2021-11-09,75.41,76.79,,,,,77.69,30.50
10/11/2021,2021-11-10,75.41,72.71,,,,,68.81,30.50
11/11/2021,2021-11-11,75.41,73.44,,,,,77.00,30.50
12/11/2021,2021-11-12,75.41,75.94,,,,,78.30,30.50
13/11/2021,2021-11-13,75.41,75.45,,,,,77.00,30.50
14/11/2021,2021-11-14,75.41,74.61,,,,,77.00,30.50
15/11/2021,2021-11-15,75.41,78.77,,,,,80.63,30.50
16/11/2021,2021-11-16,75.41,82.67,,,,,88.92,30.50
17/11/2021,2021-11-17,75.41,91.78,,,,,98.51,30.50
18/11/2021,2021-11-18,75.41,98.15,,,,,93.46,30.50
19/11/2021,2021-11-19,75.41,94.37,,,,,91.83,30.50
20/11/2021,2021-11-20,75.41,93.27,,,,,92.50,30.50
21/11/2021,2021-11-21,75.41,92.48,,,,,92.50,30.50
22/11/2021,2021-11-22,75.41,91.42,,,,,86.10,30.50
23/11/2021,2021-11-23,75.41,88.99,,,,,90.83,30.50
24/11/2021,2021-11-24,75.41,96.17,,,,,94.00,30.50
25/11/2021,2021-11-25,75.41,95.49,,,,,95.16,30.50
26/11/2021,2021-11-26,75.41,95.40,,,,,94.61,30.50
27/11/2021,2021-11-27,93.00,92.81,,,,,92.00,30.50
28/11/2021,2021-11-28,93.00,92.81,,,,,92.00,30.50
29/11/2021,2021-11-29,96.85,100.84,,,,,99.58,30.50
30/11/2021,2021-11-30,99.00,100.54,,,,,99.80,30.50
01/12/2021,2021-12-01,99.00,98.00,,,,,98.05,30.50
02/12/2021,2021-12-02,99.00,96.55,,,,,96.05,30.50
03/12/2021,2021-12-03,99.00,94.96,,,,,92.07,30.50
04/12/2021,2021-12-04,99.00,93.25,,,,,91.40,30.50
05/12/2021,2021-12-05,99.00,89.66,,,,,91.40,30.50
06/12/2021,2021-12-06,99.00,91.71,,,,,91.40,30.50
07/12/2021,2021-12-07,99.00,92.60,,,,,95.50,30.50
08/12/2021,2021-12-08,99.00,96.66,,,,,95.50,30.50
09/12/2021,2021-12-09,99.00,101.22,,,,,99.62,30.50
10/12/2021,2021-12-10,99.00,101.15,,,,,98.75,30.50
11/12/2021,2021-12-11,99.00,104.91,,,,,98.75,30.50
12/12/2021,2021-12-12,99.00,107.67,,,,,98.75,30.50
13/12/2021,2021-12-13,99.00,113.38,,,,,117.38,30.50
14/12/2021,2021-12-14,99.00,119.23,,,,,119.50,30.50
15/12/2021,2021-12-15,99.00,124.69,,,,,119.50,30.50
16/12/2021,2021-12-16,99.00,129.74,,,,,131.00,30.50
17/12/2021,2021-12-17,99.00,133.94,,,,,135.44,30.50
18/12/2021,2021-12-18,99.00,137.53,,,,,135.44,30.50
19/12/2021,2021-12-19,99.00,142.00,,,,,135.44,30.50
20/12/2021,2021-12-20,99.00,146.99,,,,,147.18,30.50
21/12/2021,2021-12-21,99.00,154.76,,,,,147.18,30.50
22/12/2021,2021-12-22,99.00,172.12,,,,,170.65,30.50
23/12/2021,2021-12-23,99.00,161.98,,,,,148.08,30.50
24/12/2021,2021-12-24,99.00,122.85,,,,,148.08,30.50
25/12/2021,2021-12-25,99.00,90.62,,,,,148.08,30.50
26/12/2021,2021-12-26,99.00,96.73,,,,,148.08,30.50
27/12/2021,2021-12-27,99.00,97.46,,,,,90.00,30.50
28/12/2021,2021-12-28,99.00,93.50,,,,,90.00,30.50
29/12/2021,2021-12-29,99.00,93.31,,,,,95.66,30.50
30/12/2021,2021-12-30,99.00,91.05,,,,,92.83,30.50
31/12/2021,2021-12-31,99.00,80.32,,,,,73.00,30.50
01/01/2022,2022-01-01,99.00,57.89,,,,,70.94,30.50
02/01/2022,2022-01-02,99.00,59.79,,,,,70.94,30.50
03/01/2022,2022-01-03,99.00,66.53,,,,,76.00,30.50
04/01/2022,2022-01-04,99.00,77.37,,,,,87.38,30.50
05/01/2022,2022-01-05,99.00,88.46,,,,,91.88,30.50
06/01/2022,2022-01-06,99.00,92.13,,,,,91.55,30.50
07/01/2022,2022-01-07,92.00,91.81,,,,,92.69,30.50
08/01/2022,2022-01-08,92.00,89.63,,,,,92.00,30.50
09/01/2022,2022-01-09,92.00,89.27,,,,,92.00,30.50
10/01/2022,2022-01-10,92.00,88.05,,,,,86.32,30.50
11/01/2022,2022-01-11,92.00,84.69,,,,,85.61,30.50
12/01/2022,2022-01-12,86.60,80.27,,,,,79.67,30.50
13/01/2022,2022-01-13,84.67,76.96,,,,,78.46,30.50
14/01/2022,2022-01-14,80.00,84.21,,,,,77.83,30.50
15/01/2022,2022-01-15,80.00,87.05,,,,,89.50,30.50
16/01/2022,2022-01-16,80.00,88.50,,,,,89.50,30.50
17/01/2022,2022-01-17,84.25,86.41,,,,,82.27,30.50
18/01/2022,2022-01-18,81.29,80.17,,,,,76.00,30.50
19/01/2022,2022-01-19,76.00,76.47,,,,,72.77,30.50
20/01/2022,2022-01-20,73.75,72.75,,,,,71.50,30.50
21/01/2022,2022-01-21,73.81,73.90,,,,,77.96,30.50
22/01/2022,2022-01-22,73.81,78.29,,,,,75.00,30.50
23/01/2022,2022-01-23,73.81,80.11,,,,,75.00,30.50
24/01/2022,2022-01-24,82.10,85.59,,,,,87.76,30.50
25/01/2022,2022-01-25,92.00,88.55,,,,,90.85,30.50
26/01/2022,2022-01-26,91.50,90.56,,,,,92.43,30.50
27/01/2022,2022-01-27,91.00,90.32,,,,,91.07,30.50
28/01/2022,2022-01-28,90.53,90.81,,,,,90.93,30.50
29/01/2022,2022-01-29,90.53,91.63,,,,,90.93,30.50
30/01/2022,2022-01-30,90.53,92.15,,,,,90.93,30.50
31/01/2022,2022-01-31,85.00,87.81,,,,,84.96,30.50
01/02/2022,2022-02-01,85.00,79.29,,,,,77.54,30.50
02/02/2022,2022-02-02,85.00,77.26,,,,,77.19,30.50
03/02/2022,2022-02-03,78.00,78.05,,,,,79.53,30.50
04/02/2022,2022-02-04,78.00,79.04,,,,,81.00,30.50
05/02/2022,2022-02-05,78.00,80.17,,,,,81.98,30.50
06/02/2022,2022-02-06,78.00,80.36,,,,,81.98,30.50
07/02/2022,2022-02-07,78.50,79.88,,,,,78.32,30.50
08/02/2022,2022-02-08,78.50,78.70,,,,,79.98,30.50
09/02/2022,2022-02-09,76.80,79.57,,,,,76.86,30.50
10/02/2022,2022-02-10,76.80,76.37,,,,,75.21,30.50
11/02/2022,2022-02-11,76.80,75.22,,,,,75.52,30.50
12/02/2022,2022-02-12,76.80,75.18,,,,,74.54,30.50
13/02/2022,2022-02-13,76.80,75.29,,,,,74.54,30.50
14/02/2022,2022-02-14,76.80,77.83,,,,,80.46,30.50
15/02/2022,2022-02-15,78.13,78.11,,,,,74.66,30.50
16/02/2022,2022-02-16,71.79,69.69,,,,,71.03,30.50
17/02/2022,2022-02-17,73.45,70.52,,,,,72.43,30.50
18/02/2022,2022-02-18,73.10,70.68,,,,,71.86,30.50
19/02/2022,2022-02-19,73.10,71.08,,,,,70.46,30.50
20/02/2022,2022-02-20,73.10,73.04,,,,,70.46,30.50
21/02/2022,2022-02-21,73.10,73.88,,,,,71.75,30.50
22/02/2022,2022-02-22,73.10,74.18,,,,,72.67,30.50
23/02/2022,2022-02-23,73.10,80.76,,,,,84.50,30.50
24/02/2022,2022-02-24,73.10,97.96,,,,,97.31,30.50
25/02/2022,2022-02-25,73.10,112.40,,,,,107.86,30.50
26/02/2022,2022-02-26,73.10,100.46,,,,,104.63,30.50
27/02/2022,2022-02-27,73.10,104.16,,,,,104.63,30.50
28/02/2022,2022-02-28,73.10,106.01,,,,,107.16,30.50
01/03/2022,2022-03-01,73.10,107.74,,,,,113.61,30.50
02/03/2022,2022-03-02,73.10,123.51,,,,,131.88,30.50
03/03/2022,2022-03-03,100.00,162.17,,,,,165.50,30.50
04/03/2022,2022-03-04,100.00,169.39,,,,,169.52,30.50
05/03/2022,2022-03-05,100.00,182.96,,,,,180.00,30.50
06/03/2022,2022-03-06,100.00,181.54,,,,,180.00,30.50
07/03/2022,2022-03-07,100.00,213.60,,,,,244.43,30.50
08/03/2022,2022-03-08,100.00,224.38,,,,,214.71,30.50
09/03/2022,2022-03-09,153.50,193.11,,,,,166.83,30.50
10/03/2022,2022-03-10,145.54,135.78,,,,,136.24,30.50
11/03/2022,2022-03-11,156.25,124.17,,,,,122.33,30.50
12/03/2022,2022-03-12,156.25,111.43,,,,,120.00,30.50
13/03/2022,2022-03-13,156.25,114.49,,,,,120.00,30.50
14/03/2022,2022-03-14,156.25,115.90,,,,,113.34,30.50
15/03/2022,2022-03-15,156.25,108.87,,,,,114.74,30.50
16/03/2022,2022-03-16,156.25,107.18,,,,,101.30,30.50
17/03/2022,2022-03-17,107.48,102.01,,,,,102.30,30.50
18/03/2022,2022-03-18,107.48,102.07,,,,,101.88,30.50
19/03/2022,2022-03-19,107.48,97.71,,,,,102.60,30.50
20/03/2022,2022-03-20,107.48,96.82,,,,,102.60,30.50
21/03/2022,2022-03-21,107.99,97.80,,,,,95.24,30.50
22/03/2022,2022-03-22,114.20,94.11,,,,,94.15,30.50
23/03/2022,2022-03-23,114.54,96.95,,,,,101.47,30.50
24/03/2022,2022-03-24,126.99,108.14,,,,,111.05,30.50
25/03/2022,2022-03-25,121.88,107.98,,,,,109.86,30.50
26/03/2022,2022-03-26,121.88,98.32,,,,,101.86,30.50
27/03/2022,2022-03-27,121.88,95.88,,,,,101.86,30.50
28/03/2022,2022-03-28,121.88,95.71,,,,,100.54,30.50
29/03/2022,2022-03-29,121.88,103.55,,,,,103.97,30.50
30/03/2022,2022-03-30,121.88,109.66,,,,,114.16,30.50
31/03/2022,2022-03-31,121.88,113.18,,,,,114.32,30.50
01/04/2022,2022-04-01,121.88,118.01,,,,,118.16,30.50
02/04/2022,2022-04-02,121.88,116.07,,,,,118.36,30.50
03/04/2022,2022-04-03,121.88,115.12,,,,,118.36,30.50
04/04/2022,2022-04-04,121.88,111.29,,,,,108.15,30.50
05/04/2022,2022-04-05,121.88,107.03,,,,,107.38,30.50
06/04/2022,2022-04-06,121.88,104.77,,,,,102.75,30.50
07/04/2022,2022-04-07,121.88,102.32,,,,,100.72,30.50
08/04/2022,2022-04-08,121.88,95.25,,,,,95.71,30.50
09/04/2022,2022-04-09,121.88,97.87,,,,,92.67,30.50
10/04/2022,2022-04-10,121.88,98.49,,,,,92.67,30.50
11/04/2022,2022-04-11,121.88,93.34,,,,,92.44,30.50
12/04/2022,2022-04-12,121.88,96.25,,,,,94.81,30.50
13/04/2022,2022-04-13,121.88,94.09,,,,,92.94,30.50
14/04/2022,2022-04-14,121.88,88.14,,,,,92.71,30.50
15/04/2022,2022-04-15,121.88,80.52,,,,,92.71,30.50
16/04/2022,2022-04-16,121.88,77.31,,,,,92.71,30.50
17/04/2022,2022-04-17,121.88,73.85,,,,,92.71,30.50
18/04/2022,2022-04-18,121.88,67.07,,,,,59.37,30.50
19/04/2022,2022-04-19,121.88,68.69,,,,,69.86,30.50
20/04/2022,2022-04-20,55.00,74.10,,,,,78.61,30.50
21/04/2022,2022-04-21,55.00,82.85,,,,,83.21,30.50
22/04/2022,2022-04-22,55.00,83.76,,,,,83.75,30.50
23/04/2022,2022-04-23,55.00,77.85,,,,,83.75,30.50
24/04/2022,2022-04-24,55.00,81.26,,,,,83.75,30.50
25/04/2022,2022-04-25,55.00,85.51,,,,,86.26,30.50
26/04/2022,2022-04-26,55.00,84.77,,,,,79.65,30.50
27/04/2022,2022-04-27,55.00,83.14,,,,,83.95,30.50
28/04/2022,2022-04-28,55.00,88.58,,,,,84.10,30.50
29/04/2022,2022-04-29,55.00,81.32,,,,,78.82,30.50
30/04/2022,2022-04-30,55.00,75.13,,,,,74.84,30.50
01/05/2022,2022-05-01,55.00,77.69,,,,,74.84,30.50
02/05/2022,2022-05-02,55.00,78.11,,,,,79.00,30.50
03/05/2022,2022-05-03,55.00,80.01,,,,,81.54,30.50
04/05/2022,2022-05-04,55.00,82.50,,,,,85.17,30.50
05/05/2022,2022-05-05,55.00,83.66,,,,,85.41,30.50
06/05/2022,2022-05-06,55.00,83.54,,,,,83.54,30.50
07/05/2022,2022-05-07,55.00,79.72,,,,,80.50,30.50
08/05/2022,2022-05-08,55.00,80.09,,,,,80.50,30.50
09/05/2022,2022-05-09,55.00,80.92,,,,,73.18,30.50
10/05/2022,2022-05-10,55.00,73.78,,,,,70.53,30.50
11/05/2022,2022-05-11,55.00,70.64,,,,,69.21,30.50
12/05/2022,2022-05-12,55.00,73.23,,,,,72.02,80.00
13/05/2022,2022-05-13,55.00,80.21,,,,,77.08,80.00
14/05/2022,2022-05-14,55.00,74.27,,,,,76.95,80.00
15/05/2022,2022-05-15,55.00,73.91,,,,,76.95,80.00
16/05/2022,2022-05-16,55.00,74.06,,,,,76.95,80.00
17/05/2022,2022-05-17,55.00,73.28,,,,,72.00,80.00
18/05/2022,2022-05-18,55.00,73.45,,,,,75.50,80.00
19/05/2022,2022-05-19,55.00,76.02,,,,,77.02,80.00
20/05/2022,2022-05-20,55.00,75.72,,,,,76.10,76.00
21/05/2022,2022-05-21,55.00,72.87,,,,,73.14,76.00
22/05/2022,2022-05-22,55.00,73.06,,,,,73.14,76.00
23/05/2022,2022-05-23,55.00,74.93,,,,,74.69,76.00
24/05/2022,2022-05-24,55.00,73.47,,,,,74.53,76.00
25/05/2022,2022-05-25,55.00,75.82,,,,,74.71,76.00
26/05/2022,2022-05-26,55.00,75.58,,,,,74.98,77.00
27/05/2022,2022-05-27,55.00,72.03,,,,,75.47,77.00
28/05/2022,2022-05-28,55.00,71.57,,,,,74.00,77.00
29/05/2022,2022-05-29,55.00,72.18,,,,,74.00,77.00
30/05/2022,2022-05-30,55.00,75.97,,,,,81.00,77.00
31/05/2022,2022-05-31,78.00,80.07,,,,,82.04,77.00
01/06/2022,2022-06-01,78.00,81.13,,,,,77.42,77.00
02/06/2022,2022-06-02,78.00,77.30,,,,,75.57,77.00
03/06/2022,2022-06-03,78.00,77.30,,,,,75.11,77.00
04/06/2022,2022-06-04,78.00,75.53,,,,,75.11,77.00
05/06/2022,2022-06-05,78.00,76.07,,,,,75.11,77.00
06/06/2022,2022-06-06,78.00,74.85,,,,,74.30,77.00
07/06/2022,2022-06-07,72.50,73.64,,,,,72.99,77.00
08/06/2022,2022-06-08,72.50,71.75,,,,,71.04,77.00
09/06/2022,2022-06-09,72.50,74.11,,,,,70.60,77.00
10/06/2022,2022-06-10,72.50,78.97,,,,,75.64,77.00
11/06/2022,2022-06-11,72.50,77.23,,,,,75.64,77.00
12/06/2022,2022-06-12,72.50,77.12,,,,,75.64,77.00
13/06/2022,2022-06-13,72.50,78.82,,,,,79.29,79.80
14/06/2022,2022-06-14,72.50,82.27,,,,,80.99,83.30
15/06/2022,2022-06-15,72.50,92.27,,,,,96.29,95.23
16/06/2022,2022-06-16,72.50,105.24,,,,,125.09,99.00
17/06/2022,2022-06-17,72.50,117.26,,,,,125.09,99.00
18/06/2022,2022-06-18,72.50,106.80,,,,,125.09,99.00
19/06/2022,2022-06-19,72.50,107.36,,,,,125.09,99.00
20/06/2022,2022-06-20,72.50,113.44,,,,,112.62,99.00
21/06/2022,2022-06-21,72.50,115.89,,,,,112.15,99.00
22/06/2022,2022-06-22,72.50,116.77,,,,,117.03,99.00
23/06/2022,2022-06-23,72.50,118.83,,,,,116.65,99.00
24/06/2022,2022-06-24,72.50,118.01,,,,,116.65,99.00
25/06/2022,2022-06-25,72.50,115.79,,,,,116.65,99.00
26/06/2022,2022-06-26,72.50,116.14,,,,,116.65,99.00
27/06/2022,2022-06-27,107.82,118.59,,,,,119.45,99.00
28/06/2022,2022-06-28,107.82,119.40,,,,,118.35,99.00
29/06/2022,2022-06-29,107.82,115.15,,,,,118.35,99.00
30/06/2022,2022-06-30,107.82,119.37,,,,,132.44,99.00
01/07/2022,2022-07-01,107.82,124.31,,,,,129.00,99.00
02/07/2022,2022-07-02,107.82,122.84,,,,,122.50,99.00
03/07/2022,2022-07-03,107.82,123.99,,,,,122.50,99.00
04/07/2022,2022-07-04,107.82,129.84,,,,,122.50,99.00
05/07/2022,2022-07-05,107.82,137.51,,,,,140.82,99.00
06/07/2022,2022-07-06,107.82,142.32,,,,,140.01,144.75
07/07/2022,2022-07-07,107.82,142.63,,,,,140.00,153.78
08/07/2022,2022-07-08,107.82,150.79,,,,,148.48,154.00
09/07/2022,2022-07-09,107.82,144.71,,,,,150.00,154.00
10/07/2022,2022-07-10,107.82,144.43,,,,,150.00,154.00
11/07/2022,2022-07-11,107.82,143.18,,,,,141.79,154.00
12/07/2022,2022-07-12,107.82,141.20,,,,,143.37,154.00
13/07/2022,2022-07-13,107.82,143.24,,,,,145.07,148.84
14/07/2022,2022-07-14,107.82,144.12,,,,,136.92,143.24
15/07/2022,2022-07-15,107.82,133.88,,,,,132.20,140.68
16/07/2022,2022-07-16,107.82,112.00,,,,,104.82,110.00
17/07/2022,2022-07-17,107.82,104.29,,,,,104.82,110.00
18/07/2022,2022-07-18,107.82,108.20,,,,,109.00,110.00
19/07/2022,2022-07-19,107.82,108.12,,,,,109.25,110.00
20/07/2022,2022-07-20,107.82,112.63,,,,,115.07,116.00
21/07/2022,2022-07-21,107.82,118.76,,,,,124.76,119.71
22/07/2022,2022-07-22,107.82,122.33,,,,,122.94,123.00
23/07/2022,2022-07-23,107.82,121.40,,,,,122.94,123.00
24/07/2022,2022-07-24,107.82,122.07,,,,,122.94,123.00
25/07/2022,2022-07-25,107.82,125.66,,,,,130.00,123.00
26/07/2022,2022-07-26,107.82,128.70,,,,,138.72,123.00
27/07/2022,2022-07-27,107.82,136.28,,,,,138.25,123.00
28/07/2022,2022-07-28,126.50,141.55,,,,,145.53,123.00
29/07/2022,2022-07-29,115.64,134.42,,,,,131.25,123.00
30/07/2022,2022-07-30,115.64,112.97,,,,,131.25,123.00
31/07/2022,2022-07-31,115.64,114.70,,,,,131.25,123.00
01/08/2022,2022-08-01,115.64,120.57,,,,,126.00,123.00
02/08/2022,2022-08-02,115.64,125.56,,,,,126.00,123.00
03/08/2022,2022-08-03,124.03,129.48,,,,,137.33,123.00
04/08/2022,2022-08-04,121.10,130.05,,,,,132.03,123.00
05/08/2022,2022-08-05,121.10,130.68,,,,,127.64,123.00
06/08/2022,2022-08-06,121.10,126.68,,,,,127.90,123.00
07/08/2022,2022-08-07,121.10,124.26,,,,,127.90,123.00
08/08/2022,2022-08-08,124.42,126.60,,,,,128.00,123.00
09/08/2022,2022-08-09,122.19,127.59,,,,,126.10,123.00
10/08/2022,2022-08-10,132.59,127.68,,,,,127.95,123.00
11/08/2022,2022-08-11,132.59,139.04,,,,,150.00,123.00
12/08/2022,2022-08-12,143.01,147.17,,,,,143.00,123.00
13/08/2022,2022-08-13,143.01,144.53,,,,,143.14,123.00
14/08/2022,2022-08-14,143.01,141.57,,,,,143.14,123.00
15/08/2022,2022-08-15,143.01,144.56,,,,,143.14,123.00
16/08/2022,2022-08-16,143.01,149.91,,,,,156.25,123.00
17/08/2022,2022-08-17,154.48,158.05,,,,,154.47,150.00
18/08/2022,2022-08-18,154.48,156.01,,,,,157.72,150.00
19/08/2022,2022-08-19,165.13,161.86,,,,,174.00,150.00
20/08/2022,2022-08-20,165.13,169.44,,,,,175.00,150.00
21/08/2022,2022-08-21,165.13,174.09,,,,,175.00,150.00
22/08/2022,2022-08-22,165.13,185.04,,,,,210.01,150.00
23/08/2022,2022-08-23,165.13,209.03,,,,,210.82,150.00
24/08/2022,2022-08-24,165.13,205.21,,,,,202.47,150.00
25/08/2022,2022-08-25,165.13,215.44,,,,,210.93,150.00
26/08/2022,2022-08-26,165.13,223.48,,,,,217.66,150.00
27/08/2022,2022-08-27,165.13,217.24,,,,,218.81,150.00
28/08/2022,2022-08-28,165.13,219.42,,,,,218.81,150.00
29/08/2022,2022-08-29,165.13,225.03,,,,,225.91,150.00
30/08/2022,2022-08-30,165.13,224.17,,,,,216.58,150.00
31/08/2022,2022-08-31,165.13,204.32,,,,,212.50,150.00
01/09/2022,2022-09-01,165.13,185.39,,,,,187.61,150.00
02/09/2022,2022-09-02,165.13,154.72,,,,,133.74,130.00
03/09/2022,2022-09-03,165.13,109.62,,,,,118.53,130.00
04/09/2022,2022-09-04,165.13,109.07,,,,,118.53,130.00
05/09/2022,2022-09-05,165.13,111.41,,,,,136.56,130.00
06/09/2022,2022-09-06,165.13,122.83,,,,,139.71,107.50
07/09/2022,2022-09-07,165.13,107.37,,,,,110.10,112.50
08/09/2022,2022-09-08,165.13,108.90,,,,,127.22,110.00
09/09/2022,2022-09-09,165.13,130.23,,,,,128.33,110.00
10/09/2022,2022-09-10,165.13,133.92,,,,,143.57,110.00
11/09/2022,2022-09-11,165.13,134.67,,,,,143.57,110.00
12/09/2022,2022-09-12,165.13,137.83,,,,,139.53,110.00
13/09/2022,2022-09-13,165.13,137.26,,,,,138.87,110.00
14/09/2022,2022-09-14,165.13,141.54,,,,,145.96,110.00
15/09/2022,2022-09-15,165.13,159.10,,,,,157.76,110.00
16/09/2022,2022-09-16,165.13,139.14,,,,,97.71,133.33
17/09/2022,2022-09-17,165.13,104.75,,,,,87.39,105.00
18/09/2022,2022-09-18,165.13,106.98,,,,,87.39,105.00
19/09/2022,2022-09-19,165.13,106.10,,,,,118.33,105.00
20/09/2022,2022-09-20,114.37,115.56,,,,,122.28,120.00
21/09/2022,2022-09-21,114.37,122.35,,,,,113.49,127.63
22/09/2022,2022-09-22,114.37,119.65,,,,,108.95,147.22
23/09/2022,2022-09-23,114.37,110.50,,,,,99.79,110.00
24/09/2022,2022-09-24,114.37,94.37,,,,,94.61,110.00
25/09/2022,2022-09-25,114.37,96.38,,,,,94.61,110.00
26/09/2022,2022-09-26,114.37,93.03,,,,,82.25,120.00
27/09/2022,2022-09-27,114.37,86.42,,,,,84.72,122.00
28/09/2022,2022-09-28,114.37,92.02,,,,,90.94,128.89
29/09/2022,2022-09-29,114.37,88.95,,,,,90.08,116.90
30/09/2022,2022-09-30,114.37,82.35,,,,,77.20,110.00
01/10/2022,2022-10-01,114.37,77.37,,,,,70.00,110.00
02/10/2022,2022-10-02,114.37,83.84,,,,,70.00,110.00
03/10/2022,2022-10-03,114.37,96.41,,,,,104.00,110.00
04/10/2022,2022-10-04,114.37,101.75,,,,,99.44,110.00
05/10/2022,2022-10-05,114.37,96.92,,,,,90.38,110.00
06/10/2022,2022-10-06,114.37,89.53,,,,,85.83,95.00
07/10/2022,2022-10-07,114.37,86.82,,,,,85.61,95.00
08/10/2022,2022-10-08,114.37,77.71,,,,,79.00,95.00
09/10/2022,2022-10-09,114.37,76.64,,,,,79.00,95.00
10/10/2022,2022-10-10,114.37,80.60,,,,,79.43,90.00
11/10/2022,2022-10-11,114.37,80.44,,,,,79.50,90.00
12/10/2022,2022-10-12,114.37,75.69,,,,,74.87,87.27
13/10/2022,2022-10-13,114.37,77.84,,,,,74.53,85.08
14/10/2022,2022-10-14,114.37,69.96,,,,,69.79,80.00
15/10/2022,2022-10-15,114.37,55.46,,,,,58.34,65.00
16/10/2022,2022-10-16,114.37,52.39,,,,,58.34,65.00
17/10/2022,2022-10-17,114.37,52.28,,,,,39.34,50.71
18/10/2022,2022-10-18,114.37,35.17,,,,,35.12,48.75
19/10/2022,2022-10-19,50.01,25.59,,,,,26.22,44.09
20/10/2022,2022-10-20,50.01,32.38,,,,,36.27,50.00
21/10/2022,2022-10-21,60.00,43.17,,,,,44.77,52.20
22/10/2022,2022-10-22,60.00,36.95,,,,,44.00,50.83
23/10/2022,2022-10-23,60.00,29.73,,,,,44.00,50.83
24/10/2022,2022-10-24,45.00,38.83,,,,,35.69,55.76
25/10/2022,2022-10-25,45.00,33.65,,,,,34.79,55.66
26/10/2022,2022-10-26,44.00,41.37,,,,,42.50,65.62
27/10/2022,2022-10-27,44.00,45.08,,,,,44.98,64.31
28/10/2022,2022-10-28,44.00,43.76,,,,,42.57,61.27
29/10/2022,2022-10-29,41.00,46.04,,,,,38.00,61.00
30/10/2022,2022-10-30,41.00,43.27,,,,,38.00,61.00
31/10/2022,2022-10-31,72.00,48.50,,,,,49.82,61.10
01/11/2022,2022-11-01,72.00,51.95,,,,,47.80,61.10
02/11/2022,2022-11-02,71.00,52.79,,,,,55.12,67.54
03/11/2022,2022-11-03,72.00,53.21,,,,,55.19,74.57
04/11/2022,2022-11-04,80.00,55.32,,,,,57.07,79.29
05/11/2022,2022-11-05,80.00,45.71,,,,,44.13,77.00
06/11/2022,2022-11-06,80.00,43.69,,,,,44.13,77.00
07/11/2022,2022-11-07,80.00,43.87,,,,,47.38,80.00
08/11/2022,2022-11-08,80.00,45.27,,,,,46.31,82.61
09/11/2022,2022-11-09,80.00,47.89,,,,,48.14,89.63
10/11/2022,2022-11-10,80.00,49.54,,,,,47.84,89.63
11/11/2022,2022-11-11,80.00,52.69,,,,,50.88,80.00
12/11/2022,2022-11-12,80.00,49.19,,,,,50.26,80.00
13/11/2022,2022-11-13,80.00,49.98,,,,,50.26,80.00
14/11/2022,2022-11-14,80.00,53.58,,,,,58.18,70.83
15/11/2022,2022-11-15,80.00,53.84,,,,,55.75,76.82
16/11/2022,2022-11-16,80.00,53.82,,,,,52.13,80.86
17/11/2022,2022-11-17,80.00,52.76,,,,,52.37,81.03
18/11/2022,2022-11-18,80.00,53.03,,,,,52.50,75.70
19/11/2022,2022-11-19,80.00,51.66,,,,,52.50,69.77
20/11/2022,2022-11-20,80.00,51.06,,,,,52.50,69.77
21/11/2022,2022-11-21,80.00,52.30,,,,,51.52,80.00
22/11/2022,2022-11-22,80.00,52.49,,,,,51.36,73.46
23/11/2022,2022-11-23,80.00,66.22,,,,,76.29,81.59
24/11/2022,2022-11-24,80.00,82.45,,,,,93.00,81.56
25/11/2022,2022-11-25,80.00,88.36,,,,,91.13,81.56
26/11/2022,2022-11-26,80.00,85.37,,,,,91.13,81.56
27/11/2022,2022-11-27,80.00,84.21,,,,,91.13,81.56
28/11/2022,2022-11-28,80.00,87.93,,,,,90.39,81.56
29/11/2022,2022-11-29,80.00,94.84,,,,,90.30,81.56
30/11/2022,2022-11-30,80.00,109.42,,,,,90.30,81.56
01/12/2022,2022-12-01,80.00,114.65,,,,,105.05,81.56
02/12/2022,2022-12-02,80.00,103.24,,,,,106.09,110.00
03/12/2022,2022-12-03,80.00,117.37,,,,,106.09,110.00
04/12/2022,2022-12-04,80.00,117.94,,,,,106.09,110.00
05/12/2022,2022-12-05,80.00,119.22,,,,,121.57,110.00
06/12/2022,2022-12-06,80.00,124.69,,,,,121.57,110.00
07/12/2022,2022-12-07,80.00,122.30,,,,,122.74,110.00
08/12/2022,2022-12-08,80.00,122.61,,,,,122.00,110.00
09/12/2022,2022-12-09,80.00,126.72,,,,,127.95,110.00
10/12/2022,2022-12-10,80.00,126.56,,,,,128.00,110.00
11/12/2022,2022-12-11,80.00,127.68,,,,,128.00,110.00
12/12/2022,2022-12-12,80.00,125.86,,,,,128.00,110.00
13/12/2022,2022-12-13,80.00,118.84,,,,,123.00,115.61
14/12/2022,2022-12-14,80.00,117.86,,,,,119.33,115.61
15/12/2022,2022-12-15,140.00,115.21,,,,,118.71,115.61
16/12/2022,2022-12-16,140.00,115.10,,,,,110.60,115.61
17/12/2022,2022-12-17,140.00,111.74,,,,,110.01,115.61
18/12/2022,2022-12-18,140.00,105.64,,,,,110.01,115.61
19/12/2022,2022-12-19,140.00,101.24,,,,,93.34,115.61
20/12/2022,2022-12-20,140.00,90.76,,,,,88.89,86.96
21/12/2022,2022-12-21,100.00,84.99,,,,,82.67,87.00
22/12/2022,2022-12-22,68.97,78.08,,,,,74.15,83.39
23/12/2022,2022-12-23,56.20,73.45,,,,,64.59,78.96
24/12/2022,2022-12-24,56.20,64.69,,,,,64.59,78.96
25/12/2022,2022-12-25,56.20,67.76,,,,,64.59,78.96
26/12/2022,2022-12-26,63.74,69.23,,,,,64.59,78.96
27/12/2022,2022-12-27,69.85,70.76,,,,,76.10,78.96
28/12/2022,2022-12-28,59.67,66.54,,,,,72.57,67.61
29/12/2022,2022-12-29,59.67,63.05,,,,,67.45,73.64
30/12/2022,2022-12-30,59.67,62.68,,,,,64.54,73.64
31/12/2022,2022-12-31,59.67,57.91,,,,,56.00,73.64
01/01/2023,2023-01-01,59.67,59.42,,,54.00,57.94,56.00,73.64
02/01/2023,2023-01-02,59.67,62.71,,,54.00,57.94,56.00,64.93
03/01/2023,2023-01-03,73.00,67.00,,,60.70,57.73,62.43,67.00
04/01/2023,2023-01-04,70.00,64.91,,70.00,63.00,67.29,62.41,70.00
05/01/2023,2023-01-05,65.00,58.74,,,58.00,57.45,56.60,70.00
06/01/2023,2023-01-06,65.00,59.74,,,59.30,59.05,108.09,70.00
07/01/2023,2023-01-07,65.00,60.69,,,58.56,60.37,108.09,70.00
08/01/2023,2023-01-08,65.00,61.28,,,58.56,60.37,108.09,70.00
09/01/2023,2023-01-09,65.00,63.09,,,58.86,60.62,64.00,70.00
10/01/2023,2023-01-10,65.00,66.33,,,69.78,65.48,65.00,70.00
11/01/2023,2023-01-11,65.00,64.67,,,63.25,65.62,64.36,70.00
12/01/2023,2023-01-12,63.43,62.28,,,61.70,61.50,63.69,70.00
13/01/2023,2023-01-13,63.07,62.38,63.07,63.07,63.18,62.41,62.00,62.00
14/01/2023,2023-01-14,63.07,61.31,,,59.12,60.51,62.12,62.00
15/01/2023,2023-01-15,63.07,59.98,,,59.12,60.51,62.12,62.00
16/01/2023,2023-01-16,55.00,58.94,,,59.76,61.03,53.31,53.13
17/01/2023,2023-01-17,55.00,53.33,55.00,55.00,52.90,54.05,53.06,51.80
18/01/2023,2023-01-18,50.93,54.53,50.04,50.03,55.80,51.61,50.88,56.00
19/01/2023,2023-01-19,59.00,57.94,,,57.52,57.94,60.47,57.20
20/01/2023,2023-01-20,63.15,58.82,,,60.00,58.49,57.36,60.62
21/01/2023,2023-01-21,63.15,61.23,,,62.27,60.46,57.36,60.67
22/01/2023,2023-01-22,63.15,62.58,,,62.27,60.46,57.36,60.67
23/01/2023,2023-01-23,63.55,63.52,,,62.79,61.16,62.52,60.67
24/01/2023,2023-01-24,58.87,60.30,,,62.23,61.87,58.84,60.67
25/01/2023,2023-01-25,55.00,54.87,,,54.66,55.19,55.17,53.50
26/01/2023,2023-01-26,55.00,51.36,,,52.15,50.81,53.20,52.00
27/01/2023,2023-01-27,53.58,51.41,55.00,55.00,50.09,51.40,52.49,52.11
28/01/2023,2023-01-28,51.96,51.88,,,52.50,50.86,52.49,52.11
29/01/2023,2023-01-29,51.96,53.63,,,52.50,50.86,52.49,52.11
30/01/2023,2023-01-30,52.90,56.53,52.00,51.63,52.54,51.23,55.96,52.11
31/01/2023,2023-01-31,59.00,55.74,,,54.20,54.35,54.95,52.11
01/02/2023,2023-02-01,58.00,55.99,,,54.89,56.00,56.17,52.11
02/02/2023,2023-02-02,58.00,57.65,,,57.57,57.28,57.00,52.11
03/02/2023,2023-02-03,56.00,56.40,,,54.80,56.06,60.94,52.11
04/02/2023,2023-02-04,56.00,57.04,,,55.56,56.35,58.14,52.11
05/02/2023,2023-02-05,56.00,57.38,,,55.56,56.35,58.14,52.11
06/02/2023,2023-02-06,56.00,57.70,,,56.60,55.63,56.20,52.11
07/02/2023,2023-02-07,56.00,56.12,,,55.64,56.20,54.75,52.11
08/02/2023,2023-02-08,53.35,54.52,,,53.13,54.99,54.10,52.11
09/02/2023,2023-02-09,55.00,53.15,,,52.65,52.58,52.80,52.11
10/02/2023,2023-02-10,55.00,52.75,,,52.49,52.59,52.48,65.00
11/02/2023,2023-02-11,54.00,52.63,,,51.72,51.53,52.19,65.00
12/02/2023,2023-02-12,54.00,53.30,,,51.72,51.53,52.19,65.00
13/02/2023,2023-02-13,54.00,53.47,,,51.35,51.58,51.59,65.00
14/02/2023,2023-02-14,54.00,51.23,,,51.04,51.08,51.41,65.00
15/02/2023,2023-02-15,53.50,52.36,53.50,53.50,51.72,51.65,52.33,65.00
16/02/2023,2023-02-16,53.50,52.81,,,53.43,53.12,51.90,65.00
17/02/2023,2023-02-17,51.00,50.48,51.00,51.00,49.59,51.15,51.20,65.00
18/02/2023,2023-02-18,51.00,47.96,,,46.55,47.28,48.14,48.00
19/02/2023,2023-02-19,51.00,48.14,,,46.55,47.28,48.14,48.00
20/02/2023,2023-02-20,51.00,49.00,,,46.82,47.48,50.62,48.00
21/02/2023,2023-02-21,51.00,49.82,,,49.52,50.39,48.86,48.00
22/02/2023,2023-02-22,48.50,48.23,48.50,48.50,48.50,47.94,48.06,48.00
23/02/2023,2023-02-23,49.00,49.27,,,48.10,49.04,48.56,50.00
24/02/2023,2023-02-24,49.00,50.70,,,49.54,49.49,50.31,50.00
25/02/2023,2023-02-25,49.00,50.22,,,47.94,50.01,50.34,48.00
26/02/2023,2023-02-26,51.00,49.74,,,47.94,50.01,50.34,48.00
27/02/2023,2023-02-27,50.00,49.63,,,48.56,50.06,47.79,48.30
28/02/2023,2023-02-28,50.00,47.62,,,45.41,47.50,46.96,47.03
01/03/2023,2023-03-01,50.50,48.04,,,46.31,46.78,47.03,47.03
02/03/2023,2023-03-02,50.50,48.11,,,48.45,47.65,47.46,47.03
03/03/2023,2023-03-03,47.50,47.49,,,47.63,48.04,46.39,47.03
04/03/2023,2023-03-04,47.50,46.15,,,45.25,45.69,45.48,47.03
05/03/2023,2023-03-05,47.50,47.10,,,45.25,45.69,45.48,47.03
06/03/2023,2023-03-06,45.50,46.84,,,45.32,45.58,43.49,47.03
07/03/2023,2023-03-07,44.78,44.82,43.50,44.25,44.20,44.57,43.48,47.03
08/03/2023,2023-03-08,44.78,44.19,,,43.90,44.11,42.88,44.15
09/03/2023,2023-03-09,42.85,42.55,41.75,42.88,41.40,43.73,42.02,44.15
10/03/2023,2023-03-10,42.91,43.67,40.00,40.00,46.25,41.83,41.60,48.00
11/03/2023,2023-03-11,42.91,47.94,,,49.98,47.92,48.12,48.00
12/03/2023,2023-03-12,42.91,47.86,,,49.98,47.92,48.12,48.00
13/03/2023,2023-03-13,51.00,49.55,,,50.63,48.57,50.62,48.00
14/03/2023,2023-03-14,51.00,47.68,,,47.38,49.51,48.08,48.00
15/03/2023,2023-03-15,45.96,45.70,46.00,46.26,46.48,45.94,44.86,48.00
16/03/2023,2023-03-16,43.20,43.05,,,42.24,43.10,42.82,43.10
17/03/2023,2023-03-17,42.16,42.66,,,42.83,42.52,41.84,43.10
18/03/2023,2023-03-18,42.16,41.47,,,41.00,41.23,41.85,43.10
19/03/2023,2023-03-19,42.16,41.91,,,41.00,41.23,41.85,43.10
20/03/2023,2023-03-20,42.00,41.99,,,40.86,41.78,40.36,43.10
21/03/2023,2023-03-21,42.00,39.95,,,38.99,39.97,39.85,40.30
22/03/2023,2023-03-22,40.50,40.14,,,40.18,39.97,39.11,40.30
23/03/2023,2023-03-23,40.00,39.81,39.50,39.50,38.57,39.43,39.12,40.30
24/03/2023,2023-03-24,41.50,40.99,,,41.73,41.16,39.29,40.00
25/03/2023,2023-03-25,41.50,39.26,,,39.90,39.18,38.79,40.00
26/03/2023,2023-03-26,41.50,38.25,,,39.90,39.18,38.79,40.00
27/03/2023,2023-03-27,42.50,39.68,,,40.00,39.55,40.48,39.67
28/03/2023,2023-03-28,41.00,40.43,,,40.39,40.47,39.54,39.67
29/03/2023,2023-03-29,41.00,40.08,41.00,41.00,39.88,40.01,39.21,39.81
30/03/2023,2023-03-30,37.30,38.33,,,36.69,38.97,39.07,38.37
31/03/2023,2023-03-31,36.00,36.74,36.00,36.00,34.87,36.47,36.75,38.37
01/04/2023,2023-04-01,36.00,39.76,,,38.31,38.57,36.75,38.37
02/04/2023,2023-04-02,36.00,40.35,,,38.31,38.57,36.75,38.37
03/04/2023,2023-04-03,45.00,41.96,,,38.62,38.89,43.17,45.00
04/04/2023,2023-04-04,44.00,43.68,,,44.14,43.94,42.70,44.33
05/04/2023,2023-04-05,43.58,42.60,43.00,43.00,41.74,42.37,42.38,42.94
06/04/2023,2023-04-06,43.58,41.04,,,41.30,41.26,39.71,40.51
07/04/2023,2023-04-07,39.50,39.46,,,36.76,37.76,39.57,41.00
08/04/2023,2023-04-08,39.50,39.70,,,36.76,37.76,40.75,41.00
09/04/2023,2023-04-09,39.50,39.74,,,36.76,37.76,40.75,41.00
10/04/2023,2023-04-10,39.50,39.63,,,36.76,37.76,39.90,41.00
11/04/2023,2023-04-11,40.00,39.30,,,36.51,38.12,39.11,40.00
12/04/2023,2023-04-12,40.00,39.13,,,38.94,39.13,38.93,38.89
13/04/2023,2023-04-13,37.50,38.32,,,37.90,38.56,37.97,36.80
14/04/2023,2023-04-14,37.00,37.13,37.00,37.00,36.82,37.25,36.41,35.00
15/04/2023,2023-04-15,37.00,36.63,,,37.07,36.29,35.57,36.10
16/04/2023,2023-04-16,37.00,36.65,,,37.07,36.29,35.57,36.10
17/04/2023,2023-04-17,36.80,36.88,,,36.51,36.32,36.66,37.00
18/04/2023,2023-04-18,36.50,36.81,36.50,36.50,36.02,36.51,36.52,38.50
19/04/2023,2023-04-19,36.50,36.79,,,36.49,36.91,35.94,38.05
20/04/2023,2023-04-20,37.50,36.41,37.50,37.50,35.66,36.18,36.18,37.23
21/04/2023,2023-04-21,36.50,35.66,36.50,36.50,36.40,35.76,35.28,36.64
22/04/2023,2023-04-22,36.50,34.59,,,34.21,34.86,35.29,36.64
23/04/2023,2023-04-23,36.50,34.59,,,34.21,34.86,35.29,36.64
24/04/2023,2023-04-24,35.00,34.59,,,33.78,34.45,34.78,35.75
25/04/2023,2023-04-25,35.00,34.06,,,33.34,34.04,34.72,34.50
26/04/2023,2023-04-26,35.00,35.76,,,34.86,34.42,34.23,36.50
27/04/2023,2023-04-27,36.00,34.85,,,35.78,34.67,34.72,35.63
28/04/2023,2023-04-28,36.00,35.32,,,35.19,35.06,34.76,36.00
29/04/2023,2023-04-29,36.00,34.63,,,34.50,34.49,34.59,36.00
30/04/2023,2023-04-30,36.00,34.67,,,34.50,34.49,34.59,36.00
01/05/2023,2023-05-01,36.00,34.93,,,34.50,34.49,35.20,36.00
02/05/2023,2023-05-02,36.00,35.74,,,34.28,34.68,34.70,36.00
03/05/2023,2023-05-03,36.00,34.30,,,34.25,34.58,34.61,33.25
04/05/2023,2023-05-04,33.97,33.20,,,33.21,32.99,32.54,33.34
05/05/2023,2023-05-05,35.00,33.39,,,33.33,32.96,32.54,34.71
06/05/2023,2023-05-06,35.00,32.95,,,32.78,32.78,32.39,34.71
07/05/2023,2023-05-07,35.00,33.13,,,32.78,32.78,32.39,34.71
08/05/2023,2023-05-08,35.00,33.20,,,32.78,32.78,32.66,34.00
09/05/2023,2023-05-09,33.50,33.67,,,32.76,32.81,32.96,34.14
10/05/2023,2023-05-10,33.50,32.39,,,31.92,32.78,32.56,32.00
11/05/2023,2023-05-11,32.50,30.01,32.50,32.50,28.94,30.47,30.15,30.55
12/05/2023,2023-05-12,32.50,28.06,,,27.00,27.16,27.32,29.93
13/05/2023,2023-05-13,28.00,26.61,,,26.80,25.26,26.48,29.48
14/05/2023,2023-05-14,28.00,26.69,,,26.80,25.26,26.48,29.48
15/05/2023,2023-05-15,29.00,25.96,,,25.98,25.15,26.09,29.48
16/05/2023,2023-05-16,29.00,25.64,,,25.20,25.23,25.63,28.18
17/05/2023,2023-05-17,29.00,26.42,,,26.60,25.77,24.81,28.45
18/05/2023,2023-05-18,27.15,26.60,,,26.60,26.59,25.40,27.20
19/05/2023,2023-05-19,26.50,26.01,26.50,26.50,25.67,26.00,25.63,26.37
20/05/2023,2023-05-20,26.50,25.78,,,26.78,25.34,25.28,26.06
21/05/2023,2023-05-21,26.50,26.47,,,26.78,25.34,25.28,26.06
22/05/2023,2023-05-22,26.50,27.68,,,26.10,25.75,26.27,27.46
23/05/2023,2023-05-23,29.00,27.39,,,27.58,26.84,26.26,27.97
24/05/2023,2023-05-24,29.00,27.19,,,27.75,27.13,26.42,27.25
25/05/2023,2023-05-25,27.50,26.00,27.50,27.50,25.80,26.41,25.82,27.40
26/05/2023,2023-05-26,24.75,24.33,24.50,24.75,23.78,24.40,23.75,24.96
27/05/2023,2023-05-27,23.00,24.25,,,25.25,23.17,22.90,24.75
28/05/2023,2023-05-28,23.00,24.95,,,25.25,23.17,22.90,24.75
29/05/2023,2023-05-29,23.00,26.05,,,25.25,23.17,26.69,24.75
30/05/2023,2023-05-30,23.00,25.59,,,23.15,22.84,25.69,25.01
31/05/2023,2023-05-31,25.47,25.49,25.00,25.47,25.07,25.20,24.82,25.43
01/06/2023,2023-06-01,25.00,25.68,,,26.10,25.84,24.27,25.96
02/06/2023,2023-06-02,24.75,24.47,24.50,24.75,24.28,24.50,23.84,24.74
03/06/2023,2023-06-03,24.00,23.81,,,23.84,23.70,23.25,24.85
04/06/2023,2023-06-04,24.00,23.86,,,23.84,23.70,23.25,24.85
05/06/2023,2023-06-05,24.00,24.15,,,23.21,23.37,25.50,27.27
06/06/2023,2023-06-06,27.00,27.10,,,27.84,27.24,25.64,26.53
07/06/2023,2023-06-07,27.42,25.65,27.00,27.00,24.68,25.75,25.64,26.53
08/06/2023,2023-06-08,27.42,25.80,,,26.10,25.56,25.69,27.91
09/06/2023,2023-06-09,29.39,26.91,27.00,27.00,26.36,26.64,26.70,29.08
10/06/2023,2023-06-10,27.00,26.82,,,23.68,27.57,27.09,29.03
11/06/2023,2023-06-11,27.00,27.07,,,23.68,27.57,27.09,29.03
12/06/2023,2023-06-12,27.00,28.56,,,27.00,28.75,28.38,28.68
13/06/2023,2023-06-13,29.34,29.04,29.34,29.34,29.03,29.01,28.53,28.94
14/06/2023,2023-06-14,29.34,32.99,,,34.99,31.24,28.91,30.53
15/06/2023,2023-06-15,34.00,37.34,34.00,34.00,39.50,35.83,40.63,36.08
16/06/2023,2023-06-16,34.90,39.79,44.00,44.00,39.88,41.74,40.91,36.62
17/06/2023,2023-06-17,35.00,34.55,,,32.49,33.90,33.25,37.35
18/06/2023,2023-06-18,35.00,34.06,,,32.49,33.90,33.25,37.35
19/06/2023,2023-06-19,33.02,33.85,,,32.33,34.32,32.42,32.47
20/06/2023,2023-06-20,38.21,35.57,32.50,32.50,35.31,33.33,32.93,32.50
21/06/2023,2023-06-21,38.92,38.49,,,38.93,38.71,37.69,38.58
22/06/2023,2023-06-22,39.14,37.90,38.00,38.00,38.67,38.51,36.75,37.63
23/06/2023,2023-06-23,34.30,35.43,35.50,36.28,34.34,36.15,32.86,37.45
24/06/2023,2023-06-24,32.00,31.56,,,30.70,30.01,30.80,37.45
25/06/2023,2023-06-25,32.00,31.35,,,30.70,30.01,30.80,37.45
26/06/2023,2023-06-26,32.00,31.77,,,29.87,30.58,32.06,33.22
27/06/2023,2023-06-27,32.00,32.30,,,30.96,32.36,31.36,34.41
28/06/2023,2023-06-28,32.00,32.91,,,33.78,32.67,32.76,34.90
29/06/2023,2023-06-29,32.00,33.22,,,33.25,33.50,33.12,34.44
30/06/2023,2023-06-30,32.00,32.84,,,32.52,32.62,32.29,35.48
01/07/2023,2023-07-01,32.00,34.49,,,35.03,33.44,33.00,33.00
02/07/2023,2023-07-02,32.00,34.94,,,35.03,33.44,33.00,33.00
03/07/2023,2023-07-03,38.09,36.50,,,35.75,34.36,36.20,37.00
04/07/2023,2023-07-04,38.09,35.63,,,34.51,35.99,35.21,37.21
05/07/2023,2023-07-05,38.09,34.66,,,34.48,34.13,33.29,35.51
06/07/2023,2023-07-06,34.50,34.54,34.61,34.50,34.61,34.93,32.49,34.89
07/07/2023,2023-07-07,33.50,32.68,32.45,33.50,31.65,32.43,31.74,34.22
08/07/2023,2023-07-08,33.50,32.24,30.92,,30.61,31.54,31.00,34.00
09/07/2023,2023-07-09,33.50,32.44,30.92,,30.61,31.54,31.00,34.00
10/07/2023,2023-07-10,33.50,33.25,31.90,,31.74,31.92,31.23,33.00
11/07/2023,2023-07-11,32.00,31.73,32.00,32.00,31.52,32.00,31.11,32.45
12/07/2023,2023-07-12,32.00,30.26,30.09,,29.98,30.11,28.75,30.35
13/07/2023,2023-07-13,28.60,29.50,29.29,28.60,28.90,29.13,28.19,29.13
14/07/2023,2023-07-14,28.60,27.90,28.58,,28.44,28.13,26.86,28.75
15/07/2023,2023-07-15,27.75,26.68,26.06,,25.11,26.67,26.80,28.75
16/07/2023,2023-07-16,27.75,25.68,26.06,,25.11,26.67,25.00,25.00
17/07/2023,2023-07-17,27.75,26.56,25.76,,25.49,27.27,25.31,25.02
18/07/2023,2023-07-18,26.00,27.24,27.75,26.00,26.15,25.94,25.74,27.90
19/07/2023,2023-07-19,26.00,29.44,29.25,,29.85,27.88,27.08,29.63
20/07/2023,2023-07-20,28.50,28.87,29.75,28.50,30.01,29.02,27.61,29.00
21/07/2023,2023-07-21,29.89,29.24,29.55,28.50,29.00,28.69,29.62,29.00
22/07/2023,2023-07-22,30.00,29.46,28.52,,28.13,29.60,29.78,29.00
23/07/2023,2023-07-23,30.00,28.25,28.52,,28.13,29.60,27.44,29.00
24/07/2023,2023-07-24,29.50,29.36,29.05,,28.77,29.76,27.87,29.00
25/07/2023,2023-07-25,29.50,29.99,29.50,29.50,29.75,29.72,29.87,29.00
26/07/2023,2023-07-26,31.13,31.84,32.38,31.51,32.14,32.04,30.30,29.00
27/07/2023,2023-07-27,30.70,29.98,30.00,30.70,28.59,30.35,30.13,29.00
28/07/2023,2023-07-28,29.00,28.20,28.24,29.00,27.65,28.38,27.11,27.58
29/07/2023,2023-07-29,29.00,25.43,25.21,,24.99,25.53,25.85,27.58
30/07/2023,2023-07-30,29.00,25.62,25.21,,24.99,25.53,24.78,27.58
31/07/2023,2023-07-31,29.00,25.67,25.37,,25.13,25.83,24.18,26.85
01/08/2023,2023-08-01,28.50,27.71,26.89,,26.74,26.55,27.30,28.00
02/08/2023,2023-08-02,28.50,27.37,26.58,,26.42,27.55,27.42,28.00
03/08/2023,2023-08-03,30.34,27.67,27.36,,27.24,27.24,28.12,28.00
04/08/2023,2023-08-04,29.54,29.01,29.86,,29.67,29.12,28.79,28.00
05/08/2023,2023-08-05,29.54,28.29,28.41,,28.21,28.04,28.67,28.00
06/08/2023,2023-08-06,29.54,28.26,28.41,,28.21,28.04,28.00,28.00
07/08/2023,2023-08-07,29.54,28.59,28.18,,28.19,28.16,29.50,28.00
08/08/2023,2023-08-08,31.00,29.46,29.58,,29.46,29.13,29.86,28.00
09/08/2023,2023-08-09,31.00,30.72,30.26,,29.94,29.67,29.86,34.00
10/08/2023,2023-08-10,31.00,36.47,38.69,,38.54,35.75,38.14,36.21
11/08/2023,2023-08-11,31.00,36.74,36.74,,36.54,37.45,36.75,36.21
12/08/2023,2023-08-12,31.00,34.22,31.59,,31.22,34.36,34.70,36.21
13/08/2023,2023-08-13,31.00,34.15,31.59,,31.22,34.36,34.70,36.21
14/08/2023,2023-08-14,32.50,33.85,32.20,,32.03,34.57,34.00,36.21
15/08/2023,2023-08-15,32.50,33.49,31.90,,31.87,33.08,33.86,36.21
16/08/2023,2023-08-16,32.50,35.71,36.01,,35.81,35.49,33.86,37.00
17/08/2023,2023-08-17,37.00,36.37,37.13,,36.87,36.37,37.53,37.25
18/08/2023,2023-08-18,36.00,36.20,36.09,36.00,35.55,36.52,34.50,37.25
19/08/2023,2023-08-19,35.00,35.23,34.34,,33.99,34.37,34.61,37.25
20/08/2023,2023-08-20,35.00,35.61,34.34,,33.99,34.37,34.61,37.25
21/08/2023,2023-08-21,35.00,38.73,35.54,,35.14,35.24,39.82,37.25
22/08/2023,2023-08-22,35.00,41.74,40.23,,40.00,39.52,41.66,37.25
23/08/2023,2023-08-23,35.00,41.73,44.12,,43.93,42.87,38.92,37.25
24/08/2023,2023-08-24,32.00,38.17,37.01,,36.80,39.34,35.10,37.25
25/08/2023,2023-08-25,32.00,33.52,31.71,,31.51,32.69,31.83,37.25
26/08/2023,2023-08-26,32.00,34.86,34.83,,34.63,33.81,33.01,37.25
27/08/2023,2023-08-27,32.00,34.67,34.83,,34.63,33.81,33.01,37.25
28/08/2023,2023-08-28,32.00,35.02,34.83,,34.63,33.81,35.45,37.25
29/08/2023,2023-08-29,32.00,35.95,35.37,,34.97,34.19,35.45,37.25
30/08/2023,2023-08-30,36.67,36.42,36.00,36.67,35.63,36.47,36.30,37.25
31/08/2023,2023-08-31,36.32,36.80,36.83,36.32,36.69,35.54,35.04,37.00
01/09/2023,2023-09-01,34.50,35.07,34.58,,34.48,35.94,35.55,35.50
02/09/2023,2023-09-02,34.50,33.82,33.87,,33.64,33.02,31.73,34.00
03/09/2023,2023-09-03,34.50,33.28,33.87,,33.64,33.02,32.42,34.00
04/09/2023,2023-09-04,34.50,33.79,33.89,,33.78,33.50,32.53,34.00
05/09/2023,2023-09-05,33.00,34.07,33.00,33.00,33.04,33.79,33.07,34.00
06/09/2023,2023-09-06,34.50,33.87,34.70,,34.58,33.81,32.56,34.00
07/09/2023,2023-09-07,33.30,32.56,32.18,33.75,31.67,33.30,31.75,32.10
08/09/2023,2023-09-08,31.85,32.09,32.49,31.40,31.78,31.20,29.90,32.10
09/09/2023,2023-09-09,34.00,34.39,34.12,,34.29,33.98,35.53,32.10
10/09/2023,2023-09-10,34.00,34.69,34.12,,34.29,33.98,36.48,32.10
11/09/2023,2023-09-11,34.00,36.65,34.16,,34.09,34.33,36.59,32.10
12/09/2023,2023-09-12,36.88,36.63,36.55,36.83,36.96,37.04,35.73,32.10
13/09/2023,2023-09-13,35.94,35.65,35.79,35.83,35.19,35.64,34.66,32.10
14/09/2023,2023-09-14,35.91,36.41,35.50,35.55,36.89,35.63,34.74,32.10
15/09/2023,2023-09-15,36.45,36.03,36.50,36.45,36.10,36.32,35.13,32.10
16/09/2023,2023-09-16,36.45,35.80,36.82,,36.76,35.15,35.60,32.10
17/09/2023,2023-09-17,36.45,35.97,36.82,,36.76,35.15,37.73,32.10
18/09/2023,2023-09-18,38.00,36.66,36.91,,36.81,35.33,36.30,36.00
19/09/2023,2023-09-19,34.75,35.50,34.64,34.70,35.64,35.32,34.48,36.83
20/09/2023,2023-09-20,38.50,36.01,37.74,,37.70,35.44,34.25,37.00
21/09/2023,2023-09-21,36.54,37.38,36.49,36.54,37.67,37.45,36.05,37.50
22/09/2023,2023-09-22,37.87,38.37,37.88,37.87,38.76,37.76,36.18,37.50
23/09/2023,2023-09-23,37.87,39.92,40.73,,40.56,39.87,40.50,37.50
24/09/2023,2023-09-24,37.87,39.91,40.73,,40.56,39.87,40.50,37.50
25/09/2023,2023-09-25,45.50,41.99,40.88,,40.75,40.09,42.98,44.00
26/09/2023,2023-09-26,41.50,43.19,44.92,,44.81,43.90,40.95,44.00
27/09/2023,2023-09-27,39.50,40.77,40.17,,40.03,41.41,39.88,44.00
28/09/2023,2023-09-28,39.95,40.08,38.70,38.80,39.52,39.08,38.43,40.00
29/09/2023,2023-09-29,39.95,40.15,39.56,,39.93,40.72,39.41,40.00
30/09/2023,2023-09-30,39.95,38.90,38.28,,37.88,38.59,38.34,40.00
01/10/2023,2023-10-01,39.95,38.94,38.28,,37.88,38.59,38.34,40.00
02/10/2023,2023-10-02,39.95,38.96,38.91,,38.73,38.53,36.44,37.50
03/10/2023,2023-10-03,39.95,36.33,36.63,,36.46,37.56,35.34,37.50
04/10/2023,2023-10-04,39.95,34.07,33.46,,33.32,32.93,32.74,37.50
05/10/2023,2023-10-05,39.95,34.62,35.11,,34.95,34.33,33.44,37.50
06/10/2023,2023-10-06,39.95,34.18,34.57,,34.36,34.26,33.17,36.50
07/10/2023,2023-10-07,39.95,34.65,34.25,,34.08,33.93,34.12,36.50
08/10/2023,2023-10-08,39.95,34.97,34.25,,34.08,33.93,37.16,36.50
09/10/2023,2023-10-09,39.95,38.56,35.32,,35.18,34.48,38.39,36.50
10/10/2023,2023-10-10,39.95,41.61,41.73,,41.38,40.15,41.12,36.50
11/10/2023,2023-10-11,45.00,45.43,46.91,,46.60,45.70,45.02,36.50
12/10/2023,2023-10-12,45.17,45.74,44.00,44.00,44.55,45.77,44.81,36.50
13/10/2023,2023-10-13,46.20,48.35,47.92,46.20,48.49,47.05,50.89,36.50
14/10/2023,2023-10-14,46.20,49.99,51.52,,51.30,51.03,51.69,36.50
15/10/2023,2023-10-15,46.20,50.20,51.52,,51.30,51.03,51.69,36.50
16/10/2023,2023-10-16,46.20,51.16,52.11,,52.01,51.65,47.72,36.50
17/10/2023,2023-10-17,46.20,46.04,45.38,,45.14,47.67,43.53,43.00
18/10/2023,2023-10-18,42.50,42.78,42.50,42.50,41.56,42.20,42.44,43.00
19/10/2023,2023-10-19,42.54,42.60,42.48,42.54,42.96,42.84,43.17,43.00
20/10/2023,2023-10-20,41.00,41.69,39.49,41.00,40.59,40.84,41.67,43.00
21/10/2023,2023-10-21,41.00,43.24,43.17,,42.98,42.98,49.00,43.00
22/10/2023,2023-10-22,41.00,43.60,43.17,,42.98,42.98,49.00,43.00
23/10/2023,2023-10-23,35.68,44.97,44.64,,44.04,43.20,45.83,43.00
24/10/2023,2023-10-24,40.35,46.00,45.74,,45.44,45.58,46.01,43.00
25/10/2023,2023-10-25,43.81,46.13,45.82,,45.47,46.30,46.22,43.00
26/10/2023,2023-10-26,41.62,46.16,46.09,,45.90,46.15,45.80,43.00
27/10/2023,2023-10-27,41.86,45.16,45.22,,45.02,45.58,45.68,43.00
28/10/2023,2023-10-28,41.86,44.56,44.20,,43.95,43.96,47.06,43.00
29/10/2023,2023-10-29,41.86,44.71,44.20,,43.95,43.96,48.50,43.00
30/10/2023,2023-10-30,42.51,45.69,44.78,,44.40,45.05,47.06,43.00
31/10/2023,2023-10-31,38.00,45.36,46.11,,45.89,46.79,43.78,43.00
01/11/2023,2023-11-01,39.15,39.08,39.18,39.15,36.45,40.27,38.55,43.00
02/11/2023,2023-11-02,31.20,34.90,35.27,,35.18,35.50,35.98,43.00
03/11/2023,2023-11-03,33.27,35.24,34.59,,34.33,34.28,35.07,34.50
04/11/2023,2023-11-04,33.27,36.04,35.20,,34.79,35.58,36.61,35.00
05/11/2023,2023-11-05,33.27,36.38,35.20,,34.79,35.58,38.00,35.00
06/11/2023,2023-11-06,36.68,36.78,35.86,,35.45,36.12,37.66,35.00
07/11/2023,2023-11-07,36.68,39.92,39.45,,39.25,38.54,40.55,35.00
08/11/2023,2023-11-08,39.06,40.91,40.61,,40.40,40.99,40.86,35.00
09/11/2023,2023-11-09,35.60,39.13,39.21,,38.98,40.08,38.20,35.00
10/11/2023,2023-11-10,35.60,36.90,36.15,,35.98,37.79,34.64,35.00
11/11/2023,2023-11-11,35.60,34.92,35.47,,35.01,34.91,32.86,35.00
12/11/2023,2023-11-12,35.60,33.37,35.47,,35.01,34.91,31.00,35.00
13/11/2023,2023-11-13,35.60,33.24,36.95,,36.47,35.58,31.48,31.00
14/11/2023,2023-11-14,31.81,32.02,30.25,,30.04,30.94,31.51,31.00
15/11/2023,2023-11-15,39.31,37.85,38.09,,37.83,36.59,39.73,31.00
16/11/2023,2023-11-16,39.84,40.52,40.40,,40.17,40.26,40.66,31.00
17/11/2023,2023-11-17,39.84,39.94,40.02,,39.77,40.69,39.82,39.17
18/11/2023,2023-11-18,39.84,37.79,37.11,,36.87,37.30,37.44,38.50
19/11/2023,2023-11-19,39.84,37.60,37.11,,36.87,37.30,37.44,38.50
20/11/2023,2023-11-20,39.84,38.20,38.48,,38.33,38.26,37.55,38.50
21/11/2023,2023-11-21,42.00,39.79,40.33,,40.13,39.84,39.12,38.50
22/11/2023,2023-11-22,39.80,39.56,38.31,,38.05,39.30,39.56,38.50
23/11/2023,2023-11-23,39.83,40.06,39.50,,39.29,39.71,39.84,38.50
24/11/2023,2023-11-24,39.83,42.11,41.46,,41.30,41.20,43.05,38.50
25/11/2023,2023-11-25,39.83,42.35,42.60,,42.42,42.70,43.34,38.50
26/11/2023,2023-11-26,39.83,43.04,42.60,,42.42,42.70,44.50,38.50
27/11/2023,2023-11-27,39.83,42.80,43.01,,42.81,42.80,41.40,41.75
28/11/2023,2023-11-28,40.00,41.41,41.34,,41.16,41.56,41.03,41.75
29/11/2023,2023-11-29,38.53,40.00,40.76,,40.58,40.42,38.77,40.00
30/11/2023,2023-11-30,39.00,38.34,37.89,39.00,37.13,38.16,38.03,40.00
01/12/2023,2023-12-01,39.00,39.22,38.42,,38.12,37.90,38.80,40.00
02/12/2023,2023-12-02,39.00,40.53,41.08,,40.93,40.14,42.50,40.00
03/12/2023,2023-12-03,39.00,40.71,41.08,,40.93,40.14,42.01,40.00
04/12/2023,2023-12-04,38.70,40.65,41.14,,41.13,40.19,38.78,40.00
05/12/2023,2023-12-05,38.70,39.07,38.05,,37.87,39.12,37.95,40.00
06/12/2023,2023-12-06,38.70,37.20,36.58,,36.42,37.18,36.44,40.00
07/12/2023,2023-12-07,38.70,37.48,36.27,,36.17,36.76,36.79,40.00
08/12/2023,2023-12-08,38.70,37.44,37.67,,37.50,37.44,37.49,40.00
09/12/2023,2023-12-09,38.70,36.04,37.28,,37.10,36.87,37.65,40.00
10/12/2023,2023-12-10,38.70,36.44,37.28,,37.10,36.87,36.02,40.00
11/12/2023,2023-12-11,38.70,36.27,37.09,,36.90,36.62,33.99,34.43
12/12/2023,2023-12-12,38.70,33.88,33.72,,33.56,34.07,34.00,33.50
13/12/2023,2023-12-13,38.70,32.69,32.26,,32.07,32.64,32.91,32.84
14/12/2023,2023-12-14,32.50,32.72,33.10,,32.87,32.74,32.30,32.71
15/12/2023,2023-12-15,32.50,32.09,32.06,,31.78,32.31,31.78,31.88
16/12/2023,2023-12-16,32.50,31.92,30.83,,30.68,30.74,30.80,31.88
17/12/2023,2023-12-17,32.50,32.54,30.83,,30.68,30.74,34.40,31.88
18/12/2023,2023-12-18,32.50,33.53,31.23,,31.06,30.90,31.37,31.88
19/12/2023,2023-12-19,31.40,32.48,34.18,,33.94,32.73,31.49,31.00
20/12/2023,2023-12-20,32.80,31.30,31.00,,30.81,31.14,31.03,31.20
21/12/2023,2023-12-21,32.80,31.78,31.67,,31.50,31.52,31.53,31.20
22/12/2023,2023-12-22,32.80,32.01,31.47,,31.31,32.18,31.34,31.20
23/12/2023,2023-12-23,32.80,31.42,32.59,,32.91,30.65,33.45,31.20
24/12/2023,2023-12-24,32.80,31.61,32.59,,32.91,30.65,31.50,31.20
25/12/2023,2023-12-25,32.80,33.22,32.59,,32.91,30.65,34.45,31.20
26/12/2023,2023-12-26,32.80,34.04,32.59,,32.91,30.65,35.00,31.20
27/12/2023,2023-12-27,34.19,33.91,32.45,,32.30,30.83,34.85,31.20
28/12/2023,2023-12-28,30.76,33.93,33.41,,33.26,34.32,32.52,31.20
29/12/2023,2023-12-29,30.74,32.23,31.53,,31.35,31.92,31.61,31.20
30/12/2023,2023-12-30,30.74,31.42,31.90,,31.58,31.42,30.21,31.20
31/12/2023,2023-12-31,30.74,31.08,31.90,,31.58,31.42,29.75,31.20
01/01/2024,2024-01-01,30.74,31.40,31.90,31.90,31.58,31.42,30.95,31.20
02/01/2024,2024-01-02,30.74,32.02,31.92,31.92,31.62,31.86,30.33,31.00
03/01/2024,2024-01-03,30.64,30.95,30.41,30.41,30.11,30.75,30.49,31.00
04/01/2024,2024-01-04,31.64,31.97,32.99,32.99,32.82,31.59,30.95,31.00
05/01/2024,2024-01-05,31.64,32.83,32.95,32.95,32.77,32.40,33.10,31.40
06/01/2024,2024-01-06,31.64,33.68,34.77,34.77,34.60,33.61,33.91,33.00
07/01/2024,2024-01-07,31.64,34.81,34.77,34.77,34.60,33.61,34.40,33.00
08/01/2024,2024-01-08,36.00,34.66,35.14,35.14,34.98,33.88,32.35,33.00
09/01/2024,2024-01-09,34.13,31.98,32.78,33.08,32.37,32.11,31.09,33.00
10/01/2024,2024-01-10,34.22,31.05,32.35,32.35,31.24,31.16,29.99,30.60
11/01/2024,2024-01-11,33.05,30.68,32.08,32.08,30.85,30.68,29.72,29.15
12/01/2024,2024-01-12,30.97,30.42,30.68,30.97,30.43,30.31,29.71,29.25
13/01/2024,2024-01-13,30.97,31.42,31.59,31.59,30.90,30.54,30.90,30.25
14/01/2024,2024-01-14,30.97,31.18,31.59,31.59,30.90,30.54,32.00,30.25
15/01/2024,2024-01-15,32.81,30.64,31.34,31.34,30.78,30.55,29.62,30.25
16/01/2024,2024-01-16,32.19,29.30,30.05,29.69,29.47,29.42,28.84,28.70
17/01/2024,2024-01-17,29.38,28.07,28.67,29.38,28.51,28.69,28.00,28.90
18/01/2024,2024-01-18,28.56,27.12,26.18,27.90,26.55,27.06,26.75,28.90
19/01/2024,2024-01-19,26.69,27.54,27.49,26.69,27.46,27.11,26.79,28.90
20/01/2024,2024-01-20,27.12,27.76,27.91,27.12,28.23,27.90,26.83,28.90
21/01/2024,2024-01-21,27.12,27.67,27.91,27.12,28.23,27.90,26.83,28.90
22/01/2024,2024-01-22,27.11,27.72,28.01,26.82,28.03,27.71,26.08,26.43
23/01/2024,2024-01-23,26.73,26.91,27.82,26.25,27.48,26.68,26.08,26.50
24/01/2024,2024-01-24,27.95,26.77,26.97,26.98,26.92,26.91,26.19,26.50
25/01/2024,2024-01-25,29.00,27.85,27.40,27.40,27.94,27.52,26.77,27.13
26/01/2024,2024-01-26,26.89,27.06,26.31,27.01,26.58,27.20,26.80,27.50
27/01/2024,2024-01-27,26.31,26.84,26.80,26.31,26.87,26.73,26.11,27.50
28/01/2024,2024-01-28,26.31,26.85,26.80,26.31,26.87,26.73,27.00,27.50
29/01/2024,2024-01-29,27.74,27.45,27.00,26.35,27.07,26.84,27.30,27.50
30/01/2024,2024-01-30,28.33,27.84,27.11,27.64,27.41,27.84,27.95,28.03
31/01/2024,2024-01-31,30.02,28.81,28.49,28.10,28.71,28.18,28.29,28.33
01/02/2024,2024-02-01,28.85,28.94,28.82,28.82,28.91,29.15,28.30,29.00
02/02/2024,2024-02-02,28.23,28.08,27.84,28.23,27.63,28.11,28.00,27.30
03/02/2024,2024-02-03,27.50,28.23,28.32,27.50,28.46,27.97,27.77,27.30
04/02/2024,2024-02-04,27.50,28.61,28.32,27.50,28.46,27.97,29.13,27.30
05/02/2024,2024-02-05,27.47,29.03,28.37,27.47,28.46,28.03,27.48,27.62
06/02/2024,2024-02-06,27.99,27.93,27.40,27.84,27.68,27.97,27.39,27.50
07/02/2024,2024-02-07,27.57,27.61,27.81,27.53,27.56,27.66,27.03,27.45
08/02/2024,2024-02-08,26.94,27.29,26.99,26.99,27.27,27.41,26.90,27.45
09/02/2024,2024-02-09,26.91,27.02,26.73,26.91,26.86,27.01,26.26,27.45
10/02/2024,2024-02-10,26.36,26.27,26.35,26.36,26.54,26.52,25.99,27.45
11/02/2024,2024-02-11,26.36,26.37,26.35,26.36,26.54,26.52,25.44,27.45
12/02/2024,2024-02-12,25.43,26.11,26.40,26.40,26.64,26.58,25.12,25.25
13/02/2024,2024-02-13,25.61,25.55,25.35,25.65,25.36,25.50,24.95,25.00
14/02/2024,2024-02-14,24.20,25.08,25.29,25.29,25.15,25.29,24.31,25.05
15/02/2024,2024-02-15,24.07,24.58,23.95,24.02,24.43,24.43,23.98,24.57
16/02/2024,2024-02-16,24.43,24.66,24.00,24.12,24.45,24.60,24.08,24.60
17/02/2024,2024-02-17,23.89,24.50,24.54,23.89,24.83,24.50,24.10,24.50
18/02/2024,2024-02-18,23.89,24.47,24.54,23.89,24.83,24.50,24.01,24.50
19/02/2024,2024-02-19,23.69,24.01,24.77,23.91,24.98,24.48,23.51,24.50
20/02/2024,2024-02-20,24.18,23.67,23.15,23.15,23.30,23.52,23.06,24.50
21/02/2024,2024-02-21,23.80,23.70,24.05,23.60,23.86,23.56,23.02,24.50
22/02/2024,2024-02-22,23.64,23.53,24.09,24.04,23.78,23.66,22.92,24.50
23/02/2024,2024-02-23,23.17,22.93,23.11,23.78,22.91,23.24,22.41,24.50
24/02/2024,2024-02-24,22.62,22.64,22.78,22.80,22.73,22.37,21.98,24.50
25/02/2024,2024-02-25,22.68,23.07,22.78,22.80,22.73,22.37,23.11,24.50
26/02/2024,2024-02-26,22.92,23.21,22.73,22.86,22.73,22.42,22.64,24.50
27/02/2024,2024-02-27,24.24,23.66,24.36,23.33,23.99,23.43,22.32,24.50
28/02/2024,2024-02-28,24.12,24.39,24.49,23.83,24.40,23.69,22.87,25.00
29/02/2024,2024-02-29,25.03,24.64,24.90,25.43,25.06,24.95,23.92,25.00
01/03/2024,2024-03-01,24.65,24.65,24.45,24.48,24.45,24.52,23.59,24.90
02/03/2024,2024-03-02,24.55,24.90,25.17,24.55,25.16,25.01,24.75,24.66
03/03/2024,2024-03-03,24.55,24.97,25.17,24.55,25.16,25.01,24.70,24.66
04/03/2024,2024-03-04,24.76,25.20,25.37,24.73,25.25,25.08,23.61,25.78
05/03/2024,2024-03-05,26.06,26.34,26.48,25.01,26.52,25.57,24.58,26.42
06/03/2024,2024-03-06,27.56,27.36,27.37,27.37,27.29,27.50,26.70,27.00
07/03/2024,2024-03-07,27.36,26.81,25.81,27.76,26.01,27.15,26.06,27.00
08/03/2024,2024-03-08,26.05,26.10,25.63,25.95,25.81,26.05,25.35,26.00
09/03/2024,2024-03-09,25.97,26.48,26.03,25.97,26.27,26.15,25.26,26.00
10/03/2024,2024-03-10,25.97,26.58,26.03,25.97,26.27,26.15,25.26,26.00
11/03/2024,2024-03-11,25.97,26.23,26.06,25.98,26.19,26.13,24.46,26.00
12/03/2024,2024-03-12,24.68,25.11,25.31,25.61,24.92,25.26,24.63,26.00
13/03/2024,2024-03-13,24.66,24.93,24.63,24.54,24.76,24.66,24.08,26.00
14/03/2024,2024-03-14,25.20,25.06,24.90,24.83,24.84,24.85,24.33,25.72
15/03/2024,2024-03-15,25.42,25.69,25.74,25.07,25.71,25.26,24.61,26.18
16/03/2024,2024-03-16,26.59,26.93,26.51,26.59,27.08,26.69,26.26,26.89
17/03/2024,2024-03-17,26.59,27.23,26.51,26.59,27.08,26.69,26.26,27.17
18/03/2024,2024-03-18,28.15,28.15,26.23,26.40,27.05,26.78,28.00,28.50
19/03/2024,2024-03-19,28.54,28.66,28.38,28.23,28.65,28.68,27.96,28.50
20/03/2024,2024-03-20,28.25,28.58,28.42,28.40,28.75,28.68,27.88,28.50
21/03/2024,2024-03-21,27.45,27.83,27.47,27.92,27.89,28.19,26.91,28.50
22/03/2024,2024-03-22,27.09,27.13,26.43,27.20,26.38,26.86,26.41,27.00
23/03/2024,2024-03-23,27.06,27.26,27.15,27.06,27.41,27.17,26.25,27.00
24/03/2024,2024-03-24,27.06,26.98,27.15,27.06,27.41,27.17,26.25,27.00
25/03/2024,2024-03-25,28.26,27.65,27.15,27.09,27.70,27.26,27.71,27.00
26/03/2024,2024-03-26,28.29,28.10,28.50,28.38,28.16,28.34,27.19,27.00
27/03/2024,2024-03-27,27.74,27.61,27.46,27.68,27.12,27.37,26.51,27.00
28/03/2024,2024-03-28,27.71,27.58,27.72,27.66,27.58,27.35,26.57,27.00
29/03/2024,2024-03-29,27.81,27.59,27.85,27.75,26.94,27.17,26.57,27.00
30/03/2024,2024-03-30,27.75,27.77,27.85,27.75,26.94,27.17,28.50,27.00
31/03/2024,2024-03-31,27.75,28.00,27.85,27.75,26.94,27.17,28.55,27.00
01/04/2024,2024-04-01,27.49,29.45,27.85,27.75,26.94,27.17,29.52,27.00
02/04/2024,2024-04-02,27.65,28.75,27.40,27.40,27.23,27.32,26.37,28.03
03/04/2024,2024-04-03,26.86,26.86,26.85,27.31,26.80,27.02,25.99,27.54
04/04/2024,2024-04-04,26.31,26.22,26.05,26.08,26.00,26.04,25.20,26.97
05/04/2024,2024-04-05,25.72,26.35,26.11,26.30,26.33,26.39,25.86,27.00
06/04/2024,2024-04-06,26.42,26.77,26.86,26.42,26.98,26.62,26.17,27.00
07/04/2024,2024-04-07,26.42,26.87,26.86,26.42,26.98,26.62,26.17,27.00
08/04/2024,2024-04-08,26.70,26.95,26.88,26.45,27.08,26.69,26.41,27.91
09/04/2024,2024-04-09,27.23,27.75,27.65,26.77,27.86,27.32,27.08,28.44
10/04/2024,2024-04-10,27.97,28.41,27.49,27.75,27.61,28.07,27.25,28.71
11/04/2024,2024-04-11,28.64,28.40,27.90,27.47,27.87,27.82,27.56,28.80
12/04/2024,2024-04-12,29.79,29.74,29.60,29.15,29.62,29.26,29.29,29.50
13/04/2024,2024-04-13,29.86,29.93,29.78,29.86,29.69,30.01,29.61,29.50
14/04/2024,2024-04-14,29.86,29.92,29.78,29.86,29.69,30.01,29.00,29.50
15/04/2024,2024-04-15,30.07,30.35,30.00,30.10,30.14,30.16,29.84,29.50
16/04/2024,2024-04-16,31.10,31.36,31.20,30.24,31.05,30.73,30.29,34.00
17/04/2024,2024-04-17,32.20,32.53,32.77,32.24,33.05,32.74,32.02,32.87
18/04/2024,2024-04-18,31.86,31.37,30.55,31.46,30.70,31.38,31.72,32.16
19/04/2024,2024-04-19,31.66,31.85,32.03,31.32,32.18,31.80,30.74,31.80
20/04/2024,2024-04-20,30.93,30.74,30.43,30.93,29.70,30.57,30.57,31.14
21/04/2024,2024-04-21,30.93,30.58,30.43,30.93,29.70,30.57,30.08,31.14
22/04/2024,2024-04-22,30.22,30.33,30.43,30.86,29.98,30.46,29.27,30.31
23/04/2024,2024-04-23,29.21,29.46,29.25,29.68,29.15,29.52,28.68,30.11
24/04/2024,2024-04-24,28.97,29.02,28.63,29.14,28.65,28.84,28.17,29.45
25/04/2024,2024-04-25,28.78,29.82,29.62,28.57,29.43,28.99,28.46,30.49
26/04/2024,2024-04-26,29.94,29.90,30.41,30.41,30.27,30.01,29.05,30.62
27/04/2024,2024-04-27,29.53,29.64,29.00,29.53,29.18,29.47,28.89,30.39
28/04/2024,2024-04-28,29.53,29.63,29.00,29.53,29.18,29.47,29.40,30.50
29/04/2024,2024-04-29,28.70,29.43,29.19,29.40,29.19,29.46,28.07,29.95
30/04/2024,2024-04-30,28.70,28.62,28.13,28.34,28.26,28.37,27.79,29.56
01/05/2024,2024-05-01,28.92,29.17,29.66,28.92,29.52,29.30,28.52,30.00
02/05/2024,2024-05-02,29.29,29.47,28.95,28.56,29.12,29.15,29.52,30.00
03/05/2024,2024-05-03,30.36,30.55,30.79,30.20,30.56,30.48,29.89,31.70
04/05/2024,2024-05-04,30.72,30.21,29.96,30.72,29.56,30.26,30.39,31.75
05/05/2024,2024-05-05,30.62,30.12,29.96,30.72,29.56,30.26,29.74,31.75
06/05/2024,2024-05-06,31.01,30.63,29.96,30.72,29.56,30.26,30.77,32.00
07/05/2024,2024-05-07,31.50,30.88,29.63,29.63,30.00,29.92,30.82,31.75
08/05/2024,2024-05-08,30.52,31.00,30.48,31.05,30.72,31.14,30.84,31.24
09/05/2024,2024-05-09,30.46,30.54,30.05,30.39,30.25,30.43,30.16,31.27
10/05/2024,2024-05-10,30.83,30.85,30.58,30.69,30.77,30.87,30.08,31.94
11/05/2024,2024-05-11,30.87,30.02,29.60,30.87,29.27,29.82,29.72,32.00
12/05/2024,2024-05-12,30.87,29.96,29.60,30.87,29.27,29.82,29.72,32.00
13/05/2024,2024-05-13,29.83,29.98,29.54,30.97,29.78,30.18,29.05,30.25
14/05/2024,2024-05-14,29.64,29.60,29.21,29.51,29.23,29.52,29.15,30.15
15/05/2024,2024-05-15,30.03,29.87,29.55,29.45,29.81,29.75,29.28,30.15
16/05/2024,2024-05-16,30.31,30.16,30.00,30.21,29.85,30.02,29.85,31.00
17/05/2024,2024-05-17,30.95,30.93,30.66,30.60,30.81,30.49,29.83,30.92
18/05/2024,2024-05-18,31.13,30.98,30.94,31.13,30.91,30.84,30.17,31.75
19/05/2024,2024-05-19,31.13,31.12,30.94,31.13,30.91,30.84,31.50,31.75
20/05/2024,2024-05-20,31.03,31.39,31.06,30.96,30.90,30.89,31.06,32.75
21/05/2024,2024-05-21,31.48,32.27,32.45,32.42,32.35,32.13,31.35,33.05
22/05/2024,2024-05-22,33.23,33.21,33.50,32.70,33.46,32.73,32.59,34.50
23/05/2024,2024-05-23,34.92,34.61,35.12,33.77,35.13,34.36,33.99,34.50
24/05/2024,2024-05-24,35.55,35.42,35.94,35.21,35.88,35.70,34.31,35.75
25/05/2024,2024-05-25,34.58,34.72,34.50,34.58,34.75,34.64,34.01,35.75
26/05/2024,2024-05-26,34.58,34.51,34.50,34.58,34.75,34.64,34.01,35.75
27/05/2024,2024-05-27,34.74,34.70,34.50,34.58,34.75,34.64,34.27,35.50
28/05/2024,2024-05-28,35.16,34.57,34.50,34.58,34.54,34.53,33.51,35.50
29/05/2024,2024-05-29,34.44,34.42,33.93,34.38,34.22,34.35,33.31,35.50
30/05/2024,2024-05-30,34.23,34.32,34.15,34.19,34.35,34.22,33.74,35.50
31/05/2024,2024-05-31,35.03,34.89,34.78,34.78,35.34,34.84,34.78,35.50
01/06/2024,2024-06-01,35.02,34.57,33.48,35.02,34.47,34.98,34.39,35.50
02/06/2024,2024-06-02,35.02,34.68,33.48,35.02,34.47,34.98,33.65,35.50
03/06/2024,2024-06-03,35.67,35.90,33.88,35.00,34.45,35.05,37.24,35.50
04/06/2024,2024-06-04,36.34,36.55,36.46,36.83,36.47,36.91,35.19,36.00
05/06/2024,2024-06-05,35.04,35.26,34.38,35.39,34.80,35.39,34.17,35.61
06/06/2024,2024-06-06,34.18,34.21,34.25,34.18,34.04,34.19,33.56,35.14
07/06/2024,2024-06-07,33.72,33.85,34.04,34.04,33.96,33.99,32.78,34.60
08/06/2024,2024-06-08,33.20,33.73,33.20,33.20,33.41,33.29,33.00,34.00
09/06/2024,2024-06-09,33.20,33.49,33.20,33.20,33.41,33.29,33.44,34.00
10/06/2024,2024-06-10,33.42,33.54,33.15,33.20,33.48,33.45,32.65,34.00
11/06/2024,2024-06-11,35.04,34.05,35.24,35.24,35.02,33.79,33.28,35.25
12/06/2024,2024-06-12,34.56,34.86,34.49,34.60,34.55,34.83,34.70,35.25
13/06/2024,2024-06-13,35.17,35.48,34.34,34.87,35.26,35.31,35.51,37.00
14/06/2024,2024-06-14,35.52,35.91,35.80,35.80,35.75,36.17,35.04,36.50
15/06/2024,2024-06-15,34.93,34.72,34.37,34.93,34.75,34.87,34.32,36.00
16/06/2024,2024-06-16,34.93,34.66,34.37,34.93,34.75,34.87,34.32,36.00
17/06/2024,2024-06-17,35.55,34.94,34.65,34.90,35.25,35.17,33.98,35.50
18/06/2024,2024-06-18,34.75,34.44,34.18,34.69,34.09,34.43,33.97,35.50
19/06/2024,2024-06-19,34.76,34.69,33.89,34.46,34.22,34.45,34.11,36.50
20/06/2024,2024-06-20,34.38,35.59,35.46,34.76,35.38,35.15,34.60,36.46
21/06/2024,2024-06-21,35.15,34.85,35.03,35.28,34.49,35.09,34.28,36.14
22/06/2024,2024-06-22,34.48,34.06,33.71,34.48,33.49,33.82,33.50,36.14
23/06/2024,2024-06-23,34.48,34.02,33.71,34.48,33.49,33.82,33.50,36.14
24/06/2024,2024-06-24,34.03,34.07,33.83,34.43,33.70,34.05,33.61,34.50
25/06/2024,2024-06-25,33.79,34.48,34.35,33.78,34.25,34.12,33.89,35.28
26/06/2024,2024-06-26,34.25,35.13,34.55,34.61,35.31,34.86,34.15,35.48
27/06/2024,2024-06-27,33.98,34.68,34.30,35.20,34.37,34.80,34.07,35.37
28/06/2024,2024-06-28,34.18,34.40,34.25,34.35,34.39,34.40,33.50,35.39
29/06/2024,2024-06-29,34.01,34.11,33.93,34.01,34.14,34.02,33.34,35.39
30/06/2024,2024-06-30,34.01,34.36,33.93,34.01,34.14,34.02,33.34,35.39
01/07/2024,2024-07-01,34.09,34.15,33.88,34.03,34.21,34.09,33.72,34.85
02/07/2024,2024-07-02,33.92,33.78,33.18,34.18,33.33,33.98,33.33,34.85
03/07/2024,2024-07-03,33.00,33.29,32.89,33.11,33.33,33.34,32.68,33.17
04/07/2024,2024-07-04,32.64,32.81,32.29,32.57,32.49,32.69,32.23,33.50
05/07/2024,2024-07-05,32.71,32.91,32.60,32.47,32.95,32.78,32.36,34.00
06/07/2024,2024-07-06,33.12,32.71,32.54,33.12,32.42,32.69,32.35,34.00
07/07/2024,2024-07-07,33.12,32.64,32.54,33.12,32.42,32.69,32.89,34.00
08/07/2024,2024-07-08,32.95,32.59,32.77,33.00,32.56,32.78,31.92,33.05
09/07/2024,2024-07-09,32.01,32.00,31.48,32.24,31.66,32.30,31.37,32.65
10/07/2024,2024-07-10,31.14,31.22,30.45,31.09,30.69,31.10,30.33,31.57
11/07/2024,2024-07-11,30.89,30.83,30.23,31.03,30.38,30.80,30.07,31.49
12/07/2024,2024-07-12,30.42,30.76,30.42,30.40,30.58,30.52,29.92,31.38
13/07/2024,2024-07-13,30.59,31.15,30.55,30.59,31.37,31.01,30.40,31.38
14/07/2024,2024-07-14,30.59,31.23,30.55,30.59,31.37,31.01,30.40,31.38
15/07/2024,2024-07-15,30.70,31.11,30.55,30.64,31.35,31.02,30.28,31.93
16/07/2024,2024-07-16,31.79,31.63,30.83,31.11,31.07,31.07,31.10,32.26
17/07/2024,2024-07-17,32.12,32.52,32.71,31.80,32.74,32.25,31.73,33.07
18/07/2024,2024-07-18,32.61,32.38,31.93,32.53,32.11,32.41,31.67,33.05
19/07/2024,2024-07-19,32.09,32.42,32.30,32.05,32.65,32.36,31.46,32.96
20/07/2024,2024-07-20,32.12,31.76,31.67,32.12,31.75,32.00,31.17,33.09
21/07/2024,2024-07-21,32.12,31.71,31.67,32.12,31.75,32.00,30.43,33.09
22/07/2024,2024-07-22,32.19,31.85,31.65,32.18,32.02,32.14,30.79,32.25
23/07/2024,2024-07-23,31.63,31.91,31.73,31.35,31.88,31.57,30.96,32.73
24/07/2024,2024-07-24,32.58,32.17,31.75,31.78,32.04,31.81,31.25,32.39
25/07/2024,2024-07-25,32.85,32.69,32.85,32.53,33.17,32.68,31.82,32.39
26/07/2024,2024-07-26,34.04,33.01,32.47,32.75,32.20,32.58,32.09,32.39
27/07/2024,2024-07-27,32.95,32.95,32.21,32.95,32.99,32.94,32.55,32.39
28/07/2024,2024-07-28,32.95,33.07,32.21,32.95,32.99,32.94,32.55,32.39
29/07/2024,2024-07-29,35.52,35.01,32.78,32.99,33.20,33.08,34.00,32.39
30/07/2024,2024-07-30,35.69,34.72,35.75,34.47,35.57,34.76,34.22,32.39
31/07/2024,2024-07-31,36.90,35.48,35.03,34.67,35.41,35.10,35.15,32.39
01/08/2024,2024-08-01,38.59,36.87,36.44,36.52,36.39,36.34,36.10,32.39
02/08/2024,2024-08-02,37.08,37.33,37.50,37.12,37.64,37.47,36.65,37.00
03/08/2024,2024-08-03,37.09,36.90,37.11,37.09,37.22,36.95,36.38,37.00
04/08/2024,2024-08-04,37.09,36.93,37.11,37.09,37.22,36.95,36.38,37.00
05/08/2024,2024-08-05,36.58,37.29,37.74,37.10,37.58,37.32,35.45,36.75
06/08/2024,2024-08-06,36.58,36.17,35.83,36.50,36.18,36.15,35.70,36.75
07/08/2024,2024-08-07,37.30,36.46,35.98,36.78,36.01,36.42,36.24,37.00
08/08/2024,2024-08-08,36.83,38.05,37.64,36.00,37.96,37.21,37.38,37.00
09/08/2024,2024-08-09,39.72,39.32,39.08,38.81,39.96,39.40,38.83,37.00
10/08/2024,2024-08-10,39.44,39.42,39.20,39.44,39.31,39.53,39.09,37.00
11/08/2024,2024-08-11,39.44,39.56,39.20,39.44,39.31,39.53,39.20,37.00
12/08/2024,2024-08-12,40.86,40.23,39.61,39.51,39.55,39.72,40.46,42.05
13/08/2024,2024-08-13,40.47,40.20,39.60,40.70,39.60,40.55,39.63,41.36
14/08/2024,2024-08-14,38.63,39.52,39.79,39.26,39.16,39.40,38.82,40.38
15/08/2024,2024-08-15,39.25,39.18,38.62,39.25,38.75,39.18,38.91,40.20
16/08/2024,2024-08-16,39.29,38.96,39.57,39.57,39.22,39.04,38.56,40.26
17/08/2024,2024-08-17,38.80,39.14,38.72,38.80,39.51,39.08,38.62,40.34
18/08/2024,2024-08-18,38.80,39.23,38.72,38.80,39.51,39.08,38.62,40.34
19/08/2024,2024-08-19,39.71,39.62,38.76,38.76,39.47,39.17,39.10,40.68
20/08/2024,2024-08-20,39.37,39.70,40.06,40.05,39.91,39.83,39.03,40.11
21/08/2024,2024-08-21,38.41,38.71,37.83,39.61,37.89,39.02,37.99,39.21
22/08/2024,2024-08-22,38.16,38.15,37.15,38.17,37.45,37.81,37.11,38.78
23/08/2024,2024-08-23,36.16,37.17,36.68,37.32,36.98,37.22,36.39,38.06
24/08/2024,2024-08-24,36.13,36.92,37.42,36.28,37.37,36.70,35.99,37.60
25/08/2024,2024-08-25,36.28,36.87,37.42,36.28,37.37,36.70,35.99,37.60
26/08/2024,2024-08-26,37.56,37.48,37.42,36.28,37.37,36.70,39.00,38.17
27/08/2024,2024-08-27,39.18,38.81,37.41,37.41,37.31,36.91,37.30,39.13
28/08/2024,2024-08-28,39.31,38.87,38.78,38.44,39.15,38.81,38.23,39.87
29/08/2024,2024-08-29,39.09,39.10,39.03,39.15,39.06,39.29,38.18,39.86
30/08/2024,2024-08-30,40.37,39.85,38.88,39.11,39.22,38.98,38.40,40.36
31/08/2024,2024-08-31,38.98,40.22,39.74,39.10,39.88,39.72,38.75,41.05
01/09/2024,2024-09-01,38.98,41.09,39.74,39.10,39.88,39.72,42.00,41.05
02/09/2024,2024-09-02,39.51,40.91,39.89,39.95,39.83,39.89,39.25,40.74
03/09/2024,2024-09-03,37.82,39.28,39.96,39.49,39.64,39.54,38.34,39.68
04/09/2024,2024-09-04,36.48,37.84,37.63,37.44,37.48,37.86,36.73,38.48
05/09/2024,2024-09-05,36.66,36.79,35.91,36.40,36.30,36.71,35.84,37.67
06/09/2024,2024-09-06,36.49,36.63,36.18,36.13,36.43,36.41,35.59,37.56
07/09/2024,2024-09-07,37.17,36.21,36.26,37.17,35.46,36.22,36.46,38.00
08/09/2024,2024-09-08,37.17,36.12,36.26,37.17,35.46,36.22,36.46,38.00
09/09/2024,2024-09-09,37.27,36.50,36.26,37.28,36.27,36.62,35.98,37.51
10/09/2024,2024-09-10,36.33,36.16,36.42,36.38,36.70,36.72,35.89,37.51
11/09/2024,2024-09-11,36.06,35.53,34.90,36.30,34.75,35.53,35.57,37.22
12/09/2024,2024-09-12,35.34,35.62,35.16,35.33,35.58,35.54,34.59,36.00
13/09/2024,2024-09-13,35.50,35.36,35.01,35.23,35.14,35.21,34.66,36.35
14/09/2024,2024-09-14,36.31,35.74,34.58,35.51,35.53,35.65,35.07,36.50
15/09/2024,2024-09-15,35.51,35.80,34.58,35.51,35.53,35.65,35.74,36.50
16/09/2024,2024-09-16,35.18,35.51,35.05,35.54,35.87,35.80,34.27,35.75
17/09/2024,2024-09-17,34.96,34.60,34.47,34.68,34.52,34.51,34.07,35.63
18/09/2024,2024-09-18,36.22,35.87,36.06,35.13,35.95,35.25,34.55,35.63
19/09/2024,2024-09-19,35.89,35.79,35.53,35.60,35.82,35.64,34.80,36.11
20/09/2024,2024-09-20,36.65,35.17,34.00,36.25,33.20,35.23,34.22,35.72
21/09/2024,2024-09-21,36.49,35.05,34.00,34.49,35.14,34.78,34.30,35.25
22/09/2024,2024-09-22,34.49,35.34,34.00,34.49,35.14,34.78,35.41,35.25
23/09/2024,2024-09-23,35.55,35.57,34.45,34.56,34.99,34.78,34.82,36.30
24/09/2024,2024-09-24,36.29,36.16,36.77,35.49,36.43,35.86,35.05,36.30
25/09/2024,2024-09-25,36.47,36.11,36.46,36.63,35.81,35.99,35.36,37.10
26/09/2024,2024-09-26,37.80,36.77,37.69,36.90,37.52,36.76,36.17,37.10
27/09/2024,2024-09-27,37.63,37.44,38.28,37.50,38.07,37.30,36.66,38.15
28/09/2024,2024-09-28,37.78,37.71,37.55,37.16,38.01,37.70,36.85,38.15
29/09/2024,2024-09-29,37.16,37.77,37.55,37.16,38.01,37.70,36.85,38.15
30/09/2024,2024-09-30,39.21,38.69,37.75,37.46,38.11,37.84,38.15,38.15
01/10/2024,2024-10-01,39.79,38.90,39.34,39.39,38.94,38.89,37.77,38.50
02/10/2024,2024-10-02,38.32,39.12,39.60,38.15,39.36,38.61,37.73,38.46
03/10/2024,2024-10-03,39.12,38.93,39.25,39.13,38.64,39.02,38.01,39.00
04/10/2024,2024-10-04,38.80,39.21,39.43,38.47,39.49,38.90,38.51,39.77
05/10/2024,2024-10-05,38.16,40.04,40.81,39.80,40.70,40.31,39.15,40.00
06/10/2024,2024-10-06,38.26,40.00,40.81,39.80,40.70,40.31,39.15,40.00
07/10/2024,2024-10-07,38.89,40.32,40.84,39.72,40.74,40.34,39.04,40.00
08/10/2024,2024-10-08,38.88,40.12,40.13,40.03,40.30,40.15,38.81,40.00
09/10/2024,2024-10-09,39.18,38.67,38.28,39.24,38.59,39.19,38.02,37.50
10/10/2024,2024-10-10,41.12,38.67,38.32,38.50,38.12,38.26,37.68,37.50
11/10/2024,2024-10-11,38.64,39.41,39.03,38.57,39.79,39.20,38.59,37.50
12/10/2024,2024-10-12,37.66,39.39,39.06,40.71,39.17,39.43,38.61,37.50
13/10/2024,2024-10-13,40.71,39.45,39.06,40.71,39.17,39.43,38.61,37.50
14/10/2024,2024-10-14,40.33,40.29,40.75,39.94,39.37,39.55,39.03,37.50
15/10/2024,2024-10-15,39.29,39.56,40.15,39.41,39.93,39.70,38.54,37.50
16/10/2024,2024-10-16,38.89,39.29,39.52,38.81,39.48,39.25,38.30,37.50
17/10/2024,2024-10-17,39.27,39.31,38.94,39.25,38.92,39.23,38.37,37.50
18/10/2024,2024-10-18,39.14,39.17,39.18,39.24,39.37,39.32,38.37,38.50
19/10/2024,2024-10-19,38.76,38.84,38.56,38.76,38.77,38.80,38.30,38.50
20/10/2024,2024-10-20,38.76,38.87,38.56,38.76,38.77,38.80,38.53,38.50
21/10/2024,2024-10-21,40.87,39.36,38.43,39.06,38.91,38.99,38.59,38.50
22/10/2024,2024-10-22,39.60,39.59,39.52,39.56,39.61,39.56,38.69,40.00
23/10/2024,2024-10-23,40.02,40.77,40.60,39.71,40.42,40.10,39.83,40.13
24/10/2024,2024-10-24,40.86,41.37,41.16,40.75,41.16,41.04,40.53,42.00
25/10/2024,2024-10-25,41.93,42.40,42.22,41.89,42.07,42.05,41.23,42.00
26/10/2024,2024-10-26,41.14,44.04,43.61,41.77,43.45,43.00,41.97,42.00
27/10/2024,2024-10-27,41.77,44.18,43.61,41.77,43.45,43.00,44.00,42.00
28/10/2024,2024-10-28,42.04,43.14,43.72,41.47,43.47,43.14,41.38,42.00
29/10/2024,2024-10-29,42.27,42.96,42.33,42.18,42.80,42.43,41.57,43.90
30/10/2024,2024-10-30,42.79,43.06,43.00,42.96,43.04,43.12,41.69,43.20
31/10/2024,2024-10-31,41.63,41.65,41.94,42.16,41.72,41.98,40.82,43.00
01/11/2024,2024-11-01,41.26,40.07,40.33,40.74,40.44,40.40,39.43,43.00
02/11/2024,2024-11-02,36.65,39.11,38.53,38.53,38.32,38.54,38.37,43.00
03/11/2024,2024-11-03,40.40,39.07,38.53,38.53,38.32,38.54,38.37,43.00
04/11/2024,2024-11-04,40.19,39.65,39.16,39.16,39.05,38.92,39.54,43.00
05/11/2024,2024-11-05,39.72,40.34,40.42,39.70,40.29,40.14,39.88,40.90
06/11/2024,2024-11-06,40.29,40.41,40.25,40.52,40.50,40.70,39.57,39.50
07/11/2024,2024-11-07,40.05,40.47,40.69,39.57,40.45,39.91,39.13,39.50
08/11/2024,2024-11-08,40.88,41.44,41.21,40.72,41.31,41.00,41.15,39.50
09/11/2024,2024-11-09,41.74,42.18,41.70,41.74,41.94,42.21,41.76,39.50
10/11/2024,2024-11-10,41.74,42.17,41.70,41.74,41.94,42.21,41.76,39.50
11/11/2024,2024-11-11,42.01,42.48,41.98,41.84,41.90,42.25,42.52,43.09
12/11/2024,2024-11-12,43.04,43.47,43.10,43.00,43.61,43.37,42.63,43.10
13/11/2024,2024-11-13,43.12,43.90,43.76,43.15,43.73,43.61,42.41,43.10
14/11/2024,2024-11-14,43.51,44.49,43.96,43.30,43.86,43.63,43.33,43.10
15/11/2024,2024-11-15,45.33,45.84,46.21,45.29,46.02,45.58,44.79,43.10
16/11/2024,2024-11-16,45.47,45.82,45.37,45.47,45.96,45.87,44.90,43.10
17/11/2024,2024-11-17,45.47,46.07,45.37,45.47,45.96,45.87,45.18,43.10
18/11/2024,2024-11-18,46.08,46.84,45.88,45.72,45.98,45.88,45.53,45.93
19/11/2024,2024-11-19,46.35,46.32,47.06,46.40,46.84,46.37,45.49,45.93
20/11/2024,2024-11-20,46.53,46.06,45.50,46.54,45.39,46.12,45.38,45.93
21/11/2024,2024-11-21,45.84,46.62,46.25,45.45,46.45,46.15,46.60,45.93
22/11/2024,2024-11-22,47.79,48.09,48.71,47.78,48.40,48.02,47.32,47.40
23/11/2024,2024-11-23,47.61,47.11,46.37,47.95,46.62,47.29,47.21,47.67
24/11/2024,2024-11-24,47.95,46.82,46.37,47.95,46.62,47.29,47.21,47.67
25/11/2024,2024-11-25,47.88,47.30,46.57,47.86,47.00,47.49,47.02,47.67
26/11/2024,2024-11-26,47.84,48.12,48.11,47.77,47.88,48.02,47.05,48.00
27/11/2024,2024-11-27,47.17,47.17,46.96,47.25,47.15,47.43,46.30,48.00
28/11/2024,2024-11-28,46.42,46.51,46.43,46.41,46.58,46.50,45.73,48.00
29/11/2024,2024-11-29,46.71,46.97,46.68,46.37,46.35,46.53,45.93,48.00
30/11/2024,2024-11-30,46.35,47.66,46.37,46.35,47.24,46.81,45.85,48.00
01/12/2024,2024-12-01,46.35,48.98,46.37,46.35,47.24,46.81,45.85,48.00
02/12/2024,2024-12-02,47.59,49.60,46.52,46.36,47.43,46.77,48.30,48.00
03/12/2024,2024-12-03,49.09,48.94,48.60,49.03,48.91,48.80,47.94,49.00
04/12/2024,2024-12-04,48.27,48.63,48.68,48.66,48.78,48.73,47.33,49.00
05/12/2024,2024-12-05,47.88,47.66,47.43,47.92,47.56,47.62,46.78,49.00
06/12/2024,2024-12-06,47.39,46.63,47.01,47.45,46.42,46.98,45.97,49.00
07/12/2024,2024-12-07,46.23,46.01,45.85,45.44,46.26,45.99,45.48,49.00
08/12/2024,2024-12-08,46.23,46.05,45.85,45.44,46.26,45.99,45.50,49.00
09/12/2024,2024-12-09,46.12,46.03,46.08,46.15,46.39,46.37,44.83,49.00
10/12/2024,2024-12-10,46.83,45.63,45.14,45.58,44.60,45.40,44.79,49.00
11/12/2024,2024-12-11,46.69,45.91,46.37,45.54,45.78,45.65,44.72,49.00
12/12/2024,2024-12-12,45.81,45.13,45.79,45.81,45.23,45.53,44.31,49.00
13/12/2024,2024-12-13,44.27,43.93,43.51,44.23,43.16,43.94,43.23,49.00
14/12/2024,2024-12-14,42.87,42.73,41.99,42.52,41.31,42.03,42.46,49.00
15/12/2024,2024-12-15,42.52,42.72,41.99,42.52,41.31,42.03,43.44,49.00
16/12/2024,2024-12-16,42.15,42.46,42.23,43.28,41.84,42.64,39.92,49.00
17/12/2024,2024-12-17,41.47,41.27,41.23,40.97,40.96,40.73,40.45,49.00
18/12/2024,2024-12-18,40.42,42.43,42.48,41.33,42.51,42.20,40.99,49.00
19/12/2024,2024-12-19,42.03,41.89,41.38,41.89,41.53,41.83,41.14,43.80
20/12/2024,2024-12-20,43.09,44.18,43.46,42.32,43.55,42.72,42.81,43.85
21/12/2024,2024-12-21,44.93,45.29,45.18,44.93,45.28,44.72,43.88,43.85
22/12/2024,2024-12-22,44.93,44.99,45.18,44.93,45.28,44.72,45.64,43.85
23/12/2024,2024-12-23,44.79,45.05,44.81,43.92,44.61,44.34,44.60,45.62
24/12/2024,2024-12-24,45.52,45.90,45.98,45.49,45.83,45.47,44.93,45.56
25/12/2024,2024-12-25,46.08,46.57,46.24,46.50,46.59,46.41,45.37,45.56
26/12/2024,2024-12-26,48.23,48.39,48.92,48.92,49.05,47.98,48.40,45.56
27/12/2024,2024-12-27,48.10,48.58,49.15,48.82,49.42,48.97,47.40,45.56
28/12/2024,2024-12-28,47.92,48.79,47.95,47.93,49.26,48.33,47.10,48.00
29/12/2024,2024-12-29,47.93,49.82,47.95,47.93,49.26,48.33,49.11,51.00
30/12/2024,2024-12-30,47.53,50.66,47.90,47.58,48.78,48.20,47.56,51.00
31/12/2024,2024-12-31,48.56,48.75,48.65,48.34,48.67,48.60,47.62,47.60
01/01/2025,2025-01-01,49.09,50.20,52.94,49.50,52.18,49.28,49.98,47.60
02/01/2025,2025-01-02,51.13,51.63,53.56,53.56,53.49,52.60,49.66,47.60
03/01/2025,2025-01-03,50.88,50.34,51.23,50.85,51.21,50.76,49.49,50.46
04/01/2025,2025-01-04,50.08,50.61,50.71,50.08,50.24,50.24,49.46,50.46
05/01/2025,2025-01-05,50.08,50.52,50.71,50.08,50.24,50.24,49.46,50.46
06/01/2025,2025-01-06,52.02,49.82,50.76,50.13,50.37,50.33,47.65,47.57
07/01/2025,2025-01-07,47.08,48.04,47.61,49.60,47.59,48.61,46.64,47.64
08/01/2025,2025-01-08,48.30,47.52,47.67,47.33,47.85,47.23,46.02,46.60
09/01/2025,2025-01-09,46.03,46.06,46.26,46.74,45.86,46.61,44.89,46.50
10/01/2025,2025-01-10,45.15,45.04,45.44,45.25,45.10,44.97,43.74,44.99
11/01/2025,2025-01-11,44.87,45.02,45.50,44.87,45.39,44.58,43.76,44.99
12/01/2025,2025-01-12,44.87,45.37,45.50,44.87,45.39,44.58,45.88,44.99
13/01/2025,2025-01-13,47.82,46.80,45.50,44.94,45.56,44.74,46.92,48.91
14/01/2025,2025-01-14,48.34,48.02,48.58,47.47,48.76,47.90,46.94,48.94
15/01/2025,2025-01-15,48.28,47.82,47.37,48.25,47.43,47.97,46.62,47.54
16/01/2025,2025-01-16,46.84,46.95,47.47,47.20,47.22,47.33,45.88,48.00
17/01/2025,2025-01-17,46.86,46.54,46.61,46.30,46.37,46.18,45.70,48.00
18/01/2025,2025-01-18,46.64,47.24,46.67,46.64,47.24,46.76,46.16,48.00
19/01/2025,2025-01-19,49.80,47.60,46.67,46.64,47.24,46.76,46.16,48.00
20/01/2025,2025-01-20,48.66,48.09,46.68,46.45,47.16,46.81,46.12,47.50
21/01/2025,2025-01-21,49.67,48.22,48.56,46.59,48.36,47.53,46.50,47.50
22/01/2025,2025-01-22,49.00,48.93,50.53,48.76,50.45,48.97,48.29,47.50
23/01/2025,2025-01-23,49.28,48.75,47.21,49.82,47.65,48.97,48.63,47.80
24/01/2025,2025-01-24,47.75,48.24,48.80,49.16,48.02,48.34,47.78,47.80
25/01/2025,2025-01-25,48.00,48.04,47.37,48.00,48.51,48.37,47.34,47.80
26/01/2025,2025-01-26,48.00,48.19,47.37,48.00,48.51,48.37,47.34,47.80
27/01/2025,2025-01-27,48.09,47.82,47.37,48.18,48.70,48.37,46.44,46.50
28/01/2025,2025-01-28,47.43,47.23,46.82,47.40,46.78,47.14,46.74,46.50
29/01/2025,2025-01-29,49.51,48.08,47.36,47.41,47.53,47.47,46.74,49.10
30/01/2025,2025-01-30,51.13,50.36,50.60,48.76,50.30,49.73,49.92,50.07
31/01/2025,2025-01-31,52.76,51.35,51.32,50.91,50.91,50.91,51.38,50.93
01/02/2025,2025-02-01,53.12,52.65,52.21,52.54,52.05,52.24,51.81,50.93
02/02/2025,2025-02-02,52.54,52.85,52.21,52.54,52.05,52.24,54.25,50.93
03/02/2025,2025-02-03,54.21,53.09,52.31,51.95,52.22,52.23,52.26,50.93
04/02/2025,2025-02-04,53.14,52.90,53.67,53.52,52.77,53.05,51.96,50.93
05/02/2025,2025-02-05,52.96,52.12,52.19,52.26,51.54,51.97,51.36,50.93
06/02/2025,2025-02-06,55.04,53.30,53.20,53.15,52.87,52.50,51.89,50.93
07/02/2025,2025-02-07,54.35,53.88,54.24,54.15,53.75,53.92,52.95,50.93
08/02/2025,2025-02-08,54.60,54.55,54.78,54.60,54.67,54.38,53.72,50.93
09/02/2025,2025-02-09,54.60,54.83,54.78,54.60,54.67,54.38,54.59,50.93
10/02/2025,2025-02-10,57.90,55.90,54.83,54.45,54.63,54.32,55.69,50.93
11/02/2025,2025-02-11,56.99,57.05,57.42,57.46,57.22,57.25,56.19,50.93
12/02/2025,2025-02-12,55.73,56.48,57.29,57.36,56.61,57.06,55.03,54.15
13/02/2025,2025-02-13,54.32,54.09,54.41,55.12,54.72,55.01,53.84,54.15
14/02/2025,2025-02-14,51.67,50.78,52.10,52.25,50.62,51.47,50.43,54.15
15/02/2025,2025-02-15,49.07,49.61,49.98,49.28,50.16,49.47,48.41,54.15
16/02/2025,2025-02-16,49.28,49.96,49.98,49.28,50.16,49.47,49.70,54.15
17/02/2025,2025-02-17,50.57,50.12,49.98,49.06,50.26,49.42,48.60,54.15
18/02/2025,2025-02-18,49.46,48.71,48.11,49.82,47.70,49.26,48.07,54.15
19/02/2025,2025-02-19,48.92,47.99,49.27,47.45,48.94,47.47,47.20,54.15
20/02/2025,2025-02-20,47.70,47.68,47.56,48.59,47.10,48.16,47.16,54.15
21/02/2025,2025-02-21,47.44,46.83,47.32,47.43,46.86,46.86,46.15,54.15
22/02/2025,2025-02-22,47.08,46.06,46.09,47.08,45.92,46.48,45.88,54.15
23/02/2025,2025-02-23,47.08,46.06,46.09,47.08,45.92,46.48,44.87,54.15
24/02/2025,2025-02-24,45.67,45.83,46.19,46.34,46.08,46.47,44.69,54.15
25/02/2025,2025-02-25,46.31,45.86,46.69,45.77,46.46,45.66,44.33,44.50
26/02/2025,2025-02-26,44.52,44.58,44.54,45.82,43.66,45.19,43.70,43.01
27/02/2025,2025-02-27,43.29,42.98,41.85,43.10,41.00,42.56,42.01,41.50
28/02/2025,2025-02-28,44.74,44.25,44.50,44.06,44.38,43.86,43.43,41.50
01/03/2025,2025-03-01,46.18,44.74,44.65,45.31,44.19,44.66,43.88,41.50
02/03/2025,2025-03-02,45.31,45.14,44.65,45.31,44.19,44.66,45.46,41.50
03/03/2025,2025-03-03,46.55,46.23,44.46,45.83,44.26,44.55,45.01,46.50
04/03/2025,2025-03-04,45.91,44.69,45.21,46.41,44.95,45.54,44.12,43.00
05/03/2025,2025-03-05,42.31,43.07,43.51,44.00,43.28,43.33,42.14,41.88
06/03/2025,2025-03-06,41.88,41.55,41.35,42.45,40.86,42.15,41.21,40.23
07/03/2025,2025-03-07,39.42,39.34,38.61,40.50,38.11,39.58,39.06,39.00
08/03/2025,2025-03-08,38.93,38.84,39.95,38.93,40.01,39.28,38.57,39.00
09/03/2025,2025-03-09,39.75,39.37,39.95,38.93,40.01,39.28,38.88,39.00
10/03/2025,2025-03-10,40.24,39.74,39.80,39.69,39.78,39.12,39.75,39.00
11/03/2025,2025-03-11,41.47,41.00,41.50,40.91,41.11,40.64,40.44,39.00
12/03/2025,2025-03-12,42.44,41.95,43.19,41.28,42.88,41.72,41.35,39.00
13/03/2025,2025-03-13,42.54,42.12,42.32,42.45,41.91,42.06,41.64,39.00
14/03/2025,2025-03-14,42.61,42.37,42.18,42.74,41.14,42.45,41.45,42.20
15/03/2025,2025-03-15,42.63,41.75,42.60,42.63,41.90,41.79,41.16,42.20
16/03/2025,2025-03-16,42.63,41.82,42.60,42.63,41.90,41.79,42.46,42.20
17/03/2025,2025-03-17,42.16,41.78,42.60,43.20,41.97,41.80,41.04,42.20
18/03/2025,2025-03-18,41.35,40.79,41.33,41.41,41.09,40.92,39.74,42.20
19/03/2025,2025-03-19,40.86,40.68,41.06,40.86,40.22,40.32,39.71,42.20
20/03/2025,2025-03-20,42.72,41.85,42.80,43.18,42.50,41.96,41.17,42.95
21/03/2025,2025-03-21,42.65,42.34,42.49,42.83,41.89,42.36,41.78,42.95
22/03/2025,2025-03-22,43.03,42.26,42.65,43.03,41.62,42.41,41.30,42.95
23/03/2025,2025-03-23,43.03,42.20,42.65,43.03,41.62,42.41,41.30,42.95
24/03/2025,2025-03-24,42.96,41.80,42.75,42.74,41.69,42.35,41.12,42.95
25/03/2025,2025-03-25,42.20,41.27,41.93,41.40,41.58,41.21,40.33,42.95
26/03/2025,2025-03-26,41.05,40.63,40.96,41.50,40.37,40.85,39.90,42.95
27/03/2025,2025-03-27,40.54,39.97,40.25,40.57,39.72,39.92,39.41,42.95
28/03/2025,2025-03-28,40.21,40.10,40.32,40.24,40.04,40.06,39.30,42.95
29/03/2025,2025-03-29,40.30,38.92,39.24,40.30,39.34,39.67,38.88,42.95
30/03/2025,2025-03-30,37.07,38.94,39.24,40.30,39.34,39.67,38.40,42.95
31/03/2025,2025-03-31,40.01,39.59,40.18,40.22,39.28,39.74,38.62,42.95
01/04/2025,2025-04-01,39.92,39.34,39.81,39.63,39.37,39.22,38.59,39.53
02/04/2025,2025-04-02,40.35,40.34,40.84,40.36,40.37,39.89,38.86,39.53
03/04/2025,2025-04-03,40.19,39.50,40.14,40.27,39.69,40.47,38.98,38.43
04/04/2025,2025-04-04,36.81,38.09,38.26,38.46,37.61,38.16,36.70,37.15
05/04/2025,2025-04-05,34.93,36.34,35.11,35.87,34.82,35.55,35.03,36.90
06/04/2025,2025-04-06,34.69,36.12,35.11,35.87,34.82,35.55,35.03,36.90
07/04/2025,2025-04-07,35.56,34.93,35.01,35.85,34.75,35.39,33.70,35.69
08/04/2025,2025-04-08,35.88,35.05,35.21,34.45,34.70,34.50,33.69,35.65
09/04/2025,2025-04-09,35.11,34.36,35.15,35.18,35.04,35.21,33.73,33.65
10/04/2025,2025-04-10,33.40,32.85,32.37,33.39,31.89,32.67,32.36,33.42
11/04/2025,2025-04-11,33.03,32.22,31.83,33.03,31.72,32.47,31.85,33.10
12/04/2025,2025-04-12,31.71,31.92,32.10,31.71,31.70,31.74,31.13,32.31
13/04/2025,2025-04-13,31.71,31.86,32.10,31.71,31.70,31.74,32.80,32.31
14/04/2025,2025-04-14,31.91,32.01,32.10,31.92,31.73,31.71,31.91,32.31
15/04/2025,2025-04-15,32.06,32.66,32.51,32.78,32.69,32.68,31.92,32.31
16/04/2025,2025-04-16,33.26,32.78,32.35,33.08,32.02,32.51,32.08,32.31
17/04/2025,2025-04-17,33.67,33.47,33.48,32.89,33.41,33.36,32.44,32.31
18/04/2025,2025-04-18,34.41,33.50,32.95,34.41,32.89,32.96,33.03,32.31
19/04/2025,2025-04-19,33.89,33.56,32.95,34.41,32.89,32.96,34.16,32.31
20/04/2025,2025-04-20,33.69,33.88,32.95,34.41,32.89,32.96,34.99,32.31
21/04/2025,2025-04-21,36.08,34.10,32.95,34.41,32.89,32.96,34.96,32.31
22/04/2025,2025-04-22,35.55,34.25,33.16,36.00,33.03,33.07,32.32,32.31
23/04/2025,2025-04-23,33.58,33.14,32.54,33.84,32.41,33.02,32.45,32.31
24/04/2025,2025-04-24,32.58,32.91,32.74,33.20,32.44,32.81,31.67,32.80
25/04/2025,2025-04-25,31.84,32.06,32.45,32.12,32.11,32.11,30.83,32.42
26/04/2025,2025-04-26,30.82,31.36,30.75,33.40,30.75,31.31,30.62,32.12
27/04/2025,2025-04-27,29.99,30.74,30.75,33.40,30.75,31.31,30.30,32.12
28/04/2025,2025-04-28,30.98,30.87,31.16,33.47,30.79,31.30,29.83,31.50
29/04/2025,2025-04-29,32.36,30.84,30.75,31.37,30.47,30.82,29.74,31.50
30/04/2025,2025-04-30,30.90,30.34,30.60,30.20,30.42,30.21,29.47,31.50
01/05/2025,2025-05-01,31.13,30.55,31.18,31.06,30.91,30.79,30.28,31.50
02/05/2025,2025-05-02,32.50,31.32,30.59,30.59,30.66,30.62,31.93,31.50
03/05/2025,2025-05-03,32.21,31.63,32.08,32.23,31.88,31.78,30.93,31.50
04/05/2025,2025-05-04,32.12,31.79,32.08,32.23,31.88,31.78,30.93,31.50
05/05/2025,2025-05-05,32.76,31.78,32.08,32.23,31.88,31.78,30.86,31.50
06/05/2025,2025-05-06,31.79,32.14,32.04,32.04,31.89,31.84,31.16,31.50
07/05/2025,2025-05-07,33.80,33.43,33.41,33.31,33.31,33.19,32.66,31.50
08/05/2025,2025-05-08,33.90,33.55,32.91,33.71,33.05,33.48,32.66,31.50
09/05/2025,2025-05-09,34.79,34.07,34.05,33.71,34.21,33.80,33.05,31.50
10/05/2025,2025-05-10,33.71,33.74,33.15,33.79,33.54,33.69,33.10,31.50
11/05/2025,2025-05-11,33.79,33.74,33.15,33.79,33.54,33.69,34.00,31.50
12/05/2025,2025-05-12,34.88,34.00,33.15,34.92,33.56,33.72,33.39,31.50
13/05/2025,2025-05-13,34.84,34.42,34.48,34.79,34.16,34.44,33.38,31.50
14/05/2025,2025-05-14,34.48,34.40,34.49,34.45,34.58,34.39,33.23,31.50
15/05/2025,2025-05-15,34.27,33.96,34.30,34.19,33.82,33.96,33.03,31.50
16/05/2025,2025-05-16,33.99,34.14,34.48,33.93,34.13,33.95,33.16,31.50
17/05/2025,2025-05-17,34.36,34.02,34.40,34.36,34.05,33.99,33.23,31.50
18/05/2025,2025-05-18,34.36,34.04,34.40,34.36,34.05,33.99,34.00,31.50
19/05/2025,2025-05-19,34.41,34.30,34.19,34.46,34.10,34.16,33.32,31.50
20/05/2025,2025-05-20,34.93,34.41,34.35,34.08,34.29,34.11,33.34,31.50
21/05/2025,2025-05-21,35.35,35.70,36.11,35.27,36.06,35.38,35.28,31.50
22/05/2025,2025-05-22,36.25,36.09,36.09,36.49,36.02,36.28,34.97,35.83
23/05/2025,2025-05-23,35.45,35.34,35.48,35.78,34.95,35.37,34.31,35.83
24/05/2025,2025-05-24,35.10,35.26,34.92,35.10,34.81,35.04,34.21,35.83
25/05/2025,2025-05-25,36.07,35.35,34.92,35.10,34.81,35.04,34.00,35.83
26/05/2025,2025-05-26,36.07,35.47,34.92,35.10,34.81,35.04,35.25,35.83
27/05/2025,2025-05-27,36.27,35.76,34.87,35.30,35.05,35.07,35.33,35.83
28/05/2025,2025-05-28,36.39,35.88,36.37,36.43,35.57,35.91,35.20,35.83
29/05/2025,2025-05-29,36.45,35.62,36.38,36.43,35.45,35.72,34.69,35.83
30/05/2025,2025-05-30,35.22,34.68,34.34,35.68,34.10,34.80,33.50,35.83
31/05/2025,2025-05-31,34.00,33.61,33.93,34.00,33.10,33.48,33.13,35.83
01/06/2025,2025-06-01,34.00,33.62,33.93,34.00,33.10,33.48,32.60,35.83
02/06/2025,2025-06-02,34.48,34.10,34.08,33.96,33.37,33.73,33.27,33.50
03/06/2025,2025-06-03,34.97,34.53,35.01,34.87,34.47,34.37,33.63,33.50
04/06/2025,2025-06-04,35.97,35.22,35.30,35.17,35.21,34.89,34.42,33.50
05/06/2025,2025-06-05,35.87,35.34,35.07,35.44,34.81,35.26,34.79,33.50
06/06/2025,2025-06-06,35.79,35.62,35.73,35.79,35.79,35.63,34.90,33.50
07/06/2025,2025-06-07,35.57,35.61,36.02,35.57,35.57,35.62,34.72,33.50
08/06/2025,2025-06-08,35.57,35.69,36.02,35.57,35.57,35.62,35.33,33.50
09/06/2025,2025-06-09,36.20,35.92,35.85,35.89,35.58,35.63,34.87,36.00
10/06/2025,2025-06-10,35.25,35.14,35.51,35.42,35.20,35.33,34.30,35.78
11/06/2025,2025-06-11,34.69,34.75,34.48,34.45,34.30,34.52,33.95,35.53
12/06/2025,2025-06-12,36.71,35.76,35.92,35.04,35.55,35.17,34.73,35.77
13/06/2025,2025-06-13,36.15,36.13,35.84,35.72,35.99,35.79,35.63,36.62
14/06/2025,2025-06-14,37.56,37.41,37.38,37.50,37.39,37.51,37.42,36.62
15/06/2025,2025-06-15,37.50,37.36,37.38,37.50,37.39,37.51,37.75,36.62
16/06/2025,2025-06-16,38.53,37.78,37.80,37.71,37.40,37.52,37.24,37.90
17/06/2025,2025-06-17,38.52,38.24,37.50,38.52,37.56,38.08,37.31,38.46
18/06/2025,2025-06-18,39.52,39.37,38.71,38.43,38.89,38.57,38.41,39.88
19/06/2025,2025-06-19,39.33,39.39,38.66,39.26,38.53,39.24,38.66,39.89
20/06/2025,2025-06-20,40.28,40.48,40.63,40.45,41.45,40.48,39.67,41.00
21/06/2025,2025-06-21,40.16,40.48,40.94,40.67,40.77,40.52,40.14,41.00
22/06/2025,2025-06-22,40.16,40.92,40.94,40.67,40.77,40.52,41.50,41.00
23/06/2025,2025-06-23,41.75,41.66,40.87,40.71,40.65,40.45,40.90,41.01
24/06/2025,2025-06-24,40.32,39.97,40.63,41.40,40.39,41.11,37.73,40.37
25/06/2025,2025-06-25,36.21,36.11,35.95,36.33,35.70,35.98,35.20,36.14
26/06/2025,2025-06-26,35.43,35.63,35.66,35.81,35.42,35.65,34.57,35.58
27/06/2025,2025-06-27,34.42,34.30,34.55,34.59,33.94,34.42,33.39,35.37
28/06/2025,2025-06-28,33.96,33.49,33.42,33.59,33.30,33.37,32.66,34.00
29/06/2025,2025-06-29,33.96,33.57,33.42,33.59,33.30,33.37,33.19,34.00
30/06/2025,2025-06-30,34.07,33.87,33.38,33.80,33.29,33.36,32.58,34.00
01/07/2025,2025-07-01,33.28,33.19,33.57,33.22,33.20,33.17,32.38,34.00
02/07/2025,2025-07-02,33.49,33.88,33.83,33.41,33.55,33.37,32.59,33.80
03/07/2025,2025-07-03,34.17,33.67,34.15,34.17,33.54,33.85,32.85,34.14
04/07/2025,2025-07-04,33.73,33.81,33.86,33.60,33.43,33.59,32.95,34.00
05/07/2025,2025-07-05,33.84,33.39,33.98,33.84,33.17,33.42,32.63,34.43
06/07/2025,2025-07-06,34.80,33.42,33.98,33.84,33.17,33.42,32.96,34.43
07/07/2025,2025-07-07,33.81,33.37,33.98,33.79,33.17,33.42,32.58,34.43
08/07/2025,2025-07-08,33.92,33.75,33.98,33.76,33.58,33.39,32.81,33.81
09/07/2025,2025-07-09,34.97,34.27,34.43,34.33,34.31,34.09,33.24,34.86
10/07/2025,2025-07-10,35.88,34.82,34.87,34.68,34.58,34.58,34.04,35.33
11/07/2025,2025-07-11,35.57,35.06,35.33,35.30,35.16,35.09,34.15,36.00
12/07/2025,2025-07-12,37.66,35.49,36.15,35.30,35.57,35.31,34.80,36.00
13/07/2025,2025-07-13,38.12,35.58,36.15,35.30,35.57,35.31,35.65,36.00
14/07/2025,2025-07-14,36.08,35.64,36.15,35.55,35.40,35.12,34.86,36.00
15/07/2025,2025-07-15,35.93,35.44,35.70,36.06,35.17,35.68,34.33,35.96
16/07/2025,2025-07-16,35.39,34.93,34.57,35.00,34.42,34.64,33.64,35.33
17/07/2025,2025-07-17,34.83,34.85,34.96,34.83,34.80,34.78,33.64,35.50
18/07/2025,2025-07-18,35.02,34.67,34.69,35.02,34.43,34.87,33.61,35.22
19/07/2025,2025-07-19,34.41,34.14,34.52,34.41,33.65,34.03,33.31,35.22
20/07/2025,2025-07-20,34.75,33.74,34.52,34.41,33.65,34.03,33.56,35.22
21/07/2025,2025-07-21,34.39,33.92,33.71,34.41,33.43,34.03,32.76,34.50
22/07/2025,2025-07-22,33.85,33.36,33.35,33.88,33.09,33.51,32.57,34.12
23/07/2025,2025-07-23,33.23,33.15,33.08,33.23,33.03,33.09,32.24,33.58
24/07/2025,2025-07-24,33.56,32.94,32.77,33.56,32.59,33.06,32.00,33.58
25/07/2025,2025-07-25,32.84,32.43,32.83,32.84,32.39,32.43,31.45,33.07
26/07/2025,2025-07-26,32.90,32.40,32.97,32.52,32.21,32.25,31.72,33.07
27/07/2025,2025-07-27,32.90,32.41,32.97,32.52,32.21,32.25,31.96,33.07
28/07/2025,2025-07-28,33.23,32.47,32.62,33.24,32.26,32.25,31.50,32.90
29/07/2025,2025-07-29,32.51,32.74,32.87,32.49,32.99,32.48,31.71,32.60
30/07/2025,2025-07-30,34.15,33.95,33.99,34.15,34.02,33.81,33.32,32.60
31/07/2025,2025-07-31,34.57,34.45,34.85,34.36,34.85,34.48,33.81,32.60
01/08/2025,2025-08-01,35.30,34.81,35.28,35.30,35.06,34.92,33.91,32.60
02/08/2025,2025-08-02,34.56,34.29,34.27,34.79,33.94,34.33,33.95,32.60
03/08/2025,2025-08-03,34.53,34.16,34.27,34.79,33.94,34.33,33.53,32.60
04/08/2025,2025-08-04,34.68,34.16,34.20,34.38,33.96,34.43,33.16,32.60
05/08/2025,2025-08-05,33.86,33.92,34.34,33.82,34.22,33.86,33.36,32.60
06/08/2025,2025-08-06,34.15,34.17,34.33,34.13,34.33,34.15,33.30,32.60
07/08/2025,2025-08-07,33.88,33.50,33.64,34.00,33.18,33.69,32.85,32.60
08/08/2025,2025-08-08,33.05,32.92,32.94,33.15,32.98,32.95,32.37,32.60
09/08/2025,2025-08-09,33.05,32.70,33.09,33.05,32.29,32.73,32.12,32.60
10/08/2025,2025-08-10,33.05,32.66,33.09,33.05,32.29,32.73,32.15,32.60
11/08/2025,2025-08-11,32.28,32.73,33.00,33.15,32.30,32.76,31.95,33.64
12/08/2025,2025-08-12,32.40,32.72,32.86,32.59,32.86,32.77,31.91,33.43
13/08/2025,2025-08-13,32.06,32.50,32.48,32.15,32.20,32.54,31.75,33.50
14/08/2025,2025-08-14,32.26,32.52,32.55,32.54,32.60,32.61,31.49,33.50
15/08/2025,2025-08-15,31.78,31.92,31.72,31.78,31.99,32.20,31.20,31.50
16/08/2025,2025-08-16,31.80,31.66,30.85,30.85,30.94,31.00,30.45,31.50
17/08/2025,2025-08-17,31.80,31.71,30.85,30.85,30.94,31.00,30.74,31.50
18/08/2025,2025-08-18,30.52,31.42,30.83,30.83,30.90,31.22,30.12,31.50
19/08/2025,2025-08-19,30.63,30.91,30.95,30.63,30.89,30.92,30.07,31.55
20/08/2025,2025-08-20,31.72,31.08,30.71,30.69,30.87,30.87,30.28,31.50
21/08/2025,2025-08-21,30.71,31.32,31.24,30.57,31.74,31.28,31.16,31.50
22/08/2025,2025-08-22,34.02,32.15,31.71,31.82,32.51,32.17,31.89,31.50
23/08/2025,2025-08-23,32.04,32.52,32.05,32.04,32.88,32.79,32.36,31.50
24/08/2025,2025-08-24,35.10,32.70,32.05,32.04,32.88,32.79,32.98,31.50
25/08/2025,2025-08-25,33.72,33.26,32.05,32.04,32.88,32.79,32.33,31.50
26/08/2025,2025-08-26,33.09,32.91,32.81,32.81,32.91,32.84,32.19,31.50
27/08/2025,2025-08-27,32.73,33.04,32.91,33.00,32.82,33.02,31.91,33.65
28/08/2025,2025-08-28,32.36,31.91,31.94,32.36,31.97,32.31,30.96,31.75
29/08/2025,2025-08-29,30.85,30.94,31.28,30.83,31.09,30.93,30.10,31.77
30/08/2025,2025-08-30,31.13,31.08,31.08,31.13,31.00,30.90,30.22,31.77
31/08/2025,2025-08-31,31.13,31.12,31.08,31.13,31.00,30.90,30.57,31.77
01/09/2025,2025-09-01,31.44,31.17,31.50,31.19,31.01,30.95,30.84,31.77
02/09/2025,2025-09-02,32.13,31.58,31.41,31.51,31.59,31.55,30.71,31.77
03/09/2025,2025-09-03,31.48,31.09,31.15,31.61,31.22,31.50,30.43,31.77
04/09/2025,2025-09-04,31.38,31.24,31.31,31.24,31.19,31.14,30.19,31.77
05/09/2025,2025-09-05,31.90,31.41,31.73,31.42,31.82,31.37,30.55,32.33
06/09/2025,2025-09-06,32.04,31.33,32.04,32.04,31.15,31.54,30.85,32.76
07/09/2025,2025-09-07,32.04,31.36,32.04,32.04,31.15,31.54,30.96,32.76
08/09/2025,2025-09-08,32.51,31.69,31.69,31.98,31.26,31.59,31.02,31.31
09/09/2025,2025-09-09,32.29,32.27,32.60,32.29,32.47,32.17,31.20,31.31
10/09/2025,2025-09-10,32.28,32.28,32.68,32.25,32.58,32.25,31.24,31.31
11/09/2025,2025-09-11,32.33,32.39,32.43,32.42,32.70,32.49,31.49,31.31
12/09/2025,2025-09-12,32.81,31.93,31.63,32.38,31.75,32.11,31.07,31.31
13/09/2025,2025-09-13,31.97,31.93,32.42,31.97,32.27,31.90,30.73,31.31
14/09/2025,2025-09-14,31.97,31.98,32.42,31.97,32.27,31.90,31.26,31.31
15/09/2025,2025-09-15,32.20,31.98,32.60,31.99,32.26,31.89,30.85,31.31
16/09/2025,2025-09-16,32.32,31.75,31.92,31.82,31.53,31.65,30.68,31.31
17/09/2025,2025-09-17,32.99,31.92,32.13,31.88,31.78,31.54,30.96,31.31
18/09/2025,2025-09-18,32.65,32.11,32.55,32.19,31.95,31.99,31.24,31.31
19/09/2025,2025-09-19,32.87,32.31,32.91,32.80,32.47,32.28,31.46,33.00
20/09/2025,2025-09-20,32.49,32.01,32.52,32.49,32.01,32.07,31.20,33.00
21/09/2025,2025-09-21,32.49,32.01,32.52,32.49,32.01,32.07,31.78,33.00
22/09/2025,2025-09-22,32.43,31.84,32.55,32.68,32.02,32.14,30.98,31.85
23/09/2025,2025-09-23,32.04,31.59,31.96,31.98,31.50,31.60,30.81,31.93
24/09/2025,2025-09-24,32.04,31.66,32.04,32.00,31.87,31.67,30.78,31.93
25/09/2025,2025-09-25,31.79,31.73,31.76,31.73,31.49,31.51,30.80,31.93
26/09/2025,2025-09-26,32.12,31.85,32.26,32.12,31.99,31.82,31.02,31.93
27/09/2025,2025-09-27,32.24,32.01,32.10,32.24,32.17,32.09,31.17,31.93
28/09/2025,2025-09-28,32.49,32.02,32.10,32.24,32.17,32.09,31.75,31.93
29/09/2025,2025-09-29,32.26,31.95,32.53,32.39,32.16,32.07,30.96,31.93
30/09/2025,2025-09-30,31.82,31.68,31.86,31.89,31.72,31.69,30.63,31.45
01/10/2025,2025-10-01,32.17,31.01,31.81,31.70,30.83,31.12,30.10,31.50
02/10/2025,2025-10-02,31.08,30.65,31.25,31.30,30.82,30.61,29.66,31.18
03/10/2025,2025-10-03,30.79,30.49,30.93,30.79,30.34,30.46,29.48,31.18
04/10/2025,2025-10-04,31.46,30.55,30.92,31.16,30.35,30.35,29.67,31.18
05/10/2025,2025-10-05,31.03,30.60,30.92,31.16,30.35,30.35,31.45,31.18
06/10/2025,2025-10-06,32.69,31.18,30.76,30.88,30.33,30.38,30.84,31.18
07/10/2025,2025-10-07,32.55,32.13,32.67,32.69,32.31,31.97,31.15,31.18
08/10/2025,2025-10-08,32.76,32.22,32.66,32.50,32.38,32.36,31.04,31.18
09/10/2025,2025-10-09,32.27,31.73,32.08,32.35,31.73,31.86,30.59,31.18
10/10/2025,2025-10-10,31.42,31.33,31.75,31.52,31.40,31.31,30.15,32.20
11/10/2025,2025-10-11,31.13,31.02,31.75,31.13,31.09,31.08,30.15,32.20
12/10/2025,2025-10-12,31.43,31.08,31.75,31.13,31.09,31.08,30.50,32.20
13/10/2025,2025-10-13,32.01,31.23,31.23,31.19,31.09,31.10,29.84,31.80
14/10/2025,2025-10-14,31.42,30.73,31.18,31.28,30.64,30.73,29.66,32.05
15/10/2025,2025-10-15,31.82,30.88,31.40,31.23,30.92,30.74,29.62,32.05
16/10/2025,2025-10-16,32.15,31.14,31.55,31.13,31.15,30.86,30.08,32.05
17/10/2025,2025-10-17,32.22,31.58,32.37,32.09,31.68,31.65,30.46,32.05
18/10/2025,2025-10-18,31.96,31.31,32.02,31.98,31.46,31.37,30.51,32.05
19/10/2025,2025-10-19,31.99,31.29,32.02,31.98,31.46,31.37,31.00,32.05
20/10/2025,2025-10-20,31.81,31.18,32.08,31.86,31.20,31.26,30.23,32.05
21/10/2025,2025-10-21,31.78,30.91,31.37,31.26,30.83,30.96,30.03,32.05
22/10/2025,2025-10-22,31.57,31.14,31.85,31.37,31.39,31.14,29.75,32.15
23/10/2025,2025-10-23,31.94,31.23,31.38,31.47,30.94,31.09,30.04,32.10
24/10/2025,2025-10-24,32.05,31.55,32.25,32.14,31.64,31.65,30.48,32.10
25/10/2025,2025-10-25,31.58,31.49,31.60,31.58,31.15,31.21,30.22,32.10
26/10/2025,2025-10-26,30.50,31.24,31.60,31.58,31.15,31.21,30.59,32.10
27/10/2025,2025-10-27,31.49,31.48,31.60,31.58,31.14,31.22,29.76,32.10
28/10/2025,2025-10-28,31.49,30.73,31.25,31.19,30.70,30.69,29.71,32.10
29/10/2025,2025-10-29,31.43,31.02,31.13,31.36,30.97,30.85,29.76,32.10
30/10/2025,2025-10-30,31.01,31.24,31.80,31.25,31.38,31.12,30.07,32.10
31/10/2025,2025-10-31,31.36,30.79,31.15,31.38,30.59,30.92,29.66,31.34
01/11/2025,2025-11-01,30.70,30.05,29.95,30.85,29.87,30.22,29.39,31.34
02/11/2025,2025-11-02,30.85,30.30,29.95,30.85,29.87,30.22,29.57,31.34
03/11/2025,2025-11-03,29.99,30.53,30.41,30.71,30.16,30.33,29.70,31.34
04/11/2025,2025-11-04,30.20,30.89,30.41,30.57,30.90,30.89,30.04,31.34
05/11/2025,2025-11-05,30.76,31.12,30.65,30.78,31.41,31.21,30.12,31.34
06/11/2025,2025-11-06,30.52,30.85,30.54,30.53,30.83,30.95,29.78,31.96
07/11/2025,2025-11-07,30.18,30.67,30.17,30.20,30.67,30.67,29.64,31.96
08/11/2025,2025-11-08,30.24,30.32,30.22,30.24,30.30,30.39,29.62,31.96
09/11/2025,2025-11-09,30.24,30.41,30.22,30.24,30.30,30.39,30.02,31.96
10/11/2025,2025-11-10,30.88,30.79,30.24,30.23,30.29,30.42,29.52,31.96
11/11/2025,2025-11-11,30.22,30.46,30.65,30.20,30.23,30.31,29.34,31.96
12/11/2025,2025-11-12,30.13,30.12,30.76,30.26,30.15,30.15,29.40,31.96
13/11/2025,2025-11-13,29.45,29.83,28.75,29.91,29.81,30.27,29.21,31.96
14/11/2025,2025-11-14,28.47,29.84,28.70,28.91,29.42,29.58,28.94,31.96
15/11/2025,2025-11-15,29.87,30.17,30.38,29.87,30.56,30.23,29.36,31.96
16/11/2025,2025-11-16,29.87,30.24,30.38,29.87,30.56,30.23,29.65,31.96
17/11/2025,2025-11-17,31.57,30.92,30.41,29.69,30.60,30.26,29.85,31.96
18/11/2025,2025-11-18,31.48,30.93,30.94,30.57,30.94,30.81,30.07,31.96
19/11/2025,2025-11-19,31.11,31.12,31.27,31.39,31.08,31.16,29.61,31.96
20/11/2025,2025-11-20,30.67,30.47,30.06,30.13,30.42,30.42,29.49,31.96
21/11/2025,2025-11-21,30.38,30.41,30.08,30.66,30.43,30.56,29.21,31.96
22/11/2025,2025-11-22,30.11,30.25,29.74,29.74,29.82,29.94,29.20,31.96
23/11/2025,2025-11-23,29.74,29.95,29.74,29.74,29.82,29.94,29.28,31.96
24/11/2025,2025-11-24,27.54,29.71,30.05,29.89,29.87,29.98,28.36,31.96
25/11/2025,2025-11-25,28.00,29.31,28.80,29.23,29.37,29.20,28.21,31.96
26/11/2025,2025-11-26,28.73,29.21,28.40,28.73,29.23,29.20,28.19,31.96
27/11/2025,2025-11-27,28.98,29.25,29.03,29.26,29.12,29.12,28.05,31.96
28/11/2025,2025-11-28,29.25,28.91,28.68,28.67,28.82,28.83,27.98,31.96
29/11/2025,2025-11-29,29.00,29.11,28.67,29.00,29.01,29.04,28.02,31.96
30/11/2025,2025-11-30,29.00,29.04,28.67,29.00,29.01,29.04,28.46,31.96
01/12/2025,2025-12-01,28.68,29.19,28.62,28.89,28.99,28.99,27.25,31.96
02/12/2025,2025-12-02,27.47,27.93,27.89,28.30,28.15,28.08,27.00,31.96
03/12/2025,2025-12-03,26.57,28.24,27.36,27.59,27.69,27.65,26.61,31.96
04/12/2025,2025-12-04,25.22,27.70,27.61,27.61,28.04,27.87,26.53,31.96
05/12/2025,2025-12-05,26.06,27.43,25.70,26.61,26.92,27.15,26.14,31.96
06/12/2025,2025-12-06,26.19,27.07,26.59,26.19,27.28,27.13,26.24,31.96
07/12/2025,2025-12-07,26.19,26.74,26.59,26.19,27.28,27.13,26.55,31.96
08/12/2025,2025-12-08,23.96,26.98,26.59,26.38,27.23,27.12,26.50,31.96
09/12/2025,2025-12-09,27.05,26.95,26.42,26.36,26.71,26.95,26.18,31.96
10/12/2025,2025-12-10,27.08,27.28,27.05,27.10,27.27,27.24,25.98,26.64
11/12/2025,2025-12-11,26.65,26.69,26.44,26.71,26.54,26.65,25.72,26.30
12/12/2025,2025-12-12,26.75,26.56,26.67,26.84,26.59,26.63,25.72,26.39
13/12/2025,2025-12-13,26.75,27.10,26.91,26.75,27.28,27.00,26.34,26.39
14/12/2025,2025-12-14,26.75,27.23,26.91,26.75,27.28,27.00,27.17,26.39
15/12/2025,2025-12-15,28.71,27.85,26.88,26.88,27.28,27.03,26.56,26.39
16/12/2025,2025-12-16,27.41,27.19,27.41,27.32,27.18,27.33,26.24,26.39
17/12/2025,2025-12-17,27.07,26.92,26.36,26.69,26.62,26.79,25.97,26.39
18/12/2025,2025-12-18,27.03,27.48,27.09,27.01,27.13,27.15,26.34,26.39
19/12/2025,2025-12-19,27.97,27.53,26.95,27.10,27.50,27.39,26.58,26.39
20/12/2025,2025-12-20,27.55,28.04,27.51,27.55,28.17,27.92,27.14,26.39
21/12/2025,2025-12-21,27.55,28.10,27.51,27.55,28.17,27.92,27.77,26.39
22/12/2025,2025-12-22,28.02,28.55,27.63,27.56,28.12,27.91,27.04,26.39
23/12/2025,2025-12-23,28.40,27.81,27.63,27.85,27.69,27.74,26.72,26.39
24/12/2025,2025-12-24,27.61,27.49,27.65,27.33,27.69,27.52,26.62,26.39
25/12/2025,2025-12-25,27.85,27.91,28.18,27.70,28.44,28.02,27.78,26.39
26/12/2025,2025-12-26,30.33,28.69,28.18,27.70,28.44,28.02,27.96,26.39
27/12/2025,2025-12-27,27.95,28.57,28.18,27.70,28.44,28.02,28.72,26.39
28/12/2025,2025-12-28,27.95,28.75,28.18,27.70,28.44,28.02,28.48,26.39
29/12/2025,2025-12-29,30.15,28.97,27.58,27.70,28.55,28.00,27.58,26.39
30/12/2025,2025-12-30,28.34,28.23,28.62,28.34,28.47,28.37,27.05,26.39
31/12/2025,2025-12-31,30.26,28.17,27.78,32.69,27.79,27.86,27.09,26.39
01/01/2026,2026-01-01,28.41,28.72,28.75,28.75,28.96,28.59,27.72,26.39
02/01/2026,2026-01-02,29.04,29.22,28.69,28.69,28.86,28.97,28.13,26.39
03/01/2026,2026-01-03,29.96,29.64,28.45,28.82,30.28,29.44,28.41,26.39
04/01/2026,2026-01-04,29.05,30.76,28.45,28.82,30.28,29.44,29.72,31.00
05/01/2026,2026-01-05,29.34,30.71,28.75,28.81,30.21,29.48,28.65,31.00
06/01/2026,2026-01-06,29.00,28.98,29.37,29.11,29.03,29.10,28.18,31.00
07/01/2026,2026-01-07,30.79,30.45,28.67,28.79,28.99,29.14,29.02,31.00
08/01/2026,2026-01-08,31.18,29.83,29.94,30.02,29.83,29.99,28.74,31.00
09/01/2026,2026-01-09,29.23,29.55,29.33,29.09,29.12,29.04,28.67,31.00
10/01/2026,2026-01-10,30.56,29.99,30.00,30.05,30.57,29.94,29.37,31.00
11/01/2026,2026-01-11,30.51,30.11,30.00,30.05,30.57,29.94,29.88,31.00
12/01/2026,2026-01-12,30.37,30.66,30.00,30.07,30.53,30.02,30.55,31.00
13/01/2026,2026-01-13,32.32,32.91,32.48,31.60,32.27,31.80,31.43,31.00
14/01/2026,2026-01-14,36.75,32.99,34.65,33.76,33.34,33.22,32.52,31.00
15/01/2026,2026-01-15,38.20,33.92,34.84,34.81,33.64,33.28,33.14,31.00
16/01/2026,2026-01-16,38.35,36.02,36.33,36.34,35.50,34.92,36.26,35.56
17/01/2026,2026-01-17,45.25,38.90,40.66,38.50,39.84,38.32,38.65,36.06
18/01/2026,2026-01-18,42.64,38.38,40.66,38.50,39.84,38.32,40.00,38.29
19/01/2026,2026-01-19,36.92,38.08,39.45,39.45,39.62,38.34,35.65,38.00
20/01/2026,2026-01-20,37.30,37.34,37.10,36.49,37.23,36.58,36.51,35.33
21/01/2026,2026-01-21,39.00,38.05,37.35,37.85,37.51,37.94,37.55,37.47
22/01/2026,2026-01-22,40.10,39.50,41.60,37.94,41.18,38.87,39.74,37.25
23/01/2026,2026-01-23,40.22,40.35,41.05,40.20,40.46,40.24,39.94,40.13
24/01/2026,2026-01-24,40.67,41.14,42.53,40.36,42.48,41.06,41.02,40.06
25/01/2026,2026-01-25,40.67,41.11,42.53,40.36,42.48,41.06,41.91,40.74
26/01/2026,2026-01-26,44.32,42.17,42.08,40.10,42.14,41.03,42.26,42.80
27/01/2026,2026-01-27,42.11,41.96,41.22,42.32,41.09,42.31,41.47,41.36
28/01/2026,2026-01-28,40.50,40.59,40.51,41.20,40.29,40.91,39.95,39.26
29/01/2026,2026-01-29,40.81,39.26,39.70,38.87,38.98,38.91,38.75,37.73
30/01/2026,2026-01-30,41.91,39.31,41.14,40.78,39.76,40.14,38.87,37.73
31/01/2026,2026-01-31,39.95,39.77,40.64,39.78,39.63,39.59,38.36,37.73
01/02/2026,2026-02-01,43.25,40.04,40.64,39.78,39.63,39.59,40.50,37.73
02/02/2026,2026-02-02,36.29,38.53,40.23,40.08,39.35,39.35,33.63,37.73
03/02/2026,2026-02-03,33.54,33.81,34.63,35.25,33.45,34.27,33.27,37.73
04/02/2026,2026-02-04,33.35,32.35,32.95,32.54,31.72,31.91,31.23,37.73
05/02/2026,2026-02-05,33.28,32.56,33.07,33.15,32.40,32.49,32.07,32.18
06/02/2026,2026-02-06,34.62,33.06,32.78,33.69,32.19,32.86,32.49,32.18
07/02/2026,2026-02-07,34.30,33.59,34.63,34.30,34.49,33.71,33.01,32.18
08/02/2026,2026-02-08,34.30,33.74,34.63,34.30,34.49,33.71,33.40,32.18
09/02/2026,2026-02-09,33.37,33.55,34.24,33.38,34.32,33.81,31.06,32.18
10/02/2026,2026-02-10,32.41,31.62,32.10,32.45,31.95,31.79,30.69,32.18
11/02/2026,2026-02-11,31.47,30.89,30.54,31.62,30.18,30.94,30.17,32.18
12/02/2026,2026-02-12,31.02,31.00,31.00,30.99,30.87,30.82,30.13,32.18
13/02/2026,2026-02-13,30.91,31.02,30.62,31.02,31.19,31.27,30.14,32.18
14/02/2026,2026-02-14,30.94,30.91,30.95,30.94,30.69,30.74,29.93,32.18
15/02/2026,2026-02-15,30.94,30.87,30.95,30.94,30.69,30.74,30.34,32.18
16/02/2026,2026-02-16,29.65,30.56,31.00,30.76,30.83,30.78,28.52,32.18
17/02/2026,2026-02-17,28.70,29.15,29.03,28.93,29.29,29.22,28.12,32.18
18/02/2026,2026-02-18,27.26,28.48,27.75,27.96,28.23,28.44,27.60,32.18
19/02/2026,2026-02-19,29.23,29.70,28.91,27.68,29.70,28.99,29.23,32.18
20/02/2026,2026-02-20,31.17,31.57,30.72,31.19,31.49,31.61,30.41,32.18
21/02/2026,2026-02-21,30.72,30.50,30.08,30.81,30.01,30.72,30.07,32.18
22/02/2026,2026-02-22,30.55,30.38,30.08,30.81,30.01,30.72,29.00,32.18
23/02/2026,2026-02-23,30.48,30.10,29.50,30.73,30.08,30.71,29.09,29.50
24/02/2026,2026-02-24,29.32,29.85,29.74,29.54,29.95,29.94,28.77,29.50
25/02/2026,2026-02-25,28.88,29.45,29.13,29.05,29.24,29.42,28.37,29.05
26/02/2026,2026-02-26,28.49,29.37,28.87,28.75,29.31,29.30,28.18,29.26
27/02/2026,2026-02-27,28.49,29.52,29.67,28.51,30.11,29.38,28.57,29.53
28/02/2026,2026-02-28,30.65,30.78,30.04,30.65,30.11,30.27,31.94,30.95
01/03/2026,2026-03-01,30.65,31.79,30.04,30.65,30.11,30.27,34.57,33.28
02/03/2026,2026-03-02,36.71,34.69,30.10,30.62,30.12,30.39,38.07,42.75
03/03/2026,2026-03-03,50.40,46.20,41.28,41.51,42.92,41.63,55.99,57.86
04/03/2026,2026-03-04,50.79,53.79,51.16,59.26,54.18,55.98,54.15,57.79
05/03/2026,2026-03-05,52.38,51.22,50.15,53.18,49.10,51.19,49.88,51.18
06/03/2026,2026-03-06,49.14,51.20,50.71,50.48,50.58,50.87,49.98,51.63
07/03/2026,2026-03-07,50.94,51.60,51.00,51.20,51.48,51.29,51.68,52.15
08/03/2026,2026-03-08,51.20,52.52,51.00,51.20,51.48,51.29,52.78,52.15
09/03/2026,2026-03-09,60.81,56.69,50.20,50.89,51.65,51.56,59.16,60.82
10/03/2026,2026-03-10,51.85,56.74,57.61,60.57,56.04,58.99,52.41,62.17
11/03/2026,2026-03-11,48.47,48.45,47.80,48.47,46.47,47.41,47.41,48.40
12/03/2026,2026-03-12,49.70,49.21,49.98,49.56,48.62,48.76,49.77,49.27
13/03/2026,2026-03-13,50.69,49.24,48.86,50.79,48.73,49.78,48.99,49.07
14/03/2026,2026-03-14,49.09,49.73,48.33,49.09,47.96,48.76,50.46,48.71
15/03/2026,2026-03-15,49.09,49.62,48.33,49.09,47.96,48.76,52.63,48.71
16/03/2026,2026-03-16,50.27,49.32,47.99,49.32,47.56,48.55,50.49,48.71
17/03/2026,2026-03-17,50.23,50.19,49.97,50.21,49.28,49.95,49.93,50.21
18/03/2026,2026-03-18,51.44,51.16,50.58,51.44,50.75,51.09,49.89,51.36
19/03/2026,2026-03-19,60.88,54.41,53.54,51.16,53.75,52.41,56.98,60.38
20/03/2026,2026-03-20,63.52,62.51,60.63,63.61,61.36,63.49,61.43,65.49
21/03/2026,2026-03-21,60.62,60.12,57.71,59.96,58.03,59.53,58.99,59.91
22/03/2026,2026-03-22,59.96,59.83,57.71,59.96,58.03,59.53,58.00,59.91
23/03/2026,2026-03-23,59.39,59.43,58.28,59.79,58.45,59.84,57.30,59.77
24/03/2026,2026-03-24,54.15,57.24,55.40,55.34,56.75,58.25,54.51,55.93
25/03/2026,2026-03-25,54.37,52.93,53.13,53.69,52.40,53.28,50.14,52.49
26/03/2026,2026-03-26,50.60,51.74,52.17,50.60,51.78,50.82,51.73,51.95
27/03/2026,2026-03-27,54.82,53.87,54.75,54.99,54.24,54.11,54.00,54.27
28/03/2026,2026-03-28,54.83,53.42,53.46,54.81,52.86,53.48,53.03,54.40
29/03/2026,2026-03-29,54.72,53.11,53.46,54.81,52.86,53.48,52.65,54.40
30/03/2026,2026-03-30,54.47,53.61,54.26,54.55,53.23,53.70,53.33,53.78
31/03/2026,2026-03-31,51.39,52.07,52.26,53.47,52.33,53.06,51.46,53.46
01/04/2026,2026-04-01,50.66,49.17,47.77,51.04,47.87,49.51,47.04,49.46
02/04/2026,2026-04-02,46.83,46.66,45.35,46.82,45.52,46.24,47.04,47.59
03/04/2026,2026-04-03,47.45,48.19,48.25,47.77,47.63,47.93,48.43,47.59
04/04/2026,2026-04-04,47.71,47.94,48.25,47.77,47.63,47.93,50.05,47.59
05/04/2026,2026-04-05,47.71,48.10,48.25,47.77,47.63,47.93,48.89,47.59
06/04/2026,2026-04-06,46.57,47.76,48.25,47.77,47.63,47.93,49.02,47.59
07/04/2026,2026-04-07,48.69,48.74,47.66,47.82,47.59,47.98,49.48,51.49
08/04/2026,2026-04-08,44.94,48.97,50.46,48.67,50.81,50.50,45.20,51.41
09/04/2026,2026-04-09,42.87,44.14,43.73,43.08,44.01,43.83,43.55,51.41
10/04/2026,2026-04-10,44.67,43.48,44.21,44.75,44.22,44.74,43.67,51.41
11/04/2026,2026-04-11,43.41,42.93,42.03,43.24,42.16,42.63,43.14,51.41
12/04/2026,2026-04-12,43.24,44.34,42.03,43.24,42.16,42.63,45.09,51.41
13/04/2026,2026-04-13,44.83,45.17,42.55,43.55,42.02,42.41,45.47,51.41
14/04/2026,2026-04-14,43.36,45.39,44.88,45.42,45.00,45.64,44.23,43.92
15/04/2026,2026-04-15,40.68,42.57,41.75,43.00,41.65,42.76,41.39,42.65
16/04/2026,2026-04-16,39.10,40.64,40.14,40.34,40.04,40.60,40.26,41.00
17/04/2026,2026-04-17,39.07,41.06,40.68,40.39,41.17,41.15,39.10,41.00
18/04/2026,2026-04-18,39.97,38.73,38.30,39.97,37.55,38.43,39.18,41.00
19/04/2026,2026-04-19,39.97,38.99,38.30,39.97,37.55,38.43,40.75,41.00
20/04/2026,2026-04-20,39.94,39.16,38.52,39.94,37.80,38.37,38.70,41.00
21/04/2026,2026-04-21,38.26,38.99,38.59,38.26,38.79,38.97,38.76,41.00
22/04/2026,2026-04-22,40.98,40.39,40.01,40.03,40.93,40.13,40.30,41.00
23/04/2026,2026-04-23,44.70,43.48,41.84,41.43,42.56,42.00,42.16,41.00
24/04/2026,2026-04-24,44.65,43.88,43.73,43.63,43.71,43.92,43.22,41.00
25/04/2026,2026-04-25,44.37,43.93,44.91,44.37,44.22,44.11,43.11,41.00
26/04/2026,2026-04-26,44.37,43.86,44.91,44.37,44.22,44.11,43.82,41.00
27/04/2026,2026-04-27,43.33,43.87,45.01,43.80,44.20,44.21,43.60,41.00
28/04/2026,2026-04-28,42.85,43.65,43.14,43.01,43.56,43.74,43.03,41.00
29/04/2026,2026-04-29,42.47,43.63,42.29,42.47,42.35,43.40,42.70,41.00
30/04/2026,2026-04-30,43.97,45.65,46.08,43.65,45.79,44.86,44.77,41.00
01/05/2026,2026-05-01,45.42,45.82,45.23,45.36,45.57,46.07,44.97,41.00
02/05/2026,2026-05-02,45.50,45.49,44.94,44.94,45.08,45.20,44.85,41.00
03/05/2026,2026-05-03,45.79,45.77,44.94,44.94,45.08,45.20,45.37,41.00
04/05/2026,2026-05-04,46.27,46.36,44.94,44.94,45.08,45.20,45.49,41.00
05/05/2026,2026-05-05,46.87,46.56,45.05,45.05,45.18,45.16,46.18,41.00
06/05/2026,2026-05-06,45.35,46.62,46.63,47.41,46.77,47.35,45.01,41.00
07/05/2026,2026-05-07,43.03,43.46,43.61,43.25,43.60,43.76,42.31,44.01
08/05/2026,2026-05-08,42.77,42.44,42.36,42.64,42.05,42.41,42.89,44.01
09/05/2026,2026-05-09,43.11,42.77,42.88,42.97,42.49,42.72,42.68,44.01
10/05/2026,2026-05-10,43.13,42.70,42.88,42.97,42.49,42.72,42.98,44.01
11/05/2026,2026-05-11,44.42,43.61,43.00,43.00,42.53,42.92,43.46,44.01
12/05/2026,2026-05-12,45.96,45.46,45.29,45.03,45.49,45.21,44.52,44.01
13/05/2026,2026-05-13,45.91,46.27,45.65,45.90,46.28,46.42,45.60,44.01
14/05/2026,2026-05-14,46.04,46.23,45.61,46.00,46.33,46.22,45.59,44.01
15/05/2026,2026-05-15,46.98,47.10,46.38,46.43,47.00,46.86,46.49,44.01
16/05/2026,2026-05-16,47.57,48.41,48.20,47.57,48.75,48.51,48.42,44.01
17/05/2026,2026-05-17,47.57,48.51,48.20,47.57,48.75,48.51,49.38,44.01
18/05/2026,2026-05-18,47.53,48.97,48.20,47.72,48.65,48.42,49.25,55.00
19/05/2026,2026-05-19,48.70,49.08,47.89,48.21,48.48,49.12,49.36,55.00
20/05/2026,2026-05-20,49.47,50.08,49.44,49.46,50.22,49.88,49.73,55.00
21/05/2026,2026-05-21,48.42,48.54,47.89,48.94,48.31,49.11,48.28,55.00
22/05/2026,2026-05-22,47.04,48.02,47.70,47.07,47.56,48.10,46.92,55.00
23/05/2026,2026-05-23,46.31,46.66,46.43,46.50,46.27,46.60,46.49,55.00
24/05/2026,2026-05-24,46.50,45.52,46.43,46.50,46.27,46.60,45.00,55.00
25/05/2026,2026-05-25,46.48,45.78,46.43,46.50,46.27,46.60,45.26,55.00
26/05/2026,2026-05-26,45.77,45.95,46.50,46.20,46.59,46.76,44.81,55.00
27/05/2026,2026-05-27,45.66,45.96,45.98,45.95,46.03,46.15,44.60,55.00
28/05/2026,2026-05-28,48.04,45.74,44.97,44.91,45.58,45.36,45.43,55.00
29/05/2026,2026-05-29,46.11,46.18,45.46,46.33,45.56,46.25,45.72,55.00
30/05/2026,2026-05-30,45.71,45.05,43.41,45.84,43.92,44.91,45.35,55.00
31/05/2026,2026-05-31,45.84,44.82,43.41,45.84,43.92,44.91,45.34,55.00
01/06/2026,2026-06-01,45.17,46.77,44.95,45.17,44.99,45.61,46.83,55.00
02/06/2026,2026-06-02,46.83,48.05,48.92,47.19,48.75,47.91,47.10,55.00
03/06/2026,2026-06-03,48.62,47.97,47.25,47.16,47.79,47.77,48.81,55.00
04/06/2026,2026-06-04,48.17,48.42,48.41,49.25,48.34,48.69,48.24,55.00
05/06/2026,2026-06-05,44.46,48.39,48.58,49.00,48.18,48.34,47.75,55.00
06/06/2026,2026-06-06,48.50,48.08,47.76,48.50,47.90,48.17,47.91,55.00
07/06/2026,2026-06-07,48.50,48.05,47.76,48.50,47.90,48.17,48.08,55.00
08/06/2026,2026-06-08,48.99,48.61,48.03,48.50,48.15,48.32,49.51,55.00
09/06/2026,2026-06-09,48.85,49.40,49.05,49.60,49.28,49.72,48.98,55.00
10/06/2026,2026-06-10,48.41,48.40,47.67,48.31,47.86,48.45,48.37,55.00
11/06/2026,2026-06-11,49.18,49.03,48.80,48.50,48.80,48.62,48.77,55.00
12/06/2026,2026-06-12,47.20,48.43,49.17,49.04,49.40,49.40,47.43,46.00
13/06/2026,2026-06-13,45.55,45.98,46.10,45.55,45.41,45.80,45.86,46.00
14/06/2026,2026-06-14,45.55,46.10,46.10,45.55,45.41,45.80,45.41,46.00
15/06/2026,2026-06-15,44.94,45.96,46.10,45.61,46.13,46.27,43.18,45.00
16/06/2026,2026-06-16,42.70,43.19,42.71,43.76,42.71,43.34,42.62,45.00
17/06/2026,2026-06-17,40.14,42.34,42.04,42.10,42.51,42.31,41.17,45.00
18/06/2026,2026-06-18,41.13,41.62,42.05,42.08,41.90,41.69,40.45,45.00
19/06/2026,2026-06-19,41.13,41.39,40.65,40.78,41.20,41.09,41.02,45.00
20/06/2026,2026-06-20,42.13,41.92,41.95,42.13,42.55,42.23,41.60,45.00
21/06/2026,2026-06-21,42.13,42.21,41.95,42.13,42.55,42.23,42.03,45.00
22/06/2026,2026-06-22,42.15,42.72,41.95,42.10,42.76,42.37,42.07,45.00
23/06/2026,2026-06-23,43.23,42.67,41.94,42.42,42.55,42.74,41.71,45.00
24/06/2026,2026-06-24,41.26,41.99,42.90,41.99,42.53,42.13,41.17,45.00
25/06/2026,2026-06-25,40.35,41.68,41.15,41.71,41.40,41.75,40.68,45.00
26/06/2026,2026-06-26,41.11,40.92,40.82,41.08,41.07,40.96,40.32,45.00
27/06/2026,2026-06-27,40.83,41.06,40.51,40.83,40.76,40.75,40.52,44.00
28/06/2026,2026-06-28,45.61,41.19,40.51,40.83,40.76,40.75,42.19,44.00
29/06/2026,2026-06-29,44.52,41.67,40.97,40.95,40.86,40.94,41.58,44.00
30/06/2026,2026-06-30,44.70,42.57,42.92,43.22,42.41,42.29,42.24,44.00
01/07/2026,2026-07-01,44.03,43.85,43.59,44.20,43.67,43.53,43.24,44.00
02/07/2026,2026-07-02,45.87,43.76,43.77,43.66,43.21,43.80,43.19,44.00
03/07/2026,2026-07-03,45.43,44.89,44.26,44.17,44.91,44.39,43.97,44.00
04/07/2026,2026-07-04,44.67,45.62,45.14,44.67,45.50,45.23,44.85,44.00
05/07/2026,2026-07-05,47.05,45.63,45.14,44.67,45.50,45.23,45.01,44.00
06/07/2026,2026-07-06,45.59,45.58,45.33,45.80,45.73,45.42,44.53,44.00
07/07/2026,2026-07-07,45.73,46.33,45.79,45.36,45.16,45.40,45.52,44.00
08/07/2026,2026-07-08,49.93,48.11,48.13,47.22,48.50,47.67,48.24,44.00
09/07/2026,2026-07-09,49.78,50.53,50.05,49.59,50.38,49.90,48.61,57.00
10/07/2026,2026-07-10,49.66,50.29,51.11,49.93,51.41,50.65,49.13,57.00
11/07/2026,2026-07-11,50.91,49.76,49.46,49.15,49.03,49.45,48.92,57.00
12/07/2026,2026-07-12,49.15,49.93,49.46,49.15,49.03,49.45,49.30,57.00
13/07/2026,2026-07-13,49.57,51.15,49.27,49.48,49.41,49.75,50.62,57.00
14/07/2026,2026-07-14,55.00,54.23,52.57,51.67,53.08,52.36,53.79,57.00
15/07/2026,2026-07-15,56.49,55.60,55.70,55.13,55.98,55.24,55.10,57.00
16/07/2026,2026-07-16,57.53,57.16,56.80,56.57,57.33,56.92,56.13,57.50
17/07/2026,2026-07-17,57.68,57.82,57.77,57.59,57.73,57.54,56.78,57.50
18/07/2026,2026-07-18,58.80,59.40,59.40,58.80,59.58,59.00,58.47,57.50
19/07/2026,2026-07-19,58.80,59.75,59.40,58.80,59.58,59.00,61.26,57.50
20/07/2026,2026-07-20,59.65,60.38,59.23,59.08,60.03,59.39,60.23,57.50
21/07/2026,2026-07-21,63.04,61.60,61.16,60.56,61.06,61.09,60.37,57.50
22/07/2026,2026-07-22,63.30,62.77,62.79,62.28,62.24,62.14,62.11,57.50
23/07/2026,2026-07-23,65.36,65.03,66.13,65.02,65.02,64.58,64.24,57.50
24/07/2026,2026-07-24,65.04,64.59,64.80,65.04,64.58,64.79,63.72,57.50
25/07/2026,2026-07-25,67.61,64.56,64.60,64.19,65.01,64.62,63.89,57.50
26/07/2026,2026-07-26,67.12,64.36,64.60,64.19,65.01,64.62,64.05,57.50
27/07/2026,2026-07-27,64.63,63.14,64.60,64.53,65.03,64.78,59.44,57.50
28/07/2026,2026-07-28,58.79,59.66,60.11,60.80,59.90,60.17,57.66,57.50
29/07/2026,2026-07-29,59.78,59.20,58.01,58.37,58.01,58.40,58.45,57.50
30/07/2026,2026-07-30,60.36,60.57,61.66,60.32,61.40,60.91,59.42,60.00
31/07/2026,2026-07-31,56.02,59.74,59.24,60.29,59.33,59.87,58.72,60.00
01/08/2026,2026-08-01,60.53,59.68,58.61,59.77,58.78,59.34,59.44,60.00
02/08/2026,2026-08-02,60.51,59.50,58.61,59.77,58.78,59.34,59.55,60.00
03/08/2026,2026-08-03,55.33,59.03,58.81,60.50,58.98,59.44,57.60,59.00
04/08/2026,2026-08-04,55.84,58.43,57.48,58.52,57.82,58.09,57.65,56.50
05/08/2026,2026-08-05,54.02,57.09,56.64,58.64,56.10,57.79,55.87,56.50
06/08/2026,2026-08-06,51.36,54.28,52.24,54.01,52.41,54.09,52.98,56.50
07/08/2026,2026-08-07,54.05,55.04,55.51,53.96,55.84,54.76,54.32,56.50
08/08/2026,2026-08-08,55.84,55.44,54.34,55.84,54.62,55.33,54.55,56.50
09/08/2026,2026-08-09,55.84,55.68,54.34,55.84,54.62,55.33,55.77,56.50
10/08/2026,2026-08-10,54.39,56.54,54.68,56.60,54.85,55.56,57.63,56.50
11/08/2026,2026-08-11,58.41,59.54,59.23,58.29,60.44,59.23,59.34,56.50
12/08/2026,2026-08-12,58.75,59.92,58.48,59.15,59.05,59.74,59.57,56.50
13/08/2026,2026-08-13,59.92,60.27,60.13,60.12,60.45,60.51,59.12,60.00
14/08/2026,2026-08-14,63.71,60.02,59.98,59.28,60.77,59.61,59.73,62.50
15/08/2026,2026-08-15,61.11,61.03,59.94,60.20,60.92,60.92,60.10,62.00
16/08/2026,2026-08-16,60.20,61.67,59.94,60.20,60.92,60.92,62.66,62.00
17/08/2026,2026-08-17,60.61,62.13,60.10,60.65,60.94,61.00,61.13,62.00
18/08/2026,2026-08-18,61.11,62.06,61.61,62.19,61.77,61.95,61.33,62.00
19/08/2026,2026-08-19,62.55,63.00,62.73,62.37,63.61,62.71,62.57,62.00
20/08/2026,2026-08-20,63.13,63.74,63.23,63.00,63.47,63.38,63.58,62.00
21/08/2026,2026-08-21,65.42,65.12,65.08,64.35,65.61,64.98,65.50,67.75
22/08/2026,2026-08-22,66.10,66.17,65.85,66.10,66.43,66.20,65.78,67.75
23/08/2026,2026-08-23,66.10,66.06,65.85,66.10,66.43,66.20,66.07,67.75
24/08/2026,2026-08-24,66.92,66.62,66.47,66.92,66.64,66.45,66.43,68.25
25/08/2026,2026-08-25,66.44,67.03,67.24,66.44,67.97,67.31,66.48,69.00
26/08/2026,2026-08-26,66.08,66.28,65.42,66.08,66.10,66.57,64.48,69.00
27/08/2026,2026-08-27,64.12,65.27,64.88,63.61,65.86,64.78,64.56,69.00
28/08/2026,2026-08-28,68.35,67.18,67.82,66.06,68.38,66.89,67.32,69.00
29/08/2026,2026-08-29,68.94,67.54,66.42,68.95,66.55,67.83,67.07,69.00
30/08/2026,2026-08-30,68.94,67.01,66.42,68.95,66.55,67.83,66.23,69.00
31/08/2026,2026-08-31,66.66,68.00,66.42,68.95,66.55,67.83,69.02,70.25
01/09/2026,2026-09-01,69.56,69.78,66.28,66.28,66.44,67.54,70.21,71.50
02/09/2026,2026-09-02,74.17,72.25,71.85,71.80,72.48,71.67,72.01,74.15
03/09/2026,2026-09-03,68.62,73.70,73.06,73.56,73.91,73.83,72.60,73.63
04/09/2026,2026-09-04,73.16,72.83,72.85,72.97,72.10,72.97,71.93,73.43
05/09/2026,2026-09-05,71.41,73.23,72.60,71.41,72.74,72.30,72.56,73.43
06/09/2026,2026-09-06,71.41,75.04,72.60,71.41,72.74,72.30,77.64,73.43
07/09/2026,2026-09-07,73.47,75.05,72.58,72.30,72.75,72.45,74.81,75.00
08/09/2026,2026-09-08,75.21,75.13,74.50,74.58,74.76,74.78,74.25,77.50
09/09/2026,2026-09-09,76.12,77.19,76.39,76.12,77.44,76.48,77.92,80.15
10/09/2026,2026-09-10,80.99,80.31,80.44,79.54,80.77,79.88,80.46,85.00
11/09/2026,2026-09-11,,,83.01,81.65,83.46,82.50,,
