dia,data_iso,produto,entrega_inicio,entrega_fim,spread,ttf_derivado
02/01/2024,2024-01-02,D+1,2024-01-03,2024-01-03,1.241,28.87
02/01/2024,2024-01-02,D+2,2024-01-04,2024-01-04,1.188,
02/01/2024,2024-01-02,D+3,2024-01-05,2024-01-05,1.136,
02/01/2024,2024-01-02,W,2024-10-01,2025-03-31,-1.406,
02/01/2024,2024-01-02,BoM,2024-01-03,2024-01-31,0.531,
02/01/2024,2024-01-02,M+1,2024-02-01,2024-02-29,-1.0,
02/01/2024,2024-01-02,M+2,2024-03-01,2024-03-31,-1.55,
02/01/2024,2024-01-02,M+3,2024-04-01,2024-04-30,-1.398,
02/01/2024,2024-01-02,Q+1,2024-04-01,2024-06-30,-1.35,
02/01/2024,2024-01-02,Q+2,2024-07-01,2024-09-30,-1.391,
02/01/2024,2024-01-02,Q+3,2024-10-01,2024-12-31,-1.614,
02/01/2024,2024-01-02,Q+4,2025-01-01,2025-03-31,-1.212,
02/01/2024,2024-01-02,S,2025-04-01,2025-09-30,-1.072,
02/01/2024,2024-01-02,Y+1,2025-01-01,2025-12-31,-1.15,
02/01/2024,2024-01-02,Y+2,2026-01-01,2026-12-31,-1.115,
03/01/2024,2024-01-03,D+1,2024-01-04,2024-01-04,1.024,31.8
03/01/2024,2024-01-03,D+2,2024-01-05,2024-01-05,0.982,
03/01/2024,2024-01-03,D+3,2024-01-06,2024-01-06,0.94,
03/01/2024,2024-01-03,W,2024-10-01,2025-03-31,-1.28,
03/01/2024,2024-01-03,BoM,2024-01-04,2024-01-31,-0.928,
03/01/2024,2024-01-03,M+1,2024-02-01,2024-02-29,-0.725,
03/01/2024,2024-01-03,M+2,2024-03-01,2024-03-31,-1.45,
03/01/2024,2024-01-03,M+3,2024-04-01,2024-04-30,-1.305,
03/01/2024,2024-01-03,Q+1,2024-04-01,2024-06-30,-1.3,
03/01/2024,2024-01-03,Q+2,2024-07-01,2024-09-30,-1.268,
03/01/2024,2024-01-03,Q+3,2024-10-01,2024-12-31,-1.411,
03/01/2024,2024-01-03,Q+4,2025-01-01,2025-03-31,-1.189,
03/01/2024,2024-01-03,S,2025-04-01,2025-09-30,-1.06,
03/01/2024,2024-01-03,Y+1,2025-01-01,2025-12-31,-1.1,
03/01/2024,2024-01-03,Y+2,2026-01-01,2026-12-31,-0.92,
04/01/2024,2024-01-04,D+1,2024-01-05,2024-01-05,0.24,32.53
04/01/2024,2024-01-04,D+2,2024-01-06,2024-01-06,0.211,
04/01/2024,2024-01-04,D+3,2024-01-07,2024-01-07,0.181,
04/01/2024,2024-01-04,W,2024-10-01,2025-03-31,-1.371,
04/01/2024,2024-01-04,BoM,2024-01-05,2024-01-31,0.268,
04/01/2024,2024-01-04,M+1,2024-02-01,2024-02-29,-0.95,
04/01/2024,2024-01-04,M+2,2024-03-01,2024-03-31,-1.35,
04/01/2024,2024-01-04,M+3,2024-04-01,2024-04-30,-1.32,
04/01/2024,2024-01-04,Q+1,2024-04-01,2024-06-30,-1.3,
04/01/2024,2024-01-04,Q+2,2024-07-01,2024-09-30,-1.312,
04/01/2024,2024-01-04,Q+3,2024-10-01,2024-12-31,-1.472,
04/01/2024,2024-01-04,Q+4,2025-01-01,2025-03-31,-1.257,
04/01/2024,2024-01-04,S,2025-04-01,2025-09-30,-1.046,
04/01/2024,2024-01-04,Y+1,2025-01-01,2025-12-31,-1.1,
04/01/2024,2024-01-04,Y+2,2026-01-01,2026-12-31,-1.058,
05/01/2024,2024-01-05,D+1,2024-01-06,2024-01-06,0.633,33.97
05/01/2024,2024-01-05,D+2,2024-01-07,2024-01-07,0.576,
05/01/2024,2024-01-05,D+3,2024-01-08,2024-01-08,0.519,
05/01/2024,2024-01-05,W,2024-10-01,2025-03-31,-1.843,
05/01/2024,2024-01-05,BoM,2024-01-06,2024-01-31,-0.052,
05/01/2024,2024-01-05,M+1,2024-02-01,2024-02-29,-1.621,
05/01/2024,2024-01-05,M+2,2024-03-01,2024-03-31,-1.647,
05/01/2024,2024-01-05,M+3,2024-04-01,2024-04-30,-1.597,
05/01/2024,2024-01-05,Q+1,2024-04-01,2024-06-30,-1.64,
05/01/2024,2024-01-05,Q+2,2024-07-01,2024-09-30,-1.659,
05/01/2024,2024-01-05,Q+3,2024-10-01,2024-12-31,-1.801,
05/01/2024,2024-01-05,Q+4,2025-01-01,2025-03-31,-1.871,
05/01/2024,2024-01-05,S,2025-04-01,2025-09-30,-1.608,
05/01/2024,2024-01-05,Y+1,2025-01-01,2025-12-31,-1.695,
05/01/2024,2024-01-05,Y+2,2026-01-01,2026-12-31,-1.512,
08/01/2024,2024-01-08,D+1,2024-01-09,2024-01-09,0.896,31.47
08/01/2024,2024-01-08,D+2,2024-01-10,2024-01-10,0.843,
08/01/2024,2024-01-08,D+3,2024-01-11,2024-01-11,0.789,
08/01/2024,2024-01-08,W,2024-10-01,2025-03-31,-1.192,
08/01/2024,2024-01-08,BoM,2024-01-09,2024-01-31,0.264,
08/01/2024,2024-01-08,M+1,2024-02-01,2024-02-29,-1.05,
08/01/2024,2024-01-08,M+2,2024-03-01,2024-03-31,-1.1,
08/01/2024,2024-01-08,M+3,2024-04-01,2024-04-30,-1.213,
08/01/2024,2024-01-08,Q+1,2024-04-01,2024-06-30,-1.15,
08/01/2024,2024-01-08,Q+2,2024-07-01,2024-09-30,-1.08,
08/01/2024,2024-01-08,Q+3,2024-10-01,2024-12-31,-1.173,
08/01/2024,2024-01-08,Q+4,2025-01-01,2025-03-31,-1.15,
08/01/2024,2024-01-08,S,2025-04-01,2025-09-30,-1.048,
08/01/2024,2024-01-08,Y+1,2025-01-01,2025-12-31,-1.05,
08/01/2024,2024-01-08,Y+2,2026-01-01,2026-12-31,-1.007,
09/01/2024,2024-01-09,D+1,2024-01-10,2024-01-10,0.139,31.1
09/01/2024,2024-01-09,D+2,2024-01-11,2024-01-11,0.101,
09/01/2024,2024-01-09,D+3,2024-01-12,2024-01-12,0.064,
09/01/2024,2024-01-09,W,2024-10-01,2025-03-31,-1.021,
09/01/2024,2024-01-09,BoM,2024-01-10,2024-01-31,0.446,
09/01/2024,2024-01-09,M+1,2024-02-01,2024-02-29,-1.2,
09/01/2024,2024-01-09,M+2,2024-03-01,2024-03-31,-1.0,
09/01/2024,2024-01-09,M+3,2024-04-01,2024-04-30,-0.7,
09/01/2024,2024-01-09,Q+1,2024-04-01,2024-06-30,-0.9,
09/01/2024,2024-01-09,Q+2,2024-07-01,2024-09-30,-0.592,
09/01/2024,2024-01-09,Q+3,2024-10-01,2024-12-31,-0.676,
09/01/2024,2024-01-09,Q+4,2025-01-01,2025-03-31,-1.203,
09/01/2024,2024-01-09,S,2025-04-01,2025-09-30,-1.171,
09/01/2024,2024-01-09,Y+1,2025-01-01,2025-12-31,-1.2,
09/01/2024,2024-01-09,Y+2,2026-01-01,2026-12-31,-1.003,
10/01/2024,2024-01-10,D+1,2024-01-11,2024-01-11,-0.401,31.25
10/01/2024,2024-01-10,D+2,2024-01-12,2024-01-12,-0.437,
10/01/2024,2024-01-10,D+3,2024-01-13,2024-01-13,-0.473,
10/01/2024,2024-01-10,W,2024-10-01,2025-03-31,-0.998,
10/01/2024,2024-01-10,BoM,2024-01-11,2024-01-31,-0.764,
10/01/2024,2024-01-10,M+1,2024-02-01,2024-02-29,-1.65,
10/01/2024,2024-01-10,M+2,2024-03-01,2024-03-31,-1.5,
10/01/2024,2024-01-10,M+3,2024-04-01,2024-04-30,-1.378,
10/01/2024,2024-01-10,Q+1,2024-04-01,2024-06-30,-1.25,
10/01/2024,2024-01-10,Q+2,2024-07-01,2024-09-30,-0.979,
10/01/2024,2024-01-10,Q+3,2024-10-01,2024-12-31,-0.983,
10/01/2024,2024-01-10,Q+4,2025-01-01,2025-03-31,-1.14,
10/01/2024,2024-01-10,S,2025-04-01,2025-09-30,-0.923,
10/01/2024,2024-01-10,Y+1,2025-01-01,2025-12-31,-0.9,
10/01/2024,2024-01-10,Y+2,2026-01-01,2026-12-31,-0.871,
11/01/2024,2024-01-11,D+1,2024-01-12,2024-01-12,-0.546,30.98
11/01/2024,2024-01-11,D+2,2024-01-13,2024-01-13,-0.579,
11/01/2024,2024-01-11,D+3,2024-01-14,2024-01-14,-0.612,
11/01/2024,2024-01-11,W,2024-10-01,2025-03-31,-1.169,
11/01/2024,2024-01-11,BoM,2024-01-12,2024-01-31,-0.828,
11/01/2024,2024-01-11,M+1,2024-02-01,2024-02-29,-1.65,
11/01/2024,2024-01-11,M+2,2024-03-01,2024-03-31,-1.45,
11/01/2024,2024-01-11,M+3,2024-04-01,2024-04-30,-0.924,
11/01/2024,2024-01-11,Q+1,2024-04-01,2024-06-30,-0.95,
11/01/2024,2024-01-11,Q+2,2024-07-01,2024-09-30,-0.887,
11/01/2024,2024-01-11,Q+3,2024-10-01,2024-12-31,-0.991,
11/01/2024,2024-01-11,Q+4,2025-01-01,2025-03-31,-1.345,
11/01/2024,2024-01-11,S,2025-04-01,2025-09-30,-1.155,
11/01/2024,2024-01-11,Y+1,2025-01-01,2025-12-31,-1.25,
11/01/2024,2024-01-11,Y+2,2026-01-01,2026-12-31,-1.107,
12/01/2024,2024-01-12,D+1,2024-01-13,2024-01-13,-1.258,32.16
12/01/2024,2024-01-12,D+2,2024-01-14,2024-01-14,-1.27,
12/01/2024,2024-01-12,D+3,2024-01-15,2024-01-15,-1.282,
12/01/2024,2024-01-12,W,2024-10-01,2025-03-31,-1.262,
12/01/2024,2024-01-12,BoM,2024-01-13,2024-01-31,-1.302,
12/01/2024,2024-01-12,M+1,2024-02-01,2024-02-29,-1.65,
12/01/2024,2024-01-12,M+2,2024-03-01,2024-03-31,-1.35,
12/01/2024,2024-01-12,M+3,2024-04-01,2024-04-30,-0.939,
12/01/2024,2024-01-12,Q+1,2024-04-01,2024-06-30,-0.95,
12/01/2024,2024-01-12,Q+2,2024-07-01,2024-09-30,-1.094,
12/01/2024,2024-01-12,Q+3,2024-10-01,2024-12-31,-1.209,
12/01/2024,2024-01-12,Q+4,2025-01-01,2025-03-31,-1.249,
12/01/2024,2024-01-12,S,2025-04-01,2025-09-30,-1.201,
12/01/2024,2024-01-12,Y+1,2025-01-01,2025-12-31,-1.15,
12/01/2024,2024-01-12,Y+2,2026-01-01,2026-12-31,-1.136,
15/01/2024,2024-01-15,D+1,2024-01-16,2024-01-16,-0.838,30.31
15/01/2024,2024-01-15,D+2,2024-01-17,2024-01-17,-0.86,
15/01/2024,2024-01-15,D+3,2024-01-18,2024-01-18,-0.883,
15/01/2024,2024-01-15,W,2024-10-01,2025-03-31,-1.218,
15/01/2024,2024-01-15,BoM,2024-01-16,2024-01-31,-1.083,
15/01/2024,2024-01-15,M+1,2024-02-01,2024-02-29,-1.5,
15/01/2024,2024-01-15,M+2,2024-03-01,2024-03-31,-1.5,
15/01/2024,2024-01-15,M+3,2024-04-01,2024-04-30,-1.258,
15/01/2024,2024-01-15,Q+1,2024-04-01,2024-06-30,-1.3,
15/01/2024,2024-01-15,Q+2,2024-07-01,2024-09-30,-0.997,
15/01/2024,2024-01-15,Q+3,2024-10-01,2024-12-31,-1.06,
15/01/2024,2024-01-15,Q+4,2025-01-01,2025-03-31,-1.322,
15/01/2024,2024-01-15,S,2025-04-01,2025-09-30,-1.241,
15/01/2024,2024-01-15,Y+1,2025-01-01,2025-12-31,-1.3,
15/01/2024,2024-01-15,Y+2,2026-01-01,2026-12-31,-1.184,
16/01/2024,2024-01-16,D+1,2024-01-17,2024-01-17,-1.382,29.89
16/01/2024,2024-01-16,D+2,2024-01-18,2024-01-18,-1.389,
16/01/2024,2024-01-16,D+3,2024-01-19,2024-01-19,-1.395,
16/01/2024,2024-01-16,W,2024-10-01,2025-03-31,-1.512,
16/01/2024,2024-01-16,BoM,2024-01-17,2024-01-31,-1.426,
16/01/2024,2024-01-16,M+1,2024-02-01,2024-02-29,-1.574,
16/01/2024,2024-01-16,M+2,2024-03-01,2024-03-31,-1.628,
16/01/2024,2024-01-16,M+3,2024-04-01,2024-04-30,-1.638,
16/01/2024,2024-01-16,Q+1,2024-04-01,2024-06-30,-1.64,
16/01/2024,2024-01-16,Q+2,2024-07-01,2024-09-30,-1.603,
16/01/2024,2024-01-16,Q+3,2024-10-01,2024-12-31,-1.871,
16/01/2024,2024-01-16,Q+4,2025-01-01,2025-03-31,-1.129,
16/01/2024,2024-01-16,S,2025-04-01,2025-09-30,-0.958,
16/01/2024,2024-01-16,Y+1,2025-01-01,2025-12-31,-0.995,
16/01/2024,2024-01-16,Y+2,2026-01-01,2026-12-31,-0.973,
17/01/2024,2024-01-17,D+1,2024-01-18,2024-01-18,-1.477,28.03
17/01/2024,2024-01-17,D+2,2024-01-19,2024-01-19,-1.485,
17/01/2024,2024-01-17,D+3,2024-01-20,2024-01-20,-1.493,
17/01/2024,2024-01-17,W,2024-10-01,2025-03-31,-1.702,
17/01/2024,2024-01-17,BoM,2024-01-18,2024-01-31,-1.581,
17/01/2024,2024-01-17,M+1,2024-02-01,2024-02-29,-1.7,
17/01/2024,2024-01-17,M+2,2024-03-01,2024-03-31,-1.55,
17/01/2024,2024-01-17,M+3,2024-04-01,2024-04-30,-1.699,
17/01/2024,2024-01-17,Q+1,2024-04-01,2024-06-30,-1.0,
17/01/2024,2024-01-17,Q+2,2024-07-01,2024-09-30,-1.795,
17/01/2024,2024-01-17,Q+3,2024-10-01,2024-12-31,-2.019,
17/01/2024,2024-01-17,Q+4,2025-01-01,2025-03-31,-1.341,
17/01/2024,2024-01-17,S,2025-04-01,2025-09-30,-1.18,
17/01/2024,2024-01-17,Y+1,2025-01-01,2025-12-31,-1.2,
17/01/2024,2024-01-17,Y+2,2026-01-01,2026-12-31,-1.1,
18/01/2024,2024-01-18,D+1,2024-01-19,2024-01-19,-1.135,28.6
18/01/2024,2024-01-18,D+2,2024-01-20,2024-01-20,-1.149,
18/01/2024,2024-01-18,D+3,2024-01-21,2024-01-21,-1.163,
18/01/2024,2024-01-18,W,2024-10-01,2025-03-31,-1.112,
18/01/2024,2024-01-18,BoM,2024-01-19,2024-01-31,-1.227,
18/01/2024,2024-01-18,M+1,2024-02-01,2024-02-29,-1.5,
18/01/2024,2024-01-18,M+2,2024-03-01,2024-03-31,-1.4,
18/01/2024,2024-01-18,M+3,2024-04-01,2024-04-30,-1.585,
18/01/2024,2024-01-18,Q+1,2024-04-01,2024-06-30,-1.15,
18/01/2024,2024-01-18,Q+2,2024-07-01,2024-09-30,-0.753,
18/01/2024,2024-01-18,Q+3,2024-10-01,2024-12-31,-0.805,
18/01/2024,2024-01-18,Q+4,2025-01-01,2025-03-31,-1.441,
18/01/2024,2024-01-18,S,2025-04-01,2025-09-30,-1.295,
18/01/2024,2024-01-18,Y+1,2025-01-01,2025-12-31,-1.35,
18/01/2024,2024-01-18,Y+2,2026-01-01,2026-12-31,-1.178,
19/01/2024,2024-01-19,D+1,2024-01-20,2024-01-20,0.15,28.08
19/01/2024,2024-01-19,D+2,2024-01-21,2024-01-21,0.086,
19/01/2024,2024-01-19,D+3,2024-01-22,2024-01-22,0.021,
19/01/2024,2024-01-19,W,2024-10-01,2025-03-31,-1.214,
19/01/2024,2024-01-19,BoM,2024-01-20,2024-01-31,-0.144,
19/01/2024,2024-01-19,M+1,2024-02-01,2024-02-29,-1.5,
19/01/2024,2024-01-19,M+2,2024-03-01,2024-03-31,-1.3,
19/01/2024,2024-01-19,M+3,2024-04-01,2024-04-30,-1.188,
19/01/2024,2024-01-19,Q+1,2024-04-01,2024-06-30,-1.2,
19/01/2024,2024-01-19,Q+2,2024-07-01,2024-09-30,-0.806,
19/01/2024,2024-01-19,Q+3,2024-10-01,2024-12-31,-0.932,
19/01/2024,2024-01-19,Q+4,2025-01-01,2025-03-31,-1.444,
19/01/2024,2024-01-19,S,2025-04-01,2025-09-30,-1.244,
19/01/2024,2024-01-19,Y+1,2025-01-01,2025-12-31,-1.3,
19/01/2024,2024-01-19,Y+2,2026-01-01,2026-12-31,-1.17,
22/01/2024,2024-01-22,D+1,2024-01-23,2024-01-23,0.491,26.99
22/01/2024,2024-01-22,D+2,2024-01-24,2024-01-24,0.429,
22/01/2024,2024-01-22,D+3,2024-01-25,2024-01-25,0.367,
22/01/2024,2024-01-22,W,2024-10-01,2025-03-31,-1.178,
22/01/2024,2024-01-22,BoM,2024-01-23,2024-01-31,0.235,
22/01/2024,2024-01-22,M+1,2024-02-01,2024-02-29,-0.9,
22/01/2024,2024-01-22,M+2,2024-03-01,2024-03-31,-1.05,
22/01/2024,2024-01-22,M+3,2024-04-01,2024-04-30,-0.632,
22/01/2024,2024-01-22,Q+1,2024-04-01,2024-06-30,-0.8,
22/01/2024,2024-01-22,Q+2,2024-07-01,2024-09-30,-0.994,
22/01/2024,2024-01-22,Q+3,2024-10-01,2024-12-31,-1.067,
22/01/2024,2024-01-22,Q+4,2025-01-01,2025-03-31,-1.539,
22/01/2024,2024-01-22,S,2025-04-01,2025-09-30,-1.158,
22/01/2024,2024-01-22,Y+1,2025-01-01,2025-12-31,-1.3,
22/01/2024,2024-01-22,Y+2,2026-01-01,2026-12-31,-1.07,
23/01/2024,2024-01-23,D+1,2024-01-24,2024-01-24,0.145,26.78
23/01/2024,2024-01-23,D+2,2024-01-25,2024-01-25,0.096,
23/01/2024,2024-01-23,D+3,2024-01-26,2024-01-26,0.048,
23/01/2024,2024-01-23,W,2024-10-01,2025-03-31,-1.233,
23/01/2024,2024-01-23,BoM,2024-01-24,2024-01-31,-0.046,
23/01/2024,2024-01-23,M+1,2024-02-01,2024-02-29,-0.9,
23/01/2024,2024-01-23,M+2,2024-03-01,2024-03-31,-0.9,
23/01/2024,2024-01-23,M+3,2024-04-01,2024-04-30,-0.986,
23/01/2024,2024-01-23,Q+1,2024-04-01,2024-06-30,-0.95,
23/01/2024,2024-01-23,Q+2,2024-07-01,2024-09-30,-0.851,
23/01/2024,2024-01-23,Q+3,2024-10-01,2024-12-31,-0.965,
23/01/2024,2024-01-23,Q+4,2025-01-01,2025-03-31,-1.461,
23/01/2024,2024-01-23,S,2025-04-01,2025-09-30,-1.265,
23/01/2024,2024-01-23,Y+1,2025-01-01,2025-12-31,-1.25,
23/01/2024,2024-01-23,Y+2,2026-01-01,2026-12-31,-1.237,
24/01/2024,2024-01-24,D+1,2024-01-25,2024-01-25,-0.947,28.89
24/01/2024,2024-01-24,D+2,2024-01-26,2024-01-26,-0.96,
24/01/2024,2024-01-24,D+3,2024-01-27,2024-01-27,-0.973,
24/01/2024,2024-01-24,W,2024-10-01,2025-03-31,-0.972,
24/01/2024,2024-01-24,BoM,2024-01-25,2024-01-31,-0.979,
24/01/2024,2024-01-24,M+1,2024-02-01,2024-02-29,-1.209,
24/01/2024,2024-01-24,M+2,2024-03-01,2024-03-31,-1.045,
24/01/2024,2024-01-24,M+3,2024-04-01,2024-04-30,-1.117,
24/01/2024,2024-01-24,Q+1,2024-04-01,2024-06-30,-1.042,
24/01/2024,2024-01-24,Q+2,2024-07-01,2024-09-30,-0.683,
24/01/2024,2024-01-24,Q+3,2024-10-01,2024-12-31,-0.808,
24/01/2024,2024-01-24,Q+4,2025-01-01,2025-03-31,-1.06,
24/01/2024,2024-01-24,S,2025-04-01,2025-09-30,-1.074,
24/01/2024,2024-01-24,Y+1,2025-01-01,2025-12-31,-1.085,
24/01/2024,2024-01-24,Y+2,2026-01-01,2026-12-31,-0.901,
25/01/2024,2024-01-25,D+1,2024-01-26,2024-01-26,-0.804,27.38
25/01/2024,2024-01-25,D+2,2024-01-27,2024-01-27,-0.794,
25/01/2024,2024-01-25,D+3,2024-01-28,2024-01-28,-0.783,
25/01/2024,2024-01-25,W,2024-10-01,2025-03-31,-1.313,
25/01/2024,2024-01-25,BoM,2024-01-26,2024-01-31,-0.809,
25/01/2024,2024-01-25,M+1,2024-02-01,2024-02-29,-0.6,
25/01/2024,2024-01-25,M+2,2024-03-01,2024-03-31,-0.6,
25/01/2024,2024-01-25,M+3,2024-04-01,2024-04-30,-0.692,
25/01/2024,2024-01-25,Q+1,2024-04-01,2024-06-30,-0.7,
25/01/2024,2024-01-25,Q+2,2024-07-01,2024-09-30,-1.106,
25/01/2024,2024-01-25,Q+3,2024-10-01,2024-12-31,-1.322,
25/01/2024,2024-01-25,Q+4,2025-01-01,2025-03-31,-1.317,
25/01/2024,2024-01-25,S,2025-04-01,2025-09-30,-1.233,
25/01/2024,2024-01-25,Y+1,2025-01-01,2025-12-31,-1.25,
25/01/2024,2024-01-25,Y+2,2026-01-01,2026-12-31,-1.151,
26/01/2024,2024-01-26,D+1,2024-01-27,2024-01-27,-0.782,27.65
26/01/2024,2024-01-26,D+2,2024-01-28,2024-01-28,-0.777,
26/01/2024,2024-01-26,D+3,2024-01-29,2024-01-29,-0.773,
26/01/2024,2024-01-26,W,2024-10-01,2025-03-31,-0.675,
26/01/2024,2024-01-26,BoM,2024-01-27,2024-01-31,-0.763,
26/01/2024,2024-01-26,M+1,2024-02-01,2024-02-29,-0.7,
26/01/2024,2024-01-26,M+2,2024-03-01,2024-03-31,-0.8,
26/01/2024,2024-01-26,M+3,2024-04-01,2024-04-30,-0.987,
26/01/2024,2024-01-26,Q+1,2024-04-01,2024-06-30,-1.0,
26/01/2024,2024-01-26,Q+2,2024-07-01,2024-09-30,-0.314,
26/01/2024,2024-01-26,Q+3,2024-10-01,2024-12-31,-0.38,
26/01/2024,2024-01-26,Q+4,2025-01-01,2025-03-31,-0.99,
26/01/2024,2024-01-26,S,2025-04-01,2025-09-30,-0.963,
26/01/2024,2024-01-26,Y+1,2025-01-01,2025-12-31,-1.05,
26/01/2024,2024-01-26,Y+2,2026-01-01,2026-12-31,-0.925,
29/01/2024,2024-01-29,D+1,2024-01-30,2024-01-30,-0.881,28.29
29/01/2024,2024-01-29,D+2,2024-01-31,2024-01-31,-0.863,
29/01/2024,2024-01-29,D+3,2024-02-01,2024-02-01,-0.845,
29/01/2024,2024-01-29,W,2024-10-01,2025-03-31,-1.242,
29/01/2024,2024-01-29,M+1,2024-02-01,2024-02-29,-0.6,
29/01/2024,2024-01-29,M+2,2024-03-01,2024-03-31,-0.6,
29/01/2024,2024-01-29,M+3,2024-04-01,2024-04-30,-0.683,
29/01/2024,2024-01-29,Q+1,2024-04-01,2024-06-30,-0.7,
29/01/2024,2024-01-29,Q+2,2024-07-01,2024-09-30,-1.01,
29/01/2024,2024-01-29,Q+3,2024-10-01,2024-12-31,-1.116,
29/01/2024,2024-01-29,Q+4,2025-01-01,2025-03-31,-1.331,
29/01/2024,2024-01-29,S,2025-04-01,2025-09-30,-1.212,
29/01/2024,2024-01-29,Y+1,2025-01-01,2025-12-31,-1.25,
29/01/2024,2024-01-29,Y+2,2026-01-01,2026-12-31,-1.058,
30/01/2024,2024-01-30,D+1,2024-01-31,2024-01-31,-1.052,29.76
30/01/2024,2024-01-30,D+2,2024-02-01,2024-02-01,-1.028,
30/01/2024,2024-01-30,D+3,2024-02-02,2024-02-02,-1.003,
30/01/2024,2024-01-30,W,2024-10-01,2025-03-31,-1.08,
30/01/2024,2024-01-30,M+1,2024-02-01,2024-02-29,-0.7,
30/01/2024,2024-01-30,M+2,2024-03-01,2024-03-31,-1.0,
30/01/2024,2024-01-30,M+3,2024-04-01,2024-04-30,-0.928,
30/01/2024,2024-01-30,Q+1,2024-04-01,2024-06-30,-1.05,
30/01/2024,2024-01-30,Q+2,2024-07-01,2024-09-30,-0.893,
30/01/2024,2024-01-30,Q+3,2024-10-01,2024-12-31,-0.996,
30/01/2024,2024-01-30,Q+4,2025-01-01,2025-03-31,-1.141,
30/01/2024,2024-01-30,S,2025-04-01,2025-09-30,-1.017,
30/01/2024,2024-01-30,Y+1,2025-01-01,2025-12-31,-1.15,
30/01/2024,2024-01-30,Y+2,2026-01-01,2026-12-31,-0.909,
31/01/2024,2024-01-31,D+1,2024-02-01,2024-02-01,-0.662,29.57
31/01/2024,2024-01-31,D+2,2024-02-02,2024-02-02,-0.665,
31/01/2024,2024-01-31,D+3,2024-02-03,2024-02-03,-0.668,
31/01/2024,2024-01-31,W,2024-10-01,2025-03-31,-1.104,
31/01/2024,2024-01-31,M+1,2024-02-01,2024-02-29,-0.7,
31/01/2024,2024-01-31,M+2,2024-03-01,2024-03-31,-1.25,
31/01/2024,2024-01-31,M+3,2024-04-01,2024-04-30,-1.092,
31/01/2024,2024-01-31,Q+1,2024-04-01,2024-06-30,-1.15,
31/01/2024,2024-01-31,Q+2,2024-07-01,2024-09-30,-0.865,
31/01/2024,2024-01-31,Q+3,2024-10-01,2024-12-31,-1.046,
31/01/2024,2024-01-31,Q+4,2025-01-01,2025-03-31,-1.185,
31/01/2024,2024-01-31,S,2025-04-01,2025-09-30,-1.131,
31/01/2024,2024-01-31,Y+1,2025-01-01,2025-12-31,-1.2,
31/01/2024,2024-01-31,Y+2,2026-01-01,2026-12-31,-1.072,
01/02/2024,2024-02-01,D+1,2024-02-02,2024-02-02,-1.017,28.65
01/02/2024,2024-02-01,D+2,2024-02-03,2024-02-03,-1.014,
01/02/2024,2024-02-01,D+3,2024-02-04,2024-02-04,-1.011,
01/02/2024,2024-02-01,W,2024-10-01,2025-03-31,-1.125,
01/02/2024,2024-02-01,BoM,2024-02-02,2024-02-29,-0.996,
01/02/2024,2024-02-01,M+1,2024-03-01,2024-03-31,-0.9,
01/02/2024,2024-02-01,M+2,2024-04-01,2024-04-30,-1.2,
01/02/2024,2024-02-01,M+3,2024-05-01,2024-05-31,-1.165,
01/02/2024,2024-02-01,Q+1,2024-04-01,2024-06-30,-1.2,
01/02/2024,2024-02-01,Q+2,2024-07-01,2024-09-30,-0.811,
01/02/2024,2024-02-01,Q+3,2024-10-01,2024-12-31,-0.972,
01/02/2024,2024-02-01,Q+4,2025-01-01,2025-03-31,-1.309,
01/02/2024,2024-02-01,S,2025-04-01,2025-09-30,-1.204,
01/02/2024,2024-02-01,Y+1,2025-01-01,2025-12-31,-1.25,
01/02/2024,2024-02-01,Y+2,2026-01-01,2026-12-31,-1.132,
02/02/2024,2024-02-02,D+1,2024-02-03,2024-02-03,-0.202,28.66
02/02/2024,2024-02-02,D+2,2024-02-04,2024-02-04,-0.233,
02/02/2024,2024-02-02,D+3,2024-02-05,2024-02-05,-0.263,
02/02/2024,2024-02-02,W,2024-10-01,2025-03-31,-1.505,
02/02/2024,2024-02-02,BoM,2024-02-03,2024-02-29,-1.076,
02/02/2024,2024-02-02,M+1,2024-03-01,2024-03-31,-1.461,
02/02/2024,2024-02-02,M+2,2024-04-01,2024-04-30,-1.516,
02/02/2024,2024-02-02,M+3,2024-05-01,2024-05-31,-1.592,
02/02/2024,2024-02-02,Q+1,2024-04-01,2024-06-30,-1.574,
02/02/2024,2024-02-02,Q+2,2024-07-01,2024-09-30,-1.355,
02/02/2024,2024-02-02,Q+3,2024-10-01,2024-12-31,-1.494,
02/02/2024,2024-02-02,Q+4,2025-01-01,2025-03-31,-1.514,
02/02/2024,2024-02-02,S,2025-04-01,2025-09-30,-1.244,
02/02/2024,2024-02-02,Y+1,2025-01-01,2025-12-31,-1.373,
02/02/2024,2024-02-02,Y+2,2026-01-01,2026-12-31,-1.291,
05/02/2024,2024-02-05,D+1,2024-02-06,2024-02-06,-0.05,27.73
05/02/2024,2024-02-05,D+2,2024-02-07,2024-02-07,-0.079,
05/02/2024,2024-02-05,D+3,2024-02-08,2024-02-08,-0.108,
05/02/2024,2024-02-05,W,2024-10-01,2025-03-31,-1.032,
05/02/2024,2024-02-05,BoM,2024-02-06,2024-02-29,-0.469,
05/02/2024,2024-02-05,M+1,2024-03-01,2024-03-31,-1.175,
05/02/2024,2024-02-05,M+2,2024-04-01,2024-04-30,-0.95,
05/02/2024,2024-02-05,M+3,2024-05-01,2024-05-31,-1.064,
05/02/2024,2024-02-05,Q+1,2024-04-01,2024-06-30,-1.05,
05/02/2024,2024-02-05,Q+2,2024-07-01,2024-09-30,-0.694,
05/02/2024,2024-02-05,Q+3,2024-10-01,2024-12-31,-0.777,
05/02/2024,2024-02-05,Q+4,2025-01-01,2025-03-31,-1.323,
05/02/2024,2024-02-05,S,2025-04-01,2025-09-30,-1.199,
05/02/2024,2024-02-05,Y+1,2025-01-01,2025-12-31,-1.25,
05/02/2024,2024-02-05,Y+2,2026-01-01,2026-12-31,-1.213,
06/02/2024,2024-02-06,D+1,2024-02-07,2024-02-07,-1.256,28.82
06/02/2024,2024-02-06,D+2,2024-02-08,2024-02-08,-1.253,
06/02/2024,2024-02-06,D+3,2024-02-09,2024-02-09,-1.249,
06/02/2024,2024-02-06,W,2024-10-01,2025-03-31,-0.974,
06/02/2024,2024-02-06,BoM,2024-02-07,2024-02-29,-1.232,
06/02/2024,2024-02-06,M+1,2024-03-01,2024-03-31,-1.125,
06/02/2024,2024-02-06,M+2,2024-04-01,2024-04-30,-0.9,
06/02/2024,2024-02-06,M+3,2024-05-01,2024-05-31,-0.726,
06/02/2024,2024-02-06,Q+1,2024-04-01,2024-06-30,-0.8,
06/02/2024,2024-02-06,Q+2,2024-07-01,2024-09-30,-0.583,
06/02/2024,2024-02-06,Q+3,2024-10-01,2024-12-31,-0.647,
06/02/2024,2024-02-06,Q+4,2025-01-01,2025-03-31,-1.318,
06/02/2024,2024-02-06,S,2025-04-01,2025-09-30,-1.17,
06/02/2024,2024-02-06,Y+1,2025-01-01,2025-12-31,-1.25,
06/02/2024,2024-02-06,Y+2,2026-01-01,2026-12-31,-1.155,
07/02/2024,2024-02-07,D+1,2024-02-08,2024-02-08,-1.315,28.58
07/02/2024,2024-02-07,D+2,2024-02-09,2024-02-09,-1.31,
07/02/2024,2024-02-07,D+3,2024-02-10,2024-02-10,-1.306,
07/02/2024,2024-02-07,W,2024-10-01,2025-03-31,-0.564,
07/02/2024,2024-02-07,BoM,2024-02-08,2024-02-29,-1.276,
07/02/2024,2024-02-07,M+1,2024-03-01,2024-03-31,-1.15,
07/02/2024,2024-02-07,M+2,2024-04-01,2024-04-30,-0.8,
07/02/2024,2024-02-07,M+3,2024-05-01,2024-05-31,-0.543,
07/02/2024,2024-02-07,Q+1,2024-04-01,2024-06-30,-0.75,
07/02/2024,2024-02-07,Q+2,2024-07-01,2024-09-30,-0.484,
07/02/2024,2024-02-07,Q+3,2024-10-01,2024-12-31,-0.531,
07/02/2024,2024-02-07,Q+4,2025-01-01,2025-03-31,-0.629,
07/02/2024,2024-02-07,S,2025-04-01,2025-09-30,-0.579,
07/02/2024,2024-02-07,Y+1,2025-01-01,2025-12-31,-0.8,
07/02/2024,2024-02-07,Y+2,2026-01-01,2026-12-31,-0.504,
08/02/2024,2024-02-08,D+1,2024-02-09,2024-02-09,-0.691,27.55
08/02/2024,2024-02-08,D+2,2024-02-10,2024-02-10,-0.702,
08/02/2024,2024-02-08,D+3,2024-02-11,2024-02-11,-0.713,
08/02/2024,2024-02-08,W,2024-10-01,2025-03-31,-1.161,
08/02/2024,2024-02-08,BoM,2024-02-09,2024-02-29,-0.854,
08/02/2024,2024-02-08,M+1,2024-03-01,2024-03-31,-1.075,
08/02/2024,2024-02-08,M+2,2024-04-01,2024-04-30,-1.2,
08/02/2024,2024-02-08,M+3,2024-05-01,2024-05-31,-1.136,
08/02/2024,2024-02-08,Q+1,2024-04-01,2024-06-30,-1.2,
08/02/2024,2024-02-08,Q+2,2024-07-01,2024-09-30,-0.893,
08/02/2024,2024-02-08,Q+3,2024-10-01,2024-12-31,-0.985,
08/02/2024,2024-02-08,Q+4,2025-01-01,2025-03-31,-1.321,
08/02/2024,2024-02-08,S,2025-04-01,2025-09-30,-1.207,
08/02/2024,2024-02-08,Y+1,2025-01-01,2025-12-31,-1.25,
08/02/2024,2024-02-08,Y+2,2026-01-01,2026-12-31,-1.195,
09/02/2024,2024-02-09,D+1,2024-02-10,2024-02-10,-0.139,26.68
09/02/2024,2024-02-09,D+2,2024-02-11,2024-02-11,-0.163,
09/02/2024,2024-02-09,D+3,2024-02-12,2024-02-12,-0.187,
09/02/2024,2024-02-09,W,2024-10-01,2025-03-31,-1.157,
09/02/2024,2024-02-09,BoM,2024-02-10,2024-02-29,-0.319,
09/02/2024,2024-02-09,M+1,2024-03-01,2024-03-31,-0.975,
09/02/2024,2024-02-09,M+2,2024-04-01,2024-04-30,-1.15,
09/02/2024,2024-02-09,M+3,2024-05-01,2024-05-31,-1.145,
09/02/2024,2024-02-09,Q+1,2024-04-01,2024-06-30,-1.15,
09/02/2024,2024-02-09,Q+2,2024-07-01,2024-09-30,-0.887,
09/02/2024,2024-02-09,Q+3,2024-10-01,2024-12-31,-1.026,
09/02/2024,2024-02-09,Q+4,2025-01-01,2025-03-31,-1.29,
09/02/2024,2024-02-09,S,2025-04-01,2025-09-30,-1.157,
09/02/2024,2024-02-09,Y+1,2025-01-01,2025-12-31,-1.25,
09/02/2024,2024-02-09,Y+2,2026-01-01,2026-12-31,-1.107,
12/02/2024,2024-02-12,D+1,2024-02-13,2024-02-13,-0.35,25.71
12/02/2024,2024-02-12,D+2,2024-02-14,2024-02-14,-0.371,
12/02/2024,2024-02-12,D+3,2024-02-15,2024-02-15,-0.393,
12/02/2024,2024-02-12,W,2024-10-01,2025-03-31,-1.278,
12/02/2024,2024-02-12,BoM,2024-02-13,2024-02-29,-0.47,
12/02/2024,2024-02-12,M+1,2024-03-01,2024-03-31,-1.025,
12/02/2024,2024-02-12,M+2,2024-04-01,2024-04-30,-0.7,
12/02/2024,2024-02-12,M+3,2024-05-01,2024-05-31,-1.117,
12/02/2024,2024-02-12,Q+1,2024-04-01,2024-06-30,-0.7,
12/02/2024,2024-02-12,Q+2,2024-07-01,2024-09-30,-1.132,
12/02/2024,2024-02-12,Q+3,2024-10-01,2024-12-31,-1.256,
12/02/2024,2024-02-12,Q+4,2025-01-01,2025-03-31,-1.27,
12/02/2024,2024-02-12,S,2025-04-01,2025-09-30,-1.146,
12/02/2024,2024-02-12,Y+1,2025-01-01,2025-12-31,-1.2,
12/02/2024,2024-02-12,Y+2,2026-01-01,2026-12-31,-1.152,
13/02/2024,2024-02-13,D+1,2024-02-14,2024-02-14,-0.208,25.36
13/02/2024,2024-02-13,D+2,2024-02-15,2024-02-15,-0.235,
13/02/2024,2024-02-13,D+3,2024-02-16,2024-02-16,-0.262,
13/02/2024,2024-02-13,W,2024-10-01,2025-03-31,-0.907,
13/02/2024,2024-02-13,BoM,2024-02-14,2024-02-29,-0.352,
13/02/2024,2024-02-13,M+1,2024-03-01,2024-03-31,-1.025,
13/02/2024,2024-02-13,M+2,2024-04-01,2024-04-30,-0.75,
13/02/2024,2024-02-13,M+3,2024-05-01,2024-05-31,-0.77,
13/02/2024,2024-02-13,Q+1,2024-04-01,2024-06-30,-0.7,
13/02/2024,2024-02-13,Q+2,2024-07-01,2024-09-30,-0.557,
13/02/2024,2024-02-13,Q+3,2024-10-01,2024-12-31,-0.603,
13/02/2024,2024-02-13,Q+4,2025-01-01,2025-03-31,-1.255,
13/02/2024,2024-02-13,S,2025-04-01,2025-09-30,-1.09,
13/02/2024,2024-02-13,Y+1,2025-01-01,2025-12-31,-1.2,
13/02/2024,2024-02-13,Y+2,2026-01-01,2026-12-31,-1.148,
14/02/2024,2024-02-14,D+1,2024-02-15,2024-02-15,-0.213,24.64
14/02/2024,2024-02-14,D+2,2024-02-16,2024-02-16,-0.238,
14/02/2024,2024-02-14,D+3,2024-02-17,2024-02-17,-0.264,
14/02/2024,2024-02-14,W,2024-10-01,2025-03-31,-0.906,
14/02/2024,2024-02-14,BoM,2024-02-15,2024-02-29,-0.378,
14/02/2024,2024-02-14,M+1,2024-03-01,2024-03-31,-0.959,
14/02/2024,2024-02-14,M+2,2024-04-01,2024-04-30,-0.723,
14/02/2024,2024-02-14,M+3,2024-05-01,2024-05-31,-0.745,
14/02/2024,2024-02-14,Q+1,2024-04-01,2024-06-30,-0.729,
14/02/2024,2024-02-14,Q+2,2024-07-01,2024-09-30,-0.767,
14/02/2024,2024-02-14,Q+3,2024-10-01,2024-12-31,-0.814,
14/02/2024,2024-02-14,Q+4,2025-01-01,2025-03-31,-0.881,
14/02/2024,2024-02-14,S,2025-04-01,2025-09-30,-0.84,
14/02/2024,2024-02-14,Y+1,2025-01-01,2025-12-31,-0.868,
14/02/2024,2024-02-14,Y+2,2026-01-01,2026-12-31,-0.757,
15/02/2024,2024-02-15,D+1,2024-02-16,2024-02-16,-0.002,24.45
15/02/2024,2024-02-15,D+2,2024-02-17,2024-02-17,-0.015,
15/02/2024,2024-02-15,D+3,2024-02-18,2024-02-18,-0.028,
15/02/2024,2024-02-15,W,2024-10-01,2025-03-31,-0.293,
15/02/2024,2024-02-15,BoM,2024-02-16,2024-02-29,-0.079,
15/02/2024,2024-02-15,M+1,2024-03-01,2024-03-31,-0.368,
15/02/2024,2024-02-15,M+2,2024-04-01,2024-04-30,-0.191,
15/02/2024,2024-02-15,M+3,2024-05-01,2024-05-31,-0.204,
15/02/2024,2024-02-15,Q+1,2024-04-01,2024-06-30,-0.187,
15/02/2024,2024-02-15,Q+2,2024-07-01,2024-09-30,-0.226,
15/02/2024,2024-02-15,Q+3,2024-10-01,2024-12-31,-0.242,
15/02/2024,2024-02-15,Q+4,2025-01-01,2025-03-31,-0.284,
15/02/2024,2024-02-15,S,2025-04-01,2025-09-30,-0.23,
15/02/2024,2024-02-15,Y+1,2025-01-01,2025-12-31,-0.236,
15/02/2024,2024-02-15,Y+2,2026-01-01,2026-12-31,-0.239,
16/02/2024,2024-02-16,D+1,2024-02-17,2024-02-17,0.55,24.28
16/02/2024,2024-02-16,D+2,2024-02-18,2024-02-18,0.506,
16/02/2024,2024-02-16,D+3,2024-02-19,2024-02-19,0.461,
16/02/2024,2024-02-16,W,2024-10-01,2025-03-31,-0.736,
16/02/2024,2024-02-16,BoM,2024-02-17,2024-02-29,0.304,
16/02/2024,2024-02-16,M+1,2024-03-01,2024-03-31,-0.675,
16/02/2024,2024-02-16,M+2,2024-04-01,2024-04-30,-0.7,
16/02/2024,2024-02-16,M+3,2024-05-01,2024-05-31,-0.642,
16/02/2024,2024-02-16,Q+1,2024-04-01,2024-06-30,-0.5,
16/02/2024,2024-02-16,Q+2,2024-07-01,2024-09-30,-0.708,
16/02/2024,2024-02-16,Q+3,2024-10-01,2024-12-31,-0.755,
16/02/2024,2024-02-16,Q+4,2025-01-01,2025-03-31,-0.757,
16/02/2024,2024-02-16,S,2025-04-01,2025-09-30,-0.651,
16/02/2024,2024-02-16,Y+1,2025-01-01,2025-12-31,-0.7,
16/02/2024,2024-02-16,Y+2,2026-01-01,2026-12-31,-0.673,
19/02/2024,2024-02-19,D+1,2024-02-20,2024-02-20,-0.109,23.41
19/02/2024,2024-02-19,D+2,2024-02-21,2024-02-21,-0.135,
19/02/2024,2024-02-19,D+3,2024-02-22,2024-02-22,-0.161,
19/02/2024,2024-02-19,W,2024-10-01,2025-03-31,-0.971,
19/02/2024,2024-02-19,BoM,2024-02-20,2024-02-29,-0.21,
19/02/2024,2024-02-19,M+1,2024-03-01,2024-03-31,-0.75,
19/02/2024,2024-02-19,M+2,2024-04-01,2024-04-30,-0.85,
19/02/2024,2024-02-19,M+3,2024-05-01,2024-05-31,-0.81,
19/02/2024,2024-02-19,Q+1,2024-04-01,2024-06-30,-0.8,
19/02/2024,2024-02-19,Q+2,2024-07-01,2024-09-30,-0.861,
19/02/2024,2024-02-19,Q+3,2024-10-01,2024-12-31,-0.951,
19/02/2024,2024-02-19,Q+4,2025-01-01,2025-03-31,-0.944,
19/02/2024,2024-02-19,S,2025-04-01,2025-09-30,-0.859,
19/02/2024,2024-02-19,Y+1,2025-01-01,2025-12-31,-0.9,
19/02/2024,2024-02-19,Y+2,2026-01-01,2026-12-31,-0.884,
20/02/2024,2024-02-20,D+1,2024-02-21,2024-02-21,0.119,23.74
20/02/2024,2024-02-20,D+2,2024-02-22,2024-02-22,0.081,
20/02/2024,2024-02-20,D+3,2024-02-23,2024-02-23,0.043,
20/02/2024,2024-02-20,W,2024-10-01,2025-03-31,-0.903,
20/02/2024,2024-02-20,BoM,2024-02-21,2024-02-29,-0.004,
20/02/2024,2024-02-20,M+1,2024-03-01,2024-03-31,-0.775,
20/02/2024,2024-02-20,M+2,2024-04-01,2024-04-30,-0.65,
20/02/2024,2024-02-20,M+3,2024-05-01,2024-05-31,-0.374,
20/02/2024,2024-02-20,Q+1,2024-04-01,2024-06-30,-0.4,
20/02/2024,2024-02-20,Q+2,2024-07-01,2024-09-30,-0.88,
20/02/2024,2024-02-20,Q+3,2024-10-01,2024-12-31,-1.046,
20/02/2024,2024-02-20,Q+4,2025-01-01,2025-03-31,-0.725,
20/02/2024,2024-02-20,S,2025-04-01,2025-09-30,-0.664,
20/02/2024,2024-02-20,Y+1,2025-01-01,2025-12-31,-0.65,
20/02/2024,2024-02-20,Y+2,2026-01-01,2026-12-31,-0.677,
21/02/2024,2024-02-21,D+1,2024-02-22,2024-02-22,-0.177,23.96
21/02/2024,2024-02-21,D+2,2024-02-23,2024-02-23,-0.195,
21/02/2024,2024-02-21,D+3,2024-02-24,2024-02-24,-0.212,
21/02/2024,2024-02-21,W,2024-10-01,2025-03-31,-1.063,
21/02/2024,2024-02-21,BoM,2024-02-22,2024-02-29,-0.22,
21/02/2024,2024-02-21,M+1,2024-03-01,2024-03-31,-0.575,
21/02/2024,2024-02-21,M+2,2024-04-01,2024-04-30,-0.55,
21/02/2024,2024-02-21,M+3,2024-05-01,2024-05-31,-0.797,
21/02/2024,2024-02-21,Q+1,2024-04-01,2024-06-30,-0.65,
21/02/2024,2024-02-21,Q+2,2024-07-01,2024-09-30,-0.817,
21/02/2024,2024-02-21,Q+3,2024-10-01,2024-12-31,-1.008,
21/02/2024,2024-02-21,Q+4,2025-01-01,2025-03-31,-1.123,
21/02/2024,2024-02-21,S,2025-04-01,2025-09-30,-0.998,
21/02/2024,2024-02-21,Y+1,2025-01-01,2025-12-31,-1.05,
21/02/2024,2024-02-21,Y+2,2026-01-01,2026-12-31,-1.06,
22/02/2024,2024-02-22,D+1,2024-02-23,2024-02-23,-0.096,23.01
22/02/2024,2024-02-22,D+2,2024-02-24,2024-02-24,-0.104,
22/02/2024,2024-02-22,D+3,2024-02-25,2024-02-25,-0.111,
22/02/2024,2024-02-22,W,2024-10-01,2025-03-31,-1.019,
22/02/2024,2024-02-22,BoM,2024-02-23,2024-02-29,-0.115,
22/02/2024,2024-02-22,M+1,2024-03-01,2024-03-31,-0.261,
22/02/2024,2024-02-22,M+2,2024-04-01,2024-04-30,-0.795,
22/02/2024,2024-02-22,M+3,2024-05-01,2024-05-31,-0.811,
22/02/2024,2024-02-22,Q+1,2024-04-01,2024-06-30,-0.818,
22/02/2024,2024-02-22,Q+2,2024-07-01,2024-09-30,-0.855,
22/02/2024,2024-02-22,Q+3,2024-10-01,2024-12-31,-0.993,
22/02/2024,2024-02-22,Q+4,2025-01-01,2025-03-31,-1.097,
22/02/2024,2024-02-22,S,2025-04-01,2025-09-30,-0.984,
22/02/2024,2024-02-22,Y+1,2025-01-01,2025-12-31,-1.068,
22/02/2024,2024-02-22,Y+2,2026-01-01,2026-12-31,-1.015,
23/02/2024,2024-02-23,D+1,2024-02-24,2024-02-24,-0.466,23.2
23/02/2024,2024-02-23,D+2,2024-02-25,2024-02-25,-0.493,
23/02/2024,2024-02-23,D+3,2024-02-26,2024-02-26,-0.52,
23/02/2024,2024-02-23,W,2024-10-01,2025-03-31,-0.808,
23/02/2024,2024-02-23,BoM,2024-02-24,2024-02-29,-0.52,
23/02/2024,2024-02-23,M+1,2024-03-01,2024-03-31,-1.017,
23/02/2024,2024-02-23,M+2,2024-04-01,2024-04-30,-0.77,
23/02/2024,2024-02-23,M+3,2024-05-01,2024-05-31,-0.799,
23/02/2024,2024-02-23,Q+1,2024-04-01,2024-06-30,-0.774,
23/02/2024,2024-02-23,Q+2,2024-07-01,2024-09-30,-0.704,
23/02/2024,2024-02-23,Q+3,2024-10-01,2024-12-31,-0.789,
23/02/2024,2024-02-23,Q+4,2025-01-01,2025-03-31,-0.764,
23/02/2024,2024-02-23,S,2025-04-01,2025-09-30,-0.735,
23/02/2024,2024-02-23,Y+1,2025-01-01,2025-12-31,-0.83,
23/02/2024,2024-02-23,Y+2,2026-01-01,2026-12-31,-0.676,
26/02/2024,2024-02-26,D+1,2024-02-27,2024-02-27,-0.091,24.08
26/02/2024,2024-02-26,D+2,2024-02-28,2024-02-28,-0.127,
26/02/2024,2024-02-26,D+3,2024-02-29,2024-02-29,-0.163,
26/02/2024,2024-02-26,W,2024-10-01,2025-03-31,-1.124,
26/02/2024,2024-02-26,M+1,2024-03-01,2024-03-31,-0.725,
26/02/2024,2024-02-26,M+2,2024-04-01,2024-04-30,-0.65,
26/02/2024,2024-02-26,M+3,2024-05-01,2024-05-31,-0.947,
26/02/2024,2024-02-26,Q+1,2024-04-01,2024-06-30,-0.7,
26/02/2024,2024-02-26,Q+2,2024-07-01,2024-09-30,-0.792,
26/02/2024,2024-02-26,Q+3,2024-10-01,2024-12-31,-0.886,
26/02/2024,2024-02-26,Q+4,2025-01-01,2025-03-31,-1.373,
26/02/2024,2024-02-26,S,2025-04-01,2025-09-30,-1.251,
26/02/2024,2024-02-26,Y+1,2025-01-01,2025-12-31,-1.1,
26/02/2024,2024-02-26,Y+2,2026-01-01,2026-12-31,-1.216,
27/02/2024,2024-02-27,D+1,2024-02-28,2024-02-28,-0.353,24.75
27/02/2024,2024-02-27,D+2,2024-02-29,2024-02-29,-0.41,
27/02/2024,2024-02-27,D+3,2024-03-01,2024-03-01,-0.467,
27/02/2024,2024-02-27,W,2024-10-01,2025-03-31,-0.981,
27/02/2024,2024-02-27,M+1,2024-03-01,2024-03-31,-1.293,
27/02/2024,2024-02-27,M+2,2024-04-01,2024-04-30,-0.65,
27/02/2024,2024-02-27,M+3,2024-05-01,2024-05-31,-0.793,
27/02/2024,2024-02-27,Q+1,2024-04-01,2024-06-30,-0.65,
27/02/2024,2024-02-27,Q+2,2024-07-01,2024-09-30,-0.819,
27/02/2024,2024-02-27,Q+3,2024-10-01,2024-12-31,-0.839,
27/02/2024,2024-02-27,Q+4,2025-01-01,2025-03-31,-1.159,
27/02/2024,2024-02-27,S,2025-04-01,2025-09-30,-1.011,
27/02/2024,2024-02-27,Y+1,2025-01-01,2025-12-31,-1.1,
27/02/2024,2024-02-27,Y+2,2026-01-01,2026-12-31,-1.041,
28/02/2024,2024-02-28,D+1,2024-02-29,2024-02-29,-0.286,25.35
28/02/2024,2024-02-28,D+2,2024-03-01,2024-03-01,-0.313,
28/02/2024,2024-02-28,D+3,2024-03-02,2024-03-02,-0.339,
28/02/2024,2024-02-28,W,2024-10-01,2025-03-31,-0.984,
28/02/2024,2024-02-28,M+1,2024-03-01,2024-03-31,-0.7,
28/02/2024,2024-02-28,M+2,2024-04-01,2024-04-30,-0.65,
28/02/2024,2024-02-28,M+3,2024-05-01,2024-05-31,-0.787,
28/02/2024,2024-02-28,Q+1,2024-04-01,2024-06-30,-0.7,
28/02/2024,2024-02-28,Q+2,2024-07-01,2024-09-30,-0.806,
28/02/2024,2024-02-28,Q+3,2024-10-01,2024-12-31,-0.88,
28/02/2024,2024-02-28,Q+4,2025-01-01,2025-03-31,-1.065,
28/02/2024,2024-02-28,S,2025-04-01,2025-09-30,-1.048,
28/02/2024,2024-02-28,Y+1,2025-01-01,2025-12-31,-1.1,
28/02/2024,2024-02-28,Y+2,2026-01-01,2026-12-31,-1.122,
29/02/2024,2024-02-29,D+1,2024-03-01,2024-03-01,-0.454,24.9
29/02/2024,2024-02-29,D+2,2024-03-02,2024-03-02,-0.471,
29/02/2024,2024-02-29,D+3,2024-03-03,2024-03-03,-0.488,
29/02/2024,2024-02-29,W,2024-10-01,2025-03-31,-0.903,
29/02/2024,2024-02-29,M+1,2024-03-01,2024-03-31,-0.7,
29/02/2024,2024-02-29,M+2,2024-04-01,2024-04-30,-0.763,
29/02/2024,2024-02-29,M+3,2024-05-01,2024-05-31,-0.767,
29/02/2024,2024-02-29,Q+1,2024-04-01,2024-06-30,-0.768,
29/02/2024,2024-02-29,Q+2,2024-07-01,2024-09-30,-0.79,
29/02/2024,2024-02-29,Q+3,2024-10-01,2024-12-31,-0.921,
29/02/2024,2024-02-29,Q+4,2025-01-01,2025-03-31,-0.956,
29/02/2024,2024-02-29,S,2025-04-01,2025-09-30,-0.813,
29/02/2024,2024-02-29,Y+1,2025-01-01,2025-12-31,-0.844,
29/02/2024,2024-02-29,Y+2,2026-01-01,2026-12-31,-0.799,
01/03/2024,2024-03-01,D+1,2024-03-02,2024-03-02,-0.438,25.6
01/03/2024,2024-03-01,D+2,2024-03-03,2024-03-03,-0.452,
01/03/2024,2024-03-01,D+3,2024-03-04,2024-03-04,-0.466,
01/03/2024,2024-03-01,W,2024-10-01,2025-03-31,-1.304,
01/03/2024,2024-03-01,BoM,2024-03-02,2024-03-31,-0.636,
01/03/2024,2024-03-01,M+1,2024-04-01,2024-04-30,-1.06,
01/03/2024,2024-03-01,M+2,2024-05-01,2024-05-31,-1.094,
01/03/2024,2024-03-01,M+3,2024-06-01,2024-06-30,-1.093,
01/03/2024,2024-03-01,Q+1,2024-04-01,2024-06-30,-1.096,
01/03/2024,2024-03-01,Q+2,2024-07-01,2024-09-30,-1.1,
01/03/2024,2024-03-01,Q+3,2024-10-01,2024-12-31,-1.222,
01/03/2024,2024-03-01,Q+4,2025-01-01,2025-03-31,-1.349,
01/03/2024,2024-03-01,S,2025-04-01,2025-09-30,-1.226,
01/03/2024,2024-03-01,Y+1,2025-01-01,2025-12-31,-1.235,
01/03/2024,2024-03-01,Y+2,2026-01-01,2026-12-31,-1.112,
04/03/2024,2024-03-04,D+1,2024-03-05,2024-03-05,-0.652,27.17
04/03/2024,2024-03-04,D+2,2024-03-06,2024-03-06,-0.652,
04/03/2024,2024-03-04,D+3,2024-03-07,2024-03-07,-0.652,
04/03/2024,2024-03-04,W,2024-10-01,2025-03-31,-0.786,
04/03/2024,2024-03-04,BoM,2024-03-05,2024-03-31,-0.644,
04/03/2024,2024-03-04,M+1,2024-04-01,2024-04-30,-0.65,
04/03/2024,2024-03-04,M+2,2024-05-01,2024-05-31,-0.65,
04/03/2024,2024-03-04,M+3,2024-06-01,2024-06-30,-0.924,
04/03/2024,2024-03-04,Q+1,2024-04-01,2024-06-30,-0.65,
04/03/2024,2024-03-04,Q+2,2024-07-01,2024-09-30,-0.763,
04/03/2024,2024-03-04,Q+3,2024-10-01,2024-12-31,-0.771,
04/03/2024,2024-03-04,Q+4,2025-01-01,2025-03-31,-0.694,
04/03/2024,2024-03-04,S,2025-04-01,2025-09-30,-0.683,
04/03/2024,2024-03-04,Y+1,2025-01-01,2025-12-31,-1.05,
04/03/2024,2024-03-04,Y+2,2026-01-01,2026-12-31,-0.717,
05/03/2024,2024-03-05,D+1,2024-03-06,2024-03-06,-0.14,27.43
05/03/2024,2024-03-05,D+2,2024-03-07,2024-03-07,-0.15,
05/03/2024,2024-03-05,D+3,2024-03-08,2024-03-08,-0.159,
05/03/2024,2024-03-05,W,2024-10-01,2025-03-31,-0.843,
05/03/2024,2024-03-05,BoM,2024-03-06,2024-03-31,-0.29,
05/03/2024,2024-03-05,M+1,2024-04-01,2024-04-30,-0.525,
05/03/2024,2024-03-05,M+2,2024-05-01,2024-05-31,-0.45,
05/03/2024,2024-03-05,M+3,2024-06-01,2024-06-30,-0.37,
05/03/2024,2024-03-05,Q+1,2024-04-01,2024-06-30,-0.4,
05/03/2024,2024-03-05,Q+2,2024-07-01,2024-09-30,-0.79,
05/03/2024,2024-03-05,Q+3,2024-10-01,2024-12-31,-0.739,
05/03/2024,2024-03-05,Q+4,2025-01-01,2025-03-31,-0.819,
05/03/2024,2024-03-05,S,2025-04-01,2025-09-30,-0.747,
05/03/2024,2024-03-05,Y+1,2025-01-01,2025-12-31,-0.8,
05/03/2024,2024-03-05,Y+2,2026-01-01,2026-12-31,-0.685,
06/03/2024,2024-03-06,D+1,2024-03-07,2024-03-07,-0.276,26.29
06/03/2024,2024-03-06,D+2,2024-03-08,2024-03-08,-0.281,
06/03/2024,2024-03-06,D+3,2024-03-09,2024-03-09,-0.286,
06/03/2024,2024-03-06,W,2024-10-01,2025-03-31,-0.99,
06/03/2024,2024-03-06,BoM,2024-03-07,2024-03-31,-0.336,
06/03/2024,2024-03-06,M+1,2024-04-01,2024-04-30,-0.475,
06/03/2024,2024-03-06,M+2,2024-05-01,2024-05-31,-0.35,
06/03/2024,2024-03-06,M+3,2024-06-01,2024-06-30,-0.762,
06/03/2024,2024-03-06,Q+1,2024-04-01,2024-06-30,-0.6,
06/03/2024,2024-03-06,Q+2,2024-07-01,2024-09-30,-0.792,
06/03/2024,2024-03-06,Q+3,2024-10-01,2024-12-31,-0.93,
06/03/2024,2024-03-06,Q+4,2025-01-01,2025-03-31,-1.084,
06/03/2024,2024-03-06,S,2025-04-01,2025-09-30,-0.976,
06/03/2024,2024-03-06,Y+1,2025-01-01,2025-12-31,-1.0,
06/03/2024,2024-03-06,Y+2,2026-01-01,2026-12-31,-0.923,
07/03/2024,2024-03-07,D+1,2024-03-08,2024-03-08,0.165,25.64
07/03/2024,2024-03-07,D+2,2024-03-09,2024-03-09,0.147,
07/03/2024,2024-03-07,D+3,2024-03-10,2024-03-10,0.129,
07/03/2024,2024-03-07,W,2024-10-01,2025-03-31,-0.799,
07/03/2024,2024-03-07,BoM,2024-03-08,2024-03-31,-0.042,
07/03/2024,2024-03-07,M+1,2024-04-01,2024-04-30,-0.525,
07/03/2024,2024-03-07,M+2,2024-05-01,2024-05-31,-0.55,
07/03/2024,2024-03-07,M+3,2024-06-01,2024-06-30,-0.398,
07/03/2024,2024-03-07,Q+1,2024-04-01,2024-06-30,-0.65,
07/03/2024,2024-03-07,Q+2,2024-07-01,2024-09-30,-0.465,
07/03/2024,2024-03-07,Q+3,2024-10-01,2024-12-31,-0.527,
07/03/2024,2024-03-07,Q+4,2025-01-01,2025-03-31,-1.029,
07/03/2024,2024-03-07,S,2025-04-01,2025-09-30,-0.964,
07/03/2024,2024-03-07,Y+1,2025-01-01,2025-12-31,-1.0,
07/03/2024,2024-03-07,Y+2,2026-01-01,2026-12-31,-0.927,
08/03/2024,2024-03-08,D+1,2024-03-09,2024-03-09,-0.209,26.48
08/03/2024,2024-03-08,D+2,2024-03-10,2024-03-10,-0.215,
08/03/2024,2024-03-08,D+3,2024-03-11,2024-03-11,-0.221,
08/03/2024,2024-03-08,W,2024-10-01,2025-03-31,-0.906,
08/03/2024,2024-03-08,BoM,2024-03-09,2024-03-31,-0.274,
08/03/2024,2024-03-08,M+1,2024-04-01,2024-04-30,-0.425,
08/03/2024,2024-03-08,M+2,2024-05-01,2024-05-31,-0.5,
08/03/2024,2024-03-08,M+3,2024-06-01,2024-06-30,-0.593,
08/03/2024,2024-03-08,Q+1,2024-04-01,2024-06-30,-0.53,
08/03/2024,2024-03-08,Q+2,2024-07-01,2024-09-30,-0.612,
08/03/2024,2024-03-08,Q+3,2024-10-01,2024-12-31,-0.682,
08/03/2024,2024-03-08,Q+4,2025-01-01,2025-03-31,-1.133,
08/03/2024,2024-03-08,S,2025-04-01,2025-09-30,-1.024,
08/03/2024,2024-03-08,Y+1,2025-01-01,2025-12-31,-0.95,
08/03/2024,2024-03-08,Y+2,2026-01-01,2026-12-31,-1.08,
11/03/2024,2024-03-11,D+1,2024-03-12,2024-03-12,-0.129,25.05
11/03/2024,2024-03-11,D+2,2024-03-13,2024-03-13,-0.124,
11/03/2024,2024-03-11,D+3,2024-03-14,2024-03-14,-0.118,
11/03/2024,2024-03-11,W,2024-10-01,2025-03-31,-0.686,
11/03/2024,2024-03-11,BoM,2024-03-12,2024-03-31,-0.268,
11/03/2024,2024-03-11,M+1,2024-04-01,2024-04-30,0.05,
11/03/2024,2024-03-11,M+2,2024-05-01,2024-05-31,-0.3,
11/03/2024,2024-03-11,M+3,2024-06-01,2024-06-30,-0.425,
11/03/2024,2024-03-11,Q+1,2024-04-01,2024-06-30,-0.4,
11/03/2024,2024-03-11,Q+2,2024-07-01,2024-09-30,-0.424,
11/03/2024,2024-03-11,Q+3,2024-10-01,2024-12-31,-0.47,
11/03/2024,2024-03-11,Q+4,2025-01-01,2025-03-31,-0.897,
11/03/2024,2024-03-11,S,2025-04-01,2025-09-30,-0.861,
11/03/2024,2024-03-11,Y+1,2025-01-01,2025-12-31,-0.95,
11/03/2024,2024-03-11,Y+2,2026-01-01,2026-12-31,-0.76,
12/03/2024,2024-03-12,D+1,2024-03-13,2024-03-13,0.008,24.75
12/03/2024,2024-03-12,D+2,2024-03-14,2024-03-14,-0.001,
12/03/2024,2024-03-12,D+3,2024-03-15,2024-03-15,-0.01,
12/03/2024,2024-03-12,W,2024-10-01,2025-03-31,-0.29,
12/03/2024,2024-03-12,BoM,2024-03-13,2024-03-31,-0.067,
12/03/2024,2024-03-12,M+1,2024-04-01,2024-04-30,-0.281,
12/03/2024,2024-03-12,M+2,2024-05-01,2024-05-31,-0.281,
12/03/2024,2024-03-12,M+3,2024-06-01,2024-06-30,-0.269,
12/03/2024,2024-03-12,Q+1,2024-04-01,2024-06-30,-0.289,
12/03/2024,2024-03-12,Q+2,2024-07-01,2024-09-30,-0.284,
12/03/2024,2024-03-12,Q+3,2024-10-01,2024-12-31,-0.319,
12/03/2024,2024-03-12,Q+4,2025-01-01,2025-03-31,-0.324,
12/03/2024,2024-03-12,S,2025-04-01,2025-09-30,-0.281,
12/03/2024,2024-03-12,Y+1,2025-01-01,2025-12-31,-0.315,
12/03/2024,2024-03-12,Y+2,2026-01-01,2026-12-31,-0.321,
13/03/2024,2024-03-13,D+1,2024-03-14,2024-03-14,0.116,24.72
13/03/2024,2024-03-13,D+2,2024-03-15,2024-03-15,0.106,
13/03/2024,2024-03-13,D+3,2024-03-16,2024-03-16,0.096,
13/03/2024,2024-03-13,W,2024-10-01,2025-03-31,-0.414,
13/03/2024,2024-03-13,BoM,2024-03-14,2024-03-31,0.055,
13/03/2024,2024-03-13,M+1,2024-04-01,2024-04-30,-0.2,
13/03/2024,2024-03-13,M+2,2024-05-01,2024-05-31,-0.275,
13/03/2024,2024-03-13,M+3,2024-06-01,2024-06-30,-0.425,
13/03/2024,2024-03-13,Q+1,2024-04-01,2024-06-30,-0.275,
13/03/2024,2024-03-13,Q+2,2024-07-01,2024-09-30,-0.232,
13/03/2024,2024-03-13,Q+3,2024-10-01,2024-12-31,-0.282,
13/03/2024,2024-03-13,Q+4,2025-01-01,2025-03-31,-0.579,
13/03/2024,2024-03-13,S,2025-04-01,2025-09-30,-0.53,
13/03/2024,2024-03-13,Y+1,2025-01-01,2025-12-31,-0.6,
13/03/2024,2024-03-13,Y+2,2026-01-01,2026-12-31,-0.521,
14/03/2024,2024-03-14,D+1,2024-03-15,2024-03-15,0.346,25.36
14/03/2024,2024-03-14,D+2,2024-03-16,2024-03-16,0.325,
14/03/2024,2024-03-14,D+3,2024-03-17,2024-03-17,0.304,
14/03/2024,2024-03-14,W,2024-10-01,2025-03-31,-0.545,
14/03/2024,2024-03-14,BoM,2024-03-15,2024-03-31,0.206,
14/03/2024,2024-03-14,M+1,2024-04-01,2024-04-30,-0.3,
14/03/2024,2024-03-14,M+2,2024-05-01,2024-05-31,-0.25,
14/03/2024,2024-03-14,M+3,2024-06-01,2024-06-30,-0.346,
14/03/2024,2024-03-14,Q+1,2024-04-01,2024-06-30,-0.25,
14/03/2024,2024-03-14,Q+2,2024-07-01,2024-09-30,-0.31,
14/03/2024,2024-03-14,Q+3,2024-10-01,2024-12-31,-0.314,
14/03/2024,2024-03-14,Q+4,2025-01-01,2025-03-31,-0.711,
14/03/2024,2024-03-14,S,2025-04-01,2025-09-30,-0.703,
14/03/2024,2024-03-14,Y+1,2025-01-01,2025-12-31,-0.675,
14/03/2024,2024-03-14,Y+2,2026-01-01,2026-12-31,-0.715,
15/03/2024,2024-03-15,D+1,2024-03-16,2024-03-16,0.0,27.08
15/03/2024,2024-03-15,D+2,2024-03-17,2024-03-17,-0.001,
15/03/2024,2024-03-15,D+3,2024-03-18,2024-03-18,-0.003,
15/03/2024,2024-03-15,W,2024-10-01,2025-03-31,-0.388,
15/03/2024,2024-03-15,BoM,2024-03-16,2024-03-31,-0.001,
15/03/2024,2024-03-15,M+1,2024-04-01,2024-04-30,-0.05,
15/03/2024,2024-03-15,M+2,2024-05-01,2024-05-31,-0.1,
15/03/2024,2024-03-15,M+3,2024-06-01,2024-06-30,-0.16,
15/03/2024,2024-03-15,Q+1,2024-04-01,2024-06-30,-0.1,
15/03/2024,2024-03-15,Q+2,2024-07-01,2024-09-30,-0.083,
15/03/2024,2024-03-15,Q+3,2024-10-01,2024-12-31,-0.073,
15/03/2024,2024-03-15,Q+4,2025-01-01,2025-03-31,-0.702,
15/03/2024,2024-03-15,S,2025-04-01,2025-09-30,-0.666,
15/03/2024,2024-03-15,Y+1,2025-01-01,2025-12-31,-0.7,
15/03/2024,2024-03-15,Y+2,2026-01-01,2026-12-31,-0.577,
18/03/2024,2024-03-18,D+1,2024-03-19,2024-03-19,0.052,28.6
18/03/2024,2024-03-18,D+2,2024-03-20,2024-03-20,0.046,
18/03/2024,2024-03-18,D+3,2024-03-21,2024-03-21,0.041,
18/03/2024,2024-03-18,W,2024-10-01,2025-03-31,-0.575,
18/03/2024,2024-03-18,BoM,2024-03-19,2024-03-31,0.14,
18/03/2024,2024-03-18,M+1,2024-04-01,2024-04-30,-0.1,
18/03/2024,2024-03-18,M+2,2024-05-01,2024-05-31,-0.1,
18/03/2024,2024-03-18,M+3,2024-06-01,2024-06-30,-0.166,
18/03/2024,2024-03-18,Q+1,2024-04-01,2024-06-30,-0.05,
18/03/2024,2024-03-18,Q+2,2024-07-01,2024-09-30,0.042,
18/03/2024,2024-03-18,Q+3,2024-10-01,2024-12-31,-0.366,
18/03/2024,2024-03-18,Q+4,2025-01-01,2025-03-31,-0.782,
18/03/2024,2024-03-18,S,2025-04-01,2025-09-30,-0.783,
18/03/2024,2024-03-18,Y+1,2025-01-01,2025-12-31,-0.8,
18/03/2024,2024-03-18,Y+2,2026-01-01,2026-12-31,-0.77,
19/03/2024,2024-03-19,D+1,2024-03-20,2024-03-20,0.122,28.63
19/03/2024,2024-03-19,D+2,2024-03-21,2024-03-21,0.112,
19/03/2024,2024-03-19,D+3,2024-03-22,2024-03-22,0.103,
19/03/2024,2024-03-19,W,2024-10-01,2025-03-31,-0.769,
19/03/2024,2024-03-19,BoM,2024-03-20,2024-03-31,-0.14,
19/03/2024,2024-03-19,M+1,2024-04-01,2024-04-30,-0.125,
19/03/2024,2024-03-19,M+2,2024-05-01,2024-05-31,-0.2,
19/03/2024,2024-03-19,M+3,2024-06-01,2024-06-30,-0.048,
19/03/2024,2024-03-19,Q+1,2024-04-01,2024-06-30,-0.15,
19/03/2024,2024-03-19,Q+2,2024-07-01,2024-09-30,0.075,
19/03/2024,2024-03-19,Q+3,2024-10-01,2024-12-31,-0.74,
19/03/2024,2024-03-19,Q+4,2025-01-01,2025-03-31,-0.757,
19/03/2024,2024-03-19,S,2025-04-01,2025-09-30,-0.673,
19/03/2024,2024-03-19,Y+1,2025-01-01,2025-12-31,-0.8,
19/03/2024,2024-03-19,Y+2,2026-01-01,2026-12-31,-0.739,
20/03/2024,2024-03-20,D+1,2024-03-21,2024-03-21,0.105,27.78
20/03/2024,2024-03-20,D+2,2024-03-22,2024-03-22,0.096,
20/03/2024,2024-03-20,D+3,2024-03-23,2024-03-23,0.087,
20/03/2024,2024-03-20,W,2024-10-01,2025-03-31,-0.46,
20/03/2024,2024-03-20,BoM,2024-03-21,2024-03-31,0.054,
20/03/2024,2024-03-20,M+1,2024-04-01,2024-04-30,-0.125,
20/03/2024,2024-03-20,M+2,2024-05-01,2024-05-31,-0.2,
20/03/2024,2024-03-20,M+3,2024-06-01,2024-06-30,-0.151,
20/03/2024,2024-03-20,Q+1,2024-04-01,2024-06-30,-0.15,
20/03/2024,2024-03-20,Q+2,2024-07-01,2024-09-30,-0.148,
20/03/2024,2024-03-20,Q+3,2024-10-01,2024-12-31,-0.099,
20/03/2024,2024-03-20,Q+4,2025-01-01,2025-03-31,-0.802,
20/03/2024,2024-03-20,S,2025-04-01,2025-09-30,-0.708,
20/03/2024,2024-03-20,Y+1,2025-01-01,2025-12-31,-0.75,
20/03/2024,2024-03-20,Y+2,2026-01-01,2026-12-31,-0.688,
21/03/2024,2024-03-21,D+1,2024-03-22,2024-03-22,0.075,26.3
21/03/2024,2024-03-21,D+2,2024-03-23,2024-03-23,0.066,
21/03/2024,2024-03-21,D+3,2024-03-24,2024-03-24,0.056,
21/03/2024,2024-03-21,W,2024-10-01,2025-03-31,-0.422,
21/03/2024,2024-03-21,BoM,2024-03-22,2024-03-31,0.014,
21/03/2024,2024-03-21,M+1,2024-04-01,2024-04-30,-0.15,
21/03/2024,2024-03-21,M+2,2024-05-01,2024-05-31,-0.25,
21/03/2024,2024-03-21,M+3,2024-06-01,2024-06-30,-0.124,
21/03/2024,2024-03-21,Q+1,2024-04-01,2024-06-30,-0.15,
21/03/2024,2024-03-21,Q+2,2024-07-01,2024-09-30,-0.116,
21/03/2024,2024-03-21,Q+3,2024-10-01,2024-12-31,-0.149,
21/03/2024,2024-03-21,Q+4,2025-01-01,2025-03-31,-0.721,
21/03/2024,2024-03-21,S,2025-04-01,2025-09-30,-0.646,
21/03/2024,2024-03-21,Y+1,2025-01-01,2025-12-31,-0.85,
21/03/2024,2024-03-21,Y+2,2026-01-01,2026-12-31,-0.641,
22/03/2024,2024-03-22,D+1,2024-03-23,2024-03-23,0.213,27.2
22/03/2024,2024-03-22,D+2,2024-03-24,2024-03-24,0.195,
22/03/2024,2024-03-22,D+3,2024-03-25,2024-03-25,0.177,
22/03/2024,2024-03-22,W,2024-10-01,2025-03-31,-0.57,
22/03/2024,2024-03-22,BoM,2024-03-23,2024-03-31,0.142,
22/03/2024,2024-03-22,M+1,2024-04-01,2024-04-30,-0.2,
22/03/2024,2024-03-22,M+2,2024-05-01,2024-05-31,-0.1,
22/03/2024,2024-03-22,M+3,2024-06-01,2024-06-30,-0.166,
22/03/2024,2024-03-22,Q+1,2024-04-01,2024-06-30,-0.1,
22/03/2024,2024-03-22,Q+2,2024-07-01,2024-09-30,-0.21,
22/03/2024,2024-03-22,Q+3,2024-10-01,2024-12-31,-0.257,
22/03/2024,2024-03-22,Q+4,2025-01-01,2025-03-31,-0.895,
22/03/2024,2024-03-22,S,2025-04-01,2025-09-30,-0.854,
22/03/2024,2024-03-22,Y+1,2025-01-01,2025-12-31,-0.9,
22/03/2024,2024-03-22,Y+2,2026-01-01,2026-12-31,-0.775,
25/03/2024,2024-03-25,D+1,2024-03-26,2024-03-26,0.018,28.14
25/03/2024,2024-03-25,D+2,2024-03-27,2024-03-27,0.007,
25/03/2024,2024-03-25,D+3,2024-03-28,2024-03-28,-0.004,
25/03/2024,2024-03-25,W,2024-10-01,2025-03-31,-0.825,
25/03/2024,2024-03-25,BoM,2024-03-26,2024-03-31,-0.003,
25/03/2024,2024-03-25,M+1,2024-04-01,2024-04-30,-0.2,
25/03/2024,2024-03-25,M+2,2024-05-01,2024-05-31,-0.2,
25/03/2024,2024-03-25,M+3,2024-06-01,2024-06-30,-0.116,
25/03/2024,2024-03-25,Q+1,2024-04-01,2024-06-30,-0.2,
25/03/2024,2024-03-25,Q+2,2024-07-01,2024-09-30,-0.198,
25/03/2024,2024-03-25,Q+3,2024-10-01,2024-12-31,-0.915,
25/03/2024,2024-03-25,Q+4,2025-01-01,2025-03-31,-0.724,
25/03/2024,2024-03-25,S,2025-04-01,2025-09-30,-0.723,
25/03/2024,2024-03-25,Y+1,2025-01-01,2025-12-31,-0.8,
25/03/2024,2024-03-25,Y+2,2026-01-01,2026-12-31,-0.762,
26/03/2024,2024-03-26,D+1,2024-03-27,2024-03-27,-0.007,27.13
26/03/2024,2024-03-26,D+2,2024-03-28,2024-03-28,-0.015,
26/03/2024,2024-03-26,D+3,2024-03-29,2024-03-29,-0.022,
26/03/2024,2024-03-26,W,2024-10-01,2025-03-31,-0.463,
26/03/2024,2024-03-26,BoM,2024-03-27,2024-03-31,-0.019,
26/03/2024,2024-03-26,M+1,2024-04-01,2024-04-30,-0.15,
26/03/2024,2024-03-26,M+2,2024-05-01,2024-05-31,-0.1,
26/03/2024,2024-03-26,M+3,2024-06-01,2024-06-30,-0.06,
26/03/2024,2024-03-26,Q+1,2024-04-01,2024-06-30,-0.1,
26/03/2024,2024-03-26,Q+2,2024-07-01,2024-09-30,-0.074,
26/03/2024,2024-03-26,Q+3,2024-10-01,2024-12-31,-0.035,
26/03/2024,2024-03-26,Q+4,2025-01-01,2025-03-31,-0.916,
26/03/2024,2024-03-26,S,2025-04-01,2025-09-30,-0.786,
26/03/2024,2024-03-26,Y+1,2025-01-01,2025-12-31,-1.0,
26/03/2024,2024-03-26,Y+2,2026-01-01,2026-12-31,-0.643,
27/03/2024,2024-03-27,D+1,2024-03-28,2024-03-28,0.005,27.58
27/03/2024,2024-03-27,D+2,2024-03-29,2024-03-29,-0.015,
27/03/2024,2024-03-27,D+3,2024-03-30,2024-03-30,-0.034,
27/03/2024,2024-03-27,W,2024-10-01,2025-03-31,-1.276,
27/03/2024,2024-03-27,BoM,2024-03-28,2024-03-31,-0.015,
27/03/2024,2024-03-27,M+1,2024-04-01,2024-04-30,-0.349,
27/03/2024,2024-03-27,M+2,2024-05-01,2024-05-31,-1.089,
27/03/2024,2024-03-27,M+3,2024-06-01,2024-06-30,-1.112,
27/03/2024,2024-03-27,Q+1,2024-04-01,2024-06-30,-0.845,
27/03/2024,2024-03-27,Q+2,2024-07-01,2024-09-30,-1.126,
27/03/2024,2024-03-27,Q+3,2024-10-01,2024-12-31,-1.22,
27/03/2024,2024-03-27,Q+4,2025-01-01,2025-03-31,-1.246,
27/03/2024,2024-03-27,S,2025-04-01,2025-09-30,-1.177,
27/03/2024,2024-03-27,Y+1,2025-01-01,2025-12-31,-1.249,
27/03/2024,2024-03-27,Y+2,2026-01-01,2026-12-31,-1.117,
28/03/2024,2024-03-28,D+1,2024-03-29,2024-03-29,0.005,26.94
28/03/2024,2024-03-28,D+2,2024-03-30,2024-03-30,-0.015,
28/03/2024,2024-03-28,D+3,2024-03-31,2024-03-31,-0.034,
28/03/2024,2024-03-28,W,2024-10-01,2025-03-31,-0.204,
28/03/2024,2024-03-28,M+1,2024-04-01,2024-04-30,-0.349,
28/03/2024,2024-03-28,M+2,2024-05-01,2024-05-31,-0.197,
28/03/2024,2024-03-28,M+3,2024-06-01,2024-06-30,-0.2,
28/03/2024,2024-03-28,Q+2,2024-07-01,2024-09-30,-0.203,
28/03/2024,2024-03-28,Q+3,2024-10-01,2024-12-31,-0.234,
28/03/2024,2024-03-28,Q+4,2025-01-01,2025-03-31,-0.174,
28/03/2024,2024-03-28,S,2025-04-01,2025-09-30,-0.27,
28/03/2024,2024-03-28,Y+1,2025-01-01,2025-12-31,-0.226,
28/03/2024,2024-03-28,Y+2,2026-01-01,2026-12-31,-0.302,
02/04/2024,2024-04-02,D+1,2024-04-03,2024-04-03,0.378,26.42
02/04/2024,2024-04-02,D+2,2024-04-04,2024-04-04,0.364,
02/04/2024,2024-04-02,D+3,2024-04-05,2024-04-05,0.35,
02/04/2024,2024-04-02,W,2025-10-01,2026-03-31,-0.641,
02/04/2024,2024-04-02,BoM,2024-04-03,2024-04-30,0.296,
02/04/2024,2024-04-02,M+1,2024-05-01,2024-05-31,0.11,
02/04/2024,2024-04-02,M+2,2024-06-01,2024-06-30,-0.2,
02/04/2024,2024-04-02,M+3,2024-07-01,2024-07-31,-0.14,
02/04/2024,2024-04-02,Q+1,2024-07-01,2024-09-30,-0.2,
02/04/2024,2024-04-02,Q+2,2024-10-01,2024-12-31,-0.734,
02/04/2024,2024-04-02,Q+3,2025-01-01,2025-03-31,-0.791,
02/04/2024,2024-04-02,Q+4,2025-04-01,2025-06-30,-0.619,
02/04/2024,2024-04-02,S,2025-04-01,2025-09-30,-0.61,
02/04/2024,2024-04-02,Y+1,2025-01-01,2025-12-31,-0.75,
02/04/2024,2024-04-02,Y+2,2026-01-01,2026-12-31,-0.69,
03/04/2024,2024-04-03,D+1,2024-04-04,2024-04-04,0.105,25.9
03/04/2024,2024-04-03,D+2,2024-04-05,2024-04-05,0.102,
03/04/2024,2024-04-03,D+3,2024-04-06,2024-04-06,0.1,
03/04/2024,2024-04-03,W,2025-10-01,2026-03-31,-0.572,
03/04/2024,2024-04-03,BoM,2024-04-04,2024-04-30,0.119,
03/04/2024,2024-04-03,M+1,2024-05-01,2024-05-31,0.149,
03/04/2024,2024-04-03,M+2,2024-06-01,2024-06-30,-0.01,
03/04/2024,2024-04-03,M+3,2024-07-01,2024-07-31,-0.018,
03/04/2024,2024-04-03,Q+1,2024-07-01,2024-09-30,-0.026,
03/04/2024,2024-04-03,Q+2,2024-10-01,2024-12-31,-0.874,
03/04/2024,2024-04-03,Q+3,2025-01-01,2025-03-31,-0.891,
03/04/2024,2024-04-03,Q+4,2025-04-01,2025-06-30,-0.539,
03/04/2024,2024-04-03,S,2025-04-01,2025-09-30,-0.587,
03/04/2024,2024-04-03,Y+1,2025-01-01,2025-12-31,-0.75,
03/04/2024,2024-04-03,Y+2,2026-01-01,2026-12-31,-0.47,
04/04/2024,2024-04-04,D+1,2024-04-05,2024-04-05,0.505,25.82
04/04/2024,2024-04-04,D+2,2024-04-06,2024-04-06,0.491,
04/04/2024,2024-04-04,D+3,2024-04-07,2024-04-07,0.476,
04/04/2024,2024-04-04,W,2025-10-01,2026-03-31,-0.5,
04/04/2024,2024-04-04,BoM,2024-04-05,2024-04-30,0.362,
04/04/2024,2024-04-04,M+1,2024-05-01,2024-05-31,-0.08,
04/04/2024,2024-04-04,M+2,2024-06-01,2024-06-30,0.05,
04/04/2024,2024-04-04,M+3,2024-07-01,2024-07-31,0.037,
04/04/2024,2024-04-04,Q+1,2024-07-01,2024-09-30,0.017,
04/04/2024,2024-04-04,Q+2,2024-10-01,2024-12-31,-0.675,
04/04/2024,2024-04-04,Q+3,2025-01-01,2025-03-31,-0.899,
04/04/2024,2024-04-04,Q+4,2025-04-01,2025-06-30,-0.475,
04/04/2024,2024-04-04,S,2025-04-01,2025-09-30,-0.492,
04/04/2024,2024-04-04,Y+1,2025-01-01,2025-12-31,-0.65,
04/04/2024,2024-04-04,Y+2,2026-01-01,2026-12-31,-0.475,
05/04/2024,2024-04-05,D+1,2024-04-06,2024-04-06,0.782,26.2
05/04/2024,2024-04-05,D+2,2024-04-07,2024-04-07,0.754,
05/04/2024,2024-04-05,D+3,2024-04-08,2024-04-08,0.726,
05/04/2024,2024-04-05,W,2025-10-01,2026-03-31,-0.92,
05/04/2024,2024-04-05,BoM,2024-04-06,2024-04-30,0.461,
05/04/2024,2024-04-05,M+1,2024-05-01,2024-05-31,-0.32,
05/04/2024,2024-04-05,M+2,2024-06-01,2024-06-30,-0.296,
05/04/2024,2024-04-05,M+3,2024-07-01,2024-07-31,-0.184,
05/04/2024,2024-04-05,Q+1,2024-07-01,2024-09-30,-0.23,
05/04/2024,2024-04-05,Q+2,2024-10-01,2024-12-31,-1.202,
05/04/2024,2024-04-05,Q+3,2025-01-01,2025-03-31,-1.312,
05/04/2024,2024-04-05,Q+4,2025-04-01,2025-06-30,-0.87,
05/04/2024,2024-04-05,S,2025-04-01,2025-09-30,-0.882,
05/04/2024,2024-04-05,Y+1,2025-01-01,2025-12-31,-0.75,
05/04/2024,2024-04-05,Y+2,2026-01-01,2026-12-31,-0.778,
08/04/2024,2024-04-08,D+1,2024-04-09,2024-04-09,0.176,27.68
08/04/2024,2024-04-08,D+2,2024-04-10,2024-04-10,0.171,
08/04/2024,2024-04-08,D+3,2024-04-11,2024-04-11,0.166,
08/04/2024,2024-04-08,W,2025-10-01,2026-03-31,-0.688,
08/04/2024,2024-04-08,BoM,2024-04-09,2024-04-30,0.111,
08/04/2024,2024-04-08,M+1,2024-05-01,2024-05-31,0.0,
08/04/2024,2024-04-08,M+2,2024-06-01,2024-06-30,-0.05,
08/04/2024,2024-04-08,M+3,2024-07-01,2024-07-31,-0.06,
08/04/2024,2024-04-08,Q+1,2024-07-01,2024-09-30,0.0,
08/04/2024,2024-04-08,Q+2,2024-10-01,2024-12-31,-0.809,
08/04/2024,2024-04-08,Q+3,2025-01-01,2025-03-31,-0.869,
08/04/2024,2024-04-08,Q+4,2025-04-01,2025-06-30,-0.64,
08/04/2024,2024-04-08,S,2025-04-01,2025-09-30,-0.66,
08/04/2024,2024-04-08,Y+1,2025-01-01,2025-12-31,-0.7,
08/04/2024,2024-04-08,Y+2,2026-01-01,2026-12-31,-0.712,
09/04/2024,2024-04-09,D+1,2024-04-10,2024-04-10,0.305,27.3
09/04/2024,2024-04-09,D+2,2024-04-11,2024-04-11,0.295,
09/04/2024,2024-04-09,D+3,2024-04-12,2024-04-12,0.285,
09/04/2024,2024-04-09,W,2025-10-01,2026-03-31,-0.725,
09/04/2024,2024-04-09,BoM,2024-04-10,2024-04-30,0.252,
09/04/2024,2024-04-09,M+1,2024-05-01,2024-05-31,0.109,
09/04/2024,2024-04-09,M+2,2024-06-01,2024-06-30,-0.05,
09/04/2024,2024-04-09,M+3,2024-07-01,2024-07-31,0.011,
09/04/2024,2024-04-09,Q+1,2024-07-01,2024-09-30,-0.023,
09/04/2024,2024-04-09,Q+2,2024-10-01,2024-12-31,-0.81,
09/04/2024,2024-04-09,Q+3,2025-01-01,2025-03-31,-0.871,
09/04/2024,2024-04-09,Q+4,2025-04-01,2025-06-30,-0.668,
09/04/2024,2024-04-09,S,2025-04-01,2025-09-30,-0.673,
09/04/2024,2024-04-09,Y+1,2025-01-01,2025-12-31,-0.7,
09/04/2024,2024-04-09,Y+2,2026-01-01,2026-12-31,-0.709,
10/04/2024,2024-04-10,D+1,2024-04-11,2024-04-11,0.614,27.26
10/04/2024,2024-04-10,D+2,2024-04-12,2024-04-12,0.595,
10/04/2024,2024-04-10,D+3,2024-04-13,2024-04-13,0.576,
10/04/2024,2024-04-10,W,2025-10-01,2026-03-31,-0.601,
10/04/2024,2024-04-10,BoM,2024-04-11,2024-04-30,0.462,
10/04/2024,2024-04-10,M+1,2024-05-01,2024-05-31,0.03,
10/04/2024,2024-04-10,M+2,2024-06-01,2024-06-30,-0.15,
10/04/2024,2024-04-10,M+3,2024-07-01,2024-07-31,0.066,
10/04/2024,2024-04-10,Q+1,2024-07-01,2024-09-30,0.0,
10/04/2024,2024-04-10,Q+2,2024-10-01,2024-12-31,-0.75,
10/04/2024,2024-04-10,Q+3,2025-01-01,2025-03-31,-0.789,
10/04/2024,2024-04-10,Q+4,2025-04-01,2025-06-30,-0.558,
10/04/2024,2024-04-10,S,2025-04-01,2025-09-30,-0.58,
10/04/2024,2024-04-10,Y+1,2025-01-01,2025-12-31,-0.7,
10/04/2024,2024-04-10,Y+2,2026-01-01,2026-12-31,-0.552,
11/04/2024,2024-04-11,D+1,2024-04-12,2024-04-12,0.318,29.3
11/04/2024,2024-04-11,D+2,2024-04-13,2024-04-13,0.307,
11/04/2024,2024-04-11,D+3,2024-04-14,2024-04-14,0.296,
11/04/2024,2024-04-11,W,2025-10-01,2026-03-31,-0.634,
11/04/2024,2024-04-11,BoM,2024-04-12,2024-04-30,0.215,
11/04/2024,2024-04-11,M+1,2024-05-01,2024-05-31,-0.05,
11/04/2024,2024-04-11,M+2,2024-06-01,2024-06-30,-0.15,
11/04/2024,2024-04-11,M+3,2024-07-01,2024-07-31,-0.143,
11/04/2024,2024-04-11,Q+1,2024-07-01,2024-09-30,-0.1,
11/04/2024,2024-04-11,Q+2,2024-10-01,2024-12-31,-0.945,
11/04/2024,2024-04-11,Q+3,2025-01-01,2025-03-31,-0.558,
11/04/2024,2024-04-11,Q+4,2025-04-01,2025-06-30,-0.608,
11/04/2024,2024-04-11,S,2025-04-01,2025-09-30,-0.602,
11/04/2024,2024-04-11,Y+1,2025-01-01,2025-12-31,-0.6,
11/04/2024,2024-04-11,Y+2,2026-01-01,2026-12-31,-0.489,
12/04/2024,2024-04-12,D+1,2024-04-13,2024-04-13,-0.075,29.76
12/04/2024,2024-04-12,D+2,2024-04-14,2024-04-14,-0.074,
12/04/2024,2024-04-12,D+3,2024-04-15,2024-04-15,-0.073,
12/04/2024,2024-04-12,W,2025-10-01,2026-03-31,-0.96,
12/04/2024,2024-04-12,BoM,2024-04-13,2024-04-30,-0.073,
12/04/2024,2024-04-12,M+1,2024-05-01,2024-05-31,-0.05,
12/04/2024,2024-04-12,M+2,2024-06-01,2024-06-30,-0.219,
12/04/2024,2024-04-12,M+3,2024-07-01,2024-07-31,0.003,
12/04/2024,2024-04-12,Q+1,2024-07-01,2024-09-30,-0.1,
12/04/2024,2024-04-12,Q+2,2024-10-01,2024-12-31,-1.305,
12/04/2024,2024-04-12,Q+3,2025-01-01,2025-03-31,-0.237,
12/04/2024,2024-04-12,Q+4,2025-04-01,2025-06-30,-0.88,
12/04/2024,2024-04-12,S,2025-04-01,2025-09-30,-0.906,
12/04/2024,2024-04-12,Y+1,2025-01-01,2025-12-31,-0.75,
12/04/2024,2024-04-12,Y+2,2026-01-01,2026-12-31,-0.845,
15/04/2024,2024-04-15,D+1,2024-04-16,2024-04-16,-0.48,31.53
15/04/2024,2024-04-15,D+2,2024-04-17,2024-04-17,-0.472,
15/04/2024,2024-04-15,D+3,2024-04-18,2024-04-18,-0.464,
15/04/2024,2024-04-15,W,2025-10-01,2026-03-31,-0.638,
15/04/2024,2024-04-15,BoM,2024-04-16,2024-04-30,-0.399,
15/04/2024,2024-04-15,M+1,2024-05-01,2024-05-31,-0.25,
15/04/2024,2024-04-15,M+2,2024-06-01,2024-06-30,-0.3,
15/04/2024,2024-04-15,M+3,2024-07-01,2024-07-31,-0.327,
15/04/2024,2024-04-15,Q+1,2024-07-01,2024-09-30,-0.1,
15/04/2024,2024-04-15,Q+2,2024-10-01,2024-12-31,-0.696,
15/04/2024,2024-04-15,Q+3,2025-01-01,2025-03-31,-0.757,
15/04/2024,2024-04-15,Q+4,2025-04-01,2025-06-30,-0.601,
15/04/2024,2024-04-15,S,2025-04-01,2025-09-30,-0.625,
15/04/2024,2024-04-15,Y+1,2025-01-01,2025-12-31,-0.762,
15/04/2024,2024-04-15,Y+2,2026-01-01,2026-12-31,-0.546,
16/04/2024,2024-04-16,D+1,2024-04-17,2024-04-17,-0.897,33.95
16/04/2024,2024-04-16,D+2,2024-04-18,2024-04-18,-0.878,
16/04/2024,2024-04-16,D+3,2024-04-19,2024-04-19,-0.859,
16/04/2024,2024-04-16,W,2025-10-01,2026-03-31,-0.933,
16/04/2024,2024-04-16,BoM,2024-04-17,2024-04-30,-0.773,
16/04/2024,2024-04-16,M+1,2024-05-01,2024-05-31,-0.35,
16/04/2024,2024-04-16,M+2,2024-06-01,2024-06-30,-0.5,
16/04/2024,2024-04-16,M+3,2024-07-01,2024-07-31,-0.425,
16/04/2024,2024-04-16,Q+1,2024-07-01,2024-09-30,-0.4,
16/04/2024,2024-04-16,Q+2,2024-10-01,2024-12-31,-0.675,
16/04/2024,2024-04-16,Q+3,2025-01-01,2025-03-31,-0.771,
16/04/2024,2024-04-16,Q+4,2025-04-01,2025-06-30,-0.901,
16/04/2024,2024-04-16,S,2025-04-01,2025-09-30,-0.929,
16/04/2024,2024-04-16,Y+1,2025-01-01,2025-12-31,-0.9,
16/04/2024,2024-04-16,Y+2,2026-01-01,2026-12-31,-0.764,
17/04/2024,2024-04-17,D+1,2024-04-18,2024-04-18,-1.163,31.86
17/04/2024,2024-04-17,D+2,2024-04-19,2024-04-19,-1.133,
17/04/2024,2024-04-17,D+3,2024-04-20,2024-04-20,-1.104,
17/04/2024,2024-04-17,W,2025-10-01,2026-03-31,-0.918,
17/04/2024,2024-04-17,BoM,2024-04-18,2024-04-30,-0.96,
17/04/2024,2024-04-17,M+1,2024-05-01,2024-05-31,-0.35,
17/04/2024,2024-04-17,M+2,2024-06-01,2024-06-30,-0.5,
17/04/2024,2024-04-17,M+3,2024-07-01,2024-07-31,-0.286,
17/04/2024,2024-04-17,Q+1,2024-07-01,2024-09-30,-0.4,
17/04/2024,2024-04-17,Q+2,2024-10-01,2024-12-31,-0.719,
17/04/2024,2024-04-17,Q+3,2025-01-01,2025-03-31,-0.695,
17/04/2024,2024-04-17,Q+4,2025-04-01,2025-06-30,-0.812,
17/04/2024,2024-04-17,S,2025-04-01,2025-09-30,-0.802,
17/04/2024,2024-04-17,Y+1,2025-01-01,2025-12-31,-0.9,
17/04/2024,2024-04-17,Y+2,2026-01-01,2026-12-31,-0.847,
18/04/2024,2024-04-18,D+1,2024-04-19,2024-04-19,-0.507,32.69
18/04/2024,2024-04-18,D+2,2024-04-20,2024-04-20,-0.497,
18/04/2024,2024-04-18,D+3,2024-04-21,2024-04-21,-0.488,
18/04/2024,2024-04-18,W,2025-10-01,2026-03-31,-0.918,
18/04/2024,2024-04-18,BoM,2024-04-19,2024-04-30,-0.495,
18/04/2024,2024-04-18,M+1,2024-05-01,2024-05-31,-0.25,
18/04/2024,2024-04-18,M+2,2024-06-01,2024-06-30,-0.5,
18/04/2024,2024-04-18,M+3,2024-07-01,2024-07-31,-0.453,
18/04/2024,2024-04-18,Q+1,2024-07-01,2024-09-30,-0.35,
18/04/2024,2024-04-18,Q+2,2024-10-01,2024-12-31,-0.902,
18/04/2024,2024-04-18,Q+3,2025-01-01,2025-03-31,-0.937,
18/04/2024,2024-04-18,Q+4,2025-04-01,2025-06-30,-0.906,
18/04/2024,2024-04-18,S,2025-04-01,2025-09-30,-0.898,
18/04/2024,2024-04-18,Y+1,2025-01-01,2025-12-31,-0.85,
18/04/2024,2024-04-18,Y+2,2026-01-01,2026-12-31,-0.777,
19/04/2024,2024-04-19,D+1,2024-04-20,2024-04-20,-1.407,31.11
19/04/2024,2024-04-19,D+2,2024-04-21,2024-04-21,-1.361,
19/04/2024,2024-04-19,D+3,2024-04-22,2024-04-22,-1.316,
19/04/2024,2024-04-19,W,2025-10-01,2026-03-31,-0.843,
19/04/2024,2024-04-19,BoM,2024-04-20,2024-04-30,-1.204,
19/04/2024,2024-04-19,M+1,2024-05-01,2024-05-31,-0.25,
19/04/2024,2024-04-19,M+2,2024-06-01,2024-06-30,-0.5,
19/04/2024,2024-04-19,M+3,2024-07-01,2024-07-31,-0.398,
19/04/2024,2024-04-19,Q+1,2024-07-01,2024-09-30,-0.4,
19/04/2024,2024-04-19,Q+2,2024-10-01,2024-12-31,-0.804,
19/04/2024,2024-04-19,Q+3,2025-01-01,2025-03-31,-0.833,
19/04/2024,2024-04-19,Q+4,2025-04-01,2025-06-30,-0.831,
19/04/2024,2024-04-19,S,2025-04-01,2025-09-30,-0.807,
19/04/2024,2024-04-19,Y+1,2025-01-01,2025-12-31,-0.85,
19/04/2024,2024-04-19,Y+2,2026-01-01,2026-12-31,-0.812,
22/04/2024,2024-04-22,D+1,2024-04-23,2024-04-23,-0.734,29.88
22/04/2024,2024-04-22,D+2,2024-04-24,2024-04-24,-0.719,
22/04/2024,2024-04-22,D+3,2024-04-25,2024-04-25,-0.704,
22/04/2024,2024-04-22,W,2025-10-01,2026-03-31,-0.801,
22/04/2024,2024-04-22,BoM,2024-04-23,2024-04-30,-0.684,
22/04/2024,2024-04-22,M+1,2024-05-01,2024-05-31,-0.4,
22/04/2024,2024-04-22,M+2,2024-06-01,2024-06-30,-0.5,
22/04/2024,2024-04-22,M+3,2024-07-01,2024-07-31,-0.419,
22/04/2024,2024-04-22,Q+1,2024-07-01,2024-09-30,-0.4,
22/04/2024,2024-04-22,Q+2,2024-10-01,2024-12-31,-0.655,
22/04/2024,2024-04-22,Q+3,2025-01-01,2025-03-31,-1.129,
22/04/2024,2024-04-22,Q+4,2025-04-01,2025-06-30,-0.72,
22/04/2024,2024-04-22,S,2025-04-01,2025-09-30,-0.77,
22/04/2024,2024-04-22,Y+1,2025-01-01,2025-12-31,-0.85,
22/04/2024,2024-04-22,Y+2,2026-01-01,2026-12-31,-0.702,
23/04/2024,2024-04-23,D+1,2024-04-24,2024-04-24,-0.315,28.96
23/04/2024,2024-04-23,D+2,2024-04-25,2024-04-25,-0.319,
23/04/2024,2024-04-23,D+3,2024-04-26,2024-04-26,-0.323,
23/04/2024,2024-04-23,W,2025-10-01,2026-03-31,-0.873,
23/04/2024,2024-04-23,BoM,2024-04-24,2024-04-30,-0.309,
23/04/2024,2024-04-23,M+1,2024-05-01,2024-05-31,-0.4,
23/04/2024,2024-04-23,M+2,2024-06-01,2024-06-30,-0.4,
23/04/2024,2024-04-23,M+3,2024-07-01,2024-07-31,-0.335,
23/04/2024,2024-04-23,Q+1,2024-07-01,2024-09-30,-0.4,
23/04/2024,2024-04-23,Q+2,2024-10-01,2024-12-31,-0.68,
23/04/2024,2024-04-23,Q+3,2025-01-01,2025-03-31,-0.754,
23/04/2024,2024-04-23,Q+4,2025-04-01,2025-06-30,-0.827,
23/04/2024,2024-04-23,S,2025-04-01,2025-09-30,-0.821,
23/04/2024,2024-04-23,Y+1,2025-01-01,2025-12-31,-0.85,
23/04/2024,2024-04-23,Y+2,2026-01-01,2026-12-31,-0.686,
24/04/2024,2024-04-24,D+1,2024-04-25,2024-04-25,-0.626,30.06
24/04/2024,2024-04-24,D+2,2024-04-26,2024-04-26,-0.649,
24/04/2024,2024-04-24,D+3,2024-04-27,2024-04-27,-0.673,
24/04/2024,2024-04-24,W,2025-10-01,2026-03-31,-0.823,
24/04/2024,2024-04-24,BoM,2024-04-25,2024-04-30,-0.673,
24/04/2024,2024-04-24,M+1,2024-05-01,2024-05-31,-1.107,
24/04/2024,2024-04-24,M+2,2024-06-01,2024-06-30,-1.108,
24/04/2024,2024-04-24,M+3,2024-07-01,2024-07-31,-1.088,
24/04/2024,2024-04-24,Q+1,2024-07-01,2024-09-30,-1.116,
24/04/2024,2024-04-24,Q+2,2024-10-01,2024-12-31,-0.962,
24/04/2024,2024-04-24,Q+3,2025-01-01,2025-03-31,-1.007,
24/04/2024,2024-04-24,Q+4,2025-04-01,2025-06-30,-0.819,
24/04/2024,2024-04-24,S,2025-04-01,2025-09-30,-0.845,
24/04/2024,2024-04-24,Y+1,2025-01-01,2025-12-31,-0.85,
24/04/2024,2024-04-24,Y+2,2026-01-01,2026-12-31,-0.643,
25/04/2024,2024-04-25,D+1,2024-04-26,2024-04-26,-0.07,30.34
25/04/2024,2024-04-25,D+2,2024-04-27,2024-04-27,-0.087,
25/04/2024,2024-04-25,D+3,2024-04-28,2024-04-28,-0.104,
25/04/2024,2024-04-25,W,2025-10-01,2026-03-31,-0.923,
25/04/2024,2024-04-25,BoM,2024-04-26,2024-04-30,-0.085,
25/04/2024,2024-04-25,M+1,2024-05-01,2024-05-31,-0.4,
25/04/2024,2024-04-25,M+2,2024-06-01,2024-06-30,-0.4,
25/04/2024,2024-04-25,M+3,2024-07-01,2024-07-31,-0.239,
25/04/2024,2024-04-25,Q+1,2024-07-01,2024-09-30,-0.4,
25/04/2024,2024-04-25,Q+2,2024-10-01,2024-12-31,-0.819,
25/04/2024,2024-04-25,Q+3,2025-01-01,2025-03-31,-0.858,
25/04/2024,2024-04-25,Q+4,2025-04-01,2025-06-30,-0.876,
25/04/2024,2024-04-25,S,2025-04-01,2025-09-30,-0.862,
25/04/2024,2024-04-25,Y+1,2025-01-01,2025-12-31,-0.85,
25/04/2024,2024-04-25,Y+2,2026-01-01,2026-12-31,-0.776,
26/04/2024,2024-04-26,D+1,2024-04-27,2024-04-27,0.417,28.76
26/04/2024,2024-04-26,D+2,2024-04-28,2024-04-28,0.375,
26/04/2024,2024-04-26,D+3,2024-04-29,2024-04-29,0.334,
26/04/2024,2024-04-26,W,2025-10-01,2026-03-31,-0.881,
26/04/2024,2024-04-26,BoM,2024-04-27,2024-04-30,0.382,
26/04/2024,2024-04-26,M+1,2024-05-01,2024-05-31,-0.35,
26/04/2024,2024-04-26,M+2,2024-06-01,2024-06-30,-0.25,
26/04/2024,2024-04-26,M+3,2024-07-01,2024-07-31,-0.33,
26/04/2024,2024-04-26,Q+1,2024-07-01,2024-09-30,-0.35,
26/04/2024,2024-04-26,Q+2,2024-10-01,2024-12-31,-0.624,
26/04/2024,2024-04-26,Q+3,2025-01-01,2025-03-31,-1.51,
26/04/2024,2024-04-26,Q+4,2025-04-01,2025-06-30,-0.824,
26/04/2024,2024-04-26,S,2025-04-01,2025-09-30,-0.859,
26/04/2024,2024-04-26,Y+1,2025-01-01,2025-12-31,-0.9,
26/04/2024,2024-04-26,Y+2,2026-01-01,2026-12-31,-0.758,
29/04/2024,2024-04-29,D+1,2024-04-30,2024-04-30,0.539,27.72
29/04/2024,2024-04-29,D+2,2024-05-01,2024-05-01,0.495,
29/04/2024,2024-04-29,D+3,2024-05-02,2024-05-02,0.45,
29/04/2024,2024-04-29,W,2025-10-01,2026-03-31,-0.914,
29/04/2024,2024-04-29,M+1,2024-05-01,2024-05-31,-0.15,
29/04/2024,2024-04-29,M+2,2024-06-01,2024-06-30,-0.15,
29/04/2024,2024-04-29,M+3,2024-07-01,2024-07-31,-0.093,
29/04/2024,2024-04-29,Q+1,2024-07-01,2024-09-30,-0.2,
29/04/2024,2024-04-29,Q+2,2024-10-01,2024-12-31,-0.655,
29/04/2024,2024-04-29,Q+3,2025-01-01,2025-03-31,-0.695,
29/04/2024,2024-04-29,Q+4,2025-04-01,2025-06-30,-0.863,
29/04/2024,2024-04-29,S,2025-04-01,2025-09-30,-0.869,
29/04/2024,2024-04-29,Y+1,2025-01-01,2025-12-31,-0.95,
29/04/2024,2024-04-29,Y+2,2026-01-01,2026-12-31,-0.793,
30/04/2024,2024-04-30,D+1,2024-05-01,2024-05-01,0.496,29.02
30/04/2024,2024-04-30,D+2,2024-05-02,2024-05-02,0.451,
30/04/2024,2024-04-30,D+3,2024-05-03,2024-05-03,0.407,
30/04/2024,2024-04-30,W,2025-10-01,2026-03-31,-0.914,
30/04/2024,2024-04-30,M+1,2024-05-01,2024-05-31,-0.15,
30/04/2024,2024-04-30,M+2,2024-06-01,2024-06-30,-0.1,
30/04/2024,2024-04-30,M+3,2024-07-01,2024-07-31,-0.093,
30/04/2024,2024-04-30,Q+1,2024-07-01,2024-09-30,-0.2,
30/04/2024,2024-04-30,Q+2,2024-10-01,2024-12-31,-0.655,
30/04/2024,2024-04-30,Q+3,2025-01-01,2025-03-31,-0.695,
30/04/2024,2024-04-30,Q+4,2025-04-01,2025-06-30,-0.863,
30/04/2024,2024-04-30,S,2025-04-01,2025-09-30,-0.869,
30/04/2024,2024-04-30,Y+1,2025-01-01,2025-12-31,-0.9,
30/04/2024,2024-04-30,Y+2,2026-01-01,2026-12-31,-0.793,
02/05/2024,2024-05-02,D+1,2024-05-03,2024-05-03,-0.205,30.76
02/05/2024,2024-05-02,D+2,2024-05-04,2024-05-04,-0.203,
02/05/2024,2024-05-02,D+3,2024-05-05,2024-05-05,-0.201,
02/05/2024,2024-05-02,W,2025-10-01,2026-03-31,-1.045,
02/05/2024,2024-05-02,BoM,2024-05-03,2024-05-31,-2.467,
02/05/2024,2024-05-02,M+1,2024-06-01,2024-06-30,-0.119,
02/05/2024,2024-05-02,M+2,2024-07-01,2024-07-31,-0.131,
02/05/2024,2024-05-02,M+3,2024-08-01,2024-08-31,-0.144,
02/05/2024,2024-05-02,Q+1,2024-07-01,2024-09-30,-0.154,
02/05/2024,2024-05-02,Q+2,2024-10-01,2024-12-31,-1.806,
02/05/2024,2024-05-02,Q+3,2025-01-01,2025-03-31,-1.149,
02/05/2024,2024-05-02,Q+4,2025-04-01,2025-06-30,-1.044,
02/05/2024,2024-05-02,S,2025-04-01,2025-09-30,-1.041,
02/05/2024,2024-05-02,Y+1,2025-01-01,2025-12-31,-1.08,
02/05/2024,2024-05-02,Y+2,2026-01-01,2026-12-31,-0.825,
03/05/2024,2024-05-03,D+1,2024-05-04,2024-05-04,-0.205,29.76
03/05/2024,2024-05-03,D+2,2024-05-05,2024-05-05,-0.203,
03/05/2024,2024-05-03,D+3,2024-05-06,2024-05-06,-0.201,
03/05/2024,2024-05-03,W,2025-10-01,2026-03-31,-0.931,
03/05/2024,2024-05-03,BoM,2024-05-04,2024-05-31,-0.099,
03/05/2024,2024-05-03,M+1,2024-06-01,2024-06-30,-0.15,
03/05/2024,2024-05-03,M+2,2024-07-01,2024-07-31,-0.2,
03/05/2024,2024-05-03,M+3,2024-08-01,2024-08-31,-0.139,
03/05/2024,2024-05-03,Q+1,2024-07-01,2024-09-30,-0.2,
03/05/2024,2024-05-03,Q+2,2024-10-01,2024-12-31,-0.461,
03/05/2024,2024-05-03,Q+3,2025-01-01,2025-03-31,-1.045,
03/05/2024,2024-05-03,Q+4,2025-04-01,2025-06-30,-0.871,
03/05/2024,2024-05-03,S,2025-04-01,2025-09-30,-0.866,
03/05/2024,2024-05-03,Y+1,2025-01-01,2025-12-31,-0.9,
03/05/2024,2024-05-03,Y+2,2026-01-01,2026-12-31,-0.81,
06/05/2024,2024-05-06,D+1,2024-05-07,2024-05-07,-0.417,30.42
06/05/2024,2024-05-06,D+2,2024-05-08,2024-05-08,-0.412,
06/05/2024,2024-05-06,D+3,2024-05-09,2024-05-09,-0.407,
06/05/2024,2024-05-06,W,2025-10-01,2026-03-31,-0.619,
06/05/2024,2024-05-06,BoM,2024-05-07,2024-05-31,-0.36,
06/05/2024,2024-05-06,M+1,2024-06-01,2024-06-30,-0.222,
06/05/2024,2024-05-06,M+2,2024-07-01,2024-07-31,-0.329,
06/05/2024,2024-05-06,M+3,2024-08-01,2024-08-31,-0.336,
06/05/2024,2024-05-06,Q+1,2024-07-01,2024-09-30,-0.308,
06/05/2024,2024-05-06,Q+2,2024-10-01,2024-12-31,-0.327,
06/05/2024,2024-05-06,Q+3,2025-01-01,2025-03-31,-0.651,
06/05/2024,2024-05-06,Q+4,2025-04-01,2025-06-30,-0.659,
06/05/2024,2024-05-06,S,2025-04-01,2025-09-30,-0.634,
06/05/2024,2024-05-06,Y+1,2025-01-01,2025-12-31,-0.664,
06/05/2024,2024-05-06,Y+2,2026-01-01,2026-12-31,-0.621,
07/05/2024,2024-05-07,D+1,2024-05-08,2024-05-08,-0.647,31.37
07/05/2024,2024-05-07,D+2,2024-05-09,2024-05-09,-0.638,
07/05/2024,2024-05-07,D+3,2024-05-10,2024-05-10,-0.629,
07/05/2024,2024-05-07,W,2025-10-01,2026-03-31,-1.055,
07/05/2024,2024-05-07,BoM,2024-05-08,2024-05-31,-0.529,
07/05/2024,2024-05-07,M+1,2024-06-01,2024-06-30,-0.3,
07/05/2024,2024-05-07,M+2,2024-07-01,2024-07-31,-0.25,
07/05/2024,2024-05-07,M+3,2024-08-01,2024-08-31,-0.28,
07/05/2024,2024-05-07,Q+1,2024-07-01,2024-09-30,-0.25,
07/05/2024,2024-05-07,Q+2,2024-10-01,2024-12-31,-0.562,
07/05/2024,2024-05-07,Q+3,2025-01-01,2025-03-31,-0.596,
07/05/2024,2024-05-07,Q+4,2025-04-01,2025-06-30,-1.013,
07/05/2024,2024-05-07,S,2025-04-01,2025-09-30,-1.02,
07/05/2024,2024-05-07,Y+1,2025-01-01,2025-12-31,-0.95,
07/05/2024,2024-05-07,Y+2,2026-01-01,2026-12-31,-0.96,
08/05/2024,2024-05-08,D+1,2024-05-09,2024-05-09,-0.237,30.49
08/05/2024,2024-05-08,D+2,2024-05-10,2024-05-10,-0.239,
08/05/2024,2024-05-08,D+3,2024-05-11,2024-05-11,-0.24,
08/05/2024,2024-05-08,W,2025-10-01,2026-03-31,-0.933,
08/05/2024,2024-05-08,BoM,2024-05-09,2024-05-31,-0.22,
08/05/2024,2024-05-08,M+1,2024-06-01,2024-06-30,-0.3,
08/05/2024,2024-05-08,M+2,2024-07-01,2024-07-31,-0.25,
08/05/2024,2024-05-08,M+3,2024-08-01,2024-08-31,-0.101,
08/05/2024,2024-05-08,Q+1,2024-07-01,2024-09-30,-0.25,
08/05/2024,2024-05-08,Q+2,2024-10-01,2024-12-31,-0.807,
08/05/2024,2024-05-08,Q+3,2025-01-01,2025-03-31,-0.817,
08/05/2024,2024-05-08,Q+4,2025-04-01,2025-06-30,-0.916,
08/05/2024,2024-05-08,S,2025-04-01,2025-09-30,-0.934,
08/05/2024,2024-05-08,Y+1,2025-01-01,2025-12-31,-0.95,
08/05/2024,2024-05-08,Y+2,2026-01-01,2026-12-31,-0.777,
09/05/2024,2024-05-09,D+1,2024-05-10,2024-05-10,0.152,30.62
09/05/2024,2024-05-09,D+2,2024-05-11,2024-05-11,0.139,
09/05/2024,2024-05-09,D+3,2024-05-12,2024-05-12,0.127,
09/05/2024,2024-05-09,W,2025-10-01,2026-03-31,-1.005,
09/05/2024,2024-05-09,BoM,2024-05-10,2024-05-31,0.797,
09/05/2024,2024-05-09,M+1,2024-06-01,2024-06-30,-0.3,
09/05/2024,2024-05-09,M+2,2024-07-01,2024-07-31,-0.25,
09/05/2024,2024-05-09,M+3,2024-08-01,2024-08-31,-0.135,
09/05/2024,2024-05-09,Q+1,2024-07-01,2024-09-30,-0.25,
09/05/2024,2024-05-09,Q+2,2024-10-01,2024-12-31,-0.76,
09/05/2024,2024-05-09,Q+3,2025-01-01,2025-03-31,-0.805,
09/05/2024,2024-05-09,Q+4,2025-04-01,2025-06-30,-0.941,
09/05/2024,2024-05-09,S,2025-04-01,2025-09-30,-0.949,
09/05/2024,2024-05-09,Y+1,2025-01-01,2025-12-31,-0.95,
09/05/2024,2024-05-09,Y+2,2026-01-01,2026-12-31,-0.796,
10/05/2024,2024-05-10,D+1,2024-05-11,2024-05-11,0.525,28.74
10/05/2024,2024-05-10,D+2,2024-05-12,2024-05-12,0.502,
10/05/2024,2024-05-10,D+3,2024-05-13,2024-05-13,0.478,
10/05/2024,2024-05-10,W,2025-10-01,2026-03-31,-1.049,
10/05/2024,2024-05-10,BoM,2024-05-11,2024-05-31,0.281,
10/05/2024,2024-05-10,M+1,2024-06-01,2024-06-30,-0.3,
10/05/2024,2024-05-10,M+2,2024-07-01,2024-07-31,-0.25,
10/05/2024,2024-05-10,M+3,2024-08-01,2024-08-31,-0.369,
10/05/2024,2024-05-10,Q+1,2024-07-01,2024-09-30,-0.25,
10/05/2024,2024-05-10,Q+2,2024-10-01,2024-12-31,-0.831,
10/05/2024,2024-05-10,Q+3,2025-01-01,2025-03-31,-0.918,
10/05/2024,2024-05-10,Q+4,2025-04-01,2025-06-30,-1.013,
10/05/2024,2024-05-10,S,2025-04-01,2025-09-30,-0.975,
10/05/2024,2024-05-10,Y+1,2025-01-01,2025-12-31,-0.95,
10/05/2024,2024-05-10,Y+2,2026-01-01,2026-12-31,-0.932,
13/05/2024,2024-05-13,D+1,2024-05-14,2024-05-14,0.53,28.7
13/05/2024,2024-05-13,D+2,2024-05-15,2024-05-15,0.503,
13/05/2024,2024-05-13,D+3,2024-05-16,2024-05-16,0.475,
13/05/2024,2024-05-13,W,2025-10-01,2026-03-31,-0.809,
13/05/2024,2024-05-13,BoM,2024-05-14,2024-05-31,0.305,
13/05/2024,2024-05-13,M+1,2024-06-01,2024-06-30,-0.35,
13/05/2024,2024-05-13,M+2,2024-07-01,2024-07-31,-0.25,
13/05/2024,2024-05-13,M+3,2024-08-01,2024-08-31,-0.248,
13/05/2024,2024-05-13,Q+1,2024-07-01,2024-09-30,-0.25,
13/05/2024,2024-05-13,Q+2,2024-10-01,2024-12-31,-0.684,
13/05/2024,2024-05-13,Q+3,2025-01-01,2025-03-31,-1.015,
13/05/2024,2024-05-13,Q+4,2025-04-01,2025-06-30,-0.756,
13/05/2024,2024-05-13,S,2025-04-01,2025-09-30,-0.796,
13/05/2024,2024-05-13,Y+1,2025-01-01,2025-12-31,-0.85,
13/05/2024,2024-05-13,Y+2,2026-01-01,2026-12-31,-0.669,
14/05/2024,2024-05-14,D+1,2024-05-15,2024-05-15,0.811,29.0
14/05/2024,2024-05-14,D+2,2024-05-16,2024-05-16,0.777,
14/05/2024,2024-05-14,D+3,2024-05-17,2024-05-17,0.743,
14/05/2024,2024-05-14,W,2025-10-01,2026-03-31,-0.896,
14/05/2024,2024-05-14,BoM,2024-05-15,2024-05-31,0.559,
14/05/2024,2024-05-14,M+1,2024-06-01,2024-06-30,-0.25,
14/05/2024,2024-05-14,M+2,2024-07-01,2024-07-31,-0.15,
14/05/2024,2024-05-14,M+3,2024-08-01,2024-08-31,-0.132,
14/05/2024,2024-05-14,Q+1,2024-07-01,2024-09-30,-0.15,
14/05/2024,2024-05-14,Q+2,2024-10-01,2024-12-31,-1.06,
14/05/2024,2024-05-14,Q+3,2025-01-01,2025-03-31,-0.695,
14/05/2024,2024-05-14,Q+4,2025-04-01,2025-06-30,-0.874,
14/05/2024,2024-05-14,S,2025-04-01,2025-09-30,-0.883,
14/05/2024,2024-05-14,Y+1,2025-01-01,2025-12-31,-0.85,
14/05/2024,2024-05-14,Y+2,2026-01-01,2026-12-31,-0.761,
15/05/2024,2024-05-15,D+1,2024-05-16,2024-05-16,0.454,29.4
15/05/2024,2024-05-15,D+2,2024-05-17,2024-05-17,0.438,
15/05/2024,2024-05-15,D+3,2024-05-18,2024-05-18,0.423,
15/05/2024,2024-05-15,W,2025-10-01,2026-03-31,-0.088,
15/05/2024,2024-05-15,BoM,2024-05-16,2024-05-31,0.346,
15/05/2024,2024-05-15,M+1,2024-06-01,2024-06-30,-0.011,
15/05/2024,2024-05-15,M+2,2024-07-01,2024-07-31,-0.005,
15/05/2024,2024-05-15,M+3,2024-08-01,2024-08-31,-0.014,
15/05/2024,2024-05-15,Q+1,2024-07-01,2024-09-30,-0.011,
15/05/2024,2024-05-15,Q+2,2024-10-01,2024-12-31,-0.023,
15/05/2024,2024-05-15,Q+3,2025-01-01,2025-03-31,-0.041,
15/05/2024,2024-05-15,Q+4,2025-04-01,2025-06-30,-0.095,
15/05/2024,2024-05-15,S,2025-04-01,2025-09-30,-0.079,
15/05/2024,2024-05-15,Y+1,2025-01-01,2025-12-31,-0.103,
15/05/2024,2024-05-15,Y+2,2026-01-01,2026-12-31,-0.103,
16/05/2024,2024-05-16,D+1,2024-05-17,2024-05-17,0.67,30.14
16/05/2024,2024-05-16,D+2,2024-05-18,2024-05-18,0.64,
16/05/2024,2024-05-16,D+3,2024-05-19,2024-05-19,0.61,
16/05/2024,2024-05-16,W,2025-10-01,2026-03-31,-0.818,
16/05/2024,2024-05-16,BoM,2024-05-17,2024-05-31,0.479,
16/05/2024,2024-05-16,M+1,2024-06-01,2024-06-30,-0.2,
16/05/2024,2024-05-16,M+2,2024-07-01,2024-07-31,-0.35,
16/05/2024,2024-05-16,M+3,2024-08-01,2024-08-31,-0.308,
16/05/2024,2024-05-16,Q+1,2024-07-01,2024-09-30,-0.15,
16/05/2024,2024-05-16,Q+2,2024-10-01,2024-12-31,-0.717,
16/05/2024,2024-05-16,Q+3,2025-01-01,2025-03-31,-1.12,
16/05/2024,2024-05-16,Q+4,2025-04-01,2025-06-30,-0.837,
16/05/2024,2024-05-16,S,2025-04-01,2025-09-30,-0.794,
16/05/2024,2024-05-16,Y+1,2025-01-01,2025-12-31,-0.85,
16/05/2024,2024-05-16,Y+2,2026-01-01,2026-12-31,-0.704,
17/05/2024,2024-05-17,D+1,2024-05-18,2024-05-18,0.592,30.32
17/05/2024,2024-05-17,D+2,2024-05-19,2024-05-19,0.562,
17/05/2024,2024-05-17,D+3,2024-05-20,2024-05-20,0.532,
17/05/2024,2024-05-17,W,2025-10-01,2026-03-31,-0.802,
17/05/2024,2024-05-17,BoM,2024-05-18,2024-05-31,0.44,
17/05/2024,2024-05-17,M+1,2024-06-01,2024-06-30,-0.25,
17/05/2024,2024-05-17,M+2,2024-07-01,2024-07-31,-0.35,
17/05/2024,2024-05-17,M+3,2024-08-01,2024-08-31,-0.06,
17/05/2024,2024-05-17,Q+1,2024-07-01,2024-09-30,-0.15,
17/05/2024,2024-05-17,Q+2,2024-10-01,2024-12-31,-0.881,
17/05/2024,2024-05-17,Q+3,2025-01-01,2025-03-31,-0.937,
17/05/2024,2024-05-17,Q+4,2025-04-01,2025-06-30,-0.764,
17/05/2024,2024-05-17,S,2025-04-01,2025-09-30,-0.8,
17/05/2024,2024-05-17,Y+1,2025-01-01,2025-12-31,-0.85,
17/05/2024,2024-05-17,Y+2,2026-01-01,2026-12-31,-0.66,
20/05/2024,2024-05-20,D+1,2024-05-21,2024-05-21,0.183,32.17
20/05/2024,2024-05-20,D+2,2024-05-22,2024-05-22,0.17,
20/05/2024,2024-05-20,D+3,2024-05-23,2024-05-23,0.156,
20/05/2024,2024-05-20,W,2025-10-01,2026-03-31,-0.801,
20/05/2024,2024-05-20,BoM,2024-05-21,2024-05-31,0.164,
20/05/2024,2024-05-20,M+1,2024-06-01,2024-06-30,-0.15,
20/05/2024,2024-05-20,M+2,2024-07-01,2024-07-31,-0.1,
20/05/2024,2024-05-20,M+3,2024-08-01,2024-08-31,-0.003,
20/05/2024,2024-05-20,Q+1,2024-07-01,2024-09-30,-0.1,
20/05/2024,2024-05-20,Q+2,2024-10-01,2024-12-31,-0.775,
20/05/2024,2024-05-20,Q+3,2025-01-01,2025-03-31,-0.849,
20/05/2024,2024-05-20,Q+4,2025-04-01,2025-06-30,-0.763,
20/05/2024,2024-05-20,S,2025-04-01,2025-09-30,-0.827,
20/05/2024,2024-05-20,Y+1,2025-01-01,2025-12-31,-0.95,
20/05/2024,2024-05-20,Y+2,2026-01-01,2026-12-31,-0.641,
21/05/2024,2024-05-21,D+1,2024-05-22,2024-05-22,0.46,33.0
21/05/2024,2024-05-21,D+2,2024-05-23,2024-05-23,0.439,
21/05/2024,2024-05-21,D+3,2024-05-24,2024-05-24,0.418,
21/05/2024,2024-05-21,W,2025-10-01,2026-03-31,-0.672,
21/05/2024,2024-05-21,BoM,2024-05-22,2024-05-31,0.369,
21/05/2024,2024-05-21,M+1,2024-06-01,2024-06-30,-0.05,
21/05/2024,2024-05-21,M+2,2024-07-01,2024-07-31,-0.1,
21/05/2024,2024-05-21,M+3,2024-08-01,2024-08-31,0.082,
21/05/2024,2024-05-21,Q+1,2024-07-01,2024-09-30,-0.1,
21/05/2024,2024-05-21,Q+2,2024-10-01,2024-12-31,-0.586,
21/05/2024,2024-05-21,Q+3,2025-01-01,2025-03-31,-0.597,
21/05/2024,2024-05-21,Q+4,2025-04-01,2025-06-30,-0.668,
21/05/2024,2024-05-21,S,2025-04-01,2025-09-30,-0.664,
21/05/2024,2024-05-21,Y+1,2025-01-01,2025-12-31,-0.75,
21/05/2024,2024-05-21,Y+2,2026-01-01,2026-12-31,-0.549,
22/05/2024,2024-05-22,D+1,2024-05-23,2024-05-23,0.674,34.46
22/05/2024,2024-05-22,D+2,2024-05-24,2024-05-24,0.643,
22/05/2024,2024-05-22,D+3,2024-05-25,2024-05-25,0.611,
22/05/2024,2024-05-22,W,2025-10-01,2026-03-31,-0.696,
22/05/2024,2024-05-22,BoM,2024-05-23,2024-05-31,0.555,
22/05/2024,2024-05-22,M+1,2024-06-01,2024-06-30,-0.05,
22/05/2024,2024-05-22,M+2,2024-07-01,2024-07-31,-0.1,
22/05/2024,2024-05-22,M+3,2024-08-01,2024-08-31,-0.122,
22/05/2024,2024-05-22,Q+1,2024-07-01,2024-09-30,-0.1,
22/05/2024,2024-05-22,Q+2,2024-10-01,2024-12-31,-0.968,
22/05/2024,2024-05-22,Q+3,2025-01-01,2025-03-31,-1.041,
22/05/2024,2024-05-22,Q+4,2025-04-01,2025-06-30,-0.671,
22/05/2024,2024-05-22,S,2025-04-01,2025-09-30,-0.633,
22/05/2024,2024-05-22,Y+1,2025-01-01,2025-12-31,-0.75,
22/05/2024,2024-05-22,Y+2,2026-01-01,2026-12-31,-0.595,
23/05/2024,2024-05-23,D+1,2024-05-24,2024-05-24,0.425,35.46
23/05/2024,2024-05-23,D+2,2024-05-25,2024-05-25,0.401,
23/05/2024,2024-05-23,D+3,2024-05-26,2024-05-26,0.377,
23/05/2024,2024-05-23,W,2025-10-01,2026-03-31,-0.828,
23/05/2024,2024-05-23,BoM,2024-05-24,2024-05-31,0.353,
23/05/2024,2024-05-23,M+1,2024-06-01,2024-06-30,-0.1,
23/05/2024,2024-05-23,M+2,2024-07-01,2024-07-31,-0.1,
23/05/2024,2024-05-23,M+3,2024-08-01,2024-08-31,-0.114,
23/05/2024,2024-05-23,Q+1,2024-07-01,2024-09-30,-0.1,
23/05/2024,2024-05-23,Q+2,2024-10-01,2024-12-31,-0.796,
23/05/2024,2024-05-23,Q+3,2025-01-01,2025-03-31,-0.979,
23/05/2024,2024-05-23,Q+4,2025-04-01,2025-06-30,-0.805,
23/05/2024,2024-05-23,S,2025-04-01,2025-09-30,-0.776,
23/05/2024,2024-05-23,Y+1,2025-01-01,2025-12-31,-0.8,
23/05/2024,2024-05-23,Y+2,2026-01-01,2026-12-31,-0.651,
24/05/2024,2024-05-24,D+1,2024-05-25,2024-05-25,0.425,34.33
24/05/2024,2024-05-24,D+2,2024-05-26,2024-05-26,0.401,
24/05/2024,2024-05-24,D+3,2024-05-27,2024-05-27,0.377,
24/05/2024,2024-05-24,W,2025-10-01,2026-03-31,-0.856,
24/05/2024,2024-05-24,BoM,2024-05-25,2024-05-31,0.215,
24/05/2024,2024-05-24,M+1,2024-06-01,2024-06-30,-0.05,
24/05/2024,2024-05-24,M+2,2024-07-01,2024-07-31,-0.15,
24/05/2024,2024-05-24,M+3,2024-08-01,2024-08-31,-0.487,
24/05/2024,2024-05-24,Q+1,2024-07-01,2024-09-30,-0.15,
24/05/2024,2024-05-24,Q+2,2024-10-01,2024-12-31,-0.975,
24/05/2024,2024-05-24,Q+3,2025-01-01,2025-03-31,-1.128,
24/05/2024,2024-05-24,Q+4,2025-04-01,2025-06-30,-0.842,
24/05/2024,2024-05-24,S,2025-04-01,2025-09-30,-0.822,
24/05/2024,2024-05-24,Y+1,2025-01-01,2025-12-31,-0.95,
24/05/2024,2024-05-24,Y+2,2026-01-01,2026-12-31,-0.714,
27/05/2024,2024-05-27,D+1,2024-05-28,2024-05-28,0.563,33.98
27/05/2024,2024-05-27,D+2,2024-05-29,2024-05-29,0.529,
27/05/2024,2024-05-27,D+3,2024-05-30,2024-05-30,0.495,
27/05/2024,2024-05-27,W,2025-10-01,2026-03-31,-0.935,
27/05/2024,2024-05-27,BoM,2024-05-28,2024-05-31,0.521,
27/05/2024,2024-05-27,M+1,2024-06-01,2024-06-30,-0.05,
27/05/2024,2024-05-27,M+2,2024-07-01,2024-07-31,-0.15,
27/05/2024,2024-05-27,M+3,2024-08-01,2024-08-31,-0.233,
27/05/2024,2024-05-27,Q+1,2024-07-01,2024-09-30,-0.15,
27/05/2024,2024-05-27,Q+2,2024-10-01,2024-12-31,-1.128,
27/05/2024,2024-05-27,Q+3,2025-01-01,2025-03-31,-1.101,
27/05/2024,2024-05-27,Q+4,2025-04-01,2025-06-30,-0.924,
27/05/2024,2024-05-27,S,2025-04-01,2025-09-30,-0.907,
27/05/2024,2024-05-27,Y+1,2025-01-01,2025-12-31,-1.0,
27/05/2024,2024-05-27,Y+2,2026-01-01,2026-12-31,-0.876,
28/05/2024,2024-05-28,D+1,2024-05-29,2024-05-29,0.346,33.87
28/05/2024,2024-05-28,D+2,2024-05-30,2024-05-30,0.323,
28/05/2024,2024-05-28,D+3,2024-05-31,2024-05-31,0.299,
28/05/2024,2024-05-28,W,2025-10-01,2026-03-31,-0.989,
28/05/2024,2024-05-28,M+1,2024-06-01,2024-06-30,-0.05,
28/05/2024,2024-05-28,M+2,2024-07-01,2024-07-31,-0.2,
28/05/2024,2024-05-28,M+3,2024-08-01,2024-08-31,-0.176,
28/05/2024,2024-05-28,Q+1,2024-07-01,2024-09-30,-0.075,
28/05/2024,2024-05-28,Q+2,2024-10-01,2024-12-31,-0.983,
28/05/2024,2024-05-28,Q+3,2025-01-01,2025-03-31,-1.008,
28/05/2024,2024-05-28,Q+4,2025-04-01,2025-06-30,-0.954,
28/05/2024,2024-05-28,S,2025-04-01,2025-09-30,-0.952,
28/05/2024,2024-05-28,Y+1,2025-01-01,2025-12-31,-1.0,
28/05/2024,2024-05-28,Y+2,2026-01-01,2026-12-31,-0.876,
29/05/2024,2024-05-29,D+1,2024-05-30,2024-05-30,0.014,34.34
29/05/2024,2024-05-29,D+2,2024-05-31,2024-05-31,0.016,
29/05/2024,2024-05-29,D+3,2024-06-01,2024-06-01,0.019,
29/05/2024,2024-05-29,W,2025-10-01,2026-03-31,-1.007,
29/05/2024,2024-05-29,M+1,2024-06-01,2024-06-30,0.05,
29/05/2024,2024-05-29,M+2,2024-07-01,2024-07-31,-0.2,
29/05/2024,2024-05-29,M+3,2024-08-01,2024-08-31,-0.246,
29/05/2024,2024-05-29,Q+1,2024-07-01,2024-09-30,-0.2,
29/05/2024,2024-05-29,Q+2,2024-10-01,2024-12-31,-0.931,
29/05/2024,2024-05-29,Q+3,2025-01-01,2025-03-31,-0.988,
29/05/2024,2024-05-29,Q+4,2025-04-01,2025-06-30,-0.94,
29/05/2024,2024-05-29,S,2025-04-01,2025-09-30,-0.955,
29/05/2024,2024-05-29,Y+1,2025-01-01,2025-12-31,-0.95,
29/05/2024,2024-05-29,Y+2,2026-01-01,2026-12-31,-0.822,
30/05/2024,2024-05-30,D+1,2024-05-31,2024-05-31,0.327,35.01
30/05/2024,2024-05-30,D+2,2024-06-01,2024-06-01,0.309,
30/05/2024,2024-05-30,D+3,2024-06-02,2024-06-02,0.29,
30/05/2024,2024-05-30,W,2025-10-01,2026-03-31,-0.767,
30/05/2024,2024-05-30,M+1,2024-06-01,2024-06-30,0.05,
30/05/2024,2024-05-30,M+2,2024-07-01,2024-07-31,0.05,
30/05/2024,2024-05-30,M+3,2024-08-01,2024-08-31,-0.056,
30/05/2024,2024-05-30,Q+1,2024-07-01,2024-09-30,-0.05,
30/05/2024,2024-05-30,Q+2,2024-10-01,2024-12-31,-0.659,
30/05/2024,2024-05-30,Q+3,2025-01-01,2025-03-31,-0.691,
30/05/2024,2024-05-30,Q+4,2025-04-01,2025-06-30,-0.722,
30/05/2024,2024-05-30,S,2025-04-01,2025-09-30,-0.705,
30/05/2024,2024-05-30,Y+1,2025-01-01,2025-12-31,-0.95,
30/05/2024,2024-05-30,Y+2,2026-01-01,2026-12-31,-0.624,
31/05/2024,2024-05-31,D+1,2024-06-01,2024-06-01,-0.01,34.48
31/05/2024,2024-05-31,D+2,2024-06-02,2024-06-02,-0.002,
31/05/2024,2024-05-31,D+3,2024-06-03,2024-06-03,0.006,
31/05/2024,2024-05-31,W,2025-10-01,2026-03-31,-1.124,
31/05/2024,2024-05-31,M+1,2024-06-01,2024-06-30,0.1,
31/05/2024,2024-05-31,M+2,2024-07-01,2024-07-31,0.0,
31/05/2024,2024-05-31,M+3,2024-08-01,2024-08-31,-0.114,
31/05/2024,2024-05-31,Q+1,2024-07-01,2024-09-30,-0.05,
31/05/2024,2024-05-31,Q+2,2024-10-01,2024-12-31,-1.217,
31/05/2024,2024-05-31,Q+3,2025-01-01,2025-03-31,-1.224,
31/05/2024,2024-05-31,Q+4,2025-04-01,2025-06-30,-1.136,
31/05/2024,2024-05-31,S,2025-04-01,2025-09-30,-1.083,
31/05/2024,2024-05-31,Y+1,2025-01-01,2025-12-31,-1.234,
31/05/2024,2024-05-31,Y+2,2026-01-01,2026-12-31,-1.012,
03/06/2024,2024-06-03,D+1,2024-06-04,2024-06-04,0.408,36.06
03/06/2024,2024-06-03,D+2,2024-06-05,2024-06-05,0.396,
03/06/2024,2024-06-03,D+3,2024-06-06,2024-06-06,0.384,
03/06/2024,2024-06-03,W,2025-10-01,2026-03-31,-0.73,
03/06/2024,2024-06-03,BoM,2024-06-04,2024-06-30,0.261,
03/06/2024,2024-06-03,M+1,2024-07-01,2024-07-31,-0.08,
03/06/2024,2024-06-03,M+2,2024-08-01,2024-08-31,-0.101,
03/06/2024,2024-06-03,M+3,2024-09-01,2024-09-30,-0.13,
03/06/2024,2024-06-03,Q+1,2024-07-01,2024-09-30,-0.121,
03/06/2024,2024-06-03,Q+2,2024-10-01,2024-12-31,-0.798,
03/06/2024,2024-06-03,Q+3,2025-01-01,2025-03-31,-0.796,
03/06/2024,2024-06-03,Q+4,2025-04-01,2025-06-30,-0.696,
03/06/2024,2024-06-03,S,2025-04-01,2025-09-30,-0.71,
03/06/2024,2024-06-03,Y+1,2025-01-01,2025-12-31,-0.763,
03/06/2024,2024-06-03,Y+2,2026-01-01,2026-12-31,-0.687,
04/06/2024,2024-06-04,D+1,2024-06-05,2024-06-05,0.663,34.14
04/06/2024,2024-06-04,D+2,2024-06-06,2024-06-06,0.648,
04/06/2024,2024-06-04,D+3,2024-06-07,2024-06-07,0.633,
04/06/2024,2024-06-04,W,2025-10-01,2026-03-31,-0.772,
04/06/2024,2024-06-04,BoM,2024-06-05,2024-06-30,0.535,
04/06/2024,2024-06-04,M+1,2024-07-01,2024-07-31,0.05,
04/06/2024,2024-06-04,M+2,2024-08-01,2024-08-31,0.05,
04/06/2024,2024-06-04,M+3,2024-09-01,2024-09-30,0.001,
04/06/2024,2024-06-04,Q+1,2024-07-01,2024-09-30,0.05,
04/06/2024,2024-06-04,Q+2,2024-10-01,2024-12-31,-0.92,
04/06/2024,2024-06-04,Q+3,2025-01-01,2025-03-31,-0.936,
04/06/2024,2024-06-04,Q+4,2025-04-01,2025-06-30,-0.726,
04/06/2024,2024-06-04,S,2025-04-01,2025-09-30,-0.748,
04/06/2024,2024-06-04,Y+1,2025-01-01,2025-12-31,-0.8,
04/06/2024,2024-06-04,Y+2,2026-01-01,2026-12-31,-0.656,
05/06/2024,2024-06-05,D+1,2024-06-06,2024-06-06,0.782,33.26
05/06/2024,2024-06-05,D+2,2024-06-07,2024-06-07,0.762,
05/06/2024,2024-06-05,D+3,2024-06-08,2024-06-08,0.742,
05/06/2024,2024-06-05,W,2025-10-01,2026-03-31,-0.917,
05/06/2024,2024-06-05,BoM,2024-06-06,2024-06-30,-1.799,
05/06/2024,2024-06-05,M+1,2024-07-01,2024-07-31,0.0,
05/06/2024,2024-06-05,M+2,2024-08-01,2024-08-31,-0.05,
05/06/2024,2024-06-05,M+3,2024-09-01,2024-09-30,0.399,
05/06/2024,2024-06-05,Q+1,2024-07-01,2024-09-30,-0.05,
05/06/2024,2024-06-05,Q+2,2024-10-01,2024-12-31,-1.016,
05/06/2024,2024-06-05,Q+3,2025-01-01,2025-03-31,-0.921,
05/06/2024,2024-06-05,Q+4,2025-04-01,2025-06-30,-0.871,
05/06/2024,2024-06-05,S,2025-04-01,2025-09-30,-0.866,
05/06/2024,2024-06-05,Y+1,2025-01-01,2025-12-31,-0.8,
05/06/2024,2024-06-05,Y+2,2026-01-01,2026-12-31,-0.907,
06/06/2024,2024-06-06,D+1,2024-06-07,2024-06-07,0.798,33.16
06/06/2024,2024-06-06,D+2,2024-06-08,2024-06-08,0.779,
06/06/2024,2024-06-06,D+3,2024-06-09,2024-06-09,0.759,
06/06/2024,2024-06-06,W,2025-10-01,2026-03-31,-0.562,
06/06/2024,2024-06-06,BoM,2024-06-07,2024-06-30,0.564,
06/06/2024,2024-06-06,M+1,2024-07-01,2024-07-31,0.05,
06/06/2024,2024-06-06,M+2,2024-08-01,2024-08-31,0.05,
06/06/2024,2024-06-06,M+3,2024-09-01,2024-09-30,-0.057,
06/06/2024,2024-06-06,Q+1,2024-07-01,2024-09-30,0.05,
06/06/2024,2024-06-06,Q+2,2024-10-01,2024-12-31,-1.032,
06/06/2024,2024-06-06,Q+3,2025-01-01,2025-03-31,-1.064,
06/06/2024,2024-06-06,Q+4,2025-04-01,2025-06-30,-0.824,
06/06/2024,2024-06-06,S,2025-04-01,2025-09-30,-0.78,
06/06/2024,2024-06-06,Y+1,2025-01-01,2025-12-31,-0.8,
06/06/2024,2024-06-06,Y+2,2026-01-01,2026-12-31,-0.182,
07/06/2024,2024-06-07,D+1,2024-06-08,2024-06-08,0.647,32.76
07/06/2024,2024-06-07,D+2,2024-06-09,2024-06-09,0.638,
07/06/2024,2024-06-07,D+3,2024-06-10,2024-06-10,0.629,
07/06/2024,2024-06-07,W,2025-10-01,2026-03-31,-0.668,
07/06/2024,2024-06-07,BoM,2024-06-08,2024-06-30,0.554,
07/06/2024,2024-06-07,M+1,2024-07-01,2024-07-31,0.318,
07/06/2024,2024-06-07,M+2,2024-08-01,2024-08-31,0.241,
07/06/2024,2024-06-07,M+3,2024-09-01,2024-09-30,0.134,
07/06/2024,2024-06-07,Q+1,2024-07-01,2024-09-30,0.221,
07/06/2024,2024-06-07,Q+2,2024-10-01,2024-12-31,-0.913,
07/06/2024,2024-06-07,Q+3,2025-01-01,2025-03-31,-0.925,
07/06/2024,2024-06-07,Q+4,2025-04-01,2025-06-30,-0.655,
07/06/2024,2024-06-07,S,2025-04-01,2025-09-30,-0.649,
07/06/2024,2024-06-07,Y+1,2025-01-01,2025-12-31,-0.75,
07/06/2024,2024-06-07,Y+2,2026-01-01,2026-12-31,-0.577,
10/06/2024,2024-06-10,D+1,2024-06-11,2024-06-11,0.47,34.55
10/06/2024,2024-06-10,D+2,2024-06-12,2024-06-12,0.458,
10/06/2024,2024-06-10,D+3,2024-06-13,2024-06-13,0.446,
10/06/2024,2024-06-10,W,2025-10-01,2026-03-31,-0.564,
10/06/2024,2024-06-10,BoM,2024-06-11,2024-06-30,0.376,
10/06/2024,2024-06-10,M+1,2024-07-01,2024-07-31,0.05,
10/06/2024,2024-06-10,M+2,2024-08-01,2024-08-31,0.05,
10/06/2024,2024-06-10,M+3,2024-09-01,2024-09-30,0.145,
10/06/2024,2024-06-10,Q+1,2024-07-01,2024-09-30,0.0,
10/06/2024,2024-06-10,Q+2,2024-10-01,2024-12-31,-0.683,
10/06/2024,2024-06-10,Q+3,2025-01-01,2025-03-31,-1.11,
10/06/2024,2024-06-10,Q+4,2025-04-01,2025-06-30,-0.619,
10/06/2024,2024-06-10,S,2025-04-01,2025-09-30,-0.557,
10/06/2024,2024-06-10,Y+1,2025-01-01,2025-12-31,-0.75,
10/06/2024,2024-06-10,Y+2,2026-01-01,2026-12-31,-0.438,
11/06/2024,2024-06-11,D+1,2024-06-12,2024-06-12,0.269,34.28
11/06/2024,2024-06-11,D+2,2024-06-13,2024-06-13,0.261,
11/06/2024,2024-06-11,D+3,2024-06-14,2024-06-14,0.253,
11/06/2024,2024-06-11,W,2025-10-01,2026-03-31,-0.731,
11/06/2024,2024-06-11,BoM,2024-06-12,2024-06-30,0.194,
11/06/2024,2024-06-11,M+1,2024-07-01,2024-07-31,0.0,
11/06/2024,2024-06-11,M+2,2024-08-01,2024-08-31,0.0,
11/06/2024,2024-06-11,M+3,2024-09-01,2024-09-30,-0.11,
11/06/2024,2024-06-11,Q+1,2024-07-01,2024-09-30,-0.05,
11/06/2024,2024-06-11,Q+2,2024-10-01,2024-12-31,-0.838,
11/06/2024,2024-06-11,Q+3,2025-01-01,2025-03-31,-1.29,
11/06/2024,2024-06-11,Q+4,2025-04-01,2025-06-30,-0.74,
11/06/2024,2024-06-11,S,2025-04-01,2025-09-30,-0.656,
11/06/2024,2024-06-11,Y+1,2025-01-01,2025-12-31,-0.8,
11/06/2024,2024-06-11,Y+2,2026-01-01,2026-12-31,-0.678,
12/06/2024,2024-06-12,D+1,2024-06-13,2024-06-13,0.184,35.08
12/06/2024,2024-06-12,D+2,2024-06-14,2024-06-14,0.178,
12/06/2024,2024-06-12,D+3,2024-06-15,2024-06-15,0.173,
12/06/2024,2024-06-12,W,2025-10-01,2026-03-31,-0.684,
12/06/2024,2024-06-12,BoM,2024-06-13,2024-06-30,0.144,
12/06/2024,2024-06-12,M+1,2024-07-01,2024-07-31,0.02,
12/06/2024,2024-06-12,M+2,2024-08-01,2024-08-31,-0.067,
12/06/2024,2024-06-12,M+3,2024-09-01,2024-09-30,-0.086,
12/06/2024,2024-06-12,Q+1,2024-07-01,2024-09-30,-0.05,
12/06/2024,2024-06-12,Q+2,2024-10-01,2024-12-31,-1.008,
12/06/2024,2024-06-12,Q+3,2025-01-01,2025-03-31,-1.043,
12/06/2024,2024-06-12,Q+4,2025-04-01,2025-06-30,-0.679,
12/06/2024,2024-06-12,S,2025-04-01,2025-09-30,-0.658,
12/06/2024,2024-06-12,Y+1,2025-01-01,2025-12-31,-0.8,
12/06/2024,2024-06-12,Y+2,2026-01-01,2026-12-31,-0.569,
13/06/2024,2024-06-13,D+1,2024-06-14,2024-06-14,0.454,35.3
13/06/2024,2024-06-13,D+2,2024-06-15,2024-06-15,0.438,
13/06/2024,2024-06-13,D+3,2024-06-16,2024-06-16,0.422,
13/06/2024,2024-06-13,W,2025-10-01,2026-03-31,-0.659,
13/06/2024,2024-06-13,BoM,2024-06-14,2024-06-30,0.38,
13/06/2024,2024-06-13,M+1,2024-07-01,2024-07-31,-0.05,
13/06/2024,2024-06-13,M+2,2024-08-01,2024-08-31,-0.15,
13/06/2024,2024-06-13,M+3,2024-09-01,2024-09-30,-0.391,
13/06/2024,2024-06-13,Q+1,2024-07-01,2024-09-30,-0.1,
13/06/2024,2024-06-13,Q+2,2024-10-01,2024-12-31,-1.046,
13/06/2024,2024-06-13,Q+3,2025-01-01,2025-03-31,-1.078,
13/06/2024,2024-06-13,Q+4,2025-04-01,2025-06-30,-0.644,
13/06/2024,2024-06-13,S,2025-04-01,2025-09-30,-0.663,
13/06/2024,2024-06-13,Y+1,2025-01-01,2025-12-31,-0.8,
13/06/2024,2024-06-13,Y+2,2026-01-01,2026-12-31,-0.592,
14/06/2024,2024-06-14,D+1,2024-06-15,2024-06-15,0.026,34.72
14/06/2024,2024-06-14,D+2,2024-06-16,2024-06-16,0.025,
14/06/2024,2024-06-14,D+3,2024-06-17,2024-06-17,0.024,
14/06/2024,2024-06-14,W,2025-10-01,2026-03-31,-0.846,
14/06/2024,2024-06-14,BoM,2024-06-15,2024-06-30,0.022,
14/06/2024,2024-06-14,M+1,2024-07-01,2024-07-31,0.013,
14/06/2024,2024-06-14,M+2,2024-08-01,2024-08-31,0.107,
14/06/2024,2024-06-14,M+3,2024-09-01,2024-09-30,0.1,
14/06/2024,2024-06-14,Q+1,2024-07-01,2024-09-30,0.049,
14/06/2024,2024-06-14,Q+2,2024-10-01,2024-12-31,-0.729,
14/06/2024,2024-06-14,Q+3,2025-01-01,2025-03-31,-0.786,
14/06/2024,2024-06-14,Q+4,2025-04-01,2025-06-30,-0.757,
14/06/2024,2024-06-14,S,2025-04-01,2025-09-30,-0.781,
14/06/2024,2024-06-14,Y+1,2025-01-01,2025-12-31,-0.8,
14/06/2024,2024-06-14,Y+2,2026-01-01,2026-12-31,-0.698,
17/06/2024,2024-06-17,D+1,2024-06-18,2024-06-18,-0.158,34.25
17/06/2024,2024-06-17,D+2,2024-06-19,2024-06-19,-0.152,
17/06/2024,2024-06-17,D+3,2024-06-20,2024-06-20,-0.147,
17/06/2024,2024-06-17,W,2025-10-01,2026-03-31,-0.889,
17/06/2024,2024-06-17,BoM,2024-06-18,2024-06-30,-0.15,
17/06/2024,2024-06-17,M+1,2024-07-01,2024-07-31,-0.117,
17/06/2024,2024-06-17,M+2,2024-08-01,2024-08-31,-0.079,
17/06/2024,2024-06-17,M+3,2024-09-01,2024-09-30,1.546,
17/06/2024,2024-06-17,Q+1,2024-07-01,2024-09-30,0.438,
17/06/2024,2024-06-17,Q+2,2024-10-01,2024-12-31,-1.093,
17/06/2024,2024-06-17,Q+3,2025-01-01,2025-03-31,-1.081,
17/06/2024,2024-06-17,Q+4,2025-04-01,2025-06-30,-0.838,
17/06/2024,2024-06-17,S,2025-04-01,2025-09-30,-0.778,
17/06/2024,2024-06-17,Y+1,2025-01-01,2025-12-31,-0.85,
17/06/2024,2024-06-17,Y+2,2026-01-01,2026-12-31,-0.751,
18/06/2024,2024-06-18,D+1,2024-06-19,2024-06-19,-0.042,34.26
18/06/2024,2024-06-18,D+2,2024-06-20,2024-06-20,-0.04,
18/06/2024,2024-06-18,D+3,2024-06-21,2024-06-21,-0.039,
18/06/2024,2024-06-18,W,2025-10-01,2026-03-31,-0.685,
18/06/2024,2024-06-18,BoM,2024-06-19,2024-06-30,-0.049,
18/06/2024,2024-06-18,M+1,2024-07-01,2024-07-31,0.0,
18/06/2024,2024-06-18,M+2,2024-08-01,2024-08-31,-0.05,
18/06/2024,2024-06-18,M+3,2024-09-01,2024-09-30,0.404,
18/06/2024,2024-06-18,Q+1,2024-07-01,2024-09-30,-0.05,
18/06/2024,2024-06-18,Q+2,2024-10-01,2024-12-31,-0.783,
18/06/2024,2024-06-18,Q+3,2025-01-01,2025-03-31,-1.083,
18/06/2024,2024-06-18,Q+4,2025-04-01,2025-06-30,-0.594,
18/06/2024,2024-06-18,S,2025-04-01,2025-09-30,-0.605,
18/06/2024,2024-06-18,Y+1,2025-01-01,2025-12-31,-0.8,
18/06/2024,2024-06-18,Y+2,2026-01-01,2026-12-31,-0.569,
19/06/2024,2024-06-19,D+1,2024-06-20,2024-06-20,0.38,35.0
19/06/2024,2024-06-19,D+2,2024-06-21,2024-06-21,0.367,
19/06/2024,2024-06-19,D+3,2024-06-22,2024-06-22,0.354,
19/06/2024,2024-06-19,W,2025-10-01,2026-03-31,-0.717,
19/06/2024,2024-06-19,BoM,2024-06-20,2024-06-30,0.315,
19/06/2024,2024-06-19,M+1,2024-07-01,2024-07-31,0.05,
19/06/2024,2024-06-19,M+2,2024-08-01,2024-08-31,-0.05,
19/06/2024,2024-06-19,M+3,2024-09-01,2024-09-30,0.405,
19/06/2024,2024-06-19,Q+1,2024-07-01,2024-09-30,-0.1,
19/06/2024,2024-06-19,Q+2,2024-10-01,2024-12-31,-0.792,
19/06/2024,2024-06-19,Q+3,2025-01-01,2025-03-31,-1.202,
19/06/2024,2024-06-19,Q+4,2025-04-01,2025-06-30,-0.691,
19/06/2024,2024-06-19,S,2025-04-01,2025-09-30,-0.69,
19/06/2024,2024-06-19,Y+1,2025-01-01,2025-12-31,-0.8,
19/06/2024,2024-06-19,Y+2,2026-01-01,2026-12-31,-0.608,
20/06/2024,2024-06-20,D+1,2024-06-21,2024-06-21,0.636,33.85
20/06/2024,2024-06-20,D+2,2024-06-22,2024-06-22,0.612,
20/06/2024,2024-06-20,D+3,2024-06-23,2024-06-23,0.588,
20/06/2024,2024-06-20,W,2025-10-01,2026-03-31,-0.59,
20/06/2024,2024-06-20,BoM,2024-06-21,2024-06-30,0.556,
20/06/2024,2024-06-20,M+1,2024-07-01,2024-07-31,0.05,
20/06/2024,2024-06-20,M+2,2024-08-01,2024-08-31,-0.144,
20/06/2024,2024-06-20,M+3,2024-09-01,2024-09-30,0.538,
20/06/2024,2024-06-20,Q+1,2024-07-01,2024-09-30,-0.1,
20/06/2024,2024-06-20,Q+2,2024-10-01,2024-12-31,-0.781,
20/06/2024,2024-06-20,Q+3,2025-01-01,2025-03-31,-0.814,
20/06/2024,2024-06-20,Q+4,2025-04-01,2025-06-30,-0.526,
20/06/2024,2024-06-20,S,2025-04-01,2025-09-30,-0.564,
20/06/2024,2024-06-20,Y+1,2025-01-01,2025-12-31,-0.8,
20/06/2024,2024-06-20,Y+2,2026-01-01,2026-12-31,-0.493,
21/06/2024,2024-06-21,D+1,2024-06-22,2024-06-22,-0.092,33.58
21/06/2024,2024-06-21,D+2,2024-06-23,2024-06-23,-0.08,
21/06/2024,2024-06-21,D+3,2024-06-24,2024-06-24,-0.069,
21/06/2024,2024-06-21,W,2025-10-01,2026-03-31,-0.037,
21/06/2024,2024-06-21,BoM,2024-06-22,2024-06-30,-0.052,
21/06/2024,2024-06-21,M+1,2024-07-01,2024-07-31,0.178,
21/06/2024,2024-06-21,M+2,2024-08-01,2024-08-31,0.024,
21/06/2024,2024-06-21,M+3,2024-09-01,2024-09-30,-0.064,
21/06/2024,2024-06-21,Q+1,2024-07-01,2024-09-30,0.038,
21/06/2024,2024-06-21,Q+2,2024-10-01,2024-12-31,-0.079,
21/06/2024,2024-06-21,Q+3,2025-01-01,2025-03-31,-0.048,
21/06/2024,2024-06-21,Q+4,2025-04-01,2025-06-30,-0.029,
21/06/2024,2024-06-21,S,2025-04-01,2025-09-30,-0.059,
21/06/2024,2024-06-21,Y+1,2025-01-01,2025-12-31,-0.092,
21/06/2024,2024-06-21,Y+2,2026-01-01,2026-12-31,-0.057,
24/06/2024,2024-06-24,D+1,2024-06-25,2024-06-25,0.268,33.98
24/06/2024,2024-06-24,D+2,2024-06-26,2024-06-26,0.255,
24/06/2024,2024-06-24,D+3,2024-06-27,2024-06-27,0.242,
24/06/2024,2024-06-24,W,2025-10-01,2026-03-31,-0.614,
24/06/2024,2024-06-24,BoM,2024-06-25,2024-06-30,0.245,
24/06/2024,2024-06-24,M+1,2024-07-01,2024-07-31,0.0,
24/06/2024,2024-06-24,M+2,2024-08-01,2024-08-31,0.0,
24/06/2024,2024-06-24,M+3,2024-09-01,2024-09-30,0.007,
24/06/2024,2024-06-24,Q+1,2024-07-01,2024-09-30,-0.05,
24/06/2024,2024-06-24,Q+2,2024-10-01,2024-12-31,-0.837,
24/06/2024,2024-06-24,Q+3,2025-01-01,2025-03-31,-0.845,
24/06/2024,2024-06-24,Q+4,2025-04-01,2025-06-30,-0.551,
24/06/2024,2024-06-24,S,2025-04-01,2025-09-30,-0.572,
24/06/2024,2024-06-24,Y+1,2025-01-01,2025-12-31,-0.75,
24/06/2024,2024-06-24,Y+2,2026-01-01,2026-12-31,-0.531,
25/06/2024,2024-06-25,D+1,2024-06-26,2024-06-26,0.626,34.68
25/06/2024,2024-06-25,D+2,2024-06-27,2024-06-27,0.594,
25/06/2024,2024-06-25,D+3,2024-06-28,2024-06-28,0.562,
25/06/2024,2024-06-25,W,2025-10-01,2026-03-31,-0.753,
25/06/2024,2024-06-25,BoM,2024-06-26,2024-06-30,0.577,
25/06/2024,2024-06-25,M+1,2024-07-01,2024-07-31,0.0,
25/06/2024,2024-06-25,M+2,2024-08-01,2024-08-31,-0.2,
25/06/2024,2024-06-25,M+3,2024-09-01,2024-09-30,-0.203,
25/06/2024,2024-06-25,Q+1,2024-07-01,2024-09-30,-0.1,
25/06/2024,2024-06-25,Q+2,2024-10-01,2024-12-31,-1.022,
25/06/2024,2024-06-25,Q+3,2025-01-01,2025-03-31,-1.064,
25/06/2024,2024-06-25,Q+4,2025-04-01,2025-06-30,-0.753,
25/06/2024,2024-06-25,S,2025-04-01,2025-09-30,-0.692,
25/06/2024,2024-06-25,Y+1,2025-01-01,2025-12-31,-0.8,
25/06/2024,2024-06-25,Y+2,2026-01-01,2026-12-31,-0.602,
26/06/2024,2024-06-26,D+1,2024-06-27,2024-06-27,0.615,33.75
26/06/2024,2024-06-26,D+2,2024-06-28,2024-06-28,0.584,
26/06/2024,2024-06-26,D+3,2024-06-29,2024-06-29,0.554,
26/06/2024,2024-06-26,W,2025-10-01,2026-03-31,-0.654,
26/06/2024,2024-06-26,BoM,2024-06-27,2024-06-30,0.583,
26/06/2024,2024-06-26,M+1,2024-07-01,2024-07-31,0.05,
26/06/2024,2024-06-26,M+2,2024-08-01,2024-08-31,-0.15,
26/06/2024,2024-06-26,M+3,2024-09-01,2024-09-30,0.003,
26/06/2024,2024-06-26,Q+1,2024-07-01,2024-09-30,-0.1,
26/06/2024,2024-06-26,Q+2,2024-10-01,2024-12-31,-0.941,
26/06/2024,2024-06-26,Q+3,2025-01-01,2025-03-31,-0.96,
26/06/2024,2024-06-26,Q+4,2025-04-01,2025-06-30,-0.624,
26/06/2024,2024-06-26,S,2025-04-01,2025-09-30,-0.675,
26/06/2024,2024-06-26,Y+1,2025-01-01,2025-12-31,-0.8,
26/06/2024,2024-06-26,Y+2,2026-01-01,2026-12-31,-0.536,
27/06/2024,2024-06-27,D+1,2024-06-28,2024-06-28,0.485,33.9
27/06/2024,2024-06-27,D+2,2024-06-29,2024-06-29,0.462,
27/06/2024,2024-06-27,D+3,2024-06-30,2024-06-30,0.438,
27/06/2024,2024-06-27,W,2025-10-01,2026-03-31,-0.688,
27/06/2024,2024-06-27,M+1,2024-07-01,2024-07-31,0.075,
27/06/2024,2024-06-27,M+2,2024-08-01,2024-08-31,-0.1,
27/06/2024,2024-06-27,M+3,2024-09-01,2024-09-30,0.086,
27/06/2024,2024-06-27,Q+1,2024-07-01,2024-09-30,-0.1,
27/06/2024,2024-06-27,Q+2,2024-10-01,2024-12-31,-0.983,
27/06/2024,2024-06-27,Q+3,2025-01-01,2025-03-31,-1.047,
27/06/2024,2024-06-27,Q+4,2025-04-01,2025-06-30,-0.678,
27/06/2024,2024-06-27,S,2025-04-01,2025-09-30,-0.649,
27/06/2024,2024-06-27,Y+1,2025-01-01,2025-12-31,-0.8,
27/06/2024,2024-06-27,Y+2,2026-01-01,2026-12-31,-0.696,
28/06/2024,2024-06-28,D+1,2024-06-29,2024-06-29,0.314,33.83
28/06/2024,2024-06-28,D+2,2024-06-30,2024-06-30,0.299,
28/06/2024,2024-06-28,D+3,2024-07-01,2024-07-01,0.285,
28/06/2024,2024-06-28,W,2025-10-01,2026-03-31,-0.915,
28/06/2024,2024-06-28,M+1,2024-07-01,2024-07-31,0.075,
28/06/2024,2024-06-28,M+2,2024-08-01,2024-08-31,-0.1,
28/06/2024,2024-06-28,M+3,2024-09-01,2024-09-30,-0.317,
28/06/2024,2024-06-28,Q+2,2024-10-01,2024-12-31,-1.033,
28/06/2024,2024-06-28,Q+3,2025-01-01,2025-03-31,-1.094,
28/06/2024,2024-06-28,Q+4,2025-04-01,2025-06-30,-0.867,
28/06/2024,2024-06-28,S,2025-04-01,2025-09-30,-0.855,
28/06/2024,2024-06-28,Y+1,2025-01-01,2025-12-31,-0.8,
28/06/2024,2024-06-28,Y+2,2026-01-01,2026-12-31,-0.805,
01/07/2024,2024-07-01,D+1,2024-07-02,2024-07-02,0.212,33.12
01/07/2024,2024-07-01,D+2,2024-07-03,2024-07-03,0.205,
01/07/2024,2024-07-01,D+3,2024-07-04,2024-07-04,0.198,
01/07/2024,2024-07-01,W,2025-10-01,2026-03-31,-0.656,
01/07/2024,2024-07-01,BoM,2024-07-02,2024-07-31,0.117,
01/07/2024,2024-07-01,M+1,2024-08-01,2024-08-31,-0.1,
01/07/2024,2024-07-01,M+2,2024-09-01,2024-09-30,-0.1,
01/07/2024,2024-07-01,M+3,2024-10-01,2024-10-31,-0.759,
01/07/2024,2024-07-01,Q+1,2024-10-01,2024-12-31,-0.8,
01/07/2024,2024-07-01,Q+2,2025-01-01,2025-03-31,-0.997,
01/07/2024,2024-07-01,Q+3,2025-04-01,2025-06-30,-0.642,
01/07/2024,2024-07-01,Q+4,2025-07-01,2025-09-30,-0.634,
01/07/2024,2024-07-01,S,2025-04-01,2025-09-30,-0.642,
01/07/2024,2024-07-01,Y+1,2025-01-01,2025-12-31,-0.769,
01/07/2024,2024-07-01,Y+2,2026-01-01,2026-12-31,-0.58,
02/07/2024,2024-07-02,D+1,2024-07-03,2024-07-03,0.145,33.18
02/07/2024,2024-07-02,D+2,2024-07-04,2024-07-04,0.138,
02/07/2024,2024-07-02,D+3,2024-07-05,2024-07-05,0.132,
02/07/2024,2024-07-02,W,2025-10-01,2026-03-31,-0.772,
02/07/2024,2024-07-02,BoM,2024-07-03,2024-07-31,-0.038,
02/07/2024,2024-07-02,M+1,2024-08-01,2024-08-31,-0.138,
02/07/2024,2024-07-02,M+2,2024-09-01,2024-09-30,-0.125,
02/07/2024,2024-07-02,M+3,2024-10-01,2024-10-31,-0.813,
02/07/2024,2024-07-02,Q+1,2024-10-01,2024-12-31,-0.8,
02/07/2024,2024-07-02,Q+2,2025-01-01,2025-03-31,-1.092,
02/07/2024,2024-07-02,Q+3,2025-04-01,2025-06-30,-0.734,
02/07/2024,2024-07-02,Q+4,2025-07-01,2025-09-30,-0.772,
02/07/2024,2024-07-02,S,2025-04-01,2025-09-30,-0.797,
02/07/2024,2024-07-02,Y+1,2025-01-01,2025-12-31,-0.775,
02/07/2024,2024-07-02,Y+2,2026-01-01,2026-12-31,-0.731,
03/07/2024,2024-07-03,D+1,2024-07-04,2024-07-04,0.127,32.36
03/07/2024,2024-07-03,D+2,2024-07-05,2024-07-05,0.121,
03/07/2024,2024-07-03,D+3,2024-07-06,2024-07-06,0.115,
03/07/2024,2024-07-03,W,2025-10-01,2026-03-31,-0.674,
03/07/2024,2024-07-03,BoM,2024-07-04,2024-07-31,0.03,
03/07/2024,2024-07-03,M+1,2024-08-01,2024-08-31,-0.125,
03/07/2024,2024-07-03,M+2,2024-09-01,2024-09-30,-0.2,
03/07/2024,2024-07-03,M+3,2024-10-01,2024-10-31,-0.61,
03/07/2024,2024-07-03,Q+1,2024-10-01,2024-12-31,-0.825,
03/07/2024,2024-07-03,Q+2,2025-01-01,2025-03-31,-0.976,
03/07/2024,2024-07-03,Q+3,2025-04-01,2025-06-30,-0.677,
03/07/2024,2024-07-03,Q+4,2025-07-01,2025-09-30,-0.671,
03/07/2024,2024-07-03,S,2025-04-01,2025-09-30,-0.677,
03/07/2024,2024-07-03,Y+1,2025-01-01,2025-12-31,-0.781,
03/07/2024,2024-07-03,Y+2,2026-01-01,2026-12-31,-0.577,
04/07/2024,2024-07-04,D+1,2024-07-05,2024-07-05,0.03,32.92
04/07/2024,2024-07-04,D+2,2024-07-06,2024-07-06,0.029,
04/07/2024,2024-07-04,D+3,2024-07-07,2024-07-07,0.027,
04/07/2024,2024-07-04,W,2025-10-01,2026-03-31,-0.717,
04/07/2024,2024-07-04,BoM,2024-07-05,2024-07-31,-0.015,
04/07/2024,2024-07-04,M+1,2024-08-01,2024-08-31,-0.025,
04/07/2024,2024-07-04,M+2,2024-09-01,2024-09-30,-0.162,
04/07/2024,2024-07-04,M+3,2024-10-01,2024-10-31,-0.708,
04/07/2024,2024-07-04,Q+1,2024-10-01,2024-12-31,-0.8,
04/07/2024,2024-07-04,Q+2,2025-01-01,2025-03-31,-0.87,
04/07/2024,2024-07-04,Q+3,2025-04-01,2025-06-30,-0.724,
04/07/2024,2024-07-04,Q+4,2025-07-01,2025-09-30,-0.667,
04/07/2024,2024-07-04,S,2025-04-01,2025-09-30,-0.659,
04/07/2024,2024-07-04,Y+1,2025-01-01,2025-12-31,-0.775,
04/07/2024,2024-07-04,Y+2,2026-01-01,2026-12-31,-0.589,
05/07/2024,2024-07-05,D+1,2024-07-06,2024-07-06,-0.158,32.58
05/07/2024,2024-07-05,D+2,2024-07-07,2024-07-07,-0.154,
05/07/2024,2024-07-05,D+3,2024-07-08,2024-07-08,-0.15,
05/07/2024,2024-07-05,W,2025-10-01,2026-03-31,-0.977,
05/07/2024,2024-07-05,BoM,2024-07-06,2024-07-31,-0.124,
05/07/2024,2024-07-05,M+1,2024-08-01,2024-08-31,0.0,
05/07/2024,2024-07-05,M+2,2024-09-01,2024-09-30,-0.125,
05/07/2024,2024-07-05,M+3,2024-10-01,2024-10-31,-0.699,
05/07/2024,2024-07-05,Q+1,2024-10-01,2024-12-31,-0.775,
05/07/2024,2024-07-05,Q+2,2025-01-01,2025-03-31,-0.861,
05/07/2024,2024-07-05,Q+3,2025-04-01,2025-06-30,-0.497,
05/07/2024,2024-07-05,Q+4,2025-07-01,2025-09-30,-0.951,
05/07/2024,2024-07-05,S,2025-04-01,2025-09-30,-0.722,
05/07/2024,2024-07-05,Y+1,2025-01-01,2025-12-31,-0.75,
05/07/2024,2024-07-05,Y+2,2026-01-01,2026-12-31,-0.869,
08/07/2024,2024-07-08,D+1,2024-07-09,2024-07-09,-0.04,31.7
08/07/2024,2024-07-08,D+2,2024-07-10,2024-07-10,-0.04,
08/07/2024,2024-07-08,D+3,2024-07-11,2024-07-11,-0.041,
08/07/2024,2024-07-08,W,2025-10-01,2026-03-31,-0.848,
08/07/2024,2024-07-08,BoM,2024-07-09,2024-07-31,-0.098,
08/07/2024,2024-07-08,M+1,2024-08-01,2024-08-31,-0.05,
08/07/2024,2024-07-08,M+2,2024-09-01,2024-09-30,-0.125,
08/07/2024,2024-07-08,M+3,2024-10-01,2024-10-31,-0.435,
08/07/2024,2024-07-08,Q+1,2024-10-01,2024-12-31,-0.775,
08/07/2024,2024-07-08,Q+2,2025-01-01,2025-03-31,-1.066,
08/07/2024,2024-07-08,Q+3,2025-04-01,2025-06-30,-0.352,
08/07/2024,2024-07-08,Q+4,2025-07-01,2025-09-30,-0.801,
08/07/2024,2024-07-08,S,2025-04-01,2025-09-30,-0.58,
08/07/2024,2024-07-08,Y+1,2025-01-01,2025-12-31,-0.75,
08/07/2024,2024-07-08,Y+2,2026-01-01,2026-12-31,-0.729,
09/07/2024,2024-07-09,D+1,2024-07-10,2024-07-10,-0.079,30.77
09/07/2024,2024-07-09,D+2,2024-07-11,2024-07-11,-0.079,
09/07/2024,2024-07-09,D+3,2024-07-12,2024-07-12,-0.079,
09/07/2024,2024-07-09,W,2025-10-01,2026-03-31,-0.736,
09/07/2024,2024-07-09,BoM,2024-07-10,2024-07-31,0.609,
09/07/2024,2024-07-09,M+1,2024-08-01,2024-08-31,-0.075,
09/07/2024,2024-07-09,M+2,2024-09-01,2024-09-30,-0.188,
09/07/2024,2024-07-09,M+3,2024-10-01,2024-10-31,-0.628,
09/07/2024,2024-07-09,Q+1,2024-10-01,2024-12-31,-0.775,
09/07/2024,2024-07-09,Q+2,2025-01-01,2025-03-31,-0.795,
09/07/2024,2024-07-09,Q+3,2025-04-01,2025-06-30,-0.71,
09/07/2024,2024-07-09,Q+4,2025-07-01,2025-09-30,-0.693,
09/07/2024,2024-07-09,S,2025-04-01,2025-09-30,-0.707,
09/07/2024,2024-07-09,Y+1,2025-01-01,2025-12-31,-0.738,
09/07/2024,2024-07-09,Y+2,2026-01-01,2026-12-31,-0.648,
10/07/2024,2024-07-10,D+1,2024-07-11,2024-07-11,-0.082,30.46
10/07/2024,2024-07-10,D+2,2024-07-12,2024-07-12,-0.082,
10/07/2024,2024-07-10,D+3,2024-07-13,2024-07-13,-0.082,
10/07/2024,2024-07-10,W,2025-10-01,2026-03-31,-0.66,
10/07/2024,2024-07-10,BoM,2024-07-11,2024-07-31,-0.089,
10/07/2024,2024-07-10,M+1,2024-08-01,2024-08-31,-0.075,
10/07/2024,2024-07-10,M+2,2024-09-01,2024-09-30,-0.188,
10/07/2024,2024-07-10,M+3,2024-10-01,2024-10-31,-0.597,
10/07/2024,2024-07-10,Q+1,2024-10-01,2024-12-31,-0.775,
10/07/2024,2024-07-10,Q+2,2025-01-01,2025-03-31,-0.822,
10/07/2024,2024-07-10,Q+3,2025-04-01,2025-06-30,-0.616,
10/07/2024,2024-07-10,Q+4,2025-07-01,2025-09-30,-0.617,
10/07/2024,2024-07-10,S,2025-04-01,2025-09-30,-0.624,
10/07/2024,2024-07-10,Y+1,2025-01-01,2025-12-31,-0.738,
10/07/2024,2024-07-10,Y+2,2026-01-01,2026-12-31,-0.645,
11/07/2024,2024-07-11,D+1,2024-07-12,2024-07-12,-0.314,30.89
11/07/2024,2024-07-11,D+2,2024-07-13,2024-07-13,-0.309,
11/07/2024,2024-07-11,D+3,2024-07-14,2024-07-14,-0.304,
11/07/2024,2024-07-11,W,2025-10-01,2026-03-31,-0.725,
11/07/2024,2024-07-11,BoM,2024-07-12,2024-07-31,-0.3,
11/07/2024,2024-07-11,M+1,2024-08-01,2024-08-31,-0.15,
11/07/2024,2024-07-11,M+2,2024-09-01,2024-09-30,-0.263,
11/07/2024,2024-07-11,M+3,2024-10-01,2024-10-31,-0.618,
11/07/2024,2024-07-11,Q+1,2024-10-01,2024-12-31,-0.787,
11/07/2024,2024-07-11,Q+2,2025-01-01,2025-03-31,-0.797,
11/07/2024,2024-07-11,Q+3,2025-04-01,2025-06-30,-0.69,
11/07/2024,2024-07-11,Q+4,2025-07-01,2025-09-30,-0.682,
11/07/2024,2024-07-11,S,2025-04-01,2025-09-30,-0.688,
11/07/2024,2024-07-11,Y+1,2025-01-01,2025-12-31,-0.738,
11/07/2024,2024-07-11,Y+2,2026-01-01,2026-12-31,-0.636,
12/07/2024,2024-07-12,D+1,2024-07-13,2024-07-13,-0.232,31.6
12/07/2024,2024-07-12,D+2,2024-07-14,2024-07-14,-0.231,
12/07/2024,2024-07-12,D+3,2024-07-15,2024-07-15,-0.229,
12/07/2024,2024-07-12,W,2025-10-01,2026-03-31,-0.645,
12/07/2024,2024-07-12,BoM,2024-07-13,2024-07-31,-0.23,
12/07/2024,2024-07-12,M+1,2024-08-01,2024-08-31,-0.175,
12/07/2024,2024-07-12,M+2,2024-09-01,2024-09-30,-0.25,
12/07/2024,2024-07-12,M+3,2024-10-01,2024-10-31,-0.642,
12/07/2024,2024-07-12,Q+1,2024-10-01,2024-12-31,-0.775,
12/07/2024,2024-07-12,Q+2,2025-01-01,2025-03-31,-0.795,
12/07/2024,2024-07-12,Q+3,2025-04-01,2025-06-30,-0.627,
12/07/2024,2024-07-12,Q+4,2025-07-01,2025-09-30,-0.638,
12/07/2024,2024-07-12,S,2025-04-01,2025-09-30,-0.639,
12/07/2024,2024-07-12,Y+1,2025-01-01,2025-12-31,-0.74,
12/07/2024,2024-07-12,Y+2,2026-01-01,2026-12-31,-0.535,
15/07/2024,2024-07-15,D+1,2024-07-16,2024-07-16,0.012,31.06
15/07/2024,2024-07-15,D+2,2024-07-17,2024-07-17,0.007,
15/07/2024,2024-07-15,D+3,2024-07-18,2024-07-18,0.001,
15/07/2024,2024-07-15,W,2025-10-01,2026-03-31,-0.656,
15/07/2024,2024-07-15,BoM,2024-07-16,2024-07-31,-0.003,
15/07/2024,2024-07-15,M+1,2024-08-01,2024-08-31,-0.15,
15/07/2024,2024-07-15,M+2,2024-09-01,2024-09-30,-0.338,
15/07/2024,2024-07-15,M+3,2024-10-01,2024-10-31,-0.653,
15/07/2024,2024-07-15,Q+1,2024-10-01,2024-12-31,-0.775,
15/07/2024,2024-07-15,Q+2,2025-01-01,2025-03-31,-0.767,
15/07/2024,2024-07-15,Q+3,2025-04-01,2025-06-30,-0.571,
15/07/2024,2024-07-15,Q+4,2025-07-01,2025-09-30,-0.583,
15/07/2024,2024-07-15,S,2025-04-01,2025-09-30,-0.599,
15/07/2024,2024-07-15,Y+1,2025-01-01,2025-12-31,-0.744,
15/07/2024,2024-07-15,Y+2,2026-01-01,2026-12-31,-0.506,
16/07/2024,2024-07-16,D+1,2024-07-17,2024-07-17,0.091,32.65
16/07/2024,2024-07-16,D+2,2024-07-18,2024-07-18,0.084,
16/07/2024,2024-07-16,D+3,2024-07-19,2024-07-19,0.076,
16/07/2024,2024-07-16,W,2025-10-01,2026-03-31,-0.531,
16/07/2024,2024-07-16,BoM,2024-07-17,2024-07-31,0.041,
16/07/2024,2024-07-16,M+1,2024-08-01,2024-08-31,-0.125,
16/07/2024,2024-07-16,M+2,2024-09-01,2024-09-30,-0.338,
16/07/2024,2024-07-16,M+3,2024-10-01,2024-10-31,-0.672,
16/07/2024,2024-07-16,Q+1,2024-10-01,2024-12-31,-0.787,
16/07/2024,2024-07-16,Q+2,2025-01-01,2025-03-31,-0.758,
16/07/2024,2024-07-16,Q+3,2025-04-01,2025-06-30,-0.546,
16/07/2024,2024-07-16,Q+4,2025-07-01,2025-09-30,-0.555,
16/07/2024,2024-07-16,S,2025-04-01,2025-09-30,-0.49,
16/07/2024,2024-07-16,Y+1,2025-01-01,2025-12-31,-0.734,
16/07/2024,2024-07-16,Y+2,2026-01-01,2026-12-31,-0.514,
17/07/2024,2024-07-17,D+1,2024-07-18,2024-07-18,0.537,31.57
17/07/2024,2024-07-17,D+2,2024-07-19,2024-07-19,0.514,
17/07/2024,2024-07-17,D+3,2024-07-20,2024-07-20,0.491,
17/07/2024,2024-07-17,W,2025-10-01,2026-03-31,-0.635,
17/07/2024,2024-07-17,BoM,2024-07-18,2024-07-31,0.412,
17/07/2024,2024-07-17,M+1,2024-08-01,2024-08-31,-0.125,
17/07/2024,2024-07-17,M+2,2024-09-01,2024-09-30,-0.35,
17/07/2024,2024-07-17,M+3,2024-10-01,2024-10-31,-0.639,
17/07/2024,2024-07-17,Q+1,2024-10-01,2024-12-31,-0.787,
17/07/2024,2024-07-17,Q+2,2025-01-01,2025-03-31,-0.837,
17/07/2024,2024-07-17,Q+3,2025-04-01,2025-06-30,-0.673,
17/07/2024,2024-07-17,Q+4,2025-07-01,2025-09-30,-0.648,
17/07/2024,2024-07-17,S,2025-04-01,2025-09-30,-0.64,
17/07/2024,2024-07-17,Y+1,2025-01-01,2025-12-31,-0.75,
17/07/2024,2024-07-17,Y+2,2026-01-01,2026-12-31,-0.561,
18/07/2024,2024-07-18,D+1,2024-07-19,2024-07-19,0.431,32.22
18/07/2024,2024-07-18,D+2,2024-07-20,2024-07-20,0.414,
18/07/2024,2024-07-18,D+3,2024-07-21,2024-07-21,0.396,
18/07/2024,2024-07-18,W,2025-10-01,2026-03-31,-0.708,
18/07/2024,2024-07-18,BoM,2024-07-19,2024-07-31,0.325,
18/07/2024,2024-07-18,M+1,2024-08-01,2024-08-31,-0.05,
18/07/2024,2024-07-18,M+2,2024-09-01,2024-09-30,-0.3,
18/07/2024,2024-07-18,M+3,2024-10-01,2024-10-31,-0.639,
18/07/2024,2024-07-18,Q+1,2024-10-01,2024-12-31,-0.8,
18/07/2024,2024-07-18,Q+2,2025-01-01,2025-03-31,-0.791,
18/07/2024,2024-07-18,Q+3,2025-04-01,2025-06-30,-0.672,
18/07/2024,2024-07-18,Q+4,2025-07-01,2025-09-30,-0.646,
18/07/2024,2024-07-18,S,2025-04-01,2025-09-30,-0.661,
18/07/2024,2024-07-18,Y+1,2025-01-01,2025-12-31,-0.732,
18/07/2024,2024-07-18,Y+2,2026-01-01,2026-12-31,-0.666,
19/07/2024,2024-07-19,D+1,2024-07-20,2024-07-20,0.37,31.38
19/07/2024,2024-07-19,D+2,2024-07-21,2024-07-21,0.354,
19/07/2024,2024-07-19,D+3,2024-07-22,2024-07-22,0.338,
19/07/2024,2024-07-19,W,2025-10-01,2026-03-31,-0.689,
19/07/2024,2024-07-19,BoM,2024-07-20,2024-07-31,0.265,
19/07/2024,2024-07-19,M+1,2024-08-01,2024-08-31,-0.05,
19/07/2024,2024-07-19,M+2,2024-09-01,2024-09-30,-0.3,
19/07/2024,2024-07-19,M+3,2024-10-01,2024-10-31,-0.654,
19/07/2024,2024-07-19,Q+1,2024-10-01,2024-12-31,-0.75,
19/07/2024,2024-07-19,Q+2,2025-01-01,2025-03-31,-0.804,
19/07/2024,2024-07-19,Q+3,2025-04-01,2025-06-30,-0.672,
19/07/2024,2024-07-19,Q+4,2025-07-01,2025-09-30,-0.652,
19/07/2024,2024-07-19,S,2025-04-01,2025-09-30,-0.651,
19/07/2024,2024-07-19,Y+1,2025-01-01,2025-12-31,-0.725,
19/07/2024,2024-07-19,Y+2,2026-01-01,2026-12-31,-0.669,
22/07/2024,2024-07-22,D+1,2024-07-23,2024-07-23,0.33,31.55
22/07/2024,2024-07-22,D+2,2024-07-24,2024-07-24,0.314,
22/07/2024,2024-07-22,D+3,2024-07-25,2024-07-25,0.298,
22/07/2024,2024-07-22,W,2025-10-01,2026-03-31,-0.551,
22/07/2024,2024-07-22,BoM,2024-07-23,2024-07-31,0.278,
22/07/2024,2024-07-22,M+1,2024-08-01,2024-08-31,-0.05,
22/07/2024,2024-07-22,M+2,2024-09-01,2024-09-30,-0.275,
22/07/2024,2024-07-22,M+3,2024-10-01,2024-10-31,-0.48,
22/07/2024,2024-07-22,Q+1,2024-10-01,2024-12-31,-0.837,
22/07/2024,2024-07-22,Q+2,2025-01-01,2025-03-31,-1.171,
22/07/2024,2024-07-22,Q+3,2025-04-01,2025-06-30,-0.566,
22/07/2024,2024-07-22,Q+4,2025-07-01,2025-09-30,-0.562,
22/07/2024,2024-07-22,S,2025-04-01,2025-09-30,-0.544,
22/07/2024,2024-07-22,Y+1,2025-01-01,2025-12-31,-0.7,
22/07/2024,2024-07-22,Y+2,2026-01-01,2026-12-31,-0.446,
23/07/2024,2024-07-23,D+1,2024-07-24,2024-07-24,0.814,31.23
23/07/2024,2024-07-23,D+2,2024-07-25,2024-07-25,0.778,
23/07/2024,2024-07-23,D+3,2024-07-26,2024-07-26,0.742,
23/07/2024,2024-07-23,W,2025-10-01,2026-03-31,-0.771,
23/07/2024,2024-07-23,BoM,2024-07-24,2024-07-31,0.696,
23/07/2024,2024-07-23,M+1,2024-08-01,2024-08-31,0.0,
23/07/2024,2024-07-23,M+2,2024-09-01,2024-09-30,-0.125,
23/07/2024,2024-07-23,M+3,2024-10-01,2024-10-31,-0.741,
23/07/2024,2024-07-23,Q+1,2024-10-01,2024-12-31,-0.775,
23/07/2024,2024-07-23,Q+2,2025-01-01,2025-03-31,-0.902,
23/07/2024,2024-07-23,Q+3,2025-04-01,2025-06-30,-0.684,
23/07/2024,2024-07-23,Q+4,2025-07-01,2025-09-30,-0.675,
23/07/2024,2024-07-23,S,2025-04-01,2025-09-30,-0.713,
23/07/2024,2024-07-23,Y+1,2025-01-01,2025-12-31,-0.681,
23/07/2024,2024-07-23,Y+2,2026-01-01,2026-12-31,-0.627,
24/07/2024,2024-07-24,D+1,2024-07-25,2024-07-25,0.665,32.51
24/07/2024,2024-07-24,D+2,2024-07-26,2024-07-26,0.644,
24/07/2024,2024-07-24,D+3,2024-07-27,2024-07-27,0.623,
24/07/2024,2024-07-24,W,2025-10-01,2026-03-31,-0.705,
24/07/2024,2024-07-24,BoM,2024-07-25,2024-07-31,0.616,
24/07/2024,2024-07-24,M+1,2024-08-01,2024-08-31,0.175,
24/07/2024,2024-07-24,M+2,2024-09-01,2024-09-30,-0.075,
24/07/2024,2024-07-24,M+3,2024-10-01,2024-10-31,-0.493,
24/07/2024,2024-07-24,Q+1,2024-10-01,2024-12-31,-0.738,
24/07/2024,2024-07-24,Q+2,2025-01-01,2025-03-31,-1.024,
24/07/2024,2024-07-24,Q+3,2025-04-01,2025-06-30,-0.621,
24/07/2024,2024-07-24,Q+4,2025-07-01,2025-09-30,-0.597,
24/07/2024,2024-07-24,S,2025-04-01,2025-09-30,-0.642,
24/07/2024,2024-07-24,Y+1,2025-01-01,2025-12-31,-0.715,
24/07/2024,2024-07-24,Y+2,2026-01-01,2026-12-31,-0.603,
25/07/2024,2024-07-25,D+1,2024-07-26,2024-07-26,0.48,31.72
25/07/2024,2024-07-25,D+2,2024-07-27,2024-07-27,0.469,
25/07/2024,2024-07-25,D+3,2024-07-28,2024-07-28,0.458,
25/07/2024,2024-07-25,W,2025-10-01,2026-03-31,-0.793,
25/07/2024,2024-07-25,BoM,2024-07-26,2024-07-31,0.446,
25/07/2024,2024-07-25,M+1,2024-08-01,2024-08-31,0.25,
25/07/2024,2024-07-25,M+2,2024-09-01,2024-09-30,-0.05,
25/07/2024,2024-07-25,M+3,2024-10-01,2024-10-31,-0.771,
25/07/2024,2024-07-25,Q+1,2024-10-01,2024-12-31,-0.75,
25/07/2024,2024-07-25,Q+2,2025-01-01,2025-03-31,-0.798,
25/07/2024,2024-07-25,Q+3,2025-04-01,2025-06-30,-0.755,
25/07/2024,2024-07-25,Q+4,2025-07-01,2025-09-30,-0.772,
25/07/2024,2024-07-25,S,2025-04-01,2025-09-30,-0.777,
25/07/2024,2024-07-25,Y+1,2025-01-01,2025-12-31,-0.75,
25/07/2024,2024-07-25,Y+2,2026-01-01,2026-12-31,-0.732,
26/07/2024,2024-07-26,D+1,2024-07-27,2024-07-27,0.927,32.06
26/07/2024,2024-07-26,D+2,2024-07-28,2024-07-28,0.893,
26/07/2024,2024-07-26,D+3,2024-07-29,2024-07-29,0.858,
26/07/2024,2024-07-26,W,2025-10-01,2026-03-31,-0.716,
26/07/2024,2024-07-26,BoM,2024-07-27,2024-07-31,0.879,
26/07/2024,2024-07-26,M+1,2024-08-01,2024-08-31,0.25,
26/07/2024,2024-07-26,M+2,2024-09-01,2024-09-30,-0.075,
26/07/2024,2024-07-26,M+3,2024-10-01,2024-10-31,-0.452,
26/07/2024,2024-07-26,Q+1,2024-10-01,2024-12-31,-0.725,
26/07/2024,2024-07-26,Q+2,2025-01-01,2025-03-31,-1.168,
26/07/2024,2024-07-26,Q+3,2025-04-01,2025-06-30,-0.685,
26/07/2024,2024-07-26,Q+4,2025-07-01,2025-09-30,-0.705,
26/07/2024,2024-07-26,S,2025-04-01,2025-09-30,-0.704,
26/07/2024,2024-07-26,Y+1,2025-01-01,2025-12-31,-0.713,
26/07/2024,2024-07-26,Y+2,2026-01-01,2026-12-31,-0.554,
29/07/2024,2024-07-29,D+1,2024-07-30,2024-07-30,1.953,33.62
29/07/2024,2024-07-29,D+2,2024-07-31,2024-07-31,1.856,
29/07/2024,2024-07-29,D+3,2024-08-01,2024-08-01,1.759,
29/07/2024,2024-07-29,W,2025-10-01,2026-03-31,-0.905,
29/07/2024,2024-07-29,M+1,2024-08-01,2024-08-31,0.5,
29/07/2024,2024-07-29,M+2,2024-09-01,2024-09-30,-0.05,
29/07/2024,2024-07-29,M+3,2024-10-01,2024-10-31,-0.814,
29/07/2024,2024-07-29,Q+1,2024-10-01,2024-12-31,-0.75,
29/07/2024,2024-07-29,Q+2,2025-01-01,2025-03-31,-0.836,
29/07/2024,2024-07-29,Q+3,2025-04-01,2025-06-30,-0.856,
29/07/2024,2024-07-29,Q+4,2025-07-01,2025-09-30,-0.867,
29/07/2024,2024-07-29,S,2025-04-01,2025-09-30,-0.872,
29/07/2024,2024-07-29,Y+1,2025-01-01,2025-12-31,-0.75,
29/07/2024,2024-07-29,Y+2,2026-01-01,2026-12-31,-0.814,
30/07/2024,2024-07-30,D+1,2024-07-31,2024-07-31,1.235,34.17
30/07/2024,2024-07-30,D+2,2024-08-01,2024-08-01,1.196,
30/07/2024,2024-07-30,D+3,2024-08-02,2024-08-02,1.156,
30/07/2024,2024-07-30,W,2025-10-01,2026-03-31,-0.459,
30/07/2024,2024-07-30,M+1,2024-08-01,2024-08-31,0.625,
30/07/2024,2024-07-30,M+2,2024-09-01,2024-09-30,0.05,
30/07/2024,2024-07-30,M+3,2024-10-01,2024-10-31,-0.456,
30/07/2024,2024-07-30,Q+1,2024-10-01,2024-12-31,-0.65,
30/07/2024,2024-07-30,Q+2,2025-01-01,2025-03-31,-1.377,
30/07/2024,2024-07-30,Q+3,2025-04-01,2025-06-30,-0.439,
30/07/2024,2024-07-30,Q+4,2025-07-01,2025-09-30,-0.464,
30/07/2024,2024-07-30,S,2025-04-01,2025-09-30,-0.45,
30/07/2024,2024-07-30,Y+1,2025-01-01,2025-12-31,-0.625,
30/07/2024,2024-07-30,Y+2,2026-01-01,2026-12-31,-0.395,
31/07/2024,2024-07-31,D+1,2024-08-01,2024-08-01,1.353,35.04
31/07/2024,2024-07-31,D+2,2024-08-02,2024-08-02,1.322,
31/07/2024,2024-07-31,D+3,2024-08-03,2024-08-03,1.291,
31/07/2024,2024-07-31,W,2025-10-01,2026-03-31,-0.59,
31/07/2024,2024-07-31,M+1,2024-08-01,2024-08-31,0.9,
31/07/2024,2024-07-31,M+2,2024-09-01,2024-09-30,0.175,
31/07/2024,2024-07-31,M+3,2024-10-01,2024-10-31,-0.6,
31/07/2024,2024-07-31,Q+1,2024-10-01,2024-12-31,-0.65,
31/07/2024,2024-07-31,Q+2,2025-01-01,2025-03-31,-0.974,
31/07/2024,2024-07-31,Q+3,2025-04-01,2025-06-30,-0.551,
31/07/2024,2024-07-31,Q+4,2025-07-01,2025-09-30,-0.562,
31/07/2024,2024-07-31,S,2025-04-01,2025-09-30,-0.555,
31/07/2024,2024-07-31,Y+1,2025-01-01,2025-12-31,-0.6,
31/07/2024,2024-07-31,Y+2,2026-01-01,2026-12-31,-0.521,
01/08/2024,2024-08-01,D+1,2024-08-02,2024-08-02,1.637,36.0
01/08/2024,2024-08-01,D+2,2024-08-03,2024-08-03,1.606,
01/08/2024,2024-08-01,D+3,2024-08-04,2024-08-04,1.575,
01/08/2024,2024-08-01,W,2025-10-01,2026-03-31,-0.635,
01/08/2024,2024-08-01,BoM,2024-08-02,2024-08-31,1.259,
01/08/2024,2024-08-01,M+1,2024-09-01,2024-09-30,0.275,
01/08/2024,2024-08-01,M+2,2024-10-01,2024-10-31,-0.45,
01/08/2024,2024-08-01,M+3,2024-11-01,2024-11-30,-0.242,
01/08/2024,2024-08-01,Q+1,2024-10-01,2024-12-31,-0.475,
01/08/2024,2024-08-01,Q+2,2025-01-01,2025-03-31,-0.663,
01/08/2024,2024-08-01,Q+3,2025-04-01,2025-06-30,-0.625,
01/08/2024,2024-08-01,Q+4,2025-07-01,2025-09-30,-0.623,
01/08/2024,2024-08-01,S,2025-04-01,2025-09-30,-0.62,
01/08/2024,2024-08-01,Y+1,2025-01-01,2025-12-31,-0.588,
01/08/2024,2024-08-01,Y+2,2026-01-01,2026-12-31,-0.592,
02/08/2024,2024-08-02,D+1,2024-08-03,2024-08-03,1.546,35.67
02/08/2024,2024-08-02,D+2,2024-08-04,2024-08-04,1.519,
02/08/2024,2024-08-02,D+3,2024-08-05,2024-08-05,1.492,
02/08/2024,2024-08-02,W,2025-10-01,2026-03-31,-0.437,
02/08/2024,2024-08-02,BoM,2024-08-03,2024-08-31,1.126,
02/08/2024,2024-08-02,M+1,2024-09-01,2024-09-30,0.388,
02/08/2024,2024-08-02,M+2,2024-10-01,2024-10-31,-0.45,
02/08/2024,2024-08-02,M+3,2024-11-01,2024-11-30,-0.485,
02/08/2024,2024-08-02,Q+1,2024-10-01,2024-12-31,-0.575,
02/08/2024,2024-08-02,Q+2,2025-01-01,2025-03-31,-1.032,
02/08/2024,2024-08-02,Q+3,2025-04-01,2025-06-30,-0.397,
02/08/2024,2024-08-02,Q+4,2025-07-01,2025-09-30,-0.433,
02/08/2024,2024-08-02,S,2025-04-01,2025-09-30,-0.455,
02/08/2024,2024-08-02,Y+1,2025-01-01,2025-12-31,-0.565,
02/08/2024,2024-08-02,Y+2,2026-01-01,2026-12-31,-0.3,
05/08/2024,2024-08-05,D+1,2024-08-06,2024-08-06,1.104,35.08
05/08/2024,2024-08-05,D+2,2024-08-07,2024-08-07,1.087,
05/08/2024,2024-08-05,D+3,2024-08-08,2024-08-08,1.07,
05/08/2024,2024-08-05,W,2025-10-01,2026-03-31,-0.481,
05/08/2024,2024-08-05,BoM,2024-08-06,2024-08-31,0.915,
05/08/2024,2024-08-05,M+1,2024-09-01,2024-09-30,0.425,
05/08/2024,2024-08-05,M+2,2024-10-01,2024-10-31,-0.45,
05/08/2024,2024-08-05,M+3,2024-11-01,2024-11-30,-0.059,
05/08/2024,2024-08-05,Q+1,2024-10-01,2024-12-31,-0.537,
05/08/2024,2024-08-05,Q+2,2025-01-01,2025-03-31,-0.567,
05/08/2024,2024-08-05,Q+3,2025-04-01,2025-06-30,-0.511,
05/08/2024,2024-08-05,Q+4,2025-07-01,2025-09-30,-0.459,
05/08/2024,2024-08-05,S,2025-04-01,2025-09-30,-0.486,
05/08/2024,2024-08-05,Y+1,2025-01-01,2025-12-31,-0.562,
05/08/2024,2024-08-05,Y+2,2026-01-01,2026-12-31,-0.386,
06/08/2024,2024-08-06,D+1,2024-08-07,2024-08-07,0.038,35.97
06/08/2024,2024-08-06,D+2,2024-08-08,2024-08-08,0.044,
06/08/2024,2024-08-06,D+3,2024-08-09,2024-08-09,0.05,
06/08/2024,2024-08-06,W,2025-10-01,2026-03-31,-0.492,
06/08/2024,2024-08-06,BoM,2024-08-07,2024-08-31,0.086,
06/08/2024,2024-08-06,M+1,2024-09-01,2024-09-30,0.265,
06/08/2024,2024-08-06,M+2,2024-10-01,2024-10-31,-0.475,
06/08/2024,2024-08-06,M+3,2024-11-01,2024-11-30,-0.517,
06/08/2024,2024-08-06,Q+1,2024-10-01,2024-12-31,-0.525,
06/08/2024,2024-08-06,Q+2,2025-01-01,2025-03-31,-0.8,
06/08/2024,2024-08-06,Q+3,2025-04-01,2025-06-30,-0.544,
06/08/2024,2024-08-06,Q+4,2025-07-01,2025-09-30,-0.508,
06/08/2024,2024-08-06,S,2025-04-01,2025-09-30,-0.478,
06/08/2024,2024-08-06,Y+1,2025-01-01,2025-12-31,-0.519,
06/08/2024,2024-08-06,Y+2,2026-01-01,2026-12-31,-0.436,
07/08/2024,2024-08-07,D+1,2024-08-08,2024-08-08,0.038,37.92
07/08/2024,2024-08-07,D+2,2024-08-09,2024-08-09,0.04,
07/08/2024,2024-08-07,D+3,2024-08-10,2024-08-10,0.043,
07/08/2024,2024-08-07,W,2025-10-01,2026-03-31,-0.442,
07/08/2024,2024-08-07,BoM,2024-08-08,2024-08-31,0.006,
07/08/2024,2024-08-07,M+1,2024-09-01,2024-09-30,0.125,
07/08/2024,2024-08-07,M+2,2024-10-01,2024-10-31,-0.475,
07/08/2024,2024-08-07,M+3,2024-11-01,2024-11-30,-0.563,
07/08/2024,2024-08-07,Q+1,2024-10-01,2024-12-31,-0.512,
07/08/2024,2024-08-07,Q+2,2025-01-01,2025-03-31,-0.745,
07/08/2024,2024-08-07,Q+3,2025-04-01,2025-06-30,-0.433,
07/08/2024,2024-08-07,Q+4,2025-07-01,2025-09-30,-0.416,
07/08/2024,2024-08-07,S,2025-04-01,2025-09-30,-0.458,
07/08/2024,2024-08-07,Y+1,2025-01-01,2025-12-31,-0.538,
07/08/2024,2024-08-07,Y+2,2026-01-01,2026-12-31,-0.348,
08/08/2024,2024-08-08,D+1,2024-08-09,2024-08-09,0.546,39.41
08/08/2024,2024-08-08,D+2,2024-08-10,2024-08-10,0.53,
08/08/2024,2024-08-08,D+3,2024-08-11,2024-08-11,0.514,
08/08/2024,2024-08-08,W,2025-10-01,2026-03-31,-0.567,
08/08/2024,2024-08-08,BoM,2024-08-09,2024-08-31,0.356,
08/08/2024,2024-08-08,M+1,2024-09-01,2024-09-30,-0.037,
08/08/2024,2024-08-08,M+2,2024-10-01,2024-10-31,-0.375,
08/08/2024,2024-08-08,M+3,2024-11-01,2024-11-30,-0.661,
08/08/2024,2024-08-08,Q+1,2024-10-01,2024-12-31,-0.588,
08/08/2024,2024-08-08,Q+2,2025-01-01,2025-03-31,-0.695,
08/08/2024,2024-08-08,Q+3,2025-04-01,2025-06-30,-0.563,
08/08/2024,2024-08-08,Q+4,2025-07-01,2025-09-30,-0.551,
08/08/2024,2024-08-08,S,2025-04-01,2025-09-30,-0.555,
08/08/2024,2024-08-08,Y+1,2025-01-01,2025-12-31,-0.519,
08/08/2024,2024-08-08,Y+2,2026-01-01,2026-12-31,-0.443,
09/08/2024,2024-08-09,D+1,2024-08-10,2024-08-10,0.232,39.08
09/08/2024,2024-08-09,D+2,2024-08-11,2024-08-11,0.224,
09/08/2024,2024-08-09,D+3,2024-08-12,2024-08-12,0.215,
09/08/2024,2024-08-09,W,2025-10-01,2026-03-31,-0.731,
09/08/2024,2024-08-09,BoM,2024-08-10,2024-08-31,0.076,
09/08/2024,2024-08-09,M+1,2024-09-01,2024-09-30,-0.075,
09/08/2024,2024-08-09,M+2,2024-10-01,2024-10-31,-0.45,
09/08/2024,2024-08-09,M+3,2024-11-01,2024-11-30,-0.692,
09/08/2024,2024-08-09,Q+1,2024-10-01,2024-12-31,-0.55,
09/08/2024,2024-08-09,Q+2,2025-01-01,2025-03-31,-0.73,
09/08/2024,2024-08-09,Q+3,2025-04-01,2025-06-30,-0.683,
09/08/2024,2024-08-09,Q+4,2025-07-01,2025-09-30,-0.753,
09/08/2024,2024-08-09,S,2025-04-01,2025-09-30,-0.724,
09/08/2024,2024-08-09,Y+1,2025-01-01,2025-12-31,-0.5,
09/08/2024,2024-08-09,Y+2,2026-01-01,2026-12-31,-0.699,
12/08/2024,2024-08-12,D+1,2024-08-13,2024-08-13,0.729,38.87
12/08/2024,2024-08-12,D+2,2024-08-14,2024-08-14,0.705,
12/08/2024,2024-08-12,D+3,2024-08-15,2024-08-15,0.682,
12/08/2024,2024-08-12,W,2025-10-01,2026-03-31,-0.784,
12/08/2024,2024-08-12,BoM,2024-08-13,2024-08-31,0.558,
12/08/2024,2024-08-12,M+1,2024-09-01,2024-09-30,0.065,
12/08/2024,2024-08-12,M+2,2024-10-01,2024-10-31,-0.45,
12/08/2024,2024-08-12,M+3,2024-11-01,2024-11-30,-0.787,
12/08/2024,2024-08-12,Q+1,2024-10-01,2024-12-31,-0.575,
12/08/2024,2024-08-12,Q+2,2025-01-01,2025-03-31,-0.93,
12/08/2024,2024-08-12,Q+3,2025-04-01,2025-06-30,-0.772,
12/08/2024,2024-08-12,Q+4,2025-07-01,2025-09-30,-0.748,
12/08/2024,2024-08-12,S,2025-04-01,2025-09-30,-0.751,
12/08/2024,2024-08-12,Y+1,2025-01-01,2025-12-31,-0.55,
12/08/2024,2024-08-12,Y+2,2026-01-01,2026-12-31,-0.665,
13/08/2024,2024-08-13,D+1,2024-08-14,2024-08-14,0.992,38.17
13/08/2024,2024-08-13,D+2,2024-08-15,2024-08-15,0.959,
13/08/2024,2024-08-13,D+3,2024-08-16,2024-08-16,0.927,
13/08/2024,2024-08-13,W,2025-10-01,2026-03-31,-0.583,
13/08/2024,2024-08-13,BoM,2024-08-14,2024-08-31,0.719,
13/08/2024,2024-08-13,M+1,2024-09-01,2024-09-30,-0.05,
13/08/2024,2024-08-13,M+2,2024-10-01,2024-10-31,-0.5,
13/08/2024,2024-08-13,M+3,2024-11-01,2024-11-30,-0.42,
13/08/2024,2024-08-13,Q+1,2024-10-01,2024-12-31,-0.6,
13/08/2024,2024-08-13,Q+2,2025-01-01,2025-03-31,-1.102,
13/08/2024,2024-08-13,Q+3,2025-04-01,2025-06-30,-0.477,
13/08/2024,2024-08-13,Q+4,2025-07-01,2025-09-30,-0.53,
13/08/2024,2024-08-13,S,2025-04-01,2025-09-30,-0.517,
13/08/2024,2024-08-13,Y+1,2025-01-01,2025-12-31,-0.537,
13/08/2024,2024-08-13,Y+2,2026-01-01,2026-12-31,-0.287,
14/08/2024,2024-08-14,D+1,2024-08-15,2024-08-15,0.53,38.22
14/08/2024,2024-08-14,D+2,2024-08-16,2024-08-16,0.511,
14/08/2024,2024-08-14,D+3,2024-08-17,2024-08-17,0.493,
14/08/2024,2024-08-14,W,2025-10-01,2026-03-31,-0.54,
14/08/2024,2024-08-14,BoM,2024-08-15,2024-08-31,0.379,
14/08/2024,2024-08-14,M+1,2024-09-01,2024-09-30,-0.05,
14/08/2024,2024-08-14,M+2,2024-10-01,2024-10-31,-0.65,
14/08/2024,2024-08-14,M+3,2024-11-01,2024-11-30,-0.543,
14/08/2024,2024-08-14,Q+1,2024-10-01,2024-12-31,-0.775,
14/08/2024,2024-08-14,Q+2,2025-01-01,2025-03-31,-0.606,
14/08/2024,2024-08-14,Q+3,2025-04-01,2025-06-30,-0.507,
14/08/2024,2024-08-14,Q+4,2025-07-01,2025-09-30,-0.513,
14/08/2024,2024-08-14,S,2025-04-01,2025-09-30,-0.527,
14/08/2024,2024-08-14,Y+1,2025-01-01,2025-12-31,-0.555,
14/08/2024,2024-08-14,Y+2,2026-01-01,2026-12-31,-0.429,
15/08/2024,2024-08-15,D+1,2024-08-16,2024-08-16,0.622,38.6
15/08/2024,2024-08-15,D+2,2024-08-17,2024-08-17,0.598,
15/08/2024,2024-08-15,D+3,2024-08-18,2024-08-18,0.574,
15/08/2024,2024-08-15,W,2025-10-01,2026-03-31,-0.498,
15/08/2024,2024-08-15,BoM,2024-08-16,2024-08-31,0.363,
15/08/2024,2024-08-15,M+1,2024-09-01,2024-09-30,-0.1,
15/08/2024,2024-08-15,M+2,2024-10-01,2024-10-31,-0.65,
15/08/2024,2024-08-15,M+3,2024-11-01,2024-11-30,-0.693,
15/08/2024,2024-08-15,Q+1,2024-10-01,2024-12-31,-0.75,
15/08/2024,2024-08-15,Q+2,2025-01-01,2025-03-31,-0.671,
15/08/2024,2024-08-15,Q+3,2025-04-01,2025-06-30,-0.493,
15/08/2024,2024-08-15,Q+4,2025-07-01,2025-09-30,-0.485,
15/08/2024,2024-08-15,S,2025-04-01,2025-09-30,-0.505,
15/08/2024,2024-08-15,Y+1,2025-01-01,2025-12-31,-0.55,
15/08/2024,2024-08-15,Y+2,2026-01-01,2026-12-31,-0.444,
16/08/2024,2024-08-16,D+1,2024-08-17,2024-08-17,0.595,38.92
16/08/2024,2024-08-16,D+2,2024-08-18,2024-08-18,0.571,
16/08/2024,2024-08-16,D+3,2024-08-19,2024-08-19,0.547,
16/08/2024,2024-08-16,W,2025-10-01,2026-03-31,-0.502,
16/08/2024,2024-08-16,BoM,2024-08-17,2024-08-31,0.426,
16/08/2024,2024-08-16,M+1,2024-09-01,2024-09-30,-0.1,
16/08/2024,2024-08-16,M+2,2024-10-01,2024-10-31,-0.662,
16/08/2024,2024-08-16,M+3,2024-11-01,2024-11-30,-0.624,
16/08/2024,2024-08-16,Q+1,2024-10-01,2024-12-31,-0.762,
16/08/2024,2024-08-16,Q+2,2025-01-01,2025-03-31,-0.604,
16/08/2024,2024-08-16,Q+3,2025-04-01,2025-06-30,-0.453,
16/08/2024,2024-08-16,Q+4,2025-07-01,2025-09-30,-0.475,
16/08/2024,2024-08-16,S,2025-04-01,2025-09-30,-0.484,
16/08/2024,2024-08-16,Y+1,2025-01-01,2025-12-31,-0.559,
16/08/2024,2024-08-16,Y+2,2026-01-01,2026-12-31,-0.387,
19/08/2024,2024-08-19,D+1,2024-08-20,2024-08-20,0.753,39.16
19/08/2024,2024-08-19,D+2,2024-08-21,2024-08-21,0.72,
19/08/2024,2024-08-19,D+3,2024-08-22,2024-08-22,0.687,
19/08/2024,2024-08-19,W,2025-10-01,2026-03-31,-0.422,
19/08/2024,2024-08-19,BoM,2024-08-20,2024-08-31,0.585,
19/08/2024,2024-08-19,M+1,2024-09-01,2024-09-30,-0.1,
19/08/2024,2024-08-19,M+2,2024-10-01,2024-10-31,-0.662,
19/08/2024,2024-08-19,M+3,2024-11-01,2024-11-30,-0.682,
19/08/2024,2024-08-19,Q+1,2024-10-01,2024-12-31,-0.762,
19/08/2024,2024-08-19,Q+2,2025-01-01,2025-03-31,-0.555,
19/08/2024,2024-08-19,Q+3,2025-04-01,2025-06-30,-0.486,
19/08/2024,2024-08-19,Q+4,2025-07-01,2025-09-30,-0.487,
19/08/2024,2024-08-19,S,2025-04-01,2025-09-30,-0.448,
19/08/2024,2024-08-19,Y+1,2025-01-01,2025-12-31,-0.559,
19/08/2024,2024-08-19,Y+2,2026-01-01,2026-12-31,-0.417,
20/08/2024,2024-08-20,D+1,2024-08-21,2024-08-21,0.75,37.14
20/08/2024,2024-08-20,D+2,2024-08-22,2024-08-22,0.718,
20/08/2024,2024-08-20,D+3,2024-08-23,2024-08-23,0.686,
20/08/2024,2024-08-20,W,2025-10-01,2026-03-31,-0.27,
20/08/2024,2024-08-20,BoM,2024-08-21,2024-08-31,0.637,
20/08/2024,2024-08-20,M+1,2024-09-01,2024-09-30,-0.05,
20/08/2024,2024-08-20,M+2,2024-10-01,2024-10-31,-0.662,
20/08/2024,2024-08-20,M+3,2024-11-01,2024-11-30,-0.536,
20/08/2024,2024-08-20,Q+1,2024-10-01,2024-12-31,-0.762,
20/08/2024,2024-08-20,Q+2,2025-01-01,2025-03-31,-0.561,
20/08/2024,2024-08-20,Q+3,2025-04-01,2025-06-30,-0.317,
20/08/2024,2024-08-20,Q+4,2025-07-01,2025-09-30,-0.323,
20/08/2024,2024-08-20,S,2025-04-01,2025-09-30,-0.29,
20/08/2024,2024-08-20,Y+1,2025-01-01,2025-12-31,-0.559,
20/08/2024,2024-08-20,Y+2,2026-01-01,2026-12-31,-0.326,
21/08/2024,2024-08-21,D+1,2024-08-22,2024-08-22,1.152,36.3
21/08/2024,2024-08-21,D+2,2024-08-23,2024-08-23,1.104,
21/08/2024,2024-08-21,D+3,2024-08-24,2024-08-24,1.056,
21/08/2024,2024-08-21,W,2025-10-01,2026-03-31,-0.425,
21/08/2024,2024-08-21,BoM,2024-08-22,2024-08-31,0.968,
21/08/2024,2024-08-21,M+1,2024-09-01,2024-09-30,0.0,
21/08/2024,2024-08-21,M+2,2024-10-01,2024-10-31,-0.65,
21/08/2024,2024-08-21,M+3,2024-11-01,2024-11-30,-0.565,
21/08/2024,2024-08-21,Q+1,2024-10-01,2024-12-31,-0.75,
21/08/2024,2024-08-21,Q+2,2025-01-01,2025-03-31,-0.601,
21/08/2024,2024-08-21,Q+3,2025-04-01,2025-06-30,-0.463,
21/08/2024,2024-08-21,Q+4,2025-07-01,2025-09-30,-0.445,
21/08/2024,2024-08-21,S,2025-04-01,2025-09-30,-0.447,
21/08/2024,2024-08-21,Y+1,2025-01-01,2025-12-31,-0.557,
21/08/2024,2024-08-21,Y+2,2026-01-01,2026-12-31,-0.453,
22/08/2024,2024-08-22,D+1,2024-08-23,2024-08-23,1.025,35.96
22/08/2024,2024-08-22,D+2,2024-08-24,2024-08-24,0.98,
22/08/2024,2024-08-22,D+3,2024-08-25,2024-08-25,0.936,
22/08/2024,2024-08-22,W,2025-10-01,2026-03-31,-0.317,
22/08/2024,2024-08-22,BoM,2024-08-23,2024-08-31,0.901,
22/08/2024,2024-08-22,M+1,2024-09-01,2024-09-30,0.0,
22/08/2024,2024-08-22,M+2,2024-10-01,2024-10-31,-0.575,
22/08/2024,2024-08-22,M+3,2024-11-01,2024-11-30,-0.443,
22/08/2024,2024-08-22,Q+1,2024-10-01,2024-12-31,-0.675,
22/08/2024,2024-08-22,Q+2,2025-01-01,2025-03-31,-0.709,
22/08/2024,2024-08-22,Q+3,2025-04-01,2025-06-30,-0.312,
22/08/2024,2024-08-22,Q+4,2025-07-01,2025-09-30,-0.324,
22/08/2024,2024-08-22,S,2025-04-01,2025-09-30,-0.283,
22/08/2024,2024-08-22,Y+1,2025-01-01,2025-12-31,-0.55,
22/08/2024,2024-08-22,Y+2,2026-01-01,2026-12-31,-0.286,
23/08/2024,2024-08-23,D+1,2024-08-24,2024-08-24,1.025,36.34
23/08/2024,2024-08-23,D+2,2024-08-25,2024-08-25,0.98,
23/08/2024,2024-08-23,D+3,2024-08-26,2024-08-26,0.936,
23/08/2024,2024-08-23,W,2025-10-01,2026-03-31,-0.601,
23/08/2024,2024-08-23,BoM,2024-08-24,2024-08-31,0.498,
23/08/2024,2024-08-23,M+1,2024-09-01,2024-09-30,0.0,
23/08/2024,2024-08-23,M+2,2024-10-01,2024-10-31,-0.575,
23/08/2024,2024-08-23,M+3,2024-11-01,2024-11-30,-0.868,
23/08/2024,2024-08-23,Q+1,2024-10-01,2024-12-31,-0.675,
23/08/2024,2024-08-23,Q+2,2025-01-01,2025-03-31,-0.803,
23/08/2024,2024-08-23,Q+3,2025-04-01,2025-06-30,-0.619,
23/08/2024,2024-08-23,Q+4,2025-07-01,2025-09-30,-0.603,
23/08/2024,2024-08-23,S,2025-04-01,2025-09-30,-0.616,
23/08/2024,2024-08-23,Y+1,2025-01-01,2025-12-31,-0.562,
23/08/2024,2024-08-23,Y+2,2026-01-01,2026-12-31,-0.482,
26/08/2024,2024-08-26,D+1,2024-08-27,2024-08-27,0.456,36.85
26/08/2024,2024-08-26,D+2,2024-08-28,2024-08-28,0.435,
26/08/2024,2024-08-26,D+3,2024-08-29,2024-08-29,0.413,
26/08/2024,2024-08-26,W,2025-10-01,2026-03-31,-0.966,
26/08/2024,2024-08-26,BoM,2024-08-27,2024-08-31,0.429,
26/08/2024,2024-08-26,M+1,2024-09-01,2024-09-30,0.05,
26/08/2024,2024-08-26,M+2,2024-10-01,2024-10-31,-0.575,
26/08/2024,2024-08-26,M+3,2024-11-01,2024-11-30,-0.478,
26/08/2024,2024-08-26,Q+1,2024-10-01,2024-12-31,-0.675,
26/08/2024,2024-08-26,Q+2,2025-01-01,2025-03-31,-0.724,
26/08/2024,2024-08-26,Q+3,2025-04-01,2025-06-30,-0.952,
26/08/2024,2024-08-26,Q+4,2025-07-01,2025-09-30,-0.939,
26/08/2024,2024-08-26,S,2025-04-01,2025-09-30,-1.004,
26/08/2024,2024-08-26,Y+1,2025-01-01,2025-12-31,-0.562,
26/08/2024,2024-08-26,Y+2,2026-01-01,2026-12-31,-0.83,
27/08/2024,2024-08-27,D+1,2024-08-28,2024-08-28,0.825,38.32
27/08/2024,2024-08-27,D+2,2024-08-29,2024-08-29,0.782,
27/08/2024,2024-08-27,D+3,2024-08-30,2024-08-30,0.739,
27/08/2024,2024-08-27,W,2025-10-01,2026-03-31,-0.352,
27/08/2024,2024-08-27,BoM,2024-08-28,2024-08-31,0.773,
27/08/2024,2024-08-27,M+1,2024-09-01,2024-09-30,0.05,
27/08/2024,2024-08-27,M+2,2024-10-01,2024-10-31,-0.55,
27/08/2024,2024-08-27,M+3,2024-11-01,2024-11-30,-0.776,
27/08/2024,2024-08-27,Q+1,2024-10-01,2024-12-31,-0.65,
27/08/2024,2024-08-27,Q+2,2025-01-01,2025-03-31,-0.442,
27/08/2024,2024-08-27,Q+3,2025-04-01,2025-06-30,-0.346,
27/08/2024,2024-08-27,Q+4,2025-07-01,2025-09-30,-0.336,
27/08/2024,2024-08-27,S,2025-04-01,2025-09-30,-0.338,
27/08/2024,2024-08-27,Y+1,2025-01-01,2025-12-31,-0.537,
27/08/2024,2024-08-27,Y+2,2026-01-01,2026-12-31,-0.264,
28/08/2024,2024-08-28,D+1,2024-08-29,2024-08-29,0.564,38.5
28/08/2024,2024-08-28,D+2,2024-08-30,2024-08-30,0.534,
28/08/2024,2024-08-28,D+3,2024-08-31,2024-08-31,0.504,
28/08/2024,2024-08-28,W,2025-10-01,2026-03-31,-0.562,
28/08/2024,2024-08-28,M+1,2024-09-01,2024-09-30,0.05,
28/08/2024,2024-08-28,M+2,2024-10-01,2024-10-31,-0.525,
28/08/2024,2024-08-28,M+3,2024-11-01,2024-11-30,-0.372,
28/08/2024,2024-08-28,Q+1,2024-10-01,2024-12-31,-0.625,
28/08/2024,2024-08-28,Q+2,2025-01-01,2025-03-31,-0.594,
28/08/2024,2024-08-28,Q+3,2025-04-01,2025-06-30,-0.592,
28/08/2024,2024-08-28,Q+4,2025-07-01,2025-09-30,-0.623,
28/08/2024,2024-08-28,S,2025-04-01,2025-09-30,-0.65,
28/08/2024,2024-08-28,Y+1,2025-01-01,2025-12-31,-0.57,
28/08/2024,2024-08-28,Y+2,2026-01-01,2026-12-31,-0.429,
29/08/2024,2024-08-29,D+1,2024-08-30,2024-08-30,0.569,38.65
29/08/2024,2024-08-29,D+2,2024-08-31,2024-08-31,0.537,
29/08/2024,2024-08-29,D+3,2024-09-01,2024-09-01,0.504,
29/08/2024,2024-08-29,W,2025-10-01,2026-03-31,-1.128,
29/08/2024,2024-08-29,M+1,2024-09-01,2024-09-30,0.05,
29/08/2024,2024-08-29,M+2,2024-10-01,2024-10-31,-0.375,
29/08/2024,2024-08-29,M+3,2024-11-01,2024-11-30,-1.153,
29/08/2024,2024-08-29,Q+1,2024-10-01,2024-12-31,-0.625,
29/08/2024,2024-08-29,Q+2,2025-01-01,2025-03-31,-1.163,
29/08/2024,2024-08-29,Q+3,2025-04-01,2025-06-30,-1.126,
29/08/2024,2024-08-29,Q+4,2025-07-01,2025-09-30,-1.136,
29/08/2024,2024-08-29,S,2025-04-01,2025-09-30,-1.125,
29/08/2024,2024-08-29,Y+1,2025-01-01,2025-12-31,-0.57,
29/08/2024,2024-08-29,Y+2,2026-01-01,2026-12-31,-0.982,
30/08/2024,2024-08-30,D+1,2024-08-31,2024-08-31,0.656,39.22
30/08/2024,2024-08-30,D+2,2024-09-01,2024-09-01,0.614,
30/08/2024,2024-08-30,D+3,2024-09-02,2024-09-02,0.572,
30/08/2024,2024-08-30,W,2025-10-01,2026-03-31,-0.563,
30/08/2024,2024-08-30,M+1,2024-09-01,2024-09-30,-0.1,
30/08/2024,2024-08-30,M+2,2024-10-01,2024-10-31,-0.25,
30/08/2024,2024-08-30,M+3,2024-11-01,2024-11-30,-0.545,
30/08/2024,2024-08-30,Q+1,2024-10-01,2024-12-31,-0.575,
30/08/2024,2024-08-30,Q+2,2025-01-01,2025-03-31,-0.549,
30/08/2024,2024-08-30,Q+3,2025-04-01,2025-06-30,-0.519,
30/08/2024,2024-08-30,Q+4,2025-07-01,2025-09-30,-0.546,
30/08/2024,2024-08-30,S,2025-04-01,2025-09-30,-0.546,
30/08/2024,2024-08-30,Y+1,2025-01-01,2025-12-31,-0.55,
30/08/2024,2024-08-30,Y+2,2026-01-01,2026-12-31,-0.43,
02/09/2024,2024-09-02,D+1,2024-09-03,2024-09-03,1.084,38.56
02/09/2024,2024-09-02,D+2,2024-09-04,2024-09-04,1.053,
02/09/2024,2024-09-02,D+3,2024-09-05,2024-09-05,1.021,
02/09/2024,2024-09-02,W,2025-10-01,2026-03-31,-0.415,
02/09/2024,2024-09-02,BoM,2024-09-03,2024-09-30,0.79,
02/09/2024,2024-09-02,M+1,2024-10-01,2024-10-31,-0.25,
02/09/2024,2024-09-02,M+2,2024-11-01,2024-11-30,-0.55,
02/09/2024,2024-09-02,M+3,2024-12-01,2024-12-31,-0.119,
02/09/2024,2024-09-02,Q+1,2024-10-01,2024-12-31,-0.475,
02/09/2024,2024-09-02,Q+2,2025-01-01,2025-03-31,-0.666,
02/09/2024,2024-09-02,Q+3,2025-04-01,2025-06-30,-0.401,
02/09/2024,2024-09-02,Q+4,2025-07-01,2025-09-30,-0.39,
02/09/2024,2024-09-02,S,2025-04-01,2025-09-30,-0.367,
02/09/2024,2024-09-02,Y+1,2025-01-01,2025-12-31,-0.525,
02/09/2024,2024-09-02,Y+2,2026-01-01,2026-12-31,-0.354,
03/09/2024,2024-09-03,D+1,2024-09-04,2024-09-04,0.418,37.06
03/09/2024,2024-09-03,D+2,2024-09-05,2024-09-05,0.406,
03/09/2024,2024-09-03,D+3,2024-09-06,2024-09-06,0.394,
03/09/2024,2024-09-03,W,2025-10-01,2026-03-31,-0.475,
03/09/2024,2024-09-03,BoM,2024-09-04,2024-09-30,0.338,
03/09/2024,2024-09-03,M+1,2024-10-01,2024-10-31,-0.075,
03/09/2024,2024-09-03,M+2,2024-11-01,2024-11-30,-0.45,
03/09/2024,2024-09-03,M+3,2024-12-01,2024-12-31,-0.784,
03/09/2024,2024-09-03,Q+1,2024-10-01,2024-12-31,-0.375,
03/09/2024,2024-09-03,Q+2,2025-01-01,2025-03-31,-0.394,
03/09/2024,2024-09-03,Q+3,2025-04-01,2025-06-30,-0.475,
03/09/2024,2024-09-03,Q+4,2025-07-01,2025-09-30,-0.419,
03/09/2024,2024-09-03,S,2025-04-01,2025-09-30,-0.434,
03/09/2024,2024-09-03,Y+1,2025-01-01,2025-12-31,-0.525,
03/09/2024,2024-09-03,Y+2,2026-01-01,2026-12-31,-0.481,
04/09/2024,2024-09-04,D+1,2024-09-05,2024-09-05,0.712,35.59
04/09/2024,2024-09-04,D+2,2024-09-06,2024-09-06,0.694,
04/09/2024,2024-09-04,D+3,2024-09-07,2024-09-07,0.676,
04/09/2024,2024-09-04,W,2025-10-01,2026-03-31,-0.437,
04/09/2024,2024-09-04,BoM,2024-09-05,2024-09-30,0.477,
04/09/2024,2024-09-04,M+1,2024-10-01,2024-10-31,-0.025,
04/09/2024,2024-09-04,M+2,2024-11-01,2024-11-30,-0.4,
04/09/2024,2024-09-04,M+3,2024-12-01,2024-12-31,-0.663,
04/09/2024,2024-09-04,Q+1,2024-10-01,2024-12-31,-0.35,
04/09/2024,2024-09-04,Q+2,2025-01-01,2025-03-31,-0.688,
04/09/2024,2024-09-04,Q+3,2025-04-01,2025-06-30,-0.409,
04/09/2024,2024-09-04,Q+4,2025-07-01,2025-09-30,-0.404,
04/09/2024,2024-09-04,S,2025-04-01,2025-09-30,-0.407,
04/09/2024,2024-09-04,Y+1,2025-01-01,2025-12-31,-0.525,
04/09/2024,2024-09-04,Y+2,2026-01-01,2026-12-31,-0.404,
05/09/2024,2024-09-05,D+1,2024-09-06,2024-09-06,0.911,35.52
05/09/2024,2024-09-05,D+2,2024-09-07,2024-09-07,0.887,
05/09/2024,2024-09-05,D+3,2024-09-08,2024-09-08,0.864,
05/09/2024,2024-09-05,W,2025-10-01,2026-03-31,-0.097,
05/09/2024,2024-09-05,BoM,2024-09-06,2024-09-30,0.647,
05/09/2024,2024-09-05,M+1,2024-10-01,2024-10-31,-0.025,
05/09/2024,2024-09-05,M+2,2024-11-01,2024-11-30,-0.4,
05/09/2024,2024-09-05,M+3,2024-12-01,2024-12-31,-0.178,
05/09/2024,2024-09-05,Q+1,2024-10-01,2024-12-31,-0.3,
05/09/2024,2024-09-05,Q+2,2025-01-01,2025-03-31,-0.092,
05/09/2024,2024-09-05,Q+3,2025-04-01,2025-06-30,-0.089,
05/09/2024,2024-09-05,Q+4,2025-07-01,2025-09-30,-0.115,
05/09/2024,2024-09-05,S,2025-04-01,2025-09-30,-0.075,
05/09/2024,2024-09-05,Y+1,2025-01-01,2025-12-31,-0.475,
05/09/2024,2024-09-05,Y+2,2026-01-01,2026-12-31,-0.116,
06/09/2024,2024-09-06,D+1,2024-09-07,2024-09-07,0.035,35.43
06/09/2024,2024-09-06,D+2,2024-09-08,2024-09-08,0.032,
06/09/2024,2024-09-06,D+3,2024-09-09,2024-09-09,0.029,
06/09/2024,2024-09-06,W,2025-10-01,2026-03-31,-0.419,
06/09/2024,2024-09-06,BoM,2024-09-07,2024-09-30,0.008,
06/09/2024,2024-09-06,M+1,2024-10-01,2024-10-31,-0.075,
06/09/2024,2024-09-06,M+2,2024-11-01,2024-11-30,-0.4,
06/09/2024,2024-09-06,M+3,2024-12-01,2024-12-31,-0.484,
06/09/2024,2024-09-06,Q+1,2024-10-01,2024-12-31,-0.3,
06/09/2024,2024-09-06,Q+2,2025-01-01,2025-03-31,-0.499,
06/09/2024,2024-09-06,Q+3,2025-04-01,2025-06-30,-0.461,
06/09/2024,2024-09-06,Q+4,2025-07-01,2025-09-30,-0.455,
06/09/2024,2024-09-06,S,2025-04-01,2025-09-30,-0.413,
06/09/2024,2024-09-06,Y+1,2025-01-01,2025-12-31,-0.51,
06/09/2024,2024-09-06,Y+2,2026-01-01,2026-12-31,-0.383,
09/09/2024,2024-09-09,D+1,2024-09-10,2024-09-10,-0.061,36.76
09/09/2024,2024-09-09,D+2,2024-09-11,2024-09-11,-0.061,
09/09/2024,2024-09-09,D+3,2024-09-12,2024-09-12,-0.06,
09/09/2024,2024-09-09,W,2025-10-01,2026-03-31,-0.533,
09/09/2024,2024-09-09,BoM,2024-09-10,2024-09-30,-0.076,
09/09/2024,2024-09-09,M+1,2024-10-01,2024-10-31,-0.05,
09/09/2024,2024-09-09,M+2,2024-11-01,2024-11-30,-0.425,
09/09/2024,2024-09-09,M+3,2024-12-01,2024-12-31,-0.054,
09/09/2024,2024-09-09,Q+1,2024-10-01,2024-12-31,-0.3,
09/09/2024,2024-09-09,Q+2,2025-01-01,2025-03-31,-0.699,
09/09/2024,2024-09-09,Q+3,2025-04-01,2025-06-30,-0.522,
09/09/2024,2024-09-09,Q+4,2025-07-01,2025-09-30,-0.52,
09/09/2024,2024-09-09,S,2025-04-01,2025-09-30,-0.526,
09/09/2024,2024-09-09,Y+1,2025-01-01,2025-12-31,-0.5,
09/09/2024,2024-09-09,Y+2,2026-01-01,2026-12-31,-0.4,
10/09/2024,2024-09-10,D+1,2024-09-11,2024-09-11,-0.268,35.02
10/09/2024,2024-09-10,D+2,2024-09-12,2024-09-12,-0.262,
10/09/2024,2024-09-10,D+3,2024-09-13,2024-09-13,-0.255,
10/09/2024,2024-09-10,W,2025-10-01,2026-03-31,-0.451,
10/09/2024,2024-09-10,BoM,2024-09-11,2024-09-30,-0.228,
10/09/2024,2024-09-10,M+1,2024-10-01,2024-10-31,-0.05,
10/09/2024,2024-09-10,M+2,2024-11-01,2024-11-30,-0.425,
10/09/2024,2024-09-10,M+3,2024-12-01,2024-12-31,-0.148,
10/09/2024,2024-09-10,Q+1,2024-10-01,2024-12-31,-0.3,
10/09/2024,2024-09-10,Q+2,2025-01-01,2025-03-31,-0.646,
10/09/2024,2024-09-10,Q+3,2025-04-01,2025-06-30,-0.422,
10/09/2024,2024-09-10,Q+4,2025-07-01,2025-09-30,-0.44,
10/09/2024,2024-09-10,S,2025-04-01,2025-09-30,-0.45,
10/09/2024,2024-09-10,Y+1,2025-01-01,2025-12-31,-0.5,
10/09/2024,2024-09-10,Y+2,2026-01-01,2026-12-31,-0.4,
11/09/2024,2024-09-11,D+1,2024-09-12,2024-09-12,-0.587,36.17
11/09/2024,2024-09-11,D+2,2024-09-13,2024-09-13,-0.571,
11/09/2024,2024-09-11,D+3,2024-09-14,2024-09-14,-0.555,
11/09/2024,2024-09-11,W,2025-10-01,2026-03-31,-0.416,
11/09/2024,2024-09-11,BoM,2024-09-12,2024-09-30,-0.447,
11/09/2024,2024-09-11,M+1,2024-10-01,2024-10-31,-0.05,
11/09/2024,2024-09-11,M+2,2024-11-01,2024-11-30,-0.412,
11/09/2024,2024-09-11,M+3,2024-12-01,2024-12-31,-0.485,
11/09/2024,2024-09-11,Q+1,2024-10-01,2024-12-31,-0.287,
11/09/2024,2024-09-11,Q+2,2025-01-01,2025-03-31,-0.492,
11/09/2024,2024-09-11,Q+3,2025-04-01,2025-06-30,-0.322,
11/09/2024,2024-09-11,Q+4,2025-07-01,2025-09-30,-0.35,
11/09/2024,2024-09-11,S,2025-04-01,2025-09-30,-0.315,
11/09/2024,2024-09-11,Y+1,2025-01-01,2025-12-31,-0.5,
11/09/2024,2024-09-11,Y+2,2026-01-01,2026-12-31,-0.4,
12/09/2024,2024-09-12,D+1,2024-09-13,2024-09-13,-0.314,35.45
12/09/2024,2024-09-12,D+2,2024-09-14,2024-09-14,-0.306,
12/09/2024,2024-09-12,D+3,2024-09-15,2024-09-15,-0.298,
12/09/2024,2024-09-12,W,2025-10-01,2026-03-31,-0.389,
12/09/2024,2024-09-12,BoM,2024-09-13,2024-09-30,-0.23,
12/09/2024,2024-09-12,M+1,2024-10-01,2024-10-31,-0.05,
12/09/2024,2024-09-12,M+2,2024-11-01,2024-11-30,-0.375,
12/09/2024,2024-09-12,M+3,2024-12-01,2024-12-31,-0.43,
12/09/2024,2024-09-12,Q+1,2024-10-01,2024-12-31,-0.275,
12/09/2024,2024-09-12,Q+2,2025-01-01,2025-03-31,-0.458,
12/09/2024,2024-09-12,Q+3,2025-04-01,2025-06-30,-0.394,
12/09/2024,2024-09-12,Q+4,2025-07-01,2025-09-30,-0.405,
12/09/2024,2024-09-12,S,2025-04-01,2025-09-30,-0.389,
12/09/2024,2024-09-12,Y+1,2025-01-01,2025-12-31,-0.5,
12/09/2024,2024-09-12,Y+2,2026-01-01,2026-12-31,-0.4,
13/09/2024,2024-09-13,D+1,2024-09-14,2024-09-14,-0.053,35.58
13/09/2024,2024-09-13,D+2,2024-09-15,2024-09-15,-0.053,
13/09/2024,2024-09-13,D+3,2024-09-16,2024-09-16,-0.053,
13/09/2024,2024-09-13,W,2025-10-01,2026-03-31,-0.359,
13/09/2024,2024-09-13,BoM,2024-09-14,2024-09-30,-0.045,
13/09/2024,2024-09-13,M+1,2024-10-01,2024-10-31,-0.05,
13/09/2024,2024-09-13,M+2,2024-11-01,2024-11-30,-0.325,
13/09/2024,2024-09-13,M+3,2024-12-01,2024-12-31,-0.491,
13/09/2024,2024-09-13,Q+1,2024-10-01,2024-12-31,-0.225,
13/09/2024,2024-09-13,Q+2,2025-01-01,2025-03-31,-0.51,
13/09/2024,2024-09-13,Q+3,2025-04-01,2025-06-30,-0.379,
13/09/2024,2024-09-13,Q+4,2025-07-01,2025-09-30,-0.412,
13/09/2024,2024-09-13,S,2025-04-01,2025-09-30,-0.379,
13/09/2024,2024-09-13,Y+1,2025-01-01,2025-12-31,-0.5,
13/09/2024,2024-09-13,Y+2,2026-01-01,2026-12-31,-0.4,
16/09/2024,2024-09-16,D+1,2024-09-17,2024-09-17,0.161,34.36
16/09/2024,2024-09-16,D+2,2024-09-18,2024-09-18,0.154,
16/09/2024,2024-09-16,D+3,2024-09-19,2024-09-19,0.148,
16/09/2024,2024-09-16,W,2025-10-01,2026-03-31,-0.451,
16/09/2024,2024-09-16,BoM,2024-09-17,2024-09-30,0.161,
16/09/2024,2024-09-16,M+1,2024-10-01,2024-10-31,-0.025,
16/09/2024,2024-09-16,M+2,2024-11-01,2024-11-30,-0.3,
16/09/2024,2024-09-16,M+3,2024-12-01,2024-12-31,-0.504,
16/09/2024,2024-09-16,Q+1,2024-10-01,2024-12-31,-0.225,
16/09/2024,2024-09-16,Q+2,2025-01-01,2025-03-31,-0.524,
16/09/2024,2024-09-16,Q+3,2025-04-01,2025-06-30,-0.419,
16/09/2024,2024-09-16,Q+4,2025-07-01,2025-09-30,-0.438,
16/09/2024,2024-09-16,S,2025-04-01,2025-09-30,-0.421,
16/09/2024,2024-09-16,Y+1,2025-01-01,2025-12-31,-0.475,
16/09/2024,2024-09-16,Y+2,2026-01-01,2026-12-31,-0.4,
17/09/2024,2024-09-17,D+1,2024-09-18,2024-09-18,0.716,35.23
17/09/2024,2024-09-17,D+2,2024-09-19,2024-09-19,0.69,
17/09/2024,2024-09-17,D+3,2024-09-20,2024-09-20,0.664,
17/09/2024,2024-09-17,W,2025-10-01,2026-03-31,-0.39,
17/09/2024,2024-09-17,BoM,2024-09-18,2024-09-30,0.59,
17/09/2024,2024-09-17,M+1,2024-10-01,2024-10-31,0.0,
17/09/2024,2024-09-17,M+2,2024-11-01,2024-11-30,-0.325,
17/09/2024,2024-09-17,M+3,2024-12-01,2024-12-31,-0.427,
17/09/2024,2024-09-17,Q+1,2024-10-01,2024-12-31,-0.183,
17/09/2024,2024-09-17,Q+2,2025-01-01,2025-03-31,-0.457,
17/09/2024,2024-09-17,Q+3,2025-04-01,2025-06-30,-0.429,
17/09/2024,2024-09-17,Q+4,2025-07-01,2025-09-30,-0.437,
17/09/2024,2024-09-17,S,2025-04-01,2025-09-30,-0.419,
17/09/2024,2024-09-17,Y+1,2025-01-01,2025-12-31,-0.475,
17/09/2024,2024-09-17,Y+2,2026-01-01,2026-12-31,-0.4,
18/09/2024,2024-09-18,D+1,2024-09-19,2024-09-19,0.802,35.02
18/09/2024,2024-09-18,D+2,2024-09-20,2024-09-20,0.775,
18/09/2024,2024-09-18,D+3,2024-09-21,2024-09-21,0.747,
18/09/2024,2024-09-18,W,2025-10-01,2026-03-31,-0.366,
18/09/2024,2024-09-18,BoM,2024-09-19,2024-09-30,0.672,
18/09/2024,2024-09-18,M+1,2024-10-01,2024-10-31,0.15,
18/09/2024,2024-09-18,M+2,2024-11-01,2024-11-30,-0.275,
18/09/2024,2024-09-18,M+3,2024-12-01,2024-12-31,-0.57,
18/09/2024,2024-09-18,Q+1,2024-10-01,2024-12-31,-0.183,
18/09/2024,2024-09-18,Q+2,2025-01-01,2025-03-31,-0.61,
18/09/2024,2024-09-18,Q+3,2025-04-01,2025-06-30,-0.366,
18/09/2024,2024-09-18,Q+4,2025-07-01,2025-09-30,-0.346,
18/09/2024,2024-09-18,S,2025-04-01,2025-09-30,-0.359,
18/09/2024,2024-09-18,Y+1,2025-01-01,2025-12-31,-0.475,
18/09/2024,2024-09-18,Y+2,2026-01-01,2026-12-31,-0.4,
19/09/2024,2024-09-19,D+1,2024-09-20,2024-09-20,0.586,32.61
19/09/2024,2024-09-19,D+2,2024-09-21,2024-09-21,0.566,
19/09/2024,2024-09-19,D+3,2024-09-22,2024-09-22,0.546,
19/09/2024,2024-09-19,W,2025-10-01,2026-03-31,-0.444,
19/09/2024,2024-09-19,BoM,2024-09-20,2024-09-30,0.627,
19/09/2024,2024-09-19,M+1,2024-10-01,2024-10-31,0.075,
19/09/2024,2024-09-19,M+2,2024-11-01,2024-11-30,-0.275,
19/09/2024,2024-09-19,M+3,2024-12-01,2024-12-31,0.136,
19/09/2024,2024-09-19,Q+1,2024-10-01,2024-12-31,-0.183,
19/09/2024,2024-09-19,Q+2,2025-01-01,2025-03-31,-0.109,
19/09/2024,2024-09-19,Q+3,2025-04-01,2025-06-30,-0.084,
19/09/2024,2024-09-19,Q+4,2025-07-01,2025-09-30,-0.057,
19/09/2024,2024-09-19,S,2025-04-01,2025-09-30,-0.041,
19/09/2024,2024-09-19,Y+1,2025-01-01,2025-12-31,-0.475,
19/09/2024,2024-09-19,Y+2,2026-01-01,2026-12-31,-0.4,
20/09/2024,2024-09-20,D+1,2024-09-21,2024-09-21,0.517,34.62
20/09/2024,2024-09-20,D+2,2024-09-22,2024-09-22,0.501,
20/09/2024,2024-09-20,D+3,2024-09-23,2024-09-23,0.485,
20/09/2024,2024-09-20,W,2025-10-01,2026-03-31,-0.202,
20/09/2024,2024-09-20,BoM,2024-09-21,2024-09-30,-0.389,
20/09/2024,2024-09-20,M+1,2024-10-01,2024-10-31,0.125,
20/09/2024,2024-09-20,M+2,2024-11-01,2024-11-30,-0.225,
20/09/2024,2024-09-20,M+3,2024-12-01,2024-12-31,-0.247,
20/09/2024,2024-09-20,Q+1,2024-10-01,2024-12-31,-0.183,
20/09/2024,2024-09-20,Q+2,2025-01-01,2025-03-31,-0.245,
20/09/2024,2024-09-20,Q+3,2025-04-01,2025-06-30,-0.252,
20/09/2024,2024-09-20,Q+4,2025-07-01,2025-09-30,-0.254,
20/09/2024,2024-09-20,S,2025-04-01,2025-09-30,-0.228,
20/09/2024,2024-09-20,Y+1,2025-01-01,2025-12-31,-0.475,
20/09/2024,2024-09-20,Y+2,2026-01-01,2026-12-31,-0.4,
23/09/2024,2024-09-23,D+1,2024-09-24,2024-09-24,0.12,36.31
23/09/2024,2024-09-23,D+2,2024-09-25,2024-09-25,0.123,
23/09/2024,2024-09-23,D+3,2024-09-26,2024-09-26,0.125,
23/09/2024,2024-09-23,W,2025-10-01,2026-03-31,-0.543,
23/09/2024,2024-09-23,BoM,2024-09-24,2024-09-30,0.123,
23/09/2024,2024-09-23,M+1,2024-10-01,2024-10-31,0.175,
23/09/2024,2024-09-23,M+2,2024-11-01,2024-11-30,-0.075,
23/09/2024,2024-09-23,M+3,2024-12-01,2024-12-31,-0.551,
23/09/2024,2024-09-23,Q+1,2024-10-01,2024-12-31,-0.045,
23/09/2024,2024-09-23,Q+2,2025-01-01,2025-03-31,-0.276,
23/09/2024,2024-09-23,Q+3,2025-04-01,2025-06-30,-0.507,
23/09/2024,2024-09-23,Q+4,2025-07-01,2025-09-30,-0.47,
23/09/2024,2024-09-23,S,2025-04-01,2025-09-30,-0.473,
23/09/2024,2024-09-23,Y+1,2025-01-01,2025-12-31,-0.425,
23/09/2024,2024-09-23,Y+2,2026-01-01,2026-12-31,-0.4,
24/09/2024,2024-09-24,D+1,2024-09-25,2024-09-25,-0.331,36.14
24/09/2024,2024-09-24,D+2,2024-09-26,2024-09-26,-0.306,
24/09/2024,2024-09-24,D+3,2024-09-27,2024-09-27,-0.282,
24/09/2024,2024-09-24,W,2025-10-01,2026-03-31,-0.23,
24/09/2024,2024-09-24,BoM,2024-09-25,2024-09-30,-0.276,
24/09/2024,2024-09-24,M+1,2024-10-01,2024-10-31,0.175,
24/09/2024,2024-09-24,M+2,2024-11-01,2024-11-30,-0.1,
24/09/2024,2024-09-24,M+3,2024-12-01,2024-12-31,-0.268,
24/09/2024,2024-09-24,Q+1,2024-10-01,2024-12-31,-0.112,
24/09/2024,2024-09-24,Q+2,2025-01-01,2025-03-31,-0.304,
24/09/2024,2024-09-24,Q+3,2025-04-01,2025-06-30,-0.135,
24/09/2024,2024-09-24,Q+4,2025-07-01,2025-09-30,-0.26,
24/09/2024,2024-09-24,S,2025-04-01,2025-09-30,-0.183,
24/09/2024,2024-09-24,Y+1,2025-01-01,2025-12-31,-0.425,
24/09/2024,2024-09-24,Y+2,2026-01-01,2026-12-31,-0.4,
25/09/2024,2024-09-25,D+1,2024-09-26,2024-09-26,0.057,37.46
25/09/2024,2024-09-25,D+2,2024-09-27,2024-09-27,0.063,
25/09/2024,2024-09-25,D+3,2024-09-28,2024-09-28,0.069,
25/09/2024,2024-09-25,W,2025-10-01,2026-03-31,-0.46,
25/09/2024,2024-09-25,BoM,2024-09-26,2024-09-30,0.054,
25/09/2024,2024-09-25,M+1,2024-10-01,2024-10-31,0.175,
25/09/2024,2024-09-25,M+2,2024-11-01,2024-11-30,-0.125,
25/09/2024,2024-09-25,M+3,2024-12-01,2024-12-31,-0.251,
25/09/2024,2024-09-25,Q+1,2024-10-01,2024-12-31,-0.025,
25/09/2024,2024-09-25,Q+2,2025-01-01,2025-03-31,-0.329,
25/09/2024,2024-09-25,Q+3,2025-04-01,2025-06-30,-0.508,
25/09/2024,2024-09-25,Q+4,2025-07-01,2025-09-30,-0.517,
25/09/2024,2024-09-25,S,2025-04-01,2025-09-30,-0.478,
25/09/2024,2024-09-25,Y+1,2025-01-01,2025-12-31,-0.425,
25/09/2024,2024-09-25,Y+2,2026-01-01,2026-12-31,-0.4,
26/09/2024,2024-09-26,D+1,2024-09-27,2024-09-27,0.181,37.89
26/09/2024,2024-09-26,D+2,2024-09-28,2024-09-28,0.175,
26/09/2024,2024-09-26,D+3,2024-09-29,2024-09-29,0.17,
26/09/2024,2024-09-26,W,2025-10-01,2026-03-31,-0.429,
26/09/2024,2024-09-26,BoM,2024-09-27,2024-09-30,0.173,
26/09/2024,2024-09-26,M+1,2024-10-01,2024-10-31,0.075,
26/09/2024,2024-09-26,M+2,2024-11-01,2024-11-30,-0.15,
26/09/2024,2024-09-26,M+3,2024-12-01,2024-12-31,-0.08,
26/09/2024,2024-09-26,Q+1,2024-10-01,2024-12-31,-0.075,
26/09/2024,2024-09-26,Q+2,2025-01-01,2025-03-31,-0.2,
26/09/2024,2024-09-26,Q+3,2025-04-01,2025-06-30,-0.419,
26/09/2024,2024-09-26,Q+4,2025-07-01,2025-09-30,-0.428,
26/09/2024,2024-09-26,S,2025-04-01,2025-09-30,-0.427,
26/09/2024,2024-09-26,Y+1,2025-01-01,2025-12-31,-0.45,
26/09/2024,2024-09-26,Y+2,2026-01-01,2026-12-31,-0.4,
27/09/2024,2024-09-27,D+1,2024-09-28,2024-09-28,-0.492,38.5
27/09/2024,2024-09-27,D+2,2024-09-29,2024-09-29,-0.459,
27/09/2024,2024-09-27,D+3,2024-09-30,2024-09-30,-0.427,
27/09/2024,2024-09-27,W,2025-10-01,2026-03-31,-0.92,
27/09/2024,2024-09-27,M+1,2024-10-01,2024-10-31,0.075,
27/09/2024,2024-09-27,M+2,2024-11-01,2024-11-30,-0.125,
27/09/2024,2024-09-27,M+3,2024-12-01,2024-12-31,-0.465,
27/09/2024,2024-09-27,Q+1,2024-10-01,2024-12-31,-0.067,
27/09/2024,2024-09-27,Q+2,2025-01-01,2025-03-31,-0.714,
27/09/2024,2024-09-27,Q+3,2025-04-01,2025-06-30,-0.897,
27/09/2024,2024-09-27,Q+4,2025-07-01,2025-09-30,-0.892,
27/09/2024,2024-09-27,S,2025-04-01,2025-09-30,-0.903,
27/09/2024,2024-09-27,Y+1,2025-01-01,2025-12-31,-0.45,
27/09/2024,2024-09-27,Y+2,2026-01-01,2026-12-31,-0.4,
30/09/2024,2024-09-30,D+1,2024-10-01,2024-10-01,0.125,38.82
30/09/2024,2024-09-30,D+2,2024-10-02,2024-10-02,0.123,
30/09/2024,2024-09-30,D+3,2024-10-03,2024-10-03,0.122,
30/09/2024,2024-09-30,W,2025-10-01,2026-03-31,-0.95,
30/09/2024,2024-09-30,M+1,2024-10-01,2024-10-31,0.1,
30/09/2024,2024-09-30,M+2,2024-11-01,2024-11-30,-0.125,
30/09/2024,2024-09-30,M+3,2024-12-01,2024-12-31,-0.279,
30/09/2024,2024-09-30,Q+2,2025-01-01,2025-03-31,-0.25,
30/09/2024,2024-09-30,Q+3,2025-04-01,2025-06-30,-0.178,
30/09/2024,2024-09-30,Q+4,2025-07-01,2025-09-30,-0.14,
30/09/2024,2024-09-30,S,2025-04-01,2025-09-30,-0.35,
30/09/2024,2024-09-30,Y+1,2025-01-01,2025-12-31,-0.435,
30/09/2024,2024-09-30,Y+2,2026-01-01,2026-12-31,-0.4,
01/10/2024,2024-10-01,D+1,2024-10-02,2024-10-02,0.367,38.99
01/10/2024,2024-10-01,D+2,2024-10-03,2024-10-03,0.354,
01/10/2024,2024-10-01,D+3,2024-10-04,2024-10-04,0.341,
01/10/2024,2024-10-01,W,2025-10-01,2026-03-31,-0.348,
01/10/2024,2024-10-01,BoM,2024-10-02,2024-10-31,0.087,
01/10/2024,2024-10-01,M+1,2024-11-01,2024-11-30,-0.2,
01/10/2024,2024-10-01,M+2,2024-12-01,2024-12-31,-0.225,
01/10/2024,2024-10-01,M+3,2025-01-01,2025-01-31,-0.303,
01/10/2024,2024-10-01,Q+1,2025-01-01,2025-03-31,-0.325,
01/10/2024,2024-10-01,Q+2,2025-04-01,2025-06-30,-0.381,
01/10/2024,2024-10-01,Q+3,2025-07-01,2025-09-30,-0.349,
01/10/2024,2024-10-01,Q+4,2025-10-01,2025-12-31,-0.354,
01/10/2024,2024-10-01,S,2026-04-01,2026-09-30,-0.128,
01/10/2024,2024-10-01,Y+1,2025-01-01,2025-12-31,-0.4,
01/10/2024,2024-10-01,Y+2,2026-01-01,2026-12-31,-0.4,
02/10/2024,2024-10-02,D+1,2024-10-03,2024-10-03,0.157,38.48
02/10/2024,2024-10-02,D+2,2024-10-04,2024-10-04,0.146,
02/10/2024,2024-10-02,D+3,2024-10-05,2024-10-05,0.136,
02/10/2024,2024-10-02,W,2025-10-01,2026-03-31,-0.719,
02/10/2024,2024-10-02,BoM,2024-10-03,2024-10-31,-0.023,
02/10/2024,2024-10-02,M+1,2024-11-01,2024-11-30,-0.3,
02/10/2024,2024-10-02,M+2,2024-12-01,2024-12-31,-0.338,
02/10/2024,2024-10-02,M+3,2025-01-01,2025-01-31,-0.16,
02/10/2024,2024-10-02,Q+1,2025-01-01,2025-03-31,-0.325,
02/10/2024,2024-10-02,Q+2,2025-04-01,2025-06-30,-0.276,
02/10/2024,2024-10-02,Q+3,2025-07-01,2025-09-30,-0.31,
02/10/2024,2024-10-02,Q+4,2025-10-01,2025-12-31,-0.674,
02/10/2024,2024-10-02,S,2026-04-01,2026-09-30,-0.627,
02/10/2024,2024-10-02,Y+1,2025-01-01,2025-12-31,-0.462,
02/10/2024,2024-10-02,Y+2,2026-01-01,2026-12-31,-0.4,
03/10/2024,2024-10-03,D+1,2024-10-04,2024-10-04,-0.146,39.64
03/10/2024,2024-10-03,D+2,2024-10-05,2024-10-05,-0.152,
03/10/2024,2024-10-03,D+3,2024-10-06,2024-10-06,-0.158,
03/10/2024,2024-10-03,W,2025-10-01,2026-03-31,-0.721,
03/10/2024,2024-10-03,BoM,2024-10-04,2024-10-31,-0.181,
03/10/2024,2024-10-03,M+1,2024-11-01,2024-11-30,-0.4,
03/10/2024,2024-10-03,M+2,2024-12-01,2024-12-31,-0.5,
03/10/2024,2024-10-03,M+3,2025-01-01,2025-01-31,-0.299,
03/10/2024,2024-10-03,Q+1,2025-01-01,2025-03-31,-0.375,
03/10/2024,2024-10-03,Q+2,2025-04-01,2025-06-30,-0.44,
03/10/2024,2024-10-03,Q+3,2025-07-01,2025-09-30,-0.455,
03/10/2024,2024-10-03,Q+4,2025-10-01,2025-12-31,-0.731,
03/10/2024,2024-10-03,S,2026-04-01,2026-09-30,-0.661,
03/10/2024,2024-10-03,Y+1,2025-01-01,2025-12-31,-0.462,
03/10/2024,2024-10-03,Y+2,2026-01-01,2026-12-31,-0.4,
04/10/2024,2024-10-04,D+1,2024-10-05,2024-10-05,0.045,40.66
04/10/2024,2024-10-04,D+2,2024-10-06,2024-10-06,0.031,
04/10/2024,2024-10-04,D+3,2024-10-07,2024-10-07,0.017,
04/10/2024,2024-10-04,W,2025-10-01,2026-03-31,-0.659,
04/10/2024,2024-10-04,BoM,2024-10-05,2024-10-31,-0.164,
04/10/2024,2024-10-04,M+1,2024-11-01,2024-11-30,-0.525,
04/10/2024,2024-10-04,M+2,2024-12-01,2024-12-31,-0.487,
04/10/2024,2024-10-04,M+3,2025-01-01,2025-01-31,-0.472,
04/10/2024,2024-10-04,Q+1,2025-01-01,2025-03-31,-0.375,
04/10/2024,2024-10-04,Q+2,2025-04-01,2025-06-30,-0.676,
04/10/2024,2024-10-04,Q+3,2025-07-01,2025-09-30,-0.68,
04/10/2024,2024-10-04,Q+4,2025-10-01,2025-12-31,-0.643,
04/10/2024,2024-10-04,S,2026-04-01,2026-09-30,-0.329,
04/10/2024,2024-10-04,Y+1,2025-01-01,2025-12-31,-0.481,
04/10/2024,2024-10-04,Y+2,2026-01-01,2026-12-31,-0.4,
07/10/2024,2024-10-07,D+1,2024-10-08,2024-10-08,0.262,40.04
07/10/2024,2024-10-07,D+2,2024-10-09,2024-10-09,0.244,
07/10/2024,2024-10-07,D+3,2024-10-10,2024-10-10,0.226,
07/10/2024,2024-10-07,W,2025-10-01,2026-03-31,-0.431,
07/10/2024,2024-10-07,BoM,2024-10-08,2024-10-31,0.067,
07/10/2024,2024-10-07,M+1,2024-11-01,2024-11-30,-0.425,
07/10/2024,2024-10-07,M+2,2024-12-01,2024-12-31,-0.45,
07/10/2024,2024-10-07,M+3,2025-01-01,2025-01-31,-0.279,
07/10/2024,2024-10-07,Q+1,2025-01-01,2025-03-31,-0.412,
07/10/2024,2024-10-07,Q+2,2025-04-01,2025-06-30,-0.404,
07/10/2024,2024-10-07,Q+3,2025-07-01,2025-09-30,-0.365,
07/10/2024,2024-10-07,Q+4,2025-10-01,2025-12-31,-0.452,
07/10/2024,2024-10-07,S,2026-04-01,2026-09-30,-0.302,
07/10/2024,2024-10-07,Y+1,2025-01-01,2025-12-31,-0.475,
07/10/2024,2024-10-07,Y+2,2026-01-01,2026-12-31,-0.4,
08/10/2024,2024-10-08,D+1,2024-10-09,2024-10-09,0.446,38.14
08/10/2024,2024-10-08,D+2,2024-10-10,2024-10-10,0.422,
08/10/2024,2024-10-08,D+3,2024-10-11,2024-10-11,0.398,
08/10/2024,2024-10-08,W,2025-10-01,2026-03-31,-0.741,
08/10/2024,2024-10-08,BoM,2024-10-09,2024-10-31,0.186,
08/10/2024,2024-10-08,M+1,2024-11-01,2024-11-30,-0.45,
08/10/2024,2024-10-08,M+2,2024-12-01,2024-12-31,-0.425,
08/10/2024,2024-10-08,M+3,2025-01-01,2025-01-31,-0.073,
08/10/2024,2024-10-08,Q+1,2025-01-01,2025-03-31,-0.412,
08/10/2024,2024-10-08,Q+2,2025-04-01,2025-06-30,-0.4,
08/10/2024,2024-10-08,Q+3,2025-07-01,2025-09-30,-0.367,
08/10/2024,2024-10-08,Q+4,2025-10-01,2025-12-31,-0.722,
08/10/2024,2024-10-08,S,2026-04-01,2026-09-30,-0.633,
08/10/2024,2024-10-08,Y+1,2025-01-01,2025-12-31,-0.487,
08/10/2024,2024-10-08,Y+2,2026-01-01,2026-12-31,-0.4,
09/10/2024,2024-10-09,D+1,2024-10-10,2024-10-10,0.297,37.82
09/10/2024,2024-10-09,D+2,2024-10-11,2024-10-11,0.277,
09/10/2024,2024-10-09,D+3,2024-10-12,2024-10-12,0.257,
09/10/2024,2024-10-09,W,2025-10-01,2026-03-31,-0.191,
09/10/2024,2024-10-09,BoM,2024-10-10,2024-10-31,0.122,
09/10/2024,2024-10-09,M+1,2024-11-01,2024-11-30,-0.425,
09/10/2024,2024-10-09,M+2,2024-12-01,2024-12-31,-0.425,
09/10/2024,2024-10-09,M+3,2025-01-01,2025-01-31,-0.201,
09/10/2024,2024-10-09,Q+1,2025-01-01,2025-03-31,-0.412,
09/10/2024,2024-10-09,Q+2,2025-04-01,2025-06-30,-0.312,
09/10/2024,2024-10-09,Q+3,2025-07-01,2025-09-30,-0.342,
09/10/2024,2024-10-09,Q+4,2025-10-01,2025-12-31,-0.069,
09/10/2024,2024-10-09,S,2026-04-01,2026-09-30,-0.064,
09/10/2024,2024-10-09,Y+1,2025-01-01,2025-12-31,-0.512,
09/10/2024,2024-10-09,Y+2,2026-01-01,2026-12-31,-0.4,
10/10/2024,2024-10-10,D+1,2024-10-11,2024-10-11,0.064,39.73
10/10/2024,2024-10-10,D+2,2024-10-12,2024-10-12,0.05,
10/10/2024,2024-10-10,D+3,2024-10-13,2024-10-13,0.036,
10/10/2024,2024-10-10,W,2025-10-01,2026-03-31,-0.821,
10/10/2024,2024-10-10,BoM,2024-10-11,2024-10-31,-0.083,
10/10/2024,2024-10-10,M+1,2024-11-01,2024-11-30,-0.425,
10/10/2024,2024-10-10,M+2,2024-12-01,2024-12-31,-0.425,
10/10/2024,2024-10-10,M+3,2025-01-01,2025-01-31,-0.584,
10/10/2024,2024-10-10,Q+1,2025-01-01,2025-03-31,-0.438,
10/10/2024,2024-10-10,Q+2,2025-04-01,2025-06-30,-0.609,
10/10/2024,2024-10-10,Q+3,2025-07-01,2025-09-30,-0.609,
10/10/2024,2024-10-10,Q+4,2025-10-01,2025-12-31,-0.753,
10/10/2024,2024-10-10,S,2026-04-01,2026-09-30,-0.636,
10/10/2024,2024-10-10,Y+1,2025-01-01,2025-12-31,-0.537,
10/10/2024,2024-10-10,Y+2,2026-01-01,2026-12-31,-0.4,
11/10/2024,2024-10-11,D+1,2024-10-12,2024-10-12,-0.308,39.48
11/10/2024,2024-10-11,D+2,2024-10-13,2024-10-13,-0.312,
11/10/2024,2024-10-11,D+3,2024-10-14,2024-10-14,-0.315,
11/10/2024,2024-10-11,W,2025-10-01,2026-03-31,-0.812,
11/10/2024,2024-10-11,BoM,2024-10-12,2024-10-31,-0.323,
11/10/2024,2024-10-11,M+1,2024-11-01,2024-11-30,-0.425,
11/10/2024,2024-10-11,M+2,2024-12-01,2024-12-31,-0.425,
11/10/2024,2024-10-11,M+3,2025-01-01,2025-01-31,-0.609,
11/10/2024,2024-10-11,Q+1,2025-01-01,2025-03-31,-0.475,
11/10/2024,2024-10-11,Q+2,2025-04-01,2025-06-30,-0.082,
11/10/2024,2024-10-11,Q+3,2025-07-01,2025-09-30,-0.977,
11/10/2024,2024-10-11,Q+4,2025-10-01,2025-12-31,-0.76,
11/10/2024,2024-10-11,S,2026-04-01,2026-09-30,-0.759,
11/10/2024,2024-10-11,Y+1,2025-01-01,2025-12-31,-0.512,
11/10/2024,2024-10-11,Y+2,2026-01-01,2026-12-31,-0.4,
14/10/2024,2024-10-14,D+1,2024-10-15,2024-10-15,0.021,39.91
14/10/2024,2024-10-14,D+2,2024-10-16,2024-10-16,0.006,
14/10/2024,2024-10-14,D+3,2024-10-17,2024-10-17,-0.009,
14/10/2024,2024-10-14,W,2025-10-01,2026-03-31,-0.669,
14/10/2024,2024-10-14,BoM,2024-10-15,2024-10-31,-0.112,
14/10/2024,2024-10-14,M+1,2024-11-01,2024-11-30,-0.45,
14/10/2024,2024-10-14,M+2,2024-12-01,2024-12-31,-0.5,
14/10/2024,2024-10-14,M+3,2025-01-01,2025-01-31,-0.327,
14/10/2024,2024-10-14,Q+1,2025-01-01,2025-03-31,-0.5,
14/10/2024,2024-10-14,Q+2,2025-04-01,2025-06-30,-0.718,
14/10/2024,2024-10-14,Q+3,2025-07-01,2025-09-30,-0.697,
14/10/2024,2024-10-14,Q+4,2025-10-01,2025-12-31,-0.71,
14/10/2024,2024-10-14,S,2026-04-01,2026-09-30,-0.545,
14/10/2024,2024-10-14,Y+1,2025-01-01,2025-12-31,-0.537,
14/10/2024,2024-10-14,Y+2,2026-01-01,2026-12-31,-0.4,
15/10/2024,2024-10-15,D+1,2024-10-16,2024-10-16,0.181,39.3
15/10/2024,2024-10-15,D+2,2024-10-17,2024-10-17,0.159,
15/10/2024,2024-10-15,D+3,2024-10-18,2024-10-18,0.137,
15/10/2024,2024-10-15,W,2025-10-01,2026-03-31,-0.337,
15/10/2024,2024-10-15,BoM,2024-10-16,2024-10-31,0.022,
15/10/2024,2024-10-15,M+1,2024-11-01,2024-11-30,-0.475,
15/10/2024,2024-10-15,M+2,2024-12-01,2024-12-31,-0.525,
15/10/2024,2024-10-15,M+3,2025-01-01,2025-01-31,-0.504,
15/10/2024,2024-10-15,Q+1,2025-01-01,2025-03-31,-0.562,
15/10/2024,2024-10-15,Q+2,2025-04-01,2025-06-30,-1.044,
15/10/2024,2024-10-15,Q+3,2025-07-01,2025-09-30,-0.354,
15/10/2024,2024-10-15,Q+4,2025-10-01,2025-12-31,-0.337,
15/10/2024,2024-10-15,S,2026-04-01,2026-09-30,-0.313,
15/10/2024,2024-10-15,Y+1,2025-01-01,2025-12-31,-0.534,
15/10/2024,2024-10-15,Y+2,2026-01-01,2026-12-31,-0.4,
16/10/2024,2024-10-16,D+1,2024-10-17,2024-10-17,0.292,38.63
16/10/2024,2024-10-16,D+2,2024-10-18,2024-10-18,0.269,
16/10/2024,2024-10-16,D+3,2024-10-19,2024-10-19,0.246,
16/10/2024,2024-10-16,W,2025-10-01,2026-03-31,-0.98,
16/10/2024,2024-10-16,BoM,2024-10-17,2024-10-31,0.142,
16/10/2024,2024-10-16,M+1,2024-11-01,2024-11-30,-0.375,
16/10/2024,2024-10-16,M+2,2024-12-01,2024-12-31,-0.587,
16/10/2024,2024-10-16,M+3,2025-01-01,2025-01-31,-0.198,
16/10/2024,2024-10-16,Q+1,2025-01-01,2025-03-31,-0.55,
16/10/2024,2024-10-16,Q+2,2025-04-01,2025-06-30,-0.337,
16/10/2024,2024-10-16,Q+3,2025-07-01,2025-09-30,-0.377,
16/10/2024,2024-10-16,Q+4,2025-10-01,2025-12-31,-1.025,
16/10/2024,2024-10-16,S,2026-04-01,2026-09-30,-0.773,
16/10/2024,2024-10-16,Y+1,2025-01-01,2025-12-31,-0.537,
16/10/2024,2024-10-16,Y+2,2026-01-01,2026-12-31,-0.4,
17/10/2024,2024-10-17,D+1,2024-10-18,2024-10-18,0.113,39.26
17/10/2024,2024-10-17,D+2,2024-10-19,2024-10-19,0.093,
17/10/2024,2024-10-17,D+3,2024-10-20,2024-10-20,0.073,
17/10/2024,2024-10-17,W,2025-10-01,2026-03-31,-1.269,
17/10/2024,2024-10-17,BoM,2024-10-18,2024-10-31,-0.016,
17/10/2024,2024-10-17,M+1,2024-11-01,2024-11-30,-0.25,
17/10/2024,2024-10-17,M+2,2024-12-01,2024-12-31,-0.575,
17/10/2024,2024-10-17,M+3,2025-01-01,2025-01-31,-0.806,
17/10/2024,2024-10-17,Q+1,2025-01-01,2025-03-31,-0.55,
17/10/2024,2024-10-17,Q+2,2025-04-01,2025-06-30,-0.561,
17/10/2024,2024-10-17,Q+3,2025-07-01,2025-09-30,-0.536,
17/10/2024,2024-10-17,Q+4,2025-10-01,2025-12-31,-1.243,
17/10/2024,2024-10-17,S,2026-04-01,2026-09-30,-1.012,
17/10/2024,2024-10-17,Y+1,2025-01-01,2025-12-31,-0.537,
17/10/2024,2024-10-17,Y+2,2026-01-01,2026-12-31,-0.4,
18/10/2024,2024-10-18,D+1,2024-10-19,2024-10-19,0.275,38.5
18/10/2024,2024-10-18,D+2,2024-10-20,2024-10-20,0.249,
18/10/2024,2024-10-18,D+3,2024-10-21,2024-10-21,0.223,
18/10/2024,2024-10-18,W,2025-10-01,2026-03-31,-1.368,
18/10/2024,2024-10-18,BoM,2024-10-19,2024-10-31,0.135,
18/10/2024,2024-10-18,M+1,2024-11-01,2024-11-30,-0.425,
18/10/2024,2024-10-18,M+2,2024-12-01,2024-12-31,-0.45,
18/10/2024,2024-10-18,M+3,2025-01-01,2025-01-31,-0.394,
18/10/2024,2024-10-18,Q+1,2025-01-01,2025-03-31,-0.525,
18/10/2024,2024-10-18,Q+2,2025-04-01,2025-06-30,-0.634,
18/10/2024,2024-10-18,Q+3,2025-07-01,2025-09-30,-0.292,
18/10/2024,2024-10-18,Q+4,2025-10-01,2025-12-31,-1.392,
18/10/2024,2024-10-18,S,2026-04-01,2026-09-30,-1.251,
18/10/2024,2024-10-18,Y+1,2025-01-01,2025-12-31,-0.537,
18/10/2024,2024-10-18,Y+2,2026-01-01,2026-12-31,-0.4,
21/10/2024,2024-10-21,D+1,2024-10-22,2024-10-22,-0.126,39.74
21/10/2024,2024-10-21,D+2,2024-10-23,2024-10-23,-0.138,
21/10/2024,2024-10-21,D+3,2024-10-24,2024-10-24,-0.151,
21/10/2024,2024-10-21,W,2025-10-01,2026-03-31,-1.207,
21/10/2024,2024-10-21,BoM,2024-10-22,2024-10-31,-0.362,
21/10/2024,2024-10-21,M+1,2024-11-01,2024-11-30,-0.425,
21/10/2024,2024-10-21,M+2,2024-12-01,2024-12-31,-0.45,
21/10/2024,2024-10-21,M+3,2025-01-01,2025-01-31,-0.506,
21/10/2024,2024-10-21,Q+1,2025-01-01,2025-03-31,-0.525,
21/10/2024,2024-10-21,Q+2,2025-04-01,2025-06-30,-0.456,
21/10/2024,2024-10-21,Q+3,2025-07-01,2025-09-30,-0.485,
21/10/2024,2024-10-21,Q+4,2025-10-01,2025-12-31,-1.195,
21/10/2024,2024-10-21,S,2026-04-01,2026-09-30,-1.023,
21/10/2024,2024-10-21,Y+1,2025-01-01,2025-12-31,-0.512,
21/10/2024,2024-10-21,Y+2,2026-01-01,2026-12-31,-0.4,
22/10/2024,2024-10-22,D+1,2024-10-23,2024-10-23,-0.425,40.84
22/10/2024,2024-10-22,D+2,2024-10-24,2024-10-24,-0.427,
22/10/2024,2024-10-22,D+3,2024-10-25,2024-10-25,-0.429,
22/10/2024,2024-10-22,W,2025-10-01,2026-03-31,-1.004,
22/10/2024,2024-10-22,BoM,2024-10-23,2024-10-31,-1.416,
22/10/2024,2024-10-22,M+1,2024-11-01,2024-11-30,-0.475,
22/10/2024,2024-10-22,M+2,2024-12-01,2024-12-31,-0.475,
22/10/2024,2024-10-22,M+3,2025-01-01,2025-01-31,-0.412,
22/10/2024,2024-10-22,Q+1,2025-01-01,2025-03-31,-0.5,
22/10/2024,2024-10-22,Q+2,2025-04-01,2025-06-30,-0.48,
22/10/2024,2024-10-22,Q+3,2025-07-01,2025-09-30,-0.456,
22/10/2024,2024-10-22,Q+4,2025-10-01,2025-12-31,-0.997,
22/10/2024,2024-10-22,S,2026-04-01,2026-09-30,-0.86,
22/10/2024,2024-10-22,Y+1,2025-01-01,2025-12-31,-0.537,
22/10/2024,2024-10-22,Y+2,2026-01-01,2026-12-31,-0.4,
23/10/2024,2024-10-23,D+1,2024-10-24,2024-10-24,-0.137,41.3
23/10/2024,2024-10-23,D+2,2024-10-25,2024-10-25,-0.152,
23/10/2024,2024-10-23,D+3,2024-10-26,2024-10-26,-0.168,
23/10/2024,2024-10-23,W,2025-10-01,2026-03-31,-0.614,
23/10/2024,2024-10-23,BoM,2024-10-24,2024-10-31,-0.166,
23/10/2024,2024-10-23,M+1,2024-11-01,2024-11-30,-0.475,
23/10/2024,2024-10-23,M+2,2024-12-01,2024-12-31,-0.475,
23/10/2024,2024-10-23,M+3,2025-01-01,2025-01-31,-0.383,
23/10/2024,2024-10-23,Q+1,2025-01-01,2025-03-31,-0.475,
23/10/2024,2024-10-23,Q+2,2025-04-01,2025-06-30,-0.372,
23/10/2024,2024-10-23,Q+3,2025-07-01,2025-09-30,-0.376,
23/10/2024,2024-10-23,Q+4,2025-10-01,2025-12-31,-0.582,
23/10/2024,2024-10-23,S,2026-04-01,2026-09-30,-0.539,
23/10/2024,2024-10-23,Y+1,2025-01-01,2025-12-31,-0.512,
23/10/2024,2024-10-23,Y+2,2026-01-01,2026-12-31,-0.4,
24/10/2024,2024-10-24,D+1,2024-10-25,2024-10-25,0.116,41.95
24/10/2024,2024-10-24,D+2,2024-10-26,2024-10-26,0.088,
24/10/2024,2024-10-24,D+3,2024-10-27,2024-10-27,0.06,
24/10/2024,2024-10-24,W,2025-10-01,2026-03-31,-0.63,
24/10/2024,2024-10-24,BoM,2024-10-25,2024-10-31,0.071,
24/10/2024,2024-10-24,M+1,2024-11-01,2024-11-30,-0.475,
24/10/2024,2024-10-24,M+2,2024-12-01,2024-12-31,-0.45,
24/10/2024,2024-10-24,M+3,2025-01-01,2025-01-31,-0.329,
24/10/2024,2024-10-24,Q+1,2025-01-01,2025-03-31,-0.5,
24/10/2024,2024-10-24,Q+2,2025-04-01,2025-06-30,-0.381,
24/10/2024,2024-10-24,Q+3,2025-07-01,2025-09-30,-0.376,
24/10/2024,2024-10-24,Q+4,2025-10-01,2025-12-31,-0.642,
24/10/2024,2024-10-24,S,2026-04-01,2026-09-30,-0.495,
24/10/2024,2024-10-24,Y+1,2025-01-01,2025-12-31,-0.5,
24/10/2024,2024-10-24,Y+2,2026-01-01,2026-12-31,-0.4,
25/10/2024,2024-10-25,D+1,2024-10-26,2024-10-26,0.205,43.24
25/10/2024,2024-10-25,D+2,2024-10-27,2024-10-27,0.176,
25/10/2024,2024-10-25,D+3,2024-10-28,2024-10-28,0.147,
25/10/2024,2024-10-25,W,2025-10-01,2026-03-31,-0.76,
25/10/2024,2024-10-25,BoM,2024-10-26,2024-10-31,0.147,
25/10/2024,2024-10-25,M+1,2024-11-01,2024-11-30,-0.375,
25/10/2024,2024-10-25,M+2,2024-12-01,2024-12-31,-0.45,
25/10/2024,2024-10-25,M+3,2025-01-01,2025-01-31,-0.495,
25/10/2024,2024-10-25,Q+1,2025-01-01,2025-03-31,-0.45,
25/10/2024,2024-10-25,Q+2,2025-04-01,2025-06-30,-0.503,
25/10/2024,2024-10-25,Q+3,2025-07-01,2025-09-30,-0.482,
25/10/2024,2024-10-25,Q+4,2025-10-01,2025-12-31,-0.717,
25/10/2024,2024-10-25,S,2026-04-01,2026-09-30,-0.585,
25/10/2024,2024-10-25,Y+1,2025-01-01,2025-12-31,-0.525,
25/10/2024,2024-10-25,Y+2,2026-01-01,2026-12-31,-0.4,
28/10/2024,2024-10-28,D+1,2024-10-29,2024-10-29,0.558,42.24
28/10/2024,2024-10-28,D+2,2024-10-30,2024-10-30,0.506,
28/10/2024,2024-10-28,D+3,2024-10-31,2024-10-31,0.454,
28/10/2024,2024-10-28,W,2025-10-01,2026-03-31,-1.001,
28/10/2024,2024-10-28,M+1,2024-11-01,2024-11-30,-0.325,
28/10/2024,2024-10-28,M+2,2024-12-01,2024-12-31,-0.425,
28/10/2024,2024-10-28,M+3,2025-01-01,2025-01-31,-0.328,
28/10/2024,2024-10-28,Q+1,2025-01-01,2025-03-31,-0.425,
28/10/2024,2024-10-28,Q+2,2025-04-01,2025-06-30,-0.451,
28/10/2024,2024-10-28,Q+3,2025-07-01,2025-09-30,-0.464,
28/10/2024,2024-10-28,Q+4,2025-10-01,2025-12-31,-1.016,
28/10/2024,2024-10-28,S,2026-04-01,2026-09-30,-0.825,
28/10/2024,2024-10-28,Y+1,2025-01-01,2025-12-31,-0.537,
28/10/2024,2024-10-28,Y+2,2026-01-01,2026-12-31,-0.4,
29/10/2024,2024-10-29,D+1,2024-10-30,2024-10-30,0.737,42.3
29/10/2024,2024-10-29,D+2,2024-10-31,2024-10-31,0.68,
29/10/2024,2024-10-29,D+3,2024-11-01,2024-11-01,0.623,
29/10/2024,2024-10-29,W,2025-10-01,2026-03-31,-0.93,
29/10/2024,2024-10-29,M+1,2024-11-01,2024-11-30,-0.175,
29/10/2024,2024-10-29,M+2,2024-12-01,2024-12-31,-0.325,
29/10/2024,2024-10-29,M+3,2025-01-01,2025-01-31,-0.435,
29/10/2024,2024-10-29,Q+1,2025-01-01,2025-03-31,-0.375,
29/10/2024,2024-10-29,Q+2,2025-04-01,2025-06-30,-0.543,
29/10/2024,2024-10-29,Q+3,2025-07-01,2025-09-30,-0.537,
29/10/2024,2024-10-29,Q+4,2025-10-01,2025-12-31,-0.949,
29/10/2024,2024-10-29,S,2026-04-01,2026-09-30,-0.722,
29/10/2024,2024-10-29,Y+1,2025-01-01,2025-12-31,-0.537,
29/10/2024,2024-10-29,Y+2,2026-01-01,2026-12-31,-0.4,
30/10/2024,2024-10-30,D+1,2024-10-31,2024-10-31,1.017,40.7
30/10/2024,2024-10-30,D+2,2024-11-01,2024-11-01,0.946,
30/10/2024,2024-10-30,D+3,2024-11-02,2024-11-02,0.875,
30/10/2024,2024-10-30,W,2025-10-01,2026-03-31,-0.938,
30/10/2024,2024-10-30,M+1,2024-11-01,2024-11-30,-0.05,
30/10/2024,2024-10-30,M+2,2024-12-01,2024-12-31,-0.375,
30/10/2024,2024-10-30,M+3,2025-01-01,2025-01-31,-0.376,
30/10/2024,2024-10-30,Q+1,2025-01-01,2025-03-31,-0.35,
30/10/2024,2024-10-30,Q+2,2025-04-01,2025-06-30,-0.504,
30/10/2024,2024-10-30,Q+3,2025-07-01,2025-09-30,-0.506,
30/10/2024,2024-10-30,Q+4,2025-10-01,2025-12-31,-0.952,
30/10/2024,2024-10-30,S,2026-04-01,2026-09-30,-0.763,
30/10/2024,2024-10-30,Y+1,2025-01-01,2025-12-31,-0.537,
30/10/2024,2024-10-30,Y+2,2026-01-01,2026-12-31,-0.4,
31/10/2024,2024-10-31,D+1,2024-11-01,2024-11-01,1.209,39.23
31/10/2024,2024-10-31,D+2,2024-11-02,2024-11-02,1.13,
31/10/2024,2024-10-31,D+3,2024-11-03,2024-11-03,1.051,
31/10/2024,2024-10-31,W,2025-10-01,2026-03-31,-1.204,
31/10/2024,2024-10-31,M+1,2024-11-01,2024-11-30,0.1,
31/10/2024,2024-10-31,M+2,2024-12-01,2024-12-31,-0.25,
31/10/2024,2024-10-31,M+3,2025-01-01,2025-01-31,-0.242,
31/10/2024,2024-10-31,Q+1,2025-01-01,2025-03-31,-0.275,
31/10/2024,2024-10-31,Q+2,2025-04-01,2025-06-30,-0.521,
31/10/2024,2024-10-31,Q+3,2025-07-01,2025-09-30,-0.574,
31/10/2024,2024-10-31,Q+4,2025-10-01,2025-12-31,-1.193,
31/10/2024,2024-10-31,S,2026-04-01,2026-09-30,-0.992,
31/10/2024,2024-10-31,Y+1,2025-01-01,2025-12-31,-0.537,
31/10/2024,2024-10-31,Y+2,2026-01-01,2026-12-31,-0.4,
01/11/2024,2024-11-01,D+1,2024-11-02,2024-11-02,0.75,37.57
01/11/2024,2024-11-01,D+2,2024-11-03,2024-11-03,0.727,
01/11/2024,2024-11-01,D+3,2024-11-04,2024-11-04,0.704,
01/11/2024,2024-11-01,W,2025-10-01,2026-03-31,-0.117,
01/11/2024,2024-11-01,BoM,2024-11-02,2024-11-30,0.504,
01/11/2024,2024-11-01,M+1,2024-12-01,2024-12-31,-0.25,
01/11/2024,2024-11-01,M+2,2025-01-01,2025-01-31,-0.031,
01/11/2024,2024-11-01,M+3,2025-02-01,2025-02-28,-0.074,
01/11/2024,2024-11-01,Q+1,2025-01-01,2025-03-31,-0.275,
01/11/2024,2024-11-01,Q+2,2025-04-01,2025-06-30,-0.101,
01/11/2024,2024-11-01,Q+3,2025-07-01,2025-09-30,-0.107,
01/11/2024,2024-11-01,Q+4,2025-10-01,2025-12-31,-0.11,
01/11/2024,2024-11-01,S,2026-04-01,2026-09-30,-0.146,
01/11/2024,2024-11-01,Y+1,2025-01-01,2025-12-31,-0.525,
01/11/2024,2024-11-01,Y+2,2026-01-01,2026-12-31,-0.4,
04/11/2024,2024-11-04,D+1,2024-11-05,2024-11-05,0.441,39.85
04/11/2024,2024-11-04,D+2,2024-11-06,2024-11-06,0.423,
04/11/2024,2024-11-04,D+3,2024-11-07,2024-11-07,0.406,
04/11/2024,2024-11-04,W,2025-10-01,2026-03-31,-0.333,
04/11/2024,2024-11-04,BoM,2024-11-05,2024-11-30,0.218,
04/11/2024,2024-11-04,M+1,2024-12-01,2024-12-31,-0.275,
04/11/2024,2024-11-04,M+2,2025-01-01,2025-01-31,-0.275,
04/11/2024,2024-11-04,M+3,2025-02-01,2025-02-28,-0.291,
04/11/2024,2024-11-04,Q+1,2025-01-01,2025-03-31,-0.275,
04/11/2024,2024-11-04,Q+2,2025-04-01,2025-06-30,-0.839,
04/11/2024,2024-11-04,Q+3,2025-07-01,2025-09-30,-0.691,
04/11/2024,2024-11-04,Q+4,2025-10-01,2025-12-31,-0.342,
04/11/2024,2024-11-04,S,2026-04-01,2026-09-30,-0.428,
04/11/2024,2024-11-04,Y+1,2025-01-01,2025-12-31,-0.525,
04/11/2024,2024-11-04,Y+2,2026-01-01,2026-12-31,-0.4,
05/11/2024,2024-11-05,D+1,2024-11-06,2024-11-06,0.157,40.34
05/11/2024,2024-11-05,D+2,2024-11-07,2024-11-07,0.148,
05/11/2024,2024-11-05,D+3,2024-11-08,2024-11-08,0.139,
05/11/2024,2024-11-05,W,2025-10-01,2026-03-31,-0.789,
05/11/2024,2024-11-05,BoM,2024-11-06,2024-11-30,0.072,
05/11/2024,2024-11-05,M+1,2024-12-01,2024-12-31,-0.2,
05/11/2024,2024-11-05,M+2,2025-01-01,2025-01-31,-0.188,
05/11/2024,2024-11-05,M+3,2025-02-01,2025-02-28,-0.348,
05/11/2024,2024-11-05,Q+1,2025-01-01,2025-03-31,-0.263,
05/11/2024,2024-11-05,Q+2,2025-04-01,2025-06-30,-0.563,
05/11/2024,2024-11-05,Q+3,2025-07-01,2025-09-30,-0.576,
05/11/2024,2024-11-05,Q+4,2025-10-01,2025-12-31,-0.794,
05/11/2024,2024-11-05,S,2026-04-01,2026-09-30,-0.587,
05/11/2024,2024-11-05,Y+1,2025-01-01,2025-12-31,-0.512,
05/11/2024,2024-11-05,Y+2,2026-01-01,2026-12-31,-0.4,
06/11/2024,2024-11-06,D+1,2024-11-07,2024-11-07,0.111,40.34
06/11/2024,2024-11-06,D+2,2024-11-08,2024-11-08,0.105,
06/11/2024,2024-11-06,D+3,2024-11-09,2024-11-09,0.099,
06/11/2024,2024-11-06,W,2025-10-01,2026-03-31,-0.646,
06/11/2024,2024-11-06,BoM,2024-11-07,2024-11-30,0.077,
06/11/2024,2024-11-06,M+1,2024-12-01,2024-12-31,-0.125,
06/11/2024,2024-11-06,M+2,2025-01-01,2025-01-31,-0.137,
06/11/2024,2024-11-06,M+3,2025-02-01,2025-02-28,-0.281,
06/11/2024,2024-11-06,Q+1,2025-01-01,2025-03-31,-0.162,
06/11/2024,2024-11-06,Q+2,2025-04-01,2025-06-30,-0.763,
06/11/2024,2024-11-06,Q+3,2025-07-01,2025-09-30,-0.679,
06/11/2024,2024-11-06,Q+4,2025-10-01,2025-12-31,-0.565,
06/11/2024,2024-11-06,S,2026-04-01,2026-09-30,-0.587,
06/11/2024,2024-11-06,Y+1,2025-01-01,2025-12-31,-0.509,
06/11/2024,2024-11-06,Y+2,2026-01-01,2026-12-31,-0.4,
07/11/2024,2024-11-07,D+1,2024-11-08,2024-11-08,0.184,41.13
07/11/2024,2024-11-07,D+2,2024-11-09,2024-11-09,0.176,
07/11/2024,2024-11-07,D+3,2024-11-10,2024-11-10,0.168,
07/11/2024,2024-11-07,W,2025-10-01,2026-03-31,-0.012,
07/11/2024,2024-11-07,BoM,2024-11-08,2024-11-30,0.108,
07/11/2024,2024-11-07,M+1,2024-12-01,2024-12-31,-0.125,
07/11/2024,2024-11-07,M+2,2025-01-01,2025-01-31,-0.137,
07/11/2024,2024-11-07,M+3,2025-02-01,2025-02-28,-0.162,
07/11/2024,2024-11-07,Q+1,2025-01-01,2025-03-31,-0.15,
07/11/2024,2024-11-07,Q+2,2025-04-01,2025-06-30,-0.759,
07/11/2024,2024-11-07,Q+3,2025-07-01,2025-09-30,-0.794,
07/11/2024,2024-11-07,Q+4,2025-10-01,2025-12-31,-0.19,
07/11/2024,2024-11-07,S,2026-04-01,2026-09-30,0.007,
07/11/2024,2024-11-07,Y+1,2025-01-01,2025-12-31,-0.487,
07/11/2024,2024-11-07,Y+2,2026-01-01,2026-12-31,-0.4,
08/11/2024,2024-11-08,D+1,2024-11-09,2024-11-09,0.129,41.81
08/11/2024,2024-11-08,D+2,2024-11-10,2024-11-10,0.122,
08/11/2024,2024-11-08,D+3,2024-11-11,2024-11-11,0.115,
08/11/2024,2024-11-08,W,2025-10-01,2026-03-31,-1.116,
08/11/2024,2024-11-08,BoM,2024-11-09,2024-11-30,0.034,
08/11/2024,2024-11-08,M+1,2024-12-01,2024-12-31,-0.125,
08/11/2024,2024-11-08,M+2,2025-01-01,2025-01-31,-0.137,
08/11/2024,2024-11-08,M+3,2025-02-01,2025-02-28,-0.252,
08/11/2024,2024-11-08,Q+1,2025-01-01,2025-03-31,-0.15,
08/11/2024,2024-11-08,Q+2,2025-04-01,2025-06-30,-0.484,
08/11/2024,2024-11-08,Q+3,2025-07-01,2025-09-30,-0.544,
08/11/2024,2024-11-08,Q+4,2025-10-01,2025-12-31,-0.997,
08/11/2024,2024-11-08,S,2026-04-01,2026-09-30,-0.87,
08/11/2024,2024-11-08,Y+1,2025-01-01,2025-12-31,-0.512,
08/11/2024,2024-11-08,Y+2,2026-01-01,2026-12-31,-0.4,
11/11/2024,2024-11-11,D+1,2024-11-12,2024-11-12,-0.315,43.92
11/11/2024,2024-11-11,D+2,2024-11-13,2024-11-13,-0.313,
11/11/2024,2024-11-11,D+3,2024-11-14,2024-11-14,-0.311,
11/11/2024,2024-11-11,W,2025-10-01,2026-03-31,-2.181,
11/11/2024,2024-11-11,BoM,2024-11-12,2024-11-30,-0.36,
11/11/2024,2024-11-11,M+1,2024-12-01,2024-12-31,-0.25,
11/11/2024,2024-11-11,M+2,2025-01-01,2025-01-31,-0.212,
11/11/2024,2024-11-11,M+3,2025-02-01,2025-02-28,-0.592,
11/11/2024,2024-11-11,Q+1,2025-01-01,2025-03-31,-0.225,
11/11/2024,2024-11-11,Q+2,2025-04-01,2025-06-30,-1.235,
11/11/2024,2024-11-11,Q+3,2025-07-01,2025-09-30,-1.232,
11/11/2024,2024-11-11,Q+4,2025-10-01,2025-12-31,-2.195,
11/11/2024,2024-11-11,S,2026-04-01,2026-09-30,-1.852,
11/11/2024,2024-11-11,Y+1,2025-01-01,2025-12-31,-0.625,
11/11/2024,2024-11-11,Y+2,2026-01-01,2026-12-31,-1.916,
12/11/2024,2024-11-12,D+1,2024-11-13,2024-11-13,-0.2,43.93
12/11/2024,2024-11-12,D+2,2024-11-14,2024-11-14,-0.2,
12/11/2024,2024-11-12,D+3,2024-11-15,2024-11-15,-0.2,
12/11/2024,2024-11-12,W,2025-10-01,2026-03-31,-2.181,
12/11/2024,2024-11-12,BoM,2024-11-13,2024-11-30,-0.231,
12/11/2024,2024-11-12,M+1,2024-12-01,2024-12-31,-0.325,
12/11/2024,2024-11-12,M+2,2025-01-01,2025-01-31,-0.275,
12/11/2024,2024-11-12,M+3,2025-02-01,2025-02-28,-0.592,
12/11/2024,2024-11-12,Q+1,2025-01-01,2025-03-31,-0.325,
12/11/2024,2024-11-12,Q+2,2025-04-01,2025-06-30,-1.235,
12/11/2024,2024-11-12,Q+3,2025-07-01,2025-09-30,-1.232,
12/11/2024,2024-11-12,Q+4,2025-10-01,2025-12-31,-2.195,
12/11/2024,2024-11-12,S,2026-04-01,2026-09-30,-1.852,
12/11/2024,2024-11-12,Y+1,2025-01-01,2025-12-31,-0.8,
12/11/2024,2024-11-12,Y+2,2026-01-01,2026-12-31,-1.916,
13/11/2024,2024-11-13,D+1,2024-11-14,2024-11-14,0.177,43.68
13/11/2024,2024-11-13,D+2,2024-11-15,2024-11-15,0.161,
13/11/2024,2024-11-13,D+3,2024-11-16,2024-11-16,0.145,
13/11/2024,2024-11-13,W,2025-10-01,2026-03-31,-0.642,
13/11/2024,2024-11-13,BoM,2024-11-14,2024-11-30,0.064,
13/11/2024,2024-11-13,M+1,2024-12-01,2024-12-31,-0.325,
13/11/2024,2024-11-13,M+2,2025-01-01,2025-01-31,-0.35,
13/11/2024,2024-11-13,M+3,2025-02-01,2025-02-28,-0.234,
13/11/2024,2024-11-13,Q+1,2025-01-01,2025-03-31,-0.375,
13/11/2024,2024-11-13,Q+2,2025-04-01,2025-06-30,-0.662,
13/11/2024,2024-11-13,Q+3,2025-07-01,2025-09-30,-0.63,
13/11/2024,2024-11-13,Q+4,2025-10-01,2025-12-31,-0.669,
13/11/2024,2024-11-13,S,2026-04-01,2026-09-30,-0.564,
13/11/2024,2024-11-13,Y+1,2025-01-01,2025-12-31,-0.775,
13/11/2024,2024-11-13,Y+2,2026-01-01,2026-12-31,-0.614,
14/11/2024,2024-11-14,D+1,2024-11-15,2024-11-15,0.09,45.93
14/11/2024,2024-11-14,D+2,2024-11-16,2024-11-16,0.076,
14/11/2024,2024-11-14,D+3,2024-11-17,2024-11-17,0.063,
14/11/2024,2024-11-14,W,2025-10-01,2026-03-31,-0.945,
14/11/2024,2024-11-14,BoM,2024-11-15,2024-11-30,-0.036,
14/11/2024,2024-11-14,M+1,2024-12-01,2024-12-31,-0.325,
14/11/2024,2024-11-14,M+2,2025-01-01,2025-01-31,-0.413,
14/11/2024,2024-11-14,M+3,2025-02-01,2025-02-28,-1.126,
14/11/2024,2024-11-14,Q+1,2025-01-01,2025-03-31,-0.5,
14/11/2024,2024-11-14,Q+2,2025-04-01,2025-06-30,-1.128,
14/11/2024,2024-11-14,Q+3,2025-07-01,2025-09-30,-1.102,
14/11/2024,2024-11-14,Q+4,2025-10-01,2025-12-31,-0.999,
14/11/2024,2024-11-14,S,2026-04-01,2026-09-30,-0.756,
14/11/2024,2024-11-14,Y+1,2025-01-01,2025-12-31,-0.925,
14/11/2024,2024-11-14,Y+2,2026-01-01,2026-12-31,-0.79,
15/11/2024,2024-11-15,D+1,2024-11-16,2024-11-16,0.167,45.79
15/11/2024,2024-11-15,D+2,2024-11-17,2024-11-17,0.152,
15/11/2024,2024-11-15,D+3,2024-11-18,2024-11-18,0.137,
15/11/2024,2024-11-15,W,2025-10-01,2026-03-31,-0.72,
15/11/2024,2024-11-15,BoM,2024-11-16,2024-11-30,0.071,
15/11/2024,2024-11-15,M+1,2024-12-01,2024-12-31,-0.276,
15/11/2024,2024-11-15,M+2,2025-01-01,2025-01-31,-0.35,
15/11/2024,2024-11-15,M+3,2025-02-01,2025-02-28,-0.416,
15/11/2024,2024-11-15,Q+1,2025-01-01,2025-03-31,-0.4,
15/11/2024,2024-11-15,Q+2,2025-04-01,2025-06-30,-0.096,
15/11/2024,2024-11-15,Q+3,2025-07-01,2025-09-30,-0.138,
15/11/2024,2024-11-15,Q+4,2025-10-01,2025-12-31,-0.71,
15/11/2024,2024-11-15,S,2026-04-01,2026-09-30,-0.616,
15/11/2024,2024-11-15,Y+1,2025-01-01,2025-12-31,-0.962,
15/11/2024,2024-11-15,Y+2,2026-01-01,2026-12-31,-0.629,
18/11/2024,2024-11-18,D+1,2024-11-19,2024-11-19,0.132,46.71
18/11/2024,2024-11-18,D+2,2024-11-20,2024-11-20,0.114,
18/11/2024,2024-11-18,D+3,2024-11-21,2024-11-21,0.097,
18/11/2024,2024-11-18,W,2025-10-01,2026-03-31,-0.54,
18/11/2024,2024-11-18,BoM,2024-11-19,2024-11-30,0.054,
18/11/2024,2024-11-18,M+1,2024-12-01,2024-12-31,-0.337,
18/11/2024,2024-11-18,M+2,2025-01-01,2025-01-31,-0.35,
18/11/2024,2024-11-18,M+3,2025-02-01,2025-02-28,-0.306,
18/11/2024,2024-11-18,Q+1,2025-01-01,2025-03-31,-0.375,
18/11/2024,2024-11-18,Q+2,2025-04-01,2025-06-30,-0.57,
18/11/2024,2024-11-18,Q+3,2025-07-01,2025-09-30,-0.566,
18/11/2024,2024-11-18,Q+4,2025-10-01,2025-12-31,-0.544,
18/11/2024,2024-11-18,S,2026-04-01,2026-09-30,-0.411,
18/11/2024,2024-11-18,Y+1,2025-01-01,2025-12-31,-0.938,
18/11/2024,2024-11-18,Y+2,2026-01-01,2026-12-31,-0.452,
19/11/2024,2024-11-19,D+1,2024-11-20,2024-11-20,-0.315,45.7
19/11/2024,2024-11-19,D+2,2024-11-21,2024-11-21,-0.314,
19/11/2024,2024-11-19,D+3,2024-11-22,2024-11-22,-0.314,
19/11/2024,2024-11-19,W,2025-10-01,2026-03-31,-0.54,
19/11/2024,2024-11-19,BoM,2024-11-20,2024-11-30,-0.324,
19/11/2024,2024-11-19,M+1,2024-12-01,2024-12-31,-0.3,
19/11/2024,2024-11-19,M+2,2025-01-01,2025-01-31,-0.287,
19/11/2024,2024-11-19,M+3,2025-02-01,2025-02-28,-0.306,
19/11/2024,2024-11-19,Q+1,2025-01-01,2025-03-31,-0.35,
19/11/2024,2024-11-19,Q+2,2025-04-01,2025-06-30,-0.57,
19/11/2024,2024-11-19,Q+3,2025-07-01,2025-09-30,-0.566,
19/11/2024,2024-11-19,Q+4,2025-10-01,2025-12-31,-0.544,
19/11/2024,2024-11-19,S,2026-04-01,2026-09-30,-0.411,
19/11/2024,2024-11-19,Y+1,2025-01-01,2025-12-31,-1.02,
19/11/2024,2024-11-19,Y+2,2026-01-01,2026-12-31,-0.452,
20/11/2024,2024-11-20,D+1,2024-11-21,2024-11-21,-0.268,46.72
20/11/2024,2024-11-20,D+2,2024-11-22,2024-11-22,-0.269,
20/11/2024,2024-11-20,D+3,2024-11-23,2024-11-23,-0.271,
20/11/2024,2024-11-20,W,2025-10-01,2026-03-31,-1.605,
20/11/2024,2024-11-20,BoM,2024-11-21,2024-11-30,-0.332,
20/11/2024,2024-11-20,M+1,2024-12-01,2024-12-31,-0.3,
20/11/2024,2024-11-20,M+2,2025-01-01,2025-01-31,-0.362,
20/11/2024,2024-11-20,M+3,2025-02-01,2025-02-28,-0.286,
20/11/2024,2024-11-20,Q+1,2025-01-01,2025-03-31,-0.475,
20/11/2024,2024-11-20,Q+2,2025-04-01,2025-06-30,-0.93,
20/11/2024,2024-11-20,Q+3,2025-07-01,2025-09-30,-0.878,
20/11/2024,2024-11-20,Q+4,2025-10-01,2025-12-31,-1.616,
20/11/2024,2024-11-20,S,2026-04-01,2026-09-30,-1.366,
20/11/2024,2024-11-20,Y+1,2025-01-01,2025-12-31,-1.038,
20/11/2024,2024-11-20,Y+2,2026-01-01,2026-12-31,-1.386,
21/11/2024,2024-11-21,D+1,2024-11-22,2024-11-22,-0.154,48.55
21/11/2024,2024-11-21,D+2,2024-11-23,2024-11-23,-0.163,
21/11/2024,2024-11-21,D+3,2024-11-24,2024-11-24,-0.173,
21/11/2024,2024-11-21,W,2025-10-01,2026-03-31,-0.504,
21/11/2024,2024-11-21,BoM,2024-11-22,2024-11-30,-0.223,
21/11/2024,2024-11-21,M+1,2024-12-01,2024-12-31,-0.375,
21/11/2024,2024-11-21,M+2,2025-01-01,2025-01-31,-0.438,
21/11/2024,2024-11-21,M+3,2025-02-01,2025-02-28,-0.64,
21/11/2024,2024-11-21,Q+1,2025-01-01,2025-03-31,-0.525,
21/11/2024,2024-11-21,Q+2,2025-04-01,2025-06-30,-1.16,
21/11/2024,2024-11-21,Q+3,2025-07-01,2025-09-30,-1.139,
21/11/2024,2024-11-21,Q+4,2025-10-01,2025-12-31,-0.535,
21/11/2024,2024-11-21,S,2026-04-01,2026-09-30,-0.363,
21/11/2024,2024-11-21,Y+1,2025-01-01,2025-12-31,-1.05,
21/11/2024,2024-11-21,Y+2,2026-01-01,2026-12-31,-0.341,
22/11/2024,2024-11-22,D+1,2024-11-23,2024-11-23,0.343,46.28
22/11/2024,2024-11-22,D+2,2024-11-24,2024-11-24,0.311,
22/11/2024,2024-11-22,D+3,2024-11-25,2024-11-25,0.279,
22/11/2024,2024-11-22,W,2025-10-01,2026-03-31,-0.837,
22/11/2024,2024-11-22,BoM,2024-11-23,2024-11-30,0.235,
22/11/2024,2024-11-22,M+1,2024-12-01,2024-12-31,-0.375,
22/11/2024,2024-11-22,M+2,2025-01-01,2025-01-31,-0.512,
22/11/2024,2024-11-22,M+3,2025-02-01,2025-02-28,-0.395,
22/11/2024,2024-11-22,Q+1,2025-01-01,2025-03-31,-0.525,
22/11/2024,2024-11-22,Q+2,2025-04-01,2025-06-30,-1.338,
22/11/2024,2024-11-22,Q+3,2025-07-01,2025-09-30,-1.256,
22/11/2024,2024-11-22,Q+4,2025-10-01,2025-12-31,-0.944,
22/11/2024,2024-11-22,S,2026-04-01,2026-09-30,-0.645,
22/11/2024,2024-11-22,Y+1,2025-01-01,2025-12-31,-1.05,
22/11/2024,2024-11-22,Y+2,2026-01-01,2026-12-31,-0.697,
25/11/2024,2024-11-25,D+1,2024-11-26,2024-11-26,0.378,47.5
25/11/2024,2024-11-25,D+2,2024-11-27,2024-11-27,0.343,
25/11/2024,2024-11-25,D+3,2024-11-28,2024-11-28,0.308,
25/11/2024,2024-11-25,W,2025-10-01,2026-03-31,-1.991,
25/11/2024,2024-11-25,BoM,2024-11-26,2024-11-30,0.333,
25/11/2024,2024-11-25,M+1,2024-12-01,2024-12-31,-0.3,
25/11/2024,2024-11-25,M+2,2025-01-01,2025-01-31,-0.5,
25/11/2024,2024-11-25,M+3,2025-02-01,2025-02-28,-0.373,
25/11/2024,2024-11-25,Q+1,2025-01-01,2025-03-31,-0.525,
25/11/2024,2024-11-25,Q+2,2025-04-01,2025-06-30,-1.068,
25/11/2024,2024-11-25,Q+3,2025-07-01,2025-09-30,-1.058,
25/11/2024,2024-11-25,Q+4,2025-10-01,2025-12-31,-2.121,
25/11/2024,2024-11-25,S,2026-04-01,2026-09-30,-1.592,
25/11/2024,2024-11-25,Y+1,2025-01-01,2025-12-31,-1.05,
25/11/2024,2024-11-25,Y+2,2026-01-01,2026-12-31,-1.673,
26/11/2024,2024-11-26,D+1,2024-11-27,2024-11-27,0.487,46.66
26/11/2024,2024-11-26,D+2,2024-11-28,2024-11-28,0.447,
26/11/2024,2024-11-26,D+3,2024-11-29,2024-11-29,0.407,
26/11/2024,2024-11-26,W,2025-10-01,2026-03-31,-1.249,
26/11/2024,2024-11-26,BoM,2024-11-27,2024-11-30,0.448,
26/11/2024,2024-11-26,M+1,2024-12-01,2024-12-31,-0.25,
26/11/2024,2024-11-26,M+2,2025-01-01,2025-01-31,-0.412,
26/11/2024,2024-11-26,M+3,2025-02-01,2025-02-28,-0.642,
26/11/2024,2024-11-26,Q+1,2025-01-01,2025-03-31,-0.475,
26/11/2024,2024-11-26,Q+2,2025-04-01,2025-06-30,-0.929,
26/11/2024,2024-11-26,Q+3,2025-07-01,2025-09-30,-0.9,
26/11/2024,2024-11-26,Q+4,2025-10-01,2025-12-31,-1.293,
26/11/2024,2024-11-26,S,2026-04-01,2026-09-30,-1.065,
26/11/2024,2024-11-26,Y+1,2025-01-01,2025-12-31,-1.0,
26/11/2024,2024-11-26,Y+2,2026-01-01,2026-12-31,-1.132,
27/11/2024,2024-11-27,D+1,2024-11-28,2024-11-28,0.104,46.48
27/11/2024,2024-11-27,D+2,2024-11-29,2024-11-29,0.087,
27/11/2024,2024-11-27,D+3,2024-11-30,2024-11-30,0.069,
27/11/2024,2024-11-27,W,2025-10-01,2026-03-31,-0.584,
27/11/2024,2024-11-27,M+1,2024-12-01,2024-12-31,-0.2,
27/11/2024,2024-11-27,M+2,2025-01-01,2025-01-31,-0.375,
27/11/2024,2024-11-27,M+3,2025-02-01,2025-02-28,-0.566,
27/11/2024,2024-11-27,Q+1,2025-01-01,2025-03-31,-0.4,
27/11/2024,2024-11-27,Q+2,2025-04-01,2025-06-30,-0.795,
27/11/2024,2024-11-27,Q+3,2025-07-01,2025-09-30,-0.843,
27/11/2024,2024-11-27,Q+4,2025-10-01,2025-12-31,-0.607,
27/11/2024,2024-11-27,S,2026-04-01,2026-09-30,-0.52,
27/11/2024,2024-11-27,Y+1,2025-01-01,2025-12-31,-0.85,
27/11/2024,2024-11-27,Y+2,2026-01-01,2026-12-31,-0.534,
28/11/2024,2024-11-28,D+1,2024-11-29,2024-11-29,-0.111,46.46
28/11/2024,2024-11-28,D+2,2024-11-30,2024-11-30,-0.116,
28/11/2024,2024-11-28,D+3,2024-12-01,2024-12-01,-0.122,
28/11/2024,2024-11-28,W,2025-10-01,2026-03-31,-1.161,
28/11/2024,2024-11-28,M+1,2024-12-01,2024-12-31,-0.2,
28/11/2024,2024-11-28,M+2,2025-01-01,2025-01-31,-0.362,
28/11/2024,2024-11-28,M+3,2025-02-01,2025-02-28,-0.251,
28/11/2024,2024-11-28,Q+1,2025-01-01,2025-03-31,-0.388,
28/11/2024,2024-11-28,Q+2,2025-04-01,2025-06-30,-0.707,
28/11/2024,2024-11-28,Q+3,2025-07-01,2025-09-30,-0.727,
28/11/2024,2024-11-28,Q+4,2025-10-01,2025-12-31,-1.166,
28/11/2024,2024-11-28,S,2026-04-01,2026-09-30,-0.936,
28/11/2024,2024-11-28,Y+1,2025-01-01,2025-12-31,-0.85,
28/11/2024,2024-11-28,Y+2,2026-01-01,2026-12-31,-0.929,
29/11/2024,2024-11-29,D+1,2024-11-30,2024-11-30,0.489,46.75
29/11/2024,2024-11-29,D+2,2024-12-01,2024-12-01,0.452,
29/11/2024,2024-11-29,D+3,2024-12-02,2024-12-02,0.416,
29/11/2024,2024-11-29,W,2025-10-01,2026-03-31,-1.288,
29/11/2024,2024-11-29,M+1,2024-12-01,2024-12-31,-0.075,
29/11/2024,2024-11-29,M+2,2025-01-01,2025-01-31,-0.362,
29/11/2024,2024-11-29,M+3,2025-02-01,2025-02-28,-0.236,
29/11/2024,2024-11-29,Q+1,2025-01-01,2025-03-31,-0.375,
29/11/2024,2024-11-29,Q+2,2025-04-01,2025-06-30,-0.739,
29/11/2024,2024-11-29,Q+3,2025-07-01,2025-09-30,-0.806,
29/11/2024,2024-11-29,Q+4,2025-10-01,2025-12-31,-1.309,
29/11/2024,2024-11-29,S,2026-04-01,2026-09-30,-1.071,
29/11/2024,2024-11-29,Y+1,2025-01-01,2025-12-31,-0.8,
29/11/2024,2024-11-29,Y+2,2026-01-01,2026-12-31,-1.125,
02/12/2024,2024-12-02,D+1,2024-12-03,2024-12-03,0.564,48.35
02/12/2024,2024-12-02,D+2,2024-12-04,2024-12-04,0.544,
02/12/2024,2024-12-02,D+3,2024-12-05,2024-12-05,0.523,
02/12/2024,2024-12-02,W,2025-10-01,2026-03-31,-0.958,
02/12/2024,2024-12-02,BoM,2024-12-03,2024-12-31,0.24,
02/12/2024,2024-12-02,M+1,2025-01-01,2025-01-31,-0.325,
02/12/2024,2024-12-02,M+2,2025-02-01,2025-02-28,-0.362,
02/12/2024,2024-12-02,M+3,2025-03-01,2025-03-31,0.543,
02/12/2024,2024-12-02,Q+1,2025-01-01,2025-03-31,-0.375,
02/12/2024,2024-12-02,Q+2,2025-04-01,2025-06-30,-0.797,
02/12/2024,2024-12-02,Q+3,2025-07-01,2025-09-30,-0.736,
02/12/2024,2024-12-02,Q+4,2025-10-01,2025-12-31,-1.201,
02/12/2024,2024-12-02,S,2026-04-01,2026-09-30,-0.803,
02/12/2024,2024-12-02,Y+1,2025-01-01,2025-12-31,-0.8,
02/12/2024,2024-12-02,Y+2,2026-01-01,2026-12-31,-0.82,
03/12/2024,2024-12-03,D+1,2024-12-04,2024-12-04,0.391,48.39
03/12/2024,2024-12-03,D+2,2024-12-05,2024-12-05,0.375,
03/12/2024,2024-12-03,D+3,2024-12-06,2024-12-06,0.36,
03/12/2024,2024-12-03,W,2025-10-01,2026-03-31,-0.538,
03/12/2024,2024-12-03,BoM,2024-12-04,2024-12-31,0.184,
03/12/2024,2024-12-03,M+1,2025-01-01,2025-01-31,-0.275,
03/12/2024,2024-12-03,M+2,2025-02-01,2025-02-28,-0.3,
03/12/2024,2024-12-03,M+3,2025-03-01,2025-03-31,0.169,
03/12/2024,2024-12-03,Q+1,2025-01-01,2025-03-31,-0.275,
03/12/2024,2024-12-03,Q+2,2025-04-01,2025-06-30,-0.708,
03/12/2024,2024-12-03,Q+3,2025-07-01,2025-09-30,-0.689,
03/12/2024,2024-12-03,Q+4,2025-10-01,2025-12-31,-0.575,
03/12/2024,2024-12-03,S,2026-04-01,2026-09-30,-0.454,
03/12/2024,2024-12-03,Y+1,2025-01-01,2025-12-31,-0.759,
03/12/2024,2024-12-03,Y+2,2026-01-01,2026-12-31,-0.471,
04/12/2024,2024-12-04,D+1,2024-12-05,2024-12-05,0.8,46.76
04/12/2024,2024-12-04,D+2,2024-12-06,2024-12-06,0.777,
04/12/2024,2024-12-04,D+3,2024-12-07,2024-12-07,0.753,
04/12/2024,2024-12-04,W,2025-10-01,2026-03-31,-0.212,
04/12/2024,2024-12-04,BoM,2024-12-05,2024-12-31,0.539,
04/12/2024,2024-12-04,M+1,2025-01-01,2025-01-31,-0.175,
04/12/2024,2024-12-04,M+2,2025-02-01,2025-02-28,-0.225,
04/12/2024,2024-12-04,M+3,2025-03-01,2025-03-31,-0.247,
04/12/2024,2024-12-04,Q+1,2025-01-01,2025-03-31,-0.225,
04/12/2024,2024-12-04,Q+2,2025-04-01,2025-06-30,-0.764,
04/12/2024,2024-12-04,Q+3,2025-07-01,2025-09-30,-0.733,
04/12/2024,2024-12-04,Q+4,2025-10-01,2025-12-31,-0.19,
04/12/2024,2024-12-04,S,2026-04-01,2026-09-30,-0.21,
04/12/2024,2024-12-04,Y+1,2025-01-01,2025-12-31,-0.71,
04/12/2024,2024-12-04,Y+2,2026-01-01,2026-12-31,-0.178,
05/12/2024,2024-12-05,D+1,2024-12-06,2024-12-06,0.414,46.01
05/12/2024,2024-12-05,D+2,2024-12-07,2024-12-07,0.402,
05/12/2024,2024-12-05,D+3,2024-12-08,2024-12-08,0.39,
05/12/2024,2024-12-05,W,2025-10-01,2026-03-31,-0.205,
05/12/2024,2024-12-05,BoM,2024-12-06,2024-12-31,0.294,
05/12/2024,2024-12-05,M+1,2025-01-01,2025-01-31,-0.075,
05/12/2024,2024-12-05,M+2,2025-02-01,2025-02-28,-0.175,
05/12/2024,2024-12-05,M+3,2025-03-01,2025-03-31,-0.155,
05/12/2024,2024-12-05,Q+1,2025-01-01,2025-03-31,-0.225,
05/12/2024,2024-12-05,Q+2,2025-04-01,2025-06-30,-0.584,
05/12/2024,2024-12-05,Q+3,2025-07-01,2025-09-30,-0.603,
05/12/2024,2024-12-05,Q+4,2025-10-01,2025-12-31,-0.257,
05/12/2024,2024-12-05,S,2026-04-01,2026-09-30,-0.242,
05/12/2024,2024-12-05,Y+1,2025-01-01,2025-12-31,-0.65,
05/12/2024,2024-12-05,Y+2,2026-01-01,2026-12-31,-0.229,
06/12/2024,2024-12-06,D+1,2024-12-07,2024-12-07,0.507,45.75
06/12/2024,2024-12-06,D+2,2024-12-08,2024-12-08,0.493,
06/12/2024,2024-12-06,D+3,2024-12-09,2024-12-09,0.478,
06/12/2024,2024-12-06,W,2025-10-01,2026-03-31,-1.063,
06/12/2024,2024-12-06,BoM,2024-12-07,2024-12-31,0.325,
06/12/2024,2024-12-06,M+1,2025-01-01,2025-01-31,-0.075,
06/12/2024,2024-12-06,M+2,2025-02-01,2025-02-28,-0.25,
06/12/2024,2024-12-06,M+3,2025-03-01,2025-03-31,-0.534,
06/12/2024,2024-12-06,Q+1,2025-01-01,2025-03-31,-0.25,
06/12/2024,2024-12-06,Q+2,2025-04-01,2025-06-30,-0.769,
06/12/2024,2024-12-06,Q+3,2025-07-01,2025-09-30,-0.768,
06/12/2024,2024-12-06,Q+4,2025-10-01,2025-12-31,-1.073,
06/12/2024,2024-12-06,S,2026-04-01,2026-09-30,-0.886,
06/12/2024,2024-12-06,Y+1,2025-01-01,2025-12-31,-0.7,
06/12/2024,2024-12-06,Y+2,2026-01-01,2026-12-31,-0.886,
09/12/2024,2024-12-09,D+1,2024-12-10,2024-12-10,-0.423,45.02
09/12/2024,2024-12-09,D+2,2024-12-11,2024-12-11,-0.411,
09/12/2024,2024-12-09,D+3,2024-12-12,2024-12-12,-0.399,
09/12/2024,2024-12-09,W,2025-10-01,2026-03-31,-0.644,
09/12/2024,2024-12-09,BoM,2024-12-10,2024-12-31,-0.293,
09/12/2024,2024-12-09,M+1,2025-01-01,2025-01-31,0.012,
09/12/2024,2024-12-09,M+2,2025-02-01,2025-02-28,-0.125,
09/12/2024,2024-12-09,M+3,2025-03-01,2025-03-31,-0.203,
09/12/2024,2024-12-09,Q+1,2025-01-01,2025-03-31,-0.137,
09/12/2024,2024-12-09,Q+2,2025-04-01,2025-06-30,-0.791,
09/12/2024,2024-12-09,Q+3,2025-07-01,2025-09-30,-0.772,
09/12/2024,2024-12-09,Q+4,2025-10-01,2025-12-31,-0.614,
09/12/2024,2024-12-09,S,2026-04-01,2026-09-30,-0.532,
09/12/2024,2024-12-09,Y+1,2025-01-01,2025-12-31,-0.625,
09/12/2024,2024-12-09,Y+2,2026-01-01,2026-12-31,-0.558,
10/12/2024,2024-12-10,D+1,2024-12-11,2024-12-11,0.311,45.47
10/12/2024,2024-12-10,D+2,2024-12-12,2024-12-12,0.301,
10/12/2024,2024-12-10,D+3,2024-12-13,2024-12-13,0.291,
10/12/2024,2024-12-10,W,2025-10-01,2026-03-31,-0.598,
10/12/2024,2024-12-10,BoM,2024-12-11,2024-12-31,0.242,
10/12/2024,2024-12-10,M+1,2025-01-01,2025-01-31,-0.038,
10/12/2024,2024-12-10,M+2,2025-02-01,2025-02-28,-0.062,
10/12/2024,2024-12-10,M+3,2025-03-01,2025-03-31,0.016,
10/12/2024,2024-12-10,Q+1,2025-01-01,2025-03-31,-0.087,
10/12/2024,2024-12-10,Q+2,2025-04-01,2025-06-30,-0.663,
10/12/2024,2024-12-10,Q+3,2025-07-01,2025-09-30,-0.647,
10/12/2024,2024-12-10,Q+4,2025-10-01,2025-12-31,-0.591,
10/12/2024,2024-12-10,S,2026-04-01,2026-09-30,-0.469,
10/12/2024,2024-12-10,Y+1,2025-01-01,2025-12-31,-0.635,
10/12/2024,2024-12-10,Y+2,2026-01-01,2026-12-31,-0.526,
11/12/2024,2024-12-11,D+1,2024-12-12,2024-12-12,0.347,44.88
11/12/2024,2024-12-11,D+2,2024-12-13,2024-12-13,0.34,
11/12/2024,2024-12-11,D+3,2024-12-14,2024-12-14,0.333,
11/12/2024,2024-12-11,W,2025-10-01,2026-03-31,-0.087,
11/12/2024,2024-12-11,BoM,2024-12-12,2024-12-31,0.301,
11/12/2024,2024-12-11,M+1,2025-01-01,2025-01-31,0.1,
11/12/2024,2024-12-11,M+2,2025-02-01,2025-02-28,0.0,
11/12/2024,2024-12-11,M+3,2025-03-01,2025-03-31,-0.132,
11/12/2024,2024-12-11,Q+1,2025-01-01,2025-03-31,-0.025,
11/12/2024,2024-12-11,Q+2,2025-04-01,2025-06-30,-0.509,
11/12/2024,2024-12-11,Q+3,2025-07-01,2025-09-30,-0.532,
11/12/2024,2024-12-11,Q+4,2025-10-01,2025-12-31,-0.137,
11/12/2024,2024-12-11,S,2026-04-01,2026-09-30,-0.063,
11/12/2024,2024-12-11,Y+1,2025-01-01,2025-12-31,-0.465,
11/12/2024,2024-12-11,Y+2,2026-01-01,2026-12-31,-0.062,
12/12/2024,2024-12-12,D+1,2024-12-13,2024-12-13,0.336,42.82
12/12/2024,2024-12-12,D+2,2024-12-14,2024-12-14,0.331,
12/12/2024,2024-12-12,D+3,2024-12-15,2024-12-15,0.326,
12/12/2024,2024-12-12,W,2025-10-01,2026-03-31,-0.362,
12/12/2024,2024-12-12,BoM,2024-12-13,2024-12-31,0.317,
12/12/2024,2024-12-12,M+1,2025-01-01,2025-01-31,0.175,
12/12/2024,2024-12-12,M+2,2025-02-01,2025-02-28,0.112,
12/12/2024,2024-12-12,M+3,2025-03-01,2025-03-31,0.081,
12/12/2024,2024-12-12,Q+1,2025-01-01,2025-03-31,0.025,
12/12/2024,2024-12-12,Q+2,2025-04-01,2025-06-30,-0.427,
12/12/2024,2024-12-12,Q+3,2025-07-01,2025-09-30,-0.394,
12/12/2024,2024-12-12,Q+4,2025-10-01,2025-12-31,-0.38,
12/12/2024,2024-12-12,S,2026-04-01,2026-09-30,-0.329,
12/12/2024,2024-12-12,Y+1,2025-01-01,2025-12-31,-0.478,
12/12/2024,2024-12-12,Y+2,2026-01-01,2026-12-31,-0.359,
13/12/2024,2024-12-13,D+1,2024-12-14,2024-12-14,0.796,40.51
13/12/2024,2024-12-13,D+2,2024-12-15,2024-12-15,0.777,
13/12/2024,2024-12-13,D+3,2024-12-16,2024-12-16,0.758,
13/12/2024,2024-12-13,W,2025-10-01,2026-03-31,-0.474,
13/12/2024,2024-12-13,BoM,2024-12-14,2024-12-31,0.633,
13/12/2024,2024-12-13,M+1,2025-01-01,2025-01-31,0.175,
13/12/2024,2024-12-13,M+2,2025-02-01,2025-02-28,0.137,
13/12/2024,2024-12-13,M+3,2025-03-01,2025-03-31,-0.481,
13/12/2024,2024-12-13,Q+1,2025-01-01,2025-03-31,0.05,
13/12/2024,2024-12-13,Q+2,2025-04-01,2025-06-30,-0.577,
13/12/2024,2024-12-13,Q+3,2025-07-01,2025-09-30,-0.546,
13/12/2024,2024-12-13,Q+4,2025-10-01,2025-12-31,-0.47,
13/12/2024,2024-12-13,S,2026-04-01,2026-09-30,-0.329,
13/12/2024,2024-12-13,Y+1,2025-01-01,2025-12-31,-0.448,
13/12/2024,2024-12-13,Y+2,2026-01-01,2026-12-31,-0.454,
16/12/2024,2024-12-16,D+1,2024-12-17,2024-12-17,1.11,39.85
16/12/2024,2024-12-16,D+2,2024-12-18,2024-12-18,1.08,
16/12/2024,2024-12-16,D+3,2024-12-19,2024-12-19,1.05,
16/12/2024,2024-12-16,W,2025-10-01,2026-03-31,-0.953,
16/12/2024,2024-12-16,BoM,2024-12-17,2024-12-31,0.923,
16/12/2024,2024-12-16,M+1,2025-01-01,2025-01-31,0.225,
16/12/2024,2024-12-16,M+2,2025-02-01,2025-02-28,0.2,
16/12/2024,2024-12-16,M+3,2025-03-01,2025-03-31,0.412,
16/12/2024,2024-12-16,Q+1,2025-01-01,2025-03-31,0.075,
16/12/2024,2024-12-16,Q+2,2025-04-01,2025-06-30,-0.573,
16/12/2024,2024-12-16,Q+3,2025-07-01,2025-09-30,-0.539,
16/12/2024,2024-12-16,Q+4,2025-10-01,2025-12-31,-0.92,
16/12/2024,2024-12-16,S,2026-04-01,2026-09-30,-0.854,
16/12/2024,2024-12-16,Y+1,2025-01-01,2025-12-31,-0.438,
16/12/2024,2024-12-16,Y+2,2026-01-01,2026-12-31,-0.886,
17/12/2024,2024-12-17,D+1,2024-12-18,2024-12-18,1.018,41.49
17/12/2024,2024-12-17,D+2,2024-12-19,2024-12-19,0.992,
17/12/2024,2024-12-17,D+3,2024-12-20,2024-12-20,0.966,
17/12/2024,2024-12-17,W,2025-10-01,2026-03-31,-1.316,
17/12/2024,2024-12-17,BoM,2024-12-18,2024-12-31,0.803,
17/12/2024,2024-12-17,M+1,2025-01-01,2025-01-31,-0.005,
17/12/2024,2024-12-17,M+2,2025-02-01,2025-02-28,0.008,
17/12/2024,2024-12-17,M+3,2025-03-01,2025-03-31,0.611,
17/12/2024,2024-12-17,Q+1,2025-01-01,2025-03-31,0.196,
17/12/2024,2024-12-17,Q+2,2025-04-01,2025-06-30,-0.555,
17/12/2024,2024-12-17,Q+3,2025-07-01,2025-09-30,-0.568,
17/12/2024,2024-12-17,Q+4,2025-10-01,2025-12-31,-1.299,
17/12/2024,2024-12-17,S,2026-04-01,2026-09-30,-1.23,
17/12/2024,2024-12-17,Y+1,2025-01-01,2025-12-31,-0.45,
17/12/2024,2024-12-17,Y+2,2026-01-01,2026-12-31,-1.29,
18/12/2024,2024-12-18,D+1,2024-12-19,2024-12-19,0.775,40.76
18/12/2024,2024-12-18,D+2,2024-12-20,2024-12-20,0.757,
18/12/2024,2024-12-18,D+3,2024-12-21,2024-12-21,0.739,
18/12/2024,2024-12-18,W,2025-10-01,2026-03-31,-0.564,
18/12/2024,2024-12-18,BoM,2024-12-19,2024-12-31,0.648,
18/12/2024,2024-12-18,M+1,2025-01-01,2025-01-31,0.14,
18/12/2024,2024-12-18,M+2,2025-02-01,2025-02-28,0.203,
18/12/2024,2024-12-18,M+3,2025-03-01,2025-03-31,0.212,
18/12/2024,2024-12-18,Q+1,2025-01-01,2025-03-31,0.17,
18/12/2024,2024-12-18,Q+2,2025-04-01,2025-06-30,-0.546,
18/12/2024,2024-12-18,Q+3,2025-07-01,2025-09-30,-0.562,
18/12/2024,2024-12-18,Q+4,2025-10-01,2025-12-31,-0.582,
18/12/2024,2024-12-18,S,2026-04-01,2026-09-30,-0.454,
18/12/2024,2024-12-18,Y+1,2025-01-01,2025-12-31,-0.44,
18/12/2024,2024-12-18,Y+2,2026-01-01,2026-12-31,-0.503,
19/12/2024,2024-12-19,D+1,2024-12-20,2024-12-20,0.837,42.71
19/12/2024,2024-12-19,D+2,2024-12-21,2024-12-21,0.817,
19/12/2024,2024-12-19,D+3,2024-12-22,2024-12-22,0.796,
19/12/2024,2024-12-19,W,2025-10-01,2026-03-31,-0.595,
19/12/2024,2024-12-19,BoM,2024-12-20,2024-12-31,0.706,
19/12/2024,2024-12-19,M+1,2025-01-01,2025-01-31,0.14,
19/12/2024,2024-12-19,M+2,2025-02-01,2025-02-28,0.213,
19/12/2024,2024-12-19,M+3,2025-03-01,2025-03-31,0.2,
19/12/2024,2024-12-19,Q+1,2025-01-01,2025-03-31,0.154,
19/12/2024,2024-12-19,Q+2,2025-04-01,2025-06-30,-0.43,
19/12/2024,2024-12-19,Q+3,2025-07-01,2025-09-30,-0.447,
19/12/2024,2024-12-19,Q+4,2025-10-01,2025-12-31,-0.685,
19/12/2024,2024-12-19,S,2026-04-01,2026-09-30,-0.485,
19/12/2024,2024-12-19,Y+1,2025-01-01,2025-12-31,-0.425,
19/12/2024,2024-12-19,Y+2,2026-01-01,2026-12-31,-0.539,
20/12/2024,2024-12-20,D+1,2024-12-21,2024-12-21,1.295,43.98
20/12/2024,2024-12-20,D+2,2024-12-22,2024-12-22,1.254,
20/12/2024,2024-12-20,D+3,2024-12-23,2024-12-23,1.213,
20/12/2024,2024-12-20,W,2025-10-01,2026-03-31,-0.662,
20/12/2024,2024-12-20,BoM,2024-12-21,2024-12-31,1.099,
20/12/2024,2024-12-20,M+1,2025-01-01,2025-01-31,0.142,
20/12/2024,2024-12-20,M+2,2025-02-01,2025-02-28,0.074,
20/12/2024,2024-12-20,M+3,2025-03-01,2025-03-31,0.066,
20/12/2024,2024-12-20,Q+1,2025-01-01,2025-03-31,0.087,
20/12/2024,2024-12-20,Q+2,2025-04-01,2025-06-30,-0.485,
20/12/2024,2024-12-20,Q+3,2025-07-01,2025-09-30,-0.558,
20/12/2024,2024-12-20,Q+4,2025-10-01,2025-12-31,-0.624,
20/12/2024,2024-12-20,S,2026-04-01,2026-09-30,-0.729,
20/12/2024,2024-12-20,Y+1,2025-01-01,2025-12-31,-0.425,
20/12/2024,2024-12-20,Y+2,2026-01-01,2026-12-31,-0.708,
23/12/2024,2024-12-23,D+1,2024-12-24,2024-12-24,0.779,45.05
23/12/2024,2024-12-23,D+2,2024-12-25,2024-12-25,0.753,
23/12/2024,2024-12-23,D+3,2024-12-26,2024-12-26,0.728,
23/12/2024,2024-12-23,W,2025-10-01,2026-03-31,-0.774,
23/12/2024,2024-12-23,BoM,2024-12-24,2024-12-31,0.687,
23/12/2024,2024-12-23,M+1,2025-01-01,2025-01-31,0.087,
23/12/2024,2024-12-23,M+2,2025-02-01,2025-02-28,0.182,
23/12/2024,2024-12-23,M+3,2025-03-01,2025-03-31,0.169,
23/12/2024,2024-12-23,Q+1,2025-01-01,2025-03-31,0.3,
23/12/2024,2024-12-23,Q+2,2025-04-01,2025-06-30,-0.606,
23/12/2024,2024-12-23,Q+3,2025-07-01,2025-09-30,-0.599,
23/12/2024,2024-12-23,Q+4,2025-10-01,2025-12-31,-0.783,
23/12/2024,2024-12-23,S,2026-04-01,2026-09-30,-0.64,
23/12/2024,2024-12-23,Y+1,2025-01-01,2025-12-31,-0.25,
23/12/2024,2024-12-23,Y+2,2026-01-01,2026-12-31,-0.665,
24/12/2024,2024-12-24,D+1,2024-12-25,2024-12-25,0.134,46.46
24/12/2024,2024-12-24,D+2,2024-12-26,2024-12-26,0.133,
24/12/2024,2024-12-24,D+3,2024-12-27,2024-12-27,0.131,
24/12/2024,2024-12-24,W,2025-10-01,2026-03-31,-1.446,
24/12/2024,2024-12-24,BoM,2024-12-25,2024-12-31,0.801,
24/12/2024,2024-12-24,M+1,2025-01-01,2025-01-31,0.1,
24/12/2024,2024-12-24,M+2,2025-02-01,2025-02-28,0.15,
24/12/2024,2024-12-24,M+3,2025-03-01,2025-03-31,-0.213,
24/12/2024,2024-12-24,Q+1,2025-01-01,2025-03-31,0.1,
24/12/2024,2024-12-24,Q+2,2025-04-01,2025-06-30,-1.135,
24/12/2024,2024-12-24,Q+3,2025-07-01,2025-09-30,-1.108,
24/12/2024,2024-12-24,Q+4,2025-10-01,2025-12-31,-1.479,
24/12/2024,2024-12-24,S,2026-04-01,2026-09-30,-1.202,
24/12/2024,2024-12-24,Y+1,2025-01-01,2025-12-31,-0.45,
24/12/2024,2024-12-24,Y+2,2026-01-01,2026-12-31,-1.278,
27/12/2024,2024-12-27,D+1,2024-12-28,2024-12-28,1.392,47.87
27/12/2024,2024-12-27,D+2,2024-12-29,2024-12-29,1.323,
27/12/2024,2024-12-27,D+3,2024-12-30,2024-12-30,1.254,
27/12/2024,2024-12-27,W,2025-10-01,2026-03-31,-0.04,
27/12/2024,2024-12-27,BoM,2024-12-28,2024-12-31,1.329,
27/12/2024,2024-12-27,M+1,2025-01-01,2025-01-31,0.112,
27/12/2024,2024-12-27,M+2,2025-02-01,2025-02-28,0.138,
27/12/2024,2024-12-27,M+3,2025-03-01,2025-03-31,-0.369,
27/12/2024,2024-12-27,Q+1,2025-01-01,2025-03-31,0.1,
27/12/2024,2024-12-27,Q+2,2025-04-01,2025-06-30,-0.648,
27/12/2024,2024-12-27,Q+3,2025-07-01,2025-09-30,-0.642,
27/12/2024,2024-12-27,Q+4,2025-10-01,2025-12-31,-0.054,
27/12/2024,2024-12-27,S,2026-04-01,2026-09-30,-0.113,
27/12/2024,2024-12-27,Y+1,2025-01-01,2025-12-31,-0.438,
27/12/2024,2024-12-27,Y+2,2026-01-01,2026-12-31,-0.073,
30/12/2024,2024-12-30,D+1,2024-12-31,2024-12-31,1.138,47.53
30/12/2024,2024-12-30,D+2,2025-01-01,2025-01-01,1.079,
30/12/2024,2024-12-30,D+3,2025-01-02,2025-01-02,1.02,
30/12/2024,2024-12-30,W,2025-10-01,2026-03-31,-0.744,
30/12/2024,2024-12-30,M+1,2025-01-01,2025-01-31,0.225,
30/12/2024,2024-12-30,M+2,2025-02-01,2025-02-28,0.138,
30/12/2024,2024-12-30,M+3,2025-03-01,2025-03-31,-0.15,
30/12/2024,2024-12-30,Q+1,2025-01-01,2025-03-31,0.1,
30/12/2024,2024-12-30,Q+2,2025-04-01,2025-06-30,-0.902,
30/12/2024,2024-12-30,Q+3,2025-07-01,2025-09-30,-0.909,
30/12/2024,2024-12-30,Q+4,2025-10-01,2025-12-31,-0.756,
30/12/2024,2024-12-30,S,2026-04-01,2026-09-30,-0.584,
30/12/2024,2024-12-30,Y+1,2025-01-01,2025-12-31,-0.438,
30/12/2024,2024-12-30,Y+2,2026-01-01,2026-12-31,-0.8,
31/12/2024,2024-12-31,D+1,2025-01-01,2025-01-01,0.874,51.31
31/12/2024,2024-12-31,D+2,2025-01-02,2025-01-02,0.829,
31/12/2024,2024-12-31,D+3,2025-01-03,2025-01-03,0.784,
31/12/2024,2024-12-31,W,2025-10-01,2026-03-31,-0.83,
31/12/2024,2024-12-31,M+1,2025-01-01,2025-01-31,0.225,
31/12/2024,2024-12-31,M+2,2025-02-01,2025-02-28,0.15,
31/12/2024,2024-12-31,M+3,2025-03-01,2025-03-31,-0.838,
31/12/2024,2024-12-31,Q+2,2025-04-01,2025-06-30,-0.8,
31/12/2024,2024-12-31,Q+3,2025-07-01,2025-09-30,-0.731,
31/12/2024,2024-12-31,Q+4,2025-10-01,2025-12-31,-0.876,
31/12/2024,2024-12-31,S,2026-04-01,2026-09-30,-0.598,
31/12/2024,2024-12-31,Y+2,2026-01-01,2026-12-31,-0.569,
02/01/2025,2025-01-02,D+1,2025-01-03,2025-01-03,1.286,49.92
02/01/2025,2025-01-02,D+2,2025-01-04,2025-01-04,1.259,
02/01/2025,2025-01-02,D+3,2025-01-05,2025-01-05,1.232,
02/01/2025,2025-01-02,W,2025-10-01,2026-03-31,-0.573,
02/01/2025,2025-01-02,BoM,2025-01-03,2025-01-31,0.961,
02/01/2025,2025-01-02,M+1,2025-02-01,2025-02-28,0.15,
02/01/2025,2025-01-02,M+2,2025-03-01,2025-03-31,-0.012,
02/01/2025,2025-01-02,M+3,2025-04-01,2025-04-30,-0.396,
02/01/2025,2025-01-02,Q+1,2025-04-01,2025-06-30,-0.5,
02/01/2025,2025-01-02,Q+2,2025-07-01,2025-09-30,-0.382,
02/01/2025,2025-01-02,Q+3,2025-10-01,2025-12-31,-0.392,
02/01/2025,2025-01-02,Q+4,2026-01-01,2026-03-31,-0.787,
02/01/2025,2025-01-02,S,2026-04-01,2026-09-30,-0.796,
02/01/2025,2025-01-02,Y+1,2026-01-01,2026-12-31,-0.775,
02/01/2025,2025-01-02,Y+2,2027-01-01,2027-12-31,-0.666,
03/01/2025,2025-01-03,D+1,2025-01-04,2025-01-04,0.944,49.3
03/01/2025,2025-01-03,D+2,2025-01-05,2025-01-05,0.926,
03/01/2025,2025-01-03,D+3,2025-01-06,2025-01-06,0.908,
03/01/2025,2025-01-03,W,2025-10-01,2026-03-31,-0.46,
03/01/2025,2025-01-03,BoM,2025-01-04,2025-01-31,0.699,
03/01/2025,2025-01-03,M+1,2025-02-01,2025-02-28,0.2,
03/01/2025,2025-01-03,M+2,2025-03-01,2025-03-31,0.113,
03/01/2025,2025-01-03,M+3,2025-04-01,2025-04-30,-0.164,
03/01/2025,2025-01-03,Q+1,2025-04-01,2025-06-30,-0.475,
03/01/2025,2025-01-03,Q+2,2025-07-01,2025-09-30,-0.233,
03/01/2025,2025-01-03,Q+3,2025-10-01,2025-12-31,-0.379,
03/01/2025,2025-01-03,Q+4,2026-01-01,2026-03-31,-0.546,
03/01/2025,2025-01-03,S,2026-04-01,2026-09-30,-0.784,
03/01/2025,2025-01-03,Y+1,2026-01-01,2026-12-31,-0.77,
03/01/2025,2025-01-03,Y+2,2027-01-01,2027-12-31,-0.588,
06/01/2025,2025-01-06,D+1,2025-01-07,2025-01-07,0.641,46.95
06/01/2025,2025-01-06,D+2,2025-01-08,2025-01-08,0.629,
06/01/2025,2025-01-06,D+3,2025-01-09,2025-01-09,0.618,
06/01/2025,2025-01-06,W,2025-10-01,2026-03-31,-0.515,
06/01/2025,2025-01-06,BoM,2025-01-07,2025-01-31,0.496,
06/01/2025,2025-01-06,M+1,2025-02-01,2025-02-28,0.2,
06/01/2025,2025-01-06,M+2,2025-03-01,2025-03-31,0.05,
06/01/2025,2025-01-06,M+3,2025-04-01,2025-04-30,-0.43,
06/01/2025,2025-01-06,Q+1,2025-04-01,2025-06-30,-0.45,
06/01/2025,2025-01-06,Q+2,2025-07-01,2025-09-30,-0.284,
06/01/2025,2025-01-06,Q+3,2025-10-01,2025-12-31,-0.338,
06/01/2025,2025-01-06,Q+4,2026-01-01,2026-03-31,-0.709,
06/01/2025,2025-01-06,S,2026-04-01,2026-09-30,-0.611,
06/01/2025,2025-01-06,Y+1,2026-01-01,2026-12-31,-0.75,
06/01/2025,2025-01-06,Y+2,2027-01-01,2027-12-31,-0.537,
07/01/2025,2025-01-07,D+1,2025-01-08,2025-01-08,0.307,47.54
07/01/2025,2025-01-07,D+2,2025-01-09,2025-01-09,0.303,
07/01/2025,2025-01-07,D+3,2025-01-10,2025-01-10,0.3,
07/01/2025,2025-01-07,W,2025-10-01,2026-03-31,-0.585,
07/01/2025,2025-01-07,BoM,2025-01-08,2025-01-31,0.23,
07/01/2025,2025-01-07,M+1,2025-02-01,2025-02-28,0.175,
07/01/2025,2025-01-07,M+2,2025-03-01,2025-03-31,0.1,
07/01/2025,2025-01-07,M+3,2025-04-01,2025-04-30,-0.417,
07/01/2025,2025-01-07,Q+1,2025-04-01,2025-06-30,-0.462,
07/01/2025,2025-01-07,Q+2,2025-07-01,2025-09-30,-0.358,
07/01/2025,2025-01-07,Q+3,2025-10-01,2025-12-31,-0.359,
07/01/2025,2025-01-07,Q+4,2026-01-01,2026-03-31,-0.95,
07/01/2025,2025-01-07,S,2026-04-01,2026-09-30,-0.776,
07/01/2025,2025-01-07,Y+1,2026-01-01,2026-12-31,-0.775,
07/01/2025,2025-01-07,Y+2,2027-01-01,2027-12-31,-0.53,
08/01/2025,2025-01-08,D+1,2025-01-09,2025-01-09,0.246,45.61
08/01/2025,2025-01-08,D+2,2025-01-10,2025-01-10,0.242,
08/01/2025,2025-01-08,D+3,2025-01-11,2025-01-11,0.238,
08/01/2025,2025-01-08,W,2025-10-01,2026-03-31,-0.575,
08/01/2025,2025-01-08,BoM,2025-01-09,2025-01-31,1.949,
08/01/2025,2025-01-08,M+1,2025-02-01,2025-02-28,0.1,
08/01/2025,2025-01-08,M+2,2025-03-01,2025-03-31,0.062,
08/01/2025,2025-01-08,M+3,2025-04-01,2025-04-30,-0.235,
08/01/2025,2025-01-08,Q+1,2025-04-01,2025-06-30,-0.45,
08/01/2025,2025-01-08,Q+2,2025-07-01,2025-09-30,-0.344,
08/01/2025,2025-01-08,Q+3,2025-10-01,2025-12-31,-0.305,
08/01/2025,2025-01-08,Q+4,2026-01-01,2026-03-31,-0.834,
08/01/2025,2025-01-08,S,2026-04-01,2026-09-30,-0.747,
08/01/2025,2025-01-08,Y+1,2026-01-01,2026-12-31,-0.775,
08/01/2025,2025-01-08,Y+2,2027-01-01,2027-12-31,-0.664,
09/01/2025,2025-01-09,D+1,2025-01-10,2025-01-10,-0.219,45.32
09/01/2025,2025-01-09,D+2,2025-01-11,2025-01-11,-0.213,
09/01/2025,2025-01-09,D+3,2025-01-12,2025-01-12,-0.207,
09/01/2025,2025-01-09,W,2025-10-01,2026-03-31,-0.542,
09/01/2025,2025-01-09,BoM,2025-01-10,2025-01-31,-0.153,
09/01/2025,2025-01-09,M+1,2025-02-01,2025-02-28,-0.012,
09/01/2025,2025-01-09,M+2,2025-03-01,2025-03-31,-0.025,
09/01/2025,2025-01-09,M+3,2025-04-01,2025-04-30,-0.329,
09/01/2025,2025-01-09,Q+1,2025-04-01,2025-06-30,-0.425,
09/01/2025,2025-01-09,Q+2,2025-07-01,2025-09-30,-0.264,
09/01/2025,2025-01-09,Q+3,2025-10-01,2025-12-31,-0.212,
09/01/2025,2025-01-09,Q+4,2026-01-01,2026-03-31,-0.738,
09/01/2025,2025-01-09,S,2026-04-01,2026-09-30,-0.687,
09/01/2025,2025-01-09,Y+1,2026-01-01,2026-12-31,-0.725,
09/01/2025,2025-01-09,Y+2,2027-01-01,2027-12-31,-0.531,
10/01/2025,2025-01-10,D+1,2025-01-11,2025-01-11,-0.369,45.76
10/01/2025,2025-01-10,D+2,2025-01-12,2025-01-12,-0.36,
10/01/2025,2025-01-10,D+3,2025-01-13,2025-01-13,-0.352,
10/01/2025,2025-01-10,W,2025-10-01,2026-03-31,-0.432,
10/01/2025,2025-01-10,BoM,2025-01-11,2025-01-31,-0.357,
10/01/2025,2025-01-10,M+1,2025-02-01,2025-02-28,-0.087,
10/01/2025,2025-01-10,M+2,2025-03-01,2025-03-31,-0.025,
10/01/2025,2025-01-10,M+3,2025-04-01,2025-04-30,-0.351,
10/01/2025,2025-01-10,Q+1,2025-04-01,2025-06-30,-0.45,
10/01/2025,2025-01-10,Q+2,2025-07-01,2025-09-30,-0.316,
10/01/2025,2025-01-10,Q+3,2025-10-01,2025-12-31,-0.288,
10/01/2025,2025-01-10,Q+4,2026-01-01,2026-03-31,-0.621,
10/01/2025,2025-01-10,S,2026-04-01,2026-09-30,-0.477,
10/01/2025,2025-01-10,Y+1,2026-01-01,2026-12-31,-0.75,
10/01/2025,2025-01-10,Y+2,2027-01-01,2027-12-31,-0.275,
13/01/2025,2025-01-13,D+1,2025-01-14,2025-01-14,-0.491,49.25
13/01/2025,2025-01-13,D+2,2025-01-15,2025-01-15,-0.478,
13/01/2025,2025-01-13,D+3,2025-01-16,2025-01-16,-0.465,
13/01/2025,2025-01-13,W,2025-10-01,2026-03-31,-0.37,
13/01/2025,2025-01-13,BoM,2025-01-14,2025-01-31,-0.439,
13/01/2025,2025-01-13,M+1,2025-02-01,2025-02-28,-0.087,
13/01/2025,2025-01-13,M+2,2025-03-01,2025-03-31,-0.025,
13/01/2025,2025-01-13,M+3,2025-04-01,2025-04-30,-0.518,
13/01/2025,2025-01-13,Q+1,2025-04-01,2025-06-30,-0.45,
13/01/2025,2025-01-13,Q+2,2025-07-01,2025-09-30,0.002,
13/01/2025,2025-01-13,Q+3,2025-10-01,2025-12-31,-0.003,
13/01/2025,2025-01-13,Q+4,2026-01-01,2026-03-31,-0.718,
13/01/2025,2025-01-13,S,2026-04-01,2026-09-30,-0.647,
13/01/2025,2025-01-13,Y+1,2026-01-01,2026-12-31,-0.75,
13/01/2025,2025-01-13,Y+2,2027-01-01,2027-12-31,-0.465,
14/01/2025,2025-01-14,D+1,2025-01-15,2025-01-15,-0.268,47.7
14/01/2025,2025-01-14,D+2,2025-01-16,2025-01-16,-0.261,
14/01/2025,2025-01-14,D+3,2025-01-17,2025-01-17,-0.253,
14/01/2025,2025-01-14,W,2025-10-01,2026-03-31,-0.585,
14/01/2025,2025-01-14,BoM,2025-01-15,2025-01-31,-0.258,
14/01/2025,2025-01-14,M+1,2025-02-01,2025-02-28,-0.05,
14/01/2025,2025-01-14,M+2,2025-03-01,2025-03-31,-0.025,
14/01/2025,2025-01-14,M+3,2025-04-01,2025-04-30,-0.386,
14/01/2025,2025-01-14,Q+1,2025-04-01,2025-06-30,-0.425,
14/01/2025,2025-01-14,Q+2,2025-07-01,2025-09-30,-0.383,
14/01/2025,2025-01-14,Q+3,2025-10-01,2025-12-31,-0.388,
14/01/2025,2025-01-14,Q+4,2026-01-01,2026-03-31,-0.918,
14/01/2025,2025-01-14,S,2026-04-01,2026-09-30,-0.749,
14/01/2025,2025-01-14,Y+1,2026-01-01,2026-12-31,-0.75,
14/01/2025,2025-01-14,Y+2,2027-01-01,2027-12-31,-0.574,
15/01/2025,2025-01-15,D+1,2025-01-16,2025-01-16,-0.082,47.3
15/01/2025,2025-01-15,D+2,2025-01-17,2025-01-17,-0.083,
15/01/2025,2025-01-15,D+3,2025-01-18,2025-01-18,-0.083,
15/01/2025,2025-01-15,W,2025-10-01,2026-03-31,-0.735,
15/01/2025,2025-01-15,BoM,2025-01-16,2025-01-31,-0.11,
15/01/2025,2025-01-15,M+1,2025-02-01,2025-02-28,-0.1,
15/01/2025,2025-01-15,M+2,2025-03-01,2025-03-31,-0.062,
15/01/2025,2025-01-15,M+3,2025-04-01,2025-04-30,-0.452,
15/01/2025,2025-01-15,Q+1,2025-04-01,2025-06-30,-0.45,
15/01/2025,2025-01-15,Q+2,2025-07-01,2025-09-30,-0.595,
15/01/2025,2025-01-15,Q+3,2025-10-01,2025-12-31,-0.555,
15/01/2025,2025-01-15,Q+4,2026-01-01,2026-03-31,-0.888,
15/01/2025,2025-01-15,S,2026-04-01,2026-09-30,-0.812,
15/01/2025,2025-01-15,Y+1,2026-01-01,2026-12-31,-0.775,
15/01/2025,2025-01-15,Y+2,2027-01-01,2027-12-31,-0.624,
16/01/2025,2025-01-16,D+1,2025-01-17,2025-01-17,-0.459,46.83
16/01/2025,2025-01-16,D+2,2025-01-18,2025-01-18,-0.448,
16/01/2025,2025-01-16,D+3,2025-01-19,2025-01-19,-0.437,
16/01/2025,2025-01-16,W,2025-10-01,2026-03-31,-0.722,
16/01/2025,2025-01-16,BoM,2025-01-17,2025-01-31,-0.198,
16/01/2025,2025-01-16,M+1,2025-02-01,2025-02-28,-0.15,
16/01/2025,2025-01-16,M+2,2025-03-01,2025-03-31,-0.062,
16/01/2025,2025-01-16,M+3,2025-04-01,2025-04-30,-0.429,
16/01/2025,2025-01-16,Q+1,2025-04-01,2025-06-30,-0.45,
16/01/2025,2025-01-16,Q+2,2025-07-01,2025-09-30,-0.49,
16/01/2025,2025-01-16,Q+3,2025-10-01,2025-12-31,-0.458,
16/01/2025,2025-01-16,Q+4,2026-01-01,2026-03-31,-0.961,
16/01/2025,2025-01-16,S,2026-04-01,2026-09-30,-0.784,
16/01/2025,2025-01-16,Y+1,2026-01-01,2026-12-31,-0.775,
16/01/2025,2025-01-16,Y+2,2027-01-01,2027-12-31,-0.66,
17/01/2025,2025-01-17,D+1,2025-01-18,2025-01-18,-0.954,48.19
17/01/2025,2025-01-17,D+2,2025-01-19,2025-01-19,-0.928,
17/01/2025,2025-01-17,D+3,2025-01-20,2025-01-20,-0.901,
17/01/2025,2025-01-17,W,2025-10-01,2026-03-31,-0.528,
17/01/2025,2025-01-17,BoM,2025-01-18,2025-01-31,-0.78,
17/01/2025,2025-01-17,M+1,2025-02-01,2025-02-28,-0.238,
17/01/2025,2025-01-17,M+2,2025-03-01,2025-03-31,-0.113,
17/01/2025,2025-01-17,M+3,2025-04-01,2025-04-30,-0.384,
17/01/2025,2025-01-17,Q+1,2025-04-01,2025-06-30,-0.45,
17/01/2025,2025-01-17,Q+2,2025-07-01,2025-09-30,-0.384,
17/01/2025,2025-01-17,Q+3,2025-10-01,2025-12-31,-0.348,
17/01/2025,2025-01-17,Q+4,2026-01-01,2026-03-31,-0.743,
17/01/2025,2025-01-17,S,2026-04-01,2026-09-30,-0.647,
17/01/2025,2025-01-17,Y+1,2026-01-01,2026-12-31,-0.775,
17/01/2025,2025-01-17,Y+2,2027-01-01,2027-12-31,-0.54,
20/01/2025,2025-01-20,D+1,2025-01-21,2025-01-21,-1.237,49.6
20/01/2025,2025-01-20,D+2,2025-01-22,2025-01-22,-1.195,
20/01/2025,2025-01-20,D+3,2025-01-23,2025-01-23,-1.154,
20/01/2025,2025-01-20,W,2025-10-01,2026-03-31,-0.588,
20/01/2025,2025-01-20,BoM,2025-01-21,2025-01-31,-1.072,
20/01/2025,2025-01-20,M+1,2025-02-01,2025-02-28,-0.238,
20/01/2025,2025-01-20,M+2,2025-03-01,2025-03-31,-0.113,
20/01/2025,2025-01-20,M+3,2025-04-01,2025-04-30,-0.473,
20/01/2025,2025-01-20,Q+1,2025-04-01,2025-06-30,-0.425,
20/01/2025,2025-01-20,Q+2,2025-07-01,2025-09-30,-0.379,
20/01/2025,2025-01-20,Q+3,2025-10-01,2025-12-31,-0.249,
20/01/2025,2025-01-20,Q+4,2026-01-01,2026-03-31,-0.902,
20/01/2025,2025-01-20,S,2026-04-01,2026-09-30,-0.806,
20/01/2025,2025-01-20,Y+1,2026-01-01,2026-12-31,-0.775,
20/01/2025,2025-01-20,Y+2,2027-01-01,2027-12-31,-0.663,
21/01/2025,2025-01-21,D+1,2025-01-22,2025-01-22,0.043,50.41
21/01/2025,2025-01-21,D+2,2025-01-23,2025-01-23,0.028,
21/01/2025,2025-01-21,D+3,2025-01-24,2025-01-24,0.012,
21/01/2025,2025-01-21,W,2025-10-01,2026-03-31,-0.726,
21/01/2025,2025-01-21,BoM,2025-01-22,2025-01-31,-0.021,
21/01/2025,2025-01-21,M+1,2025-02-01,2025-02-28,-0.312,
21/01/2025,2025-01-21,M+2,2025-03-01,2025-03-31,-0.425,
21/01/2025,2025-01-21,M+3,2025-04-01,2025-04-30,-0.566,
21/01/2025,2025-01-21,Q+1,2025-04-01,2025-06-30,-0.475,
21/01/2025,2025-01-21,Q+2,2025-07-01,2025-09-30,-0.532,
21/01/2025,2025-01-21,Q+3,2025-10-01,2025-12-31,-0.598,
21/01/2025,2025-01-21,Q+4,2026-01-01,2026-03-31,-0.901,
21/01/2025,2025-01-21,S,2026-04-01,2026-09-30,-0.818,
21/01/2025,2025-01-21,Y+1,2026-01-01,2026-12-31,-0.775,
21/01/2025,2025-01-21,Y+2,2027-01-01,2027-12-31,-0.677,
22/01/2025,2025-01-22,D+1,2025-01-23,2025-01-23,-1.187,48.84
22/01/2025,2025-01-22,D+2,2025-01-24,2025-01-24,-1.15,
22/01/2025,2025-01-22,D+3,2025-01-25,2025-01-25,-1.112,
22/01/2025,2025-01-22,W,2025-10-01,2026-03-31,-0.604,
22/01/2025,2025-01-22,BoM,2025-01-23,2025-01-31,-1.078,
22/01/2025,2025-01-22,M+1,2025-02-01,2025-02-28,-0.362,
22/01/2025,2025-01-22,M+2,2025-03-01,2025-03-31,-0.563,
22/01/2025,2025-01-22,M+3,2025-04-01,2025-04-30,-0.539,
22/01/2025,2025-01-22,Q+1,2025-04-01,2025-06-30,-0.5,
22/01/2025,2025-01-22,Q+2,2025-07-01,2025-09-30,-0.491,
22/01/2025,2025-01-22,Q+3,2025-10-01,2025-12-31,-0.43,
22/01/2025,2025-01-22,Q+4,2026-01-01,2026-03-31,-0.798,
22/01/2025,2025-01-22,S,2026-04-01,2026-09-30,-0.714,
22/01/2025,2025-01-22,Y+1,2026-01-01,2026-12-31,-0.725,
22/01/2025,2025-01-22,Y+2,2027-01-01,2027-12-31,-0.579,
23/01/2025,2025-01-23,D+1,2025-01-24,2025-01-24,-0.644,48.66
23/01/2025,2025-01-23,D+2,2025-01-25,2025-01-25,-0.644,
23/01/2025,2025-01-23,D+3,2025-01-26,2025-01-26,-0.645,
23/01/2025,2025-01-23,W,2025-10-01,2026-03-31,-0.849,
23/01/2025,2025-01-23,BoM,2025-01-24,2025-01-31,-0.673,
23/01/2025,2025-01-23,M+1,2025-02-01,2025-02-28,-0.65,
23/01/2025,2025-01-23,M+2,2025-03-01,2025-03-31,-0.7,
23/01/2025,2025-01-23,M+3,2025-04-01,2025-04-30,-0.895,
23/01/2025,2025-01-23,Q+1,2025-04-01,2025-06-30,-0.75,
23/01/2025,2025-01-23,Q+2,2025-07-01,2025-09-30,-1.01,
23/01/2025,2025-01-23,Q+3,2025-10-01,2025-12-31,-0.862,
23/01/2025,2025-01-23,Q+4,2026-01-01,2026-03-31,-0.819,
23/01/2025,2025-01-23,S,2026-04-01,2026-09-30,-0.734,
23/01/2025,2025-01-23,Y+1,2026-01-01,2026-12-31,-0.725,
23/01/2025,2025-01-23,Y+2,2027-01-01,2027-12-31,-0.666,
24/01/2025,2025-01-24,D+1,2025-01-25,2025-01-25,-0.638,49.15
24/01/2025,2025-01-24,D+2,2025-01-26,2025-01-26,-0.645,
24/01/2025,2025-01-24,D+3,2025-01-27,2025-01-27,-0.652,
24/01/2025,2025-01-24,W,2025-10-01,2026-03-31,-0.864,
24/01/2025,2025-01-24,BoM,2025-01-25,2025-01-31,-0.663,
24/01/2025,2025-01-24,M+1,2025-02-01,2025-02-28,-0.75,
24/01/2025,2025-01-24,M+2,2025-03-01,2025-03-31,-0.775,
24/01/2025,2025-01-24,M+3,2025-04-01,2025-04-30,-0.902,
24/01/2025,2025-01-24,Q+1,2025-04-01,2025-06-30,-0.95,
24/01/2025,2025-01-24,Q+2,2025-07-01,2025-09-30,-0.958,
24/01/2025,2025-01-24,Q+3,2025-10-01,2025-12-31,-0.857,
24/01/2025,2025-01-24,Q+4,2026-01-01,2026-03-31,-0.838,
24/01/2025,2025-01-24,S,2026-04-01,2026-09-30,-0.734,
24/01/2025,2025-01-24,Y+1,2026-01-01,2026-12-31,-0.75,
24/01/2025,2025-01-24,Y+2,2027-01-01,2027-12-31,-0.56,
27/01/2025,2025-01-27,D+1,2025-01-28,2025-01-28,-0.897,47.68
27/01/2025,2025-01-27,D+2,2025-01-29,2025-01-29,-0.891,
27/01/2025,2025-01-27,D+3,2025-01-30,2025-01-30,-0.886,
27/01/2025,2025-01-27,W,2025-10-01,2026-03-31,-0.891,
27/01/2025,2025-01-27,BoM,2025-01-28,2025-01-31,-0.907,
27/01/2025,2025-01-27,M+1,2025-02-01,2025-02-28,-0.8,
27/01/2025,2025-01-27,M+2,2025-03-01,2025-03-31,-1.013,
27/01/2025,2025-01-27,M+3,2025-04-01,2025-04-30,-1.018,
27/01/2025,2025-01-27,Q+1,2025-04-01,2025-06-30,-1.05,
27/01/2025,2025-01-27,Q+2,2025-07-01,2025-09-30,-1.105,
27/01/2025,2025-01-27,Q+3,2025-10-01,2025-12-31,-1.023,
27/01/2025,2025-01-27,Q+4,2026-01-01,2026-03-31,-0.775,
27/01/2025,2025-01-27,S,2026-04-01,2026-09-30,-0.659,
27/01/2025,2025-01-27,Y+1,2026-01-01,2026-12-31,-0.58,
27/01/2025,2025-01-27,Y+2,2027-01-01,2027-12-31,-0.583,
28/01/2025,2025-01-28,D+1,2025-01-29,2025-01-29,-0.842,48.37
28/01/2025,2025-01-28,D+2,2025-01-30,2025-01-30,-0.84,
28/01/2025,2025-01-28,D+3,2025-01-31,2025-01-31,-0.838,
28/01/2025,2025-01-28,W,2025-10-01,2026-03-31,-0.846,
28/01/2025,2025-01-28,M+1,2025-02-01,2025-02-28,-0.812,
28/01/2025,2025-01-28,M+2,2025-03-01,2025-03-31,-1.025,
28/01/2025,2025-01-28,M+3,2025-04-01,2025-04-30,-1.036,
28/01/2025,2025-01-28,Q+1,2025-04-01,2025-06-30,-1.075,
28/01/2025,2025-01-28,Q+2,2025-07-01,2025-09-30,-0.88,
28/01/2025,2025-01-28,Q+3,2025-10-01,2025-12-31,-0.896,
28/01/2025,2025-01-28,Q+4,2026-01-01,2026-03-31,-0.768,
28/01/2025,2025-01-28,S,2026-04-01,2026-09-30,-0.672,
28/01/2025,2025-01-28,Y+1,2026-01-01,2026-12-31,-0.75,
28/01/2025,2025-01-28,Y+2,2027-01-01,2027-12-31,-0.467,
29/01/2025,2025-01-29,D+1,2025-01-30,2025-01-30,-1.073,51.37
29/01/2025,2025-01-29,D+2,2025-01-31,2025-01-31,-1.06,
29/01/2025,2025-01-29,D+3,2025-02-01,2025-02-01,-1.047,
29/01/2025,2025-01-29,W,2025-10-01,2026-03-31,-0.837,
29/01/2025,2025-01-29,M+1,2025-02-01,2025-02-28,-0.875,
29/01/2025,2025-01-29,M+2,2025-03-01,2025-03-31,-0.975,
29/01/2025,2025-01-29,M+3,2025-04-01,2025-04-30,-0.944,
29/01/2025,2025-01-29,Q+1,2025-04-01,2025-06-30,-1.075,
29/01/2025,2025-01-29,Q+2,2025-07-01,2025-09-30,-0.846,
29/01/2025,2025-01-29,Q+3,2025-10-01,2025-12-31,-0.759,
29/01/2025,2025-01-29,Q+4,2026-01-01,2026-03-31,-0.915,
29/01/2025,2025-01-29,S,2026-04-01,2026-09-30,-0.643,
29/01/2025,2025-01-29,Y+1,2026-01-01,2026-12-31,-0.715,
29/01/2025,2025-01-29,Y+2,2027-01-01,2027-12-31,-0.625,
30/01/2025,2025-01-30,D+1,2025-01-31,2025-01-31,-1.104,52.01
30/01/2025,2025-01-30,D+2,2025-02-01,2025-02-01,-1.093,
30/01/2025,2025-01-30,D+3,2025-02-02,2025-02-02,-1.082,
30/01/2025,2025-01-30,W,2025-10-01,2026-03-31,-0.957,
30/01/2025,2025-01-30,M+1,2025-02-01,2025-02-28,-0.95,
30/01/2025,2025-01-30,M+2,2025-03-01,2025-03-31,-1.05,
30/01/2025,2025-01-30,M+3,2025-04-01,2025-04-30,-1.256,
30/01/2025,2025-01-30,Q+1,2025-04-01,2025-06-30,-1.1,
30/01/2025,2025-01-30,Q+2,2025-07-01,2025-09-30,-1.231,
30/01/2025,2025-01-30,Q+3,2025-10-01,2025-12-31,-0.983,
30/01/2025,2025-01-30,Q+4,2026-01-01,2026-03-31,-0.876,
30/01/2025,2025-01-30,S,2026-04-01,2026-09-30,-0.766,
30/01/2025,2025-01-30,Y+1,2026-01-01,2026-12-31,-0.815,
30/01/2025,2025-01-30,Y+2,2027-01-01,2027-12-31,-0.568,
31/01/2025,2025-01-31,D+1,2025-02-01,2025-02-01,-1.207,53.26
31/01/2025,2025-01-31,D+2,2025-02-02,2025-02-02,-1.197,
31/01/2025,2025-01-31,D+3,2025-02-03,2025-02-03,-1.187,
31/01/2025,2025-01-31,W,2025-10-01,2026-03-31,-0.706,
31/01/2025,2025-01-31,M+1,2025-02-01,2025-02-28,-1.075,
31/01/2025,2025-01-31,M+2,2025-03-01,2025-03-31,-1.125,
31/01/2025,2025-01-31,M+3,2025-04-01,2025-04-30,-1.25,
31/01/2025,2025-01-31,Q+1,2025-04-01,2025-06-30,-1.15,
31/01/2025,2025-01-31,Q+2,2025-07-01,2025-09-30,-0.787,
31/01/2025,2025-01-31,Q+3,2025-10-01,2025-12-31,-0.763,
31/01/2025,2025-01-31,Q+4,2026-01-01,2026-03-31,-0.693,
31/01/2025,2025-01-31,S,2026-04-01,2026-09-30,-0.766,
31/01/2025,2025-01-31,Y+1,2026-01-01,2026-12-31,-0.9,
31/01/2025,2025-01-31,Y+2,2027-01-01,2027-12-31,-0.497,
03/02/2025,2025-02-03,D+1,2025-02-04,2025-02-04,-1.312,54.08
03/02/2025,2025-02-03,D+2,2025-02-05,2025-02-05,-1.315,
03/02/2025,2025-02-03,D+3,2025-02-06,2025-02-06,-1.319,
03/02/2025,2025-02-03,W,2025-10-01,2026-03-31,-1.011,
03/02/2025,2025-02-03,BoM,2025-02-04,2025-02-28,-1.626,
03/02/2025,2025-02-03,M+1,2025-03-01,2025-03-31,-1.45,
03/02/2025,2025-02-03,M+2,2025-04-01,2025-04-30,-1.5,
03/02/2025,2025-02-03,M+3,2025-05-01,2025-05-31,-1.282,
03/02/2025,2025-02-03,Q+1,2025-04-01,2025-06-30,-1.5,
03/02/2025,2025-02-03,Q+2,2025-07-01,2025-09-30,-1.022,
03/02/2025,2025-02-03,Q+3,2025-10-01,2025-12-31,-1.021,
03/02/2025,2025-02-03,Q+4,2026-01-01,2026-03-31,-1.005,
03/02/2025,2025-02-03,S,2026-04-01,2026-09-30,-0.9,
03/02/2025,2025-02-03,Y+1,2026-01-01,2026-12-31,-0.9,
03/02/2025,2025-02-03,Y+2,2027-01-01,2027-12-31,-0.499,
04/02/2025,2025-02-04,D+1,2025-02-05,2025-02-05,-0.658,52.2
04/02/2025,2025-02-04,D+2,2025-02-06,2025-02-06,-0.678,
04/02/2025,2025-02-04,D+3,2025-02-07,2025-02-07,-0.699,
04/02/2025,2025-02-04,W,2025-10-01,2026-03-31,-1.064,
04/02/2025,2025-02-04,BoM,2025-02-05,2025-02-28,-0.95,
04/02/2025,2025-02-04,M+1,2025-03-01,2025-03-31,-1.438,
04/02/2025,2025-02-04,M+2,2025-04-01,2025-04-30,-1.625,
04/02/2025,2025-02-04,M+3,2025-05-01,2025-05-31,-1.502,
04/02/2025,2025-02-04,Q+1,2025-04-01,2025-06-30,-1.6,
04/02/2025,2025-02-04,Q+2,2025-07-01,2025-09-30,-1.331,
04/02/2025,2025-02-04,Q+3,2025-10-01,2025-12-31,-1.113,
04/02/2025,2025-02-04,Q+4,2026-01-01,2026-03-31,-0.993,
04/02/2025,2025-02-04,S,2026-04-01,2026-09-30,-0.86,
04/02/2025,2025-02-04,Y+1,2026-01-01,2026-12-31,-0.956,
04/02/2025,2025-02-04,Y+2,2027-01-01,2027-12-31,-0.663,
05/02/2025,2025-02-05,D+1,2025-02-06,2025-02-06,-0.694,53.56
05/02/2025,2025-02-05,D+2,2025-02-07,2025-02-07,-0.719,
05/02/2025,2025-02-05,D+3,2025-02-08,2025-02-08,-0.744,
05/02/2025,2025-02-05,W,2025-10-01,2026-03-31,-1.101,
05/02/2025,2025-02-05,BoM,2025-02-06,2025-02-28,-0.974,
05/02/2025,2025-02-05,M+1,2025-03-01,2025-03-31,-1.625,
05/02/2025,2025-02-05,M+2,2025-04-01,2025-04-30,-1.675,
05/02/2025,2025-02-05,M+3,2025-05-01,2025-05-31,-1.765,
05/02/2025,2025-02-05,Q+1,2025-04-01,2025-06-30,-1.575,
05/02/2025,2025-02-05,Q+2,2025-07-01,2025-09-30,-1.347,
05/02/2025,2025-02-05,Q+3,2025-10-01,2025-12-31,-1.206,
05/02/2025,2025-02-05,Q+4,2026-01-01,2026-03-31,-0.996,
05/02/2025,2025-02-05,S,2026-04-01,2026-09-30,-0.883,
05/02/2025,2025-02-05,Y+1,2026-01-01,2026-12-31,-0.958,
05/02/2025,2025-02-05,Y+2,2027-01-01,2027-12-31,-0.73,
06/02/2025,2025-02-06,D+1,2025-02-07,2025-02-07,-0.68,54.43
06/02/2025,2025-02-06,D+2,2025-02-08,2025-02-08,-0.705,
06/02/2025,2025-02-06,D+3,2025-02-09,2025-02-09,-0.729,
06/02/2025,2025-02-06,W,2025-10-01,2026-03-31,-1.075,
06/02/2025,2025-02-06,BoM,2025-02-07,2025-02-28,-0.935,
06/02/2025,2025-02-06,M+1,2025-03-01,2025-03-31,-1.575,
06/02/2025,2025-02-06,M+2,2025-04-01,2025-04-30,-1.725,
06/02/2025,2025-02-06,M+3,2025-05-01,2025-05-31,-1.458,
06/02/2025,2025-02-06,Q+1,2025-04-01,2025-06-30,-1.55,
06/02/2025,2025-02-06,Q+2,2025-07-01,2025-09-30,-1.53,
06/02/2025,2025-02-06,Q+3,2025-10-01,2025-12-31,-1.281,
06/02/2025,2025-02-06,Q+4,2026-01-01,2026-03-31,-0.801,
06/02/2025,2025-02-06,S,2026-04-01,2026-09-30,-0.823,
06/02/2025,2025-02-06,Y+1,2026-01-01,2026-12-31,-0.9,
06/02/2025,2025-02-06,Y+2,2027-01-01,2027-12-31,-0.91,
07/02/2025,2025-02-07,D+1,2025-02-08,2025-02-08,-0.914,55.58
07/02/2025,2025-02-07,D+2,2025-02-09,2025-02-09,-0.934,
07/02/2025,2025-02-07,D+3,2025-02-10,2025-02-10,-0.953,
07/02/2025,2025-02-07,W,2025-10-01,2026-03-31,-1.058,
07/02/2025,2025-02-07,BoM,2025-02-08,2025-02-28,-1.112,
07/02/2025,2025-02-07,M+1,2025-03-01,2025-03-31,-1.6,
07/02/2025,2025-02-07,M+2,2025-04-01,2025-04-30,-1.788,
07/02/2025,2025-02-07,M+3,2025-05-01,2025-05-31,-1.639,
07/02/2025,2025-02-07,Q+1,2025-04-01,2025-06-30,-1.675,
07/02/2025,2025-02-07,Q+2,2025-07-01,2025-09-30,-1.347,
07/02/2025,2025-02-07,Q+3,2025-10-01,2025-12-31,-1.258,
07/02/2025,2025-02-07,Q+4,2026-01-01,2026-03-31,-0.912,
07/02/2025,2025-02-07,S,2026-04-01,2026-09-30,-0.818,
07/02/2025,2025-02-07,Y+1,2026-01-01,2026-12-31,-0.95,
07/02/2025,2025-02-07,Y+2,2027-01-01,2027-12-31,-0.541,
10/02/2025,2025-02-10,D+1,2025-02-11,2025-02-11,-1.124,58.34
10/02/2025,2025-02-10,D+2,2025-02-12,2025-02-12,-1.137,
10/02/2025,2025-02-10,D+3,2025-02-13,2025-02-13,-1.151,
10/02/2025,2025-02-10,W,2025-10-01,2026-03-31,-1.214,
10/02/2025,2025-02-10,BoM,2025-02-11,2025-02-28,-1.204,
10/02/2025,2025-02-10,M+1,2025-03-01,2025-03-31,-1.562,
10/02/2025,2025-02-10,M+2,2025-04-01,2025-04-30,-1.7,
10/02/2025,2025-02-10,M+3,2025-05-01,2025-05-31,-1.52,
10/02/2025,2025-02-10,Q+1,2025-04-01,2025-06-30,-1.575,
10/02/2025,2025-02-10,Q+2,2025-07-01,2025-09-30,-1.451,
10/02/2025,2025-02-10,Q+3,2025-10-01,2025-12-31,-1.462,
10/02/2025,2025-02-10,Q+4,2026-01-01,2026-03-31,-0.989,
10/02/2025,2025-02-10,S,2026-04-01,2026-09-30,-0.868,
10/02/2025,2025-02-10,Y+1,2026-01-01,2026-12-31,-0.95,
10/02/2025,2025-02-10,Y+2,2027-01-01,2027-12-31,-0.663,
11/02/2025,2025-02-11,D+1,2025-02-12,2025-02-12,-0.929,57.54
11/02/2025,2025-02-11,D+2,2025-02-13,2025-02-13,-0.952,
11/02/2025,2025-02-11,D+3,2025-02-14,2025-02-14,-0.974,
11/02/2025,2025-02-11,W,2025-10-01,2026-03-31,-1.113,
11/02/2025,2025-02-11,BoM,2025-02-12,2025-02-28,-1.101,
11/02/2025,2025-02-11,M+1,2025-03-01,2025-03-31,-1.638,
11/02/2025,2025-02-11,M+2,2025-04-01,2025-04-30,-1.775,
11/02/2025,2025-02-11,M+3,2025-05-01,2025-05-31,-1.549,
11/02/2025,2025-02-11,Q+1,2025-04-01,2025-06-30,-1.625,
11/02/2025,2025-02-11,Q+2,2025-07-01,2025-09-30,-1.374,
11/02/2025,2025-02-11,Q+3,2025-10-01,2025-12-31,-1.37,
11/02/2025,2025-02-11,Q+4,2026-01-01,2026-03-31,-1.012,
11/02/2025,2025-02-11,S,2026-04-01,2026-09-30,-0.849,
11/02/2025,2025-02-11,Y+1,2026-01-01,2026-12-31,-1.0,
11/02/2025,2025-02-11,Y+2,2027-01-01,2027-12-31,-0.69,
12/02/2025,2025-02-12,D+1,2025-02-13,2025-02-13,-1.27,55.99
12/02/2025,2025-02-12,D+2,2025-02-14,2025-02-14,-1.282,
12/02/2025,2025-02-12,D+3,2025-02-15,2025-02-15,-1.294,
12/02/2025,2025-02-12,W,2025-10-01,2026-03-31,-1.557,
12/02/2025,2025-02-12,BoM,2025-02-13,2025-02-28,-1.347,
12/02/2025,2025-02-12,M+1,2025-03-01,2025-03-31,-1.638,
12/02/2025,2025-02-12,M+2,2025-04-01,2025-04-30,-1.8,
12/02/2025,2025-02-12,M+3,2025-05-01,2025-05-31,-2.368,
12/02/2025,2025-02-12,Q+1,2025-04-01,2025-06-30,-1.675,
12/02/2025,2025-02-12,Q+2,2025-07-01,2025-09-30,-2.241,
12/02/2025,2025-02-12,Q+3,2025-10-01,2025-12-31,-1.98,
12/02/2025,2025-02-12,Q+4,2026-01-01,2026-03-31,-0.96,
12/02/2025,2025-02-12,S,2026-04-01,2026-09-30,-0.78,
12/02/2025,2025-02-12,Y+1,2026-01-01,2026-12-31,-1.1,
12/02/2025,2025-02-12,Y+2,2027-01-01,2027-12-31,-0.527,
13/02/2025,2025-02-13,D+1,2025-02-14,2025-02-14,-1.128,51.75
13/02/2025,2025-02-13,D+2,2025-02-15,2025-02-15,-1.142,
13/02/2025,2025-02-13,D+3,2025-02-16,2025-02-16,-1.156,
13/02/2025,2025-02-13,W,2025-10-01,2026-03-31,-1.026,
13/02/2025,2025-02-13,BoM,2025-02-14,2025-02-28,-1.235,
13/02/2025,2025-02-13,M+1,2025-03-01,2025-03-31,-1.538,
13/02/2025,2025-02-13,M+2,2025-04-01,2025-04-30,-1.714,
13/02/2025,2025-02-13,M+3,2025-05-01,2025-05-31,-1.585,
13/02/2025,2025-02-13,Q+1,2025-04-01,2025-06-30,-1.65,
13/02/2025,2025-02-13,Q+2,2025-07-01,2025-09-30,-0.946,
13/02/2025,2025-02-13,Q+3,2025-10-01,2025-12-31,-0.874,
13/02/2025,2025-02-13,Q+4,2026-01-01,2026-03-31,-1.097,
13/02/2025,2025-02-13,S,2026-04-01,2026-09-30,-0.8,
13/02/2025,2025-02-13,Y+1,2026-01-01,2026-12-31,-1.0,
13/02/2025,2025-02-13,Y+2,2027-01-01,2027-12-31,-0.575,
14/02/2025,2025-02-14,D+1,2025-02-15,2025-02-15,-1.168,51.33
14/02/2025,2025-02-14,D+2,2025-02-16,2025-02-16,-1.18,
14/02/2025,2025-02-14,D+3,2025-02-17,2025-02-17,-1.192,
14/02/2025,2025-02-14,W,2025-10-01,2026-03-31,-1.186,
14/02/2025,2025-02-14,BoM,2025-02-15,2025-02-28,-1.242,
14/02/2025,2025-02-14,M+1,2025-03-01,2025-03-31,-1.513,
14/02/2025,2025-02-14,M+2,2025-04-01,2025-04-30,-1.712,
14/02/2025,2025-02-14,M+3,2025-05-01,2025-05-31,-1.59,
14/02/2025,2025-02-14,Q+1,2025-04-01,2025-06-30,-1.55,
14/02/2025,2025-02-14,Q+2,2025-07-01,2025-09-30,-1.309,
14/02/2025,2025-02-14,Q+3,2025-10-01,2025-12-31,-1.278,
14/02/2025,2025-02-14,Q+4,2026-01-01,2026-03-31,-1.189,
14/02/2025,2025-02-14,S,2026-04-01,2026-09-30,-0.897,
14/02/2025,2025-02-14,Y+1,2026-01-01,2026-12-31,-0.95,
14/02/2025,2025-02-14,Y+2,2027-01-01,2027-12-31,-0.724,
17/02/2025,2025-02-17,D+1,2025-02-18,2025-02-18,-0.818,48.52
17/02/2025,2025-02-17,D+2,2025-02-19,2025-02-19,-0.845,
17/02/2025,2025-02-17,D+3,2025-02-20,2025-02-20,-0.871,
17/02/2025,2025-02-17,W,2025-10-01,2026-03-31,-0.96,
17/02/2025,2025-02-17,BoM,2025-02-18,2025-02-28,-0.205,
17/02/2025,2025-02-17,M+1,2025-03-01,2025-03-31,-1.5,
17/02/2025,2025-02-17,M+2,2025-04-01,2025-04-30,-1.538,
17/02/2025,2025-02-17,M+3,2025-05-01,2025-05-31,-1.222,
17/02/2025,2025-02-17,Q+1,2025-04-01,2025-06-30,-1.5,
17/02/2025,2025-02-17,Q+2,2025-07-01,2025-09-30,-1.095,
17/02/2025,2025-02-17,Q+3,2025-10-01,2025-12-31,-1.001,
17/02/2025,2025-02-17,Q+4,2026-01-01,2026-03-31,-0.869,
17/02/2025,2025-02-17,S,2026-04-01,2026-09-30,-0.8,
17/02/2025,2025-02-17,Y+1,2026-01-01,2026-12-31,-0.95,
17/02/2025,2025-02-17,Y+2,2027-01-01,2027-12-31,-0.8,
18/02/2025,2025-02-18,D+1,2025-02-19,2025-02-19,-0.656,49.6
18/02/2025,2025-02-18,D+2,2025-02-20,2025-02-20,-0.689,
18/02/2025,2025-02-18,D+3,2025-02-21,2025-02-21,-0.723,
18/02/2025,2025-02-18,W,2025-10-01,2026-03-31,-1.004,
18/02/2025,2025-02-18,BoM,2025-02-19,2025-02-28,-0.79,
18/02/2025,2025-02-18,M+1,2025-03-01,2025-03-31,-1.475,
18/02/2025,2025-02-18,M+2,2025-04-01,2025-04-30,-1.625,
18/02/2025,2025-02-18,M+3,2025-05-01,2025-05-31,-1.199,
18/02/2025,2025-02-18,Q+1,2025-04-01,2025-06-30,-1.4,
18/02/2025,2025-02-18,Q+2,2025-07-01,2025-09-30,-1.191,
18/02/2025,2025-02-18,Q+3,2025-10-01,2025-12-31,-1.079,
18/02/2025,2025-02-18,Q+4,2026-01-01,2026-03-31,-0.929,
18/02/2025,2025-02-18,S,2026-04-01,2026-09-30,-0.785,
18/02/2025,2025-02-18,Y+1,2026-01-01,2026-12-31,-1.0,
18/02/2025,2025-02-18,Y+2,2027-01-01,2027-12-31,-0.605,
19/02/2025,2025-02-19,D+1,2025-02-20,2025-02-20,-0.707,47.81
19/02/2025,2025-02-19,D+2,2025-02-21,2025-02-21,-0.736,
19/02/2025,2025-02-19,D+3,2025-02-22,2025-02-22,-0.765,
19/02/2025,2025-02-19,W,2025-10-01,2026-03-31,-1.305,
19/02/2025,2025-02-19,BoM,2025-02-20,2025-02-28,-0.804,
19/02/2025,2025-02-19,M+1,2025-03-01,2025-03-31,-1.388,
19/02/2025,2025-02-19,M+2,2025-04-01,2025-04-30,-1.375,
19/02/2025,2025-02-19,M+3,2025-05-01,2025-05-31,-1.541,
19/02/2025,2025-02-19,Q+1,2025-04-01,2025-06-30,-1.413,
19/02/2025,2025-02-19,Q+2,2025-07-01,2025-09-30,-1.489,
19/02/2025,2025-02-19,Q+3,2025-10-01,2025-12-31,-1.453,
19/02/2025,2025-02-19,Q+4,2026-01-01,2026-03-31,-1.131,
19/02/2025,2025-02-19,S,2026-04-01,2026-09-30,-0.9,
19/02/2025,2025-02-19,Y+1,2026-01-01,2026-12-31,-0.95,
19/02/2025,2025-02-19,Y+2,2027-01-01,2027-12-31,-0.784,
20/02/2025,2025-02-20,D+1,2025-02-21,2025-02-21,-0.288,47.15
20/02/2025,2025-02-20,D+2,2025-02-22,2025-02-22,-0.334,
20/02/2025,2025-02-20,D+3,2025-02-23,2025-02-23,-0.38,
20/02/2025,2025-02-20,W,2025-10-01,2026-03-31,-1.047,
20/02/2025,2025-02-20,BoM,2025-02-21,2025-02-28,-0.407,
20/02/2025,2025-02-20,M+1,2025-03-01,2025-03-31,-1.325,
20/02/2025,2025-02-20,M+2,2025-04-01,2025-04-30,-1.4,
20/02/2025,2025-02-20,M+3,2025-05-01,2025-05-31,-1.336,
20/02/2025,2025-02-20,Q+1,2025-04-01,2025-06-30,-1.35,
20/02/2025,2025-02-20,Q+2,2025-07-01,2025-09-30,-1.26,
20/02/2025,2025-02-20,Q+3,2025-10-01,2025-12-31,-1.186,
20/02/2025,2025-02-20,Q+4,2026-01-01,2026-03-31,-0.921,
20/02/2025,2025-02-20,S,2026-04-01,2026-09-30,-0.804,
20/02/2025,2025-02-20,Y+1,2026-01-01,2026-12-31,-0.925,
20/02/2025,2025-02-20,Y+2,2027-01-01,2027-12-31,-0.65,
21/02/2025,2025-02-21,D+1,2025-02-22,2025-02-22,-0.171,46.09
21/02/2025,2025-02-21,D+2,2025-02-23,2025-02-23,-0.223,
21/02/2025,2025-02-21,D+3,2025-02-24,2025-02-24,-0.276,
21/02/2025,2025-02-21,W,2025-10-01,2026-03-31,-1.332,
21/02/2025,2025-02-21,BoM,2025-02-22,2025-02-28,-0.464,
21/02/2025,2025-02-21,M+1,2025-03-01,2025-03-31,-1.3,
21/02/2025,2025-02-21,M+2,2025-04-01,2025-04-30,-1.35,
21/02/2025,2025-02-21,M+3,2025-05-01,2025-05-31,-1.46,
21/02/2025,2025-02-21,Q+1,2025-04-01,2025-06-30,-1.275,
21/02/2025,2025-02-21,Q+2,2025-07-01,2025-09-30,-1.601,
21/02/2025,2025-02-21,Q+3,2025-10-01,2025-12-31,-1.47,
21/02/2025,2025-02-21,Q+4,2026-01-01,2026-03-31,-1.155,
21/02/2025,2025-02-21,S,2026-04-01,2026-09-30,-1.024,
21/02/2025,2025-02-21,Y+1,2026-01-01,2026-12-31,-0.95,
21/02/2025,2025-02-21,Y+2,2027-01-01,2027-12-31,-1.015,
24/02/2025,2025-02-24,D+1,2025-02-25,2025-02-25,-0.554,47.01
24/02/2025,2025-02-24,D+2,2025-02-26,2025-02-26,-0.592,
24/02/2025,2025-02-24,D+3,2025-02-27,2025-02-27,-0.631,
24/02/2025,2025-02-24,W,2025-10-01,2026-03-31,-1.187,
24/02/2025,2025-02-24,BoM,2025-02-25,2025-02-28,-0.585,
24/02/2025,2025-02-24,M+1,2025-03-01,2025-03-31,-1.263,
24/02/2025,2025-02-24,M+2,2025-04-01,2025-04-30,-1.4,
24/02/2025,2025-02-24,M+3,2025-05-01,2025-05-31,-1.19,
24/02/2025,2025-02-24,Q+1,2025-04-01,2025-06-30,-1.312,
24/02/2025,2025-02-24,Q+2,2025-07-01,2025-09-30,-1.346,
24/02/2025,2025-02-24,Q+3,2025-10-01,2025-12-31,-1.281,
24/02/2025,2025-02-24,Q+4,2026-01-01,2026-03-31,-1.125,
24/02/2025,2025-02-24,S,2026-04-01,2026-09-30,-0.933,
24/02/2025,2025-02-24,Y+1,2026-01-01,2026-12-31,-0.982,
24/02/2025,2025-02-24,Y+2,2027-01-01,2027-12-31,-0.808,
25/02/2025,2025-02-25,D+1,2025-02-26,2025-02-26,-0.182,43.84
25/02/2025,2025-02-25,D+2,2025-02-27,2025-02-27,-0.243,
25/02/2025,2025-02-25,D+3,2025-02-28,2025-02-28,-0.304,
25/02/2025,2025-02-25,W,2025-10-01,2026-03-31,-1.155,
25/02/2025,2025-02-25,M+1,2025-03-01,2025-03-31,-1.25,
25/02/2025,2025-02-25,M+2,2025-04-01,2025-04-30,-1.4,
25/02/2025,2025-02-25,M+3,2025-05-01,2025-05-31,-1.514,
25/02/2025,2025-02-25,Q+1,2025-04-01,2025-06-30,-1.325,
25/02/2025,2025-02-25,Q+2,2025-07-01,2025-09-30,-1.333,
25/02/2025,2025-02-25,Q+3,2025-10-01,2025-12-31,-1.339,
25/02/2025,2025-02-25,Q+4,2026-01-01,2026-03-31,-1.016,
25/02/2025,2025-02-25,S,2026-04-01,2026-09-30,-1.041,
25/02/2025,2025-02-25,Y+1,2026-01-01,2026-12-31,-0.95,
25/02/2025,2025-02-25,Y+2,2027-01-01,2027-12-31,-0.877,
26/02/2025,2025-02-26,D+1,2025-02-27,2025-02-27,-0.331,41.33
26/02/2025,2025-02-26,D+2,2025-02-28,2025-02-28,-0.384,
26/02/2025,2025-02-26,D+3,2025-03-01,2025-03-01,-0.436,
26/02/2025,2025-02-26,W,2025-10-01,2026-03-31,-1.166,
26/02/2025,2025-02-26,M+1,2025-03-01,2025-03-31,-1.2,
26/02/2025,2025-02-26,M+2,2025-04-01,2025-04-30,-1.488,
26/02/2025,2025-02-26,M+3,2025-05-01,2025-05-31,-1.245,
26/02/2025,2025-02-26,Q+1,2025-04-01,2025-06-30,-1.363,
26/02/2025,2025-02-26,Q+2,2025-07-01,2025-09-30,-1.24,
26/02/2025,2025-02-26,Q+3,2025-10-01,2025-12-31,-1.217,
26/02/2025,2025-02-26,Q+4,2026-01-01,2026-03-31,-1.045,
26/02/2025,2025-02-26,S,2026-04-01,2026-09-30,-0.887,
26/02/2025,2025-02-26,Y+1,2026-01-01,2026-12-31,-0.95,
26/02/2025,2025-02-26,Y+2,2027-01-01,2027-12-31,-0.865,
27/02/2025,2025-02-27,D+1,2025-02-28,2025-02-28,-0.875,45.26
27/02/2025,2025-02-27,D+2,2025-03-01,2025-03-01,-0.891,
27/02/2025,2025-02-27,D+3,2025-03-02,2025-03-02,-0.907,
27/02/2025,2025-02-27,W,2025-10-01,2026-03-31,-1.007,
27/02/2025,2025-02-27,M+1,2025-03-01,2025-03-31,-1.125,
27/02/2025,2025-02-27,M+2,2025-04-01,2025-04-30,-1.425,
27/02/2025,2025-02-27,M+3,2025-05-01,2025-05-31,-0.845,
27/02/2025,2025-02-27,Q+1,2025-04-01,2025-06-30,-1.363,
27/02/2025,2025-02-27,Q+2,2025-07-01,2025-09-30,-0.982,
27/02/2025,2025-02-27,Q+3,2025-10-01,2025-12-31,-1.123,
27/02/2025,2025-02-27,Q+4,2026-01-01,2026-03-31,-0.95,
27/02/2025,2025-02-27,S,2026-04-01,2026-09-30,-0.865,
27/02/2025,2025-02-27,Y+1,2026-01-01,2026-12-31,-0.9,
27/02/2025,2025-02-27,Y+2,2027-01-01,2027-12-31,-0.735,
28/02/2025,2025-02-28,D+1,2025-03-01,2025-03-01,-0.322,44.51
28/02/2025,2025-02-28,D+2,2025-03-02,2025-03-02,-0.366,
28/02/2025,2025-02-28,D+3,2025-03-03,2025-03-03,-0.409,
28/02/2025,2025-02-28,W,2025-10-01,2026-03-31,-1.149,
28/02/2025,2025-02-28,M+1,2025-03-01,2025-03-31,-0.95,
28/02/2025,2025-02-28,M+2,2025-04-01,2025-04-30,-1.212,
28/02/2025,2025-02-28,M+3,2025-05-01,2025-05-31,-1.278,
28/02/2025,2025-02-28,Q+1,2025-04-01,2025-06-30,-1.275,
28/02/2025,2025-02-28,Q+2,2025-07-01,2025-09-30,-1.325,
28/02/2025,2025-02-28,Q+3,2025-10-01,2025-12-31,-1.216,
28/02/2025,2025-02-28,Q+4,2026-01-01,2026-03-31,-1.169,
28/02/2025,2025-02-28,S,2026-04-01,2026-09-30,-0.91,
28/02/2025,2025-02-28,Y+1,2026-01-01,2026-12-31,-0.9,
28/02/2025,2025-02-28,Y+2,2027-01-01,2027-12-31,-0.851,
03/03/2025,2025-03-03,D+1,2025-03-04,2025-03-04,-0.374,45.32
03/03/2025,2025-03-03,D+2,2025-03-05,2025-03-05,-0.398,
03/03/2025,2025-03-03,D+3,2025-03-06,2025-03-06,-0.422,
03/03/2025,2025-03-03,W,2025-10-01,2026-03-31,-0.859,
03/03/2025,2025-03-03,BoM,2025-03-04,2025-03-31,-0.615,
03/03/2025,2025-03-03,M+1,2025-04-01,2025-04-30,-1.388,
03/03/2025,2025-03-03,M+2,2025-05-01,2025-05-31,-1.188,
03/03/2025,2025-03-03,M+3,2025-06-01,2025-06-30,-0.989,
03/03/2025,2025-03-03,Q+1,2025-04-01,2025-06-30,-1.175,
03/03/2025,2025-03-03,Q+2,2025-07-01,2025-09-30,-0.983,
03/03/2025,2025-03-03,Q+3,2025-10-01,2025-12-31,-0.759,
03/03/2025,2025-03-03,Q+4,2026-01-01,2026-03-31,-0.969,
03/03/2025,2025-03-03,S,2026-04-01,2026-09-30,-0.566,
03/03/2025,2025-03-03,Y+1,2026-01-01,2026-12-31,-0.85,
03/03/2025,2025-03-03,Y+2,2027-01-01,2027-12-31,-0.064,
04/03/2025,2025-03-04,D+1,2025-03-05,2025-03-05,-0.355,43.64
04/03/2025,2025-03-04,D+2,2025-03-06,2025-03-06,-0.378,
04/03/2025,2025-03-04,D+3,2025-03-07,2025-03-07,-0.401,
04/03/2025,2025-03-04,W,2025-10-01,2026-03-31,-1.02,
04/03/2025,2025-03-04,BoM,2025-03-05,2025-03-31,-0.591,
04/03/2025,2025-03-04,M+1,2025-04-01,2025-04-30,-1.3,
04/03/2025,2025-03-04,M+2,2025-05-01,2025-05-31,-1.25,
04/03/2025,2025-03-04,M+3,2025-06-01,2025-06-30,-0.799,
04/03/2025,2025-03-04,Q+1,2025-04-01,2025-06-30,-1.163,
04/03/2025,2025-03-04,Q+2,2025-07-01,2025-09-30,-1.127,
04/03/2025,2025-03-04,Q+3,2025-10-01,2025-12-31,-1.074,
04/03/2025,2025-03-04,Q+4,2026-01-01,2026-03-31,-0.912,
04/03/2025,2025-03-04,S,2026-04-01,2026-09-30,-0.745,
04/03/2025,2025-03-04,Y+1,2026-01-01,2026-12-31,-0.825,
04/03/2025,2025-03-04,Y+2,2027-01-01,2027-12-31,-0.688,
05/03/2025,2025-03-05,D+1,2025-03-06,2025-03-06,-0.235,41.1
05/03/2025,2025-03-05,D+2,2025-03-07,2025-03-07,-0.259,
05/03/2025,2025-03-05,D+3,2025-03-08,2025-03-08,-0.284,
05/03/2025,2025-03-05,W,2025-10-01,2026-03-31,-0.944,
05/03/2025,2025-03-05,BoM,2025-03-06,2025-03-31,-0.485,
05/03/2025,2025-03-05,M+1,2025-04-01,2025-04-30,-1.212,
05/03/2025,2025-03-05,M+2,2025-05-01,2025-05-31,-1.25,
05/03/2025,2025-03-05,M+3,2025-06-01,2025-06-30,-1.013,
05/03/2025,2025-03-05,Q+1,2025-04-01,2025-06-30,-1.137,
05/03/2025,2025-03-05,Q+2,2025-07-01,2025-09-30,-1.04,
05/03/2025,2025-03-05,Q+3,2025-10-01,2025-12-31,-1.012,
05/03/2025,2025-03-05,Q+4,2026-01-01,2026-03-31,-0.917,
05/03/2025,2025-03-05,S,2026-04-01,2026-09-30,-0.811,
05/03/2025,2025-03-05,Y+1,2026-01-01,2026-12-31,-0.925,
05/03/2025,2025-03-05,Y+2,2027-01-01,2027-12-31,-0.775,
06/03/2025,2025-03-06,D+1,2025-03-07,2025-03-07,0.517,37.59
06/03/2025,2025-03-06,D+2,2025-03-08,2025-03-08,0.477,
06/03/2025,2025-03-06,D+3,2025-03-09,2025-03-09,0.438,
06/03/2025,2025-03-06,W,2025-10-01,2026-03-31,-0.448,
06/03/2025,2025-03-06,BoM,2025-03-07,2025-03-31,0.062,
06/03/2025,2025-03-06,M+1,2025-04-01,2025-04-30,-0.95,
06/03/2025,2025-03-06,M+2,2025-05-01,2025-05-31,-1.038,
06/03/2025,2025-03-06,M+3,2025-06-01,2025-06-30,-0.548,
06/03/2025,2025-03-06,Q+1,2025-04-01,2025-06-30,-1.0,
06/03/2025,2025-03-06,Q+2,2025-07-01,2025-09-30,-0.347,
06/03/2025,2025-03-06,Q+3,2025-10-01,2025-12-31,-0.399,
06/03/2025,2025-03-06,Q+4,2026-01-01,2026-03-31,-0.534,
06/03/2025,2025-03-06,S,2026-04-01,2026-09-30,-0.703,
06/03/2025,2025-03-06,Y+1,2026-01-01,2026-12-31,-0.8,
06/03/2025,2025-03-06,Y+2,2027-01-01,2027-12-31,-0.578,
07/03/2025,2025-03-07,D+1,2025-03-08,2025-03-08,0.223,39.79
07/03/2025,2025-03-07,D+2,2025-03-09,2025-03-09,0.189,
07/03/2025,2025-03-07,D+3,2025-03-10,2025-03-10,0.155,
07/03/2025,2025-03-07,W,2025-10-01,2026-03-31,-0.819,
07/03/2025,2025-03-07,BoM,2025-03-08,2025-03-31,-0.094,
07/03/2025,2025-03-07,M+1,2025-04-01,2025-04-30,-1.075,
07/03/2025,2025-03-07,M+2,2025-05-01,2025-05-31,-1.125,
07/03/2025,2025-03-07,M+3,2025-06-01,2025-06-30,-1.232,
07/03/2025,2025-03-07,Q+1,2025-04-01,2025-06-30,-0.95,
07/03/2025,2025-03-07,Q+2,2025-07-01,2025-09-30,-0.738,
07/03/2025,2025-03-07,Q+3,2025-10-01,2025-12-31,-0.843,
07/03/2025,2025-03-07,Q+4,2026-01-01,2026-03-31,-0.758,
07/03/2025,2025-03-07,S,2026-04-01,2026-09-30,-0.626,
07/03/2025,2025-03-07,Y+1,2026-01-01,2026-12-31,-0.9,
07/03/2025,2025-03-07,Y+2,2027-01-01,2027-12-31,-0.523,
10/03/2025,2025-03-10,D+1,2025-03-11,2025-03-11,-0.281,41.39
10/03/2025,2025-03-10,D+2,2025-03-12,2025-03-12,-0.299,
10/03/2025,2025-03-10,D+3,2025-03-13,2025-03-13,-0.316,
10/03/2025,2025-03-10,W,2025-10-01,2026-03-31,-0.704,
10/03/2025,2025-03-10,BoM,2025-03-11,2025-03-31,-0.446,
10/03/2025,2025-03-10,M+1,2025-04-01,2025-04-30,-0.9,
10/03/2025,2025-03-10,M+2,2025-05-01,2025-05-31,-0.9,
10/03/2025,2025-03-10,M+3,2025-06-01,2025-06-30,-0.694,
10/03/2025,2025-03-10,Q+1,2025-04-01,2025-06-30,-0.95,
10/03/2025,2025-03-10,Q+2,2025-07-01,2025-09-30,-0.686,
10/03/2025,2025-03-10,Q+3,2025-10-01,2025-12-31,-0.667,
10/03/2025,2025-03-10,Q+4,2026-01-01,2026-03-31,-0.631,
10/03/2025,2025-03-10,S,2026-04-01,2026-09-30,-0.657,
10/03/2025,2025-03-10,Y+1,2026-01-01,2026-12-31,-0.775,
10/03/2025,2025-03-10,Y+2,2027-01-01,2027-12-31,-0.579,
11/03/2025,2025-03-11,D+1,2025-03-12,2025-03-12,-0.306,43.19
11/03/2025,2025-03-11,D+2,2025-03-13,2025-03-13,-0.325,
11/03/2025,2025-03-11,D+3,2025-03-14,2025-03-14,-0.344,
11/03/2025,2025-03-11,W,2025-10-01,2026-03-31,-0.704,
11/03/2025,2025-03-11,BoM,2025-03-12,2025-03-31,-0.485,
11/03/2025,2025-03-11,M+1,2025-04-01,2025-04-30,-0.95,
11/03/2025,2025-03-11,M+2,2025-05-01,2025-05-31,-0.862,
11/03/2025,2025-03-11,M+3,2025-06-01,2025-06-30,-0.491,
11/03/2025,2025-03-11,Q+1,2025-04-01,2025-06-30,-0.875,
11/03/2025,2025-03-11,Q+2,2025-07-01,2025-09-30,-0.779,
11/03/2025,2025-03-11,Q+3,2025-10-01,2025-12-31,-0.78,
11/03/2025,2025-03-11,Q+4,2026-01-01,2026-03-31,-0.947,
11/03/2025,2025-03-11,S,2026-04-01,2026-09-30,-0.617,
11/03/2025,2025-03-11,Y+1,2026-01-01,2026-12-31,-0.725,
11/03/2025,2025-03-11,Y+2,2027-01-01,2027-12-31,-0.415,
12/03/2025,2025-03-12,D+1,2025-03-13,2025-03-13,-0.556,42.47
12/03/2025,2025-03-12,D+2,2025-03-14,2025-03-14,-0.569,
12/03/2025,2025-03-12,D+3,2025-03-15,2025-03-15,-0.581,
12/03/2025,2025-03-12,W,2025-10-01,2026-03-31,-0.54,
12/03/2025,2025-03-12,BoM,2025-03-13,2025-03-31,-0.658,
12/03/2025,2025-03-12,M+1,2025-04-01,2025-04-30,-0.975,
12/03/2025,2025-03-12,M+2,2025-05-01,2025-05-31,-0.975,
12/03/2025,2025-03-12,M+3,2025-06-01,2025-06-30,-1.174,
12/03/2025,2025-03-12,Q+1,2025-04-01,2025-06-30,-1.0,
12/03/2025,2025-03-12,Q+2,2025-07-01,2025-09-30,-0.651,
12/03/2025,2025-03-12,Q+3,2025-10-01,2025-12-31,-0.523,
12/03/2025,2025-03-12,Q+4,2026-01-01,2026-03-31,-0.64,
12/03/2025,2025-03-12,S,2026-04-01,2026-09-30,-0.71,
12/03/2025,2025-03-12,Y+1,2026-01-01,2026-12-31,-0.725,
12/03/2025,2025-03-12,Y+2,2027-01-01,2027-12-31,-0.871,
13/03/2025,2025-03-13,D+1,2025-03-14,2025-03-14,-0.096,41.24
13/03/2025,2025-03-13,D+2,2025-03-15,2025-03-15,-0.125,
13/03/2025,2025-03-13,D+3,2025-03-16,2025-03-16,-0.154,
13/03/2025,2025-03-13,W,2025-10-01,2026-03-31,0.51,
13/03/2025,2025-03-13,BoM,2025-03-14,2025-03-31,-0.179,
13/03/2025,2025-03-13,M+1,2025-04-01,2025-04-30,-1.025,
13/03/2025,2025-03-13,M+2,2025-05-01,2025-05-31,-1.025,
13/03/2025,2025-03-13,M+3,2025-06-01,2025-06-30,0.794,
13/03/2025,2025-03-13,Q+1,2025-04-01,2025-06-30,-1.0,
13/03/2025,2025-03-13,Q+2,2025-07-01,2025-09-30,0.787,
13/03/2025,2025-03-13,Q+3,2025-10-01,2025-12-31,0.74,
13/03/2025,2025-03-13,Q+4,2026-01-01,2026-03-31,0.225,
13/03/2025,2025-03-13,S,2026-04-01,2026-09-30,0.065,
13/03/2025,2025-03-13,Y+1,2026-01-01,2026-12-31,-0.725,
13/03/2025,2025-03-13,Y+2,2027-01-01,2027-12-31,-0.221,
14/03/2025,2025-03-14,D+1,2025-03-15,2025-03-15,-0.253,42.15
14/03/2025,2025-03-14,D+2,2025-03-16,2025-03-16,-0.277,
14/03/2025,2025-03-14,D+3,2025-03-17,2025-03-17,-0.301,
14/03/2025,2025-03-14,W,2025-10-01,2026-03-31,-0.794,
14/03/2025,2025-03-14,BoM,2025-03-15,2025-03-31,-0.506,
14/03/2025,2025-03-14,M+1,2025-04-01,2025-04-30,-1.0,
14/03/2025,2025-03-14,M+2,2025-05-01,2025-05-31,-1.0,
14/03/2025,2025-03-14,M+3,2025-06-01,2025-06-30,-0.323,
14/03/2025,2025-03-14,Q+1,2025-04-01,2025-06-30,-0.95,
14/03/2025,2025-03-14,Q+2,2025-07-01,2025-09-30,-0.884,
14/03/2025,2025-03-14,Q+3,2025-10-01,2025-12-31,-0.832,
14/03/2025,2025-03-14,Q+4,2026-01-01,2026-03-31,-0.731,
14/03/2025,2025-03-14,S,2026-04-01,2026-09-30,-0.621,
14/03/2025,2025-03-14,Y+1,2026-01-01,2026-12-31,-0.775,
14/03/2025,2025-03-14,Y+2,2027-01-01,2027-12-31,-0.555,
17/03/2025,2025-03-17,D+1,2025-03-18,2025-03-18,-0.297,41.39
17/03/2025,2025-03-17,D+2,2025-03-19,2025-03-19,-0.324,
17/03/2025,2025-03-17,D+3,2025-03-20,2025-03-20,-0.351,
17/03/2025,2025-03-17,W,2025-10-01,2026-03-31,-0.746,
17/03/2025,2025-03-17,BoM,2025-03-18,2025-03-31,-0.488,
17/03/2025,2025-03-17,M+1,2025-04-01,2025-04-30,-1.05,
17/03/2025,2025-03-17,M+2,2025-05-01,2025-05-31,-0.975,
17/03/2025,2025-03-17,M+3,2025-06-01,2025-06-30,-0.86,
17/03/2025,2025-03-17,Q+1,2025-04-01,2025-06-30,-0.96,
17/03/2025,2025-03-17,Q+2,2025-07-01,2025-09-30,-0.852,
17/03/2025,2025-03-17,Q+3,2025-10-01,2025-12-31,-0.747,
17/03/2025,2025-03-17,Q+4,2026-01-01,2026-03-31,-0.753,
17/03/2025,2025-03-17,S,2026-04-01,2026-09-30,-0.593,
17/03/2025,2025-03-17,Y+1,2026-01-01,2026-12-31,-0.725,
17/03/2025,2025-03-17,Y+2,2027-01-01,2027-12-31,-0.46,
18/03/2025,2025-03-18,D+1,2025-03-19,2025-03-19,-0.137,40.36
18/03/2025,2025-03-18,D+2,2025-03-20,2025-03-20,-0.171,
18/03/2025,2025-03-18,D+3,2025-03-21,2025-03-21,-0.205,
18/03/2025,2025-03-18,W,2025-10-01,2026-03-31,-0.812,
18/03/2025,2025-03-18,BoM,2025-03-19,2025-03-31,-0.303,
18/03/2025,2025-03-18,M+1,2025-04-01,2025-04-30,-1.05,
18/03/2025,2025-03-18,M+2,2025-05-01,2025-05-31,-1.012,
18/03/2025,2025-03-18,M+3,2025-06-01,2025-06-30,-0.986,
18/03/2025,2025-03-18,Q+1,2025-04-01,2025-06-30,-1.0,
18/03/2025,2025-03-18,Q+2,2025-07-01,2025-09-30,-0.83,
18/03/2025,2025-03-18,Q+3,2025-10-01,2025-12-31,-0.826,
18/03/2025,2025-03-18,Q+4,2026-01-01,2026-03-31,-0.784,
18/03/2025,2025-03-18,S,2026-04-01,2026-09-30,-0.589,
18/03/2025,2025-03-18,Y+1,2026-01-01,2026-12-31,-0.725,
18/03/2025,2025-03-18,Y+2,2027-01-01,2027-12-31,-0.542,
19/03/2025,2025-03-19,D+1,2025-03-20,2025-03-20,-0.245,42.74
19/03/2025,2025-03-19,D+2,2025-03-21,2025-03-21,-0.283,
19/03/2025,2025-03-19,D+3,2025-03-22,2025-03-22,-0.32,
19/03/2025,2025-03-19,W,2025-10-01,2026-03-31,-0.707,
19/03/2025,2025-03-19,BoM,2025-03-20,2025-03-31,-0.444,
19/03/2025,2025-03-19,M+1,2025-04-01,2025-04-30,-1.225,
19/03/2025,2025-03-19,M+2,2025-05-01,2025-05-31,-1.125,
19/03/2025,2025-03-19,M+3,2025-06-01,2025-06-30,-0.713,
19/03/2025,2025-03-19,Q+1,2025-04-01,2025-06-30,-1.025,
19/03/2025,2025-03-19,Q+2,2025-07-01,2025-09-30,-0.718,
19/03/2025,2025-03-19,Q+3,2025-10-01,2025-12-31,-0.685,
19/03/2025,2025-03-19,Q+4,2026-01-01,2026-03-31,-0.707,
19/03/2025,2025-03-19,S,2026-04-01,2026-09-30,-0.509,
19/03/2025,2025-03-19,Y+1,2026-01-01,2026-12-31,-0.7,
19/03/2025,2025-03-19,Y+2,2027-01-01,2027-12-31,-0.446,
20/03/2025,2025-03-20,D+1,2025-03-21,2025-03-21,-0.091,41.98
20/03/2025,2025-03-20,D+2,2025-03-22,2025-03-22,-0.138,
20/03/2025,2025-03-20,D+3,2025-03-23,2025-03-23,-0.186,
20/03/2025,2025-03-20,W,2025-10-01,2026-03-31,-0.781,
20/03/2025,2025-03-20,BoM,2025-03-21,2025-03-31,-0.318,
20/03/2025,2025-03-20,M+1,2025-04-01,2025-04-30,-1.275,
20/03/2025,2025-03-20,M+2,2025-05-01,2025-05-31,-1.225,
20/03/2025,2025-03-20,M+3,2025-06-01,2025-06-30,-0.845,
20/03/2025,2025-03-20,Q+1,2025-04-01,2025-06-30,-1.1,
20/03/2025,2025-03-20,Q+2,2025-07-01,2025-09-30,-0.819,
20/03/2025,2025-03-20,Q+3,2025-10-01,2025-12-31,-0.827,
20/03/2025,2025-03-20,Q+4,2026-01-01,2026-03-31,-0.727,
20/03/2025,2025-03-20,S,2026-04-01,2026-09-30,-0.545,
20/03/2025,2025-03-20,Y+1,2026-01-01,2026-12-31,-0.7,
20/03/2025,2025-03-20,Y+2,2027-01-01,2027-12-31,-0.478,
21/03/2025,2025-03-21,D+1,2025-03-22,2025-03-22,-0.438,42.06
21/03/2025,2025-03-21,D+2,2025-03-23,2025-03-23,-0.473,
21/03/2025,2025-03-21,D+3,2025-03-24,2025-03-24,-0.508,
21/03/2025,2025-03-21,W,2025-10-01,2026-03-31,-0.845,
21/03/2025,2025-03-21,BoM,2025-03-22,2025-03-31,-0.521,
21/03/2025,2025-03-21,M+1,2025-04-01,2025-04-30,-1.275,
21/03/2025,2025-03-21,M+2,2025-05-01,2025-05-31,-1.225,
21/03/2025,2025-03-21,M+3,2025-06-01,2025-06-30,-1.578,
21/03/2025,2025-03-21,Q+1,2025-04-01,2025-06-30,-1.1,
21/03/2025,2025-03-21,Q+2,2025-07-01,2025-09-30,-0.938,
21/03/2025,2025-03-21,Q+3,2025-10-01,2025-12-31,-0.966,
21/03/2025,2025-03-21,Q+4,2026-01-01,2026-03-31,-0.802,
21/03/2025,2025-03-21,S,2026-04-01,2026-09-30,-0.602,
21/03/2025,2025-03-21,Y+1,2026-01-01,2026-12-31,-0.713,
21/03/2025,2025-03-21,Y+2,2027-01-01,2027-12-31,-0.553,
24/03/2025,2025-03-24,D+1,2025-03-25,2025-03-25,-0.676,42.26
24/03/2025,2025-03-24,D+2,2025-03-26,2025-03-26,-0.701,
24/03/2025,2025-03-24,D+3,2025-03-27,2025-03-27,-0.726,
24/03/2025,2025-03-24,W,2025-10-01,2026-03-31,-0.802,
24/03/2025,2025-03-24,BoM,2025-03-25,2025-03-31,-0.746,
24/03/2025,2025-03-24,M+1,2025-04-01,2025-04-30,-1.2,
24/03/2025,2025-03-24,M+2,2025-05-01,2025-05-31,-1.113,
24/03/2025,2025-03-24,M+3,2025-06-01,2025-06-30,-1.02,
24/03/2025,2025-03-24,Q+1,2025-04-01,2025-06-30,-1.075,
24/03/2025,2025-03-24,Q+2,2025-07-01,2025-09-30,-0.961,
24/03/2025,2025-03-24,Q+3,2025-10-01,2025-12-31,-0.951,
24/03/2025,2025-03-24,Q+4,2026-01-01,2026-03-31,-0.651,
24/03/2025,2025-03-24,S,2026-04-01,2026-09-30,-0.647,
24/03/2025,2025-03-24,Y+1,2026-01-01,2026-12-31,-0.713,
24/03/2025,2025-03-24,Y+2,2027-01-01,2027-12-31,-0.524,
25/03/2025,2025-03-25,D+1,2025-03-26,2025-03-26,-0.684,41.05
25/03/2025,2025-03-25,D+2,2025-03-27,2025-03-27,-0.71,
25/03/2025,2025-03-25,D+3,2025-03-28,2025-03-28,-0.737,
25/03/2025,2025-03-25,W,2025-10-01,2026-03-31,-0.784,
25/03/2025,2025-03-25,BoM,2025-03-26,2025-03-31,-0.709,
25/03/2025,2025-03-25,M+1,2025-04-01,2025-04-30,-1.212,
25/03/2025,2025-03-25,M+2,2025-05-01,2025-05-31,-1.188,
25/03/2025,2025-03-25,M+3,2025-06-01,2025-06-30,-1.262,
25/03/2025,2025-03-25,Q+1,2025-04-01,2025-06-30,-1.1,
25/03/2025,2025-03-25,Q+2,2025-07-01,2025-09-30,-0.833,
25/03/2025,2025-03-25,Q+3,2025-10-01,2025-12-31,-0.799,
25/03/2025,2025-03-25,Q+4,2026-01-01,2026-03-31,-0.796,
25/03/2025,2025-03-25,S,2026-04-01,2026-09-30,-0.622,
25/03/2025,2025-03-25,Y+1,2026-01-01,2026-12-31,-0.725,
25/03/2025,2025-03-25,Y+2,2027-01-01,2027-12-31,-0.599,
26/03/2025,2025-03-26,D+1,2025-03-27,2025-03-27,-0.875,40.6
26/03/2025,2025-03-26,D+2,2025-03-28,2025-03-28,-0.893,
26/03/2025,2025-03-26,D+3,2025-03-29,2025-03-29,-0.912,
26/03/2025,2025-03-26,W,2025-10-01,2026-03-31,-0.715,
26/03/2025,2025-03-26,BoM,2025-03-27,2025-03-31,-0.907,
26/03/2025,2025-03-26,M+1,2025-04-01,2025-04-30,-1.225,
26/03/2025,2025-03-26,M+2,2025-05-01,2025-05-31,-1.275,
26/03/2025,2025-03-26,M+3,2025-06-01,2025-06-30,-1.118,
26/03/2025,2025-03-26,Q+1,2025-04-01,2025-06-30,-1.1,
26/03/2025,2025-03-26,Q+2,2025-07-01,2025-09-30,-0.811,
26/03/2025,2025-03-26,Q+3,2025-10-01,2025-12-31,-0.789,
26/03/2025,2025-03-26,Q+4,2026-01-01,2026-03-31,-0.672,
26/03/2025,2025-03-26,S,2026-04-01,2026-09-30,-0.584,
26/03/2025,2025-03-26,Y+1,2026-01-01,2026-12-31,-0.7,
26/03/2025,2025-03-26,Y+2,2027-01-01,2027-12-31,-0.472,
27/03/2025,2025-03-27,D+1,2025-03-28,2025-03-28,-0.828,40.87
27/03/2025,2025-03-27,D+2,2025-03-29,2025-03-29,-0.853,
27/03/2025,2025-03-27,D+3,2025-03-30,2025-03-30,-0.878,
27/03/2025,2025-03-27,W,2025-10-01,2026-03-31,-0.903,
27/03/2025,2025-03-27,BoM,2025-03-28,2025-03-31,-0.847,
27/03/2025,2025-03-27,M+1,2025-04-01,2025-04-30,-1.275,
27/03/2025,2025-03-27,M+2,2025-05-01,2025-05-31,-1.25,
27/03/2025,2025-03-27,M+3,2025-06-01,2025-06-30,-0.993,
27/03/2025,2025-03-27,Q+1,2025-04-01,2025-06-30,-1.125,
27/03/2025,2025-03-27,Q+2,2025-07-01,2025-09-30,-1.202,
27/03/2025,2025-03-27,Q+3,2025-10-01,2025-12-31,-1.189,
27/03/2025,2025-03-27,Q+4,2026-01-01,2026-03-31,-0.673,
27/03/2025,2025-03-27,S,2026-04-01,2026-09-30,-0.558,
27/03/2025,2025-03-27,Y+1,2026-01-01,2026-12-31,-0.65,
27/03/2025,2025-03-27,Y+2,2027-01-01,2027-12-31,-0.6,
28/03/2025,2025-03-28,D+1,2025-03-29,2025-03-29,-0.57,39.91
28/03/2025,2025-03-28,D+2,2025-03-30,2025-03-30,-0.607,
28/03/2025,2025-03-28,D+3,2025-03-31,2025-03-31,-0.644,
28/03/2025,2025-03-28,W,2025-10-01,2026-03-31,-0.707,
28/03/2025,2025-03-28,M+1,2025-04-01,2025-04-30,-1.2,
28/03/2025,2025-03-28,M+2,2025-05-01,2025-05-31,-1.2,
28/03/2025,2025-03-28,M+3,2025-06-01,2025-06-30,-0.873,
28/03/2025,2025-03-28,Q+1,2025-04-01,2025-06-30,-1.125,
28/03/2025,2025-03-28,Q+2,2025-07-01,2025-09-30,-0.821,
28/03/2025,2025-03-28,Q+3,2025-10-01,2025-12-31,-0.813,
28/03/2025,2025-03-28,Q+4,2026-01-01,2026-03-31,-0.643,
28/03/2025,2025-03-28,S,2026-04-01,2026-09-30,-0.618,
28/03/2025,2025-03-28,Y+1,2026-01-01,2026-12-31,-0.65,
28/03/2025,2025-03-28,Y+2,2027-01-01,2027-12-31,-0.6,
31/03/2025,2025-03-31,D+1,2025-04-01,2025-04-01,-1.203,40.57
31/03/2025,2025-03-31,D+2,2025-04-02,2025-04-02,-1.21,
31/03/2025,2025-03-31,D+3,2025-04-03,2025-04-03,-1.217,
31/03/2025,2025-03-31,W,2025-10-01,2026-03-31,-0.825,
31/03/2025,2025-03-31,M+1,2025-04-01,2025-04-30,-1.3,
31/03/2025,2025-03-31,M+2,2025-05-01,2025-05-31,-1.3,
31/03/2025,2025-03-31,M+3,2025-06-01,2025-06-30,-0.9,
31/03/2025,2025-03-31,Q+2,2025-07-01,2025-09-30,-0.85,
31/03/2025,2025-03-31,Q+3,2025-10-01,2025-12-31,-0.883,
31/03/2025,2025-03-31,Q+4,2026-01-01,2026-03-31,-0.911,
31/03/2025,2025-03-31,S,2026-04-01,2026-09-30,-0.404,
31/03/2025,2025-03-31,Y+1,2026-01-01,2026-12-31,-0.637,
31/03/2025,2025-03-31,Y+2,2027-01-01,2027-12-31,-0.6,
01/04/2025,2025-04-01,D+1,2025-04-02,2025-04-02,-1.824,42.19
01/04/2025,2025-04-01,D+2,2025-04-03,2025-04-03,-1.815,
01/04/2025,2025-04-01,D+3,2025-04-04,2025-04-04,-1.806,
01/04/2025,2025-04-01,W,2026-10-01,2027-03-31,-0.44,
01/04/2025,2025-04-01,BoM,2025-04-02,2025-04-30,-1.746,
01/04/2025,2025-04-01,M+1,2025-05-01,2025-05-31,-1.425,
01/04/2025,2025-04-01,M+2,2025-06-01,2025-06-30,-1.275,
01/04/2025,2025-04-01,M+3,2025-07-01,2025-07-31,-0.88,
01/04/2025,2025-04-01,Q+1,2025-07-01,2025-09-30,-0.875,
01/04/2025,2025-04-01,Q+2,2025-10-01,2025-12-31,-0.926,
01/04/2025,2025-04-01,Q+3,2026-01-01,2026-03-31,-0.833,
01/04/2025,2025-04-01,Q+4,2026-04-01,2026-06-30,-0.471,
01/04/2025,2025-04-01,S,2026-04-01,2026-09-30,-0.467,
01/04/2025,2025-04-01,Y+1,2026-01-01,2026-12-31,-0.625,
01/04/2025,2025-04-01,Y+2,2027-01-01,2027-12-31,-0.6,
02/04/2025,2025-04-02,D+1,2025-04-03,2025-04-03,-1.353,41.04
02/04/2025,2025-04-02,D+2,2025-04-04,2025-04-04,-1.356,
02/04/2025,2025-04-02,D+3,2025-04-05,2025-04-05,-1.359,
02/04/2025,2025-04-02,W,2026-10-01,2027-03-31,-0.37,
02/04/2025,2025-04-02,BoM,2025-04-03,2025-04-30,-1.382,
02/04/2025,2025-04-02,M+1,2025-05-01,2025-05-31,-1.475,
02/04/2025,2025-04-02,M+2,2025-06-01,2025-06-30,-1.3,
02/04/2025,2025-04-02,M+3,2025-07-01,2025-07-31,-0.88,
02/04/2025,2025-04-02,Q+1,2025-07-01,2025-09-30,-0.975,
02/04/2025,2025-04-02,Q+2,2025-10-01,2025-12-31,-0.998,
02/04/2025,2025-04-02,Q+3,2026-01-01,2026-03-31,-0.983,
02/04/2025,2025-04-02,Q+4,2026-04-01,2026-06-30,-0.369,
02/04/2025,2025-04-02,S,2026-04-01,2026-09-30,-0.345,
02/04/2025,2025-04-02,Y+1,2026-01-01,2026-12-31,-0.65,
02/04/2025,2025-04-02,Y+2,2027-01-01,2027-12-31,-0.6,
03/04/2025,2025-04-03,D+1,2025-04-04,2025-04-04,-1.765,39.38
03/04/2025,2025-04-03,D+2,2025-04-05,2025-04-05,-1.758,
03/04/2025,2025-04-03,D+3,2025-04-06,2025-04-06,-1.752,
03/04/2025,2025-04-03,W,2026-10-01,2027-03-31,-0.421,
03/04/2025,2025-04-03,BoM,2025-04-04,2025-04-30,-1.63,
03/04/2025,2025-04-03,M+1,2025-05-01,2025-05-31,-1.488,
03/04/2025,2025-04-03,M+2,2025-06-01,2025-06-30,-1.35,
03/04/2025,2025-04-03,M+3,2025-07-01,2025-07-31,-0.829,
03/04/2025,2025-04-03,Q+1,2025-07-01,2025-09-30,-0.975,
03/04/2025,2025-04-03,Q+2,2025-10-01,2025-12-31,-0.856,
03/04/2025,2025-04-03,Q+3,2026-01-01,2026-03-31,-0.838,
03/04/2025,2025-04-03,Q+4,2026-04-01,2026-06-30,-0.371,
03/04/2025,2025-04-03,S,2026-04-01,2026-09-30,-0.405,
03/04/2025,2025-04-03,Y+1,2026-01-01,2026-12-31,-0.65,
03/04/2025,2025-04-03,Y+2,2027-01-01,2027-12-31,-0.6,
04/04/2025,2025-04-04,D+1,2025-04-05,2025-04-05,-2.151,36.97
04/04/2025,2025-04-04,D+2,2025-04-06,2025-04-06,-2.133,
04/04/2025,2025-04-04,D+3,2025-04-07,2025-04-07,-2.114,
04/04/2025,2025-04-04,W,2026-10-01,2027-03-31,-0.464,
04/04/2025,2025-04-04,BoM,2025-04-05,2025-04-30,-1.876,
04/04/2025,2025-04-04,M+1,2025-05-01,2025-05-31,-1.4,
04/04/2025,2025-04-04,M+2,2025-06-01,2025-06-30,-1.3,
04/04/2025,2025-04-04,M+3,2025-07-01,2025-07-31,-0.752,
04/04/2025,2025-04-04,Q+1,2025-07-01,2025-09-30,-0.975,
04/04/2025,2025-04-04,Q+2,2025-10-01,2025-12-31,-0.784,
04/04/2025,2025-04-04,Q+3,2026-01-01,2026-03-31,-0.825,
04/04/2025,2025-04-04,Q+4,2026-04-01,2026-06-30,-0.502,
04/04/2025,2025-04-04,S,2026-04-01,2026-09-30,-0.466,
04/04/2025,2025-04-04,Y+1,2026-01-01,2026-12-31,-0.65,
04/04/2025,2025-04-04,Y+2,2027-01-01,2027-12-31,-0.6,
07/04/2025,2025-04-07,D+1,2025-04-08,2025-04-08,-1.291,35.99
07/04/2025,2025-04-07,D+2,2025-04-09,2025-04-09,-1.293,
07/04/2025,2025-04-07,D+3,2025-04-10,2025-04-10,-1.294,
07/04/2025,2025-04-07,W,2026-10-01,2027-03-31,-0.942,
07/04/2025,2025-04-07,BoM,2025-04-08,2025-04-30,-2.246,
07/04/2025,2025-04-07,M+1,2025-05-01,2025-05-31,-1.35,
07/04/2025,2025-04-07,M+2,2025-06-01,2025-06-30,-1.35,
07/04/2025,2025-04-07,M+3,2025-07-01,2025-07-31,-0.592,
07/04/2025,2025-04-07,Q+1,2025-07-01,2025-09-30,-0.95,
07/04/2025,2025-04-07,Q+2,2025-10-01,2025-12-31,-0.708,
07/04/2025,2025-04-07,Q+3,2026-01-01,2026-03-31,-0.776,
07/04/2025,2025-04-07,Q+4,2026-04-01,2026-06-30,-0.882,
07/04/2025,2025-04-07,S,2026-04-01,2026-09-30,-0.89,
07/04/2025,2025-04-07,Y+1,2026-01-01,2026-12-31,-0.65,
07/04/2025,2025-04-07,Y+2,2027-01-01,2027-12-31,-0.6,
08/04/2025,2025-04-08,D+1,2025-04-09,2025-04-09,-0.85,35.89
08/04/2025,2025-04-08,D+2,2025-04-10,2025-04-10,-0.858,
08/04/2025,2025-04-08,D+3,2025-04-11,2025-04-11,-0.865,
08/04/2025,2025-04-08,W,2026-10-01,2027-03-31,-0.576,
08/04/2025,2025-04-08,BoM,2025-04-09,2025-04-30,-0.896,
08/04/2025,2025-04-08,M+1,2025-05-01,2025-05-31,-1.225,
08/04/2025,2025-04-08,M+2,2025-06-01,2025-06-30,-1.125,
08/04/2025,2025-04-08,M+3,2025-07-01,2025-07-31,-0.574,
08/04/2025,2025-04-08,Q+1,2025-07-01,2025-09-30,-0.9,
08/04/2025,2025-04-08,Q+2,2025-10-01,2025-12-31,-0.976,
08/04/2025,2025-04-08,Q+3,2026-01-01,2026-03-31,-0.927,
08/04/2025,2025-04-08,Q+4,2026-04-01,2026-06-30,-0.582,
08/04/2025,2025-04-08,S,2026-04-01,2026-09-30,-0.598,
08/04/2025,2025-04-08,Y+1,2026-01-01,2026-12-31,-0.6,
08/04/2025,2025-04-08,Y+2,2027-01-01,2027-12-31,-0.55,
09/04/2025,2025-04-09,D+1,2025-04-10,2025-04-10,-1.787,33.68
09/04/2025,2025-04-09,D+2,2025-04-11,2025-04-11,-1.769,
09/04/2025,2025-04-09,D+3,2025-04-12,2025-04-12,-1.751,
09/04/2025,2025-04-09,W,2026-10-01,2027-03-31,-0.604,
09/04/2025,2025-04-09,BoM,2025-04-10,2025-04-30,-1.618,
09/04/2025,2025-04-09,M+1,2025-05-01,2025-05-31,-1.15,
09/04/2025,2025-04-09,M+2,2025-06-01,2025-06-30,-1.1,
09/04/2025,2025-04-09,M+3,2025-07-01,2025-07-31,-0.681,
09/04/2025,2025-04-09,Q+1,2025-07-01,2025-09-30,-0.875,
09/04/2025,2025-04-09,Q+2,2025-10-01,2025-12-31,-0.496,
09/04/2025,2025-04-09,Q+3,2026-01-01,2026-03-31,-0.533,
09/04/2025,2025-04-09,Q+4,2026-04-01,2026-06-30,-0.549,
09/04/2025,2025-04-09,S,2026-04-01,2026-09-30,-0.544,
09/04/2025,2025-04-09,Y+1,2026-01-01,2026-12-31,-0.55,
09/04/2025,2025-04-09,Y+2,2027-01-01,2027-12-31,-0.45,
10/04/2025,2025-04-10,D+1,2025-04-11,2025-04-11,-1.581,33.3
10/04/2025,2025-04-10,D+2,2025-04-12,2025-04-12,-1.569,
10/04/2025,2025-04-10,D+3,2025-04-13,2025-04-13,-1.557,
10/04/2025,2025-04-10,W,2026-10-01,2027-03-31,-0.479,
10/04/2025,2025-04-10,BoM,2025-04-11,2025-04-30,-1.372,
10/04/2025,2025-04-10,M+1,2025-05-01,2025-05-31,-1.163,
10/04/2025,2025-04-10,M+2,2025-06-01,2025-06-30,-0.963,
10/04/2025,2025-04-10,M+3,2025-07-01,2025-07-31,-0.715,
10/04/2025,2025-04-10,Q+1,2025-07-01,2025-09-30,-0.85,
10/04/2025,2025-04-10,Q+2,2025-10-01,2025-12-31,-0.733,
10/04/2025,2025-04-10,Q+3,2026-01-01,2026-03-31,-0.718,
10/04/2025,2025-04-10,Q+4,2026-04-01,2026-06-30,-0.548,
10/04/2025,2025-04-10,S,2026-04-01,2026-09-30,-0.506,
10/04/2025,2025-04-10,Y+1,2026-01-01,2026-12-31,-0.532,
10/04/2025,2025-04-10,Y+2,2027-01-01,2027-12-31,-0.45,
11/04/2025,2025-04-11,D+1,2025-04-12,2025-04-12,-1.789,33.49
11/04/2025,2025-04-11,D+2,2025-04-13,2025-04-13,-1.769,
11/04/2025,2025-04-11,D+3,2025-04-14,2025-04-14,-1.748,
11/04/2025,2025-04-11,W,2026-10-01,2027-03-31,-0.347,
11/04/2025,2025-04-11,BoM,2025-04-12,2025-04-30,-1.605,
11/04/2025,2025-04-11,M+1,2025-05-01,2025-05-31,-1.1,
11/04/2025,2025-04-11,M+2,2025-06-01,2025-06-30,-0.963,
11/04/2025,2025-04-11,M+3,2025-07-01,2025-07-31,-1.131,
11/04/2025,2025-04-11,Q+1,2025-07-01,2025-09-30,-0.8,
11/04/2025,2025-04-11,Q+2,2025-10-01,2025-12-31,-1.202,
11/04/2025,2025-04-11,Q+3,2026-01-01,2026-03-31,-0.58,
11/04/2025,2025-04-11,Q+4,2026-04-01,2026-06-30,-0.442,
11/04/2025,2025-04-11,S,2026-04-01,2026-09-30,-0.264,
11/04/2025,2025-04-11,Y+1,2026-01-01,2026-12-31,-0.475,
11/04/2025,2025-04-11,Y+2,2027-01-01,2027-12-31,-0.45,
14/04/2025,2025-04-14,D+1,2025-04-15,2025-04-15,-1.89,34.58
14/04/2025,2025-04-14,D+2,2025-04-16,2025-04-16,-1.872,
14/04/2025,2025-04-14,D+3,2025-04-17,2025-04-17,-1.855,
14/04/2025,2025-04-14,W,2026-10-01,2027-03-31,-0.489,
14/04/2025,2025-04-14,BoM,2025-04-15,2025-04-30,-1.837,
14/04/2025,2025-04-14,M+1,2025-05-01,2025-05-31,-1.35,
14/04/2025,2025-04-14,M+2,2025-06-01,2025-06-30,-1.15,
14/04/2025,2025-04-14,M+3,2025-07-01,2025-07-31,-1.298,
14/04/2025,2025-04-14,Q+1,2025-07-01,2025-09-30,-0.85,
14/04/2025,2025-04-14,Q+2,2025-10-01,2025-12-31,-1.242,
14/04/2025,2025-04-14,Q+3,2026-01-01,2026-03-31,-1.268,
14/04/2025,2025-04-14,Q+4,2026-04-01,2026-06-30,-0.548,
14/04/2025,2025-04-14,S,2026-04-01,2026-09-30,-0.546,
14/04/2025,2025-04-14,Y+1,2026-01-01,2026-12-31,-0.575,
14/04/2025,2025-04-14,Y+2,2027-01-01,2027-12-31,-0.45,
15/04/2025,2025-04-15,D+1,2025-04-16,2025-04-16,-2.186,34.21
15/04/2025,2025-04-15,D+2,2025-04-17,2025-04-17,-2.168,
15/04/2025,2025-04-15,D+3,2025-04-18,2025-04-18,-2.15,
15/04/2025,2025-04-15,W,2026-10-01,2027-03-31,-0.574,
15/04/2025,2025-04-15,BoM,2025-04-16,2025-04-30,-2.094,
15/04/2025,2025-04-15,M+1,2025-05-01,2025-05-31,-1.65,
15/04/2025,2025-04-15,M+2,2025-06-01,2025-06-30,-1.4,
15/04/2025,2025-04-15,M+3,2025-07-01,2025-07-31,-1.069,
15/04/2025,2025-04-15,Q+1,2025-07-01,2025-09-30,-0.962,
15/04/2025,2025-04-15,Q+2,2025-10-01,2025-12-31,-0.939,
15/04/2025,2025-04-15,Q+3,2026-01-01,2026-03-31,-0.964,
15/04/2025,2025-04-15,Q+4,2026-04-01,2026-06-30,-0.534,
15/04/2025,2025-04-15,S,2026-04-01,2026-09-30,-0.533,
15/04/2025,2025-04-15,Y+1,2026-01-01,2026-12-31,-0.537,
15/04/2025,2025-04-15,Y+2,2027-01-01,2027-12-31,-0.45,
16/04/2025,2025-04-16,D+1,2025-04-17,2025-04-17,-2.198,35.61
16/04/2025,2025-04-16,D+2,2025-04-18,2025-04-18,-2.181,
16/04/2025,2025-04-16,D+3,2025-04-19,2025-04-19,-2.165,
16/04/2025,2025-04-16,W,2026-10-01,2027-03-31,-1.836,
16/04/2025,2025-04-16,BoM,2025-04-17,2025-04-30,-2.183,
16/04/2025,2025-04-16,M+1,2025-05-01,2025-05-31,-1.725,
16/04/2025,2025-04-16,M+2,2025-06-01,2025-06-30,-1.35,
16/04/2025,2025-04-16,M+3,2025-07-01,2025-07-31,-2.103,
16/04/2025,2025-04-16,Q+1,2025-07-01,2025-09-30,-0.938,
16/04/2025,2025-04-16,Q+2,2025-10-01,2025-12-31,-2.126,
16/04/2025,2025-04-16,Q+3,2026-01-01,2026-03-31,-2.128,
16/04/2025,2025-04-16,Q+4,2026-04-01,2026-06-30,-1.87,
16/04/2025,2025-04-16,S,2026-04-01,2026-09-30,-1.879,
16/04/2025,2025-04-16,Y+1,2026-01-01,2026-12-31,-0.542,
16/04/2025,2025-04-16,Y+2,2027-01-01,2027-12-31,-0.45,
17/04/2025,2025-04-17,D+1,2025-04-18,2025-04-18,-2.198,35.09
17/04/2025,2025-04-17,D+2,2025-04-19,2025-04-19,-2.181,
17/04/2025,2025-04-17,D+3,2025-04-20,2025-04-20,-2.165,
17/04/2025,2025-04-17,W,2026-10-01,2027-03-31,-2.067,
17/04/2025,2025-04-17,BoM,2025-04-18,2025-04-30,-2.559,
17/04/2025,2025-04-17,M+1,2025-05-01,2025-05-31,-1.75,
17/04/2025,2025-04-17,M+2,2025-06-01,2025-06-30,-2.277,
17/04/2025,2025-04-17,M+3,2025-07-01,2025-07-31,-2.273,
17/04/2025,2025-04-17,Q+1,2025-07-01,2025-09-30,-0.95,
17/04/2025,2025-04-17,Q+2,2025-10-01,2025-12-31,-2.311,
17/04/2025,2025-04-17,Q+3,2026-01-01,2026-03-31,-2.292,
17/04/2025,2025-04-17,Q+4,2026-04-01,2026-06-30,-2.088,
17/04/2025,2025-04-17,S,2026-04-01,2026-09-30,-2.056,
17/04/2025,2025-04-17,Y+1,2026-01-01,2026-12-31,-2.121,
17/04/2025,2025-04-17,Y+2,2027-01-01,2027-12-31,-0.45,
22/04/2025,2025-04-22,D+1,2025-04-23,2025-04-23,-1.996,34.41
22/04/2025,2025-04-22,D+2,2025-04-24,2025-04-24,-1.986,
22/04/2025,2025-04-22,D+3,2025-04-25,2025-04-25,-1.975,
22/04/2025,2025-04-22,W,2026-10-01,2027-03-31,-0.276,
22/04/2025,2025-04-22,BoM,2025-04-23,2025-04-30,-1.944,
22/04/2025,2025-04-22,M+1,2025-05-01,2025-05-31,-1.762,
22/04/2025,2025-04-22,M+2,2025-06-01,2025-06-30,-1.438,
22/04/2025,2025-04-22,M+3,2025-07-01,2025-07-31,-0.949,
22/04/2025,2025-04-22,Q+1,2025-07-01,2025-09-30,-0.938,
22/04/2025,2025-04-22,Q+2,2025-10-01,2025-12-31,-0.688,
22/04/2025,2025-04-22,Q+3,2026-01-01,2026-03-31,-1.016,
22/04/2025,2025-04-22,Q+4,2026-04-01,2026-06-30,-0.252,
22/04/2025,2025-04-22,S,2026-04-01,2026-09-30,-0.253,
22/04/2025,2025-04-22,Y+1,2026-01-01,2026-12-31,-0.525,
22/04/2025,2025-04-22,Y+2,2027-01-01,2027-12-31,-0.45,
23/04/2025,2025-04-23,D+1,2025-04-24,2025-04-24,-1.852,34.29
23/04/2025,2025-04-23,D+2,2025-04-25,2025-04-25,-1.843,
23/04/2025,2025-04-23,D+3,2025-04-26,2025-04-26,-1.834,
23/04/2025,2025-04-23,W,2026-10-01,2027-03-31,-0.428,
23/04/2025,2025-04-23,BoM,2025-04-24,2025-04-30,-1.838,
23/04/2025,2025-04-23,M+1,2025-05-01,2025-05-31,-1.663,
23/04/2025,2025-04-23,M+2,2025-06-01,2025-06-30,-1.488,
23/04/2025,2025-04-23,M+3,2025-07-01,2025-07-31,-1.007,
23/04/2025,2025-04-23,Q+1,2025-07-01,2025-09-30,-0.975,
23/04/2025,2025-04-23,Q+2,2025-10-01,2025-12-31,-1.027,
23/04/2025,2025-04-23,Q+3,2026-01-01,2026-03-31,-0.997,
23/04/2025,2025-04-23,Q+4,2026-04-01,2026-06-30,-0.444,
23/04/2025,2025-04-23,S,2026-04-01,2026-09-30,-0.445,
23/04/2025,2025-04-23,Y+1,2026-01-01,2026-12-31,-0.55,
23/04/2025,2025-04-23,Y+2,2027-01-01,2027-12-31,-0.45,
24/04/2025,2025-04-24,D+1,2025-04-25,2025-04-25,-1.616,33.73
24/04/2025,2025-04-24,D+2,2025-04-26,2025-04-26,-1.618,
24/04/2025,2025-04-24,D+3,2025-04-27,2025-04-27,-1.619,
24/04/2025,2025-04-24,W,2026-10-01,2027-03-31,-0.363,
24/04/2025,2025-04-24,BoM,2025-04-25,2025-04-30,-1.621,
24/04/2025,2025-04-24,M+1,2025-05-01,2025-05-31,-1.65,
24/04/2025,2025-04-24,M+2,2025-06-01,2025-06-30,-1.488,
24/04/2025,2025-04-24,M+3,2025-07-01,2025-07-31,-0.926,
24/04/2025,2025-04-24,Q+1,2025-07-01,2025-09-30,-0.925,
24/04/2025,2025-04-24,Q+2,2025-10-01,2025-12-31,-0.941,
24/04/2025,2025-04-24,Q+3,2026-01-01,2026-03-31,-0.911,
24/04/2025,2025-04-24,Q+4,2026-04-01,2026-06-30,-0.343,
24/04/2025,2025-04-24,S,2026-04-01,2026-09-30,-0.316,
24/04/2025,2025-04-24,Y+1,2026-01-01,2026-12-31,-0.55,
24/04/2025,2025-04-24,Y+2,2027-01-01,2027-12-31,-0.45,
25/04/2025,2025-04-25,D+1,2025-04-26,2025-04-26,-1.415,32.16
25/04/2025,2025-04-25,D+2,2025-04-27,2025-04-27,-1.423,
25/04/2025,2025-04-25,D+3,2025-04-28,2025-04-28,-1.431,
25/04/2025,2025-04-25,W,2026-10-01,2027-03-31,-0.139,
25/04/2025,2025-04-25,BoM,2025-04-26,2025-04-30,-1.423,
25/04/2025,2025-04-25,M+1,2025-05-01,2025-05-31,-1.575,
25/04/2025,2025-04-25,M+2,2025-06-01,2025-06-30,-1.425,
25/04/2025,2025-04-25,M+3,2025-07-01,2025-07-31,-0.644,
25/04/2025,2025-04-25,Q+1,2025-07-01,2025-09-30,-0.95,
25/04/2025,2025-04-25,Q+2,2025-10-01,2025-12-31,-1.102,
25/04/2025,2025-04-25,Q+3,2026-01-01,2026-03-31,-1.028,
25/04/2025,2025-04-25,Q+4,2026-04-01,2026-06-30,0.099,
25/04/2025,2025-04-25,S,2026-04-01,2026-09-30,0.067,
25/04/2025,2025-04-25,Y+1,2026-01-01,2026-12-31,-0.55,
25/04/2025,2025-04-25,Y+2,2027-01-01,2027-12-31,-0.45,
28/04/2025,2025-04-28,D+1,2025-04-29,2025-04-29,-1.463,31.93
28/04/2025,2025-04-28,D+2,2025-04-30,2025-04-30,-1.471,
28/04/2025,2025-04-28,D+3,2025-05-01,2025-05-01,-1.48,
28/04/2025,2025-04-28,W,2026-10-01,2027-03-31,-0.369,
28/04/2025,2025-04-28,M+1,2025-05-01,2025-05-31,-1.6,
28/04/2025,2025-04-28,M+2,2025-06-01,2025-06-30,-1.225,
28/04/2025,2025-04-28,M+3,2025-07-01,2025-07-31,-0.644,
28/04/2025,2025-04-28,Q+1,2025-07-01,2025-09-30,-0.912,
28/04/2025,2025-04-28,Q+2,2025-10-01,2025-12-31,-0.669,
28/04/2025,2025-04-28,Q+3,2026-01-01,2026-03-31,-0.788,
28/04/2025,2025-04-28,Q+4,2026-04-01,2026-06-30,-0.207,
28/04/2025,2025-04-28,S,2026-04-01,2026-09-30,-0.249,
28/04/2025,2025-04-28,Y+1,2026-01-01,2026-12-31,-0.535,
28/04/2025,2025-04-28,Y+2,2027-01-01,2027-12-31,-0.45,
29/04/2025,2025-04-29,D+1,2025-04-30,2025-04-30,-1.06,31.48
29/04/2025,2025-04-29,D+2,2025-05-01,2025-05-01,-1.095,
29/04/2025,2025-04-29,D+3,2025-05-02,2025-05-02,-1.13,
29/04/2025,2025-04-29,W,2026-10-01,2027-03-31,-0.8,
29/04/2025,2025-04-29,M+1,2025-05-01,2025-05-31,-1.6,
29/04/2025,2025-04-29,M+2,2025-06-01,2025-06-30,-1.325,
29/04/2025,2025-04-29,M+3,2025-07-01,2025-07-31,-0.736,
29/04/2025,2025-04-29,Q+1,2025-07-01,2025-09-30,-0.875,
29/04/2025,2025-04-29,Q+2,2025-10-01,2025-12-31,-0.72,
29/04/2025,2025-04-29,Q+3,2026-01-01,2026-03-31,-0.68,
29/04/2025,2025-04-29,Q+4,2026-04-01,2026-06-30,-0.636,
29/04/2025,2025-04-29,S,2026-04-01,2026-09-30,-0.771,
29/04/2025,2025-04-29,Y+1,2026-01-01,2026-12-31,-0.535,
29/04/2025,2025-04-29,Y+2,2027-01-01,2027-12-31,-0.45,
30/04/2025,2025-04-30,D+1,2025-05-01,2025-05-01,-0.952,31.86
30/04/2025,2025-04-30,D+2,2025-05-02,2025-05-02,-0.995,
30/04/2025,2025-04-30,D+3,2025-05-03,2025-05-03,-1.038,
30/04/2025,2025-04-30,W,2026-10-01,2027-03-31,-1.87,
30/04/2025,2025-04-30,M+1,2025-05-01,2025-05-31,-1.4,
30/04/2025,2025-04-30,M+2,2025-06-01,2025-06-30,-1.25,
30/04/2025,2025-04-30,M+3,2025-07-01,2025-07-31,-1.435,
30/04/2025,2025-04-30,Q+1,2025-07-01,2025-09-30,-0.887,
30/04/2025,2025-04-30,Q+2,2025-10-01,2025-12-31,-1.734,
30/04/2025,2025-04-30,Q+3,2026-01-01,2026-03-31,-1.827,
30/04/2025,2025-04-30,Q+4,2026-04-01,2026-06-30,-1.773,
30/04/2025,2025-04-30,S,2026-04-01,2026-09-30,-1.806,
30/04/2025,2025-04-30,Y+1,2026-01-01,2026-12-31,-0.55,
30/04/2025,2025-04-30,Y+2,2027-01-01,2027-12-31,-0.45,
02/05/2025,2025-05-02,D+1,2025-05-03,2025-05-03,-1.038,32.92
02/05/2025,2025-05-02,D+2,2025-05-04,2025-05-04,-1.038,
02/05/2025,2025-05-02,D+3,2025-05-05,2025-05-05,-1.038,
02/05/2025,2025-05-02,W,2026-10-01,2027-03-31,-0.826,
02/05/2025,2025-05-02,BoM,2025-05-03,2025-05-31,-1.111,
02/05/2025,2025-05-02,M+1,2025-06-01,2025-06-30,-1.25,
02/05/2025,2025-05-02,M+2,2025-07-01,2025-07-31,-0.786,
02/05/2025,2025-05-02,M+3,2025-08-01,2025-08-31,-0.809,
02/05/2025,2025-05-02,Q+1,2025-07-01,2025-09-30,-0.887,
02/05/2025,2025-05-02,Q+2,2025-10-01,2025-12-31,-0.846,
02/05/2025,2025-05-02,Q+3,2026-01-01,2026-03-31,-0.825,
02/05/2025,2025-05-02,Q+4,2026-04-01,2026-06-30,-0.85,
02/05/2025,2025-05-02,S,2026-04-01,2026-09-30,-0.793,
02/05/2025,2025-05-02,Y+1,2026-01-01,2026-12-31,-0.55,
02/05/2025,2025-05-02,Y+2,2027-01-01,2027-12-31,-0.45,
05/05/2025,2025-05-05,D+1,2025-05-06,2025-05-06,-1.359,33.25
05/05/2025,2025-05-05,D+2,2025-05-07,2025-05-07,-1.359,
05/05/2025,2025-05-05,D+3,2025-05-08,2025-05-08,-1.359,
05/05/2025,2025-05-05,W,2026-10-01,2027-03-31,-0.419,
05/05/2025,2025-05-05,BoM,2025-05-06,2025-05-31,-1.317,
05/05/2025,2025-05-05,M+1,2025-06-01,2025-06-30,-1.35,
05/05/2025,2025-05-05,M+2,2025-07-01,2025-07-31,-0.85,
05/05/2025,2025-05-05,M+3,2025-08-01,2025-08-31,-0.652,
05/05/2025,2025-05-05,Q+1,2025-07-01,2025-09-30,-0.875,
05/05/2025,2025-05-05,Q+2,2025-10-01,2025-12-31,-0.645,
05/05/2025,2025-05-05,Q+3,2026-01-01,2026-03-31,-0.696,
05/05/2025,2025-05-05,Q+4,2026-04-01,2026-06-30,-0.396,
05/05/2025,2025-05-05,S,2026-04-01,2026-09-30,-0.399,
05/05/2025,2025-05-05,Y+1,2026-01-01,2026-12-31,-0.65,
05/05/2025,2025-05-05,Y+2,2027-01-01,2027-12-31,-0.45,
06/05/2025,2025-05-06,D+1,2025-05-07,2025-05-07,-1.44,34.75
06/05/2025,2025-05-06,D+2,2025-05-08,2025-05-08,-1.436,
06/05/2025,2025-05-06,D+3,2025-05-09,2025-05-09,-1.433,
06/05/2025,2025-05-06,W,2026-10-01,2027-03-31,-0.354,
06/05/2025,2025-05-06,BoM,2025-05-07,2025-05-31,-1.378,
06/05/2025,2025-05-06,M+1,2025-06-01,2025-06-30,-1.3,
06/05/2025,2025-05-06,M+2,2025-07-01,2025-07-31,-0.987,
06/05/2025,2025-05-06,M+3,2025-08-01,2025-08-31,-0.662,
06/05/2025,2025-05-06,Q+1,2025-07-01,2025-09-30,-0.875,
06/05/2025,2025-05-06,Q+2,2025-10-01,2025-12-31,-0.7,
06/05/2025,2025-05-06,Q+3,2026-01-01,2026-03-31,-0.702,
06/05/2025,2025-05-06,Q+4,2026-04-01,2026-06-30,-0.28,
06/05/2025,2025-05-06,S,2026-04-01,2026-09-30,-0.306,
06/05/2025,2025-05-06,Y+1,2026-01-01,2026-12-31,-0.55,
06/05/2025,2025-05-06,Y+2,2027-01-01,2027-12-31,-0.45,
07/05/2025,2025-05-07,D+1,2025-05-08,2025-05-08,-1.363,34.41
07/05/2025,2025-05-07,D+2,2025-05-09,2025-05-09,-1.36,
07/05/2025,2025-05-07,D+3,2025-05-10,2025-05-10,-1.357,
07/05/2025,2025-05-07,W,2026-10-01,2027-03-31,-0.651,
07/05/2025,2025-05-07,BoM,2025-05-08,2025-05-31,-1.357,
07/05/2025,2025-05-07,M+1,2025-06-01,2025-06-30,-1.25,
07/05/2025,2025-05-07,M+2,2025-07-01,2025-07-31,-0.95,
07/05/2025,2025-05-07,M+3,2025-08-01,2025-08-31,-0.932,
07/05/2025,2025-05-07,Q+1,2025-07-01,2025-09-30,-0.9,
07/05/2025,2025-05-07,Q+2,2025-10-01,2025-12-31,-0.912,
07/05/2025,2025-05-07,Q+3,2026-01-01,2026-03-31,-0.917,
07/05/2025,2025-05-07,Q+4,2026-04-01,2026-06-30,-0.633,
07/05/2025,2025-05-07,S,2026-04-01,2026-09-30,-0.618,
07/05/2025,2025-05-07,Y+1,2026-01-01,2026-12-31,-0.55,
07/05/2025,2025-05-07,Y+2,2027-01-01,2027-12-31,-0.45,
08/05/2025,2025-05-08,D+1,2025-05-09,2025-05-09,-1.147,35.36
08/05/2025,2025-05-08,D+2,2025-05-10,2025-05-10,-1.152,
08/05/2025,2025-05-08,D+3,2025-05-11,2025-05-11,-1.157,
08/05/2025,2025-05-08,W,2026-10-01,2027-03-31,-0.498,
08/05/2025,2025-05-08,BoM,2025-05-09,2025-05-31,-1.157,
08/05/2025,2025-05-08,M+1,2025-06-01,2025-06-30,-1.337,
08/05/2025,2025-05-08,M+2,2025-07-01,2025-07-31,-0.95,
08/05/2025,2025-05-08,M+3,2025-08-01,2025-08-31,-0.849,
08/05/2025,2025-05-08,Q+1,2025-07-01,2025-09-30,-0.95,
08/05/2025,2025-05-08,Q+2,2025-10-01,2025-12-31,-0.852,
08/05/2025,2025-05-08,Q+3,2026-01-01,2026-03-31,-0.843,
08/05/2025,2025-05-08,Q+4,2026-04-01,2026-06-30,-0.575,
08/05/2025,2025-05-08,S,2026-04-01,2026-09-30,-0.535,
08/05/2025,2025-05-08,Y+1,2026-01-01,2026-12-31,-0.587,
08/05/2025,2025-05-08,Y+2,2027-01-01,2027-12-31,-0.625,
09/05/2025,2025-05-09,D+1,2025-05-10,2025-05-10,-0.944,34.48
09/05/2025,2025-05-09,D+2,2025-05-11,2025-05-11,-0.954,
09/05/2025,2025-05-09,D+3,2025-05-12,2025-05-12,-0.964,
09/05/2025,2025-05-09,W,2026-10-01,2027-03-31,-0.428,
09/05/2025,2025-05-09,BoM,2025-05-10,2025-05-31,-0.995,
09/05/2025,2025-05-09,M+1,2025-06-01,2025-06-30,-1.3,
09/05/2025,2025-05-09,M+2,2025-07-01,2025-07-31,-0.95,
09/05/2025,2025-05-09,M+3,2025-08-01,2025-08-31,-0.752,
09/05/2025,2025-05-09,Q+1,2025-07-01,2025-09-30,-0.925,
09/05/2025,2025-05-09,Q+2,2025-10-01,2025-12-31,-0.748,
09/05/2025,2025-05-09,Q+3,2026-01-01,2026-03-31,-0.452,
09/05/2025,2025-05-09,Q+4,2026-04-01,2026-06-30,-0.381,
09/05/2025,2025-05-09,S,2026-04-01,2026-09-30,-0.415,
09/05/2025,2025-05-09,Y+1,2026-01-01,2026-12-31,-0.662,
09/05/2025,2025-05-09,Y+2,2027-01-01,2027-12-31,-0.625,
12/05/2025,2025-05-12,D+1,2025-05-13,2025-05-13,-1.19,35.35
12/05/2025,2025-05-12,D+2,2025-05-14,2025-05-14,-1.193,
12/05/2025,2025-05-12,D+3,2025-05-15,2025-05-15,-1.196,
12/05/2025,2025-05-12,W,2026-10-01,2027-03-31,-0.428,
12/05/2025,2025-05-12,BoM,2025-05-13,2025-05-31,-1.228,
12/05/2025,2025-05-12,M+1,2025-06-01,2025-06-30,-1.288,
12/05/2025,2025-05-12,M+2,2025-07-01,2025-07-31,-0.988,
12/05/2025,2025-05-12,M+3,2025-08-01,2025-08-31,-0.752,
12/05/2025,2025-05-12,Q+1,2025-07-01,2025-09-30,-0.925,
12/05/2025,2025-05-12,Q+2,2025-10-01,2025-12-31,-0.748,
12/05/2025,2025-05-12,Q+3,2026-01-01,2026-03-31,-0.452,
12/05/2025,2025-05-12,Q+4,2026-04-01,2026-06-30,-0.381,
12/05/2025,2025-05-12,S,2026-04-01,2026-09-30,-0.415,
12/05/2025,2025-05-12,Y+1,2026-01-01,2026-12-31,-0.7,
12/05/2025,2025-05-12,Y+2,2027-01-01,2027-12-31,-0.625,
13/05/2025,2025-05-13,D+1,2025-05-14,2025-05-14,-0.754,35.33
13/05/2025,2025-05-13,D+2,2025-05-15,2025-05-15,-0.767,
13/05/2025,2025-05-13,D+3,2025-05-16,2025-05-16,-0.78,
13/05/2025,2025-05-13,W,2026-10-01,2027-03-31,-0.71,
13/05/2025,2025-05-13,BoM,2025-05-14,2025-05-31,-0.9,
13/05/2025,2025-05-13,M+1,2025-06-01,2025-06-30,-1.163,
13/05/2025,2025-05-13,M+2,2025-07-01,2025-07-31,-1.1,
13/05/2025,2025-05-13,M+3,2025-08-01,2025-08-31,-1.009,
13/05/2025,2025-05-13,Q+1,2025-07-01,2025-09-30,-0.975,
13/05/2025,2025-05-13,Q+2,2025-10-01,2025-12-31,-0.983,
13/05/2025,2025-05-13,Q+3,2026-01-01,2026-03-31,-0.99,
13/05/2025,2025-05-13,Q+4,2026-04-01,2026-06-30,-0.629,
13/05/2025,2025-05-13,S,2026-04-01,2026-09-30,-0.684,
13/05/2025,2025-05-13,Y+1,2026-01-01,2026-12-31,-0.7,
13/05/2025,2025-05-13,Y+2,2027-01-01,2027-12-31,-0.625,
14/05/2025,2025-05-14,D+1,2025-05-15,2025-05-15,-0.687,34.51
14/05/2025,2025-05-14,D+2,2025-05-16,2025-05-16,-0.703,
14/05/2025,2025-05-14,D+3,2025-05-17,2025-05-17,-0.719,
14/05/2025,2025-05-14,W,2026-10-01,2027-03-31,-0.592,
14/05/2025,2025-05-14,BoM,2025-05-15,2025-05-31,-0.793,
14/05/2025,2025-05-14,M+1,2025-06-01,2025-06-30,-1.188,
14/05/2025,2025-05-14,M+2,2025-07-01,2025-07-31,-1.05,
14/05/2025,2025-05-14,M+3,2025-08-01,2025-08-31,-0.872,
14/05/2025,2025-05-14,Q+1,2025-07-01,2025-09-30,-0.975,
14/05/2025,2025-05-14,Q+2,2025-10-01,2025-12-31,-0.914,
14/05/2025,2025-05-14,Q+3,2026-01-01,2026-03-31,-0.957,
14/05/2025,2025-05-14,Q+4,2026-04-01,2026-06-30,-0.529,
14/05/2025,2025-05-14,S,2026-04-01,2026-09-30,-0.555,
14/05/2025,2025-05-14,Y+1,2026-01-01,2026-12-31,-0.712,
14/05/2025,2025-05-14,Y+2,2027-01-01,2027-12-31,-0.85,
15/05/2025,2025-05-15,D+1,2025-05-16,2025-05-16,-0.813,34.94
15/05/2025,2025-05-15,D+2,2025-05-17,2025-05-17,-0.825,
15/05/2025,2025-05-15,D+3,2025-05-18,2025-05-18,-0.836,
15/05/2025,2025-05-15,W,2026-10-01,2027-03-31,-1.043,
15/05/2025,2025-05-15,BoM,2025-05-16,2025-05-31,-0.917,
15/05/2025,2025-05-15,M+1,2025-06-01,2025-06-30,-1.163,
15/05/2025,2025-05-15,M+2,2025-07-01,2025-07-31,-1.05,
15/05/2025,2025-05-15,M+3,2025-08-01,2025-08-31,-1.007,
15/05/2025,2025-05-15,Q+1,2025-07-01,2025-09-30,-0.975,
15/05/2025,2025-05-15,Q+2,2025-10-01,2025-12-31,-1.1,
15/05/2025,2025-05-15,Q+3,2026-01-01,2026-03-31,-1.086,
15/05/2025,2025-05-15,Q+4,2026-04-01,2026-06-30,-1.047,
15/05/2025,2025-05-15,S,2026-04-01,2026-09-30,-1.015,
15/05/2025,2025-05-15,Y+1,2026-01-01,2026-12-31,-0.712,
15/05/2025,2025-05-15,Y+2,2027-01-01,2027-12-31,-0.85,
16/05/2025,2025-05-16,D+1,2025-05-17,2025-05-17,-0.735,34.78
16/05/2025,2025-05-16,D+2,2025-05-18,2025-05-18,-0.755,
16/05/2025,2025-05-16,D+3,2025-05-19,2025-05-19,-0.774,
16/05/2025,2025-05-16,W,2026-10-01,2027-03-31,-0.232,
16/05/2025,2025-05-16,BoM,2025-05-17,2025-05-31,-0.821,
16/05/2025,2025-05-16,M+1,2025-06-01,2025-06-30,-1.3,
16/05/2025,2025-05-16,M+2,2025-07-01,2025-07-31,-1.05,
16/05/2025,2025-05-16,M+3,2025-08-01,2025-08-31,-0.437,
16/05/2025,2025-05-16,Q+1,2025-07-01,2025-09-30,-1.05,
16/05/2025,2025-05-16,Q+2,2025-10-01,2025-12-31,-0.723,
16/05/2025,2025-05-16,Q+3,2026-01-01,2026-03-31,-0.734,
16/05/2025,2025-05-16,Q+4,2026-04-01,2026-06-30,-0.251,
16/05/2025,2025-05-16,S,2026-04-01,2026-09-30,-0.233,
16/05/2025,2025-05-16,Y+1,2026-01-01,2026-12-31,-0.725,
16/05/2025,2025-05-16,Y+2,2027-01-01,2027-12-31,-0.85,
19/05/2025,2025-05-19,D+1,2025-05-20,2025-05-20,-0.724,35.01
19/05/2025,2025-05-19,D+2,2025-05-21,2025-05-21,-0.745,
19/05/2025,2025-05-19,D+3,2025-05-22,2025-05-22,-0.765,
19/05/2025,2025-05-19,W,2026-10-01,2027-03-31,-0.85,
19/05/2025,2025-05-19,BoM,2025-05-20,2025-05-31,-0.813,
19/05/2025,2025-05-19,M+1,2025-06-01,2025-06-30,-1.262,
19/05/2025,2025-05-19,M+2,2025-07-01,2025-07-31,-1.051,
19/05/2025,2025-05-19,M+3,2025-08-01,2025-08-31,-1.011,
19/05/2025,2025-05-19,Q+1,2025-07-01,2025-09-30,-1.025,
19/05/2025,2025-05-19,Q+2,2025-10-01,2025-12-31,-1.084,
19/05/2025,2025-05-19,Q+3,2026-01-01,2026-03-31,-1.067,
19/05/2025,2025-05-19,Q+4,2026-04-01,2026-06-30,-0.84,
19/05/2025,2025-05-19,S,2026-04-01,2026-09-30,-0.832,
19/05/2025,2025-05-19,Y+1,2026-01-01,2026-12-31,-0.775,
19/05/2025,2025-05-19,Y+2,2027-01-01,2027-12-31,-0.85,
20/05/2025,2025-05-20,D+1,2025-05-21,2025-05-21,-1.151,37.21
20/05/2025,2025-05-20,D+2,2025-05-22,2025-05-22,-1.151,
20/05/2025,2025-05-20,D+3,2025-05-23,2025-05-23,-1.152,
20/05/2025,2025-05-20,W,2026-10-01,2027-03-31,-0.74,
20/05/2025,2025-05-20,BoM,2025-05-21,2025-05-31,-1.12,
20/05/2025,2025-05-20,M+1,2025-06-01,2025-06-30,-1.163,
20/05/2025,2025-05-20,M+2,2025-07-01,2025-07-31,-1.05,
20/05/2025,2025-05-20,M+3,2025-08-01,2025-08-31,-0.745,
20/05/2025,2025-05-20,Q+1,2025-07-01,2025-09-30,-1.05,
20/05/2025,2025-05-20,Q+2,2025-10-01,2025-12-31,-0.879,
20/05/2025,2025-05-20,Q+3,2026-01-01,2026-03-31,-0.853,
20/05/2025,2025-05-20,Q+4,2026-04-01,2026-06-30,-0.725,
20/05/2025,2025-05-20,S,2026-04-01,2026-09-30,-0.723,
20/05/2025,2025-05-20,Y+1,2026-01-01,2026-12-31,-0.787,
20/05/2025,2025-05-20,Y+2,2027-01-01,2027-12-31,-0.85,
21/05/2025,2025-05-21,D+1,2025-05-22,2025-05-22,-0.774,36.79
21/05/2025,2025-05-21,D+2,2025-05-23,2025-05-23,-0.791,
21/05/2025,2025-05-21,D+3,2025-05-24,2025-05-24,-0.808,
21/05/2025,2025-05-21,W,2026-10-01,2027-03-31,-0.831,
21/05/2025,2025-05-21,BoM,2025-05-22,2025-05-31,-0.822,
21/05/2025,2025-05-21,M+1,2025-06-01,2025-06-30,-1.188,
21/05/2025,2025-05-21,M+2,2025-07-01,2025-07-31,-1.138,
21/05/2025,2025-05-21,M+3,2025-08-01,2025-08-31,-1.052,
21/05/2025,2025-05-21,Q+1,2025-07-01,2025-09-30,-1.05,
21/05/2025,2025-05-21,Q+2,2025-10-01,2025-12-31,-1.057,
21/05/2025,2025-05-21,Q+3,2026-01-01,2026-03-31,-1.054,
21/05/2025,2025-05-21,Q+4,2026-04-01,2026-06-30,-0.839,
21/05/2025,2025-05-21,S,2026-04-01,2026-09-30,-0.843,
21/05/2025,2025-05-21,Y+1,2026-01-01,2026-12-31,-0.775,
21/05/2025,2025-05-21,Y+2,2027-01-01,2027-12-31,-0.85,
22/05/2025,2025-05-22,D+1,2025-05-23,2025-05-23,-1.139,36.09
22/05/2025,2025-05-22,D+2,2025-05-24,2025-05-24,-1.138,
22/05/2025,2025-05-22,D+3,2025-05-25,2025-05-25,-1.138,
22/05/2025,2025-05-22,W,2026-10-01,2027-03-31,-0.913,
22/05/2025,2025-05-22,BoM,2025-05-23,2025-05-31,-1.11,
22/05/2025,2025-05-22,M+1,2025-06-01,2025-06-30,-1.125,
22/05/2025,2025-05-22,M+2,2025-07-01,2025-07-31,-1.237,
22/05/2025,2025-05-22,M+3,2025-08-01,2025-08-31,-1.005,
22/05/2025,2025-05-22,Q+1,2025-07-01,2025-09-30,-1.025,
22/05/2025,2025-05-22,Q+2,2025-10-01,2025-12-31,-1.097,
22/05/2025,2025-05-22,Q+3,2026-01-01,2026-03-31,-0.63,
22/05/2025,2025-05-22,Q+4,2026-04-01,2026-06-30,-0.903,
22/05/2025,2025-05-22,S,2026-04-01,2026-09-30,-0.936,
22/05/2025,2025-05-22,Y+1,2026-01-01,2026-12-31,-0.775,
22/05/2025,2025-05-22,Y+2,2027-01-01,2027-12-31,-0.85,
23/05/2025,2025-05-23,D+1,2025-05-24,2025-05-24,-1.139,35.95
23/05/2025,2025-05-23,D+2,2025-05-25,2025-05-25,-1.138,
23/05/2025,2025-05-23,D+3,2025-05-26,2025-05-26,-1.138,
23/05/2025,2025-05-23,W,2026-10-01,2027-03-31,-1.006,
23/05/2025,2025-05-23,BoM,2025-05-24,2025-05-31,-1.312,
23/05/2025,2025-05-23,M+1,2025-06-01,2025-06-30,-1.087,
23/05/2025,2025-05-23,M+2,2025-07-01,2025-07-31,-1.1,
23/05/2025,2025-05-23,M+3,2025-08-01,2025-08-31,-1.171,
23/05/2025,2025-05-23,Q+1,2025-07-01,2025-09-30,-1.0,
23/05/2025,2025-05-23,Q+2,2025-10-01,2025-12-31,-1.587,
23/05/2025,2025-05-23,Q+3,2026-01-01,2026-03-31,-0.802,
23/05/2025,2025-05-23,Q+4,2026-04-01,2026-06-30,-1.046,
23/05/2025,2025-05-23,S,2026-04-01,2026-09-30,-1.043,
23/05/2025,2025-05-23,Y+1,2026-01-01,2026-12-31,-0.775,
23/05/2025,2025-05-23,Y+2,2027-01-01,2027-12-31,-0.85,
26/05/2025,2025-05-26,D+1,2025-05-27,2025-05-27,-0.651,35.7
26/05/2025,2025-05-26,D+2,2025-05-28,2025-05-28,-0.676,
26/05/2025,2025-05-26,D+3,2025-05-29,2025-05-29,-0.701,
26/05/2025,2025-05-26,W,2026-10-01,2027-03-31,-0.79,
26/05/2025,2025-05-26,BoM,2025-05-27,2025-05-31,-0.676,
26/05/2025,2025-05-26,M+1,2025-06-01,2025-06-30,-1.125,
26/05/2025,2025-05-26,M+2,2025-07-01,2025-07-31,-1.0,
26/05/2025,2025-05-26,M+3,2025-08-01,2025-08-31,-0.981,
26/05/2025,2025-05-26,Q+1,2025-07-01,2025-09-30,-1.0,
26/05/2025,2025-05-26,Q+2,2025-10-01,2025-12-31,-0.985,
26/05/2025,2025-05-26,Q+3,2026-01-01,2026-03-31,-1.041,
26/05/2025,2025-05-26,Q+4,2026-04-01,2026-06-30,-0.784,
26/05/2025,2025-05-26,S,2026-04-01,2026-09-30,-0.754,
26/05/2025,2025-05-26,Y+1,2026-01-01,2026-12-31,-0.775,
26/05/2025,2025-05-26,Y+2,2027-01-01,2027-12-31,-0.85,
27/05/2025,2025-05-27,D+1,2025-05-28,2025-05-28,-1.051,36.62
27/05/2025,2025-05-27,D+2,2025-05-29,2025-05-29,-1.056,
27/05/2025,2025-05-27,D+3,2025-05-30,2025-05-30,-1.061,
27/05/2025,2025-05-27,W,2026-10-01,2027-03-31,-0.827,
27/05/2025,2025-05-27,BoM,2025-05-28,2025-05-31,-1.042,
27/05/2025,2025-05-27,M+1,2025-06-01,2025-06-30,-1.137,
27/05/2025,2025-05-27,M+2,2025-07-01,2025-07-31,-1.05,
27/05/2025,2025-05-27,M+3,2025-08-01,2025-08-31,-0.604,
27/05/2025,2025-05-27,Q+1,2025-07-01,2025-09-30,-0.975,
27/05/2025,2025-05-27,Q+2,2025-10-01,2025-12-31,-0.964,
27/05/2025,2025-05-27,Q+3,2026-01-01,2026-03-31,-0.957,
27/05/2025,2025-05-27,Q+4,2026-04-01,2026-06-30,-0.791,
27/05/2025,2025-05-27,S,2026-04-01,2026-09-30,-0.808,
27/05/2025,2025-05-27,Y+1,2026-01-01,2026-12-31,-0.775,
27/05/2025,2025-05-27,Y+2,2027-01-01,2027-12-31,-0.85,
28/05/2025,2025-05-28,D+1,2025-05-29,2025-05-29,-0.962,36.41
28/05/2025,2025-05-28,D+2,2025-05-30,2025-05-30,-0.965,
28/05/2025,2025-05-28,D+3,2025-05-31,2025-05-31,-0.968,
28/05/2025,2025-05-28,W,2026-10-01,2027-03-31,-0.786,
28/05/2025,2025-05-28,M+1,2025-06-01,2025-06-30,-1.012,
28/05/2025,2025-05-28,M+2,2025-07-01,2025-07-31,-1.075,
28/05/2025,2025-05-28,M+3,2025-08-01,2025-08-31,-0.876,
28/05/2025,2025-05-28,Q+1,2025-07-01,2025-09-30,-0.95,
28/05/2025,2025-05-28,Q+2,2025-10-01,2025-12-31,-0.941,
28/05/2025,2025-05-28,Q+3,2026-01-01,2026-03-31,-1.124,
28/05/2025,2025-05-28,Q+4,2026-04-01,2026-06-30,-0.784,
28/05/2025,2025-05-28,S,2026-04-01,2026-09-30,-0.77,
28/05/2025,2025-05-28,Y+1,2026-01-01,2026-12-31,-0.8,
28/05/2025,2025-05-28,Y+2,2027-01-01,2027-12-31,-0.85,
29/05/2025,2025-05-29,D+1,2025-05-30,2025-05-30,-0.63,34.73
29/05/2025,2025-05-29,D+2,2025-05-31,2025-05-31,-0.652,
29/05/2025,2025-05-29,D+3,2025-06-01,2025-06-01,-0.673,
29/05/2025,2025-05-29,W,2026-10-01,2027-03-31,-1.024,
29/05/2025,2025-05-29,M+1,2025-06-01,2025-06-30,-0.975,
29/05/2025,2025-05-29,M+2,2025-07-01,2025-07-31,-1.075,
29/05/2025,2025-05-29,M+3,2025-08-01,2025-08-31,-0.915,
29/05/2025,2025-05-29,Q+1,2025-07-01,2025-09-30,-0.95,
29/05/2025,2025-05-29,Q+2,2025-10-01,2025-12-31,-1.084,
29/05/2025,2025-05-29,Q+3,2026-01-01,2026-03-31,-1.113,
29/05/2025,2025-05-29,Q+4,2026-04-01,2026-06-30,-1.006,
29/05/2025,2025-05-29,S,2026-04-01,2026-09-30,-0.977,
29/05/2025,2025-05-29,Y+1,2026-01-01,2026-12-31,-0.925,
29/05/2025,2025-05-29,Y+2,2027-01-01,2027-12-31,-0.85,
30/05/2025,2025-05-30,D+1,2025-05-31,2025-05-31,-0.322,33.42
30/05/2025,2025-05-30,D+2,2025-06-01,2025-06-01,-0.367,
30/05/2025,2025-05-30,D+3,2025-06-02,2025-06-02,-0.412,
30/05/2025,2025-05-30,W,2026-10-01,2027-03-31,-0.918,
30/05/2025,2025-05-30,M+1,2025-06-01,2025-06-30,-1.0,
30/05/2025,2025-05-30,M+2,2025-07-01,2025-07-31,-1.075,
30/05/2025,2025-05-30,M+3,2025-08-01,2025-08-31,-0.488,
30/05/2025,2025-05-30,Q+1,2025-07-01,2025-09-30,-0.875,
30/05/2025,2025-05-30,Q+2,2025-10-01,2025-12-31,-1.032,
30/05/2025,2025-05-30,Q+3,2026-01-01,2026-03-31,-1.025,
30/05/2025,2025-05-30,Q+4,2026-04-01,2026-06-30,-0.917,
30/05/2025,2025-05-30,S,2026-04-01,2026-09-30,-0.903,
30/05/2025,2025-05-30,Y+1,2026-01-01,2026-12-31,-0.925,
30/05/2025,2025-05-30,Y+2,2027-01-01,2027-12-31,-0.85,
02/06/2025,2025-06-02,D+1,2025-06-03,2025-06-03,-0.212,34.68
02/06/2025,2025-06-02,D+2,2025-06-04,2025-06-04,-0.226,
02/06/2025,2025-06-02,D+3,2025-06-05,2025-06-05,-0.241,
02/06/2025,2025-06-02,W,2026-10-01,2027-03-31,-0.975,
02/06/2025,2025-06-02,BoM,2025-06-03,2025-06-30,-0.356,
02/06/2025,2025-06-02,M+1,2025-07-01,2025-07-31,-0.9,
02/06/2025,2025-06-02,M+2,2025-08-01,2025-08-31,-0.875,
02/06/2025,2025-06-02,M+3,2025-09-01,2025-09-30,-0.642,
02/06/2025,2025-06-02,Q+1,2025-07-01,2025-09-30,-0.85,
02/06/2025,2025-06-02,Q+2,2025-10-01,2025-12-31,-1.052,
02/06/2025,2025-06-02,Q+3,2026-01-01,2026-03-31,-1.051,
02/06/2025,2025-06-02,Q+4,2026-04-01,2026-06-30,-1.005,
02/06/2025,2025-06-02,S,2026-04-01,2026-09-30,-0.979,
02/06/2025,2025-06-02,Y+1,2026-01-01,2026-12-31,-0.903,
02/06/2025,2025-06-02,Y+2,2027-01-01,2027-12-31,-0.85,
03/06/2025,2025-06-03,D+1,2025-06-04,2025-06-04,-0.257,35.47
03/06/2025,2025-06-03,D+2,2025-06-05,2025-06-05,-0.271,
03/06/2025,2025-06-03,D+3,2025-06-06,2025-06-06,-0.286,
03/06/2025,2025-06-03,W,2026-10-01,2027-03-31,-0.674,
03/06/2025,2025-06-03,BoM,2025-06-04,2025-06-30,-0.402,
03/06/2025,2025-06-03,M+1,2025-07-01,2025-07-31,-0.85,
03/06/2025,2025-06-03,M+2,2025-08-01,2025-08-31,-0.85,
03/06/2025,2025-06-03,M+3,2025-09-01,2025-09-30,-0.811,
03/06/2025,2025-06-03,Q+1,2025-07-01,2025-09-30,-0.875,
03/06/2025,2025-06-03,Q+2,2025-10-01,2025-12-31,-1.051,
03/06/2025,2025-06-03,Q+3,2026-01-01,2026-03-31,-0.99,
03/06/2025,2025-06-03,Q+4,2026-04-01,2026-06-30,-0.702,
03/06/2025,2025-06-03,S,2026-04-01,2026-09-30,-0.669,
03/06/2025,2025-06-03,Y+1,2026-01-01,2026-12-31,-0.875,
03/06/2025,2025-06-03,Y+2,2027-01-01,2027-12-31,-0.85,
04/06/2025,2025-06-04,D+1,2025-06-05,2025-06-05,-0.557,35.37
04/06/2025,2025-06-04,D+2,2025-06-06,2025-06-06,-0.564,
04/06/2025,2025-06-04,D+3,2025-06-07,2025-06-07,-0.571,
04/06/2025,2025-06-04,W,2026-10-01,2027-03-31,-0.987,
04/06/2025,2025-06-04,BoM,2025-06-05,2025-06-30,-0.59,
04/06/2025,2025-06-04,M+1,2025-07-01,2025-07-31,-0.85,
04/06/2025,2025-06-04,M+2,2025-08-01,2025-08-31,-0.85,
04/06/2025,2025-06-04,M+3,2025-09-01,2025-09-30,-0.427,
04/06/2025,2025-06-04,Q+1,2025-07-01,2025-09-30,-0.85,
04/06/2025,2025-06-04,Q+2,2025-10-01,2025-12-31,-1.185,
04/06/2025,2025-06-04,Q+3,2026-01-01,2026-03-31,-0.848,
04/06/2025,2025-06-04,Q+4,2026-04-01,2026-06-30,-0.96,
04/06/2025,2025-06-04,S,2026-04-01,2026-09-30,-0.977,
04/06/2025,2025-06-04,Y+1,2026-01-01,2026-12-31,-0.875,
04/06/2025,2025-06-04,Y+2,2027-01-01,2027-12-31,-0.75,
05/06/2025,2025-06-05,D+1,2025-06-06,2025-06-06,-0.317,36.11
05/06/2025,2025-06-05,D+2,2025-06-07,2025-06-07,-0.327,
05/06/2025,2025-06-05,D+3,2025-06-08,2025-06-08,-0.338,
05/06/2025,2025-06-05,W,2026-10-01,2027-03-31,-1.092,
05/06/2025,2025-06-05,BoM,2025-06-06,2025-06-30,-0.37,
05/06/2025,2025-06-05,M+1,2025-07-01,2025-07-31,-0.725,
05/06/2025,2025-06-05,M+2,2025-08-01,2025-08-31,-0.775,
05/06/2025,2025-06-05,M+3,2025-09-01,2025-09-30,-0.598,
05/06/2025,2025-06-05,Q+1,2025-07-01,2025-09-30,-0.762,
05/06/2025,2025-06-05,Q+2,2025-10-01,2025-12-31,-0.719,
05/06/2025,2025-06-05,Q+3,2026-01-01,2026-03-31,-0.743,
05/06/2025,2025-06-05,Q+4,2026-04-01,2026-06-30,-1.072,
05/06/2025,2025-06-05,S,2026-04-01,2026-09-30,-1.13,
05/06/2025,2025-06-05,Y+1,2026-01-01,2026-12-31,-0.85,
05/06/2025,2025-06-05,Y+2,2027-01-01,2027-12-31,-0.75,
06/06/2025,2025-06-06,D+1,2025-06-07,2025-06-07,-0.392,35.96
06/06/2025,2025-06-06,D+2,2025-06-08,2025-06-08,-0.402,
06/06/2025,2025-06-06,D+3,2025-06-09,2025-06-09,-0.411,
06/06/2025,2025-06-06,W,2026-10-01,2027-03-31,-0.906,
06/06/2025,2025-06-06,BoM,2025-06-07,2025-06-30,-0.476,
06/06/2025,2025-06-06,M+1,2025-07-01,2025-07-31,-0.75,
06/06/2025,2025-06-06,M+2,2025-08-01,2025-08-31,-0.75,
06/06/2025,2025-06-06,M+3,2025-09-01,2025-09-30,-0.73,
06/06/2025,2025-06-06,Q+1,2025-07-01,2025-09-30,-0.775,
06/06/2025,2025-06-06,Q+2,2025-10-01,2025-12-31,-1.279,
06/06/2025,2025-06-06,Q+3,2026-01-01,2026-03-31,-0.512,
06/06/2025,2025-06-06,Q+4,2026-04-01,2026-06-30,-0.93,
06/06/2025,2025-06-06,S,2026-04-01,2026-09-30,-0.906,
06/06/2025,2025-06-06,Y+1,2026-01-01,2026-12-31,-0.9,
06/06/2025,2025-06-06,Y+2,2027-01-01,2027-12-31,-0.75,
09/06/2025,2025-06-09,D+1,2025-06-10,2025-06-10,-0.093,35.29
09/06/2025,2025-06-09,D+2,2025-06-11,2025-06-11,-0.109,
09/06/2025,2025-06-09,D+3,2025-06-12,2025-06-12,-0.125,
09/06/2025,2025-06-09,W,2026-10-01,2027-03-31,-1.017,
09/06/2025,2025-06-09,BoM,2025-06-10,2025-06-30,-0.212,
09/06/2025,2025-06-09,M+1,2025-07-01,2025-07-31,-0.663,
09/06/2025,2025-06-09,M+2,2025-08-01,2025-08-31,-0.675,
09/06/2025,2025-06-09,M+3,2025-09-01,2025-09-30,-0.411,
09/06/2025,2025-06-09,Q+1,2025-07-01,2025-09-30,-0.675,
09/06/2025,2025-06-09,Q+2,2025-10-01,2025-12-31,-0.972,
09/06/2025,2025-06-09,Q+3,2026-01-01,2026-03-31,-0.982,
09/06/2025,2025-06-09,Q+4,2026-04-01,2026-06-30,-0.551,
09/06/2025,2025-06-09,S,2026-04-01,2026-09-30,-0.771,
09/06/2025,2025-06-09,Y+1,2026-01-01,2026-12-31,-0.9,
09/06/2025,2025-06-09,Y+2,2027-01-01,2027-12-31,-0.75,
10/06/2025,2025-06-10,D+1,2025-06-11,2025-06-11,-0.282,34.58
10/06/2025,2025-06-10,D+2,2025-06-12,2025-06-12,-0.292,
10/06/2025,2025-06-10,D+3,2025-06-13,2025-06-13,-0.302,
10/06/2025,2025-06-10,W,2026-10-01,2027-03-31,-0.863,
10/06/2025,2025-06-10,BoM,2025-06-11,2025-06-30,-0.325,
10/06/2025,2025-06-10,M+1,2025-07-01,2025-07-31,-0.625,
10/06/2025,2025-06-10,M+2,2025-08-01,2025-08-31,-0.675,
10/06/2025,2025-06-10,M+3,2025-09-01,2025-09-30,-0.779,
10/06/2025,2025-06-10,Q+1,2025-07-01,2025-09-30,-0.575,
10/06/2025,2025-06-10,Q+2,2025-10-01,2025-12-31,-0.953,
10/06/2025,2025-06-10,Q+3,2026-01-01,2026-03-31,-0.97,
10/06/2025,2025-06-10,Q+4,2026-04-01,2026-06-30,-0.871,
10/06/2025,2025-06-10,S,2026-04-01,2026-09-30,-0.851,
10/06/2025,2025-06-10,Y+1,2026-01-01,2026-12-31,-0.875,
10/06/2025,2025-06-10,Y+2,2027-01-01,2027-12-31,-0.75,
11/06/2025,2025-06-11,D+1,2025-06-12,2025-06-12,-0.023,35.57
11/06/2025,2025-06-11,D+2,2025-06-13,2025-06-13,-0.04,
11/06/2025,2025-06-11,D+3,2025-06-14,2025-06-14,-0.057,
11/06/2025,2025-06-11,W,2026-10-01,2027-03-31,-0.651,
11/06/2025,2025-06-11,BoM,2025-06-12,2025-06-30,-0.14,
11/06/2025,2025-06-11,M+1,2025-07-01,2025-07-31,-0.588,
11/06/2025,2025-06-11,M+2,2025-08-01,2025-08-31,-0.538,
11/06/2025,2025-06-11,M+3,2025-09-01,2025-09-30,-0.387,
11/06/2025,2025-06-11,Q+1,2025-07-01,2025-09-30,-0.525,
11/06/2025,2025-06-11,Q+2,2025-10-01,2025-12-31,-1.108,
11/06/2025,2025-06-11,Q+3,2026-01-01,2026-03-31,-0.931,
11/06/2025,2025-06-11,Q+4,2026-04-01,2026-06-30,-0.669,
11/06/2025,2025-06-11,S,2026-04-01,2026-09-30,-0.65,
11/06/2025,2025-06-11,Y+1,2026-01-01,2026-12-31,-0.875,
11/06/2025,2025-06-11,Y+2,2027-01-01,2027-12-31,-0.75,
12/06/2025,2025-06-12,D+1,2025-06-13,2025-06-13,0.012,35.98
12/06/2025,2025-06-12,D+2,2025-06-14,2025-06-14,-0.006,
12/06/2025,2025-06-12,D+3,2025-06-15,2025-06-15,-0.023,
12/06/2025,2025-06-12,W,2026-10-01,2027-03-31,-0.778,
12/06/2025,2025-06-12,BoM,2025-06-13,2025-06-30,-0.081,
12/06/2025,2025-06-12,M+1,2025-07-01,2025-07-31,-0.562,
12/06/2025,2025-06-12,M+2,2025-08-01,2025-08-31,-0.538,
12/06/2025,2025-06-12,M+3,2025-09-01,2025-09-30,-0.602,
12/06/2025,2025-06-12,Q+1,2025-07-01,2025-09-30,-0.5,
12/06/2025,2025-06-12,Q+2,2025-10-01,2025-12-31,-0.862,
12/06/2025,2025-06-12,Q+3,2026-01-01,2026-03-31,-0.869,
12/06/2025,2025-06-12,Q+4,2026-04-01,2026-06-30,-0.783,
12/06/2025,2025-06-12,S,2026-04-01,2026-09-30,-0.777,
12/06/2025,2025-06-12,Y+1,2026-01-01,2026-12-31,-0.863,
12/06/2025,2025-06-12,Y+2,2027-01-01,2027-12-31,-0.75,
13/06/2025,2025-06-13,D+1,2025-06-14,2025-06-14,-0.089,37.48
13/06/2025,2025-06-13,D+2,2025-06-15,2025-06-15,-0.104,
13/06/2025,2025-06-13,D+3,2025-06-16,2025-06-16,-0.119,
13/06/2025,2025-06-13,W,2026-10-01,2027-03-31,-0.522,
13/06/2025,2025-06-13,BoM,2025-06-14,2025-06-30,-0.156,
13/06/2025,2025-06-13,M+1,2025-07-01,2025-07-31,-0.562,
13/06/2025,2025-06-13,M+2,2025-08-01,2025-08-31,-0.55,
13/06/2025,2025-06-13,M+3,2025-09-01,2025-09-30,-0.331,
13/06/2025,2025-06-13,Q+1,2025-07-01,2025-09-30,-0.588,
13/06/2025,2025-06-13,Q+2,2025-10-01,2025-12-31,-0.621,
13/06/2025,2025-06-13,Q+3,2026-01-01,2026-03-31,-0.609,
13/06/2025,2025-06-13,Q+4,2026-04-01,2026-06-30,-0.485,
13/06/2025,2025-06-13,S,2026-04-01,2026-09-30,-0.478,
13/06/2025,2025-06-13,Y+1,2026-01-01,2026-12-31,-0.875,
13/06/2025,2025-06-13,Y+2,2027-01-01,2027-12-31,-0.75,
16/06/2025,2025-06-16,D+1,2025-06-17,2025-06-17,-0.04,37.6
16/06/2025,2025-06-16,D+2,2025-06-18,2025-06-18,-0.059,
16/06/2025,2025-06-16,D+3,2025-06-19,2025-06-19,-0.078,
16/06/2025,2025-06-16,W,2026-10-01,2027-03-31,-0.797,
16/06/2025,2025-06-16,BoM,2025-06-17,2025-06-30,-0.082,
16/06/2025,2025-06-16,M+1,2025-07-01,2025-07-31,-0.575,
16/06/2025,2025-06-16,M+2,2025-08-01,2025-08-31,-0.55,
16/06/2025,2025-06-16,M+3,2025-09-01,2025-09-30,-0.802,
16/06/2025,2025-06-16,Q+1,2025-07-01,2025-09-30,-0.575,
16/06/2025,2025-06-16,Q+2,2025-10-01,2025-12-31,-1.126,
16/06/2025,2025-06-16,Q+3,2026-01-01,2026-03-31,-1.129,
16/06/2025,2025-06-16,Q+4,2026-04-01,2026-06-30,-0.755,
16/06/2025,2025-06-16,S,2026-04-01,2026-09-30,-0.764,
16/06/2025,2025-06-16,Y+1,2026-01-01,2026-12-31,-0.875,
16/06/2025,2025-06-16,Y+2,2027-01-01,2027-12-31,-0.75,
17/06/2025,2025-06-17,D+1,2025-06-18,2025-06-18,0.049,38.84
17/06/2025,2025-06-17,D+2,2025-06-19,2025-06-19,0.027,
17/06/2025,2025-06-17,D+3,2025-06-20,2025-06-20,0.005,
17/06/2025,2025-06-17,W,2026-10-01,2027-03-31,-0.852,
17/06/2025,2025-06-17,BoM,2025-06-18,2025-06-30,-0.051,
17/06/2025,2025-06-17,M+1,2025-07-01,2025-07-31,-0.562,
17/06/2025,2025-06-17,M+2,2025-08-01,2025-08-31,-0.55,
17/06/2025,2025-06-17,M+3,2025-09-01,2025-09-30,-0.433,
17/06/2025,2025-06-17,Q+1,2025-07-01,2025-09-30,-0.525,
17/06/2025,2025-06-17,Q+2,2025-10-01,2025-12-31,-1.106,
17/06/2025,2025-06-17,Q+3,2026-01-01,2026-03-31,-0.971,
17/06/2025,2025-06-17,Q+4,2026-04-01,2026-06-30,-0.84,
17/06/2025,2025-06-17,S,2026-04-01,2026-09-30,-0.841,
17/06/2025,2025-06-17,Y+1,2026-01-01,2026-12-31,-0.925,
17/06/2025,2025-06-17,Y+2,2027-01-01,2027-12-31,-0.75,
18/06/2025,2025-06-18,D+1,2025-06-19,2025-06-19,0.026,38.5
18/06/2025,2025-06-18,D+2,2025-06-20,2025-06-20,0.004,
18/06/2025,2025-06-18,D+3,2025-06-21,2025-06-21,-0.017,
18/06/2025,2025-06-18,W,2026-10-01,2027-03-31,-0.992,
18/06/2025,2025-06-18,BoM,2025-06-19,2025-06-30,-0.072,
18/06/2025,2025-06-18,M+1,2025-07-01,2025-07-31,-0.55,
18/06/2025,2025-06-18,M+2,2025-08-01,2025-08-31,-0.55,
18/06/2025,2025-06-18,M+3,2025-09-01,2025-09-30,-0.631,
18/06/2025,2025-06-18,Q+1,2025-07-01,2025-09-30,-0.525,
18/06/2025,2025-06-18,Q+2,2025-10-01,2025-12-31,-1.093,
18/06/2025,2025-06-18,Q+3,2026-01-01,2026-03-31,-1.098,
18/06/2025,2025-06-18,Q+4,2026-04-01,2026-06-30,-0.984,
18/06/2025,2025-06-18,S,2026-04-01,2026-09-30,-1.015,
18/06/2025,2025-06-18,Y+1,2026-01-01,2026-12-31,-0.925,
18/06/2025,2025-06-18,Y+2,2027-01-01,2027-12-31,-0.75,
19/06/2025,2025-06-19,D+1,2025-06-20,2025-06-20,0.069,41.38
19/06/2025,2025-06-19,D+2,2025-06-21,2025-06-21,0.045,
19/06/2025,2025-06-19,D+3,2025-06-22,2025-06-22,0.021,
19/06/2025,2025-06-19,W,2026-10-01,2027-03-31,-0.924,
19/06/2025,2025-06-19,BoM,2025-06-20,2025-06-30,-0.033,
19/06/2025,2025-06-19,M+1,2025-07-01,2025-07-31,-0.538,
19/06/2025,2025-06-19,M+2,2025-08-01,2025-08-31,-0.575,
19/06/2025,2025-06-19,M+3,2025-09-01,2025-09-30,-0.5,
19/06/2025,2025-06-19,Q+1,2025-07-01,2025-09-30,-0.525,
19/06/2025,2025-06-19,Q+2,2025-10-01,2025-12-31,-0.966,
19/06/2025,2025-06-19,Q+3,2026-01-01,2026-03-31,-1.003,
19/06/2025,2025-06-19,Q+4,2026-04-01,2026-06-30,-0.955,
19/06/2025,2025-06-19,S,2026-04-01,2026-09-30,-0.909,
19/06/2025,2025-06-19,Y+1,2026-01-01,2026-12-31,-0.925,
19/06/2025,2025-06-19,Y+2,2027-01-01,2027-12-31,-0.75,
20/06/2025,2025-06-20,D+1,2025-06-21,2025-06-21,0.436,40.33
20/06/2025,2025-06-20,D+2,2025-06-22,2025-06-22,0.404,
20/06/2025,2025-06-20,D+3,2025-06-23,2025-06-23,0.372,
20/06/2025,2025-06-20,W,2026-10-01,2027-03-31,-0.238,
20/06/2025,2025-06-20,BoM,2025-06-21,2025-06-30,0.328,
20/06/2025,2025-06-20,M+1,2025-07-01,2025-07-31,-0.121,
20/06/2025,2025-06-20,M+2,2025-08-01,2025-08-31,-0.151,
20/06/2025,2025-06-20,M+3,2025-09-01,2025-09-30,-0.147,
20/06/2025,2025-06-20,Q+1,2025-07-01,2025-09-30,-0.17,
20/06/2025,2025-06-20,Q+2,2025-10-01,2025-12-31,-0.219,
20/06/2025,2025-06-20,Q+3,2026-01-01,2026-03-31,-0.192,
20/06/2025,2025-06-20,Q+4,2026-04-01,2026-06-30,-0.188,
20/06/2025,2025-06-20,S,2026-04-01,2026-09-30,-0.218,
20/06/2025,2025-06-20,Y+1,2026-01-01,2026-12-31,-0.242,
20/06/2025,2025-06-20,Y+2,2027-01-01,2027-12-31,-0.17,
23/06/2025,2025-06-23,D+1,2025-06-24,2025-06-24,0.377,40.01
23/06/2025,2025-06-23,D+2,2025-06-25,2025-06-25,0.346,
23/06/2025,2025-06-23,D+3,2025-06-26,2025-06-26,0.315,
23/06/2025,2025-06-23,W,2026-10-01,2027-03-31,-0.759,
23/06/2025,2025-06-23,BoM,2025-06-24,2025-06-30,0.294,
23/06/2025,2025-06-23,M+1,2025-07-01,2025-07-31,-0.287,
23/06/2025,2025-06-23,M+2,2025-08-01,2025-08-31,-0.463,
23/06/2025,2025-06-23,M+3,2025-09-01,2025-09-30,-0.197,
23/06/2025,2025-06-23,Q+1,2025-07-01,2025-09-30,-0.425,
23/06/2025,2025-06-23,Q+2,2025-10-01,2025-12-31,-1.002,
23/06/2025,2025-06-23,Q+3,2026-01-01,2026-03-31,-1.015,
23/06/2025,2025-06-23,Q+4,2026-04-01,2026-06-30,-0.74,
23/06/2025,2025-06-23,S,2026-04-01,2026-09-30,-0.727,
23/06/2025,2025-06-23,Y+1,2026-01-01,2026-12-31,-0.825,
23/06/2025,2025-06-23,Y+2,2027-01-01,2027-12-31,-0.75,
24/06/2025,2025-06-24,D+1,2025-06-25,2025-06-25,0.414,35.29
24/06/2025,2025-06-24,D+2,2025-06-26,2025-06-26,0.38,
24/06/2025,2025-06-24,D+3,2025-06-27,2025-06-27,0.346,
24/06/2025,2025-06-24,W,2026-10-01,2027-03-31,-0.862,
24/06/2025,2025-06-24,BoM,2025-06-25,2025-06-30,0.367,
24/06/2025,2025-06-24,M+1,2025-07-01,2025-07-31,-0.287,
24/06/2025,2025-06-24,M+2,2025-08-01,2025-08-31,-0.338,
24/06/2025,2025-06-24,M+3,2025-09-01,2025-09-30,-0.424,
24/06/2025,2025-06-24,Q+1,2025-07-01,2025-09-30,-0.375,
24/06/2025,2025-06-24,Q+2,2025-10-01,2025-12-31,-0.842,
24/06/2025,2025-06-24,Q+3,2026-01-01,2026-03-31,-0.863,
24/06/2025,2025-06-24,Q+4,2026-04-01,2026-06-30,-0.82,
24/06/2025,2025-06-24,S,2026-04-01,2026-09-30,-0.832,
24/06/2025,2025-06-24,Y+1,2026-01-01,2026-12-31,-0.818,
24/06/2025,2025-06-24,Y+2,2027-01-01,2027-12-31,-0.75,
25/06/2025,2025-06-25,D+1,2025-06-26,2025-06-26,0.373,35.05
25/06/2025,2025-06-25,D+2,2025-06-27,2025-06-27,0.344,
25/06/2025,2025-06-25,D+3,2025-06-28,2025-06-28,0.314,
25/06/2025,2025-06-25,W,2026-10-01,2027-03-31,-0.754,
25/06/2025,2025-06-25,BoM,2025-06-26,2025-06-30,0.349,
25/06/2025,2025-06-25,M+1,2025-07-01,2025-07-31,-0.15,
25/06/2025,2025-06-25,M+2,2025-08-01,2025-08-31,-0.312,
25/06/2025,2025-06-25,M+3,2025-09-01,2025-09-30,-0.246,
25/06/2025,2025-06-25,Q+1,2025-07-01,2025-09-30,-0.3,
25/06/2025,2025-06-25,Q+2,2025-10-01,2025-12-31,-0.776,
25/06/2025,2025-06-25,Q+3,2026-01-01,2026-03-31,-0.799,
25/06/2025,2025-06-25,Q+4,2026-04-01,2026-06-30,-0.772,
25/06/2025,2025-06-25,S,2026-04-01,2026-09-30,-0.734,
25/06/2025,2025-06-25,Y+1,2026-01-01,2026-12-31,-0.812,
25/06/2025,2025-06-25,Y+2,2027-01-01,2027-12-31,-0.75,
26/06/2025,2025-06-26,D+1,2025-06-27,2025-06-27,0.702,33.24
26/06/2025,2025-06-26,D+2,2025-06-28,2025-06-28,0.658,
26/06/2025,2025-06-26,D+3,2025-06-29,2025-06-29,0.614,
26/06/2025,2025-06-26,W,2026-10-01,2027-03-31,-0.621,
26/06/2025,2025-06-26,BoM,2025-06-27,2025-06-30,0.67,
26/06/2025,2025-06-26,M+1,2025-07-01,2025-07-31,-0.113,
26/06/2025,2025-06-26,M+2,2025-08-01,2025-08-31,-0.35,
26/06/2025,2025-06-26,M+3,2025-09-01,2025-09-30,-0.46,
26/06/2025,2025-06-26,Q+1,2025-07-01,2025-09-30,-0.325,
26/06/2025,2025-06-26,Q+2,2025-10-01,2025-12-31,-0.852,
26/06/2025,2025-06-26,Q+3,2026-01-01,2026-03-31,-0.871,
26/06/2025,2025-06-26,Q+4,2026-04-01,2026-06-30,-0.58,
26/06/2025,2025-06-26,S,2026-04-01,2026-09-30,-0.58,
26/06/2025,2025-06-26,Y+1,2026-01-01,2026-12-31,-0.8,
26/06/2025,2025-06-26,Y+2,2027-01-01,2027-12-31,-0.75,
27/06/2025,2025-06-27,D+1,2025-06-28,2025-06-28,0.677,32.62
27/06/2025,2025-06-27,D+2,2025-06-29,2025-06-29,0.631,
27/06/2025,2025-06-27,D+3,2025-06-30,2025-06-30,0.585,
27/06/2025,2025-06-27,W,2026-10-01,2027-03-31,-0.682,
27/06/2025,2025-06-27,M+1,2025-07-01,2025-07-31,-0.125,
27/06/2025,2025-06-27,M+2,2025-08-01,2025-08-31,-0.375,
27/06/2025,2025-06-27,M+3,2025-09-01,2025-09-30,-0.729,
27/06/2025,2025-06-27,Q+1,2025-07-01,2025-09-30,-0.325,
27/06/2025,2025-06-27,Q+2,2025-10-01,2025-12-31,-0.493,
27/06/2025,2025-06-27,Q+3,2026-01-01,2026-03-31,-1.125,
27/06/2025,2025-06-27,Q+4,2026-04-01,2026-06-30,-0.678,
27/06/2025,2025-06-27,S,2026-04-01,2026-09-30,-0.7,
27/06/2025,2025-06-27,Y+1,2026-01-01,2026-12-31,-0.8,
27/06/2025,2025-06-27,Y+2,2027-01-01,2027-12-31,-0.75,
30/06/2025,2025-06-30,D+1,2025-07-01,2025-07-01,0.655,32.54
30/06/2025,2025-06-30,D+2,2025-07-02,2025-07-02,0.601,
30/06/2025,2025-06-30,D+3,2025-07-03,2025-07-03,0.547,
30/06/2025,2025-06-30,W,2026-10-01,2027-03-31,-0.513,
30/06/2025,2025-06-30,M+1,2025-07-01,2025-07-31,-0.125,
30/06/2025,2025-06-30,M+2,2025-08-01,2025-08-31,-0.375,
30/06/2025,2025-06-30,M+3,2025-09-01,2025-09-30,-0.45,
30/06/2025,2025-06-30,Q+2,2025-10-01,2025-12-31,-1.0,
30/06/2025,2025-06-30,Q+3,2026-01-01,2026-03-31,-0.596,
30/06/2025,2025-06-30,Q+4,2026-04-01,2026-06-30,-0.576,
30/06/2025,2025-06-30,S,2026-04-01,2026-09-30,-0.541,
30/06/2025,2025-06-30,Y+1,2026-01-01,2026-12-31,-0.8,
30/06/2025,2025-06-30,Y+2,2027-01-01,2027-12-31,-0.75,
01/07/2025,2025-07-01,D+1,2025-07-02,2025-07-02,0.57,32.98
01/07/2025,2025-07-01,D+2,2025-07-03,2025-07-03,0.55,
01/07/2025,2025-07-01,D+3,2025-07-04,2025-07-04,0.529,
01/07/2025,2025-07-01,W,2026-10-01,2027-03-31,-0.67,
01/07/2025,2025-07-01,BoM,2025-07-02,2025-07-31,0.344,
01/07/2025,2025-07-01,M+1,2025-08-01,2025-08-31,-0.338,
01/07/2025,2025-07-01,M+2,2025-09-01,2025-09-30,-0.4,
01/07/2025,2025-07-01,M+3,2025-10-01,2025-10-31,-0.707,
01/07/2025,2025-07-01,Q+1,2025-10-01,2025-12-31,-0.875,
01/07/2025,2025-07-01,Q+2,2026-01-01,2026-03-31,-0.693,
01/07/2025,2025-07-01,Q+3,2026-04-01,2026-06-30,-0.683,
01/07/2025,2025-07-01,Q+4,2026-07-01,2026-09-30,-0.671,
01/07/2025,2025-07-01,S,2026-04-01,2026-09-30,-0.664,
01/07/2025,2025-07-01,Y+1,2026-01-01,2026-12-31,-0.8,
01/07/2025,2025-07-01,Y+2,2027-01-01,2027-12-31,-0.75,
02/07/2025,2025-07-02,D+1,2025-07-03,2025-07-03,0.778,32.76
02/07/2025,2025-07-02,D+2,2025-07-04,2025-07-04,0.753,
02/07/2025,2025-07-02,D+3,2025-07-05,2025-07-05,0.728,
02/07/2025,2025-07-02,W,2026-10-01,2027-03-31,-0.809,
02/07/2025,2025-07-02,BoM,2025-07-03,2025-07-31,0.498,
02/07/2025,2025-07-02,M+1,2025-08-01,2025-08-31,-0.3,
02/07/2025,2025-07-02,M+2,2025-09-01,2025-09-30,-0.4,
02/07/2025,2025-07-02,M+3,2025-10-01,2025-10-31,-0.77,
02/07/2025,2025-07-02,Q+1,2025-10-01,2025-12-31,-0.825,
02/07/2025,2025-07-02,Q+2,2026-01-01,2026-03-31,-0.787,
02/07/2025,2025-07-02,Q+3,2026-04-01,2026-06-30,-0.772,
02/07/2025,2025-07-02,Q+4,2026-07-01,2026-09-30,-0.792,
02/07/2025,2025-07-02,S,2026-04-01,2026-09-30,-0.776,
02/07/2025,2025-07-02,Y+1,2026-01-01,2026-12-31,-0.8,
02/07/2025,2025-07-02,Y+2,2027-01-01,2027-12-31,-0.75,
03/07/2025,2025-07-03,D+1,2025-07-04,2025-07-04,0.576,32.85
03/07/2025,2025-07-03,D+2,2025-07-05,2025-07-05,0.555,
03/07/2025,2025-07-03,D+3,2025-07-06,2025-07-06,0.534,
03/07/2025,2025-07-03,W,2026-10-01,2027-03-31,-0.766,
03/07/2025,2025-07-03,BoM,2025-07-04,2025-07-31,0.309,
03/07/2025,2025-07-03,M+1,2025-08-01,2025-08-31,-0.312,
03/07/2025,2025-07-03,M+2,2025-09-01,2025-09-30,-0.412,
03/07/2025,2025-07-03,M+3,2025-10-01,2025-10-31,-0.76,
03/07/2025,2025-07-03,Q+1,2025-10-01,2025-12-31,-0.825,
03/07/2025,2025-07-03,Q+2,2026-01-01,2026-03-31,-0.7,
03/07/2025,2025-07-03,Q+3,2026-04-01,2026-06-30,-0.768,
03/07/2025,2025-07-03,Q+4,2026-07-01,2026-09-30,-0.787,
03/07/2025,2025-07-03,S,2026-04-01,2026-09-30,-0.741,
03/07/2025,2025-07-03,Y+1,2026-01-01,2026-12-31,-0.8,
03/07/2025,2025-07-03,Y+2,2027-01-01,2027-12-31,-0.75,
04/07/2025,2025-07-04,D+1,2025-07-05,2025-07-05,0.629,32.54
04/07/2025,2025-07-04,D+2,2025-07-06,2025-07-06,0.606,
04/07/2025,2025-07-04,D+3,2025-07-07,2025-07-07,0.584,
04/07/2025,2025-07-04,W,2026-10-01,2027-03-31,-0.727,
04/07/2025,2025-07-04,BoM,2025-07-05,2025-07-31,0.394,
04/07/2025,2025-07-04,M+1,2025-08-01,2025-08-31,-0.3,
04/07/2025,2025-07-04,M+2,2025-09-01,2025-09-30,-0.425,
04/07/2025,2025-07-04,M+3,2025-10-01,2025-10-31,-0.749,
04/07/2025,2025-07-04,Q+1,2025-10-01,2025-12-31,-0.825,
04/07/2025,2025-07-04,Q+2,2026-01-01,2026-03-31,-0.782,
04/07/2025,2025-07-04,Q+3,2026-04-01,2026-06-30,-0.707,
04/07/2025,2025-07-04,Q+4,2026-07-01,2026-09-30,-0.688,
04/07/2025,2025-07-04,S,2026-04-01,2026-09-30,-0.676,
04/07/2025,2025-07-04,Y+1,2026-01-01,2026-12-31,-0.8,
04/07/2025,2025-07-04,Y+2,2027-01-01,2027-12-31,-0.75,
07/07/2025,2025-07-07,D+1,2025-07-08,2025-07-08,0.512,33.07
07/07/2025,2025-07-07,D+2,2025-07-09,2025-07-09,0.491,
07/07/2025,2025-07-07,D+3,2025-07-10,2025-07-10,0.47,
07/07/2025,2025-07-07,W,2026-10-01,2027-03-31,-0.73,
07/07/2025,2025-07-07,BoM,2025-07-08,2025-07-31,0.281,
07/07/2025,2025-07-07,M+1,2025-08-01,2025-08-31,-0.3,
07/07/2025,2025-07-07,M+2,2025-09-01,2025-09-30,-0.525,
07/07/2025,2025-07-07,M+3,2025-10-01,2025-10-31,-0.794,
07/07/2025,2025-07-07,Q+1,2025-10-01,2025-12-31,-0.825,
07/07/2025,2025-07-07,Q+2,2026-01-01,2026-03-31,-0.694,
07/07/2025,2025-07-07,Q+3,2026-04-01,2026-06-30,-0.741,
07/07/2025,2025-07-07,Q+4,2026-07-01,2026-09-30,-0.731,
07/07/2025,2025-07-07,S,2026-04-01,2026-09-30,-0.757,
07/07/2025,2025-07-07,Y+1,2026-01-01,2026-12-31,-0.8,
07/07/2025,2025-07-07,Y+2,2027-01-01,2027-12-31,-0.75,
08/07/2025,2025-07-08,D+1,2025-07-09,2025-07-09,0.355,33.96
08/07/2025,2025-07-08,D+2,2025-07-10,2025-07-10,0.337,
08/07/2025,2025-07-08,D+3,2025-07-11,2025-07-11,0.319,
08/07/2025,2025-07-08,W,2026-10-01,2027-03-31,-0.687,
08/07/2025,2025-07-08,BoM,2025-07-09,2025-07-31,0.181,
08/07/2025,2025-07-08,M+1,2025-08-01,2025-08-31,-0.312,
08/07/2025,2025-07-08,M+2,2025-09-01,2025-09-30,-0.5,
08/07/2025,2025-07-08,M+3,2025-10-01,2025-10-31,-0.677,
08/07/2025,2025-07-08,Q+1,2025-10-01,2025-12-31,-0.863,
08/07/2025,2025-07-08,Q+2,2026-01-01,2026-03-31,-0.807,
08/07/2025,2025-07-08,Q+3,2026-04-01,2026-06-30,-0.717,
08/07/2025,2025-07-08,Q+4,2026-07-01,2026-09-30,-0.687,
08/07/2025,2025-07-08,S,2026-04-01,2026-09-30,-0.692,
08/07/2025,2025-07-08,Y+1,2026-01-01,2026-12-31,-0.8,
08/07/2025,2025-07-08,Y+2,2027-01-01,2027-12-31,-0.75,
09/07/2025,2025-07-09,D+1,2025-07-10,2025-07-10,0.383,34.2
09/07/2025,2025-07-09,D+2,2025-07-11,2025-07-11,0.364,
09/07/2025,2025-07-09,D+3,2025-07-12,2025-07-12,0.344,
09/07/2025,2025-07-09,W,2026-10-01,2027-03-31,-0.68,
09/07/2025,2025-07-09,BoM,2025-07-10,2025-07-31,0.218,
09/07/2025,2025-07-09,M+1,2025-08-01,2025-08-31,-0.45,
09/07/2025,2025-07-09,M+2,2025-09-01,2025-09-30,-0.7,
09/07/2025,2025-07-09,M+3,2025-10-01,2025-10-31,-0.814,
09/07/2025,2025-07-09,Q+1,2025-10-01,2025-12-31,-0.825,
09/07/2025,2025-07-09,Q+2,2026-01-01,2026-03-31,-0.699,
09/07/2025,2025-07-09,Q+3,2026-04-01,2026-06-30,-0.732,
09/07/2025,2025-07-09,Q+4,2026-07-01,2026-09-30,-0.742,
09/07/2025,2025-07-09,S,2026-04-01,2026-09-30,-0.695,
09/07/2025,2025-07-09,Y+1,2026-01-01,2026-12-31,-0.8,
09/07/2025,2025-07-09,Y+2,2027-01-01,2027-12-31,-0.75,
10/07/2025,2025-07-10,D+1,2025-07-11,2025-07-11,0.566,34.59
10/07/2025,2025-07-10,D+2,2025-07-12,2025-07-12,0.541,
10/07/2025,2025-07-10,D+3,2025-07-13,2025-07-13,0.516,
10/07/2025,2025-07-10,W,2026-10-01,2027-03-31,-0.676,
10/07/2025,2025-07-10,BoM,2025-07-11,2025-07-31,0.337,
10/07/2025,2025-07-10,M+1,2025-08-01,2025-08-31,-0.325,
10/07/2025,2025-07-10,M+2,2025-09-01,2025-09-30,-0.55,
10/07/2025,2025-07-10,M+3,2025-10-01,2025-10-31,-0.711,
10/07/2025,2025-07-10,Q+1,2025-10-01,2025-12-31,-0.8,
10/07/2025,2025-07-10,Q+2,2026-01-01,2026-03-31,-0.787,
10/07/2025,2025-07-10,Q+3,2026-04-01,2026-06-30,-0.639,
10/07/2025,2025-07-10,Q+4,2026-07-01,2026-09-30,-0.701,
10/07/2025,2025-07-10,S,2026-04-01,2026-09-30,-0.681,
10/07/2025,2025-07-10,Y+1,2026-01-01,2026-12-31,-0.75,
10/07/2025,2025-07-10,Y+2,2027-01-01,2027-12-31,-0.75,
11/07/2025,2025-07-11,D+1,2025-07-12,2025-07-12,0.403,35.17
11/07/2025,2025-07-11,D+2,2025-07-13,2025-07-13,0.382,
11/07/2025,2025-07-11,D+3,2025-07-14,2025-07-14,0.361,
11/07/2025,2025-07-11,W,2026-10-01,2027-03-31,-0.641,
11/07/2025,2025-07-11,BoM,2025-07-12,2025-07-31,0.234,
11/07/2025,2025-07-11,M+1,2025-08-01,2025-08-31,-0.325,
11/07/2025,2025-07-11,M+2,2025-09-01,2025-09-30,-0.55,
11/07/2025,2025-07-11,M+3,2025-10-01,2025-10-31,-0.672,
11/07/2025,2025-07-11,Q+1,2025-10-01,2025-12-31,-0.801,
11/07/2025,2025-07-11,Q+2,2026-01-01,2026-03-31,-0.755,
11/07/2025,2025-07-11,Q+3,2026-04-01,2026-06-30,-0.604,
11/07/2025,2025-07-11,Q+4,2026-07-01,2026-09-30,-0.628,
11/07/2025,2025-07-11,S,2026-04-01,2026-09-30,-0.638,
11/07/2025,2025-07-11,Y+1,2026-01-01,2026-12-31,-0.75,
11/07/2025,2025-07-11,Y+2,2027-01-01,2027-12-31,-0.75,
14/07/2025,2025-07-14,D+1,2025-07-15,2025-07-15,0.484,34.69
14/07/2025,2025-07-14,D+2,2025-07-16,2025-07-16,0.458,
14/07/2025,2025-07-14,D+3,2025-07-17,2025-07-17,0.433,
14/07/2025,2025-07-14,W,2026-10-01,2027-03-31,-0.753,
14/07/2025,2025-07-14,BoM,2025-07-15,2025-07-31,0.295,
14/07/2025,2025-07-14,M+1,2025-08-01,2025-08-31,-0.325,
14/07/2025,2025-07-14,M+2,2025-09-01,2025-09-30,-0.55,
14/07/2025,2025-07-14,M+3,2025-10-01,2025-10-31,-0.719,
14/07/2025,2025-07-14,Q+1,2025-10-01,2025-12-31,-0.8,
14/07/2025,2025-07-14,Q+2,2026-01-01,2026-03-31,-0.876,
14/07/2025,2025-07-14,Q+3,2026-04-01,2026-06-30,-0.682,
14/07/2025,2025-07-14,Q+4,2026-07-01,2026-09-30,-0.741,
14/07/2025,2025-07-14,S,2026-04-01,2026-09-30,-0.743,
14/07/2025,2025-07-14,Y+1,2026-01-01,2026-12-31,-0.75,
14/07/2025,2025-07-14,Y+2,2027-01-01,2027-12-31,-0.75,
15/07/2025,2025-07-15,D+1,2025-07-16,2025-07-16,0.684,33.74
15/07/2025,2025-07-15,D+2,2025-07-17,2025-07-17,0.651,
15/07/2025,2025-07-15,D+3,2025-07-18,2025-07-18,0.618,
15/07/2025,2025-07-15,W,2026-10-01,2027-03-31,-0.362,
15/07/2025,2025-07-15,BoM,2025-07-16,2025-07-31,0.45,
15/07/2025,2025-07-15,M+1,2025-08-01,2025-08-31,-0.325,
15/07/2025,2025-07-15,M+2,2025-09-01,2025-09-30,-0.55,
15/07/2025,2025-07-15,M+3,2025-10-01,2025-10-31,-0.501,
15/07/2025,2025-07-15,Q+1,2025-10-01,2025-12-31,-0.8,
15/07/2025,2025-07-15,Q+2,2026-01-01,2026-03-31,-0.726,
15/07/2025,2025-07-15,Q+3,2026-04-01,2026-06-30,-0.398,
15/07/2025,2025-07-15,Q+4,2026-07-01,2026-09-30,-0.348,
15/07/2025,2025-07-15,S,2026-04-01,2026-09-30,-0.335,
15/07/2025,2025-07-15,Y+1,2026-01-01,2026-12-31,-0.725,
15/07/2025,2025-07-15,Y+2,2027-01-01,2027-12-31,-0.75,
16/07/2025,2025-07-16,D+1,2025-07-17,2025-07-17,0.681,34.12
16/07/2025,2025-07-16,D+2,2025-07-18,2025-07-18,0.647,
16/07/2025,2025-07-16,D+3,2025-07-19,2025-07-19,0.613,
16/07/2025,2025-07-16,W,2026-10-01,2027-03-31,-0.938,
16/07/2025,2025-07-16,BoM,2025-07-17,2025-07-31,0.461,
16/07/2025,2025-07-16,M+1,2025-08-01,2025-08-31,-0.325,
16/07/2025,2025-07-16,M+2,2025-09-01,2025-09-30,-0.525,
16/07/2025,2025-07-16,M+3,2025-10-01,2025-10-31,-0.785,
16/07/2025,2025-07-16,Q+1,2025-10-01,2025-12-31,-0.8,
16/07/2025,2025-07-16,Q+2,2026-01-01,2026-03-31,-0.137,
16/07/2025,2025-07-16,Q+3,2026-04-01,2026-06-30,-0.895,
16/07/2025,2025-07-16,Q+4,2026-07-01,2026-09-30,-0.937,
16/07/2025,2025-07-16,S,2026-04-01,2026-09-30,-0.914,
16/07/2025,2025-07-16,Y+1,2026-01-01,2026-12-31,-0.725,
16/07/2025,2025-07-16,Y+2,2027-01-01,2027-12-31,-0.75,
17/07/2025,2025-07-17,D+1,2025-07-18,2025-07-18,0.482,33.95
17/07/2025,2025-07-17,D+2,2025-07-19,2025-07-19,0.454,
17/07/2025,2025-07-17,D+3,2025-07-20,2025-07-20,0.425,
17/07/2025,2025-07-17,W,2026-10-01,2027-03-31,-0.537,
17/07/2025,2025-07-17,BoM,2025-07-18,2025-07-31,0.341,
17/07/2025,2025-07-17,M+1,2025-08-01,2025-08-31,-0.325,
17/07/2025,2025-07-17,M+2,2025-09-01,2025-09-30,-0.55,
17/07/2025,2025-07-17,M+3,2025-10-01,2025-10-31,-0.665,
17/07/2025,2025-07-17,Q+1,2025-10-01,2025-12-31,-0.837,
17/07/2025,2025-07-17,Q+2,2026-01-01,2026-03-31,-0.553,
17/07/2025,2025-07-17,Q+3,2026-04-01,2026-06-30,-0.802,
17/07/2025,2025-07-17,Q+4,2026-07-01,2026-09-30,-0.549,
17/07/2025,2025-07-17,S,2026-04-01,2026-09-30,-0.678,
17/07/2025,2025-07-17,Y+1,2026-01-01,2026-12-31,-0.725,
17/07/2025,2025-07-17,Y+2,2027-01-01,2027-12-31,-0.75,
18/07/2025,2025-07-18,D+1,2025-07-19,2025-07-19,0.591,33.06
18/07/2025,2025-07-18,D+2,2025-07-20,2025-07-20,0.557,
18/07/2025,2025-07-18,D+3,2025-07-21,2025-07-21,0.523,
18/07/2025,2025-07-18,W,2026-10-01,2027-03-31,-0.762,
18/07/2025,2025-07-18,BoM,2025-07-19,2025-07-31,0.417,
18/07/2025,2025-07-18,M+1,2025-08-01,2025-08-31,-0.338,
18/07/2025,2025-07-18,M+2,2025-09-01,2025-09-30,-0.55,
18/07/2025,2025-07-18,M+3,2025-10-01,2025-10-31,-0.77,
18/07/2025,2025-07-18,Q+1,2025-10-01,2025-12-31,-0.825,
18/07/2025,2025-07-18,Q+2,2026-01-01,2026-03-31,-0.788,
18/07/2025,2025-07-18,Q+3,2026-04-01,2026-06-30,-0.738,
18/07/2025,2025-07-18,Q+4,2026-07-01,2026-09-30,-0.734,
18/07/2025,2025-07-18,S,2026-04-01,2026-09-30,-0.743,
18/07/2025,2025-07-18,Y+1,2026-01-01,2026-12-31,-0.75,
18/07/2025,2025-07-18,Y+2,2027-01-01,2027-12-31,-0.75,
21/07/2025,2025-07-21,D+1,2025-07-22,2025-07-22,0.317,32.77
21/07/2025,2025-07-21,D+2,2025-07-23,2025-07-23,0.291,
21/07/2025,2025-07-21,D+3,2025-07-24,2025-07-24,0.265,
21/07/2025,2025-07-21,W,2026-10-01,2027-03-31,-0.752,
21/07/2025,2025-07-21,BoM,2025-07-22,2025-07-31,0.228,
21/07/2025,2025-07-21,M+1,2025-08-01,2025-08-31,-0.325,
21/07/2025,2025-07-21,M+2,2025-09-01,2025-09-30,-0.55,
21/07/2025,2025-07-21,M+3,2025-10-01,2025-10-31,-0.66,
21/07/2025,2025-07-21,Q+1,2025-10-01,2025-12-31,-0.8,
21/07/2025,2025-07-21,Q+2,2026-01-01,2026-03-31,-0.518,
21/07/2025,2025-07-21,Q+3,2026-04-01,2026-06-30,-0.736,
21/07/2025,2025-07-21,Q+4,2026-07-01,2026-09-30,-0.723,
21/07/2025,2025-07-21,S,2026-04-01,2026-09-30,-0.72,
21/07/2025,2025-07-21,Y+1,2026-01-01,2026-12-31,-0.75,
21/07/2025,2025-07-21,Y+2,2027-01-01,2027-12-31,-0.75,
22/07/2025,2025-07-22,D+1,2025-07-23,2025-07-23,0.291,32.74
22/07/2025,2025-07-22,D+2,2025-07-24,2025-07-24,0.264,
22/07/2025,2025-07-22,D+3,2025-07-25,2025-07-25,0.237,
22/07/2025,2025-07-22,W,2026-10-01,2027-03-31,-0.542,
22/07/2025,2025-07-22,BoM,2025-07-23,2025-07-31,0.219,
22/07/2025,2025-07-22,M+1,2025-08-01,2025-08-31,-0.338,
22/07/2025,2025-07-22,M+2,2025-09-01,2025-09-30,-0.55,
22/07/2025,2025-07-22,M+3,2025-10-01,2025-10-31,-0.676,
22/07/2025,2025-07-22,Q+1,2025-10-01,2025-12-31,-0.8,
22/07/2025,2025-07-22,Q+2,2026-01-01,2026-03-31,-0.68,
22/07/2025,2025-07-22,Q+3,2026-04-01,2026-06-30,-0.573,
22/07/2025,2025-07-22,Q+4,2026-07-01,2026-09-30,-0.57,
22/07/2025,2025-07-22,S,2026-04-01,2026-09-30,-0.58,
22/07/2025,2025-07-22,Y+1,2026-01-01,2026-12-31,-0.75,
22/07/2025,2025-07-22,Y+2,2027-01-01,2027-12-31,-0.75,
23/07/2025,2025-07-23,D+1,2025-07-24,2025-07-24,0.043,32.55
23/07/2025,2025-07-23,D+2,2025-07-25,2025-07-25,0.026,
23/07/2025,2025-07-23,D+3,2025-07-26,2025-07-26,0.009,
23/07/2025,2025-07-23,W,2026-10-01,2027-03-31,-0.654,
23/07/2025,2025-07-23,BoM,2025-07-24,2025-07-31,-0.01,
23/07/2025,2025-07-23,M+1,2025-08-01,2025-08-31,-0.338,
23/07/2025,2025-07-23,M+2,2025-09-01,2025-09-30,-0.55,
23/07/2025,2025-07-23,M+3,2025-10-01,2025-10-31,-0.734,
23/07/2025,2025-07-23,Q+1,2025-10-01,2025-12-31,-0.8,
23/07/2025,2025-07-23,Q+2,2026-01-01,2026-03-31,-0.817,
23/07/2025,2025-07-23,Q+3,2026-04-01,2026-06-30,-0.644,
23/07/2025,2025-07-23,Q+4,2026-07-01,2026-09-30,-0.656,
23/07/2025,2025-07-23,S,2026-04-01,2026-09-30,-0.658,
23/07/2025,2025-07-23,Y+1,2026-01-01,2026-12-31,-0.75,
23/07/2025,2025-07-23,Y+2,2027-01-01,2027-12-31,-0.75,
24/07/2025,2025-07-24,D+1,2025-07-25,2025-07-25,0.336,32.05
24/07/2025,2025-07-24,D+2,2025-07-26,2025-07-26,0.305,
24/07/2025,2025-07-24,D+3,2025-07-27,2025-07-27,0.273,
24/07/2025,2025-07-24,W,2026-10-01,2027-03-31,-0.751,
24/07/2025,2025-07-24,BoM,2025-07-25,2025-07-31,0.247,
24/07/2025,2025-07-24,M+1,2025-08-01,2025-08-31,-0.338,
24/07/2025,2025-07-24,M+2,2025-09-01,2025-09-30,-0.55,
24/07/2025,2025-07-24,M+3,2025-10-01,2025-10-31,-0.779,
24/07/2025,2025-07-24,Q+1,2025-10-01,2025-12-31,-0.8,
24/07/2025,2025-07-24,Q+2,2026-01-01,2026-03-31,-0.709,
24/07/2025,2025-07-24,Q+3,2026-04-01,2026-06-30,-0.761,
24/07/2025,2025-07-24,Q+4,2026-07-01,2026-09-30,-0.758,
24/07/2025,2025-07-24,S,2026-04-01,2026-09-30,-0.766,
24/07/2025,2025-07-24,Y+1,2026-01-01,2026-12-31,-0.75,
24/07/2025,2025-07-24,Y+2,2027-01-01,2027-12-31,-0.75,
25/07/2025,2025-07-25,D+1,2025-07-26,2025-07-26,0.473,31.74
25/07/2025,2025-07-25,D+2,2025-07-27,2025-07-27,0.434,
25/07/2025,2025-07-25,D+3,2025-07-28,2025-07-28,0.394,
25/07/2025,2025-07-25,W,2026-10-01,2027-03-31,-0.757,
25/07/2025,2025-07-25,BoM,2025-07-26,2025-07-31,0.394,
25/07/2025,2025-07-25,M+1,2025-08-01,2025-08-31,-0.338,
25/07/2025,2025-07-25,M+2,2025-09-01,2025-09-30,-0.55,
25/07/2025,2025-07-25,M+3,2025-10-01,2025-10-31,-0.667,
25/07/2025,2025-07-25,Q+1,2025-10-01,2025-12-31,-0.837,
25/07/2025,2025-07-25,Q+2,2026-01-01,2026-03-31,-0.738,
25/07/2025,2025-07-25,Q+3,2026-04-01,2026-06-30,-0.717,
25/07/2025,2025-07-25,Q+4,2026-07-01,2026-09-30,-0.745,
25/07/2025,2025-07-25,S,2026-04-01,2026-09-30,-0.737,
25/07/2025,2025-07-25,Y+1,2026-01-01,2026-12-31,-0.75,
25/07/2025,2025-07-25,Y+2,2027-01-01,2027-12-31,-0.75,
28/07/2025,2025-07-28,D+1,2025-07-29,2025-07-29,0.653,32.34
28/07/2025,2025-07-28,D+2,2025-07-30,2025-07-30,0.596,
28/07/2025,2025-07-28,D+3,2025-07-31,2025-07-31,0.538,
28/07/2025,2025-07-28,W,2026-10-01,2027-03-31,-0.741,
28/07/2025,2025-07-28,M+1,2025-08-01,2025-08-31,-0.35,
28/07/2025,2025-07-28,M+2,2025-09-01,2025-09-30,-0.55,
28/07/2025,2025-07-28,M+3,2025-10-01,2025-10-31,-0.737,
28/07/2025,2025-07-28,Q+1,2025-10-01,2025-12-31,-0.8,
28/07/2025,2025-07-28,Q+2,2026-01-01,2026-03-31,-0.514,
28/07/2025,2025-07-28,Q+3,2026-04-01,2026-06-30,-0.698,
28/07/2025,2025-07-28,Q+4,2026-07-01,2026-09-30,-0.651,
28/07/2025,2025-07-28,S,2026-04-01,2026-09-30,-0.737,
28/07/2025,2025-07-28,Y+1,2026-01-01,2026-12-31,-0.75,
28/07/2025,2025-07-28,Y+2,2027-01-01,2027-12-31,-0.75,
29/07/2025,2025-07-29,D+1,2025-07-30,2025-07-30,0.681,33.34
29/07/2025,2025-07-29,D+2,2025-07-31,2025-07-31,0.623,
29/07/2025,2025-07-29,D+3,2025-08-01,2025-08-01,0.565,
29/07/2025,2025-07-29,W,2026-10-01,2027-03-31,-0.772,
29/07/2025,2025-07-29,M+1,2025-08-01,2025-08-31,-0.275,
29/07/2025,2025-07-29,M+2,2025-09-01,2025-09-30,-0.55,
29/07/2025,2025-07-29,M+3,2025-10-01,2025-10-31,-0.92,
29/07/2025,2025-07-29,Q+1,2025-10-01,2025-12-31,-0.8,
29/07/2025,2025-07-29,Q+2,2026-01-01,2026-03-31,-0.503,
29/07/2025,2025-07-29,Q+3,2026-04-01,2026-06-30,-0.768,
29/07/2025,2025-07-29,Q+4,2026-07-01,2026-09-30,-0.772,
29/07/2025,2025-07-29,S,2026-04-01,2026-09-30,-0.779,
29/07/2025,2025-07-29,Y+1,2026-01-01,2026-12-31,-0.75,
29/07/2025,2025-07-29,Y+2,2027-01-01,2027-12-31,-0.75,
30/07/2025,2025-07-30,D+1,2025-07-31,2025-07-31,0.912,33.94
30/07/2025,2025-07-30,D+2,2025-08-01,2025-08-01,0.853,
30/07/2025,2025-07-30,D+3,2025-08-02,2025-08-02,0.794,
30/07/2025,2025-07-30,W,2026-10-01,2027-03-31,-0.788,
30/07/2025,2025-07-30,M+1,2025-08-01,2025-08-31,-0.15,
30/07/2025,2025-07-30,M+2,2025-09-01,2025-09-30,-0.55,
30/07/2025,2025-07-30,M+3,2025-10-01,2025-10-31,-0.939,
30/07/2025,2025-07-30,Q+1,2025-10-01,2025-12-31,-0.887,
30/07/2025,2025-07-30,Q+2,2026-01-01,2026-03-31,-0.84,
30/07/2025,2025-07-30,Q+3,2026-04-01,2026-06-30,-0.809,
30/07/2025,2025-07-30,Q+4,2026-07-01,2026-09-30,-0.793,
30/07/2025,2025-07-30,S,2026-04-01,2026-09-30,-0.808,
30/07/2025,2025-07-30,Y+1,2026-01-01,2026-12-31,-0.75,
30/07/2025,2025-07-30,Y+2,2027-01-01,2027-12-31,-0.75,
31/07/2025,2025-07-31,D+1,2025-08-01,2025-08-01,0.831,34.23
31/07/2025,2025-07-31,D+2,2025-08-02,2025-08-02,0.774,
31/07/2025,2025-07-31,D+3,2025-08-03,2025-08-03,0.716,
31/07/2025,2025-07-31,W,2026-10-01,2027-03-31,-0.355,
31/07/2025,2025-07-31,M+1,2025-08-01,2025-08-31,0.0,
31/07/2025,2025-07-31,M+2,2025-09-01,2025-09-30,-0.575,
31/07/2025,2025-07-31,M+3,2025-10-01,2025-10-31,-0.334,
31/07/2025,2025-07-31,Q+1,2025-10-01,2025-12-31,-0.837,
31/07/2025,2025-07-31,Q+2,2026-01-01,2026-03-31,-0.383,
31/07/2025,2025-07-31,Q+3,2026-04-01,2026-06-30,-0.355,
31/07/2025,2025-07-31,Q+4,2026-07-01,2026-09-30,-0.366,
31/07/2025,2025-07-31,S,2026-04-01,2026-09-30,-0.345,
31/07/2025,2025-07-31,Y+1,2026-01-01,2026-12-31,-0.75,
31/07/2025,2025-07-31,Y+2,2027-01-01,2027-12-31,-0.75,
01/08/2025,2025-08-01,D+1,2025-08-02,2025-08-02,1.231,32.71
01/08/2025,2025-08-01,D+2,2025-08-03,2025-08-03,1.193,
01/08/2025,2025-08-01,D+3,2025-08-04,2025-08-04,1.155,
01/08/2025,2025-08-01,W,2026-10-01,2027-03-31,-0.796,
01/08/2025,2025-08-01,BoM,2025-08-02,2025-08-31,0.768,
01/08/2025,2025-08-01,M+1,2025-09-01,2025-09-30,-0.438,
01/08/2025,2025-08-01,M+2,2025-10-01,2025-10-31,-0.95,
01/08/2025,2025-08-01,M+3,2025-11-01,2025-11-30,-0.535,
01/08/2025,2025-08-01,Q+1,2025-10-01,2025-12-31,-0.825,
01/08/2025,2025-08-01,Q+2,2026-01-01,2026-03-31,-0.79,
01/08/2025,2025-08-01,Q+3,2026-04-01,2026-06-30,-0.763,
01/08/2025,2025-08-01,Q+4,2026-07-01,2026-09-30,-0.734,
01/08/2025,2025-08-01,S,2026-04-01,2026-09-30,-0.757,
01/08/2025,2025-08-01,Y+1,2026-01-01,2026-12-31,-0.775,
01/08/2025,2025-08-01,Y+2,2027-01-01,2027-12-31,-0.75,
04/08/2025,2025-08-04,D+1,2025-08-05,2025-08-05,1.198,33.02
04/08/2025,2025-08-04,D+2,2025-08-06,2025-08-06,1.163,
04/08/2025,2025-08-04,D+3,2025-08-07,2025-08-07,1.127,
04/08/2025,2025-08-04,W,2026-10-01,2027-03-31,-0.717,
04/08/2025,2025-08-04,BoM,2025-08-05,2025-08-31,0.756,
04/08/2025,2025-08-04,M+1,2025-09-01,2025-09-30,-0.325,
04/08/2025,2025-08-04,M+2,2025-10-01,2025-10-31,-0.95,
04/08/2025,2025-08-04,M+3,2025-11-01,2025-11-30,-0.815,
04/08/2025,2025-08-04,Q+1,2025-10-01,2025-12-31,-0.8,
04/08/2025,2025-08-04,Q+2,2026-01-01,2026-03-31,-0.626,
04/08/2025,2025-08-04,Q+3,2026-04-01,2026-06-30,-0.715,
04/08/2025,2025-08-04,Q+4,2026-07-01,2026-09-30,-0.719,
04/08/2025,2025-08-04,S,2026-04-01,2026-09-30,-0.719,
04/08/2025,2025-08-04,Y+1,2026-01-01,2026-12-31,-0.772,
04/08/2025,2025-08-04,Y+2,2027-01-01,2027-12-31,-0.75,
05/08/2025,2025-08-05,D+1,2025-08-06,2025-08-06,1.091,33.24
05/08/2025,2025-08-05,D+2,2025-08-07,2025-08-07,1.056,
05/08/2025,2025-08-05,D+3,2025-08-08,2025-08-08,1.021,
05/08/2025,2025-08-05,W,2026-10-01,2027-03-31,-0.849,
05/08/2025,2025-08-05,BoM,2025-08-06,2025-08-31,0.679,
05/08/2025,2025-08-05,M+1,2025-09-01,2025-09-30,-0.3,
05/08/2025,2025-08-05,M+2,2025-10-01,2025-10-31,-0.862,
05/08/2025,2025-08-05,M+3,2025-11-01,2025-11-30,-0.666,
05/08/2025,2025-08-05,Q+1,2025-10-01,2025-12-31,-0.801,
05/08/2025,2025-08-05,Q+2,2026-01-01,2026-03-31,-0.527,
05/08/2025,2025-08-05,Q+3,2026-04-01,2026-06-30,-0.837,
05/08/2025,2025-08-05,Q+4,2026-07-01,2026-09-30,-0.835,
05/08/2025,2025-08-05,S,2026-04-01,2026-09-30,-0.826,
05/08/2025,2025-08-05,Y+1,2026-01-01,2026-12-31,-0.75,
05/08/2025,2025-08-05,Y+2,2027-01-01,2027-12-31,-0.75,
06/08/2025,2025-08-06,D+1,2025-08-07,2025-08-07,0.566,32.61
06/08/2025,2025-08-06,D+2,2025-08-08,2025-08-08,0.544,
06/08/2025,2025-08-06,D+3,2025-08-09,2025-08-09,0.522,
06/08/2025,2025-08-06,W,2026-10-01,2027-03-31,-0.799,
06/08/2025,2025-08-06,BoM,2025-08-07,2025-08-31,0.355,
06/08/2025,2025-08-06,M+1,2025-09-01,2025-09-30,-0.3,
06/08/2025,2025-08-06,M+2,2025-10-01,2025-10-31,-0.72,
06/08/2025,2025-08-06,M+3,2025-11-01,2025-11-30,-0.865,
06/08/2025,2025-08-06,Q+1,2025-10-01,2025-12-31,-0.851,
06/08/2025,2025-08-06,Q+2,2026-01-01,2026-03-31,-0.803,
06/08/2025,2025-08-06,Q+3,2026-04-01,2026-06-30,-0.832,
06/08/2025,2025-08-06,Q+4,2026-07-01,2026-09-30,-0.82,
06/08/2025,2025-08-06,S,2026-04-01,2026-09-30,-0.787,
06/08/2025,2025-08-06,Y+1,2026-01-01,2026-12-31,-0.775,
06/08/2025,2025-08-06,Y+2,2027-01-01,2027-12-31,-0.75,
07/08/2025,2025-08-07,D+1,2025-08-08,2025-08-08,0.69,32.29
07/08/2025,2025-08-07,D+2,2025-08-09,2025-08-09,0.665,
07/08/2025,2025-08-07,D+3,2025-08-10,2025-08-10,0.641,
07/08/2025,2025-08-07,W,2026-10-01,2027-03-31,-0.748,
07/08/2025,2025-08-07,BoM,2025-08-08,2025-08-31,0.466,
07/08/2025,2025-08-07,M+1,2025-09-01,2025-09-30,-0.25,
07/08/2025,2025-08-07,M+2,2025-10-01,2025-10-31,-0.641,
07/08/2025,2025-08-07,M+3,2025-11-01,2025-11-30,-0.835,
07/08/2025,2025-08-07,Q+1,2025-10-01,2025-12-31,-0.825,
07/08/2025,2025-08-07,Q+2,2026-01-01,2026-03-31,-0.862,
07/08/2025,2025-08-07,Q+3,2026-04-01,2026-06-30,-0.763,
07/08/2025,2025-08-07,Q+4,2026-07-01,2026-09-30,-0.736,
07/08/2025,2025-08-07,S,2026-04-01,2026-09-30,-0.749,
07/08/2025,2025-08-07,Y+1,2026-01-01,2026-12-31,-0.775,
07/08/2025,2025-08-07,Y+2,2027-01-01,2027-12-31,-0.75,
08/08/2025,2025-08-08,D+1,2025-08-09,2025-08-09,0.71,31.58
08/08/2025,2025-08-08,D+2,2025-08-10,2025-08-10,0.683,
08/08/2025,2025-08-08,D+3,2025-08-11,2025-08-11,0.657,
08/08/2025,2025-08-08,W,2026-10-01,2027-03-31,-0.302,
08/08/2025,2025-08-08,BoM,2025-08-09,2025-08-31,0.484,
08/08/2025,2025-08-08,M+1,2025-09-01,2025-09-30,-0.263,
08/08/2025,2025-08-08,M+2,2025-10-01,2025-10-31,-0.347,
08/08/2025,2025-08-08,M+3,2025-11-01,2025-11-30,-0.27,
08/08/2025,2025-08-08,Q+1,2025-10-01,2025-12-31,-0.825,
08/08/2025,2025-08-08,Q+2,2026-01-01,2026-03-31,-0.072,
08/08/2025,2025-08-08,Q+3,2026-04-01,2026-06-30,-0.281,
08/08/2025,2025-08-08,Q+4,2026-07-01,2026-09-30,-0.267,
08/08/2025,2025-08-08,S,2026-04-01,2026-09-30,-0.321,
08/08/2025,2025-08-08,Y+1,2026-01-01,2026-12-31,-0.775,
08/08/2025,2025-08-08,Y+2,2027-01-01,2027-12-31,-0.75,
11/08/2025,2025-08-11,D+1,2025-08-12,2025-08-12,0.661,32.2
11/08/2025,2025-08-11,D+2,2025-08-13,2025-08-13,0.634,
11/08/2025,2025-08-11,D+3,2025-08-14,2025-08-14,0.607,
11/08/2025,2025-08-11,W,2026-10-01,2027-03-31,-0.952,
11/08/2025,2025-08-11,BoM,2025-08-12,2025-08-31,0.365,
11/08/2025,2025-08-11,M+1,2025-09-01,2025-09-30,-0.258,
11/08/2025,2025-08-11,M+2,2025-10-01,2025-10-31,-0.872,
11/08/2025,2025-08-11,M+3,2025-11-01,2025-11-30,-1.045,
11/08/2025,2025-08-11,Q+1,2025-10-01,2025-12-31,-0.825,
11/08/2025,2025-08-11,Q+2,2026-01-01,2026-03-31,-0.714,
11/08/2025,2025-08-11,Q+3,2026-04-01,2026-06-30,-0.915,
11/08/2025,2025-08-11,Q+4,2026-07-01,2026-09-30,-0.949,
11/08/2025,2025-08-11,S,2026-04-01,2026-09-30,-0.925,
11/08/2025,2025-08-11,Y+1,2026-01-01,2026-12-31,-0.76,
11/08/2025,2025-08-11,Y+2,2027-01-01,2027-12-31,-0.75,
12/08/2025,2025-08-12,D+1,2025-08-13,2025-08-13,0.53,31.67
12/08/2025,2025-08-12,D+2,2025-08-14,2025-08-14,0.505,
12/08/2025,2025-08-12,D+3,2025-08-15,2025-08-15,0.48,
12/08/2025,2025-08-12,W,2026-10-01,2027-03-31,-0.751,
12/08/2025,2025-08-12,BoM,2025-08-13,2025-08-31,0.311,
12/08/2025,2025-08-12,M+1,2025-09-01,2025-09-30,-0.3,
12/08/2025,2025-08-12,M+2,2025-10-01,2025-10-31,-0.762,
12/08/2025,2025-08-12,M+3,2025-11-01,2025-11-30,-0.84,
12/08/2025,2025-08-12,Q+1,2025-10-01,2025-12-31,-0.812,
12/08/2025,2025-08-12,Q+2,2026-01-01,2026-03-31,-0.648,
12/08/2025,2025-08-12,Q+3,2026-04-01,2026-06-30,-0.75,
12/08/2025,2025-08-12,Q+4,2026-07-01,2026-09-30,-0.753,
12/08/2025,2025-08-12,S,2026-04-01,2026-09-30,-0.742,
12/08/2025,2025-08-12,Y+1,2026-01-01,2026-12-31,-0.75,
12/08/2025,2025-08-12,Y+2,2027-01-01,2027-12-31,-0.75,
13/08/2025,2025-08-13,D+1,2025-08-14,2025-08-14,0.287,32.31
13/08/2025,2025-08-13,D+2,2025-08-15,2025-08-15,0.267,
13/08/2025,2025-08-13,D+3,2025-08-16,2025-08-16,0.248,
13/08/2025,2025-08-13,W,2026-10-01,2027-03-31,-0.62,
13/08/2025,2025-08-13,BoM,2025-08-14,2025-08-31,0.108,
13/08/2025,2025-08-13,M+1,2025-09-01,2025-09-30,-0.338,
13/08/2025,2025-08-13,M+2,2025-10-01,2025-10-31,-0.825,
13/08/2025,2025-08-13,M+3,2025-11-01,2025-11-30,-0.418,
13/08/2025,2025-08-13,Q+1,2025-10-01,2025-12-31,-0.825,
13/08/2025,2025-08-13,Q+2,2026-01-01,2026-03-31,-0.669,
13/08/2025,2025-08-13,Q+3,2026-04-01,2026-06-30,-0.626,
13/08/2025,2025-08-13,Q+4,2026-07-01,2026-09-30,-0.622,
13/08/2025,2025-08-13,S,2026-04-01,2026-09-30,-0.614,
13/08/2025,2025-08-13,Y+1,2026-01-01,2026-12-31,-0.75,
13/08/2025,2025-08-13,Y+2,2027-01-01,2027-12-31,-0.75,
14/08/2025,2025-08-14,D+1,2025-08-15,2025-08-15,0.133,31.86
14/08/2025,2025-08-14,D+2,2025-08-16,2025-08-16,0.118,
14/08/2025,2025-08-14,D+3,2025-08-17,2025-08-17,0.103,
14/08/2025,2025-08-14,W,2026-10-01,2027-03-31,-0.647,
14/08/2025,2025-08-14,BoM,2025-08-15,2025-08-31,0.015,
14/08/2025,2025-08-14,M+1,2025-09-01,2025-09-30,-0.338,
14/08/2025,2025-08-14,M+2,2025-10-01,2025-10-31,-0.812,
14/08/2025,2025-08-14,M+3,2025-11-01,2025-11-30,-0.359,
14/08/2025,2025-08-14,Q+1,2025-10-01,2025-12-31,-0.805,
14/08/2025,2025-08-14,Q+2,2026-01-01,2026-03-31,-0.522,
14/08/2025,2025-08-14,Q+3,2026-04-01,2026-06-30,-0.67,
14/08/2025,2025-08-14,Q+4,2026-07-01,2026-09-30,-0.652,
14/08/2025,2025-08-14,S,2026-04-01,2026-09-30,-0.649,
14/08/2025,2025-08-14,Y+1,2026-01-01,2026-12-31,-0.75,
14/08/2025,2025-08-14,Y+2,2027-01-01,2027-12-31,-0.75,
15/08/2025,2025-08-15,D+1,2025-08-16,2025-08-16,0.252,30.69
15/08/2025,2025-08-15,D+2,2025-08-17,2025-08-17,0.235,
15/08/2025,2025-08-15,D+3,2025-08-18,2025-08-18,0.217,
15/08/2025,2025-08-15,W,2026-10-01,2027-03-31,-0.252,
15/08/2025,2025-08-15,BoM,2025-08-16,2025-08-31,0.146,
15/08/2025,2025-08-15,M+1,2025-09-01,2025-09-30,-0.275,
15/08/2025,2025-08-15,M+2,2025-10-01,2025-10-31,-0.825,
15/08/2025,2025-08-15,M+3,2025-11-01,2025-11-30,-0.208,
15/08/2025,2025-08-15,Q+1,2025-10-01,2025-12-31,-0.85,
15/08/2025,2025-08-15,Q+2,2026-01-01,2026-03-31,-0.215,
15/08/2025,2025-08-15,Q+3,2026-04-01,2026-06-30,-0.23,
15/08/2025,2025-08-15,Q+4,2026-07-01,2026-09-30,-0.235,
15/08/2025,2025-08-15,S,2026-04-01,2026-09-30,-0.229,
15/08/2025,2025-08-15,Y+1,2026-01-01,2026-12-31,-0.75,
15/08/2025,2025-08-15,Y+2,2027-01-01,2027-12-31,-0.75,
18/08/2025,2025-08-18,D+1,2025-08-19,2025-08-19,0.234,30.66
18/08/2025,2025-08-18,D+2,2025-08-20,2025-08-20,0.211,
18/08/2025,2025-08-18,D+3,2025-08-21,2025-08-21,0.187,
18/08/2025,2025-08-18,W,2026-10-01,2027-03-31,-0.653,
18/08/2025,2025-08-18,BoM,2025-08-19,2025-08-31,0.073,
18/08/2025,2025-08-18,M+1,2025-09-01,2025-09-30,-0.4,
18/08/2025,2025-08-18,M+2,2025-10-01,2025-10-31,-0.812,
18/08/2025,2025-08-18,M+3,2025-11-01,2025-11-30,-0.726,
18/08/2025,2025-08-18,Q+1,2025-10-01,2025-12-31,-0.805,
18/08/2025,2025-08-18,Q+2,2026-01-01,2026-03-31,-0.729,
18/08/2025,2025-08-18,Q+3,2026-04-01,2026-06-30,-0.584,
18/08/2025,2025-08-18,Q+4,2026-07-01,2026-09-30,-0.576,
18/08/2025,2025-08-18,S,2026-04-01,2026-09-30,-0.59,
18/08/2025,2025-08-18,Y+1,2026-01-01,2026-12-31,-0.75,
18/08/2025,2025-08-18,Y+2,2027-01-01,2027-12-31,-0.75,
19/08/2025,2025-08-19,D+1,2025-08-20,2025-08-20,0.197,30.67
19/08/2025,2025-08-19,D+2,2025-08-21,2025-08-21,0.174,
19/08/2025,2025-08-19,D+3,2025-08-22,2025-08-22,0.151,
19/08/2025,2025-08-19,W,2026-10-01,2027-03-31,-0.149,
19/08/2025,2025-08-19,BoM,2025-08-20,2025-08-31,0.083,
19/08/2025,2025-08-19,M+1,2025-09-01,2025-09-30,-0.4,
19/08/2025,2025-08-19,M+2,2025-10-01,2025-10-31,-0.825,
19/08/2025,2025-08-19,M+3,2025-11-01,2025-11-30,-0.378,
19/08/2025,2025-08-19,Q+1,2025-10-01,2025-12-31,-0.825,
19/08/2025,2025-08-19,Q+2,2026-01-01,2026-03-31,-0.663,
19/08/2025,2025-08-19,Q+3,2026-04-01,2026-06-30,-0.126,
19/08/2025,2025-08-19,Q+4,2026-07-01,2026-09-30,-0.15,
19/08/2025,2025-08-19,S,2026-04-01,2026-09-30,-0.134,
19/08/2025,2025-08-19,Y+1,2026-01-01,2026-12-31,-0.75,
19/08/2025,2025-08-19,Y+2,2027-01-01,2027-12-31,-0.75,
20/08/2025,2025-08-20,D+1,2025-08-21,2025-08-21,-0.167,31.91
20/08/2025,2025-08-20,D+2,2025-08-22,2025-08-22,-0.179,
20/08/2025,2025-08-20,D+3,2025-08-23,2025-08-23,-0.191,
20/08/2025,2025-08-20,W,2026-10-01,2027-03-31,-0.345,
20/08/2025,2025-08-20,BoM,2025-08-21,2025-08-31,-0.289,
20/08/2025,2025-08-20,M+1,2025-09-01,2025-09-30,-0.462,
20/08/2025,2025-08-20,M+2,2025-10-01,2025-10-31,-0.812,
20/08/2025,2025-08-20,M+3,2025-11-01,2025-11-30,-0.424,
20/08/2025,2025-08-20,Q+1,2025-10-01,2025-12-31,-0.805,
20/08/2025,2025-08-20,Q+2,2026-01-01,2026-03-31,-0.431,
20/08/2025,2025-08-20,Q+3,2026-04-01,2026-06-30,-0.409,
20/08/2025,2025-08-20,Q+4,2026-07-01,2026-09-30,-0.4,
20/08/2025,2025-08-20,S,2026-04-01,2026-09-30,-0.388,
20/08/2025,2025-08-20,Y+1,2026-01-01,2026-12-31,-0.75,
20/08/2025,2025-08-20,Y+2,2027-01-01,2027-12-31,-0.75,
21/08/2025,2025-08-21,D+1,2025-08-22,2025-08-22,-0.644,33.15
21/08/2025,2025-08-21,D+2,2025-08-23,2025-08-23,-0.641,
21/08/2025,2025-08-21,D+3,2025-08-24,2025-08-24,-0.637,
21/08/2025,2025-08-21,W,2026-10-01,2027-03-31,-0.861,
21/08/2025,2025-08-21,BoM,2025-08-22,2025-08-31,-0.643,
21/08/2025,2025-08-21,M+1,2025-09-01,2025-09-30,-0.562,
21/08/2025,2025-08-21,M+2,2025-10-01,2025-10-31,-0.863,
21/08/2025,2025-08-21,M+3,2025-11-01,2025-11-30,-1.183,
21/08/2025,2025-08-21,Q+1,2025-10-01,2025-12-31,-0.825,
21/08/2025,2025-08-21,Q+2,2026-01-01,2026-03-31,-1.257,
21/08/2025,2025-08-21,Q+3,2026-04-01,2026-06-30,-0.837,
21/08/2025,2025-08-21,Q+4,2026-07-01,2026-09-30,-0.823,
21/08/2025,2025-08-21,S,2026-04-01,2026-09-30,-0.839,
21/08/2025,2025-08-21,Y+1,2026-01-01,2026-12-31,-0.75,
21/08/2025,2025-08-21,Y+2,2027-01-01,2027-12-31,-0.75,
22/08/2025,2025-08-22,D+1,2025-08-23,2025-08-23,-0.644,33.52
22/08/2025,2025-08-22,D+2,2025-08-24,2025-08-24,-0.641,
22/08/2025,2025-08-22,D+3,2025-08-25,2025-08-25,-0.637,
22/08/2025,2025-08-22,W,2026-10-01,2027-03-31,-0.494,
22/08/2025,2025-08-22,BoM,2025-08-23,2025-08-31,-0.322,
22/08/2025,2025-08-22,M+1,2025-09-01,2025-09-30,-0.65,
22/08/2025,2025-08-22,M+2,2025-10-01,2025-10-31,-0.863,
22/08/2025,2025-08-22,M+3,2025-11-01,2025-11-30,-0.696,
22/08/2025,2025-08-22,Q+1,2025-10-01,2025-12-31,-0.825,
22/08/2025,2025-08-22,Q+2,2026-01-01,2026-03-31,-0.505,
22/08/2025,2025-08-22,Q+3,2026-04-01,2026-06-30,-0.495,
22/08/2025,2025-08-22,Q+4,2026-07-01,2026-09-30,-0.481,
22/08/2025,2025-08-22,S,2026-04-01,2026-09-30,-0.479,
22/08/2025,2025-08-22,Y+1,2026-01-01,2026-12-31,-0.75,
22/08/2025,2025-08-22,Y+2,2027-01-01,2027-12-31,-0.75,
25/08/2025,2025-08-25,D+1,2025-08-26,2025-08-26,-0.403,33.31
25/08/2025,2025-08-25,D+2,2025-08-27,2025-08-27,-0.413,
25/08/2025,2025-08-25,D+3,2025-08-28,2025-08-28,-0.423,
25/08/2025,2025-08-25,W,2026-10-01,2027-03-31,-0.628,
25/08/2025,2025-08-25,BoM,2025-08-26,2025-08-31,-0.42,
25/08/2025,2025-08-25,M+1,2025-09-01,2025-09-30,-0.6,
25/08/2025,2025-08-25,M+2,2025-10-01,2025-10-31,-0.863,
25/08/2025,2025-08-25,M+3,2025-11-01,2025-11-30,-0.907,
25/08/2025,2025-08-25,Q+1,2025-10-01,2025-12-31,-0.825,
25/08/2025,2025-08-25,Q+2,2026-01-01,2026-03-31,-0.693,
25/08/2025,2025-08-25,Q+3,2026-04-01,2026-06-30,-0.621,
25/08/2025,2025-08-25,Q+4,2026-07-01,2026-09-30,-0.619,
25/08/2025,2025-08-25,S,2026-04-01,2026-09-30,-0.623,
25/08/2025,2025-08-25,Y+1,2026-01-01,2026-12-31,-0.75,
25/08/2025,2025-08-25,Y+2,2027-01-01,2027-12-31,-0.75,
26/08/2025,2025-08-26,D+1,2025-08-27,2025-08-27,-0.45,33.27
26/08/2025,2025-08-26,D+2,2025-08-28,2025-08-28,-0.458,
26/08/2025,2025-08-26,D+3,2025-08-29,2025-08-29,-0.466,
26/08/2025,2025-08-26,W,2026-10-01,2027-03-31,-0.101,
26/08/2025,2025-08-26,BoM,2025-08-27,2025-08-31,-0.461,
26/08/2025,2025-08-26,M+1,2025-09-01,2025-09-30,-0.6,
26/08/2025,2025-08-26,M+2,2025-10-01,2025-10-31,-0.863,
26/08/2025,2025-08-26,M+3,2025-11-01,2025-11-30,-0.652,
26/08/2025,2025-08-26,Q+1,2025-10-01,2025-12-31,-0.825,
26/08/2025,2025-08-26,Q+2,2026-01-01,2026-03-31,-0.143,
26/08/2025,2025-08-26,Q+3,2026-04-01,2026-06-30,-0.117,
26/08/2025,2025-08-26,Q+4,2026-07-01,2026-09-30,-0.122,
26/08/2025,2025-08-26,S,2026-04-01,2026-09-30,-0.125,
26/08/2025,2025-08-26,Y+1,2026-01-01,2026-12-31,-0.75,
26/08/2025,2025-08-26,Y+2,2027-01-01,2027-12-31,-0.75,
27/08/2025,2025-08-27,D+1,2025-08-28,2025-08-28,-0.45,32.42
27/08/2025,2025-08-27,D+2,2025-08-29,2025-08-29,-0.458,
27/08/2025,2025-08-27,D+3,2025-08-30,2025-08-30,-0.466,
27/08/2025,2025-08-27,W,2026-10-01,2027-03-31,-0.101,
27/08/2025,2025-08-27,BoM,2025-08-28,2025-08-31,-0.461,
27/08/2025,2025-08-27,M+1,2025-09-01,2025-09-30,-0.613,
27/08/2025,2025-08-27,M+2,2025-10-01,2025-10-31,-0.863,
27/08/2025,2025-08-27,M+3,2025-11-01,2025-11-30,-0.652,
27/08/2025,2025-08-27,Q+1,2025-10-01,2025-12-31,-0.825,
27/08/2025,2025-08-27,Q+2,2026-01-01,2026-03-31,-0.143,
27/08/2025,2025-08-27,Q+3,2026-04-01,2026-06-30,-0.117,
27/08/2025,2025-08-27,Q+4,2026-07-01,2026-09-30,-0.122,
27/08/2025,2025-08-27,S,2026-04-01,2026-09-30,-0.125,
27/08/2025,2025-08-27,Y+1,2026-01-01,2026-12-31,-0.775,
27/08/2025,2025-08-27,Y+2,2027-01-01,2027-12-31,-0.75,
28/08/2025,2025-08-28,D+1,2025-08-29,2025-08-29,-0.668,31.76
28/08/2025,2025-08-28,D+2,2025-08-30,2025-08-30,-0.667,
28/08/2025,2025-08-28,D+3,2025-08-31,2025-08-31,-0.666,
28/08/2025,2025-08-28,W,2026-10-01,2027-03-31,-0.944,
28/08/2025,2025-08-28,M+1,2025-09-01,2025-09-30,-0.65,
28/08/2025,2025-08-28,M+2,2025-10-01,2025-10-31,-0.863,
28/08/2025,2025-08-28,M+3,2025-11-01,2025-11-30,-0.876,
28/08/2025,2025-08-28,Q+1,2025-10-01,2025-12-31,-0.85,
28/08/2025,2025-08-28,Q+2,2026-01-01,2026-03-31,-1.027,
28/08/2025,2025-08-28,Q+3,2026-04-01,2026-06-30,-0.944,
28/08/2025,2025-08-28,Q+4,2026-07-01,2026-09-30,-0.922,
28/08/2025,2025-08-28,S,2026-04-01,2026-09-30,-0.927,
28/08/2025,2025-08-28,Y+1,2026-01-01,2026-12-31,-0.762,
28/08/2025,2025-08-28,Y+2,2027-01-01,2027-12-31,-0.75,
29/08/2025,2025-08-29,D+1,2025-08-30,2025-08-30,-0.204,31.2
29/08/2025,2025-08-29,D+2,2025-08-31,2025-08-31,-0.234,
29/08/2025,2025-08-29,D+3,2025-09-01,2025-09-01,-0.263,
29/08/2025,2025-08-29,W,2026-10-01,2027-03-31,-0.821,
29/08/2025,2025-08-29,M+1,2025-09-01,2025-09-30,-0.675,
29/08/2025,2025-08-29,M+2,2025-10-01,2025-10-31,-0.887,
29/08/2025,2025-08-29,M+3,2025-11-01,2025-11-30,-0.83,
29/08/2025,2025-08-29,Q+1,2025-10-01,2025-12-31,-0.85,
29/08/2025,2025-08-29,Q+2,2026-01-01,2026-03-31,-0.874,
29/08/2025,2025-08-29,Q+3,2026-04-01,2026-06-30,-0.831,
29/08/2025,2025-08-29,Q+4,2026-07-01,2026-09-30,-0.807,
29/08/2025,2025-08-29,S,2026-04-01,2026-09-30,-0.809,
29/08/2025,2025-08-29,Y+1,2026-01-01,2026-12-31,-0.762,
29/08/2025,2025-08-29,Y+2,2027-01-01,2027-12-31,-0.75,
01/09/2025,2025-09-01,D+1,2025-09-02,2025-09-02,-0.125,31.72
01/09/2025,2025-09-01,D+2,2025-09-03,2025-09-03,-0.143,
01/09/2025,2025-09-01,D+3,2025-09-04,2025-09-04,-0.161,
01/09/2025,2025-09-01,W,2026-10-01,2027-03-31,-0.848,
01/09/2025,2025-09-01,BoM,2025-09-02,2025-09-30,-0.354,
01/09/2025,2025-09-01,M+1,2025-10-01,2025-10-31,-0.912,
01/09/2025,2025-09-01,M+2,2025-11-01,2025-11-30,-0.987,
01/09/2025,2025-09-01,M+3,2025-12-01,2025-12-31,-0.444,
01/09/2025,2025-09-01,Q+1,2025-10-01,2025-12-31,-0.925,
01/09/2025,2025-09-01,Q+2,2026-01-01,2026-03-31,-0.928,
01/09/2025,2025-09-01,Q+3,2026-04-01,2026-06-30,-0.816,
01/09/2025,2025-09-01,Q+4,2026-07-01,2026-09-30,-0.826,
01/09/2025,2025-09-01,S,2026-04-01,2026-09-30,-0.82,
01/09/2025,2025-09-01,Y+1,2026-01-01,2026-12-31,-0.9,
01/09/2025,2025-09-01,Y+2,2027-01-01,2027-12-31,-0.75,
02/09/2025,2025-09-02,D+1,2025-09-03,2025-09-03,-0.204,31.42
02/09/2025,2025-09-02,D+2,2025-09-04,2025-09-04,-0.222,
02/09/2025,2025-09-02,D+3,2025-09-05,2025-09-05,-0.241,
02/09/2025,2025-09-02,W,2026-10-01,2027-03-31,-0.928,
02/09/2025,2025-09-02,BoM,2025-09-03,2025-09-30,-0.705,
02/09/2025,2025-09-02,M+1,2025-10-01,2025-10-31,-0.988,
02/09/2025,2025-09-02,M+2,2025-11-01,2025-11-30,-1.012,
02/09/2025,2025-09-02,M+3,2025-12-01,2025-12-31,-0.74,
02/09/2025,2025-09-02,Q+1,2025-10-01,2025-12-31,-0.95,
02/09/2025,2025-09-02,Q+2,2026-01-01,2026-03-31,-0.729,
02/09/2025,2025-09-02,Q+3,2026-04-01,2026-06-30,-0.919,
02/09/2025,2025-09-02,Q+4,2026-07-01,2026-09-30,-0.904,
02/09/2025,2025-09-02,S,2026-04-01,2026-09-30,-0.91,
02/09/2025,2025-09-02,Y+1,2026-01-01,2026-12-31,-0.9,
02/09/2025,2025-09-02,Y+2,2027-01-01,2027-12-31,-0.75,
03/09/2025,2025-09-03,D+1,2025-09-04,2025-09-04,0.001,31.19
03/09/2025,2025-09-03,D+2,2025-09-05,2025-09-05,-0.022,
03/09/2025,2025-09-03,D+3,2025-09-06,2025-09-06,-0.044,
03/09/2025,2025-09-03,W,2026-10-01,2027-03-31,-0.882,
03/09/2025,2025-09-03,BoM,2025-09-04,2025-09-30,-0.257,
03/09/2025,2025-09-03,M+1,2025-10-01,2025-10-31,-0.938,
03/09/2025,2025-09-03,M+2,2025-11-01,2025-11-30,-1.05,
03/09/2025,2025-09-03,M+3,2025-12-01,2025-12-31,-0.559,
03/09/2025,2025-09-03,Q+1,2025-10-01,2025-12-31,-0.95,
03/09/2025,2025-09-03,Q+2,2026-01-01,2026-03-31,-1.189,
03/09/2025,2025-09-03,Q+3,2026-04-01,2026-06-30,-0.848,
03/09/2025,2025-09-03,Q+4,2026-07-01,2026-09-30,-0.849,
03/09/2025,2025-09-03,S,2026-04-01,2026-09-30,-0.849,
03/09/2025,2025-09-03,Y+1,2026-01-01,2026-12-31,-0.913,
03/09/2025,2025-09-03,Y+2,2027-01-01,2027-12-31,-0.75,
04/09/2025,2025-09-04,D+1,2025-09-05,2025-09-05,-0.118,31.94
04/09/2025,2025-09-04,D+2,2025-09-06,2025-09-06,-0.138,
04/09/2025,2025-09-04,D+3,2025-09-07,2025-09-07,-0.158,
04/09/2025,2025-09-04,W,2026-10-01,2027-03-31,-0.799,
04/09/2025,2025-09-04,BoM,2025-09-05,2025-09-30,-1.361,
04/09/2025,2025-09-04,M+1,2025-10-01,2025-10-31,-0.938,
04/09/2025,2025-09-04,M+2,2025-11-01,2025-11-30,-0.963,
04/09/2025,2025-09-04,M+3,2025-12-01,2025-12-31,-0.62,
04/09/2025,2025-09-04,Q+1,2025-10-01,2025-12-31,-0.9,
04/09/2025,2025-09-04,Q+2,2026-01-01,2026-03-31,-1.144,
04/09/2025,2025-09-04,Q+3,2026-04-01,2026-06-30,-0.813,
04/09/2025,2025-09-04,Q+4,2026-07-01,2026-09-30,-0.814,
04/09/2025,2025-09-04,S,2026-04-01,2026-09-30,-0.792,
04/09/2025,2025-09-04,Y+1,2026-01-01,2026-12-31,-0.9,
04/09/2025,2025-09-04,Y+2,2027-01-01,2027-12-31,-0.75,
05/09/2025,2025-09-05,D+1,2025-09-06,2025-09-06,0.122,31.03
05/09/2025,2025-09-05,D+2,2025-09-07,2025-09-07,0.095,
05/09/2025,2025-09-05,D+3,2025-09-08,2025-09-08,0.068,
05/09/2025,2025-09-05,W,2026-10-01,2027-03-31,-0.586,
05/09/2025,2025-09-05,BoM,2025-09-06,2025-09-30,-0.169,
05/09/2025,2025-09-05,M+1,2025-10-01,2025-10-31,-0.938,
05/09/2025,2025-09-05,M+2,2025-11-01,2025-11-30,-0.95,
05/09/2025,2025-09-05,M+3,2025-12-01,2025-12-31,-0.319,
05/09/2025,2025-09-05,Q+1,2025-10-01,2025-12-31,-0.9,
05/09/2025,2025-09-05,Q+2,2026-01-01,2026-03-31,-0.679,
05/09/2025,2025-09-05,Q+3,2026-04-01,2026-06-30,-0.583,
05/09/2025,2025-09-05,Q+4,2026-07-01,2026-09-30,-0.611,
05/09/2025,2025-09-05,S,2026-04-01,2026-09-30,-0.578,
05/09/2025,2025-09-05,Y+1,2026-01-01,2026-12-31,-0.9,
05/09/2025,2025-09-05,Y+2,2027-01-01,2027-12-31,-0.75,
08/09/2025,2025-09-08,D+1,2025-09-09,2025-09-09,-0.408,32.88
08/09/2025,2025-09-08,D+2,2025-09-10,2025-09-10,-0.422,
08/09/2025,2025-09-08,D+3,2025-09-11,2025-09-11,-0.436,
08/09/2025,2025-09-08,W,2026-10-01,2027-03-31,-0.963,
08/09/2025,2025-09-08,BoM,2025-09-09,2025-09-30,-0.538,
08/09/2025,2025-09-08,M+1,2025-10-01,2025-10-31,-0.925,
08/09/2025,2025-09-08,M+2,2025-11-01,2025-11-30,-0.988,
08/09/2025,2025-09-08,M+3,2025-12-01,2025-12-31,-0.935,
08/09/2025,2025-09-08,Q+1,2025-10-01,2025-12-31,-0.925,
08/09/2025,2025-09-08,Q+2,2026-01-01,2026-03-31,-1.082,
08/09/2025,2025-09-08,Q+3,2026-04-01,2026-06-30,-0.953,
08/09/2025,2025-09-08,Q+4,2026-07-01,2026-09-30,-0.941,
08/09/2025,2025-09-08,S,2026-04-01,2026-09-30,-0.947,
08/09/2025,2025-09-08,Y+1,2026-01-01,2026-12-31,-0.925,
08/09/2025,2025-09-08,Y+2,2027-01-01,2027-12-31,-0.75,
09/09/2025,2025-09-09,D+1,2025-09-10,2025-09-10,-0.406,32.99
09/09/2025,2025-09-09,D+2,2025-09-11,2025-09-11,-0.421,
09/09/2025,2025-09-09,D+3,2025-09-12,2025-09-12,-0.435,
09/09/2025,2025-09-09,W,2026-10-01,2027-03-31,-0.847,
09/09/2025,2025-09-09,BoM,2025-09-10,2025-09-30,-0.518,
09/09/2025,2025-09-09,M+1,2025-10-01,2025-10-31,-0.925,
09/09/2025,2025-09-09,M+2,2025-11-01,2025-11-30,-0.963,
09/09/2025,2025-09-09,M+3,2025-12-01,2025-12-31,-0.791,
09/09/2025,2025-09-09,Q+1,2025-10-01,2025-12-31,-0.9,
09/09/2025,2025-09-09,Q+2,2026-01-01,2026-03-31,-0.979,
09/09/2025,2025-09-09,Q+3,2026-04-01,2026-06-30,-0.888,
09/09/2025,2025-09-09,Q+4,2026-07-01,2026-09-30,-0.844,
09/09/2025,2025-09-09,S,2026-04-01,2026-09-30,-0.857,
09/09/2025,2025-09-09,Y+1,2026-01-01,2026-12-31,-0.9,
09/09/2025,2025-09-09,Y+2,2027-01-01,2027-12-31,-0.75,
10/09/2025,2025-09-10,D+1,2025-09-11,2025-09-11,-0.256,32.96
10/09/2025,2025-09-10,D+2,2025-09-12,2025-09-12,-0.274,
10/09/2025,2025-09-10,D+3,2025-09-13,2025-09-13,-0.292,
10/09/2025,2025-09-10,W,2026-10-01,2027-03-31,-0.664,
10/09/2025,2025-09-10,BoM,2025-09-11,2025-09-30,-0.406,
10/09/2025,2025-09-10,M+1,2025-10-01,2025-10-31,-0.875,
10/09/2025,2025-09-10,M+2,2025-11-01,2025-11-30,-0.95,
10/09/2025,2025-09-10,M+3,2025-12-01,2025-12-31,-0.744,
10/09/2025,2025-09-10,Q+1,2025-10-01,2025-12-31,-0.888,
10/09/2025,2025-09-10,Q+2,2026-01-01,2026-03-31,-0.742,
10/09/2025,2025-09-10,Q+3,2026-04-01,2026-06-30,-0.681,
10/09/2025,2025-09-10,Q+4,2026-07-01,2026-09-30,-0.658,
10/09/2025,2025-09-10,S,2026-04-01,2026-09-30,-0.668,
10/09/2025,2025-09-10,Y+1,2026-01-01,2026-12-31,-0.9,
10/09/2025,2025-09-10,Y+2,2027-01-01,2027-12-31,-0.75,
11/09/2025,2025-09-11,D+1,2025-09-12,2025-09-12,0.136,31.61
11/09/2025,2025-09-11,D+2,2025-09-13,2025-09-13,0.107,
11/09/2025,2025-09-11,D+3,2025-09-14,2025-09-14,0.077,
11/09/2025,2025-09-11,W,2026-10-01,2027-03-31,-0.157,
11/09/2025,2025-09-11,BoM,2025-09-12,2025-09-30,-0.112,
11/09/2025,2025-09-11,M+1,2025-10-01,2025-10-31,-0.85,
11/09/2025,2025-09-11,M+2,2025-11-01,2025-11-30,-0.875,
11/09/2025,2025-09-11,M+3,2025-12-01,2025-12-31,-0.173,
11/09/2025,2025-09-11,Q+1,2025-10-01,2025-12-31,-0.865,
11/09/2025,2025-09-11,Q+2,2026-01-01,2026-03-31,-0.207,
11/09/2025,2025-09-11,Q+3,2026-04-01,2026-06-30,-0.17,
11/09/2025,2025-09-11,Q+4,2026-07-01,2026-09-30,-0.151,
11/09/2025,2025-09-11,S,2026-04-01,2026-09-30,-0.158,
11/09/2025,2025-09-11,Y+1,2026-01-01,2026-12-31,-0.888,
11/09/2025,2025-09-11,Y+2,2027-01-01,2027-12-31,-0.75,
12/09/2025,2025-09-12,D+1,2025-09-13,2025-09-13,0.23,32.04
12/09/2025,2025-09-12,D+2,2025-09-14,2025-09-14,0.197,
12/09/2025,2025-09-12,D+3,2025-09-15,2025-09-15,0.164,
12/09/2025,2025-09-12,W,2026-10-01,2027-03-31,-0.926,
12/09/2025,2025-09-12,BoM,2025-09-13,2025-09-30,-0.02,
12/09/2025,2025-09-12,M+1,2025-10-01,2025-10-31,-0.85,
12/09/2025,2025-09-12,M+2,2025-11-01,2025-11-30,-0.9,
12/09/2025,2025-09-12,M+3,2025-12-01,2025-12-31,-0.42,
12/09/2025,2025-09-12,Q+1,2025-10-01,2025-12-31,-0.859,
12/09/2025,2025-09-12,Q+2,2026-01-01,2026-03-31,-1.15,
12/09/2025,2025-09-12,Q+3,2026-04-01,2026-06-30,-0.925,
12/09/2025,2025-09-12,Q+4,2026-07-01,2026-09-30,-0.904,
12/09/2025,2025-09-12,S,2026-04-01,2026-09-30,-0.918,
12/09/2025,2025-09-12,Y+1,2026-01-01,2026-12-31,-0.9,
12/09/2025,2025-09-12,Y+2,2027-01-01,2027-12-31,-0.75,
15/09/2025,2025-09-15,D+1,2025-09-16,2025-09-16,-0.282,31.81
15/09/2025,2025-09-15,D+2,2025-09-17,2025-09-17,-0.296,
15/09/2025,2025-09-15,D+3,2025-09-18,2025-09-18,-0.31,
15/09/2025,2025-09-15,W,2026-10-01,2027-03-31,-0.854,
15/09/2025,2025-09-15,BoM,2025-09-16,2025-09-30,-0.336,
15/09/2025,2025-09-15,M+1,2025-10-01,2025-10-31,-0.7,
15/09/2025,2025-09-15,M+2,2025-11-01,2025-11-30,-0.875,
15/09/2025,2025-09-15,M+3,2025-12-01,2025-12-31,-0.47,
15/09/2025,2025-09-15,Q+1,2025-10-01,2025-12-31,-0.846,
15/09/2025,2025-09-15,Q+2,2026-01-01,2026-03-31,-1.129,
15/09/2025,2025-09-15,Q+3,2026-04-01,2026-06-30,-0.818,
15/09/2025,2025-09-15,Q+4,2026-07-01,2026-09-30,-0.824,
15/09/2025,2025-09-15,S,2026-04-01,2026-09-30,-0.822,
15/09/2025,2025-09-15,Y+1,2026-01-01,2026-12-31,-0.892,
15/09/2025,2025-09-15,Y+2,2027-01-01,2027-12-31,-0.75,
16/09/2025,2025-09-16,D+1,2025-09-17,2025-09-17,-0.282,32.06
16/09/2025,2025-09-16,D+2,2025-09-18,2025-09-18,-0.296,
16/09/2025,2025-09-16,D+3,2025-09-19,2025-09-19,-0.31,
16/09/2025,2025-09-16,W,2026-10-01,2027-03-31,-0.854,
16/09/2025,2025-09-16,BoM,2025-09-17,2025-09-30,-0.336,
16/09/2025,2025-09-16,M+1,2025-10-01,2025-10-31,-0.775,
16/09/2025,2025-09-16,M+2,2025-11-01,2025-11-30,-0.875,
16/09/2025,2025-09-16,M+3,2025-12-01,2025-12-31,-0.47,
16/09/2025,2025-09-16,Q+1,2025-10-01,2025-12-31,-0.825,
16/09/2025,2025-09-16,Q+2,2026-01-01,2026-03-31,-1.129,
16/09/2025,2025-09-16,Q+3,2026-04-01,2026-06-30,-0.818,
16/09/2025,2025-09-16,Q+4,2026-07-01,2026-09-30,-0.824,
16/09/2025,2025-09-16,S,2026-04-01,2026-09-30,-0.822,
16/09/2025,2025-09-16,Y+1,2026-01-01,2026-12-31,-0.875,
16/09/2025,2025-09-16,Y+2,2027-01-01,2027-12-31,-0.75,
17/09/2025,2025-09-17,D+1,2025-09-18,2025-09-18,-0.033,31.98
17/09/2025,2025-09-17,D+2,2025-09-19,2025-09-19,-0.059,
17/09/2025,2025-09-17,D+3,2025-09-20,2025-09-20,-0.085,
17/09/2025,2025-09-17,W,2026-10-01,2027-03-31,-0.712,
17/09/2025,2025-09-17,BoM,2025-09-18,2025-09-30,-0.145,
17/09/2025,2025-09-17,M+1,2025-10-01,2025-10-31,-0.75,
17/09/2025,2025-09-17,M+2,2025-11-01,2025-11-30,-0.875,
17/09/2025,2025-09-17,M+3,2025-12-01,2025-12-31,-0.252,
17/09/2025,2025-09-17,Q+1,2025-10-01,2025-12-31,-0.825,
17/09/2025,2025-09-17,Q+2,2026-01-01,2026-03-31,-1.182,
17/09/2025,2025-09-17,Q+3,2026-04-01,2026-06-30,-0.737,
17/09/2025,2025-09-17,Q+4,2026-07-01,2026-09-30,-0.713,
17/09/2025,2025-09-17,S,2026-04-01,2026-09-30,-0.726,
17/09/2025,2025-09-17,Y+1,2026-01-01,2026-12-31,-0.885,
17/09/2025,2025-09-17,Y+2,2027-01-01,2027-12-31,-0.75,
18/09/2025,2025-09-18,D+1,2025-09-19,2025-09-19,-0.115,32.58
18/09/2025,2025-09-18,D+2,2025-09-20,2025-09-20,-0.139,
18/09/2025,2025-09-18,D+3,2025-09-21,2025-09-21,-0.163,
18/09/2025,2025-09-18,W,2026-10-01,2027-03-31,-0.807,
18/09/2025,2025-09-18,BoM,2025-09-19,2025-09-30,-0.236,
18/09/2025,2025-09-18,M+1,2025-10-01,2025-10-31,-0.75,
18/09/2025,2025-09-18,M+2,2025-11-01,2025-11-30,-0.875,
18/09/2025,2025-09-18,M+3,2025-12-01,2025-12-31,-0.279,
18/09/2025,2025-09-18,Q+1,2025-10-01,2025-12-31,-0.825,
18/09/2025,2025-09-18,Q+2,2026-01-01,2026-03-31,-1.296,
18/09/2025,2025-09-18,Q+3,2026-04-01,2026-06-30,-0.829,
18/09/2025,2025-09-18,Q+4,2026-07-01,2026-09-30,-0.826,
18/09/2025,2025-09-18,S,2026-04-01,2026-09-30,-0.844,
18/09/2025,2025-09-18,Y+1,2026-01-01,2026-12-31,-0.853,
18/09/2025,2025-09-18,Y+2,2027-01-01,2027-12-31,-0.75,
19/09/2025,2025-09-19,D+1,2025-09-20,2025-09-20,0.132,31.88
19/09/2025,2025-09-19,D+2,2025-09-21,2025-09-21,0.097,
19/09/2025,2025-09-19,D+3,2025-09-22,2025-09-22,0.062,
19/09/2025,2025-09-19,W,2026-10-01,2027-03-31,-0.771,
19/09/2025,2025-09-19,BoM,2025-09-20,2025-09-30,-0.028,
19/09/2025,2025-09-19,M+1,2025-10-01,2025-10-31,-0.762,
19/09/2025,2025-09-19,M+2,2025-11-01,2025-11-30,-0.863,
19/09/2025,2025-09-19,M+3,2025-12-01,2025-12-31,-0.752,
19/09/2025,2025-09-19,Q+1,2025-10-01,2025-12-31,-0.817,
19/09/2025,2025-09-19,Q+2,2026-01-01,2026-03-31,-0.914,
19/09/2025,2025-09-19,Q+3,2026-04-01,2026-06-30,-0.707,
19/09/2025,2025-09-19,Q+4,2026-07-01,2026-09-30,-0.717,
19/09/2025,2025-09-19,S,2026-04-01,2026-09-30,-0.725,
19/09/2025,2025-09-19,Y+1,2026-01-01,2026-12-31,-0.853,
19/09/2025,2025-09-19,Y+2,2027-01-01,2027-12-31,-0.75,
22/09/2025,2025-09-22,D+1,2025-09-23,2025-09-23,-0.397,31.9
22/09/2025,2025-09-22,D+2,2025-09-24,2025-09-24,-0.413,
22/09/2025,2025-09-22,D+3,2025-09-25,2025-09-25,-0.429,
22/09/2025,2025-09-22,W,2026-10-01,2027-03-31,-0.813,
22/09/2025,2025-09-22,BoM,2025-09-23,2025-09-30,-0.455,
22/09/2025,2025-09-22,M+1,2025-10-01,2025-10-31,-0.762,
22/09/2025,2025-09-22,M+2,2025-11-01,2025-11-30,-0.875,
22/09/2025,2025-09-22,M+3,2025-12-01,2025-12-31,-0.794,
22/09/2025,2025-09-22,Q+1,2025-10-01,2025-12-31,-0.825,
22/09/2025,2025-09-22,Q+2,2026-01-01,2026-03-31,-0.79,
22/09/2025,2025-09-22,Q+3,2026-04-01,2026-06-30,-0.791,
22/09/2025,2025-09-22,Q+4,2026-07-01,2026-09-30,-0.785,
22/09/2025,2025-09-22,S,2026-04-01,2026-09-30,-0.799,
22/09/2025,2025-09-22,Y+1,2026-01-01,2026-12-31,-0.878,
22/09/2025,2025-09-22,Y+2,2027-01-01,2027-12-31,-0.75,
23/09/2025,2025-09-23,D+1,2025-09-24,2025-09-24,-0.706,32.58
23/09/2025,2025-09-23,D+2,2025-09-25,2025-09-25,-0.709,
23/09/2025,2025-09-23,D+3,2025-09-26,2025-09-26,-0.711,
23/09/2025,2025-09-23,W,2026-10-01,2027-03-31,-0.793,
23/09/2025,2025-09-23,BoM,2025-09-24,2025-09-30,-0.696,
23/09/2025,2025-09-23,M+1,2025-10-01,2025-10-31,-0.762,
23/09/2025,2025-09-23,M+2,2025-11-01,2025-11-30,-0.875,
23/09/2025,2025-09-23,M+3,2025-12-01,2025-12-31,-1.053,
23/09/2025,2025-09-23,Q+1,2025-10-01,2025-12-31,-0.825,
23/09/2025,2025-09-23,Q+2,2026-01-01,2026-03-31,-0.874,
23/09/2025,2025-09-23,Q+3,2026-04-01,2026-06-30,-0.786,
23/09/2025,2025-09-23,Q+4,2026-07-01,2026-09-30,-0.778,
23/09/2025,2025-09-23,S,2026-04-01,2026-09-30,-0.775,
23/09/2025,2025-09-23,Y+1,2026-01-01,2026-12-31,-0.878,
23/09/2025,2025-09-23,Y+2,2027-01-01,2027-12-31,-0.75,
24/09/2025,2025-09-24,D+1,2025-09-25,2025-09-25,-0.411,31.9
24/09/2025,2025-09-24,D+2,2025-09-26,2025-09-26,-0.427,
24/09/2025,2025-09-24,D+3,2025-09-27,2025-09-27,-0.443,
24/09/2025,2025-09-24,W,2026-10-01,2027-03-31,-0.433,
24/09/2025,2025-09-24,BoM,2025-09-25,2025-09-30,-0.434,
24/09/2025,2025-09-24,M+1,2025-10-01,2025-10-31,-0.738,
24/09/2025,2025-09-24,M+2,2025-11-01,2025-11-30,-0.875,
24/09/2025,2025-09-24,M+3,2025-12-01,2025-12-31,-0.421,
24/09/2025,2025-09-24,Q+1,2025-10-01,2025-12-31,-0.825,
24/09/2025,2025-09-24,Q+2,2026-01-01,2026-03-31,-1.053,
24/09/2025,2025-09-24,Q+3,2026-04-01,2026-06-30,-0.406,
24/09/2025,2025-09-24,Q+4,2026-07-01,2026-09-30,-0.433,
24/09/2025,2025-09-24,S,2026-04-01,2026-09-30,-0.434,
24/09/2025,2025-09-24,Y+1,2026-01-01,2026-12-31,-0.885,
24/09/2025,2025-09-24,Y+2,2027-01-01,2027-12-31,-0.75,
25/09/2025,2025-09-25,D+1,2025-09-26,2025-09-26,-0.436,32.43
25/09/2025,2025-09-25,D+2,2025-09-27,2025-09-27,-0.453,
25/09/2025,2025-09-25,D+3,2025-09-28,2025-09-28,-0.469,
25/09/2025,2025-09-25,W,2026-10-01,2027-03-31,-0.822,
25/09/2025,2025-09-25,BoM,2025-09-26,2025-09-30,-0.458,
25/09/2025,2025-09-25,M+1,2025-10-01,2025-10-31,-0.762,
25/09/2025,2025-09-25,M+2,2025-11-01,2025-11-30,-0.875,
25/09/2025,2025-09-25,M+3,2025-12-01,2025-12-31,-0.809,
25/09/2025,2025-09-25,Q+1,2025-10-01,2025-12-31,-0.825,
25/09/2025,2025-09-25,Q+2,2026-01-01,2026-03-31,-0.829,
25/09/2025,2025-09-25,Q+3,2026-04-01,2026-06-30,-0.789,
25/09/2025,2025-09-25,Q+4,2026-07-01,2026-09-30,-0.802,
25/09/2025,2025-09-25,S,2026-04-01,2026-09-30,-0.782,
25/09/2025,2025-09-25,Y+1,2026-01-01,2026-12-31,-0.882,
25/09/2025,2025-09-25,Y+2,2027-01-01,2027-12-31,-0.75,
26/09/2025,2025-09-26,D+1,2025-09-27,2025-09-27,-0.12,32.29
26/09/2025,2025-09-26,D+2,2025-09-28,2025-09-28,-0.154,
26/09/2025,2025-09-26,D+3,2025-09-29,2025-09-29,-0.187,
26/09/2025,2025-09-26,W,2026-10-01,2027-03-31,-0.895,
26/09/2025,2025-09-26,BoM,2025-09-27,2025-09-30,-0.153,
26/09/2025,2025-09-26,M+1,2025-10-01,2025-10-31,-0.738,
26/09/2025,2025-09-26,M+2,2025-11-01,2025-11-30,-0.875,
26/09/2025,2025-09-26,M+3,2025-12-01,2025-12-31,-0.668,
26/09/2025,2025-09-26,Q+1,2025-10-01,2025-12-31,-0.825,
26/09/2025,2025-09-26,Q+2,2026-01-01,2026-03-31,-0.833,
26/09/2025,2025-09-26,Q+3,2026-04-01,2026-06-30,-0.847,
26/09/2025,2025-09-26,Q+4,2026-07-01,2026-09-30,-0.877,
26/09/2025,2025-09-26,S,2026-04-01,2026-09-30,-0.855,
26/09/2025,2025-09-26,Y+1,2026-01-01,2026-12-31,-0.875,
26/09/2025,2025-09-26,Y+2,2027-01-01,2027-12-31,-0.75,
29/09/2025,2025-09-29,D+1,2025-09-30,2025-09-30,-0.171,31.89
29/09/2025,2025-09-29,D+2,2025-10-01,2025-10-01,-0.208,
29/09/2025,2025-09-29,D+3,2025-10-02,2025-10-02,-0.244,
29/09/2025,2025-09-29,W,2026-10-01,2027-03-31,-0.994,
29/09/2025,2025-09-29,M+1,2025-10-01,2025-10-31,-0.738,
29/09/2025,2025-09-29,M+2,2025-11-01,2025-11-30,-0.875,
29/09/2025,2025-09-29,M+3,2025-12-01,2025-12-31,-0.719,
29/09/2025,2025-09-29,Q+1,2025-10-01,2025-12-31,-0.841,
29/09/2025,2025-09-29,Q+2,2026-01-01,2026-03-31,-0.968,
29/09/2025,2025-09-29,Q+3,2026-04-01,2026-06-30,-0.682,
29/09/2025,2025-09-29,Q+4,2026-07-01,2026-09-30,-0.932,
29/09/2025,2025-09-29,S,2026-04-01,2026-09-30,-0.811,
29/09/2025,2025-09-29,Y+1,2026-01-01,2026-12-31,-0.875,
29/09/2025,2025-09-29,Y+2,2027-01-01,2027-12-31,-0.75,
30/09/2025,2025-09-30,D+1,2025-10-01,2025-10-01,-0.638,31.47
30/09/2025,2025-09-30,D+2,2025-10-02,2025-10-02,-0.635,
30/09/2025,2025-09-30,D+3,2025-10-03,2025-10-03,-0.633,
30/09/2025,2025-09-30,W,2026-10-01,2027-03-31,-0.292,
30/09/2025,2025-09-30,M+1,2025-10-01,2025-10-31,-0.575,
30/09/2025,2025-09-30,M+2,2025-11-01,2025-11-30,-0.9,
30/09/2025,2025-09-30,M+3,2025-12-01,2025-12-31,-0.333,
30/09/2025,2025-09-30,Q+2,2026-01-01,2026-03-31,-0.85,
30/09/2025,2025-09-30,Q+3,2026-04-01,2026-06-30,-0.302,
30/09/2025,2025-09-30,Q+4,2026-07-01,2026-09-30,-0.309,
30/09/2025,2025-09-30,S,2026-04-01,2026-09-30,-0.875,
30/09/2025,2025-09-30,Y+1,2026-01-01,2026-12-31,-0.875,
30/09/2025,2025-09-30,Y+2,2027-01-01,2027-12-31,-0.75,
01/10/2025,2025-10-01,D+1,2025-10-02,2025-10-02,-0.956,31.78
01/10/2025,2025-10-01,D+2,2025-10-03,2025-10-03,-0.956,
01/10/2025,2025-10-01,D+3,2025-10-04,2025-10-04,-0.957,
01/10/2025,2025-10-01,W,2026-10-01,2027-03-31,-0.913,
01/10/2025,2025-10-01,BoM,2025-10-02,2025-10-31,-1.417,
01/10/2025,2025-10-01,M+1,2025-11-01,2025-11-30,-0.975,
01/10/2025,2025-10-01,M+2,2025-12-01,2025-12-31,-0.9,
01/10/2025,2025-10-01,M+3,2026-01-01,2026-01-31,-0.796,
01/10/2025,2025-10-01,Q+1,2026-01-01,2026-03-31,-0.837,
01/10/2025,2025-10-01,Q+2,2026-04-01,2026-06-30,-0.909,
01/10/2025,2025-10-01,Q+3,2026-07-01,2026-09-30,-0.891,
01/10/2025,2025-10-01,Q+4,2026-10-01,2026-12-31,-0.891,
01/10/2025,2025-10-01,S,2027-04-01,2027-09-30,-0.793,
01/10/2025,2025-10-01,Y+1,2026-01-01,2026-12-31,-0.878,
01/10/2025,2025-10-01,Y+2,2027-01-01,2027-12-31,-0.75,
02/10/2025,2025-10-02,D+1,2025-10-03,2025-10-03,-0.827,31.17
02/10/2025,2025-10-02,D+2,2025-10-04,2025-10-04,-0.831,
02/10/2025,2025-10-02,D+3,2025-10-05,2025-10-05,-0.835,
02/10/2025,2025-10-02,W,2026-10-01,2027-03-31,-1.22,
02/10/2025,2025-10-02,BoM,2025-10-03,2025-10-31,-0.856,
02/10/2025,2025-10-02,M+1,2025-11-01,2025-11-30,-1.0,
02/10/2025,2025-10-02,M+2,2025-12-01,2025-12-31,-0.887,
02/10/2025,2025-10-02,M+3,2026-01-01,2026-01-31,-0.938,
02/10/2025,2025-10-02,Q+1,2026-01-01,2026-03-31,-0.887,
02/10/2025,2025-10-02,Q+2,2026-04-01,2026-06-30,-0.857,
02/10/2025,2025-10-02,Q+3,2026-07-01,2026-09-30,-0.858,
02/10/2025,2025-10-02,Q+4,2026-10-01,2026-12-31,-1.211,
02/10/2025,2025-10-02,S,2027-04-01,2027-09-30,-1.113,
02/10/2025,2025-10-02,Y+1,2026-01-01,2026-12-31,-0.9,
02/10/2025,2025-10-02,Y+2,2027-01-01,2027-12-31,-0.75,
03/10/2025,2025-10-03,D+1,2025-10-04,2025-10-04,-0.492,30.84
03/10/2025,2025-10-03,D+2,2025-10-05,2025-10-05,-0.504,
03/10/2025,2025-10-03,D+3,2025-10-06,2025-10-06,-0.516,
03/10/2025,2025-10-03,W,2026-10-01,2027-03-31,-1.422,
03/10/2025,2025-10-03,BoM,2025-10-04,2025-10-31,-0.646,
03/10/2025,2025-10-03,M+1,2025-11-01,2025-11-30,-1.0,
03/10/2025,2025-10-03,M+2,2025-12-01,2025-12-31,-0.9,
03/10/2025,2025-10-03,M+3,2026-01-01,2026-01-31,-0.709,
03/10/2025,2025-10-03,Q+1,2026-01-01,2026-03-31,-0.825,
03/10/2025,2025-10-03,Q+2,2026-04-01,2026-06-30,-0.812,
03/10/2025,2025-10-03,Q+3,2026-07-01,2026-09-30,-0.816,
03/10/2025,2025-10-03,Q+4,2026-10-01,2026-12-31,-1.411,
03/10/2025,2025-10-03,S,2027-04-01,2027-09-30,-1.246,
03/10/2025,2025-10-03,Y+1,2026-01-01,2026-12-31,-0.885,
03/10/2025,2025-10-03,Y+2,2027-01-01,2027-12-31,-0.75,
06/10/2025,2025-10-06,D+1,2025-10-07,2025-10-07,-1.432,33.74
06/10/2025,2025-10-06,D+2,2025-10-08,2025-10-08,-1.421,
06/10/2025,2025-10-06,D+3,2025-10-09,2025-10-09,-1.41,
06/10/2025,2025-10-06,W,2026-10-01,2027-03-31,-1.159,
06/10/2025,2025-10-06,BoM,2025-10-07,2025-10-31,-1.246,
06/10/2025,2025-10-06,M+1,2025-11-01,2025-11-30,-1.0,
06/10/2025,2025-10-06,M+2,2025-12-01,2025-12-31,-0.912,
06/10/2025,2025-10-06,M+3,2026-01-01,2026-01-31,-0.483,
06/10/2025,2025-10-06,Q+1,2026-01-01,2026-03-31,-0.825,
06/10/2025,2025-10-06,Q+2,2026-04-01,2026-06-30,-0.958,
06/10/2025,2025-10-06,Q+3,2026-07-01,2026-09-30,-0.952,
06/10/2025,2025-10-06,Q+4,2026-10-01,2026-12-31,-1.136,
06/10/2025,2025-10-06,S,2027-04-01,2027-09-30,-0.976,
06/10/2025,2025-10-06,Y+1,2026-01-01,2026-12-31,-0.9,
06/10/2025,2025-10-06,Y+2,2027-01-01,2027-12-31,-0.75,
07/10/2025,2025-10-07,D+1,2025-10-08,2025-10-08,-1.364,33.74
07/10/2025,2025-10-07,D+2,2025-10-09,2025-10-09,-1.355,
07/10/2025,2025-10-07,D+3,2025-10-10,2025-10-10,-1.345,
07/10/2025,2025-10-07,W,2026-10-01,2027-03-31,-0.668,
07/10/2025,2025-10-07,BoM,2025-10-08,2025-10-31,-1.304,
07/10/2025,2025-10-07,M+1,2025-11-01,2025-11-30,-1.012,
07/10/2025,2025-10-07,M+2,2025-12-01,2025-12-31,-0.925,
07/10/2025,2025-10-07,M+3,2026-01-01,2026-01-31,-0.732,
07/10/2025,2025-10-07,Q+1,2026-01-01,2026-03-31,-0.825,
07/10/2025,2025-10-07,Q+2,2026-04-01,2026-06-30,-0.908,
07/10/2025,2025-10-07,Q+3,2026-07-01,2026-09-30,-0.887,
07/10/2025,2025-10-07,Q+4,2026-10-01,2026-12-31,-0.724,
07/10/2025,2025-10-07,S,2027-04-01,2027-09-30,-0.52,
07/10/2025,2025-10-07,Y+1,2026-01-01,2026-12-31,-0.885,
07/10/2025,2025-10-07,Y+2,2027-01-01,2027-12-31,-0.75,
08/10/2025,2025-10-08,D+1,2025-10-09,2025-10-09,-0.988,32.72
08/10/2025,2025-10-08,D+2,2025-10-10,2025-10-10,-0.99,
08/10/2025,2025-10-08,D+3,2025-10-11,2025-10-11,-0.992,
08/10/2025,2025-10-08,W,2026-10-01,2027-03-31,-0.863,
08/10/2025,2025-10-08,BoM,2025-10-09,2025-10-31,-0.983,
08/10/2025,2025-10-08,M+1,2025-11-01,2025-11-30,-1.062,
08/10/2025,2025-10-08,M+2,2025-12-01,2025-12-31,-0.9,
08/10/2025,2025-10-08,M+3,2026-01-01,2026-01-31,-1.334,
08/10/2025,2025-10-08,Q+1,2026-01-01,2026-03-31,-0.825,
08/10/2025,2025-10-08,Q+2,2026-04-01,2026-06-30,-0.913,
08/10/2025,2025-10-08,Q+3,2026-07-01,2026-09-30,-0.907,
08/10/2025,2025-10-08,Q+4,2026-10-01,2026-12-31,-0.862,
08/10/2025,2025-10-08,S,2027-04-01,2027-09-30,-0.748,
08/10/2025,2025-10-08,Y+1,2026-01-01,2026-12-31,-0.885,
08/10/2025,2025-10-08,Y+2,2027-01-01,2027-12-31,-0.75,
09/10/2025,2025-10-09,D+1,2025-10-10,2025-10-10,-0.885,32.28
09/10/2025,2025-10-09,D+2,2025-10-11,2025-10-11,-0.889,
09/10/2025,2025-10-09,D+3,2025-10-12,2025-10-12,-0.894,
09/10/2025,2025-10-09,W,2026-10-01,2027-03-31,-1.237,
09/10/2025,2025-10-09,BoM,2025-10-10,2025-10-31,-0.868,
09/10/2025,2025-10-09,M+1,2025-11-01,2025-11-30,-1.038,
09/10/2025,2025-10-09,M+2,2025-12-01,2025-12-31,-0.912,
09/10/2025,2025-10-09,M+3,2026-01-01,2026-01-31,-0.929,
09/10/2025,2025-10-09,Q+1,2026-01-01,2026-03-31,-0.825,
09/10/2025,2025-10-09,Q+2,2026-04-01,2026-06-30,-0.9,
09/10/2025,2025-10-09,Q+3,2026-07-01,2026-09-30,-0.911,
09/10/2025,2025-10-09,Q+4,2026-10-01,2026-12-31,-1.261,
09/10/2025,2025-10-09,S,2027-04-01,2027-09-30,-1.08,
09/10/2025,2025-10-09,Y+1,2026-01-01,2026-12-31,-0.885,
09/10/2025,2025-10-09,Y+2,2027-01-01,2027-12-31,-0.75,
10/10/2025,2025-10-10,D+1,2025-10-11,2025-10-11,-1.444,32.53
10/10/2025,2025-10-10,D+2,2025-10-12,2025-10-12,-1.432,
10/10/2025,2025-10-10,D+3,2025-10-13,2025-10-13,-1.419,
10/10/2025,2025-10-10,W,2026-10-01,2027-03-31,-0.707,
10/10/2025,2025-10-10,BoM,2025-10-11,2025-10-31,-1.304,
10/10/2025,2025-10-10,M+1,2025-11-01,2025-11-30,-1.0,
10/10/2025,2025-10-10,M+2,2025-12-01,2025-12-31,-0.912,
10/10/2025,2025-10-10,M+3,2026-01-01,2026-01-31,-0.953,
10/10/2025,2025-10-10,Q+1,2026-01-01,2026-03-31,-0.837,
10/10/2025,2025-10-10,Q+2,2026-04-01,2026-06-30,-0.666,
10/10/2025,2025-10-10,Q+3,2026-07-01,2026-09-30,-0.671,
10/10/2025,2025-10-10,Q+4,2026-10-01,2026-12-31,-0.689,
10/10/2025,2025-10-10,S,2027-04-01,2027-09-30,-0.606,
10/10/2025,2025-10-10,Y+1,2026-01-01,2026-12-31,-0.878,
10/10/2025,2025-10-10,Y+2,2027-01-01,2027-12-31,-0.75,
13/10/2025,2025-10-13,D+1,2025-10-14,2025-10-14,-1.481,32.12
13/10/2025,2025-10-13,D+2,2025-10-15,2025-10-15,-1.466,
13/10/2025,2025-10-13,D+3,2025-10-16,2025-10-16,-1.451,
13/10/2025,2025-10-13,W,2026-10-01,2027-03-31,-1.029,
13/10/2025,2025-10-13,BoM,2025-10-14,2025-10-31,-1.338,
13/10/2025,2025-10-13,M+1,2025-11-01,2025-11-30,-1.0,
13/10/2025,2025-10-13,M+2,2025-12-01,2025-12-31,-0.925,
13/10/2025,2025-10-13,M+3,2026-01-01,2026-01-31,-0.855,
13/10/2025,2025-10-13,Q+1,2026-01-01,2026-03-31,-0.825,
13/10/2025,2025-10-13,Q+2,2026-04-01,2026-06-30,-0.87,
13/10/2025,2025-10-13,Q+3,2026-07-01,2026-09-30,-0.864,
13/10/2025,2025-10-13,Q+4,2026-10-01,2026-12-31,-1.01,
13/10/2025,2025-10-13,S,2027-04-01,2027-09-30,-0.955,
13/10/2025,2025-10-13,Y+1,2026-01-01,2026-12-31,-0.878,
13/10/2025,2025-10-13,Y+2,2027-01-01,2027-12-31,-0.75,
14/10/2025,2025-10-14,D+1,2025-10-15,2025-10-15,-1.347,32.27
14/10/2025,2025-10-14,D+2,2025-10-16,2025-10-16,-1.336,
14/10/2025,2025-10-14,D+3,2025-10-17,2025-10-17,-1.325,
14/10/2025,2025-10-14,W,2026-10-01,2027-03-31,-0.323,
14/10/2025,2025-10-14,BoM,2025-10-15,2025-10-31,-1.237,
14/10/2025,2025-10-14,M+1,2025-11-01,2025-11-30,-1.0,
14/10/2025,2025-10-14,M+2,2025-12-01,2025-12-31,-0.912,
14/10/2025,2025-10-14,M+3,2026-01-01,2026-01-31,-1.011,
14/10/2025,2025-10-14,Q+1,2026-01-01,2026-03-31,-0.825,
14/10/2025,2025-10-14,Q+2,2026-04-01,2026-06-30,-0.835,
14/10/2025,2025-10-14,Q+3,2026-07-01,2026-09-30,-0.829,
14/10/2025,2025-10-14,Q+4,2026-10-01,2026-12-31,-0.324,
14/10/2025,2025-10-14,S,2027-04-01,2027-09-30,-0.282,
14/10/2025,2025-10-14,Y+1,2026-01-01,2026-12-31,-0.875,
14/10/2025,2025-10-14,Y+2,2027-01-01,2027-12-31,-0.75,
15/10/2025,2025-10-15,D+1,2025-10-16,2025-10-16,-1.159,32.31
15/10/2025,2025-10-15,D+2,2025-10-17,2025-10-17,-1.152,
15/10/2025,2025-10-15,D+3,2025-10-18,2025-10-18,-1.145,
15/10/2025,2025-10-15,W,2026-10-01,2027-03-31,-0.7,
15/10/2025,2025-10-15,BoM,2025-10-16,2025-10-31,-1.123,
15/10/2025,2025-10-15,M+1,2025-11-01,2025-11-30,-0.95,
15/10/2025,2025-10-15,M+2,2025-12-01,2025-12-31,-0.925,
15/10/2025,2025-10-15,M+3,2026-01-01,2026-01-31,-0.505,
15/10/2025,2025-10-15,Q+1,2026-01-01,2026-03-31,-0.825,
15/10/2025,2025-10-15,Q+2,2026-04-01,2026-06-30,-0.826,
15/10/2025,2025-10-15,Q+3,2026-07-01,2026-09-30,-0.825,
15/10/2025,2025-10-15,Q+4,2026-10-01,2026-12-31,-0.858,
15/10/2025,2025-10-15,S,2027-04-01,2027-09-30,-0.442,
15/10/2025,2025-10-15,Y+1,2026-01-01,2026-12-31,-0.894,
15/10/2025,2025-10-15,Y+2,2027-01-01,2027-12-31,-0.75,
16/10/2025,2025-10-16,D+1,2025-10-17,2025-10-17,-0.95,32.63
16/10/2025,2025-10-16,D+2,2025-10-18,2025-10-18,-0.95,
16/10/2025,2025-10-16,D+3,2025-10-19,2025-10-19,-0.95,
16/10/2025,2025-10-16,W,2026-10-01,2027-03-31,-0.765,
16/10/2025,2025-10-16,BoM,2025-10-17,2025-10-31,-0.9,
16/10/2025,2025-10-16,M+1,2025-11-01,2025-11-30,-0.95,
16/10/2025,2025-10-16,M+2,2025-12-01,2025-12-31,-0.925,
16/10/2025,2025-10-16,M+3,2026-01-01,2026-01-31,-0.664,
16/10/2025,2025-10-16,Q+1,2026-01-01,2026-03-31,-0.825,
16/10/2025,2025-10-16,Q+2,2026-04-01,2026-06-30,-0.894,
16/10/2025,2025-10-16,Q+3,2026-07-01,2026-09-30,-0.884,
16/10/2025,2025-10-16,Q+4,2026-10-01,2026-12-31,-1.18,
16/10/2025,2025-10-16,S,2027-04-01,2027-09-30,-0.262,
16/10/2025,2025-10-16,Y+1,2026-01-01,2026-12-31,-0.891,
16/10/2025,2025-10-16,Y+2,2027-01-01,2027-12-31,-0.75,
17/10/2025,2025-10-17,D+1,2025-10-18,2025-10-18,-0.675,32.14
17/10/2025,2025-10-17,D+2,2025-10-19,2025-10-19,-0.685,
17/10/2025,2025-10-17,D+3,2025-10-20,2025-10-20,-0.695,
17/10/2025,2025-10-17,W,2026-10-01,2027-03-31,-1.108,
17/10/2025,2025-10-17,BoM,2025-10-18,2025-10-31,-0.719,
17/10/2025,2025-10-17,M+1,2025-11-01,2025-11-30,-0.95,
17/10/2025,2025-10-17,M+2,2025-12-01,2025-12-31,-0.925,
17/10/2025,2025-10-17,M+3,2026-01-01,2026-01-31,-0.58,
17/10/2025,2025-10-17,Q+1,2026-01-01,2026-03-31,-0.775,
17/10/2025,2025-10-17,Q+2,2026-04-01,2026-06-30,-0.861,
17/10/2025,2025-10-17,Q+3,2026-07-01,2026-09-30,-0.866,
17/10/2025,2025-10-17,Q+4,2026-10-01,2026-12-31,-1.11,
17/10/2025,2025-10-17,S,2027-04-01,2027-09-30,-0.974,
17/10/2025,2025-10-17,Y+1,2026-01-01,2026-12-31,-0.891,
17/10/2025,2025-10-17,Y+2,2027-01-01,2027-12-31,-0.75,
20/10/2025,2025-10-20,D+1,2025-10-21,2025-10-21,-0.63,31.46
20/10/2025,2025-10-20,D+2,2025-10-22,2025-10-22,-0.641,
20/10/2025,2025-10-20,D+3,2025-10-23,2025-10-23,-0.653,
20/10/2025,2025-10-20,W,2026-10-01,2027-03-31,-0.686,
20/10/2025,2025-10-20,BoM,2025-10-21,2025-10-31,-0.702,
20/10/2025,2025-10-20,M+1,2025-11-01,2025-11-30,-0.912,
20/10/2025,2025-10-20,M+2,2025-12-01,2025-12-31,-0.925,
20/10/2025,2025-10-20,M+3,2026-01-01,2026-01-31,-0.934,
20/10/2025,2025-10-20,Q+1,2026-01-01,2026-03-31,-0.825,
20/10/2025,2025-10-20,Q+2,2026-04-01,2026-06-30,-0.666,
20/10/2025,2025-10-20,Q+3,2026-07-01,2026-09-30,-0.669,
20/10/2025,2025-10-20,Q+4,2026-10-01,2026-12-31,-0.694,
20/10/2025,2025-10-20,S,2027-04-01,2027-09-30,-0.64,
20/10/2025,2025-10-20,Y+1,2026-01-01,2026-12-31,-0.888,
20/10/2025,2025-10-20,Y+2,2027-01-01,2027-12-31,-0.75,
21/10/2025,2025-10-21,D+1,2025-10-22,2025-10-22,-0.896,32.29
21/10/2025,2025-10-21,D+2,2025-10-23,2025-10-23,-0.897,
21/10/2025,2025-10-21,D+3,2025-10-24,2025-10-24,-0.897,
21/10/2025,2025-10-21,W,2026-10-01,2027-03-31,-0.226,
21/10/2025,2025-10-21,BoM,2025-10-22,2025-10-31,-0.911,
21/10/2025,2025-10-21,M+1,2025-11-01,2025-11-30,-0.912,
21/10/2025,2025-10-21,M+2,2025-12-01,2025-12-31,-0.912,
21/10/2025,2025-10-21,M+3,2026-01-01,2026-01-31,-1.056,
21/10/2025,2025-10-21,Q+1,2026-01-01,2026-03-31,-0.8,
21/10/2025,2025-10-21,Q+2,2026-04-01,2026-06-30,-0.864,
21/10/2025,2025-10-21,Q+3,2026-07-01,2026-09-30,-0.877,
21/10/2025,2025-10-21,Q+4,2026-10-01,2026-12-31,-0.199,
21/10/2025,2025-10-21,S,2027-04-01,2027-09-30,-0.172,
21/10/2025,2025-10-21,Y+1,2026-01-01,2026-12-31,-0.875,
21/10/2025,2025-10-21,Y+2,2027-01-01,2027-12-31,-0.75,
22/10/2025,2025-10-22,D+1,2025-10-23,2025-10-23,-0.842,31.78
22/10/2025,2025-10-22,D+2,2025-10-24,2025-10-24,-0.845,
22/10/2025,2025-10-22,D+3,2025-10-25,2025-10-25,-0.848,
22/10/2025,2025-10-22,W,2026-10-01,2027-03-31,-1.01,
22/10/2025,2025-10-22,BoM,2025-10-23,2025-10-31,-0.853,
22/10/2025,2025-10-22,M+1,2025-11-01,2025-11-30,-0.912,
22/10/2025,2025-10-22,M+2,2025-12-01,2025-12-31,-0.912,
22/10/2025,2025-10-22,M+3,2026-01-01,2026-01-31,-0.682,
22/10/2025,2025-10-22,Q+1,2026-01-01,2026-03-31,-0.837,
22/10/2025,2025-10-22,Q+2,2026-04-01,2026-06-30,-0.756,
22/10/2025,2025-10-22,Q+3,2026-07-01,2026-09-30,-0.763,
22/10/2025,2025-10-22,Q+4,2026-10-01,2026-12-31,-0.981,
22/10/2025,2025-10-22,S,2027-04-01,2027-09-30,-0.887,
22/10/2025,2025-10-22,Y+1,2026-01-01,2026-12-31,-0.863,
22/10/2025,2025-10-22,Y+2,2027-01-01,2027-12-31,-0.75,
23/10/2025,2025-10-23,D+1,2025-10-24,2025-10-24,-0.773,32.41
23/10/2025,2025-10-23,D+2,2025-10-25,2025-10-25,-0.78,
23/10/2025,2025-10-23,D+3,2025-10-26,2025-10-26,-0.787,
23/10/2025,2025-10-23,W,2026-10-01,2027-03-31,-0.815,
23/10/2025,2025-10-23,BoM,2025-10-24,2025-10-31,-0.772,
23/10/2025,2025-10-23,M+1,2025-11-01,2025-11-30,-0.925,
23/10/2025,2025-10-23,M+2,2025-12-01,2025-12-31,-0.9,
23/10/2025,2025-10-23,M+3,2026-01-01,2026-01-31,-0.83,
23/10/2025,2025-10-23,Q+1,2026-01-01,2026-03-31,-0.837,
23/10/2025,2025-10-23,Q+2,2026-04-01,2026-06-30,-0.826,
23/10/2025,2025-10-23,Q+3,2026-07-01,2026-09-30,-0.838,
23/10/2025,2025-10-23,Q+4,2026-10-01,2026-12-31,-0.83,
23/10/2025,2025-10-23,S,2027-04-01,2027-09-30,-0.701,
23/10/2025,2025-10-23,Y+1,2026-01-01,2026-12-31,-0.875,
23/10/2025,2025-10-23,Y+2,2027-01-01,2027-12-31,-0.75,
24/10/2025,2025-10-24,D+1,2025-10-25,2025-10-25,-1.042,32.19
24/10/2025,2025-10-24,D+2,2025-10-26,2025-10-26,-1.037,
24/10/2025,2025-10-24,D+3,2025-10-27,2025-10-27,-1.033,
24/10/2025,2025-10-24,W,2026-10-01,2027-03-31,-0.733,
24/10/2025,2025-10-24,BoM,2025-10-25,2025-10-31,-1.027,
24/10/2025,2025-10-24,M+1,2025-11-01,2025-11-30,-0.95,
24/10/2025,2025-10-24,M+2,2025-12-01,2025-12-31,-0.9,
24/10/2025,2025-10-24,M+3,2026-01-01,2026-01-31,-0.687,
24/10/2025,2025-10-24,Q+1,2026-01-01,2026-03-31,-0.85,
24/10/2025,2025-10-24,Q+2,2026-04-01,2026-06-30,-0.805,
24/10/2025,2025-10-24,Q+3,2026-07-01,2026-09-30,-0.814,
24/10/2025,2025-10-24,Q+4,2026-10-01,2026-12-31,-1.029,
24/10/2025,2025-10-24,S,2027-04-01,2027-09-30,-0.361,
24/10/2025,2025-10-24,Y+1,2026-01-01,2026-12-31,-0.875,
24/10/2025,2025-10-24,Y+2,2027-01-01,2027-12-31,-0.75,
27/10/2025,2025-10-27,D+1,2025-10-28,2025-10-28,-0.732,31.43
27/10/2025,2025-10-27,D+2,2025-10-29,2025-10-29,-0.747,
27/10/2025,2025-10-27,D+3,2025-10-30,2025-10-30,-0.762,
27/10/2025,2025-10-27,W,2026-10-01,2027-03-31,-1.076,
27/10/2025,2025-10-27,BoM,2025-10-28,2025-10-31,-0.749,
27/10/2025,2025-10-27,M+1,2025-11-01,2025-11-30,-1.0,
27/10/2025,2025-10-27,M+2,2025-12-01,2025-12-31,-0.925,
27/10/2025,2025-10-27,M+3,2026-01-01,2026-01-31,-0.368,
27/10/2025,2025-10-27,Q+1,2026-01-01,2026-03-31,-0.85,
27/10/2025,2025-10-27,Q+2,2026-04-01,2026-06-30,-0.766,
27/10/2025,2025-10-27,Q+3,2026-07-01,2026-09-30,-0.803,
27/10/2025,2025-10-27,Q+4,2026-10-01,2026-12-31,-1.056,
27/10/2025,2025-10-27,S,2027-04-01,2027-09-30,-0.962,
27/10/2025,2025-10-27,Y+1,2026-01-01,2026-12-31,-0.85,
27/10/2025,2025-10-27,Y+2,2027-01-01,2027-12-31,-0.75,
28/10/2025,2025-10-28,D+1,2025-10-29,2025-10-29,-0.906,31.88
28/10/2025,2025-10-28,D+2,2025-10-30,2025-10-30,-0.912,
28/10/2025,2025-10-28,D+3,2025-10-31,2025-10-31,-0.917,
28/10/2025,2025-10-28,W,2026-10-01,2027-03-31,-1.092,
28/10/2025,2025-10-28,M+1,2025-11-01,2025-11-30,-1.0,
28/10/2025,2025-10-28,M+2,2025-12-01,2025-12-31,-0.925,
28/10/2025,2025-10-28,M+3,2026-01-01,2026-01-31,-0.719,
28/10/2025,2025-10-28,Q+1,2026-01-01,2026-03-31,-0.85,
28/10/2025,2025-10-28,Q+2,2026-04-01,2026-06-30,-0.827,
28/10/2025,2025-10-28,Q+3,2026-07-01,2026-09-30,-0.846,
28/10/2025,2025-10-28,Q+4,2026-10-01,2026-12-31,-1.116,
28/10/2025,2025-10-28,S,2027-04-01,2027-09-30,-0.963,
28/10/2025,2025-10-28,Y+1,2026-01-01,2026-12-31,-0.863,
28/10/2025,2025-10-28,Y+2,2027-01-01,2027-12-31,-0.75,
29/10/2025,2025-10-29,D+1,2025-10-30,2025-10-30,-0.36,31.74
29/10/2025,2025-10-29,D+2,2025-10-31,2025-10-31,-0.397,
29/10/2025,2025-10-29,D+3,2025-11-01,2025-11-01,-0.434,
29/10/2025,2025-10-29,W,2026-10-01,2027-03-31,-0.659,
29/10/2025,2025-10-29,M+1,2025-11-01,2025-11-30,-0.95,
29/10/2025,2025-10-29,M+2,2025-12-01,2025-12-31,-0.938,
29/10/2025,2025-10-29,M+3,2026-01-01,2026-01-31,-1.249,
29/10/2025,2025-10-29,Q+1,2026-01-01,2026-03-31,-0.825,
29/10/2025,2025-10-29,Q+2,2026-04-01,2026-06-30,-0.815,
29/10/2025,2025-10-29,Q+3,2026-07-01,2026-09-30,-0.817,
29/10/2025,2025-10-29,Q+4,2026-10-01,2026-12-31,-0.657,
29/10/2025,2025-10-29,S,2027-04-01,2027-09-30,-0.554,
29/10/2025,2025-10-29,Y+1,2026-01-01,2026-12-31,-0.875,
29/10/2025,2025-10-29,Y+2,2027-01-01,2027-12-31,-0.75,
30/10/2025,2025-10-30,D+1,2025-10-31,2025-10-31,-0.072,30.66
30/10/2025,2025-10-30,D+2,2025-11-01,2025-11-01,-0.132,
30/10/2025,2025-10-30,D+3,2025-11-02,2025-11-02,-0.192,
30/10/2025,2025-10-30,W,2026-10-01,2027-03-31,-0.15,
30/10/2025,2025-10-30,M+1,2025-11-01,2025-11-30,-0.975,
30/10/2025,2025-10-30,M+2,2025-12-01,2025-12-31,-0.9,
30/10/2025,2025-10-30,M+3,2026-01-01,2026-01-31,-0.558,
30/10/2025,2025-10-30,Q+1,2026-01-01,2026-03-31,-0.825,
30/10/2025,2025-10-30,Q+2,2026-04-01,2026-06-30,-0.848,
30/10/2025,2025-10-30,Q+3,2026-07-01,2026-09-30,-0.858,
30/10/2025,2025-10-30,Q+4,2026-10-01,2026-12-31,-0.162,
30/10/2025,2025-10-30,S,2027-04-01,2027-09-30,-0.124,
30/10/2025,2025-10-30,Y+1,2026-01-01,2026-12-31,-0.85,
30/10/2025,2025-10-30,Y+2,2027-01-01,2027-12-31,-0.75,
31/10/2025,2025-10-31,D+1,2025-11-01,2025-11-01,-0.07,29.94
31/10/2025,2025-10-31,D+2,2025-11-02,2025-11-02,-0.129,
31/10/2025,2025-10-31,D+3,2025-11-03,2025-11-03,-0.187,
31/10/2025,2025-10-31,W,2026-10-01,2027-03-31,-0.923,
31/10/2025,2025-10-31,M+1,2025-11-01,2025-11-30,-0.887,
31/10/2025,2025-10-31,M+2,2025-12-01,2025-12-31,-0.9,
31/10/2025,2025-10-31,M+3,2026-01-01,2026-01-31,-0.928,
31/10/2025,2025-10-31,Q+1,2026-01-01,2026-03-31,-0.837,
31/10/2025,2025-10-31,Q+2,2026-04-01,2026-06-30,-0.863,
31/10/2025,2025-10-31,Q+3,2026-07-01,2026-09-30,-0.86,
31/10/2025,2025-10-31,Q+4,2026-10-01,2026-12-31,-0.931,
31/10/2025,2025-10-31,S,2027-04-01,2027-09-30,-0.78,
31/10/2025,2025-10-31,Y+1,2026-01-01,2026-12-31,-0.85,
31/10/2025,2025-10-31,Y+2,2027-01-01,2027-12-31,-0.75,
03/11/2025,2025-11-03,D+1,2025-11-04,2025-11-04,-0.263,31.16
03/11/2025,2025-11-03,D+2,2025-11-05,2025-11-05,-0.279,
03/11/2025,2025-11-03,D+3,2025-11-06,2025-11-06,-0.294,
03/11/2025,2025-11-03,W,2026-10-01,2027-03-31,-0.783,
03/11/2025,2025-11-03,BoM,2025-11-04,2025-11-30,-0.443,
03/11/2025,2025-11-03,M+1,2025-12-01,2025-12-31,-0.912,
03/11/2025,2025-11-03,M+2,2026-01-01,2026-01-31,-0.825,
03/11/2025,2025-11-03,M+3,2026-02-01,2026-02-28,-0.732,
03/11/2025,2025-11-03,Q+1,2026-01-01,2026-03-31,-0.825,
03/11/2025,2025-11-03,Q+2,2026-04-01,2026-06-30,-0.898,
03/11/2025,2025-11-03,Q+3,2026-07-01,2026-09-30,-0.894,
03/11/2025,2025-11-03,Q+4,2026-10-01,2026-12-31,-0.782,
03/11/2025,2025-11-03,S,2027-04-01,2027-09-30,-0.684,
03/11/2025,2025-11-03,Y+1,2026-01-01,2026-12-31,-0.85,
03/11/2025,2025-11-03,Y+2,2027-01-01,2027-12-31,-0.75,
04/11/2025,2025-11-04,D+1,2025-11-05,2025-11-05,-0.58,31.99
04/11/2025,2025-11-04,D+2,2025-11-06,2025-11-06,-0.587,
04/11/2025,2025-11-04,D+3,2025-11-07,2025-11-07,-0.594,
04/11/2025,2025-11-04,W,2026-10-01,2027-03-31,-0.725,
04/11/2025,2025-11-04,BoM,2025-11-05,2025-11-30,-0.639,
04/11/2025,2025-11-04,M+1,2025-12-01,2025-12-31,-0.863,
04/11/2025,2025-11-04,M+2,2026-01-01,2026-01-31,-0.8,
04/11/2025,2025-11-04,M+3,2026-02-01,2026-02-28,-0.707,
04/11/2025,2025-11-04,Q+1,2026-01-01,2026-03-31,-0.825,
04/11/2025,2025-11-04,Q+2,2026-04-01,2026-06-30,-0.786,
04/11/2025,2025-11-04,Q+3,2026-07-01,2026-09-30,-0.797,
04/11/2025,2025-11-04,Q+4,2026-10-01,2026-12-31,-0.715,
04/11/2025,2025-11-04,S,2027-04-01,2027-09-30,-0.636,
04/11/2025,2025-11-04,Y+1,2026-01-01,2026-12-31,-0.825,
04/11/2025,2025-11-04,Y+2,2027-01-01,2027-12-31,-0.75,
05/11/2025,2025-11-05,D+1,2025-11-06,2025-11-06,-0.716,31.55
05/11/2025,2025-11-05,D+2,2025-11-07,2025-11-07,-0.719,
05/11/2025,2025-11-05,D+3,2025-11-08,2025-11-08,-0.723,
05/11/2025,2025-11-05,W,2026-10-01,2027-03-31,-0.951,
05/11/2025,2025-11-05,BoM,2025-11-06,2025-11-30,-0.744,
05/11/2025,2025-11-05,M+1,2025-12-01,2025-12-31,-0.85,
05/11/2025,2025-11-05,M+2,2026-01-01,2026-01-31,-0.8,
05/11/2025,2025-11-05,M+3,2026-02-01,2026-02-28,-0.523,
05/11/2025,2025-11-05,Q+1,2026-01-01,2026-03-31,-0.825,
05/11/2025,2025-11-05,Q+2,2026-04-01,2026-06-30,-0.818,
05/11/2025,2025-11-05,Q+3,2026-07-01,2026-09-30,-0.822,
05/11/2025,2025-11-05,Q+4,2026-10-01,2026-12-31,-0.94,
05/11/2025,2025-11-05,S,2027-04-01,2027-09-30,-0.827,
05/11/2025,2025-11-05,Y+1,2026-01-01,2026-12-31,-0.825,
05/11/2025,2025-11-05,Y+2,2027-01-01,2027-12-31,-0.75,
06/11/2025,2025-11-06,D+1,2025-11-07,2025-11-07,-0.848,31.52
06/11/2025,2025-11-06,D+2,2025-11-08,2025-11-08,-0.848,
06/11/2025,2025-11-06,D+3,2025-11-09,2025-11-09,-0.849,
06/11/2025,2025-11-06,W,2026-10-01,2027-03-31,-1.078,
06/11/2025,2025-11-06,BoM,2025-11-07,2025-11-30,-0.791,
06/11/2025,2025-11-06,M+1,2025-12-01,2025-12-31,-0.863,
06/11/2025,2025-11-06,M+2,2026-01-01,2026-01-31,-0.8,
06/11/2025,2025-11-06,M+3,2026-02-01,2026-02-28,-0.589,
06/11/2025,2025-11-06,Q+1,2026-01-01,2026-03-31,-0.8,
06/11/2025,2025-11-06,Q+2,2026-04-01,2026-06-30,-0.812,
06/11/2025,2025-11-06,Q+3,2026-07-01,2026-09-30,-0.763,
06/11/2025,2025-11-06,Q+4,2026-10-01,2026-12-31,-1.098,
06/11/2025,2025-11-06,S,2027-04-01,2027-09-30,-0.926,
06/11/2025,2025-11-06,Y+1,2026-01-01,2026-12-31,-0.825,
06/11/2025,2025-11-06,Y+2,2027-01-01,2027-12-31,-0.75,
07/11/2025,2025-11-07,D+1,2025-11-08,2025-11-08,-0.905,31.2
07/11/2025,2025-11-07,D+2,2025-11-09,2025-11-09,-0.904,
07/11/2025,2025-11-07,D+3,2025-11-10,2025-11-10,-0.903,
07/11/2025,2025-11-07,W,2026-10-01,2027-03-31,-0.864,
07/11/2025,2025-11-07,BoM,2025-11-08,2025-11-30,-0.856,
07/11/2025,2025-11-07,M+1,2025-12-01,2025-12-31,-0.875,
07/11/2025,2025-11-07,M+2,2026-01-01,2026-01-31,-0.725,
07/11/2025,2025-11-07,M+3,2026-02-01,2026-02-28,-0.768,
07/11/2025,2025-11-07,Q+1,2026-01-01,2026-03-31,-0.775,
07/11/2025,2025-11-07,Q+2,2026-04-01,2026-06-30,-0.793,
07/11/2025,2025-11-07,Q+3,2026-07-01,2026-09-30,-0.793,
07/11/2025,2025-11-07,Q+4,2026-10-01,2026-12-31,-0.877,
07/11/2025,2025-11-07,S,2027-04-01,2027-09-30,-0.764,
07/11/2025,2025-11-07,Y+1,2026-01-01,2026-12-31,-0.825,
07/11/2025,2025-11-07,Y+2,2027-01-01,2027-12-31,-0.75,
10/11/2025,2025-11-10,D+1,2025-11-11,2025-11-11,-0.112,30.34
10/11/2025,2025-11-10,D+2,2025-11-12,2025-11-12,-0.132,
10/11/2025,2025-11-10,D+3,2025-11-13,2025-11-13,-0.152,
10/11/2025,2025-11-10,W,2026-10-01,2027-03-31,-0.455,
10/11/2025,2025-11-10,BoM,2025-11-11,2025-11-30,-0.196,
10/11/2025,2025-11-10,M+1,2025-12-01,2025-12-31,-0.8,
10/11/2025,2025-11-10,M+2,2026-01-01,2026-01-31,-0.447,
10/11/2025,2025-11-10,M+3,2026-02-01,2026-02-28,-0.467,
10/11/2025,2025-11-10,Q+1,2026-01-01,2026-03-31,-0.837,
10/11/2025,2025-11-10,Q+2,2026-04-01,2026-06-30,-0.44,
10/11/2025,2025-11-10,Q+3,2026-07-01,2026-09-30,-0.439,
10/11/2025,2025-11-10,Q+4,2026-10-01,2026-12-31,-0.458,
10/11/2025,2025-11-10,S,2027-04-01,2027-09-30,-0.377,
10/11/2025,2025-11-10,Y+1,2026-01-01,2026-12-31,-0.85,
10/11/2025,2025-11-10,Y+2,2027-01-01,2027-12-31,-0.75,
11/11/2025,2025-11-11,D+1,2025-11-12,2025-11-12,0.141,30.01
11/11/2025,2025-11-11,D+2,2025-11-13,2025-11-13,0.115,
11/11/2025,2025-11-11,D+3,2025-11-14,2025-11-14,0.089,
11/11/2025,2025-11-11,W,2026-10-01,2027-03-31,-0.525,
11/11/2025,2025-11-11,BoM,2025-11-12,2025-11-30,-0.06,
11/11/2025,2025-11-11,M+1,2025-12-01,2025-12-31,-0.725,
11/11/2025,2025-11-11,M+2,2026-01-01,2026-01-31,-0.688,
11/11/2025,2025-11-11,M+3,2026-02-01,2026-02-28,-0.566,
11/11/2025,2025-11-11,Q+1,2026-01-01,2026-03-31,-0.725,
11/11/2025,2025-11-11,Q+2,2026-04-01,2026-06-30,-0.71,
11/11/2025,2025-11-11,Q+3,2026-07-01,2026-09-30,-0.712,
11/11/2025,2025-11-11,Q+4,2026-10-01,2026-12-31,-0.523,
11/11/2025,2025-11-11,S,2027-04-01,2027-09-30,-0.458,
11/11/2025,2025-11-11,Y+1,2026-01-01,2026-12-31,-0.8,
11/11/2025,2025-11-11,Y+2,2027-01-01,2027-12-31,-0.75,
12/11/2025,2025-11-12,D+1,2025-11-13,2025-11-13,-0.31,30.12
12/11/2025,2025-11-12,D+2,2025-11-14,2025-11-14,-0.322,
12/11/2025,2025-11-12,D+3,2025-11-15,2025-11-15,-0.335,
12/11/2025,2025-11-12,W,2026-10-01,2027-03-31,-0.738,
12/11/2025,2025-11-12,BoM,2025-11-13,2025-11-30,-0.378,
12/11/2025,2025-11-12,M+1,2025-12-01,2025-12-31,-0.712,
12/11/2025,2025-11-12,M+2,2026-01-01,2026-01-31,-0.6,
12/11/2025,2025-11-12,M+3,2026-02-01,2026-02-28,-0.379,
12/11/2025,2025-11-12,Q+1,2026-01-01,2026-03-31,-0.675,
12/11/2025,2025-11-12,Q+2,2026-04-01,2026-06-30,-0.61,
12/11/2025,2025-11-12,Q+3,2026-07-01,2026-09-30,-0.603,
12/11/2025,2025-11-12,Q+4,2026-10-01,2026-12-31,-0.732,
12/11/2025,2025-11-12,S,2027-04-01,2027-09-30,-0.672,
12/11/2025,2025-11-12,Y+1,2026-01-01,2026-12-31,-0.775,
12/11/2025,2025-11-12,Y+2,2027-01-01,2027-12-31,-0.75,
13/11/2025,2025-11-13,D+1,2025-11-14,2025-11-14,-0.514,29.93
13/11/2025,2025-11-13,D+2,2025-11-15,2025-11-15,-0.518,
13/11/2025,2025-11-13,D+3,2025-11-16,2025-11-16,-0.521,
13/11/2025,2025-11-13,W,2026-10-01,2027-03-31,-0.678,
13/11/2025,2025-11-13,BoM,2025-11-14,2025-11-30,-0.538,
13/11/2025,2025-11-13,M+1,2025-12-01,2025-12-31,-0.625,
13/11/2025,2025-11-13,M+2,2026-01-01,2026-01-31,-0.6,
13/11/2025,2025-11-13,M+3,2026-02-01,2026-02-28,-0.628,
13/11/2025,2025-11-13,Q+1,2026-01-01,2026-03-31,-0.675,
13/11/2025,2025-11-13,Q+2,2026-04-01,2026-06-30,-0.715,
13/11/2025,2025-11-13,Q+3,2026-07-01,2026-09-30,-0.71,
13/11/2025,2025-11-13,Q+4,2026-10-01,2026-12-31,-0.676,
13/11/2025,2025-11-13,S,2027-04-01,2027-09-30,-0.591,
13/11/2025,2025-11-13,Y+1,2026-01-01,2026-12-31,-0.8,
13/11/2025,2025-11-13,Y+2,2027-01-01,2027-12-31,-0.75,
14/11/2025,2025-11-14,D+1,2025-11-15,2025-11-15,-0.299,30.86
14/11/2025,2025-11-14,D+2,2025-11-16,2025-11-16,-0.309,
14/11/2025,2025-11-14,D+3,2025-11-17,2025-11-17,-0.32,
14/11/2025,2025-11-14,W,2026-10-01,2027-03-31,-0.642,
14/11/2025,2025-11-14,BoM,2025-11-15,2025-11-30,-0.384,
14/11/2025,2025-11-14,M+1,2025-12-01,2025-12-31,-0.625,
14/11/2025,2025-11-14,M+2,2026-01-01,2026-01-31,-0.662,
14/11/2025,2025-11-14,M+3,2026-02-01,2026-02-28,-0.737,
14/11/2025,2025-11-14,Q+1,2026-01-01,2026-03-31,-0.675,
14/11/2025,2025-11-14,Q+2,2026-04-01,2026-06-30,-0.766,
14/11/2025,2025-11-14,Q+3,2026-07-01,2026-09-30,-0.811,
14/11/2025,2025-11-14,Q+4,2026-10-01,2026-12-31,-0.658,
14/11/2025,2025-11-14,S,2027-04-01,2027-09-30,-0.587,
14/11/2025,2025-11-14,Y+1,2026-01-01,2026-12-31,-0.8,
14/11/2025,2025-11-14,Y+2,2027-01-01,2027-12-31,-0.75,
17/11/2025,2025-11-17,D+1,2025-11-18,2025-11-18,-0.55,31.49
17/11/2025,2025-11-17,D+2,2025-11-19,2025-11-19,-0.554,
17/11/2025,2025-11-17,D+3,2025-11-20,2025-11-20,-0.557,
17/11/2025,2025-11-17,W,2026-10-01,2027-03-31,-0.696,
17/11/2025,2025-11-17,BoM,2025-11-18,2025-11-30,-0.584,
17/11/2025,2025-11-17,M+1,2025-12-01,2025-12-31,-0.65,
17/11/2025,2025-11-17,M+2,2026-01-01,2026-01-31,-0.65,
17/11/2025,2025-11-17,M+3,2026-02-01,2026-02-28,-0.571,
17/11/2025,2025-11-17,Q+1,2026-01-01,2026-03-31,-0.675,
17/11/2025,2025-11-17,Q+2,2026-04-01,2026-06-30,-0.656,
17/11/2025,2025-11-17,Q+3,2026-07-01,2026-09-30,-0.656,
17/11/2025,2025-11-17,Q+4,2026-10-01,2026-12-31,-0.685,
17/11/2025,2025-11-17,S,2027-04-01,2027-09-30,-0.589,
17/11/2025,2025-11-17,Y+1,2026-01-01,2026-12-31,-0.8,
17/11/2025,2025-11-17,Y+2,2027-01-01,2027-12-31,-0.75,
18/11/2025,2025-11-18,D+1,2025-11-19,2025-11-19,-0.566,31.65
18/11/2025,2025-11-18,D+2,2025-11-20,2025-11-20,-0.57,
18/11/2025,2025-11-18,D+3,2025-11-21,2025-11-21,-0.574,
18/11/2025,2025-11-18,W,2026-10-01,2027-03-31,-0.805,
18/11/2025,2025-11-18,BoM,2025-11-19,2025-11-30,-0.582,
18/11/2025,2025-11-18,M+1,2025-12-01,2025-12-31,-0.675,
18/11/2025,2025-11-18,M+2,2026-01-01,2026-01-31,-0.662,
18/11/2025,2025-11-18,M+3,2026-02-01,2026-02-28,-0.674,
18/11/2025,2025-11-18,Q+1,2026-01-01,2026-03-31,-0.675,
18/11/2025,2025-11-18,Q+2,2026-04-01,2026-06-30,-0.719,
18/11/2025,2025-11-18,Q+3,2026-07-01,2026-09-30,-0.73,
18/11/2025,2025-11-18,Q+4,2026-10-01,2026-12-31,-0.832,
18/11/2025,2025-11-18,S,2027-04-01,2027-09-30,-0.746,
18/11/2025,2025-11-18,Y+1,2026-01-01,2026-12-31,-0.8,
18/11/2025,2025-11-18,Y+2,2027-01-01,2027-12-31,-0.75,
19/11/2025,2025-11-19,D+1,2025-11-20,2025-11-20,-0.54,30.96
19/11/2025,2025-11-19,D+2,2025-11-21,2025-11-21,-0.544,
19/11/2025,2025-11-19,D+3,2025-11-22,2025-11-22,-0.549,
19/11/2025,2025-11-19,W,2026-10-01,2027-03-31,-0.98,
19/11/2025,2025-11-19,BoM,2025-11-20,2025-11-30,-0.545,
19/11/2025,2025-11-19,M+1,2025-12-01,2025-12-31,-0.65,
19/11/2025,2025-11-19,M+2,2026-01-01,2026-01-31,-0.637,
19/11/2025,2025-11-19,M+3,2026-02-01,2026-02-28,-0.476,
19/11/2025,2025-11-19,Q+1,2026-01-01,2026-03-31,-0.65,
19/11/2025,2025-11-19,Q+2,2026-04-01,2026-06-30,-0.692,
19/11/2025,2025-11-19,Q+3,2026-07-01,2026-09-30,-0.706,
19/11/2025,2025-11-19,Q+4,2026-10-01,2026-12-31,-0.972,
19/11/2025,2025-11-19,S,2027-04-01,2027-09-30,-0.829,
19/11/2025,2025-11-19,Y+1,2026-01-01,2026-12-31,-0.8,
19/11/2025,2025-11-19,Y+2,2027-01-01,2027-12-31,-0.75,
20/11/2025,2025-11-20,D+1,2025-11-21,2025-11-21,-0.833,31.26
20/11/2025,2025-11-20,D+2,2025-11-22,2025-11-22,-0.826,
20/11/2025,2025-11-20,D+3,2025-11-23,2025-11-23,-0.818,
20/11/2025,2025-11-20,W,2026-10-01,2027-03-31,-0.703,
20/11/2025,2025-11-20,BoM,2025-11-21,2025-11-30,-0.773,
20/11/2025,2025-11-20,M+1,2025-12-01,2025-12-31,-0.65,
20/11/2025,2025-11-20,M+2,2026-01-01,2026-01-31,-0.675,
20/11/2025,2025-11-20,M+3,2026-02-01,2026-02-28,-0.025,
20/11/2025,2025-11-20,Q+1,2026-01-01,2026-03-31,-0.7,
20/11/2025,2025-11-20,Q+2,2026-04-01,2026-06-30,-0.662,
20/11/2025,2025-11-20,Q+3,2026-07-01,2026-09-30,-0.66,
20/11/2025,2025-11-20,Q+4,2026-10-01,2026-12-31,-0.705,
20/11/2025,2025-11-20,S,2027-04-01,2027-09-30,-0.629,
20/11/2025,2025-11-20,Y+1,2026-01-01,2026-12-31,-0.812,
20/11/2025,2025-11-20,Y+2,2027-01-01,2027-12-31,-0.75,
21/11/2025,2025-11-21,D+1,2025-11-22,2025-11-22,-0.501,30.32
21/11/2025,2025-11-21,D+2,2025-11-23,2025-11-23,-0.508,
21/11/2025,2025-11-21,D+3,2025-11-24,2025-11-24,-0.514,
21/11/2025,2025-11-21,W,2026-10-01,2027-03-31,-0.606,
21/11/2025,2025-11-21,BoM,2025-11-22,2025-11-30,-0.522,
21/11/2025,2025-11-21,M+1,2025-12-01,2025-12-31,-0.65,
21/11/2025,2025-11-21,M+2,2026-01-01,2026-01-31,-0.662,
21/11/2025,2025-11-21,M+3,2026-02-01,2026-02-28,-0.535,
21/11/2025,2025-11-21,Q+1,2026-01-01,2026-03-31,-0.65,
21/11/2025,2025-11-21,Q+2,2026-04-01,2026-06-30,-0.527,
21/11/2025,2025-11-21,Q+3,2026-07-01,2026-09-30,-0.764,
21/11/2025,2025-11-21,Q+4,2026-10-01,2026-12-31,-0.598,
21/11/2025,2025-11-21,S,2027-04-01,2027-09-30,-0.544,
21/11/2025,2025-11-21,Y+1,2026-01-01,2026-12-31,-0.75,
21/11/2025,2025-11-21,Y+2,2027-01-01,2027-12-31,-0.75,
24/11/2025,2025-11-24,D+1,2025-11-25,2025-11-25,-0.65,30.02
24/11/2025,2025-11-24,D+2,2025-11-26,2025-11-26,-0.65,
24/11/2025,2025-11-24,D+3,2025-11-27,2025-11-27,-0.65,
24/11/2025,2025-11-24,W,2026-10-01,2027-03-31,-0.791,
24/11/2025,2025-11-24,BoM,2025-11-25,2025-11-30,-0.632,
24/11/2025,2025-11-24,M+1,2025-12-01,2025-12-31,-0.65,
24/11/2025,2025-11-24,M+2,2026-01-01,2026-01-31,-0.662,
24/11/2025,2025-11-24,M+3,2026-02-01,2026-02-28,-0.453,
24/11/2025,2025-11-24,Q+1,2026-01-01,2026-03-31,-0.625,
24/11/2025,2025-11-24,Q+2,2026-04-01,2026-06-30,-0.569,
24/11/2025,2025-11-24,Q+3,2026-07-01,2026-09-30,-0.588,
24/11/2025,2025-11-24,Q+4,2026-10-01,2026-12-31,-0.797,
24/11/2025,2025-11-24,S,2027-04-01,2027-09-30,-0.682,
24/11/2025,2025-11-24,Y+1,2026-01-01,2026-12-31,-0.75,
24/11/2025,2025-11-24,Y+2,2027-01-01,2027-12-31,-0.75,
25/11/2025,2025-11-25,D+1,2025-11-26,2025-11-26,-0.59,29.82
25/11/2025,2025-11-25,D+2,2025-11-27,2025-11-27,-0.593,
25/11/2025,2025-11-25,D+3,2025-11-28,2025-11-28,-0.596,
25/11/2025,2025-11-25,W,2026-10-01,2027-03-31,-0.971,
25/11/2025,2025-11-25,BoM,2025-11-26,2025-11-30,-0.588,
25/11/2025,2025-11-25,M+1,2025-12-01,2025-12-31,-0.65,
25/11/2025,2025-11-25,M+2,2026-01-01,2026-01-31,-0.6,
25/11/2025,2025-11-25,M+3,2026-02-01,2026-02-28,-0.492,
25/11/2025,2025-11-25,Q+1,2026-01-01,2026-03-31,-0.65,
25/11/2025,2025-11-25,Q+2,2026-04-01,2026-06-30,-0.656,
25/11/2025,2025-11-25,Q+3,2026-07-01,2026-09-30,-0.659,
25/11/2025,2025-11-25,Q+4,2026-10-01,2026-12-31,-0.957,
25/11/2025,2025-11-25,S,2027-04-01,2027-09-30,-0.859,
25/11/2025,2025-11-25,Y+1,2026-01-01,2026-12-31,-0.7,
25/11/2025,2025-11-25,Y+2,2027-01-01,2027-12-31,-0.75,
26/11/2025,2025-11-26,D+1,2025-11-27,2025-11-27,-0.375,29.5
26/11/2025,2025-11-26,D+2,2025-11-28,2025-11-28,-0.385,
26/11/2025,2025-11-26,D+3,2025-11-29,2025-11-29,-0.395,
26/11/2025,2025-11-26,W,2026-10-01,2027-03-31,-0.805,
26/11/2025,2025-11-26,BoM,2025-11-27,2025-11-30,-0.376,
26/11/2025,2025-11-26,M+1,2025-12-01,2025-12-31,-0.562,
26/11/2025,2025-11-26,M+2,2026-01-01,2026-01-31,-0.625,
26/11/2025,2025-11-26,M+3,2026-02-01,2026-02-28,-0.711,
26/11/2025,2025-11-26,Q+1,2026-01-01,2026-03-31,-0.65,
26/11/2025,2025-11-26,Q+2,2026-04-01,2026-06-30,-0.651,
26/11/2025,2025-11-26,Q+3,2026-07-01,2026-09-30,-0.652,
26/11/2025,2025-11-26,Q+4,2026-10-01,2026-12-31,-0.792,
26/11/2025,2025-11-26,S,2027-04-01,2027-09-30,-0.711,
26/11/2025,2025-11-26,Y+1,2026-01-01,2026-12-31,-0.7,
26/11/2025,2025-11-26,Y+2,2027-01-01,2027-12-31,-0.75,
27/11/2025,2025-11-27,D+1,2025-11-28,2025-11-28,-0.117,28.94
27/11/2025,2025-11-27,D+2,2025-11-29,2025-11-29,-0.14,
27/11/2025,2025-11-27,D+3,2025-11-30,2025-11-30,-0.162,
27/11/2025,2025-11-27,W,2026-10-01,2027-03-31,-0.789,
27/11/2025,2025-11-27,M+1,2025-12-01,2025-12-31,-0.512,
27/11/2025,2025-11-27,M+2,2026-01-01,2026-01-31,-0.65,
27/11/2025,2025-11-27,M+3,2026-02-01,2026-02-28,-0.454,
27/11/2025,2025-11-27,Q+1,2026-01-01,2026-03-31,-0.65,
27/11/2025,2025-11-27,Q+2,2026-04-01,2026-06-30,-0.6,
27/11/2025,2025-11-27,Q+3,2026-07-01,2026-09-30,-0.599,
27/11/2025,2025-11-27,Q+4,2026-10-01,2026-12-31,-0.791,
27/11/2025,2025-11-27,S,2027-04-01,2027-09-30,-0.698,
27/11/2025,2025-11-27,Y+1,2026-01-01,2026-12-31,-0.7,
27/11/2025,2025-11-27,Y+2,2027-01-01,2027-12-31,-0.75,
28/11/2025,2025-11-28,D+1,2025-11-29,2025-11-29,0.365,28.65
28/11/2025,2025-11-28,D+2,2025-11-30,2025-11-30,0.311,
28/11/2025,2025-11-28,D+3,2025-12-01,2025-12-01,0.257,
28/11/2025,2025-11-28,W,2026-10-01,2027-03-31,-0.535,
28/11/2025,2025-11-28,M+1,2025-12-01,2025-12-31,-0.525,
28/11/2025,2025-11-28,M+2,2026-01-01,2026-01-31,-0.613,
28/11/2025,2025-11-28,M+3,2026-02-01,2026-02-28,-0.586,
28/11/2025,2025-11-28,Q+1,2026-01-01,2026-03-31,-0.65,
28/11/2025,2025-11-28,Q+2,2026-04-01,2026-06-30,-0.601,
28/11/2025,2025-11-28,Q+3,2026-07-01,2026-09-30,-0.601,
28/11/2025,2025-11-28,Q+4,2026-10-01,2026-12-31,-0.864,
28/11/2025,2025-11-28,S,2027-04-01,2027-09-30,-0.207,
28/11/2025,2025-11-28,Y+1,2026-01-01,2026-12-31,-0.688,
28/11/2025,2025-11-28,Y+2,2027-01-01,2027-12-31,-0.75,
01/12/2025,2025-12-01,D+1,2025-12-02,2025-12-02,-0.283,28.43
01/12/2025,2025-12-01,D+2,2025-12-03,2025-12-03,-0.289,
01/12/2025,2025-12-01,D+3,2025-12-04,2025-12-04,-0.296,
01/12/2025,2025-12-01,W,2026-10-01,2027-03-31,-0.826,
01/12/2025,2025-12-01,BoM,2025-12-02,2025-12-31,-0.324,
01/12/2025,2025-12-01,M+1,2026-01-01,2026-01-31,-0.562,
01/12/2025,2025-12-01,M+2,2026-02-01,2026-02-28,-0.55,
01/12/2025,2025-12-01,M+3,2026-03-01,2026-03-31,-0.605,
01/12/2025,2025-12-01,Q+1,2026-01-01,2026-03-31,-0.6,
01/12/2025,2025-12-01,Q+2,2026-04-01,2026-06-30,-0.629,
01/12/2025,2025-12-01,Q+3,2026-07-01,2026-09-30,-0.644,
01/12/2025,2025-12-01,Q+4,2026-10-01,2026-12-31,-0.798,
01/12/2025,2025-12-01,S,2027-04-01,2027-09-30,-0.877,
01/12/2025,2025-12-01,Y+1,2026-01-01,2026-12-31,-0.7,
01/12/2025,2025-12-01,Y+2,2027-01-01,2027-12-31,-0.75,
02/12/2025,2025-12-02,D+1,2025-12-03,2025-12-03,-0.66,28.35
02/12/2025,2025-12-02,D+2,2025-12-04,2025-12-04,-0.657,
02/12/2025,2025-12-02,D+3,2025-12-05,2025-12-05,-0.654,
02/12/2025,2025-12-02,W,2026-10-01,2027-03-31,-0.406,
02/12/2025,2025-12-02,BoM,2025-12-03,2025-12-31,-0.77,
02/12/2025,2025-12-02,M+1,2026-01-01,2026-01-31,-0.525,
02/12/2025,2025-12-02,M+2,2026-02-01,2026-02-28,-0.55,
02/12/2025,2025-12-02,M+3,2026-03-01,2026-03-31,-0.959,
02/12/2025,2025-12-02,Q+1,2026-01-01,2026-03-31,-0.6,
02/12/2025,2025-12-02,Q+2,2026-04-01,2026-06-30,-0.674,
02/12/2025,2025-12-02,Q+3,2026-07-01,2026-09-30,-0.689,
02/12/2025,2025-12-02,Q+4,2026-10-01,2026-12-31,-0.333,
02/12/2025,2025-12-02,S,2027-04-01,2027-09-30,-0.422,
02/12/2025,2025-12-02,Y+1,2026-01-01,2026-12-31,-0.7,
02/12/2025,2025-12-02,Y+2,2027-01-01,2027-12-31,-0.75,
03/12/2025,2025-12-03,D+1,2025-12-04,2025-12-04,-0.314,28.35
03/12/2025,2025-12-03,D+2,2025-12-05,2025-12-05,-0.319,
03/12/2025,2025-12-03,D+3,2025-12-06,2025-12-06,-0.324,
03/12/2025,2025-12-03,W,2026-10-01,2027-03-31,-0.468,
03/12/2025,2025-12-03,BoM,2025-12-04,2025-12-31,-0.329,
03/12/2025,2025-12-03,M+1,2026-01-01,2026-01-31,-0.525,
03/12/2025,2025-12-03,M+2,2026-02-01,2026-02-28,-0.6,
03/12/2025,2025-12-03,M+3,2026-03-01,2026-03-31,-0.757,
03/12/2025,2025-12-03,Q+1,2026-01-01,2026-03-31,-0.575,
03/12/2025,2025-12-03,Q+2,2026-04-01,2026-06-30,-0.777,
03/12/2025,2025-12-03,Q+3,2026-07-01,2026-09-30,-0.803,
03/12/2025,2025-12-03,Q+4,2026-10-01,2026-12-31,-0.221,
03/12/2025,2025-12-03,S,2027-04-01,2027-09-30,-0.615,
03/12/2025,2025-12-03,Y+1,2026-01-01,2026-12-31,-0.725,
03/12/2025,2025-12-03,Y+2,2027-01-01,2027-12-31,-0.75,
04/12/2025,2025-12-04,D+1,2025-12-05,2025-12-05,-0.204,27.12
04/12/2025,2025-12-04,D+2,2025-12-06,2025-12-06,-0.211,
04/12/2025,2025-12-04,D+3,2025-12-07,2025-12-07,-0.218,
04/12/2025,2025-12-04,W,2026-10-01,2027-03-31,-0.675,
04/12/2025,2025-12-04,BoM,2025-12-05,2025-12-31,-0.264,
04/12/2025,2025-12-04,M+1,2026-01-01,2026-01-31,-0.487,
04/12/2025,2025-12-04,M+2,2026-02-01,2026-02-28,-0.6,
04/12/2025,2025-12-04,M+3,2026-03-01,2026-03-31,-0.284,
04/12/2025,2025-12-04,Q+1,2026-01-01,2026-03-31,-0.575,
04/12/2025,2025-12-04,Q+2,2026-04-01,2026-06-30,-0.719,
04/12/2025,2025-12-04,Q+3,2026-07-01,2026-09-30,-0.73,
04/12/2025,2025-12-04,Q+4,2026-10-01,2026-12-31,-0.666,
04/12/2025,2025-12-04,S,2027-04-01,2027-09-30,-0.617,
04/12/2025,2025-12-04,Y+1,2026-01-01,2026-12-31,-0.725,
04/12/2025,2025-12-04,Y+2,2027-01-01,2027-12-31,-0.75,
05/12/2025,2025-12-05,D+1,2025-12-06,2025-12-06,-0.211,27.49
05/12/2025,2025-12-05,D+2,2025-12-07,2025-12-07,-0.26,
05/12/2025,2025-12-05,D+3,2025-12-08,2025-12-08,-0.264,
05/12/2025,2025-12-05,W,2026-10-01,2027-03-31,-0.675,
05/12/2025,2025-12-05,BoM,2025-12-06,2025-12-31,-0.264,
05/12/2025,2025-12-05,M+1,2026-01-01,2026-01-31,-0.4,
05/12/2025,2025-12-05,M+2,2026-02-01,2026-02-28,-0.425,
05/12/2025,2025-12-05,M+3,2026-03-01,2026-03-31,-0.284,
05/12/2025,2025-12-05,Q+1,2026-01-01,2026-03-31,-0.55,
05/12/2025,2025-12-05,Q+2,2026-04-01,2026-06-30,-0.719,
05/12/2025,2025-12-05,Q+3,2026-07-01,2026-09-30,-0.73,
05/12/2025,2025-12-05,Q+4,2026-10-01,2026-12-31,-0.666,
05/12/2025,2025-12-05,S,2027-04-01,2027-09-30,-0.617,
05/12/2025,2025-12-05,Y+1,2026-01-01,2026-12-31,-0.72,
05/12/2025,2025-12-05,Y+2,2027-01-01,2027-12-31,-0.75,
08/12/2025,2025-12-08,D+1,2025-12-09,2025-12-09,0.3,26.41
08/12/2025,2025-12-08,D+2,2025-12-10,2025-12-10,0.287,
08/12/2025,2025-12-08,D+3,2025-12-11,2025-12-11,0.275,
08/12/2025,2025-12-08,W,2026-10-01,2027-03-31,-0.188,
08/12/2025,2025-12-08,BoM,2025-12-09,2025-12-31,0.169,
08/12/2025,2025-12-08,M+1,2026-01-01,2026-01-31,-0.17,
08/12/2025,2025-12-08,M+2,2026-02-01,2026-02-28,-0.178,
08/12/2025,2025-12-08,M+3,2026-03-01,2026-03-31,-0.176,
08/12/2025,2025-12-08,Q+1,2026-01-01,2026-03-31,-0.65,
08/12/2025,2025-12-08,Q+2,2026-04-01,2026-06-30,-0.178,
08/12/2025,2025-12-08,Q+3,2026-07-01,2026-09-30,-0.179,
08/12/2025,2025-12-08,Q+4,2026-10-01,2026-12-31,-0.197,
08/12/2025,2025-12-08,S,2027-04-01,2027-09-30,-0.172,
08/12/2025,2025-12-08,Y+1,2026-01-01,2026-12-31,-0.75,
08/12/2025,2025-12-08,Y+2,2027-01-01,2027-12-31,-0.75,
09/12/2025,2025-12-09,D+1,2025-12-10,2025-12-10,-0.116,27.39
09/12/2025,2025-12-09,D+2,2025-12-11,2025-12-11,-0.124,
09/12/2025,2025-12-09,D+3,2025-12-12,2025-12-12,-0.132,
09/12/2025,2025-12-09,W,2026-10-01,2027-03-31,-0.246,
09/12/2025,2025-12-09,BoM,2025-12-10,2025-12-31,-0.175,
09/12/2025,2025-12-09,M+1,2026-01-01,2026-01-31,-0.4,
09/12/2025,2025-12-09,M+2,2026-02-01,2026-02-28,-0.5,
09/12/2025,2025-12-09,M+3,2026-03-01,2026-03-31,-0.359,
09/12/2025,2025-12-09,Q+1,2026-01-01,2026-03-31,-0.55,
09/12/2025,2025-12-09,Q+2,2026-04-01,2026-06-30,-0.692,
09/12/2025,2025-12-09,Q+3,2026-07-01,2026-09-30,-0.691,
09/12/2025,2025-12-09,Q+4,2026-10-01,2026-12-31,-0.165,
09/12/2025,2025-12-09,S,2027-04-01,2027-09-30,-0.332,
09/12/2025,2025-12-09,Y+1,2026-01-01,2026-12-31,-0.7,
09/12/2025,2025-12-09,Y+2,2027-01-01,2027-12-31,-0.75,
10/12/2025,2025-12-10,D+1,2025-12-11,2025-12-11,-0.17,26.71
10/12/2025,2025-12-10,D+2,2025-12-12,2025-12-12,-0.176,
10/12/2025,2025-12-10,D+3,2025-12-13,2025-12-13,-0.183,
10/12/2025,2025-12-10,W,2026-10-01,2027-03-31,-0.777,
10/12/2025,2025-12-10,BoM,2025-12-11,2025-12-31,-0.22,
10/12/2025,2025-12-10,M+1,2026-01-01,2026-01-31,-0.4,
10/12/2025,2025-12-10,M+2,2026-02-01,2026-02-28,-0.488,
10/12/2025,2025-12-10,M+3,2026-03-01,2026-03-31,0.059,
10/12/2025,2025-12-10,Q+1,2026-01-01,2026-03-31,-0.45,
10/12/2025,2025-12-10,Q+2,2026-04-01,2026-06-30,-0.647,
10/12/2025,2025-12-10,Q+3,2026-07-01,2026-09-30,-0.661,
10/12/2025,2025-12-10,Q+4,2026-10-01,2026-12-31,-0.778,
10/12/2025,2025-12-10,S,2027-04-01,2027-09-30,-0.691,
10/12/2025,2025-12-10,Y+1,2026-01-01,2026-12-31,-0.675,
10/12/2025,2025-12-10,Y+2,2027-01-01,2027-12-31,-0.75,
11/12/2025,2025-12-11,D+1,2025-12-12,2025-12-12,-0.176,26.77
11/12/2025,2025-12-11,D+2,2025-12-13,2025-12-13,-0.183,
11/12/2025,2025-12-11,D+3,2025-12-14,2025-12-14,-0.183,
11/12/2025,2025-12-11,W,2026-10-01,2027-03-31,-0.777,
11/12/2025,2025-12-11,BoM,2025-12-12,2025-12-31,-0.22,
11/12/2025,2025-12-11,M+1,2026-01-01,2026-01-31,-0.4,
11/12/2025,2025-12-11,M+2,2026-02-01,2026-02-28,-0.363,
11/12/2025,2025-12-11,M+3,2026-03-01,2026-03-31,0.059,
11/12/2025,2025-12-11,Q+1,2026-01-01,2026-03-31,-0.443,
11/12/2025,2025-12-11,Q+2,2026-04-01,2026-06-30,-0.647,
11/12/2025,2025-12-11,Q+3,2026-07-01,2026-09-30,-0.661,
11/12/2025,2025-12-11,Q+4,2026-10-01,2026-12-31,-0.778,
11/12/2025,2025-12-11,S,2027-04-01,2027-09-30,-0.691,
11/12/2025,2025-12-11,Y+1,2026-01-01,2026-12-31,-0.675,
11/12/2025,2025-12-11,Y+2,2027-01-01,2027-12-31,-0.75,
12/12/2025,2025-12-12,D+1,2025-12-13,2025-12-13,-0.135,27.42
12/12/2025,2025-12-12,D+2,2025-12-14,2025-12-14,-0.143,
12/12/2025,2025-12-12,D+3,2025-12-15,2025-12-15,-0.152,
12/12/2025,2025-12-12,W,2026-10-01,2027-03-31,-0.777,
12/12/2025,2025-12-12,BoM,2025-12-13,2025-12-31,-0.925,
12/12/2025,2025-12-12,M+1,2026-01-01,2026-01-31,-0.425,
12/12/2025,2025-12-12,M+2,2026-02-01,2026-02-28,-0.4,
12/12/2025,2025-12-12,M+3,2026-03-01,2026-03-31,0.059,
12/12/2025,2025-12-12,Q+1,2026-01-01,2026-03-31,-0.45,
12/12/2025,2025-12-12,Q+2,2026-04-01,2026-06-30,-0.647,
12/12/2025,2025-12-12,Q+3,2026-07-01,2026-09-30,-0.661,
12/12/2025,2025-12-12,Q+4,2026-10-01,2026-12-31,-0.778,
12/12/2025,2025-12-12,S,2027-04-01,2027-09-30,-0.691,
12/12/2025,2025-12-12,Y+1,2026-01-01,2026-12-31,-0.675,
12/12/2025,2025-12-12,Y+2,2027-01-01,2027-12-31,-0.75,
15/12/2025,2025-12-15,D+1,2025-12-16,2025-12-16,-0.378,27.56
15/12/2025,2025-12-15,D+2,2025-12-17,2025-12-17,-0.38,
15/12/2025,2025-12-15,D+3,2025-12-18,2025-12-18,-0.383,
15/12/2025,2025-12-15,W,2026-10-01,2027-03-31,-0.922,
15/12/2025,2025-12-15,BoM,2025-12-16,2025-12-31,-0.38,
15/12/2025,2025-12-15,M+1,2026-01-01,2026-01-31,-0.45,
15/12/2025,2025-12-15,M+2,2026-02-01,2026-02-28,-0.45,
15/12/2025,2025-12-15,M+3,2026-03-01,2026-03-31,-0.124,
15/12/2025,2025-12-15,Q+1,2026-01-01,2026-03-31,-0.45,
15/12/2025,2025-12-15,Q+2,2026-04-01,2026-06-30,-0.702,
15/12/2025,2025-12-15,Q+3,2026-07-01,2026-09-30,-0.697,
15/12/2025,2025-12-15,Q+4,2026-10-01,2026-12-31,-0.928,
15/12/2025,2025-12-15,S,2027-04-01,2027-09-30,-0.771,
15/12/2025,2025-12-15,Y+1,2026-01-01,2026-12-31,-0.675,
15/12/2025,2025-12-15,Y+2,2027-01-01,2027-12-31,-0.75,
16/12/2025,2025-12-16,D+1,2025-12-17,2025-12-17,-0.246,26.87
16/12/2025,2025-12-16,D+2,2025-12-18,2025-12-18,-0.255,
16/12/2025,2025-12-16,D+3,2025-12-19,2025-12-19,-0.263,
16/12/2025,2025-12-16,W,2026-10-01,2027-03-31,-0.922,
16/12/2025,2025-12-16,BoM,2025-12-17,2025-12-31,-0.272,
16/12/2025,2025-12-16,M+1,2026-01-01,2026-01-31,-0.5,
16/12/2025,2025-12-16,M+2,2026-02-01,2026-02-28,-0.4,
16/12/2025,2025-12-16,M+3,2026-03-01,2026-03-31,-0.124,
16/12/2025,2025-12-16,Q+1,2026-01-01,2026-03-31,-0.487,
16/12/2025,2025-12-16,Q+2,2026-04-01,2026-06-30,-0.702,
16/12/2025,2025-12-16,Q+3,2026-07-01,2026-09-30,-0.697,
16/12/2025,2025-12-16,Q+4,2026-10-01,2026-12-31,-0.928,
16/12/2025,2025-12-16,S,2027-04-01,2027-09-30,-0.771,
16/12/2025,2025-12-16,Y+1,2026-01-01,2026-12-31,-0.675,
16/12/2025,2025-12-16,Y+2,2027-01-01,2027-12-31,-0.75,
17/12/2025,2025-12-17,D+1,2025-12-18,2025-12-18,-0.258,27.39
17/12/2025,2025-12-17,D+2,2025-12-19,2025-12-19,-0.266,
17/12/2025,2025-12-17,D+3,2025-12-20,2025-12-20,-0.275,
17/12/2025,2025-12-17,W,2026-10-01,2027-03-31,-0.922,
17/12/2025,2025-12-17,BoM,2025-12-18,2025-12-31,-0.334,
17/12/2025,2025-12-17,M+1,2026-01-01,2026-01-31,-0.5,
17/12/2025,2025-12-17,M+2,2026-02-01,2026-02-28,-0.363,
17/12/2025,2025-12-17,M+3,2026-03-01,2026-03-31,-0.124,
17/12/2025,2025-12-17,Q+1,2026-01-01,2026-03-31,-0.487,
17/12/2025,2025-12-17,Q+2,2026-04-01,2026-06-30,-0.702,
17/12/2025,2025-12-17,Q+3,2026-07-01,2026-09-30,-0.697,
17/12/2025,2025-12-17,Q+4,2026-10-01,2026-12-31,-0.928,
17/12/2025,2025-12-17,S,2027-04-01,2027-09-30,-0.771,
17/12/2025,2025-12-17,Y+1,2026-01-01,2026-12-31,-0.675,
17/12/2025,2025-12-17,Y+2,2027-01-01,2027-12-31,-0.75,
18/12/2025,2025-12-18,D+1,2025-12-19,2025-12-19,0.307,27.19
18/12/2025,2025-12-18,D+2,2025-12-20,2025-12-20,0.278,
18/12/2025,2025-12-18,D+3,2025-12-21,2025-12-21,0.248,
18/12/2025,2025-12-18,W,2026-10-01,2027-03-31,-0.396,
18/12/2025,2025-12-18,BoM,2025-12-19,2025-12-31,0.143,
18/12/2025,2025-12-18,M+1,2026-01-01,2026-01-31,-0.5,
18/12/2025,2025-12-18,M+2,2026-02-01,2026-02-28,-0.5,
18/12/2025,2025-12-18,M+3,2026-03-01,2026-03-31,-0.618,
18/12/2025,2025-12-18,Q+1,2026-01-01,2026-03-31,-0.508,
18/12/2025,2025-12-18,Q+2,2026-04-01,2026-06-30,-0.609,
18/12/2025,2025-12-18,Q+3,2026-07-01,2026-09-30,-0.612,
18/12/2025,2025-12-18,Q+4,2026-10-01,2026-12-31,-0.383,
18/12/2025,2025-12-18,S,2027-04-01,2027-09-30,-0.331,
18/12/2025,2025-12-18,Y+1,2026-01-01,2026-12-31,-0.696,
18/12/2025,2025-12-18,Y+2,2027-01-01,2027-12-31,-0.75,
19/12/2025,2025-12-19,D+1,2025-12-20,2025-12-20,0.028,28.14
19/12/2025,2025-12-19,D+2,2025-12-21,2025-12-21,0.007,
19/12/2025,2025-12-19,D+3,2025-12-22,2025-12-22,-0.014,
19/12/2025,2025-12-19,W,2026-10-01,2027-03-31,-0.463,
19/12/2025,2025-12-19,BoM,2025-12-20,2025-12-31,-0.082,
19/12/2025,2025-12-19,M+1,2026-01-01,2026-01-31,-0.525,
19/12/2025,2025-12-19,M+2,2026-02-01,2026-02-28,-0.5,
19/12/2025,2025-12-19,M+3,2026-03-01,2026-03-31,-0.02,
19/12/2025,2025-12-19,Q+1,2026-01-01,2026-03-31,-0.512,
19/12/2025,2025-12-19,Q+2,2026-04-01,2026-06-30,-0.678,
19/12/2025,2025-12-19,Q+3,2026-07-01,2026-09-30,-0.682,
19/12/2025,2025-12-19,Q+4,2026-10-01,2026-12-31,-0.492,
19/12/2025,2025-12-19,S,2027-04-01,2027-09-30,-0.455,
19/12/2025,2025-12-19,Y+1,2026-01-01,2026-12-31,-0.697,
19/12/2025,2025-12-19,Y+2,2027-01-01,2027-12-31,-0.75,
22/12/2025,2025-12-22,D+1,2025-12-23,2025-12-23,0.121,27.57
22/12/2025,2025-12-22,D+2,2025-12-24,2025-12-24,0.097,
22/12/2025,2025-12-22,D+3,2025-12-25,2025-12-25,0.072,
22/12/2025,2025-12-22,W,2026-10-01,2027-03-31,-0.797,
22/12/2025,2025-12-22,BoM,2025-12-23,2025-12-31,0.026,
22/12/2025,2025-12-22,M+1,2026-01-01,2026-01-31,-0.45,
22/12/2025,2025-12-22,M+2,2026-02-01,2026-02-28,-0.55,
22/12/2025,2025-12-22,M+3,2026-03-01,2026-03-31,-0.641,
22/12/2025,2025-12-22,Q+1,2026-01-01,2026-03-31,-0.525,
22/12/2025,2025-12-22,Q+2,2026-04-01,2026-06-30,-0.728,
22/12/2025,2025-12-22,Q+3,2026-07-01,2026-09-30,-0.72,
22/12/2025,2025-12-22,Q+4,2026-10-01,2026-12-31,-0.804,
22/12/2025,2025-12-22,S,2027-04-01,2027-09-30,-0.709,
22/12/2025,2025-12-22,Y+1,2026-01-01,2026-12-31,-0.725,
22/12/2025,2025-12-22,Y+2,2027-01-01,2027-12-31,-0.75,
23/12/2025,2025-12-23,D+1,2025-12-24,2025-12-24,0.07,27.62
23/12/2025,2025-12-23,D+2,2025-12-25,2025-12-25,0.047,
23/12/2025,2025-12-23,D+3,2025-12-26,2025-12-26,0.024,
23/12/2025,2025-12-23,W,2026-10-01,2027-03-31,-0.692,
23/12/2025,2025-12-23,BoM,2025-12-24,2025-12-31,0.032,
23/12/2025,2025-12-23,M+1,2026-01-01,2026-01-31,-0.45,
23/12/2025,2025-12-23,M+2,2026-02-01,2026-02-28,-0.537,
23/12/2025,2025-12-23,M+3,2026-03-01,2026-03-31,-0.494,
23/12/2025,2025-12-23,Q+1,2026-01-01,2026-03-31,-0.5,
23/12/2025,2025-12-23,Q+2,2026-04-01,2026-06-30,-0.581,
23/12/2025,2025-12-23,Q+3,2026-07-01,2026-09-30,-0.578,
23/12/2025,2025-12-23,Q+4,2026-10-01,2026-12-31,-0.67,
23/12/2025,2025-12-23,S,2027-04-01,2027-09-30,-0.584,
23/12/2025,2025-12-23,Y+1,2026-01-01,2026-12-31,-0.725,
23/12/2025,2025-12-23,Y+2,2027-01-01,2027-12-31,-0.75,
24/12/2025,2025-12-24,D+1,2025-12-25,2025-12-25,0.07,28.37
24/12/2025,2025-12-24,D+2,2025-12-26,2025-12-26,0.047,
24/12/2025,2025-12-24,D+3,2025-12-27,2025-12-27,0.024,
24/12/2025,2025-12-24,W,2026-10-01,2027-03-31,-0.55,
24/12/2025,2025-12-24,BoM,2025-12-25,2025-12-31,0.491,
24/12/2025,2025-12-24,M+1,2026-01-01,2026-01-31,-0.825,
24/12/2025,2025-12-24,M+2,2026-02-01,2026-02-28,-0.439,
24/12/2025,2025-12-24,M+3,2026-03-01,2026-03-31,-0.612,
24/12/2025,2025-12-24,Q+1,2026-01-01,2026-03-31,-0.64,
24/12/2025,2025-12-24,Q+2,2026-04-01,2026-06-30,-0.564,
24/12/2025,2025-12-24,Q+3,2026-07-01,2026-09-30,-0.564,
24/12/2025,2025-12-24,Q+4,2026-10-01,2026-12-31,-0.563,
24/12/2025,2025-12-24,S,2027-04-01,2027-09-30,-0.466,
24/12/2025,2025-12-24,Y+1,2026-01-01,2026-12-31,-0.75,
24/12/2025,2025-12-24,Y+2,2027-01-01,2027-12-31,-0.75,
29/12/2025,2025-12-29,D+1,2025-12-30,2025-12-30,-0.36,28.83
29/12/2025,2025-12-29,D+2,2025-12-31,2025-12-31,-0.359,
29/12/2025,2025-12-29,D+3,2026-01-01,2026-01-01,-0.359,
29/12/2025,2025-12-29,W,2026-10-01,2027-03-31,-0.697,
29/12/2025,2025-12-29,M+1,2026-01-01,2026-01-31,-0.225,
29/12/2025,2025-12-29,M+2,2026-02-01,2026-02-28,-0.525,
29/12/2025,2025-12-29,M+3,2026-03-01,2026-03-31,-0.713,
29/12/2025,2025-12-29,Q+1,2026-01-01,2026-03-31,-0.525,
29/12/2025,2025-12-29,Q+2,2026-04-01,2026-06-30,-0.702,
29/12/2025,2025-12-29,Q+3,2026-07-01,2026-09-30,-0.689,
29/12/2025,2025-12-29,Q+4,2026-10-01,2026-12-31,-0.708,
29/12/2025,2025-12-29,S,2027-04-01,2027-09-30,-0.62,
29/12/2025,2025-12-29,Y+1,2026-01-01,2026-12-31,-0.725,
29/12/2025,2025-12-29,Y+2,2027-01-01,2027-12-31,-0.75,
30/12/2025,2025-12-30,D+1,2025-12-31,2025-12-31,-0.135,27.92
30/12/2025,2025-12-30,D+2,2026-01-01,2026-01-01,-0.141,
30/12/2025,2025-12-30,D+3,2026-01-02,2026-01-02,-0.147,
30/12/2025,2025-12-30,W,2026-10-01,2027-03-31,-0.246,
30/12/2025,2025-12-30,M+1,2026-01-01,2026-01-31,-0.225,
30/12/2025,2025-12-30,M+2,2026-02-01,2026-02-28,-0.5,
30/12/2025,2025-12-30,M+3,2026-03-01,2026-03-31,-0.219,
30/12/2025,2025-12-30,Q+1,2026-01-01,2026-03-31,-0.475,
30/12/2025,2025-12-30,Q+2,2026-04-01,2026-06-30,-0.231,
30/12/2025,2025-12-30,Q+3,2026-07-01,2026-09-30,-0.234,
30/12/2025,2025-12-30,Q+4,2026-10-01,2026-12-31,-0.251,
30/12/2025,2025-12-30,S,2027-04-01,2027-09-30,-0.215,
30/12/2025,2025-12-30,Y+1,2026-01-01,2026-12-31,-0.719,
30/12/2025,2025-12-30,Y+2,2027-01-01,2027-12-31,-0.75,
31/12/2025,2025-12-31,D+1,2026-01-01,2026-01-01,0.624,28.34
31/12/2025,2025-12-31,D+2,2026-01-02,2026-01-02,0.565,
31/12/2025,2025-12-31,D+3,2026-01-03,2026-01-03,0.506,
31/12/2025,2025-12-31,W,2026-10-01,2027-03-31,-0.396,
31/12/2025,2025-12-31,M+1,2026-01-01,2026-01-31,-0.225,
31/12/2025,2025-12-31,M+2,2026-02-01,2026-02-28,-0.484,
31/12/2025,2025-12-31,M+3,2026-03-01,2026-03-31,-0.493,
31/12/2025,2025-12-31,Q+2,2026-04-01,2026-06-30,-0.44,
31/12/2025,2025-12-31,Q+3,2026-07-01,2026-09-30,-0.408,
31/12/2025,2025-12-31,Q+4,2026-10-01,2026-12-31,-0.397,
31/12/2025,2025-12-31,S,2027-04-01,2027-09-30,-0.353,
31/12/2025,2025-12-31,Y+2,2027-01-01,2027-12-31,-0.354,
02/01/2026,2026-01-02,D+1,2026-01-03,2026-01-03,0.902,29.38
02/01/2026,2026-01-02,D+2,2026-01-04,2026-01-04,0.875,
02/01/2026,2026-01-02,D+3,2026-01-05,2026-01-05,0.848,
02/01/2026,2026-01-02,W,2026-10-01,2027-03-31,-0.251,
02/01/2026,2026-01-02,BoM,2026-01-03,2026-01-31,0.536,
02/01/2026,2026-01-02,M+1,2026-02-01,2026-02-28,-0.237,
02/01/2026,2026-01-02,M+2,2026-03-01,2026-03-31,-0.239,
02/01/2026,2026-01-02,M+3,2026-04-01,2026-04-30,-0.232,
02/01/2026,2026-01-02,Q+1,2026-04-01,2026-06-30,-0.267,
02/01/2026,2026-01-02,Q+2,2026-07-01,2026-09-30,-0.275,
02/01/2026,2026-01-02,Q+3,2026-10-01,2026-12-31,-0.261,
02/01/2026,2026-01-02,Q+4,2027-01-01,2027-03-31,-0.259,
02/01/2026,2026-01-02,S,2027-04-01,2027-09-30,-0.235,
02/01/2026,2026-01-02,Y+1,2027-01-01,2027-12-31,-0.226,
02/01/2026,2026-01-02,Y+2,2028-01-01,2028-12-31,-0.247,
05/01/2026,2026-01-05,D+1,2026-01-06,2026-01-06,0.809,28.22
05/01/2026,2026-01-05,D+2,2026-01-07,2026-01-07,0.785,
05/01/2026,2026-01-05,D+3,2026-01-08,2026-01-08,0.761,
05/01/2026,2026-01-05,W,2026-10-01,2027-03-31,-0.761,
05/01/2026,2026-01-05,BoM,2026-01-06,2026-01-31,0.5,
05/01/2026,2026-01-05,M+1,2026-02-01,2026-02-28,-0.125,
05/01/2026,2026-01-05,M+2,2026-03-01,2026-03-31,-0.325,
05/01/2026,2026-01-05,M+3,2026-04-01,2026-04-30,-0.741,
05/01/2026,2026-01-05,Q+1,2026-04-01,2026-06-30,-0.625,
05/01/2026,2026-01-05,Q+2,2026-07-01,2026-09-30,-0.657,
05/01/2026,2026-01-05,Q+3,2026-10-01,2026-12-31,-0.65,
05/01/2026,2026-01-05,Q+4,2027-01-01,2027-03-31,-0.854,
05/01/2026,2026-01-05,S,2027-04-01,2027-09-30,-0.736,
05/01/2026,2026-01-05,Y+1,2027-01-01,2027-12-31,-0.775,
05/01/2026,2026-01-05,Y+2,2028-01-01,2028-12-31,-0.79,
06/01/2026,2026-01-06,D+1,2026-01-07,2026-01-07,0.209,28.78
06/01/2026,2026-01-06,D+2,2026-01-08,2026-01-08,0.194,
06/01/2026,2026-01-06,D+3,2026-01-09,2026-01-09,0.178,
06/01/2026,2026-01-06,W,2026-10-01,2027-03-31,-0.726,
06/01/2026,2026-01-06,BoM,2026-01-07,2026-01-31,0.043,
06/01/2026,2026-01-06,M+1,2026-02-01,2026-02-28,-0.375,
06/01/2026,2026-01-06,M+2,2026-03-01,2026-03-31,-0.55,
06/01/2026,2026-01-06,M+3,2026-04-01,2026-04-30,-0.866,
06/01/2026,2026-01-06,Q+1,2026-04-01,2026-06-30,-0.738,
06/01/2026,2026-01-06,Q+2,2026-07-01,2026-09-30,-0.728,
06/01/2026,2026-01-06,Q+3,2026-10-01,2026-12-31,-0.738,
06/01/2026,2026-01-06,Q+4,2027-01-01,2027-03-31,-0.73,
06/01/2026,2026-01-06,S,2027-04-01,2027-09-30,-0.624,
06/01/2026,2026-01-06,Y+1,2027-01-01,2027-12-31,-0.7,
06/01/2026,2026-01-06,Y+2,2028-01-01,2028-12-31,-0.617,
07/01/2026,2026-01-07,D+1,2026-01-08,2026-01-08,0.516,29.31
07/01/2026,2026-01-07,D+2,2026-01-09,2026-01-09,0.493,
07/01/2026,2026-01-07,D+3,2026-01-10,2026-01-10,0.47,
07/01/2026,2026-01-07,W,2026-10-01,2027-03-31,-0.891,
07/01/2026,2026-01-07,BoM,2026-01-08,2026-01-31,0.348,
07/01/2026,2026-01-07,M+1,2026-02-01,2026-02-28,-0.338,
07/01/2026,2026-01-07,M+2,2026-03-01,2026-03-31,-0.487,
07/01/2026,2026-01-07,M+3,2026-04-01,2026-04-30,-0.691,
07/01/2026,2026-01-07,Q+1,2026-04-01,2026-06-30,-0.738,
07/01/2026,2026-01-07,Q+2,2026-07-01,2026-09-30,-0.971,
07/01/2026,2026-01-07,Q+3,2026-10-01,2026-12-31,-0.972,
07/01/2026,2026-01-07,Q+4,2027-01-01,2027-03-31,-0.897,
07/01/2026,2026-01-07,S,2027-04-01,2027-09-30,-0.769,
07/01/2026,2026-01-07,Y+1,2027-01-01,2027-12-31,-0.7,
07/01/2026,2026-01-07,Y+2,2028-01-01,2028-12-31,-0.785,
08/01/2026,2026-01-08,D+1,2026-01-09,2026-01-09,1.05,28.07
08/01/2026,2026-01-08,D+2,2026-01-10,2026-01-10,1.011,
08/01/2026,2026-01-08,D+3,2026-01-11,2026-01-11,0.973,
08/01/2026,2026-01-08,W,2026-10-01,2027-03-31,-0.674,
08/01/2026,2026-01-08,BoM,2026-01-09,2026-01-31,0.4,
08/01/2026,2026-01-08,M+1,2026-02-01,2026-02-28,-0.338,
08/01/2026,2026-01-08,M+2,2026-03-01,2026-03-31,-0.613,
08/01/2026,2026-01-08,M+3,2026-04-01,2026-04-30,-0.851,
08/01/2026,2026-01-08,Q+1,2026-04-01,2026-06-30,-0.825,
08/01/2026,2026-01-08,Q+2,2026-07-01,2026-09-30,-0.563,
08/01/2026,2026-01-08,Q+3,2026-10-01,2026-12-31,-0.555,
08/01/2026,2026-01-08,Q+4,2027-01-01,2027-03-31,-0.76,
08/01/2026,2026-01-08,S,2027-04-01,2027-09-30,-0.675,
08/01/2026,2026-01-08,Y+1,2027-01-01,2027-12-31,-0.7,
08/01/2026,2026-01-08,Y+2,2028-01-01,2028-12-31,-0.67,
09/01/2026,2026-01-09,D+1,2026-01-10,2026-01-10,1.705,28.86
09/01/2026,2026-01-09,D+2,2026-01-11,2026-01-11,1.646,
09/01/2026,2026-01-09,D+3,2026-01-12,2026-01-12,1.587,
09/01/2026,2026-01-09,W,2026-10-01,2027-03-31,-0.726,
09/01/2026,2026-01-09,BoM,2026-01-10,2026-01-31,1.135,
09/01/2026,2026-01-09,M+1,2026-02-01,2026-02-28,-0.362,
09/01/2026,2026-01-09,M+2,2026-03-01,2026-03-31,-0.663,
09/01/2026,2026-01-09,M+3,2026-04-01,2026-04-30,-0.788,
09/01/2026,2026-01-09,Q+1,2026-04-01,2026-06-30,-0.845,
09/01/2026,2026-01-09,Q+2,2026-07-01,2026-09-30,-0.75,
09/01/2026,2026-01-09,Q+3,2026-10-01,2026-12-31,-0.742,
09/01/2026,2026-01-09,Q+4,2027-01-01,2027-03-31,-0.703,
09/01/2026,2026-01-09,S,2027-04-01,2027-09-30,-0.586,
09/01/2026,2026-01-09,Y+1,2027-01-01,2027-12-31,-0.7,
09/01/2026,2026-01-09,Y+2,2028-01-01,2028-12-31,-0.578,
12/01/2026,2026-01-12,D+1,2026-01-13,2026-01-13,1.819,30.45
12/01/2026,2026-01-12,D+2,2026-01-14,2026-01-14,1.751,
12/01/2026,2026-01-12,D+3,2026-01-15,2026-01-15,1.683,
12/01/2026,2026-01-12,W,2026-10-01,2027-03-31,-0.792,
12/01/2026,2026-01-12,BoM,2026-01-13,2026-01-31,1.234,
12/01/2026,2026-01-12,M+1,2026-02-01,2026-02-28,-0.362,
12/01/2026,2026-01-12,M+2,2026-03-01,2026-03-31,-0.85,
12/01/2026,2026-01-12,M+3,2026-04-01,2026-04-30,-0.864,
12/01/2026,2026-01-12,Q+1,2026-04-01,2026-06-30,-0.845,
12/01/2026,2026-01-12,Q+2,2026-07-01,2026-09-30,-0.844,
12/01/2026,2026-01-12,Q+3,2026-10-01,2026-12-31,-0.849,
12/01/2026,2026-01-12,Q+4,2027-01-01,2027-03-31,-0.759,
12/01/2026,2026-01-12,S,2027-04-01,2027-09-30,-0.651,
12/01/2026,2026-01-12,Y+1,2027-01-01,2027-12-31,-0.7,
12/01/2026,2026-01-12,Y+2,2028-01-01,2028-12-31,-0.642,
13/01/2026,2026-01-13,D+1,2026-01-14,2026-01-14,1.858,31.48
13/01/2026,2026-01-13,D+2,2026-01-15,2026-01-15,1.786,
13/01/2026,2026-01-13,D+3,2026-01-16,2026-01-16,1.714,
13/01/2026,2026-01-13,W,2026-10-01,2027-03-31,-0.846,
13/01/2026,2026-01-13,BoM,2026-01-14,2026-01-31,1.289,
13/01/2026,2026-01-13,M+1,2026-02-01,2026-02-28,-0.375,
13/01/2026,2026-01-13,M+2,2026-03-01,2026-03-31,-0.85,
13/01/2026,2026-01-13,M+3,2026-04-01,2026-04-30,-0.99,
13/01/2026,2026-01-13,Q+1,2026-04-01,2026-06-30,-0.845,
13/01/2026,2026-01-13,Q+2,2026-07-01,2026-09-30,-0.914,
13/01/2026,2026-01-13,Q+3,2026-10-01,2026-12-31,-0.937,
13/01/2026,2026-01-13,Q+4,2027-01-01,2027-03-31,-0.72,
13/01/2026,2026-01-13,S,2027-04-01,2027-09-30,-0.659,
13/01/2026,2026-01-13,Y+1,2027-01-01,2027-12-31,-0.7,
13/01/2026,2026-01-13,Y+2,2028-01-01,2028-12-31,-0.638,
14/01/2026,2026-01-14,D+1,2026-01-15,2026-01-15,1.509,32.13
14/01/2026,2026-01-14,D+2,2026-01-16,2026-01-16,1.443,
14/01/2026,2026-01-14,D+3,2026-01-17,2026-01-17,1.377,
14/01/2026,2026-01-14,W,2026-10-01,2027-03-31,-0.82,
14/01/2026,2026-01-14,BoM,2026-01-15,2026-01-31,1.089,
14/01/2026,2026-01-14,M+1,2026-02-01,2026-02-28,-0.475,
14/01/2026,2026-01-14,M+2,2026-03-01,2026-03-31,-0.925,
14/01/2026,2026-01-14,M+3,2026-04-01,2026-04-30,-0.801,
14/01/2026,2026-01-14,Q+1,2026-04-01,2026-06-30,-0.87,
14/01/2026,2026-01-14,Q+2,2026-07-01,2026-09-30,-0.795,
14/01/2026,2026-01-14,Q+3,2026-10-01,2026-12-31,-0.758,
14/01/2026,2026-01-14,Q+4,2027-01-01,2027-03-31,-0.849,
14/01/2026,2026-01-14,S,2027-04-01,2027-09-30,-0.693,
14/01/2026,2026-01-14,Y+1,2027-01-01,2027-12-31,-0.7,
14/01/2026,2026-01-14,Y+2,2028-01-01,2028-12-31,-0.652,
15/01/2026,2026-01-15,D+1,2026-01-16,2026-01-16,2.116,33.38
15/01/2026,2026-01-15,D+2,2026-01-17,2026-01-17,2.027,
15/01/2026,2026-01-15,D+3,2026-01-18,2026-01-18,1.937,
15/01/2026,2026-01-15,W,2026-10-01,2027-03-31,-0.81,
15/01/2026,2026-01-15,BoM,2026-01-16,2026-01-31,1.468,
15/01/2026,2026-01-15,M+1,2026-02-01,2026-02-28,-0.6,
15/01/2026,2026-01-15,M+2,2026-03-01,2026-03-31,-1.0,
15/01/2026,2026-01-15,M+3,2026-04-01,2026-04-30,-1.313,
15/01/2026,2026-01-15,Q+1,2026-04-01,2026-06-30,-0.925,
15/01/2026,2026-01-15,Q+2,2026-07-01,2026-09-30,-0.779,
15/01/2026,2026-01-15,Q+3,2026-10-01,2026-12-31,-0.772,
15/01/2026,2026-01-15,Q+4,2027-01-01,2027-03-31,-0.846,
15/01/2026,2026-01-15,S,2027-04-01,2027-09-30,-0.71,
15/01/2026,2026-01-15,Y+1,2027-01-01,2027-12-31,-0.725,
15/01/2026,2026-01-15,Y+2,2028-01-01,2028-12-31,-0.698,
16/01/2026,2026-01-16,D+1,2026-01-17,2026-01-17,1.446,38.39
16/01/2026,2026-01-16,D+2,2026-01-18,2026-01-18,1.374,
16/01/2026,2026-01-16,D+3,2026-01-19,2026-01-19,1.302,
16/01/2026,2026-01-16,W,2026-10-01,2027-03-31,-0.635,
16/01/2026,2026-01-16,BoM,2026-01-17,2026-01-31,0.894,
16/01/2026,2026-01-16,M+1,2026-02-01,2026-02-28,-0.575,
16/01/2026,2026-01-16,M+2,2026-03-01,2026-03-31,-1.325,
16/01/2026,2026-01-16,M+3,2026-04-01,2026-04-30,-1.071,
16/01/2026,2026-01-16,Q+1,2026-04-01,2026-06-30,-0.975,
16/01/2026,2026-01-16,Q+2,2026-07-01,2026-09-30,-0.744,
16/01/2026,2026-01-16,Q+3,2026-10-01,2026-12-31,-0.729,
16/01/2026,2026-01-16,Q+4,2027-01-01,2027-03-31,-0.563,
16/01/2026,2026-01-16,S,2027-04-01,2027-09-30,-0.475,
16/01/2026,2026-01-16,Y+1,2027-01-01,2027-12-31,-0.725,
16/01/2026,2026-01-16,Y+2,2028-01-01,2028-12-31,-0.347,
19/01/2026,2026-01-19,D+1,2026-01-20,2026-01-20,0.583,36.65
19/01/2026,2026-01-19,D+2,2026-01-21,2026-01-21,0.531,
19/01/2026,2026-01-19,D+3,2026-01-22,2026-01-22,0.479,
19/01/2026,2026-01-19,W,2026-10-01,2027-03-31,-0.816,
19/01/2026,2026-01-19,BoM,2026-01-20,2026-01-31,0.258,
19/01/2026,2026-01-19,M+1,2026-02-01,2026-02-28,-0.712,
19/01/2026,2026-01-19,M+2,2026-03-01,2026-03-31,-1.35,
19/01/2026,2026-01-19,M+3,2026-04-01,2026-04-30,-1.341,
19/01/2026,2026-01-19,Q+1,2026-04-01,2026-06-30,-1.113,
19/01/2026,2026-01-19,Q+2,2026-07-01,2026-09-30,-0.862,
19/01/2026,2026-01-19,Q+3,2026-10-01,2026-12-31,-0.851,
19/01/2026,2026-01-19,Q+4,2027-01-01,2027-03-31,-0.808,
19/01/2026,2026-01-19,S,2027-04-01,2027-09-30,-0.627,
19/01/2026,2026-01-19,Y+1,2027-01-01,2027-12-31,-0.762,
19/01/2026,2026-01-19,Y+2,2028-01-01,2028-12-31,-0.615,
20/01/2026,2026-01-20,D+1,2026-01-21,2026-01-21,1.215,36.29
20/01/2026,2026-01-20,D+2,2026-01-22,2026-01-22,1.13,
20/01/2026,2026-01-20,D+3,2026-01-23,2026-01-23,1.044,
20/01/2026,2026-01-20,W,2026-10-01,2027-03-31,-0.872,
20/01/2026,2026-01-20,BoM,2026-01-21,2026-01-31,0.783,
20/01/2026,2026-01-20,M+1,2026-02-01,2026-02-28,-0.837,
20/01/2026,2026-01-20,M+2,2026-03-01,2026-03-31,-1.525,
20/01/2026,2026-01-20,M+3,2026-04-01,2026-04-30,-1.415,
20/01/2026,2026-01-20,Q+1,2026-04-01,2026-06-30,-1.113,
20/01/2026,2026-01-20,Q+2,2026-07-01,2026-09-30,-1.299,
20/01/2026,2026-01-20,Q+3,2026-10-01,2026-12-31,-0.915,
20/01/2026,2026-01-20,Q+4,2027-01-01,2027-03-31,-0.829,
20/01/2026,2026-01-20,S,2027-04-01,2027-09-30,-0.745,
20/01/2026,2026-01-20,Y+1,2027-01-01,2027-12-31,-0.762,
20/01/2026,2026-01-20,Y+2,2028-01-01,2028-12-31,-0.762,
21/01/2026,2026-01-21,D+1,2026-01-22,2026-01-22,0.921,40.26
21/01/2026,2026-01-21,D+2,2026-01-23,2026-01-23,0.848,
21/01/2026,2026-01-21,D+3,2026-01-24,2026-01-24,0.775,
21/01/2026,2026-01-21,W,2026-10-01,2027-03-31,-0.802,
21/01/2026,2026-01-21,BoM,2026-01-22,2026-01-31,0.613,
21/01/2026,2026-01-21,M+1,2026-02-01,2026-02-28,-0.762,
21/01/2026,2026-01-21,M+2,2026-03-01,2026-03-31,-1.525,
21/01/2026,2026-01-21,M+3,2026-04-01,2026-04-30,-1.356,
21/01/2026,2026-01-21,Q+1,2026-04-01,2026-06-30,-1.113,
21/01/2026,2026-01-21,Q+2,2026-07-01,2026-09-30,-0.814,
21/01/2026,2026-01-21,Q+3,2026-10-01,2026-12-31,-0.74,
21/01/2026,2026-01-21,Q+4,2027-01-01,2027-03-31,-0.84,
21/01/2026,2026-01-21,S,2027-04-01,2027-09-30,-0.655,
21/01/2026,2026-01-21,Y+1,2027-01-01,2027-12-31,-0.762,
21/01/2026,2026-01-21,Y+2,2028-01-01,2028-12-31,-0.582,
22/01/2026,2026-01-22,D+1,2026-01-23,2026-01-23,1.781,38.68
22/01/2026,2026-01-22,D+2,2026-01-24,2026-01-24,1.665,
22/01/2026,2026-01-22,D+3,2026-01-25,2026-01-25,1.55,
22/01/2026,2026-01-22,W,2026-10-01,2027-03-31,-0.597,
22/01/2026,2026-01-22,BoM,2026-01-23,2026-01-31,1.428,
22/01/2026,2026-01-22,M+1,2026-02-01,2026-02-28,-0.762,
22/01/2026,2026-01-22,M+2,2026-03-01,2026-03-31,-1.55,
22/01/2026,2026-01-22,M+3,2026-04-01,2026-04-30,-0.86,
22/01/2026,2026-01-22,Q+1,2026-04-01,2026-06-30,-1.113,
22/01/2026,2026-01-22,Q+2,2026-07-01,2026-09-30,-0.601,
22/01/2026,2026-01-22,Q+3,2026-10-01,2026-12-31,-0.605,
22/01/2026,2026-01-22,Q+4,2027-01-01,2027-03-31,-0.591,
22/01/2026,2026-01-22,S,2027-04-01,2027-09-30,-0.509,
22/01/2026,2026-01-22,Y+1,2027-01-01,2027-12-31,-0.762,
22/01/2026,2026-01-22,Y+2,2028-01-01,2028-12-31,-0.464,
23/01/2026,2026-01-23,D+1,2026-01-24,2026-01-24,1.886,40.59
23/01/2026,2026-01-23,D+2,2026-01-25,2026-01-25,1.779,
23/01/2026,2026-01-23,D+3,2026-01-26,2026-01-26,1.671,
23/01/2026,2026-01-23,W,2026-10-01,2027-03-31,-0.658,
23/01/2026,2026-01-23,BoM,2026-01-24,2026-01-31,1.577,
23/01/2026,2026-01-23,M+1,2026-02-01,2026-02-28,-0.55,
23/01/2026,2026-01-23,M+2,2026-03-01,2026-03-31,-1.1,
23/01/2026,2026-01-23,M+3,2026-04-01,2026-04-30,-1.534,
23/01/2026,2026-01-23,Q+1,2026-04-01,2026-06-30,-0.975,
23/01/2026,2026-01-23,Q+2,2026-07-01,2026-09-30,-0.632,
23/01/2026,2026-01-23,Q+3,2026-10-01,2026-12-31,-0.619,
23/01/2026,2026-01-23,Q+4,2027-01-01,2027-03-31,-0.722,
23/01/2026,2026-01-23,S,2027-04-01,2027-09-30,-0.589,
23/01/2026,2026-01-23,Y+1,2027-01-01,2027-12-31,-0.762,
23/01/2026,2026-01-23,Y+2,2028-01-01,2028-12-31,-0.551,
26/01/2026,2026-01-26,D+1,2026-01-27,2026-01-27,0.948,40.14
26/01/2026,2026-01-26,D+2,2026-01-28,2026-01-28,0.874,
26/01/2026,2026-01-26,D+3,2026-01-29,2026-01-29,0.801,
26/01/2026,2026-01-26,W,2026-10-01,2027-03-31,-0.7,
26/01/2026,2026-01-26,BoM,2026-01-27,2026-01-31,0.852,
26/01/2026,2026-01-26,M+1,2026-02-01,2026-02-28,-0.375,
26/01/2026,2026-01-26,M+2,2026-03-01,2026-03-31,-1.625,
26/01/2026,2026-01-26,M+3,2026-04-01,2026-04-30,-1.158,
26/01/2026,2026-01-26,Q+1,2026-04-01,2026-06-30,-1.15,
26/01/2026,2026-01-26,Q+2,2026-07-01,2026-09-30,-0.716,
26/01/2026,2026-01-26,Q+3,2026-10-01,2026-12-31,-0.711,
26/01/2026,2026-01-26,Q+4,2027-01-01,2027-03-31,-0.746,
26/01/2026,2026-01-26,S,2027-04-01,2027-09-30,-0.621,
26/01/2026,2026-01-26,Y+1,2027-01-01,2027-12-31,-0.762,
26/01/2026,2026-01-26,Y+2,2028-01-01,2028-12-31,-0.602,
27/01/2026,2026-01-27,D+1,2026-01-28,2026-01-28,0.371,39.92
27/01/2026,2026-01-27,D+2,2026-01-29,2026-01-29,0.32,
27/01/2026,2026-01-27,D+3,2026-01-30,2026-01-30,0.269,
27/01/2026,2026-01-27,W,2026-10-01,2027-03-31,-0.719,
27/01/2026,2026-01-27,BoM,2026-01-28,2026-01-31,0.329,
27/01/2026,2026-01-27,M+1,2026-02-01,2026-02-28,-0.5,
27/01/2026,2026-01-27,M+2,2026-03-01,2026-03-31,-1.675,
27/01/2026,2026-01-27,M+3,2026-04-01,2026-04-30,-1.166,
27/01/2026,2026-01-27,Q+1,2026-04-01,2026-06-30,-1.175,
27/01/2026,2026-01-27,Q+2,2026-07-01,2026-09-30,-0.623,
27/01/2026,2026-01-27,Q+3,2026-10-01,2026-12-31,-0.646,
27/01/2026,2026-01-27,Q+4,2027-01-01,2027-03-31,-0.803,
27/01/2026,2026-01-27,S,2027-04-01,2027-09-30,-0.654,
27/01/2026,2026-01-27,Y+1,2027-01-01,2027-12-31,-0.762,
27/01/2026,2026-01-27,Y+2,2028-01-01,2028-12-31,-0.629,
28/01/2026,2026-01-28,D+1,2026-01-29,2026-01-29,-0.619,39.6
28/01/2026,2026-01-28,D+2,2026-01-30,2026-01-30,-0.613,
28/01/2026,2026-01-28,D+3,2026-01-31,2026-01-31,-0.607,
28/01/2026,2026-01-28,W,2026-10-01,2027-03-31,-0.787,
28/01/2026,2026-01-28,M+1,2026-02-01,2026-02-28,-0.55,
28/01/2026,2026-01-28,M+2,2026-03-01,2026-03-31,-1.85,
28/01/2026,2026-01-28,M+3,2026-04-01,2026-04-30,-1.216,
28/01/2026,2026-01-28,Q+1,2026-04-01,2026-06-30,-1.275,
28/01/2026,2026-01-28,Q+2,2026-07-01,2026-09-30,-0.653,
28/01/2026,2026-01-28,Q+3,2026-10-01,2026-12-31,-0.665,
28/01/2026,2026-01-28,Q+4,2027-01-01,2027-03-31,-0.822,
28/01/2026,2026-01-28,S,2027-04-01,2027-09-30,-0.7,
28/01/2026,2026-01-28,Y+1,2027-01-01,2027-12-31,-0.762,
28/01/2026,2026-01-28,Y+2,2028-01-01,2028-12-31,-0.624,
29/01/2026,2026-01-29,D+1,2026-01-30,2026-01-30,-0.711,40.47
29/01/2026,2026-01-29,D+2,2026-01-31,2026-01-31,-0.785,
29/01/2026,2026-01-29,D+3,2026-02-01,2026-02-01,-0.858,
29/01/2026,2026-01-29,W,2026-10-01,2027-03-31,-1.166,
29/01/2026,2026-01-29,M+1,2026-02-01,2026-02-28,-1.817,
29/01/2026,2026-01-29,M+2,2026-03-01,2026-03-31,-1.825,
29/01/2026,2026-01-29,M+3,2026-04-01,2026-04-30,-1.157,
29/01/2026,2026-01-29,Q+1,2026-04-01,2026-06-30,-1.35,
29/01/2026,2026-01-29,Q+2,2026-07-01,2026-09-30,-0.887,
29/01/2026,2026-01-29,Q+3,2026-10-01,2026-12-31,-0.885,
29/01/2026,2026-01-29,Q+4,2027-01-01,2027-03-31,-1.428,
29/01/2026,2026-01-29,S,2027-04-01,2027-09-30,-1.175,
29/01/2026,2026-01-29,Y+1,2027-01-01,2027-12-31,-0.762,
29/01/2026,2026-01-29,Y+2,2028-01-01,2028-12-31,-1.02,
30/01/2026,2026-01-30,D+1,2026-01-31,2026-01-31,-1.378,41.01
30/01/2026,2026-01-30,D+2,2026-02-01,2026-02-01,-1.41,
30/01/2026,2026-01-30,D+3,2026-02-02,2026-02-02,-1.441,
30/01/2026,2026-01-30,W,2026-10-01,2027-03-31,-1.193,
30/01/2026,2026-01-30,M+1,2026-02-01,2026-02-28,-1.817,
30/01/2026,2026-01-30,M+2,2026-03-01,2026-03-31,-1.646,
30/01/2026,2026-01-30,M+3,2026-04-01,2026-04-30,-1.391,
30/01/2026,2026-01-30,Q+1,2026-04-01,2026-06-30,-1.258,
30/01/2026,2026-01-30,Q+2,2026-07-01,2026-09-30,-1.123,
30/01/2026,2026-01-30,Q+3,2026-10-01,2026-12-31,-1.172,
30/01/2026,2026-01-30,Q+4,2027-01-01,2027-03-31,-1.166,
30/01/2026,2026-01-30,S,2027-04-01,2027-09-30,-0.955,
30/01/2026,2026-01-30,Y+1,2027-01-01,2027-12-31,-0.762,
30/01/2026,2026-01-30,Y+2,2028-01-01,2028-12-31,-0.821,
02/02/2026,2026-02-02,D+1,2026-02-03,2026-02-03,-1.095,34.54
02/02/2026,2026-02-02,D+2,2026-02-04,2026-02-04,-1.118,
02/02/2026,2026-02-02,D+3,2026-02-05,2026-02-05,-1.141,
02/02/2026,2026-02-02,W,2026-10-01,2027-03-31,-0.96,
02/02/2026,2026-02-02,BoM,2026-02-03,2026-02-28,0.329,
02/02/2026,2026-02-02,M+1,2026-03-01,2026-03-31,-2.025,
02/02/2026,2026-02-02,M+2,2026-04-01,2026-04-30,-1.725,
02/02/2026,2026-02-02,M+3,2026-05-01,2026-05-31,-1.849,
02/02/2026,2026-02-02,Q+1,2026-04-01,2026-06-30,-1.675,
02/02/2026,2026-02-02,Q+2,2026-07-01,2026-09-30,-1.012,
02/02/2026,2026-02-02,Q+3,2026-10-01,2026-12-31,-1.001,
02/02/2026,2026-02-02,Q+4,2027-01-01,2027-03-31,-0.849,
02/02/2026,2026-02-02,S,2027-04-01,2027-09-30,-0.796,
02/02/2026,2026-02-02,Y+1,2027-01-01,2027-12-31,-0.762,
02/02/2026,2026-02-02,Y+2,2028-01-01,2028-12-31,-0.771,
03/02/2026,2026-02-03,D+1,2026-02-04,2026-02-04,-2.147,33.87
03/02/2026,2026-02-03,D+2,2026-02-05,2026-02-05,-2.139,
03/02/2026,2026-02-03,D+3,2026-02-06,2026-02-06,-2.131,
03/02/2026,2026-02-03,W,2026-10-01,2027-03-31,-0.979,
03/02/2026,2026-02-03,BoM,2026-02-04,2026-02-28,-1.526,
03/02/2026,2026-02-03,M+1,2026-03-01,2026-03-31,-1.9,
03/02/2026,2026-02-03,M+2,2026-04-01,2026-04-30,-1.575,
03/02/2026,2026-02-03,M+3,2026-05-01,2026-05-31,-1.277,
03/02/2026,2026-02-03,Q+1,2026-04-01,2026-06-30,-1.55,
03/02/2026,2026-02-03,Q+2,2026-07-01,2026-09-30,-0.992,
03/02/2026,2026-02-03,Q+3,2026-10-01,2026-12-31,-1.024,
03/02/2026,2026-02-03,Q+4,2027-01-01,2027-03-31,-0.87,
03/02/2026,2026-02-03,S,2027-04-01,2027-09-30,-0.763,
03/02/2026,2026-02-03,Y+1,2027-01-01,2027-12-31,-0.762,
03/02/2026,2026-02-03,Y+2,2028-01-01,2028-12-31,-0.689,
04/02/2026,2026-02-04,D+1,2026-02-05,2026-02-05,-1.964,34.36
04/02/2026,2026-02-04,D+2,2026-02-06,2026-02-06,-1.964,
04/02/2026,2026-02-04,D+3,2026-02-07,2026-02-07,-1.963,
04/02/2026,2026-02-04,W,2026-10-01,2027-03-31,-0.729,
04/02/2026,2026-02-04,BoM,2026-02-05,2026-02-28,-1.993,
04/02/2026,2026-02-04,M+1,2026-03-01,2026-03-31,-2.05,
04/02/2026,2026-02-04,M+2,2026-04-01,2026-04-30,-1.8,
04/02/2026,2026-02-04,M+3,2026-05-01,2026-05-31,-1.118,
04/02/2026,2026-02-04,Q+1,2026-04-01,2026-06-30,-1.425,
04/02/2026,2026-02-04,Q+2,2026-07-01,2026-09-30,-0.647,
04/02/2026,2026-02-04,Q+3,2026-10-01,2026-12-31,-0.651,
04/02/2026,2026-02-04,Q+4,2027-01-01,2027-03-31,-0.798,
04/02/2026,2026-02-04,S,2027-04-01,2027-09-30,-0.694,
04/02/2026,2026-02-04,Y+1,2027-01-01,2027-12-31,-0.762,
04/02/2026,2026-02-04,Y+2,2028-01-01,2028-12-31,-0.643,
05/02/2026,2026-02-05,D+1,2026-02-06,2026-02-06,-2.33,34.52
05/02/2026,2026-02-05,D+2,2026-02-07,2026-02-07,-2.323,
05/02/2026,2026-02-05,D+3,2026-02-08,2026-02-08,-2.316,
05/02/2026,2026-02-05,W,2026-10-01,2027-03-31,-0.941,
05/02/2026,2026-02-05,BoM,2026-02-06,2026-02-28,-2.431,
05/02/2026,2026-02-05,M+1,2026-03-01,2026-03-31,-2.075,
05/02/2026,2026-02-05,M+2,2026-04-01,2026-04-30,-1.825,
05/02/2026,2026-02-05,M+3,2026-05-01,2026-05-31,-1.268,
05/02/2026,2026-02-05,Q+1,2026-04-01,2026-06-30,-1.45,
05/02/2026,2026-02-05,Q+2,2026-07-01,2026-09-30,-0.962,
05/02/2026,2026-02-05,Q+3,2026-10-01,2026-12-31,-1.007,
05/02/2026,2026-02-05,Q+4,2027-01-01,2027-03-31,-0.798,
05/02/2026,2026-02-05,S,2027-04-01,2027-09-30,-0.694,
05/02/2026,2026-02-05,Y+1,2027-01-01,2027-12-31,-0.75,
05/02/2026,2026-02-05,Y+2,2028-01-01,2028-12-31,-0.564,
06/02/2026,2026-02-06,D+1,2026-02-07,2026-02-07,-2.181,36.67
06/02/2026,2026-02-06,D+2,2026-02-08,2026-02-08,-2.178,
06/02/2026,2026-02-06,D+3,2026-02-09,2026-02-09,-2.175,
06/02/2026,2026-02-06,W,2026-10-01,2027-03-31,-0.872,
06/02/2026,2026-02-06,BoM,2026-02-07,2026-02-28,-2.167,
06/02/2026,2026-02-06,M+1,2026-03-01,2026-03-31,-2.075,
06/02/2026,2026-02-06,M+2,2026-04-01,2026-04-30,-1.975,
06/02/2026,2026-02-06,M+3,2026-05-01,2026-05-31,-1.631,
06/02/2026,2026-02-06,Q+1,2026-04-01,2026-06-30,-1.575,
06/02/2026,2026-02-06,Q+2,2026-07-01,2026-09-30,-0.977,
06/02/2026,2026-02-06,Q+3,2026-10-01,2026-12-31,-0.983,
06/02/2026,2026-02-06,Q+4,2027-01-01,2027-03-31,-0.861,
06/02/2026,2026-02-06,S,2027-04-01,2027-09-30,-0.694,
06/02/2026,2026-02-06,Y+1,2027-01-01,2027-12-31,-0.762,
06/02/2026,2026-02-06,Y+2,2028-01-01,2028-12-31,-0.647,
09/02/2026,2026-02-09,D+1,2026-02-10,2026-02-10,-1.942,33.89
09/02/2026,2026-02-09,D+2,2026-02-11,2026-02-11,-1.946,
09/02/2026,2026-02-09,D+3,2026-02-12,2026-02-12,-1.95,
09/02/2026,2026-02-09,W,2026-10-01,2027-03-31,-0.783,
09/02/2026,2026-02-09,BoM,2026-02-10,2026-02-28,-1.982,
09/02/2026,2026-02-09,M+1,2026-03-01,2026-03-31,-2.075,
09/02/2026,2026-02-09,M+2,2026-04-01,2026-04-30,-2.0,
09/02/2026,2026-02-09,M+3,2026-05-01,2026-05-31,-1.573,
09/02/2026,2026-02-09,Q+1,2026-04-01,2026-06-30,-1.575,
09/02/2026,2026-02-09,Q+2,2026-07-01,2026-09-30,-0.771,
09/02/2026,2026-02-09,Q+3,2026-10-01,2026-12-31,-0.793,
09/02/2026,2026-02-09,Q+4,2027-01-01,2027-03-31,-0.77,
09/02/2026,2026-02-09,S,2027-04-01,2027-09-30,-0.647,
09/02/2026,2026-02-09,Y+1,2027-01-01,2027-12-31,-0.762,
09/02/2026,2026-02-09,Y+2,2028-01-01,2028-12-31,-0.581,
10/02/2026,2026-02-10,D+1,2026-02-11,2026-02-11,-1.666,31.85
10/02/2026,2026-02-10,D+2,2026-02-12,2026-02-12,-1.68,
10/02/2026,2026-02-10,D+3,2026-02-13,2026-02-13,-1.694,
10/02/2026,2026-02-10,W,2026-10-01,2027-03-31,-0.968,
10/02/2026,2026-02-10,BoM,2026-02-11,2026-02-28,-1.762,
10/02/2026,2026-02-10,M+1,2026-03-01,2026-03-31,-2.125,
10/02/2026,2026-02-10,M+2,2026-04-01,2026-04-30,-2.05,
10/02/2026,2026-02-10,M+3,2026-05-01,2026-05-31,-1.188,
10/02/2026,2026-02-10,Q+1,2026-04-01,2026-06-30,-1.55,
10/02/2026,2026-02-10,Q+2,2026-07-01,2026-09-30,-0.97,
10/02/2026,2026-02-10,Q+3,2026-10-01,2026-12-31,-1.021,
10/02/2026,2026-02-10,Q+4,2027-01-01,2027-03-31,-0.918,
10/02/2026,2026-02-10,S,2027-04-01,2027-09-30,-0.724,
10/02/2026,2026-02-10,Y+1,2027-01-01,2027-12-31,-0.762,
10/02/2026,2026-02-10,Y+2,2028-01-01,2028-12-31,-0.68,
11/02/2026,2026-02-11,D+1,2026-02-12,2026-02-12,-1.189,32.06
11/02/2026,2026-02-11,D+2,2026-02-13,2026-02-13,-1.22,
11/02/2026,2026-02-11,D+3,2026-02-14,2026-02-14,-1.252,
11/02/2026,2026-02-11,W,2026-10-01,2027-03-31,-0.901,
11/02/2026,2026-02-11,BoM,2026-02-12,2026-02-28,-1.455,
11/02/2026,2026-02-11,M+1,2026-03-01,2026-03-31,-2.175,
11/02/2026,2026-02-11,M+2,2026-04-01,2026-04-30,-2.087,
11/02/2026,2026-02-11,M+3,2026-05-01,2026-05-31,-1.412,
11/02/2026,2026-02-11,Q+1,2026-04-01,2026-06-30,-1.55,
11/02/2026,2026-02-11,Q+2,2026-07-01,2026-09-30,-0.899,
11/02/2026,2026-02-11,Q+3,2026-10-01,2026-12-31,-0.909,
11/02/2026,2026-02-11,Q+4,2027-01-01,2027-03-31,-0.891,
11/02/2026,2026-02-11,S,2027-04-01,2027-09-30,-0.768,
11/02/2026,2026-02-11,Y+1,2027-01-01,2027-12-31,-0.762,
11/02/2026,2026-02-11,Y+2,2028-01-01,2028-12-31,-0.642,
12/02/2026,2026-02-12,D+1,2026-02-13,2026-02-13,-1.691,32.88
12/02/2026,2026-02-12,D+2,2026-02-14,2026-02-14,-1.709,
12/02/2026,2026-02-12,D+3,2026-02-15,2026-02-15,-1.726,
12/02/2026,2026-02-12,W,2026-10-01,2027-03-31,-1.001,
12/02/2026,2026-02-12,BoM,2026-02-13,2026-02-28,-1.845,
12/02/2026,2026-02-12,M+1,2026-03-01,2026-03-31,-2.225,
12/02/2026,2026-02-12,M+2,2026-04-01,2026-04-30,-1.95,
12/02/2026,2026-02-12,M+3,2026-05-01,2026-05-31,-1.474,
12/02/2026,2026-02-12,Q+1,2026-04-01,2026-06-30,-1.525,
12/02/2026,2026-02-12,Q+2,2026-07-01,2026-09-30,-1.002,
12/02/2026,2026-02-12,Q+3,2026-10-01,2026-12-31,-1.104,
12/02/2026,2026-02-12,Q+4,2027-01-01,2027-03-31,-0.913,
12/02/2026,2026-02-12,S,2027-04-01,2027-09-30,-0.8,
12/02/2026,2026-02-12,Y+1,2027-01-01,2027-12-31,-0.762,
12/02/2026,2026-02-12,Y+2,2028-01-01,2028-12-31,-0.718,
13/02/2026,2026-02-13,D+1,2026-02-14,2026-02-14,-1.546,32.24
13/02/2026,2026-02-13,D+2,2026-02-15,2026-02-15,-1.569,
13/02/2026,2026-02-13,D+3,2026-02-16,2026-02-16,-1.592,
13/02/2026,2026-02-13,W,2026-10-01,2027-03-31,-1.024,
13/02/2026,2026-02-13,BoM,2026-02-14,2026-02-28,-1.725,
13/02/2026,2026-02-13,M+1,2026-03-01,2026-03-31,-2.225,
13/02/2026,2026-02-13,M+2,2026-04-01,2026-04-30,-1.95,
13/02/2026,2026-02-13,M+3,2026-05-01,2026-05-31,-1.474,
13/02/2026,2026-02-13,Q+1,2026-04-01,2026-06-30,-1.475,
13/02/2026,2026-02-13,Q+2,2026-07-01,2026-09-30,-0.963,
13/02/2026,2026-02-13,Q+3,2026-10-01,2026-12-31,-1.009,
13/02/2026,2026-02-13,Q+4,2027-01-01,2027-03-31,-1.005,
13/02/2026,2026-02-13,S,2027-04-01,2027-09-30,-0.868,
13/02/2026,2026-02-13,Y+1,2027-01-01,2027-12-31,-0.762,
13/02/2026,2026-02-13,Y+2,2028-01-01,2028-12-31,-0.72,
16/02/2026,2026-02-16,D+1,2026-02-17,2026-02-17,-1.525,30.82
16/02/2026,2026-02-16,D+2,2026-02-18,2026-02-18,-1.551,
16/02/2026,2026-02-16,D+3,2026-02-19,2026-02-19,-1.578,
16/02/2026,2026-02-16,W,2026-10-01,2027-03-31,-1.024,
16/02/2026,2026-02-16,BoM,2026-02-17,2026-02-28,-1.639,
16/02/2026,2026-02-16,M+1,2026-03-01,2026-03-31,-2.225,
16/02/2026,2026-02-16,M+2,2026-04-01,2026-04-30,-1.875,
16/02/2026,2026-02-16,M+3,2026-05-01,2026-05-31,-1.474,
16/02/2026,2026-02-16,Q+1,2026-04-01,2026-06-30,-1.325,
16/02/2026,2026-02-16,Q+2,2026-07-01,2026-09-30,-0.963,
16/02/2026,2026-02-16,Q+3,2026-10-01,2026-12-31,-1.009,
16/02/2026,2026-02-16,Q+4,2027-01-01,2027-03-31,-1.005,
16/02/2026,2026-02-16,S,2027-04-01,2027-09-30,-0.868,
16/02/2026,2026-02-16,Y+1,2027-01-01,2027-12-31,-0.675,
16/02/2026,2026-02-16,Y+2,2028-01-01,2028-12-31,-0.72,
17/02/2026,2026-02-17,D+1,2026-02-18,2026-02-18,-1.72,29.95
17/02/2026,2026-02-17,D+2,2026-02-19,2026-02-19,-1.732,
17/02/2026,2026-02-17,D+3,2026-02-20,2026-02-20,-1.744,
17/02/2026,2026-02-17,W,2026-10-01,2027-03-31,-0.844,
17/02/2026,2026-02-17,BoM,2026-02-18,2026-02-28,-1.77,
17/02/2026,2026-02-17,M+1,2026-03-01,2026-03-31,-2.025,
17/02/2026,2026-02-17,M+2,2026-04-01,2026-04-30,-1.625,
17/02/2026,2026-02-17,M+3,2026-05-01,2026-05-31,-0.982,
17/02/2026,2026-02-17,Q+1,2026-04-01,2026-06-30,-1.225,
17/02/2026,2026-02-17,Q+2,2026-07-01,2026-09-30,-0.865,
17/02/2026,2026-02-17,Q+3,2026-10-01,2026-12-31,-0.877,
17/02/2026,2026-02-17,Q+4,2027-01-01,2027-03-31,-0.794,
17/02/2026,2026-02-17,S,2027-04-01,2027-09-30,-0.688,
17/02/2026,2026-02-17,Y+1,2027-01-01,2027-12-31,-0.738,
17/02/2026,2026-02-17,Y+2,2028-01-01,2028-12-31,-0.631,
18/02/2026,2026-02-18,D+1,2026-02-19,2026-02-19,-1.386,31.09
18/02/2026,2026-02-18,D+2,2026-02-20,2026-02-20,-1.419,
18/02/2026,2026-02-18,D+3,2026-02-21,2026-02-21,-1.452,
18/02/2026,2026-02-18,W,2026-10-01,2027-03-31,-0.824,
18/02/2026,2026-02-18,BoM,2026-02-19,2026-02-28,-1.535,
18/02/2026,2026-02-18,M+1,2026-03-01,2026-03-31,-2.2,
18/02/2026,2026-02-18,M+2,2026-04-01,2026-04-30,-1.775,
18/02/2026,2026-02-18,M+3,2026-05-01,2026-05-31,-0.983,
18/02/2026,2026-02-18,Q+1,2026-04-01,2026-06-30,-1.225,
18/02/2026,2026-02-18,Q+2,2026-07-01,2026-09-30,-0.845,
18/02/2026,2026-02-18,Q+3,2026-10-01,2026-12-31,-0.847,
18/02/2026,2026-02-18,Q+4,2027-01-01,2027-03-31,-0.768,
18/02/2026,2026-02-18,S,2027-04-01,2027-09-30,-0.677,
18/02/2026,2026-02-18,Y+1,2027-01-01,2027-12-31,-0.738,
18/02/2026,2026-02-18,Y+2,2028-01-01,2028-12-31,-0.642,
19/02/2026,2026-02-19,D+1,2026-02-20,2026-02-20,-1.269,32.76
19/02/2026,2026-02-19,D+2,2026-02-21,2026-02-21,-1.313,
19/02/2026,2026-02-19,D+3,2026-02-22,2026-02-22,-1.357,
19/02/2026,2026-02-19,W,2026-10-01,2027-03-31,-0.719,
19/02/2026,2026-02-19,BoM,2026-02-20,2026-02-28,-1.417,
19/02/2026,2026-02-19,M+1,2026-03-01,2026-03-31,-2.3,
19/02/2026,2026-02-19,M+2,2026-04-01,2026-04-30,-1.825,
19/02/2026,2026-02-19,M+3,2026-05-01,2026-05-31,-1.311,
19/02/2026,2026-02-19,Q+1,2026-04-01,2026-06-30,-1.5,
19/02/2026,2026-02-19,Q+2,2026-07-01,2026-09-30,-0.694,
19/02/2026,2026-02-19,Q+3,2026-10-01,2026-12-31,-0.701,
19/02/2026,2026-02-19,Q+4,2027-01-01,2027-03-31,-0.755,
19/02/2026,2026-02-19,S,2027-04-01,2027-09-30,-0.631,
19/02/2026,2026-02-19,Y+1,2027-01-01,2027-12-31,-0.75,
19/02/2026,2026-02-19,Y+2,2028-01-01,2028-12-31,-0.543,
20/02/2026,2026-02-20,D+1,2026-02-21,2026-02-21,-0.413,30.42
20/02/2026,2026-02-20,D+2,2026-02-22,2026-02-22,-0.492,
20/02/2026,2026-02-20,D+3,2026-02-23,2026-02-23,-0.57,
20/02/2026,2026-02-20,W,2026-10-01,2027-03-31,-0.808,
20/02/2026,2026-02-20,BoM,2026-02-21,2026-02-28,-0.642,
20/02/2026,2026-02-20,M+1,2026-03-01,2026-03-31,-2.175,
20/02/2026,2026-02-20,M+2,2026-04-01,2026-04-30,-1.8,
20/02/2026,2026-02-20,M+3,2026-05-01,2026-05-31,-1.285,
20/02/2026,2026-02-20,Q+1,2026-04-01,2026-06-30,-1.45,
20/02/2026,2026-02-20,Q+2,2026-07-01,2026-09-30,-0.789,
20/02/2026,2026-02-20,Q+3,2026-10-01,2026-12-31,-0.767,
20/02/2026,2026-02-20,Q+4,2027-01-01,2027-03-31,-0.758,
20/02/2026,2026-02-20,S,2027-04-01,2027-09-30,-0.709,
20/02/2026,2026-02-20,Y+1,2027-01-01,2027-12-31,-0.762,
20/02/2026,2026-02-20,Y+2,2028-01-01,2028-12-31,-0.693,
23/02/2026,2026-02-23,D+1,2026-02-24,2026-02-24,-1.368,31.32
23/02/2026,2026-02-23,D+2,2026-02-25,2026-02-25,-1.421,
23/02/2026,2026-02-23,D+3,2026-02-26,2026-02-26,-1.474,
23/02/2026,2026-02-23,W,2026-10-01,2027-03-31,-0.846,
23/02/2026,2026-02-23,BoM,2026-02-24,2026-02-28,-1.444,
23/02/2026,2026-02-23,M+1,2026-03-01,2026-03-31,-2.4,
23/02/2026,2026-02-23,M+2,2026-04-01,2026-04-30,-1.95,
23/02/2026,2026-02-23,M+3,2026-05-01,2026-05-31,-0.905,
23/02/2026,2026-02-23,Q+1,2026-04-01,2026-06-30,-1.475,
23/02/2026,2026-02-23,Q+2,2026-07-01,2026-09-30,-0.874,
23/02/2026,2026-02-23,Q+3,2026-10-01,2026-12-31,-0.901,
23/02/2026,2026-02-23,Q+4,2027-01-01,2027-03-31,-0.775,
23/02/2026,2026-02-23,S,2027-04-01,2027-09-30,-0.708,
23/02/2026,2026-02-23,Y+1,2027-01-01,2027-12-31,-0.762,
23/02/2026,2026-02-23,Y+2,2028-01-01,2028-12-31,-0.622,
24/02/2026,2026-02-24,D+1,2026-02-25,2026-02-25,-1.369,30.61
24/02/2026,2026-02-24,D+2,2026-02-26,2026-02-26,-1.413,
24/02/2026,2026-02-24,D+3,2026-02-27,2026-02-27,-1.458,
24/02/2026,2026-02-24,W,2026-10-01,2027-03-31,-0.901,
24/02/2026,2026-02-24,BoM,2026-02-25,2026-02-28,-1.418,
24/02/2026,2026-02-24,M+1,2026-03-01,2026-03-31,-2.3,
24/02/2026,2026-02-24,M+2,2026-04-01,2026-04-30,-1.9,
24/02/2026,2026-02-24,M+3,2026-05-01,2026-05-31,-1.323,
24/02/2026,2026-02-24,Q+1,2026-04-01,2026-06-30,-1.5,
24/02/2026,2026-02-24,Q+2,2026-07-01,2026-09-30,-0.9,
24/02/2026,2026-02-24,Q+3,2026-10-01,2026-12-31,-0.93,
24/02/2026,2026-02-24,Q+4,2027-01-01,2027-03-31,-0.903,
24/02/2026,2026-02-24,S,2027-04-01,2027-09-30,-0.722,
24/02/2026,2026-02-24,Y+1,2027-01-01,2027-12-31,-0.762,
24/02/2026,2026-02-24,Y+2,2028-01-01,2028-12-31,-0.636,
25/02/2026,2026-02-25,D+1,2026-02-26,2026-02-26,-1.185,30.49
25/02/2026,2026-02-25,D+2,2026-02-27,2026-02-27,-1.234,
25/02/2026,2026-02-25,D+3,2026-02-28,2026-02-28,-1.284,
25/02/2026,2026-02-25,W,2026-10-01,2027-03-31,-0.803,
25/02/2026,2026-02-25,M+1,2026-03-01,2026-03-31,-2.0,
25/02/2026,2026-02-25,M+2,2026-04-01,2026-04-30,-1.85,
25/02/2026,2026-02-25,M+3,2026-05-01,2026-05-31,-1.222,
25/02/2026,2026-02-25,Q+1,2026-04-01,2026-06-30,-1.475,
25/02/2026,2026-02-25,Q+2,2026-07-01,2026-09-30,-0.846,
25/02/2026,2026-02-25,Q+3,2026-10-01,2026-12-31,-0.876,
25/02/2026,2026-02-25,Q+4,2027-01-01,2027-03-31,-0.783,
25/02/2026,2026-02-25,S,2027-04-01,2027-09-30,-0.636,
25/02/2026,2026-02-25,Y+1,2027-01-01,2027-12-31,-0.75,
25/02/2026,2026-02-25,Y+2,2028-01-01,2028-12-31,-0.602,
26/02/2026,2026-02-26,D+1,2026-02-27,2026-02-27,-1.433,31.54
26/02/2026,2026-02-26,D+2,2026-02-28,2026-02-28,-1.45,
26/02/2026,2026-02-26,D+3,2026-03-01,2026-03-01,-1.467,
26/02/2026,2026-02-26,W,2026-10-01,2027-03-31,-0.9,
26/02/2026,2026-02-26,M+1,2026-03-01,2026-03-31,-1.713,
26/02/2026,2026-02-26,M+2,2026-04-01,2026-04-30,-1.85,
26/02/2026,2026-02-26,M+3,2026-05-01,2026-05-31,-1.119,
26/02/2026,2026-02-26,Q+1,2026-04-01,2026-06-30,-1.45,
26/02/2026,2026-02-26,Q+2,2026-07-01,2026-09-30,-1.027,
26/02/2026,2026-02-26,Q+3,2026-10-01,2026-12-31,-1.036,
26/02/2026,2026-02-26,Q+4,2027-01-01,2027-03-31,-0.812,
26/02/2026,2026-02-26,S,2027-04-01,2027-09-30,-0.697,
26/02/2026,2026-02-26,Y+1,2027-01-01,2027-12-31,-0.75,
26/02/2026,2026-02-26,Y+2,2028-01-01,2028-12-31,-0.656,
27/02/2026,2026-02-27,D+1,2026-02-28,2026-02-28,-1.551,31.66
27/02/2026,2026-02-27,D+2,2026-03-01,2026-03-01,-1.562,
27/02/2026,2026-02-27,D+3,2026-03-02,2026-03-02,-1.572,
27/02/2026,2026-02-27,W,2026-10-01,2027-03-31,-2.311,
27/02/2026,2026-02-27,M+1,2026-03-01,2026-03-31,-1.713,
27/02/2026,2026-02-27,M+2,2026-04-01,2026-04-30,-2.362,
27/02/2026,2026-02-27,M+3,2026-05-01,2026-05-31,-2.301,
27/02/2026,2026-02-27,Q+1,2026-04-01,2026-06-30,-1.475,
27/02/2026,2026-02-27,Q+2,2026-07-01,2026-09-30,-2.305,
27/02/2026,2026-02-27,Q+3,2026-10-01,2026-12-31,-2.32,
27/02/2026,2026-02-27,Q+4,2027-01-01,2027-03-31,-2.271,
27/02/2026,2026-02-27,S,2027-04-01,2027-09-30,-1.951,
27/02/2026,2026-02-27,Y+1,2027-01-01,2027-12-31,-0.762,
27/02/2026,2026-02-27,Y+2,2028-01-01,2028-12-31,-1.8,
02/03/2026,2026-03-02,D+1,2026-03-03,2026-03-03,-0.888,43.81
02/03/2026,2026-03-02,D+2,2026-03-04,2026-03-04,-0.887,
02/03/2026,2026-03-02,D+3,2026-03-05,2026-03-05,-0.886,
02/03/2026,2026-03-02,W,2026-10-01,2027-03-31,-0.72,
02/03/2026,2026-03-02,BoM,2026-03-03,2026-03-31,-0.831,
02/03/2026,2026-03-02,M+1,2026-04-01,2026-04-30,-0.854,
02/03/2026,2026-03-02,M+2,2026-05-01,2026-05-31,-0.842,
02/03/2026,2026-03-02,M+3,2026-06-01,2026-06-30,-0.769,
02/03/2026,2026-03-02,Q+1,2026-04-01,2026-06-30,-0.812,
02/03/2026,2026-03-02,Q+2,2026-07-01,2026-09-30,-0.656,
02/03/2026,2026-03-02,Q+3,2026-10-01,2026-12-31,-0.667,
02/03/2026,2026-03-02,Q+4,2027-01-01,2027-03-31,-0.772,
02/03/2026,2026-03-02,S,2027-04-01,2027-09-30,-0.644,
02/03/2026,2026-03-02,Y+1,2027-01-01,2027-12-31,-0.762,
02/03/2026,2026-03-02,Y+2,2028-01-01,2028-12-31,-0.615,
03/03/2026,2026-03-03,D+1,2026-03-04,2026-03-04,0.397,53.78
03/03/2026,2026-03-03,D+2,2026-03-05,2026-03-05,0.34,
03/03/2026,2026-03-03,D+3,2026-03-06,2026-03-06,0.283,
03/03/2026,2026-03-03,W,2026-10-01,2027-03-31,-1.586,
03/03/2026,2026-03-03,BoM,2026-03-04,2026-03-31,1.133,
03/03/2026,2026-03-03,M+1,2026-04-01,2026-04-30,-1.99,
03/03/2026,2026-03-03,M+2,2026-05-01,2026-05-31,-1.914,
03/03/2026,2026-03-03,M+3,2026-06-01,2026-06-30,-1.956,
03/03/2026,2026-03-03,Q+1,2026-04-01,2026-06-30,-1.969,
03/03/2026,2026-03-03,Q+2,2026-07-01,2026-09-30,-1.758,
03/03/2026,2026-03-03,Q+3,2026-10-01,2026-12-31,-1.64,
03/03/2026,2026-03-03,Q+4,2027-01-01,2027-03-31,-1.477,
03/03/2026,2026-03-03,S,2027-04-01,2027-09-30,-1.071,
03/03/2026,2026-03-03,Y+1,2027-01-01,2027-12-31,-1.129,
03/03/2026,2026-03-03,Y+2,2028-01-01,2028-12-31,-0.79,
04/03/2026,2026-03-04,D+1,2026-03-05,2026-03-05,1.329,47.77
04/03/2026,2026-03-04,D+2,2026-03-06,2026-03-06,1.263,
04/03/2026,2026-03-04,D+3,2026-03-07,2026-03-07,1.196,
04/03/2026,2026-03-04,W,2026-10-01,2027-03-31,-0.04,
04/03/2026,2026-03-04,BoM,2026-03-05,2026-03-31,0.499,
04/03/2026,2026-03-04,M+1,2026-04-01,2026-04-30,-1.396,
04/03/2026,2026-03-04,M+2,2026-05-01,2026-05-31,-0.169,
04/03/2026,2026-03-04,M+3,2026-06-01,2026-06-30,-0.011,
04/03/2026,2026-03-04,Q+1,2026-04-01,2026-06-30,-0.525,
04/03/2026,2026-03-04,Q+2,2026-07-01,2026-09-30,0.097,
04/03/2026,2026-03-04,Q+3,2026-10-01,2026-12-31,0.03,
04/03/2026,2026-03-04,Q+4,2027-01-01,2027-03-31,-0.099,
04/03/2026,2026-03-04,S,2027-04-01,2027-09-30,-0.041,
04/03/2026,2026-03-04,Y+1,2027-01-01,2027-12-31,-0.044,
04/03/2026,2026-03-04,Y+2,2028-01-01,2028-12-31,-0.047,
05/03/2026,2026-03-05,D+1,2026-03-06,2026-03-06,0.765,49.82
05/03/2026,2026-03-05,D+2,2026-03-07,2026-03-07,0.72,
05/03/2026,2026-03-05,D+3,2026-03-08,2026-03-08,0.675,
05/03/2026,2026-03-05,W,2026-10-01,2027-03-31,-1.105,
05/03/2026,2026-03-05,BoM,2026-03-06,2026-03-31,-0.098,
05/03/2026,2026-03-05,M+1,2026-04-01,2026-04-30,-1.034,
05/03/2026,2026-03-05,M+2,2026-05-01,2026-05-31,-0.165,
05/03/2026,2026-03-05,M+3,2026-06-01,2026-06-30,-0.441,
05/03/2026,2026-03-05,Q+1,2026-04-01,2026-06-30,-0.479,
05/03/2026,2026-03-05,Q+2,2026-07-01,2026-09-30,-0.609,
05/03/2026,2026-03-05,Q+3,2026-10-01,2026-12-31,-0.681,
05/03/2026,2026-03-05,Q+4,2027-01-01,2027-03-31,-1.503,
05/03/2026,2026-03-05,S,2027-04-01,2027-09-30,-0.903,
05/03/2026,2026-03-05,Y+1,2027-01-01,2027-12-31,-1.004,
05/03/2026,2026-03-05,Y+2,2028-01-01,2028-12-31,-0.767,
06/03/2026,2026-03-06,D+1,2026-03-07,2026-03-07,0.019,51.46
06/03/2026,2026-03-06,D+2,2026-03-08,2026-03-08,0.023,
06/03/2026,2026-03-06,D+3,2026-03-09,2026-03-09,0.026,
06/03/2026,2026-03-06,W,2026-10-01,2027-03-31,-0.703,
06/03/2026,2026-03-06,BoM,2026-03-07,2026-03-31,-1.81,
06/03/2026,2026-03-06,M+1,2026-04-01,2026-04-30,0.15,
06/03/2026,2026-03-06,M+2,2026-05-01,2026-05-31,-0.375,
06/03/2026,2026-03-06,M+3,2026-06-01,2026-06-30,-0.773,
06/03/2026,2026-03-06,Q+1,2026-04-01,2026-06-30,-0.336,
06/03/2026,2026-03-06,Q+2,2026-07-01,2026-09-30,-0.929,
06/03/2026,2026-03-06,Q+3,2026-10-01,2026-12-31,-0.926,
06/03/2026,2026-03-06,Q+4,2027-01-01,2027-03-31,-0.463,
06/03/2026,2026-03-06,S,2027-04-01,2027-09-30,-0.644,
06/03/2026,2026-03-06,Y+1,2027-01-01,2027-12-31,-0.637,
06/03/2026,2026-03-06,Y+2,2028-01-01,2028-12-31,-0.477,
09/03/2026,2026-03-09,D+1,2026-03-10,2026-03-10,0.181,55.86
09/03/2026,2026-03-09,D+2,2026-03-11,2026-03-11,0.162,
09/03/2026,2026-03-09,D+3,2026-03-12,2026-03-12,0.143,
09/03/2026,2026-03-09,W,2026-10-01,2027-03-31,-0.043,
09/03/2026,2026-03-09,BoM,2026-03-10,2026-03-31,-0.011,
09/03/2026,2026-03-09,M+1,2026-04-01,2026-04-30,-0.511,
09/03/2026,2026-03-09,M+2,2026-05-01,2026-05-31,0.54,
09/03/2026,2026-03-09,M+3,2026-06-01,2026-06-30,0.517,
09/03/2026,2026-03-09,Q+1,2026-04-01,2026-06-30,0.16,
09/03/2026,2026-03-09,Q+2,2026-07-01,2026-09-30,-0.025,
09/03/2026,2026-03-09,Q+3,2026-10-01,2026-12-31,0.024,
09/03/2026,2026-03-09,Q+4,2027-01-01,2027-03-31,-0.07,
09/03/2026,2026-03-09,S,2027-04-01,2027-09-30,0.047,
09/03/2026,2026-03-09,Y+1,2027-01-01,2027-12-31,-0.048,
09/03/2026,2026-03-09,Y+2,2028-01-01,2028-12-31,-0.029,
10/03/2026,2026-03-10,D+1,2026-03-11,2026-03-11,-0.099,46.57
10/03/2026,2026-03-10,D+2,2026-03-12,2026-03-12,-0.096,
10/03/2026,2026-03-10,D+3,2026-03-13,2026-03-13,-0.092,
10/03/2026,2026-03-10,W,2026-10-01,2027-03-31,0.141,
10/03/2026,2026-03-10,BoM,2026-03-11,2026-03-31,-0.068,
10/03/2026,2026-03-10,M+1,2026-04-01,2026-04-30,0.015,
10/03/2026,2026-03-10,M+2,2026-05-01,2026-05-31,0.235,
10/03/2026,2026-03-10,M+3,2026-06-01,2026-06-30,0.223,
10/03/2026,2026-03-10,Q+1,2026-04-01,2026-06-30,0.168,
10/03/2026,2026-03-10,Q+2,2026-07-01,2026-09-30,0.188,
10/03/2026,2026-03-10,Q+3,2026-10-01,2026-12-31,0.135,
10/03/2026,2026-03-10,Q+4,2027-01-01,2027-03-31,0.094,
10/03/2026,2026-03-10,S,2027-04-01,2027-09-30,-0.011,
10/03/2026,2026-03-10,Y+1,2027-01-01,2027-12-31,0.023,
10/03/2026,2026-03-10,Y+2,2028-01-01,2028-12-31,0.011,
11/03/2026,2026-03-11,D+1,2026-03-12,2026-03-12,-0.01,48.63
11/03/2026,2026-03-11,D+2,2026-03-13,2026-03-13,-0.028,
11/03/2026,2026-03-11,D+3,2026-03-14,2026-03-14,-0.046,
11/03/2026,2026-03-11,W,2026-10-01,2027-03-31,-0.696,
11/03/2026,2026-03-11,BoM,2026-03-12,2026-03-31,0.111,
11/03/2026,2026-03-11,M+1,2026-04-01,2026-04-30,-0.621,
11/03/2026,2026-03-11,M+2,2026-05-01,2026-05-31,-0.567,
11/03/2026,2026-03-11,M+3,2026-06-01,2026-06-30,-0.632,
11/03/2026,2026-03-11,Q+1,2026-04-01,2026-06-30,-0.705,
11/03/2026,2026-03-11,Q+2,2026-07-01,2026-09-30,-0.7,
11/03/2026,2026-03-11,Q+3,2026-10-01,2026-12-31,-0.732,
11/03/2026,2026-03-11,Q+4,2027-01-01,2027-03-31,-0.668,
11/03/2026,2026-03-11,S,2027-04-01,2027-09-30,-0.507,
11/03/2026,2026-03-11,Y+1,2027-01-01,2027-12-31,-0.602,
11/03/2026,2026-03-11,Y+2,2028-01-01,2028-12-31,-0.454,
12/03/2026,2026-03-12,D+1,2026-03-13,2026-03-13,-1.256,49.99
12/03/2026,2026-03-12,D+2,2026-03-14,2026-03-14,-1.244,
12/03/2026,2026-03-12,D+3,2026-03-15,2026-03-15,-1.231,
12/03/2026,2026-03-12,W,2026-10-01,2027-03-31,-0.788,
12/03/2026,2026-03-12,BoM,2026-03-13,2026-03-31,-1.152,
12/03/2026,2026-03-12,M+1,2026-04-01,2026-04-30,-0.849,
12/03/2026,2026-03-12,M+2,2026-05-01,2026-05-31,-0.856,
12/03/2026,2026-03-12,M+3,2026-06-01,2026-06-30,-0.911,
12/03/2026,2026-03-12,Q+1,2026-04-01,2026-06-30,-0.883,
12/03/2026,2026-03-12,Q+2,2026-07-01,2026-09-30,-0.833,
12/03/2026,2026-03-12,Q+3,2026-10-01,2026-12-31,-0.888,
12/03/2026,2026-03-12,Q+4,2027-01-01,2027-03-31,-0.775,
12/03/2026,2026-03-12,S,2027-04-01,2027-09-30,-0.549,
12/03/2026,2026-03-12,Y+1,2027-01-01,2027-12-31,-0.621,
12/03/2026,2026-03-12,Y+2,2028-01-01,2028-12-31,-0.422,
13/03/2026,2026-03-13,D+1,2026-03-14,2026-03-14,-2.852,50.81
13/03/2026,2026-03-13,D+2,2026-03-15,2026-03-15,-2.804,
13/03/2026,2026-03-13,D+3,2026-03-16,2026-03-16,-2.757,
13/03/2026,2026-03-13,W,2026-10-01,2027-03-31,-1.329,
13/03/2026,2026-03-13,BoM,2026-03-14,2026-03-31,-2.473,
13/03/2026,2026-03-13,M+1,2026-04-01,2026-04-30,-1.337,
13/03/2026,2026-03-13,M+2,2026-05-01,2026-05-31,-1.382,
13/03/2026,2026-03-13,M+3,2026-06-01,2026-06-30,-1.422,
13/03/2026,2026-03-13,Q+1,2026-04-01,2026-06-30,-1.422,
13/03/2026,2026-03-13,Q+2,2026-07-01,2026-09-30,-1.406,
13/03/2026,2026-03-13,Q+3,2026-10-01,2026-12-31,-1.333,
13/03/2026,2026-03-13,Q+4,2027-01-01,2027-03-31,-1.257,
13/03/2026,2026-03-13,S,2027-04-01,2027-09-30,-0.769,
13/03/2026,2026-03-13,Y+1,2027-01-01,2027-12-31,-0.913,
13/03/2026,2026-03-13,Y+2,2028-01-01,2028-12-31,-0.518,
16/03/2026,2026-03-16,D+1,2026-03-17,2026-03-17,-1.72,51.0
16/03/2026,2026-03-16,D+2,2026-03-18,2026-03-18,-1.694,
16/03/2026,2026-03-16,D+3,2026-03-19,2026-03-19,-1.668,
16/03/2026,2026-03-16,W,2026-10-01,2027-03-31,-0.863,
16/03/2026,2026-03-16,BoM,2026-03-17,2026-03-31,-1.552,
16/03/2026,2026-03-16,M+1,2026-04-01,2026-04-30,-0.968,
16/03/2026,2026-03-16,M+2,2026-05-01,2026-05-31,-0.941,
16/03/2026,2026-03-16,M+3,2026-06-01,2026-06-30,-0.96,
16/03/2026,2026-03-16,Q+1,2026-04-01,2026-06-30,-0.992,
16/03/2026,2026-03-16,Q+2,2026-07-01,2026-09-30,-0.936,
16/03/2026,2026-03-16,Q+3,2026-10-01,2026-12-31,-0.88,
16/03/2026,2026-03-16,Q+4,2027-01-01,2027-03-31,-0.774,
16/03/2026,2026-03-16,S,2027-04-01,2027-09-30,-0.592,
16/03/2026,2026-03-16,Y+1,2027-01-01,2027-12-31,-0.62,
16/03/2026,2026-03-16,Y+2,2028-01-01,2028-12-31,-0.403,
17/03/2026,2026-03-17,D+1,2026-03-18,2026-03-18,-0.509,51.26
17/03/2026,2026-03-17,D+2,2026-03-19,2026-03-19,-0.51,
17/03/2026,2026-03-17,D+3,2026-03-20,2026-03-20,-0.511,
17/03/2026,2026-03-17,W,2026-10-01,2027-03-31,-0.545,
17/03/2026,2026-03-17,BoM,2026-03-18,2026-03-31,-0.515,
17/03/2026,2026-03-17,M+1,2026-04-01,2026-04-30,-0.538,
17/03/2026,2026-03-17,M+2,2026-05-01,2026-05-31,-0.561,
17/03/2026,2026-03-17,M+3,2026-06-01,2026-06-30,-0.544,
17/03/2026,2026-03-17,Q+1,2026-04-01,2026-06-30,-0.534,
17/03/2026,2026-03-17,Q+2,2026-07-01,2026-09-30,-0.55,
17/03/2026,2026-03-17,Q+3,2026-10-01,2026-12-31,-0.574,
17/03/2026,2026-03-17,Q+4,2027-01-01,2027-03-31,-0.54,
17/03/2026,2026-03-17,S,2027-04-01,2027-09-30,-0.522,
17/03/2026,2026-03-17,Y+1,2027-01-01,2027-12-31,-0.478,
17/03/2026,2026-03-17,Y+2,2028-01-01,2028-12-31,-0.485,
18/03/2026,2026-03-18,D+1,2026-03-19,2026-03-19,-0.233,53.98
18/03/2026,2026-03-18,D+2,2026-03-20,2026-03-20,-0.247,
18/03/2026,2026-03-18,D+3,2026-03-21,2026-03-21,-0.26,
18/03/2026,2026-03-18,W,2026-10-01,2027-03-31,-0.976,
18/03/2026,2026-03-18,BoM,2026-03-19,2026-03-31,-0.255,
18/03/2026,2026-03-18,M+1,2026-04-01,2026-04-30,-0.6,
18/03/2026,2026-03-18,M+2,2026-05-01,2026-05-31,-0.925,
18/03/2026,2026-03-18,M+3,2026-06-01,2026-06-30,-1.439,
18/03/2026,2026-03-18,Q+1,2026-04-01,2026-06-30,-0.923,
18/03/2026,2026-03-18,Q+2,2026-07-01,2026-09-30,-0.995,
18/03/2026,2026-03-18,Q+3,2026-10-01,2026-12-31,-0.954,
18/03/2026,2026-03-18,Q+4,2027-01-01,2027-03-31,-1.026,
18/03/2026,2026-03-18,S,2027-04-01,2027-09-30,-0.854,
18/03/2026,2026-03-18,Y+1,2027-01-01,2027-12-31,-0.725,
18/03/2026,2026-03-18,Y+2,2028-01-01,2028-12-31,-0.559,
19/03/2026,2026-03-19,D+1,2026-03-20,2026-03-20,-0.058,61.42
19/03/2026,2026-03-19,D+2,2026-03-21,2026-03-21,-0.137,
19/03/2026,2026-03-19,D+3,2026-03-22,2026-03-22,-0.216,
19/03/2026,2026-03-19,W,2026-10-01,2027-03-31,-2.059,
19/03/2026,2026-03-19,BoM,2026-03-20,2026-03-31,-0.453,
19/03/2026,2026-03-19,M+1,2026-04-01,2026-04-30,-2.116,
19/03/2026,2026-03-19,M+2,2026-05-01,2026-05-31,-2.261,
19/03/2026,2026-03-19,M+3,2026-06-01,2026-06-30,-2.131,
19/03/2026,2026-03-19,Q+1,2026-04-01,2026-06-30,-2.122,
19/03/2026,2026-03-19,Q+2,2026-07-01,2026-09-30,-2.089,
19/03/2026,2026-03-19,Q+3,2026-10-01,2026-12-31,-2.123,
19/03/2026,2026-03-19,Q+4,2027-01-01,2027-03-31,-2.046,
19/03/2026,2026-03-19,S,2027-04-01,2027-09-30,-1.688,
19/03/2026,2026-03-19,Y+1,2027-01-01,2027-12-31,-1.768,
19/03/2026,2026-03-19,Y+2,2028-01-01,2028-12-31,-1.009,
20/03/2026,2026-03-20,D+1,2026-03-21,2026-03-21,0.1,57.93
20/03/2026,2026-03-20,D+2,2026-03-22,2026-03-22,0.078,
20/03/2026,2026-03-20,D+3,2026-03-23,2026-03-23,0.056,
20/03/2026,2026-03-20,W,2026-10-01,2027-03-31,-0.459,
20/03/2026,2026-03-20,BoM,2026-03-21,2026-03-31,0.549,
20/03/2026,2026-03-20,M+1,2026-04-01,2026-04-30,-0.454,
20/03/2026,2026-03-20,M+2,2026-05-01,2026-05-31,-0.493,
20/03/2026,2026-03-20,M+3,2026-06-01,2026-06-30,-0.443,
20/03/2026,2026-03-20,Q+1,2026-04-01,2026-06-30,-0.573,
20/03/2026,2026-03-20,Q+2,2026-07-01,2026-09-30,-0.565,
20/03/2026,2026-03-20,Q+3,2026-10-01,2026-12-31,-0.54,
20/03/2026,2026-03-20,Q+4,2027-01-01,2027-03-31,-0.488,
20/03/2026,2026-03-20,S,2027-04-01,2027-09-30,-0.463,
20/03/2026,2026-03-20,Y+1,2027-01-01,2027-12-31,-0.474,
20/03/2026,2026-03-20,Y+2,2028-01-01,2028-12-31,-0.327,
23/03/2026,2026-03-23,D+1,2026-03-24,2026-03-24,0.152,56.6
23/03/2026,2026-03-23,D+2,2026-03-25,2026-03-25,0.067,
23/03/2026,2026-03-23,D+3,2026-03-26,2026-03-26,-0.018,
23/03/2026,2026-03-23,W,2026-10-01,2027-03-31,-1.701,
23/03/2026,2026-03-23,BoM,2026-03-24,2026-03-31,4.334,
23/03/2026,2026-03-23,M+1,2026-04-01,2026-04-30,-1.719,
23/03/2026,2026-03-23,M+2,2026-05-01,2026-05-31,-1.712,
23/03/2026,2026-03-23,M+3,2026-06-01,2026-06-30,-1.675,
23/03/2026,2026-03-23,Q+1,2026-04-01,2026-06-30,-1.65,
23/03/2026,2026-03-23,Q+2,2026-07-01,2026-09-30,-0.85,
23/03/2026,2026-03-23,Q+3,2026-10-01,2026-12-31,-1.745,
23/03/2026,2026-03-23,Q+4,2027-01-01,2027-03-31,-1.722,
23/03/2026,2026-03-23,S,2027-04-01,2027-09-30,-1.107,
23/03/2026,2026-03-23,Y+1,2027-01-01,2027-12-31,-1.361,
23/03/2026,2026-03-23,Y+2,2028-01-01,2028-12-31,-0.969,
24/03/2026,2026-03-24,D+1,2026-03-25,2026-03-25,-0.47,52.87
24/03/2026,2026-03-24,D+2,2026-03-26,2026-03-26,-0.439,
24/03/2026,2026-03-24,D+3,2026-03-27,2026-03-27,-0.409,
24/03/2026,2026-03-24,W,2026-10-01,2027-03-31,-0.056,
24/03/2026,2026-03-24,BoM,2026-03-25,2026-03-31,-0.394,
24/03/2026,2026-03-24,M+1,2026-04-01,2026-04-30,0.171,
24/03/2026,2026-03-24,M+2,2026-05-01,2026-05-31,0.13,
24/03/2026,2026-03-24,M+3,2026-06-01,2026-06-30,0.102,
24/03/2026,2026-03-24,Q+1,2026-04-01,2026-06-30,0.169,
24/03/2026,2026-03-24,Q+2,2026-07-01,2026-09-30,0.131,
24/03/2026,2026-03-24,Q+3,2026-10-01,2026-12-31,-0.027,
24/03/2026,2026-03-24,Q+4,2027-01-01,2027-03-31,-0.045,
24/03/2026,2026-03-24,S,2027-04-01,2027-09-30,-0.281,
24/03/2026,2026-03-24,Y+1,2027-01-01,2027-12-31,-0.257,
24/03/2026,2026-03-24,Y+2,2028-01-01,2028-12-31,-0.313,
25/03/2026,2026-03-25,D+1,2026-03-26,2026-03-26,-0.739,52.52
25/03/2026,2026-03-25,D+2,2026-03-27,2026-03-27,-0.729,
25/03/2026,2026-03-25,D+3,2026-03-28,2026-03-28,-0.718,
25/03/2026,2026-03-25,W,2026-10-01,2027-03-31,-0.561,
25/03/2026,2026-03-25,BoM,2026-03-26,2026-03-31,-0.718,
25/03/2026,2026-03-25,M+1,2026-04-01,2026-04-30,-0.532,
25/03/2026,2026-03-25,M+2,2026-05-01,2026-05-31,-0.54,
25/03/2026,2026-03-25,M+3,2026-06-01,2026-06-30,-0.534,
25/03/2026,2026-03-25,Q+1,2026-04-01,2026-06-30,-0.594,
25/03/2026,2026-03-25,Q+2,2026-07-01,2026-09-30,-0.532,
25/03/2026,2026-03-25,Q+3,2026-10-01,2026-12-31,-0.577,
25/03/2026,2026-03-25,Q+4,2027-01-01,2027-03-31,-0.617,
25/03/2026,2026-03-25,S,2027-04-01,2027-09-30,-0.52,
25/03/2026,2026-03-25,Y+1,2027-01-01,2027-12-31,-0.521,
25/03/2026,2026-03-25,Y+2,2028-01-01,2028-12-31,-0.486,
26/03/2026,2026-03-26,D+1,2026-03-27,2026-03-27,-1.191,55.43
26/03/2026,2026-03-26,D+2,2026-03-28,2026-03-28,-1.195,
26/03/2026,2026-03-26,D+3,2026-03-29,2026-03-29,-1.199,
26/03/2026,2026-03-26,W,2026-10-01,2027-03-31,-1.269,
26/03/2026,2026-03-26,BoM,2026-03-27,2026-03-31,-1.197,
26/03/2026,2026-03-26,M+1,2026-04-01,2026-04-30,-1.271,
26/03/2026,2026-03-26,M+2,2026-05-01,2026-05-31,-1.281,
26/03/2026,2026-03-26,M+3,2026-06-01,2026-06-30,-1.3,
26/03/2026,2026-03-26,Q+1,2026-04-01,2026-06-30,-1.278,
26/03/2026,2026-03-26,Q+2,2026-07-01,2026-09-30,-1.285,
26/03/2026,2026-03-26,Q+3,2026-10-01,2026-12-31,-1.289,
26/03/2026,2026-03-26,Q+4,2027-01-01,2027-03-31,-1.24,
26/03/2026,2026-03-26,S,2027-04-01,2027-09-30,-0.789,
26/03/2026,2026-03-26,Y+1,2027-01-01,2027-12-31,-0.871,
26/03/2026,2026-03-26,Y+2,2028-01-01,2028-12-31,-0.544,
27/03/2026,2026-03-27,D+1,2026-03-28,2026-03-28,-1.256,54.12
27/03/2026,2026-03-27,D+2,2026-03-29,2026-03-29,-1.235,
27/03/2026,2026-03-27,D+3,2026-03-30,2026-03-30,-1.214,
27/03/2026,2026-03-27,W,2026-10-01,2027-03-31,-1.015,
27/03/2026,2026-03-27,BoM,2026-03-28,2026-03-31,-1.235,
27/03/2026,2026-03-27,M+1,2026-04-01,2026-04-30,-0.875,
27/03/2026,2026-03-27,M+2,2026-05-01,2026-05-31,-0.91,
27/03/2026,2026-03-27,M+3,2026-06-01,2026-06-30,-0.902,
27/03/2026,2026-03-27,Q+1,2026-04-01,2026-06-30,-0.914,
27/03/2026,2026-03-27,Q+2,2026-07-01,2026-09-30,-0.925,
27/03/2026,2026-03-27,Q+3,2026-10-01,2026-12-31,-0.996,
27/03/2026,2026-03-27,Q+4,2027-01-01,2027-03-31,-0.997,
27/03/2026,2026-03-27,S,2027-04-01,2027-09-30,-0.721,
27/03/2026,2026-03-27,Y+1,2027-01-01,2027-12-31,-0.798,
27/03/2026,2026-03-27,Y+2,2028-01-01,2028-12-31,-0.391,
30/03/2026,2026-03-30,D+1,2026-03-31,2026-03-31,-2.74,55.07
30/03/2026,2026-03-30,D+2,2026-04-01,2026-04-01,-2.655,
30/03/2026,2026-03-30,D+3,2026-04-02,2026-04-02,-2.57,
30/03/2026,2026-03-30,W,2026-10-01,2027-03-31,-1.517,
30/03/2026,2026-03-30,M+1,2026-04-01,2026-04-30,-1.462,
30/03/2026,2026-03-30,M+2,2026-05-01,2026-05-31,-1.553,
30/03/2026,2026-03-30,M+3,2026-06-01,2026-06-30,-1.594,
30/03/2026,2026-03-30,Q+1,2026-04-01,2026-06-30,-1.55,
30/03/2026,2026-03-30,Q+2,2026-07-01,2026-09-30,-1.549,
30/03/2026,2026-03-30,Q+3,2026-10-01,2026-12-31,-1.528,
30/03/2026,2026-03-30,Q+4,2027-01-01,2027-03-31,-1.475,
30/03/2026,2026-03-30,S,2027-04-01,2027-09-30,-1.278,
30/03/2026,2026-03-30,Y+1,2027-01-01,2027-12-31,-1.261,
30/03/2026,2026-03-30,Y+2,2028-01-01,2028-12-31,-0.919,
31/03/2026,2026-03-31,D+1,2026-04-01,2026-04-01,-3.238,51.11
31/03/2026,2026-03-31,D+2,2026-04-02,2026-04-02,-3.111,
31/03/2026,2026-03-31,D+3,2026-04-03,2026-04-03,-2.984,
31/03/2026,2026-03-31,W,2026-10-01,2027-03-31,-0.681,
31/03/2026,2026-03-31,M+1,2026-04-01,2026-04-30,-1.462,
31/03/2026,2026-03-31,M+2,2026-05-01,2026-05-31,-1.301,
31/03/2026,2026-03-31,M+3,2026-06-01,2026-06-30,-1.308,
31/03/2026,2026-03-31,Q+2,2026-07-01,2026-09-30,-0.671,
31/03/2026,2026-03-31,Q+3,2026-10-01,2026-12-31,-0.703,
31/03/2026,2026-03-31,Q+4,2027-01-01,2027-03-31,-0.702,
31/03/2026,2026-03-31,S,2027-04-01,2027-09-30,-0.36,
31/03/2026,2026-03-31,Y+1,2027-01-01,2027-12-31,-0.446,
31/03/2026,2026-03-31,Y+2,2028-01-01,2028-12-31,-0.378,
01/04/2026,2026-04-01,D+1,2026-04-02,2026-04-02,-2.694,48.21
01/04/2026,2026-04-01,D+2,2026-04-03,2026-04-03,-2.656,
01/04/2026,2026-04-01,D+3,2026-04-04,2026-04-04,-2.619,
01/04/2026,2026-04-01,W,2027-10-01,2028-03-31,-0.84,
01/04/2026,2026-04-01,BoM,2026-04-02,2026-04-30,-2.185,
01/04/2026,2026-04-01,M+1,2026-05-01,2026-05-31,-1.054,
01/04/2026,2026-04-01,M+2,2026-06-01,2026-06-30,-0.573,
01/04/2026,2026-04-01,M+3,2026-07-01,2026-07-31,-0.606,
01/04/2026,2026-04-01,Q+1,2026-07-01,2026-09-30,-0.588,
01/04/2026,2026-04-01,Q+2,2026-10-01,2026-12-31,-1.103,
01/04/2026,2026-04-01,Q+3,2027-01-01,2027-03-31,-1.119,
01/04/2026,2026-04-01,Q+4,2027-04-01,2027-06-30,-0.709,
01/04/2026,2026-04-01,S,2027-04-01,2027-09-30,-0.858,
01/04/2026,2026-04-01,Y+1,2027-01-01,2027-12-31,-0.884,
01/04/2026,2026-04-01,Y+2,2028-01-01,2028-12-31,-0.844,
02/04/2026,2026-04-02,D+1,2026-04-03,2026-04-03,-2.694,50.32
02/04/2026,2026-04-02,D+2,2026-04-04,2026-04-04,-2.656,
02/04/2026,2026-04-02,D+3,2026-04-05,2026-04-05,-2.619,
02/04/2026,2026-04-02,W,2027-10-01,2028-03-31,-0.942,
02/04/2026,2026-04-02,BoM,2026-04-03,2026-04-30,-2.212,
02/04/2026,2026-04-02,M+1,2026-05-01,2026-05-31,-1.364,
02/04/2026,2026-04-02,M+2,2026-06-01,2026-06-30,-1.371,
02/04/2026,2026-04-02,M+3,2026-07-01,2026-07-31,-1.372,
02/04/2026,2026-04-02,Q+1,2026-07-01,2026-09-30,-1.365,
02/04/2026,2026-04-02,Q+2,2026-10-01,2026-12-31,-1.373,
02/04/2026,2026-04-02,Q+3,2027-01-01,2027-03-31,-1.383,
02/04/2026,2026-04-02,Q+4,2027-04-01,2027-06-30,-1.074,
02/04/2026,2026-04-02,S,2027-04-01,2027-09-30,-1.029,
02/04/2026,2026-04-02,Y+1,2027-01-01,2027-12-31,-1.076,
02/04/2026,2026-04-02,Y+2,2028-01-01,2028-12-31,-0.719,
07/04/2026,2026-04-07,D+1,2026-04-08,2026-04-08,-1.842,52.65
07/04/2026,2026-04-07,D+2,2026-04-09,2026-04-09,-1.814,
07/04/2026,2026-04-07,D+3,2026-04-10,2026-04-10,-1.785,
07/04/2026,2026-04-07,W,2027-10-01,2028-03-31,-0.769,
07/04/2026,2026-04-07,BoM,2026-04-08,2026-04-30,-1.495,
07/04/2026,2026-04-07,M+1,2026-05-01,2026-05-31,-0.775,
07/04/2026,2026-04-07,M+2,2026-06-01,2026-06-30,-0.475,
07/04/2026,2026-04-07,M+3,2026-07-01,2026-07-31,-0.554,
07/04/2026,2026-04-07,Q+1,2026-07-01,2026-09-30,-0.375,
07/04/2026,2026-04-07,Q+2,2026-10-01,2026-12-31,-1.047,
07/04/2026,2026-04-07,Q+3,2027-01-01,2027-03-31,-0.94,
07/04/2026,2026-04-07,Q+4,2027-04-01,2027-06-30,-0.8,
07/04/2026,2026-04-07,S,2027-04-01,2027-09-30,-0.826,
07/04/2026,2026-04-07,Y+1,2027-01-01,2027-12-31,-0.675,
07/04/2026,2026-04-07,Y+2,2028-01-01,2028-12-31,-0.698,
08/04/2026,2026-04-08,D+1,2026-04-09,2026-04-09,-1.992,46.0
08/04/2026,2026-04-08,D+2,2026-04-10,2026-04-10,-1.955,
08/04/2026,2026-04-08,D+3,2026-04-11,2026-04-11,-1.917,
08/04/2026,2026-04-08,W,2027-10-01,2028-03-31,-0.398,
08/04/2026,2026-04-08,BoM,2026-04-09,2026-04-30,-1.604,
08/04/2026,2026-04-08,M+1,2026-05-01,2026-05-31,-0.625,
08/04/2026,2026-04-08,M+2,2026-06-01,2026-06-30,-0.475,
08/04/2026,2026-04-08,M+3,2026-07-01,2026-07-31,-0.578,
08/04/2026,2026-04-08,Q+1,2026-07-01,2026-09-30,-0.425,
08/04/2026,2026-04-08,Q+2,2026-10-01,2026-12-31,-0.814,
08/04/2026,2026-04-08,Q+3,2027-01-01,2027-03-31,-0.78,
08/04/2026,2026-04-08,Q+4,2027-04-01,2027-06-30,-0.517,
08/04/2026,2026-04-08,S,2027-04-01,2027-09-30,-0.429,
08/04/2026,2026-04-08,Y+1,2027-01-01,2027-12-31,-0.525,
08/04/2026,2026-04-08,Y+2,2028-01-01,2028-12-31,-0.268,
09/04/2026,2026-04-09,D+1,2026-04-10,2026-04-10,-2.004,46.22
09/04/2026,2026-04-09,D+2,2026-04-11,2026-04-11,-1.972,
09/04/2026,2026-04-09,D+3,2026-04-12,2026-04-12,-1.94,
09/04/2026,2026-04-09,W,2027-10-01,2028-03-31,-0.634,
09/04/2026,2026-04-09,BoM,2026-04-10,2026-04-30,-1.653,
09/04/2026,2026-04-09,M+1,2026-05-01,2026-05-31,-0.875,
09/04/2026,2026-04-09,M+2,2026-06-01,2026-06-30,-0.625,
09/04/2026,2026-04-09,M+3,2026-07-01,2026-07-31,-0.232,
09/04/2026,2026-04-09,Q+1,2026-07-01,2026-09-30,-0.425,
09/04/2026,2026-04-09,Q+2,2026-10-01,2026-12-31,-0.888,
09/04/2026,2026-04-09,Q+3,2027-01-01,2027-03-31,-0.832,
09/04/2026,2026-04-09,Q+4,2027-04-01,2027-06-30,-0.752,
09/04/2026,2026-04-09,S,2027-04-01,2027-09-30,-0.722,
09/04/2026,2026-04-09,Y+1,2027-01-01,2027-12-31,-0.725,
09/04/2026,2026-04-09,Y+2,2028-01-01,2028-12-31,-0.786,
10/04/2026,2026-04-10,D+1,2026-04-11,2026-04-11,-2.749,44.91
10/04/2026,2026-04-10,D+2,2026-04-12,2026-04-12,-2.694,
10/04/2026,2026-04-10,D+3,2026-04-13,2026-04-13,-2.64,
10/04/2026,2026-04-10,W,2027-10-01,2028-03-31,-0.673,
10/04/2026,2026-04-10,BoM,2026-04-11,2026-04-30,-2.253,
10/04/2026,2026-04-10,M+1,2026-05-01,2026-05-31,-0.875,
10/04/2026,2026-04-10,M+2,2026-06-01,2026-06-30,-0.725,
10/04/2026,2026-04-10,M+3,2026-07-01,2026-07-31,-0.372,
10/04/2026,2026-04-10,Q+1,2026-07-01,2026-09-30,-0.425,
10/04/2026,2026-04-10,Q+2,2026-10-01,2026-12-31,-0.85,
10/04/2026,2026-04-10,Q+3,2027-01-01,2027-03-31,-0.835,
10/04/2026,2026-04-10,Q+4,2027-04-01,2027-06-30,-0.757,
10/04/2026,2026-04-10,S,2027-04-01,2027-09-30,-0.697,
10/04/2026,2026-04-10,Y+1,2027-01-01,2027-12-31,-0.725,
10/04/2026,2026-04-10,Y+2,2028-01-01,2028-12-31,-0.502,
13/04/2026,2026-04-13,D+1,2026-04-14,2026-04-14,-2.35,47.35
13/04/2026,2026-04-13,D+2,2026-04-15,2026-04-15,-2.305,
13/04/2026,2026-04-13,D+3,2026-04-16,2026-04-16,-2.26,
13/04/2026,2026-04-13,W,2027-10-01,2028-03-31,-0.478,
13/04/2026,2026-04-13,BoM,2026-04-14,2026-04-30,-2.012,
13/04/2026,2026-04-13,M+1,2026-05-01,2026-05-31,-0.925,
13/04/2026,2026-04-13,M+2,2026-06-01,2026-06-30,-0.775,
13/04/2026,2026-04-13,M+3,2026-07-01,2026-07-31,-0.427,
13/04/2026,2026-04-13,Q+1,2026-07-01,2026-09-30,-0.525,
13/04/2026,2026-04-13,Q+2,2026-10-01,2026-12-31,-0.305,
13/04/2026,2026-04-13,Q+3,2027-01-01,2027-03-31,-1.617,
13/04/2026,2026-04-13,Q+4,2027-04-01,2027-06-30,-0.545,
13/04/2026,2026-04-13,S,2027-04-01,2027-09-30,-0.539,
13/04/2026,2026-04-13,Y+1,2027-01-01,2027-12-31,-0.825,
13/04/2026,2026-04-13,Y+2,2028-01-01,2028-12-31,-0.454,
14/04/2026,2026-04-14,D+1,2026-04-15,2026-04-15,-1.625,43.28
14/04/2026,2026-04-14,D+2,2026-04-16,2026-04-16,-1.604,
14/04/2026,2026-04-14,D+3,2026-04-17,2026-04-17,-1.582,
14/04/2026,2026-04-14,W,2027-10-01,2028-03-31,-0.789,
14/04/2026,2026-04-14,BoM,2026-04-15,2026-04-30,-1.473,
14/04/2026,2026-04-14,M+1,2026-05-01,2026-05-31,-0.975,
14/04/2026,2026-04-14,M+2,2026-06-01,2026-06-30,-0.825,
14/04/2026,2026-04-14,M+3,2026-07-01,2026-07-31,-0.619,
14/04/2026,2026-04-14,Q+1,2026-07-01,2026-09-30,-0.525,
14/04/2026,2026-04-14,Q+2,2026-10-01,2026-12-31,-0.96,
14/04/2026,2026-04-14,Q+3,2027-01-01,2027-03-31,-0.933,
14/04/2026,2026-04-14,Q+4,2027-04-01,2027-06-30,-0.751,
14/04/2026,2026-04-14,S,2027-04-01,2027-09-30,-0.815,
14/04/2026,2026-04-14,Y+1,2027-01-01,2027-12-31,-0.825,
14/04/2026,2026-04-14,Y+2,2028-01-01,2028-12-31,-0.733,
15/04/2026,2026-04-15,D+1,2026-04-16,2026-04-16,-1.73,41.77
15/04/2026,2026-04-15,D+2,2026-04-17,2026-04-17,-1.703,
15/04/2026,2026-04-15,D+3,2026-04-18,2026-04-18,-1.675,
15/04/2026,2026-04-15,W,2027-10-01,2028-03-31,-0.767,
15/04/2026,2026-04-15,BoM,2026-04-16,2026-04-30,-1.535,
15/04/2026,2026-04-15,M+1,2026-05-01,2026-05-31,-0.925,
15/04/2026,2026-04-15,M+2,2026-06-01,2026-06-30,-0.825,
15/04/2026,2026-04-15,M+3,2026-07-01,2026-07-31,-0.68,
15/04/2026,2026-04-15,Q+1,2026-07-01,2026-09-30,-0.525,
15/04/2026,2026-04-15,Q+2,2026-10-01,2026-12-31,-1.054,
15/04/2026,2026-04-15,Q+3,2027-01-01,2027-03-31,-1.089,
15/04/2026,2026-04-15,Q+4,2027-04-01,2027-06-30,-0.82,
15/04/2026,2026-04-15,S,2027-04-01,2027-09-30,-0.821,
15/04/2026,2026-04-15,Y+1,2027-01-01,2027-12-31,-0.825,
15/04/2026,2026-04-15,Y+2,2028-01-01,2028-12-31,-0.666,
16/04/2026,2026-04-16,D+1,2026-04-17,2026-04-17,-1.33,42.5
16/04/2026,2026-04-16,D+2,2026-04-18,2026-04-18,-1.311,
16/04/2026,2026-04-16,D+3,2026-04-19,2026-04-19,-1.291,
16/04/2026,2026-04-16,W,2027-10-01,2028-03-31,-0.761,
16/04/2026,2026-04-16,BoM,2026-04-17,2026-04-30,-1.226,
16/04/2026,2026-04-16,M+1,2026-05-01,2026-05-31,-0.775,
16/04/2026,2026-04-16,M+2,2026-06-01,2026-06-30,-0.725,
16/04/2026,2026-04-16,M+3,2026-07-01,2026-07-31,-0.701,
16/04/2026,2026-04-16,Q+1,2026-07-01,2026-09-30,-0.375,
16/04/2026,2026-04-16,Q+2,2026-10-01,2026-12-31,-0.949,
16/04/2026,2026-04-16,Q+3,2027-01-01,2027-03-31,-0.923,
16/04/2026,2026-04-16,Q+4,2027-04-01,2027-06-30,-0.814,
16/04/2026,2026-04-16,S,2027-04-01,2027-09-30,-0.752,
16/04/2026,2026-04-16,Y+1,2027-01-01,2027-12-31,-0.825,
16/04/2026,2026-04-16,Y+2,2028-01-01,2028-12-31,-0.662,
17/04/2026,2026-04-17,D+1,2026-04-18,2026-04-18,-1.399,38.95
17/04/2026,2026-04-17,D+2,2026-04-19,2026-04-19,-1.385,
17/04/2026,2026-04-17,D+3,2026-04-20,2026-04-20,-1.37,
17/04/2026,2026-04-17,W,2027-10-01,2028-03-31,-0.776,
17/04/2026,2026-04-17,BoM,2026-04-18,2026-04-30,-1.32,
17/04/2026,2026-04-17,M+1,2026-05-01,2026-05-31,-1.0,
17/04/2026,2026-04-17,M+2,2026-06-01,2026-06-30,-0.575,
17/04/2026,2026-04-17,M+3,2026-07-01,2026-07-31,-0.469,
17/04/2026,2026-04-17,Q+1,2026-07-01,2026-09-30,-0.375,
17/04/2026,2026-04-17,Q+2,2026-10-01,2026-12-31,-0.991,
17/04/2026,2026-04-17,Q+3,2027-01-01,2027-03-31,-0.997,
17/04/2026,2026-04-17,Q+4,2027-04-01,2027-06-30,-0.873,
17/04/2026,2026-04-17,S,2027-04-01,2027-09-30,-0.807,
17/04/2026,2026-04-17,Y+1,2027-01-01,2027-12-31,-0.825,
17/04/2026,2026-04-17,Y+2,2028-01-01,2028-12-31,-0.658,
20/04/2026,2026-04-20,D+1,2026-04-21,2026-04-21,-1.719,40.51
20/04/2026,2026-04-20,D+2,2026-04-22,2026-04-22,-1.686,
20/04/2026,2026-04-20,D+3,2026-04-23,2026-04-23,-1.652,
20/04/2026,2026-04-20,W,2027-10-01,2028-03-31,-0.785,
20/04/2026,2026-04-20,BoM,2026-04-21,2026-04-30,-1.597,
20/04/2026,2026-04-20,M+1,2026-05-01,2026-05-31,-0.9,
20/04/2026,2026-04-20,M+2,2026-06-01,2026-06-30,-0.625,
20/04/2026,2026-04-20,M+3,2026-07-01,2026-07-31,-0.389,
20/04/2026,2026-04-20,Q+1,2026-07-01,2026-09-30,-0.4,
20/04/2026,2026-04-20,Q+2,2026-10-01,2026-12-31,-0.963,
20/04/2026,2026-04-20,Q+3,2027-01-01,2027-03-31,-0.935,
20/04/2026,2026-04-20,Q+4,2027-04-01,2027-06-30,-0.885,
20/04/2026,2026-04-20,S,2027-04-01,2027-09-30,-0.818,
20/04/2026,2026-04-20,Y+1,2027-01-01,2027-12-31,-0.775,
20/04/2026,2026-04-20,Y+2,2028-01-01,2028-12-31,-0.724,
21/04/2026,2026-04-21,D+1,2026-04-22,2026-04-22,-1.481,42.41
21/04/2026,2026-04-21,D+2,2026-04-23,2026-04-23,-1.457,
21/04/2026,2026-04-21,D+3,2026-04-24,2026-04-24,-1.434,
21/04/2026,2026-04-21,W,2027-10-01,2028-03-31,-0.785,
21/04/2026,2026-04-21,BoM,2026-04-22,2026-04-30,-1.386,
21/04/2026,2026-04-21,M+1,2026-05-01,2026-05-31,-0.925,
21/04/2026,2026-04-21,M+2,2026-06-01,2026-06-30,-0.625,
21/04/2026,2026-04-21,M+3,2026-07-01,2026-07-31,-0.389,
21/04/2026,2026-04-21,Q+1,2026-07-01,2026-09-30,-0.375,
21/04/2026,2026-04-21,Q+2,2026-10-01,2026-12-31,-0.963,
21/04/2026,2026-04-21,Q+3,2027-01-01,2027-03-31,-0.935,
21/04/2026,2026-04-21,Q+4,2027-04-01,2027-06-30,-0.885,
21/04/2026,2026-04-21,S,2027-04-01,2027-09-30,-0.818,
21/04/2026,2026-04-21,Y+1,2027-01-01,2027-12-31,-0.775,
21/04/2026,2026-04-21,Y+2,2028-01-01,2028-12-31,-0.724,
22/04/2026,2026-04-22,D+1,2026-04-23,2026-04-23,-1.289,43.85
22/04/2026,2026-04-22,D+2,2026-04-24,2026-04-24,-1.273,
22/04/2026,2026-04-22,D+3,2026-04-25,2026-04-25,-1.257,
22/04/2026,2026-04-22,W,2027-10-01,2028-03-31,-0.762,
22/04/2026,2026-04-22,BoM,2026-04-23,2026-04-30,-1.279,
22/04/2026,2026-04-22,M+1,2026-05-01,2026-05-31,-0.925,
22/04/2026,2026-04-22,M+2,2026-06-01,2026-06-30,-0.575,
22/04/2026,2026-04-22,M+3,2026-07-01,2026-07-31,-0.39,
22/04/2026,2026-04-22,Q+1,2026-07-01,2026-09-30,-0.375,
22/04/2026,2026-04-22,Q+2,2026-10-01,2026-12-31,-0.893,
22/04/2026,2026-04-22,Q+3,2027-01-01,2027-03-31,-0.868,
22/04/2026,2026-04-22,Q+4,2027-04-01,2027-06-30,-0.797,
22/04/2026,2026-04-22,S,2027-04-01,2027-09-30,-0.762,
22/04/2026,2026-04-22,Y+1,2027-01-01,2027-12-31,-0.775,
22/04/2026,2026-04-22,Y+2,2028-01-01,2028-12-31,-0.67,
23/04/2026,2026-04-23,D+1,2026-04-24,2026-04-24,-0.418,44.13
23/04/2026,2026-04-23,D+2,2026-04-25,2026-04-25,-0.435,
23/04/2026,2026-04-23,D+3,2026-04-26,2026-04-26,-0.451,
23/04/2026,2026-04-23,W,2027-10-01,2028-03-31,-0.897,
23/04/2026,2026-04-23,BoM,2026-04-24,2026-04-30,-0.478,
23/04/2026,2026-04-23,M+1,2026-05-01,2026-05-31,-0.775,
23/04/2026,2026-04-23,M+2,2026-06-01,2026-06-30,-0.475,
23/04/2026,2026-04-23,M+3,2026-07-01,2026-07-31,-0.214,
23/04/2026,2026-04-23,Q+1,2026-07-01,2026-09-30,-0.375,
23/04/2026,2026-04-23,Q+2,2026-10-01,2026-12-31,-0.999,
23/04/2026,2026-04-23,Q+3,2027-01-01,2027-03-31,-0.976,
23/04/2026,2026-04-23,Q+4,2027-04-01,2027-06-30,-0.945,
23/04/2026,2026-04-23,S,2027-04-01,2027-09-30,-0.949,
23/04/2026,2026-04-23,Y+1,2027-01-01,2027-12-31,-0.825,
23/04/2026,2026-04-23,Y+2,2028-01-01,2028-12-31,-0.799,
24/04/2026,2026-04-24,D+1,2026-04-25,2026-04-25,-0.88,45.1
24/04/2026,2026-04-24,D+2,2026-04-26,2026-04-26,-0.875,
24/04/2026,2026-04-24,D+3,2026-04-27,2026-04-27,-0.87,
24/04/2026,2026-04-24,W,2027-10-01,2028-03-31,-0.644,
24/04/2026,2026-04-24,BoM,2026-04-25,2026-04-30,-0.87,
24/04/2026,2026-04-24,M+1,2026-05-01,2026-05-31,-0.775,
24/04/2026,2026-04-24,M+2,2026-06-01,2026-06-30,-0.475,
24/04/2026,2026-04-24,M+3,2026-07-01,2026-07-31,-0.449,
24/04/2026,2026-04-24,Q+1,2026-07-01,2026-09-30,-0.375,
24/04/2026,2026-04-24,Q+2,2026-10-01,2026-12-31,-1.244,
24/04/2026,2026-04-24,Q+3,2027-01-01,2027-03-31,-1.242,
24/04/2026,2026-04-24,Q+4,2027-04-01,2027-06-30,-0.658,
24/04/2026,2026-04-24,S,2027-04-01,2027-09-30,-0.63,
24/04/2026,2026-04-24,Y+1,2027-01-01,2027-12-31,-0.825,
24/04/2026,2026-04-24,Y+2,2028-01-01,2028-12-31,-0.546,
27/04/2026,2026-04-27,D+1,2026-04-28,2026-04-28,-0.922,44.48
27/04/2026,2026-04-27,D+2,2026-04-29,2026-04-29,-0.908,
27/04/2026,2026-04-27,D+3,2026-04-30,2026-04-30,-0.894,
27/04/2026,2026-04-27,W,2027-10-01,2028-03-31,-0.825,
27/04/2026,2026-04-27,M+1,2026-05-01,2026-05-31,-0.675,
27/04/2026,2026-04-27,M+2,2026-06-01,2026-06-30,-0.475,
27/04/2026,2026-04-27,M+3,2026-07-01,2026-07-31,-0.36,
27/04/2026,2026-04-27,Q+1,2026-07-01,2026-09-30,-0.225,
27/04/2026,2026-04-27,Q+2,2026-10-01,2026-12-31,-0.943,
27/04/2026,2026-04-27,Q+3,2027-01-01,2027-03-31,-0.933,
27/04/2026,2026-04-27,Q+4,2027-04-01,2027-06-30,-0.863,
27/04/2026,2026-04-27,S,2027-04-01,2027-09-30,-0.786,
27/04/2026,2026-04-27,Y+1,2027-01-01,2027-12-31,-0.825,
27/04/2026,2026-04-27,Y+2,2028-01-01,2028-12-31,-0.757,
28/04/2026,2026-04-28,D+1,2026-04-29,2026-04-29,-0.643,42.99
28/04/2026,2026-04-28,D+2,2026-04-30,2026-04-30,-0.622,
28/04/2026,2026-04-28,D+3,2026-05-01,2026-05-01,-0.602,
28/04/2026,2026-04-28,W,2027-10-01,2028-03-31,-0.474,
28/04/2026,2026-04-28,M+1,2026-05-01,2026-05-31,-0.301,
28/04/2026,2026-04-28,M+2,2026-06-01,2026-06-30,-0.525,
28/04/2026,2026-04-28,M+3,2026-07-01,2026-07-31,0.046,
28/04/2026,2026-04-28,Q+1,2026-07-01,2026-09-30,-0.375,
28/04/2026,2026-04-28,Q+2,2026-10-01,2026-12-31,-0.526,
28/04/2026,2026-04-28,Q+3,2027-01-01,2027-03-31,-0.524,
28/04/2026,2026-04-28,Q+4,2027-04-01,2027-06-30,-0.546,
28/04/2026,2026-04-28,S,2027-04-01,2027-09-30,-0.509,
28/04/2026,2026-04-28,Y+1,2027-01-01,2027-12-31,-0.725,
28/04/2026,2026-04-28,Y+2,2028-01-01,2028-12-31,-0.52,
29/04/2026,2026-04-29,D+1,2026-04-30,2026-04-30,-0.721,46.51
29/04/2026,2026-04-29,D+2,2026-05-01,2026-05-01,-0.736,
29/04/2026,2026-04-29,D+3,2026-05-02,2026-05-02,-0.752,
29/04/2026,2026-04-29,W,2027-10-01,2028-03-31,-0.752,
29/04/2026,2026-04-29,M+1,2026-05-01,2026-05-31,-0.959,
29/04/2026,2026-04-29,M+2,2026-06-01,2026-06-30,-1.089,
29/04/2026,2026-04-29,M+3,2026-07-01,2026-07-31,-1.088,
29/04/2026,2026-04-29,Q+1,2026-07-01,2026-09-30,-1.086,
29/04/2026,2026-04-29,Q+2,2026-10-01,2026-12-31,-1.067,
29/04/2026,2026-04-29,Q+3,2027-01-01,2027-03-31,-1.055,
29/04/2026,2026-04-29,Q+4,2027-04-01,2027-06-30,-0.81,
29/04/2026,2026-04-29,S,2027-04-01,2027-09-30,-0.762,
29/04/2026,2026-04-29,Y+1,2027-01-01,2027-12-31,-0.825,
29/04/2026,2026-04-29,Y+2,2028-01-01,2028-12-31,-0.658,
30/04/2026,2026-04-30,D+1,2026-05-01,2026-05-01,0.099,45.47
30/04/2026,2026-04-30,D+2,2026-05-02,2026-05-02,0.026,
30/04/2026,2026-04-30,D+3,2026-05-03,2026-05-03,-0.047,
30/04/2026,2026-04-30,W,2027-10-01,2028-03-31,-0.905,
30/04/2026,2026-04-30,M+1,2026-05-01,2026-05-31,-0.959,
30/04/2026,2026-04-30,M+2,2026-06-01,2026-06-30,-1.134,
30/04/2026,2026-04-30,M+3,2026-07-01,2026-07-31,-1.148,
30/04/2026,2026-04-30,Q+1,2026-07-01,2026-09-30,-1.141,
30/04/2026,2026-04-30,Q+2,2026-10-01,2026-12-31,-1.178,
30/04/2026,2026-04-30,Q+3,2027-01-01,2027-03-31,-1.166,
30/04/2026,2026-04-30,Q+4,2027-04-01,2027-06-30,-0.927,
30/04/2026,2026-04-30,S,2027-04-01,2027-09-30,-0.927,
30/04/2026,2026-04-30,Y+1,2027-01-01,2027-12-31,-0.957,
30/04/2026,2026-04-30,Y+2,2028-01-01,2028-12-31,-0.794,
04/05/2026,2026-05-04,D+1,2026-05-05,2026-05-05,-0.406,45.59
04/05/2026,2026-05-04,D+2,2026-05-06,2026-05-06,-0.415,
04/05/2026,2026-05-04,D+3,2026-05-07,2026-05-07,-0.423,
04/05/2026,2026-05-04,W,2027-10-01,2028-03-31,-0.754,
04/05/2026,2026-05-04,BoM,2026-05-05,2026-05-31,-0.513,
04/05/2026,2026-05-04,M+1,2026-06-01,2026-06-30,-0.758,
04/05/2026,2026-05-04,M+2,2026-07-01,2026-07-31,-0.748,
04/05/2026,2026-05-04,M+3,2026-08-01,2026-08-31,-0.669,
04/05/2026,2026-05-04,Q+1,2026-07-01,2026-09-30,-0.727,
04/05/2026,2026-05-04,Q+2,2026-10-01,2026-12-31,-0.856,
04/05/2026,2026-05-04,Q+3,2027-01-01,2027-03-31,-0.763,
04/05/2026,2026-05-04,Q+4,2027-04-01,2027-06-30,-0.849,
04/05/2026,2026-05-04,S,2027-04-01,2027-09-30,-0.775,
04/05/2026,2026-05-04,Y+1,2027-01-01,2027-12-31,-0.775,
04/05/2026,2026-05-04,Y+2,2028-01-01,2028-12-31,-0.497,
05/05/2026,2026-05-05,D+1,2026-05-06,2026-05-06,-0.646,47.42
05/05/2026,2026-05-05,D+2,2026-05-07,2026-05-07,-0.638,
05/05/2026,2026-05-05,D+3,2026-05-08,2026-05-08,-0.63,
05/05/2026,2026-05-05,W,2027-10-01,2028-03-31,-0.777,
05/05/2026,2026-05-05,BoM,2026-05-06,2026-05-31,-0.562,
05/05/2026,2026-05-05,M+1,2026-06-01,2026-06-30,-0.325,
05/05/2026,2026-05-05,M+2,2026-07-01,2026-07-31,-0.275,
05/05/2026,2026-05-05,M+3,2026-08-01,2026-08-31,-0.385,
05/05/2026,2026-05-05,Q+1,2026-07-01,2026-09-30,-0.325,
05/05/2026,2026-05-05,Q+2,2026-10-01,2026-12-31,-0.835,
05/05/2026,2026-05-05,Q+3,2027-01-01,2027-03-31,-0.796,
05/05/2026,2026-05-05,Q+4,2027-04-01,2027-06-30,-0.809,
05/05/2026,2026-05-05,S,2027-04-01,2027-09-30,-0.795,
05/05/2026,2026-05-05,Y+1,2027-01-01,2027-12-31,-0.775,
05/05/2026,2026-05-05,Y+2,2028-01-01,2028-12-31,-0.607,
06/05/2026,2026-05-06,D+1,2026-05-07,2026-05-07,-0.823,44.42
06/05/2026,2026-05-06,D+2,2026-05-08,2026-05-08,-0.81,
06/05/2026,2026-05-06,D+3,2026-05-09,2026-05-09,-0.797,
06/05/2026,2026-05-06,W,2027-10-01,2028-03-31,-0.706,
06/05/2026,2026-05-06,BoM,2026-05-07,2026-05-31,-0.75,
06/05/2026,2026-05-06,M+1,2026-06-01,2026-06-30,-0.325,
06/05/2026,2026-05-06,M+2,2026-07-01,2026-07-31,-0.275,
06/05/2026,2026-05-06,M+3,2026-08-01,2026-08-31,-0.324,
06/05/2026,2026-05-06,Q+1,2026-07-01,2026-09-30,-0.325,
06/05/2026,2026-05-06,Q+2,2026-10-01,2026-12-31,-0.791,
06/05/2026,2026-05-06,Q+3,2027-01-01,2027-03-31,-0.755,
06/05/2026,2026-05-06,Q+4,2027-04-01,2027-06-30,-0.657,
06/05/2026,2026-05-06,S,2027-04-01,2027-09-30,-0.686,
06/05/2026,2026-05-06,Y+1,2027-01-01,2027-12-31,-0.775,
06/05/2026,2026-05-06,Y+2,2028-01-01,2028-12-31,-0.574,
07/05/2026,2026-05-07,D+1,2026-05-08,2026-05-08,-1.783,43.83
07/05/2026,2026-05-07,D+2,2026-05-09,2026-05-09,-1.746,
07/05/2026,2026-05-07,D+3,2026-05-10,2026-05-10,-1.709,
07/05/2026,2026-05-07,W,2027-10-01,2028-03-31,-0.768,
07/05/2026,2026-05-07,BoM,2026-05-08,2026-05-31,-1.402,
07/05/2026,2026-05-07,M+1,2026-06-01,2026-06-30,-0.375,
07/05/2026,2026-05-07,M+2,2026-07-01,2026-07-31,-0.225,
07/05/2026,2026-05-07,M+3,2026-08-01,2026-08-31,-0.24,
07/05/2026,2026-05-07,Q+1,2026-07-01,2026-09-30,-0.275,
07/05/2026,2026-05-07,Q+2,2026-10-01,2026-12-31,-0.568,
07/05/2026,2026-05-07,Q+3,2027-01-01,2027-03-31,-0.542,
07/05/2026,2026-05-07,Q+4,2027-04-01,2027-06-30,-0.791,
07/05/2026,2026-05-07,S,2027-04-01,2027-09-30,-0.778,
07/05/2026,2026-05-07,Y+1,2027-01-01,2027-12-31,-0.725,
07/05/2026,2026-05-07,Y+2,2028-01-01,2028-12-31,-0.626,
08/05/2026,2026-05-08,D+1,2026-05-09,2026-05-09,-1.427,43.92
08/05/2026,2026-05-08,D+2,2026-05-10,2026-05-10,-1.404,
08/05/2026,2026-05-08,D+3,2026-05-11,2026-05-11,-1.381,
08/05/2026,2026-05-08,W,2027-10-01,2028-03-31,-0.322,
08/05/2026,2026-05-08,BoM,2026-05-09,2026-05-31,-1.22,
08/05/2026,2026-05-08,M+1,2026-06-01,2026-06-30,-0.575,
08/05/2026,2026-05-08,M+2,2026-07-01,2026-07-31,-0.325,
08/05/2026,2026-05-08,M+3,2026-08-01,2026-08-31,-0.362,
08/05/2026,2026-05-08,Q+1,2026-07-01,2026-09-30,-0.275,
08/05/2026,2026-05-08,Q+2,2026-10-01,2026-12-31,-0.395,
08/05/2026,2026-05-08,Q+3,2027-01-01,2027-03-31,-1.331,
08/05/2026,2026-05-08,Q+4,2027-04-01,2027-06-30,-0.647,
08/05/2026,2026-05-08,S,2027-04-01,2027-09-30,-0.643,
08/05/2026,2026-05-08,Y+1,2027-01-01,2027-12-31,-0.775,
08/05/2026,2026-05-08,Y+2,2028-01-01,2028-12-31,0.1,
11/05/2026,2026-05-11,D+1,2026-05-12,2026-05-12,-0.714,46.2
11/05/2026,2026-05-11,D+2,2026-05-13,2026-05-13,-0.707,
11/05/2026,2026-05-11,D+3,2026-05-14,2026-05-14,-0.7,
11/05/2026,2026-05-11,W,2027-10-01,2028-03-31,-0.746,
11/05/2026,2026-05-11,BoM,2026-05-12,2026-05-31,-0.653,
11/05/2026,2026-05-11,M+1,2026-06-01,2026-06-30,-0.475,
11/05/2026,2026-05-11,M+2,2026-07-01,2026-07-31,-0.275,
11/05/2026,2026-05-11,M+3,2026-08-01,2026-08-31,-0.273,
11/05/2026,2026-05-11,Q+1,2026-07-01,2026-09-30,-0.275,
11/05/2026,2026-05-11,Q+2,2026-10-01,2026-12-31,-0.675,
11/05/2026,2026-05-11,Q+3,2027-01-01,2027-03-31,-0.696,
11/05/2026,2026-05-11,Q+4,2027-04-01,2027-06-30,-0.843,
11/05/2026,2026-05-11,S,2027-04-01,2027-09-30,-0.777,
11/05/2026,2026-05-11,Y+1,2027-01-01,2027-12-31,-0.725,
11/05/2026,2026-05-11,Y+2,2028-01-01,2028-12-31,-0.619,
12/05/2026,2026-05-12,D+1,2026-05-13,2026-05-13,-0.846,47.13
12/05/2026,2026-05-12,D+2,2026-05-14,2026-05-14,-0.833,
12/05/2026,2026-05-12,D+3,2026-05-15,2026-05-15,-0.82,
12/05/2026,2026-05-12,W,2027-10-01,2028-03-31,-0.64,
12/05/2026,2026-05-12,BoM,2026-05-13,2026-05-31,-0.704,
12/05/2026,2026-05-12,M+1,2026-06-01,2026-06-30,-0.425,
12/05/2026,2026-05-12,M+2,2026-07-01,2026-07-31,-0.225,
12/05/2026,2026-05-12,M+3,2026-08-01,2026-08-31,-0.336,
12/05/2026,2026-05-12,Q+1,2026-07-01,2026-09-30,-0.225,
12/05/2026,2026-05-12,Q+2,2026-10-01,2026-12-31,-0.718,
12/05/2026,2026-05-12,Q+3,2027-01-01,2027-03-31,-0.722,
12/05/2026,2026-05-12,Q+4,2027-04-01,2027-06-30,-0.788,
12/05/2026,2026-05-12,S,2027-04-01,2027-09-30,-0.688,
12/05/2026,2026-05-12,Y+1,2027-01-01,2027-12-31,-0.725,
12/05/2026,2026-05-12,Y+2,2028-01-01,2028-12-31,-0.463,
13/05/2026,2026-05-13,D+1,2026-05-14,2026-05-14,-1.055,47.38
13/05/2026,2026-05-13,D+2,2026-05-15,2026-05-15,-1.035,
13/05/2026,2026-05-13,D+3,2026-05-16,2026-05-16,-1.016,
13/05/2026,2026-05-13,W,2027-10-01,2028-03-31,-0.604,
13/05/2026,2026-05-13,BoM,2026-05-14,2026-05-31,-0.903,
13/05/2026,2026-05-13,M+1,2026-06-01,2026-06-30,-0.425,
13/05/2026,2026-05-13,M+2,2026-07-01,2026-07-31,-0.225,
13/05/2026,2026-05-13,M+3,2026-08-01,2026-08-31,-0.01,
13/05/2026,2026-05-13,Q+1,2026-07-01,2026-09-30,-0.175,
13/05/2026,2026-05-13,Q+2,2026-10-01,2026-12-31,-0.652,
13/05/2026,2026-05-13,Q+3,2027-01-01,2027-03-31,-0.631,
13/05/2026,2026-05-13,Q+4,2027-04-01,2027-06-30,-0.561,
13/05/2026,2026-05-13,S,2027-04-01,2027-09-30,-0.609,
13/05/2026,2026-05-13,Y+1,2027-01-01,2027-12-31,-0.725,
13/05/2026,2026-05-13,Y+2,2028-01-01,2028-12-31,-0.518,
14/05/2026,2026-05-14,D+1,2026-05-15,2026-05-15,-0.84,47.84
14/05/2026,2026-05-14,D+2,2026-05-16,2026-05-16,-0.828,
14/05/2026,2026-05-14,D+3,2026-05-17,2026-05-17,-0.816,
14/05/2026,2026-05-14,W,2027-10-01,2028-03-31,-1.218,
14/05/2026,2026-05-14,BoM,2026-05-15,2026-05-31,-0.742,
14/05/2026,2026-05-14,M+1,2026-06-01,2026-06-30,-0.475,
14/05/2026,2026-05-14,M+2,2026-07-01,2026-07-31,-0.175,
14/05/2026,2026-05-14,M+3,2026-08-01,2026-08-31,-0.17,
14/05/2026,2026-05-14,Q+1,2026-07-01,2026-09-30,-0.175,
14/05/2026,2026-05-14,Q+2,2026-10-01,2026-12-31,-0.655,
14/05/2026,2026-05-14,Q+3,2027-01-01,2027-03-31,-0.67,
14/05/2026,2026-05-14,Q+4,2027-04-01,2027-06-30,-0.336,
14/05/2026,2026-05-14,S,2027-04-01,2027-09-30,-0.316,
14/05/2026,2026-05-14,Y+1,2027-01-01,2027-12-31,-0.625,
14/05/2026,2026-05-14,Y+2,2028-01-01,2028-12-31,-1.088,
15/05/2026,2026-05-15,D+1,2026-05-16,2026-05-16,-1.172,49.92
15/05/2026,2026-05-15,D+2,2026-05-17,2026-05-17,-1.132,
15/05/2026,2026-05-15,D+3,2026-05-18,2026-05-18,-1.092,
15/05/2026,2026-05-15,W,2027-10-01,2028-03-31,-0.142,
15/05/2026,2026-05-15,BoM,2026-05-16,2026-05-31,-0.893,
15/05/2026,2026-05-15,M+1,2026-06-01,2026-06-30,0.023,
15/05/2026,2026-05-15,M+2,2026-07-01,2026-07-31,-0.036,
15/05/2026,2026-05-15,M+3,2026-08-01,2026-08-31,-0.092,
15/05/2026,2026-05-15,Q+1,2026-07-01,2026-09-30,-0.059,
15/05/2026,2026-05-15,Q+2,2026-10-01,2026-12-31,-0.159,
15/05/2026,2026-05-15,Q+3,2027-01-01,2027-03-31,-0.121,
15/05/2026,2026-05-15,Q+4,2027-04-01,2027-06-30,-0.149,
15/05/2026,2026-05-15,S,2027-04-01,2027-09-30,-0.15,
15/05/2026,2026-05-15,Y+1,2027-01-01,2027-12-31,-0.118,
15/05/2026,2026-05-15,Y+2,2028-01-01,2028-12-31,-0.135,
18/05/2026,2026-05-18,D+1,2026-05-19,2026-05-19,-1.444,49.92
18/05/2026,2026-05-18,D+2,2026-05-20,2026-05-20,-1.414,
18/05/2026,2026-05-18,D+3,2026-05-21,2026-05-21,-1.383,
18/05/2026,2026-05-18,W,2027-10-01,2028-03-31,-0.732,
18/05/2026,2026-05-18,BoM,2026-05-19,2026-05-31,-1.242,
18/05/2026,2026-05-18,M+1,2026-06-01,2026-06-30,-0.625,
18/05/2026,2026-05-18,M+2,2026-07-01,2026-07-31,-0.275,
18/05/2026,2026-05-18,M+3,2026-08-01,2026-08-31,-0.352,
18/05/2026,2026-05-18,Q+1,2026-07-01,2026-09-30,-0.225,
18/05/2026,2026-05-18,Q+2,2026-10-01,2026-12-31,-0.807,
18/05/2026,2026-05-18,Q+3,2027-01-01,2027-03-31,-0.76,
18/05/2026,2026-05-18,Q+4,2027-04-01,2027-06-30,-0.845,
18/05/2026,2026-05-18,S,2027-04-01,2027-09-30,-0.745,
18/05/2026,2026-05-18,Y+1,2027-01-01,2027-12-31,-0.625,
18/05/2026,2026-05-18,Y+2,2028-01-01,2028-12-31,-0.727,
19/05/2026,2026-05-19,D+1,2026-05-20,2026-05-20,-2.308,52.53
19/05/2026,2026-05-19,D+2,2026-05-21,2026-05-21,-2.245,
19/05/2026,2026-05-19,D+3,2026-05-22,2026-05-22,-2.182,
19/05/2026,2026-05-19,W,2027-10-01,2028-03-31,-0.65,
19/05/2026,2026-05-19,BoM,2026-05-20,2026-05-31,-2.0,
19/05/2026,2026-05-19,M+1,2026-06-01,2026-06-30,-0.675,
19/05/2026,2026-05-19,M+2,2026-07-01,2026-07-31,-0.325,
19/05/2026,2026-05-19,M+3,2026-08-01,2026-08-31,-0.179,
19/05/2026,2026-05-19,Q+1,2026-07-01,2026-09-30,-0.275,
19/05/2026,2026-05-19,Q+2,2026-10-01,2026-12-31,-0.58,
19/05/2026,2026-05-19,Q+3,2027-01-01,2027-03-31,-0.499,
19/05/2026,2026-05-19,Q+4,2027-04-01,2027-06-30,-0.687,
19/05/2026,2026-05-19,S,2027-04-01,2027-09-30,-0.659,
19/05/2026,2026-05-19,Y+1,2027-01-01,2027-12-31,-0.625,
19/05/2026,2026-05-19,Y+2,2028-01-01,2028-12-31,-0.47,
20/05/2026,2026-05-20,D+1,2026-05-21,2026-05-21,-0.869,49.18
20/05/2026,2026-05-20,D+2,2026-05-22,2026-05-22,-0.865,
20/05/2026,2026-05-20,D+3,2026-05-23,2026-05-23,-0.861,
20/05/2026,2026-05-20,W,2027-10-01,2028-03-31,-0.446,
20/05/2026,2026-05-20,BoM,2026-05-21,2026-05-31,0.804,
20/05/2026,2026-05-20,M+1,2026-06-01,2026-06-30,-0.775,
20/05/2026,2026-05-20,M+2,2026-07-01,2026-07-31,-0.375,
20/05/2026,2026-05-20,M+3,2026-08-01,2026-08-31,-0.406,
20/05/2026,2026-05-20,Q+1,2026-07-01,2026-09-30,-0.325,
20/05/2026,2026-05-20,Q+2,2026-10-01,2026-12-31,-0.575,
20/05/2026,2026-05-20,Q+3,2027-01-01,2027-03-31,-0.548,
20/05/2026,2026-05-20,Q+4,2027-04-01,2027-06-30,-0.456,
20/05/2026,2026-05-20,S,2027-04-01,2027-09-30,-0.389,
20/05/2026,2026-05-20,Y+1,2027-01-01,2027-12-31,-0.625,
20/05/2026,2026-05-20,Y+2,2028-01-01,2028-12-31,-0.298,
21/05/2026,2026-05-21,D+1,2026-05-22,2026-05-22,-1.926,49.49
21/05/2026,2026-05-21,D+2,2026-05-23,2026-05-23,-1.876,
21/05/2026,2026-05-21,D+3,2026-05-24,2026-05-24,-1.826,
21/05/2026,2026-05-21,W,2027-10-01,2028-03-31,-0.64,
21/05/2026,2026-05-21,BoM,2026-05-22,2026-05-31,-1.713,
21/05/2026,2026-05-21,M+1,2026-06-01,2026-06-30,-0.725,
21/05/2026,2026-05-21,M+2,2026-07-01,2026-07-31,-0.325,
21/05/2026,2026-05-21,M+3,2026-08-01,2026-08-31,-0.169,
21/05/2026,2026-05-21,Q+1,2026-07-01,2026-09-30,-0.275,
21/05/2026,2026-05-21,Q+2,2026-10-01,2026-12-31,-0.551,
21/05/2026,2026-05-21,Q+3,2027-01-01,2027-03-31,-0.369,
21/05/2026,2026-05-21,Q+4,2027-04-01,2027-06-30,-0.769,
21/05/2026,2026-05-21,S,2027-04-01,2027-09-30,-0.692,
21/05/2026,2026-05-21,Y+1,2027-01-01,2027-12-31,-0.625,
21/05/2026,2026-05-21,Y+2,2028-01-01,2028-12-31,-0.531,
22/05/2026,2026-05-22,D+1,2026-05-23,2026-05-23,-1.926,48.2
22/05/2026,2026-05-22,D+2,2026-05-24,2026-05-24,-1.876,
22/05/2026,2026-05-22,D+3,2026-05-25,2026-05-25,-1.826,
22/05/2026,2026-05-22,W,2027-10-01,2028-03-31,-0.688,
22/05/2026,2026-05-22,BoM,2026-05-23,2026-05-31,-1.229,
22/05/2026,2026-05-22,M+1,2026-06-01,2026-06-30,-0.725,
22/05/2026,2026-05-22,M+2,2026-07-01,2026-07-31,-0.275,
22/05/2026,2026-05-22,M+3,2026-08-01,2026-08-31,-0.359,
22/05/2026,2026-05-22,Q+1,2026-07-01,2026-09-30,-0.225,
22/05/2026,2026-05-22,Q+2,2026-10-01,2026-12-31,-0.687,
22/05/2026,2026-05-22,Q+3,2027-01-01,2027-03-31,-0.705,
22/05/2026,2026-05-22,Q+4,2027-04-01,2027-06-30,-0.615,
22/05/2026,2026-05-22,S,2027-04-01,2027-09-30,-0.669,
22/05/2026,2026-05-22,Y+1,2027-01-01,2027-12-31,-0.625,
22/05/2026,2026-05-22,Y+2,2028-01-01,2028-12-31,-0.505,
25/05/2026,2026-05-25,D+1,2026-05-26,2026-05-26,-1.046,47.64
25/05/2026,2026-05-25,D+2,2026-05-27,2026-05-27,-1.042,
25/05/2026,2026-05-25,D+3,2026-05-28,2026-05-28,-1.039,
25/05/2026,2026-05-25,W,2027-10-01,2028-03-31,-0.468,
25/05/2026,2026-05-25,BoM,2026-05-26,2026-05-31,-1.02,
25/05/2026,2026-05-25,M+1,2026-06-01,2026-06-30,-0.975,
25/05/2026,2026-05-25,M+2,2026-07-01,2026-07-31,-0.425,
25/05/2026,2026-05-25,M+3,2026-08-01,2026-08-31,-0.065,
25/05/2026,2026-05-25,Q+1,2026-07-01,2026-09-30,-0.325,
25/05/2026,2026-05-25,Q+2,2026-10-01,2026-12-31,-0.556,
25/05/2026,2026-05-25,Q+3,2027-01-01,2027-03-31,-0.44,
25/05/2026,2026-05-25,Q+4,2027-04-01,2027-06-30,-0.538,
25/05/2026,2026-05-25,S,2027-04-01,2027-09-30,-0.618,
25/05/2026,2026-05-25,Y+1,2027-01-01,2027-12-31,-0.725,
25/05/2026,2026-05-25,Y+2,2028-01-01,2028-12-31,-0.403,
26/05/2026,2026-05-26,D+1,2026-05-27,2026-05-27,-0.995,47.02
26/05/2026,2026-05-26,D+2,2026-05-28,2026-05-28,-0.986,
26/05/2026,2026-05-26,D+3,2026-05-29,2026-05-29,-0.977,
26/05/2026,2026-05-26,W,2027-10-01,2028-03-31,-0.71,
26/05/2026,2026-05-26,BoM,2026-05-27,2026-05-31,-0.979,
26/05/2026,2026-05-26,M+1,2026-06-01,2026-06-30,-0.825,
26/05/2026,2026-05-26,M+2,2026-07-01,2026-07-31,-0.575,
26/05/2026,2026-05-26,M+3,2026-08-01,2026-08-31,0.062,
26/05/2026,2026-05-26,Q+1,2026-07-01,2026-09-30,-0.325,
26/05/2026,2026-05-26,Q+2,2026-10-01,2026-12-31,-0.741,
26/05/2026,2026-05-26,Q+3,2027-01-01,2027-03-31,-0.709,
26/05/2026,2026-05-26,Q+4,2027-04-01,2027-06-30,-0.73,
26/05/2026,2026-05-26,S,2027-04-01,2027-09-30,-0.747,
26/05/2026,2026-05-26,Y+1,2027-01-01,2027-12-31,-0.725,
26/05/2026,2026-05-26,Y+2,2028-01-01,2028-12-31,-0.578,
27/05/2026,2026-05-27,D+1,2026-05-28,2026-05-28,-0.6,46.18
27/05/2026,2026-05-27,D+2,2026-05-29,2026-05-29,-0.607,
27/05/2026,2026-05-27,D+3,2026-05-30,2026-05-30,-0.614,
27/05/2026,2026-05-27,W,2027-10-01,2028-03-31,-0.761,
27/05/2026,2026-05-27,BoM,2026-05-28,2026-05-31,-0.608,
27/05/2026,2026-05-27,M+1,2026-06-01,2026-06-30,-0.725,
27/05/2026,2026-05-27,M+2,2026-07-01,2026-07-31,-0.475,
27/05/2026,2026-05-27,M+3,2026-08-01,2026-08-31,-0.346,
27/05/2026,2026-05-27,Q+1,2026-07-01,2026-09-30,-0.325,
27/05/2026,2026-05-27,Q+2,2026-10-01,2026-12-31,-0.779,
27/05/2026,2026-05-27,Q+3,2027-01-01,2027-03-31,-0.736,
27/05/2026,2026-05-27,Q+4,2027-04-01,2027-06-30,-0.808,
27/05/2026,2026-05-27,S,2027-04-01,2027-09-30,-0.801,
27/05/2026,2026-05-27,Y+1,2027-01-01,2027-12-31,-0.725,
27/05/2026,2026-05-27,Y+2,2028-01-01,2028-12-31,-0.595,
28/05/2026,2026-05-28,D+1,2026-05-29,2026-05-29,-0.767,46.33
28/05/2026,2026-05-28,D+2,2026-05-30,2026-05-30,-0.765,
28/05/2026,2026-05-28,D+3,2026-05-31,2026-05-31,-0.762,
28/05/2026,2026-05-28,W,2027-10-01,2028-03-31,-0.757,
28/05/2026,2026-05-28,M+1,2026-06-01,2026-06-30,-0.725,
28/05/2026,2026-05-28,M+2,2026-07-01,2026-07-31,-0.45,
28/05/2026,2026-05-28,M+3,2026-08-01,2026-08-31,-0.392,
28/05/2026,2026-05-28,Q+1,2026-07-01,2026-09-30,-0.325,
28/05/2026,2026-05-28,Q+2,2026-10-01,2026-12-31,-0.834,
28/05/2026,2026-05-28,Q+3,2027-01-01,2027-03-31,-0.818,
28/05/2026,2026-05-28,Q+4,2027-04-01,2027-06-30,-0.796,
28/05/2026,2026-05-28,S,2027-04-01,2027-09-30,-0.814,
28/05/2026,2026-05-28,Y+1,2027-01-01,2027-12-31,-0.725,
28/05/2026,2026-05-28,Y+2,2028-01-01,2028-12-31,-0.637,
29/05/2026,2026-05-29,D+1,2026-05-30,2026-05-30,-0.448,44.37
29/05/2026,2026-05-29,D+2,2026-05-31,2026-05-31,-0.466,
29/05/2026,2026-05-29,D+3,2026-06-01,2026-06-01,-0.483,
29/05/2026,2026-05-29,W,2027-10-01,2028-03-31,-0.165,
29/05/2026,2026-05-29,M+1,2026-06-01,2026-06-30,-0.725,
29/05/2026,2026-05-29,M+2,2026-07-01,2026-07-31,0.207,
29/05/2026,2026-05-29,M+3,2026-08-01,2026-08-31,0.164,
29/05/2026,2026-05-29,Q+1,2026-07-01,2026-09-30,0.082,
29/05/2026,2026-05-29,Q+2,2026-10-01,2026-12-31,-0.026,
29/05/2026,2026-05-29,Q+3,2027-01-01,2027-03-31,-0.072,
29/05/2026,2026-05-29,Q+4,2027-04-01,2027-06-30,-0.217,
29/05/2026,2026-05-29,S,2027-04-01,2027-09-30,-0.154,
29/05/2026,2026-05-29,Y+1,2027-01-01,2027-12-31,-0.242,
29/05/2026,2026-05-29,Y+2,2028-01-01,2028-12-31,-0.111,
01/06/2026,2026-06-01,D+1,2026-06-02,2026-06-02,-0.099,48.85
01/06/2026,2026-06-01,D+2,2026-06-03,2026-06-03,-0.102,
01/06/2026,2026-06-01,D+3,2026-06-04,2026-06-04,-0.105,
01/06/2026,2026-06-01,W,2027-10-01,2028-03-31,-0.507,
01/06/2026,2026-06-01,BoM,2026-06-02,2026-06-30,-0.099,
01/06/2026,2026-06-01,M+1,2026-07-01,2026-07-31,-0.225,
01/06/2026,2026-06-01,M+2,2026-08-01,2026-08-31,-0.35,
01/06/2026,2026-06-01,M+3,2026-09-01,2026-09-30,-0.824,
01/06/2026,2026-06-01,Q+1,2026-07-01,2026-09-30,-0.225,
01/06/2026,2026-06-01,Q+2,2026-10-01,2026-12-31,-0.697,
01/06/2026,2026-06-01,Q+3,2027-01-01,2027-03-31,-0.665,
01/06/2026,2026-06-01,Q+4,2027-04-01,2027-06-30,-0.771,
01/06/2026,2026-06-01,S,2027-04-01,2027-09-30,-0.753,
01/06/2026,2026-06-01,Y+1,2027-01-01,2027-12-31,-0.725,
01/06/2026,2026-06-01,Y+2,2028-01-01,2028-12-31,-0.224,
02/06/2026,2026-06-02,D+1,2026-06-03,2026-06-03,0.665,47.12
02/06/2026,2026-06-02,D+2,2026-06-04,2026-06-04,0.645,
02/06/2026,2026-06-02,D+3,2026-06-05,2026-06-05,0.625,
02/06/2026,2026-06-02,W,2027-10-01,2028-03-31,-0.785,
02/06/2026,2026-06-02,BoM,2026-06-03,2026-06-30,0.393,
02/06/2026,2026-06-02,M+1,2026-07-01,2026-07-31,-0.175,
02/06/2026,2026-06-02,M+2,2026-08-01,2026-08-31,-0.225,
02/06/2026,2026-06-02,M+3,2026-09-01,2026-09-30,0.193,
02/06/2026,2026-06-02,Q+1,2026-07-01,2026-09-30,-0.175,
02/06/2026,2026-06-02,Q+2,2026-10-01,2026-12-31,-0.733,
02/06/2026,2026-06-02,Q+3,2027-01-01,2027-03-31,-0.699,
02/06/2026,2026-06-02,Q+4,2027-04-01,2027-06-30,-0.808,
02/06/2026,2026-06-02,S,2027-04-01,2027-09-30,-0.777,
02/06/2026,2026-06-02,Y+1,2027-01-01,2027-12-31,-0.725,
02/06/2026,2026-06-02,Y+2,2028-01-01,2028-12-31,-0.66,
03/06/2026,2026-06-03,D+1,2026-06-04,2026-06-04,-0.204,48.54
03/06/2026,2026-06-03,D+2,2026-06-05,2026-06-05,-0.202,
03/06/2026,2026-06-03,D+3,2026-06-06,2026-06-06,-0.2,
03/06/2026,2026-06-03,W,2027-10-01,2028-03-31,-0.677,
03/06/2026,2026-06-03,BoM,2026-06-04,2026-06-30,-0.185,
03/06/2026,2026-06-03,M+1,2026-07-01,2026-07-31,-0.125,
03/06/2026,2026-06-03,M+2,2026-08-01,2026-08-31,-0.225,
03/06/2026,2026-06-03,M+3,2026-09-01,2026-09-30,0.208,
03/06/2026,2026-06-03,Q+1,2026-07-01,2026-09-30,-0.175,
03/06/2026,2026-06-03,Q+2,2026-10-01,2026-12-31,-0.68,
03/06/2026,2026-06-03,Q+3,2027-01-01,2027-03-31,-0.68,
03/06/2026,2026-06-03,Q+4,2027-04-01,2027-06-30,-0.721,
03/06/2026,2026-06-03,S,2027-04-01,2027-09-30,-0.722,
03/06/2026,2026-06-03,Y+1,2027-01-01,2027-12-31,-0.725,
03/06/2026,2026-06-03,Y+2,2028-01-01,2028-12-31,-0.543,
04/06/2026,2026-06-04,D+1,2026-06-05,2026-06-05,-0.254,48.43
04/06/2026,2026-06-04,D+2,2026-06-06,2026-06-06,-0.251,
04/06/2026,2026-06-04,D+3,2026-06-07,2026-06-07,-0.248,
04/06/2026,2026-06-04,W,2027-10-01,2028-03-31,-0.651,
04/06/2026,2026-06-04,BoM,2026-06-05,2026-06-30,-0.182,
04/06/2026,2026-06-04,M+1,2026-07-01,2026-07-31,-0.125,
04/06/2026,2026-06-04,M+2,2026-08-01,2026-08-31,-0.175,
04/06/2026,2026-06-04,M+3,2026-09-01,2026-09-30,-0.016,
04/06/2026,2026-06-04,Q+1,2026-07-01,2026-09-30,-0.075,
04/06/2026,2026-06-04,Q+2,2026-10-01,2026-12-31,-0.74,
04/06/2026,2026-06-04,Q+3,2027-01-01,2027-03-31,-0.71,
04/06/2026,2026-06-04,Q+4,2027-04-01,2027-06-30,-0.703,
04/06/2026,2026-06-04,S,2027-04-01,2027-09-30,-0.692,
04/06/2026,2026-06-04,Y+1,2027-01-01,2027-12-31,-0.625,
04/06/2026,2026-06-04,Y+2,2028-01-01,2028-12-31,-0.511,
05/06/2026,2026-06-05,D+1,2026-06-06,2026-06-06,0.031,47.87
05/06/2026,2026-06-05,D+2,2026-06-07,2026-06-07,0.021,
05/06/2026,2026-06-05,D+3,2026-06-08,2026-06-08,0.011,
05/06/2026,2026-06-05,W,2027-10-01,2028-03-31,0.223,
05/06/2026,2026-06-05,BoM,2026-06-06,2026-06-30,-0.082,
05/06/2026,2026-06-05,M+1,2026-07-01,2026-07-31,-0.357,
05/06/2026,2026-06-05,M+2,2026-08-01,2026-08-31,0.355,
05/06/2026,2026-06-05,M+3,2026-09-01,2026-09-30,0.346,
05/06/2026,2026-06-05,Q+1,2026-07-01,2026-09-30,0.1,
05/06/2026,2026-06-05,Q+2,2026-10-01,2026-12-31,0.327,
05/06/2026,2026-06-05,Q+3,2027-01-01,2027-03-31,0.39,
05/06/2026,2026-06-05,Q+4,2027-04-01,2027-06-30,0.269,
05/06/2026,2026-06-05,S,2027-04-01,2027-09-30,0.266,
05/06/2026,2026-06-05,Y+1,2027-01-01,2027-12-31,0.249,
05/06/2026,2026-06-05,Y+2,2028-01-01,2028-12-31,0.2,
08/06/2026,2026-06-08,D+1,2026-06-09,2026-06-09,-0.407,49.69
08/06/2026,2026-06-08,D+2,2026-06-10,2026-06-10,-0.401,
08/06/2026,2026-06-08,D+3,2026-06-11,2026-06-11,-0.394,
08/06/2026,2026-06-08,W,2027-10-01,2028-03-31,-0.595,
08/06/2026,2026-06-08,BoM,2026-06-09,2026-06-30,-0.347,
08/06/2026,2026-06-08,M+1,2026-07-01,2026-07-31,-0.175,
08/06/2026,2026-06-08,M+2,2026-08-01,2026-08-31,-0.225,
08/06/2026,2026-06-08,M+3,2026-09-01,2026-09-30,0.023,
08/06/2026,2026-06-08,Q+1,2026-07-01,2026-09-30,-0.225,
08/06/2026,2026-06-08,Q+2,2026-10-01,2026-12-31,-0.503,
08/06/2026,2026-06-08,Q+3,2027-01-01,2027-03-31,-0.46,
08/06/2026,2026-06-08,Q+4,2027-04-01,2027-06-30,-0.65,
08/06/2026,2026-06-08,S,2027-04-01,2027-09-30,-0.624,
08/06/2026,2026-06-08,Y+1,2027-01-01,2027-12-31,-0.725,
08/06/2026,2026-06-08,Y+2,2028-01-01,2028-12-31,-0.47,
09/06/2026,2026-06-09,D+1,2026-06-10,2026-06-10,-0.679,48.54
09/06/2026,2026-06-09,D+2,2026-06-11,2026-06-11,-0.663,
09/06/2026,2026-06-09,D+3,2026-06-12,2026-06-12,-0.648,
09/06/2026,2026-06-09,W,2027-10-01,2028-03-31,-0.692,
09/06/2026,2026-06-09,BoM,2026-06-10,2026-06-30,-0.529,
09/06/2026,2026-06-09,M+1,2026-07-01,2026-07-31,-0.125,
09/06/2026,2026-06-09,M+2,2026-08-01,2026-08-31,-0.175,
09/06/2026,2026-06-09,M+3,2026-09-01,2026-09-30,0.05,
09/06/2026,2026-06-09,Q+1,2026-07-01,2026-09-30,-0.175,
09/06/2026,2026-06-09,Q+2,2026-10-01,2026-12-31,-0.663,
09/06/2026,2026-06-09,Q+3,2027-01-01,2027-03-31,-0.661,
09/06/2026,2026-06-09,Q+4,2027-04-01,2027-06-30,-0.765,
09/06/2026,2026-06-09,S,2027-04-01,2027-09-30,-0.694,
09/06/2026,2026-06-09,Y+1,2027-01-01,2027-12-31,-0.725,
09/06/2026,2026-06-09,Y+2,2028-01-01,2028-12-31,-0.573,
10/06/2026,2026-06-10,D+1,2026-06-11,2026-06-11,-1.24,50.04
10/06/2026,2026-06-10,D+2,2026-06-12,2026-06-12,-1.209,
10/06/2026,2026-06-10,D+3,2026-06-13,2026-06-13,-1.178,
10/06/2026,2026-06-10,W,2027-10-01,2028-03-31,-0.685,
10/06/2026,2026-06-10,BoM,2026-06-11,2026-06-30,-0.95,
10/06/2026,2026-06-10,M+1,2026-07-01,2026-07-31,-0.175,
10/06/2026,2026-06-10,M+2,2026-08-01,2026-08-31,-0.175,
10/06/2026,2026-06-10,M+3,2026-09-01,2026-09-30,-0.399,
10/06/2026,2026-06-10,Q+1,2026-07-01,2026-09-30,-0.175,
10/06/2026,2026-06-10,Q+2,2026-10-01,2026-12-31,-0.787,
10/06/2026,2026-06-10,Q+3,2027-01-01,2027-03-31,-0.753,
10/06/2026,2026-06-10,Q+4,2027-04-01,2027-06-30,-0.791,
10/06/2026,2026-06-10,S,2027-04-01,2027-09-30,-0.728,
10/06/2026,2026-06-10,Y+1,2027-01-01,2027-12-31,-0.725,
10/06/2026,2026-06-10,Y+2,2028-01-01,2028-12-31,-0.582,
11/06/2026,2026-06-11,D+1,2026-06-12,2026-06-12,-1.24,50.64
11/06/2026,2026-06-11,D+2,2026-06-13,2026-06-13,-1.209,
11/06/2026,2026-06-11,D+3,2026-06-14,2026-06-14,-1.178,
11/06/2026,2026-06-11,W,2027-10-01,2028-03-31,-0.685,
11/06/2026,2026-06-11,BoM,2026-06-12,2026-06-30,-0.95,
11/06/2026,2026-06-11,M+1,2026-07-01,2026-07-31,-0.175,
11/06/2026,2026-06-11,M+2,2026-08-01,2026-08-31,-0.125,
11/06/2026,2026-06-11,M+3,2026-09-01,2026-09-30,-0.399,
11/06/2026,2026-06-11,Q+1,2026-07-01,2026-09-30,-0.125,
11/06/2026,2026-06-11,Q+2,2026-10-01,2026-12-31,-0.787,
11/06/2026,2026-06-11,Q+3,2027-01-01,2027-03-31,-0.753,
11/06/2026,2026-06-11,Q+4,2027-04-01,2027-06-30,-0.791,
11/06/2026,2026-06-11,S,2027-04-01,2027-09-30,-0.728,
11/06/2026,2026-06-11,Y+1,2027-01-01,2027-12-31,-0.725,
11/06/2026,2026-06-11,Y+2,2028-01-01,2028-12-31,-0.582,
12/06/2026,2026-06-12,D+1,2026-06-13,2026-06-13,-0.158,45.57
12/06/2026,2026-06-12,D+2,2026-06-14,2026-06-14,-0.158,
12/06/2026,2026-06-12,D+3,2026-06-15,2026-06-15,-0.159,
12/06/2026,2026-06-12,W,2027-10-01,2028-03-31,-0.126,
12/06/2026,2026-06-12,BoM,2026-06-13,2026-06-30,-0.113,
12/06/2026,2026-06-12,M+1,2026-07-01,2026-07-31,-0.175,
12/06/2026,2026-06-12,M+2,2026-08-01,2026-08-31,0.229,
12/06/2026,2026-06-12,M+3,2026-09-01,2026-09-30,0.216,
12/06/2026,2026-06-12,Q+1,2026-07-01,2026-09-30,-0.125,
12/06/2026,2026-06-12,Q+2,2026-10-01,2026-12-31,0.561,
12/06/2026,2026-06-12,Q+3,2027-01-01,2027-03-31,0.582,
12/06/2026,2026-06-12,Q+4,2027-04-01,2027-06-30,-0.174,
12/06/2026,2026-06-12,S,2027-04-01,2027-09-30,-0.128,
12/06/2026,2026-06-12,Y+1,2027-01-01,2027-12-31,0.048,
12/06/2026,2026-06-12,Y+2,2028-01-01,2028-12-31,-0.169,
15/06/2026,2026-06-15,D+1,2026-06-16,2026-06-16,0.245,42.46
15/06/2026,2026-06-15,D+2,2026-06-17,2026-06-17,0.232,
15/06/2026,2026-06-15,D+3,2026-06-18,2026-06-18,0.22,
15/06/2026,2026-06-15,W,2027-10-01,2028-03-31,-0.644,
15/06/2026,2026-06-15,BoM,2026-06-16,2026-06-30,0.547,
15/06/2026,2026-06-15,M+1,2026-07-01,2026-07-31,-0.125,
15/06/2026,2026-06-15,M+2,2026-08-01,2026-08-31,-0.175,
15/06/2026,2026-06-15,M+3,2026-09-01,2026-09-30,-0.026,
15/06/2026,2026-06-15,Q+1,2026-07-01,2026-09-30,-0.175,
15/06/2026,2026-06-15,Q+2,2026-10-01,2026-12-31,-0.771,
15/06/2026,2026-06-15,Q+3,2027-01-01,2027-03-31,-0.741,
15/06/2026,2026-06-15,Q+4,2027-04-01,2027-06-30,-0.694,
15/06/2026,2026-06-15,S,2027-04-01,2027-09-30,-0.663,
15/06/2026,2026-06-15,Y+1,2027-01-01,2027-12-31,-0.725,
15/06/2026,2026-06-15,Y+2,2028-01-01,2028-12-31,-0.565,
16/06/2026,2026-06-16,D+1,2026-06-17,2026-06-17,0.399,42.11
16/06/2026,2026-06-16,D+2,2026-06-18,2026-06-18,0.382,
16/06/2026,2026-06-16,D+3,2026-06-19,2026-06-19,0.366,
16/06/2026,2026-06-16,W,2027-10-01,2028-03-31,-0.694,
16/06/2026,2026-06-16,BoM,2026-06-17,2026-06-30,0.215,
16/06/2026,2026-06-16,M+1,2026-07-01,2026-07-31,-0.075,
16/06/2026,2026-06-16,M+2,2026-08-01,2026-08-31,-0.175,
16/06/2026,2026-06-16,M+3,2026-09-01,2026-09-30,-0.178,
16/06/2026,2026-06-16,Q+1,2026-07-01,2026-09-30,-0.175,
16/06/2026,2026-06-16,Q+2,2026-10-01,2026-12-31,-0.722,
16/06/2026,2026-06-16,Q+3,2027-01-01,2027-03-31,-0.708,
16/06/2026,2026-06-16,Q+4,2027-04-01,2027-06-30,-0.661,
16/06/2026,2026-06-16,S,2027-04-01,2027-09-30,-0.677,
16/06/2026,2026-06-16,Y+1,2027-01-01,2027-12-31,-0.775,
16/06/2026,2026-06-16,Y+2,2028-01-01,2028-12-31,-0.495,
17/06/2026,2026-06-17,D+1,2026-06-18,2026-06-18,0.37,41.53
17/06/2026,2026-06-17,D+2,2026-06-19,2026-06-19,0.35,
17/06/2026,2026-06-17,D+3,2026-06-20,2026-06-20,0.33,
17/06/2026,2026-06-17,W,2027-10-01,2028-03-31,-0.769,
17/06/2026,2026-06-17,BoM,2026-06-18,2026-06-30,-0.008,
17/06/2026,2026-06-17,M+1,2026-07-01,2026-07-31,-0.175,
17/06/2026,2026-06-17,M+2,2026-08-01,2026-08-31,-0.175,
17/06/2026,2026-06-17,M+3,2026-09-01,2026-09-30,0.219,
17/06/2026,2026-06-17,Q+1,2026-07-01,2026-09-30,-0.275,
17/06/2026,2026-06-17,Q+2,2026-10-01,2026-12-31,-0.683,
17/06/2026,2026-06-17,Q+3,2027-01-01,2027-03-31,-0.713,
17/06/2026,2026-06-17,Q+4,2027-04-01,2027-06-30,-0.744,
17/06/2026,2026-06-17,S,2027-04-01,2027-09-30,-0.746,
17/06/2026,2026-06-17,Y+1,2027-01-01,2027-12-31,-0.775,
17/06/2026,2026-06-17,Y+2,2028-01-01,2028-12-31,-0.635,
18/06/2026,2026-06-18,D+1,2026-06-19,2026-06-19,0.645,40.56
18/06/2026,2026-06-18,D+2,2026-06-20,2026-06-20,0.622,
18/06/2026,2026-06-18,D+3,2026-06-21,2026-06-21,0.598,
18/06/2026,2026-06-18,W,2027-10-01,2028-03-31,-0.75,
18/06/2026,2026-06-18,BoM,2026-06-19,2026-06-30,0.546,
18/06/2026,2026-06-18,M+1,2026-07-01,2026-07-31,0.025,
18/06/2026,2026-06-18,M+2,2026-08-01,2026-08-31,-0.175,
18/06/2026,2026-06-18,M+3,2026-09-01,2026-09-30,-0.04,
18/06/2026,2026-06-18,Q+1,2026-07-01,2026-09-30,-0.175,
18/06/2026,2026-06-18,Q+2,2026-10-01,2026-12-31,-0.681,
18/06/2026,2026-06-18,Q+3,2027-01-01,2027-03-31,-0.725,
18/06/2026,2026-06-18,Q+4,2027-04-01,2027-06-30,-0.77,
18/06/2026,2026-06-18,S,2027-04-01,2027-09-30,-0.757,
18/06/2026,2026-06-18,Y+1,2027-01-01,2027-12-31,-0.775,
18/06/2026,2026-06-18,Y+2,2028-01-01,2028-12-31,-0.586,
19/06/2026,2026-06-19,D+1,2026-06-20,2026-06-20,0.906,41.64
19/06/2026,2026-06-19,D+2,2026-06-21,2026-06-21,0.87,
19/06/2026,2026-06-19,D+3,2026-06-22,2026-06-22,0.833,
19/06/2026,2026-06-19,W,2027-10-01,2028-03-31,-0.831,
19/06/2026,2026-06-19,BoM,2026-06-20,2026-06-30,0.744,
19/06/2026,2026-06-19,M+1,2026-07-01,2026-07-31,-0.025,
19/06/2026,2026-06-19,M+2,2026-08-01,2026-08-31,-0.175,
19/06/2026,2026-06-19,M+3,2026-09-01,2026-09-30,0.159,
19/06/2026,2026-06-19,Q+1,2026-07-01,2026-09-30,-0.175,
19/06/2026,2026-06-19,Q+2,2026-10-01,2026-12-31,-0.77,
19/06/2026,2026-06-19,Q+3,2027-01-01,2027-03-31,-0.661,
19/06/2026,2026-06-19,Q+4,2027-04-01,2027-06-30,-0.895,
19/06/2026,2026-06-19,S,2027-04-01,2027-09-30,-0.882,
19/06/2026,2026-06-19,Y+1,2027-01-01,2027-12-31,-0.775,
19/06/2026,2026-06-19,Y+2,2028-01-01,2028-12-31,-0.68,
22/06/2026,2026-06-22,D+1,2026-06-23,2026-06-23,0.57,41.98
22/06/2026,2026-06-22,D+2,2026-06-24,2026-06-24,0.544,
22/06/2026,2026-06-22,D+3,2026-06-25,2026-06-25,0.517,
22/06/2026,2026-06-22,W,2027-10-01,2028-03-31,-0.57,
22/06/2026,2026-06-22,BoM,2026-06-23,2026-06-30,0.486,
22/06/2026,2026-06-22,M+1,2026-07-01,2026-07-31,-0.025,
22/06/2026,2026-06-22,M+2,2026-08-01,2026-08-31,-0.175,
22/06/2026,2026-06-22,M+3,2026-09-01,2026-09-30,-0.487,
22/06/2026,2026-06-22,Q+1,2026-07-01,2026-09-30,-0.225,
22/06/2026,2026-06-22,Q+2,2026-10-01,2026-12-31,-0.814,
22/06/2026,2026-06-22,Q+3,2027-01-01,2027-03-31,-0.785,
22/06/2026,2026-06-22,Q+4,2027-04-01,2027-06-30,-0.625,
22/06/2026,2026-06-22,S,2027-04-01,2027-09-30,-0.598,
22/06/2026,2026-06-22,Y+1,2027-01-01,2027-12-31,-0.775,
22/06/2026,2026-06-22,Y+2,2028-01-01,2028-12-31,-0.462,
23/06/2026,2026-06-23,D+1,2026-06-24,2026-06-24,0.771,41.76
23/06/2026,2026-06-23,D+2,2026-06-25,2026-06-25,0.727,
23/06/2026,2026-06-23,D+3,2026-06-26,2026-06-26,0.683,
23/06/2026,2026-06-23,W,2027-10-01,2028-03-31,-0.654,
23/06/2026,2026-06-23,BoM,2026-06-24,2026-06-30,0.671,
23/06/2026,2026-06-23,M+1,2026-07-01,2026-07-31,-0.175,
23/06/2026,2026-06-23,M+2,2026-08-01,2026-08-31,-0.325,
23/06/2026,2026-06-23,M+3,2026-09-01,2026-09-30,-0.938,
23/06/2026,2026-06-23,Q+1,2026-07-01,2026-09-30,-0.325,
23/06/2026,2026-06-23,Q+2,2026-10-01,2026-12-31,-0.785,
23/06/2026,2026-06-23,Q+3,2027-01-01,2027-03-31,-0.729,
23/06/2026,2026-06-23,Q+4,2027-04-01,2027-06-30,-0.668,
23/06/2026,2026-06-23,S,2027-04-01,2027-09-30,-0.676,
23/06/2026,2026-06-23,Y+1,2027-01-01,2027-12-31,-0.775,
23/06/2026,2026-06-23,Y+2,2028-01-01,2028-12-31,-0.568,
24/06/2026,2026-06-24,D+1,2026-06-25,2026-06-25,0.731,40.67
24/06/2026,2026-06-24,D+2,2026-06-26,2026-06-26,0.687,
24/06/2026,2026-06-24,D+3,2026-06-27,2026-06-27,0.643,
24/06/2026,2026-06-24,W,2027-10-01,2028-03-31,-0.842,
24/06/2026,2026-06-24,BoM,2026-06-25,2026-06-30,0.644,
24/06/2026,2026-06-24,M+1,2026-07-01,2026-07-31,-0.175,
24/06/2026,2026-06-24,M+2,2026-08-01,2026-08-31,-0.325,
24/06/2026,2026-06-24,M+3,2026-09-01,2026-09-30,-0.521,
24/06/2026,2026-06-24,Q+1,2026-07-01,2026-09-30,-0.325,
24/06/2026,2026-06-24,Q+2,2026-10-01,2026-12-31,-0.985,
24/06/2026,2026-06-24,Q+3,2027-01-01,2027-03-31,-0.939,
24/06/2026,2026-06-24,Q+4,2027-04-01,2027-06-30,-0.866,
24/06/2026,2026-06-24,S,2027-04-01,2027-09-30,-0.868,
24/06/2026,2026-06-24,Y+1,2027-01-01,2027-12-31,-0.875,
24/06/2026,2026-06-24,Y+2,2028-01-01,2028-12-31,-0.685,
25/06/2026,2026-06-25,D+1,2026-06-26,2026-06-26,0.811,40.26
25/06/2026,2026-06-25,D+2,2026-06-27,2026-06-27,0.771,
25/06/2026,2026-06-25,D+3,2026-06-28,2026-06-28,0.73,
25/06/2026,2026-06-25,W,2027-10-01,2028-03-31,-0.705,
25/06/2026,2026-06-25,BoM,2026-06-26,2026-06-30,0.749,
25/06/2026,2026-06-25,M+1,2026-07-01,2026-07-31,0.025,
25/06/2026,2026-06-25,M+2,2026-08-01,2026-08-31,-0.175,
25/06/2026,2026-06-25,M+3,2026-09-01,2026-09-30,-0.407,
25/06/2026,2026-06-25,Q+1,2026-07-01,2026-09-30,-0.225,
25/06/2026,2026-06-25,Q+2,2026-10-01,2026-12-31,-0.882,
25/06/2026,2026-06-25,Q+3,2027-01-01,2027-03-31,-0.881,
25/06/2026,2026-06-25,Q+4,2027-04-01,2027-06-30,-0.766,
25/06/2026,2026-06-25,S,2027-04-01,2027-09-30,-0.771,
25/06/2026,2026-06-25,Y+1,2027-01-01,2027-12-31,-0.825,
25/06/2026,2026-06-25,Y+2,2028-01-01,2028-12-31,-0.652,
26/06/2026,2026-06-26,D+1,2026-06-27,2026-06-27,0.56,40.2
26/06/2026,2026-06-26,D+2,2026-06-28,2026-06-28,0.531,
26/06/2026,2026-06-26,D+3,2026-06-29,2026-06-29,0.502,
26/06/2026,2026-06-26,W,2027-10-01,2028-03-31,-0.724,
26/06/2026,2026-06-26,BoM,2026-06-27,2026-06-30,0.531,
26/06/2026,2026-06-26,M+1,2026-07-01,2026-07-31,0.025,
26/06/2026,2026-06-26,M+2,2026-08-01,2026-08-31,-0.225,
26/06/2026,2026-06-26,M+3,2026-09-01,2026-09-30,-0.26,
26/06/2026,2026-06-26,Q+1,2026-07-01,2026-09-30,-0.275,
26/06/2026,2026-06-26,Q+2,2026-10-01,2026-12-31,-0.946,
26/06/2026,2026-06-26,Q+3,2027-01-01,2027-03-31,-0.881,
26/06/2026,2026-06-26,Q+4,2027-04-01,2027-06-30,-0.764,
26/06/2026,2026-06-26,S,2027-04-01,2027-09-30,-0.754,
26/06/2026,2026-06-26,Y+1,2027-01-01,2027-12-31,-0.825,
26/06/2026,2026-06-26,Y+2,2028-01-01,2028-12-31,-0.663,
29/06/2026,2026-06-29,D+1,2026-06-30,2026-06-30,-0.188,42.6
29/06/2026,2026-06-29,D+2,2026-07-01,2026-07-01,-0.178,
29/06/2026,2026-06-29,D+3,2026-07-02,2026-07-02,-0.167,
29/06/2026,2026-06-29,W,2027-10-01,2028-03-31,-0.455,
29/06/2026,2026-06-29,M+1,2026-07-01,2026-07-31,-0.028,
29/06/2026,2026-06-29,M+2,2026-08-01,2026-08-31,-0.085,
29/06/2026,2026-06-29,M+3,2026-09-01,2026-09-30,-0.058,
29/06/2026,2026-06-29,Q+1,2026-07-01,2026-09-30,-0.042,
29/06/2026,2026-06-29,Q+2,2026-10-01,2026-12-31,-1.294,
29/06/2026,2026-06-29,Q+3,2027-01-01,2027-03-31,-1.039,
29/06/2026,2026-06-29,Q+4,2027-04-01,2027-06-30,-0.852,
29/06/2026,2026-06-29,S,2027-04-01,2027-09-30,-0.789,
29/06/2026,2026-06-29,Y+1,2027-01-01,2027-12-31,-0.844,
29/06/2026,2026-06-29,Y+2,2028-01-01,2028-12-31,-0.159,
30/06/2026,2026-06-30,D+1,2026-07-01,2026-07-01,0.156,43.51
30/06/2026,2026-06-30,D+2,2026-07-02,2026-07-02,0.143,
30/06/2026,2026-06-30,D+3,2026-07-03,2026-07-03,0.131,
30/06/2026,2026-06-30,W,2027-10-01,2028-03-31,-0.181,
30/06/2026,2026-06-30,M+1,2026-07-01,2026-07-31,-0.028,
30/06/2026,2026-06-30,M+2,2026-08-01,2026-08-31,-0.095,
30/06/2026,2026-06-30,M+3,2026-09-01,2026-09-30,-0.262,
30/06/2026,2026-06-30,Q+2,2026-10-01,2026-12-31,-0.327,
30/06/2026,2026-06-30,Q+3,2027-01-01,2027-03-31,-0.328,
30/06/2026,2026-06-30,Q+4,2027-04-01,2027-06-30,-0.204,
30/06/2026,2026-06-30,S,2027-04-01,2027-09-30,-0.153,
30/06/2026,2026-06-30,Y+1,2027-01-01,2027-12-31,-0.184,
30/06/2026,2026-06-30,Y+2,2028-01-01,2028-12-31,-0.167,
01/07/2026,2026-07-01,D+1,2026-07-02,2026-07-02,0.255,42.96
01/07/2026,2026-07-01,D+2,2026-07-03,2026-07-03,0.244,
01/07/2026,2026-07-01,D+3,2026-07-04,2026-07-04,0.233,
01/07/2026,2026-07-01,W,2027-10-01,2028-03-31,-0.678,
01/07/2026,2026-07-01,BoM,2026-07-02,2026-07-31,0.684,
01/07/2026,2026-07-01,M+1,2026-08-01,2026-08-31,-0.225,
01/07/2026,2026-07-01,M+2,2026-09-01,2026-09-30,-0.475,
01/07/2026,2026-07-01,M+3,2026-10-01,2026-10-31,-1.039,
01/07/2026,2026-07-01,Q+1,2026-10-01,2026-12-31,-0.975,
01/07/2026,2026-07-01,Q+2,2027-01-01,2027-03-31,-0.701,
01/07/2026,2026-07-01,Q+3,2027-04-01,2027-06-30,-0.755,
01/07/2026,2026-07-01,Q+4,2027-07-01,2027-09-30,-0.723,
01/07/2026,2026-07-01,S,2027-04-01,2027-09-30,-0.712,
01/07/2026,2026-07-01,Y+1,2027-01-01,2027-12-31,-0.825,
01/07/2026,2026-07-01,Y+2,2028-01-01,2028-12-31,-0.585,
02/07/2026,2026-07-02,D+1,2026-07-03,2026-07-03,0.855,44.06
02/07/2026,2026-07-02,D+2,2026-07-04,2026-07-04,0.834,
02/07/2026,2026-07-02,D+3,2026-07-05,2026-07-05,0.812,
02/07/2026,2026-07-02,W,2027-10-01,2028-03-31,-0.454,
02/07/2026,2026-07-02,BoM,2026-07-03,2026-07-31,0.584,
02/07/2026,2026-07-02,M+1,2026-08-01,2026-08-31,-0.075,
02/07/2026,2026-07-02,M+2,2026-09-01,2026-09-30,-0.375,
02/07/2026,2026-07-02,M+3,2026-10-01,2026-10-31,-1.094,
02/07/2026,2026-07-02,Q+1,2026-10-01,2026-12-31,-0.925,
02/07/2026,2026-07-02,Q+2,2027-01-01,2027-03-31,-0.66,
02/07/2026,2026-07-02,Q+3,2027-04-01,2027-06-30,-0.895,
02/07/2026,2026-07-02,Q+4,2027-07-01,2027-09-30,-0.82,
02/07/2026,2026-07-02,S,2027-04-01,2027-09-30,-0.835,
02/07/2026,2026-07-02,Y+1,2027-01-01,2027-12-31,-0.825,
02/07/2026,2026-07-02,Y+2,2028-01-01,2028-12-31,-0.079,
03/07/2026,2026-07-03,D+1,2026-07-04,2026-07-04,0.942,44.56
03/07/2026,2026-07-03,D+2,2026-07-05,2026-07-05,0.918,
03/07/2026,2026-07-03,D+3,2026-07-06,2026-07-06,0.894,
03/07/2026,2026-07-03,W,2027-10-01,2028-03-31,-0.546,
03/07/2026,2026-07-03,BoM,2026-07-04,2026-07-31,0.635,
03/07/2026,2026-07-03,M+1,2026-08-01,2026-08-31,-0.075,
03/07/2026,2026-07-03,M+2,2026-09-01,2026-09-30,-0.525,
03/07/2026,2026-07-03,M+3,2026-10-01,2026-10-31,-1.092,
03/07/2026,2026-07-03,Q+1,2026-10-01,2026-12-31,-1.092,
03/07/2026,2026-07-03,Q+2,2027-01-01,2027-03-31,-1.406,
03/07/2026,2026-07-03,Q+3,2027-04-01,2027-06-30,-0.597,
03/07/2026,2026-07-03,Q+4,2027-07-01,2027-09-30,-0.572,
03/07/2026,2026-07-03,S,2027-04-01,2027-09-30,-0.598,
03/07/2026,2026-07-03,Y+1,2027-01-01,2027-12-31,-0.875,
03/07/2026,2026-07-03,Y+2,2028-01-01,2028-12-31,-0.479,
06/07/2026,2026-07-06,D+1,2026-07-07,2026-07-07,1.051,44.11
06/07/2026,2026-07-06,D+2,2026-07-08,2026-07-08,1.025,
06/07/2026,2026-07-06,D+3,2026-07-09,2026-07-09,0.999,
06/07/2026,2026-07-06,W,2027-10-01,2028-03-31,-0.459,
06/07/2026,2026-07-06,BoM,2026-07-07,2026-07-31,0.739,
06/07/2026,2026-07-06,M+1,2026-08-01,2026-08-31,0.025,
06/07/2026,2026-07-06,M+2,2026-09-01,2026-09-30,-0.375,
06/07/2026,2026-07-06,M+3,2026-10-01,2026-10-31,-1.04,
06/07/2026,2026-07-06,Q+1,2026-10-01,2026-12-31,-0.725,
06/07/2026,2026-07-06,Q+2,2027-01-01,2027-03-31,-0.923,
06/07/2026,2026-07-06,Q+3,2027-04-01,2027-06-30,-0.818,
06/07/2026,2026-07-06,Q+4,2027-07-01,2027-09-30,-0.768,
06/07/2026,2026-07-06,S,2027-04-01,2027-09-30,-0.789,
06/07/2026,2026-07-06,Y+1,2027-01-01,2027-12-31,-0.825,
06/07/2026,2026-07-06,Y+2,2028-01-01,2028-12-31,-0.178,
07/07/2026,2026-07-07,D+1,2026-07-08,2026-07-08,1.86,46.64
07/07/2026,2026-07-07,D+2,2026-07-09,2026-07-09,1.812,
07/07/2026,2026-07-07,D+3,2026-07-10,2026-07-10,1.765,
07/07/2026,2026-07-07,W,2027-10-01,2028-03-31,-0.398,
07/07/2026,2026-07-07,BoM,2026-07-08,2026-07-31,1.313,
07/07/2026,2026-07-07,M+1,2026-08-01,2026-08-31,0.025,
07/07/2026,2026-07-07,M+2,2026-09-01,2026-09-30,-0.425,
07/07/2026,2026-07-07,M+3,2026-10-01,2026-10-31,-0.988,
07/07/2026,2026-07-07,Q+1,2026-10-01,2026-12-31,-0.825,
07/07/2026,2026-07-07,Q+2,2027-01-01,2027-03-31,-0.985,
07/07/2026,2026-07-07,Q+3,2027-04-01,2027-06-30,-0.558,
07/07/2026,2026-07-07,Q+4,2027-07-01,2027-09-30,-0.522,
07/07/2026,2026-07-07,S,2027-04-01,2027-09-30,-0.53,
07/07/2026,2026-07-07,Y+1,2027-01-01,2027-12-31,-0.775,
07/07/2026,2026-07-07,Y+2,2028-01-01,2028-12-31,-0.174,
08/07/2026,2026-07-08,D+1,2026-07-09,2026-07-09,1.476,48.9
08/07/2026,2026-07-08,D+2,2026-07-10,2026-07-10,1.441,
08/07/2026,2026-07-08,D+3,2026-07-11,2026-07-11,1.407,
08/07/2026,2026-07-08,W,2027-10-01,2028-03-31,-0.62,
08/07/2026,2026-07-08,BoM,2026-07-09,2026-07-31,1.114,
08/07/2026,2026-07-08,M+1,2026-08-01,2026-08-31,0.175,
08/07/2026,2026-07-08,M+2,2026-09-01,2026-09-30,-0.225,
08/07/2026,2026-07-08,M+3,2026-10-01,2026-10-31,-0.94,
08/07/2026,2026-07-08,Q+1,2026-10-01,2026-12-31,-0.825,
08/07/2026,2026-07-08,Q+2,2027-01-01,2027-03-31,-0.678,
08/07/2026,2026-07-08,Q+3,2027-04-01,2027-06-30,-0.682,
08/07/2026,2026-07-08,Q+4,2027-07-01,2027-09-30,-0.616,
08/07/2026,2026-07-08,S,2027-04-01,2027-09-30,-0.641,
08/07/2026,2026-07-08,Y+1,2027-01-01,2027-12-31,-0.775,
08/07/2026,2026-07-08,Y+2,2028-01-01,2028-12-31,-0.566,
09/07/2026,2026-07-09,D+1,2026-07-10,2026-07-10,1.241,50.17
09/07/2026,2026-07-09,D+2,2026-07-11,2026-07-11,1.215,
09/07/2026,2026-07-09,D+3,2026-07-12,2026-07-12,1.188,
09/07/2026,2026-07-09,W,2027-10-01,2028-03-31,-0.761,
09/07/2026,2026-07-09,BoM,2026-07-10,2026-07-31,0.979,
09/07/2026,2026-07-09,M+1,2026-08-01,2026-08-31,0.275,
09/07/2026,2026-07-09,M+2,2026-09-01,2026-09-30,-0.275,
09/07/2026,2026-07-09,M+3,2026-10-01,2026-10-31,-0.962,
09/07/2026,2026-07-09,Q+1,2026-10-01,2026-12-31,-0.775,
09/07/2026,2026-07-09,Q+2,2027-01-01,2027-03-31,-0.725,
09/07/2026,2026-07-09,Q+3,2027-04-01,2027-06-30,-0.792,
09/07/2026,2026-07-09,Q+4,2027-07-01,2027-09-30,-0.845,
09/07/2026,2026-07-09,S,2027-04-01,2027-09-30,-0.785,
09/07/2026,2026-07-09,Y+1,2027-01-01,2027-12-31,-0.775,
09/07/2026,2026-07-09,Y+2,2028-01-01,2028-12-31,-0.651,
10/07/2026,2026-07-10,D+1,2026-07-11,2026-07-11,1.399,47.63
10/07/2026,2026-07-10,D+2,2026-07-12,2026-07-12,1.364,
10/07/2026,2026-07-10,D+3,2026-07-13,2026-07-13,1.33,
10/07/2026,2026-07-10,W,2027-10-01,2028-03-31,-0.702,
10/07/2026,2026-07-10,BoM,2026-07-11,2026-07-31,1.075,
10/07/2026,2026-07-10,M+1,2026-08-01,2026-08-31,0.175,
10/07/2026,2026-07-10,M+2,2026-09-01,2026-09-30,-0.225,
10/07/2026,2026-07-10,M+3,2026-10-01,2026-10-31,-0.831,
10/07/2026,2026-07-10,Q+1,2026-10-01,2026-12-31,-0.775,
10/07/2026,2026-07-10,Q+2,2027-01-01,2027-03-31,-0.589,
10/07/2026,2026-07-10,Q+3,2027-04-01,2027-06-30,-0.773,
10/07/2026,2026-07-10,Q+4,2027-07-01,2027-09-30,-0.714,
10/07/2026,2026-07-10,S,2027-04-01,2027-09-30,-0.738,
10/07/2026,2026-07-10,Y+1,2027-01-01,2027-12-31,-0.725,
10/07/2026,2026-07-10,Y+2,2028-01-01,2028-12-31,-0.585,
13/07/2026,2026-07-13,D+1,2026-07-14,2026-07-14,1.913,51.17
13/07/2026,2026-07-13,D+2,2026-07-15,2026-07-15,1.858,
13/07/2026,2026-07-13,D+3,2026-07-16,2026-07-16,1.803,
13/07/2026,2026-07-13,W,2027-10-01,2028-03-31,-0.906,
13/07/2026,2026-07-13,BoM,2026-07-14,2026-07-31,1.491,
13/07/2026,2026-07-13,M+1,2026-08-01,2026-08-31,0.125,
13/07/2026,2026-07-13,M+2,2026-09-01,2026-09-30,-0.325,
13/07/2026,2026-07-13,M+3,2026-10-01,2026-10-31,-1.081,
13/07/2026,2026-07-13,Q+1,2026-10-01,2026-12-31,-0.875,
13/07/2026,2026-07-13,Q+2,2027-01-01,2027-03-31,-0.777,
13/07/2026,2026-07-13,Q+3,2027-04-01,2027-06-30,-0.956,
13/07/2026,2026-07-13,Q+4,2027-07-01,2027-09-30,-0.841,
13/07/2026,2026-07-13,S,2027-04-01,2027-09-30,-0.924,
13/07/2026,2026-07-13,Y+1,2027-01-01,2027-12-31,-0.825,
13/07/2026,2026-07-13,Y+2,2028-01-01,2028-12-31,-0.774,
14/07/2026,2026-07-14,D+1,2026-07-15,2026-07-15,3.192,52.79
14/07/2026,2026-07-14,D+2,2026-07-16,2026-07-16,3.101,
14/07/2026,2026-07-14,D+3,2026-07-17,2026-07-17,3.01,
14/07/2026,2026-07-14,W,2027-10-01,2028-03-31,-0.619,
14/07/2026,2026-07-14,BoM,2026-07-15,2026-07-31,2.518,
14/07/2026,2026-07-14,M+1,2026-08-01,2026-08-31,0.325,
14/07/2026,2026-07-14,M+2,2026-09-01,2026-09-30,-0.175,
14/07/2026,2026-07-14,M+3,2026-10-01,2026-10-31,-0.934,
14/07/2026,2026-07-14,Q+1,2026-10-01,2026-12-31,-0.775,
14/07/2026,2026-07-14,Q+2,2027-01-01,2027-03-31,-0.801,
14/07/2026,2026-07-14,Q+3,2027-04-01,2027-06-30,-0.592,
14/07/2026,2026-07-14,Q+4,2027-07-01,2027-09-30,-0.49,
14/07/2026,2026-07-14,S,2027-04-01,2027-09-30,-0.474,
14/07/2026,2026-07-14,Y+1,2027-01-01,2027-12-31,-0.825,
14/07/2026,2026-07-14,Y+2,2028-01-01,2028-12-31,-0.676,
15/07/2026,2026-07-15,D+1,2026-07-16,2026-07-16,2.967,54.36
15/07/2026,2026-07-15,D+2,2026-07-17,2026-07-17,2.884,
15/07/2026,2026-07-15,D+3,2026-07-18,2026-07-18,2.8,
15/07/2026,2026-07-15,W,2027-10-01,2028-03-31,-0.815,
15/07/2026,2026-07-15,BoM,2026-07-16,2026-07-31,2.391,
15/07/2026,2026-07-15,M+1,2026-08-01,2026-08-31,0.425,
15/07/2026,2026-07-15,M+2,2026-09-01,2026-09-30,-0.175,
15/07/2026,2026-07-15,M+3,2026-10-01,2026-10-31,-0.754,
15/07/2026,2026-07-15,Q+1,2026-10-01,2026-12-31,-0.775,
15/07/2026,2026-07-15,Q+2,2027-01-01,2027-03-31,-0.792,
15/07/2026,2026-07-15,Q+3,2027-04-01,2027-06-30,-0.762,
15/07/2026,2026-07-15,Q+4,2027-07-01,2027-09-30,-0.841,
15/07/2026,2026-07-15,S,2027-04-01,2027-09-30,-0.849,
15/07/2026,2026-07-15,Y+1,2027-01-01,2027-12-31,-0.775,
15/07/2026,2026-07-15,Y+2,2028-01-01,2028-12-31,-0.505,
16/07/2026,2026-07-16,D+1,2026-07-17,2026-07-17,2.997,54.73
16/07/2026,2026-07-16,D+2,2026-07-18,2026-07-18,2.912,
16/07/2026,2026-07-16,D+3,2026-07-19,2026-07-19,2.826,
16/07/2026,2026-07-16,W,2027-10-01,2028-03-31,-0.65,
16/07/2026,2026-07-16,BoM,2026-07-17,2026-07-31,2.459,
16/07/2026,2026-07-16,M+1,2026-08-01,2026-08-31,0.475,
16/07/2026,2026-07-16,M+2,2026-09-01,2026-09-30,0.075,
16/07/2026,2026-07-16,M+3,2026-10-01,2026-10-31,-0.721,
16/07/2026,2026-07-16,Q+1,2026-10-01,2026-12-31,-0.625,
16/07/2026,2026-07-16,Q+2,2027-01-01,2027-03-31,-0.715,
16/07/2026,2026-07-16,Q+3,2027-04-01,2027-06-30,-0.767,
16/07/2026,2026-07-16,Q+4,2027-07-01,2027-09-30,-0.734,
16/07/2026,2026-07-16,S,2027-04-01,2027-09-30,-0.731,
16/07/2026,2026-07-16,Y+1,2027-01-01,2027-12-31,-0.725,
16/07/2026,2026-07-16,Y+2,2028-01-01,2028-12-31,-0.524,
17/07/2026,2026-07-17,D+1,2026-07-18,2026-07-18,2.463,57.12
17/07/2026,2026-07-17,D+2,2026-07-19,2026-07-19,2.392,
17/07/2026,2026-07-17,D+3,2026-07-20,2026-07-20,2.32,
17/07/2026,2026-07-17,W,2027-10-01,2028-03-31,-0.849,
17/07/2026,2026-07-17,BoM,2026-07-18,2026-07-31,2.039,
17/07/2026,2026-07-17,M+1,2026-08-01,2026-08-31,0.425,
17/07/2026,2026-07-17,M+2,2026-09-01,2026-09-30,0.075,
17/07/2026,2026-07-17,M+3,2026-10-01,2026-10-31,-0.749,
17/07/2026,2026-07-17,Q+1,2026-10-01,2026-12-31,-0.875,
17/07/2026,2026-07-17,Q+2,2027-01-01,2027-03-31,-0.404,
17/07/2026,2026-07-17,Q+3,2027-04-01,2027-06-30,-1.06,
17/07/2026,2026-07-17,Q+4,2027-07-01,2027-09-30,-0.977,
17/07/2026,2026-07-17,S,2027-04-01,2027-09-30,-1.02,
17/07/2026,2026-07-17,Y+1,2027-01-01,2027-12-31,-0.875,
17/07/2026,2026-07-17,Y+2,2028-01-01,2028-12-31,-0.717,
20/07/2026,2026-07-20,D+1,2026-07-21,2026-07-21,2.302,58.76
20/07/2026,2026-07-20,D+2,2026-07-22,2026-07-22,2.234,
20/07/2026,2026-07-20,D+3,2026-07-23,2026-07-23,2.167,
20/07/2026,2026-07-20,W,2027-10-01,2028-03-31,-1.003,
20/07/2026,2026-07-20,BoM,2026-07-21,2026-07-31,1.994,
20/07/2026,2026-07-20,M+1,2026-08-01,2026-08-31,0.575,
20/07/2026,2026-07-20,M+2,2026-09-01,2026-09-30,0.125,
20/07/2026,2026-07-20,M+3,2026-10-01,2026-10-31,-0.695,
20/07/2026,2026-07-20,Q+1,2026-10-01,2026-12-31,-0.675,
20/07/2026,2026-07-20,Q+2,2027-01-01,2027-03-31,-0.589,
20/07/2026,2026-07-20,Q+3,2027-04-01,2027-06-30,-1.123,
20/07/2026,2026-07-20,Q+4,2027-07-01,2027-09-30,-1.083,
20/07/2026,2026-07-20,S,2027-04-01,2027-09-30,-1.126,
20/07/2026,2026-07-20,Y+1,2027-01-01,2027-12-31,-0.875,
20/07/2026,2026-07-20,Y+2,2028-01-01,2028-12-31,-0.852,
21/07/2026,2026-07-21,D+1,2026-07-22,2026-07-22,2.521,59.72
21/07/2026,2026-07-21,D+2,2026-07-23,2026-07-23,2.435,
21/07/2026,2026-07-21,D+3,2026-07-24,2026-07-24,2.35,
21/07/2026,2026-07-21,W,2027-10-01,2028-03-31,-0.788,
21/07/2026,2026-07-21,BoM,2026-07-22,2026-07-31,2.154,
21/07/2026,2026-07-21,M+1,2026-08-01,2026-08-31,0.425,
21/07/2026,2026-07-21,M+2,2026-09-01,2026-09-30,0.025,
21/07/2026,2026-07-21,M+3,2026-10-01,2026-10-31,-0.731,
21/07/2026,2026-07-21,Q+1,2026-10-01,2026-12-31,-0.525,
21/07/2026,2026-07-21,Q+2,2027-01-01,2027-03-31,-0.918,
21/07/2026,2026-07-21,Q+3,2027-04-01,2027-06-30,-0.836,
21/07/2026,2026-07-21,Q+4,2027-07-01,2027-09-30,-0.802,
21/07/2026,2026-07-21,S,2027-04-01,2027-09-30,-0.774,
21/07/2026,2026-07-21,Y+1,2027-01-01,2027-12-31,-0.875,
21/07/2026,2026-07-21,Y+2,2028-01-01,2028-12-31,-0.611,
22/07/2026,2026-07-22,D+1,2026-07-23,2026-07-23,2.346,62.67
22/07/2026,2026-07-22,D+2,2026-07-24,2026-07-24,2.271,
22/07/2026,2026-07-22,D+3,2026-07-25,2026-07-25,2.195,
22/07/2026,2026-07-22,W,2027-10-01,2028-03-31,-0.824,
22/07/2026,2026-07-22,BoM,2026-07-23,2026-07-31,2.094,
22/07/2026,2026-07-22,M+1,2026-08-01,2026-08-31,0.575,
22/07/2026,2026-07-22,M+2,2026-09-01,2026-09-30,0.075,
22/07/2026,2026-07-22,M+3,2026-10-01,2026-10-31,-0.905,
22/07/2026,2026-07-22,Q+1,2026-10-01,2026-12-31,-0.525,
22/07/2026,2026-07-22,Q+2,2027-01-01,2027-03-31,-0.637,
22/07/2026,2026-07-22,Q+3,2027-04-01,2027-06-30,-0.82,
22/07/2026,2026-07-22,Q+4,2027-07-01,2027-09-30,-0.792,
22/07/2026,2026-07-22,S,2027-04-01,2027-09-30,-0.814,
22/07/2026,2026-07-22,Y+1,2027-01-01,2027-12-31,-0.875,
22/07/2026,2026-07-22,Y+2,2028-01-01,2028-12-31,-0.613,
23/07/2026,2026-07-23,D+1,2026-07-24,2026-07-24,2.699,61.88
23/07/2026,2026-07-23,D+2,2026-07-25,2026-07-25,2.605,
23/07/2026,2026-07-23,D+3,2026-07-26,2026-07-26,2.51,
23/07/2026,2026-07-23,W,2027-10-01,2028-03-31,-0.948,
23/07/2026,2026-07-23,BoM,2026-07-24,2026-07-31,2.408,
23/07/2026,2026-07-23,M+1,2026-08-01,2026-08-31,0.575,
23/07/2026,2026-07-23,M+2,2026-09-01,2026-09-30,0.025,
23/07/2026,2026-07-23,M+3,2026-10-01,2026-10-31,-0.723,
23/07/2026,2026-07-23,Q+1,2026-10-01,2026-12-31,-0.675,
23/07/2026,2026-07-23,Q+2,2027-01-01,2027-03-31,-0.707,
23/07/2026,2026-07-23,Q+3,2027-04-01,2027-06-30,-1.079,
23/07/2026,2026-07-23,Q+4,2027-07-01,2027-09-30,-1.011,
23/07/2026,2026-07-23,S,2027-04-01,2027-09-30,-1.035,
23/07/2026,2026-07-23,Y+1,2027-01-01,2027-12-31,-0.925,
23/07/2026,2026-07-23,Y+2,2028-01-01,2028-12-31,-0.823,
24/07/2026,2026-07-24,D+1,2026-07-25,2026-07-25,1.858,63.15
24/07/2026,2026-07-24,D+2,2026-07-26,2026-07-26,1.793,
24/07/2026,2026-07-24,D+3,2026-07-27,2026-07-27,1.729,
24/07/2026,2026-07-24,W,2027-10-01,2028-03-31,-1.22,
24/07/2026,2026-07-24,BoM,2026-07-25,2026-07-31,1.699,
24/07/2026,2026-07-24,M+1,2026-08-01,2026-08-31,0.475,
24/07/2026,2026-07-24,M+2,2026-09-01,2026-09-30,-0.432,
24/07/2026,2026-07-24,M+3,2026-10-01,2026-10-31,-0.988,
24/07/2026,2026-07-24,Q+1,2026-10-01,2026-12-31,-0.625,
24/07/2026,2026-07-24,Q+2,2027-01-01,2027-03-31,0.364,
24/07/2026,2026-07-24,Q+3,2027-04-01,2027-06-30,-1.371,
24/07/2026,2026-07-24,Q+4,2027-07-01,2027-09-30,-1.359,
24/07/2026,2026-07-24,S,2027-04-01,2027-09-30,-1.379,
24/07/2026,2026-07-24,Y+1,2027-01-01,2027-12-31,-0.825,
24/07/2026,2026-07-24,Y+2,2028-01-01,2028-12-31,-1.006,
27/07/2026,2026-07-27,D+1,2026-07-28,2026-07-28,1.521,58.38
27/07/2026,2026-07-27,D+2,2026-07-29,2026-07-29,1.47,
27/07/2026,2026-07-27,D+3,2026-07-30,2026-07-30,1.419,
27/07/2026,2026-07-27,W,2027-10-01,2028-03-31,-0.42,
27/07/2026,2026-07-27,BoM,2026-07-28,2026-07-31,1.47,
27/07/2026,2026-07-27,M+1,2026-08-01,2026-08-31,0.573,
27/07/2026,2026-07-27,M+2,2026-09-01,2026-09-30,0.049,
27/07/2026,2026-07-27,M+3,2026-10-01,2026-10-31,-0.681,
27/07/2026,2026-07-27,Q+1,2026-10-01,2026-12-31,-0.404,
27/07/2026,2026-07-27,Q+2,2027-01-01,2027-03-31,-0.946,
27/07/2026,2026-07-27,Q+3,2027-04-01,2027-06-30,-0.427,
27/07/2026,2026-07-27,Q+4,2027-07-01,2027-09-30,-0.433,
27/07/2026,2026-07-27,S,2027-04-01,2027-09-30,-0.451,
27/07/2026,2026-07-27,Y+1,2027-01-01,2027-12-31,-0.564,
27/07/2026,2026-07-27,Y+2,2028-01-01,2028-12-31,-0.409,
28/07/2026,2026-07-28,D+1,2026-07-29,2026-07-29,1.513,56.5
28/07/2026,2026-07-28,D+2,2026-07-30,2026-07-30,1.457,
28/07/2026,2026-07-28,D+3,2026-07-31,2026-07-31,1.4,
28/07/2026,2026-07-28,W,2027-10-01,2028-03-31,-1.041,
28/07/2026,2026-07-28,M+1,2026-08-01,2026-08-31,0.525,
28/07/2026,2026-07-28,M+2,2026-09-01,2026-09-30,-0.025,
28/07/2026,2026-07-28,M+3,2026-10-01,2026-10-31,-0.873,
28/07/2026,2026-07-28,Q+1,2026-10-01,2026-12-31,-0.625,
28/07/2026,2026-07-28,Q+2,2027-01-01,2027-03-31,-0.456,
28/07/2026,2026-07-28,Q+3,2027-04-01,2027-06-30,-1.28,
28/07/2026,2026-07-28,Q+4,2027-07-01,2027-09-30,-1.244,
28/07/2026,2026-07-28,S,2027-04-01,2027-09-30,-1.081,
28/07/2026,2026-07-28,Y+1,2027-01-01,2027-12-31,-0.775,
28/07/2026,2026-07-28,Y+2,2028-01-01,2028-12-31,-0.935,
29/07/2026,2026-07-29,D+1,2026-07-30,2026-07-30,0.872,60.53
29/07/2026,2026-07-29,D+2,2026-07-31,2026-07-31,0.857,
29/07/2026,2026-07-29,D+3,2026-08-01,2026-08-01,0.842,
29/07/2026,2026-07-29,W,2027-10-01,2028-03-31,-1.075,
29/07/2026,2026-07-29,M+1,2026-08-01,2026-08-31,0.625,
29/07/2026,2026-07-29,M+2,2026-09-01,2026-09-30,-0.944,
29/07/2026,2026-07-29,M+3,2026-10-01,2026-10-31,-1.731,
29/07/2026,2026-07-29,Q+1,2026-10-01,2026-12-31,-1.736,
29/07/2026,2026-07-29,Q+2,2027-01-01,2027-03-31,-1.694,
29/07/2026,2026-07-29,Q+3,2027-04-01,2027-06-30,-1.236,
29/07/2026,2026-07-29,Q+4,2027-07-01,2027-09-30,-1.139,
29/07/2026,2026-07-29,S,2027-04-01,2027-09-30,-1.192,
29/07/2026,2026-07-29,Y+1,2027-01-01,2027-12-31,-1.269,
29/07/2026,2026-07-29,Y+2,2028-01-01,2028-12-31,-0.817,
30/07/2026,2026-07-30,D+1,2026-07-31,2026-07-31,0.875,58.46
30/07/2026,2026-07-30,D+2,2026-08-01,2026-08-01,0.873,
30/07/2026,2026-07-30,D+3,2026-08-02,2026-08-02,0.871,
30/07/2026,2026-07-30,W,2027-10-01,2028-03-31,-0.19,
30/07/2026,2026-07-30,M+1,2026-08-01,2026-08-31,0.842,
30/07/2026,2026-07-30,M+2,2026-09-01,2026-09-30,-0.027,
30/07/2026,2026-07-30,M+3,2026-10-01,2026-10-31,-0.703,
30/07/2026,2026-07-30,Q+1,2026-10-01,2026-12-31,-0.455,
30/07/2026,2026-07-30,Q+2,2027-01-01,2027-03-31,-0.861,
30/07/2026,2026-07-30,Q+3,2027-04-01,2027-06-30,-0.552,
30/07/2026,2026-07-30,Q+4,2027-07-01,2027-09-30,-0.471,
30/07/2026,2026-07-30,S,2027-04-01,2027-09-30,-0.506,
30/07/2026,2026-07-30,Y+1,2027-01-01,2027-12-31,-0.576,
30/07/2026,2026-07-30,Y+2,2028-01-01,2028-12-31,0.085,
31/07/2026,2026-07-31,D+1,2026-08-01,2026-08-01,0.683,58.1
31/07/2026,2026-07-31,D+2,2026-08-02,2026-08-02,0.694,
31/07/2026,2026-07-31,D+3,2026-08-03,2026-08-03,0.705,
31/07/2026,2026-07-31,W,2027-10-01,2028-03-31,-0.144,
31/07/2026,2026-07-31,M+1,2026-08-01,2026-08-31,0.842,
31/07/2026,2026-07-31,M+2,2026-09-01,2026-09-30,-0.137,
31/07/2026,2026-07-31,M+3,2026-10-01,2026-10-31,-0.165,
31/07/2026,2026-07-31,Q+1,2026-10-01,2026-12-31,-0.257,
31/07/2026,2026-07-31,Q+2,2027-01-01,2027-03-31,-0.229,
31/07/2026,2026-07-31,Q+3,2027-04-01,2027-06-30,-0.208,
31/07/2026,2026-07-31,Q+4,2027-07-01,2027-09-30,-0.2,
31/07/2026,2026-07-31,S,2027-04-01,2027-09-30,-0.19,
31/07/2026,2026-07-31,Y+1,2027-01-01,2027-12-31,-0.175,
31/07/2026,2026-07-31,Y+2,2028-01-01,2028-12-31,-0.186,
03/08/2026,2026-08-03,D+1,2026-08-04,2026-08-04,0.132,57.69
03/08/2026,2026-08-03,D+2,2026-08-05,2026-08-05,0.128,
03/08/2026,2026-08-03,D+3,2026-08-06,2026-08-06,0.125,
03/08/2026,2026-08-03,W,2027-10-01,2028-03-31,-0.421,
03/08/2026,2026-08-03,BoM,2026-08-04,2026-08-31,0.016,
03/08/2026,2026-08-03,M+1,2026-09-01,2026-09-30,-0.025,
03/08/2026,2026-08-03,M+2,2026-10-01,2026-10-31,-0.625,
03/08/2026,2026-08-03,M+3,2026-11-01,2026-11-30,-0.728,
03/08/2026,2026-08-03,Q+1,2026-10-01,2026-12-31,-0.675,
03/08/2026,2026-08-03,Q+2,2027-01-01,2027-03-31,-0.537,
03/08/2026,2026-08-03,Q+3,2027-04-01,2027-06-30,-0.912,
03/08/2026,2026-08-03,Q+4,2027-07-01,2027-09-30,-0.78,
03/08/2026,2026-08-03,S,2027-04-01,2027-09-30,-0.843,
03/08/2026,2026-08-03,Y+1,2027-01-01,2027-12-31,-0.725,
03/08/2026,2026-08-03,Y+2,2028-01-01,2028-12-31,-0.036,
04/08/2026,2026-08-04,D+1,2026-08-05,2026-08-05,0.697,55.4
04/08/2026,2026-08-04,D+2,2026-08-06,2026-08-06,0.678,
04/08/2026,2026-08-04,D+3,2026-08-07,2026-08-07,0.659,
04/08/2026,2026-08-04,W,2027-10-01,2028-03-31,-0.686,
04/08/2026,2026-08-04,BoM,2026-08-05,2026-08-31,0.441,
04/08/2026,2026-08-04,M+1,2026-09-01,2026-09-30,-0.075,
04/08/2026,2026-08-04,M+2,2026-10-01,2026-10-31,-0.825,
04/08/2026,2026-08-04,M+3,2026-11-01,2026-11-30,-0.728,
04/08/2026,2026-08-04,Q+1,2026-10-01,2026-12-31,-0.775,
04/08/2026,2026-08-04,Q+2,2027-01-01,2027-03-31,-0.665,
04/08/2026,2026-08-04,Q+3,2027-04-01,2027-06-30,-0.853,
04/08/2026,2026-08-04,Q+4,2027-07-01,2027-09-30,-0.766,
04/08/2026,2026-08-04,S,2027-04-01,2027-09-30,-0.769,
04/08/2026,2026-08-04,Y+1,2027-01-01,2027-12-31,-0.725,
04/08/2026,2026-08-04,Y+2,2028-01-01,2028-12-31,-0.631,
05/08/2026,2026-08-05,D+1,2026-08-06,2026-08-06,-0.019,52.43
05/08/2026,2026-08-05,D+2,2026-08-07,2026-08-07,-0.037,
05/08/2026,2026-08-05,D+3,2026-08-08,2026-08-08,-0.055,
05/08/2026,2026-08-05,W,2027-10-01,2028-03-31,-1.503,
05/08/2026,2026-08-05,BoM,2026-08-06,2026-08-31,-0.234,
05/08/2026,2026-08-05,M+1,2026-09-01,2026-09-30,-0.735,
05/08/2026,2026-08-05,M+2,2026-10-01,2026-10-31,-1.369,
05/08/2026,2026-08-05,M+3,2026-11-01,2026-11-30,-1.392,
05/08/2026,2026-08-05,Q+1,2026-10-01,2026-12-31,-1.435,
05/08/2026,2026-08-05,Q+2,2027-01-01,2027-03-31,0.026,
05/08/2026,2026-08-05,Q+3,2027-04-01,2027-06-30,-1.59,
05/08/2026,2026-08-05,Q+4,2027-07-01,2027-09-30,-1.516,
05/08/2026,2026-08-05,S,2027-04-01,2027-09-30,-1.553,
05/08/2026,2026-08-05,Y+1,2027-01-01,2027-12-31,-1.226,
05/08/2026,2026-08-05,Y+2,2028-01-01,2028-12-31,-1.231,
06/08/2026,2026-08-06,D+1,2026-08-07,2026-08-07,-0.119,55.96
06/08/2026,2026-08-06,D+2,2026-08-08,2026-08-08,-0.12,
06/08/2026,2026-08-06,D+3,2026-08-09,2026-08-09,-0.122,
06/08/2026,2026-08-06,W,2027-10-01,2028-03-31,-0.803,
06/08/2026,2026-08-06,BoM,2026-08-07,2026-08-31,-0.156,
06/08/2026,2026-08-06,M+1,2026-09-01,2026-09-30,-0.175,
06/08/2026,2026-08-06,M+2,2026-10-01,2026-10-31,-0.825,
06/08/2026,2026-08-06,M+3,2026-11-01,2026-11-30,-0.522,
06/08/2026,2026-08-06,Q+1,2026-10-01,2026-12-31,-0.775,
06/08/2026,2026-08-06,Q+2,2027-01-01,2027-03-31,-0.797,
06/08/2026,2026-08-06,Q+3,2027-04-01,2027-06-30,-0.931,
06/08/2026,2026-08-06,Q+4,2027-07-01,2027-09-30,-0.891,
06/08/2026,2026-08-06,S,2027-04-01,2027-09-30,-0.938,
06/08/2026,2026-08-06,Y+1,2027-01-01,2027-12-31,-0.725,
06/08/2026,2026-08-06,Y+2,2028-01-01,2028-12-31,-0.604,
07/08/2026,2026-08-07,D+1,2026-08-08,2026-08-08,-0.37,54.99
07/08/2026,2026-08-07,D+2,2026-08-09,2026-08-09,-0.374,
07/08/2026,2026-08-07,D+3,2026-08-10,2026-08-10,-0.378,
07/08/2026,2026-08-07,W,2027-10-01,2028-03-31,-0.88,
07/08/2026,2026-08-07,BoM,2026-08-08,2026-08-31,-0.416,
07/08/2026,2026-08-07,M+1,2026-09-01,2026-09-30,-0.531,
07/08/2026,2026-08-07,M+2,2026-10-01,2026-10-31,-1.317,
07/08/2026,2026-08-07,M+3,2026-11-01,2026-11-30,-1.327,
07/08/2026,2026-08-07,Q+1,2026-10-01,2026-12-31,-1.24,
07/08/2026,2026-08-07,Q+2,2027-01-01,2027-03-31,-0.995,
07/08/2026,2026-08-07,Q+3,2027-04-01,2027-06-30,-0.922,
07/08/2026,2026-08-07,Q+4,2027-07-01,2027-09-30,-0.881,
07/08/2026,2026-08-07,S,2027-04-01,2027-09-30,-0.885,
07/08/2026,2026-08-07,Y+1,2027-01-01,2027-12-31,-0.725,
07/08/2026,2026-08-07,Y+2,2028-01-01,2028-12-31,-0.756,
10/08/2026,2026-08-10,D+1,2026-08-11,2026-08-11,-0.155,60.6
10/08/2026,2026-08-10,D+2,2026-08-12,2026-08-12,-0.154,
10/08/2026,2026-08-10,D+3,2026-08-13,2026-08-13,-0.153,
10/08/2026,2026-08-10,W,2027-10-01,2028-03-31,-0.711,
10/08/2026,2026-08-10,BoM,2026-08-11,2026-08-31,-0.149,
10/08/2026,2026-08-10,M+1,2026-09-01,2026-09-30,-0.125,
10/08/2026,2026-08-10,M+2,2026-10-01,2026-10-31,-0.875,
10/08/2026,2026-08-10,M+3,2026-11-01,2026-11-30,-1.23,
10/08/2026,2026-08-10,Q+1,2026-10-01,2026-12-31,-0.775,
10/08/2026,2026-08-10,Q+2,2027-01-01,2027-03-31,-0.683,
10/08/2026,2026-08-10,Q+3,2027-04-01,2027-06-30,-0.658,
10/08/2026,2026-08-10,Q+4,2027-07-01,2027-09-30,-0.613,
10/08/2026,2026-08-10,S,2027-04-01,2027-09-30,-0.693,
10/08/2026,2026-08-10,Y+1,2027-01-01,2027-12-31,-0.725,
10/08/2026,2026-08-10,Y+2,2028-01-01,2028-12-31,-0.528,
11/08/2026,2026-08-11,D+1,2026-08-12,2026-08-12,-0.035,59.08
11/08/2026,2026-08-11,D+2,2026-08-13,2026-08-13,-0.041,
11/08/2026,2026-08-11,D+3,2026-08-14,2026-08-14,-0.046,
11/08/2026,2026-08-11,W,2027-10-01,2028-03-31,-0.447,
11/08/2026,2026-08-11,BoM,2026-08-12,2026-08-31,-0.075,
11/08/2026,2026-08-11,M+1,2026-09-01,2026-09-30,-0.225,
11/08/2026,2026-08-11,M+2,2026-10-01,2026-10-31,-1.025,
11/08/2026,2026-08-11,M+3,2026-11-01,2026-11-30,-1.006,
11/08/2026,2026-08-11,Q+1,2026-10-01,2026-12-31,-0.925,
11/08/2026,2026-08-11,Q+2,2027-01-01,2027-03-31,-1.394,
11/08/2026,2026-08-11,Q+3,2027-04-01,2027-06-30,-0.597,
11/08/2026,2026-08-11,Q+4,2027-07-01,2027-09-30,-0.527,
11/08/2026,2026-08-11,S,2027-04-01,2027-09-30,-0.55,
11/08/2026,2026-08-11,Y+1,2027-01-01,2027-12-31,-0.775,
11/08/2026,2026-08-11,Y+2,2028-01-01,2028-12-31,-0.241,
12/08/2026,2026-08-12,D+1,2026-08-13,2026-08-13,0.049,60.4
12/08/2026,2026-08-12,D+2,2026-08-14,2026-08-14,0.041,
12/08/2026,2026-08-12,D+3,2026-08-15,2026-08-15,0.032,
12/08/2026,2026-08-12,W,2027-10-01,2028-03-31,-0.718,
12/08/2026,2026-08-12,BoM,2026-08-13,2026-08-31,-0.025,
12/08/2026,2026-08-12,M+1,2026-09-01,2026-09-30,-0.225,
12/08/2026,2026-08-12,M+2,2026-10-01,2026-10-31,-1.025,
12/08/2026,2026-08-12,M+3,2026-11-01,2026-11-30,-1.04,
12/08/2026,2026-08-12,Q+1,2026-10-01,2026-12-31,-0.925,
12/08/2026,2026-08-12,Q+2,2027-01-01,2027-03-31,-0.634,
12/08/2026,2026-08-12,Q+3,2027-04-01,2027-06-30,-0.778,
12/08/2026,2026-08-12,Q+4,2027-07-01,2027-09-30,-0.742,
12/08/2026,2026-08-12,S,2027-04-01,2027-09-30,-0.714,
12/08/2026,2026-08-12,Y+1,2027-01-01,2027-12-31,-0.725,
12/08/2026,2026-08-12,Y+2,2028-01-01,2028-12-31,-0.618,
13/08/2026,2026-08-13,D+1,2026-08-14,2026-08-14,0.387,60.38
13/08/2026,2026-08-13,D+2,2026-08-15,2026-08-15,0.368,
13/08/2026,2026-08-13,D+3,2026-08-16,2026-08-16,0.349,
13/08/2026,2026-08-13,W,2027-10-01,2028-03-31,-0.685,
13/08/2026,2026-08-13,BoM,2026-08-14,2026-08-31,0.261,
13/08/2026,2026-08-13,M+1,2026-09-01,2026-09-30,-0.225,
13/08/2026,2026-08-13,M+2,2026-10-01,2026-10-31,-1.125,
13/08/2026,2026-08-13,M+3,2026-11-01,2026-11-30,-1.004,
13/08/2026,2026-08-13,Q+1,2026-10-01,2026-12-31,-0.925,
13/08/2026,2026-08-13,Q+2,2027-01-01,2027-03-31,-0.587,
13/08/2026,2026-08-13,Q+3,2027-04-01,2027-06-30,-0.818,
13/08/2026,2026-08-13,Q+4,2027-07-01,2027-09-30,-0.703,
13/08/2026,2026-08-13,S,2027-04-01,2027-09-30,-0.766,
13/08/2026,2026-08-13,Y+1,2027-01-01,2027-12-31,-0.725,
13/08/2026,2026-08-13,Y+2,2028-01-01,2028-12-31,-0.531,
14/08/2026,2026-08-14,D+1,2026-08-15,2026-08-15,0.187,60.73
14/08/2026,2026-08-14,D+2,2026-08-16,2026-08-16,0.172,
14/08/2026,2026-08-14,D+3,2026-08-17,2026-08-17,0.157,
14/08/2026,2026-08-14,W,2027-10-01,2028-03-31,-0.651,
14/08/2026,2026-08-14,BoM,2026-08-15,2026-08-31,0.039,
14/08/2026,2026-08-14,M+1,2026-09-01,2026-09-30,-0.275,
14/08/2026,2026-08-14,M+2,2026-10-01,2026-10-31,-1.075,
14/08/2026,2026-08-14,M+3,2026-11-01,2026-11-30,-0.827,
14/08/2026,2026-08-14,Q+1,2026-10-01,2026-12-31,-0.925,
14/08/2026,2026-08-14,Q+2,2027-01-01,2027-03-31,-1.272,
14/08/2026,2026-08-14,Q+3,2027-04-01,2027-06-30,-0.61,
14/08/2026,2026-08-14,Q+4,2027-07-01,2027-09-30,-0.64,
14/08/2026,2026-08-14,S,2027-04-01,2027-09-30,-0.66,
14/08/2026,2026-08-14,Y+1,2027-01-01,2027-12-31,-0.725,
14/08/2026,2026-08-14,Y+2,2028-01-01,2028-12-31,-0.596,
17/08/2026,2026-08-17,D+1,2026-08-18,2026-08-18,-0.324,62.09
17/08/2026,2026-08-17,D+2,2026-08-19,2026-08-19,-0.303,
17/08/2026,2026-08-17,D+3,2026-08-20,2026-08-20,-0.282,
17/08/2026,2026-08-17,W,2027-10-01,2028-03-31,-0.74,
17/08/2026,2026-08-17,BoM,2026-08-18,2026-08-31,-0.196,
17/08/2026,2026-08-17,M+1,2026-09-01,2026-09-30,0.27,
17/08/2026,2026-08-17,M+2,2026-10-01,2026-10-31,-1.239,
17/08/2026,2026-08-17,M+3,2026-11-01,2026-11-30,-1.205,
17/08/2026,2026-08-17,Q+1,2026-10-01,2026-12-31,-1.227,
17/08/2026,2026-08-17,Q+2,2027-01-01,2027-03-31,-1.183,
17/08/2026,2026-08-17,Q+3,2027-04-01,2027-06-30,-0.828,
17/08/2026,2026-08-17,Q+4,2027-07-01,2027-09-30,-0.775,
17/08/2026,2026-08-17,S,2027-04-01,2027-09-30,-0.8,
17/08/2026,2026-08-17,Y+1,2027-01-01,2027-12-31,-0.894,
17/08/2026,2026-08-17,Y+2,2028-01-01,2028-12-31,-0.572,
18/08/2026,2026-08-18,D+1,2026-08-19,2026-08-19,-0.34,63.95
18/08/2026,2026-08-18,D+2,2026-08-20,2026-08-20,-0.335,
18/08/2026,2026-08-18,D+3,2026-08-21,2026-08-21,-0.331,
18/08/2026,2026-08-18,W,2027-10-01,2028-03-31,-0.663,
18/08/2026,2026-08-18,BoM,2026-08-19,2026-08-31,-0.314,
18/08/2026,2026-08-18,M+1,2026-09-01,2026-09-30,-0.214,
18/08/2026,2026-08-18,M+2,2026-10-01,2026-10-31,-1.175,
18/08/2026,2026-08-18,M+3,2026-11-01,2026-11-30,-0.966,
18/08/2026,2026-08-18,Q+1,2026-10-01,2026-12-31,-0.947,
18/08/2026,2026-08-18,Q+2,2027-01-01,2027-03-31,-1.128,
18/08/2026,2026-08-18,Q+3,2027-04-01,2027-06-30,-0.702,
18/08/2026,2026-08-18,Q+4,2027-07-01,2027-09-30,-0.688,
18/08/2026,2026-08-18,S,2027-04-01,2027-09-30,-0.705,
18/08/2026,2026-08-18,Y+1,2027-01-01,2027-12-31,-0.788,
18/08/2026,2026-08-18,Y+2,2028-01-01,2028-12-31,-0.493,
19/08/2026,2026-08-19,D+1,2026-08-20,2026-08-20,0.073,63.4
19/08/2026,2026-08-19,D+2,2026-08-21,2026-08-21,0.06,
19/08/2026,2026-08-19,D+3,2026-08-22,2026-08-22,0.046,
19/08/2026,2026-08-19,W,2027-10-01,2028-03-31,-0.772,
19/08/2026,2026-08-19,BoM,2026-08-20,2026-08-31,0.007,
19/08/2026,2026-08-19,M+1,2026-09-01,2026-09-30,-0.273,
19/08/2026,2026-08-19,M+2,2026-10-01,2026-10-31,-1.316,
19/08/2026,2026-08-19,M+3,2026-11-01,2026-11-30,-1.117,
19/08/2026,2026-08-19,Q+1,2026-10-01,2026-12-31,-1.08,
19/08/2026,2026-08-19,Q+2,2027-01-01,2027-03-31,-1.167,
19/08/2026,2026-08-19,Q+3,2027-04-01,2027-06-30,-0.817,
19/08/2026,2026-08-19,Q+4,2027-07-01,2027-09-30,-0.77,
19/08/2026,2026-08-19,S,2027-04-01,2027-09-30,-0.843,
19/08/2026,2026-08-19,Y+1,2027-01-01,2027-12-31,-0.878,
19/08/2026,2026-08-19,Y+2,2028-01-01,2028-12-31,-0.574,
20/08/2026,2026-08-20,D+1,2026-08-21,2026-08-21,0.149,65.46
20/08/2026,2026-08-20,D+2,2026-08-22,2026-08-22,0.129,
20/08/2026,2026-08-20,D+3,2026-08-23,2026-08-23,0.11,
20/08/2026,2026-08-20,W,2027-10-01,2028-03-31,-0.704,
20/08/2026,2026-08-20,BoM,2026-08-21,2026-08-31,0.061,
20/08/2026,2026-08-20,M+1,2026-09-01,2026-09-30,-0.342,
20/08/2026,2026-08-20,M+2,2026-10-01,2026-10-31,-1.432,
20/08/2026,2026-08-20,M+3,2026-11-01,2026-11-30,-1.143,
20/08/2026,2026-08-20,Q+1,2026-10-01,2026-12-31,-1.129,
20/08/2026,2026-08-20,Q+2,2027-01-01,2027-03-31,-1.279,
20/08/2026,2026-08-20,Q+3,2027-04-01,2027-06-30,-0.848,
20/08/2026,2026-08-20,Q+4,2027-07-01,2027-09-30,-0.78,
20/08/2026,2026-08-20,S,2027-04-01,2027-09-30,-0.827,
20/08/2026,2026-08-20,Y+1,2027-01-01,2027-12-31,-0.869,
20/08/2026,2026-08-20,Y+2,2028-01-01,2028-12-31,-0.522,
21/08/2026,2026-08-21,D+1,2026-08-22,2026-08-22,0.578,65.85
21/08/2026,2026-08-21,D+2,2026-08-23,2026-08-23,0.529,
21/08/2026,2026-08-21,D+3,2026-08-24,2026-08-24,0.479,
21/08/2026,2026-08-21,W,2027-10-01,2028-03-31,0.111,
21/08/2026,2026-08-21,BoM,2026-08-22,2026-08-31,0.38,
21/08/2026,2026-08-21,M+1,2026-09-01,2026-09-30,-0.611,
21/08/2026,2026-08-21,M+2,2026-10-01,2026-10-31,-1.126,
21/08/2026,2026-08-21,M+3,2026-11-01,2026-11-30,0.084,
21/08/2026,2026-08-21,Q+1,2026-10-01,2026-12-31,-0.34,
21/08/2026,2026-08-21,Q+2,2027-01-01,2027-03-31,0.015,
21/08/2026,2026-08-21,Q+3,2027-04-01,2027-06-30,0.033,
21/08/2026,2026-08-21,Q+4,2027-07-01,2027-09-30,0.058,
21/08/2026,2026-08-21,S,2027-04-01,2027-09-30,0.044,
21/08/2026,2026-08-21,Y+1,2027-01-01,2027-12-31,0.056,
21/08/2026,2026-08-21,Y+2,2028-01-01,2028-12-31,0.132,
24/08/2026,2026-08-24,D+1,2026-08-25,2026-08-25,-0.244,68.21
24/08/2026,2026-08-24,D+2,2026-08-26,2026-08-26,-0.25,
24/08/2026,2026-08-24,D+3,2026-08-27,2026-08-27,-0.256,
24/08/2026,2026-08-24,W,2027-10-01,2028-03-31,-0.907,
24/08/2026,2026-08-24,BoM,2026-08-25,2026-08-31,-0.286,
24/08/2026,2026-08-24,M+1,2026-09-01,2026-09-30,-0.375,
24/08/2026,2026-08-24,M+2,2026-10-01,2026-10-31,-1.175,
24/08/2026,2026-08-24,M+3,2026-11-01,2026-11-30,-0.992,
24/08/2026,2026-08-24,Q+1,2026-10-01,2026-12-31,-1.075,
24/08/2026,2026-08-24,Q+2,2027-01-01,2027-03-31,-1.06,
24/08/2026,2026-08-24,Q+3,2027-04-01,2027-06-30,-0.917,
24/08/2026,2026-08-24,Q+4,2027-07-01,2027-09-30,-0.854,
24/08/2026,2026-08-24,S,2027-04-01,2027-09-30,-0.88,
24/08/2026,2026-08-24,Y+1,2027-01-01,2027-12-31,-0.775,
24/08/2026,2026-08-24,Y+2,2028-01-01,2028-12-31,-0.83,
25/08/2026,2026-08-25,D+1,2026-08-26,2026-08-26,-0.251,66.35
25/08/2026,2026-08-25,D+2,2026-08-27,2026-08-27,-0.262,
25/08/2026,2026-08-25,D+3,2026-08-28,2026-08-28,-0.273,
25/08/2026,2026-08-25,W,2027-10-01,2028-03-31,-0.72,
25/08/2026,2026-08-25,BoM,2026-08-26,2026-08-31,-0.281,
25/08/2026,2026-08-25,M+1,2026-09-01,2026-09-30,-0.475,
25/08/2026,2026-08-25,M+2,2026-10-01,2026-10-31,-1.175,
25/08/2026,2026-08-25,M+3,2026-11-01,2026-11-30,-1.178,
25/08/2026,2026-08-25,Q+1,2026-10-01,2026-12-31,-0.975,
25/08/2026,2026-08-25,Q+2,2027-01-01,2027-03-31,-0.867,
25/08/2026,2026-08-25,Q+3,2027-04-01,2027-06-30,-0.769,
25/08/2026,2026-08-25,Q+4,2027-07-01,2027-09-30,-0.709,
25/08/2026,2026-08-25,S,2027-04-01,2027-09-30,-0.774,
25/08/2026,2026-08-25,Y+1,2027-01-01,2027-12-31,-0.775,
25/08/2026,2026-08-25,Y+2,2028-01-01,2028-12-31,-0.558,
26/08/2026,2026-08-26,D+1,2026-08-27,2026-08-27,-0.122,65.98
26/08/2026,2026-08-26,D+2,2026-08-28,2026-08-28,-0.151,
26/08/2026,2026-08-26,D+3,2026-08-29,2026-08-29,-0.18,
26/08/2026,2026-08-26,W,2027-10-01,2028-03-31,-0.329,
26/08/2026,2026-08-26,BoM,2026-08-27,2026-08-31,-0.164,
26/08/2026,2026-08-26,M+1,2026-09-01,2026-09-30,-0.675,
26/08/2026,2026-08-26,M+2,2026-10-01,2026-10-31,-1.175,
26/08/2026,2026-08-26,M+3,2026-11-01,2026-11-30,-1.077,
26/08/2026,2026-08-26,Q+1,2026-10-01,2026-12-31,-1.075,
26/08/2026,2026-08-26,Q+2,2027-01-01,2027-03-31,-0.534,
26/08/2026,2026-08-26,Q+3,2027-04-01,2027-06-30,-0.412,
26/08/2026,2026-08-26,Q+4,2027-07-01,2027-09-30,-0.401,
26/08/2026,2026-08-26,S,2027-04-01,2027-09-30,-0.371,
26/08/2026,2026-08-26,Y+1,2027-01-01,2027-12-31,-0.775,
26/08/2026,2026-08-26,Y+2,2028-01-01,2028-12-31,-0.27,
27/08/2026,2026-08-27,D+1,2026-08-28,2026-08-28,0.368,68.01
27/08/2026,2026-08-27,D+2,2026-08-29,2026-08-29,0.316,
27/08/2026,2026-08-27,D+3,2026-08-30,2026-08-30,0.263,
27/08/2026,2026-08-27,W,2027-10-01,2028-03-31,-0.748,
27/08/2026,2026-08-27,BoM,2026-08-28,2026-08-31,0.314,
27/08/2026,2026-08-27,M+1,2026-09-01,2026-09-30,-0.575,
27/08/2026,2026-08-27,M+2,2026-10-01,2026-10-31,-1.225,
27/08/2026,2026-08-27,M+3,2026-11-01,2026-11-30,-1.184,
27/08/2026,2026-08-27,Q+1,2026-10-01,2026-12-31,-1.075,
27/08/2026,2026-08-27,Q+2,2027-01-01,2027-03-31,-1.097,
27/08/2026,2026-08-27,Q+3,2027-04-01,2027-06-30,-0.805,
27/08/2026,2026-08-27,Q+4,2027-07-01,2027-09-30,-0.79,
27/08/2026,2026-08-27,S,2027-04-01,2027-09-30,-0.787,
27/08/2026,2026-08-27,Y+1,2027-01-01,2027-12-31,-0.825,
27/08/2026,2026-08-27,Y+2,2028-01-01,2028-12-31,-0.599,
28/08/2026,2026-08-28,D+1,2026-08-29,2026-08-29,0.368,66.18
28/08/2026,2026-08-28,D+2,2026-08-30,2026-08-30,0.316,
28/08/2026,2026-08-28,D+3,2026-08-31,2026-08-31,0.263,
28/08/2026,2026-08-28,W,2027-10-01,2028-03-31,-1.531,
28/08/2026,2026-08-28,M+1,2026-09-01,2026-09-30,-0.625,
28/08/2026,2026-08-28,M+2,2026-10-01,2026-10-31,-1.225,
28/08/2026,2026-08-28,M+3,2026-11-01,2026-11-30,-0.986,
28/08/2026,2026-08-28,Q+1,2026-10-01,2026-12-31,-1.075,
28/08/2026,2026-08-28,Q+2,2027-01-01,2027-03-31,-0.903,
28/08/2026,2026-08-28,Q+3,2027-04-01,2027-06-30,-2.046,
28/08/2026,2026-08-28,Q+4,2027-07-01,2027-09-30,-0.023,
28/08/2026,2026-08-28,S,2027-04-01,2027-09-30,-0.999,
28/08/2026,2026-08-28,Y+1,2027-01-01,2027-12-31,-0.825,
28/08/2026,2026-08-28,Y+2,2028-01-01,2028-12-31,-0.831,
31/08/2026,2026-08-31,D+1,2026-09-01,2026-09-01,0.379,66.06
31/08/2026,2026-08-31,D+2,2026-09-02,2026-09-02,0.307,
31/08/2026,2026-08-31,D+3,2026-09-03,2026-09-03,0.236,
31/08/2026,2026-08-31,W,2027-10-01,2028-03-31,-0.661,
31/08/2026,2026-08-31,M+1,2026-09-01,2026-09-30,-0.625,
31/08/2026,2026-08-31,M+2,2026-10-01,2026-10-31,-0.886,
31/08/2026,2026-08-31,M+3,2026-11-01,2026-11-30,-0.86,
31/08/2026,2026-08-31,Q+1,2026-10-01,2026-12-31,-1.025,
31/08/2026,2026-08-31,Q+2,2027-01-01,2027-03-31,-0.569,
31/08/2026,2026-08-31,Q+3,2027-04-01,2027-06-30,-0.65,
31/08/2026,2026-08-31,Q+4,2027-07-01,2027-09-30,-0.641,
31/08/2026,2026-08-31,S,2027-04-01,2027-09-30,-0.752,
31/08/2026,2026-08-31,Y+1,2027-01-01,2027-12-31,-0.825,
31/08/2026,2026-08-31,Y+2,2028-01-01,2028-12-31,-0.444,
01/09/2026,2026-09-01,D+1,2026-09-02,2026-09-02,0.31,72.17
01/09/2026,2026-09-01,D+2,2026-09-03,2026-09-03,0.277,
01/09/2026,2026-09-01,D+3,2026-09-04,2026-09-04,0.244,
01/09/2026,2026-09-01,W,2027-10-01,2028-03-31,-0.765,
01/09/2026,2026-09-01,BoM,2026-09-02,2026-09-30,-0.176,
01/09/2026,2026-09-01,M+1,2026-10-01,2026-10-31,-1.125,
01/09/2026,2026-09-01,M+2,2026-11-01,2026-11-30,-1.125,
01/09/2026,2026-09-01,M+3,2026-12-01,2026-12-31,-1.08,
01/09/2026,2026-09-01,Q+1,2026-10-01,2026-12-31,-1.025,
01/09/2026,2026-09-01,Q+2,2027-01-01,2027-03-31,-0.808,
01/09/2026,2026-09-01,Q+3,2027-04-01,2027-06-30,-0.84,
01/09/2026,2026-09-01,Q+4,2027-07-01,2027-09-30,-0.702,
01/09/2026,2026-09-01,S,2027-04-01,2027-09-30,-0.782,
01/09/2026,2026-09-01,Y+1,2027-01-01,2027-12-31,-0.775,
01/09/2026,2026-09-01,Y+2,2028-01-01,2028-12-31,-0.628,
02/09/2026,2026-09-02,D+1,2026-09-03,2026-09-03,0.697,73.21
02/09/2026,2026-09-02,D+2,2026-09-04,2026-09-04,0.662,
02/09/2026,2026-09-02,D+3,2026-09-05,2026-09-05,0.628,
02/09/2026,2026-09-02,W,2027-10-01,2028-03-31,-0.429,
02/09/2026,2026-09-02,BoM,2026-09-03,2026-09-30,0.182,
02/09/2026,2026-09-02,M+1,2026-10-01,2026-10-31,-0.775,
02/09/2026,2026-09-02,M+2,2026-11-01,2026-11-30,-0.925,
02/09/2026,2026-09-02,M+3,2026-12-01,2026-12-31,-0.869,
02/09/2026,2026-09-02,Q+1,2026-10-01,2026-12-31,-0.825,
02/09/2026,2026-09-02,Q+2,2027-01-01,2027-03-31,-1.016,
02/09/2026,2026-09-02,Q+3,2027-04-01,2027-06-30,-0.544,
02/09/2026,2026-09-02,Q+4,2027-07-01,2027-09-30,-0.532,
02/09/2026,2026-09-02,S,2027-04-01,2027-09-30,-0.485,
02/09/2026,2026-09-02,Y+1,2027-01-01,2027-12-31,-0.775,
02/09/2026,2026-09-02,Y+2,2028-01-01,2028-12-31,-0.343,
03/09/2026,2026-09-03,D+1,2026-09-04,2026-09-04,0.886,71.21
03/09/2026,2026-09-03,D+2,2026-09-05,2026-09-05,0.844,
03/09/2026,2026-09-03,D+3,2026-09-06,2026-09-06,0.801,
03/09/2026,2026-09-03,W,2027-10-01,2028-03-31,-0.659,
03/09/2026,2026-09-03,BoM,2026-09-04,2026-09-30,1.402,
03/09/2026,2026-09-03,M+1,2026-10-01,2026-10-31,-0.875,
03/09/2026,2026-09-03,M+2,2026-11-01,2026-11-30,-0.925,
03/09/2026,2026-09-03,M+3,2026-12-01,2026-12-31,-0.256,
03/09/2026,2026-09-03,Q+1,2026-10-01,2026-12-31,-0.925,
03/09/2026,2026-09-03,Q+2,2027-01-01,2027-03-31,-1.143,
03/09/2026,2026-09-03,Q+3,2027-04-01,2027-06-30,-0.692,
03/09/2026,2026-09-03,Q+4,2027-07-01,2027-09-30,-0.679,
03/09/2026,2026-09-03,S,2027-04-01,2027-09-30,-0.658,
03/09/2026,2026-09-03,Y+1,2027-01-01,2027-12-31,-0.775,
03/09/2026,2026-09-03,Y+2,2028-01-01,2028-12-31,-0.557,
04/09/2026,2026-09-04,D+1,2026-09-05,2026-09-05,1.29,71.45
04/09/2026,2026-09-04,D+2,2026-09-06,2026-09-06,1.236,
04/09/2026,2026-09-04,D+3,2026-09-07,2026-09-07,1.183,
04/09/2026,2026-09-04,W,2027-10-01,2028-03-31,-0.26,
04/09/2026,2026-09-04,BoM,2026-09-05,2026-09-30,0.635,
04/09/2026,2026-09-04,M+1,2026-10-01,2026-10-31,-0.925,
04/09/2026,2026-09-04,M+2,2026-11-01,2026-11-30,-0.869,
04/09/2026,2026-09-04,M+3,2026-12-01,2026-12-31,-0.192,
04/09/2026,2026-09-04,Q+1,2026-10-01,2026-12-31,-0.655,
04/09/2026,2026-09-04,Q+2,2027-01-01,2027-03-31,-2.601,
04/09/2026,2026-09-04,Q+3,2027-04-01,2027-06-30,-0.315,
04/09/2026,2026-09-04,Q+4,2027-07-01,2027-09-30,-0.279,
04/09/2026,2026-09-04,S,2027-04-01,2027-09-30,-0.318,
04/09/2026,2026-09-04,Y+1,2027-01-01,2027-12-31,-0.817,
04/09/2026,2026-09-04,Y+2,2028-01-01,2028-12-31,-0.164,
07/09/2026,2026-09-07,D+1,2026-09-08,2026-09-08,1.399,73.36
07/09/2026,2026-09-07,D+2,2026-09-09,2026-09-09,1.341,
07/09/2026,2026-09-07,D+3,2026-09-10,2026-09-10,1.283,
07/09/2026,2026-09-07,W,2027-10-01,2028-03-31,-0.727,
07/09/2026,2026-09-07,BoM,2026-09-08,2026-09-30,0.839,
07/09/2026,2026-09-07,M+1,2026-10-01,2026-10-31,-0.775,
07/09/2026,2026-09-07,M+2,2026-11-01,2026-11-30,-0.725,
07/09/2026,2026-09-07,M+3,2026-12-01,2026-12-31,-0.778,
07/09/2026,2026-09-07,Q+1,2026-10-01,2026-12-31,-0.825,
07/09/2026,2026-09-07,Q+2,2027-01-01,2027-03-31,-0.794,
07/09/2026,2026-09-07,Q+3,2027-04-01,2027-06-30,-0.794,
07/09/2026,2026-09-07,Q+4,2027-07-01,2027-09-30,-0.676,
07/09/2026,2026-09-07,S,2027-04-01,2027-09-30,-0.74,
07/09/2026,2026-09-07,Y+1,2027-01-01,2027-12-31,-0.775,
07/09/2026,2026-09-07,Y+2,2028-01-01,2028-12-31,-0.467,
08/09/2026,2026-09-08,D+1,2026-09-09,2026-09-09,0.969,76.47
08/09/2026,2026-09-08,D+2,2026-09-10,2026-09-10,0.931,
08/09/2026,2026-09-08,D+3,2026-09-11,2026-09-11,0.893,
08/09/2026,2026-09-08,W,2027-10-01,2028-03-31,-0.681,
08/09/2026,2026-09-08,BoM,2026-09-09,2026-09-30,0.383,
08/09/2026,2026-09-08,M+1,2026-10-01,2026-10-31,-0.425,
08/09/2026,2026-09-08,M+2,2026-11-01,2026-11-30,-0.775,
08/09/2026,2026-09-08,M+3,2026-12-01,2026-12-31,-0.729,
08/09/2026,2026-09-08,Q+1,2026-10-01,2026-12-31,-0.675,
08/09/2026,2026-09-08,Q+2,2027-01-01,2027-03-31,-0.799,
08/09/2026,2026-09-08,Q+3,2027-04-01,2027-06-30,-0.815,
08/09/2026,2026-09-08,Q+4,2027-07-01,2027-09-30,-0.679,
08/09/2026,2026-09-08,S,2027-04-01,2027-09-30,-0.777,
08/09/2026,2026-09-08,Y+1,2027-01-01,2027-12-31,-0.775,
08/09/2026,2026-09-08,Y+2,2028-01-01,2028-12-31,-0.483,
09/09/2026,2026-09-09,D+1,2026-09-10,2026-09-10,0.808,79.96
09/09/2026,2026-09-09,D+2,2026-09-11,2026-09-11,0.784,
09/09/2026,2026-09-09,D+3,2026-09-12,2026-09-12,0.76,
09/09/2026,2026-09-09,W,2027-10-01,2028-03-31,-0.558,
09/09/2026,2026-09-09,BoM,2026-09-10,2026-09-30,0.581,
09/09/2026,2026-09-09,M+1,2026-10-01,2026-10-31,-0.039,
09/09/2026,2026-09-09,M+2,2026-11-01,2026-11-30,-0.625,
09/09/2026,2026-09-09,M+3,2026-12-01,2026-12-31,-1.07,
09/09/2026,2026-09-09,Q+1,2026-10-01,2026-12-31,-0.575,
09/09/2026,2026-09-09,Q+2,2027-01-01,2027-03-31,-1.473,
09/09/2026,2026-09-09,Q+3,2027-04-01,2027-06-30,-0.543,
09/09/2026,2026-09-09,Q+4,2027-07-01,2027-09-30,-0.57,
09/09/2026,2026-09-09,S,2027-04-01,2027-09-30,-0.571,
09/09/2026,2026-09-09,Y+1,2027-01-01,2027-12-31,-0.775,
09/09/2026,2026-09-09,Y+2,2028-01-01,2028-12-31,-0.392,
10/09/2026,2026-09-10,D+1,2026-09-11,2026-09-11,0.677,82.78
10/09/2026,2026-09-10,D+2,2026-09-12,2026-09-12,0.647,
10/09/2026,2026-09-10,D+3,2026-09-13,2026-09-13,0.616,
10/09/2026,2026-09-10,W,2027-10-01,2028-03-31,-0.165,
10/09/2026,2026-09-10,BoM,2026-09-11,2026-09-30,-0.589,
10/09/2026,2026-09-10,M+1,2026-10-01,2026-10-31,-0.375,
10/09/2026,2026-09-10,M+2,2026-11-01,2026-11-30,-0.625,
10/09/2026,2026-09-10,M+3,2026-12-01,2026-12-31,-0.074,
10/09/2026,2026-09-10,Q+1,2026-10-01,2026-12-31,-0.273,
10/09/2026,2026-09-10,Q+2,2027-01-01,2027-03-31,-2.152,
10/09/2026,2026-09-10,Q+3,2027-04-01,2027-06-30,-0.218,
10/09/2026,2026-09-10,Q+4,2027-07-01,2027-09-30,-0.2,
10/09/2026,2026-09-10,S,2027-04-01,2027-09-30,-0.222,
10/09/2026,2026-09-10,Y+1,2027-01-01,2027-12-31,-0.775,
10/09/2026,2026-09-10,Y+2,2028-01-01,2028-12-31,-0.113,
11/09/2026,2026-09-11,D+1,2026-09-12,2026-09-12,1.06,80.25
11/09/2026,2026-09-11,D+2,2026-09-13,2026-09-13,1.012,
11/09/2026,2026-09-11,D+3,2026-09-14,2026-09-14,0.965,
11/09/2026,2026-09-11,W,2027-10-01,2028-03-31,-0.586,
11/09/2026,2026-09-11,BoM,2026-09-12,2026-09-30,0.68,
11/09/2026,2026-09-11,M+1,2026-10-01,2026-10-31,-0.525,
11/09/2026,2026-09-11,M+2,2026-11-01,2026-11-30,-0.525,
11/09/2026,2026-09-11,M+3,2026-12-01,2026-12-31,-0.345,
11/09/2026,2026-09-11,Q+1,2026-10-01,2026-12-31,-0.575,
11/09/2026,2026-09-11,Q+2,2027-01-01,2027-03-31,-0.518,
11/09/2026,2026-09-11,Q+3,2027-04-01,2027-06-30,-0.598,
11/09/2026,2026-09-11,Q+4,2027-07-01,2027-09-30,-0.614,
11/09/2026,2026-09-11,S,2027-04-01,2027-09-30,-0.725,
11/09/2026,2026-09-11,Y+1,2027-01-01,2027-12-31,-0.725,
11/09/2026,2026-09-11,Y+2,2028-01-01,2028-12-31,-0.412,
